mass_log10_kg,periapsis_Rm,v_inf_kms,spin_period_hr,spin_axis,resolution_value,fof_linking_length,special_case_code,timestep,source,pair_name,anchor_case,predicted_bmf,prediction_mean,prediction_min,prediction_max,prediction_std,prediction_range,interpolation_class,nearest_distance,distance_k3_mean,distance_k5_mean,local_support_count,nearest_supporting_physical_files,inside_parameter_ranges,inside_convex_hull,near_zero_boundary,local_prediction_variability,trust_level,pred_gradient_boosting,pred_random_forest,pred_ridge
18.0,1.1,0.0,,none,65.0,0.002,none,90000,pair_grid,mass_periapsis,"{""mass_log10_kg"": 19.0, ""periapsis_Rm"": 1.2, ""v_inf_kms"": 0.0, ""spin_period_hr"": NaN, ""spin_axis"": ""none"", ""resolution_value"": ""65"", ""fof_linking_length"": 0.002, ""special_case_code"": ""none"", ""timestep"": ""90000""}",0.025553592538649555,0.023216743198434194,0.009127051111357415,0.03496958594529561,0.010678788954120716,0.025842534833938197,extrapolation,1.935080058750919,2.0133175158447307,2.057842591201125,0,Ma_xp_A1800_n60_r12_v00_90000.hdf5; Ma_xp_A1900_n65_r12_v00_90000.hdf5; Ma_xp_A1900_n65_r13_v00_90000.hdf5,True,False,True,0.0078904826928565,low,0.025553592538649555,0.009127051111357415,0.03496958594529561
18.0,1.2,0.0,,none,65.0,0.002,none,90000,pair_grid,mass_periapsis,"{""mass_log10_kg"": 19.0, ""periapsis_Rm"": 1.2, ""v_inf_kms"": 0.0, ""spin_period_hr"": NaN, ""spin_axis"": ""none"", ""resolution_value"": ""65"", ""fof_linking_length"": 0.002, ""special_case_code"": ""none"", ""timestep"": ""90000""}",0.010241396040311714,0.011908647401168766,0.0022763142207583974,0.023208231942436187,0.008626358451551536,0.020931917721677788,extrapolation,1.9161798670842114,1.9832697526575356,2.019155328130387,0,Ma_xp_A1800_n60_r12_v00_90000.hdf5; Ma_xp_A1900_n65_r12_v00_90000.hdf5; Ma_xp_A1900_n65_r13_v00_90000.hdf5,True,False,True,0.008375958194390744,low,0.010241396040311714,0.0022763142207583974,0.023208231942436187
18.0,1.3,0.0,,none,65.0,0.002,none,90000,pair_grid,mass_periapsis,"{""mass_log10_kg"": 19.0, ""periapsis_Rm"": 1.2, ""v_inf_kms"": 0.0, ""spin_period_hr"": NaN, ""spin_axis"": ""none"", ""resolution_value"": ""65"", ""fof_linking_length"": 0.002, ""special_case_code"": ""none"", ""timestep"": ""90000""}",0.01076317346457445,0.00898203421635742,0.004829693936294927,0.011353235248202885,0.0029460131905335828,0.006523541311907958,extrapolation,1.935080058750919,1.9895698165464382,2.0147163876845178,0,Ma_xp_A1800_n60_r12_v00_90000.hdf5; Ma_xp_A1900_n65_r13_v00_90000.hdf5; Ma_xp_A1900_n65_r14_v00_90000.hdf5,True,False,False,0.006055387072035021,low,0.01076317346457445,0.004829693936294927,0.011353235248202885
18.0,1.4,0.0,,none,65.0,0.002,none,90000,pair_grid,mass_periapsis,"{""mass_log10_kg"": 19.0, ""periapsis_Rm"": 1.2, ""v_inf_kms"": 0.0, ""spin_period_hr"": NaN, ""spin_axis"": ""none"", ""resolution_value"": ""65"", ""fof_linking_length"": 0.002, ""special_case_code"": ""none"", ""timestep"": ""90000""}",0.01076317346457445,0.0046948087474846705,-0.0008033597601237591,0.01076317346457445,0.00473919933445106,0.011566533224698208,extrapolation,1.9907042688569394,1.9964001324769667,2.0081750919547297,0,Ma_xp_A1800_n60_r12_v00_90000.hdf5; Ma_xp_A1800_n60_r16_v00_90000.hdf5; Ma_xp_A1900_n65_r14_v00_90000.hdf5,True,False,False,0.006344655351799136,low,0.01076317346457445,0.004124612538003323,-0.0008033597601237591
18.0,1.5,0.0,,none,65.0,0.002,none,90000,pair_grid,mass_periapsis,"{""mass_log10_kg"": 19.0, ""periapsis_Rm"": 1.2, ""v_inf_kms"": 0.0, ""spin_period_hr"": NaN, ""spin_axis"": ""none"", ""resolution_value"": ""65"", ""fof_linking_length"": 0.002, ""special_case_code"": ""none"", ""timestep"": ""90000""}",0.00626351057263442,-0.0016780136978803348,-0.013474688516428024,0.00626351057263442,0.00850669403590942,0.019738199089062443,extrapolation,1.935080058750919,1.9895698165464382,2.0147163876845178,0,Ma_xp_A1800_n60_r16_v00_90000.hdf5; Ma_xp_A1900_n65_r15_v00_90000.hdf5; Ma_xp_A1900_n65_r16_v00_90000.hdf5,True,False,False,0.0070804488058582565,low,0.00626351057263442,0.0021771368501526007,-0.013474688516428024
18.0,1.6,0.0,,none,65.0,0.002,none,90000,pair_grid,mass_periapsis,"{""mass_log10_kg"": 19.0, ""periapsis_Rm"": 1.2, ""v_inf_kms"": 0.0, ""spin_period_hr"": NaN, ""spin_axis"": ""none"", ""resolution_value"": ""65"", ""fof_linking_length"": 0.002, ""special_case_code"": ""none"", ""timestep"": ""90000""}",-0.004289079042783889,-0.010370985543809231,-0.02691425913405611,9.03815454123078e-05,0.011833704536118034,0.027004640679468415,extrapolation,1.9161798670842114,1.9832697526575356,2.0085158428422814,0,Ma_xp_A1800_n60_r16_v00_90000.hdf5; Ma_xp_A1900_n65_r16_v00_90000.hdf5; Ma_xp_A1900_n65_r17_v00_90000.hdf5,True,False,False,0.005526427189109776,low,-0.004289079042783889,9.03815454123078e-05,-0.02691425913405611
18.0,1.7,0.0,,none,65.0,0.002,none,90000,pair_grid,mass_periapsis,"{""mass_log10_kg"": 19.0, ""periapsis_Rm"": 1.2, ""v_inf_kms"": 0.0, ""spin_period_hr"": NaN, ""spin_axis"": ""none"", ""resolution_value"": ""65"", ""fof_linking_length"": 0.002, ""special_case_code"": ""none"", ""timestep"": ""90000""}",0.0032459731383610796,-0.011332036912316186,-0.041478509600907223,0.004236425725597584,0.02132060991552329,0.04571493532650481,extrapolation,1.935080058750919,1.9895698165464382,2.0147163876845178,0,Ma_xp_A1800_n60_r16_v00_90000.hdf5; Ma_xp_A1900_n65_r17_v00_90000.hdf5; Ma_xp_A1900_n65_r16_v00_90000.hdf5,True,False,False,0.0066059184433383275,low,0.0032459731383610796,0.004236425725597584,-0.041478509600907223
18.0,1.8,0.0,,none,65.0,0.002,none,90000,pair_grid,mass_periapsis,"{""mass_log10_kg"": 19.0, ""periapsis_Rm"": 1.2, ""v_inf_kms"": 0.0, ""spin_period_hr"": NaN, ""spin_axis"": ""none"", ""resolution_value"": ""65"", ""fof_linking_length"": 0.002, ""special_case_code"": ""none"", ""timestep"": ""90000""}",-0.0077436486542496056,-0.021532143534879342,-0.05778234878720681,0.0009295668368183848,0.025876169247211842,0.058711915624025196,extrapolation,1.9907042688569394,2.0081112199151114,2.023420723196827,0,Ma_xp_A1800_n60_r16_v00_90000.hdf5; Ma_xp_A1900_n65_r18_v00_90000.hdf5; Ma_xp_A1900_n65_r19_v00_90000.hdf5,True,False,False,0.0059974025930745805,low,-0.0077436486542496056,0.0009295668368183848,-0.05778234878720681
18.0,1.9,0.0,,none,65.0,0.002,none,90000,pair_grid,mass_periapsis,"{""mass_log10_kg"": 19.0, ""periapsis_Rm"": 1.2, ""v_inf_kms"": 0.0, ""spin_period_hr"": NaN, ""spin_axis"": ""none"", ""resolution_value"": ""65"", ""fof_linking_length"": 0.002, ""special_case_code"": ""none"", ""timestep"": ""90000""}",-0.011097693020420433,-0.029408572268134734,-0.07728563774022859,0.00015761395624481998,0.03416460675854584,0.07744325169647341,extrapolation,2.0077918597170212,2.0375547828334315,2.055447796717781,0,Ma_xp_A1900_n65_r19_v00_90000.hdf5; Ma_xp_A1900_n65_r18_v00_90000.hdf5; Ma_xp_A1900_n65_r17_v00_90000.hdf5,True,False,False,0.006322263210710405,low,-0.011097693020420433,0.00015761395624481998,-0.07728563774022859
18.0,2.0,0.0,,none,65.0,0.002,none,90000,pair_grid,mass_periapsis,"{""mass_log10_kg"": 19.0, ""periapsis_Rm"": 1.2, ""v_inf_kms"": 0.0, ""spin_period_hr"": NaN, ""spin_axis"": ""none"", ""resolution_value"": ""65"", ""fof_linking_length"": 0.002, ""special_case_code"": ""none"", ""timestep"": ""90000""}",-0.02209950827698244,-0.045403277897981466,-0.11421041584020367,0.00010009042324169646,0.04949088952836164,0.11431050626344537,extrapolation,2.025837531171374,2.080358854810921,2.1210094983689842,0,Ma_xp_A1900_n65_r19_v00_90000.hdf5; Ma_xp_A1900_n65_r18_v00_90000.hdf5; Ma_xp_A1900_n65_r18_v02_90000.hdf5,True,False,False,0.005684754823840909,low,-0.02209950827698244,0.00010009042324169646,-0.11421041584020367
18.0,2.2,0.0,,none,65.0,0.002,none,90000,pair_grid,mass_periapsis,"{""mass_log10_kg"": 19.0, ""periapsis_Rm"": 1.2, ""v_inf_kms"": 0.0, ""spin_period_hr"": NaN, ""spin_axis"": ""none"", ""resolution_value"": ""65"", ""fof_linking_length"": 0.002, ""special_case_code"": ""none"", ""timestep"": ""90000""}",-0.025630042672006966,-0.052929432533200066,-0.13322462110373554,6.636617614230228e-05,0.05773828503171992,0.13329098727987784,extrapolation,2.164794241667157,2.2412268311321277,2.2948522927912274,0,Ma_xp_A1900_n65_r19_v00_90000.hdf5; Ma_xp_A1900_n65_r26_v00_90000.hdf5; Ma_xp_A1900_n65_r18_v00_90000.hdf5,True,False,False,0.004415972941194645,low,-0.025630042672006966,6.636617614230228e-05,-0.13322462110373554
18.0,2.4,0.0,,none,65.0,0.002,none,90000,pair_grid,mass_periapsis,"{""mass_log10_kg"": 19.0, ""periapsis_Rm"": 1.2, ""v_inf_kms"": 0.0, ""spin_period_hr"": NaN, ""spin_axis"": ""none"", ""resolution_value"": ""65"", ""fof_linking_length"": 0.002, ""special_case_code"": ""none"", ""timestep"": ""90000""}",-0.020381597244851453,-0.05767649425869862,-0.15271425170738673,6.636617614230228e-05,0.06771834467199823,0.15278061788352904,extrapolation,2.079034957611899,2.3589972789701683,2.461388535758566,0,Ma_xp_A1900_n65_r26_v00_90000.hdf5; Ma_xp_A1900_n65_r19_v00_90000.hdf5; Ma_xp_A1900_n65_r18_v00_90000.hdf5,True,False,False,0.0068724287854853875,low,-0.020381597244851453,6.636617614230228e-05,-0.15271425170738673
18.0,2.6,0.0,,none,65.0,0.002,none,90000,pair_grid,mass_periapsis,"{""mass_log10_kg"": 19.0, ""periapsis_Rm"": 1.2, ""v_inf_kms"": 0.0, ""spin_period_hr"": NaN, ""spin_axis"": ""none"", ""resolution_value"": ""65"", ""fof_linking_length"": 0.002, ""special_case_code"": ""none"", ""timestep"": ""90000""}",-0.004995013530916016,-0.05945719661793459,-0.17344294249903006,6.636617614230228e-05,0.08062657580552875,0.17350930867517236,extrapolation,2.0077918597170212,2.49819307938731,2.629527049519328,0,Ma_xp_A1900_n65_r26_v00_90000.hdf5; Ma_xp_A1900_s047z_n65_r24_v00_90000.hdf5; Ma_xp_A1900_n65_r19_v00_90000.hdf5,True,False,False,0.009534656172890274,low,-0.004995013530916016,6.636617614230228e-05,-0.17344294249903006
18.0,2.8,0.0,,none,65.0,0.002,none,90000,pair_grid,mass_periapsis,"{""mass_log10_kg"": 19.0, ""periapsis_Rm"": 1.2, ""v_inf_kms"": 0.0, ""spin_period_hr"": NaN, ""spin_axis"": ""none"", ""resolution_value"": ""65"", ""fof_linking_length"": 0.002, ""special_case_code"": ""none"", ""timestep"": ""90000""}",-0.029042958311758335,-0.0761723132117866,-0.19954034749974373,6.636617614230228e-05,0.08804011247187803,0.19960671367588603,extrapolation,2.0790349576118987,2.6612328960155422,2.852479502690746,0,Ma_xp_A1900_n65_r26_v00_90000.hdf5; Ma_xp_A1900_s047z_n65_r24_v00_90000.hdf5; Ma_xp_A1900_s030z_n65_r22_v00_90000.hdf5,True,False,False,0.007974020301490598,low,-0.029042958311758335,6.636617614230228e-05,-0.19954034749974373
18.0,3.0,0.0,,none,65.0,0.002,none,90000,pair_grid,mass_periapsis,"{""mass_log10_kg"": 19.0, ""periapsis_Rm"": 1.2, ""v_inf_kms"": 0.0, ""spin_period_hr"": NaN, ""spin_axis"": ""none"", ""resolution_value"": ""65"", ""fof_linking_length"": 0.002, ""special_case_code"": ""none"", ""timestep"": ""90000""}",-0.029042958311758335,-0.08166122206309696,-0.21600707405367484,6.636617614230228e-05,0.09573729385960716,0.21607344022981714,extrapolation,2.2794431258646126,2.9155775104495283,3.153639874983134,0,Ma_xp_A1900_n65_r26_v00_90000.hdf5; Ma_xp_A1900_s047z_n65_r24_v00_90000.hdf5; Ma_xp_A1900_s030z_n65_r22_v00_90000.hdf5,True,False,False,0.0024282542135084634,low,-0.029042958311758335,6.636617614230228e-05,-0.21600707405367484
18.5,1.1,0.0,,none,65.0,0.002,none,90000,pair_grid,mass_periapsis,"{""mass_log10_kg"": 19.0, ""periapsis_Rm"": 1.2, ""v_inf_kms"": 0.0, ""spin_period_hr"": NaN, ""spin_axis"": ""none"", ""resolution_value"": ""65"", ""fof_linking_length"": 0.002, ""special_case_code"": ""none"", ""timestep"": ""90000""}",0.025553592538649555,0.024471145039508233,0.009209544472083908,0.03865029810779124,0.012043484077871088,0.029440753635707334,extrapolation,1.0395174788059491,1.1096127133142024,1.1996389622676698,5,Ma_xp_A1900_n65_r12_v00_90000.hdf5; Ma_xp_A1900_n65_r13_v00_90000.hdf5; Ma_xp_A1900_n65_r12_v02_90000.hdf5,True,False,True,0.00738618449136343,low,0.025553592538649555,0.009209544472083908,0.03865029810779124
18.5,1.2,0.0,,none,65.0,0.002,none,90000,pair_grid,mass_periapsis,"{""mass_log10_kg"": 19.0, ""periapsis_Rm"": 1.2, ""v_inf_kms"": 0.0, ""spin_period_hr"": NaN, ""spin_axis"": ""none"", ""resolution_value"": ""65"", ""fof_linking_length"": 0.002, ""special_case_code"": ""none"", ""timestep"": ""90000""}",0.010241396040311714,0.013163049242242807,0.002358807581484889,0.026888944104931818,0.010225260959636577,0.02453013652344693,sparse interpolation,1.0038959298585104,1.0536351609452517,1.108314590131514,5,Ma_xp_A1900_n65_r12_v00_90000.hdf5; Ma_xp_A1900_n65_r13_v00_90000.hdf5; Ma_xp_A1900_n65_r12_v02_90000.hdf5,True,True,True,0.007918347141699552,medium,0.010241396040311714,0.002358807581484889,0.026888944104931818
18.5,1.3,0.0,,none,65.0,0.002,none,90000,pair_grid,mass_periapsis,"{""mass_log10_kg"": 19.0, ""periapsis_Rm"": 1.2, ""v_inf_kms"": 0.0, ""spin_period_hr"": NaN, ""spin_axis"": ""none"", ""resolution_value"": ""65"", ""fof_linking_length"": 0.002, ""special_case_code"": ""none"", ""timestep"": ""90000""}",0.01076317346457445,0.010233738726835499,0.0049040953052335344,0.015033947410698516,0.004152405068213831,0.010129852105464982,sparse interpolation,1.0038959298585104,1.0276436291568032,1.0744503097214133,5,Ma_xp_A1900_n65_r13_v00_90000.hdf5; Ma_xp_A1900_n65_r14_v00_90000.hdf5; Ma_xp_A1900_n65_r12_v00_90000.hdf5,True,True,False,0.005712153345568258,medium,0.01076317346457445,0.0049040953052335344,0.015033947410698516
18.5,1.4,0.0,,none,65.0,0.002,none,90000,pair_grid,mass_periapsis,"{""mass_log10_kg"": 19.0, ""periapsis_Rm"": 1.2, ""v_inf_kms"": 0.0, ""spin_period_hr"": NaN, ""spin_axis"": ""none"", ""resolution_value"": ""65"", ""fof_linking_length"": 0.002, ""special_case_code"": ""none"", ""timestep"": ""90000""}",0.01076317346457445,0.00594201770696947,0.002877352402371837,0.01076317346457445,0.003450650903805353,0.007885821062202612,sparse interpolation,1.0038959298585104,1.0276436291568032,1.0680289049148022,5,Ma_xp_A1900_n65_r14_v00_90000.hdf5; Ma_xp_A1900_n65_r13_v00_90000.hdf5; Ma_xp_A1900_n65_r15_v00_90000.hdf5,True,True,False,0.005984469539627174,medium,0.01076317346457445,0.004185527253962123,0.002877352402371837
18.5,1.5,0.0,,none,65.0,0.002,none,90000,pair_grid,mass_periapsis,"{""mass_log10_kg"": 19.0, ""periapsis_Rm"": 1.2, ""v_inf_kms"": 0.0, ""spin_period_hr"": NaN, ""spin_axis"": ""none"", ""resolution_value"": ""65"", ""fof_linking_length"": 0.002, ""special_case_code"": ""none"", ""timestep"": ""90000""}",0.00626351057263442,-0.00043249057001800047,-0.009793976353932393,0.00626351057263442,0.006821013017571444,0.016057486926566812,extrapolation,1.0038959298585104,1.0276436291568032,1.0724748026670041,5,Ma_xp_A1900_n65_r15_v00_90000.hdf5; Ma_xp_A1900_n65_r16_v00_90000.hdf5; Ma_xp_A1900_n65_r14_v00_90000.hdf5,True,False,False,0.0066755880793816415,low,0.00626351057263442,0.002232994071243972,-0.009793976353932393
18.5,1.6,0.0,,none,65.0,0.002,none,90000,pair_grid,mass_periapsis,"{""mass_log10_kg"": 19.0, ""periapsis_Rm"": 1.2, ""v_inf_kms"": 0.0, ""spin_period_hr"": NaN, ""spin_axis"": ""none"", ""resolution_value"": ""65"", ""fof_linking_length"": 0.002, ""special_case_code"": ""none"", ""timestep"": ""90000""}",-0.004289079042783889,-0.009139698327425583,-0.02323354697156048,0.0001035310320676205,0.010125913391566512,0.0233370780036281,extrapolation,1.0038959298585104,1.0276436291568032,1.0680289049148022,5,Ma_xp_A1900_n65_r16_v00_90000.hdf5; Ma_xp_A1900_n65_r17_v00_90000.hdf5; Ma_xp_A1900_n65_r15_v00_90000.hdf5,True,False,False,0.005356218298655466,low,-0.004289079042783889,0.0001035310320676205,-0.02323354697156048
18.5,1.7,0.0,,none,65.0,0.002,none,90000,pair_grid,mass_periapsis,"{""mass_log10_kg"": 19.0, ""periapsis_Rm"": 1.2, ""v_inf_kms"": 0.0, ""spin_period_hr"": NaN, ""spin_axis"": ""none"", ""resolution_value"": ""65"", ""fof_linking_length"": 0.002, ""special_case_code"": ""none"", ""timestep"": ""90000""}",0.0032459731383610796,-0.010100749695932535,-0.03779779743841158,0.004249575212252897,0.0195890555245789,0.04204737265066447,extrapolation,1.0038959298585104,1.0276436291568032,1.0724748026670041,5,Ma_xp_A1900_n65_r17_v00_90000.hdf5; Ma_xp_A1900_n65_r16_v00_90000.hdf5; Ma_xp_A1900_n65_r18_v00_90000.hdf5,True,False,False,0.006233499244412458,low,0.0032459731383610796,0.004249575212252897,-0.03779779743841158
18.5,1.8,0.0,,none,65.0,0.002,none,90000,pair_grid,mass_periapsis,"{""mass_log10_kg"": 19.0, ""periapsis_Rm"": 1.2, ""v_inf_kms"": 0.0, ""spin_period_hr"": NaN, ""spin_axis"": ""none"", ""resolution_value"": ""65"", ""fof_linking_length"": 0.002, ""special_case_code"": ""none"", ""timestep"": ""90000""}",-0.0077436486542496056,-0.020300856318495698,-0.05410163662471118,0.0009427163234736974,0.024162406007588705,0.055044352948184876,extrapolation,1.0038959298585104,1.0276436291568032,1.0680289049148022,5,Ma_xp_A1900_n65_r18_v00_90000.hdf5; Ma_xp_A1900_n65_r19_v00_90000.hdf5; Ma_xp_A1900_n65_r17_v00_90000.hdf5,True,False,False,0.0056931158675092896,low,-0.0077436486542496056,0.0009427163234736974,-0.05410163662471118
18.5,1.9,0.0,,none,65.0,0.002,none,90000,pair_grid,mass_periapsis,"{""mass_log10_kg"": 19.0, ""periapsis_Rm"": 1.2, ""v_inf_kms"": 0.0, ""spin_period_hr"": NaN, ""spin_axis"": ""none"", ""resolution_value"": ""65"", ""fof_linking_length"": 0.002, ""special_case_code"": ""none"", ""timestep"": ""90000""}",-0.011097693020420433,-0.028177285051751096,-0.07360492557773299,0.00017076344290013268,0.0324499349828297,0.07377568902063313,extrapolation,1.0038959298585104,1.0610449905322552,1.1244547816382948,5,Ma_xp_A1900_n65_r19_v00_90000.hdf5; Ma_xp_A1900_n65_r18_v00_90000.hdf5; Ma_xp_A1900_n65_r17_v00_90000.hdf5,True,False,False,0.0059612185026333255,low,-0.011097693020420433,0.00017076344290013268,-0.07360492557773299
18.5,2.0,0.0,,none,65.0,0.002,none,90000,pair_grid,mass_periapsis,"{""mass_log10_kg"": 19.0, ""periapsis_Rm"": 1.2, ""v_inf_kms"": 0.0, ""spin_period_hr"": NaN, ""spin_axis"": ""none"", ""resolution_value"": ""65"", ""fof_linking_length"": 0.002, ""special_case_code"": ""none"", ""timestep"": ""90000""}",-0.02209950827698244,-0.04417199068159782,-0.11052970367770804,0.00011323990989700916,0.0477902437816132,0.11064294358760504,extrapolation,1.0395174788059491,1.1400616488759212,1.2367289355432989,4,Ma_xp_A1900_n65_r19_v00_90000.hdf5; Ma_xp_A1900_n65_r18_v00_90000.hdf5; Ma_xp_A1900_n65_r18_v02_90000.hdf5,True,False,False,0.005417606034916598,low,-0.02209950827698244,0.00011323990989700916,-0.11052970367770804
18.5,2.2,0.0,,none,65.0,0.002,none,90000,pair_grid,mass_periapsis,"{""mass_log10_kg"": 19.0, ""periapsis_Rm"": 1.2, ""v_inf_kms"": 0.0, ""spin_period_hr"": NaN, ""spin_axis"": ""none"", ""resolution_value"": ""65"", ""fof_linking_length"": 0.002, ""special_case_code"": ""none"", ""timestep"": ""90000""}",-0.025630042672006966,-0.051698145316816414,-0.1295439089412399,7.951566279761498e-05,0.056036996904693194,0.12962342460403753,extrapolation,1.2895398383903576,1.4124598745957018,1.4944858874605735,1,Ma_xp_A1900_n65_r19_v00_90000.hdf5; Ma_xp_A1900_n65_r26_v00_90000.hdf5; Ma_xp_A1900_n65_r18_v00_90000.hdf5,True,False,False,0.004250487236857908,low,-0.025630042672006966,7.951566279761498e-05,-0.1295439089412399
18.5,2.4,0.0,,none,65.0,0.002,none,90000,pair_grid,mass_periapsis,"{""mass_log10_kg"": 19.0, ""periapsis_Rm"": 1.2, ""v_inf_kms"": 0.0, ""spin_period_hr"": NaN, ""spin_axis"": ""none"", ""resolution_value"": ""65"", ""fof_linking_length"": 0.002, ""special_case_code"": ""none"", ""timestep"": ""90000""}",-0.020381597244851453,-0.05644520704231498,-0.1490335395448911,7.951566279761498e-05,0.06600057460386531,0.14911305520768872,extrapolation,1.1397215629323063,1.575347969978133,1.726447745824276,1,Ma_xp_A1900_n65_r26_v00_90000.hdf5; Ma_xp_A1900_n65_r19_v00_90000.hdf5; Ma_xp_A1900_n65_r18_v00_90000.hdf5,True,False,False,0.006538845403563801,low,-0.020381597244851453,7.951566279761498e-05,-0.1490335395448911
18.5,2.6,0.0,,none,65.0,0.002,none,90000,pair_grid,mass_periapsis,"{""mass_log10_kg"": 19.0, ""periapsis_Rm"": 1.2, ""v_inf_kms"": 0.0, ""spin_period_hr"": NaN, ""spin_axis"": ""none"", ""resolution_value"": ""65"", ""fof_linking_length"": 0.002, ""special_case_code"": ""none"", ""timestep"": ""90000""}",-0.004995013530916016,-0.05822590940155095,-0.16976223033653445,7.951566279761498e-05,0.0788952929623316,0.16984174599933208,extrapolation,1.0038959298585104,1.7492656034793868,1.940733157365397,1,Ma_xp_A1900_n65_r26_v00_90000.hdf5; Ma_xp_A1900_s047z_n65_r24_v00_90000.hdf5; Ma_xp_A1900_n65_r19_v00_90000.hdf5,True,False,False,0.009081709107292878,low,-0.004995013530916016,7.951566279761498e-05,-0.16976223033653445
18.5,2.8,0.0,,none,65.0,0.002,none,90000,pair_grid,mass_periapsis,"{""mass_log10_kg"": 19.0, ""periapsis_Rm"": 1.2, ""v_inf_kms"": 0.0, ""spin_period_hr"": NaN, ""spin_axis"": ""none"", ""resolution_value"": ""65"", ""fof_linking_length"": 0.002, ""special_case_code"": ""none"", ""timestep"": ""90000""}",-0.029042958311758335,-0.07494102599540295,-0.19585963533724812,7.951566279761498e-05,0.08632501447619918,0.19593915100004575,extrapolation,1.1397215629323059,1.970224343439069,2.2276611660103782,1,Ma_xp_A1900_n65_r26_v00_90000.hdf5; Ma_xp_A1900_s047z_n65_r24_v00_90000.hdf5; Ma_xp_A1900_s030z_n65_r22_v00_90000.hdf5,True,False,False,0.0076134602363562755,low,-0.029042958311758335,7.951566279761498e-05,-0.19585963533724812
18.5,3.0,0.0,,none,65.0,0.002,none,90000,pair_grid,mass_periapsis,"{""mass_log10_kg"": 19.0, ""periapsis_Rm"": 1.2, ""v_inf_kms"": 0.0, ""spin_period_hr"": NaN, ""spin_axis"": ""none"", ""resolution_value"": ""65"", ""fof_linking_length"": 0.002, ""special_case_code"": ""none"", ""timestep"": ""90000""}",-0.029042958311758335,-0.08042993484671332,-0.21232636189117923,7.951566279761498e-05,0.09401960867436737,0.21240587755397686,extrapolation,1.4739198926983736,2.308322965437144,2.604837936529174,0,Ma_xp_A1900_n65_r26_v00_90000.hdf5; Ma_xp_A1900_s047z_n65_r24_v00_90000.hdf5; Ma_xp_A1900_s030z_n65_r22_v00_90000.hdf5,True,False,False,0.0022924052351960063,low,-0.029042958311758335,7.951566279761498e-05,-0.21232636189117923
19.0,1.1,0.0,,none,65.0,0.002,none,90000,pair_grid,mass_periapsis,"{""mass_log10_kg"": 19.0, ""periapsis_Rm"": 1.2, ""v_inf_kms"": 0.0, ""spin_period_hr"": NaN, ""spin_axis"": ""none"", ""resolution_value"": ""65"", ""fof_linking_length"": 0.002, ""special_case_code"": ""none"", ""timestep"": ""90000""}",0.025553592538649555,0.031780758566909935,0.01147890911173699,0.05830977405034326,0.019619134797133394,0.04683086493860627,extrapolation,0.2697953868334182,0.45651295388345803,0.6251087963484714,5,Ma_xp_A1900_n65_r12_v00_90000.hdf5; Ma_xp_A1900_n65_r13_v00_90000.hdf5; Ma_xp_A1900_n65_r12_v02_90000.hdf5,True,False,True,0.015551429058692322,low,0.025553592538649555,0.01147890911173699,0.05830977405034326
19.0,1.2,0.0,,none,65.0,0.002,none,90000,pair_grid,mass_periapsis,"{""mass_log10_kg"": 19.0, ""periapsis_Rm"": 1.2, ""v_inf_kms"": 0.0, ""spin_period_hr"": NaN, ""spin_axis"": ""none"", ""resolution_value"": ""65"", ""fof_linking_length"": 0.002, ""special_case_code"": ""none"", ""timestep"": ""90000""}",0.010241396040311714,0.020678095336013044,0.005244469920243592,0.04654842004748382,0.018406476997152508,0.04130395012724023,boundary interpolation,0.0,0.25356468345231387,0.4059527770648142,5,Ma_xp_A1900_n65_r12_v00_90000.hdf5; Ma_xp_A1900_n65_r13_v00_90000.hdf5; Ma_xp_A1900_n65_r12_v02_90000.hdf5,True,True,True,0.019474064966464588,medium,0.010241396040311714,0.005244469920243592,0.04654842004748382
19.0,1.3,0.0,,none,65.0,0.002,none,90000,pair_grid,mass_periapsis,"{""mass_log10_kg"": 19.0, ""periapsis_Rm"": 1.2, ""v_inf_kms"": 0.0, ""spin_period_hr"": NaN, ""spin_axis"": ""none"", ""resolution_value"": ""65"", ""fof_linking_length"": 0.002, ""special_case_code"": ""none"", ""timestep"": ""90000""}",0.01076317346457445,0.016972051440775893,0.005459557504502683,0.03469342335325055,0.012716586345089266,0.029233865848747865,boundary interpolation,0.0,0.1798635912222789,0.3278668496967586,5,Ma_xp_A1900_n65_r13_v00_90000.hdf5; Ma_xp_A1900_n65_r14_v00_90000.hdf5; Ma_xp_A1900_n65_r12_v00_90000.hdf5,True,True,True,0.018166822841782487,medium,0.01076317346457445,0.005459557504502683,0.03469342335325055
19.0,1.4,0.0,,none,65.0,0.002,none,90000,pair_grid,mass_periapsis,"{""mass_log10_kg"": 19.0, ""periapsis_Rm"": 1.2, ""v_inf_kms"": 0.0, ""spin_period_hr"": NaN, ""spin_axis"": ""none"", ""resolution_value"": ""65"", ""fof_linking_length"": 0.002, ""special_case_code"": ""none"", ""timestep"": ""90000""}",0.01076317346457445,0.01265231557057206,0.004656944902217855,0.02253682834492387,0.00742065591906259,0.017879883442706013,boundary interpolation,0.0,0.17986359122227893,0.3140160421714393,5,Ma_xp_A1900_n65_r14_v00_90000.hdf5; Ma_xp_A1900_n65_r13_v00_90000.hdf5; Ma_xp_A1900_n65_r15_v00_90000.hdf5,True,True,True,0.01575821859953294,medium,0.01076317346457445,0.004656944902217855,0.02253682834492387
19.0,1.5,0.0,,none,65.0,0.002,none,90000,pair_grid,mass_periapsis,"{""mass_log10_kg"": 19.0, ""periapsis_Rm"": 1.2, ""v_inf_kms"": 0.0, ""spin_period_hr"": NaN, ""spin_axis"": ""none"", ""resolution_value"": ""65"", ""fof_linking_length"": 0.002, ""special_case_code"": ""none"", ""timestep"": ""90000""}",0.00626351057263442,0.006253614587902977,0.002631833602454895,0.009865499588619618,0.002953140063021559,0.007233665986164723,boundary interpolation,0.0,0.17986359122227913,0.3237544642001022,5,Ma_xp_A1900_n65_r15_v00_90000.hdf5; Ma_xp_A1900_n65_r16_v00_90000.hdf5; Ma_xp_A1900_n65_r14_v00_90000.hdf5,True,True,False,0.012989226461752478,medium,0.00626351057263442,0.002631833602454895,0.009865499588619618
19.0,1.6,0.0,,none,65.0,0.002,none,90000,pair_grid,mass_periapsis,"{""mass_log10_kg"": 19.0, ""periapsis_Rm"": 1.2, ""v_inf_kms"": 0.0, ""spin_period_hr"": NaN, ""spin_axis"": ""none"", ""resolution_value"": ""65"", ""fof_linking_length"": 0.002, ""special_case_code"": ""none"", ""timestep"": ""90000""}",-0.004289079042783889,-0.0025679093155032856,-0.004289079042783889,0.00015942212528250629,0.0019504805742627967,0.004448501168066395,boundary interpolation,0.0,0.1798635912222789,0.3140160421714393,5,Ma_xp_A1900_n65_r16_v00_90000.hdf5; Ma_xp_A1900_n65_r17_v00_90000.hdf5; Ma_xp_A1900_n65_r15_v00_90000.hdf5,True,True,False,0.006709567759959494,medium,-0.004289079042783889,0.00015942212528250629,-0.0035740710290084743
19.0,1.7,0.0,,none,65.0,0.002,none,90000,pair_grid,mass_periapsis,"{""mass_log10_kg"": 19.0, ""periapsis_Rm"": 1.2, ""v_inf_kms"": 0.0, ""spin_period_hr"": NaN, ""spin_axis"": ""none"", ""resolution_value"": ""65"", ""fof_linking_length"": 0.002, ""special_case_code"": ""none"", ""timestep"": ""90000""}",0.0032459731383610796,-0.0035291146472971532,-0.01813832149585956,0.004305004415607022,0.010339312690555028,0.022443325911466583,boundary interpolation,0.0,0.1798635912222789,0.32375446420010207,5,Ma_xp_A1900_n65_r17_v00_90000.hdf5; Ma_xp_A1900_n65_r16_v00_90000.hdf5; Ma_xp_A1900_n65_r18_v00_90000.hdf5,True,True,False,0.007869940244024154,medium,0.0032459731383610796,0.004305004415607022,-0.01813832149585956
19.0,1.8,0.0,,none,65.0,0.002,none,90000,pair_grid,mass_periapsis,"{""mass_log10_kg"": 19.0, ""periapsis_Rm"": 1.2, ""v_inf_kms"": 0.0, ""spin_period_hr"": NaN, ""spin_axis"": ""none"", ""resolution_value"": ""65"", ""fof_linking_length"": 0.002, ""special_case_code"": ""none"", ""timestep"": ""90000""}",-0.0077436486542496056,-0.013736424827892836,-0.03444216068215916,0.0009765348527302583,0.015067758582457633,0.03541869553488942,boundary interpolation,0.0,0.17986359122227893,0.3140160421714393,5,Ma_xp_A1900_n65_r18_v00_90000.hdf5; Ma_xp_A1900_n65_r19_v00_90000.hdf5; Ma_xp_A1900_n65_r17_v00_90000.hdf5,True,True,False,0.005964900247726505,medium,-0.0077436486542496056,0.0009765348527302583,-0.03444216068215916
19.0,1.9,0.0,,none,65.0,0.002,none,90000,pair_grid,mass_periapsis,"{""mass_log10_kg"": 19.0, ""periapsis_Rm"": 1.2, ""v_inf_kms"": 0.0, ""spin_period_hr"": NaN, ""spin_axis"": ""none"", ""resolution_value"": ""65"", ""fof_linking_length"": 0.002, ""special_case_code"": ""none"", ""timestep"": ""90000""}",-0.011097693020420433,-0.021612853561148237,-0.05394544963518097,0.00020458197215669356,0.023323563645190476,0.05415003160733766,boundary interpolation,0.0,0.26979538683341836,0.4357850044301258,5,Ma_xp_A1900_n65_r19_v00_90000.hdf5; Ma_xp_A1900_n65_r18_v00_90000.hdf5; Ma_xp_A1900_n65_r17_v00_90000.hdf5,True,True,False,0.006457006569435973,medium,-0.011097693020420433,0.00020458197215669356,-0.05394544963518097
19.0,2.0,0.0,,none,65.0,0.002,none,90000,pair_grid,mass_periapsis,"{""mass_log10_kg"": 19.0, ""periapsis_Rm"": 1.2, ""v_inf_kms"": 0.0, ""spin_period_hr"": NaN, ""spin_axis"": ""none"", ""resolution_value"": ""65"", ""fof_linking_length"": 0.002, ""special_case_code"": ""none"", ""timestep"": ""90000""}",-0.02209950827698244,-0.03760755919099496,-0.09087022773515602,0.00014705843915357002,0.03874197833528678,0.09101728617430958,boundary interpolation,0.2697953868334185,0.512955073933516,0.6854865859268953,5,Ma_xp_A1900_n65_r19_v00_90000.hdf5; Ma_xp_A1900_n65_r18_v00_90000.hdf5; Ma_xp_A1900_n65_r18_v02_90000.hdf5,True,True,False,0.0062395095688547435,low,-0.02209950827698244,0.00014705843915357002,-0.09087022773515602
19.0,2.2,0.0,,none,65.0,0.002,none,90000,pair_grid,mass_periapsis,"{""mass_log10_kg"": 19.0, ""periapsis_Rm"": 1.2, ""v_inf_kms"": 0.0, ""spin_period_hr"": NaN, ""spin_axis"": ""none"", ""resolution_value"": ""65"", ""fof_linking_length"": 0.002, ""special_case_code"": ""none"", ""timestep"": ""90000""}",-0.025630042672006966,-0.045133713826213555,-0.10988443299868786,0.00011333419205417585,0.04697639185878898,0.10999776719074203,boundary interpolation,0.809386160500256,0.9892497517225345,1.1004624502286475,5,Ma_xp_A1900_n65_r19_v00_90000.hdf5; Ma_xp_A1900_n65_r26_v00_90000.hdf5; Ma_xp_A1900_n65_r18_v00_90000.hdf5,True,True,False,0.004905056126953597,low,-0.025630042672006966,0.00011333419205417585,-0.10988443299868786
19.0,2.4,0.0,,none,65.0,0.002,none,90000,pair_grid,mass_periapsis,"{""mass_log10_kg"": 19.0, ""periapsis_Rm"": 1.2, ""v_inf_kms"": 0.0, ""spin_period_hr"": NaN, ""spin_axis"": ""none"", ""resolution_value"": ""65"", ""fof_linking_length"": 0.002, ""special_case_code"": ""none"", ""timestep"": ""90000""}",-0.020381597244851453,-0.049880775551712116,-0.12937406360233908,0.00011333419205417585,0.05682955620376794,0.12948739779439325,boundary interpolation,0.5395907736668373,1.1691133429448133,1.3715978717836124,2,Ma_xp_A1900_n65_r26_v00_90000.hdf5; Ma_xp_A1900_n65_r19_v00_90000.hdf5; Ma_xp_A1900_n65_r18_v00_90000.hdf5,True,True,False,0.00697027238413929,low,-0.020381597244851453,0.00011333419205417585,-0.12937406360233908
19.0,2.6,0.0,,none,65.0,0.002,none,90000,pair_grid,mass_periapsis,"{""mass_log10_kg"": 19.0, ""periapsis_Rm"": 1.2, ""v_inf_kms"": 0.0, ""spin_period_hr"": NaN, ""spin_axis"": ""none"", ""resolution_value"": ""65"", ""fof_linking_length"": 0.002, ""special_case_code"": ""none"", ""timestep"": ""90000""}",-0.004995013530916016,-0.051661477910948085,-0.15010275439398243,0.00011333419205417585,0.06963972760248087,0.1502160885860366,boundary interpolation,0.0,1.2462895485615129,1.543204467364377,1,Ma_xp_A1900_n65_r26_v00_90000.hdf5; Ma_xp_A1900_s047z_n65_r24_v00_90000.hdf5; Ma_xp_A1900_n65_r19_v00_90000.hdf5,True,True,False,0.009744384722959753,low,-0.004995013530916016,0.00011333419205417585,-0.15010275439398243
19.0,2.8,0.0,,none,65.0,0.002,none,90000,pair_grid,mass_periapsis,"{""mass_log10_kg"": 19.0, ""periapsis_Rm"": 1.2, ""v_inf_kms"": 0.0, ""spin_period_hr"": NaN, ""spin_axis"": ""none"", ""resolution_value"": ""65"", ""fof_linking_length"": 0.002, ""special_case_code"": ""none"", ""timestep"": ""90000""}",-0.029042958311758335,-0.06837659450480006,-0.17620015939469605,0.00011333419205417585,0.07716632774864166,0.17631349358675022,extrapolation,0.5395907736668364,1.622273497408278,1.908955931229506,1,Ma_xp_A1900_n65_r26_v00_90000.hdf5; Ma_xp_A1900_s047z_n65_r24_v00_90000.hdf5; Ma_xp_A1900_s030z_n65_r22_v00_90000.hdf5,True,False,False,0.007624007963464705,low,-0.029042958311758335,0.00011333419205417585,-0.17620015939469605
19.0,3.0,0.0,,none,65.0,0.002,none,90000,pair_grid,mass_periapsis,"{""mass_log10_kg"": 19.0, ""periapsis_Rm"": 1.2, ""v_inf_kms"": 0.0, ""spin_period_hr"": NaN, ""spin_axis"": ""none"", ""resolution_value"": ""65"", ""fof_linking_length"": 0.002, ""special_case_code"": ""none"", ""timestep"": ""90000""}",-0.029042958311758335,-0.07386550335611043,-0.19266688594862716,0.00011333419205417585,0.08484436232522904,0.19278022014068133,extrapolation,1.0791815473336737,2.008586390095351,2.2418814299537697,1,Ma_xp_A1900_n65_r26_v00_90000.hdf5; Ma_xp_A1900_s047z_n65_r24_v00_90000.hdf5; Ma_xp_A2000_s030z_n65_r30_v00_90000.hdf5,True,False,False,0.0032246320017637682,low,-0.029042958311758335,0.00011333419205417585,-0.19266688594862716
19.5,1.1,0.0,,none,65.0,0.002,none,90000,pair_grid,mass_periapsis,"{""mass_log10_kg"": 19.0, ""periapsis_Rm"": 1.2, ""v_inf_kms"": 0.0, ""spin_period_hr"": NaN, ""spin_axis"": ""none"", ""resolution_value"": ""65"", ""fof_linking_length"": 0.002, ""special_case_code"": ""none"", ""timestep"": ""90000""}",0.06609612425028288,0.07962612570344564,0.06609612425028288,0.09879621327414137,0.01393274043639558,0.032700089023858486,extrapolation,0.2697953868334182,0.7710695984992926,0.8984895674472266,5,Ma_xp_A1950_n65_r12_v00_90000.hdf5; Ma_xp_A2000_n65_r11_v00_90000.hdf5; Ma_xp_A1900_n65_r12_v00_90000.hdf5,True,False,True,0.046249968590178,low,0.06609612425028288,0.07398603958591266,0.09879621327414137
19.5,1.2,0.0,,none,65.0,0.002,none,90000,pair_grid,mass_periapsis,"{""mass_log10_kg"": 19.0, ""periapsis_Rm"": 1.2, ""v_inf_kms"": 0.0, ""spin_period_hr"": NaN, ""spin_axis"": ""none"", ""resolution_value"": ""65"", ""fof_linking_length"": 0.002, ""special_case_code"": ""none"", ""timestep"": ""90000""}",0.06873595474135437,0.07989883959075034,0.06873595474135437,0.08703485927128193,0.007994756992971945,0.018298904529927565,sparse interpolation,0.0,0.6692639532390069,0.8173653634657839,5,Ma_xp_A1950_n65_r12_v00_90000.hdf5; Ma_xp_A1900_n65_r12_v00_90000.hdf5; Ma_xp_A2000_n65_r12_v00_90000.hdf5,True,True,True,0.04669784158452285,medium,0.06873595474135437,0.08392570475961471,0.08703485927128193
19.5,1.3,0.0,,none,65.0,0.002,none,90000,pair_grid,mass_periapsis,"{""mass_log10_kg"": 19.0, ""periapsis_Rm"": 1.2, ""v_inf_kms"": 0.0, ""spin_period_hr"": NaN, ""spin_axis"": ""none"", ""resolution_value"": ""65"", ""fof_linking_length"": 0.002, ""special_case_code"": ""none"", ""timestep"": ""90000""}",0.0662377994159055,0.0722119211286194,0.0662377994159055,0.07521810139290407,0.004224370819463281,0.008980301976998561,sparse interpolation,0.26979538683341864,0.6943591590640615,0.8252981771713287,5,Ma_xp_A1950_n65_r12_v00_90000.hdf5; Ma_xp_A1950_n65_r16_v00_90000.hdf5; Ma_xp_A1900_n65_r13_v00_90000.hdf5,True,True,True,0.04605086511551279,medium,0.0662377994159055,0.07521810139290407,0.07517986257704866
19.5,1.4,0.0,,none,65.0,0.002,none,90000,pair_grid,mass_periapsis,"{""mass_log10_kg"": 19.0, ""periapsis_Rm"": 1.2, ""v_inf_kms"": 0.0, ""spin_period_hr"": NaN, ""spin_axis"": ""none"", ""resolution_value"": ""65"", ""fof_linking_length"": 0.002, ""special_case_code"": ""none"", ""timestep"": ""90000""}",0.056583544531958054,0.05945048592467367,0.056583544531958054,0.06302326756872198,0.002675962885001467,0.006439723036763927,sparse interpolation,0.5395907736668367,0.6943591590640615,0.8252981771713287,5,Ma_xp_A1950_n65_r12_v00_90000.hdf5; Ma_xp_A1950_n65_r16_v00_90000.hdf5; Ma_xp_A2000_n65_r14_v00_90000.hdf5,True,True,True,0.0454973788135077,medium,0.056583544531958054,0.058744645673340964,0.06302326756872198
19.5,1.5,0.0,,none,65.0,0.002,none,90000,pair_grid,mass_periapsis,"{""mass_log10_kg"": 19.0, ""periapsis_Rm"": 1.2, ""v_inf_kms"": 0.0, ""spin_period_hr"": NaN, ""spin_axis"": ""none"", ""resolution_value"": ""65"", ""fof_linking_length"": 0.002, ""special_case_code"": ""none"", ""timestep"": ""90000""}",0.04161707429963077,0.04247924248178838,0.03546871433331664,0.05035193881241773,0.006106558943986496,0.014883224479101093,sparse interpolation,0.26979538683341864,0.6943591590640615,0.8252981771713289,5,Ma_xp_A1950_n65_r16_v00_90000.hdf5; Ma_xp_A1950_n65_r12_v00_90000.hdf5; Ma_xp_A1900_n65_r15_v00_90000.hdf5,True,True,True,0.0446541877835732,medium,0.04161707429963077,0.03546871433331664,0.05035193881241773
19.5,1.6,0.0,,none,65.0,0.002,none,90000,pair_grid,mass_periapsis,"{""mass_log10_kg"": 19.0, ""periapsis_Rm"": 1.2, ""v_inf_kms"": 0.0, ""spin_period_hr"": NaN, ""spin_axis"": ""none"", ""resolution_value"": ""65"", ""fof_linking_length"": 0.002, ""special_case_code"": ""none"", ""timestep"": ""90000""}",0.013112457694803134,0.01942011318558425,0.008235513667159968,0.036912368194789644,0.012528111981792375,0.028676854527629678,sparse interpolation,0.0,0.6692639532390069,0.8173653634657839,5,Ma_xp_A1950_n65_r16_v00_90000.hdf5; Ma_xp_A1900_n65_r16_v00_90000.hdf5; Ma_xp_A2000_n65_r16_v00_90000.hdf5,True,True,True,0.042418795158624484,medium,0.013112457694803134,0.008235513667159968,0.036912368194789644
19.5,1.7,0.0,,none,65.0,0.002,none,90000,pair_grid,mass_periapsis,"{""mass_log10_kg"": 19.0, ""periapsis_Rm"": 1.2, ""v_inf_kms"": 0.0, ""spin_period_hr"": NaN, ""spin_axis"": ""none"", ""resolution_value"": ""65"", ""fof_linking_length"": 0.002, ""special_case_code"": ""none"", ""timestep"": ""90000""}",0.01773086151442917,0.01808199775420936,0.01416701402026036,0.02234811772793855,0.003349137895350751,0.00818110370767819,sparse interpolation,0.2697953868334181,0.7591957488501464,0.8713244408324675,5,Ma_xp_A1950_n65_r16_v00_90000.hdf5; Ma_xp_A2000_n65_r17_v00_90000.hdf5; Ma_xp_A1900_n65_r17_v00_90000.hdf5,True,True,True,0.027253324805421864,medium,0.01773086151442917,0.01416701402026036,0.02234811772793855
19.5,1.8,0.0,,none,65.0,0.002,none,90000,pair_grid,mass_periapsis,"{""mass_log10_kg"": 19.0, ""periapsis_Rm"": 1.2, ""v_inf_kms"": 0.0, ""spin_period_hr"": NaN, ""spin_axis"": ""none"", ""resolution_value"": ""65"", ""fof_linking_length"": 0.002, ""special_case_code"": ""none"", ""timestep"": ""90000""}",0.0004091476518299349,0.003352027884264764,0.0004091476518299349,0.006044278541638935,0.0023073486117535,0.005635130889809,sparse interpolation,0.5395907736668367,0.8491275444612857,0.9252835181991511,5,Ma_xp_A1950_n65_r16_v00_90000.hdf5; Ma_xp_A2000_n65_r18_v00_90000.hdf5; Ma_xp_A1900_n65_r18_v00_90000.hdf5,True,True,False,0.010040232337765237,medium,0.0004091476518299349,0.0036026574593254223,0.006044278541638935
19.5,1.9,0.0,,none,65.0,0.002,none,90000,pair_grid,mass_periapsis,"{""mass_log10_kg"": 19.0, ""periapsis_Rm"": 1.2, ""v_inf_kms"": 0.0, ""spin_period_hr"": NaN, ""spin_axis"": ""none"", ""resolution_value"": ""65"", ""fof_linking_length"": 0.002, ""special_case_code"": ""none"", ""timestep"": ""90000""}",-0.002944896714340893,-0.004790176867746895,-0.013459010411382838,0.002033376522483045,0.00645793090499685,0.015492386933865883,sparse interpolation,0.8093861605002549,0.9390593400724253,0.9792425955658348,5,Ma_xp_A1950_n65_r16_v00_90000.hdf5; Ma_xp_A2000_n65_r19_v00_90000.hdf5; Ma_xp_A1900_n65_r19_v00_90000.hdf5,True,True,False,0.009145655594059965,medium,-0.002944896714340893,0.002033376522483045,-0.013459010411382838
19.5,2.0,0.0,,none,65.0,0.002,none,90000,pair_grid,mass_periapsis,"{""mass_log10_kg"": 19.0, ""periapsis_Rm"": 1.2, ""v_inf_kms"": 0.0, ""spin_period_hr"": NaN, ""spin_axis"": ""none"", ""resolution_value"": ""65"", ""fof_linking_length"": 0.002, ""special_case_code"": ""none"", ""timestep"": ""90000""}",-0.009419170603210953,-0.01928830201312015,-0.05038378851135791,0.0019380530752084095,0.022471368343471767,0.052321841586566324,sparse interpolation,1.0038959298585104,1.027643629156803,1.0559209017950755,5,Ma_xp_A2000_n65_r20_v00_90000.hdf5; Ma_xp_A1900_n65_r19_v00_90000.hdf5; Ma_xp_A2000_n65_r19_v00_90000.hdf5,True,True,False,0.010267264609479855,medium,-0.009419170603210953,0.0019380530752084095,-0.05038378851135791
19.5,2.2,0.0,,none,65.0,0.002,none,90000,pair_grid,mass_periapsis,"{""mass_log10_kg"": 19.0, ""periapsis_Rm"": 1.2, ""v_inf_kms"": 0.0, ""spin_period_hr"": NaN, ""spin_axis"": ""none"", ""resolution_value"": ""65"", ""fof_linking_length"": 0.002, ""special_case_code"": ""none"", ""timestep"": ""90000""}",-0.014654532304092586,-0.027371491001257978,-0.06939799377488975,0.0019380530752084095,0.030479486805925805,0.07133604685009816,sparse interpolation,1.0038959298585104,1.0944463519077077,1.1627649598005978,5,Ma_xp_A2000_n65_r22_v00_90000.hdf5; Ma_xp_A2000_n65_r24_v00_90000.hdf5; Ma_xp_A2000_n65_r20_v00_90000.hdf5,True,True,False,0.009258574773535594,medium,-0.014654532304092586,0.0019380530752084095,-0.06939799377488975
19.5,2.4,0.0,,none,65.0,0.002,none,90000,pair_grid,mass_periapsis,"{""mass_log10_kg"": 19.0, ""periapsis_Rm"": 1.2, ""v_inf_kms"": 0.0, ""spin_period_hr"": NaN, ""spin_axis"": ""none"", ""resolution_value"": ""65"", ""fof_linking_length"": 0.002, ""special_case_code"": ""none"", ""timestep"": ""90000""}",-0.009406086876937069,-0.03211855272675653,-0.08888762437854095,0.0019380530752084095,0.04040806850096104,0.09082567745374935,sparse interpolation,1.0038959298585104,1.0944463519077074,1.2621555938413238,3,Ma_xp_A2000_n65_r24_v00_90000.hdf5; Ma_xp_A2000_n65_r22_v00_90000.hdf5; Ma_xp_A1900_n65_r26_v00_90000.hdf5,True,True,False,0.009108914455279395,low,-0.009406086876937069,0.0019380530752084095,-0.08888762437854095
19.5,2.6,0.0,,none,65.0,0.002,none,90000,pair_grid,mass_periapsis,"{""mass_log10_kg"": 19.0, ""periapsis_Rm"": 1.2, ""v_inf_kms"": 0.0, ""spin_period_hr"": NaN, ""spin_axis"": ""none"", ""resolution_value"": ""65"", ""fof_linking_length"": 0.002, ""special_case_code"": ""none"", ""timestep"": ""90000""}",0.0028615225667398374,-0.03493891317607869,-0.1096163151701843,0.0028615225667398374,0.052806243162574276,0.11247783773692414,extrapolation,1.0038959298585104,1.2058457951630634,1.4769813836769028,2,Ma_xp_A1900_n65_r26_v00_90000.hdf5; Ma_xp_A2000_n65_r24_v00_90000.hdf5; Ma_xp_A2000_n65_r22_v00_90000.hdf5,True,False,False,0.009062278180241549,low,0.0028615225667398374,0.0019380530752084095,-0.1096163151701843
19.5,2.8,0.0,,none,65.0,0.002,none,90000,pair_grid,mass_periapsis,"{""mass_log10_kg"": 19.0, ""periapsis_Rm"": 1.2, ""v_inf_kms"": 0.0, ""spin_period_hr"": NaN, ""spin_axis"": ""none"", ""resolution_value"": ""65"", ""fof_linking_length"": 0.002, ""special_case_code"": ""none"", ""timestep"": ""90000""}",-0.02118642221410248,-0.05165402976993067,-0.13571372017089794,0.0019380530752084095,0.060184211673169674,0.13765177324610636,extrapolation,1.1397215629323059,1.492073144751516,1.664034889956947,1,Ma_xp_A1900_n65_r26_v00_90000.hdf5; Ma_xp_A2000_n65_r24_v00_90000.hdf5; Ma_xp_A2000_s030z_n65_r28_v00_90000.hdf5,True,False,False,0.00882796460049963,low,-0.02118642221410248,0.0019380530752084095,-0.13571372017089794
19.5,3.0,0.0,,none,65.0,0.002,none,90000,pair_grid,mass_periapsis,"{""mass_log10_kg"": 19.0, ""periapsis_Rm"": 1.2, ""v_inf_kms"": 0.0, ""spin_period_hr"": NaN, ""spin_axis"": ""none"", ""resolution_value"": ""65"", ""fof_linking_length"": 0.002, ""special_case_code"": ""none"", ""timestep"": ""90000""}",-0.02118642221410248,-0.05714293862124104,-0.15218044672482905,0.0019380530752084095,0.06786153205489423,0.15411849980003747,extrapolation,1.4739198926983736,1.747096475197899,1.8430432721924248,0,Ma_xp_A1900_n65_r26_v00_90000.hdf5; Ma_xp_A2000_s030z_n65_r30_v00_90000.hdf5; Ma_xp_A2000_n65_r24_v00_90000.hdf5,True,False,False,0.004492691471425727,low,-0.02118642221410248,0.0019380530752084095,-0.15218044672482905
20.0,1.1,0.0,,none,65.0,0.002,none,90000,pair_grid,mass_periapsis,"{""mass_log10_kg"": 19.0, ""periapsis_Rm"": 1.2, ""v_inf_kms"": 0.0, ""spin_period_hr"": NaN, ""spin_axis"": ""none"", ""resolution_value"": ""65"", ""fof_linking_length"": 0.002, ""special_case_code"": ""none"", ""timestep"": ""90000""}",0.19495146478698835,0.18215935966555083,0.16154624312593,0.19495146478698835,0.014716280627446274,0.03340522166105836,boundary interpolation,0.0,0.26979538683341836,0.4357850044301258,5,Ma_xp_A2000_n65_r11_v00_90000.hdf5; Ma_xp_A2000_n65_r12_v00_90000.hdf5; Ma_xp_A2000_n65_r13_v00_90000.hdf5,True,True,False,0.04752967299855996,medium,0.19495146478698835,0.1899803710837341,0.16154624312593
20.0,1.2,0.0,,none,65.0,0.002,none,90000,pair_grid,mass_periapsis,"{""mass_log10_kg"": 19.0, ""periapsis_Rm"": 1.2, ""v_inf_kms"": 0.0, ""spin_period_hr"": NaN, ""spin_axis"": ""none"", ""resolution_value"": ""65"", ""fof_linking_length"": 0.002, ""special_case_code"": ""none"", ""timestep"": ""90000""}",0.1954370526699664,0.17885708556411903,0.14978488912307056,0.1954370526699664,0.020624772393904953,0.04565216354689583,boundary interpolation,0.0,0.17986359122227893,0.3140160421714393,5,Ma_xp_A2000_n65_r12_v00_90000.hdf5; Ma_xp_A2000_n65_r11_v00_90000.hdf5; Ma_xp_A2000_n65_r13_v00_90000.hdf5,True,True,False,0.04554433798304237,medium,0.1954370526699664,0.19134931489932017,0.14978488912307056
20.0,1.3,0.0,,none,65.0,0.002,none,90000,pair_grid,mass_periapsis,"{""mass_log10_kg"": 19.0, ""periapsis_Rm"": 1.2, ""v_inf_kms"": 0.0, ""spin_period_hr"": NaN, ""spin_axis"": ""none"", ""resolution_value"": ""65"", ""fof_linking_length"": 0.002, ""special_case_code"": ""none"", ""timestep"": ""90000""}",0.19293889734451752,0.17604767491850812,0.13792989242883727,0.19727423498216956,0.027011390122878454,0.05934434255333229,boundary interpolation,0.0,0.1798635912222789,0.3237544642001021,5,Ma_xp_A2000_n65_r13_v00_90000.hdf5; Ma_xp_A2000_n65_r14_v00_90000.hdf5; Ma_xp_A2000_n65_r12_v00_90000.hdf5,True,True,False,0.045313537840600375,medium,0.19293889734451752,0.19727423498216956,0.13792989242883727
20.0,1.4,0.0,,none,65.0,0.002,none,90000,pair_grid,mass_periapsis,"{""mass_log10_kg"": 19.0, ""periapsis_Rm"": 1.2, ""v_inf_kms"": 0.0, ""spin_period_hr"": NaN, ""spin_axis"": ""none"", ""resolution_value"": ""65"", ""fof_linking_length"": 0.002, ""special_case_code"": ""none"", ""timestep"": ""90000""}",0.18328464246057,0.16409480702962953,0.1257732974205106,0.18328464246057,0.027097409712912614,0.05751134504005939,boundary interpolation,0.0,0.17986359122227893,0.3140160421714393,5,Ma_xp_A2000_n65_r14_v00_90000.hdf5; Ma_xp_A2000_n65_r13_v00_90000.hdf5; Ma_xp_A2000_n65_r15_v00_90000.hdf5,True,True,False,0.04462456946207481,medium,0.18328464246057,0.183226481207808,0.1257732974205106
20.0,1.5,0.0,,none,65.0,0.002,none,90000,pair_grid,mass_periapsis,"{""mass_log10_kg"": 19.0, ""periapsis_Rm"": 1.2, ""v_inf_kms"": 0.0, ""spin_period_hr"": NaN, ""spin_axis"": ""none"", ""resolution_value"": ""65"", ""fof_linking_length"": 0.002, ""special_case_code"": ""none"", ""timestep"": ""90000""}",0.16831817222824275,0.15017307913367325,0.11310196866420634,0.1690990965085707,0.026215172251484016,0.05599712784436435,boundary interpolation,0.0,0.17986359122227913,0.3237544642001022,5,Ma_xp_A2000_n65_r15_v00_90000.hdf5; Ma_xp_A2000_n65_r16_v00_90000.hdf5; Ma_xp_A2000_n65_r14_v00_90000.hdf5,True,True,False,0.04638775310170577,medium,0.16831817222824275,0.1690990965085707,0.11310196866420634
20.0,1.6,0.0,,none,65.0,0.002,none,90000,pair_grid,mass_periapsis,"{""mass_log10_kg"": 19.0, ""periapsis_Rm"": 1.2, ""v_inf_kms"": 0.0, ""spin_period_hr"": NaN, ""spin_axis"": ""none"", ""resolution_value"": ""65"", ""fof_linking_length"": 0.002, ""special_case_code"": ""none"", ""timestep"": ""90000""}",0.14651188884980412,0.12784097776585246,0.09966239804657825,0.14651188884980412,0.020273390101143398,0.04684949080322587,boundary interpolation,0.0,0.1798635912222789,0.3140160421714393,5,Ma_xp_A2000_n65_r16_v00_90000.hdf5; Ma_xp_A2000_n65_r17_v00_90000.hdf5; Ma_xp_A2000_n65_r15_v00_90000.hdf5,True,True,False,0.05049847237613678,low,0.14651188884980412,0.13734864640117503,0.09966239804657825
20.0,1.7,0.0,,none,65.0,0.002,none,90000,pair_grid,mass_periapsis,"{""mass_log10_kg"": 19.0, ""periapsis_Rm"": 1.2, ""v_inf_kms"": 0.0, ""spin_period_hr"": NaN, ""spin_axis"": ""none"", ""resolution_value"": ""65"", ""fof_linking_length"": 0.002, ""special_case_code"": ""none"", ""timestep"": ""90000""}",0.09717968393997811,0.08789781035735207,0.08141559955235095,0.09717968393997811,0.006733259383902739,0.015764084387627164,boundary interpolation,0.0,0.1798635912222789,0.32375446420010207,5,Ma_xp_A2000_n65_r17_v00_90000.hdf5; Ma_xp_A2000_n65_r16_v00_90000.hdf5; Ma_xp_A2000_n65_r18_v00_90000.hdf5,True,True,False,0.04498239406990768,medium,0.09717968393997811,0.08141559955235095,0.08509814757972717
20.0,1.8,0.0,,none,65.0,0.002,none,90000,pair_grid,mass_periapsis,"{""mass_log10_kg"": 19.0, ""periapsis_Rm"": 1.2, ""v_inf_kms"": 0.0, ""spin_period_hr"": NaN, ""spin_axis"": ""none"", ""resolution_value"": ""65"", ""fof_linking_length"": 0.002, ""special_case_code"": ""none"", ""timestep"": ""90000""}",0.022596039177963597,0.031704508043884944,0.003723176560263675,0.06879430839342755,0.02733479105856786,0.06507113183316388,boundary interpolation,0.0,0.17986359122227893,0.3140160421714393,5,Ma_xp_A2000_n65_r18_v00_90000.hdf5; Ma_xp_A2000_n65_r19_v00_90000.hdf5; Ma_xp_A2000_n65_r17_v00_90000.hdf5,True,True,True,0.0292690098829034,medium,0.022596039177963597,0.003723176560263675,0.06879430839342755
20.0,1.9,0.0,,none,65.0,0.002,none,90000,pair_grid,mass_periapsis,"{""mass_log10_kg"": 19.0, ""periapsis_Rm"": 1.2, ""v_inf_kms"": 0.0, ""spin_period_hr"": NaN, ""spin_axis"": ""none"", ""resolution_value"": ""65"", ""fof_linking_length"": 0.002, ""special_case_code"": ""none"", ""timestep"": ""90000""}",0.019241994811792774,0.023215442124518926,0.0011133121213582372,0.04929101944040576,0.019868133334399407,0.048177707319047525,boundary interpolation,0.0,0.1798635912222789,0.3278668496967586,5,Ma_xp_A2000_n65_r19_v00_90000.hdf5; Ma_xp_A2000_n65_r18_v00_90000.hdf5; Ma_xp_A2000_n65_r20_v00_90000.hdf5,True,True,True,0.0199283030019472,medium,0.019241994811792774,0.0011133121213582372,0.04929101944040576
20.0,2.0,0.0,,none,65.0,0.002,none,90000,pair_grid,mass_periapsis,"{""mass_log10_kg"": 19.0, ""periapsis_Rm"": 1.2, ""v_inf_kms"": 0.0, ""spin_period_hr"": NaN, ""spin_axis"": ""none"", ""resolution_value"": ""65"", ""fof_linking_length"": 0.002, ""special_case_code"": ""none"", ""timestep"": ""90000""}",0.015451906120022528,0.009439975043784542,0.0005017776709004052,0.015451906120022528,0.006444577099674735,0.014950128449122123,boundary interpolation,0.0,0.2535646834523138,0.3679751195381231,5,Ma_xp_A2000_n65_r20_v00_90000.hdf5; Ma_xp_A2000_n65_r19_v00_90000.hdf5; Ma_xp_A2000_n65_r20_v02_90000.hdf5,True,True,False,0.01833235796990019,medium,0.015451906120022528,0.0005017776709004052,0.01236624134043069
20.0,2.2,0.0,,none,65.0,0.002,none,90000,pair_grid,mass_periapsis,"{""mass_log10_kg"": 19.0, ""periapsis_Rm"": 1.2, ""v_inf_kms"": 0.0, ""spin_period_hr"": NaN, ""spin_axis"": ""none"", ""resolution_value"": ""65"", ""fof_linking_length"": 0.002, ""special_case_code"": ""none"", ""timestep"": ""90000""}",0.009166910738913858,0.0009949181411257769,-0.006647963923101158,0.009166910738913858,0.006467226794196266,0.015814874662015015,boundary interpolation,0.0,0.35972718244455787,0.5236093538268446,5,Ma_xp_A2000_n65_r22_v00_90000.hdf5; Ma_xp_A2000_n65_r24_v00_90000.hdf5; Ma_xp_A2000_n65_r20_v00_90000.hdf5,True,True,False,0.01787458773680773,medium,0.009166910738913858,0.0004658076075646314,-0.006647963923101158
20.0,2.4,0.0,,none,65.0,0.002,none,90000,pair_grid,mass_periapsis,"{""mass_log10_kg"": 19.0, ""periapsis_Rm"": 1.2, ""v_inf_kms"": 0.0, ""spin_period_hr"": NaN, ""spin_axis"": ""none"", ""resolution_value"": ""65"", ""fof_linking_length"": 0.002, ""special_case_code"": ""none"", ""timestep"": ""90000""}",0.009160274444827409,-0.005503837491453437,-0.02613759452675235,0.009160274444827409,0.015015822442563179,0.03529786897157976,boundary interpolation,0.0,0.5395907736668366,0.8306670633952283,5,Ma_xp_A2000_n65_r24_v00_90000.hdf5; Ma_xp_A2000_n65_r22_v00_90000.hdf5; Ma_xp_A2000_n65_r20_v00_90000.hdf5,True,True,False,0.017137588661620608,medium,0.009160274444827409,0.0004658076075646314,-0.02613759452675235
20.0,2.6,0.0,,none,65.0,0.002,none,90000,pair_grid,mass_periapsis,"{""mass_log10_kg"": 19.0, ""periapsis_Rm"": 1.2, ""v_inf_kms"": 0.0, ""spin_period_hr"": NaN, ""spin_axis"": ""none"", ""resolution_value"": ""65"", ""fof_linking_length"": 0.002, ""special_case_code"": ""none"", ""timestep"": ""90000""}",0.008158370485651148,-0.012747369075059975,-0.046866285318395706,0.008158370485651148,0.024329258313440186,0.055024655804046856,extrapolation,0.5395907736668373,1.0625513296967555,1.2931013491203014,2,Ma_xp_A2000_n65_r24_v00_90000.hdf5; Ma_xp_A2000_n65_r22_v00_90000.hdf5; Ma_xp_A2000_s030z_n65_r26_v00_90000.hdf5,True,False,False,0.01759537015501163,low,0.008158370485651148,0.0004658076075646314,-0.046866285318395706
20.0,2.8,0.0,,none,65.0,0.002,none,90000,pair_grid,mass_periapsis,"{""mass_log10_kg"": 19.0, ""periapsis_Rm"": 1.2, ""v_inf_kms"": 0.0, ""spin_period_hr"": NaN, ""spin_axis"": ""none"", ""resolution_value"": ""65"", ""fof_linking_length"": 0.002, ""special_case_code"": ""none"", ""timestep"": ""90000""}",-0.017966128367521733,-0.030154670359688805,-0.07296369031910932,0.0004658076075646314,0.031191806705842574,0.07342949792667396,extrapolation,1.0791815473336737,1.422278512141313,1.5169992814890794,1,Ma_xp_A2000_n65_r24_v00_90000.hdf5; Ma_xp_A2000_s030z_n65_r28_v00_90000.hdf5; Ma_xp_A2000_n65_r22_v00_90000.hdf5,True,False,False,0.018509750762047018,low,-0.017966128367521733,0.0004658076075646314,-0.07296369031910932
20.0,3.0,0.0,,none,65.0,0.002,none,90000,pair_grid,mass_periapsis,"{""mass_log10_kg"": 19.0, ""periapsis_Rm"": 1.2, ""v_inf_kms"": 0.0, ""spin_period_hr"": NaN, ""spin_axis"": ""none"", ""resolution_value"": ""65"", ""fof_linking_length"": 0.002, ""special_case_code"": ""none"", ""timestep"": ""90000""}",-0.017966128367521733,-0.035643579210999185,-0.08943041687304046,0.0004658076075646314,0.038770280673126475,0.0898962244806051,extrapolation,1.5688816680897557,1.6155781415336652,1.693381950558495,0,Ma_xp_A2000_s030z_n65_r30_v00_90000.hdf5; Ma_xp_A2000_n65_r24_v00_90000.hdf5; Ma_xp_A2000_s030z_n65_r28_v00_90000.hdf5,True,False,False,0.018634221908769247,low,-0.017966128367521733,0.0004658076075646314,-0.08943041687304046
20.5,1.1,0.0,,none,65.0,0.002,none,90000,pair_grid,mass_periapsis,"{""mass_log10_kg"": 19.0, ""periapsis_Rm"": 1.2, ""v_inf_kms"": 0.0, ""spin_period_hr"": NaN, ""spin_axis"": ""none"", ""resolution_value"": ""65"", ""fof_linking_length"": 0.002, ""special_case_code"": ""none"", ""timestep"": ""90000""}",0.2379228157666266,0.2323872113902775,0.22853060833435232,0.2379228157666266,0.004013948528835089,0.009392207432274285,extrapolation,1.0038959298585104,1.0610449905322552,1.1244547816382948,5,Ma_xp_A2000_n65_r11_v00_90000.hdf5; Ma_xp_A2000_n65_r12_v00_90000.hdf5; Ma_xp_A2000_n65_r13_v00_90000.hdf5,True,False,False,0.016316260465327418,low,0.2379228157666266,0.22853060833435232,0.23070821006985356
20.5,1.2,0.0,,none,65.0,0.002,none,90000,pair_grid,mass_periapsis,"{""mass_log10_kg"": 19.0, ""periapsis_Rm"": 1.2, ""v_inf_kms"": 0.0, ""spin_period_hr"": NaN, ""spin_axis"": ""none"", ""resolution_value"": ""65"", ""fof_linking_length"": 0.002, ""special_case_code"": ""none"", ""timestep"": ""90000""}",0.24810143516603747,0.23414357604117797,0.21894685606699416,0.24810143516603747,0.011934500485667167,0.029154579099043315,sparse interpolation,1.0038959298585104,1.0276436291568032,1.0680289049148022,5,Ma_xp_A2000_n65_r12_v00_90000.hdf5; Ma_xp_A2000_n65_r11_v00_90000.hdf5; Ma_xp_A2000_n65_r13_v00_90000.hdf5,True,True,False,0.017738818482573488,medium,0.24810143516603747,0.23538243689050228,0.21894685606699416
20.5,1.3,0.0,,none,65.0,0.002,none,90000,pair_grid,mass_periapsis,"{""mass_log10_kg"": 19.0, ""periapsis_Rm"": 1.2, ""v_inf_kms"": 0.0, ""spin_period_hr"": NaN, ""spin_axis"": ""none"", ""resolution_value"": ""65"", ""fof_linking_length"": 0.002, ""special_case_code"": ""none"", ""timestep"": ""90000""}",0.24345585225439093,0.22706800246035863,0.20709185937276084,0.24345585225439093,0.01506080744060106,0.036363992881630086,sparse interpolation,1.0038959298585104,1.0276436291568032,1.0724748026670041,5,Ma_xp_A2000_n65_r13_v00_90000.hdf5; Ma_xp_A2000_n65_r14_v00_90000.hdf5; Ma_xp_A2000_n65_r12_v00_90000.hdf5,True,True,False,0.01770107253482886,medium,0.24345585225439093,0.23065629575392416,0.20709185937276084
20.5,1.4,0.0,,none,65.0,0.002,none,90000,pair_grid,mass_periapsis,"{""mass_log10_kg"": 19.0, ""periapsis_Rm"": 1.2, ""v_inf_kms"": 0.0, ""spin_period_hr"": NaN, ""spin_axis"": ""none"", ""resolution_value"": ""65"", ""fof_linking_length"": 0.002, ""special_case_code"": ""none"", ""timestep"": ""90000""}",0.2274796618642216,0.21346982435436646,0.19493526436443417,0.2274796618642216,0.013665998860854853,0.032544397499787436,sparse interpolation,1.0038959298585104,1.0276436291568032,1.0680289049148022,5,Ma_xp_A2000_n65_r14_v00_90000.hdf5; Ma_xp_A2000_n65_r13_v00_90000.hdf5; Ma_xp_A2000_n65_r15_v00_90000.hdf5,True,True,False,0.016665116723187864,medium,0.2274796618642216,0.2179945468344436,0.19493526436443417
20.5,1.5,0.0,,none,65.0,0.002,none,90000,pair_grid,mass_periapsis,"{""mass_log10_kg"": 19.0, ""periapsis_Rm"": 1.2, ""v_inf_kms"": 0.0, ""spin_period_hr"": NaN, ""spin_axis"": ""none"", ""resolution_value"": ""65"", ""fof_linking_length"": 0.002, ""special_case_code"": ""none"", ""timestep"": ""90000""}",0.2213855405675507,0.20225474833910018,0.18226393560812992,0.2213855405675507,0.015982901699395508,0.03912160495942077,sparse interpolation,1.0038959298585104,1.0276436291568032,1.0724748026670041,5,Ma_xp_A2000_n65_r15_v00_90000.hdf5; Ma_xp_A2000_n65_r14_v00_90000.hdf5; Ma_xp_A2000_n65_r16_v00_90000.hdf5,True,True,False,0.01876782473332605,medium,0.2213855405675507,0.20311476884161994,0.18226393560812992
20.5,1.6,0.0,,none,65.0,0.002,none,90000,pair_grid,mass_periapsis,"{""mass_log10_kg"": 19.0, ""periapsis_Rm"": 1.2, ""v_inf_kms"": 0.0, ""spin_period_hr"": NaN, ""spin_axis"": ""none"", ""resolution_value"": ""65"", ""fof_linking_length"": 0.002, ""special_case_code"": ""none"", ""timestep"": ""90000""}",0.20041670274551962,0.18578099364168435,0.16882436499050185,0.20041670274551962,0.013001511498430334,0.03159233775501777,sparse interpolation,1.0038959298585104,1.0276436291568032,1.0680289049148022,5,Ma_xp_A2000_n65_r16_v00_90000.hdf5; Ma_xp_A2000_n65_r17_v00_90000.hdf5; Ma_xp_A2000_n65_r15_v00_90000.hdf5,True,True,False,0.024703233986012495,medium,0.20041670274551962,0.1881019131890316,0.16882436499050185
20.5,1.7,0.0,,none,65.0,0.002,none,90000,pair_grid,mass_periapsis,"{""mass_log10_kg"": 19.0, ""periapsis_Rm"": 1.2, ""v_inf_kms"": 0.0, ""spin_period_hr"": NaN, ""spin_axis"": ""none"", ""resolution_value"": ""65"", ""fof_linking_length"": 0.002, ""special_case_code"": ""none"", ""timestep"": ""90000""}",0.1510844978356937,0.14423639807494007,0.1273645818654758,0.15426011452365074,0.012000410326086461,0.02689553265817493,sparse interpolation,1.0038959298585104,1.0276436291568032,1.0724748026670041,5,Ma_xp_A2000_n65_r17_v00_90000.hdf5; Ma_xp_A2000_n65_r16_v00_90000.hdf5; Ma_xp_A2000_n65_r18_v00_90000.hdf5,True,True,False,0.03539940532264539,medium,0.1510844978356937,0.1273645818654758,0.15426011452365074
20.5,1.8,0.0,,none,65.0,0.002,none,90000,pair_grid,mass_periapsis,"{""mass_log10_kg"": 19.0, ""periapsis_Rm"": 1.2, ""v_inf_kms"": 0.0, ""spin_period_hr"": NaN, ""spin_axis"": ""none"", ""resolution_value"": ""65"", ""fof_linking_length"": 0.002, ""special_case_code"": ""none"", ""timestep"": ""90000""}",0.07650085307367913,0.08211215497892853,0.0318793365257553,0.13795627533735114,0.04348711892590459,0.10607693881159583,sparse interpolation,1.0038959298585104,1.0276436291568032,1.0680289049148022,5,Ma_xp_A2000_n65_r18_v00_90000.hdf5; Ma_xp_A2000_n65_r19_v00_90000.hdf5; Ma_xp_A2000_n65_r17_v00_90000.hdf5,True,True,False,0.030929133789864692,low,0.07650085307367913,0.0318793365257553,0.13795627533735114
20.5,1.9,0.0,,none,65.0,0.002,none,90000,pair_grid,mass_periapsis,"{""mass_log10_kg"": 19.0, ""periapsis_Rm"": 1.2, ""v_inf_kms"": 0.0, ""spin_period_hr"": NaN, ""spin_axis"": ""none"", ""resolution_value"": ""65"", ""fof_linking_length"": 0.002, ""special_case_code"": ""none"", ""timestep"": ""90000""}",0.07447183759173084,0.07417450534087068,0.029598692046551866,0.11845298638432934,0.03627522304472342,0.08885429433777747,extrapolation,1.0038959298585104,1.027643629156803,1.0744503097214133,5,Ma_xp_A2000_n65_r19_v00_90000.hdf5; Ma_xp_A2000_n65_r18_v00_90000.hdf5; Ma_xp_A2000_n65_r20_v00_90000.hdf5,True,False,True,0.018520175798772593,low,0.07447183759173084,0.029598692046551866,0.11845298638432934
20.5,2.0,0.0,,none,65.0,0.002,none,90000,pair_grid,mass_periapsis,"{""mass_log10_kg"": 19.0, ""periapsis_Rm"": 1.2, ""v_inf_kms"": 0.0, ""spin_period_hr"": NaN, ""spin_axis"": ""none"", ""resolution_value"": ""65"", ""fof_linking_length"": 0.002, ""special_case_code"": ""none"", ""timestep"": ""90000""}",0.06344294611212915,0.057986103997525816,0.028987157596094035,0.08152820828435425,0.021794087061316483,0.05254105068826022,extrapolation,1.0038959298585104,1.0536351609452517,1.0880697217400734,5,Ma_xp_A2000_n65_r20_v00_90000.hdf5; Ma_xp_A2000_n65_r19_v00_90000.hdf5; Ma_xp_A2000_n65_r20_v02_90000.hdf5,True,False,True,0.016951724408683266,low,0.06344294611212915,0.028987157596094035,0.08152820828435425
20.5,2.2,0.0,,none,65.0,0.002,none,90000,pair_grid,mass_periapsis,"{""mass_log10_kg"": 19.0, ""periapsis_Rm"": 1.2, ""v_inf_kms"": 0.0, ""spin_period_hr"": NaN, ""spin_axis"": ""none"", ""resolution_value"": ""65"", ""fof_linking_length"": 0.002, ""special_case_code"": ""none"", ""timestep"": ""90000""}",0.0571579507310205,0.04954104709486706,0.028951187532758257,0.06251400302082243,0.014722512503493771,0.03356281548806417,extrapolation,1.0038959298585104,1.0944463519077077,1.1627649598005978,5,Ma_xp_A2000_n65_r22_v00_90000.hdf5; Ma_xp_A2000_n65_r24_v00_90000.hdf5; Ma_xp_A2000_n65_r20_v00_90000.hdf5,True,False,True,0.016556586446145712,low,0.0571579507310205,0.028951187532758257,0.06251400302082243
20.5,2.4,0.0,,none,65.0,0.002,none,90000,pair_grid,mass_periapsis,"{""mass_log10_kg"": 19.0, ""periapsis_Rm"": 1.2, ""v_inf_kms"": 0.0, ""spin_period_hr"": NaN, ""spin_axis"": ""none"", ""resolution_value"": ""65"", ""fof_linking_length"": 0.002, ""special_case_code"": ""none"", ""timestep"": ""90000""}",0.057151314436934046,0.043042291462287836,0.028951187532758257,0.057151314436934046,0.011512660572084346,0.02820012690417579,extrapolation,1.0038959298585104,1.2058457951630632,1.3705174398009903,2,Ma_xp_A2000_n65_r24_v00_90000.hdf5; Ma_xp_A2000_n65_r22_v00_90000.hdf5; Ma_xp_A2000_n65_r20_v00_90000.hdf5,True,False,True,0.016192352955611646,low,0.057151314436934046,0.028951187532758257,0.04302437241717121
20.5,2.6,0.0,,none,65.0,0.002,none,90000,pair_grid,mass_periapsis,"{""mass_log10_kg"": 19.0, ""periapsis_Rm"": 1.2, ""v_inf_kms"": 0.0, ""spin_period_hr"": NaN, ""spin_axis"": ""none"", ""resolution_value"": ""65"", ""fof_linking_length"": 0.002, ""special_case_code"": ""none"", ""timestep"": ""90000""}",0.05364085622157534,0.03496257512662049,0.022295681625527856,0.05364085622157534,0.013484128403840957,0.031345174596047486,extrapolation,1.1397215629323063,1.4920731447515163,1.6640348899569475,1,Ma_xp_A2000_n65_r24_v00_90000.hdf5; Ma_xp_A2000_n65_r22_v00_90000.hdf5; Ma_xp_A2000_s030z_n65_r26_v00_90000.hdf5,True,False,True,0.015263027754663493,low,0.05364085622157534,0.028951187532758257,0.022295681625527856
20.5,2.8,0.0,,none,65.0,0.002,none,90000,pair_grid,mass_periapsis,"{""mass_log10_kg"": 19.0, ""periapsis_Rm"": 1.2, ""v_inf_kms"": 0.0, ""spin_period_hr"": NaN, ""spin_axis"": ""none"", ""resolution_value"": ""65"", ""fof_linking_length"": 0.002, ""special_case_code"": ""none"", ""timestep"": ""90000""}",0.038283508176914983,0.021144324111495822,-0.003801723375185778,0.038283508176914983,0.018046274150216684,0.04208523155210076,extrapolation,1.4739198926983736,1.7470964751978988,1.8239232696222332,0,Ma_xp_A2000_n65_r24_v00_90000.hdf5; Ma_xp_A2000_s030z_n65_r28_v00_90000.hdf5; Ma_xp_A2000_n65_r22_v00_90000.hdf5,True,False,True,0.01925730631579686,low,0.038283508176914983,0.028951187532758257,-0.003801723375185778
20.5,3.0,0.0,,none,65.0,0.002,none,90000,pair_grid,mass_periapsis,"{""mass_log10_kg"": 19.0, ""periapsis_Rm"": 1.2, ""v_inf_kms"": 0.0, ""spin_period_hr"": NaN, ""spin_axis"": ""none"", ""resolution_value"": ""65"", ""fof_linking_length"": 0.002, ""special_case_code"": ""none"", ""timestep"": ""90000""}",0.038283508176914983,0.015655415260185462,-0.02026844992911686,0.038283508176914983,0.02568613270172207,0.058551958106031844,extrapolation,1.862577978623869,1.9021776647180193,1.9692780865158397,0,Ma_xp_A2000_s030z_n65_r30_v00_90000.hdf5; Ma_xp_A2000_n65_r24_v00_90000.hdf5; Ma_xp_A2000_s030z_n65_r28_v00_90000.hdf5,True,False,True,0.019107623931739384,low,0.038283508176914983,0.028951187532758257,-0.02026844992911686
21.0,1.1,0.0,,none,65.0,0.002,none,90000,pair_grid,mass_periapsis,"{""mass_log10_kg"": 19.0, ""periapsis_Rm"": 1.2, ""v_inf_kms"": 0.0, ""spin_period_hr"": NaN, ""spin_axis"": ""none"", ""resolution_value"": ""65"", ""fof_linking_length"": 0.002, ""special_case_code"": ""none"", ""timestep"": ""90000""}",0.23512541658176744,0.22958224210131348,0.22621950535150898,0.23512541658176744,0.003949223150041963,0.008905911230258468,extrapolation,1.9350800587509194,1.9895698165464377,2.026442114811097,0,Ma_xp_A2100_n70_r12_v00_90000.hdf5; Ma_xp_A2000_n65_r11_v00_90000.hdf5; Ma_xp_A2000_n65_r12_v00_90000.hdf5,True,False,False,0.0049447645257696396,low,0.23512541658176744,0.2274018043706639,0.22621950535150898
21.0,1.2,0.0,,none,65.0,0.002,none,90000,pair_grid,mass_periapsis,"{""mass_log10_kg"": 19.0, ""periapsis_Rm"": 1.2, ""v_inf_kms"": 0.0, ""spin_period_hr"": NaN, ""spin_axis"": ""none"", ""resolution_value"": ""65"", ""fof_linking_length"": 0.002, ""special_case_code"": ""none"", ""timestep"": ""90000""}",0.24382903229407724,0.2308091845928734,0.21445815134864954,0.24382903229407724,0.012219786133402421,0.029370880945427696,extrapolation,1.9161798670842118,1.9832697526575351,2.008515842842281,0,Ma_xp_A2100_n70_r12_v00_90000.hdf5; Ma_xp_A2000_n65_r12_v00_90000.hdf5; Ma_xp_A2000_n65_r11_v00_90000.hdf5,True,False,False,0.008792375213347114,low,0.24382903229407724,0.23414037013589342,0.21445815134864954
21.0,1.3,0.0,,none,65.0,0.002,none,90000,pair_grid,mass_periapsis,"{""mass_log10_kg"": 19.0, ""periapsis_Rm"": 1.2, ""v_inf_kms"": 0.0, ""spin_period_hr"": NaN, ""spin_axis"": ""none"", ""resolution_value"": ""65"", ""fof_linking_length"": 0.002, ""special_case_code"": ""none"", ""timestep"": ""90000""}",0.2391834493824307,0.22374849867577298,0.20260315465441622,0.2391834493824307,0.015470098781273083,0.03658029472801447,extrapolation,1.9350800587509194,1.9895698165464377,2.0147163876845164,0,Ma_xp_A2100_n70_r12_v00_90000.hdf5; Ma_xp_A2000_n65_r13_v00_90000.hdf5; Ma_xp_A2000_n65_r14_v00_90000.hdf5,True,False,False,0.008640052235319905,low,0.2391834493824307,0.229458891990472,0.20260315465441622
21.0,1.4,0.0,,none,65.0,0.002,none,90000,pair_grid,mass_periapsis,"{""mass_log10_kg"": 19.0, ""periapsis_Rm"": 1.2, ""v_inf_kms"": 0.0, ""spin_period_hr"": NaN, ""spin_axis"": ""none"", ""resolution_value"": ""65"", ""fof_linking_length"": 0.002, ""special_case_code"": ""none"", ""timestep"": ""90000""}",0.22383607635360447,0.21054775668867895,0.19044655964608959,0.22383607635360447,0.014457441684997761,0.03338951670751489,extrapolation,1.9907042688569399,1.9964001324769667,2.008175091954729,0,Ma_xp_A2100_n70_r12_v00_90000.hdf5; Ma_xp_A2100_n70_r16_v00_90000.hdf5; Ma_xp_A2000_n65_r14_v00_90000.hdf5,True,False,False,0.008951323345182229,low,0.22383607635360447,0.21736063406634273,0.19044655964608959
21.0,1.5,0.0,,none,65.0,0.002,none,90000,pair_grid,mass_periapsis,"{""mass_log10_kg"": 19.0, ""periapsis_Rm"": 1.2, ""v_inf_kms"": 0.0, ""spin_period_hr"": NaN, ""spin_axis"": ""none"", ""resolution_value"": ""65"", ""fof_linking_length"": 0.002, ""special_case_code"": ""none"", ""timestep"": ""90000""}",0.21779008957771684,0.19911337403946983,0.1777752308897853,0.21779008957771684,0.016444038973682306,0.04001485868793153,extrapolation,1.9350800587509194,1.9895698165464377,2.0147163876845164,0,Ma_xp_A2100_n70_r16_v00_90000.hdf5; Ma_xp_A2000_n65_r15_v00_90000.hdf5; Ma_xp_A2000_n65_r14_v00_90000.hdf5,True,False,False,0.00966336215026742,low,0.21779008957771684,0.20177480165090736,0.1777752308897853
21.0,1.6,0.0,,none,65.0,0.002,none,90000,pair_grid,mass_periapsis,"{""mass_log10_kg"": 19.0, ""periapsis_Rm"": 1.2, ""v_inf_kms"": 0.0, ""spin_period_hr"": NaN, ""spin_axis"": ""none"", ""resolution_value"": ""65"", ""fof_linking_length"": 0.002, ""special_case_code"": ""none"", ""timestep"": ""90000""}",0.19829625544278684,0.18287339856979656,0.1643356602721572,0.19829625544278684,0.014038218567018299,0.03396059517062963,extrapolation,1.9161798670842118,1.9832697526575351,2.008515842842281,0,Ma_xp_A2100_n70_r16_v00_90000.hdf5; Ma_xp_A2000_n65_r16_v00_90000.hdf5; Ma_xp_A2000_n65_r17_v00_90000.hdf5,True,False,False,0.019327988527723244,low,0.19829625544278684,0.18598827999444562,0.1643356602721572
21.0,1.7,0.0,,none,65.0,0.002,none,90000,pair_grid,mass_periapsis,"{""mass_log10_kg"": 19.0, ""periapsis_Rm"": 1.2, ""v_inf_kms"": 0.0, ""spin_period_hr"": NaN, ""spin_axis"": ""none"", ""resolution_value"": ""65"", ""fof_linking_length"": 0.002, ""special_case_code"": ""none"", ""timestep"": ""90000""}",0.14896405053296088,0.14170462617238214,0.1263784181788794,0.14977140980530615,0.010842276693380747,0.023392991626426746,extrapolation,1.9350800587509194,1.9895698165464377,2.0147163876845164,0,Ma_xp_A2100_n70_r16_v00_90000.hdf5; Ma_xp_A2000_n65_r17_v00_90000.hdf5; Ma_xp_A2000_n65_r16_v00_90000.hdf5,True,False,False,0.033981760573493856,low,0.14896405053296088,0.1263784181788794,0.14977140980530615
21.0,1.8,0.0,,none,65.0,0.002,none,90000,pair_grid,mass_periapsis,"{""mass_log10_kg"": 19.0, ""periapsis_Rm"": 1.2, ""v_inf_kms"": 0.0, ""spin_period_hr"": NaN, ""spin_axis"": ""none"", ""resolution_value"": ""65"", ""fof_linking_length"": 0.002, ""special_case_code"": ""none"", ""timestep"": ""90000""}",0.0743804057709463,0.07969273647521434,0.031230233035690193,0.13346757061900652,0.041906912255337846,0.10223733758331632,extrapolation,1.9907042688569399,2.008111219915111,2.0234207231968266,0,Ma_xp_A2100_n70_r16_v00_90000.hdf5; Ma_xp_A2000_n65_r18_v00_90000.hdf5; Ma_xp_A2000_n65_r19_v00_90000.hdf5,True,False,True,0.024608905863377023,low,0.0743804057709463,0.031230233035690193,0.13346757061900652
21.0,1.9,0.0,,none,65.0,0.002,none,90000,pair_grid,mass_periapsis,"{""mass_log10_kg"": 19.0, ""periapsis_Rm"": 1.2, ""v_inf_kms"": 0.0, ""spin_period_hr"": NaN, ""spin_axis"": ""none"", ""resolution_value"": ""65"", ""fof_linking_length"": 0.002, ""special_case_code"": ""none"", ""timestep"": ""90000""}",0.07235139028899801,0.07175508683715649,0.028949588556486768,0.11396428166598471,0.03470966430722657,0.08501469310949794,extrapolation,2.0077918597170203,2.0198223073532553,2.0437220695912,0,Ma_xp_A2000_n65_r19_v00_90000.hdf5; Ma_xp_A2000_n65_r18_v00_90000.hdf5; Ma_xp_A2000_n65_r20_v00_90000.hdf5,True,False,True,0.0073625631038637136,low,0.07235139028899801,0.028949588556486768,0.11396428166598471
21.0,2.0,0.0,,none,65.0,0.002,none,90000,pair_grid,mass_periapsis,"{""mass_log10_kg"": 19.0, ""periapsis_Rm"": 1.2, ""v_inf_kms"": 0.0, ""spin_period_hr"": NaN, ""spin_axis"": ""none"", ""resolution_value"": ""65"", ""fof_linking_length"": 0.002, ""special_case_code"": ""none"", ""timestep"": ""90000""}",0.061322498809396345,0.055566685493811656,0.028338054106028934,0.07703950356600968,0.02029457784842479,0.04870144945998074,extrapolation,2.0077918597170203,2.0335206053186066,2.051726346235923,0,Ma_xp_A2000_n65_r20_v00_90000.hdf5; Ma_xp_A2000_n65_r19_v00_90000.hdf5; Ma_xp_A2000_n65_r20_v02_90000.hdf5,True,False,True,0.005950011814708616,low,0.061322498809396345,0.028338054106028934,0.07703950356600968
21.0,2.2,0.0,,none,65.0,0.002,none,90000,pair_grid,mass_periapsis,"{""mass_log10_kg"": 19.0, ""periapsis_Rm"": 1.2, ""v_inf_kms"": 0.0, ""spin_period_hr"": NaN, ""spin_axis"": ""none"", ""resolution_value"": ""65"", ""fof_linking_length"": 0.002, ""special_case_code"": ""none"", ""timestep"": ""90000""}",0.055037503428287685,0.047121628591152896,0.028302084042693163,0.05802529830247783,0.013363212495782454,0.029723214259784667,extrapolation,2.0077918597170203,2.0552872583136055,2.0933720184514923,0,Ma_xp_A2000_n65_r22_v00_90000.hdf5; Ma_xp_A2000_n65_r24_v00_90000.hdf5; Ma_xp_A2000_n65_r20_v00_90000.hdf5,True,False,True,0.00445063090637012,low,0.055037503428287685,0.028302084042693163,0.05802529830247783
21.0,2.4,0.0,,none,65.0,0.002,none,90000,pair_grid,mass_periapsis,"{""mass_log10_kg"": 19.0, ""periapsis_Rm"": 1.2, ""v_inf_kms"": 0.0, ""spin_period_hr"": NaN, ""spin_axis"": ""none"", ""resolution_value"": ""65"", ""fof_linking_length"": 0.002, ""special_case_code"": ""none"", ""timestep"": ""90000""}",0.05503086713420123,0.04062287295857367,0.028302084042693163,0.05503086713420123,0.011011335999337494,0.026728783091508067,extrapolation,2.0077918597170203,2.12208998106451,2.2233701827506565,0,Ma_xp_A2000_n65_r24_v00_90000.hdf5; Ma_xp_A2000_n65_r22_v00_90000.hdf5; Ma_xp_A2000_n65_r20_v00_90000.hdf5,True,False,True,0.00466708441777882,low,0.05503086713420123,0.028302084042693163,0.038535667698826624
21.0,2.6,0.0,,none,65.0,0.002,none,90000,pair_grid,mass_periapsis,"{""mass_log10_kg"": 19.0, ""periapsis_Rm"": 1.2, ""v_inf_kms"": 0.0, ""spin_period_hr"": NaN, ""spin_axis"": ""none"", ""resolution_value"": ""65"", ""fof_linking_length"": 0.002, ""special_case_code"": ""none"", ""timestep"": ""90000""}",0.05152040891884253,0.03254315662290632,0.017806976907183268,0.05152040891884253,0.014086373959117836,0.03371343201165926,extrapolation,2.0790349576118983,2.302179889456935,2.41803752957072,0,Ma_xp_A2000_n65_r24_v00_90000.hdf5; Ma_xp_A2000_n65_r22_v00_90000.hdf5; Ma_xp_A2000_s030z_n65_r26_v00_90000.hdf5,True,False,True,0.006086373360764539,low,0.05152040891884253,0.028302084042693163,0.017806976907183268
21.0,2.8,0.0,,none,65.0,0.002,none,90000,pair_grid,mass_periapsis,"{""mass_log10_kg"": 19.0, ""periapsis_Rm"": 1.2, ""v_inf_kms"": 0.0, ""spin_period_hr"": NaN, ""spin_axis"": ""none"", ""resolution_value"": ""65"", ""fof_linking_length"": 0.002, ""special_case_code"": ""none"", ""timestep"": ""90000""}",0.03616306087418217,0.018724905607781662,-0.008290428093530339,0.03616306087418217,0.0193704229936818,0.04445348896771251,extrapolation,2.2794431258646117,2.468861462513207,2.5231441985887564,0,Ma_xp_A2000_n65_r24_v00_90000.hdf5; Ma_xp_A2000_s030z_n65_r28_v00_90000.hdf5; Ma_xp_A2000_n65_r22_v00_90000.hdf5,True,False,True,0.005175490706553992,low,0.03616306087418217,0.028302084042693163,-0.008290428093530339
21.0,3.0,0.0,,none,65.0,0.002,none,90000,pair_grid,mass_periapsis,"{""mass_log10_kg"": 19.0, ""periapsis_Rm"": 1.2, ""v_inf_kms"": 0.0, ""spin_period_hr"": NaN, ""spin_axis"": ""none"", ""resolution_value"": ""65"", ""fof_linking_length"": 0.002, ""special_case_code"": ""none"", ""timestep"": ""90000""}",0.03616306087418217,0.013235996756471293,-0.02475715464746145,0.03616306087418217,0.027056218070133396,0.06092021552164362,extrapolation,2.548061584894295,2.5772365214590303,2.6277142011699217,0,Ma_xp_A2000_s030z_n65_r30_v00_90000.hdf5; Ma_xp_A2000_n65_r24_v00_90000.hdf5; Ma_xp_A2000_s030z_n65_r28_v00_90000.hdf5,True,False,True,0.0023682632858836473,low,0.03616306087418217,0.028302084042693163,-0.02475715464746145
18.0,1.2,0.0,4.7,z,65.0,0.004,none,90000,pair_grid,mass_velocity,"{""mass_log10_kg"": 20.0, ""periapsis_Rm"": 1.2, ""v_inf_kms"": 0.0, ""spin_period_hr"": 4.7, ""spin_axis"": ""z"", ""resolution_value"": ""65"", ""fof_linking_length"": 0.004, ""special_case_code"": ""none"", ""timestep"": ""90000""}",0.0659315145599838,0.07341670169819375,0.04375618775162328,0.11056240278297418,0.02778235185118173,0.0668062150313509,extrapolation,2.0077918597170212,2.0199072709311285,2.0332313265342483,0,Ma_xp_A1900_s047z_n65_r12_v00_90000.hdf5; Ma_xp_A1900_s047z_n65_r11_v00_90000.hdf5; Ma_xp_A1900_s035z_n65_r12_v00_90000.hdf5,True,False,True,0.00973398060288877,low,0.0659315145599838,0.04375618775162328,0.11056240278297418
18.0,1.2,0.2,4.7,z,65.0,0.004,none,90000,pair_grid,mass_velocity,"{""mass_log10_kg"": 20.0, ""periapsis_Rm"": 1.2, ""v_inf_kms"": 0.0, ""spin_period_hr"": 4.7, ""spin_axis"": ""z"", ""resolution_value"": ""65"", ""fof_linking_length"": 0.004, ""special_case_code"": ""none"", ""timestep"": ""90000""}",0.05745808725614078,0.056925304784838676,0.0376159827517873,0.07570184434658794,0.015553051281037487,0.038085861594800645,extrapolation,2.066932425067427,2.0727770056463766,2.08110235836673,0,Ma_xp_A1900_s047z_n65_r12_v04_90000.hdf5; Ma_xp_A1900_s047z_n65_r12_v00_90000.hdf5; Ma_xp_A1900_s047z_n65_r11_v00_90000.hdf5,True,False,True,0.013132180493259068,low,0.05745808725614078,0.0376159827517873,0.07570184434658794
18.0,1.2,0.4,4.7,z,65.0,0.004,none,90000,pair_grid,mass_velocity,"{""mass_log10_kg"": 20.0, ""periapsis_Rm"": 1.2, ""v_inf_kms"": 0.0, ""spin_period_hr"": 4.7, ""spin_axis"": ""z"", ""resolution_value"": ""65"", ""fof_linking_length"": 0.004, ""special_case_code"": ""none"", ""timestep"": ""90000""}",0.03123943290106076,0.032818643856045084,0.0236269327183651,0.0435895659487094,0.008225858083003398,0.0199626332303443,extrapolation,2.0077918597170212,2.039692943408471,2.091305972846431,0,Ma_xp_A1900_s047z_n65_r12_v04_90000.hdf5; Ma_xp_A1900_s030z_n65_r12_v04_90000.hdf5; Ma_xp_A1900_s047z_n65_r12_v06_90000.hdf5,True,False,True,0.014983273429961013,low,0.03123943290106076,0.0236269327183651,0.0435895659487094
18.0,1.2,0.6,4.7,z,65.0,0.004,none,90000,pair_grid,mass_velocity,"{""mass_log10_kg"": 20.0, ""periapsis_Rm"": 1.2, ""v_inf_kms"": 0.0, ""spin_period_hr"": 4.7, ""spin_axis"": ""z"", ""resolution_value"": ""65"", ""fof_linking_length"": 0.004, ""special_case_code"": ""none"", ""timestep"": ""90000""}",0.039979575650322216,0.024230259349835886,0.014245223563789183,0.039979575650322216,0.011268966729186636,0.025734352086533033,extrapolation,2.0077918597170212,2.039692943408471,2.0576956281913983,0,Ma_xp_A1900_s047z_n65_r12_v06_90000.hdf5; Ma_xp_A1900_s030z_n65_r12_v06_90000.hdf5; Ma_xp_A1900_s047z_n65_r12_v08_90000.hdf5,True,False,True,0.010484593137299367,low,0.039979575650322216,0.018465978835396257,0.014245223563789183
18.0,1.2,0.8,4.7,z,65.0,0.004,none,90000,pair_grid,mass_velocity,"{""mass_log10_kg"": 20.0, ""periapsis_Rm"": 1.2, ""v_inf_kms"": 0.0, ""spin_period_hr"": 4.7, ""spin_axis"": ""z"", ""resolution_value"": ""65"", ""fof_linking_length"": 0.004, ""special_case_code"": ""none"", ""timestep"": ""90000""}",0.017176988712741707,0.006710831996951115,-0.012300756377753325,0.017176988712741707,0.01346607256733074,0.02947774509049503,extrapolation,2.0077918597170212,2.039692943408471,2.091305972846431,0,Ma_xp_A1900_s047z_n65_r12_v08_90000.hdf5; Ma_xp_A1900_s030z_n65_r12_v08_90000.hdf5; Ma_xp_A1900_s047z_n65_r12_v06_90000.hdf5,True,False,False,0.01184203929879655,low,0.017176988712741707,0.015256263655864959,-0.012300756377753325
18.0,1.2,1.0,4.7,z,65.0,0.004,none,90000,pair_grid,mass_velocity,"{""mass_log10_kg"": 20.0, ""periapsis_Rm"": 1.2, ""v_inf_kms"": 0.0, ""spin_period_hr"": 4.7, ""spin_axis"": ""z"", ""resolution_value"": ""65"", ""fof_linking_length"": 0.004, ""special_case_code"": ""none"", ""timestep"": ""90000""}",0.006393584852485822,-0.0075252855362558735,-0.03601017507982221,0.007040733618568765,0.020143591199407018,0.043050908698390976,extrapolation,2.066932425067427,2.1347944863580564,2.2050861166338036,0,Ma_xp_A1900_s047z_n65_r12_v08_90000.hdf5; Ma_xp_A1900_s030z_n65_r12_v08_90000.hdf5; Ma_xp_A1900_s047z_n65_r12_v06_90000.hdf5,True,False,False,0.012893649105097839,low,0.006393584852485822,0.007040733618568765,-0.03601017507982221
18.0,1.2,1.2,4.7,z,65.0,0.004,none,90000,pair_grid,mass_velocity,"{""mass_log10_kg"": 20.0, ""periapsis_Rm"": 1.2, ""v_inf_kms"": 0.0, ""spin_period_hr"": 4.7, ""spin_axis"": ""z"", ""resolution_value"": ""65"", ""fof_linking_length"": 0.004, ""special_case_code"": ""none"", ""timestep"": ""90000""}",0.006403421703663918,-0.015771105866141517,-0.05684042429486852,0.006403421703663918,0.029071244158369643,0.06324384599853244,extrapolation,2.138559450215633,2.2138102034946843,2.3301980257111685,0,Ma_xp_A1900_s047z_n65_r12_v15_90000.hdf5; Ma_xp_A1900_s047z_n65_r12_v08_90000.hdf5; Ma_xp_A1900_s030z_n65_r12_v08_90000.hdf5,True,False,False,0.010951519198208992,low,0.006403421703663918,0.003123684992780053,-0.05684042429486852
18.0,1.2,1.4,4.7,z,65.0,0.004,none,90000,pair_grid,mass_velocity,"{""mass_log10_kg"": 20.0, ""periapsis_Rm"": 1.2, ""v_inf_kms"": 0.0, ""spin_period_hr"": 4.7, ""spin_axis"": ""z"", ""resolution_value"": ""65"", ""fof_linking_length"": 0.004, ""special_case_code"": ""none"", ""timestep"": ""90000""}",-0.0005076905291451065,-0.024154745957339855,-0.07474769423147995,0.0027911468886054943,0.03579995710779134,0.07753884112008544,extrapolation,2.0227391147669613,2.334241235381384,2.4083716301821076,0,Ma_xp_A1900_s047z_n65_r12_v15_90000.hdf5; Ma_xp_A1900_s047z_n65_r12_v08_90000.hdf5; Ma_xp_A1900_s047z_n65_r12_v20_90000.hdf5,True,False,False,0.010853313480650925,low,-0.0005076905291451065,0.0027911468886054943,-0.07474769423147995
18.0,1.2,1.5,4.7,z,65.0,0.004,none,90000,pair_grid,mass_velocity,"{""mass_log10_kg"": 20.0, ""periapsis_Rm"": 1.2, ""v_inf_kms"": 0.0, ""spin_period_hr"": 4.7, ""spin_axis"": ""z"", ""resolution_value"": ""65"", ""fof_linking_length"": 0.004, ""special_case_code"": ""none"", ""timestep"": ""90000""}",0.001853298587962066,-0.02600825169356039,-0.08259186586338346,0.0027138121947402265,0.040012199517200704,0.08530567805812368,extrapolation,2.0077918597170212,2.248461597010819,2.41168776391768,0,Ma_xp_A1900_s047z_n65_r12_v15_90000.hdf5; Ma_xp_A1900_s047z_n65_r12_v20_90000.hdf5; Ma_xp_A1900_s030z_n65_r12_v20_90000.hdf5,True,False,False,0.010697544155039146,low,0.001853298587962066,0.0027138121947402265,-0.08259186586338346
18.0,1.2,1.6,4.7,z,65.0,0.004,none,90000,pair_grid,mass_velocity,"{""mass_log10_kg"": 20.0, ""periapsis_Rm"": 1.2, ""v_inf_kms"": 0.0, ""spin_period_hr"": 4.7, ""spin_axis"": ""z"", ""resolution_value"": ""65"", ""fof_linking_length"": 0.004, ""special_case_code"": ""none"", ""timestep"": ""90000""}",-0.0013547917824475839,-0.029427793197197072,-0.08968964918489783,0.0027610613757541934,0.042644683350657436,0.09245071056065202,extrapolation,2.0227391147669613,2.175203425011793,2.4337203688539657,0,Ma_xp_A1900_s047z_n65_r12_v15_90000.hdf5; Ma_xp_A1900_s047z_n65_r12_v20_90000.hdf5; Ma_xp_A1900_s030z_n65_r12_v20_90000.hdf5,True,False,False,0.011154896310698086,low,-0.0013547917824475839,0.0027610613757541934,-0.08968964918489783
18.0,1.2,2.0,4.7,z,65.0,0.004,none,90000,pair_grid,mass_velocity,"{""mass_log10_kg"": 20.0, ""periapsis_Rm"": 1.2, ""v_inf_kms"": 0.0, ""spin_period_hr"": 4.7, ""spin_axis"": ""z"", ""resolution_value"": ""65"", ""fof_linking_length"": 0.004, ""special_case_code"": ""none"", ""timestep"": ""90000""}",-0.0013547917824475839,-0.03639761148385256,-0.11052660699449687,0.002688564325386784,0.052443100364214,0.11321517131988365,extrapolation,2.0077918597170212,2.1351021724423354,2.7110561794478665,0,Ma_xp_A1900_s047z_n65_r12_v20_90000.hdf5; Ma_xp_A1900_s030z_n65_r12_v20_90000.hdf5; Ma_xp_A1900_s047z_n65_r12_v15_90000.hdf5,True,False,False,0.011662246629379992,low,-0.0013547917824475839,0.002688564325386784,-0.11052660699449687
18.5,1.2,0.0,4.7,z,65.0,0.004,none,90000,pair_grid,mass_velocity,"{""mass_log10_kg"": 20.0, ""periapsis_Rm"": 1.2, ""v_inf_kms"": 0.0, ""spin_period_hr"": 4.7, ""spin_axis"": ""z"", ""resolution_value"": ""65"", ""fof_linking_length"": 0.004, ""special_case_code"": ""none"", ""timestep"": ""90000""}",0.0659315145599838,0.07464810130335221,0.04376967440460309,0.11424311494546978,0.02942346703747161,0.07047344054086668,extrapolation,1.0038959298585104,1.0278091791608703,1.0534154252643901,5,Ma_xp_A1900_s047z_n65_r12_v00_90000.hdf5; Ma_xp_A1900_s047z_n65_r11_v00_90000.hdf5; Ma_xp_A1900_s035z_n65_r12_v00_90000.hdf5,True,False,True,0.009282260182839501,low,0.0659315145599838,0.04376967440460309,0.11424311494546978
18.5,1.2,0.2,4.7,z,65.0,0.004,none,90000,pair_grid,mass_velocity,"{""mass_log10_kg"": 20.0, ""periapsis_Rm"": 1.2, ""v_inf_kms"": 0.0, ""spin_period_hr"": 4.7, ""spin_axis"": ""z"", ""resolution_value"": ""65"", ""fof_linking_length"": 0.004, ""special_case_code"": ""none"", ""timestep"": ""90000""}",0.05745808725614078,0.05815220883900388,0.0376159827517873,0.07938255650908355,0.017058194989208054,0.04176657375729625,extrapolation,1.1174920741712955,1.1281944155156474,1.1433112224737658,5,Ma_xp_A1900_s047z_n65_r12_v04_90000.hdf5; Ma_xp_A1900_s047z_n65_r12_v00_90000.hdf5; Ma_xp_A1900_s047z_n65_r11_v00_90000.hdf5,True,False,True,0.012573124583423913,low,0.05745808725614078,0.0376159827517873,0.07938255650908355
18.5,1.2,0.4,4.7,z,65.0,0.004,none,90000,pair_grid,mass_velocity,"{""mass_log10_kg"": 20.0, ""periapsis_Rm"": 1.2, ""v_inf_kms"": 0.0, ""spin_period_hr"": 4.7, ""spin_axis"": ""z"", ""resolution_value"": ""65"", ""fof_linking_length"": 0.004, ""special_case_code"": ""none"", ""timestep"": ""90000""}",0.03123943290106076,0.0340455479102103,0.0236269327183651,0.04727027811120503,0.009854192218702724,0.02364334539283993,extrapolation,1.0038959298585104,1.0655152832952635,1.1565309241238222,5,Ma_xp_A1900_s047z_n65_r12_v04_90000.hdf5; Ma_xp_A1900_s030z_n65_r12_v04_90000.hdf5; Ma_xp_A1900_s047z_n65_r12_v06_90000.hdf5,True,False,True,0.014470624441777054,low,0.03123943290106076,0.0236269327183651,0.04727027811120503
18.5,1.2,0.6,4.7,z,65.0,0.004,none,90000,pair_grid,mass_velocity,"{""mass_log10_kg"": 20.0, ""periapsis_Rm"": 1.2, ""v_inf_kms"": 0.0, ""spin_period_hr"": 4.7, ""spin_axis"": ""z"", ""resolution_value"": ""65"", ""fof_linking_length"": 0.004, ""special_case_code"": ""none"", ""timestep"": ""90000""}",0.039979575650322216,0.025457163404001098,0.017925935726284814,0.039979575650322216,0.010271262652955507,0.022053639924037402,extrapolation,1.0038959298585104,1.0655152832952635,1.0991925159178533,5,Ma_xp_A1900_s047z_n65_r12_v06_90000.hdf5; Ma_xp_A1900_s030z_n65_r12_v06_90000.hdf5; Ma_xp_A1900_s047z_n65_r12_v04_90000.hdf5,True,False,True,0.010076604689009809,low,0.039979575650322216,0.018465978835396257,0.017925935726284814
18.5,1.2,0.8,4.7,z,65.0,0.004,none,90000,pair_grid,mass_velocity,"{""mass_log10_kg"": 20.0, ""periapsis_Rm"": 1.2, ""v_inf_kms"": 0.0, ""spin_period_hr"": 4.7, ""spin_axis"": ""z"", ""resolution_value"": ""65"", ""fof_linking_length"": 0.004, ""special_case_code"": ""none"", ""timestep"": ""90000""}",0.017176988712741707,0.007937736051116329,-0.00862004421525768,0.017176988712741707,0.011734347352911506,0.025797032927999387,extrapolation,1.0038959298585104,1.0655152832952635,1.1565309241238222,5,Ma_xp_A1900_s047z_n65_r12_v08_90000.hdf5; Ma_xp_A1900_s030z_n65_r12_v08_90000.hdf5; Ma_xp_A1900_s047z_n65_r12_v06_90000.hdf5,True,False,False,0.011368143881400904,low,0.017176988712741707,0.015256263655864959,-0.00862004421525768
18.5,1.2,1.0,4.7,z,65.0,0.004,none,90000,pair_grid,mass_velocity,"{""mass_log10_kg"": 20.0, ""periapsis_Rm"": 1.2, ""v_inf_kms"": 0.0, ""spin_period_hr"": 4.7, ""spin_axis"": ""z"", ""resolution_value"": ""65"", ""fof_linking_length"": 0.004, ""special_case_code"": ""none"", ""timestep"": ""90000""}",0.006393584852485822,-0.006298381482090668,-0.03232946291732659,0.007040733618568765,0.018408650156874148,0.03937019653589536,extrapolation,1.1174920741712955,1.2345336149682054,1.3490253077608976,3,Ma_xp_A1900_s047z_n65_r12_v08_90000.hdf5; Ma_xp_A1900_s030z_n65_r12_v08_90000.hdf5; Ma_xp_A1900_s047z_n65_r12_v06_90000.hdf5,True,False,False,0.012366842141057996,low,0.006393584852485822,0.007040733618568765,-0.03232946291732659
18.5,1.2,1.2,4.7,z,65.0,0.004,none,90000,pair_grid,mass_velocity,"{""mass_log10_kg"": 20.0, ""periapsis_Rm"": 1.2, ""v_inf_kms"": 0.0, ""spin_period_hr"": 4.7, ""spin_axis"": ""z"", ""resolution_value"": ""65"", ""fof_linking_length"": 0.004, ""special_case_code"": ""none"", ""timestep"": ""90000""}",0.006403421703663918,-0.014544201811976305,-0.05315971213237289,0.006403421703663918,0.027338097912396553,0.059563133836036807,extrapolation,1.2449961478442977,1.3683881994786333,1.5421761352014014,2,Ma_xp_A1900_s047z_n65_r12_v15_90000.hdf5; Ma_xp_A1900_s047z_n65_r12_v08_90000.hdf5; Ma_xp_A1900_s030z_n65_r12_v08_90000.hdf5,True,False,False,0.010490060939963065,low,0.006403421703663918,0.003123684992780053,-0.05315971213237289
18.5,1.2,1.4,4.7,z,65.0,0.004,none,90000,pair_grid,mass_velocity,"{""mass_log10_kg"": 20.0, ""periapsis_Rm"": 1.2, ""v_inf_kms"": 0.0, ""spin_period_hr"": 4.7, ""spin_axis"": ""z"", ""resolution_value"": ""65"", ""fof_linking_length"": 0.004, ""special_case_code"": ""none"", ""timestep"": ""90000""}",-0.0005076905291451065,-0.022927841903174637,-0.07106698206898429,0.0027911468886054943,0.03406614344677904,0.07385812895758978,extrapolation,1.0334662125337133,1.532697570377678,1.6489796735351856,1,Ma_xp_A1900_s047z_n65_r12_v15_90000.hdf5; Ma_xp_A1900_s047z_n65_r12_v08_90000.hdf5; Ma_xp_A1900_s047z_n65_r12_v20_90000.hdf5,True,False,False,0.0103932157290575,low,-0.0005076905291451065,0.0027911468886054943,-0.07106698206898429
18.5,1.2,1.5,4.7,z,65.0,0.004,none,90000,pair_grid,mass_velocity,"{""mass_log10_kg"": 20.0, ""periapsis_Rm"": 1.2, ""v_inf_kms"": 0.0, ""spin_period_hr"": 4.7, ""spin_axis"": ""z"", ""resolution_value"": ""65"", ""fof_linking_length"": 0.004, ""special_case_code"": ""none"", ""timestep"": ""90000""}",0.001853298587962066,-0.02478134763939519,-0.07891115370088786,0.0027138121947402265,0.03827716507360465,0.08162496589562808,extrapolation,1.0038959298585104,1.4070104063933588,1.6475561243379988,1,Ma_xp_A1900_s047z_n65_r12_v15_90000.hdf5; Ma_xp_A1900_s047z_n65_r12_v20_90000.hdf5; Ma_xp_A1900_s030z_n65_r12_v20_90000.hdf5,True,False,False,0.010245051105827565,low,0.001853298587962066,0.0027138121947402265,-0.07891115370088786
18.5,1.2,1.6,4.7,z,65.0,0.004,none,90000,pair_grid,mass_velocity,"{""mass_log10_kg"": 20.0, ""periapsis_Rm"": 1.2, ""v_inf_kms"": 0.0, ""spin_period_hr"": 4.7, ""spin_axis"": ""z"", ""resolution_value"": ""65"", ""fof_linking_length"": 0.004, ""special_case_code"": ""none"", ""timestep"": ""90000""}",-0.0013547917824475839,-0.02820088914303186,-0.0860089370224022,0.0027610613757541934,0.040910983541690045,0.08876999839815639,extrapolation,1.0334662125337135,1.2978782210417716,1.667529436223796,2,Ma_xp_A1900_s047z_n65_r12_v15_90000.hdf5; Ma_xp_A1900_s047z_n65_r12_v20_90000.hdf5; Ma_xp_A1900_s030z_n65_r12_v20_90000.hdf5,True,False,False,0.010680574636871353,low,-0.0013547917824475839,0.0027610613757541934,-0.0860089370224022
18.5,1.2,2.0,4.7,z,65.0,0.004,none,90000,pair_grid,mass_velocity,"{""mass_log10_kg"": 20.0, ""periapsis_Rm"": 1.2, ""v_inf_kms"": 0.0, ""spin_period_hr"": 4.7, ""spin_axis"": ""z"", ""resolution_value"": ""65"", ""fof_linking_length"": 0.004, ""special_case_code"": ""none"", ""timestep"": ""90000""}",-0.0013547917824475839,-0.035170707429687365,-0.1068458948320013,0.002688564325386784,0.05070888514531621,0.10953445915738808,extrapolation,1.0038959298585104,1.2215317114079685,1.9823719651449145,2,Ma_xp_A1900_s047z_n65_r12_v20_90000.hdf5; Ma_xp_A1900_s030z_n65_r12_v20_90000.hdf5; Ma_xp_A1900_s047z_n65_r12_v15_90000.hdf5,True,False,False,0.011119569460441112,low,-0.0013547917824475839,0.002688564325386784,-0.1068458948320013
19.0,1.2,0.0,4.7,z,65.0,0.004,none,90000,pair_grid,mass_velocity,"{""mass_log10_kg"": 20.0, ""periapsis_Rm"": 1.2, ""v_inf_kms"": 0.0, ""spin_period_hr"": 4.7, ""spin_axis"": ""z"", ""resolution_value"": ""65"", ""fof_linking_length"": 0.004, ""special_case_code"": ""none"", ""timestep"": ""90000""}",0.0659315145599838,0.08277796473865591,0.04849978876796212,0.1339025908880218,0.036844373746940697,0.08540280212005968,boundary interpolation,0.0,0.18049935796402547,0.2792920223073085,5,Ma_xp_A1900_s047z_n65_r12_v00_90000.hdf5; Ma_xp_A1900_s047z_n65_r11_v00_90000.hdf5; Ma_xp_A1900_s035z_n65_r12_v00_90000.hdf5,True,True,False,0.019732649318917602,low,0.0659315145599838,0.04849978876796212,0.1339025908880218
19.0,1.2,0.2,4.7,z,65.0,0.004,none,90000,pair_grid,mass_velocity,"{""mass_log10_kg"": 20.0, ""periapsis_Rm"": 1.2, ""v_inf_kms"": 0.0, ""spin_period_hr"": 4.7, ""spin_axis"": ""z"", ""resolution_value"": ""65"", ""fof_linking_length"": 0.004, ""special_case_code"": ""none"", ""timestep"": ""90000""}",0.05745808725614078,0.06567986915274816,0.040539487750468145,0.09904203245163558,0.0245809574982283,0.05850254470116743,sparse interpolation,0.49089866352352296,0.5139833427323883,0.545366762526633,5,Ma_xp_A1900_s047z_n65_r12_v04_90000.hdf5; Ma_xp_A1900_s047z_n65_r12_v00_90000.hdf5; Ma_xp_A1900_s047z_n65_r11_v00_90000.hdf5,True,True,True,0.020240717772936997,medium,0.05745808725614078,0.040539487750468145,0.09904203245163558
19.0,1.2,0.4,4.7,z,65.0,0.004,none,90000,pair_grid,mass_velocity,"{""mass_log10_kg"": 20.0, ""periapsis_Rm"": 1.2, ""v_inf_kms"": 0.0, ""spin_period_hr"": 4.7, ""spin_axis"": ""z"", ""resolution_value"": ""65"", ""fof_linking_length"": 0.004, ""special_case_code"": ""none"", ""timestep"": ""90000""}",0.03123943290106076,0.041103403673151954,0.025141024064638067,0.06692975405375703,0.01843091475520364,0.041788729989118964,sparse interpolation,0.0,0.29193693450776287,0.4962836160578602,5,Ma_xp_A1900_s047z_n65_r12_v04_90000.hdf5; Ma_xp_A1900_s030z_n65_r12_v04_90000.hdf5; Ma_xp_A1900_s047z_n65_r12_v06_90000.hdf5,True,True,True,0.018372230225625032,medium,0.03123943290106076,0.025141024064638067,0.06692975405375703
19.0,1.2,0.6,4.7,z,65.0,0.004,none,90000,pair_grid,mass_velocity,"{""mass_log10_kg"": 20.0, ""periapsis_Rm"": 1.2, ""v_inf_kms"": 0.0, ""spin_period_hr"": 4.7, ""spin_axis"": ""z"", ""resolution_value"": ""65"", ""fof_linking_length"": 0.004, ""special_case_code"": ""none"", ""timestep"": ""90000""}",0.039979575650322216,0.03214226291626446,0.01886180142963432,0.039979575650322216,0.009441433445756011,0.021117774220687897,sparse interpolation,0.0,0.29193693450776287,0.3981038833531557,5,Ma_xp_A1900_s047z_n65_r12_v06_90000.hdf5; Ma_xp_A1900_s030z_n65_r12_v06_90000.hdf5; Ma_xp_A1900_s047z_n65_r12_v04_90000.hdf5,True,True,True,0.01615229948443477,medium,0.039979575650322216,0.01886180142963432,0.037585411668836846
19.0,1.2,0.8,4.7,z,65.0,0.004,none,90000,pair_grid,mass_velocity,"{""mass_log10_kg"": 20.0, ""periapsis_Rm"": 1.2, ""v_inf_kms"": 0.0, ""spin_period_hr"": 4.7, ""spin_axis"": ""z"", ""resolution_value"": ""65"", ""fof_linking_length"": 0.004, ""special_case_code"": ""none"", ""timestep"": ""90000""}",0.017176988712741707,0.014548683686372367,0.011039431727294352,0.017176988712741707,0.0025819181578934708,0.0061375569854473545,sparse interpolation,0.0,0.2919369345077629,0.4962836160578604,5,Ma_xp_A1900_s047z_n65_r12_v08_90000.hdf5; Ma_xp_A1900_s030z_n65_r12_v08_90000.hdf5; Ma_xp_A1900_s047z_n65_r12_v06_90000.hdf5,True,True,False,0.012479425225034898,medium,0.017176988712741707,0.015429630619081038,0.011039431727294352
19.0,1.2,1.0,4.7,z,65.0,0.004,none,90000,pair_grid,mass_velocity,"{""mass_log10_kg"": 20.0, ""periapsis_Rm"": 1.2, ""v_inf_kms"": 0.0, ""spin_period_hr"": 4.7, ""spin_axis"": ""z"", ""resolution_value"": ""65"", ""fof_linking_length"": 0.004, ""special_case_code"": ""none"", ""timestep"": ""90000""}",0.006393584852485822,0.00031256615316537065,-0.01266998697477456,0.00721410058178485,0.009186160815971817,0.01988408755655941,sparse interpolation,0.49089866352352285,0.6988353134298452,0.8756612447168083,5,Ma_xp_A1900_s047z_n65_r12_v08_90000.hdf5; Ma_xp_A1900_s030z_n65_r12_v08_90000.hdf5; Ma_xp_A1900_s047z_n65_r12_v06_90000.hdf5,True,True,False,0.012349894669618453,medium,0.006393584852485822,0.00721410058178485,-0.01266998697477456
19.0,1.2,1.2,4.7,z,65.0,0.004,none,90000,pair_grid,mass_velocity,"{""mass_log10_kg"": 20.0, ""periapsis_Rm"": 1.2, ""v_inf_kms"": 0.0, ""spin_period_hr"": 4.7, ""spin_axis"": ""z"", ""resolution_value"": ""65"", ""fof_linking_length"": 0.004, ""special_case_code"": ""none"", ""timestep"": ""90000""}",0.006403421703663918,-0.007957868062945362,-0.03350023618982087,0.006403421703663918,0.018107785863064135,0.03990365789348479,sparse interpolation,0.7363479952852843,0.9242329822726761,1.153512286324073,3,Ma_xp_A1900_s047z_n65_r12_v15_90000.hdf5; Ma_xp_A1900_s047z_n65_r12_v08_90000.hdf5; Ma_xp_A1900_s030z_n65_r12_v08_90000.hdf5,True,True,False,0.010486486528740247,medium,0.006403421703663918,0.0032232102973208687,-0.03350023618982087
19.0,1.2,1.4,4.7,z,65.0,0.004,none,90000,pair_grid,mass_velocity,"{""mass_log10_kg"": 20.0, ""periapsis_Rm"": 1.2, ""v_inf_kms"": 0.0, ""spin_period_hr"": 4.7, ""spin_axis"": ""z"", ""resolution_value"": ""65"", ""fof_linking_length"": 0.004, ""special_case_code"": ""none"", ""timestep"": ""90000""}",-0.0005076905291451065,-0.016341508154143692,-0.05140750612643227,0.00289067219314631,0.024834188499492326,0.05429817831957858,sparse interpolation,0.24544933176176142,1.063613770967633,1.2470348602732866,1,Ma_xp_A1900_s047z_n65_r12_v15_90000.hdf5; Ma_xp_A1900_s047z_n65_r12_v08_90000.hdf5; Ma_xp_A1900_s047z_n65_r12_v20_90000.hdf5,True,True,False,0.010454543302249361,medium,-0.0005076905291451065,0.00289067219314631,-0.05140750612643227
19.0,1.2,1.5,4.7,z,65.0,0.004,none,90000,pair_grid,mass_velocity,"{""mass_log10_kg"": 20.0, ""periapsis_Rm"": 1.2, ""v_inf_kms"": 0.0, ""spin_period_hr"": 4.7, ""spin_axis"": ""z"", ""resolution_value"": ""65"", ""fof_linking_length"": 0.004, ""special_case_code"": ""none"", ""timestep"": ""90000""}",0.001853298587962066,-0.018228188991877847,-0.05925167775833583,0.0027138121947402265,0.029010114257452126,0.061965489953076054,sparse interpolation,0.0,0.837813126800314,1.1984635409375524,3,Ma_xp_A1900_s047z_n65_r12_v15_90000.hdf5; Ma_xp_A1900_s047z_n65_r12_v20_90000.hdf5; Ma_xp_A1900_s030z_n65_r12_v20_90000.hdf5,True,True,False,0.010281567694024071,medium,0.001853298587962066,0.0027138121947402265,-0.05925167775833583
19.0,1.2,1.6,4.7,z,65.0,0.004,none,90000,pair_grid,mass_velocity,"{""mass_log10_kg"": 20.0, ""periapsis_Rm"": 1.2, ""v_inf_kms"": 0.0, ""spin_period_hr"": 4.7, ""spin_axis"": ""z"", ""resolution_value"": ""65"", ""fof_linking_length"": 0.004, ""special_case_code"": ""none"", ""timestep"": ""90000""}",-0.0013547917824475839,-0.021647730495514505,-0.06634946107985012,0.0027610613757541934,0.03165352639365652,0.06911052245560431,boundary interpolation,0.24544933176176187,0.7606000944315019,1.2492720069623726,3,Ma_xp_A1900_s047z_n65_r12_v15_90000.hdf5; Ma_xp_A1900_s047z_n65_r12_v20_90000.hdf5; Ma_xp_A1900_s030z_n65_r12_v20_90000.hdf5,True,True,False,0.010753563979736945,medium,-0.0013547917824475839,0.0027610613757541934,-0.06634946107985012
19.0,1.2,2.0,4.7,z,65.0,0.004,none,90000,pair_grid,mass_velocity,"{""mass_log10_kg"": 20.0, ""periapsis_Rm"": 1.2, ""v_inf_kms"": 0.0, ""spin_period_hr"": 4.7, ""spin_axis"": ""z"", ""resolution_value"": ""65"", ""fof_linking_length"": 0.004, ""special_case_code"": ""none"", ""timestep"": ""90000""}",-0.0013547917824475839,-0.02861754878217,-0.0871864188894492,0.002688564325386784,0.041447328754988924,0.08987498321483597,sparse interpolation,0.0,0.5373862662695245,1.2230059918153984,3,Ma_xp_A1900_s047z_n65_r12_v20_90000.hdf5; Ma_xp_A1900_s030z_n65_r12_v20_90000.hdf5; Ma_xp_A1900_s047z_n65_r12_v15_90000.hdf5,True,True,False,0.011186831317885323,low,-0.0013547917824475839,0.002688564325386784,-0.0871864188894492
19.5,1.2,0.0,4.7,z,65.0,0.004,none,90000,pair_grid,mass_velocity,"{""mass_log10_kg"": 20.0, ""periapsis_Rm"": 1.2, ""v_inf_kms"": 0.0, ""spin_period_hr"": 4.7, ""spin_axis"": ""z"", ""resolution_value"": ""65"", ""fof_linking_length"": 0.004, ""special_case_code"": ""none"", ""timestep"": ""90000""}",0.12704044760121225,0.1304157179709267,0.08981767619974787,0.17438903011181991,0.03460850389891421,0.08457135391207204,boundary interpolation,1.0038959298585104,1.014040582751986,1.0242313411735715,5,Ma_xp_A2000_s047z_n65_r12_v00_90000.hdf5; Ma_xp_A1900_s047z_n65_r12_v00_90000.hdf5; Ma_xp_A2000_s036z_n65_r12_v00_90000.hdf5,True,True,False,0.04564505143846111,low,0.12704044760121225,0.08981767619974787,0.17438903011181991
19.5,1.2,0.2,4.7,z,65.0,0.004,none,90000,pair_grid,mass_velocity,"{""mass_log10_kg"": 20.0, ""periapsis_Rm"": 1.2, ""v_inf_kms"": 0.0, ""spin_period_hr"": 4.7, ""spin_axis"": ""z"", ""resolution_value"": ""65"", ""fof_linking_length"": 0.004, ""special_case_code"": ""none"", ""timestep"": ""90000""}",0.11476995843006298,0.10948756790983354,0.07416427362400389,0.1395284716754337,0.026944972739923027,0.0653641980514298,sparse interpolation,1.0038959298585104,1.0655152832952635,1.0863059996456763,5,Ma_xp_A2000_s047z_n65_r12_v02_90000.hdf5; Ma_xp_A2000_s030z_n65_r12_v02_90000.hdf5; Ma_xp_A2000_s047z_n65_r12_v00_90000.hdf5,True,True,False,0.04568117500023761,medium,0.11476995843006298,0.07416427362400389,0.1395284716754337
19.5,1.2,0.4,4.7,z,65.0,0.004,none,90000,pair_grid,mass_velocity,"{""mass_log10_kg"": 20.0, ""periapsis_Rm"": 1.2, ""v_inf_kms"": 0.0, ""spin_period_hr"": 4.7, ""spin_axis"": ""z"", ""resolution_value"": ""65"", ""fof_linking_length"": 0.004, ""special_case_code"": ""none"", ""timestep"": ""90000""}",0.07964225999079452,0.0840331014266884,0.06504085101171556,0.10741619327755514,0.0175760637311683,0.04237534226583958,sparse interpolation,1.0038959298585104,1.0276499018576686,1.0551199251200571,5,Ma_xp_A2000_s047z_n65_r12_v04_90000.hdf5; Ma_xp_A1900_s047z_n65_r12_v04_90000.hdf5; Ma_xp_A1900_s030z_n65_r12_v04_90000.hdf5,True,True,False,0.04388482619317248,medium,0.07964225999079452,0.06504085101171556,0.10741619327755514
19.5,1.2,0.6,4.7,z,65.0,0.004,none,90000,pair_grid,mass_velocity,"{""mass_log10_kg"": 20.0, ""periapsis_Rm"": 1.2, ""v_inf_kms"": 0.0, ""spin_period_hr"": 4.7, ""spin_axis"": ""z"", ""resolution_value"": ""65"", ""fof_linking_length"": 0.004, ""special_case_code"": ""none"", ""timestep"": ""90000""}",0.08258579557073868,0.07172273628329882,0.054510562386522805,0.08258579557073868,0.012309565977425534,0.028075233184215877,sparse interpolation,1.0038959298585104,1.0276499018576686,1.0551199251200571,5,Ma_xp_A2000_s047z_n65_r12_v06_90000.hdf5; Ma_xp_A1900_s047z_n65_r12_v06_90000.hdf5; Ma_xp_A1900_s030z_n65_r12_v06_90000.hdf5,True,True,True,0.029113445853667066,medium,0.08258579557073868,0.054510562386522805,0.07807185089263496
19.5,1.2,0.8,4.7,z,65.0,0.004,none,90000,pair_grid,mass_velocity,"{""mass_log10_kg"": 20.0, ""periapsis_Rm"": 1.2, ""v_inf_kms"": 0.0, ""spin_period_hr"": 4.7, ""spin_axis"": ""z"", ""resolution_value"": ""65"", ""fof_linking_length"": 0.004, ""special_case_code"": ""none"", ""timestep"": ""90000""}",0.03904164343009201,0.04326193668382594,0.03904164343009201,0.05152587095109247,0.005843928968526145,0.012484227521000459,sparse interpolation,1.0038959298585104,1.0276499018576686,1.0551199251200571,5,Ma_xp_A1900_s047z_n65_r12_v08_90000.hdf5; Ma_xp_A2000_s047z_n65_r12_v08_90000.hdf5; Ma_xp_A2000_s030z_n65_r12_v08_90000.hdf5,True,True,True,0.020875144737364626,medium,0.03904164343009201,0.03921829567029333,0.05152587095109247
19.5,1.2,1.0,4.7,z,65.0,0.004,none,90000,pair_grid,mass_velocity,"{""mass_log10_kg"": 20.0, ""periapsis_Rm"": 1.2, ""v_inf_kms"": 0.0, ""spin_period_hr"": 4.7, ""spin_axis"": ""z"", ""resolution_value"": ""65"", ""fof_linking_length"": 0.004, ""special_case_code"": ""none"", ""timestep"": ""90000""}",0.010360420683602801,0.020880261621286044,0.010360420683602801,0.02781645224902355,0.007563516451193937,0.01745603156542075,sparse interpolation,1.0038959298585104,1.0655152832952635,1.0863059996456763,5,Ma_xp_A2000_s047z_n65_r12_v10_90000.hdf5; Ma_xp_A2000_s030z_n65_r12_v10_90000.hdf5; Ma_xp_A1900_s047z_n65_r12_v08_90000.hdf5,True,True,True,0.014173731824598681,medium,0.010360420683602801,0.024463911931231774,0.02781645224902355
19.5,1.2,1.2,4.7,z,65.0,0.004,none,90000,pair_grid,mass_velocity,"{""mass_log10_kg"": 20.0, ""periapsis_Rm"": 1.2, ""v_inf_kms"": 0.0, ""spin_period_hr"": 4.7, ""spin_axis"": ""z"", ""resolution_value"": ""65"", ""fof_linking_length"": 0.004, ""special_case_code"": ""none"", ""timestep"": ""90000""}",0.004682605336815365,0.010311091865945934,0.004682605336815365,0.019264467227045213,0.006400460314443385,0.014581861890229848,sparse interpolation,1.0038959298585104,1.0655152832952635,1.0991925159178533,5,Ma_xp_A2000_s047z_n65_r12_v12_90000.hdf5; Ma_xp_A2000_s030z_n65_r12_v12_90000.hdf5; Ma_xp_A2000_s047z_n65_r12_v14_90000.hdf5,True,True,False,0.011197679812959237,medium,0.004682605336815365,0.019264467227045213,0.006986203033977227
19.5,1.2,1.4,4.7,z,65.0,0.004,none,90000,pair_grid,mass_velocity,"{""mass_log10_kg"": 20.0, ""periapsis_Rm"": 1.2, ""v_inf_kms"": 0.0, ""spin_period_hr"": 4.7, ""spin_axis"": ""z"", ""resolution_value"": ""65"", ""fof_linking_length"": 0.004, ""special_case_code"": ""none"", ""timestep"": ""90000""}",-0.003933334201850749,-0.00020375515551208806,-0.010921066902634169,0.014243135637948653,0.010606337485140194,0.02516420254058282,sparse interpolation,1.0038959298585104,1.037506662749403,1.0695008273181599,5,Ma_xp_A2000_s047z_n65_r12_v14_90000.hdf5; Ma_xp_A1900_s047z_n65_r12_v15_90000.hdf5; Ma_xp_A2000_s030z_n65_r12_v14_90000.hdf5,True,True,False,0.010505259730662901,medium,-0.003933334201850749,0.014243135637948653,-0.010921066902634169
19.5,1.2,1.5,4.7,z,65.0,0.004,none,90000,pair_grid,mass_velocity,"{""mass_log10_kg"": 20.0, ""periapsis_Rm"": 1.2, ""v_inf_kms"": 0.0, ""spin_period_hr"": 4.7, ""spin_axis"": ""z"", ""resolution_value"": ""65"", ""fof_linking_length"": 0.004, ""special_case_code"": ""none"", ""timestep"": ""90000""}",-0.0022891111394709746,-0.0022913028237542114,-0.01876523853453775,0.014180441202746091,0.013450017520199958,0.032945679737283844,sparse interpolation,1.0038959298585104,1.0236094516419791,1.0552932748311454,5,Ma_xp_A1900_s047z_n65_r12_v15_90000.hdf5; Ma_xp_A2000_s047z_n65_r12_v14_90000.hdf5; Ma_xp_A2000_s047z_n65_r12_v16_90000.hdf5,True,True,False,0.01044909466537317,medium,-0.0022891111394709746,0.014180441202746091,-0.01876523853453775
19.5,1.2,1.6,4.7,z,65.0,0.004,none,90000,pair_grid,mass_velocity,"{""mass_log10_kg"": 20.0, ""periapsis_Rm"": 1.2, ""v_inf_kms"": 0.0, ""spin_period_hr"": 4.7, ""spin_axis"": ""z"", ""resolution_value"": ""65"", ""fof_linking_length"": 0.004, ""special_case_code"": ""none"", ""timestep"": ""90000""}",-0.005497201509880623,-0.005713193642218302,-0.025863021856052076,0.014220642439277793,0.016364800137003394,0.04008366429532987,boundary interpolation,1.0038959298585104,1.0375066627494032,1.0823873435903368,5,Ma_xp_A2000_s047z_n65_r12_v16_90000.hdf5; Ma_xp_A1900_s047z_n65_r12_v15_90000.hdf5; Ma_xp_A2000_s030z_n65_r12_v16_90000.hdf5,True,True,False,0.010648100081582195,medium,-0.005497201509880623,0.014220642439277793,-0.025863021856052076
19.5,1.2,2.0,4.7,z,65.0,0.004,none,90000,pair_grid,mass_velocity,"{""mass_log10_kg"": 20.0, ""periapsis_Rm"": 1.2, ""v_inf_kms"": 0.0, ""spin_period_hr"": 4.7, ""spin_axis"": ""z"", ""resolution_value"": ""65"", ""fof_linking_length"": 0.004, ""special_case_code"": ""none"", ""timestep"": ""90000""}",-0.005497201509880623,-0.01264346582812728,-0.04669997966565112,0.014266783691149906,0.025397353915066666,0.060966763356801026,extrapolation,1.0038959298585104,1.1610792969718782,1.3049527169631012,3,Ma_xp_A1900_s047z_n65_r12_v20_90000.hdf5; Ma_xp_A1900_s030z_n65_r12_v20_90000.hdf5; Ma_xp_A2000_s047z_n65_r12_v16_90000.hdf5,True,False,False,0.011110230198997042,low,-0.005497201509880623,0.014266783691149906,-0.04669997966565112
20.0,1.2,1.5,4.7,z,65.0,0.004,none,90000,pair_grid,mass_velocity,"{""mass_log10_kg"": 20.0, ""periapsis_Rm"": 1.2, ""v_inf_kms"": 0.0, ""spin_period_hr"": 4.7, ""spin_axis"": ""z"", ""resolution_value"": ""65"", ""fof_linking_length"": 0.004, ""special_case_code"": ""none"", ""timestep"": ""90000""}",0.008549252027513995,0.017956963389100657,0.0013368468225370845,0.04398479131725089,0.018638500783829913,0.042647944494713805,boundary interpolation,0.24544933176176142,0.315803380666928,0.4280539231526658,5,Ma_xp_A2000_s047z_n65_r12_v14_90000.hdf5; Ma_xp_A2000_s047z_n65_r12_v16_90000.hdf5; Ma_xp_A2000_s030z_n65_r12_v14_90000.hdf5,True,True,True,0.01732374330044109,medium,0.008549252027513995,0.0013368468225370845,0.04398479131725089
20.0,1.2,2.0,4.7,z,65.0,0.004,none,90000,pair_grid,mass_velocity,"{""mass_log10_kg"": 20.0, ""periapsis_Rm"": 1.2, ""v_inf_kms"": 0.0, ""spin_period_hr"": 4.7, ""spin_axis"": ""z"", ""resolution_value"": ""65"", ""fof_linking_length"": 0.004, ""special_case_code"": ""none"", ""timestep"": ""90000""}",0.0039195234868098635,0.007432297179105853,0.0023273178643702153,0.016050050186137477,0.006128242263144415,0.013722732321767262,extrapolation,0.9817973270470457,1.1696823140344377,1.3989616180858344,2,Ma_xp_A2000_s047z_n65_r12_v16_90000.hdf5; Ma_xp_A2000_s030z_n65_r12_v16_90000.hdf5; Ma_xp_A2000_s047z_n65_r12_v14_90000.hdf5,True,False,False,0.017995088119518783,low,0.0039195234868098635,0.0023273178643702153,0.016050050186137477
20.5,1.2,0.0,4.7,z,65.0,0.004,none,90000,pair_grid,mass_velocity,"{""mass_log10_kg"": 20.0, ""periapsis_Rm"": 1.2, ""v_inf_kms"": 0.0, ""spin_period_hr"": 4.7, ""spin_axis"": ""z"", ""resolution_value"": ""65"", ""fof_linking_length"": 0.004, ""special_case_code"": ""none"", ""timestep"": ""90000""}",0.296927825881122,0.28637131298487717,0.2558850861659774,0.30630102690753214,0.02189401354420012,0.050415940741554754,boundary interpolation,1.0038959298585104,1.0259144324011324,1.0384837243730662,5,Ma_xp_A2000_s047z_n65_r12_v00_90000.hdf5; Ma_xp_A2000_s036z_n65_r12_v00_90000.hdf5; Ma_xp_A2000_s047z_n65_r11_v00_90000.hdf5,True,True,False,0.012943769128665879,medium,0.296927825881122,0.2558850861659774,0.30630102690753214
20.5,1.2,0.2,4.7,z,65.0,0.004,none,90000,pair_grid,mass_velocity,"{""mass_log10_kg"": 20.0, ""periapsis_Rm"": 1.2, ""v_inf_kms"": 0.0, ""spin_period_hr"": 4.7, ""spin_axis"": ""z"", ""resolution_value"": ""65"", ""fof_linking_length"": 0.004, ""special_case_code"": ""none"", ""timestep"": ""90000""}",0.27910498877503076,0.26702745446048515,0.2505369061352788,0.27910498877503076,0.012073106640287755,0.02856808263975197,extrapolation,1.0038959298585104,1.0655152832952635,1.0917896641254239,5,Ma_xp_A2000_s047z_n65_r12_v02_90000.hdf5; Ma_xp_A2000_s030z_n65_r12_v02_90000.hdf5; Ma_xp_A2000_s047z_n65_r12_v00_90000.hdf5,True,False,False,0.014466763047066155,low,0.27910498877503076,0.2505369061352788,0.2714404684711459
20.5,1.2,0.4,4.7,z,65.0,0.004,none,90000,pair_grid,mass_velocity,"{""mass_log10_kg"": 20.0, ""periapsis_Rm"": 1.2, ""v_inf_kms"": 0.0, ""spin_period_hr"": 4.7, ""spin_axis"": ""z"", ""resolution_value"": ""65"", ""fof_linking_length"": 0.004, ""special_case_code"": ""none"", ""timestep"": ""90000""}",0.25412767617715337,0.24169933063412685,0.23164212565195985,0.25412767617715337,0.009331549577455772,0.02248555052519352,extrapolation,1.0038959298585104,1.0655152832952635,1.0991925159178533,5,Ma_xp_A2000_s047z_n65_r12_v04_90000.hdf5; Ma_xp_A2000_s030z_n65_r12_v04_90000.hdf5; Ma_xp_A2000_s047z_n65_r12_v06_90000.hdf5,True,False,False,0.023656781134742597,low,0.25412767617715337,0.23164212565195985,0.23932819007326736
20.5,1.2,0.6,4.7,z,65.0,0.004,none,90000,pair_grid,mass_velocity,"{""mass_log10_kg"": 20.0, ""periapsis_Rm"": 1.2, ""v_inf_kms"": 0.0, ""spin_period_hr"": 4.7, ""spin_axis"": ""z"", ""resolution_value"": ""65"", ""fof_linking_length"": 0.004, ""special_case_code"": ""none"", ""timestep"": ""90000""}",0.19226763241436107,0.19118173763473936,0.17129373280150983,0.20998384768834719,0.015813825661816213,0.03869011488683735,extrapolation,1.0038959298585104,1.0655152832952635,1.0991925159178533,5,Ma_xp_A2000_s047z_n65_r12_v06_90000.hdf5; Ma_xp_A2000_s030z_n65_r12_v06_90000.hdf5; Ma_xp_A2000_s047z_n65_r12_v04_90000.hdf5,True,False,False,0.03455306124350036,low,0.19226763241436107,0.17129373280150983,0.20998384768834719
20.5,1.2,0.8,4.7,z,65.0,0.004,none,90000,pair_grid,mass_velocity,"{""mass_log10_kg"": 20.0, ""periapsis_Rm"": 1.2, ""v_inf_kms"": 0.0, ""spin_period_hr"": 4.7, ""spin_axis"": ""z"", ""resolution_value"": ""65"", ""fof_linking_length"": 0.004, ""special_case_code"": ""none"", ""timestep"": ""90000""}",0.10735482062267339,0.12414640542186818,0.08164652789612645,0.1834378677468047,0.04321911002631808,0.10179133985067826,extrapolation,1.0038959298585104,1.0655152832952635,1.0991925159178533,5,Ma_xp_A2000_s047z_n65_r12_v08_90000.hdf5; Ma_xp_A2000_s030z_n65_r12_v08_90000.hdf5; Ma_xp_A2000_s047z_n65_r12_v10_90000.hdf5,True,False,False,0.03151268477931146,low,0.10735482062267339,0.08164652789612645,0.1834378677468047
20.5,1.2,1.0,4.7,z,65.0,0.004,none,90000,pair_grid,mass_velocity,"{""mass_log10_kg"": 20.0, ""periapsis_Rm"": 1.2, ""v_inf_kms"": 0.0, ""spin_period_hr"": 4.7, ""spin_axis"": ""z"", ""resolution_value"": ""65"", ""fof_linking_length"": 0.004, ""special_case_code"": ""none"", ""timestep"": ""90000""}",0.06218913861288614,0.0868209591840281,0.038545289894462396,0.15972844904473577,0.05244924183688975,0.12118315915027336,extrapolation,1.0038959298585104,1.0655152832952635,1.0991925159178533,5,Ma_xp_A2000_s047z_n65_r12_v10_90000.hdf5; Ma_xp_A2000_s030z_n65_r12_v10_90000.hdf5; Ma_xp_A2000_s047z_n65_r12_v08_90000.hdf5,True,False,False,0.02144051074721161,low,0.06218913861288614,0.038545289894462396,0.15972844904473577
20.5,1.2,1.2,4.7,z,65.0,0.004,none,90000,pair_grid,mass_velocity,"{""mass_log10_kg"": 20.0, ""periapsis_Rm"": 1.2, ""v_inf_kms"": 0.0, ""spin_period_hr"": 4.7, ""spin_axis"": ""z"", ""resolution_value"": ""65"", ""fof_linking_length"": 0.004, ""special_case_code"": ""none"", ""timestep"": ""90000""}",0.06397462848019603,0.07727286443592128,0.028945764997878404,0.13889819982968943,0.04586223421662985,0.10995243483181102,extrapolation,1.0038959298585104,1.0655152832952635,1.0991925159178533,5,Ma_xp_A2000_s047z_n65_r12_v12_90000.hdf5; Ma_xp_A2000_s030z_n65_r12_v12_90000.hdf5; Ma_xp_A2000_s047z_n65_r12_v14_90000.hdf5,True,False,True,0.016287459272609123,low,0.06397462848019603,0.028945764997878404,0.13889819982968943
20.5,1.2,1.4,4.7,z,65.0,0.004,none,90000,pair_grid,mass_velocity,"{""mass_log10_kg"": 20.0, ""periapsis_Rm"": 1.2, ""v_inf_kms"": 0.0, ""spin_period_hr"": 4.7, ""spin_axis"": ""z"", ""resolution_value"": ""65"", ""fof_linking_length"": 0.004, ""special_case_code"": ""none"", ""timestep"": ""90000""}",0.055337079220490935,0.06775450952568206,0.026935519463477196,0.12099092989307803,0.039389080460692616,0.09405541042960083,extrapolation,1.0038959298585104,1.0655152832952635,1.0991925159178533,5,Ma_xp_A2000_s047z_n65_r12_v14_90000.hdf5; Ma_xp_A2000_s030z_n65_r12_v14_90000.hdf5; Ma_xp_A2000_s047z_n65_r12_v12_90000.hdf5,True,False,True,0.01695279755125255,low,0.055337079220490935,0.026935519463477196,0.12099092989307803
20.5,1.2,1.5,4.7,z,65.0,0.004,none,90000,pair_grid,mass_velocity,"{""mass_log10_kg"": 20.0, ""periapsis_Rm"": 1.2, ""v_inf_kms"": 0.0, ""spin_period_hr"": 4.7, ""spin_axis"": ""z"", ""resolution_value"": ""65"", ""fof_linking_length"": 0.004, ""special_case_code"": ""none"", ""timestep"": ""90000""}",0.056981302282870724,0.06565991391295768,0.026851681194827837,0.11314675826117448,0.035760302071254815,0.08629507706634665,extrapolation,1.0334662125337133,1.056583811560774,1.103513318428303,5,Ma_xp_A2000_s047z_n65_r12_v14_90000.hdf5; Ma_xp_A2000_s047z_n65_r12_v16_90000.hdf5; Ma_xp_A2000_s030z_n65_r12_v14_90000.hdf5,True,False,True,0.016334502203895963,low,0.056981302282870724,0.026851681194827837,0.11314675826117448
20.5,1.2,1.6,4.7,z,65.0,0.004,none,90000,pair_grid,mass_velocity,"{""mass_log10_kg"": 20.0, ""periapsis_Rm"": 1.2, ""v_inf_kms"": 0.0, ""spin_period_hr"": 4.7, ""spin_axis"": ""z"", ""resolution_value"": ""65"", ""fof_linking_length"": 0.004, ""special_case_code"": ""none"", ""timestep"": ""90000""}",0.05235157374216658,0.06176766615663846,0.026902449788088614,0.10604897493966017,0.03299030370841806,0.07914652515157156,extrapolation,1.0038959298585104,1.0655152832952637,1.1565309241238224,5,Ma_xp_A2000_s047z_n65_r12_v16_90000.hdf5; Ma_xp_A2000_s030z_n65_r12_v16_90000.hdf5; Ma_xp_A2000_s047z_n65_r12_v14_90000.hdf5,True,False,True,0.01695155408366191,low,0.05235157374216658,0.026902449788088614,0.10604897493966017
20.5,1.2,2.0,4.7,z,65.0,0.004,none,90000,pair_grid,mass_velocity,"{""mass_log10_kg"": 20.0, ""periapsis_Rm"": 1.2, ""v_inf_kms"": 0.0, ""spin_period_hr"": 4.7, ""spin_axis"": ""z"", ""resolution_value"": ""65"", ""fof_linking_length"": 0.004, ""special_case_code"": ""none"", ""timestep"": ""90000""}",0.05235157374216658,0.054941699201537124,0.027261506732383717,0.08521201713006107,0.02372898335031497,0.05795051039767736,extrapolation,1.4041841152011394,1.5474938999637537,1.734244292936268,1,Ma_xp_A2000_s047z_n65_r12_v16_90000.hdf5; Ma_xp_A2000_s030z_n65_r12_v16_90000.hdf5; Ma_xp_A2000_s047z_n65_r12_v14_90000.hdf5,True,False,True,0.017486724979956757,low,0.05235157374216658,0.027261506732383717,0.08521201713006107
21.0,1.2,0.0,4.7,z,65.0,0.004,none,90000,pair_grid,mass_velocity,"{""mass_log10_kg"": 20.0, ""periapsis_Rm"": 1.2, ""v_inf_kms"": 0.0, ""spin_period_hr"": 4.7, ""spin_axis"": ""z"", ""resolution_value"": ""65"", ""fof_linking_length"": 0.004, ""special_case_code"": ""none"", ""timestep"": ""90000""}",0.29265542300916175,0.28306971121019847,0.25474138843224603,0.3018123221891875,0.020376990360161662,0.04707093375694149,extrapolation,2.0077918597170203,2.01893663826248,2.025400398279955,0,Ma_xp_A2000_s047z_n65_r12_v00_90000.hdf5; Ma_xp_A2000_s036z_n65_r12_v00_90000.hdf5; Ma_xp_A2000_s047z_n65_r11_v00_90000.hdf5,True,False,False,0.009630258277011024,low,0.29265542300916175,0.25474138843224603,0.3018123221891875
21.0,1.2,0.2,4.7,z,65.0,0.004,none,90000,pair_grid,mass_velocity,"{""mass_log10_kg"": 20.0, ""periapsis_Rm"": 1.2, ""v_inf_kms"": 0.0, ""spin_period_hr"": 4.7, ""spin_axis"": ""z"", ""resolution_value"": ""65"", ""fof_linking_length"": 0.004, ""special_case_code"": ""none"", ""timestep"": ""90000""}",0.2763075895901716,0.26424390154368776,0.24947235128809064,0.2763075895901716,0.011121507451481159,0.026835238302080955,extrapolation,2.0077918597170203,2.03969294340847,2.0535790482091096,0,Ma_xp_A2000_s047z_n65_r12_v02_90000.hdf5; Ma_xp_A2000_s030z_n65_r12_v02_90000.hdf5; Ma_xp_A2000_s047z_n65_r12_v00_90000.hdf5,True,False,False,0.01293847575639841,low,0.2763075895901716,0.24947235128809064,0.26695176375280116
21.0,1.2,0.4,4.7,z,65.0,0.004,none,90000,pair_grid,mass_velocity,"{""mass_log10_kg"": 20.0, ""periapsis_Rm"": 1.2, ""v_inf_kms"": 0.0, ""spin_period_hr"": 4.7, ""spin_axis"": ""z"", ""resolution_value"": ""65"", ""fof_linking_length"": 0.004, ""special_case_code"": ""none"", ""timestep"": ""90000""}",0.25133027699229427,0.23894934532442216,0.2306782736260495,0.25133027699229427,0.008917941559445091,0.02065200336624476,extrapolation,2.0077918597170203,2.03969294340847,2.0576956281913974,0,Ma_xp_A2000_s047z_n65_r12_v04_90000.hdf5; Ma_xp_A2000_s030z_n65_r12_v04_90000.hdf5; Ma_xp_A2000_s047z_n65_r12_v06_90000.hdf5,True,False,False,0.02354574220288693,low,0.25133027699229427,0.2306782736260495,0.23483948535492266
21.0,1.2,0.6,4.7,z,65.0,0.004,none,90000,pair_grid,mass_velocity,"{""mass_log10_kg"": 20.0, ""periapsis_Rm"": 1.2, ""v_inf_kms"": 0.0, ""spin_period_hr"": 4.7, ""spin_axis"": ""z"", ""resolution_value"": ""65"", ""fof_linking_length"": 0.004, ""special_case_code"": ""none"", ""timestep"": ""90000""}",0.18947023322950188,0.1884698721776256,0.17044424033337244,0.20549514297000251,0.014326943977141196,0.03505090263663008,extrapolation,2.0077918597170203,2.03969294340847,2.0576956281913974,0,Ma_xp_A2000_s047z_n65_r12_v06_90000.hdf5; Ma_xp_A2000_s030z_n65_r12_v06_90000.hdf5; Ma_xp_A2000_s047z_n65_r12_v04_90000.hdf5,True,False,False,0.03523294869162421,low,0.18947023322950188,0.17044424033337244,0.20549514297000251
21.0,1.2,0.8,4.7,z,65.0,0.004,none,90000,pair_grid,mass_velocity,"{""mass_log10_kg"": 20.0, ""periapsis_Rm"": 1.2, ""v_inf_kms"": 0.0, ""spin_period_hr"": 4.7, ""spin_axis"": ""z"", ""resolution_value"": ""65"", ""fof_linking_length"": 0.004, ""special_case_code"": ""none"", ""timestep"": ""90000""}",0.10455742143781424,0.12149741774431007,0.080985668766656,0.17894916302846,0.041748725794078206,0.09796349426180401,extrapolation,2.0077918597170203,2.03969294340847,2.0576956281913974,0,Ma_xp_A2000_s047z_n65_r12_v08_90000.hdf5; Ma_xp_A2000_s030z_n65_r12_v08_90000.hdf5; Ma_xp_A2000_s047z_n65_r12_v06_90000.hdf5,True,False,False,0.0303214067474524,low,0.10455742143781424,0.080985668766656,0.17894916302846
21.0,1.2,1.0,4.7,z,65.0,0.004,none,90000,pair_grid,mass_velocity,"{""mass_log10_kg"": 20.0, ""periapsis_Rm"": 1.2, ""v_inf_kms"": 0.0, ""spin_period_hr"": 4.7, ""spin_axis"": ""z"", ""resolution_value"": ""65"", ""fof_linking_length"": 0.004, ""special_case_code"": ""none"", ""timestep"": ""90000""}",0.059391739428027,0.08417197150647,0.03788443076499195,0.15523974432639104,0.05101380422114323,0.11735531356139908,extrapolation,2.0077918597170203,2.03969294340847,2.0576956281913974,0,Ma_xp_A2000_s047z_n65_r12_v10_90000.hdf5; Ma_xp_A2000_s030z_n65_r12_v10_90000.hdf5; Ma_xp_A2000_s047z_n65_r12_v08_90000.hdf5,True,False,False,0.01741575788959736,low,0.059391739428027,0.03788443076499195,0.15523974432639104
21.0,1.2,1.2,4.7,z,65.0,0.004,none,90000,pair_grid,mass_velocity,"{""mass_log10_kg"": 20.0, ""periapsis_Rm"": 1.2, ""v_inf_kms"": 0.0, ""spin_period_hr"": 4.7, ""spin_axis"": ""z"", ""resolution_value"": ""65"", ""fof_linking_length"": 0.004, ""special_case_code"": ""none"", ""timestep"": ""90000""}",0.060659428190911406,0.07446505795670681,0.028326250567864253,0.13440949511134476,0.044394896502042765,0.1060832445434805,extrapolation,2.0077918597170203,2.03969294340847,2.0576956281913974,0,Ma_xp_A2000_s047z_n65_r12_v12_90000.hdf5; Ma_xp_A2000_s030z_n65_r12_v12_90000.hdf5; Ma_xp_A2000_s047z_n65_r12_v10_90000.hdf5,True,False,True,0.010404365189704428,low,0.060659428190911406,0.028326250567864253,0.13440949511134476
21.0,1.2,1.4,4.7,z,65.0,0.004,none,90000,pair_grid,mass_velocity,"{""mass_log10_kg"": 20.0, ""periapsis_Rm"": 1.2, ""v_inf_kms"": 0.0, ""spin_period_hr"": 4.7, ""spin_axis"": ""z"", ""resolution_value"": ""65"", ""fof_linking_length"": 0.004, ""special_case_code"": ""none"", ""timestep"": ""90000""}",0.05202187893120629,0.06496853174795904,0.02638149113793751,0.1165022251747333,0.03791348520162599,0.0901207340367958,extrapolation,2.0077918597170203,2.03969294340847,2.0576956281913974,0,Ma_xp_A2000_s047z_n65_r12_v14_90000.hdf5; Ma_xp_A2000_s030z_n65_r12_v14_90000.hdf5; Ma_xp_A2000_s047z_n65_r12_v16_90000.hdf5,True,False,True,0.01040627385379111,low,0.05202187893120629,0.02638149113793751,0.1165022251747333
21.0,1.2,1.5,4.7,z,65.0,0.004,none,90000,pair_grid,mass_velocity,"{""mass_log10_kg"": 20.0, ""periapsis_Rm"": 1.2, ""v_inf_kms"": 0.0, ""spin_period_hr"": 4.7, ""spin_axis"": ""z"", ""resolution_value"": ""65"", ""fof_linking_length"": 0.004, ""special_case_code"": ""none"", ""timestep"": ""90000""}",0.053666101993586075,0.06287393613523468,0.02629765286928815,0.10865805354282979,0.034248085659022966,0.08236040067354164,extrapolation,2.0227391147669604,2.034838208663057,2.060422094532011,0,Ma_xp_A2000_s047z_n65_r12_v16_90000.hdf5; Ma_xp_A2000_s047z_n65_r12_v14_90000.hdf5; Ma_xp_A2000_s030z_n65_r12_v16_90000.hdf5,True,False,True,0.01018724102240023,low,0.053666101993586075,0.02629765286928815,0.10865805354282979
21.0,1.2,1.6,4.7,z,65.0,0.004,none,90000,pair_grid,mass_velocity,"{""mass_log10_kg"": 20.0, ""periapsis_Rm"": 1.2, ""v_inf_kms"": 0.0, ""spin_period_hr"": 4.7, ""spin_axis"": ""z"", ""resolution_value"": ""65"", ""fof_linking_length"": 0.004, ""special_case_code"": ""none"", ""timestep"": ""90000""}",0.04903637345288194,0.05898168837891543,0.02634842146254892,0.10156027022131545,0.03150013243529177,0.07521184875876652,extrapolation,2.0077918597170203,2.03969294340847,2.0913059728464303,0,Ma_xp_A2000_s047z_n65_r12_v16_90000.hdf5; Ma_xp_A2000_s030z_n65_r12_v16_90000.hdf5; Ma_xp_A2000_s047z_n65_r12_v14_90000.hdf5,True,False,True,0.010646728627946103,low,0.04903637345288194,0.02634842146254892,0.10156027022131545
21.0,1.2,2.0,4.7,z,65.0,0.004,none,90000,pair_grid,mass_velocity,"{""mass_log10_kg"": 20.0, ""periapsis_Rm"": 1.2, ""v_inf_kms"": 0.0, ""spin_period_hr"": 4.7, ""spin_axis"": ""z"", ""resolution_value"": ""65"", ""fof_linking_length"": 0.004, ""special_case_code"": ""none"", ""timestep"": ""90000""}",0.04903637345288194,0.052155721423814104,0.026707478406844024,0.08072331241171635,0.022161909208268427,0.05401583400487232,extrapolation,2.2349841483425905,2.3309544853190043,2.4641597817484966,0,Ma_xp_A2000_s047z_n65_r12_v16_90000.hdf5; Ma_xp_A2000_s030z_n65_r12_v16_90000.hdf5; Ma_xp_A2000_s047z_n65_r12_v14_90000.hdf5,True,False,True,0.011070054605989086,low,0.04903637345288194,0.026707478406844024,0.08072331241171635
20.0,1.1,0.0,,none,65.0,0.004,none,90000,pair_grid,periapsis_velocity,"{""mass_log10_kg"": 20.0, ""periapsis_Rm"": 1.1, ""v_inf_kms"": 0.0, ""spin_period_hr"": NaN, ""spin_axis"": ""none"", ""resolution_value"": ""65"", ""fof_linking_length"": 0.004, ""special_case_code"": ""none"", ""timestep"": ""90000""}",0.1927205717283529,0.18875877060438803,0.17616492999800556,0.19739081008680553,0.009107008198649943,0.02122588008879997,boundary interpolation,0.0,0.26979538683341836,0.4357850044301258,5,Ma_xp_A2000_n65_r11_v00_90000.hdf5; Ma_xp_A2000_n65_r12_v00_90000.hdf5; Ma_xp_A2000_n65_r13_v00_90000.hdf5,True,True,False,0.043656107170695214,medium,0.1927205717283529,0.19739081008680553,0.17616492999800556
20.0,1.1,0.2,,none,65.0,0.004,none,90000,pair_grid,periapsis_velocity,"{""mass_log10_kg"": 20.0, ""periapsis_Rm"": 1.1, ""v_inf_kms"": 0.0, ""spin_period_hr"": NaN, ""spin_axis"": ""none"", ""resolution_value"": ""65"", ""fof_linking_length"": 0.004, ""special_case_code"": ""none"", ""timestep"": ""90000""}",0.1912822230818277,0.17057907316010223,0.13904525495715475,0.1912822230818277,0.02265910767995843,0.05223696812467296,extrapolation,0.2697953868334182,0.4402822505023534,0.5220957027914944,5,Ma_xp_A2000_n65_r12_v02_90000.hdf5; Ma_xp_A2000_n65_r11_v00_90000.hdf5; Ma_xp_A2000_n65_r12_v04_90000.hdf5,True,False,False,0.04691559684123728,low,0.1912822230818277,0.1814097414413243,0.13904525495715475
20.0,1.1,0.4,,none,65.0,0.004,none,90000,pair_grid,periapsis_velocity,"{""mass_log10_kg"": 20.0, ""periapsis_Rm"": 1.1, ""v_inf_kms"": 0.0, ""spin_period_hr"": NaN, ""spin_axis"": ""none"", ""resolution_value"": ""65"", ""fof_linking_length"": 0.004, ""special_case_code"": ""none"", ""timestep"": ""90000""}",0.11210328631039873,0.11790689691067957,0.10507587505174157,0.13654152936989838,0.013485381527595087,0.031465654318156816,extrapolation,0.2697953868334182,0.46336692971121884,0.6292211818451279,5,Ma_xp_A2000_n65_r12_v04_90000.hdf5; Ma_xp_A2000_n65_r12_v06_90000.hdf5; Ma_xp_A2000_n65_r12_v02_90000.hdf5,True,False,False,0.038109528392974025,low,0.11210328631039873,0.13654152936989838,0.10507587505174157
20.0,1.1,0.6,,none,65.0,0.004,none,90000,pair_grid,periapsis_velocity,"{""mass_log10_kg"": 20.0, ""periapsis_Rm"": 1.1, ""v_inf_kms"": 0.0, ""spin_period_hr"": NaN, ""spin_axis"": ""none"", ""resolution_value"": ""65"", ""fof_linking_length"": 0.004, ""special_case_code"": ""none"", ""timestep"": ""90000""}",0.058857921737844675,0.07067278867867759,0.058857921737844675,0.0788858352282419,0.008563845020119077,0.020027913490397224,extrapolation,0.2697953868334182,0.46336692971121884,0.6292211818451279,5,Ma_xp_A2000_n65_r12_v06_90000.hdf5; Ma_xp_A2000_n65_r12_v04_90000.hdf5; Ma_xp_A2000_n65_r12_v08_90000.hdf5,True,False,True,0.022701943399746276,low,0.058857921737844675,0.0788858352282419,0.07427460906994618
20.0,1.1,0.8,,none,65.0,0.004,none,90000,pair_grid,periapsis_velocity,"{""mass_log10_kg"": 20.0, ""periapsis_Rm"": 1.1, ""v_inf_kms"": 0.0, ""spin_period_hr"": NaN, ""spin_axis"": ""none"", ""resolution_value"": ""65"", ""fof_linking_length"": 0.004, ""special_case_code"": ""none"", ""timestep"": ""90000""}",0.05128689679540914,0.043933638466394455,0.03384488749125283,0.05128689679540914,0.007378713173913628,0.017442009304156313,extrapolation,0.2697953868334182,0.46336692971121884,0.6292211818451279,5,Ma_xp_A2000_n65_r12_v08_90000.hdf5; Ma_xp_A2000_n65_r12_v10_90000.hdf5; Ma_xp_A2000_n65_r12_v06_90000.hdf5,True,False,True,0.024868661594709126,low,0.05128689679540914,0.03384488749125283,0.0466691311125214
20.0,1.1,1.0,,none,65.0,0.004,none,90000,pair_grid,periapsis_velocity,"{""mass_log10_kg"": 20.0, ""periapsis_Rm"": 1.1, ""v_inf_kms"": 0.0, ""spin_period_hr"": NaN, ""spin_axis"": ""none"", ""resolution_value"": ""65"", ""fof_linking_length"": 0.004, ""special_case_code"": ""none"", ""timestep"": ""90000""}",0.013407075892927526,0.014717322666182519,0.008450538211754267,0.022294353893865762,0.005727149850503761,0.013843815682111495,extrapolation,0.2697953868334182,0.46336692971121884,0.6292211818451279,5,Ma_xp_A2000_n65_r12_v10_90000.hdf5; Ma_xp_A2000_n65_r12_v08_90000.hdf5; Ma_xp_A2000_n65_r12_v12_90000.hdf5,True,False,True,0.01775257803968325,low,0.013407075892927526,0.008450538211754267,0.022294353893865762
20.0,1.1,1.2,,none,65.0,0.004,none,90000,pair_grid,periapsis_velocity,"{""mass_log10_kg"": 20.0, ""periapsis_Rm"": 1.1, ""v_inf_kms"": 0.0, ""spin_period_hr"": NaN, ""spin_axis"": ""none"", ""resolution_value"": ""65"", ""fof_linking_length"": 0.004, ""special_case_code"": ""none"", ""timestep"": ""90000""}",0.008353310150727248,0.004174281805825888,0.001189466358007013,0.008353310150727248,0.0030440951369597132,0.0071638437927202345,extrapolation,0.2697953868334182,0.46336692971121884,0.6709824080139724,5,Ma_xp_A2000_n65_r12_v12_90000.hdf5; Ma_xp_A2000_n65_r12_v14_90000.hdf5; Ma_xp_A2000_n65_r12_v10_90000.hdf5,True,False,False,0.015245961783186216,low,0.008353310150727248,0.0029800689087434045,0.001189466358007013
20.0,1.1,1.4,,none,65.0,0.004,none,90000,pair_grid,periapsis_velocity,"{""mass_log10_kg"": 20.0, ""periapsis_Rm"": 1.1, ""v_inf_kms"": 0.0, ""spin_period_hr"": NaN, ""spin_axis"": ""none"", ""resolution_value"": ""65"", ""fof_linking_length"": 0.004, ""special_case_code"": ""none"", ""timestep"": ""90000""}",-0.004183437927663186,-0.006436781188205715,-0.01660492923497972,0.001478023598025762,0.007552326911954558,0.018082952833005483,extrapolation,0.2697953868334182,0.4633669297112189,0.7361409886251259,5,Ma_xp_A2000_n65_r12_v14_90000.hdf5; Ma_xp_A2000_n65_r12_v12_90000.hdf5; Ma_xp_A2000_n65_r12_v16_90000.hdf5,True,False,False,0.016155219326243784,low,-0.004183437927663186,0.001478023598025762,-0.01660492923497972
20.0,1.1,1.5,,none,65.0,0.004,none,90000,pair_grid,periapsis_velocity,"{""mass_log10_kg"": 20.0, ""periapsis_Rm"": 1.1, ""v_inf_kms"": 0.0, ""spin_period_hr"": NaN, ""spin_axis"": ""none"", ""resolution_value"": ""65"", ""fof_linking_length"": 0.004, ""special_case_code"": ""none"", ""timestep"": ""90000""}",-0.004183437927663186,-0.009167000936985144,-0.024248228426502788,0.0009306635432105435,0.01086649515426617,0.025178891969713332,extrapolation,0.36473953065014625,0.5045656975974444,0.8480730468348163,4,Ma_xp_A2000_n65_r12_v14_90000.hdf5; Ma_xp_A2000_n65_r12_v16_90000.hdf5; Ma_xp_A2000_n65_r12_v12_90000.hdf5,True,False,False,0.016005111591028912,low,-0.004183437927663186,0.0009306635432105435,-0.024248228426502788
20.0,1.1,1.6,,none,65.0,0.004,none,90000,pair_grid,periapsis_velocity,"{""mass_log10_kg"": 20.0, ""periapsis_Rm"": 1.1, ""v_inf_kms"": 0.0, ""spin_period_hr"": NaN, ""spin_axis"": ""none"", ""resolution_value"": ""65"", ""fof_linking_length"": 0.004, ""special_case_code"": ""none"", ""timestep"": ""90000""}",-0.0025711835427356575,-0.010909599901210145,-0.03104924864942285,0.0008916324885280707,0.014310878437809316,0.03194088113795092,extrapolation,0.2697953868334182,0.6160467931093385,0.9874512030320262,3,Ma_xp_A2000_n65_r12_v16_90000.hdf5; Ma_xp_A2000_n65_r12_v14_90000.hdf5; Ma_xp_A2000_n65_r12_v12_90000.hdf5,True,False,False,0.016179369445756667,low,-0.0025711835427356575,0.0008916324885280707,-0.03104924864942285
20.0,1.1,2.0,,none,65.0,0.004,none,90000,pair_grid,periapsis_velocity,"{""mass_log10_kg"": 20.0, ""periapsis_Rm"": 1.1, ""v_inf_kms"": 0.0, ""spin_period_hr"": NaN, ""spin_axis"": ""none"", ""resolution_value"": ""65"", ""fof_linking_length"": 0.004, ""special_case_code"": ""none"", ""timestep"": ""90000""}",-0.0025711835427356575,-0.01713206387151464,-0.04974468858168238,0.0009196805098741134,0.023104602727928955,0.05066436909155649,extrapolation,1.0181922913444774,1.4619065303401932,1.6819234248045412,1,Ma_xp_A2000_n65_r12_v16_90000.hdf5; Ma_xp_A2000_n65_r12_v14_90000.hdf5; Ma_xp_A2000_s030z_n65_r12_v16_90000.hdf5,True,False,False,0.01689383071263044,low,-0.0025711835427356575,0.0009196805098741134,-0.04974468858168238
20.0,1.2,0.0,,none,65.0,0.004,none,90000,pair_grid,periapsis_velocity,"{""mass_log10_kg"": 20.0, ""periapsis_Rm"": 1.1, ""v_inf_kms"": 0.0, ""spin_period_hr"": NaN, ""spin_axis"": ""none"", ""resolution_value"": ""65"", ""fof_linking_length"": 0.004, ""special_case_code"": ""none"", ""timestep"": ""90000""}",0.1949910347822167,0.181931640597821,0.16440357599514613,0.1949910347822167,0.012880862296266964,0.03058745878707056,boundary interpolation,0.0,0.17986359122227893,0.3140160421714393,5,Ma_xp_A2000_n65_r12_v00_90000.hdf5; Ma_xp_A2000_n65_r11_v00_90000.hdf5; Ma_xp_A2000_n65_r13_v00_90000.hdf5,True,True,False,0.04192607030178517,medium,0.1949910347822167,0.18640031101610022,0.16440357599514613
20.0,1.2,0.2,,none,65.0,0.004,none,90000,pair_grid,periapsis_velocity,"{""mass_log10_kg"": 20.0, ""periapsis_Rm"": 1.1, ""v_inf_kms"": 0.0, ""spin_period_hr"": NaN, ""spin_axis"": ""none"", ""resolution_value"": ""65"", ""fof_linking_length"": 0.004, ""special_case_code"": ""none"", ""timestep"": ""90000""}",0.18783614266407384,0.16264944514121651,0.1295430175587599,0.18783614266407384,0.024448090611179103,0.058293125105313925,sparse interpolation,0.0,0.32726577568234866,0.4163081603728004,5,Ma_xp_A2000_n65_r12_v02_90000.hdf5; Ma_xp_A2000_n65_r12_v00_90000.hdf5; Ma_xp_A2000_n65_r12_v04_90000.hdf5,True,True,False,0.040545552624090146,medium,0.18783614266407384,0.1705691752008158,0.1295430175587599
20.0,1.2,0.4,,none,65.0,0.004,none,90000,pair_grid,periapsis_velocity,"{""mass_log10_kg"": 20.0, ""periapsis_Rm"": 1.1, ""v_inf_kms"": 0.0, ""spin_period_hr"": NaN, ""spin_axis"": ""none"", ""resolution_value"": ""65"", ""fof_linking_length"": 0.004, ""special_case_code"": ""none"", ""timestep"": ""90000""}",0.16168526726826288,0.1371615778122488,0.09743073916088138,0.16168526726826288,0.028350239688144575,0.0642545281073815,sparse interpolation,0.0,0.32726577568234866,0.4501734324028351,5,Ma_xp_A2000_n65_r12_v04_90000.hdf5; Ma_xp_A2000_n65_r12_v06_90000.hdf5; Ma_xp_A2000_n65_r12_v02_90000.hdf5,True,True,False,0.04810293202624484,medium,0.16168526726826288,0.15236872700760215,0.09743073916088138
20.0,1.2,0.6,,none,65.0,0.004,none,90000,pair_grid,periapsis_velocity,"{""mass_log10_kg"": 20.0, ""periapsis_Rm"": 1.1, ""v_inf_kms"": 0.0, ""spin_period_hr"": NaN, ""spin_axis"": ""none"", ""resolution_value"": ""65"", ""fof_linking_length"": 0.004, ""special_case_code"": ""none"", ""timestep"": ""90000""}",0.09389402611986783,0.08791478519309753,0.06808639677596119,0.10176393268346359,0.014384194977950673,0.0336775359075024,sparse interpolation,0.0,0.32726577568234866,0.4501734324028351,5,Ma_xp_A2000_n65_r12_v06_90000.hdf5; Ma_xp_A2000_n65_r12_v04_90000.hdf5; Ma_xp_A2000_n65_r12_v08_90000.hdf5,True,True,False,0.041137545872019086,medium,0.09389402611986783,0.10176393268346359,0.06808639677596119
20.0,1.2,0.8,,none,65.0,0.004,none,90000,pair_grid,periapsis_velocity,"{""mass_log10_kg"": 20.0, ""periapsis_Rm"": 1.1, ""v_inf_kms"": 0.0, ""spin_period_hr"": NaN, ""spin_axis"": ""none"", ""resolution_value"": ""65"", ""fof_linking_length"": 0.004, ""special_case_code"": ""none"", ""timestep"": ""90000""}",0.014486759001996292,0.026732187808717976,0.014486759001996292,0.0415404168344187,0.011192290776847153,0.027053657832422404,sparse interpolation,0.0,0.32726577568234866,0.4501734324028351,5,Ma_xp_A2000_n65_r12_v08_90000.hdf5; Ma_xp_A2000_n65_r12_v10_90000.hdf5; Ma_xp_A2000_n65_r12_v06_90000.hdf5,True,True,True,0.02839676325169263,medium,0.014486759001996292,0.024169387589738942,0.0415404168344187
20.0,1.2,1.0,,none,65.0,0.004,none,90000,pair_grid,periapsis_velocity,"{""mass_log10_kg"": 20.0, ""periapsis_Rm"": 1.1, ""v_inf_kms"": 0.0, ""spin_period_hr"": NaN, ""spin_axis"": ""none"", ""resolution_value"": ""65"", ""fof_linking_length"": 0.004, ""special_case_code"": ""none"", ""timestep"": ""90000""}",0.0004349883903164283,0.007523773319490709,0.0004349883903164283,0.01783099813234977,0.007457616026582017,0.01739600974203334,sparse interpolation,0.0,0.32726577568234866,0.4501734324028351,5,Ma_xp_A2000_n65_r12_v10_90000.hdf5; Ma_xp_A2000_n65_r12_v08_90000.hdf5; Ma_xp_A2000_n65_r12_v12_90000.hdf5,True,True,False,0.0142001749988642,medium,0.0004349883903164283,0.004305333435805927,0.01783099813234977
20.0,1.2,1.2,,none,65.0,0.004,none,90000,pair_grid,periapsis_velocity,"{""mass_log10_kg"": 20.0, ""periapsis_Rm"": 1.1, ""v_inf_kms"": 0.0, ""spin_period_hr"": NaN, ""spin_axis"": ""none"", ""resolution_value"": ""65"", ""fof_linking_length"": 0.004, ""special_case_code"": ""none"", ""timestep"": ""90000""}",-0.006335601359005633,-0.002825658311190849,-0.006335601359005633,0.0008578775081295953,0.0029392896410209437,0.007193478867135229,sparse interpolation,0.0,0.32726577568234866,0.5386147430788769,5,Ma_xp_A2000_n65_r12_v12_90000.hdf5; Ma_xp_A2000_n65_r12_v14_90000.hdf5; Ma_xp_A2000_n65_r12_v10_90000.hdf5,True,True,False,0.0164023709737315,medium,-0.006335601359005633,0.0008578775081295953,-0.0029992510826965108
20.0,1.2,1.4,,none,65.0,0.004,none,90000,pair_grid,periapsis_velocity,"{""mass_log10_kg"": 20.0, ""periapsis_Rm"": 1.1, ""v_inf_kms"": 0.0, ""spin_period_hr"": NaN, ""spin_axis"": ""none"", ""resolution_value"": ""65"", ""fof_linking_length"": 0.004, ""special_case_code"": ""none"", ""timestep"": ""90000""}",-0.009611385611841092,-0.010084089262944984,-0.020906521019307955,0.00026563884231409007,0.008649958568603865,0.021172159861622044,sparse interpolation,0.0,0.3272657756823487,0.6167800112788662,5,Ma_xp_A2000_n65_r12_v14_90000.hdf5; Ma_xp_A2000_n65_r12_v12_90000.hdf5; Ma_xp_A2000_n65_r12_v16_90000.hdf5,True,True,False,0.01594709278558355,medium,-0.009611385611841092,0.00026563884231409007,-0.020906521019307955
20.0,1.2,1.5,,none,65.0,0.004,none,90000,pair_grid,periapsis_velocity,"{""mass_log10_kg"": 20.0, ""periapsis_Rm"": 1.1, ""v_inf_kms"": 0.0, ""spin_period_hr"": NaN, ""spin_axis"": ""none"", ""resolution_value"": ""65"", ""fof_linking_length"": 0.004, ""special_case_code"": ""none"", ""timestep"": ""90000""}",-0.007967162549461317,-0.01216374913768039,-0.028750692651211468,0.00022660778763161754,0.012196433616022323,0.028977300438843084,sparse interpolation,0.24544933176176142,0.40908221960293584,0.7590249445616755,5,Ma_xp_A2000_n65_r12_v14_90000.hdf5; Ma_xp_A2000_n65_r12_v16_90000.hdf5; Ma_xp_A2000_n65_r12_v12_90000.hdf5,True,True,False,0.016428151910208424,medium,-0.007967162549461317,0.00022660778763161754,-0.028750692651211468
20.0,1.2,1.6,,none,65.0,0.004,none,90000,pair_grid,periapsis_velocity,"{""mass_log10_kg"": 20.0, ""periapsis_Rm"": 1.1, ""v_inf_kms"": 0.0, ""spin_period_hr"": NaN, ""spin_axis"": ""none"", ""resolution_value"": ""65"", ""fof_linking_length"": 0.004, ""special_case_code"": ""none"", ""timestep"": ""90000""}",-0.00799913122691357,-0.014530983796887257,-0.03584847597272586,0.0002546558089776599,0.015445772983973462,0.036103131781703525,boundary interpolation,0.0,0.4908986635235231,0.902765608825044,3,Ma_xp_A2000_n65_r12_v16_90000.hdf5; Ma_xp_A2000_n65_r12_v14_90000.hdf5; Ma_xp_A2000_n65_r12_v12_90000.hdf5,True,True,False,0.01622264565701466,medium,-0.00799913122691357,0.0002546558089776599,-0.03584847597272586
20.0,1.2,2.0,,none,65.0,0.004,none,90000,pair_grid,periapsis_velocity,"{""mass_log10_kg"": 20.0, ""periapsis_Rm"": 1.1, ""v_inf_kms"": 0.0, ""spin_period_hr"": NaN, ""spin_axis"": ""none"", ""resolution_value"": ""65"", ""fof_linking_length"": 0.004, ""special_case_code"": ""none"", ""timestep"": ""90000""}",-0.00799913122691357,-0.021450453951181586,-0.05668543378232496,0.000333203155693771,0.025146037485611995,0.05701863693801873,extrapolation,0.9817973270470457,1.4350847185743578,1.6585601447039913,1,Ma_xp_A2000_n65_r12_v16_90000.hdf5; Ma_xp_A2000_n65_r12_v14_90000.hdf5; Ma_xp_A2000_s030z_n65_r12_v16_90000.hdf5,True,False,False,0.016898213444981495,low,-0.00799913122691357,0.000333203155693771,-0.05668543378232496
20.0,1.3,0.0,,none,65.0,0.004,none,90000,pair_grid,periapsis_velocity,"{""mass_log10_kg"": 20.0, ""periapsis_Rm"": 1.1, ""v_inf_kms"": 0.0, ""spin_period_hr"": NaN, ""spin_axis"": ""none"", ""resolution_value"": ""65"", ""fof_linking_length"": 0.004, ""special_case_code"": ""none"", ""timestep"": ""90000""}",0.19249287945676782,0.18140448145116952,0.15254857930091284,0.1991719855958279,0.020585592556981832,0.04662340629491507,boundary interpolation,0.0,0.1798635912222789,0.3237544642001021,5,Ma_xp_A2000_n65_r13_v00_90000.hdf5; Ma_xp_A2000_n65_r14_v00_90000.hdf5; Ma_xp_A2000_n65_r12_v00_90000.hdf5,True,True,False,0.041763172603807755,medium,0.19249287945676782,0.1991719855958279,0.15254857930091284
20.0,1.3,0.2,,none,65.0,0.004,none,90000,pair_grid,periapsis_velocity,"{""mass_log10_kg"": 20.0, ""periapsis_Rm"": 1.1, ""v_inf_kms"": 0.0, ""spin_period_hr"": NaN, ""spin_axis"": ""none"", ""resolution_value"": ""65"", ""fof_linking_length"": 0.004, ""special_case_code"": ""none"", ""timestep"": ""90000""}",0.19105453081024262,0.1633792083025714,0.11994858499552813,0.19105453081024262,0.031093257682980078,0.0711059458147145,sparse interpolation,0.2697953868334181,0.3434964790634532,0.43015896789811964,5,Ma_xp_A2000_n65_r14_v02_90000.hdf5; Ma_xp_A2000_n65_r12_v02_90000.hdf5; Ma_xp_A2000_n65_r13_v00_90000.hdf5,True,True,False,0.041425906403354314,medium,0.19105453081024262,0.1791345091019435,0.11994858499552813
20.0,1.3,0.4,,none,65.0,0.004,none,90000,pair_grid,periapsis_velocity,"{""mass_log10_kg"": 20.0, ""periapsis_Rm"": 1.1, ""v_inf_kms"": 0.0, ""spin_period_hr"": NaN, ""spin_axis"": ""none"", ""resolution_value"": ""65"", ""fof_linking_length"": 0.004, ""special_case_code"": ""none"", ""timestep"": ""90000""}",0.14789425283210433,0.13041728967152957,0.08969773304357033,0.1536598831389141,0.028889125314921837,0.06396215009534377,sparse interpolation,0.2697953868334181,0.3665811582723186,0.44400977542343883,5,Ma_xp_A2000_n65_r14_v04_90000.hdf5; Ma_xp_A2000_n65_r12_v04_90000.hdf5; Ma_xp_A2000_n65_r14_v06_90000.hdf5,True,True,False,0.050478862316278725,low,0.14789425283210433,0.1536598831389141,0.08969773304357033
20.0,1.3,0.6,,none,65.0,0.004,none,90000,pair_grid,periapsis_velocity,"{""mass_log10_kg"": 20.0, ""periapsis_Rm"": 1.1, ""v_inf_kms"": 0.0, ""spin_period_hr"": NaN, ""spin_axis"": ""none"", ""resolution_value"": ""65"", ""fof_linking_length"": 0.004, ""special_case_code"": ""none"", ""timestep"": ""90000""}",0.06367783599041717,0.0731658707172892,0.061817457846041424,0.094002318315409,0.014753155890450745,0.03218486046936758,sparse interpolation,0.2697953868334181,0.3665811582723186,0.44400977542343883,5,Ma_xp_A2000_n65_r14_v06_90000.hdf5; Ma_xp_A2000_n65_r12_v06_90000.hdf5; Ma_xp_A2000_n65_r14_v04_90000.hdf5,True,True,True,0.03633365143139624,medium,0.06367783599041717,0.094002318315409,0.061817457846041424
20.0,1.3,0.8,,none,65.0,0.004,none,90000,pair_grid,periapsis_velocity,"{""mass_log10_kg"": 20.0, ""periapsis_Rm"": 1.1, ""v_inf_kms"": 0.0, ""spin_period_hr"": NaN, ""spin_axis"": ""none"", ""resolution_value"": ""65"", ""fof_linking_length"": 0.004, ""special_case_code"": ""none"", ""timestep"": ""90000""}",0.014486759001996292,0.02358419605644792,0.014486759001996292,0.03634082413903328,0.009289503036178152,0.021854065137036985,sparse interpolation,0.2697953868334181,0.3665811582723186,0.44400977542343883,5,Ma_xp_A2000_n65_r14_v08_90000.hdf5; Ma_xp_A2000_n65_r12_v08_90000.hdf5; Ma_xp_A2000_n65_r14_v10_90000.hdf5,True,True,True,0.02203494828130436,medium,0.014486759001996292,0.019925005028314194,0.03634082413903328
20.0,1.3,1.0,,none,65.0,0.004,none,90000,pair_grid,periapsis_velocity,"{""mass_log10_kg"": 20.0, ""periapsis_Rm"": 1.1, ""v_inf_kms"": 0.0, ""spin_period_hr"": NaN, ""spin_axis"": ""none"", ""resolution_value"": ""65"", ""fof_linking_length"": 0.004, ""special_case_code"": ""none"", ""timestep"": ""90000""}",-0.0017519396337003052,0.004870466548488338,-0.0017519396337003052,0.013309133171192422,0.006281352295984564,0.015061072804892727,sparse interpolation,0.2697953868334181,0.3665811582723186,0.44400977542343883,5,Ma_xp_A2000_n65_r14_v10_90000.hdf5; Ma_xp_A2000_n65_r12_v10_90000.hdf5; Ma_xp_A2000_n65_r14_v08_90000.hdf5,True,True,False,0.018050008963496778,medium,-0.0017519396337003052,0.003054206107972897,0.013309133171192422
20.0,1.3,1.2,,none,65.0,0.004,none,90000,pair_grid,periapsis_velocity,"{""mass_log10_kg"": 20.0, ""periapsis_Rm"": 1.1, ""v_inf_kms"": 0.0, ""spin_period_hr"": NaN, ""spin_axis"": ""none"", ""resolution_value"": ""65"", ""fof_linking_length"": 0.004, ""special_case_code"": ""none"", ""timestep"": ""90000""}",-0.005546741873188074,-0.0039645237340717775,-0.0072318469217171055,0.0008850175926898459,0.0034974689006119055,0.00811686451440695,sparse interpolation,0.26979538683341864,0.4633669297112191,0.5793744899751011,5,Ma_xp_A2000_n65_r12_v12_90000.hdf5; Ma_xp_A2000_n65_r14_v10_90000.hdf5; Ma_xp_A2000_n65_r12_v14_90000.hdf5,True,True,False,0.015621467226881887,medium,-0.005546741873188074,0.0008850175926898459,-0.0072318469217171055
20.0,1.3,1.4,,none,65.0,0.004,none,90000,pair_grid,periapsis_velocity,"{""mass_log10_kg"": 20.0, ""periapsis_Rm"": 1.1, ""v_inf_kms"": 0.0, ""spin_period_hr"": NaN, ""spin_axis"": ""none"", ""resolution_value"": ""65"", ""fof_linking_length"": 0.004, ""special_case_code"": ""none"", ""timestep"": ""90000""}",-0.00406093006964723,-0.009461288247345717,-0.02523542750524088,0.0009124928328509589,0.011337293499402034,0.02614792033809184,sparse interpolation,0.26979538683341864,0.4633669297112193,0.6852970743645227,5,Ma_xp_A2000_n65_r12_v14_90000.hdf5; Ma_xp_A2000_n65_r12_v12_90000.hdf5; Ma_xp_A2000_n65_r12_v16_90000.hdf5,True,True,False,0.016647290222531867,medium,-0.00406093006964723,0.0009124928328509589,-0.02523542750524088
20.0,1.3,1.5,,none,65.0,0.004,none,90000,pair_grid,periapsis_velocity,"{""mass_log10_kg"": 20.0, ""periapsis_Rm"": 1.1, ""v_inf_kms"": 0.0, ""spin_period_hr"": NaN, ""spin_axis"": ""none"", ""resolution_value"": ""65"", ""fof_linking_length"": 0.004, ""special_case_code"": ""none"", ""timestep"": ""90000""}",-0.007967162549461317,-0.013442083963642748,-0.03327158217431789,0.0009124928328509589,0.0144826061050842,0.03418407500716884,sparse interpolation,0.36473953065014664,0.5045656975974446,0.8053603751154293,5,Ma_xp_A2000_n65_r12_v14_90000.hdf5; Ma_xp_A2000_n65_r12_v16_90000.hdf5; Ma_xp_A2000_n65_r12_v12_90000.hdf5,True,True,False,0.01573577416329349,medium,-0.007967162549461317,0.0009124928328509589,-0.03327158217431789
20.0,1.3,1.6,,none,65.0,0.004,none,90000,pair_grid,periapsis_velocity,"{""mass_log10_kg"": 20.0, ""periapsis_Rm"": 1.1, ""v_inf_kms"": 0.0, ""spin_period_hr"": NaN, ""spin_axis"": ""none"", ""resolution_value"": ""65"", ""fof_linking_length"": 0.004, ""special_case_code"": ""none"", ""timestep"": ""90000""}",-0.00799913122691357,-0.015926251533883218,-0.04065690086358559,0.0008772774888495046,0.017858731200243946,0.04153417835243509,extrapolation,0.26979538683341864,0.6160467931093389,0.9685101051701033,3,Ma_xp_A2000_n65_r12_v16_90000.hdf5; Ma_xp_A2000_n65_r12_v14_90000.hdf5; Ma_xp_A2000_n65_r12_v12_90000.hdf5,True,False,False,0.015759933484196346,low,-0.00799913122691357,0.0008772774888495046,-0.04065690086358559
20.0,1.3,2.0,,none,65.0,0.004,none,90000,pair_grid,periapsis_velocity,"{""mass_log10_kg"": 20.0, ""periapsis_Rm"": 1.1, ""v_inf_kms"": 0.0, ""spin_period_hr"": NaN, ""spin_axis"": ""none"", ""resolution_value"": ""65"", ""fof_linking_length"": 0.004, ""special_case_code"": ""none"", ""timestep"": ""90000""}",-0.00799913122691357,-0.023263965773013803,-0.06359609707390615,0.0018033309817783046,0.02879852632563598,0.06539942805568445,extrapolation,1.0181922913444776,1.4619065303401932,1.6819234248045412,1,Ma_xp_A2000_n65_r12_v16_90000.hdf5; Ma_xp_A2000_n65_r12_v14_90000.hdf5; Ma_xp_A2000_s030z_n65_r12_v16_90000.hdf5,True,False,False,0.01644477606540645,low,-0.00799913122691357,0.0018033309817783046,-0.06359609707390615
20.0,1.4,0.0,,none,65.0,0.004,none,90000,pair_grid,periapsis_velocity,"{""mass_log10_kg"": 20.0, ""periapsis_Rm"": 1.1, ""v_inf_kms"": 0.0, ""spin_period_hr"": NaN, ""spin_axis"": ""none"", ""resolution_value"": ""65"", ""fof_linking_length"": 0.004, ""special_case_code"": ""none"", ""timestep"": ""90000""}",0.17870186502060928,0.16613033728754292,0.14039198429258617,0.17929716254943337,0.018201386503170686,0.038905178256847195,boundary interpolation,0.0,0.17986359122227893,0.3140160421714393,5,Ma_xp_A2000_n65_r14_v00_90000.hdf5; Ma_xp_A2000_n65_r13_v00_90000.hdf5; Ma_xp_A2000_n65_r15_v00_90000.hdf5,True,True,False,0.04134721963442414,medium,0.17870186502060928,0.17929716254943337,0.14039198429258617
20.0,1.4,0.2,,none,65.0,0.004,none,90000,pair_grid,periapsis_velocity,"{""mass_log10_kg"": 20.0, ""periapsis_Rm"": 1.1, ""v_inf_kms"": 0.0, ""spin_period_hr"": NaN, ""spin_axis"": ""none"", ""resolution_value"": ""65"", ""fof_linking_length"": 0.004, ""special_case_code"": ""none"", ""timestep"": ""90000""}",0.16229704614175683,0.1446257081925706,0.1100544776460815,0.16229704614175683,0.024447580222544327,0.05224256849567532,sparse interpolation,0.0,0.32726577568234866,0.41219577487614395,5,Ma_xp_A2000_n65_r14_v02_90000.hdf5; Ma_xp_A2000_n65_r14_v04_90000.hdf5; Ma_xp_A2000_n65_r14_v00_90000.hdf5,True,True,False,0.04243064499738583,medium,0.16229704614175683,0.16152560078987344,0.1100544776460815
20.0,1.4,0.4,,none,65.0,0.004,none,90000,pair_grid,periapsis_velocity,"{""mass_log10_kg"": 20.0, ""periapsis_Rm"": 1.1, ""v_inf_kms"": 0.0, ""spin_period_hr"": NaN, ""spin_axis"": ""none"", ""resolution_value"": ""65"", ""fof_linking_length"": 0.004, ""special_case_code"": ""none"", ""timestep"": ""90000""}",0.1358850742139328,0.11767573533182311,0.08167077549413329,0.1358850742139328,0.025459911499138215,0.05421429871979952,sparse interpolation,0.0,0.32726577568234866,0.41219577487614395,5,Ma_xp_A2000_n65_r14_v04_90000.hdf5; Ma_xp_A2000_n65_r14_v06_90000.hdf5; Ma_xp_A2000_n65_r14_v02_90000.hdf5,True,True,False,0.049726536087447065,medium,0.1358850742139328,0.13547135628740323,0.08167077549413329
20.0,1.4,0.6,,none,65.0,0.004,none,90000,pair_grid,periapsis_velocity,"{""mass_log10_kg"": 20.0, ""periapsis_Rm"": 1.1, ""v_inf_kms"": 0.0, ""spin_period_hr"": NaN, ""spin_axis"": ""none"", ""resolution_value"": ""65"", ""fof_linking_length"": 0.004, ""special_case_code"": ""none"", ""timestep"": ""90000""}",0.05245751685806315,0.05868710682884367,0.05245751685806315,0.06833985688000473,0.006921016295558281,0.015882340021941575,sparse interpolation,0.0,0.32726577568234866,0.41219577487614395,5,Ma_xp_A2000_n65_r14_v06_90000.hdf5; Ma_xp_A2000_n65_r14_v04_90000.hdf5; Ma_xp_A2000_n65_r14_v08_90000.hdf5,True,True,True,0.03596820621607883,medium,0.05245751685806315,0.06833985688000473,0.05526394674846314
20.0,1.4,0.8,,none,65.0,0.004,none,90000,pair_grid,periapsis_velocity,"{""mass_log10_kg"": 20.0, ""periapsis_Rm"": 1.1, ""v_inf_kms"": 0.0, ""spin_period_hr"": NaN, ""spin_axis"": ""none"", ""resolution_value"": ""65"", ""fof_linking_length"": 0.004, ""special_case_code"": ""none"", ""timestep"": ""90000""}",0.0025736287205883786,0.01482959418236343,0.0025736287205883786,0.030869449957314,0.011857536121015777,0.02829582123672562,sparse interpolation,0.0,0.32726577568234866,0.41219577487614395,5,Ma_xp_A2000_n65_r14_v08_90000.hdf5; Ma_xp_A2000_n65_r14_v10_90000.hdf5; Ma_xp_A2000_n65_r14_v06_90000.hdf5,True,True,True,0.020743524396711607,medium,0.0025736287205883786,0.01104570386918791,0.030869449957314
20.0,1.4,1.0,,none,65.0,0.004,none,90000,pair_grid,periapsis_velocity,"{""mass_log10_kg"": 20.0, ""periapsis_Rm"": 1.1, ""v_inf_kms"": 0.0, ""spin_period_hr"": NaN, ""spin_axis"": ""none"", ""resolution_value"": ""65"", ""fof_linking_length"": 0.004, ""special_case_code"": ""none"", ""timestep"": ""90000""}",-0.00010771657132052967,0.0034343869082459548,-0.00010771657132052967,0.008531344620055836,0.003694276954942623,0.008639061191376366,sparse interpolation,0.0,0.3434964790634532,0.45991185443149796,5,Ma_xp_A2000_n65_r14_v10_90000.hdf5; Ma_xp_A2000_n65_r14_v08_90000.hdf5; Ma_xp_A2000_n65_r12_v10_90000.hdf5,True,True,False,0.017577087278526235,medium,-0.00010771657132052967,0.0018795326760025577,0.008531344620055836
20.0,1.4,1.2,,none,65.0,0.004,none,90000,pair_grid,periapsis_velocity,"{""mass_log10_kg"": 20.0, ""periapsis_Rm"": 1.1, ""v_inf_kms"": 0.0, ""spin_period_hr"": NaN, ""spin_axis"": ""none"", ""resolution_value"": ""65"", ""fof_linking_length"": 0.004, ""special_case_code"": ""none"", ""timestep"": ""90000""}",-0.003902518810808298,-0.004837052532329821,-0.011701873773750343,0.0010932349875691764,0.005265213956462709,0.012795108761319519,sparse interpolation,0.49089866352352307,0.5866561661635509,0.6437853242182477,5,Ma_xp_A2000_n65_r14_v10_90000.hdf5; Ma_xp_A2000_n65_r12_v12_90000.hdf5; Ma_xp_A2000_n65_r12_v14_90000.hdf5,True,True,False,0.014981723884412183,medium,-0.003902518810808298,0.0010932349875691764,-0.011701873773750343
20.0,1.4,1.4,,none,65.0,0.004,none,90000,pair_grid,periapsis_velocity,"{""mass_log10_kg"": 20.0, ""periapsis_Rm"": 1.1, ""v_inf_kms"": 0.0, ""spin_period_hr"": NaN, ""spin_axis"": ""none"", ""resolution_value"": ""65"", ""fof_linking_length"": 0.004, ""special_case_code"": ""none"", ""timestep"": ""90000""}",-0.007967162549461317,-0.012204005714031766,-0.02978113519232535,0.0011362805996913685,0.012972657908462365,0.03091741579201672,sparse interpolation,0.5395907736668367,0.6661829654224741,0.8201303251229414,5,Ma_xp_A2000_n65_r12_v14_90000.hdf5; Ma_xp_A2000_n65_r12_v12_90000.hdf5; Ma_xp_A2000_n65_r12_v16_90000.hdf5,True,True,False,0.014568997292901053,medium,-0.007967162549461317,0.0011362805996913685,-0.02978113519232535
20.0,1.4,1.5,,none,65.0,0.004,none,90000,pair_grid,periapsis_velocity,"{""mass_log10_kg"": 20.0, ""periapsis_Rm"": 1.1, ""v_inf_kms"": 0.0, ""spin_period_hr"": NaN, ""spin_axis"": ""none"", ""resolution_value"": ""65"", ""fof_linking_length"": 0.004, ""special_case_code"": ""none"", ""timestep"": ""90000""}",-0.007967162549461317,-0.014943067949607607,-0.037998321899052875,0.0011362805996913685,0.016720779892048943,0.039134602498744245,extrapolation,0.5927930309042698,0.6994917323399826,0.9332706522039034,5,Ma_xp_A2000_n65_r12_v14_90000.hdf5; Ma_xp_A2000_n65_r12_v16_90000.hdf5; Ma_xp_A2000_n65_r12_v12_90000.hdf5,True,False,False,0.0148190058337066,low,-0.007967162549461317,0.0011362805996913685,-0.037998321899052875
20.0,1.4,1.6,,none,65.0,0.004,none,90000,pair_grid,periapsis_velocity,"{""mass_log10_kg"": 20.0, ""periapsis_Rm"": 1.1, ""v_inf_kms"": 0.0, ""spin_period_hr"": NaN, ""spin_axis"": ""none"", ""resolution_value"": ""65"", ""fof_linking_length"": 0.004, ""special_case_code"": ""none"", ""timestep"": ""90000""}",-0.00799913122691357,-0.017487084339092088,-0.04565989011093129,0.0011977683205685941,0.020271917835846243,0.04685765843149988,extrapolation,0.5395907736668367,0.7964584124224562,1.086101458164404,3,Ma_xp_A2000_n65_r12_v16_90000.hdf5; Ma_xp_A2000_n65_r12_v14_90000.hdf5; Ma_xp_A2000_n65_r12_v12_90000.hdf5,True,False,False,0.014720150854435824,low,-0.00799913122691357,0.0011977683205685941,-0.04565989011093129
20.0,1.4,2.0,,none,65.0,0.004,none,90000,pair_grid,periapsis_velocity,"{""mass_log10_kg"": 20.0, ""periapsis_Rm"": 1.1, ""v_inf_kms"": 0.0, ""spin_period_hr"": NaN, ""spin_axis"": ""none"", ""resolution_value"": ""65"", ""fof_linking_length"": 0.004, ""special_case_code"": ""none"", ""timestep"": ""90000""}",-0.00799913122691357,-0.02571353559472696,-0.07065411002538849,0.001512634468121166,0.03201416191081359,0.07216674449350965,extrapolation,1.1203054023002383,1.5388524324956563,1.7495174655960586,1,Ma_xp_A2000_n65_r12_v16_90000.hdf5; Ma_xp_A2000_n65_r12_v14_90000.hdf5; Ma_xp_A2000_s030z_n65_r12_v16_90000.hdf5,True,False,False,0.015328919736383857,low,-0.00799913122691357,0.001512634468121166,-0.07065411002538849
20.0,1.5,0.0,,none,65.0,0.004,none,90000,pair_grid,periapsis_velocity,"{""mass_log10_kg"": 20.0, ""periapsis_Rm"": 1.1, ""v_inf_kms"": 0.0, ""spin_period_hr"": NaN, ""spin_axis"": ""none"", ""resolution_value"": ""65"", ""fof_linking_length"": 0.004, ""special_case_code"": ""none"", ""timestep"": ""90000""}",0.16373539478828203,0.1514088734682662,0.12772065553628192,0.16373539478828203,0.016754730143538586,0.036014739252000105,boundary interpolation,0.0,0.17986359122227913,0.3237544642001022,5,Ma_xp_A2000_n65_r15_v00_90000.hdf5; Ma_xp_A2000_n65_r16_v00_90000.hdf5; Ma_xp_A2000_n65_r14_v00_90000.hdf5,True,True,False,0.042843997917944236,medium,0.16373539478828203,0.16277057008023466,0.12772065553628192
20.0,1.5,0.2,,none,65.0,0.004,none,90000,pair_grid,periapsis_velocity,"{""mass_log10_kg"": 20.0, ""periapsis_Rm"": 1.1, ""v_inf_kms"": 0.0, ""spin_period_hr"": NaN, ""spin_axis"": ""none"", ""resolution_value"": ""65"", ""fof_linking_length"": 0.004, ""special_case_code"": ""none"", ""timestep"": ""90000""}",0.16308590562757438,0.139817470738257,0.09964817481849708,0.16308590562757438,0.028522689801033695,0.0634377308090773,sparse interpolation,0.26979538683341864,0.34349647906345343,0.4301589678981198,5,Ma_xp_A2000_n65_r16_v02_90000.hdf5; Ma_xp_A2000_n65_r14_v02_90000.hdf5; Ma_xp_A2000_n65_r15_v00_90000.hdf5,True,True,False,0.04047961127693002,medium,0.16308590562757438,0.15671833176869954,0.09964817481849708
20.0,1.5,0.4,,none,65.0,0.004,none,90000,pair_grid,periapsis_velocity,"{""mass_log10_kg"": 20.0, ""periapsis_Rm"": 1.1, ""v_inf_kms"": 0.0, ""spin_period_hr"": NaN, ""spin_axis"": ""none"", ""resolution_value"": ""65"", ""fof_linking_length"": 0.004, ""special_case_code"": ""none"", ""timestep"": ""90000""}",0.13831815676213013,0.11489523036829791,0.07313914981909232,0.13831815676213013,0.02959903312028571,0.06517900694303781,sparse interpolation,0.26979538683341864,0.3665811582723189,0.4440097754234392,5,Ma_xp_A2000_n65_r16_v04_90000.hdf5; Ma_xp_A2000_n65_r14_v04_90000.hdf5; Ma_xp_A2000_n65_r16_v06_90000.hdf5,True,True,False,0.050053678000293186,low,0.13831815676213013,0.13322838452367128,0.07313914981909232
20.0,1.5,0.6,,none,65.0,0.004,none,90000,pair_grid,periapsis_velocity,"{""mass_log10_kg"": 20.0, ""periapsis_Rm"": 1.1, ""v_inf_kms"": 0.0, ""spin_period_hr"": NaN, ""spin_axis"": ""none"", ""resolution_value"": ""65"", ""fof_linking_length"": 0.004, ""special_case_code"": ""none"", ""timestep"": ""90000""}",0.05410173992044293,0.05338393419245018,0.04821802498002795,0.05783203767687966,0.0039575871294818725,0.009614012696851706,sparse interpolation,0.26979538683341864,0.3665811582723189,0.4440097754234392,5,Ma_xp_A2000_n65_r16_v06_90000.hdf5; Ma_xp_A2000_n65_r14_v06_90000.hdf5; Ma_xp_A2000_n65_r16_v04_90000.hdf5,True,True,True,0.03888231373149233,medium,0.05410173992044293,0.05783203767687966,0.04821802498002795
20.0,1.5,0.8,,none,65.0,0.004,none,90000,pair_grid,periapsis_velocity,"{""mass_log10_kg"": 20.0, ""periapsis_Rm"": 1.1, ""v_inf_kms"": 0.0, ""spin_period_hr"": NaN, ""spin_axis"": ""none"", ""resolution_value"": ""65"", ""fof_linking_length"": 0.004, ""special_case_code"": ""none"", ""timestep"": ""90000""}",0.004217851782968155,0.013203700515983208,0.004217851782968155,0.024922233928007777,0.008670583762282249,0.020704382145039623,sparse interpolation,0.26979538683341864,0.3665811582723189,0.4440097754234392,5,Ma_xp_A2000_n65_r16_v08_90000.hdf5; Ma_xp_A2000_n65_r14_v08_90000.hdf5; Ma_xp_A2000_n65_r16_v10_90000.hdf5,True,True,True,0.02192501125306749,medium,0.004217851782968155,0.010471015836973695,0.024922233928007777
20.0,1.5,1.0,,none,65.0,0.004,none,90000,pair_grid,periapsis_velocity,"{""mass_log10_kg"": 20.0, ""periapsis_Rm"": 1.1, ""v_inf_kms"": 0.0, ""spin_period_hr"": NaN, ""spin_axis"": ""none"", ""resolution_value"": ""65"", ""fof_linking_length"": 0.004, ""special_case_code"": ""none"", ""timestep"": ""90000""}",-0.008262801308888797,-0.0008471426811305747,-0.008262801308888797,0.0032980392166020445,0.005255807704827556,0.011560840525490841,sparse interpolation,0.26979538683341864,0.3665811582723189,0.49385646729346633,5,Ma_xp_A2000_n65_r16_v10_90000.hdf5; Ma_xp_A2000_n65_r14_v10_90000.hdf5; Ma_xp_A2000_n65_r16_v08_90000.hdf5,True,True,False,0.013822968047192007,medium,-0.008262801308888797,0.0024233340488950274,0.0032980392166020445
20.0,1.5,1.2,,none,65.0,0.004,none,90000,pair_grid,periapsis_velocity,"{""mass_log10_kg"": 20.0, ""periapsis_Rm"": 1.1, ""v_inf_kms"": 0.0, ""spin_period_hr"": NaN, ""spin_axis"": ""none"", ""resolution_value"": ""65"", ""fof_linking_length"": 0.004, ""special_case_code"": ""none"", ""timestep"": ""90000""}",-0.003902518810808298,-0.006227783742541879,-0.01660399194367157,0.00182315952685423,0.007700438107947182,0.0184271514705258,sparse interpolation,0.5601527011501195,0.6432305209334982,0.7645858963967902,5,Ma_xp_A2000_n65_r16_v10_90000.hdf5; Ma_xp_A2000_n65_r14_v10_90000.hdf5; Ma_xp_A2000_n65_r12_v12_90000.hdf5,True,True,False,0.014778007862361638,medium,-0.003902518810808298,0.00182315952685423,-0.01660399194367157
20.0,1.5,1.4,,none,65.0,0.004,none,90000,pair_grid,periapsis_velocity,"{""mass_log10_kg"": 20.0, ""periapsis_Rm"": 1.1, ""v_inf_kms"": 0.0, ""spin_period_hr"": NaN, ""spin_axis"": ""none"", ""resolution_value"": ""65"", ""fof_linking_length"": 0.004, ""special_case_code"": ""none"", ""timestep"": ""90000""}",-0.007967162549461317,-0.01356838018176823,-0.03473311842769676,0.001995140431853387,0.015508524084878404,0.036728258859550146,extrapolation,0.8093861605002555,0.9008746932279043,0.9478017324745338,5,Ma_xp_A2000_n65_r12_v14_90000.hdf5; Ma_xp_A2000_n65_r12_v12_90000.hdf5; Ma_xp_A2000_n65_r12_v16_90000.hdf5,True,False,False,0.014276280786436578,low,-0.007967162549461317,0.001995140431853387,-0.03473311842769676
20.0,1.5,1.5,,none,65.0,0.004,none,90000,pair_grid,periapsis_velocity,"{""mass_log10_kg"": 20.0, ""periapsis_Rm"": 1.1, ""v_inf_kms"": 0.0, ""spin_period_hr"": NaN, ""spin_axis"": ""none"", ""resolution_value"": ""65"", ""fof_linking_length"": 0.004, ""special_case_code"": ""none"", ""timestep"": ""90000""}",-0.00799913122691357,-0.016464201707149385,-0.043117757782731164,0.0017242838881965786,0.019260412577457506,0.04484204167092774,extrapolation,0.845784447286447,0.9285958288411112,1.0597784538616293,5,Ma_xp_A2000_n65_r12_v14_90000.hdf5; Ma_xp_A2000_n65_r12_v16_90000.hdf5; Ma_xp_A2000_n65_r12_v12_90000.hdf5,True,False,False,0.014294318526298862,low,-0.00799913122691357,0.0017242838881965786,-0.043117757782731164
20.0,1.5,1.6,,none,65.0,0.004,none,90000,pair_grid,periapsis_velocity,"{""mass_log10_kg"": 20.0, ""periapsis_Rm"": 1.1, ""v_inf_kms"": 0.0, ""spin_period_hr"": NaN, ""spin_axis"": ""none"", ""resolution_value"": ""65"", ""fof_linking_length"": 0.004, ""special_case_code"": ""none"", ""timestep"": ""90000""}",-0.00799913122691357,-0.01910550412176083,-0.0510416650265655,0.0017242838881965786,0.022928511804859452,0.05276594891476208,extrapolation,0.8093861605002555,1.0094723275798267,1.204565425852396,3,Ma_xp_A2000_n65_r12_v16_90000.hdf5; Ma_xp_A2000_n65_r12_v14_90000.hdf5; Ma_xp_A2000_n65_r12_v12_90000.hdf5,True,False,False,0.014271117157506003,low,-0.00799913122691357,0.0017242838881965786,-0.0510416650265655
20.0,1.5,2.0,,none,65.0,0.004,none,90000,pair_grid,periapsis_velocity,"{""mass_log10_kg"": 20.0, ""periapsis_Rm"": 1.1, ""v_inf_kms"": 0.0, ""spin_period_hr"": NaN, ""spin_axis"": ""none"", ""resolution_value"": ""65"", ""fof_linking_length"": 0.004, ""special_case_code"": ""none"", ""timestep"": ""90000""}",-0.007374161672818925,-0.02789447423665156,-0.07803354492533232,0.0017242838881965786,0.03564772302265682,0.0797578288135289,extrapolation,1.2724118626474954,1.6576251072343904,1.855306543299438,1,Ma_xp_A2000_n65_r12_v16_90000.hdf5; Ma_xp_A2000_n65_r12_v14_90000.hdf5; Ma_xp_A2000_s030z_n65_r12_v16_90000.hdf5,True,False,False,0.014969177545247956,low,-0.007374161672818925,0.0017242838881965786,-0.07803354492533232
20.0,1.6,0.0,,none,65.0,0.004,none,90000,pair_grid,periapsis_velocity,"{""mass_log10_kg"": 20.0, ""periapsis_Rm"": 1.1, ""v_inf_kms"": 0.0, ""spin_period_hr"": NaN, ""spin_axis"": ""none"", ""resolution_value"": ""65"", ""fof_linking_length"": 0.004, ""special_case_code"": ""none"", ""timestep"": ""90000""}",0.1419291114098434,0.13151292618513175,0.11428108491865384,0.1419291114098434,0.012273092999841242,0.027648026491189567,boundary interpolation,0.0,0.1798635912222789,0.3140160421714393,5,Ma_xp_A2000_n65_r16_v00_90000.hdf5; Ma_xp_A2000_n65_r17_v00_90000.hdf5; Ma_xp_A2000_n65_r15_v00_90000.hdf5,True,True,False,0.04715986742972982,medium,0.1419291114098434,0.13832858222689792,0.11428108491865384
20.0,1.6,0.2,,none,65.0,0.004,none,90000,pair_grid,periapsis_velocity,"{""mass_log10_kg"": 20.0, ""periapsis_Rm"": 1.1, ""v_inf_kms"": 0.0, ""spin_period_hr"": NaN, ""spin_axis"": ""none"", ""resolution_value"": ""65"", ""fof_linking_length"": 0.004, ""special_case_code"": ""none"", ""timestep"": ""90000""}",0.14127962224913576,0.12363685440168043,0.08847701273943194,0.14127962224913576,0.024861815420885232,0.05280260950970382,sparse interpolation,0.0,0.32726577568234866,0.41219577487614395,5,Ma_xp_A2000_n65_r16_v02_90000.hdf5; Ma_xp_A2000_n65_r16_v00_90000.hdf5; Ma_xp_A2000_n65_r16_v04_90000.hdf5,True,True,False,0.05043005894851319,low,0.14127962224913576,0.14115392821647357,0.08847701273943194
20.0,1.6,0.4,,none,65.0,0.004,none,90000,pair_grid,periapsis_velocity,"{""mass_log10_kg"": 20.0, ""periapsis_Rm"": 1.1, ""v_inf_kms"": 0.0, ""spin_period_hr"": NaN, ""spin_axis"": ""none"", ""resolution_value"": ""65"", ""fof_linking_length"": 0.004, ""special_case_code"": ""none"", ""timestep"": ""90000""}",0.0906963314504711,0.08914451590571505,0.06385266856925284,0.11288454769742123,0.020047234078936986,0.04903187912816839,sparse interpolation,0.0,0.32726577568234866,0.41219577487614395,5,Ma_xp_A2000_n65_r16_v04_90000.hdf5; Ma_xp_A2000_n65_r16_v06_90000.hdf5; Ma_xp_A2000_n65_r16_v02_90000.hdf5,True,True,False,0.048935762450973995,medium,0.0906963314504711,0.11288454769742123,0.06385266856925284
20.0,1.6,0.6,,none,65.0,0.004,none,90000,pair_grid,periapsis_velocity,"{""mass_log10_kg"": 20.0, ""periapsis_Rm"": 1.1, ""v_inf_kms"": 0.0, ""spin_period_hr"": NaN, ""spin_axis"": ""none"", ""resolution_value"": ""65"", ""fof_linking_length"": 0.004, ""special_case_code"": ""none"", ""timestep"": ""90000""}",0.013637687854241947,0.02377761840676096,0.013637687854241947,0.04043345200084639,0.011870017927125859,0.02679576414660444,sparse interpolation,0.0,0.32726577568234866,0.41219577487614395,5,Ma_xp_A2000_n65_r16_v06_90000.hdf5; Ma_xp_A2000_n65_r16_v04_90000.hdf5; Ma_xp_A2000_n65_r16_v08_90000.hdf5,True,True,True,0.028842485525583716,medium,0.013637687854241947,0.017261715365194538,0.04043345200084639
20.0,1.6,0.8,,none,65.0,0.004,none,90000,pair_grid,periapsis_velocity,"{""mass_log10_kg"": 20.0, ""periapsis_Rm"": 1.1, ""v_inf_kms"": 0.0, ""spin_period_hr"": NaN, ""spin_axis"": ""none"", ""resolution_value"": ""65"", ""fof_linking_length"": 0.004, ""special_case_code"": ""none"", ""timestep"": ""90000""}",0.002438469733303687,0.008858766253578796,0.002438469733303687,0.01825811079176924,0.006793197878488759,0.015819641058465554,sparse interpolation,0.0,0.32726577568234866,0.41219577487614395,5,Ma_xp_A2000_n65_r16_v08_90000.hdf5; Ma_xp_A2000_n65_r16_v10_90000.hdf5; Ma_xp_A2000_n65_r16_v06_90000.hdf5,True,True,False,0.01714622962323339,medium,0.002438469733303687,0.00587971823566346,0.01825811079176924
20.0,1.6,1.0,,none,65.0,0.004,none,90000,pair_grid,periapsis_velocity,"{""mass_log10_kg"": 20.0, ""periapsis_Rm"": 1.1, ""v_inf_kms"": 0.0, ""spin_period_hr"": NaN, ""spin_axis"": ""none"", ""resolution_value"": ""65"", ""fof_linking_length"": 0.004, ""special_case_code"": ""none"", ""timestep"": ""90000""}",-0.005772427232655863,-0.002174798860084834,-0.005772427232655863,0.0018737650287874116,0.003137788090851594,0.007646192261443275,sparse interpolation,0.0,0.3434964790634532,0.45991185443149796,5,Ma_xp_A2000_n65_r16_v10_90000.hdf5; Ma_xp_A2000_n65_r16_v08_90000.hdf5; Ma_xp_A2000_n65_r18_v10_90000.hdf5,True,True,False,0.014242047901311372,medium,-0.005772427232655863,0.0018737650287874116,-0.002625734376386052
20.0,1.6,1.2,,none,65.0,0.004,none,90000,pair_grid,periapsis_velocity,"{""mass_log10_kg"": 20.0, ""periapsis_Rm"": 1.1, ""v_inf_kms"": 0.0, ""spin_period_hr"": NaN, ""spin_axis"": ""none"", ""resolution_value"": ""65"", ""fof_linking_length"": 0.004, ""special_case_code"": ""none"", ""timestep"": ""90000""}",-0.0017967904239928575,-0.007299374469792772,-0.02216640219873961,0.00206506921335415,0.010630141895716417,0.02423147141209376,sparse interpolation,0.49089866352352307,0.6499522620413699,0.8021671321009659,5,Ma_xp_A2000_n65_r16_v10_90000.hdf5; Ma_xp_A2000_n65_r18_v10_90000.hdf5; Ma_xp_A2000_n65_r14_v10_90000.hdf5,True,True,False,0.015390797069872253,medium,-0.0017967904239928575,0.00206506921335415,-0.02216640219873961
20.0,1.6,1.4,,none,65.0,0.004,none,90000,pair_grid,periapsis_velocity,"{""mass_log10_kg"": 20.0, ""periapsis_Rm"": 1.1, ""v_inf_kms"": 0.0, ""spin_period_hr"": NaN, ""spin_axis"": ""none"", ""resolution_value"": ""65"", ""fof_linking_length"": 0.004, ""special_case_code"": ""none"", ""timestep"": ""90000""}",-0.007374161672818925,-0.0152072844819375,-0.040312474595755265,0.0020647828227616854,0.018165468088030153,0.04237725741851695,extrapolation,0.9817973270470459,1.0604280922269862,1.0974351481579476,5,Ma_xp_A2000_n65_r16_v10_90000.hdf5; Ma_xp_A2000_n65_r12_v14_90000.hdf5; Ma_xp_A2000_n65_r18_v10_90000.hdf5,True,False,False,0.014218392979321101,low,-0.007374161672818925,0.0020647828227616854,-0.040312474595755265
20.0,1.6,1.5,,none,65.0,0.004,none,90000,pair_grid,periapsis_velocity,"{""mass_log10_kg"": 20.0, ""periapsis_Rm"": 1.1, ""v_inf_kms"": 0.0, ""spin_period_hr"": NaN, ""spin_axis"": ""none"", ""resolution_value"": ""65"", ""fof_linking_length"": 0.004, ""special_case_code"": ""none"", ""timestep"": ""90000""}",-0.007374161672818925,-0.018052253447761377,-0.0488473814932269,0.0020647828227616854,0.02211377175427303,0.050912164315988585,extrapolation,1.1067421499914958,1.1469103195972663,1.2175647369197473,5,Ma_xp_A2000_n65_r12_v14_90000.hdf5; Ma_xp_A2000_n65_r12_v16_90000.hdf5; Ma_xp_A2000_n65_r16_v10_90000.hdf5,True,False,False,0.014355302598473835,low,-0.007374161672818925,0.0020647828227616854,-0.0488473814932269
20.0,1.6,1.6,,none,65.0,0.004,none,90000,pair_grid,periapsis_velocity,"{""mass_log10_kg"": 20.0, ""periapsis_Rm"": 1.1, ""v_inf_kms"": 0.0, ""spin_period_hr"": NaN, ""spin_axis"": ""none"", ""resolution_value"": ""65"", ""fof_linking_length"": 0.004, ""special_case_code"": ""none"", ""timestep"": ""90000""}",-0.007374161672818925,-0.02077516334758904,-0.057016111192709884,0.0020647828227616854,0.025914322215488478,0.05908089401547157,extrapolation,1.079181547333674,1.2412419105809338,1.3529715570594905,2,Ma_xp_A2000_n65_r12_v16_90000.hdf5; Ma_xp_A2000_n65_r12_v14_90000.hdf5; Ma_xp_A2000_n65_r12_v12_90000.hdf5,True,False,False,0.014355302598473835,low,-0.007374161672818925,0.0020647828227616854,-0.057016111192709884
20.0,1.6,2.0,,none,65.0,0.004,none,90000,pair_grid,periapsis_velocity,"{""mass_log10_kg"": 20.0, ""periapsis_Rm"": 1.1, ""v_inf_kms"": 0.0, ""spin_period_hr"": NaN, ""spin_axis"": ""none"", ""resolution_value"": ""65"", ""fof_linking_length"": 0.004, ""special_case_code"": ""none"", ""timestep"": ""90000""}",-0.007374161672818925,-0.030458892934742743,-0.08593426247388561,0.0019317453424763098,0.03941055227112552,0.08786600781636192,extrapolation,1.458958122600586,1.8090509668692818,1.9922907560823497,0,Ma_xp_A2000_n65_r12_v16_90000.hdf5; Ma_xp_A2000_n65_r12_v14_90000.hdf5; Ma_xp_A2000_s030z_n65_r12_v16_90000.hdf5,True,False,False,0.014953016238304449,low,-0.007374161672818925,0.0019317453424763098,-0.08593426247388561
20.0,1.7,0.0,,none,65.0,0.004,none,90000,pair_grid,periapsis_velocity,"{""mass_log10_kg"": 20.0, ""periapsis_Rm"": 1.1, ""v_inf_kms"": 0.0, ""spin_period_hr"": NaN, ""spin_axis"": ""none"", ""resolution_value"": ""65"", ""fof_linking_length"": 0.004, ""special_case_code"": ""none"", ""timestep"": ""90000""}",0.09259690650001738,0.09447084305915443,0.09109878822564317,0.09971683445180274,0.0037595574969942576,0.008618046226159568,boundary interpolation,0.0,0.1798635912222789,0.32375446420010207,5,Ma_xp_A2000_n65_r17_v00_90000.hdf5; Ma_xp_A2000_n65_r16_v00_90000.hdf5; Ma_xp_A2000_n65_r18_v00_90000.hdf5,True,True,False,0.04392324597835211,medium,0.09259690650001738,0.09109878822564317,0.09971683445180274
20.0,1.7,0.2,,none,65.0,0.004,none,90000,pair_grid,periapsis_velocity,"{""mass_log10_kg"": 20.0, ""periapsis_Rm"": 1.1, ""v_inf_kms"": 0.0, ""spin_period_hr"": NaN, ""spin_axis"": ""none"", ""resolution_value"": ""65"", ""fof_linking_length"": 0.004, ""special_case_code"": ""none"", ""timestep"": ""90000""}",0.05601286681738488,0.07173190518915483,0.05601286681738488,0.08299702554456756,0.01145758103690218,0.026984158727182676,sparse interpolation,0.2697953868334181,0.3434964790634532,0.43015896789811964,5,Ma_xp_A2000_n65_r16_v02_90000.hdf5; Ma_xp_A2000_n65_r18_v02_90000.hdf5; Ma_xp_A2000_n65_r17_v00_90000.hdf5,True,True,True,0.04026140065481289,medium,0.05601286681738488,0.08299702554456756,0.07618582320551202
20.0,1.7,0.4,,none,65.0,0.004,none,90000,pair_grid,periapsis_velocity,"{""mass_log10_kg"": 20.0, ""periapsis_Rm"": 1.1, ""v_inf_kms"": 0.0, ""spin_period_hr"": NaN, ""spin_axis"": ""none"", ""resolution_value"": ""65"", ""fof_linking_length"": 0.004, ""special_case_code"": ""none"", ""timestep"": ""90000""}",0.014520201897807394,0.03867189852809027,0.014520201897807394,0.053459887515235414,0.01722080223868117,0.03893968561742802,sparse interpolation,0.2697953868334181,0.3665811582723186,0.44400977542343883,5,Ma_xp_A2000_n65_r16_v04_90000.hdf5; Ma_xp_A2000_n65_r18_v04_90000.hdf5; Ma_xp_A2000_n65_r16_v06_90000.hdf5,True,True,True,0.02858656968835193,medium,0.014520201897807394,0.048035606171227985,0.053459887515235414
20.0,1.7,0.6,,none,65.0,0.004,none,90000,pair_grid,periapsis_velocity,"{""mass_log10_kg"": 20.0, ""periapsis_Rm"": 1.1, ""v_inf_kms"": 0.0, ""spin_period_hr"": NaN, ""spin_axis"": ""none"", ""resolution_value"": ""65"", ""fof_linking_length"": 0.004, ""special_case_code"": ""none"", ""timestep"": ""90000""}",0.006676370017634023,0.018689599470084115,0.006676370017634023,0.03156471948464222,0.010178887506460614,0.024888349467008197,sparse interpolation,0.2697953868334181,0.3665811582723186,0.44400977542343883,5,Ma_xp_A2000_n65_r16_v06_90000.hdf5; Ma_xp_A2000_n65_r18_v06_90000.hdf5; Ma_xp_A2000_n65_r16_v04_90000.hdf5,True,True,True,0.01752091822012102,medium,0.006676370017634023,0.017827708907976098,0.03156471948464222
20.0,1.7,0.8,,none,65.0,0.004,none,90000,pair_grid,periapsis_velocity,"{""mass_log10_kg"": 20.0, ""periapsis_Rm"": 1.1, ""v_inf_kms"": 0.0, ""spin_period_hr"": NaN, ""spin_axis"": ""none"", ""resolution_value"": ""65"", ""fof_linking_length"": 0.004, ""special_case_code"": ""none"", ""timestep"": ""90000""}",-0.0011291459230043488,0.005817271413426406,-0.0011291459230043488,0.010539358682544436,0.0050165880249888216,0.011668504605548784,sparse interpolation,0.2697953868334181,0.3665811582723186,0.44400977542343883,5,Ma_xp_A2000_n65_r16_v08_90000.hdf5; Ma_xp_A2000_n65_r18_v08_90000.hdf5; Ma_xp_A2000_n65_r16_v10_90000.hdf5,True,True,False,0.01428803657374583,medium,-0.0011291459230043488,0.008041601480739128,0.010539358682544436
20.0,1.7,1.0,,none,65.0,0.004,none,90000,pair_grid,periapsis_velocity,"{""mass_log10_kg"": 20.0, ""periapsis_Rm"": 1.1, ""v_inf_kms"": 0.0, ""spin_period_hr"": NaN, ""spin_axis"": ""none"", ""resolution_value"": ""65"", ""fof_linking_length"": 0.004, ""special_case_code"": ""none"", ""timestep"": ""90000""}",-0.0036800457753460997,-0.002543619187532105,-0.00956848986755511,0.005617678080304896,0.006251587706456153,0.015186167947860006,sparse interpolation,0.2697953868334181,0.3665811582723186,0.49385646729346605,5,Ma_xp_A2000_n65_r16_v10_90000.hdf5; Ma_xp_A2000_n65_r18_v10_90000.hdf5; Ma_xp_A2000_n65_r16_v08_90000.hdf5,True,True,False,0.014638904456568524,medium,-0.0036800457753460997,0.005617678080304896,-0.00956848986755511
20.0,1.7,1.2,,none,65.0,0.004,none,90000,pair_grid,periapsis_velocity,"{""mass_log10_kg"": 20.0, ""periapsis_Rm"": 1.1, ""v_inf_kms"": 0.0, ""spin_period_hr"": NaN, ""spin_axis"": ""none"", ""resolution_value"": ""65"", ""fof_linking_length"": 0.004, ""special_case_code"": ""none"", ""timestep"": ""90000""}",-0.0077446895139991175,-0.010735627905872203,-0.02870743160767042,0.004245237404052928,0.013618097838220856,0.03295266901172335,extrapolation,0.5601527011501193,0.6889747872973224,0.8206617889161845,5,Ma_xp_A2000_n65_r16_v10_90000.hdf5; Ma_xp_A2000_n65_r18_v10_90000.hdf5; Ma_xp_A2000_n65_r14_v10_90000.hdf5,True,False,False,0.014163518281861666,low,-0.0077446895139991175,0.004245237404052928,-0.02870743160767042
20.0,1.7,1.4,,none,65.0,0.004,none,90000,pair_grid,periapsis_velocity,"{""mass_log10_kg"": 20.0, ""periapsis_Rm"": 1.1, ""v_inf_kms"": 0.0, ""spin_period_hr"": NaN, ""spin_axis"": ""none"", ""resolution_value"": ""65"", ""fof_linking_length"": 0.004, ""special_case_code"": ""none"", ""timestep"": ""90000""}",-0.007074859978720675,-0.016552133860318143,-0.04682677900628668,0.004245237404052928,0.021900559433107435,0.05107201641033961,extrapolation,1.0181922913444776,1.1029321484454837,1.2186588567664027,4,Ma_xp_A2000_n65_r16_v10_90000.hdf5; Ma_xp_A2000_n65_r18_v10_90000.hdf5; Ma_xp_A2000_n65_r14_v10_90000.hdf5,True,False,False,0.014422471063539473,low,-0.007074859978720675,0.004245237404052928,-0.04682677900628668
20.0,1.7,1.5,,none,65.0,0.004,none,90000,pair_grid,periapsis_velocity,"{""mass_log10_kg"": 20.0, ""periapsis_Rm"": 1.1, ""v_inf_kms"": 0.0, ""spin_period_hr"": NaN, ""spin_axis"": ""none"", ""resolution_value"": ""65"", ""fof_linking_length"": 0.004, ""special_case_code"": ""none"", ""timestep"": ""90000""}",-0.007074859978720675,-0.01943963885178571,-0.055489293980689386,0.004245237404052928,0.025906490530026614,0.059734531384742315,extrapolation,1.2565523913924062,1.2947433068458107,1.3450941616558791,4,Ma_xp_A2000_n65_r16_v10_90000.hdf5; Ma_xp_A2000_n65_r18_v10_90000.hdf5; Ma_xp_A2000_n65_r12_v14_90000.hdf5,True,False,False,0.014394017390535217,low,-0.007074859978720675,0.004245237404052928,-0.055489293980689386
20.0,1.7,1.6,,none,65.0,0.004,none,90000,pair_grid,periapsis_velocity,"{""mass_log10_kg"": 20.0, ""periapsis_Rm"": 1.1, ""v_inf_kms"": 0.0, ""spin_period_hr"": NaN, ""spin_axis"": ""none"", ""resolution_value"": ""65"", ""fof_linking_length"": 0.004, ""special_case_code"": ""none"", ""timestep"": ""90000""}",-0.007074859978720675,-0.022236487895759785,-0.06387984111261161,0.004245237404052928,0.029806741983948105,0.06812507851666454,extrapolation,1.348976934167092,1.4272343039189372,1.4894679623415787,1,Ma_xp_A2000_n65_r12_v16_90000.hdf5; Ma_xp_A2000_n65_r12_v14_90000.hdf5; Ma_xp_A2000_n65_r16_v10_90000.hdf5,True,False,False,0.014394017390535217,low,-0.007074859978720675,0.004245237404052928,-0.06387984111261161
20.0,1.7,2.0,,none,65.0,0.004,none,90000,pair_grid,periapsis_velocity,"{""mass_log10_kg"": 20.0, ""periapsis_Rm"": 1.1, ""v_inf_kms"": 0.0, ""spin_period_hr"": NaN, ""spin_axis"": ""none"", ""resolution_value"": ""65"", ""fof_linking_length"": 0.004, ""special_case_code"": ""none"", ""timestep"": ""90000""}",-0.007074859978720675,-0.03273506113149175,-0.09463136608157832,0.003501042665823735,0.04397974423180368,0.09813240874740206,extrapolation,1.6684318266898324,1.9852604103615874,2.1540815148619656,0,Ma_xp_A2000_n65_r12_v16_90000.hdf5; Ma_xp_A2000_n65_r12_v14_90000.hdf5; Ma_xp_A2000_s030z_n65_r12_v16_90000.hdf5,True,False,False,0.01503517957876764,low,-0.007074859978720675,0.003501042665823735,-0.09463136608157832
20.0,1.8,0.0,,none,65.0,0.004,none,90000,pair_grid,periapsis_velocity,"{""mass_log10_kg"": 20.0, ""periapsis_Rm"": 1.1, ""v_inf_kms"": 0.0, ""spin_period_hr"": NaN, ""spin_axis"": ""none"", ""resolution_value"": ""65"", ""fof_linking_length"": 0.004, ""special_case_code"": ""none"", ""timestep"": ""90000""}",0.012368557405992197,0.03345699412908041,0.0045894297157458895,0.08341299526550314,0.035466700288787234,0.07882356554975725,boundary interpolation,0.0,0.17986359122227893,0.3140160421714393,5,Ma_xp_A2000_n65_r18_v00_90000.hdf5; Ma_xp_A2000_n65_r19_v00_90000.hdf5; Ma_xp_A2000_n65_r17_v00_90000.hdf5,True,True,True,0.02922091172612225,medium,0.012368557405992197,0.0045894297157458895,0.08341299526550314
20.0,1.8,0.2,,none,65.0,0.004,none,90000,pair_grid,periapsis_velocity,"{""mass_log10_kg"": 20.0, ""periapsis_Rm"": 1.1, ""v_inf_kms"": 0.0, ""spin_period_hr"": NaN, ""spin_axis"": ""none"", ""resolution_value"": ""65"", ""fof_linking_length"": 0.004, ""special_case_code"": ""none"", ""timestep"": ""90000""}",0.008365023879113753,0.0249230078628891,0.0042420923056124835,0.06216190740394107,0.026385619447739126,0.05791981509832859,sparse interpolation,0.0,0.32726577568234866,0.4121957748761439,5,Ma_xp_A2000_n65_r18_v02_90000.hdf5; Ma_xp_A2000_n65_r18_v00_90000.hdf5; Ma_xp_A2000_n65_r18_v04_90000.hdf5,True,True,True,0.021135047046773044,medium,0.008365023879113753,0.0042420923056124835,0.06216190740394107
20.0,1.8,0.4,,none,65.0,0.004,none,90000,pair_grid,periapsis_velocity,"{""mass_log10_kg"": 20.0, ""periapsis_Rm"": 1.1, ""v_inf_kms"": 0.0, ""spin_period_hr"": NaN, ""spin_axis"": ""none"", ""resolution_value"": ""65"", ""fof_linking_length"": 0.004, ""special_case_code"": ""none"", ""timestep"": ""90000""}",0.00733641102573727,0.01779563072959717,0.004695888450701393,0.041354592712352846,0.016693543804836924,0.03665870426165145,sparse interpolation,0.0,0.32726577568234866,0.4121957748761439,5,Ma_xp_A2000_n65_r18_v04_90000.hdf5; Ma_xp_A2000_n65_r18_v06_90000.hdf5; Ma_xp_A2000_n65_r18_v02_90000.hdf5,True,True,True,0.017479449756956488,medium,0.00733641102573727,0.004695888450701393,0.041354592712352846
20.0,1.8,0.6,,none,65.0,0.004,none,90000,pair_grid,periapsis_velocity,"{""mass_log10_kg"": 20.0, ""periapsis_Rm"": 1.1, ""v_inf_kms"": 0.0, ""spin_period_hr"": NaN, ""spin_axis"": ""none"", ""resolution_value"": ""65"", ""fof_linking_length"": 0.004, ""special_case_code"": ""none"", ""timestep"": ""90000""}",0.002886281325863786,0.008486413638519937,0.0015569980731844257,0.021015961516511597,0.008876332801768512,0.019458963443327173,sparse interpolation,0.0,0.32726577568234866,0.4121957748761439,5,Ma_xp_A2000_n65_r18_v06_90000.hdf5; Ma_xp_A2000_n65_r18_v04_90000.hdf5; Ma_xp_A2000_n65_r18_v08_90000.hdf5,True,True,True,0.014833788227161145,medium,0.002886281325863786,0.0015569980731844257,0.021015961516511597
20.0,1.8,0.8,,none,65.0,0.004,none,90000,pair_grid,periapsis_velocity,"{""mass_log10_kg"": 20.0, ""periapsis_Rm"": 1.1, ""v_inf_kms"": 0.0, ""spin_period_hr"": NaN, ""spin_axis"": ""none"", ""resolution_value"": ""65"", ""fof_linking_length"": 0.004, ""special_case_code"": ""none"", ""timestep"": ""90000""}",-0.0011291459230043488,0.0002646612983761717,-0.0011291459230043488,0.0011837104740628213,0.0010021219419568096,0.0023128563970671702,sparse interpolation,0.0,0.32726577568234866,0.4501734324028351,5,Ma_xp_A2000_n65_r18_v08_90000.hdf5; Ma_xp_A2000_n65_r18_v10_90000.hdf5; Ma_xp_A2000_n65_r18_v06_90000.hdf5,True,True,False,0.015301564327165127,medium,-0.0011291459230043488,0.0007394193440700426,0.0011837104740628213
20.0,1.8,1.0,,none,65.0,0.004,none,90000,pair_grid,periapsis_velocity,"{""mass_log10_kg"": 20.0, ""periapsis_Rm"": 1.1, ""v_inf_kms"": 0.0, ""spin_period_hr"": NaN, ""spin_axis"": ""none"", ""resolution_value"": ""65"", ""fof_linking_length"": 0.004, ""special_case_code"": ""none"", ""timestep"": ""90000""}",-0.0038384570341850333,-0.007198609085072552,-0.018096369476072016,0.00033899925503939155,0.0078923452964174,0.018435368731111408,sparse interpolation,0.0,0.3434964790634532,0.5483531651075397,5,Ma_xp_A2000_n65_r18_v10_90000.hdf5; Ma_xp_A2000_n65_r18_v08_90000.hdf5; Ma_xp_A2000_n65_r16_v10_90000.hdf5,True,True,False,0.014901606083550132,medium,-0.0038384570341850333,0.00033899925503939155,-0.018096369476072016
20.0,1.8,1.2,,none,65.0,0.004,none,90000,pair_grid,periapsis_velocity,"{""mass_log10_kg"": 20.0, ""periapsis_Rm"": 1.1, ""v_inf_kms"": 0.0, ""spin_period_hr"": NaN, ""spin_axis"": ""none"", ""resolution_value"": ""65"", ""fof_linking_length"": 0.004, ""special_case_code"": ""none"", ""timestep"": ""90000""}",-0.008370493256723741,-0.014961117838744433,-0.036775318729115686,0.00026245846960612555,0.015822483670216273,0.03703777719872181,extrapolation,0.49089866352352307,0.7340583506236206,0.9016133031959281,5,Ma_xp_A2000_n65_r18_v10_90000.hdf5; Ma_xp_A2000_n65_r16_v10_90000.hdf5; Ma_xp_A2000_n65_r18_v08_90000.hdf5,True,False,False,0.014170005703952743,low,-0.008370493256723741,0.00026245846960612555,-0.036775318729115686
20.0,1.8,1.4,,none,65.0,0.004,none,90000,pair_grid,periapsis_velocity,"{""mass_log10_kg"": 20.0, ""periapsis_Rm"": 1.1, ""v_inf_kms"": 0.0, ""spin_period_hr"": NaN, ""spin_axis"": ""none"", ""resolution_value"": ""65"", ""fof_linking_length"": 0.004, ""special_case_code"": ""none"", ""timestep"": ""90000""}",-0.008370493256723741,-0.020971106594358597,-0.05480528499595817,0.00026245846960612555,0.02418257892176013,0.0550677434655643,extrapolation,0.9817973270470459,1.1870202839826236,1.3204385811005042,2,Ma_xp_A2000_n65_r18_v10_90000.hdf5; Ma_xp_A2000_n65_r16_v10_90000.hdf5; Ma_xp_A2000_n65_r14_v10_90000.hdf5,True,False,False,0.01427344217815593,low,-0.008370493256723741,0.00026245846960612555,-0.05480528499595817
20.0,1.8,1.5,,none,65.0,0.004,none,90000,pair_grid,periapsis_velocity,"{""mass_log10_kg"": 20.0, ""periapsis_Rm"": 1.1, ""v_inf_kms"": 0.0, ""spin_period_hr"": NaN, ""spin_axis"": ""none"", ""resolution_value"": ""65"", ""fof_linking_length"": 0.004, ""special_case_code"": ""none"", ""timestep"": ""90000""}",-0.008370493256723741,-0.02389035904111976,-0.06356304233624166,0.00026245846960612555,0.028273348036075348,0.06382550080584778,extrapolation,1.2272466588088073,1.4007087541014973,1.4953352251074814,2,Ma_xp_A2000_n65_r18_v10_90000.hdf5; Ma_xp_A2000_n65_r16_v10_90000.hdf5; Ma_xp_A2000_n65_r14_v10_90000.hdf5,True,False,False,0.01427344217815593,low,-0.008370493256723741,0.00026245846960612555,-0.06356304233624166
20.0,1.8,1.6,,none,65.0,0.004,none,90000,pair_grid,periapsis_velocity,"{""mass_log10_kg"": 20.0, ""periapsis_Rm"": 1.1, ""v_inf_kms"": 0.0, ""spin_period_hr"": NaN, ""spin_axis"": ""none"", ""resolution_value"": ""65"", ""fof_linking_length"": 0.004, ""special_case_code"": ""none"", ""timestep"": ""90000""}",-0.008370493256723741,-0.026750225264294294,-0.07214264100576526,0.00026245846960612555,0.03229019994789122,0.07240509947537138,extrapolation,1.4726959905705692,1.5533014581850537,1.6354503079101743,0,Ma_xp_A2000_n65_r18_v10_90000.hdf5; Ma_xp_A2000_n65_r16_v10_90000.hdf5; Ma_xp_A2000_n65_r12_v16_90000.hdf5,True,False,False,0.014274148083891637,low,-0.008370493256723741,0.00026245846960612555,-0.07214264100576526
20.0,1.8,2.0,,none,65.0,0.004,none,90000,pair_grid,periapsis_velocity,"{""mass_log10_kg"": 20.0, ""periapsis_Rm"": 1.1, ""v_inf_kms"": 0.0, ""spin_period_hr"": NaN, ""spin_axis"": ""none"", ""resolution_value"": ""65"", ""fof_linking_length"": 0.004, ""special_case_code"": ""none"", ""timestep"": ""90000""}",-0.008386969288007168,-0.03752625009722878,-0.1045960645951067,0.00040428359142754156,0.047561129397736546,0.10500034818653424,extrapolation,1.8932379191834567,2.1787228069006503,2.301616351573757,0,Ma_xp_A2000_n65_r12_v16_90000.hdf5; Ma_xp_A2000_n65_r12_v14_90000.hdf5; Ma_xp_A2000_n65_r18_v10_90000.hdf5,True,False,False,0.014890164264276112,low,-0.008386969288007168,0.00040428359142754156,-0.1045960645951067
20.0,1.9,0.0,,none,65.0,0.004,none,90000,pair_grid,periapsis_velocity,"{""mass_log10_kg"": 20.0, ""periapsis_Rm"": 1.1, ""v_inf_kms"": 0.0, ""spin_period_hr"": NaN, ""spin_axis"": ""none"", ""resolution_value"": ""65"", ""fof_linking_length"": 0.004, ""special_case_code"": ""none"", ""timestep"": ""90000""}",0.009014513039821377,0.024557638231146445,0.0007486953411366205,0.06390970631248134,0.028029982545665695,0.06316101097134472,boundary interpolation,0.0,0.1798635912222789,0.3278668496967586,5,Ma_xp_A2000_n65_r19_v00_90000.hdf5; Ma_xp_A2000_n65_r18_v00_90000.hdf5; Ma_xp_A2000_n65_r20_v00_90000.hdf5,True,True,True,0.018364171808480812,medium,0.009014513039821377,0.0007486953411366205,0.06390970631248134
20.0,1.9,0.2,,none,65.0,0.004,none,90000,pair_grid,periapsis_velocity,"{""mass_log10_kg"": 20.0, ""periapsis_Rm"": 1.1, ""v_inf_kms"": 0.0, ""spin_period_hr"": NaN, ""spin_axis"": ""none"", ""resolution_value"": ""65"", ""fof_linking_length"": 0.004, ""special_case_code"": ""none"", ""timestep"": ""90000""}",0.0045749351873435335,0.017800215377838394,0.0038752170306416748,0.04495049391552997,0.019200271176563827,0.041075276884888295,sparse interpolation,0.2697953868334182,0.3434964790634532,0.43015896789811964,5,Ma_xp_A2000_n65_r18_v02_90000.hdf5; Ma_xp_A2000_n65_r20_v02_90000.hdf5; Ma_xp_A2000_n65_r19_v00_90000.hdf5,True,True,True,0.014874719235630732,medium,0.0045749351873435335,0.0038752170306416748,0.04495049391552997
20.0,1.9,0.4,,none,65.0,0.004,none,90000,pair_grid,periapsis_velocity,"{""mass_log10_kg"": 20.0, ""periapsis_Rm"": 1.1, ""v_inf_kms"": 0.0, ""spin_period_hr"": NaN, ""spin_axis"": ""none"", ""resolution_value"": ""65"", ""fof_linking_length"": 0.004, ""special_case_code"": ""none"", ""timestep"": ""90000""}",0.0035463223339670365,0.011513690163979027,0.0035463223339670365,0.026096961889806487,0.010326679826654432,0.02255063955583945,sparse interpolation,0.2697953868334182,0.36658115827231863,0.44400977542343883,5,Ma_xp_A2000_n65_r18_v04_90000.hdf5; Ma_xp_A2000_n65_r20_v04_90000.hdf5; Ma_xp_A2000_n65_r18_v06_90000.hdf5,True,True,True,0.014938875005141346,medium,0.0035463223339670365,0.004897786268163558,0.026096961889806487
20.0,1.9,0.6,,none,65.0,0.004,none,90000,pair_grid,periapsis_velocity,"{""mass_log10_kg"": 20.0, ""periapsis_Rm"": 1.1, ""v_inf_kms"": 0.0, ""spin_period_hr"": NaN, ""spin_axis"": ""none"", ""resolution_value"": ""65"", ""fof_linking_length"": 0.004, ""special_case_code"": ""none"", ""timestep"": ""90000""}",0.002886281325863786,0.003955043140497533,0.0016075897996160916,0.00737125829601272,0.0024713906336855714,0.005763668496396628,sparse interpolation,0.2697953868334182,0.36658115827231863,0.44400977542343895,5,Ma_xp_A2000_n65_r18_v06_90000.hdf5; Ma_xp_A2000_n65_r20_v06_90000.hdf5; Ma_xp_A2000_n65_r18_v04_90000.hdf5,True,True,False,0.01628140993726635,medium,0.002886281325863786,0.0016075897996160916,0.00737125829601272
20.0,1.9,0.8,,none,65.0,0.004,none,90000,pair_grid,periapsis_velocity,"{""mass_log10_kg"": 20.0, ""periapsis_Rm"": 1.1, ""v_inf_kms"": 0.0, ""spin_period_hr"": NaN, ""spin_axis"": ""none"", ""resolution_value"": ""65"", ""fof_linking_length"": 0.004, ""special_case_code"": ""none"", ""timestep"": ""90000""}",-0.01273792948009057,-0.007701449728256799,-0.01273792948009057,0.000826827882523506,0.006063285676509938,0.013564757362614076,sparse interpolation,0.2697953868334182,0.46336692971121884,0.5519279301568062,5,Ma_xp_A2000_n65_r18_v08_90000.hdf5; Ma_xp_A2000_n65_r18_v10_90000.hdf5; Ma_xp_A2000_n65_r18_v06_90000.hdf5,True,True,False,0.014254801345035971,medium,-0.01273792948009057,0.000826827882523506,-0.011193247587203331
20.0,1.9,1.0,,none,65.0,0.004,none,90000,pair_grid,periapsis_velocity,"{""mass_log10_kg"": 20.0, ""periapsis_Rm"": 1.1, ""v_inf_kms"": 0.0, ""spin_period_hr"": NaN, ""spin_axis"": ""none"", ""resolution_value"": ""65"", ""fof_linking_length"": 0.004, ""special_case_code"": ""none"", ""timestep"": ""90000""}",-0.008370493256723741,-0.012509985312741773,-0.029556278628535076,0.0003968159470334956,0.012573742866906316,0.02995309457556857,extrapolation,0.2697953868334182,0.5464447494945973,0.7208290998839996,5,Ma_xp_A2000_n65_r18_v10_90000.hdf5; Ma_xp_A2000_n65_r18_v08_90000.hdf5; Ma_xp_A2000_n65_r16_v10_90000.hdf5,True,False,False,0.014453150956381992,low,-0.008370493256723741,0.0003968159470334956,-0.029556278628535076
20.0,1.9,1.2,,none,65.0,0.004,none,90000,pair_grid,periapsis_velocity,"{""mass_log10_kg"": 20.0, ""periapsis_Rm"": 1.1, ""v_inf_kms"": 0.0, ""spin_period_hr"": NaN, ""spin_axis"": ""none"", ""resolution_value"": ""65"", ""fof_linking_length"": 0.004, ""special_case_code"": ""none"", ""timestep"": ""90000""}",-0.008370493256723741,-0.018560549450473907,-0.04767511799172211,0.00036396289702412166,0.020893639495992003,0.048039080888746234,extrapolation,0.5601527011501193,0.8416546506954417,1.0465793438124582,4,Ma_xp_A2000_n65_r18_v10_90000.hdf5; Ma_xp_A2000_n65_r16_v10_90000.hdf5; Ma_xp_A2000_n65_r18_v08_90000.hdf5,True,False,False,0.014322334727510565,low,-0.008370493256723741,0.00036396289702412166,-0.04767511799172211
20.0,1.9,1.4,,none,65.0,0.004,none,90000,pair_grid,periapsis_velocity,"{""mass_log10_kg"": 20.0, ""periapsis_Rm"": 1.1, ""v_inf_kms"": 0.0, ""spin_period_hr"": NaN, ""spin_axis"": ""none"", ""resolution_value"": ""65"", ""fof_linking_length"": 0.004, ""special_case_code"": ""none"", ""timestep"": ""90000""}",-0.008370493256723741,-0.02450498152388413,-0.06550841421195278,0.00036396289702412166,0.0292122554216453,0.06587237710897689,extrapolation,1.0181922913444776,1.262603075751074,1.4273398314786825,2,Ma_xp_A2000_n65_r18_v10_90000.hdf5; Ma_xp_A2000_n65_r16_v10_90000.hdf5; Ma_xp_A2000_n65_r18_v08_90000.hdf5,True,False,False,0.014322334727510565,low,-0.008370493256723741,0.00036396289702412166,-0.06550841421195278
20.0,1.9,1.5,,none,65.0,0.004,none,90000,pair_grid,periapsis_velocity,"{""mass_log10_kg"": 20.0, ""periapsis_Rm"": 1.1, ""v_inf_kms"": 0.0, ""spin_period_hr"": NaN, ""spin_axis"": ""none"", ""resolution_value"": ""65"", ""fof_linking_length"": 0.004, ""special_case_code"": ""none"", ""timestep"": ""90000""}",-0.008370493256723741,-0.027437551124630543,-0.07430612301419201,0.00036396289702412166,0.03333236619564313,0.07467008591121613,extrapolation,1.2565523913924064,1.4886223553348454,1.6377618246161187,1,Ma_xp_A2000_n65_r18_v10_90000.hdf5; Ma_xp_A2000_n65_r16_v10_90000.hdf5; Ma_xp_A2000_n65_r18_v08_90000.hdf5,True,False,False,0.014322334727510565,low,-0.008370493256723741,0.00036396289702412166,-0.07430612301419201
20.0,1.9,1.6,,none,65.0,0.004,none,90000,pair_grid,periapsis_velocity,"{""mass_log10_kg"": 20.0, ""periapsis_Rm"": 1.1, ""v_inf_kms"": 0.0, ""spin_period_hr"": NaN, ""spin_axis"": ""none"", ""resolution_value"": ""65"", ""fof_linking_length"": 0.004, ""special_case_code"": ""none"", ""timestep"": ""90000""}",-0.008370493256723741,-0.030341802610647967,-0.08301887747224429,0.00036396289702412166,0.03741860805406942,0.08338284036926841,extrapolation,1.4972050732612496,1.6887436281818455,1.7999197413599966,0,Ma_xp_A2000_n65_r18_v10_90000.hdf5; Ma_xp_A2000_n65_r16_v10_90000.hdf5; Ma_xp_A2000_n65_r12_v16_90000.hdf5,True,False,False,0.014323023319700113,low,-0.008370493256723741,0.00036396289702412166,-0.08301887747224429
20.0,1.9,2.0,,none,65.0,0.004,none,90000,pair_grid,periapsis_velocity,"{""mass_log10_kg"": 20.0, ""periapsis_Rm"": 1.1, ""v_inf_kms"": 0.0, ""spin_period_hr"": NaN, ""spin_axis"": ""none"", ""resolution_value"": ""65"", ""fof_linking_length"": 0.004, ""special_case_code"": ""none"", ""timestep"": ""90000""}",-0.008386969288007168,-0.04165797333469435,-0.11695053175897671,0.0003635810429008354,0.05335959800153994,0.11731411280187755,extrapolation,2.1285238966170485,2.3308984622855236,2.444287142239024,0,Ma_xp_A2000_n65_r12_v16_90000.hdf5; Ma_xp_A2000_n65_r12_v14_90000.hdf5; Ma_xp_A2000_n65_r18_v10_90000.hdf5,True,False,False,0.014949394725231647,low,-0.008386969288007168,0.0003635810429008354,-0.11695053175897671
20.0,2.0,0.0,,none,65.0,0.004,none,90000,pair_grid,periapsis_velocity,"{""mass_log10_kg"": 20.0, ""periapsis_Rm"": 1.1, ""v_inf_kms"": 0.0, ""spin_period_hr"": NaN, ""spin_axis"": ""none"", ""resolution_value"": ""65"", ""fof_linking_length"": 0.004, ""special_case_code"": ""none"", ""timestep"": ""90000""}",0.005224424348051156,0.010870838934210465,0.00040316424207397064,0.026984928212506268,0.011563132280486332,0.0265817639704323,boundary interpolation,0.0,0.2535646834523138,0.3679751195381231,5,Ma_xp_A2000_n65_r20_v00_90000.hdf5; Ma_xp_A2000_n65_r19_v00_90000.hdf5; Ma_xp_A2000_n65_r20_v02_90000.hdf5,True,True,True,0.01645657929413784,medium,0.005224424348051156,0.00040316424207397064,0.026984928212506268
20.0,2.0,0.2,,none,65.0,0.004,none,90000,pair_grid,periapsis_velocity,"{""mass_log10_kg"": 20.0, ""periapsis_Rm"": 1.1, ""v_inf_kms"": 0.0, ""spin_period_hr"": NaN, ""spin_axis"": ""none"", ""resolution_value"": ""65"", ""fof_linking_length"": 0.004, ""special_case_code"": ""none"", ""timestep"": ""90000""}",0.006055694020064329,0.007463973974671959,0.005960614600579402,0.010375613303372146,0.0020592057869200696,0.004414998702792744,sparse interpolation,0.0,0.32726577568234866,0.4163081603728004,5,Ma_xp_A2000_n65_r20_v02_90000.hdf5; Ma_xp_A2000_n65_r20_v00_90000.hdf5; Ma_xp_A2000_n65_r20_v04_90000.hdf5,True,True,False,0.016129884394123883,medium,0.006055694020064329,0.005960614600579402,0.010375613303372146
20.0,2.0,0.4,,none,65.0,0.004,none,90000,pair_grid,periapsis_velocity,"{""mass_log10_kg"": 20.0, ""periapsis_Rm"": 1.1, ""v_inf_kms"": 0.0, ""spin_period_hr"": NaN, ""spin_axis"": ""none"", ""resolution_value"": ""65"", ""fof_linking_length"": 0.004, ""special_case_code"": ""none"", ""timestep"": ""90000""}",0.005027081166687832,0.0016784753081840297,-0.0063534167562565025,0.0063617615141207595,0.005705483357179186,0.012715178270377263,sparse interpolation,0.0,0.32726577568234866,0.4501734324028351,5,Ma_xp_A2000_n65_r20_v04_90000.hdf5; Ma_xp_A2000_n65_r20_v06_90000.hdf5; Ma_xp_A2000_n65_r20_v02_90000.hdf5,True,True,False,0.016325350767008123,medium,0.005027081166687832,0.0063617615141207595,-0.0063534167562565025
20.0,2.0,0.6,,none,65.0,0.004,none,90000,pair_grid,periapsis_velocity,"{""mass_log10_kg"": 20.0, ""periapsis_Rm"": 1.1, ""v_inf_kms"": 0.0, ""spin_period_hr"": NaN, ""spin_axis"": ""none"", ""resolution_value"": ""65"", ""fof_linking_length"": 0.004, ""special_case_code"": ""none"", ""timestep"": ""90000""}",-0.0011783624127892195,-0.007553561098002322,-0.023192301294037224,0.0017099804128194777,0.011120949517580761,0.0249022817068567,sparse interpolation,0.0,0.3434964790634532,0.4978895119581891,5,Ma_xp_A2000_n65_r20_v06_90000.hdf5; Ma_xp_A2000_n65_r20_v04_90000.hdf5; Ma_xp_A2000_n65_r18_v06_90000.hdf5,True,True,False,0.01609367443529868,medium,-0.0011783624127892195,0.0017099804128194777,-0.023192301294037224
20.0,2.0,0.8,,none,65.0,0.004,none,90000,pair_grid,periapsis_velocity,"{""mass_log10_kg"": 20.0, ""periapsis_Rm"": 1.1, ""v_inf_kms"": 0.0, ""spin_period_hr"": NaN, ""spin_axis"": ""none"", ""resolution_value"": ""65"", ""fof_linking_length"": 0.004, ""special_case_code"": ""none"", ""timestep"": ""90000""}",-0.013891195877348803,-0.017675214628760264,-0.04012630437634196,0.0009918563674099661,0.016998330980237064,0.04111816074375192,extrapolation,0.49089866352352307,0.5866561661635509,0.6942489773675982,5,Ma_xp_A2000_n65_r20_v06_90000.hdf5; Ma_xp_A2000_n65_r18_v08_90000.hdf5; Ma_xp_A2000_n65_r18_v10_90000.hdf5,True,False,False,0.01438702262342455,low,-0.013891195877348803,0.0009918563674099661,-0.04012630437634196
20.0,2.0,1.0,,none,65.0,0.004,none,90000,pair_grid,periapsis_velocity,"{""mass_log10_kg"": 20.0, ""periapsis_Rm"": 1.1, ""v_inf_kms"": 0.0, ""spin_period_hr"": NaN, ""spin_axis"": ""none"", ""resolution_value"": ""65"", ""fof_linking_length"": 0.004, ""special_case_code"": ""none"", ""timestep"": ""90000""}",-0.008370493256723741,-0.021697061491396597,-0.057137847322135144,0.00041715610466909524,0.02531590633771458,0.05755500342680424,extrapolation,0.5395907736668367,0.7502890540047251,0.8900708223296174,5,Ma_xp_A2000_n65_r18_v10_90000.hdf5; Ma_xp_A2000_n65_r18_v08_90000.hdf5; Ma_xp_A2000_n65_r20_v06_90000.hdf5,True,False,False,0.01490486155214912,low,-0.008370493256723741,0.00041715610466909524,-0.057137847322135144
20.0,2.0,1.2,,none,65.0,0.004,none,90000,pair_grid,periapsis_velocity,"{""mass_log10_kg"": 20.0, ""periapsis_Rm"": 1.1, ""v_inf_kms"": 0.0, ""spin_period_hr"": NaN, ""spin_axis"": ""none"", ""resolution_value"": ""65"", ""fof_linking_length"": 0.004, ""special_case_code"": ""none"", ""timestep"": ""90000""}",-0.008370493256723741,-0.027398250841223645,-0.07420856232160691,0.0003843030546597213,0.03329229700978221,0.07459286537626664,extrapolation,0.7294790613002929,1.0117901751363572,1.193404927716045,3,Ma_xp_A2000_n65_r18_v10_90000.hdf5; Ma_xp_A2000_n65_r18_v08_90000.hdf5; Ma_xp_A2000_n65_r16_v10_90000.hdf5,True,False,False,0.014602129482478736,low,-0.008370493256723741,0.0003843030546597213,-0.07420856232160691
20.0,2.0,1.4,,none,65.0,0.004,none,90000,pair_grid,periapsis_velocity,"{""mass_log10_kg"": 20.0, ""periapsis_Rm"": 1.1, ""v_inf_kms"": 0.0, ""spin_period_hr"": NaN, ""spin_axis"": ""none"", ""resolution_value"": ""65"", ""fof_linking_length"": 0.004, ""special_case_code"": ""none"", ""timestep"": ""90000""}",-0.008370493256723741,-0.03310238975035669,-0.09132097904900605,0.0003843030546597213,0.04132162242343235,0.09170528210366577,extrapolation,1.1203054023002386,1.3825665292949685,1.5648477392826359,1,Ma_xp_A2000_n65_r18_v10_90000.hdf5; Ma_xp_A2000_n65_r16_v10_90000.hdf5; Ma_xp_A2000_n65_r18_v08_90000.hdf5,True,False,False,0.014602129482478736,low,-0.008370493256723741,0.0003843030546597213,-0.09132097904900605
20.0,2.0,1.5,,none,65.0,0.004,none,90000,pair_grid,periapsis_velocity,"{""mass_log10_kg"": 20.0, ""periapsis_Rm"": 1.1, ""v_inf_kms"": 0.0, ""spin_period_hr"": NaN, ""spin_axis"": ""none"", ""resolution_value"": ""65"", ""fof_linking_length"": 0.004, ""special_case_code"": ""none"", ""timestep"": ""90000""}",-0.008370493256723741,-0.03595803061862278,-0.09988790165380432,0.0003843030546597213,0.04534631864914476,0.10027220470846404,extrapolation,1.340631405190762,1.5919210503339916,1.7593164133845562,1,Ma_xp_A2000_n65_r18_v10_90000.hdf5; Ma_xp_A2000_n65_r16_v10_90000.hdf5; Ma_xp_A2000_n65_r18_v08_90000.hdf5,True,False,False,0.014602129482478736,low,-0.008370493256723741,0.0003843030546597213,-0.09988790165380432
20.0,2.0,1.6,,none,65.0,0.004,none,90000,pair_grid,periapsis_velocity,"{""mass_log10_kg"": 20.0, ""periapsis_Rm"": 1.1, ""v_inf_kms"": 0.0, ""spin_period_hr"": NaN, ""spin_axis"": ""none"", ""resolution_value"": ""65"", ""fof_linking_length"": 0.004, ""special_case_code"": ""none"", ""timestep"": ""90000""}",-0.008370493256723741,-0.038815281898404726,-0.10845965549315015,0.0003843030546597213,0.0493755384420721,0.10884395854780987,extrapolation,1.5684360629840814,1.8101996386986177,1.9481514694028015,0,Ma_xp_A2000_n65_r18_v10_90000.hdf5; Ma_xp_A2000_n65_r16_v10_90000.hdf5; Ma_xp_A2000_n65_r18_v08_90000.hdf5,True,False,False,0.014602764543773255,low,-0.008370493256723741,0.0003843030546597213,-0.10845965549315015
20.0,2.0,2.0,,none,65.0,0.004,none,90000,pair_grid,periapsis_velocity,"{""mass_log10_kg"": 20.0, ""periapsis_Rm"": 1.1, ""v_inf_kms"": 0.0, ""spin_period_hr"": NaN, ""spin_axis"": ""none"", ""resolution_value"": ""65"", ""fof_linking_length"": 0.004, ""special_case_code"": ""none"", ""timestep"": ""90000""}",-0.008386969288007168,-0.05025660184766878,-0.1427671393096589,0.0003843030546597213,0.06551276445984663,0.14315144236431862,extrapolation,2.3711721236170797,2.4990665158780807,2.604334606105577,0,Ma_xp_A2000_n65_r12_v16_90000.hdf5; Ma_xp_A2000_n65_r18_v10_90000.hdf5; Ma_xp_A2000_n65_r12_v14_90000.hdf5,True,False,False,0.015263258100574759,low,-0.008386969288007168,0.0003843030546597213,-0.1427671393096589
20.0,2.2,0.0,,none,65.0,0.004,none,90000,pair_grid,periapsis_velocity,"{""mass_log10_kg"": 20.0, ""periapsis_Rm"": 1.1, ""v_inf_kms"": 0.0, ""spin_period_hr"": NaN, ""spin_axis"": ""none"", ""resolution_value"": ""65"", ""fof_linking_length"": 0.004, ""special_case_code"": ""none"", ""timestep"": ""90000""}",-0.0010605710330575035,0.0023884797436479364,-0.0010605710330575035,0.007970722948974412,0.003983629015576631,0.009031293982031917,boundary interpolation,0.0,0.35972718244455787,0.5236093538268446,5,Ma_xp_A2000_n65_r22_v00_90000.hdf5; Ma_xp_A2000_n65_r24_v00_90000.hdf5; Ma_xp_A2000_n65_r20_v00_90000.hdf5,True,True,False,0.015951652797141874,medium,-0.0010605710330575035,0.00025528731502690044,0.007970722948974412
20.0,2.2,0.2,,none,65.0,0.004,none,90000,pair_grid,periapsis_velocity,"{""mass_log10_kg"": 20.0, ""periapsis_Rm"": 1.1, ""v_inf_kms"": 0.0, ""spin_period_hr"": NaN, ""spin_axis"": ""none"", ""resolution_value"": ""65"", ""fof_linking_length"": 0.004, ""special_case_code"": ""none"", ""timestep"": ""90000""}",-0.0012910360872166828,3.369597433555636e-05,-0.004102778792418368,0.00549490280264172,0.004028652320252777,0.009597681595060088,sparse interpolation,0.49089866352352296,0.586656166163551,0.6437853242182479,5,Ma_xp_A2000_n65_r22_v00_90000.hdf5; Ma_xp_A2000_n65_r20_v02_90000.hdf5; Ma_xp_A2000_n65_r24_v00_90000.hdf5,True,True,False,0.015325069974491623,medium,-0.0012910360872166828,0.00549490280264172,-0.004102778792418368
20.0,2.2,0.4,,none,65.0,0.004,none,90000,pair_grid,periapsis_velocity,"{""mass_log10_kg"": 20.0, ""periapsis_Rm"": 1.1, ""v_inf_kms"": 0.0, ""spin_period_hr"": NaN, ""spin_axis"": ""none"", ""resolution_value"": ""65"", ""fof_linking_length"": 0.004, ""special_case_code"": ""none"", ""timestep"": ""90000""}",-0.002319648940593175,-0.00478976548075948,-0.017065988176956676,0.005016340675271411,0.009182716325648188,0.022082328852228085,extrapolation,0.5395907736668375,0.6661829654224748,0.811905554129629,5,Ma_xp_A2000_n65_r20_v04_90000.hdf5; Ma_xp_A2000_n65_r20_v06_90000.hdf5; Ma_xp_A2000_n65_r20_v02_90000.hdf5,True,False,False,0.015307963775971049,low,-0.002319648940593175,0.005016340675271411,-0.017065988176956676
20.0,2.2,0.6,,none,65.0,0.004,none,90000,pair_grid,periapsis_velocity,"{""mass_log10_kg"": 20.0, ""periapsis_Rm"": 1.1, ""v_inf_kms"": 0.0, ""spin_period_hr"": NaN, ""spin_axis"": ""none"", ""resolution_value"": ""65"", ""fof_linking_length"": 0.004, ""special_case_code"": ""none"", ""timestep"": ""90000""}",-0.0041356899284807425,-0.011117273173146992,-0.030908602314707906,0.0016924727237476729,0.014195407751978719,0.03260107503845558,extrapolation,0.5395907736668375,0.782750460766935,0.9308285692819169,5,Ma_xp_A2000_n65_r20_v06_90000.hdf5; Ma_xp_A2000_n65_r20_v04_90000.hdf5; Ma_xp_A2000_n65_r18_v06_90000.hdf5,True,False,False,0.015617064624256778,low,-0.0041356899284807425,0.0016924727237476729,-0.030908602314707906
20.0,2.2,0.8,,none,65.0,0.004,none,90000,pair_grid,periapsis_velocity,"{""mass_log10_kg"": 20.0, ""periapsis_Rm"": 1.1, ""v_inf_kms"": 0.0, ""spin_period_hr"": NaN, ""spin_axis"": ""none"", ""resolution_value"": ""65"", ""fof_linking_length"": 0.004, ""special_case_code"": ""none"", ""timestep"": ""90000""}",-0.013891195877348803,-0.019509847937038652,-0.04561534022770784,0.0009769922939406918,0.01943173179240354,0.04659233252164854,extrapolation,0.7294790613002935,0.9763220036447354,1.0600276269102573,5,Ma_xp_A2000_n65_r20_v06_90000.hdf5; Ma_xp_A2000_n65_r18_v08_90000.hdf5; Ma_xp_A2000_n65_r20_v04_90000.hdf5,True,False,False,0.01424264918776773,low,-0.013891195877348803,0.0009769922939406918,-0.04561534022770784
20.0,2.2,1.0,,none,65.0,0.004,none,90000,pair_grid,periapsis_velocity,"{""mass_log10_kg"": 20.0, ""periapsis_Rm"": 1.1, ""v_inf_kms"": 0.0, ""spin_period_hr"": NaN, ""spin_axis"": ""none"", ""resolution_value"": ""65"", ""fof_linking_length"": 0.004, ""special_case_code"": ""none"", ""timestep"": ""90000""}",-0.008370493256723741,-0.023040502541681912,-0.061168170472991085,0.00041715610466909524,0.027197977764714217,0.06158532657766018,extrapolation,1.079181547333674,1.1283576704808178,1.2824934394054242,3,Ma_xp_A2000_n65_r18_v10_90000.hdf5; Ma_xp_A2000_n65_r20_v06_90000.hdf5; Ma_xp_A2000_n65_r18_v08_90000.hdf5,True,False,False,0.014908981063717635,low,-0.008370493256723741,0.00041715610466909524,-0.061168170472991085
20.0,2.2,1.2,,none,65.0,0.004,none,90000,pair_grid,periapsis_velocity,"{""mass_log10_kg"": 20.0, ""periapsis_Rm"": 1.1, ""v_inf_kms"": 0.0, ""spin_period_hr"": NaN, ""spin_axis"": ""none"", ""resolution_value"": ""65"", ""fof_linking_length"": 0.004, ""special_case_code"": ""none"", ""timestep"": ""90000""}",-0.008386969288007168,-0.028517059010267104,-0.07754851079745387,0.0003843030546597213,0.03485490164378341,0.07793281385211359,extrapolation,1.1855860618085405,1.4043267491310694,1.526946207367666,1,Ma_xp_A2000_n65_r18_v10_90000.hdf5; Ma_xp_A2000_n65_r18_v08_90000.hdf5; Ma_xp_A2000_n65_r20_v06_90000.hdf5,True,False,False,0.014603610351809683,low,-0.008386969288007168,0.0003843030546597213,-0.07754851079745387
20.0,2.2,1.4,,none,65.0,0.004,none,90000,pair_grid,periapsis_velocity,"{""mass_log10_kg"": 20.0, ""periapsis_Rm"": 1.1, ""v_inf_kms"": 0.0, ""spin_period_hr"": NaN, ""spin_axis"": ""none"", ""resolution_value"": ""65"", ""fof_linking_length"": 0.004, ""special_case_code"": ""none"", ""timestep"": ""90000""}",-0.008386969288007168,-0.034247213460921334,-0.09473897414941657,0.0003843030546597213,0.04292375906203107,0.09512327720407629,extrapolation,1.4589581226005863,1.7259914374022864,1.8284349454196929,0,Ma_xp_A2000_n65_r18_v10_90000.hdf5; Ma_xp_A2000_n65_r18_v08_90000.hdf5; Ma_xp_A2000_n65_r16_v10_90000.hdf5,True,False,False,0.01461019365403855,low,-0.008386969288007168,0.0003843030546597213,-0.09473897414941657
20.0,2.2,1.5,,none,65.0,0.004,none,90000,pair_grid,periapsis_velocity,"{""mass_log10_kg"": 20.0, ""periapsis_Rm"": 1.1, ""v_inf_kms"": 0.0, ""spin_period_hr"": NaN, ""spin_axis"": ""none"", ""resolution_value"": ""65"", ""fof_linking_length"": 0.004, ""special_case_code"": ""none"", ""timestep"": ""90000""}",-0.008386969288007168,-0.037211949149700045,-0.10363318121575268,0.0003843030546597213,0.04710321189690163,0.10401748427041241,extrapolation,1.6342481983049224,1.898198604317642,1.9957113744790722,0,Ma_xp_A2000_n65_r18_v10_90000.hdf5; Ma_xp_A2000_n65_r18_v08_90000.hdf5; Ma_xp_A2000_n65_r16_v10_90000.hdf5,True,False,False,0.01461019365403855,low,-0.008386969288007168,0.0003843030546597213,-0.10363318121575268
20.0,2.2,1.6,,none,65.0,0.004,none,90000,pair_grid,periapsis_velocity,"{""mass_log10_kg"": 20.0, ""periapsis_Rm"": 1.1, ""v_inf_kms"": 0.0, ""spin_period_hr"": NaN, ""spin_axis"": ""none"", ""resolution_value"": ""65"", ""fof_linking_length"": 0.004, ""special_case_code"": ""none"", ""timestep"": ""90000""}",-0.008386969288007168,-0.040242381157853814,-0.112724477240214,0.0003843030546597213,0.05137752098597648,0.11310878029487373,extrapolation,1.825778270422817,2.0775447063598467,2.1676160889305116,0,Ma_xp_A2000_n65_r18_v10_90000.hdf5; Ma_xp_A2000_n65_r16_v10_90000.hdf5; Ma_xp_A2000_s030z_n65_r20_v10_90000.hdf5,True,False,False,0.01461019365403855,low,-0.008386969288007168,0.0003843030546597213,-0.112724477240214
20.0,2.2,2.0,,none,65.0,0.004,none,90000,pair_grid,periapsis_velocity,"{""mass_log10_kg"": 20.0, ""periapsis_Rm"": 1.1, ""v_inf_kms"": 0.0, ""spin_period_hr"": NaN, ""spin_axis"": ""none"", ""resolution_value"": ""65"", ""fof_linking_length"": 0.004, ""special_case_code"": ""none"", ""timestep"": ""90000""}",-0.008386969288007168,-0.05301232484871387,-0.15103430831279416,0.0003843030546597213,0.06940444623750282,0.15141861136745388,extrapolation,2.6812628103815244,2.8308453730057166,2.905775249631945,0,Ma_xp_A2000_n65_r18_v10_90000.hdf5; Ma_xp_A2000_n65_r12_v16_90000.hdf5; Ma_xp_A2000_n65_r16_v10_90000.hdf5,True,False,False,0.015275001762298311,low,-0.008386969288007168,0.0003843030546597213,-0.15103430831279416
20.0,2.4,0.0,,none,65.0,0.004,none,90000,pair_grid,periapsis_velocity,"{""mass_log10_kg"": 20.0, ""periapsis_Rm"": 1.1, ""v_inf_kms"": 0.0, ""spin_period_hr"": NaN, ""spin_axis"": ""none"", ""resolution_value"": ""65"", ""fof_linking_length"": 0.004, ""special_case_code"": ""none"", ""timestep"": ""90000""}",-0.0010672073271439549,-0.0041102758889312785,-0.01151890765467678,0.00025528731502690044,0.005266441967777527,0.01177419496970368,boundary interpolation,0.0,0.5395907736668366,0.8306670633952283,5,Ma_xp_A2000_n65_r24_v00_90000.hdf5; Ma_xp_A2000_n65_r22_v00_90000.hdf5; Ma_xp_A2000_n65_r20_v00_90000.hdf5,True,True,False,0.015621714354233056,medium,-0.0010672073271439549,0.00025528731502690044,-0.01151890765467678
20.0,2.4,0.2,,none,65.0,0.004,none,90000,pair_grid,periapsis_velocity,"{""mass_log10_kg"": 20.0, ""periapsis_Rm"": 1.1, ""v_inf_kms"": 0.0, ""spin_period_hr"": NaN, ""spin_axis"": ""none"", ""resolution_value"": ""65"", ""fof_linking_length"": 0.004, ""special_case_code"": ""none"", ""timestep"": ""90000""}",-0.0020489496471230366,-0.005202234287360237,-0.019052656017599395,0.00549490280264172,0.010266549697117211,0.024547558820241115,extrapolation,0.49089866352352296,0.7665197573858297,0.9341462791549138,5,Ma_xp_A2000_n65_r24_v00_90000.hdf5; Ma_xp_A2000_n65_r22_v00_90000.hdf5; Ma_xp_A2000_n65_r20_v02_90000.hdf5,True,False,False,0.014822453229688273,low,-0.0020489496471230366,0.00549490280264172,-0.019052656017599395
20.0,2.4,0.4,,none,65.0,0.004,none,90000,pair_grid,periapsis_velocity,"{""mass_log10_kg"": 20.0, ""periapsis_Rm"": 1.1, ""v_inf_kms"": 0.0, ""spin_period_hr"": NaN, ""spin_axis"": ""none"", ""resolution_value"": ""65"", ""fof_linking_length"": 0.004, ""special_case_code"": ""none"", ""timestep"": ""90000""}",-0.0024233365310657685,-0.008850840023274827,-0.028238500239690642,0.004109316700931932,0.013966147549527916,0.032347816940622574,extrapolation,0.9817973270470459,1.060428092226986,1.1104912800596076,5,Ma_xp_A2000_n65_r24_v00_90000.hdf5; Ma_xp_A2000_n65_r20_v04_90000.hdf5; Ma_xp_A2000_n65_r22_v00_90000.hdf5,True,False,False,0.014983387628978502,low,-0.0024233365310657685,0.004109316700931932,-0.028238500239690642
20.0,2.4,0.6,,none,65.0,0.004,none,90000,pair_grid,periapsis_velocity,"{""mass_log10_kg"": 20.0, ""periapsis_Rm"": 1.1, ""v_inf_kms"": 0.0, ""spin_period_hr"": NaN, ""spin_axis"": ""none"", ""resolution_value"": ""65"", ""fof_linking_length"": 0.004, ""special_case_code"": ""none"", ""timestep"": ""90000""}",-0.0051624339001272715,-0.014249504837113784,-0.03906647754997192,0.0014803969387578392,0.017756565008686595,0.040546874488729755,extrapolation,1.0791815473336737,1.2412419105809331,1.35297155705949,2,Ma_xp_A2000_n65_r20_v06_90000.hdf5; Ma_xp_A2000_n65_r20_v04_90000.hdf5; Ma_xp_A2000_n65_r20_v02_90000.hdf5,True,False,False,0.014822013178434104,low,-0.0051624339001272715,0.0014803969387578392,-0.03906647754997192
20.0,2.4,0.8,,none,65.0,0.004,none,90000,pair_grid,periapsis_velocity,"{""mass_log10_kg"": 20.0, ""periapsis_Rm"": 1.1, ""v_inf_kms"": 0.0, ""spin_period_hr"": NaN, ""spin_axis"": ""none"", ""resolution_value"": ""65"", ""fof_linking_length"": 0.004, ""special_case_code"": ""none"", ""timestep"": ""90000""}",-0.010977046737054859,-0.020592192599206183,-0.05152192506106487,0.0007223940005011726,0.022386089296919976,0.05224431906156604,extrapolation,1.1855860618085399,1.4211055018032122,1.5292908589110845,1,Ma_xp_A2000_n65_r20_v06_90000.hdf5; Ma_xp_A2000_n65_r20_v04_90000.hdf5; Ma_xp_A2000_n65_r18_v08_90000.hdf5,True,False,False,0.014077473023848458,low,-0.010977046737054859,0.0007223940005011726,-0.05152192506106487
20.0,2.4,1.0,,none,65.0,0.004,none,90000,pair_grid,periapsis_velocity,"{""mass_log10_kg"": 20.0, ""periapsis_Rm"": 1.1, ""v_inf_kms"": 0.0, ""spin_period_hr"": NaN, ""spin_axis"": ""none"", ""resolution_value"": ""65"", ""fof_linking_length"": 0.004, ""special_case_code"": ""none"", ""timestep"": ""90000""}",-0.00847418084719633,-0.024548252118700393,-0.06558773161357395,0.00041715610466909524,0.029245434129170914,0.06600488771824305,extrapolation,1.4589581226005859,1.5897664460579966,1.6976631055560525,0,Ma_xp_A2000_n65_r20_v06_90000.hdf5; Ma_xp_A2000_n65_r18_v10_90000.hdf5; Ma_xp_A2000_n65_r18_v08_90000.hdf5,True,False,False,0.01435354466270032,low,-0.00847418084719633,0.00041715610466909524,-0.06558773161357395
20.0,2.4,1.2,,none,65.0,0.004,none,90000,pair_grid,periapsis_velocity,"{""mass_log10_kg"": 20.0, ""periapsis_Rm"": 1.1, ""v_inf_kms"": 0.0, ""spin_period_hr"": NaN, ""spin_axis"": ""none"", ""resolution_value"": ""65"", ""fof_linking_length"": 0.004, ""special_case_code"": ""none"", ""timestep"": ""90000""}",-0.00847418084719633,-0.029778795623034687,-0.08124650907656744,0.0003843030546597213,0.03657241520017583,0.08163081213122717,extrapolation,1.6915688945728935,1.8035283613930553,1.9014659139182584,0,Ma_xp_A2000_n65_r18_v10_90000.hdf5; Ma_xp_A2000_n65_r20_v06_90000.hdf5; Ma_xp_A2000_n65_r18_v08_90000.hdf5,True,False,False,0.014233811367710032,low,-0.00847418084719633,0.0003843030546597213,-0.08124650907656744
20.0,2.4,1.4,,none,65.0,0.004,none,90000,pair_grid,periapsis_velocity,"{""mass_log10_kg"": 20.0, ""periapsis_Rm"": 1.1, ""v_inf_kms"": 0.0, ""spin_period_hr"": NaN, ""spin_axis"": ""none"", ""resolution_value"": ""65"", ""fof_linking_length"": 0.004, ""special_case_code"": ""none"", ""timestep"": ""90000""}",-0.008624809096681185,-0.035574253764708165,-0.09848225525210302,0.0003843030546597213,0.044634467352726526,0.09886655830676275,extrapolation,1.8932379191834563,2.0746972035562594,2.151678498094536,0,Ma_xp_A2000_n65_r18_v10_90000.hdf5; Ma_xp_A2000_s030z_n65_r20_v10_90000.hdf5; Ma_xp_A2000_n65_r18_v08_90000.hdf5,True,False,False,0.014041021427358054,low,-0.008624809096681185,0.0003843030546597213,-0.09848225525210302
20.0,2.4,1.5,,none,65.0,0.004,none,90000,pair_grid,periapsis_velocity,"{""mass_log10_kg"": 20.0, ""periapsis_Rm"": 1.1, ""v_inf_kms"": 0.0, ""spin_period_hr"": NaN, ""spin_axis"": ""none"", ""resolution_value"": ""65"", ""fof_linking_length"": 0.004, ""special_case_code"": ""none"", ""timestep"": ""90000""}",-0.008624809096681185,-0.03864254462813184,-0.10768712784237405,0.0003843030546597213,0.04896023474113234,0.10807143089703378,extrapolation,2.0313931645042915,2.21914090738526,2.3049937459709207,0,Ma_xp_A2000_n65_r18_v10_90000.hdf5; Ma_xp_A2000_s030z_n65_r20_v10_90000.hdf5; Ma_xp_A2000_n65_r18_v08_90000.hdf5,True,False,False,0.014047927315025998,low,-0.008624809096681185,0.0003843030546597213,-0.10768712784237405
20.0,2.4,1.6,,none,65.0,0.004,none,90000,pair_grid,periapsis_velocity,"{""mass_log10_kg"": 20.0, ""periapsis_Rm"": 1.1, ""v_inf_kms"": 0.0, ""spin_period_hr"": NaN, ""spin_axis"": ""none"", ""resolution_value"": ""65"", ""fof_linking_length"": 0.004, ""special_case_code"": ""none"", ""timestep"": ""90000""}",-0.008624809096681185,-0.04184061817040799,-0.11728134846920252,0.0003843030546597213,0.0534712936471552,0.11766565152386224,extrapolation,2.188437183900879,2.3795018512196173,2.459250384037239,0,Ma_xp_A2000_n65_r18_v10_90000.hdf5; Ma_xp_A2000_s030z_n65_r20_v10_90000.hdf5; Ma_xp_A2000_s047z_n65_r20_v10_90000.hdf5,True,False,False,0.014047927315025998,low,-0.008624809096681185,0.0003843030546597213,-0.11728134846920252
20.0,2.4,2.0,,none,65.0,0.004,none,90000,pair_grid,periapsis_velocity,"{""mass_log10_kg"": 20.0, ""periapsis_Rm"": 1.1, ""v_inf_kms"": 0.0, ""spin_period_hr"": NaN, ""spin_axis"": ""none"", ""resolution_value"": ""65"", ""fof_linking_length"": 0.004, ""special_case_code"": ""none"", ""timestep"": ""90000""}",-0.008624809096681185,-0.0559231209849306,-0.15952885691277036,0.0003843030546597213,0.07335258420033479,0.15991315996743008,extrapolation,2.940231499978685,3.086498408548335,3.177781565831113,0,Ma_xp_A2000_n65_r18_v10_90000.hdf5; Ma_xp_A2000_s030z_n65_r20_v10_90000.hdf5; Ma_xp_A2000_s047z_n65_r20_v10_90000.hdf5,True,False,False,0.014630258291916328,low,-0.008624809096681185,0.0003843030546597213,-0.15952885691277036
20.0,2.6,0.0,,none,65.0,0.004,none,90000,pair_grid,periapsis_velocity,"{""mass_log10_kg"": 20.0, ""periapsis_Rm"": 1.1, ""v_inf_kms"": 0.0, ""spin_period_hr"": NaN, ""spin_axis"": ""none"", ""resolution_value"": ""65"", ""fof_linking_length"": 0.004, ""special_case_code"": ""none"", ""timestep"": ""90000""}",-0.002069111286320224,-0.01135380747253782,-0.032247598446320136,0.00025528731502690044,0.014804584496174748,0.032502885761347036,extrapolation,0.5395907736668373,1.0625513296967555,1.2931013491203014,2,Ma_xp_A2000_n65_r24_v00_90000.hdf5; Ma_xp_A2000_n65_r22_v00_90000.hdf5; Ma_xp_A2000_s030z_n65_r26_v00_90000.hdf5,True,False,False,0.01741477198779323,low,-0.002069111286320224,0.00025528731502690044,-0.032247598446320136
20.0,2.6,0.2,,none,65.0,0.004,none,90000,pair_grid,periapsis_velocity,"{""mass_log10_kg"": 20.0, ""periapsis_Rm"": 1.1, ""v_inf_kms"": 0.0, ""spin_period_hr"": NaN, ""spin_axis"": ""none"", ""resolution_value"": ""65"", ""fof_linking_length"": 0.004, ""special_case_code"": ""none"", ""timestep"": ""90000""}",-0.0023966276368655452,-0.010711965786368897,-0.03523417252488287,0.00549490280264172,0.017636572430874665,0.04072907532752459,extrapolation,0.7294790613002933,1.1779458147031148,1.373859076374274,2,Ma_xp_A2000_n65_r24_v00_90000.hdf5; Ma_xp_A2000_n65_r22_v00_90000.hdf5; Ma_xp_A2000_n65_r20_v02_90000.hdf5,True,False,False,0.016568204885642722,low,-0.0023966276368655452,0.00549490280264172,-0.03523417252488287
20.0,2.6,0.4,,none,65.0,0.004,none,90000,pair_grid,periapsis_velocity,"{""mass_log10_kg"": 20.0, ""periapsis_Rm"": 1.1, ""v_inf_kms"": 0.0, ""spin_period_hr"": NaN, ""spin_axis"": ""none"", ""resolution_value"": ""65"", ""fof_linking_length"": 0.004, ""special_case_code"": ""none"", ""timestep"": ""90000""}",-0.0027710145208082776,-0.013111023955793338,-0.04062097183879845,0.004058914492226721,0.019651291848544673,0.044679886331025175,extrapolation,1.120305402300239,1.399345281967112,1.5162347270094247,1,Ma_xp_A2000_n65_r24_v00_90000.hdf5; Ma_xp_A2000_n65_r22_v00_90000.hdf5; Ma_xp_A2000_n65_r20_v04_90000.hdf5,True,False,False,0.016636154867822044,low,-0.0027710145208082776,0.004058914492226721,-0.04062097183879845
20.0,2.6,0.6,,none,65.0,0.004,none,90000,pair_grid,periapsis_velocity,"{""mass_log10_kg"": 20.0, ""periapsis_Rm"": 1.1, ""v_inf_kms"": 0.0, ""spin_period_hr"": NaN, ""spin_axis"": ""none"", ""resolution_value"": ""65"", ""fof_linking_length"": 0.004, ""special_case_code"": ""none"", ""timestep"": ""90000""}",-0.005510111889869783,-0.017476574049212146,-0.0484000071965245,0.0014803969387578392,0.02205161886170722,0.04988040413528234,extrapolation,1.5684360629840814,1.6262590928524956,1.7195586936327518,0,Ma_xp_A2000_n65_r24_v00_90000.hdf5; Ma_xp_A2000_n65_r20_v06_90000.hdf5; Ma_xp_A2000_n65_r20_v04_90000.hdf5,True,False,False,0.0171173817813148,low,-0.005510111889869783,0.0014803969387578392,-0.0484000071965245
20.0,2.6,0.8,,none,65.0,0.004,none,90000,pair_grid,periapsis_velocity,"{""mass_log10_kg"": 20.0, ""periapsis_Rm"": 1.1, ""v_inf_kms"": 0.0, ""spin_period_hr"": NaN, ""spin_axis"": ""none"", ""resolution_value"": ""65"", ""fof_linking_length"": 0.004, ""special_case_code"": ""none"", ""timestep"": ""90000""}",-0.009454816304949798,-0.02243067819512237,-0.05855961228091848,0.0007223940005011726,0.025882668731955164,0.05928200628141965,extrapolation,1.691568894572894,1.8737304654817688,1.9935983350027064,0,Ma_xp_A2000_n65_r20_v06_90000.hdf5; Ma_xp_A2000_n65_r20_v04_90000.hdf5; Ma_xp_A2000_n65_r24_v00_90000.hdf5,True,False,False,0.015606946879356657,low,-0.009454816304949798,0.0007223940005011726,-0.05855961228091848
20.0,2.6,1.0,,none,65.0,0.004,none,90000,pair_grid,periapsis_velocity,"{""mass_log10_kg"": 20.0, ""periapsis_Rm"": 1.1, ""v_inf_kms"": 0.0, ""spin_period_hr"": NaN, ""spin_axis"": ""none"", ""resolution_value"": ""65"", ""fof_linking_length"": 0.004, ""special_case_code"": ""none"", ""timestep"": ""90000""}",-0.008821858836938833,-0.026497009271063344,-0.0710863250809203,0.00041715610466909524,0.03175421402550307,0.0715034811855894,extrapolation,1.8932379191834567,2.0800127325838944,2.1415620608988757,0,Ma_xp_A2000_n65_r20_v06_90000.hdf5; Ma_xp_A2000_n65_r18_v10_90000.hdf5; Ma_xp_A2000_n65_r20_v04_90000.hdf5,True,False,False,0.015642071948275542,low,-0.008821858836938833,0.00041715610466909524,-0.0710863250809203
20.0,2.6,1.2,,none,65.0,0.004,none,90000,pair_grid,periapsis_velocity,"{""mass_log10_kg"": 20.0, ""periapsis_Rm"": 1.1, ""v_inf_kms"": 0.0, ""spin_period_hr"": NaN, ""spin_axis"": ""none"", ""resolution_value"": ""65"", ""fof_linking_length"": 0.004, ""special_case_code"": ""none"", ""timestep"": ""90000""}",-0.008821858836938833,-0.03146807131729725,-0.08596665816961263,0.0003843030546597213,0.038719162618941906,0.08635096122427235,extrapolation,2.1884371839008794,2.236346606429097,2.305689636410208,0,Ma_xp_A2000_n65_r20_v06_90000.hdf5; Ma_xp_A2000_n65_r18_v10_90000.hdf5; Ma_xp_A2000_s030z_n65_r20_v10_90000.hdf5,True,False,False,0.01562392676755831,low,-0.008821858836938833,0.0003843030546597213,-0.08596665816961263
20.0,2.6,1.4,,none,65.0,0.004,none,90000,pair_grid,periapsis_velocity,"{""mass_log10_kg"": 20.0, ""periapsis_Rm"": 1.1, ""v_inf_kms"": 0.0, ""spin_period_hr"": NaN, ""spin_axis"": ""none"", ""resolution_value"": ""65"", ""fof_linking_length"": 0.004, ""special_case_code"": ""none"", ""timestep"": ""90000""}",-0.008821858836938833,-0.03720865349034908,-0.10318840468876814,0.0003843030546597213,0.0468058687940415,0.10357270774342786,extrapolation,2.37117212361708,2.4582681344313637,2.5158814071233775,0,Ma_xp_A2000_n65_r18_v10_90000.hdf5; Ma_xp_A2000_s030z_n65_r20_v10_90000.hdf5; Ma_xp_A2000_n65_r20_v06_90000.hdf5,True,False,False,0.015627702478660035,low,-0.008821858836938833,0.0003843030546597213,-0.10318840468876814
20.0,2.6,1.5,,none,65.0,0.004,none,90000,pair_grid,periapsis_velocity,"{""mass_log10_kg"": 20.0, ""periapsis_Rm"": 1.1, ""v_inf_kms"": 0.0, ""spin_period_hr"": NaN, ""spin_axis"": ""none"", ""resolution_value"": ""65"", ""fof_linking_length"": 0.004, ""special_case_code"": ""none"", ""timestep"": ""90000""}",-0.008821858836938833,-0.0403705300670292,-0.1126740344188085,0.0003843030546597213,0.05126425597076652,0.11305833747346822,extrapolation,2.4828744652074923,2.5812766417094117,2.6482441388798135,0,Ma_xp_A2000_n65_r18_v10_90000.hdf5; Ma_xp_A2000_s030z_n65_r20_v10_90000.hdf5; Ma_xp_A2000_s047z_n65_r20_v10_90000.hdf5,True,False,False,0.015627702478660035,low,-0.008821858836938833,0.0003843030546597213,-0.1126740344188085
20.0,2.6,1.6,,none,65.0,0.004,none,90000,pair_grid,periapsis_velocity,"{""mass_log10_kg"": 20.0, ""periapsis_Rm"": 1.1, ""v_inf_kms"": 0.0, ""spin_period_hr"": NaN, ""spin_axis"": ""none"", ""resolution_value"": ""65"", ""fof_linking_length"": 0.004, ""special_case_code"": ""none"", ""timestep"": ""90000""}",-0.008821858836938833,-0.04372630853214523,-0.12274136981415656,0.0003843030546597213,0.05599835287008351,0.12312567286881629,extrapolation,2.61292264123235,2.706726303452436,2.795665331107433,0,Ma_xp_A2000_n65_r18_v10_90000.hdf5; Ma_xp_A2000_s030z_n65_r20_v10_90000.hdf5; Ma_xp_A2000_s047z_n65_r20_v10_90000.hdf5,True,False,False,0.015627702478660035,low,-0.008821858836938833,0.0003843030546597213,-0.12274136981415656
20.0,2.6,2.0,,none,65.0,0.004,none,90000,pair_grid,periapsis_velocity,"{""mass_log10_kg"": 20.0, ""periapsis_Rm"": 1.1, ""v_inf_kms"": 0.0, ""spin_period_hr"": NaN, ""spin_axis"": ""none"", ""resolution_value"": ""65"", ""fof_linking_length"": 0.004, ""special_case_code"": ""none"", ""timestep"": ""90000""}",-0.008821858836938833,-0.059082945984347345,-0.1688112821707629,0.0003843030546597213,0.07768062467940062,0.16919558522542263,extrapolation,3.2684963966098444,3.3443132426095734,3.466378315035164,0,Ma_xp_A2000_n65_r18_v10_90000.hdf5; Ma_xp_A2000_s030z_n65_r20_v10_90000.hdf5; Ma_xp_A2000_s047z_n65_r20_v10_90000.hdf5,True,False,False,0.01640738858475429,low,-0.008821858836938833,0.0003843030546597213,-0.1688112821707629
20.0,2.8,0.0,,none,65.0,0.004,none,90000,pair_grid,periapsis_velocity,"{""mass_log10_kg"": 20.0, ""periapsis_Rm"": 1.1, ""v_inf_kms"": 0.0, ""spin_period_hr"": NaN, ""spin_axis"": ""none"", ""resolution_value"": ""65"", ""fof_linking_length"": 0.004, ""special_case_code"": ""none"", ""timestep"": ""90000""}",-0.028193610139493105,-0.028761108757166653,-0.05834500344703375,0.00025528731502690044,0.023926833755713254,0.05860029076206065,extrapolation,1.0791815473336737,1.422278512141313,1.5169992814890794,1,Ma_xp_A2000_n65_r24_v00_90000.hdf5; Ma_xp_A2000_s030z_n65_r28_v00_90000.hdf5; Ma_xp_A2000_n65_r22_v00_90000.hdf5,True,False,False,0.017953683275973006,low,-0.028193610139493105,0.00025528731502690044,-0.05834500344703375
20.0,2.8,0.2,,none,65.0,0.004,none,90000,pair_grid,periapsis_velocity,"{""mass_log10_kg"": 20.0, ""periapsis_Rm"": 1.1, ""v_inf_kms"": 0.0, ""spin_period_hr"": NaN, ""spin_axis"": ""none"", ""resolution_value"": ""65"", ""fof_linking_length"": 0.004, ""special_case_code"": ""none"", ""timestep"": ""90000""}",-0.028521126490038427,-0.026594706090599593,-0.05675789458440207,0.00549490280264172,0.025451077479412828,0.06225279738704379,extrapolation,1.1855860618085399,1.5070146665235213,1.5962815578630036,1,Ma_xp_A2000_n65_r24_v00_90000.hdf5; Ma_xp_A2000_s030z_n65_r28_v00_90000.hdf5; Ma_xp_A2000_n65_r22_v00_90000.hdf5,True,False,False,0.017334447365230037,low,-0.028521126490038427,0.00549490280264172,-0.05675789458440207
20.0,2.8,0.4,,none,65.0,0.004,none,90000,pair_grid,periapsis_velocity,"{""mass_log10_kg"": 20.0, ""periapsis_Rm"": 1.1, ""v_inf_kms"": 0.0, ""spin_period_hr"": NaN, ""spin_axis"": ""none"", ""resolution_value"": ""65"", ""fof_linking_length"": 0.004, ""special_case_code"": ""none"", ""timestep"": ""90000""}",-0.02888852343654837,-0.02775937261825502,-0.058268281901814295,0.0038786874835976043,0.02538395408029346,0.0621469693854119,extrapolation,1.4589581226005859,1.7343189599631668,1.8117177088589596,0,Ma_xp_A2000_n65_r24_v00_90000.hdf5; Ma_xp_A2000_s030z_n65_r28_v00_90000.hdf5; Ma_xp_A2000_n65_r22_v00_90000.hdf5,True,False,False,0.017624988108325183,low,-0.02888852343654837,0.0038786874835976043,-0.058268281901814295
20.0,2.8,0.6,,none,65.0,0.004,none,90000,pair_grid,periapsis_velocity,"{""mass_log10_kg"": 20.0, ""periapsis_Rm"": 1.1, ""v_inf_kms"": 0.0, ""spin_period_hr"": NaN, ""spin_axis"": ""none"", ""resolution_value"": ""65"", ""fof_linking_length"": 0.004, ""special_case_code"": ""none"", ""timestep"": ""90000""}",-0.033407002855274356,-0.03162146597365733,-0.06287616539927007,0.0014187703335724398,0.02627864528077628,0.0642949357328425,extrapolation,1.8257782704228165,2.0453122337803236,2.107571637044968,0,Ma_xp_A2000_n65_r24_v00_90000.hdf5; Ma_xp_A2000_s030z_n65_r28_v00_90000.hdf5; Ma_xp_A2000_n65_r20_v06_90000.hdf5,True,False,False,0.017177076883140074,low,-0.033407002855274356,0.0014187703335724398,-0.06287616539927007
20.0,2.8,0.8,,none,65.0,0.004,none,90000,pair_grid,periapsis_velocity,"{""mass_log10_kg"": 20.0, ""periapsis_Rm"": 1.1, ""v_inf_kms"": 0.0, ""spin_period_hr"": NaN, ""spin_axis"": ""none"", ""resolution_value"": ""65"", ""fof_linking_length"": 0.004, ""special_case_code"": ""none"", ""timestep"": ""90000""}",-0.031207329174891878,-0.033688826750386855,-0.07058154507676986,0.0007223940005011726,0.029162547952773097,0.07130393907727103,extrapolation,2.2134842999829907,2.275089076066849,2.376694772769727,0,Ma_xp_A2000_n65_r20_v06_90000.hdf5; Ma_xp_A2000_n65_r24_v00_90000.hdf5; Ma_xp_A2000_n65_r20_v04_90000.hdf5,True,False,False,0.01676884413490942,low,-0.031207329174891878,0.0007223940005011726,-0.07058154507676986
20.0,2.8,1.0,,none,65.0,0.004,none,90000,pair_grid,periapsis_velocity,"{""mass_log10_kg"": 20.0, ""periapsis_Rm"": 1.1, ""v_inf_kms"": 0.0, ""spin_period_hr"": NaN, ""spin_axis"": ""none"", ""resolution_value"": ""65"", ""fof_linking_length"": 0.004, ""special_case_code"": ""none"", ""timestep"": ""90000""}",-0.03057437170688091,-0.03718054551217498,-0.08138442093431311,0.00041715610466909524,0.033720474994434764,0.0818015770389822,extrapolation,2.3711721236170797,2.5508042541856644,2.6063258882545406,0,Ma_xp_A2000_n65_r20_v06_90000.hdf5; Ma_xp_A2000_n65_r20_v04_90000.hdf5; Ma_xp_A2000_s030z_n65_r20_v10_90000.hdf5,True,False,False,0.01670033655766679,low,-0.03057437170688091,0.00041715610466909524,-0.08138442093431311
20.0,2.8,1.2,,none,65.0,0.004,none,90000,pair_grid,periapsis_velocity,"{""mass_log10_kg"": 20.0, ""periapsis_Rm"": 1.1, ""v_inf_kms"": 0.0, ""spin_period_hr"": NaN, ""spin_axis"": ""none"", ""resolution_value"": ""65"", ""fof_linking_length"": 0.004, ""special_case_code"": ""none"", ""timestep"": ""90000""}",-0.03057437170688091,-0.04182495387470709,-0.0952847929719001,0.0003843030546597213,0.03985871450486947,0.09566909602655982,extrapolation,2.6129226412323496,2.689423741939598,2.7491109209001094,0,Ma_xp_A2000_n65_r20_v06_90000.hdf5; Ma_xp_A2000_s030z_n65_r20_v10_90000.hdf5; Ma_xp_A2000_n65_r18_v10_90000.hdf5,True,False,False,0.016662082350437268,low,-0.03057437170688091,0.0003843030546597213,-0.0952847929719001
20.0,2.8,1.4,,none,65.0,0.004,none,90000,pair_grid,periapsis_velocity,"{""mass_log10_kg"": 20.0, ""periapsis_Rm"": 1.1, ""v_inf_kms"": 0.0, ""spin_period_hr"": NaN, ""spin_axis"": ""none"", ""resolution_value"": ""65"", ""fof_linking_length"": 0.004, ""special_case_code"": ""none"", ""timestep"": ""90000""}",-0.03057437170688091,-0.04749090994725071,-0.11228266118953095,0.0003843030546597213,0.04752605010257606,0.11266696424419068,extrapolation,2.843210672512121,2.8773895754567445,2.9277569349440897,0,Ma_xp_A2000_s030z_n65_r20_v10_90000.hdf5; Ma_xp_A2000_n65_r18_v10_90000.hdf5; Ma_xp_A2000_n65_r20_v06_90000.hdf5,True,False,False,0.016662082350437268,low,-0.03057437170688091,0.0003843030546597213,-0.11228266118953095
20.0,2.8,1.5,,none,65.0,0.004,none,90000,pair_grid,periapsis_velocity,"{""mass_log10_kg"": 20.0, ""periapsis_Rm"": 1.1, ""v_inf_kms"": 0.0, ""spin_period_hr"": NaN, ""spin_axis"": ""none"", ""resolution_value"": ""65"", ""fof_linking_length"": 0.004, ""special_case_code"": ""none"", ""timestep"": ""90000""}",-0.03057437170688091,-0.05071107500602809,-0.12194315636586309,0.0003843030546597213,0.051930189979037096,0.12232745942052281,extrapolation,2.937014691561396,2.983365969992203,3.0424323322039752,0,Ma_xp_A2000_s030z_n65_r20_v10_90000.hdf5; Ma_xp_A2000_n65_r18_v10_90000.hdf5; Ma_xp_A2000_s047z_n65_r20_v10_90000.hdf5,True,False,False,0.016662082350437268,low,-0.03057437170688091,0.0003843030546597213,-0.12194315636586309
20.0,2.8,1.6,,none,65.0,0.004,none,90000,pair_grid,periapsis_velocity,"{""mass_log10_kg"": 20.0, ""periapsis_Rm"": 1.1, ""v_inf_kms"": 0.0, ""spin_period_hr"": NaN, ""spin_axis"": ""none"", ""resolution_value"": ""65"", ""fof_linking_length"": 0.004, ""special_case_code"": ""none"", ""timestep"": ""90000""}",-0.03057437170688091,-0.05418936474647568,-0.13237802558720585,0.0003843030546597213,0.05671396006156839,0.13276232864186557,extrapolation,3.047745792800432,3.0924631912726626,3.171766807722152,0,Ma_xp_A2000_s030z_n65_r20_v10_90000.hdf5; Ma_xp_A2000_n65_r18_v10_90000.hdf5; Ma_xp_A2000_s047z_n65_r20_v10_90000.hdf5,True,False,False,0.016662082350437268,low,-0.03057437170688091,0.0003843030546597213,-0.13237802558720585
20.0,2.8,2.0,,none,65.0,0.004,none,90000,pair_grid,periapsis_velocity,"{""mass_log10_kg"": 20.0, ""periapsis_Rm"": 1.1, ""v_inf_kms"": 0.0, ""spin_period_hr"": NaN, ""spin_axis"": ""none"", ""resolution_value"": ""65"", ""fof_linking_length"": 0.004, ""special_case_code"": ""none"", ""timestep"": ""90000""}",-0.03057437170688091,-0.07068377052496916,-0.1818612429226863,0.0003843030546597213,0.07962383505084634,0.18224554597734602,extrapolation,3.6255287039436923,3.6632826715142106,3.7916909011309614,0,Ma_xp_A2000_s030z_n65_r20_v10_90000.hdf5; Ma_xp_A2000_n65_r18_v10_90000.hdf5; Ma_xp_A2000_s047z_n65_r20_v10_90000.hdf5,True,False,False,0.017222748943094803,low,-0.03057437170688091,0.0003843030546597213,-0.1818612429226863
20.0,3.0,0.0,,none,65.0,0.004,none,90000,pair_grid,periapsis_velocity,"{""mass_log10_kg"": 20.0, ""periapsis_Rm"": 1.1, ""v_inf_kms"": 0.0, ""spin_period_hr"": NaN, ""spin_axis"": ""none"", ""resolution_value"": ""65"", ""fof_linking_length"": 0.004, ""special_case_code"": ""none"", ""timestep"": ""90000""}",-0.028193610139493105,-0.03425001760847703,-0.07481173000096489,0.00025528731502690044,0.030943758937278732,0.07506701731599179,extrapolation,1.5688816680897557,1.6155781415336652,1.693381950558495,0,Ma_xp_A2000_s030z_n65_r30_v00_90000.hdf5; Ma_xp_A2000_n65_r24_v00_90000.hdf5; Ma_xp_A2000_s030z_n65_r28_v00_90000.hdf5,True,False,False,0.018181464440285323,low,-0.028193610139493105,0.00025528731502690044,-0.07481173000096489
20.0,3.0,0.2,,none,65.0,0.004,none,90000,pair_grid,periapsis_velocity,"{""mass_log10_kg"": 20.0, ""periapsis_Rm"": 1.1, ""v_inf_kms"": 0.0, ""spin_period_hr"": NaN, ""spin_axis"": ""none"", ""resolution_value"": ""65"", ""fof_linking_length"": 0.004, ""special_case_code"": ""none"", ""timestep"": ""90000""}",-0.028521126490038427,-0.030615691661299908,-0.06869005189180147,0.005364103397940167,0.030268739444755964,0.07405415528974163,extrapolation,1.6438890431891306,1.688546610878084,1.7633289728841883,0,Ma_xp_A2000_s030z_n65_r30_v00_90000.hdf5; Ma_xp_A2000_n65_r24_v00_90000.hdf5; Ma_xp_A2000_s030z_n65_r28_v00_90000.hdf5,True,False,False,0.017365994213224503,low,-0.028521126490038427,0.005364103397940167,-0.06869005189180147
20.0,3.0,0.4,,none,65.0,0.004,none,90000,pair_grid,periapsis_velocity,"{""mass_log10_kg"": 20.0, ""periapsis_Rm"": 1.1, ""v_inf_kms"": 0.0, ""spin_period_hr"": NaN, ""spin_axis"": ""none"", ""resolution_value"": ""65"", ""fof_linking_length"": 0.004, ""special_case_code"": ""none"", ""timestep"": ""90000""}",-0.02888852343654837,-0.03072268756189944,-0.06643852016426585,0.0031589809151159136,0.028442645887852745,0.06959750107938177,extrapolation,1.8507608381054583,1.8906048631638548,1.958082390199745,0,Ma_xp_A2000_s030z_n65_r30_v00_90000.hdf5; Ma_xp_A2000_n65_r24_v00_90000.hdf5; Ma_xp_A2000_s030z_n65_r28_v00_90000.hdf5,True,False,False,0.0176603656968238,low,-0.02888852343654837,0.0031589809151159136,-0.06643852016426585
20.0,3.0,0.6,,none,65.0,0.004,none,90000,pair_grid,periapsis_velocity,"{""mass_log10_kg"": 20.0, ""periapsis_Rm"": 1.1, ""v_inf_kms"": 0.0, ""spin_period_hr"": NaN, ""spin_axis"": ""none"", ""resolution_value"": ""65"", ""fof_linking_length"": 0.004, ""special_case_code"": ""none"", ""timestep"": ""90000""}",-0.033407002855274356,-0.03334845578002003,-0.06805713481835818,0.0014187703335724398,0.02836344971954846,0.06947590515193061,extrapolation,2.151795336250807,2.1862170616358436,2.245187898656929,0,Ma_xp_A2000_s030z_n65_r30_v00_90000.hdf5; Ma_xp_A2000_n65_r24_v00_90000.hdf5; Ma_xp_A2000_s030z_n65_r28_v00_90000.hdf5,True,False,False,0.017130587294455935,low,-0.033407002855274356,0.0014187703335724398,-0.06805713481835818
20.0,3.0,0.8,,none,65.0,0.004,none,90000,pair_grid,periapsis_velocity,"{""mass_log10_kg"": 20.0, ""periapsis_Rm"": 1.1, ""v_inf_kms"": 0.0, ""spin_period_hr"": NaN, ""spin_axis"": ""none"", ""resolution_value"": ""65"", ""fof_linking_length"": 0.004, ""special_case_code"": ""none"", ""timestep"": ""90000""}",-0.031207329174891878,-0.03467694367615629,-0.07354589585407817,0.0007223940005011726,0.030419000510333354,0.07426828985457934,extrapolation,2.5133829103530942,2.542952888402722,2.5940784780966153,0,Ma_xp_A2000_s030z_n65_r30_v00_90000.hdf5; Ma_xp_A2000_n65_r24_v00_90000.hdf5; Ma_xp_A2000_s030z_n65_r28_v00_90000.hdf5,True,False,False,0.01715592308196512,low,-0.031207329174891878,0.0007223940005011726,-0.07354589585407817
20.0,3.0,1.0,,none,65.0,0.004,none,90000,pair_grid,periapsis_velocity,"{""mass_log10_kg"": 20.0, ""periapsis_Rm"": 1.1, ""v_inf_kms"": 0.0, ""spin_period_hr"": NaN, ""spin_axis"": ""none"", ""resolution_value"": ""65"", ""fof_linking_length"": 0.004, ""special_case_code"": ""none"", ""timestep"": ""90000""}",-0.03057437170688091,-0.03768733962454592,-0.08290480327142594,0.00041715610466909524,0.0343858785260869,0.08332195937609503,extrapolation,2.87104180865694,2.9081115932618187,2.942600347607903,0,Ma_xp_A2000_n65_r20_v06_90000.hdf5; Ma_xp_A2000_s030z_n65_r30_v00_90000.hdf5; Ma_xp_A2000_n65_r24_v00_90000.hdf5,True,False,False,0.01708965247343759,low,-0.03057437170688091,0.00041715610466909524,-0.08290480327142594
20.0,3.0,1.2,,none,65.0,0.004,none,90000,pair_grid,periapsis_velocity,"{""mass_log10_kg"": 20.0, ""periapsis_Rm"": 1.1, ""v_inf_kms"": 0.0, ""spin_period_hr"": NaN, ""spin_axis"": ""none"", ""resolution_value"": ""65"", ""fof_linking_length"": 0.004, ""special_case_code"": ""none"", ""timestep"": ""90000""}",-0.03057437170688091,-0.04210797524087426,-0.09613385707040159,0.0003843030546597213,0.040238512367641456,0.09651816012506131,extrapolation,3.0737255173977425,3.165616483028705,3.208627499596369,0,Ma_xp_A2000_n65_r20_v06_90000.hdf5; Ma_xp_A2000_s030z_n65_r20_v10_90000.hdf5; Ma_xp_A2000_s047z_n65_r20_v10_90000.hdf5,True,False,False,0.01705360688546709,low,-0.03057437170688091,0.0003843030546597213,-0.09613385707040159
20.0,3.0,1.4,,none,65.0,0.004,none,90000,pair_grid,periapsis_velocity,"{""mass_log10_kg"": 20.0, ""periapsis_Rm"": 1.1, ""v_inf_kms"": 0.0, ""spin_period_hr"": NaN, ""spin_axis"": ""none"", ""resolution_value"": ""65"", ""fof_linking_length"": 0.004, ""special_case_code"": ""none"", ""timestep"": ""90000""}",-0.03057437170688091,-0.04780770863440865,-0.11323305725100477,0.0003843030546597213,0.04795808633206059,0.1136173603056645,extrapolation,3.271738185662815,3.327112034796237,3.3630883238743436,0,Ma_xp_A2000_s030z_n65_r20_v10_90000.hdf5; Ma_xp_A2000_n65_r20_v06_90000.hdf5; Ma_xp_A2000_s047z_n65_r20_v10_90000.hdf5,True,False,False,0.01705360688546709,low,-0.03057437170688091,0.0003843030546597213,-0.11323305725100477
20.0,3.0,1.5,,none,65.0,0.004,none,90000,pair_grid,periapsis_velocity,"{""mass_log10_kg"": 20.0, ""periapsis_Rm"": 1.1, ""v_inf_kms"": 0.0, ""spin_period_hr"": NaN, ""spin_axis"": ""none"", ""resolution_value"": ""65"", ""fof_linking_length"": 0.004, ""special_case_code"": ""none"", ""timestep"": ""90000""}",-0.03057437170688091,-0.05114134362887945,-0.12323396223441715,0.0003843030546597213,0.05252059360416225,0.12361826528907688,extrapolation,3.3535770642233445,3.4227004381532082,3.4635375518207865,0,Ma_xp_A2000_s030z_n65_r20_v10_90000.hdf5; Ma_xp_A2000_s047z_n65_r20_v10_90000.hdf5; Ma_xp_A2000_n65_r18_v10_90000.hdf5,True,False,False,0.01705360688546709,low,-0.03057437170688091,0.0003843030546597213,-0.12323396223441715
20.0,3.0,1.6,,none,65.0,0.004,none,90000,pair_grid,periapsis_velocity,"{""mass_log10_kg"": 20.0, ""periapsis_Rm"": 1.1, ""v_inf_kms"": 0.0, ""spin_period_hr"": NaN, ""spin_axis"": ""none"", ""resolution_value"": ""65"", ""fof_linking_length"": 0.004, ""special_case_code"": ""none"", ""timestep"": ""90000""}",-0.03057437170688091,-0.05479749082181907,-0.13420240381323603,0.0003843030546597213,0.057552671766122714,0.13458670686789576,extrapolation,3.45096772583722,3.518196622022215,3.57785343945467,0,Ma_xp_A2000_s030z_n65_r20_v10_90000.hdf5; Ma_xp_A2000_s047z_n65_r20_v10_90000.hdf5; Ma_xp_A2000_n65_r18_v10_90000.hdf5,True,False,False,0.01705360688546709,low,-0.03057437170688091,0.0003843030546597213,-0.13420240381323603
20.0,3.0,2.0,,none,65.0,0.004,none,90000,pair_grid,periapsis_velocity,"{""mass_log10_kg"": 20.0, ""periapsis_Rm"": 1.1, ""v_inf_kms"": 0.0, ""spin_period_hr"": NaN, ""spin_axis"": ""none"", ""resolution_value"": ""65"", ""fof_linking_length"": 0.004, ""special_case_code"": ""none"", ""timestep"": ""90000""}",-0.03057437170688091,-0.07264720157826764,-0.18775153608258174,0.0003843030546597213,0.08236652132190801,0.18813583913724147,extrapolation,3.9705015061522153,4.029138366665055,4.149520451509723,0,Ma_xp_A2000_s030z_n65_r20_v10_90000.hdf5; Ma_xp_A2000_s047z_n65_r20_v10_90000.hdf5; Ma_xp_A2000_n65_r18_v10_90000.hdf5,True,False,False,0.01780713019793463,low,-0.03057437170688091,0.0003843030546597213,-0.18775153608258174
18.0,1.6,0.0,3.0,x,65.0,0.004,none,90000,pair_grid,mass_spin_period,"{""mass_log10_kg"": 20.0, ""periapsis_Rm"": 1.6, ""v_inf_kms"": 0.0, ""spin_period_hr"": 3.0, ""spin_axis"": ""x"", ""resolution_value"": ""65"", ""fof_linking_length"": 0.004, ""special_case_code"": ""none"", ""timestep"": ""90000""}",-0.013930867405832544,0.0036128248871958707,-0.013930867405832544,0.02990903443002745,0.01893742620492617,0.04383990183585999,extrapolation,2.279443125864613,2.291136367736531,2.357545769859022,0,Ma_xp_A1900_s030x_n65_r12_v00_90000.hdf5; Ma_xp_A1900_s035x_n65_r12_v00_90000.hdf5; Ma_xp_A1900_s047x_n65_r12_v00_90000.hdf5,True,False,True,0.00697220642393335,low,-0.013930867405832544,0.02990903443002745,-0.005139692362607293
18.0,1.6,0.0,3.5,x,65.0,0.004,none,90000,pair_grid,mass_spin_period,"{""mass_log10_kg"": 20.0, ""periapsis_Rm"": 1.6, ""v_inf_kms"": 0.0, ""spin_period_hr"": 3.0, ""spin_axis"": ""x"", ""resolution_value"": ""65"", ""fof_linking_length"": 0.004, ""special_case_code"": ""none"", ""timestep"": ""90000""}",-0.0040596616869021575,0.0030364094152742333,-0.012912866779183213,0.026081756711908072,0.016691531467950032,0.038994623491091285,extrapolation,2.279443125864613,2.2857582989821026,2.354318928606365,0,Ma_xp_A1900_s035x_n65_r12_v00_90000.hdf5; Ma_xp_A1900_s030x_n65_r12_v00_90000.hdf5; Ma_xp_A1900_s047x_n65_r12_v00_90000.hdf5,True,False,True,0.0055539024023605965,low,-0.0040596616869021575,0.026081756711908072,-0.012912866779183213
18.0,1.6,0.0,3.6,x,65.0,0.004,none,90000,pair_grid,mass_spin_period,"{""mass_log10_kg"": 20.0, ""periapsis_Rm"": 1.6, ""v_inf_kms"": 0.0, ""spin_period_hr"": 3.0, ""spin_axis"": ""x"", ""resolution_value"": ""65"", ""fof_linking_length"": 0.004, ""special_case_code"": ""none"", ""timestep"": ""90000""}",-0.0040596616869021575,0.0026087876525511186,-0.014195732067352557,0.026081756711908072,0.01710594805003039,0.04027748877926063,extrapolation,2.279555574944565,2.28535093623467,2.354324711148646,0,Ma_xp_A1900_s035x_n65_r12_v00_90000.hdf5; Ma_xp_A1900_s030x_n65_r12_v00_90000.hdf5; Ma_xp_A1900_s047x_n65_r12_v00_90000.hdf5,True,False,True,0.004523919150485244,low,-0.0040596616869021575,0.026081756711908072,-0.014195732067352557
18.0,1.6,0.0,4.7,x,65.0,0.004,none,90000,pair_grid,mass_spin_period,"{""mass_log10_kg"": 20.0, ""periapsis_Rm"": 1.6, ""v_inf_kms"": 0.0, ""spin_period_hr"": 3.0, ""spin_axis"": ""x"", ""resolution_value"": ""65"", ""fof_linking_length"": 0.004, ""special_case_code"": ""none"", ""timestep"": ""90000""}",-0.007996016600643715,-0.005399200203896617,-0.02449091124155027,0.016289327230504132,0.01674941897516085,0.040780238472054406,extrapolation,2.279443125864613,2.2955784976188505,2.357419474649739,0,Ma_xp_A1900_s047x_n65_r12_v00_90000.hdf5; Ma_xp_A1900_s035x_n65_r12_v00_90000.hdf5; Ma_xp_A1900_s030x_n65_r12_v00_90000.hdf5,True,False,False,0.0054528369824049855,low,-0.007996016600643715,0.016289327230504132,-0.02449091124155027
18.0,1.6,0.0,8.6,x,65.0,0.004,none,90000,pair_grid,mass_spin_period,"{""mass_log10_kg"": 20.0, ""periapsis_Rm"": 1.6, ""v_inf_kms"": 0.0, ""spin_period_hr"": 3.0, ""spin_axis"": ""x"", ""resolution_value"": ""65"", ""fof_linking_length"": 0.004, ""special_case_code"": ""none"", ""timestep"": ""90000""}",-0.01183635366480801,-0.013589575034243588,-0.038047573939662516,0.00911520250173976,0.019293992317007326,0.04716277644140228,extrapolation,2.279443125864613,2.3932683354189193,2.4686822300560767,0,Ma_xp_A1900_s086x_n65_r12_v00_90000.hdf5; Ma_xp_A1900_s047x_n65_r12_v00_90000.hdf5; Ma_xp_A1900_s086z_n65_r16_v00_90000.hdf5,True,False,False,0.005307015397379988,low,-0.01183635366480801,0.00911520250173976,-0.038047573939662516
18.0,1.6,0.0,17.0,x,65.0,0.004,none,90000,pair_grid,mass_spin_period,"{""mass_log10_kg"": 20.0, ""periapsis_Rm"": 1.6, ""v_inf_kms"": 0.0, ""spin_period_hr"": 3.0, ""spin_axis"": ""x"", ""resolution_value"": ""65"", ""fof_linking_length"": 0.004, ""special_case_code"": ""none"", ""timestep"": ""90000""}",-0.01183635366480801,-0.014690051734802525,-0.04150226961768197,0.009268468078082404,0.020825059360444334,0.05077073769576437,extrapolation,2.279443125864613,2.4726030713583733,2.5565659221400887,0,Ma_xp_A1900_s170x_n65_r12_v00_90000.hdf5; Ma_xp_A1900_s170z_n65_r16_v00_90000.hdf5; Ma_xp_A1900_s170z_n65_r12_v00_90000.hdf5,True,False,False,0.005594004861737813,low,-0.01183635366480801,0.009268468078082404,-0.04150226961768197
18.5,1.6,0.0,3.0,x,65.0,0.004,none,90000,pair_grid,mass_spin_period,"{""mass_log10_kg"": 20.0, ""periapsis_Rm"": 1.6, ""v_inf_kms"": 0.0, ""spin_period_hr"": 3.0, ""spin_axis"": ""x"", ""resolution_value"": ""65"", ""fof_linking_length"": 0.004, ""special_case_code"": ""none"", ""timestep"": ""90000""}",-0.013930867405832544,0.004839728941361071,-0.013930867405832544,0.02990903443002745,0.018443418896381705,0.04383990183585999,extrapolation,1.473919892698374,1.4918439207241978,1.5895657764084663,0,Ma_xp_A1900_s030x_n65_r12_v00_90000.hdf5; Ma_xp_A1900_s035x_n65_r12_v00_90000.hdf5; Ma_xp_A1900_s047x_n65_r12_v00_90000.hdf5,True,False,True,0.006806491767262044,low,-0.013930867405832544,0.02990903443002745,-0.0014589802001116897
18.5,1.6,0.0,3.5,x,65.0,0.004,none,90000,pair_grid,mass_spin_period,"{""mass_log10_kg"": 20.0, ""periapsis_Rm"": 1.6, ""v_inf_kms"": 0.0, ""spin_period_hr"": 3.0, ""spin_axis"": ""x"", ""resolution_value"": ""65"", ""fof_linking_length"": 0.004, ""special_case_code"": ""none"", ""timestep"": ""90000""}",-0.0040596616869021575,0.004263313469439434,-0.00923215461668761,0.026081756711908072,0.015571812566745703,0.03531391132859568,extrapolation,1.473919892698374,1.483644886712302,1.5846463560013286,0,Ma_xp_A1900_s035x_n65_r12_v00_90000.hdf5; Ma_xp_A1900_s030x_n65_r12_v00_90000.hdf5; Ma_xp_A1900_s047x_n65_r12_v00_90000.hdf5,True,False,True,0.005314018471851647,low,-0.0040596616869021575,0.026081756711908072,-0.00923215461668761
18.5,1.6,0.0,3.6,x,65.0,0.004,none,90000,pair_grid,mass_spin_period,"{""mass_log10_kg"": 20.0, ""periapsis_Rm"": 1.6, ""v_inf_kms"": 0.0, ""spin_period_hr"": 3.0, ""spin_axis"": ""x"", ""resolution_value"": ""65"", ""fof_linking_length"": 0.004, ""special_case_code"": ""none"", ""timestep"": ""90000""}",-0.0040596616869021575,0.0038356917067163196,-0.010515019904856954,0.026081756711908072,0.015949576140490213,0.036596776616765025,extrapolation,1.4740937912159442,1.4830253023979765,1.5846284790105556,0,Ma_xp_A1900_s035x_n65_r12_v00_90000.hdf5; Ma_xp_A1900_s030x_n65_r12_v00_90000.hdf5; Ma_xp_A1900_s047x_n65_r12_v00_90000.hdf5,True,False,True,0.004356954464412236,low,-0.0040596616869021575,0.026081756711908072,-0.010515019904856954
18.5,1.6,0.0,4.7,x,65.0,0.004,none,90000,pair_grid,mass_spin_period,"{""mass_log10_kg"": 20.0, ""periapsis_Rm"": 1.6, ""v_inf_kms"": 0.0, ""spin_period_hr"": 3.0, ""spin_axis"": ""x"", ""resolution_value"": ""65"", ""fof_linking_length"": 0.004, ""special_case_code"": ""none"", ""timestep"": ""90000""}",-0.007996016600643715,-0.004172296149731416,-0.020810199079054667,0.016289327230504132,0.01538526008150778,0.0370995263095588,extrapolation,1.473919892698374,1.498674697490567,1.5897040987653415,0,Ma_xp_A1900_s047x_n65_r12_v00_90000.hdf5; Ma_xp_A1900_s035x_n65_r12_v00_90000.hdf5; Ma_xp_A1900_s030x_n65_r12_v00_90000.hdf5,True,False,False,0.0052796250254388425,low,-0.007996016600643715,0.016289327230504132,-0.020810199079054667
18.5,1.6,0.0,8.6,x,65.0,0.004,none,90000,pair_grid,mass_spin_period,"{""mass_log10_kg"": 20.0, ""periapsis_Rm"": 1.6, ""v_inf_kms"": 0.0, ""spin_period_hr"": 3.0, ""spin_axis"": ""x"", ""resolution_value"": ""65"", ""fof_linking_length"": 0.004, ""special_case_code"": ""none"", ""timestep"": ""90000""}",-0.01183635366480801,-0.012362670980078387,-0.03436686177716691,0.00911520250173976,0.017755379202296376,0.043482064278906676,extrapolation,1.473919892698374,1.64213876468446,1.7486128384638817,0,Ma_xp_A1900_s086x_n65_r12_v00_90000.hdf5; Ma_xp_A1900_s047x_n65_r12_v00_90000.hdf5; Ma_xp_A1900_s086z_n65_r16_v00_90000.hdf5,True,False,False,0.005173899875004079,low,-0.01183635366480801,0.00911520250173976,-0.03436686177716691
18.5,1.6,0.0,17.0,x,65.0,0.004,none,90000,pair_grid,mass_spin_period,"{""mass_log10_kg"": 20.0, ""periapsis_Rm"": 1.6, ""v_inf_kms"": 0.0, ""spin_period_hr"": 3.0, ""spin_axis"": ""x"", ""resolution_value"": ""65"", ""fof_linking_length"": 0.004, ""special_case_code"": ""none"", ""timestep"": ""90000""}",-0.01183635366480801,-0.013463147680637324,-0.037821557455186366,0.009268468078082404,0.019258806994176796,0.04709002553326877,extrapolation,1.473919892698374,1.7502926772870462,1.8672376456414121,0,Ma_xp_A1900_s170x_n65_r12_v00_90000.hdf5; Ma_xp_A1900_s170z_n65_r16_v00_90000.hdf5; Ma_xp_A1900_s170z_n65_r12_v00_90000.hdf5,True,False,False,0.005424585440547748,low,-0.01183635366480801,0.009268468078082404,-0.037821557455186366
19.0,1.6,0.0,3.0,x,65.0,0.004,none,90000,pair_grid,mass_spin_period,"{""mass_log10_kg"": 20.0, ""periapsis_Rm"": 1.6, ""v_inf_kms"": 0.0, ""spin_period_hr"": 3.0, ""spin_axis"": ""x"", ""resolution_value"": ""65"", ""fof_linking_length"": 0.004, ""special_case_code"": ""none"", ""timestep"": ""90000""}",-0.013930867405832544,0.011854600727801834,-0.013930867405832544,0.0312941738467977,0.01900050660251172,0.045225041252630244,boundary interpolation,1.079181547333674,1.1033518043773853,1.2286013152830053,4,Ma_xp_A1900_s030x_n65_r12_v00_90000.hdf5; Ma_xp_A1900_s035x_n65_r12_v00_90000.hdf5; Ma_xp_A1900_s047x_n65_r12_v00_90000.hdf5,True,True,True,0.007718936983219302,medium,-0.013930867405832544,0.0312941738467977,0.018200495742440342
19.0,1.6,0.0,3.5,x,65.0,0.004,none,90000,pair_grid,mass_spin_period,"{""mass_log10_kg"": 20.0, ""periapsis_Rm"": 1.6, ""v_inf_kms"": 0.0, ""spin_period_hr"": 3.0, ""spin_axis"": ""x"", ""resolution_value"": ""65"", ""fof_linking_length"": 0.004, ""special_case_code"": ""none"", ""timestep"": ""90000""}",-0.0040596616869021575,0.01128809951494565,-0.0040596616869021575,0.027496638905874685,0.012897176204981731,0.031556300592776844,sparse interpolation,1.079181547333674,1.0923812868742815,1.222019004781143,4,Ma_xp_A1900_s035x_n65_r12_v00_90000.hdf5; Ma_xp_A1900_s030x_n65_r12_v00_90000.hdf5; Ma_xp_A1900_s047x_n65_r12_v00_90000.hdf5,True,True,True,0.006831875010032442,medium,-0.0040596616869021575,0.027496638905874685,0.010427321325864422
19.0,1.6,0.0,3.6,x,65.0,0.004,none,90000,pair_grid,mass_spin_period,"{""mass_log10_kg"": 20.0, ""periapsis_Rm"": 1.6, ""v_inf_kms"": 0.0, ""spin_period_hr"": 3.0, ""spin_axis"": ""x"", ""resolution_value"": ""65"", ""fof_linking_length"": 0.004, ""special_case_code"": ""none"", ""timestep"": ""90000""}",-0.0040596616869021575,0.010860477752222533,-0.0040596616869021575,0.027496638905874685,0.012939824178840795,0.031556300592776844,sparse interpolation,1.0794190415751022,1.0915554663943097,1.2219569629973868,3,Ma_xp_A1900_s035x_n65_r12_v00_90000.hdf5; Ma_xp_A1900_s030x_n65_r12_v00_90000.hdf5; Ma_xp_A1900_s047x_n65_r12_v00_90000.hdf5,True,True,True,0.0059828360844386115,medium,-0.0040596616869021575,0.027496638905874685,0.009144456037695071
19.0,1.6,0.0,4.7,x,65.0,0.004,none,90000,pair_grid,mass_spin_period,"{""mass_log10_kg"": 20.0, ""periapsis_Rm"": 1.6, ""v_inf_kms"": 0.0, ""spin_period_hr"": 3.0, ""spin_axis"": ""x"", ""resolution_value"": ""65"", ""fof_linking_length"": 0.004, ""special_case_code"": ""none"", ""timestep"": ""90000""}",-0.007996016600643715,0.002907156050989921,-0.007996016600643715,0.017868207890116113,0.010941947259737609,0.025864224490759827,sparse interpolation,1.079181547333674,1.112603702457533,1.229287087240925,5,Ma_xp_A1900_s047x_n65_r12_v00_90000.hdf5; Ma_xp_A1900_s035x_n65_r12_v00_90000.hdf5; Ma_xp_A1900_s030x_n65_r12_v00_90000.hdf5,True,True,False,0.006611231190451177,medium,-0.007996016600643715,0.017868207890116113,-0.001150723136502635
19.0,1.6,0.0,8.6,x,65.0,0.004,none,90000,pair_grid,mass_spin_period,"{""mass_log10_kg"": 20.0, ""periapsis_Rm"": 1.6, ""v_inf_kms"": 0.0, ""spin_period_hr"": 3.0, ""spin_axis"": ""x"", ""resolution_value"": ""65"", ""fof_linking_length"": 0.004, ""special_case_code"": ""none"", ""timestep"": ""90000""}",-0.01183635366480801,-0.0054887512671232645,-0.01470738583461488,0.010077485698053097,0.01106922178451083,0.02478487153266798,sparse interpolation,1.079181547333674,1.2959352920552334,1.426671204396618,3,Ma_xp_A1900_s086x_n65_r12_v00_90000.hdf5; Ma_xp_A1900_s047x_n65_r12_v00_90000.hdf5; Ma_xp_A1900_s086z_n65_r16_v00_90000.hdf5,True,True,False,0.00665503594734221,medium,-0.01183635366480801,0.010077485698053097,-0.01470738583461488
19.0,1.6,0.0,17.0,x,65.0,0.004,none,90000,pair_grid,mass_spin_period,"{""mass_log10_kg"": 20.0, ""periapsis_Rm"": 1.6, ""v_inf_kms"": 0.0, ""spin_period_hr"": 3.0, ""spin_axis"": ""x"", ""resolution_value"": ""65"", ""fof_linking_length"": 0.004, ""special_case_code"": ""none"", ""timestep"": ""90000""}",-0.01183635366480801,-0.006578944895788252,-0.018162081512634348,0.010261600490077601,0.012184872721842363,0.028423682002711947,boundary interpolation,1.079181547333674,1.424112198708858,1.5660439137932367,2,Ma_xp_A1900_s170x_n65_r12_v00_90000.hdf5; Ma_xp_A1900_s170z_n65_r16_v00_90000.hdf5; Ma_xp_A1900_s170z_n65_r12_v00_90000.hdf5,True,True,False,0.006966907787557581,medium,-0.01183635366480801,0.010261600490077601,-0.018162081512634348
19.5,1.6,0.0,3.0,x,65.0,0.004,none,90000,pair_grid,mass_spin_period,"{""mass_log10_kg"": 20.0, ""periapsis_Rm"": 1.6, ""v_inf_kms"": 0.0, ""spin_period_hr"": 3.0, ""spin_axis"": ""x"", ""resolution_value"": ""65"", ""fof_linking_length"": 0.004, ""special_case_code"": ""none"", ""timestep"": ""90000""}",0.00468394658413571,0.031116000292780378,0.00468394658413571,0.05868693496623847,0.022061330814170332,0.054002988382102754,boundary interpolation,1.0038959298585104,1.0306999955556635,1.2079879544127476,3,Ma_xp_A2000_s030x_n65_r16_v00_90000.hdf5; Ma_xp_A2000_s036x_n65_r16_v00_90000.hdf5; Ma_xp_A2000_s047x_n65_r16_v00_90000.hdf5,True,True,True,0.03659936056110041,medium,0.00468394658413571,0.029977119327966952,0.05868693496623847
19.5,1.6,0.0,3.5,x,65.0,0.004,none,90000,pair_grid,mass_spin_period,"{""mass_log10_kg"": 20.0, ""periapsis_Rm"": 1.6, ""v_inf_kms"": 0.0, ""spin_period_hr"": 3.0, ""spin_axis"": ""x"", ""resolution_value"": ""65"", ""fof_linking_length"": 0.004, ""special_case_code"": ""none"", ""timestep"": ""90000""}",0.012500001386727954,0.029561051863000464,0.012500001386727954,0.05091376054966255,0.015973268730456906,0.038413759162934595,sparse interpolation,1.0041512302416864,1.0181414812537455,1.2004876255351111,3,Ma_xp_A2000_s036x_n65_r16_v00_90000.hdf5; Ma_xp_A2000_s030x_n65_r16_v00_90000.hdf5; Ma_xp_A2000_s047x_n65_r16_v00_90000.hdf5,True,True,True,0.03516495213894144,medium,0.012500001386727954,0.02526939365261088,0.05091376054966255
19.5,1.6,0.0,3.6,x,65.0,0.004,none,90000,pair_grid,mass_spin_period,"{""mass_log10_kg"": 20.0, ""periapsis_Rm"": 1.6, ""v_inf_kms"": 0.0, ""spin_period_hr"": 3.0, ""spin_axis"": ""x"", ""resolution_value"": ""65"", ""fof_linking_length"": 0.004, ""special_case_code"": ""none"", ""timestep"": ""90000""}",0.012500001386727954,0.029133430100277347,0.012500001386727954,0.04963089526149321,0.015402898065763278,0.03713089387476526,sparse interpolation,1.0038959298585104,1.017090676449981,1.199822362949338,3,Ma_xp_A2000_s036x_n65_r16_v00_90000.hdf5; Ma_xp_A2000_s030x_n65_r16_v00_90000.hdf5; Ma_xp_A2000_s047x_n65_r16_v00_90000.hdf5,True,True,True,0.03494339410794298,medium,0.012500001386727954,0.02526939365261088,0.04963089526149321
19.5,1.6,0.0,4.7,x,65.0,0.004,none,90000,pair_grid,mass_spin_period,"{""mass_log10_kg"": 20.0, ""periapsis_Rm"": 1.6, ""v_inf_kms"": 0.0, ""spin_period_hr"": 3.0, ""spin_axis"": ""x"", ""resolution_value"": ""65"", ""fof_linking_length"": 0.004, ""special_case_code"": ""none"", ""timestep"": ""90000""}",0.009405520136943315,0.02220795380358756,0.009405520136943315,0.0393357160872955,0.012595912250694988,0.029930195950352182,sparse interpolation,1.0038959298585104,1.0377945547511445,1.1848597100046092,4,Ma_xp_A2000_s047x_n65_r16_v00_90000.hdf5; Ma_xp_A2000_s036x_n65_r16_v00_90000.hdf5; Ma_xp_A2000_s030x_n65_r16_v00_90000.hdf5,True,True,True,0.03563487650296872,medium,0.009405520136943315,0.017882625186523875,0.0393357160872955
19.5,1.6,0.0,8.6,x,65.0,0.004,none,90000,pair_grid,mass_spin_period,"{""mass_log10_kg"": 20.0, ""periapsis_Rm"": 1.6, ""v_inf_kms"": 0.0, ""spin_period_hr"": 3.0, ""spin_axis"": ""x"", ""resolution_value"": ""65"", ""fof_linking_length"": 0.004, ""special_case_code"": ""none"", ""timestep"": ""90000""}",0.006954982888334764,0.01591724738572711,0.006954982888334764,0.025779053389183237,0.00771117322444417,0.018824070500848472,sparse interpolation,1.0038959298585104,1.2716036052093742,1.3525301202049742,2,Ma_xp_A2000_s086x_n65_r16_v00_90000.hdf5; Ma_xp_A2000_s047x_n65_r16_v00_90000.hdf5; Ma_xp_A2000_s086x_n65_r20_v00_90000.hdf5,True,True,True,0.03601458001761057,medium,0.006954982888334764,0.015017705879663324,0.025779053389183237
19.5,1.6,0.0,17.0,x,65.0,0.004,none,90000,pair_grid,mass_spin_period,"{""mass_log10_kg"": 20.0, ""periapsis_Rm"": 1.6, ""v_inf_kms"": 0.0, ""spin_period_hr"": 3.0, ""spin_axis"": ""x"", ""resolution_value"": ""65"", ""fof_linking_length"": 0.004, ""special_case_code"": ""none"", ""timestep"": ""90000""}",0.006954982888334764,0.01497125505326552,0.006954982888334764,0.022324357711163784,0.006292019599325583,0.015369374822829018,boundary interpolation,1.0038959298585104,1.3172452384184192,1.4319917297886873,1,Ma_xp_A2000_s170x_n65_r16_v00_90000.hdf5; Ma_xp_A2000_s170x_n65_r20_v00_90000.hdf5; Ma_xp_A1900_s170x_n65_r12_v00_90000.hdf5,True,True,True,0.037576128536892114,medium,0.006954982888334764,0.015634424560298007,0.022324357711163784
20.0,1.6,0.0,3.5,x,65.0,0.004,none,90000,pair_grid,mass_spin_period,"{""mass_log10_kg"": 20.0, ""periapsis_Rm"": 1.6, ""v_inf_kms"": 0.0, ""spin_period_hr"": 3.0, ""spin_axis"": ""x"", ""resolution_value"": ""65"", ""fof_linking_length"": 0.004, ""special_case_code"": ""none"", ""timestep"": ""90000""}",0.1308979530839414,0.12604508680608983,0.11366379040145116,0.13357351693287692,0.00882277492145834,0.019909726531425753,boundary interpolation,0.022641890588221525,0.1358513435293291,0.5132784227476381,5,Ma_xp_A2000_s036x_n65_r16_v00_90000.hdf5; Ma_xp_A2000_s030x_n65_r16_v00_90000.hdf5; Ma_xp_A2000_s047x_n65_r16_v00_90000.hdf5,True,True,False,0.040812785618839,medium,0.1308979530839414,0.13357351693287692,0.11366379040145116
20.5,1.6,0.0,3.0,x,65.0,0.004,none,90000,pair_grid,mass_spin_period,"{""mass_log10_kg"": 20.0, ""periapsis_Rm"": 1.6, ""v_inf_kms"": 0.0, ""spin_period_hr"": 3.0, ""spin_axis"": ""x"", ""resolution_value"": ""65"", ""fof_linking_length"": 0.004, ""special_case_code"": ""none"", ""timestep"": ""90000""}",0.17254256687952924,0.18442039514536593,0.17254256687952924,0.19059893176195067,0.00840117143296935,0.018056364882421433,boundary interpolation,1.0038959298585104,1.0306999955556635,1.2079879544127476,3,Ma_xp_A2000_s030x_n65_r16_v00_90000.hdf5; Ma_xp_A2000_s036x_n65_r16_v00_90000.hdf5; Ma_xp_A2000_s047x_n65_r16_v00_90000.hdf5,True,True,False,0.022520242186890842,medium,0.17254256687952924,0.1901196867946179,0.19059893176195067
20.5,1.6,0.0,3.5,x,65.0,0.004,none,90000,pair_grid,mass_spin_period,"{""mass_log10_kg"": 20.0, ""periapsis_Rm"": 1.6, ""v_inf_kms"": 0.0, ""spin_period_hr"": 3.0, ""spin_axis"": ""x"", ""resolution_value"": ""65"", ""fof_linking_length"": 0.004, ""special_case_code"": ""none"", ""timestep"": ""90000""}",0.18035862168212147,0.1838772548284485,0.18035862168212147,0.18844738545784923,0.003384893900116044,0.008088763775727759,sparse interpolation,1.0041512302416864,1.0181414812537455,1.200522405238625,3,Ma_xp_A2000_s036x_n65_r16_v00_90000.hdf5; Ma_xp_A2000_s030x_n65_r16_v00_90000.hdf5; Ma_xp_A2000_s047x_n65_r16_v00_90000.hdf5,True,True,False,0.02044254264601254,medium,0.18035862168212147,0.18844738545784923,0.18282575734537473
20.5,1.6,0.0,3.6,x,65.0,0.004,none,90000,pair_grid,mass_spin_period,"{""mass_log10_kg"": 20.0, ""periapsis_Rm"": 1.6, ""v_inf_kms"": 0.0, ""spin_period_hr"": 3.0, ""spin_axis"": ""x"", ""resolution_value"": ""65"", ""fof_linking_length"": 0.004, ""special_case_code"": ""none"", ""timestep"": ""90000""}",0.18035862168212147,0.18344963306572537,0.18035862168212147,0.18844738545784923,0.0035668633101611107,0.008088763775727759,sparse interpolation,1.0038959298585104,1.017090676449981,1.199822362949338,3,Ma_xp_A2000_s036x_n65_r16_v00_90000.hdf5; Ma_xp_A2000_s030x_n65_r16_v00_90000.hdf5; Ma_xp_A2000_s047x_n65_r16_v00_90000.hdf5,True,True,False,0.020654390846644888,medium,0.18035862168212147,0.18844738545784923,0.1815428920572054
20.5,1.6,0.0,4.7,x,65.0,0.004,none,90000,pair_grid,mass_spin_period,"{""mass_log10_kg"": 20.0, ""periapsis_Rm"": 1.6, ""v_inf_kms"": 0.0, ""spin_period_hr"": 3.0, ""spin_axis"": ""x"", ""resolution_value"": ""65"", ""fof_linking_length"": 0.004, ""special_case_code"": ""none"", ""timestep"": ""90000""}",0.18426287902930757,0.18065719479897727,0.17124771288300766,0.18646099248461662,0.006713751466744564,0.015213279601608953,sparse interpolation,1.0038959298585104,1.0377945547511445,1.1848597100046092,4,Ma_xp_A2000_s047x_n65_r16_v00_90000.hdf5; Ma_xp_A2000_s036x_n65_r16_v00_90000.hdf5; Ma_xp_A2000_s030x_n65_r16_v00_90000.hdf5,True,True,False,0.022508715610068113,medium,0.18426287902930757,0.18646099248461662,0.17124771288300766
20.5,1.6,0.0,8.6,x,65.0,0.004,none,90000,pair_grid,mass_spin_period,"{""mass_log10_kg"": 20.0, ""periapsis_Rm"": 1.6, ""v_inf_kms"": 0.0, ""spin_period_hr"": 3.0, ""spin_axis"": ""x"", ""resolution_value"": ""65"", ""fof_linking_length"": 0.004, ""special_case_code"": ""none"", ""timestep"": ""90000""}",0.18296046139860328,0.17562033395119933,0.15769105018489543,0.1862094902700992,0.012747116260326992,0.028518440085203767,extrapolation,1.0038959298585104,1.2716036052093742,1.3603643870841087,2,Ma_xp_A2000_s086x_n65_r16_v00_90000.hdf5; Ma_xp_A2000_s047x_n65_r16_v00_90000.hdf5; Ma_xp_A2000_s086x_n65_r20_v00_90000.hdf5,True,False,False,0.022814108131746034,low,0.18296046139860328,0.1862094902700992,0.15769105018489543
20.5,1.6,0.0,17.0,x,65.0,0.004,none,90000,pair_grid,mass_spin_period,"{""mass_log10_kg"": 20.0, ""periapsis_Rm"": 1.6, ""v_inf_kms"": 0.0, ""spin_period_hr"": 3.0, ""spin_axis"": ""x"", ""resolution_value"": ""65"", ""fof_linking_length"": 0.004, ""special_case_code"": ""none"", ""timestep"": ""90000""}",0.18296046139860328,0.17443285241286832,0.15423635450687598,0.18610174133312565,0.014338544920523898,0.031865386826249675,extrapolation,1.0038959298585104,1.3172452384184192,1.4840683594469732,1,Ma_xp_A2000_s170x_n65_r16_v00_90000.hdf5; Ma_xp_A2000_s170x_n65_r20_v00_90000.hdf5; Ma_xp_A2000_s170x_n65_r12_v00_90000.hdf5,True,False,False,0.023804701809103577,low,0.18296046139860328,0.18610174133312565,0.15423635450687598
21.0,1.6,0.0,3.0,x,65.0,0.004,none,90000,pair_grid,mass_spin_period,"{""mass_log10_kg"": 20.0, ""periapsis_Rm"": 1.6, ""v_inf_kms"": 0.0, ""spin_period_hr"": 3.0, ""spin_axis"": ""x"", ""resolution_value"": ""65"", ""fof_linking_length"": 0.004, ""special_case_code"": ""none"", ""timestep"": ""90000""}",0.17042211957679645,0.18156563244770896,0.17042211957679645,0.18816455072272442,0.007924160135214799,0.017742431145927967,extrapolation,2.0077918597170203,2.0215096692723318,2.1246830519092437,0,Ma_xp_A2000_s030x_n65_r16_v00_90000.hdf5; Ma_xp_A2000_s036x_n65_r16_v00_90000.hdf5; Ma_xp_A2000_s047x_n65_r16_v00_90000.hdf5,True,False,False,0.017296775045462637,low,0.17042211957679645,0.18816455072272442,0.186110227043606
21.0,1.6,0.0,3.5,x,65.0,0.004,none,90000,pair_grid,mass_spin_period,"{""mass_log10_kg"": 20.0, ""periapsis_Rm"": 1.6, ""v_inf_kms"": 0.0, ""spin_period_hr"": 3.0, ""spin_axis"": ""x"", ""resolution_value"": ""65"", ""fof_linking_length"": 0.004, ""special_case_code"": ""none"", ""timestep"": ""90000""}",0.1782381743793887,0.1810089291390682,0.1782381743793887,0.18645156041078573,0.0038487331765896323,0.00821338603139704,extrapolation,2.0079195220813357,2.014997643836622,2.1208208162797986,0,Ma_xp_A2000_s036x_n65_r16_v00_90000.hdf5; Ma_xp_A2000_s030x_n65_r16_v00_90000.hdf5; Ma_xp_A2000_s047x_n65_r16_v00_90000.hdf5,True,False,False,0.01577161945609861,low,0.1782381743793887,0.18645156041078573,0.1783370526270301
21.0,1.6,0.0,3.6,x,65.0,0.004,none,90000,pair_grid,mass_spin_period,"{""mass_log10_kg"": 20.0, ""periapsis_Rm"": 1.6, ""v_inf_kms"": 0.0, ""spin_period_hr"": 3.0, ""spin_axis"": ""x"", ""resolution_value"": ""65"", ""fof_linking_length"": 0.004, ""special_case_code"": ""none"", ""timestep"": ""90000""}",0.1782381743793887,0.18058130737634506,0.17705418733886075,0.18645156041078573,0.004178943992948815,0.00939737307192498,extrapolation,2.0077918597170203,2.014451662091693,2.1204482476008604,0,Ma_xp_A2000_s036x_n65_r16_v00_90000.hdf5; Ma_xp_A2000_s030x_n65_r16_v00_90000.hdf5; Ma_xp_A2000_s047x_n65_r16_v00_90000.hdf5,True,False,False,0.01574403639608169,low,0.1782381743793887,0.18645156041078573,0.17705418733886075
21.0,1.6,0.0,4.7,x,65.0,0.004,none,90000,pair_grid,mass_spin_period,"{""mass_log10_kg"": 20.0, ""periapsis_Rm"": 1.6, ""v_inf_kms"": 0.0, ""spin_period_hr"": 3.0, ""spin_axis"": ""x"", ""resolution_value"": ""65"", ""fof_linking_length"": 0.004, ""special_case_code"": ""none"", ""timestep"": ""90000""}",0.1821424317265748,0.17784031951115445,0.16675900816466302,0.1846195186422256,0.007900657599859738,0.01786051047756257,extrapolation,2.0077918597170203,2.0251089763523438,2.1096327875604017,0,Ma_xp_A2000_s047x_n65_r16_v00_90000.hdf5; Ma_xp_A2000_s036x_n65_r16_v00_90000.hdf5; Ma_xp_A2000_s030x_n65_r16_v00_90000.hdf5,True,False,False,0.017392037117393816,low,0.1821424317265748,0.1846195186422256,0.16675900816466302
21.0,1.6,0.0,8.6,x,65.0,0.004,none,90000,pair_grid,mass_spin_period,"{""mass_log10_kg"": 20.0, ""periapsis_Rm"": 1.6, ""v_inf_kms"": 0.0, ""spin_period_hr"": 3.0, ""spin_axis"": ""x"", ""resolution_value"": ""65"", ""fof_linking_length"": 0.004, ""special_case_code"": ""none"", ""timestep"": ""90000""}",0.1808400140958705,0.17276111778200554,0.15320234546655082,0.1842409937835953,0.01389966058518283,0.031038648317044476,extrapolation,2.0077918597170203,2.160209622820666,2.2130075083786167,0,Ma_xp_A2000_s086x_n65_r16_v00_90000.hdf5; Ma_xp_A2000_s047x_n65_r16_v00_90000.hdf5; Ma_xp_A2000_s086x_n65_r20_v00_90000.hdf5,True,False,False,0.01758155800886934,low,0.1808400140958705,0.1842409937835953,0.15320234546655082
21.0,1.6,0.0,17.0,x,65.0,0.004,none,90000,pair_grid,mass_spin_period,"{""mass_log10_kg"": 20.0, ""periapsis_Rm"": 1.6, ""v_inf_kms"": 0.0, ""spin_period_hr"": 3.0, ""spin_axis"": ""x"", ""resolution_value"": ""65"", ""fof_linking_length"": 0.004, ""special_case_code"": ""none"", ""timestep"": ""90000""}",0.1808400140958705,0.17149949210764745,0.14974764978853133,0.18391081243854043,0.015431881151739154,0.0341631626500091,extrapolation,2.0077918597170203,2.1888927038154145,2.2956779782483863,0,Ma_xp_A2000_s170x_n65_r16_v00_90000.hdf5; Ma_xp_A2000_s170x_n65_r20_v00_90000.hdf5; Ma_xp_A2000_s170x_n65_r12_v00_90000.hdf5,True,False,False,0.01851341100705256,low,0.1808400140958705,0.18391081243854043,0.14974764978853133
20.0,1.1,0.0,3.5,z,65.0,0.004,none,90000,pair_grid,periapsis_spin_period,"{""mass_log10_kg"": 20.0, ""periapsis_Rm"": 1.1, ""v_inf_kms"": 0.0, ""spin_period_hr"": 3.0, ""spin_axis"": ""z"", ""resolution_value"": ""65"", ""fof_linking_length"": 0.004, ""special_case_code"": ""none"", ""timestep"": ""90000""}",0.2769080674443715,0.2628668995292042,0.25121417271440627,0.2769080674443715,0.010624579827490713,0.02569389472996525,boundary interpolation,0.11320945294110757,0.2185519804478009,0.26622803780203685,5,Ma_xp_A2000_s030z_n65_r11_v00_90000.hdf5; Ma_xp_A2000_s036z_n65_r12_v00_90000.hdf5; Ma_xp_A2000_s047z_n65_r11_v00_90000.hdf5,True,True,False,0.04364334238321218,medium,0.2769080674443715,0.25121417271440627,0.260478458428835
20.0,1.1,0.0,3.6,z,65.0,0.004,none,90000,pair_grid,periapsis_spin_period,"{""mass_log10_kg"": 20.0, ""periapsis_Rm"": 1.1, ""v_inf_kms"": 0.0, ""spin_period_hr"": 3.0, ""spin_axis"": ""z"", ""resolution_value"": ""65"", ""fof_linking_length"": 0.004, ""special_case_code"": ""none"", ""timestep"": ""90000""}",0.2769080674443715,0.2624392777664811,0.25121417271440627,0.2769080674443715,0.010737323504562574,0.02569389472996525,boundary interpolation,0.1358513435293291,0.21823584227772796,0.26479103827684475,5,Ma_xp_A2000_s030z_n65_r11_v00_90000.hdf5; Ma_xp_A2000_s047z_n65_r11_v00_90000.hdf5; Ma_xp_A2000_s036z_n65_r12_v00_90000.hdf5,True,True,False,0.04341853833622956,medium,0.2769080674443715,0.25121417271440627,0.25919559314066565
20.0,1.1,0.0,8.6,z,65.0,0.004,none,90000,pair_grid,periapsis_spin_period,"{""mass_log10_kg"": 20.0, ""periapsis_Rm"": 1.1, ""v_inf_kms"": 0.0, ""spin_period_hr"": 3.0, ""spin_axis"": ""z"", ""resolution_value"": ""65"", ""fof_linking_length"": 0.004, ""special_case_code"": ""none"", ""timestep"": ""90000""}",0.23963038568119616,0.2378278836629744,0.23534375126835572,0.23963038568119616,0.0018151719156152,0.00428663441284044,extrapolation,0.2697953868334182,0.6920530102075504,0.8313440347469999,5,Ma_xp_A2000_s086z_n65_r12_v00_90000.hdf5; Ma_xp_A2000_s047z_n65_r11_v00_90000.hdf5; Ma_xp_A2000_s047z_n65_r12_v00_90000.hdf5,True,False,False,0.04561749310254829,low,0.23963038568119616,0.23850951403937132,0.23534375126835572
20.0,1.1,0.0,17.0,z,65.0,0.004,none,90000,pair_grid,periapsis_spin_period,"{""mass_log10_kg"": 20.0, ""periapsis_Rm"": 1.1, ""v_inf_kms"": 0.0, ""spin_period_hr"": 3.0, ""spin_axis"": ""z"", ""resolution_value"": ""65"", ""fof_linking_length"": 0.004, ""special_case_code"": ""none"", ""timestep"": ""90000""}",0.23963038568119616,0.23608031107423558,0.23188905559033626,0.23963038568119616,0.00319273994991002,0.007741330090859894,extrapolation,0.2697953868334182,1.019496962503849,1.1875856041067239,2,Ma_xp_A2000_s170z_n65_r12_v00_90000.hdf5; Ma_xp_A2000_s170z_n65_r16_v00_90000.hdf5; Ma_xp_A2000_s170x_n65_r12_v00_90000.hdf5,True,False,False,0.046703844799359656,low,0.23963038568119616,0.2367214919511743,0.23188905559033626
20.0,1.2,0.0,3.5,z,65.0,0.004,none,90000,pair_grid,periapsis_spin_period,"{""mass_log10_kg"": 20.0, ""periapsis_Rm"": 1.1, ""v_inf_kms"": 0.0, ""spin_period_hr"": 3.0, ""spin_axis"": ""z"", ""resolution_value"": ""65"", ""fof_linking_length"": 0.004, ""special_case_code"": ""none"", ""timestep"": ""90000""}",0.27432589382505035,0.2579448162384385,0.24871710442597558,0.27432589382505035,0.011614086419677759,0.025608789399074766,sparse interpolation,0.022641890588221525,0.1358513435293291,0.19854477109653423,5,Ma_xp_A2000_s036z_n65_r12_v00_90000.hdf5; Ma_xp_A2000_s030z_n65_r12_v00_90000.hdf5; Ma_xp_A2000_s047z_n65_r12_v00_90000.hdf5,True,True,False,0.04129051376136751,medium,0.27432589382505035,0.2507914504642896,0.24871710442597558
20.0,1.3,0.0,3.5,z,65.0,0.004,none,90000,pair_grid,periapsis_spin_period,"{""mass_log10_kg"": 20.0, ""periapsis_Rm"": 1.1, ""v_inf_kms"": 0.0, ""spin_period_hr"": 3.0, ""spin_axis"": ""z"", ""resolution_value"": ""65"", ""fof_linking_length"": 0.004, ""special_case_code"": ""none"", ""timestep"": ""90000""}",0.27182773849960146,0.2532129507505356,0.2368621077317423,0.27182773849960146,0.014364143275412366,0.03496563076785916,sparse interpolation,0.11320945294110757,0.21855198044780103,0.24816515324761737,5,Ma_xp_A2000_s030z_n65_r13_v00_90000.hdf5; Ma_xp_A2000_s036z_n65_r12_v00_90000.hdf5; Ma_xp_A2000_s047z_n65_r13_v00_90000.hdf5,True,True,False,0.04111901449054977,medium,0.27182773849960146,0.25094900602026304,0.2368621077317423
20.0,1.3,0.0,3.6,z,65.0,0.004,none,90000,pair_grid,periapsis_spin_period,"{""mass_log10_kg"": 20.0, ""periapsis_Rm"": 1.1, ""v_inf_kms"": 0.0, ""spin_period_hr"": 3.0, ""spin_axis"": ""z"", ""resolution_value"": ""65"", ""fof_linking_length"": 0.004, ""special_case_code"": ""none"", ""timestep"": ""90000""}",0.27182773849960146,0.25278532898781253,0.23557924244357295,0.27182773849960146,0.014855244373886746,0.036248496056028506,sparse interpolation,0.1358513435293291,0.2182358422777281,0.251768746199368,5,Ma_xp_A2000_s030z_n65_r13_v00_90000.hdf5; Ma_xp_A2000_s047z_n65_r13_v00_90000.hdf5; Ma_xp_A2000_s036z_n65_r12_v00_90000.hdf5,True,True,False,0.040977376458300935,medium,0.27182773849960146,0.25094900602026304,0.23557924244357295
20.0,1.3,0.0,8.6,z,65.0,0.004,none,90000,pair_grid,periapsis_spin_period,"{""mass_log10_kg"": 20.0, ""periapsis_Rm"": 1.1, ""v_inf_kms"": 0.0, ""spin_period_hr"": 3.0, ""spin_axis"": ""z"", ""resolution_value"": ""65"", ""fof_linking_length"": 0.004, ""special_case_code"": ""none"", ""timestep"": ""90000""}",0.24089318744455313,0.23113457819053226,0.21172740057126302,0.24089318744455313,0.013723020430617032,0.029165786873290106,sparse interpolation,0.26979538683341864,0.6540717600914375,0.7617750203943002,5,Ma_xp_A2000_s086z_n65_r12_v00_90000.hdf5; Ma_xp_A2000_s086z_n65_r16_v00_90000.hdf5; Ma_xp_A2000_s047z_n65_r13_v00_90000.hdf5,True,True,False,0.042384415935136546,medium,0.24089318744455313,0.2407831465557806,0.21172740057126302
20.0,1.3,0.0,17.0,z,65.0,0.004,none,90000,pair_grid,periapsis_spin_period,"{""mass_log10_kg"": 20.0, ""periapsis_Rm"": 1.1, ""v_inf_kms"": 0.0, ""spin_period_hr"": 3.0, ""spin_axis"": ""z"", ""resolution_value"": ""65"", ""fof_linking_length"": 0.004, ""special_case_code"": ""none"", ""timestep"": ""90000""}",0.24089318744455313,0.2294541653358926,0.20827270489324354,0.24089318744455313,0.0149935608176477,0.03262048255130959,boundary interpolation,0.26979538683341864,0.8396333712815703,1.0796674493733567,2,Ma_xp_A2000_s170z_n65_r12_v00_90000.hdf5; Ma_xp_A2000_s170z_n65_r16_v00_90000.hdf5; Ma_xp_A2000_s170y_n65_r12_v00_90000.hdf5,True,True,False,0.043531117351012026,medium,0.24089318744455313,0.23919660366988116,0.20827270489324354
20.0,1.4,0.0,3.5,z,65.0,0.004,none,90000,pair_grid,periapsis_spin_period,"{""mass_log10_kg"": 20.0, ""periapsis_Rm"": 1.1, ""v_inf_kms"": 0.0, ""spin_period_hr"": 3.0, ""spin_axis"": ""z"", ""resolution_value"": ""65"", ""fof_linking_length"": 0.004, ""special_case_code"": ""none"", ""timestep"": ""90000""}",0.266538510657056,0.24506294099279557,0.22470551272341563,0.266538510657056,0.017096541739256305,0.0418329979336404,sparse interpolation,0.11320945294110757,0.22583235081570244,0.27059626002277787,5,Ma_xp_A2000_s030z_n65_r14_v00_90000.hdf5; Ma_xp_A2000_s047z_n65_r14_v00_90000.hdf5; Ma_xp_A2000_s030z_n65_r13_v00_90000.hdf5,True,True,False,0.0406259239067905,medium,0.266538510657056,0.24394479959791507,0.22470551272341563
20.0,1.4,0.0,3.6,z,65.0,0.004,none,90000,pair_grid,periapsis_spin_period,"{""mass_log10_kg"": 20.0, ""periapsis_Rm"": 1.1, ""v_inf_kms"": 0.0, ""spin_period_hr"": 3.0, ""spin_axis"": ""z"", ""resolution_value"": ""65"", ""fof_linking_length"": 0.004, ""special_case_code"": ""none"", ""timestep"": ""90000""}",0.266538510657056,0.24463531923007245,0.22342264743524629,0.266538510657056,0.017608748362906577,0.04311586322180974,sparse interpolation,0.1358513435293291,0.22899341402719778,0.27124558132652676,5,Ma_xp_A2000_s030z_n65_r14_v00_90000.hdf5; Ma_xp_A2000_s047z_n65_r14_v00_90000.hdf5; Ma_xp_A2000_s030z_n65_r13_v00_90000.hdf5,True,True,False,0.040464910269682686,medium,0.266538510657056,0.24394479959791507,0.22342264743524629
20.0,1.4,0.0,8.6,z,65.0,0.004,none,90000,pair_grid,periapsis_spin_period,"{""mass_log10_kg"": 20.0, ""periapsis_Rm"": 1.1, ""v_inf_kms"": 0.0, ""spin_period_hr"": 3.0, ""spin_axis"": ""z"", ""resolution_value"": ""65"", ""fof_linking_length"": 0.004, ""special_case_code"": ""none"", ""timestep"": ""90000""}",0.2356039596020077,0.22306010365209028,0.19957080556293633,0.2356039596020077,0.016622255667596043,0.03603315403907137,sparse interpolation,0.5395907736668367,0.6540717600914375,0.7617750203943002,5,Ma_xp_A2000_s086z_n65_r12_v00_90000.hdf5; Ma_xp_A2000_s086z_n65_r16_v00_90000.hdf5; Ma_xp_A2000_s047z_n65_r14_v00_90000.hdf5,True,True,False,0.04190008666826172,medium,0.2356039596020077,0.23400554579132687,0.19957080556293633
20.0,1.4,0.0,17.0,z,65.0,0.004,none,90000,pair_grid,periapsis_spin_period,"{""mass_log10_kg"": 20.0, ""periapsis_Rm"": 1.1, ""v_inf_kms"": 0.0, ""spin_period_hr"": 3.0, ""spin_axis"": ""z"", ""resolution_value"": ""65"", ""fof_linking_length"": 0.004, ""special_case_code"": ""none"", ""timestep"": ""90000""}",0.2356039596020077,0.2211862023178723,0.19611610988491687,0.2356039596020077,0.017793758304753514,0.03948784971709082,boundary interpolation,0.5395907736668367,0.8642795916842695,1.1240306460982155,2,Ma_xp_A2000_s170z_n65_r12_v00_90000.hdf5; Ma_xp_A2000_s170z_n65_r16_v00_90000.hdf5; Ma_xp_A2000_s170y_n65_r12_v00_90000.hdf5,True,True,False,0.042950588365398584,medium,0.2356039596020077,0.23183853746669228,0.19611610988491687
20.0,1.5,0.0,3.5,z,65.0,0.004,none,90000,pair_grid,periapsis_spin_period,"{""mass_log10_kg"": 20.0, ""periapsis_Rm"": 1.1, ""v_inf_kms"": 0.0, ""spin_period_hr"": 3.0, ""spin_axis"": ""z"", ""resolution_value"": ""65"", ""fof_linking_length"": 0.004, ""special_case_code"": ""none"", ""timestep"": ""90000""}",0.2624805983477423,0.23900364612453315,0.21203418396711138,0.2624805983477423,0.020742201750634088,0.05044641438063091,sparse interpolation,0.11320945294110757,0.21855198044780103,0.24816515324761745,5,Ma_xp_A2000_s030z_n65_r15_v00_90000.hdf5; Ma_xp_A2000_s036z_n65_r16_v00_90000.hdf5; Ma_xp_A2000_s047z_n65_r15_v00_90000.hdf5,True,True,False,0.04103266048509342,medium,0.2624805983477423,0.2424961560587458,0.21203418396711138
20.0,1.5,0.0,3.6,z,65.0,0.004,none,90000,pair_grid,periapsis_spin_period,"{""mass_log10_kg"": 20.0, ""periapsis_Rm"": 1.1, ""v_inf_kms"": 0.0, ""spin_period_hr"": 3.0, ""spin_axis"": ""z"", ""resolution_value"": ""65"", ""fof_linking_length"": 0.004, ""special_case_code"": ""none"", ""timestep"": ""90000""}",0.2624805983477423,0.23857602436181002,0.21075131867894203,0.2624805983477423,0.021299533142837165,0.051729279668800254,sparse interpolation,0.1358513435293291,0.2182358422777281,0.2517687461993682,5,Ma_xp_A2000_s030z_n65_r15_v00_90000.hdf5; Ma_xp_A2000_s047z_n65_r15_v00_90000.hdf5; Ma_xp_A2000_s036z_n65_r16_v00_90000.hdf5,True,True,False,0.0408656066542042,medium,0.2624805983477423,0.2424961560587458,0.21075131867894203
20.0,1.5,0.0,8.6,z,65.0,0.004,none,90000,pair_grid,periapsis_spin_period,"{""mass_log10_kg"": 20.0, ""periapsis_Rm"": 1.1, ""v_inf_kms"": 0.0, ""spin_period_hr"": 3.0, ""spin_axis"": ""z"", ""resolution_value"": ""65"", ""fof_linking_length"": 0.004, ""special_case_code"": ""none"", ""timestep"": ""90000""}",0.2303453561702096,0.21544324149055816,0.18689947680663208,0.2303453561702096,0.020190048201163813,0.04344587936357752,sparse interpolation,0.26979538683341864,0.6540717600914375,0.7617750203943003,5,Ma_xp_A2000_s086z_n65_r16_v00_90000.hdf5; Ma_xp_A2000_s086z_n65_r12_v00_90000.hdf5; Ma_xp_A2000_s047z_n65_r15_v00_90000.hdf5,True,True,False,0.04266008694266154,medium,0.2303453561702096,0.22908489149483277,0.18689947680663208
20.0,1.5,0.0,17.0,z,65.0,0.004,none,90000,pair_grid,periapsis_spin_period,"{""mass_log10_kg"": 20.0, ""periapsis_Rm"": 1.1, ""v_inf_kms"": 0.0, ""spin_period_hr"": 3.0, ""spin_axis"": ""z"", ""resolution_value"": ""65"", ""fof_linking_length"": 0.004, ""special_case_code"": ""none"", ""timestep"": ""90000""}",0.2303453561702096,0.2135240343192929,0.1834447811286126,0.2303453561702096,0.021318935907865755,0.046900575041597004,boundary interpolation,0.26979538683341864,0.8093861605002554,1.0615191229045677,3,Ma_xp_A2000_s170z_n65_r16_v00_90000.hdf5; Ma_xp_A2000_s170z_n65_r12_v00_90000.hdf5; Ma_xp_A2000_s170z_n65_r20_v00_90000.hdf5,True,True,False,0.04372722127313069,medium,0.2303453561702096,0.22678196565905645,0.1834447811286126
20.0,1.6,0.0,3.5,z,65.0,0.004,none,90000,pair_grid,periapsis_spin_period,"{""mass_log10_kg"": 20.0, ""periapsis_Rm"": 1.1, ""v_inf_kms"": 0.0, ""spin_period_hr"": 3.0, ""spin_axis"": ""z"", ""resolution_value"": ""65"", ""fof_linking_length"": 0.004, ""special_case_code"": ""none"", ""timestep"": ""90000""}",0.2470732877421934,0.22473245870999112,0.19859461334948328,0.2470732877421934,0.019972622386100865,0.048478674392710114,sparse interpolation,0.022641890588221525,0.1358513435293291,0.19854477109653418,5,Ma_xp_A2000_s036z_n65_r16_v00_90000.hdf5; Ma_xp_A2000_s030z_n65_r16_v00_90000.hdf5; Ma_xp_A2000_s047z_n65_r16_v00_90000.hdf5,True,True,False,0.044358646581678846,medium,0.2470732877421934,0.22852947503829668,0.19859461334948328
20.0,1.7,0.0,3.5,z,65.0,0.004,none,90000,pair_grid,periapsis_spin_period,"{""mass_log10_kg"": 20.0, ""periapsis_Rm"": 1.1, ""v_inf_kms"": 0.0, ""spin_period_hr"": 3.0, ""spin_axis"": ""z"", ""resolution_value"": ""65"", ""fof_linking_length"": 0.004, ""special_case_code"": ""none"", ""timestep"": ""90000""}",0.22042135925560272,0.20228341277851125,0.1840303628826322,0.22042135925560272,0.014856785001072762,0.036390996372970524,sparse interpolation,0.11320945294110757,0.2185519804478009,0.2481651532476173,5,Ma_xp_A2000_s030z_n65_r17_v00_90000.hdf5; Ma_xp_A2000_s036z_n65_r16_v00_90000.hdf5; Ma_xp_A2000_s047z_n65_r17_v00_90000.hdf5,True,True,False,0.03760483688377817,medium,0.22042135925560272,0.20239851619729884,0.1840303628826322
20.0,1.7,0.0,3.6,z,65.0,0.004,none,90000,pair_grid,periapsis_spin_period,"{""mass_log10_kg"": 20.0, ""periapsis_Rm"": 1.1, ""v_inf_kms"": 0.0, ""spin_period_hr"": 3.0, ""spin_axis"": ""z"", ""resolution_value"": ""65"", ""fof_linking_length"": 0.004, ""special_case_code"": ""none"", ""timestep"": ""90000""}",0.22042135925560272,0.20185579101578813,0.18274749759446285,0.22042135925560272,0.015385076667183268,0.03767386166113987,sparse interpolation,0.1358513435293291,0.21823584227772794,0.25176874619936795,5,Ma_xp_A2000_s030z_n65_r17_v00_90000.hdf5; Ma_xp_A2000_s047z_n65_r17_v00_90000.hdf5; Ma_xp_A2000_s036z_n65_r16_v00_90000.hdf5,True,True,False,0.03730164835830642,medium,0.22042135925560272,0.20239851619729884,0.18274749759446285
20.0,1.7,0.0,8.6,z,65.0,0.004,none,90000,pair_grid,periapsis_spin_period,"{""mass_log10_kg"": 20.0, ""periapsis_Rm"": 1.1, ""v_inf_kms"": 0.0, ""spin_period_hr"": 3.0, ""spin_axis"": ""z"", ""resolution_value"": ""65"", ""fof_linking_length"": 0.004, ""special_case_code"": ""none"", ""timestep"": ""90000""}",0.17511471912018672,0.16768302867630583,0.1588956557221529,0.17511471912018672,0.006690436491931518,0.016219063398033834,sparse interpolation,0.2697953868334181,0.6540717600914374,0.7617750203943002,5,Ma_xp_A2000_s086z_n65_r16_v00_90000.hdf5; Ma_xp_A2000_s086z_n65_r20_v00_90000.hdf5; Ma_xp_A2000_s047z_n65_r17_v00_90000.hdf5,True,True,False,0.04132665332935454,medium,0.17511471912018672,0.1690387111865779,0.1588956557221529
20.0,1.7,0.0,17.0,z,65.0,0.004,none,90000,pair_grid,periapsis_spin_period,"{""mass_log10_kg"": 20.0, ""periapsis_Rm"": 1.1, ""v_inf_kms"": 0.0, ""spin_period_hr"": 3.0, ""spin_axis"": ""z"", ""resolution_value"": ""65"", ""fof_linking_length"": 0.004, ""special_case_code"": ""none"", ""timestep"": ""90000""}",0.17511471912018672,0.1656544927016369,0.15544096004413344,0.17511471912018672,0.008049422412524687,0.019673759076053288,boundary interpolation,0.2697953868334181,0.8093861605002551,1.0615191229045675,3,Ma_xp_A2000_s170z_n65_r16_v00_90000.hdf5; Ma_xp_A2000_s170z_n65_r20_v00_90000.hdf5; Ma_xp_A2000_s170z_n65_r12_v00_90000.hdf5,True,True,False,0.04186483604378533,medium,0.17511471912018672,0.16640779894059055,0.15544096004413344
20.0,1.8,0.0,3.5,z,65.0,0.004,none,90000,pair_grid,periapsis_spin_period,"{""mass_log10_kg"": 20.0, ""periapsis_Rm"": 1.1, ""v_inf_kms"": 0.0, ""spin_period_hr"": 3.0, ""spin_axis"": ""z"", ""resolution_value"": ""65"", ""fof_linking_length"": 0.004, ""special_case_code"": ""none"", ""timestep"": ""90000""}",0.1629837105240498,0.17069711532589013,0.1629837105240498,0.18138111175728802,0.007798906077409693,0.018397401233238214,sparse interpolation,0.11320945294110757,0.22583235081570252,0.2705962600227779,5,Ma_xp_A2000_s030z_n65_r18_v00_90000.hdf5; Ma_xp_A2000_s047z_n65_r18_v00_90000.hdf5; Ma_xp_A2000_s030z_n65_r19_v00_90000.hdf5,True,True,False,0.02422438059775754,medium,0.1629837105240498,0.18138111175728802,0.1677265236963326
20.0,1.8,0.0,3.6,z,65.0,0.004,none,90000,pair_grid,periapsis_spin_period,"{""mass_log10_kg"": 20.0, ""periapsis_Rm"": 1.1, ""v_inf_kms"": 0.0, ""spin_period_hr"": 3.0, ""spin_axis"": ""z"", ""resolution_value"": ""65"", ""fof_linking_length"": 0.004, ""special_case_code"": ""none"", ""timestep"": ""90000""}",0.1629837105240498,0.170269493563167,0.1629837105240498,0.18138111175728802,0.007983059313702395,0.018397401233238214,sparse interpolation,0.1358513435293291,0.22899341402719786,0.27124558132652676,5,Ma_xp_A2000_s030z_n65_r18_v00_90000.hdf5; Ma_xp_A2000_s047z_n65_r18_v00_90000.hdf5; Ma_xp_A2000_s030z_n65_r19_v00_90000.hdf5,True,True,False,0.026622617934120733,medium,0.1629837105240498,0.18138111175728802,0.16644365840816325
20.0,1.8,0.0,8.6,z,65.0,0.004,none,90000,pair_grid,periapsis_spin_period,"{""mass_log10_kg"": 20.0, ""periapsis_Rm"": 1.1, ""v_inf_kms"": 0.0, ""spin_period_hr"": 3.0, ""spin_axis"": ""z"", ""resolution_value"": ""65"", ""fof_linking_length"": 0.004, ""special_case_code"": ""none"", ""timestep"": ""90000""}",0.10262504521338804,0.12625823852413162,0.10262504521338804,0.1425918165358533,0.017113327946775746,0.03996677132246525,sparse interpolation,0.5395907736668367,0.6540717600914374,0.7617750203943002,5,Ma_xp_A2000_s086z_n65_r16_v00_90000.hdf5; Ma_xp_A2000_s086z_n65_r20_v00_90000.hdf5; Ma_xp_A2000_s047z_n65_r18_v00_90000.hdf5,True,True,False,0.03077265047608722,medium,0.10262504521338804,0.13355785382315352,0.1425918165358533
20.0,1.8,0.0,17.0,z,65.0,0.004,none,90000,pair_grid,periapsis_spin_period,"{""mass_log10_kg"": 20.0, ""periapsis_Rm"": 1.1, ""v_inf_kms"": 0.0, ""spin_period_hr"": 3.0, ""spin_axis"": ""z"", ""resolution_value"": ""65"", ""fof_linking_length"": 0.004, ""special_case_code"": ""none"", ""timestep"": ""90000""}",0.10262504521338804,0.12429424086161493,0.10262504521338804,0.1391371208578338,0.015668053612410818,0.036512075644445766,boundary interpolation,0.5395907736668367,0.8642795916842694,1.1240306460982155,2,Ma_xp_A2000_s170z_n65_r16_v00_90000.hdf5; Ma_xp_A2000_s170z_n65_r20_v00_90000.hdf5; Ma_xp_A2000_s170y_n65_r20_v00_90000.hdf5,True,True,False,0.031569699413178234,medium,0.10262504521338804,0.13112055651362292,0.1391371208578338
20.0,1.9,0.0,3.5,z,65.0,0.004,none,90000,pair_grid,periapsis_spin_period,"{""mass_log10_kg"": 20.0, ""periapsis_Rm"": 1.1, ""v_inf_kms"": 0.0, ""spin_period_hr"": 3.0, ""spin_axis"": ""z"", ""resolution_value"": ""65"", ""fof_linking_length"": 0.004, ""special_case_code"": ""none"", ""timestep"": ""90000""}",0.15762319562020932,0.1616945090038886,0.14822323474331078,0.1792370966481457,0.0129845190403582,0.031013861904834905,sparse interpolation,0.11320945294110757,0.21855198044780103,0.24816515324761737,5,Ma_xp_A2000_s030z_n65_r19_v00_90000.hdf5; Ma_xp_A2000_s036z_n65_r20_v00_90000.hdf5; Ma_xp_A2000_s047z_n65_r19_v00_90000.hdf5,True,True,False,0.019290863397448465,medium,0.15762319562020932,0.1792370966481457,0.14822323474331078
20.0,1.9,0.0,3.6,z,65.0,0.004,none,90000,pair_grid,periapsis_spin_period,"{""mass_log10_kg"": 20.0, ""periapsis_Rm"": 1.1, ""v_inf_kms"": 0.0, ""spin_period_hr"": 3.0, ""spin_axis"": ""z"", ""resolution_value"": ""65"", ""fof_linking_length"": 0.004, ""special_case_code"": ""none"", ""timestep"": ""90000""}",0.15762319562020932,0.16126688724116547,0.14694036945514144,0.1792370966481457,0.013434458513248797,0.03229672719300425,sparse interpolation,0.1358513435293291,0.21823584227772808,0.251768746199368,5,Ma_xp_A2000_s030z_n65_r19_v00_90000.hdf5; Ma_xp_A2000_s047z_n65_r19_v00_90000.hdf5; Ma_xp_A2000_s036z_n65_r20_v00_90000.hdf5,True,True,False,0.02136332967370312,medium,0.15762319562020932,0.1792370966481457,0.14694036945514144
20.0,1.9,0.0,8.6,z,65.0,0.004,none,90000,pair_grid,periapsis_spin_period,"{""mass_log10_kg"": 20.0, ""periapsis_Rm"": 1.1, ""v_inf_kms"": 0.0, ""spin_period_hr"": 3.0, ""spin_axis"": ""z"", ""resolution_value"": ""65"", ""fof_linking_length"": 0.004, ""special_case_code"": ""none"", ""timestep"": ""90000""}",0.06554039331005229,0.10362394252078166,0.06554039331005229,0.12308852758283148,0.026931348636199875,0.05754813427277919,sparse interpolation,0.2697953868334185,0.6540717600914374,0.7617750203943002,5,Ma_xp_A2000_s086z_n65_r20_v00_90000.hdf5; Ma_xp_A2000_s086z_n65_r16_v00_90000.hdf5; Ma_xp_A2000_s047z_n65_r19_v00_90000.hdf5,True,True,False,0.030021298569683767,medium,0.06554039331005229,0.12224290666946125,0.12308852758283148
20.0,1.9,0.0,17.0,z,65.0,0.004,none,90000,pair_grid,periapsis_spin_period,"{""mass_log10_kg"": 20.0, ""periapsis_Rm"": 1.1, ""v_inf_kms"": 0.0, ""spin_period_hr"": 3.0, ""spin_axis"": ""z"", ""resolution_value"": ""65"", ""fof_linking_length"": 0.004, ""special_case_code"": ""none"", ""timestep"": ""90000""}",0.06554039331005229,0.10169512635591231,0.06554039331005229,0.11991115385287261,0.025565507597526408,0.05437076054282032,boundary interpolation,0.2697953868334185,0.83963337128157,1.1176136534855636,2,Ma_xp_A2000_s170z_n65_r20_v00_90000.hdf5; Ma_xp_A2000_s170z_n65_r16_v00_90000.hdf5; Ma_xp_A2000_s170x_n65_r20_v00_90000.hdf5,True,True,False,0.026444295441278288,medium,0.06554039331005229,0.11991115385287261,0.11963383190481203
20.0,2.0,0.0,3.5,z,65.0,0.004,none,90000,pair_grid,periapsis_spin_period,"{""mass_log10_kg"": 20.0, ""periapsis_Rm"": 1.1, ""v_inf_kms"": 0.0, ""spin_period_hr"": 3.0, ""spin_axis"": ""z"", ""resolution_value"": ""65"", ""fof_linking_length"": 0.004, ""special_case_code"": ""none"", ""timestep"": ""90000""}",0.13966863714723068,0.12911526393729958,0.11129845664333572,0.13966863714723068,0.01266977746386289,0.028370180503894962,sparse interpolation,0.022641890588221525,0.1358513435293291,0.21660765565095388,5,Ma_xp_A2000_s036z_n65_r20_v00_90000.hdf5; Ma_xp_A2000_s030z_n65_r20_v00_90000.hdf5; Ma_xp_A2000_s047z_n65_r20_v00_90000.hdf5,True,True,False,0.01819782951178613,medium,0.13966863714723068,0.13637869802133232,0.11129845664333572
20.0,2.2,0.0,3.5,z,65.0,0.004,none,90000,pair_grid,periapsis_spin_period,"{""mass_log10_kg"": 20.0, ""periapsis_Rm"": 1.1, ""v_inf_kms"": 0.0, ""spin_period_hr"": 3.0, ""spin_axis"": ""z"", ""resolution_value"": ""65"", ""fof_linking_length"": 0.004, ""special_case_code"": ""none"", ""timestep"": ""90000""}",0.12416786176442304,0.1096037474176283,0.09228425137980387,0.12416786176442304,0.013161439865176736,0.031883610384619177,sparse interpolation,0.11320945294110757,0.3083259151640283,0.40553110931911257,5,Ma_xp_A2000_s030z_n65_r22_v00_90000.hdf5; Ma_xp_A2000_s047z_n65_r22_v00_90000.hdf5; Ma_xp_A2000_s036z_n65_r20_v00_90000.hdf5,True,True,False,0.01736697307846206,medium,0.12416786176442304,0.11235912910865797,0.09228425137980387
20.0,2.2,0.0,3.6,z,65.0,0.004,none,90000,pair_grid,periapsis_spin_period,"{""mass_log10_kg"": 20.0, ""periapsis_Rm"": 1.1, ""v_inf_kms"": 0.0, ""spin_period_hr"": 3.0, ""spin_axis"": ""z"", ""resolution_value"": ""65"", ""fof_linking_length"": 0.004, ""special_case_code"": ""none"", ""timestep"": ""90000""}",0.12416786176442304,0.10917612565490518,0.09100138609163454,0.12416786176442304,0.013725946485358052,0.033166475672788506,sparse interpolation,0.1358513435293291,0.30816763788886775,0.40747238348628184,5,Ma_xp_A2000_s030z_n65_r22_v00_90000.hdf5; Ma_xp_A2000_s047z_n65_r22_v00_90000.hdf5; Ma_xp_A2000_s036z_n65_r20_v00_90000.hdf5,True,True,False,0.02160931238020725,medium,0.12416786176442304,0.11235912910865797,0.09100138609163454
20.0,2.2,0.0,8.6,z,65.0,0.004,none,90000,pair_grid,periapsis_spin_period,"{""mass_log10_kg"": 20.0, ""periapsis_Rm"": 1.1, ""v_inf_kms"": 0.0, ""spin_period_hr"": 3.0, ""spin_axis"": ""z"", ""resolution_value"": ""65"", ""fof_linking_length"": 0.004, ""special_case_code"": ""none"", ""timestep"": ""90000""}",0.014896739103343565,0.03587857329090261,0.014896739103343565,0.06714954421932456,0.022538687654435483,0.052252805115981,sparse interpolation,0.5395907736668375,0.8191569213491393,0.9275387870330803,5,Ma_xp_A2000_s086z_n65_r20_v00_90000.hdf5; Ma_xp_A2000_s047z_n65_r22_v00_90000.hdf5; Ma_xp_A2000_s047z_n65_r24_v00_90000.hdf5,True,True,True,0.02586580133483341,medium,0.014896739103343565,0.025589436550039712,0.06714954421932456
20.0,2.2,0.0,17.0,z,65.0,0.004,none,90000,pair_grid,periapsis_spin_period,"{""mass_log10_kg"": 20.0, ""periapsis_Rm"": 1.1, ""v_inf_kms"": 0.0, ""spin_period_hr"": 3.0, ""spin_axis"": ""z"", ""resolution_value"": ""65"", ""fof_linking_length"": 0.004, ""special_case_code"": ""none"", ""timestep"": ""90000""}",0.014896739103343565,0.03454075191358528,0.014896739103343565,0.0636948485413051,0.021026097146822274,0.048798109437961534,extrapolation,0.5395907736668375,1.1889684097017021,1.432531684034795,1,Ma_xp_A2000_s170z_n65_r20_v00_90000.hdf5; Ma_xp_A2000_s170x_n65_r20_v00_90000.hdf5; Ma_xp_A2000_s170y_n65_r20_v00_90000.hdf5,True,False,True,0.01945610061667245,low,0.014896739103343565,0.025030668096107177,0.0636948485413051
20.0,2.4,0.0,3.5,z,65.0,0.004,none,90000,pair_grid,periapsis_spin_period,"{""mass_log10_kg"": 20.0, ""periapsis_Rm"": 1.1, ""v_inf_kms"": 0.0, ""spin_period_hr"": 3.0, ""spin_axis"": ""z"", ""resolution_value"": ""65"", ""fof_linking_length"": 0.004, ""special_case_code"": ""none"", ""timestep"": ""90000""}",0.11531418724701142,0.09287427181090369,0.07279462077615267,0.11531418724701142,0.01743858784899507,0.04251956647085875,sparse interpolation,0.11320945294110757,0.3120836801838347,0.4183452290533798,5,Ma_xp_A2000_s030z_n65_r24_v00_90000.hdf5; Ma_xp_A2000_s047z_n65_r24_v00_90000.hdf5; Ma_xp_A2000_s030z_n65_r22_v00_90000.hdf5,True,True,False,0.02208400431958378,medium,0.11531418724701142,0.09051400740954693,0.07279462077615267
20.0,2.4,0.0,3.6,z,65.0,0.004,none,90000,pair_grid,periapsis_spin_period,"{""mass_log10_kg"": 20.0, ""periapsis_Rm"": 1.1, ""v_inf_kms"": 0.0, ""spin_period_hr"": 3.0, ""spin_axis"": ""z"", ""resolution_value"": ""65"", ""fof_linking_length"": 0.004, ""special_case_code"": ""none"", ""timestep"": ""90000""}",0.11531418724701142,0.09244665004818058,0.07151175548798334,0.11531418724701142,0.01793440989973514,0.04380243175902808,sparse interpolation,0.1358513435293291,0.3137805472940561,0.4184137228398173,5,Ma_xp_A2000_s030z_n65_r24_v00_90000.hdf5; Ma_xp_A2000_s047z_n65_r24_v00_90000.hdf5; Ma_xp_A2000_s030z_n65_r22_v00_90000.hdf5,True,True,False,0.025295619571068222,medium,0.11531418724701142,0.09051400740954693,0.07151175548798334
20.0,2.4,0.0,8.6,z,65.0,0.004,none,90000,pair_grid,periapsis_spin_period,"{""mass_log10_kg"": 20.0, ""periapsis_Rm"": 1.1, ""v_inf_kms"": 0.0, ""spin_period_hr"": 3.0, ""spin_axis"": ""z"", ""resolution_value"": ""65"", ""fof_linking_length"": 0.004, ""special_case_code"": ""none"", ""timestep"": ""90000""}",0.0017665989979936425,0.02259363128068918,0.0017665989979936425,0.04765991361567337,0.018974149298518515,0.04589331461767973,sparse interpolation,0.8830337329406387,0.9842420826068409,1.0599707336189201,5,Ma_xp_A2000_s047z_n65_r24_v00_90000.hdf5; Ma_xp_A2000_s047z_n65_r22_v00_90000.hdf5; Ma_xp_A2000_s047z_n65_r26_v00_90000.hdf5,True,True,True,0.0277494108913466,medium,0.0017665989979936425,0.01835438122840052,0.04765991361567337
20.0,2.4,0.0,17.0,z,65.0,0.004,none,90000,pair_grid,periapsis_spin_period,"{""mass_log10_kg"": 20.0, ""periapsis_Rm"": 1.1, ""v_inf_kms"": 0.0, ""spin_period_hr"": 3.0, ""spin_axis"": ""z"", ""resolution_value"": ""65"", ""fof_linking_length"": 0.004, ""special_case_code"": ""none"", ""timestep"": ""90000""}",0.0017665989979936425,0.021278634571959026,0.0017665989979936425,0.044205217937653904,0.0174929213653776,0.042438618939660264,extrapolation,1.0791815473336737,1.5456881733910939,1.796437919540746,1,Ma_xp_A2000_s170z_n65_r20_v00_90000.hdf5; Ma_xp_A2000_s170x_n65_r20_v00_90000.hdf5; Ma_xp_A2000_s170y_n65_r20_v00_90000.hdf5,True,False,True,0.02125154364037338,low,0.0017665989979936425,0.01786408678022954,0.044205217937653904
20.0,2.6,0.0,3.5,z,65.0,0.004,none,90000,pair_grid,periapsis_spin_period,"{""mass_log10_kg"": 20.0, ""periapsis_Rm"": 1.1, ""v_inf_kms"": 0.0, ""spin_period_hr"": 3.0, ""spin_axis"": ""z"", ""resolution_value"": ""65"", ""fof_linking_length"": 0.004, ""special_case_code"": ""none"", ""timestep"": ""90000""}",0.061285100844720684,0.05646259308161611,0.052065929984509304,0.061285100844720684,0.0037757370668618437,0.00921917086021138,sparse interpolation,0.11320945294110757,0.31208368018383476,0.4183452290533799,5,Ma_xp_A2000_s030z_n65_r26_v00_90000.hdf5; Ma_xp_A2000_s047z_n65_r26_v00_90000.hdf5; Ma_xp_A2000_s030z_n65_r28_v00_90000.hdf5,True,True,True,0.02373534427422787,medium,0.061285100844720684,0.056036748415618357,0.052065929984509304
20.0,2.6,0.0,3.6,z,65.0,0.004,none,90000,pair_grid,periapsis_spin_period,"{""mass_log10_kg"": 20.0, ""periapsis_Rm"": 1.1, ""v_inf_kms"": 0.0, ""spin_period_hr"": 3.0, ""spin_axis"": ""z"", ""resolution_value"": ""65"", ""fof_linking_length"": 0.004, ""special_case_code"": ""none"", ""timestep"": ""90000""}",0.061285100844720684,0.05603497131889301,0.05078306469633999,0.061285100844720684,0.004287438488112943,0.010502036148380696,sparse interpolation,0.1358513435293291,0.3137805472940562,0.41841372283981737,5,Ma_xp_A2000_s030z_n65_r26_v00_90000.hdf5; Ma_xp_A2000_s047z_n65_r26_v00_90000.hdf5; Ma_xp_A2000_s030z_n65_r28_v00_90000.hdf5,True,True,True,0.026745271167301497,medium,0.061285100844720684,0.056036748415618357,0.05078306469633999
20.0,2.6,0.0,8.6,z,65.0,0.004,none,90000,pair_grid,periapsis_spin_period,"{""mass_log10_kg"": 20.0, ""periapsis_Rm"": 1.1, ""v_inf_kms"": 0.0, ""spin_period_hr"": 3.0, ""spin_axis"": ""z"", ""resolution_value"": ""65"", ""fof_linking_length"": 0.004, ""special_case_code"": ""none"", ""timestep"": ""90000""}",-0.037824191438341946,0.00026098253487956527,-0.037824191438341946,0.026931222824030016,0.027641049815225385,0.06475541426237197,sparse interpolation,0.8830337329406387,0.9842420826068409,1.1197315895754154,5,Ma_xp_A2000_s047z_n65_r26_v00_90000.hdf5; Ma_xp_A2000_s047z_n65_r28_v00_90000.hdf5; Ma_xp_A2000_s047z_n65_r24_v00_90000.hdf5,True,True,True,0.025237913721076945,medium,-0.037824191438341946,0.011675916218950626,0.026931222824030016
20.0,2.6,0.0,17.0,z,65.0,0.004,none,90000,pair_grid,periapsis_spin_period,"{""mass_log10_kg"": 20.0, ""periapsis_Rm"": 1.1, ""v_inf_kms"": 0.0, ""spin_period_hr"": 3.0, ""spin_axis"": ""z"", ""resolution_value"": ""65"", ""fof_linking_length"": 0.004, ""special_case_code"": ""none"", ""timestep"": ""90000""}",-0.037824191438341946,-0.0010540141738505857,-0.037824191438341946,0.023476527146010548,0.026480194369658087,0.061300718584352494,extrapolation,1.618772321000511,1.9726021835985208,2.222660601664324,0,Ma_xp_A2000_s170z_n65_r20_v00_90000.hdf5; Ma_xp_A2000_s170y_n65_r20_v00_90000.hdf5; Ma_xp_A2000_s170x_n65_r20_v00_90000.hdf5,True,False,True,0.02055201478737477,low,-0.037824191438341946,0.01118562177077964,0.023476527146010548
20.0,2.8,0.0,3.5,z,65.0,0.004,none,90000,pair_grid,periapsis_spin_period,"{""mass_log10_kg"": 20.0, ""periapsis_Rm"": 1.1, ""v_inf_kms"": 0.0, ""spin_period_hr"": 3.0, ""spin_axis"": ""z"", ""resolution_value"": ""65"", ""fof_linking_length"": 0.004, ""special_case_code"": ""none"", ""timestep"": ""90000""}",0.019933347366122532,0.029110709529096977,0.019933347366122532,0.04143025623737271,0.009052965095932432,0.021496908871250178,sparse interpolation,0.11320945294110757,0.31208368018383476,0.4183452290533799,5,Ma_xp_A2000_s030z_n65_r28_v00_90000.hdf5; Ma_xp_A2000_s047z_n65_r28_v00_90000.hdf5; Ma_xp_A2000_s030z_n65_r26_v00_90000.hdf5,True,True,True,0.01821664259973139,medium,0.019933347366122532,0.04143025623737271,0.02596852498379569
20.0,2.8,0.0,3.6,z,65.0,0.004,none,90000,pair_grid,periapsis_spin_period,"{""mass_log10_kg"": 20.0, ""periapsis_Rm"": 1.1, ""v_inf_kms"": 0.0, ""spin_period_hr"": 3.0, ""spin_axis"": ""z"", ""resolution_value"": ""65"", ""fof_linking_length"": 0.004, ""special_case_code"": ""none"", ""timestep"": ""90000""}",0.019933347366122532,0.028683087766373874,0.019933347366122532,0.04143025623737271,0.009220045051961829,0.021496908871250178,sparse interpolation,0.1358513435293291,0.3137805472940562,0.41841372283981737,5,Ma_xp_A2000_s030z_n65_r28_v00_90000.hdf5; Ma_xp_A2000_s047z_n65_r28_v00_90000.hdf5; Ma_xp_A2000_s030z_n65_r26_v00_90000.hdf5,True,True,True,0.020976906846915864,medium,0.019933347366122532,0.04143025623737271,0.024685659695626375
20.0,2.8,0.0,8.6,z,65.0,0.004,none,90000,pair_grid,periapsis_spin_period,"{""mass_log10_kg"": 20.0, ""periapsis_Rm"": 1.1, ""v_inf_kms"": 0.0, ""spin_period_hr"": 3.0, ""spin_axis"": ""z"", ""resolution_value"": ""65"", ""fof_linking_length"": 0.004, ""special_case_code"": ""none"", ""timestep"": ""90000""}",-0.06646525967819926,-0.019608115064433718,-0.06646525967819926,0.006807096661581719,0.03322262297528016,0.07327235633978098,extrapolation,0.8830337329406387,0.9842420826068409,1.1197315895754154,5,Ma_xp_A2000_s047z_n65_r28_v00_90000.hdf5; Ma_xp_A2000_s047z_n65_r26_v00_90000.hdf5; Ma_xp_A2000_s047z_n65_r30_v00_90000.hdf5,True,False,False,0.022442553407915605,low,-0.06646525967819926,0.006807096661581719,0.0008338178233163879
20.0,2.8,0.0,17.0,z,65.0,0.004,none,90000,pair_grid,periapsis_spin_period,"{""mass_log10_kg"": 20.0, ""periapsis_Rm"": 1.1, ""v_inf_kms"": 0.0, ""spin_period_hr"": 3.0, ""spin_axis"": ""z"", ""resolution_value"": ""65"", ""fof_linking_length"": 0.004, ""special_case_code"": ""none"", ""timestep"": ""90000""}",-0.06646525967819926,-0.02080966700747267,-0.06646525967819926,0.006657136510484331,0.032504822659892935,0.07312239618868359,extrapolation,2.1583630946673473,2.439729697945104,2.5881772098897775,0,Ma_xp_A2000_s170z_n65_r20_v00_90000.hdf5; Ma_xp_A2000_s170x_n65_r20_v00_90000.hdf5; Ma_xp_A2000_s170y_n65_r20_v00_90000.hdf5,True,False,False,0.01798476538785254,low,-0.06646525967819926,0.006657136510484331,-0.0026208778547030798
20.0,3.0,0.0,3.5,z,65.0,0.004,none,90000,pair_grid,periapsis_spin_period,"{""mass_log10_kg"": 20.0, ""periapsis_Rm"": 1.1, ""v_inf_kms"": 0.0, ""spin_period_hr"": 3.0, ""spin_axis"": ""z"", ""resolution_value"": ""65"", ""fof_linking_length"": 0.004, ""special_case_code"": ""none"", ""timestep"": ""90000""}",0.019933347366122532,0.023513808745660336,0.00950179842986458,0.041106280440993896,0.013148525863272543,0.031604482011129316,boundary interpolation,0.11320945294110757,0.3120836801838351,0.5250981108479051,5,Ma_xp_A2000_s030z_n65_r30_v00_90000.hdf5; Ma_xp_A2000_s047z_n65_r30_v00_90000.hdf5; Ma_xp_A2000_s030z_n65_r28_v00_90000.hdf5,True,True,True,0.015471995550368201,medium,0.019933347366122532,0.041106280440993896,0.00950179842986458
20.0,3.0,0.0,3.6,z,65.0,0.004,none,90000,pair_grid,periapsis_spin_period,"{""mass_log10_kg"": 20.0, ""periapsis_Rm"": 1.1, ""v_inf_kms"": 0.0, ""spin_period_hr"": 3.0, ""spin_axis"": ""z"", ""resolution_value"": ""65"", ""fof_linking_length"": 0.004, ""special_case_code"": ""none"", ""timestep"": ""90000""}",0.019933347366122532,0.023086186982937223,0.008218933141695237,0.041106280440993896,0.013610037994881788,0.03288734729929866,boundary interpolation,0.1358513435293291,0.3137805472940564,0.5246675567322034,5,Ma_xp_A2000_s030z_n65_r30_v00_90000.hdf5; Ma_xp_A2000_s047z_n65_r30_v00_90000.hdf5; Ma_xp_A2000_s030z_n65_r28_v00_90000.hdf5,True,True,True,0.018288763330815486,medium,0.019933347366122532,0.041106280440993896,0.008218933141695237
20.0,3.0,0.0,8.6,z,65.0,0.004,none,90000,pair_grid,periapsis_spin_period,"{""mass_log10_kg"": 20.0, ""periapsis_Rm"": 1.1, ""v_inf_kms"": 0.0, ""spin_period_hr"": 3.0, ""spin_axis"": ""z"", ""resolution_value"": ""65"", ""fof_linking_length"": 0.004, ""special_case_code"": ""none"", ""timestep"": ""90000""}",-0.06646525967819926,-0.025137520890291438,-0.06646525967819926,0.006685605737939662,0.0306106247024561,0.07315086541613892,extrapolation,0.8830337329406387,1.0619419544403284,1.191644491379213,5,Ma_xp_A2000_s047z_n65_r30_v00_90000.hdf5; Ma_xp_A2000_s047z_n65_r28_v00_90000.hdf5; Ma_xp_A2000_s030z_n65_r30_v00_90000.hdf5,True,False,False,0.02289189119541959,low,-0.06646525967819926,0.006685605737939662,-0.015632908730614722
20.0,3.0,0.0,17.0,z,65.0,0.004,none,90000,pair_grid,periapsis_spin_period,"{""mass_log10_kg"": 20.0, ""periapsis_Rm"": 1.1, ""v_inf_kms"": 0.0, ""spin_period_hr"": 3.0, ""spin_axis"": ""z"", ""resolution_value"": ""65"", ""fof_linking_length"": 0.004, ""special_case_code"": ""none"", ""timestep"": ""90000""}",-0.06646525967819926,-0.026339072833330392,-0.06646525967819926,0.006535645586842273,0.030240380157604572,0.07300090526504154,extrapolation,2.6979538683341846,2.7732169413159204,2.870504962584559,0,Ma_xp_A2000_s170z_n65_r20_v00_90000.hdf5; Ma_xp_A2000_s047z_n65_r30_v00_90000.hdf5; Ma_xp_A2000_s047z_n65_r28_v00_90000.hdf5,True,False,False,0.017449037882176117,low,-0.06646525967819926,0.006535645586842273,-0.01908760440863419
18.75,1.2,0.0,,none,65.0,0.002,none,90000,one_parameter_sweep,,"{""periapsis_Rm"": 1.2, ""v_inf_kms"": 0.0, ""spin_period_hr"": NaN, ""spin_axis"": ""none"", ""resolution_value"": ""65"", ""fof_linking_length"": 0.002, ""special_case_code"": ""none"", ""timestep"": ""90000""}",0.010241396040311714,0.010241396040311714,0.010241396040311714,0.010241396040311714,0.0,0.0,sparse interpolation,0.5019479649292553,0.5913002679986595,0.6792700281333597,5,Ma_xp_A1900_n65_r12_v00_90000.hdf5; Ma_xp_A1900_n65_r13_v00_90000.hdf5; Ma_xp_A1900_n65_r12_v02_90000.hdf5,True,True,False,0.007918347141699552,medium,0.010241396040311714,0.010241396040311714,0.010241396040311714
19.0,1.2,0.0,,none,65.0,0.002,none,90000,one_parameter_sweep,,"{""periapsis_Rm"": 1.2, ""v_inf_kms"": 0.0, ""spin_period_hr"": NaN, ""spin_axis"": ""none"", ""resolution_value"": ""65"", ""fof_linking_length"": 0.002, ""special_case_code"": ""none"", ""timestep"": ""90000""}",0.010241396040311714,0.010241396040311714,0.010241396040311714,0.010241396040311714,0.0,0.0,boundary interpolation,0.0,0.25356468345231387,0.4059527770648142,5,Ma_xp_A1900_n65_r12_v00_90000.hdf5; Ma_xp_A1900_n65_r13_v00_90000.hdf5; Ma_xp_A1900_n65_r12_v02_90000.hdf5,True,True,False,0.019474064966464588,medium,0.010241396040311714,0.010241396040311714,0.010241396040311714
19.25,1.2,0.0,,none,65.0,0.002,none,90000,one_parameter_sweep,,"{""periapsis_Rm"": 1.2, ""v_inf_kms"": 0.0, ""spin_period_hr"": NaN, ""spin_axis"": ""none"", ""resolution_value"": ""65"", ""fof_linking_length"": 0.002, ""special_case_code"": ""none"", ""timestep"": ""90000""}",0.010241396040311714,0.010241396040311714,0.010241396040311714,0.010241396040311714,0.0,0.0,sparse interpolation,0.5019479649292551,0.5245855704415544,0.602561743054884,5,Ma_xp_A1950_n65_r12_v00_90000.hdf5; Ma_xp_A1900_n65_r12_v00_90000.hdf5; Ma_xp_A1900_n65_r13_v00_90000.hdf5,True,True,False,0.019474064966464588,medium,0.010241396040311714,0.010241396040311714,0.010241396040311714
19.5,1.2,0.0,,none,65.0,0.002,none,90000,one_parameter_sweep,,"{""periapsis_Rm"": 1.2, ""v_inf_kms"": 0.0, ""spin_period_hr"": NaN, ""spin_axis"": ""none"", ""resolution_value"": ""65"", ""fof_linking_length"": 0.002, ""special_case_code"": ""none"", ""timestep"": ""90000""}",0.06873595474135437,0.06873595474135437,0.06873595474135437,0.06873595474135437,0.0,0.0,sparse interpolation,0.0,0.6692639532390069,0.8173653634657839,5,Ma_xp_A1950_n65_r12_v00_90000.hdf5; Ma_xp_A1900_n65_r12_v00_90000.hdf5; Ma_xp_A2000_n65_r12_v00_90000.hdf5,True,True,True,0.04669784158452285,medium,0.06873595474135437,0.06873595474135437,0.06873595474135437
19.75,1.2,0.0,,none,65.0,0.002,none,90000,one_parameter_sweep,,"{""periapsis_Rm"": 1.2, ""v_inf_kms"": 0.0, ""spin_period_hr"": NaN, ""spin_axis"": ""none"", ""resolution_value"": ""65"", ""fof_linking_length"": 0.002, ""special_case_code"": ""none"", ""timestep"": ""90000""}",0.06873595474135437,0.06873595474135437,0.06873595474135437,0.06873595474135437,0.0,0.0,sparse interpolation,0.5019479649292552,0.5245855704415544,0.5691419100782772,5,Ma_xp_A1950_n65_r12_v00_90000.hdf5; Ma_xp_A2000_n65_r12_v00_90000.hdf5; Ma_xp_A2000_n65_r11_v00_90000.hdf5,True,True,True,0.04122965599219848,medium,0.06873595474135437,0.06873595474135437,0.06873595474135437
20.0,1.2,0.0,,none,65.0,0.002,none,90000,one_parameter_sweep,,"{""periapsis_Rm"": 1.2, ""v_inf_kms"": 0.0, ""spin_period_hr"": NaN, ""spin_axis"": ""none"", ""resolution_value"": ""65"", ""fof_linking_length"": 0.002, ""special_case_code"": ""none"", ""timestep"": ""90000""}",0.1954370526699664,0.1954370526699664,0.1954370526699664,0.1954370526699664,0.0,0.0,boundary interpolation,0.0,0.17986359122227893,0.3140160421714393,5,Ma_xp_A2000_n65_r12_v00_90000.hdf5; Ma_xp_A2000_n65_r11_v00_90000.hdf5; Ma_xp_A2000_n65_r13_v00_90000.hdf5,True,True,False,0.04554433798304237,medium,0.1954370526699664,0.1954370526699664,0.1954370526699664
20.25,1.2,0.0,,none,65.0,0.002,none,90000,one_parameter_sweep,,"{""periapsis_Rm"": 1.2, ""v_inf_kms"": 0.0, ""spin_period_hr"": NaN, ""spin_axis"": ""none"", ""resolution_value"": ""65"", ""fof_linking_length"": 0.002, ""special_case_code"": ""none"", ""timestep"": ""90000""}",0.2129528255909941,0.21295282559099413,0.2129528255909941,0.2129528255909941,2.7755575615628914e-17,0.0,sparse interpolation,0.5019479649292551,0.5472231759538536,0.6161443063622635,5,Ma_xp_A2000_n65_r12_v00_90000.hdf5; Ma_xp_A2000_n65_r11_v00_90000.hdf5; Ma_xp_A2000_n65_r13_v00_90000.hdf5,True,True,False,0.015095224964416079,medium,0.2129528255909941,0.2129528255909941,0.2129528255909941
20.0,1.0500000000000003,0.0,4.7,z,65.0,0.004,none,90000,one_parameter_sweep,,"{""mass_log10_kg"": 20.0, ""v_inf_kms"": 0.0, ""spin_period_hr"": 4.7, ""spin_axis"": ""z"", ""resolution_value"": ""65"", ""fof_linking_length"": 0.004, ""special_case_code"": ""none"", ""timestep"": ""90000""}",0.22872853446883917,0.22872853446883915,0.22872853446883917,0.22872853446883917,2.7755575615628914e-17,0.0,extrapolation,0.13489769341670876,0.3158189528542608,0.39623191774899424,5,Ma_xp_A2000_s047z_n65_r11_v00_90000.hdf5; Ma_xp_A2000_s047z_n65_r12_v00_90000.hdf5; Ma_xp_A2000_s030z_n65_r11_v00_90000.hdf5,False,False,False,0.03649075600468286,low,0.22872853446883917,0.22872853446883917,0.22872853446883917
20.0,1.15,0.0,4.7,z,65.0,0.004,none,90000,one_parameter_sweep,,"{""mass_log10_kg"": 20.0, ""v_inf_kms"": 0.0, ""spin_period_hr"": 4.7, ""spin_axis"": ""z"", ""resolution_value"": ""65"", ""fof_linking_length"": 0.004, ""special_case_code"": ""none"", ""timestep"": ""90000""}",0.2643256346198763,0.2643256346198763,0.2643256346198763,0.2643256346198763,0.0,0.0,sparse interpolation,0.13489769341670876,0.18434734754785795,0.2731202415579297,5,Ma_xp_A2000_s047z_n65_r11_v00_90000.hdf5; Ma_xp_A2000_s047z_n65_r12_v00_90000.hdf5; Ma_xp_A2000_s036z_n65_r12_v00_90000.hdf5,True,True,False,0.04283271746506079,medium,0.2643256346198763,0.2643256346198763,0.2643256346198763
20.0,1.25,0.0,4.7,z,65.0,0.004,none,90000,one_parameter_sweep,,"{""mass_log10_kg"": 20.0, ""v_inf_kms"": 0.0, ""spin_period_hr"": 4.7, ""spin_axis"": ""z"", ""resolution_value"": ""65"", ""fof_linking_length"": 0.004, ""special_case_code"": ""none"", ""timestep"": ""90000""}",0.26116541287424117,0.26116541287424117,0.26116541287424117,0.26116541287424117,0.0,0.0,sparse interpolation,0.13489769341670932,0.1843473475478581,0.27248564062876585,5,Ma_xp_A2000_s047z_n65_r13_v00_90000.hdf5; Ma_xp_A2000_s047z_n65_r12_v00_90000.hdf5; Ma_xp_A2000_s036z_n65_r12_v00_90000.hdf5,True,True,False,0.04221295444634542,medium,0.26116541287424117,0.26116541287424117,0.26116541287424117
20.0,1.35,0.0,4.7,z,65.0,0.004,none,90000,one_parameter_sweep,,"{""mass_log10_kg"": 20.0, ""v_inf_kms"": 0.0, ""spin_period_hr"": 4.7, ""spin_axis"": ""z"", ""resolution_value"": ""65"", ""fof_linking_length"": 0.004, ""special_case_code"": ""none"", ""timestep"": ""90000""}",0.2558761850316957,0.2558761850316957,0.2558761850316957,0.2558761850316957,0.0,0.0,sparse interpolation,0.13489769341670876,0.22482948902784852,0.29740952644592406,5,Ma_xp_A2000_s047z_n65_r14_v00_90000.hdf5; Ma_xp_A2000_s047z_n65_r13_v00_90000.hdf5; Ma_xp_A2000_s047z_n65_r15_v00_90000.hdf5,True,True,False,0.04186087513918238,medium,0.2558761850316957,0.2558761850316957,0.2558761850316957
20.0,1.45,0.0,4.7,z,65.0,0.004,none,90000,one_parameter_sweep,,"{""mass_log10_kg"": 20.0, ""v_inf_kms"": 0.0, ""spin_period_hr"": 4.7, ""spin_axis"": ""z"", ""resolution_value"": ""65"", ""fof_linking_length"": 0.004, ""special_case_code"": ""none"", ""timestep"": ""90000""}",0.25061758159989755,0.25061758159989755,0.25061758159989755,0.25061758159989755,0.0,0.0,sparse interpolation,0.13489769341670935,0.22482948902784874,0.2974095264459242,5,Ma_xp_A2000_s047z_n65_r15_v00_90000.hdf5; Ma_xp_A2000_s047z_n65_r14_v00_90000.hdf5; Ma_xp_A2000_s047z_n65_r13_v00_90000.hdf5,True,True,False,0.04210012924726044,medium,0.25061758159989755,0.25061758159989755,0.25061758159989755
20.0,1.55,0.0,4.7,z,65.0,0.004,none,90000,one_parameter_sweep,,"{""mass_log10_kg"": 20.0, ""v_inf_kms"": 0.0, ""spin_period_hr"": 4.7, ""spin_axis"": ""z"", ""resolution_value"": ""65"", ""fof_linking_length"": 0.004, ""special_case_code"": ""none"", ""timestep"": ""90000""}",0.25061758159989755,0.25061758159989755,0.25061758159989755,0.25061758159989755,0.0,0.0,sparse interpolation,0.13489769341670932,0.1843473475478581,0.27248564062876596,5,Ma_xp_A2000_s047z_n65_r15_v00_90000.hdf5; Ma_xp_A2000_s047z_n65_r16_v00_90000.hdf5; Ma_xp_A2000_s036z_n65_r16_v00_90000.hdf5,True,True,False,0.04210894401447664,medium,0.25061758159989755,0.25061758159989755,0.25061758159989755
20.0,1.65,0.0,4.7,z,65.0,0.004,none,90000,one_parameter_sweep,,"{""mass_log10_kg"": 20.0, ""v_inf_kms"": 0.0, ""spin_period_hr"": 4.7, ""spin_axis"": ""z"", ""resolution_value"": ""65"", ""fof_linking_length"": 0.004, ""special_case_code"": ""none"", ""timestep"": ""90000""}",0.2317438276955089,0.2317438276955089,0.2317438276955089,0.2317438276955089,0.0,0.0,sparse interpolation,0.13489769341670874,0.18434734754785778,0.2724856406287658,5,Ma_xp_A2000_s047z_n65_r16_v00_90000.hdf5; Ma_xp_A2000_s047z_n65_r17_v00_90000.hdf5; Ma_xp_A2000_s036z_n65_r16_v00_90000.hdf5,True,True,False,0.0452526145928362,medium,0.2317438276955089,0.2317438276955089,0.2317438276955089
20.0,1.75,0.0,4.7,z,65.0,0.004,none,90000,one_parameter_sweep,,"{""mass_log10_kg"": 20.0, ""v_inf_kms"": 0.0, ""spin_period_hr"": 4.7, ""spin_axis"": ""z"", ""resolution_value"": ""65"", ""fof_linking_length"": 0.004, ""special_case_code"": ""none"", ""timestep"": ""90000""}",0.17744861766948308,0.17744861766948308,0.17744861766948308,0.17744861766948308,0.0,0.0,sparse interpolation,0.13489769341670926,0.2248294890278487,0.29740952644592406,5,Ma_xp_A2000_s047z_n65_r18_v00_90000.hdf5; Ma_xp_A2000_s047z_n65_r17_v00_90000.hdf5; Ma_xp_A2000_s047z_n65_r19_v00_90000.hdf5,True,True,False,0.034815705605287524,medium,0.17744861766948308,0.17744861766948308,0.17744861766948308
20.0,1.85,0.0,4.7,z,65.0,0.004,none,90000,one_parameter_sweep,,"{""mass_log10_kg"": 20.0, ""v_inf_kms"": 0.0, ""spin_period_hr"": 4.7, ""spin_axis"": ""z"", ""resolution_value"": ""65"", ""fof_linking_length"": 0.004, ""special_case_code"": ""none"", ""timestep"": ""90000""}",0.11993076376627919,0.11993076376627919,0.11993076376627919,0.11993076376627919,0.0,0.0,sparse interpolation,0.13489769341670876,0.2248294890278485,0.29740952644592406,5,Ma_xp_A2000_s047z_n65_r19_v00_90000.hdf5; Ma_xp_A2000_s047z_n65_r18_v00_90000.hdf5; Ma_xp_A2000_s047z_n65_r20_v00_90000.hdf5,True,True,False,0.027152765794086542,medium,0.11993076376627919,0.11993076376627919,0.11993076376627919
20.0,1.95,0.0,4.7,z,65.0,0.004,none,90000,one_parameter_sweep,,"{""mass_log10_kg"": 20.0, ""v_inf_kms"": 0.0, ""spin_period_hr"": 4.7, ""spin_axis"": ""z"", ""resolution_value"": ""65"", ""fof_linking_length"": 0.004, ""special_case_code"": ""none"", ""timestep"": ""90000""}",0.10070423622791348,0.10070423622791348,0.10070423622791348,0.10070423622791348,0.0,0.0,sparse interpolation,0.1348976934167092,0.184347347547858,0.2731202415579297,5,Ma_xp_A2000_s047z_n65_r20_v00_90000.hdf5; Ma_xp_A2000_s047z_n65_r19_v00_90000.hdf5; Ma_xp_A2000_s036z_n65_r20_v00_90000.hdf5,True,True,False,0.029400891867496132,medium,0.10070423622791348,0.10070423622791348,0.10070423622791348
20.0,2.1,0.0,4.7,z,65.0,0.004,none,90000,one_parameter_sweep,,"{""mass_log10_kg"": 20.0, ""v_inf_kms"": 0.0, ""spin_period_hr"": 4.7, ""spin_axis"": ""z"", ""resolution_value"": ""65"", ""fof_linking_length"": 0.004, ""special_case_code"": ""none"", ""timestep"": ""90000""}",0.08296264291440282,0.08296264291440282,0.08296264291440282,0.08296264291440282,0.0,0.0,sparse interpolation,0.26979538683341864,0.30225677871201667,0.36937402628509014,5,Ma_xp_A2000_s047z_n65_r22_v00_90000.hdf5; Ma_xp_A2000_s047z_n65_r20_v00_90000.hdf5; Ma_xp_A2000_s036z_n65_r20_v00_90000.hdf5,True,True,False,0.029787607470591487,medium,0.08296264291440282,0.08296264291440282,0.08296264291440282
20.0,2.3,0.0,4.7,z,65.0,0.004,none,90000,one_parameter_sweep,,"{""mass_log10_kg"": 20.0, ""v_inf_kms"": 0.0, ""spin_period_hr"": 4.7, ""spin_axis"": ""z"", ""resolution_value"": ""65"", ""fof_linking_length"": 0.004, ""special_case_code"": ""none"", ""timestep"": ""90000""}",0.07469171415659741,0.07469171415659741,0.07469171415659741,0.07469171415659741,0.0,0.0,sparse interpolation,0.2697953868334175,0.3365468904371786,0.45781534589129824,5,Ma_xp_A2000_s047z_n65_r22_v00_90000.hdf5; Ma_xp_A2000_s047z_n65_r24_v00_90000.hdf5; Ma_xp_A2000_s030z_n65_r22_v00_90000.hdf5,True,True,True,0.029129414948768053,medium,0.07469171415659741,0.07469171415659741,0.07469171415659741
20.0,2.5,0.0,4.7,z,65.0,0.004,none,90000,one_parameter_sweep,,"{""mass_log10_kg"": 20.0, ""v_inf_kms"": 0.0, ""spin_period_hr"": 4.7, ""spin_axis"": ""z"", ""resolution_value"": ""65"", ""fof_linking_length"": 0.004, ""special_case_code"": ""none"", ""timestep"": ""90000""}",0.0441428721596793,0.0441428721596793,0.0441428721596793,0.0441428721596793,0.0,0.0,sparse interpolation,0.2697953868334184,0.33654689043717917,0.45781534589129863,5,Ma_xp_A2000_s047z_n65_r26_v00_90000.hdf5; Ma_xp_A2000_s047z_n65_r24_v00_90000.hdf5; Ma_xp_A2000_s030z_n65_r26_v00_90000.hdf5,True,True,True,0.029322452749941733,medium,0.0441428721596793,0.0441428721596793,0.0441428721596793
20.0,2.7,0.0,4.7,z,65.0,0.004,none,90000,one_parameter_sweep,,"{""mass_log10_kg"": 20.0, ""v_inf_kms"": 0.0, ""spin_period_hr"": 4.7, ""spin_axis"": ""z"", ""resolution_value"": ""65"", ""fof_linking_length"": 0.004, ""special_case_code"": ""none"", ""timestep"": ""90000""}",0.000519260458926429,0.000519260458926429,0.000519260458926429,0.000519260458926429,0.0,0.0,sparse interpolation,0.2697953868334175,0.33654689043717867,0.45781534589129824,5,Ma_xp_A2000_s047z_n65_r28_v00_90000.hdf5; Ma_xp_A2000_s047z_n65_r26_v00_90000.hdf5; Ma_xp_A2000_s030z_n65_r28_v00_90000.hdf5,True,True,False,0.027307127938529754,medium,0.000519260458926429,0.000519260458926429,0.000519260458926429
20.0,2.9,0.0,4.7,z,65.0,0.004,none,90000,one_parameter_sweep,,"{""mass_log10_kg"": 20.0, ""v_inf_kms"": 0.0, ""spin_period_hr"": 4.7, ""spin_axis"": ""z"", ""resolution_value"": ""65"", ""fof_linking_length"": 0.004, ""special_case_code"": ""none"", ""timestep"": ""90000""}",-0.00855324120223472,-0.00855324120223472,-0.00855324120223472,-0.00855324120223472,0.0,0.0,sparse interpolation,0.2697953868334184,0.33654689043717917,0.45781534589129863,5,Ma_xp_A2000_s047z_n65_r28_v00_90000.hdf5; Ma_xp_A2000_s047z_n65_r30_v00_90000.hdf5; Ma_xp_A2000_s030z_n65_r28_v00_90000.hdf5,True,True,False,0.025434170429830136,medium,-0.00855324120223472,-0.00855324120223472,-0.00855324120223472
20.0,3.05,0.0,4.7,z,65.0,0.004,none,90000,one_parameter_sweep,,"{""mass_log10_kg"": 20.0, ""v_inf_kms"": 0.0, ""spin_period_hr"": 4.7, ""spin_axis"": ""z"", ""resolution_value"": ""65"", ""fof_linking_length"": 0.004, ""special_case_code"": ""none"", ""timestep"": ""90000""}",-0.00855324120223472,-0.00855324120223472,-0.00855324120223472,-0.00855324120223472,0.0,0.0,extrapolation,0.13489769341670854,0.4057507484654003,0.6415842997593403,5,Ma_xp_A2000_s047z_n65_r30_v00_90000.hdf5; Ma_xp_A2000_s030z_n65_r30_v00_90000.hdf5; Ma_xp_A2000_s047z_n65_r28_v00_90000.hdf5,False,False,False,0.026670904116403524,low,-0.00855324120223472,-0.00855324120223472,-0.00855324120223472
20.0,1.2,-0.1,3.0,z,65.0,0.004,none,90000,one_parameter_sweep,,"{""mass_log10_kg"": 20.0, ""periapsis_Rm"": 1.2, ""spin_period_hr"": 3.0, ""spin_axis"": ""z"", ""resolution_value"": ""65"", ""fof_linking_length"": 0.004, ""special_case_code"": ""none"", ""timestep"": ""90000""}",0.10118969709760546,0.10118969709760546,0.10118969709760546,0.10118969709760546,0.0,0.0,extrapolation,0.24544933176176142,0.296908593256808,0.3423953577795663,5,Ma_xp_A2000_s030z_n65_r12_v00_90000.hdf5; Ma_xp_A2000_s036z_n65_r12_v00_90000.hdf5; Ma_xp_A2000_s030z_n65_r11_v00_90000.hdf5,False,False,False,0.05451069982503295,low,0.10118969709760546,0.10118969709760546,0.10118969709760546
20.0,1.2,0.1,3.0,z,65.0,0.004,none,90000,one_parameter_sweep,,"{""mass_log10_kg"": 20.0, ""periapsis_Rm"": 1.2, ""spin_period_hr"": 3.0, ""spin_axis"": ""z"", ""resolution_value"": ""65"", ""fof_linking_length"": 0.004, ""special_case_code"": ""none"", ""timestep"": ""90000""}",0.27566058675771515,0.27566058675771515,0.27566058675771515,0.27566058675771515,0.0,0.0,sparse interpolation,0.24544933176176148,0.25714519362734645,0.30018292843646643,5,Ma_xp_A2000_s030z_n65_r12_v00_90000.hdf5; Ma_xp_A2000_s030z_n65_r12_v02_90000.hdf5; Ma_xp_A2000_s036z_n65_r12_v00_90000.hdf5,True,True,False,0.041233855758584355,medium,0.27566058675771515,0.27566058675771515,0.27566058675771515
20.0,1.2,0.3,3.0,z,65.0,0.004,none,90000,one_parameter_sweep,,"{""mass_log10_kg"": 20.0, ""periapsis_Rm"": 1.2, ""spin_period_hr"": 3.0, ""spin_axis"": ""z"", ""resolution_value"": ""65"", ""fof_linking_length"": 0.004, ""special_case_code"": ""none"", ""timestep"": ""90000""}",0.2519671382543037,0.2519671382543037,0.2519671382543037,0.2519671382543037,0.0,0.0,sparse interpolation,0.24544933176176142,0.31580338066692787,0.42805392315266577,5,Ma_xp_A2000_s030z_n65_r12_v02_90000.hdf5; Ma_xp_A2000_s030z_n65_r12_v04_90000.hdf5; Ma_xp_A2000_s047z_n65_r12_v02_90000.hdf5,True,True,False,0.04417067088958544,medium,0.2519671382543037,0.2519671382543037,0.2519671382543037
20.0,1.2,0.5,3.0,z,65.0,0.004,none,90000,one_parameter_sweep,,"{""mass_log10_kg"": 20.0, ""periapsis_Rm"": 1.2, ""spin_period_hr"": 3.0, ""spin_axis"": ""z"", ""resolution_value"": ""65"", ""fof_linking_length"": 0.004, ""special_case_code"": ""none"", ""timestep"": ""90000""}",0.19896844070370942,0.19896844070370942,0.19896844070370942,0.19896844070370942,0.0,0.0,sparse interpolation,0.24544933176176142,0.31580338066692787,0.4280539231526658,5,Ma_xp_A2000_s030z_n65_r12_v06_90000.hdf5; Ma_xp_A2000_s030z_n65_r12_v04_90000.hdf5; Ma_xp_A2000_s047z_n65_r12_v06_90000.hdf5,True,True,False,0.035231680917722975,medium,0.19896844070370942,0.19896844070370942,0.19896844070370942
20.0,1.2,0.7,3.0,z,65.0,0.004,none,90000,one_parameter_sweep,,"{""mass_log10_kg"": 20.0, ""periapsis_Rm"": 1.2, ""spin_period_hr"": 3.0, ""spin_axis"": ""z"", ""resolution_value"": ""65"", ""fof_linking_length"": 0.004, ""special_case_code"": ""none"", ""timestep"": ""90000""}",0.13762919874978477,0.13762919874978477,0.13762919874978477,0.13762919874978477,0.0,0.0,sparse interpolation,0.24544933176176142,0.3158033806669279,0.42805392315266577,5,Ma_xp_A2000_s030z_n65_r12_v06_90000.hdf5; Ma_xp_A2000_s030z_n65_r12_v08_90000.hdf5; Ma_xp_A2000_s047z_n65_r12_v06_90000.hdf5,True,True,False,0.023544578668128445,medium,0.13762919874978477,0.13762919874978477,0.13762919874978477
20.0,1.2,0.9,3.0,z,65.0,0.004,none,90000,one_parameter_sweep,,"{""mass_log10_kg"": 20.0, ""periapsis_Rm"": 1.2, ""spin_period_hr"": 3.0, ""spin_axis"": ""z"", ""resolution_value"": ""65"", ""fof_linking_length"": 0.004, ""special_case_code"": ""none"", ""timestep"": ""90000""}",0.07908333822347435,0.07908333822347435,0.07908333822347435,0.07908333822347435,0.0,0.0,sparse interpolation,0.24544933176176142,0.31580338066692787,0.42805392315266577,5,Ma_xp_A2000_s030z_n65_r12_v08_90000.hdf5; Ma_xp_A2000_s030z_n65_r12_v10_90000.hdf5; Ma_xp_A2000_s047z_n65_r12_v10_90000.hdf5,True,True,True,0.021146377435842446,medium,0.07908333822347435,0.07908333822347435,0.07908333822347435
20.0,1.2,1.1,3.0,z,65.0,0.004,none,90000,one_parameter_sweep,,"{""mass_log10_kg"": 20.0, ""periapsis_Rm"": 1.2, ""spin_period_hr"": 3.0, ""spin_axis"": ""z"", ""resolution_value"": ""65"", ""fof_linking_length"": 0.004, ""special_case_code"": ""none"", ""timestep"": ""90000""}",0.025534337628685518,0.02553433762868552,0.025534337628685518,0.025534337628685518,3.469446951953614e-18,0.0,sparse interpolation,0.24544933176176142,0.3158033806669279,0.42805392315266577,5,Ma_xp_A2000_s030z_n65_r12_v12_90000.hdf5; Ma_xp_A2000_s030z_n65_r12_v10_90000.hdf5; Ma_xp_A2000_s047z_n65_r12_v12_90000.hdf5,True,True,True,0.014931498398318645,medium,0.025534337628685518,0.025534337628685518,0.025534337628685518
20.0,1.2,1.3,3.0,z,65.0,0.004,none,90000,one_parameter_sweep,,"{""mass_log10_kg"": 20.0, ""periapsis_Rm"": 1.2, ""spin_period_hr"": 3.0, ""spin_axis"": ""z"", ""resolution_value"": ""65"", ""fof_linking_length"": 0.004, ""special_case_code"": ""none"", ""timestep"": ""90000""}",0.026176063500246673,0.026176063500246673,0.026176063500246673,0.026176063500246673,0.0,0.0,sparse interpolation,0.24544933176176142,0.31580338066692787,0.42805392315266577,5,Ma_xp_A2000_s030z_n65_r12_v14_90000.hdf5; Ma_xp_A2000_s030z_n65_r12_v12_90000.hdf5; Ma_xp_A2000_s047z_n65_r12_v12_90000.hdf5,True,True,True,0.015190337863357923,medium,0.026176063500246673,0.026176063500246673,0.026176063500246673
20.0,1.2,1.5,3.0,z,65.0,0.004,none,90000,one_parameter_sweep,,"{""mass_log10_kg"": 20.0, ""periapsis_Rm"": 1.2, ""spin_period_hr"": 3.0, ""spin_axis"": ""z"", ""resolution_value"": ""65"", ""fof_linking_length"": 0.004, ""special_case_code"": ""none"", ""timestep"": ""90000""}",0.019653800254662363,0.019653800254662363,0.019653800254662363,0.019653800254662363,0.0,0.0,sparse interpolation,0.24544933176176142,0.315803380666928,0.4280539231526658,5,Ma_xp_A2000_s030z_n65_r12_v14_90000.hdf5; Ma_xp_A2000_s030z_n65_r12_v16_90000.hdf5; Ma_xp_A2000_s047z_n65_r12_v14_90000.hdf5,True,True,False,0.014701402663690953,medium,0.019653800254662363,0.019653800254662363,0.019653800254662363
20.0,1.2,1.7000000000000002,3.0,z,65.0,0.004,none,90000,one_parameter_sweep,,"{""mass_log10_kg"": 20.0, ""periapsis_Rm"": 1.2, ""spin_period_hr"": 3.0, ""spin_axis"": ""z"", ""resolution_value"": ""65"", ""fof_linking_length"": 0.004, ""special_case_code"": ""none"", ""timestep"": ""90000""}",0.018766636380075623,0.018766636380075623,0.018766636380075623,0.018766636380075623,0.0,0.0,extrapolation,0.24544933176176187,0.4794362685081026,0.6992875924903494,5,Ma_xp_A2000_s030z_n65_r12_v16_90000.hdf5; Ma_xp_A2000_s047z_n65_r12_v16_90000.hdf5; Ma_xp_A2000_s030z_n65_r12_v14_90000.hdf5,True,False,False,0.014441812270112089,low,0.018766636380075623,0.018766636380075623,0.018766636380075623
20.0,1.6,0.6,2.7,x,65.0,0.004,none,90000,one_parameter_sweep,,"{""mass_log10_kg"": 20.0, ""periapsis_Rm"": 1.6, ""v_inf_kms"": 0.6, ""spin_axis"": ""x"", ""resolution_value"": ""65"", ""fof_linking_length"": 0.004, ""special_case_code"": ""none"", ""timestep"": ""90000""}",0.008004733960256059,0.008004733960256059,0.008004733960256059,0.008004733960256059,0.0,0.0,sparse interpolation,0.06792567176466446,0.24151349960769605,0.6952511850129552,4,Ma_xp_A2000_s030x_n65_r16_v06_90000.hdf5; Ma_xp_A2000_s036x_n65_r16_v06_90000.hdf5; Ma_xp_A2000_s047x_n65_r16_v06_90000.hdf5,True,True,False,0.025061806000986238,medium,0.008004733960256059,0.008004733960256059,0.008004733960256059
20.0,1.6,0.6,3.3,x,65.0,0.004,none,90000,one_parameter_sweep,,"{""mass_log10_kg"": 20.0, ""periapsis_Rm"": 1.6, ""v_inf_kms"": 0.6, ""spin_axis"": ""x"", ""resolution_value"": ""65"", ""fof_linking_length"": 0.004, ""special_case_code"": ""none"", ""timestep"": ""90000""}",0.010067899453587268,0.010067899453587268,0.010067899453587268,0.010067899453587268,0.0,0.0,sparse interpolation,0.0679256717646645,0.15094593725481012,0.6137403788953579,4,Ma_xp_A2000_s030x_n65_r16_v06_90000.hdf5; Ma_xp_A2000_s036x_n65_r16_v06_90000.hdf5; Ma_xp_A2000_s047x_n65_r16_v06_90000.hdf5,True,True,False,0.024320088010262263,medium,0.010067899453587268,0.010067899453587268,0.010067899453587268
20.0,1.6,0.6,4.15,x,65.0,0.004,none,90000,one_parameter_sweep,,"{""mass_log10_kg"": 20.0, ""periapsis_Rm"": 1.6, ""v_inf_kms"": 0.6, ""spin_axis"": ""x"", ""resolution_value"": ""65"", ""fof_linking_length"": 0.004, ""special_case_code"": ""none"", ""timestep"": ""90000""}",5.1258399966065214e-05,5.1258399966065214e-05,5.1258399966065214e-05,5.1258399966065214e-05,0.0,0.0,sparse interpolation,0.12453039823521828,0.16981417941166135,0.5873384973592038,4,Ma_xp_A2000_s047x_n65_r16_v06_90000.hdf5; Ma_xp_A2000_s036x_n65_r16_v06_90000.hdf5; Ma_xp_A2000_s030x_n65_r16_v06_90000.hdf5,True,True,False,0.02780574451322613,medium,5.1258399966065214e-05,5.1258399966065214e-05,5.1258399966065214e-05
20.0,1.6,0.6,6.65,x,65.0,0.004,none,90000,one_parameter_sweep,,"{""mass_log10_kg"": 20.0, ""periapsis_Rm"": 1.6, ""v_inf_kms"": 0.6, ""spin_axis"": ""x"", ""resolution_value"": ""65"", ""fof_linking_length"": 0.004, ""special_case_code"": ""none"", ""timestep"": ""90000""}",9.894257770718185e-05,9.894257770718183e-05,9.894257770718185e-05,9.894257770718185e-05,1.3552527156068805e-20,0.0,sparse interpolation,0.4415168664703192,0.5245371319604649,0.7763144856239996,4,Ma_xp_A2000_s086x_n65_r16_v06_90000.hdf5; Ma_xp_A2000_s047x_n65_r16_v06_90000.hdf5; Ma_xp_A2000_s036x_n65_r16_v06_90000.hdf5,True,True,False,0.028029508698722935,medium,9.894257770718185e-05,9.894257770718185e-05,9.894257770718185e-05
20.0,1.6,0.6,12.8,x,65.0,0.004,none,90000,one_parameter_sweep,,"{""mass_log10_kg"": 20.0, ""periapsis_Rm"": 1.6, ""v_inf_kms"": 0.6, ""spin_axis"": ""x"", ""resolution_value"": ""65"", ""fof_linking_length"": 0.004, ""special_case_code"": ""none"", ""timestep"": ""90000""}",-0.0004512859153169467,-0.0004512859153169467,-0.0004512859153169467,-0.0004512859153169467,0.0,0.0,sparse interpolation,0.9509594047053032,1.2020421604793763,1.4029083650986345,2,Ma_xp_A2000_s170x_n65_r16_v06_90000.hdf5; Ma_xp_A2000_s086x_n65_r16_v06_90000.hdf5; Ma_xp_A2000_s170mz_n65_r16_v06_90000.hdf5,True,True,False,0.028043781646742046,medium,-0.0004512859153169467,-0.0004512859153169467,-0.0004512859153169467
20.0,1.6,0.6,17.3,x,65.0,0.004,none,90000,one_parameter_sweep,,"{""mass_log10_kg"": 20.0, ""periapsis_Rm"": 1.6, ""v_inf_kms"": 0.6, ""spin_axis"": ""x"", ""resolution_value"": ""65"", ""fof_linking_length"": 0.004, ""special_case_code"": ""none"", ""timestep"": ""90000""}",-0.0004512859153169467,-0.0004512859153169467,-0.0004512859153169467,-0.0004512859153169467,0.0,0.0,extrapolation,0.06792567176466457,0.9665378116126345,1.1579437908917856,1,Ma_xp_A2000_s170x_n65_r16_v06_90000.hdf5; Ma_xp_A2000_s170z_n65_r16_v06_90000.hdf5; Ma_xp_A2000_s170y_n65_r16_v06_90000.hdf5,True,False,False,0.029003380592899412,low,-0.0004512859153169467,-0.0004512859153169467,-0.0004512859153169467
18.0,1.2,0.0,,none,60.0,0.0001,none,90000,one_parameter_sweep,,"{""mass_log10_kg"": 18.0, ""periapsis_Rm"": 1.2, ""v_inf_kms"": 0.0, ""spin_period_hr"": NaN, ""spin_axis"": ""none"", ""fof_linking_length"": 0.0001, ""special_case_code"": ""none"", ""timestep"": ""90000""}",-0.010015141221079476,-0.010015141221079476,-0.010015141221079476,-0.010015141221079476,0.0,0.0,boundary interpolation,0.0,0.6943591590640615,1.1129578459215161,3,Ma_xp_A1800_n60_r12_v00_90000.hdf5; Ma_xp_A1850_n60_r12_v00_90000.hdf5; Ma_xp_A1800_n60_r16_v00_90000.hdf5,True,True,False,0.0026513797388252954,medium,-0.010015141221079476,-0.010015141221079476,-0.010015141221079476
20.0,1.9,0.0,,none,65.0,0.0005,none,90000,one_parameter_sweep,,"{""mass_log10_kg"": 20.0, ""periapsis_Rm"": 1.9, ""v_inf_kms"": 0.0, ""spin_period_hr"": NaN, ""spin_axis"": ""none"", ""resolution_value"": ""65"", ""special_case_code"": ""none"", ""timestep"": ""90000""}",-0.006142662142838906,-0.006142662142838905,-0.006142662142838906,-0.006142662142838906,8.673617379884035e-19,0.0,sparse interpolation,0.0,0.1798635912222789,0.3278668496967586,5,Ma_xp_A2000_n65_r19_v00_90000.hdf5; Ma_xp_A2000_n65_r18_v00_90000.hdf5; Ma_xp_A2000_n65_r20_v00_90000.hdf5,True,True,False,0.017145925050252805,medium,-0.006142662142838906,-0.006142662142838906,-0.006142662142838906
20.0,1.9,0.0,,none,65.0,0.001,none,90000,one_parameter_sweep,,"{""mass_log10_kg"": 20.0, ""periapsis_Rm"": 1.9, ""v_inf_kms"": 0.0, ""spin_period_hr"": NaN, ""spin_axis"": ""none"", ""resolution_value"": ""65"", ""special_case_code"": ""none"", ""timestep"": ""90000""}",-0.006142662142838906,-0.006142662142838905,-0.006142662142838906,-0.006142662142838906,8.673617379884035e-19,0.0,boundary interpolation,0.0,0.1798635912222789,0.3278668496967586,5,Ma_xp_A2000_n65_r19_v00_90000.hdf5; Ma_xp_A2000_n65_r18_v00_90000.hdf5; Ma_xp_A2000_n65_r20_v00_90000.hdf5,True,True,False,0.017589279021529684,medium,-0.006142662142838906,-0.006142662142838906,-0.006142662142838906
20.0,1.9,0.0,,none,65.0,0.0015,none,90000,one_parameter_sweep,,"{""mass_log10_kg"": 20.0, ""periapsis_Rm"": 1.9, ""v_inf_kms"": 0.0, ""spin_period_hr"": NaN, ""spin_axis"": ""none"", ""resolution_value"": ""65"", ""special_case_code"": ""none"", ""timestep"": ""90000""}",0.019241994811792774,0.019241994811792774,0.019241994811792774,0.019241994811792774,0.0,0.0,sparse interpolation,0.0,0.1798635912222789,0.3278668496967586,5,Ma_xp_A2000_n65_r19_v00_90000.hdf5; Ma_xp_A2000_n65_r18_v00_90000.hdf5; Ma_xp_A2000_n65_r20_v00_90000.hdf5,True,True,False,0.01987233774010191,medium,0.019241994811792774,0.019241994811792774,0.019241994811792774
20.0,1.9,0.0,,none,65.0,0.002,none,90000,one_parameter_sweep,,"{""mass_log10_kg"": 20.0, ""periapsis_Rm"": 1.9, ""v_inf_kms"": 0.0, ""spin_period_hr"": NaN, ""spin_axis"": ""none"", ""resolution_value"": ""65"", ""special_case_code"": ""none"", ""timestep"": ""90000""}",0.019241994811792774,0.019241994811792774,0.019241994811792774,0.019241994811792774,0.0,0.0,sparse interpolation,0.0,0.1798635912222789,0.3278668496967586,5,Ma_xp_A2000_n65_r19_v00_90000.hdf5; Ma_xp_A2000_n65_r18_v00_90000.hdf5; Ma_xp_A2000_n65_r20_v00_90000.hdf5,True,True,False,0.0199283030019472,medium,0.019241994811792774,0.019241994811792774,0.019241994811792774
20.0,1.9,0.0,,none,65.0,0.0025,none,90000,one_parameter_sweep,,"{""mass_log10_kg"": 20.0, ""periapsis_Rm"": 1.9, ""v_inf_kms"": 0.0, ""spin_period_hr"": NaN, ""spin_axis"": ""none"", ""resolution_value"": ""65"", ""special_case_code"": ""none"", ""timestep"": ""90000""}",0.019241994811792774,0.019241994811792774,0.019241994811792774,0.019241994811792774,0.0,0.0,sparse interpolation,0.0,0.1798635912222789,0.3278668496967586,5,Ma_xp_A2000_n65_r19_v00_90000.hdf5; Ma_xp_A2000_n65_r18_v00_90000.hdf5; Ma_xp_A2000_n65_r20_v00_90000.hdf5,True,True,False,0.020251394961349655,medium,0.019241994811792774,0.019241994811792774,0.019241994811792774
20.0,1.9,0.0,,none,65.0,0.003,none,90000,one_parameter_sweep,,"{""mass_log10_kg"": 20.0, ""periapsis_Rm"": 1.9, ""v_inf_kms"": 0.0, ""spin_period_hr"": NaN, ""spin_axis"": ""none"", ""resolution_value"": ""65"", ""special_case_code"": ""none"", ""timestep"": ""90000""}",0.009014513039821377,0.009014513039821377,0.009014513039821377,0.009014513039821377,0.0,0.0,sparse interpolation,0.0,0.1798635912222789,0.3278668496967586,5,Ma_xp_A2000_n65_r19_v00_90000.hdf5; Ma_xp_A2000_n65_r18_v00_90000.hdf5; Ma_xp_A2000_n65_r20_v00_90000.hdf5,True,True,False,0.01827047567151287,medium,0.009014513039821377,0.009014513039821377,0.009014513039821377
20.0,1.9,0.0,,none,65.0,0.00325,none,90000,one_parameter_sweep,,"{""mass_log10_kg"": 20.0, ""periapsis_Rm"": 1.9, ""v_inf_kms"": 0.0, ""spin_period_hr"": NaN, ""spin_axis"": ""none"", ""resolution_value"": ""65"", ""special_case_code"": ""none"", ""timestep"": ""90000""}",0.009014513039821377,0.009014513039821377,0.009014513039821377,0.009014513039821377,0.0,0.0,sparse interpolation,0.0,0.1798635912222789,0.3278668496967586,5,Ma_xp_A2000_n65_r19_v00_90000.hdf5; Ma_xp_A2000_n65_r18_v00_90000.hdf5; Ma_xp_A2000_n65_r20_v00_90000.hdf5,True,True,False,0.018364171808480812,medium,0.009014513039821377,0.009014513039821377,0.009014513039821377
20.0,1.9,0.0,,none,65.0,0.0035,none,90000,one_parameter_sweep,,"{""mass_log10_kg"": 20.0, ""periapsis_Rm"": 1.9, ""v_inf_kms"": 0.0, ""spin_period_hr"": NaN, ""spin_axis"": ""none"", ""resolution_value"": ""65"", ""special_case_code"": ""none"", ""timestep"": ""90000""}",0.009014513039821377,0.009014513039821377,0.009014513039821377,0.009014513039821377,0.0,0.0,sparse interpolation,0.0,0.1798635912222789,0.3278668496967586,5,Ma_xp_A2000_n65_r19_v00_90000.hdf5; Ma_xp_A2000_n65_r18_v00_90000.hdf5; Ma_xp_A2000_n65_r20_v00_90000.hdf5,True,True,False,0.018364171808480812,medium,0.009014513039821377,0.009014513039821377,0.009014513039821377
20.0,1.9,0.0,,none,65.0,0.00375,none,90000,one_parameter_sweep,,"{""mass_log10_kg"": 20.0, ""periapsis_Rm"": 1.9, ""v_inf_kms"": 0.0, ""spin_period_hr"": NaN, ""spin_axis"": ""none"", ""resolution_value"": ""65"", ""special_case_code"": ""none"", ""timestep"": ""90000""}",0.009014513039821377,0.009014513039821377,0.009014513039821377,0.009014513039821377,0.0,0.0,sparse interpolation,0.0,0.1798635912222789,0.3278668496967586,5,Ma_xp_A2000_n65_r19_v00_90000.hdf5; Ma_xp_A2000_n65_r18_v00_90000.hdf5; Ma_xp_A2000_n65_r20_v00_90000.hdf5,True,True,False,0.018364171808480812,medium,0.009014513039821377,0.009014513039821377,0.009014513039821377
20.0,1.9,0.0,,none,65.0,0.004,none,90000,one_parameter_sweep,,"{""mass_log10_kg"": 20.0, ""periapsis_Rm"": 1.9, ""v_inf_kms"": 0.0, ""spin_period_hr"": NaN, ""spin_axis"": ""none"", ""resolution_value"": ""65"", ""special_case_code"": ""none"", ""timestep"": ""90000""}",0.009014513039821377,0.009014513039821377,0.009014513039821377,0.009014513039821377,0.0,0.0,sparse interpolation,0.0,0.1798635912222789,0.3278668496967586,5,Ma_xp_A2000_n65_r19_v00_90000.hdf5; Ma_xp_A2000_n65_r18_v00_90000.hdf5; Ma_xp_A2000_n65_r20_v00_90000.hdf5,True,True,False,0.018364171808480812,medium,0.009014513039821377,0.009014513039821377,0.009014513039821377
20.0,1.9,0.0,,none,65.0,0.00425,none,90000,one_parameter_sweep,,"{""mass_log10_kg"": 20.0, ""periapsis_Rm"": 1.9, ""v_inf_kms"": 0.0, ""spin_period_hr"": NaN, ""spin_axis"": ""none"", ""resolution_value"": ""65"", ""special_case_code"": ""none"", ""timestep"": ""90000""}",0.009014513039821377,0.009014513039821377,0.009014513039821377,0.009014513039821377,0.0,0.0,sparse interpolation,0.0,0.1798635912222789,0.3278668496967586,5,Ma_xp_A2000_n65_r19_v00_90000.hdf5; Ma_xp_A2000_n65_r18_v00_90000.hdf5; Ma_xp_A2000_n65_r20_v00_90000.hdf5,True,True,False,0.018364171808480812,medium,0.009014513039821377,0.009014513039821377,0.009014513039821377
20.0,1.9,0.0,,none,65.0,0.0045,none,90000,one_parameter_sweep,,"{""mass_log10_kg"": 20.0, ""periapsis_Rm"": 1.9, ""v_inf_kms"": 0.0, ""spin_period_hr"": NaN, ""spin_axis"": ""none"", ""resolution_value"": ""65"", ""special_case_code"": ""none"", ""timestep"": ""90000""}",0.009014513039821377,0.009014513039821377,0.009014513039821377,0.009014513039821377,0.0,0.0,sparse interpolation,0.0,0.1798635912222789,0.3278668496967586,5,Ma_xp_A2000_n65_r19_v00_90000.hdf5; Ma_xp_A2000_n65_r18_v00_90000.hdf5; Ma_xp_A2000_n65_r20_v00_90000.hdf5,True,True,False,0.018364171808480812,medium,0.009014513039821377,0.009014513039821377,0.009014513039821377
20.0,1.9,0.0,,none,65.0,0.00475,none,90000,one_parameter_sweep,,"{""mass_log10_kg"": 20.0, ""periapsis_Rm"": 1.9, ""v_inf_kms"": 0.0, ""spin_period_hr"": NaN, ""spin_axis"": ""none"", ""resolution_value"": ""65"", ""special_case_code"": ""none"", ""timestep"": ""90000""}",0.009014513039821377,0.009014513039821377,0.009014513039821377,0.009014513039821377,0.0,0.0,sparse interpolation,0.0,0.1798635912222789,0.3278668496967586,5,Ma_xp_A2000_n65_r19_v00_90000.hdf5; Ma_xp_A2000_n65_r18_v00_90000.hdf5; Ma_xp_A2000_n65_r20_v00_90000.hdf5,True,True,False,0.018364171808480812,medium,0.009014513039821377,0.009014513039821377,0.009014513039821377
20.0,1.9,0.0,,none,65.0,0.005,none,90000,one_parameter_sweep,,"{""mass_log10_kg"": 20.0, ""periapsis_Rm"": 1.9, ""v_inf_kms"": 0.0, ""spin_period_hr"": NaN, ""spin_axis"": ""none"", ""resolution_value"": ""65"", ""special_case_code"": ""none"", ""timestep"": ""90000""}",0.009014513039821377,0.009014513039821377,0.009014513039821377,0.009014513039821377,0.0,0.0,sparse interpolation,0.0,0.1798635912222789,0.3278668496967586,5,Ma_xp_A2000_n65_r19_v00_90000.hdf5; Ma_xp_A2000_n65_r18_v00_90000.hdf5; Ma_xp_A2000_n65_r20_v00_90000.hdf5,True,True,False,0.018364171808480812,medium,0.009014513039821377,0.009014513039821377,0.009014513039821377
20.0,1.9,0.0,,none,65.0,0.0055,none,90000,one_parameter_sweep,,"{""mass_log10_kg"": 20.0, ""periapsis_Rm"": 1.9, ""v_inf_kms"": 0.0, ""spin_period_hr"": NaN, ""spin_axis"": ""none"", ""resolution_value"": ""65"", ""special_case_code"": ""none"", ""timestep"": ""90000""}",0.009014513039821377,0.009014513039821377,0.009014513039821377,0.009014513039821377,0.0,0.0,sparse interpolation,0.0,0.1798635912222789,0.3278668496967586,5,Ma_xp_A2000_n65_r19_v00_90000.hdf5; Ma_xp_A2000_n65_r18_v00_90000.hdf5; Ma_xp_A2000_n65_r20_v00_90000.hdf5,True,True,False,0.018364171808480812,medium,0.009014513039821377,0.009014513039821377,0.009014513039821377
20.0,1.9,0.0,,none,65.0,0.006,none,90000,one_parameter_sweep,,"{""mass_log10_kg"": 20.0, ""periapsis_Rm"": 1.9, ""v_inf_kms"": 0.0, ""spin_period_hr"": NaN, ""spin_axis"": ""none"", ""resolution_value"": ""65"", ""special_case_code"": ""none"", ""timestep"": ""90000""}",0.009014513039821377,0.009014513039821377,0.009014513039821377,0.009014513039821377,0.0,0.0,sparse interpolation,0.0,0.1798635912222789,0.3278668496967586,5,Ma_xp_A2000_n65_r19_v00_90000.hdf5; Ma_xp_A2000_n65_r18_v00_90000.hdf5; Ma_xp_A2000_n65_r20_v00_90000.hdf5,True,True,False,0.018364171808480812,medium,0.009014513039821377,0.009014513039821377,0.009014513039821377
20.0,1.9,0.0,,none,65.0,0.007,none,90000,one_parameter_sweep,,"{""mass_log10_kg"": 20.0, ""periapsis_Rm"": 1.9, ""v_inf_kms"": 0.0, ""spin_period_hr"": NaN, ""spin_axis"": ""none"", ""resolution_value"": ""65"", ""special_case_code"": ""none"", ""timestep"": ""90000""}",0.009014513039821377,0.009014513039821377,0.009014513039821377,0.009014513039821377,0.0,0.0,sparse interpolation,0.0,0.1798635912222789,0.3278668496967586,5,Ma_xp_A2000_n65_r19_v00_90000.hdf5; Ma_xp_A2000_n65_r18_v00_90000.hdf5; Ma_xp_A2000_n65_r20_v00_90000.hdf5,True,True,False,0.018364171808480812,medium,0.009014513039821377,0.009014513039821377,0.009014513039821377
20.0,1.9,0.0,,none,65.0,0.008,none,90000,one_parameter_sweep,,"{""mass_log10_kg"": 20.0, ""periapsis_Rm"": 1.9, ""v_inf_kms"": 0.0, ""spin_period_hr"": NaN, ""spin_axis"": ""none"", ""resolution_value"": ""65"", ""special_case_code"": ""none"", ""timestep"": ""90000""}",0.009014513039821377,0.009014513039821377,0.009014513039821377,0.009014513039821377,0.0,0.0,boundary interpolation,0.0,0.1798635912222789,0.3278668496967586,5,Ma_xp_A2000_n65_r19_v00_90000.hdf5; Ma_xp_A2000_n65_r18_v00_90000.hdf5; Ma_xp_A2000_n65_r20_v00_90000.hdf5,True,True,False,0.018364171808480812,medium,0.009014513039821377,0.009014513039821377,0.009014513039821377
20.0,1.9,0.0,,none,65.0,0.0085,none,90000,one_parameter_sweep,,"{""mass_log10_kg"": 20.0, ""periapsis_Rm"": 1.9, ""v_inf_kms"": 0.0, ""spin_period_hr"": NaN, ""spin_axis"": ""none"", ""resolution_value"": ""65"", ""special_case_code"": ""none"", ""timestep"": ""90000""}",0.009014513039821377,0.009014513039821377,0.009014513039821377,0.009014513039821377,0.0,0.0,sparse interpolation,0.0,0.1798635912222789,0.3278668496967586,5,Ma_xp_A2000_n65_r19_v00_90000.hdf5; Ma_xp_A2000_n65_r18_v00_90000.hdf5; Ma_xp_A2000_n65_r20_v00_90000.hdf5,True,True,False,0.018364171808480812,medium,0.009014513039821377,0.009014513039821377,0.009014513039821377
19.5,1.1,0.0,,none,65.0,0.002,none,90000,mass19.5_peri,,,0.06609612425028288,0.07962612570344561,0.06609612425028288,0.09879621327414137,0.013932740436395587,0.032700089023858486,extrapolation,0.2697953868334182,0.7710695984992926,0.8984895674472266,5,Ma_xp_A1950_n65_r12_v00_90000.hdf5; Ma_xp_A2000_n65_r11_v00_90000.hdf5; Ma_xp_A1900_n65_r12_v00_90000.hdf5,True,False,True,0.046249968590178,low,0.06609612425028288,0.07398603958591261,0.09879621327414137
19.5,1.2,0.0,,none,65.0,0.002,none,90000,mass19.5_peri,,,0.06873595474135437,0.07989883959075035,0.06873595474135437,0.08703485927128193,0.007994756992971946,0.018298904529927565,boundary interpolation,0.0,0.6692639532390069,0.8173653634657839,5,Ma_xp_A1950_n65_r12_v00_90000.hdf5; Ma_xp_A1900_n65_r12_v00_90000.hdf5; Ma_xp_A2000_n65_r12_v00_90000.hdf5,True,True,True,0.04669784158452285,medium,0.06873595474135437,0.08392570475961472,0.08703485927128193
19.5,1.3,0.0,,none,65.0,0.002,none,90000,mass19.5_peri,,,0.0662377994159055,0.0722119211286194,0.0662377994159055,0.07521810139290402,0.0042243708194632705,0.00898030197699852,boundary interpolation,0.26979538683341864,0.6943591590640615,0.8252981771713287,5,Ma_xp_A1950_n65_r12_v00_90000.hdf5; Ma_xp_A1950_n65_r16_v00_90000.hdf5; Ma_xp_A1900_n65_r13_v00_90000.hdf5,True,True,True,0.04605086511551279,medium,0.0662377994159055,0.07521810139290402,0.07517986257704866
19.5,1.4,0.0,,none,65.0,0.002,none,90000,mass19.5_peri,,,0.056583544531958054,0.05945048592467366,0.056583544531958054,0.06302326756872198,0.002675962885001468,0.006439723036763927,boundary interpolation,0.5395907736668367,0.6943591590640615,0.8252981771713287,5,Ma_xp_A1950_n65_r12_v00_90000.hdf5; Ma_xp_A1950_n65_r16_v00_90000.hdf5; Ma_xp_A2000_n65_r14_v00_90000.hdf5,True,True,True,0.0454973788135077,medium,0.056583544531958054,0.05874464567334095,0.06302326756872198
19.5,1.5,0.0,,none,65.0,0.002,none,90000,mass19.5_peri,,,0.04161707429963077,0.04247924248178838,0.03546871433331664,0.05035193881241773,0.006106558943986496,0.014883224479101093,boundary interpolation,0.26979538683341864,0.6943591590640615,0.8252981771713289,5,Ma_xp_A1950_n65_r16_v00_90000.hdf5; Ma_xp_A1950_n65_r12_v00_90000.hdf5; Ma_xp_A1900_n65_r15_v00_90000.hdf5,True,True,True,0.0446541877835732,medium,0.04161707429963077,0.03546871433331664,0.05035193881241773
19.5,1.6,0.0,,none,65.0,0.002,none,90000,mass19.5_peri,,,0.013112457694803134,0.01942011318558425,0.008235513667159968,0.036912368194789644,0.012528111981792375,0.028676854527629678,boundary interpolation,0.0,0.6692639532390069,0.8173653634657839,5,Ma_xp_A1950_n65_r16_v00_90000.hdf5; Ma_xp_A1900_n65_r16_v00_90000.hdf5; Ma_xp_A2000_n65_r16_v00_90000.hdf5,True,True,True,0.042418795158624484,medium,0.013112457694803134,0.008235513667159968,0.036912368194789644
19.5,1.7,0.0,,none,65.0,0.002,none,90000,mass19.5_peri,,,0.01773086151442917,0.01808199775420936,0.01416701402026036,0.02234811772793855,0.003349137895350751,0.00818110370767819,boundary interpolation,0.2697953868334181,0.7591957488501464,0.8713244408324675,5,Ma_xp_A1950_n65_r16_v00_90000.hdf5; Ma_xp_A2000_n65_r17_v00_90000.hdf5; Ma_xp_A1900_n65_r17_v00_90000.hdf5,True,True,True,0.027253324805421864,medium,0.01773086151442917,0.01416701402026036,0.02234811772793855
19.5,1.8,0.0,,none,65.0,0.002,none,90000,mass19.5_peri,,,0.0004091476518299349,0.003352027884264764,0.0004091476518299349,0.006044278541638935,0.0023073486117535,0.005635130889809,boundary interpolation,0.5395907736668367,0.8491275444612857,0.9252835181991511,5,Ma_xp_A1950_n65_r16_v00_90000.hdf5; Ma_xp_A2000_n65_r18_v00_90000.hdf5; Ma_xp_A1900_n65_r18_v00_90000.hdf5,True,True,False,0.010040232337765237,medium,0.0004091476518299349,0.0036026574593254214,0.006044278541638935
19.5,1.9,0.0,,none,65.0,0.002,none,90000,mass19.5_peri,,,-0.002944896714340893,-0.004790176867746895,-0.013459010411382838,0.002033376522483045,0.00645793090499685,0.015492386933865883,boundary interpolation,0.8093861605002549,0.9390593400724253,0.9792425955658348,5,Ma_xp_A1950_n65_r16_v00_90000.hdf5; Ma_xp_A2000_n65_r19_v00_90000.hdf5; Ma_xp_A1900_n65_r19_v00_90000.hdf5,True,True,False,0.009145655594059965,medium,-0.002944896714340893,0.002033376522483045,-0.013459010411382838
19.5,2.0,0.0,,none,65.0,0.002,none,90000,mass19.5_peri,,,-0.009419170603210953,-0.01928830201312015,-0.05038378851135791,0.001938053075208409,0.022471368343471767,0.052321841586566324,boundary interpolation,1.0038959298585104,1.027643629156803,1.0559209017950755,5,Ma_xp_A2000_n65_r20_v00_90000.hdf5; Ma_xp_A1900_n65_r19_v00_90000.hdf5; Ma_xp_A2000_n65_r19_v00_90000.hdf5,True,True,False,0.010267264609479855,medium,-0.009419170603210953,0.001938053075208409,-0.05038378851135791
19.5,2.2,0.0,,none,65.0,0.002,none,90000,mass19.5_peri,,,-0.014654532304092586,-0.027371491001257978,-0.06939799377488975,0.001938053075208409,0.030479486805925805,0.07133604685009816,boundary interpolation,1.0038959298585104,1.0944463519077077,1.1627649598005978,5,Ma_xp_A2000_n65_r22_v00_90000.hdf5; Ma_xp_A2000_n65_r24_v00_90000.hdf5; Ma_xp_A2000_n65_r20_v00_90000.hdf5,True,True,False,0.009258574773535594,medium,-0.014654532304092586,0.001938053075208409,-0.06939799377488975
19.5,2.4,0.0,,none,65.0,0.002,none,90000,mass19.5_peri,,,-0.009406086876937069,-0.03211855272675653,-0.08888762437854095,0.001938053075208409,0.04040806850096104,0.09082567745374935,boundary interpolation,1.0038959298585104,1.0944463519077074,1.2621555938413238,3,Ma_xp_A2000_n65_r24_v00_90000.hdf5; Ma_xp_A2000_n65_r22_v00_90000.hdf5; Ma_xp_A1900_n65_r26_v00_90000.hdf5,True,True,False,0.009108914455279395,low,-0.009406086876937069,0.001938053075208409,-0.08888762437854095
19.5,2.6,0.0,,none,65.0,0.002,none,90000,mass19.5_peri,,,0.0028615225667398374,-0.03493891317607869,-0.1096163151701843,0.0028615225667398374,0.052806243162574276,0.11247783773692414,extrapolation,1.0038959298585104,1.2058457951630634,1.4769813836769028,2,Ma_xp_A1900_n65_r26_v00_90000.hdf5; Ma_xp_A2000_n65_r24_v00_90000.hdf5; Ma_xp_A2000_n65_r22_v00_90000.hdf5,True,False,False,0.009062278180241549,low,0.0028615225667398374,0.001938053075208409,-0.1096163151701843
19.5,2.8,0.0,,none,65.0,0.002,none,90000,mass19.5_peri,,,-0.02118642221410248,-0.05165402976993067,-0.13571372017089794,0.001938053075208409,0.060184211673169674,0.13765177324610636,extrapolation,1.1397215629323059,1.492073144751516,1.664034889956947,1,Ma_xp_A1900_n65_r26_v00_90000.hdf5; Ma_xp_A2000_n65_r24_v00_90000.hdf5; Ma_xp_A2000_s030z_n65_r28_v00_90000.hdf5,True,False,False,0.00882796460049963,low,-0.02118642221410248,0.001938053075208409,-0.13571372017089794
19.5,3.0,0.0,,none,65.0,0.002,none,90000,mass19.5_peri,,,-0.02118642221410248,-0.05714293862124104,-0.15218044672482905,0.001938053075208409,0.06786153205489423,0.15411849980003747,extrapolation,1.4739198926983736,1.747096475197899,1.8430432721924248,0,Ma_xp_A1900_n65_r26_v00_90000.hdf5; Ma_xp_A2000_s030z_n65_r30_v00_90000.hdf5; Ma_xp_A2000_n65_r24_v00_90000.hdf5,True,False,False,0.004492691471425727,low,-0.02118642221410248,0.001938053075208409,-0.15218044672482905
19.5,1.1,0.4,,none,65.0,0.002,none,90000,mass19.5_peri,,,0.07292290461761919,0.053246181165513835,0.027707158327877367,0.07292290461761919,0.018918964800763178,0.04521574628974182,extrapolation,1.0181922913444776,1.0324090829854586,1.0792850890730157,5,Ma_xp_A1950_n65_r12_v00_90000.hdf5; Ma_xp_A1900_n65_r12_v04_90000.hdf5; Ma_xp_A2000_n65_r12_v04_90000.hdf5,True,False,True,0.024731582458514523,low,0.07292290461761919,0.05910848055104495,0.027707158327877367
19.5,1.2,0.4,,none,65.0,0.002,none,90000,mass19.5_peri,,,0.029581341700507403,0.03551075613946047,0.020062022437017164,0.056888904280856835,0.015608187451391888,0.03682688184383967,sparse interpolation,0.9817973270470459,0.9965297289213556,1.0449146670213314,5,Ma_xp_A1950_n65_r12_v00_90000.hdf5; Ma_xp_A1900_n65_r12_v04_90000.hdf5; Ma_xp_A2000_n65_r12_v04_90000.hdf5,True,True,True,0.04361539410335196,medium,0.029581341700507403,0.056888904280856835,0.020062022437017164
19.5,1.3,0.4,,none,65.0,0.002,none,90000,mass19.5_peri,,,0.01992708681655993,0.028751519343618737,0.012329016319706128,0.05399845489459016,0.018119758733768476,0.04166943857488403,sparse interpolation,1.0181922913444779,1.0324090829854589,1.0572687651933355,5,Ma_xp_A1950_n65_r12_v00_90000.hdf5; Ma_xp_A2000_n65_r14_v04_90000.hdf5; Ma_xp_A2000_n65_r12_v04_90000.hdf5,True,True,True,0.042451247857320545,medium,0.01992708681655993,0.05399845489459016,0.012329016319706128
19.5,1.4,0.4,,none,65.0,0.002,none,90000,mass19.5_peri,,,0.007917908198388396,0.01681120658621593,0.004302058770269082,0.0382136527899903,0.015205637537895824,0.03391159401972122,sparse interpolation,1.0038959298585104,1.0796266927337006,1.0947728453087384,5,Ma_xp_A2000_n65_r14_v04_90000.hdf5; Ma_xp_A1900_n65_r14_v06_90000.hdf5; Ma_xp_A2000_n65_r14_v06_90000.hdf5,True,True,True,0.03994972447994339,medium,0.007917908198388396,0.0382136527899903,0.004302058770269082
19.5,1.5,0.4,,none,65.0,0.002,none,90000,mass19.5_peri,,,0.010350990746585728,0.008164839893269228,-0.004229566904771859,0.018373095837993816,0.00935608651915583,0.022602662742765674,sparse interpolation,1.0181922913444779,1.0324090829854589,1.0572687651933355,5,Ma_xp_A1950_n65_r16_v00_90000.hdf5; Ma_xp_A2000_n65_r16_v04_90000.hdf5; Ma_xp_A1900_n65_r16_v04_90000.hdf5,True,True,False,0.040272884709790756,medium,0.010350990746585728,0.018373095837993816,-0.004229566904771859
19.5,1.6,0.4,,none,65.0,0.002,none,90000,mass19.5_peri,,,0.01583028646488285,0.0035316568929065935,-0.013516048154611354,0.01583028646488285,0.012442323665728592,0.029346334619494204,sparse interpolation,0.9817973270470459,0.9965297289213556,1.0449146670213314,5,Ma_xp_A1950_n65_r16_v00_90000.hdf5; Ma_xp_A2000_n65_r16_v04_90000.hdf5; Ma_xp_A1900_n65_r16_v04_90000.hdf5,True,True,False,0.02628343466477499,medium,0.01583028646488285,0.008280732368448285,-0.013516048154611354
19.5,1.7,0.4,,none,65.0,0.002,none,90000,mass19.5_peri,,,0.00256079214364512,-0.00414805805952741,-0.023908829208628773,0.008903862886401423,0.014210904121302307,0.032812692095030196,sparse interpolation,1.0181922913444776,1.0324090829854586,1.035252441313655,5,Ma_xp_A1950_n65_r16_v00_90000.hdf5; Ma_xp_A2000_n65_r16_v04_90000.hdf5; Ma_xp_A1900_n65_r16_v04_90000.hdf5,True,True,False,0.010149143851796135,medium,0.00256079214364512,0.008903862886401423,-0.023908829208628773
19.5,1.8,0.4,,none,65.0,0.002,none,90000,mass19.5_peri,,,-0.004622998728425008,-0.012831210216293049,-0.03601412401151134,0.002143492091057204,0.01662391788016945,0.03815761610256855,sparse interpolation,1.0038959298585104,1.0417613112961055,1.0720536164461814,5,Ma_xp_A2000_n65_r18_v04_90000.hdf5; Ma_xp_A1900_n65_r18_v04_90000.hdf5; Ma_xp_A2000_n65_r18_v06_90000.hdf5,True,True,False,0.008326331939629554,medium,-0.004622998728425008,0.002143492091057204,-0.03601412401151134
19.5,1.9,0.4,,none,65.0,0.002,none,90000,mass19.5_peri,,,-0.0075386400825700264,-0.018998395434145995,-0.051271754834057715,0.0018152086141897516,0.02313800505052774,0.05308696344824747,sparse interpolation,1.0395174788059491,1.0395174788059491,1.08355012656531,5,Ma_xp_A2000_n65_r18_v04_90000.hdf5; Ma_xp_A1900_n65_r18_v04_90000.hdf5; Ma_xp_A2000_n65_r20_v04_90000.hdf5,True,True,False,0.007988137311387691,medium,-0.0075386400825700264,0.0018152086141897516,-0.051271754834057715
19.5,2.0,0.4,,none,65.0,0.002,none,90000,mass19.5_peri,,,-0.01103815195486876,-0.030707757086725285,-0.08372213348012067,0.002637014174813567,0.03790026930822569,0.08635914765493424,sparse interpolation,1.0038959298585104,1.0796266927337006,1.0992187430609406,5,Ma_xp_A2000_n65_r20_v04_90000.hdf5; Ma_xp_A2000_n65_r20_v06_90000.hdf5; Ma_xp_A1900_n65_r20_v06_90000.hdf5,True,True,False,0.010049796181811673,low,-0.01103815195486876,0.002637014174813567,-0.08372213348012067
19.5,2.2,0.4,,none,65.0,0.002,none,90000,mass19.5_peri,,,-0.015913610211628258,-0.03611806379077965,-0.09443470490082087,0.001994123740110172,0.041879149200125615,0.09642882864093104,sparse interpolation,1.1397215629323065,1.207204457570441,1.253348678560394,5,Ma_xp_A2000_n65_r20_v04_90000.hdf5; Ma_xp_A1900_n65_r20_v06_90000.hdf5; Ma_xp_A2000_n65_r20_v06_90000.hdf5,True,True,False,0.00877034618380904,low,-0.015913610211628258,0.001994123740110172,-0.09443470490082087
19.5,2.4,0.4,,none,65.0,0.002,none,90000,mass19.5_peri,,,-0.01076221608085888,-0.03822346466969836,-0.10560721696355485,0.001699039035318669,0.04791832130245155,0.10730625599887351,extrapolation,1.4041841152011396,1.4607983159934825,1.488040981769301,1,Ma_xp_A2000_n65_r24_v00_90000.hdf5; Ma_xp_A2000_n65_r20_v04_90000.hdf5; Ma_xp_A2000_n65_r22_v00_90000.hdf5,True,False,False,0.008670081166216417,low,-0.01076221608085888,0.001699039035318669,-0.10560721696355485
19.5,2.6,0.4,,none,65.0,0.002,none,90000,mass19.5_peri,,,0.0021596193322517853,-0.03804367673169739,-0.11798968856266262,0.0021596193322517853,0.05653067980787132,0.1201493078949144,extrapolation,1.4041841152011396,1.5598179453084466,1.7102553496250086,1,Ma_xp_A1900_n65_r26_v00_90000.hdf5; Ma_xp_A2000_n65_r24_v00_90000.hdf5; Ma_xp_A2000_n65_r22_v00_90000.hdf5,True,False,False,0.008485437916382333,low,0.0021596193322517853,0.001699039035318669,-0.11798968856266262
19.5,2.8,0.4,,none,65.0,0.002,none,90000,mass19.5_peri,,,-0.020256323941021656,-0.05139809451046049,-0.1356369986256785,0.001699039035318669,0.06023650175630157,0.13733603766099717,extrapolation,1.5042909400809348,1.7935893106797842,1.9394481740867129,0,Ma_xp_A1900_n65_r26_v00_90000.hdf5; Ma_xp_A2000_n65_r24_v00_90000.hdf5; Ma_xp_A2000_s030z_n65_r28_v00_90000.hdf5,True,False,False,0.0074941469323487045,low,-0.020256323941021656,0.001699039035318669,-0.1356369986256785
19.5,3.0,0.4,,none,65.0,0.002,none,90000,mass19.5_peri,,,-0.020256323941021656,-0.054082723516402066,-0.14380723688813007,0.0018153902799455128,0.06408149169616273,0.14562262716807559,extrapolation,1.770978780643266,2.006469609543329,2.090439004525482,0,Ma_xp_A1900_n65_r26_v00_90000.hdf5; Ma_xp_A2000_s030z_n65_r30_v00_90000.hdf5; Ma_xp_A2000_n65_r24_v00_90000.hdf5,True,False,False,0.0033395540465238865,low,-0.020256323941021656,0.0018153902799455128,-0.14380723688813007
19.5,1.1,0.8,,none,65.0,0.002,none,90000,mass19.5_peri,,,0.037396954750217565,0.013572980033715173,-0.03069958561134281,0.037396954750217565,0.03133574482414569,0.06809654036156038,extrapolation,1.0395174788059491,1.07621135193875,1.1055664504449907,5,Ma_xp_A2000_n65_r12_v08_90000.hdf5; Ma_xp_A1900_n65_r12_v08_90000.hdf5; Ma_xp_A2000_n65_r12_v10_90000.hdf5,True,False,True,0.018904560346539267,low,0.037396954750217565,0.03402157096227077,-0.03069958561134281
19.5,1.2,0.8,,none,65.0,0.002,none,90000,mass19.5_peri,,,0.004733576509015727,0.00035690758432305414,-0.0358282998894455,0.03216544613339893,0.027930315641038334,0.06799374602284443,sparse interpolation,1.0038959298585104,1.0417613112961055,1.0720536164461814,5,Ma_xp_A2000_n65_r12_v08_90000.hdf5; Ma_xp_A1900_n65_r12_v08_90000.hdf5; Ma_xp_A2000_n65_r12_v10_90000.hdf5,True,True,True,0.01890880563181957,medium,0.004733576509015727,0.03216544613339893,-0.0358282998894455
19.5,1.3,0.8,,none,65.0,0.002,none,90000,mass19.5_peri,,,0.004733576509015727,-0.001970726276757861,-0.0410278925848309,0.03038213724554159,0.029535953762334824,0.07141002983037249,sparse interpolation,1.0395174788059491,1.0395174788059494,1.0835501265653102,5,Ma_xp_A2000_n65_r14_v08_90000.hdf5; Ma_xp_A2000_n65_r12_v08_90000.hdf5; Ma_xp_A1900_n65_r12_v08_90000.hdf5,True,True,True,0.012667675047487163,medium,0.004733576509015727,0.03038213724554159,-0.0410278925848309
19.5,1.4,0.8,,none,65.0,0.002,none,90000,mass19.5_peri,,,-0.004485191948193519,-0.012321094057644826,-0.046499266766550196,0.014021176541809236,0.025321032574545148,0.06052044330835943,sparse interpolation,1.0038959298585104,1.0796266927337006,1.0992187430609406,5,Ma_xp_A2000_n65_r14_v08_90000.hdf5; Ma_xp_A2000_n65_r14_v10_90000.hdf5; Ma_xp_A1900_n65_r14_v06_90000.hdf5,True,True,False,0.007503517897674808,medium,-0.004485191948193519,0.014021176541809236,-0.046499266766550196
19.5,1.5,0.8,,none,65.0,0.002,none,90000,mass19.5_peri,,,-0.002840968885813746,-0.015832312720176638,-0.0524464827958564,0.0077905135211402245,0.02625141510205301,0.060236996316996624,sparse interpolation,1.0395174788059494,1.0762113519387502,1.1055664504449907,5,Ma_xp_A2000_n65_r14_v08_90000.hdf5; Ma_xp_A2000_n65_r16_v08_90000.hdf5; Ma_xp_A2000_n65_r14_v10_90000.hdf5,True,True,False,0.008976755487846601,medium,-0.002840968885813746,0.0077905135211402245,-0.0524464827958564
19.5,1.6,0.8,,none,65.0,0.002,none,90000,mass19.5_peri,,,-0.005469838634974073,-0.02044379799773841,-0.05911060593209494,0.0032490505738537816,0.027572284201510113,0.06235965650594872,sparse interpolation,1.0038959298585104,1.0796266927337006,1.1036646408131427,5,Ma_xp_A2000_n65_r16_v08_90000.hdf5; Ma_xp_A2000_n65_r16_v10_90000.hdf5; Ma_xp_A2000_n65_r16_v06_90000.hdf5,True,True,False,0.006999489107115599,medium,-0.005469838634974073,0.0032490505738537816,-0.05911060593209494
19.5,1.7,0.8,,none,65.0,0.002,none,90000,mass19.5_peri,,,-0.008163006953656904,-0.023738465476154772,-0.06682935804131976,0.0037769685665123374,0.030857300815231217,0.0706063266078321,sparse interpolation,1.0395174788059491,1.07621135193875,1.1055664504449907,5,Ma_xp_A2000_n65_r16_v08_90000.hdf5; Ma_xp_A2000_n65_r18_v08_90000.hdf5; Ma_xp_A2000_n65_r16_v10_90000.hdf5,True,True,False,0.005906828685000912,medium,-0.008163006953656904,0.0037769685665123374,-0.06682935804131976
19.5,1.8,0.8,,none,65.0,0.002,none,90000,mass19.5_peri,,,-0.008163006953656904,-0.027715216425147283,-0.07618500624980137,0.0012023639280164323,0.03448591922483175,0.0773873701778178,sparse interpolation,1.0038959298585104,1.0796266927337006,1.123909509204583,5,Ma_xp_A2000_n65_r18_v08_90000.hdf5; Ma_xp_A2000_n65_r18_v10_90000.hdf5; Ma_xp_A2000_n65_r18_v06_90000.hdf5,True,True,False,0.0070793466226652425,medium,-0.008163006953656904,0.0012023639280164323,-0.07618500624980137
19.5,1.9,0.8,,none,65.0,0.002,none,90000,mass19.5_peri,,,-0.016964651228175375,-0.03478207726778513,-0.08856196431106755,0.001180383735887542,0.03874289406891651,0.08974234804695509,sparse interpolation,1.0395174788059491,1.1129052250715505,1.127582774324671,5,Ma_xp_A2000_n65_r18_v08_90000.hdf5; Ma_xp_A2000_n65_r18_v10_90000.hdf5; Ma_xp_A2000_n65_r18_v06_90000.hdf5,True,True,False,0.006590620030354369,low,-0.016964651228175375,0.001180383735887542,-0.08856196431106755
19.5,2.0,0.8,,none,65.0,0.002,none,90000,mass19.5_peri,,,-0.02025491198986417,-0.04554381803816041,-0.11749502110020618,0.0011184789755891219,0.051620003725282956,0.1186135000757953,extrapolation,1.1174920741712955,1.124901903758299,1.1713195042107825,5,Ma_xp_A1900_n65_r20_v06_90000.hdf5; Ma_xp_A2000_n65_r20_v06_90000.hdf5; Ma_xp_A2000_n65_r18_v08_90000.hdf5,True,False,False,0.006473109762173972,low,-0.02025491198986417,0.0011184789755891219,-0.11749502110020618
19.5,2.2,0.8,,none,65.0,0.002,none,90000,mass19.5_peri,,,-0.02025491198986417,-0.04737845134643879,-0.12298405695157205,0.0011036149021198482,0.0541676555823868,0.1240876718536919,extrapolation,1.2409459048895082,1.3186039008257968,1.4027243326686896,2,Ma_xp_A1900_n65_r20_v06_90000.hdf5; Ma_xp_A2000_n65_r20_v06_90000.hdf5; Ma_xp_A2000_n65_r18_v08_90000.hdf5,True,False,False,0.006495445496323452,low,-0.02025491198986417,0.0011036149021198482,-0.12298405695157205
19.5,2.4,0.8,,none,65.0,0.002,none,90000,mass19.5_peri,,,-0.012085681128328264,-0.046624236003712495,-0.12889064178492907,0.0011036149021198482,0.05841980556035505,0.12999425668704892,extrapolation,1.5535190207851226,1.6260056074045037,1.7499679468826426,0,Ma_xp_A1900_n65_r20_v06_90000.hdf5; Ma_xp_A2000_n65_r20_v06_90000.hdf5; Ma_xp_A2000_n65_r20_v04_90000.hdf5,True,False,False,0.007339919282878456,low,-0.012085681128328264,0.0011036149021198482,-0.12889064178492907
19.5,2.6,0.8,,none,65.0,0.002,none,90000,mass19.5_peri,,,0.0027060627066299594,-0.04403955046534428,-0.13592832900478266,0.0027060627066299594,0.06497847169560089,0.13863439171141262,extrapolation,1.9670313579282475,2.025664850842688,2.110544229737318,0,Ma_xp_A1900_n65_r20_v06_90000.hdf5; Ma_xp_A2000_n65_r20_v06_90000.hdf5; Ma_xp_A2000_n65_r20_v04_90000.hdf5,True,False,False,0.007799804385958227,low,0.0027060627066299594,0.0011036149021198482,-0.13592832900478266
19.5,2.8,0.8,,none,65.0,0.002,none,90000,mass19.5_peri,,,-0.016969896090981536,-0.054605514329831926,-0.1479502618006341,0.0011036149021198482,0.0664158332538023,0.14905387670275394,extrapolation,2.270389659639894,2.3771284512113833,2.4323086327326857,0,Ma_xp_A1900_n65_r26_v00_90000.hdf5; Ma_xp_A1900_n65_r20_v06_90000.hdf5; Ma_xp_A2000_n65_r20_v06_90000.hdf5,True,False,False,0.00697594314386083,low,-0.016969896090981536,0.0011036149021198482,-0.1479502618006341
19.5,3.0,0.8,,none,65.0,0.002,none,90000,mass19.5_peri,,,-0.016969896090981536,-0.05559363125560136,-0.1509146125779424,0.0011036149021198482,0.06780476905594476,0.15201822748006225,extrapolation,2.4552278541265538,2.632453786069284,2.69695922798153,0,Ma_xp_A1900_n65_r26_v00_90000.hdf5; Ma_xp_A2000_s030z_n65_r30_v00_90000.hdf5; Ma_xp_A2000_n65_r24_v00_90000.hdf5,True,False,False,0.003695562438761181,low,-0.016969896090981536,0.0011036149021198482,-0.1509146125779424
19.5,1.2,0.0,,none,65.0,0.002,none,90000,mass19.5_velocity,,,0.06873595474135437,0.07989883959075035,0.06873595474135437,0.08703485927128196,0.007994756992971953,0.018298904529927593,boundary interpolation,0.0,0.6692639532390069,0.8173653634657839,5,Ma_xp_A1950_n65_r12_v00_90000.hdf5; Ma_xp_A1900_n65_r12_v00_90000.hdf5; Ma_xp_A2000_n65_r12_v00_90000.hdf5,True,True,True,0.04669784158452285,medium,0.06873595474135437,0.08392570475961471,0.08703485927128196
19.5,1.2,0.2,,none,65.0,0.002,none,90000,mass19.5_velocity,,,0.057186124165799004,0.05677214245648032,0.05217430083489573,0.060956002368746216,0.003597045648783255,0.008781701533850488,sparse interpolation,0.49089866352352296,0.8328968410801814,0.9467349343166269,5,Ma_xp_A1950_n65_r12_v00_90000.hdf5; Ma_xp_A2000_n65_r12_v02_90000.hdf5; Ma_xp_A1900_n65_r12_v02_90000.hdf5,True,True,True,0.04557801676055753,medium,0.057186124165799004,0.060956002368746216,0.05217430083489573
19.5,1.2,0.4,,none,65.0,0.002,none,90000,mass19.5_velocity,,,0.029581341700507403,0.035510756139460475,0.020062022437017178,0.05688890428085685,0.015608187451391892,0.03682688184383967,sparse interpolation,0.9817973270470459,0.9965297289213556,1.0449146670213314,5,Ma_xp_A1950_n65_r12_v00_90000.hdf5; Ma_xp_A1900_n65_r12_v04_90000.hdf5; Ma_xp_A2000_n65_r12_v04_90000.hdf5,True,True,True,0.04361539410335196,medium,0.029581341700507403,0.05688890428085685,0.020062022437017178
19.5,1.2,0.6,,none,65.0,0.002,none,90000,mass19.5_velocity,,,0.052375781069974446,0.03105256010666424,-0.009282319947903017,0.052375781069974446,0.028536675131420247,0.06165810101787746,sparse interpolation,1.0038959298585104,1.0796266927337006,1.0947728453087384,5,Ma_xp_A2000_n65_r12_v06_90000.hdf5; Ma_xp_A1900_n65_r12_v04_90000.hdf5; Ma_xp_A2000_n65_r12_v04_90000.hdf5,True,True,True,0.024582880556319565,medium,0.052375781069974446,0.0500642191979213,-0.009282319947903017
19.5,1.2,0.8,,none,65.0,0.002,none,90000,mass19.5_velocity,,,0.004733576509015727,0.00035690758432306335,-0.03582829988944547,0.03216544613339893,0.027930315641038324,0.0679937460228444,sparse interpolation,1.0038959298585104,1.0417613112961055,1.0720536164461814,5,Ma_xp_A2000_n65_r12_v08_90000.hdf5; Ma_xp_A1900_n65_r12_v08_90000.hdf5; Ma_xp_A2000_n65_r12_v10_90000.hdf5,True,True,True,0.01890880563181957,medium,0.004733576509015727,0.03216544613339893,-0.03582829988944547
19.5,1.2,1.0,,none,65.0,0.002,none,90000,mass19.5_velocity,,,-0.0029638553793114937,-0.011564085016065954,-0.05953771859151444,0.02780931892262807,0.03617410863198463,0.08734703751414251,sparse interpolation,1.0038959298585104,1.0417613112961055,1.0720536164461814,5,Ma_xp_A2000_n65_r12_v10_90000.hdf5; Ma_xp_A1900_n65_r12_v10_90000.hdf5; Ma_xp_A2000_n65_r12_v08_90000.hdf5,True,True,True,0.00809576545546523,low,-0.0029638553793114937,0.02780931892262807,-0.05953771859151444
19.5,1.2,1.2,,none,65.0,0.002,none,90000,mass19.5_velocity,,,-0.00973444512863356,-0.02114689166275721,-0.08036796780656077,0.026661737946922694,0.04443363913628192,0.10702970575348347,sparse interpolation,1.0038959298585104,1.0796266927337006,1.119463611452381,5,Ma_xp_A2000_n65_r12_v12_90000.hdf5; Ma_xp_A2000_n65_r12_v14_90000.hdf5; Ma_xp_A1900_n65_r12_v10_90000.hdf5,True,True,True,0.007023732995375258,low,-0.00973444512863356,0.026661737946922694,-0.08036796780656077
19.5,1.2,1.4,,none,65.0,0.002,none,90000,mass19.5_velocity,,,-0.01298861966043004,-0.03051451476674978,-0.09827523774317218,0.01972031310335287,0.04974002582998935,0.11799555084652505,extrapolation,1.0038959298585104,1.0796266927337006,1.2094496617206763,5,Ma_xp_A2000_n65_r12_v14_90000.hdf5; Ma_xp_A2000_n65_r12_v12_90000.hdf5; Ma_xp_A2000_n65_r12_v16_90000.hdf5,True,False,False,0.005732228807066802,low,-0.01298861966043004,0.01972031310335287,-0.09827523774317218
19.5,1.2,1.5,,none,65.0,0.002,none,90000,mass19.5_velocity,,,-0.01134439659805027,-0.03258116428992438,-0.10611940937507575,0.01972031310335287,0.05352357215819931,0.12583972247842862,extrapolation,1.0334662125337133,1.103976190970575,1.296602257986109,3,Ma_xp_A2000_n65_r12_v14_90000.hdf5; Ma_xp_A2000_n65_r12_v16_90000.hdf5; Ma_xp_A2000_n65_r12_v12_90000.hdf5,True,False,False,0.006260926703903059,low,-0.01134439659805027,0.01972031310335287,-0.10611940937507575
19.5,1.2,1.6,,none,65.0,0.002,none,90000,mass19.5_velocity,,,-0.009954727105208037,-0.03457321694787289,-0.11321719269659009,0.019452268958179447,0.05689082553770063,0.13266946165476953,extrapolation,1.0038959298585104,1.1751907064103155,1.4180397235660533,3,Ma_xp_A2000_n65_r12_v16_90000.hdf5; Ma_xp_A2000_n65_r12_v14_90000.hdf5; Ma_xp_A2000_n65_r12_v12_90000.hdf5,True,False,False,0.006051687801947189,low,-0.009954727105208037,0.019452268958179447,-0.11321719269659009
19.5,1.2,2.0,,none,65.0,0.002,none,90000,mass19.5_velocity,,,-0.009954727105208037,-0.04162012040826847,-0.1340541505061891,0.019148516386591728,0.06643185548888032,0.15320266689278084,extrapolation,1.4041841152011394,1.6830251143748896,1.8378674057099027,1,Ma_xp_A2000_n65_r12_v16_90000.hdf5; Ma_xp_A2000_n65_r12_v14_90000.hdf5; Ma_xp_A1900_s030z_n65_r12_v20_90000.hdf5,True,False,False,0.0060847630529389215,low,-0.009954727105208037,0.019148516386591728,-0.1340541505061891
19.5,1.6,0.0,,none,65.0,0.002,none,90000,mass19.5_velocity,,,0.013112457694803134,0.01942011318558425,0.00823551366715997,0.036912368194789644,0.012528111981792375,0.028676854527629674,boundary interpolation,0.0,0.6692639532390069,0.8173653634657839,5,Ma_xp_A1950_n65_r16_v00_90000.hdf5; Ma_xp_A1900_n65_r16_v00_90000.hdf5; Ma_xp_A2000_n65_r16_v00_90000.hdf5,True,True,True,0.042418795158624484,medium,0.013112457694803134,0.00823551366715997,0.036912368194789644
19.5,1.6,0.2,,none,65.0,0.002,none,90000,mass19.5_velocity,,,0.01246296853409551,0.010841725354249356,0.008953911513084802,0.01246296853409551,0.0014449141225422203,0.0035090570210107083,sparse interpolation,0.49089866352352296,0.8328968410801814,0.9467349343166269,5,Ma_xp_A1950_n65_r16_v00_90000.hdf5; Ma_xp_A2000_n65_r16_v02_90000.hdf5; Ma_xp_A1900_n65_r16_v02_90000.hdf5,True,True,False,0.040449650938908524,medium,0.01246296853409551,0.008953911513084802,0.011108296015567752
19.5,1.6,0.4,,none,65.0,0.002,none,90000,mass19.5_velocity,,,0.01583028646488285,0.0035316568929065935,-0.013516048154611354,0.01583028646488285,0.012442323665728592,0.029346334619494204,sparse interpolation,0.9817973270470459,0.9965297289213556,1.0449146670213314,5,Ma_xp_A1950_n65_r16_v00_90000.hdf5; Ma_xp_A2000_n65_r16_v04_90000.hdf5; Ma_xp_A1900_n65_r16_v04_90000.hdf5,True,True,False,0.02628343466477499,medium,0.01583028646488285,0.008280732368448285,-0.013516048154611354
19.5,1.6,0.6,,none,65.0,0.002,none,90000,mass19.5_velocity,,,0.003035017661765531,-0.009513583921038868,-0.036935264723017835,0.0053594952981357025,0.01941326406652099,0.04229476002115354,sparse interpolation,1.0038959298585104,1.0796266927337006,1.0992187430609406,5,Ma_xp_A2000_n65_r16_v06_90000.hdf5; Ma_xp_A1900_n65_r16_v04_90000.hdf5; Ma_xp_A2000_n65_r16_v04_90000.hdf5,True,True,False,0.010146266468671965,medium,0.003035017661765531,0.0053594952981357025,-0.036935264723017835
19.5,1.6,0.8,,none,65.0,0.002,none,90000,mass19.5_velocity,,,-0.005469838634974073,-0.020443797997738402,-0.05911060593209491,0.003249050573853781,0.027572284201510103,0.06235965650594869,sparse interpolation,1.0038959298585104,1.0796266927337006,1.1036646408131427,5,Ma_xp_A2000_n65_r16_v08_90000.hdf5; Ma_xp_A2000_n65_r16_v10_90000.hdf5; Ma_xp_A2000_n65_r16_v06_90000.hdf5,True,True,False,0.006999489107115599,medium,-0.005469838634974073,0.003249050573853781,-0.05911060593209491
19.5,1.6,1.0,,none,65.0,0.002,none,90000,mass19.5_velocity,,,-0.009627144490673242,-0.02922936226000662,-0.0799944511002503,0.0019335088109036847,0.036205274568845085,0.08192795991115398,sparse interpolation,1.0038959298585104,1.0870365223207041,1.1283554069567852,5,Ma_xp_A2000_n65_r16_v10_90000.hdf5; Ma_xp_A2000_n65_r16_v08_90000.hdf5; Ma_xp_A2000_n65_r18_v10_90000.hdf5,True,True,False,0.006035139831619624,low,-0.009627144490673242,0.0019335088109036847,-0.0799944511002503
19.5,1.6,1.2,,none,65.0,0.002,none,90000,mass19.5_velocity,,,-0.007073145852304722,-0.03489197353969365,-0.09953511892260389,0.0019323441558276614,0.0458572196883522,0.10146746307843155,extrapolation,1.1174920741712955,1.1997946279834373,1.2954975783699652,4,Ma_xp_A2000_n65_r16_v10_90000.hdf5; Ma_xp_A2000_n65_r18_v10_90000.hdf5; Ma_xp_A2000_n65_r14_v10_90000.hdf5,True,False,False,0.007219690913462767,low,-0.007073145852304722,0.0019323441558276614,-0.09953511892260389
19.5,1.6,1.4,,none,65.0,0.002,none,90000,mass19.5_velocity,,,-0.010179245250609249,-0.0419761262683312,-0.11768119131961954,0.0019320577652351967,0.05375942442028344,0.11961324908485474,extrapolation,1.4041841152011396,1.4607983159934828,1.4880409817693014,1,Ma_xp_A2000_n65_r16_v10_90000.hdf5; Ma_xp_A2000_n65_r12_v14_90000.hdf5; Ma_xp_A2000_n65_r18_v10_90000.hdf5,True,False,False,0.005914278034502246,low,-0.010179245250609249,0.0019320577652351967,-0.11768119131961954
19.5,1.6,1.5,,none,65.0,0.002,none,90000,mass19.5_velocity,,,-0.010179245250609249,-0.04482109523415507,-0.12621609821709115,0.0019320577652351967,0.05776695017123852,0.12814815598232634,extrapolation,1.4942172614965608,1.5246586271675104,1.5792875987833543,0,Ma_xp_A2000_n65_r12_v14_90000.hdf5; Ma_xp_A2000_n65_r12_v16_90000.hdf5; Ma_xp_A2000_n65_r16_v10_90000.hdf5,True,False,False,0.005929980620579789,low,-0.010179245250609249,0.0019320577652351967,-0.12621609821709115
19.5,1.6,1.6,,none,65.0,0.002,none,90000,mass19.5_velocity,,,-0.010179245250609249,-0.047544005133982714,-0.13438482791657408,0.0019320577652351967,0.061604476522156955,0.13631688568180927,extrapolation,1.473919892698374,1.5994725647089212,1.6885867193290636,0,Ma_xp_A2000_n65_r12_v16_90000.hdf5; Ma_xp_A2000_n65_r12_v14_90000.hdf5; Ma_xp_A2000_n65_r12_v12_90000.hdf5,True,False,False,0.005929980620579789,low,-0.010179245250609249,0.0019320577652351967,-0.13438482791657408
19.5,1.6,2.0,,none,65.0,0.002,none,90000,mass19.5_velocity,,,-0.010179245250609249,-0.057230111269881534,-0.1633029791977497,0.001791890638714334,0.07516389650380642,0.16509486983646401,extrapolation,1.7709787806432662,2.0023947323139204,2.1352755288472522,0,Ma_xp_A2000_n65_r12_v16_90000.hdf5; Ma_xp_A2000_n65_r12_v14_90000.hdf5; Ma_xp_A1900_s030z_n65_r12_v20_90000.hdf5,True,False,False,0.006077548032565817,low,-0.010179245250609249,0.001791890638714334,-0.1633029791977497
19.5,2.0,0.0,,none,65.0,0.002,none,90000,mass19.5_velocity,,,-0.009419170603210953,-0.01928830201312015,-0.05038378851135791,0.001938053075208409,0.022471368343471767,0.052321841586566324,boundary interpolation,1.0038959298585104,1.027643629156803,1.0559209017950755,5,Ma_xp_A2000_n65_r20_v00_90000.hdf5; Ma_xp_A1900_n65_r19_v00_90000.hdf5; Ma_xp_A2000_n65_r19_v00_90000.hdf5,True,True,False,0.010267264609479855,medium,-0.009419170603210953,0.001938053075208409,-0.05038378851135791
19.5,2.0,0.2,,none,65.0,0.002,none,90000,mass19.5_velocity,,,-0.010009539101492264,-0.024749158250394015,-0.06699310342049206,0.0027551677708022764,0.030322132873910085,0.06974827119129433,sparse interpolation,1.0038959298585104,1.0796266927337006,1.1036646408131427,5,Ma_xp_A2000_n65_r20_v02_90000.hdf5; Ma_xp_A2000_n65_r20_v04_90000.hdf5; Ma_xp_A2000_n65_r20_v00_90000.hdf5,True,True,False,0.010010568044283382,medium,-0.010009539101492264,0.0027551677708022764,-0.06699310342049206
19.5,2.0,0.4,,none,65.0,0.002,none,90000,mass19.5_velocity,,,-0.01103815195486876,-0.030707757086725296,-0.0837221334801207,0.002637014174813566,0.037900269308225695,0.08635914765493426,sparse interpolation,1.0038959298585104,1.0796266927337006,1.0992187430609406,5,Ma_xp_A2000_n65_r20_v04_90000.hdf5; Ma_xp_A2000_n65_r20_v06_90000.hdf5; Ma_xp_A1900_n65_r20_v06_90000.hdf5,True,True,False,0.010049796181811673,low,-0.01103815195486876,0.002637014174813566,-0.0837221334801207
19.5,2.0,0.6,,none,65.0,0.002,none,90000,mass19.5_velocity,,,-0.013212210722296837,-0.03755356668978758,-0.10056101801790143,0.0011125286708355288,0.04493516612349224,0.10167354668873696,sparse interpolation,1.0038959298585104,1.0417613112961055,1.101190280342026,5,Ma_xp_A2000_n65_r20_v06_90000.hdf5; Ma_xp_A1900_n65_r20_v06_90000.hdf5; Ma_xp_A2000_n65_r20_v04_90000.hdf5,True,True,False,0.008254275302969544,low,-0.013212210722296837,0.0011125286708355288,-0.10056101801790143
19.5,2.0,0.8,,none,65.0,0.002,none,90000,mass19.5_velocity,,,-0.02025491198986417,-0.0455438180381604,-0.11749502110020615,0.001118478975589122,0.051620003725282936,0.11861350007579527,extrapolation,1.1174920741712955,1.124901903758299,1.1713195042107825,5,Ma_xp_A1900_n65_r20_v06_90000.hdf5; Ma_xp_A2000_n65_r20_v06_90000.hdf5; Ma_xp_A2000_n65_r18_v08_90000.hdf5,True,False,False,0.006473109762173972,low,-0.02025491198986417,0.001118478975589122,-0.11749502110020615
19.5,2.0,1.0,,none,65.0,0.002,none,90000,mass19.5_velocity,,,-0.014734209369239104,-0.04938922884201793,-0.13450656404599934,0.0010730868891846701,0.060532020275336336,0.135579650935184,extrapolation,1.139721562932306,1.2616171943409846,1.3325911181844934,4,Ma_xp_A2000_n65_r18_v10_90000.hdf5; Ma_xp_A2000_n65_r18_v08_90000.hdf5; Ma_xp_A2000_n65_r20_v06_90000.hdf5,True,False,False,0.007098541171491333,low,-0.014734209369239104,0.0010730868891846701,-0.13450656404599934
19.5,2.0,1.2,,none,65.0,0.002,none,90000,mass19.5_velocity,,,-0.014734209369239104,-0.055079467175175194,-0.15157727904547114,0.0010730868891846701,0.06853874050767039,0.1526503659346558,extrapolation,1.240945904889508,1.4329186219185217,1.5704095791396981,1,Ma_xp_A2000_n65_r18_v10_90000.hdf5; Ma_xp_A2000_n65_r18_v08_90000.hdf5; Ma_xp_A2000_n65_r16_v10_90000.hdf5,True,False,False,0.00658730632965423,low,-0.014734209369239104,0.0010730868891846701,-0.15157727904547114
19.5,2.0,1.4,,none,65.0,0.002,none,90000,mass19.5_velocity,,,-0.014734209369239104,-0.06078360608430824,-0.16868969577287027,0.0010730868891846701,0.0765735411120464,0.16976278266205494,extrapolation,1.5042909400809348,1.7124907913143648,1.8653085675202938,0,Ma_xp_A2000_n65_r18_v10_90000.hdf5; Ma_xp_A2000_n65_r16_v10_90000.hdf5; Ma_xp_A2000_n65_r18_v08_90000.hdf5,True,False,False,0.00658730632965423,low,-0.014734209369239104,0.0010730868891846701,-0.16868969577287027
19.5,2.0,1.5,,none,65.0,0.002,none,90000,mass19.5_velocity,,,-0.014734209369239104,-0.0636392469525743,-0.17725661837766846,0.0010730868891846701,0.08059837868886796,0.17832970526685313,extrapolation,1.6748431576031948,1.884865558742473,2.0297738836978114,0,Ma_xp_A2000_n65_r18_v10_90000.hdf5; Ma_xp_A2000_n65_r16_v10_90000.hdf5; Ma_xp_A2000_n65_r18_v08_90000.hdf5,True,False,False,0.00658730632965423,low,-0.014734209369239104,0.0010730868891846701,-0.17725661837766846
19.5,2.0,1.6,,none,65.0,0.002,none,90000,mass19.5_velocity,,,-0.014734209369239104,-0.06649649823235622,-0.18582837221701423,0.0010730868891846701,0.08462678758434242,0.1869014591061989,extrapolation,1.862202653218894,2.0720548550673374,2.1942050796743318,0,Ma_xp_A2000_n65_r18_v10_90000.hdf5; Ma_xp_A2000_n65_r16_v10_90000.hdf5; Ma_xp_A2000_n65_r18_v08_90000.hdf5,True,False,False,0.006588274157768731,low,-0.014734209369239104,0.0010730868891846701,-0.18582837221701423
19.5,2.0,2.0,,none,65.0,0.002,none,90000,mass19.5_velocity,,,-0.014750685400522531,-0.07793781818162025,-0.2201358560335229,0.0010730868891846701,0.10075650324443076,0.22120894292270757,extrapolation,2.574929955902726,2.693421576055971,2.758843629251379,0,Ma_xp_A2000_n65_r12_v16_90000.hdf5; Ma_xp_A2000_n65_r18_v10_90000.hdf5; Ma_xp_A2000_n65_r12_v14_90000.hdf5,True,False,False,0.006807412262118967,low,-0.014750685400522531,0.0010730868891846701,-0.2201358560335229
