simulation_id,filename,file_path,file_size_bytes,mass_code,mass_value,special_case_code,spin_code,spin_value,spin_axis,has_explicit_spin,resolution_code,resolution_value,periapsis_code,periapsis_value,velocity_code,velocity_value,timestep,fof_linking_length,chunk_index,parttype_group,particle_count_total,n_fof_groups,fragment_count_min_particles,largest_fragment_particle_count,mass_metrics_available,mass_unit,total_particle_mass_kg,largest_fragment_mass_kg,total_fragment_mass_kg,fragment_mass_fraction,particle_count_metrics_are_proxies,excluded_group_ids,min_particles
Ma_xp_A1800_n60_r12_v00_90000_fof_0.0001_0000,Ma_xp_A1800_n60_r12_v00_90000_fof_0.0001_0000.hdf5,/rds/general/ephemeral/user/nny124/ephemeral/martian_moons_data/Ma_xp_A1800_n60_r12_v00_90000_fof_0.0001_0000.hdf5,140435643,A1800,1800,,,,,False,n60,60,r12,12,v00,0,90000,0.0001,0,PartType0,1002827,0,0,0,True,kg,0,0.0,0,nan,True,"-1,2147483647",20
Ma_xp_A1800_n60_r12_v00_90000_fof_0.0013_0000,Ma_xp_A1800_n60_r12_v00_90000_fof_0.0013_0000.hdf5,/rds/general/ephemeral/user/nny124/ephemeral/martian_moons_data/Ma_xp_A1800_n60_r12_v00_90000_fof_0.0013_0000.hdf5,140435643,A1800,1800,,,,,False,n60,60,r12,12,v00,0,90000,0.0013,0,PartType0,1002827,265,265,69353,True,kg,9.907059800543278e+17,6.9126724252498056e+16,9.907059800543278e+17,1.0,True,"-1,2147483647",20
Ma_xp_A1800_n60_r12_v00_90000_fof_0.0014_0000,Ma_xp_A1800_n60_r12_v00_90000_fof_0.0014_0000.hdf5,/rds/general/ephemeral/user/nny124/ephemeral/martian_moons_data/Ma_xp_A1800_n60_r12_v00_90000_fof_0.0014_0000.hdf5,140435651,A1800,1800,,,,,False,n60,60,r12,12,v00,0,90000,0.0014,0,PartType0,1002827,265,265,69353,True,kg,9.908983502255526e+17,6.9126724252498056e+16,9.908983502255526e+17,1.0,True,"-1,2147483647",20
Ma_xp_A1800_n60_r12_v00_90000_fof_0.0016_0000,Ma_xp_A1800_n60_r12_v00_90000_fof_0.0016_0000.hdf5,/rds/general/ephemeral/user/nny124/ephemeral/martian_moons_data/Ma_xp_A1800_n60_r12_v00_90000_fof_0.0016_0000.hdf5,140435643,A1800,1800,,,,,False,n60,60,r12,12,v00,0,90000,0.0016,0,PartType0,1002827,264,264,69353,True,kg,9.912163097477622e+17,6.9126724252498056e+16,9.912163097477622e+17,1.0,True,"-1,2147483647",20
Ma_xp_A1800_n60_r12_v00_90000_fof_0.002_0000,Ma_xp_A1800_n60_r12_v00_90000_fof_0.002_0000.hdf5,/rds/general/ephemeral/user/nny124/ephemeral/martian_moons_data/Ma_xp_A1800_n60_r12_v00_90000_fof_0.002_0000.hdf5,140435651,A1800,1800,,,,,False,n60,60,r12,12,v00,0,90000,0.002,0,PartType0,1002827,265,265,69353,True,kg,9.908983502255526e+17,6.9126724252498056e+16,9.908983502255526e+17,1.0,True,"-1,2147483647",20
Ma_xp_A1800_n60_r16_v00_90000_fof_0.0001_0000,Ma_xp_A1800_n60_r16_v00_90000_fof_0.0001_0000.hdf5,/rds/general/ephemeral/user/nny124/ephemeral/martian_moons_data/Ma_xp_A1800_n60_r16_v00_90000_fof_0.0001_0000.hdf5,140435643,A1800,1800,,,,,False,n60,60,r16,16,v00,0,90000,0.0001,0,PartType0,1002827,0,0,0,True,kg,0,0.0,0,nan,True,"-1,2147483647",20
Ma_xp_A1800_n60_r16_v00_90000_fof_0.0013_0000,Ma_xp_A1800_n60_r16_v00_90000_fof_0.0013_0000.hdf5,/rds/general/ephemeral/user/nny124/ephemeral/martian_moons_data/Ma_xp_A1800_n60_r16_v00_90000_fof_0.0013_0000.hdf5,140435643,A1800,1800,,,,,False,n60,60,r16,16,v00,0,90000,0.0013,0,PartType0,1002827,88,88,278913,True,kg,9.971349396998381e+17,2.780033845824071e+17,9.971349396998381e+17,1.0,True,"-1,2147483647",20
Ma_xp_A1800_n60_r16_v00_90000_fof_0.0014_0000,Ma_xp_A1800_n60_r16_v00_90000_fof_0.0014_0000.hdf5,/rds/general/ephemeral/user/nny124/ephemeral/martian_moons_data/Ma_xp_A1800_n60_r16_v00_90000_fof_0.0014_0000.hdf5,140435651,A1800,1800,,,,,False,n60,60,r16,16,v00,0,90000,0.0014,0,PartType0,1002827,88,88,278913,True,kg,9.972346132906166e+17,2.780033845824071e+17,9.972346132906166e+17,1.0,True,"-1,2147483647",20
Ma_xp_A1800_n60_r16_v00_90000_fof_0.0016_0000,Ma_xp_A1800_n60_r16_v00_90000_fof_0.0016_0000.hdf5,/rds/general/ephemeral/user/nny124/ephemeral/martian_moons_data/Ma_xp_A1800_n60_r16_v00_90000_fof_0.0016_0000.hdf5,140435643,A1800,1800,,,,,False,n60,60,r16,16,v00,0,90000,0.0016,0,PartType0,1002827,88,88,278913,True,kg,9.973442540741564e+17,2.780033845824071e+17,9.973442540741564e+17,1.0,True,"-1,2147483647",20
Ma_xp_A1800_n60_r16_v00_90000_fof_0.002_0000,Ma_xp_A1800_n60_r16_v00_90000_fof_0.002_0000.hdf5,/rds/general/ephemeral/user/nny124/ephemeral/martian_moons_data/Ma_xp_A1800_n60_r16_v00_90000_fof_0.002_0000.hdf5,140435651,A1800,1800,,,,,False,n60,60,r16,16,v00,0,90000,0.002,0,PartType0,1002827,88,88,278913,True,kg,9.974967552631337e+17,2.780033845824071e+17,9.974967552631337e+17,1.0,True,"-1,2147483647",20
Ma_xp_A1850_n60_r12_v00_90000_fof_0.0014_0000,Ma_xp_A1850_n60_r12_v00_90000_fof_0.0014_0000.hdf5,/rds/general/ephemeral/user/nny124/ephemeral/martian_moons_data/Ma_xp_A1850_n60_r12_v00_90000_fof_0.0014_0000.hdf5,140435643,A1850,1850,,,,,False,n60,60,r12,12,v00,0,90000,0.0014,0,PartType0,1002827,132,132,55215,True,kg,3.152599302709076e+18,1.7405377670784746e+17,3.152599302709076e+18,1.0,True,"-1,2147483647",20
Ma_xp_A1850_n60_r12_v00_90000_fof_0.0019_0000,Ma_xp_A1850_n60_r12_v00_90000_fof_0.0019_0000.hdf5,/rds/general/ephemeral/user/nny124/ephemeral/martian_moons_data/Ma_xp_A1850_n60_r12_v00_90000_fof_0.0019_0000.hdf5,140435643,A1850,1850,,,,,False,n60,60,r12,12,v00,0,90000,0.0019,0,PartType0,1002827,135,135,55222,True,kg,3.1545883930372864e+18,1.7407584262963686e+17,3.1545883930372864e+18,1.0,True,"-1,2147483647",20
Ma_xp_A1850_n60_r12_v00_90000_fof_0.0024_0000,Ma_xp_A1850_n60_r12_v00_90000_fof_0.0024_0000.hdf5,/rds/general/ephemeral/user/nny124/ephemeral/martian_moons_data/Ma_xp_A1850_n60_r12_v00_90000_fof_0.0024_0000.hdf5,140435643,A1850,1850,,,,,False,n60,60,r12,12,v00,0,90000,0.0024,0,PartType0,1002827,135,135,55225,True,kg,3.155209392619339e+18,1.74085299561836e+17,3.155209392619339e+18,1.0,True,"-1,2147483647",20
Ma_xp_A1850_n60_r12_v00_90000_fof_0.002_0000,Ma_xp_A1850_n60_r12_v00_90000_fof_0.002_0000.hdf5,/rds/general/ephemeral/user/nny124/ephemeral/martian_moons_data/Ma_xp_A1850_n60_r12_v00_90000_fof_0.002_0000.hdf5,140435651,A1850,1850,,,,,False,n60,60,r12,12,v00,0,90000,0.002,0,PartType0,1002827,135,135,55222,True,kg,3.154749158940264e+18,1.7407584262963686e+17,3.154749158940264e+18,1.0,True,"-1,2147483647",20
Ma_xp_A1850_n60_r16_v00_90000_fof_0.0014_0000,Ma_xp_A1850_n60_r16_v00_90000_fof_0.0014_0000.hdf5,/rds/general/ephemeral/user/nny124/ephemeral/martian_moons_data/Ma_xp_A1850_n60_r16_v00_90000_fof_0.0014_0000.hdf5,140435643,A1850,1850,,,,,False,n60,60,r16,16,v00,0,90000,0.0014,0,PartType0,1002827,61,61,210426,True,kg,3.157220554545605e+18,6.63321932741246e+17,3.157220554545605e+18,1.0,True,"-1,2147483647",20
Ma_xp_A1850_n60_r16_v00_90000_fof_0.0019_0000,Ma_xp_A1850_n60_r16_v00_90000_fof_0.0019_0000.hdf5,/rds/general/ephemeral/user/nny124/ephemeral/martian_moons_data/Ma_xp_A1850_n60_r16_v00_90000_fof_0.0019_0000.hdf5,140435643,A1850,1850,,,,,False,n60,60,r16,16,v00,0,90000,0.0019,0,PartType0,1002827,61,61,210429,True,kg,3.158059061563548e+18,6.633313896170666e+17,3.158059061563548e+18,1.0,True,"-1,2147483647",20
Ma_xp_A1850_n60_r16_v00_90000_fof_0.0024_0000,Ma_xp_A1850_n60_r16_v00_90000_fof_0.0024_0000.hdf5,/rds/general/ephemeral/user/nny124/ephemeral/martian_moons_data/Ma_xp_A1850_n60_r16_v00_90000_fof_0.0024_0000.hdf5,140435643,A1850,1850,,,,,False,n60,60,r16,16,v00,0,90000,0.0024,0,PartType0,1002827,61,61,210429,True,kg,3.158172543988177e+18,6.633313896170666e+17,3.158172543988177e+18,1.0,True,"-1,2147483647",20
Ma_xp_A1850_n60_r16_v00_90000_fof_0.002_0000,Ma_xp_A1850_n60_r16_v00_90000_fof_0.002_0000.hdf5,/rds/general/ephemeral/user/nny124/ephemeral/martian_moons_data/Ma_xp_A1850_n60_r16_v00_90000_fof_0.002_0000.hdf5,140435651,A1850,1850,,,,,False,n60,60,r16,16,v00,0,90000,0.002,0,PartType0,1002827,61,61,210429,True,kg,3.1581000415555174e+18,6.633313896170666e+17,3.1581000415555174e+18,1.0,True,"-1,2147483647",20
Ma_xp_A1900_n50_r12_v00_54000_fof_0.006_0000,Ma_xp_A1900_n50_r12_v00_54000_fof_0.006_0000.hdf5,/rds/general/ephemeral/user/nny124/ephemeral/martian_moons_data/Ma_xp_A1900_n50_r12_v00_54000_fof_0.006_0000.hdf5,50119229,A1900,1900,,,,,False,n50,50,r12,12,v00,0,54000,0.006,0,PartType0,108605,92,92,6829,True,kg,9.916082532868033e+18,6.28633889061813e+17,9.916082532868033e+18,1.0,True,"-1,2147483647",20
Ma_xp_A1900_n50_r12_v00_56000_fof_0.006_0000,Ma_xp_A1900_n50_r12_v00_56000_fof_0.006_0000.hdf5,/rds/general/ephemeral/user/nny124/ephemeral/martian_moons_data/Ma_xp_A1900_n50_r12_v00_56000_fof_0.006_0000.hdf5,50119229,A1900,1900,,,,,False,n50,50,r12,12,v00,0,56000,0.006,0,PartType0,108605,87,87,6909,True,kg,9.924643464845242e+18,6.360011882769449e+17,9.924643464845242e+18,1.0,True,"-1,2147483647",20
Ma_xp_A1900_n50_r12_v00_58000_fof_0.006_0000,Ma_xp_A1900_n50_r12_v00_58000_fof_0.006_0000.hdf5,/rds/general/ephemeral/user/nny124/ephemeral/martian_moons_data/Ma_xp_A1900_n50_r12_v00_58000_fof_0.006_0000.hdf5,50119229,A1900,1900,,,,,False,n50,50,r12,12,v00,0,58000,0.006,0,PartType0,108605,84,84,7064,True,kg,9.93808314295176e+18,6.502694938348407e+17,9.93808314295176e+18,1.0,True,"-1,2147483647",20
Ma_xp_A1900_n50_r12_v00_60000_fof_0.006_0000,Ma_xp_A1900_n50_r12_v00_60000_fof_0.006_0000.hdf5,/rds/general/ephemeral/user/nny124/ephemeral/martian_moons_data/Ma_xp_A1900_n50_r12_v00_60000_fof_0.006_0000.hdf5,50119229,A1900,1900,,,,,False,n50,50,r12,12,v00,0,60000,0.006,0,PartType0,108605,80,80,8493,True,kg,9.94415865999262e+18,7.818145918853169e+17,9.94415865999262e+18,1.0,True,"-1,2147483647",20
Ma_xp_A1900_n50_r12_v00_62000_fof_0.006_0000,Ma_xp_A1900_n50_r12_v00_62000_fof_0.006_0000.hdf5,/rds/general/ephemeral/user/nny124/ephemeral/martian_moons_data/Ma_xp_A1900_n50_r12_v00_62000_fof_0.006_0000.hdf5,50119229,A1900,1900,,,,,False,n50,50,r12,12,v00,0,62000,0.006,0,PartType0,108605,76,76,8491,True,kg,9.949957991382735e+18,7.816304689739533e+17,9.949957991382735e+18,1.0,True,"-1,2147483647",20
Ma_xp_A1900_n50_r12_v00_64000_fof_0.006_0000,Ma_xp_A1900_n50_r12_v00_64000_fof_0.006_0000.hdf5,/rds/general/ephemeral/user/nny124/ephemeral/martian_moons_data/Ma_xp_A1900_n50_r12_v00_64000_fof_0.006_0000.hdf5,50119229,A1900,1900,,,,,False,n50,50,r12,12,v00,0,64000,0.006,0,PartType0,108605,71,71,8495,True,kg,9.954560680792881e+18,7.819987021054381e+17,9.954560680792881e+18,1.0,True,"-1,2147483647",20
Ma_xp_A1900_n50_r12_v00_66000_fof_0.006_0000,Ma_xp_A1900_n50_r12_v00_66000_fof_0.006_0000.hdf5,/rds/general/ephemeral/user/nny124/ephemeral/martian_moons_data/Ma_xp_A1900_n50_r12_v00_66000_fof_0.006_0000.hdf5,50119229,A1900,1900,,,,,False,n50,50,r12,12,v00,0,66000,0.006,0,PartType0,108605,67,67,8497,True,kg,9.957782605471326e+18,7.821827988432955e+17,9.957782605471326e+18,1.0,True,"-1,2147483647",20
Ma_xp_A1900_n50_r12_v00_68000_fof_0.006_0000,Ma_xp_A1900_n50_r12_v00_68000_fof_0.006_0000.hdf5,/rds/general/ephemeral/user/nny124/ephemeral/martian_moons_data/Ma_xp_A1900_n50_r12_v00_68000_fof_0.006_0000.hdf5,50119229,A1900,1900,,,,,False,n50,50,r12,12,v00,0,68000,0.006,0,PartType0,108605,64,64,8703,True,kg,9.9599919206327e+18,8.011457168291612e+17,9.9599919206327e+18,1.0,True,"-1,2147483647",20
Ma_xp_A1900_n50_r12_v00_70000_fof_0.006_0000,Ma_xp_A1900_n50_r12_v00_70000_fof_0.006_0000.hdf5,/rds/general/ephemeral/user/nny124/ephemeral/martian_moons_data/Ma_xp_A1900_n50_r12_v00_70000_fof_0.006_0000.hdf5,50119229,A1900,1900,,,,,False,n50,50,r12,12,v00,0,70000,0.006,0,PartType0,108605,64,64,8703,True,kg,9.96229325049548e+18,8.011457168291593e+17,9.96229325049548e+18,1.0,True,"-1,2147483647",20
Ma_xp_A1900_n50_r12_v00_72000_fof_0.006_0000,Ma_xp_A1900_n50_r12_v00_72000_fof_0.006_0000.hdf5,/rds/general/ephemeral/user/nny124/ephemeral/martian_moons_data/Ma_xp_A1900_n50_r12_v00_72000_fof_0.006_0000.hdf5,50119229,A1900,1900,,,,,False,n50,50,r12,12,v00,0,72000,0.006,0,PartType0,108605,61,61,8703,True,kg,9.96781639561036e+18,8.011457168291612e+17,9.96781639561036e+18,1.0,True,"-1,2147483647",20
Ma_xp_A1900_n50_r12_v00_90000_fof_0.006_0000,Ma_xp_A1900_n50_r12_v00_90000_fof_0.006_0000.hdf5,/rds/general/ephemeral/user/nny124/ephemeral/martian_moons_data/Ma_xp_A1900_n50_r12_v00_90000_fof_0.006_0000.hdf5,50119229,A1900,1900,,,,,False,n50,50,r12,12,v00,0,90000,0.006,0,PartType0,108605,47,47,10370,True,kg,9.977113687907529e+18,9.545948509298706e+17,9.977113687907529e+18,1.0,True,"-1,2147483647",20
Ma_xp_A1900_n50_r16_v00_72000_fof_0.006_0000,Ma_xp_A1900_n50_r16_v00_72000_fof_0.006_0000.hdf5,/rds/general/ephemeral/user/nny124/ephemeral/martian_moons_data/Ma_xp_A1900_n50_r16_v00_72000_fof_0.006_0000.hdf5,50119229,A1900,1900,,,,,False,n50,50,r16,16,v00,0,72000,0.006,0,PartType0,108605,18,18,38061,True,kg,9.984938231407104e+18,3.503641645141961e+18,9.984938231407104e+18,1.0,True,"-1,2147483647",20
Ma_xp_A1900_n50_r16_v00_90000_fof_0.006_0000,Ma_xp_A1900_n50_r16_v00_90000_fof_0.006_0000.hdf5,/rds/general/ephemeral/user/nny124/ephemeral/martian_moons_data/Ma_xp_A1900_n50_r16_v00_90000_fof_0.006_0000.hdf5,50119229,A1900,1900,,,,,False,n50,50,r16,16,v00,0,90000,0.006,0,PartType0,108605,17,17,45734,True,kg,9.990185320066548e+18,4.2099659632313564e+18,9.990185320066548e+18,1.0,True,"-1,2147483647",20
Ma_xp_A1900_n55_r12_v00_72000_fof_0.004_0000,Ma_xp_A1900_n55_r12_v00_72000_fof_0.004_0000.hdf5,/rds/general/ephemeral/user/nny124/ephemeral/martian_moons_data/Ma_xp_A1900_n55_r12_v00_72000_fof_0.004_0000.hdf5,71407403,A1900,1900,,,,,False,n55,55,r12,12,v00,0,72000,0.004,0,PartType0,319379,97,97,19062,True,kg,9.972751113310925e+18,5.967149749250502e+17,9.972751113310925e+18,1.0,True,"-1,2147483647",20
Ma_xp_A1900_n55_r12_v00_90000_fof_0.004_0000,Ma_xp_A1900_n55_r12_v00_90000_fof_0.004_0000.hdf5,/rds/general/ephemeral/user/nny124/ephemeral/martian_moons_data/Ma_xp_A1900_n55_r12_v00_90000_fof_0.004_0000.hdf5,71407403,A1900,1900,,,,,False,n55,55,r12,12,v00,0,90000,0.004,0,PartType0,319379,72,72,28826,True,kg,9.983864024145564e+18,9.023763927266004e+17,9.983864024145564e+18,1.0,True,"-1,2147483647",20
Ma_xp_A1900_n55_r16_v00_72000_fof_0.004_0000,Ma_xp_A1900_n55_r16_v00_72000_fof_0.004_0000.hdf5,/rds/general/ephemeral/user/nny124/ephemeral/martian_moons_data/Ma_xp_A1900_n55_r16_v00_72000_fof_0.004_0000.hdf5,71407403,A1900,1900,,,,,False,n55,55,r16,16,v00,0,72000,0.004,0,PartType0,319379,58,58,89819,True,kg,9.980232782581297e+18,2.811689506800592e+18,9.980232782581297e+18,1.0,True,"-1,2147483647",20
Ma_xp_A1900_n55_r16_v00_90000_fof_0.004_0000,Ma_xp_A1900_n55_r16_v00_90000_fof_0.004_0000.hdf5,/rds/general/ephemeral/user/nny124/ephemeral/martian_moons_data/Ma_xp_A1900_n55_r16_v00_90000_fof_0.004_0000.hdf5,71407403,A1900,1900,,,,,False,n55,55,r16,16,v00,0,90000,0.004,0,PartType0,319379,36,36,90645,True,kg,9.990375288430428e+18,2.837546514758993e+18,9.990375288430428e+18,1.0,True,"-1,2147483647",20
Ma_xp_A1900_n60_r12_v00_72000_fof_0.003_0000,Ma_xp_A1900_n60_r12_v00_72000_fof_0.003_0000.hdf5,/rds/general/ephemeral/user/nny124/ephemeral/martian_moons_data/Ma_xp_A1900_n60_r12_v00_72000_fof_0.003_0000.hdf5,140435651,A1900,1900,,,,,False,n60,60,r12,12,v00,0,72000,0.003,0,PartType0,1002827,168,168,63886,True,kg,9.975785986035202e+18,6.36937087117975e+17,9.975785986035202e+18,1.0,True,"-1,2147483647",20
Ma_xp_A1900_n60_r12_v00_90000_fof_0.003_0000,Ma_xp_A1900_n60_r12_v00_90000_fof_0.003_0000.hdf5,/rds/general/ephemeral/user/nny124/ephemeral/martian_moons_data/Ma_xp_A1900_n60_r12_v00_90000_fof_0.003_0000.hdf5,140435651,A1900,1900,,,,,False,n60,60,r12,12,v00,0,90000,0.003,0,PartType0,1002827,123,123,64224,True,kg,9.988487570590872e+18,6.403069017605837e+17,9.988487570590872e+18,1.0,True,"-1,2147483647",20
Ma_xp_A1900_n60_r16_v00_72000_fof_0.003_0000,Ma_xp_A1900_n60_r16_v00_72000_fof_0.003_0000.hdf5,/rds/general/ephemeral/user/nny124/ephemeral/martian_moons_data/Ma_xp_A1900_n60_r16_v00_72000_fof_0.003_0000.hdf5,140435651,A1900,1900,,,,,False,n60,60,r16,16,v00,0,72000,0.003,0,PartType0,1002827,125,125,263006,True,kg,9.979953367695475e+18,2.622126938692686e+18,9.979953367695475e+18,1.0,True,"-1,2147483647",20
Ma_xp_A1900_n60_r16_v00_90000_fof_0.003_0000,Ma_xp_A1900_n60_r16_v00_90000_fof_0.003_0000.hdf5,/rds/general/ephemeral/user/nny124/ephemeral/martian_moons_data/Ma_xp_A1900_n60_r16_v00_90000_fof_0.003_0000.hdf5,140435651,A1900,1900,,,,,False,n60,60,r16,16,v00,0,90000,0.003,0,PartType0,1002827,63,63,264980,True,kg,9.990750707229274e+18,2.6418074321516247e+18,9.990750707229274e+18,1.0,True,"-1,2147483647",20
Ma_xp_A1900_n65_r11_v00_89000_fof_0.002_0000,Ma_xp_A1900_n65_r11_v00_89000_fof_0.002_0000.hdf5,/rds/general/ephemeral/user/nny124/ephemeral/martian_moons_data/Ma_xp_A1900_n65_r11_v00_89000_fof_0.002_0000.hdf5,462775096,A1900,1900,,,,,False,n65,65,r11,11,v00,0,89000,0.002,0,PartType0,3227694,269,269,231726,True,kg,9.983998047823696e+18,7.177983011745935e+17,9.983998047823696e+18,1.0,True,"-1,2147483647",20
Ma_xp_A1900_n65_r12_v00_90000_fof_0.0019_0000,Ma_xp_A1900_n65_r12_v00_90000_fof_0.0019_0000.hdf5,/rds/general/ephemeral/user/nny124/ephemeral/martian_moons_data/Ma_xp_A1900_n65_r12_v00_90000_fof_0.0019_0000.hdf5,462775088,A1900,1900,,,,,False,n65,65,r12,12,v00,0,90000,0.0019,0,PartType0,3227694,219,219,230085,True,kg,9.988508184959394e+18,7.12715585391183e+17,9.988508184959394e+18,1.0,True,"-1,2147483647",20
Ma_xp_A1900_n65_r12_v00_90000_fof_0.002_0000,Ma_xp_A1900_n65_r12_v00_90000_fof_0.002_0000.hdf5,/rds/general/ephemeral/user/nny124/ephemeral/martian_moons_data/Ma_xp_A1900_n65_r12_v00_90000_fof_0.002_0000.hdf5,462775096,A1900,1900,,,,,False,n65,65,r12,12,v00,0,90000,0.002,0,PartType0,3227694,219,219,230085,True,kg,9.988783872833184e+18,7.12715585391183e+17,9.988783872833184e+18,1.0,True,"-1,2147483647",20
Ma_xp_A1900_n65_r12_v02_90000_fof_0.002_0000,Ma_xp_A1900_n65_r12_v02_90000_fof_0.002_0000.hdf5,/rds/general/ephemeral/user/nny124/ephemeral/martian_moons_data/Ma_xp_A1900_n65_r12_v02_90000_fof_0.002_0000.hdf5,462775096,A1900,1900,,,,,False,n65,65,r12,12,v02,2,90000,0.002,0,PartType0,3227685,268,268,202858,True,kg,9.655880211816493e+18,6.2837651003148e+17,9.655880211816493e+18,1.0,True,"-1,2147483647",20
Ma_xp_A1900_n65_r12_v04_90000_fof_0.002_0000,Ma_xp_A1900_n65_r12_v04_90000_fof_0.002_0000.hdf5,/rds/general/ephemeral/user/nny124/ephemeral/martian_moons_data/Ma_xp_A1900_n65_r12_v04_90000_fof_0.002_0000.hdf5,462775096,A1900,1900,,,,,False,n65,65,r12,12,v04,4,90000,0.002,0,PartType0,3227694,255,255,233489,True,kg,9.98417772412788e+18,7.232600172130327e+17,9.98417772412788e+18,1.0,True,"-1,2147483647",20
Ma_xp_A1900_n65_r12_v06_89000_fof_0.002_0000,Ma_xp_A1900_n65_r12_v06_89000_fof_0.002_0000.hdf5,/rds/general/ephemeral/user/nny124/ephemeral/martian_moons_data/Ma_xp_A1900_n65_r12_v06_89000_fof_0.002_0000.hdf5,462775096,A1900,1900,,,,,False,n65,65,r12,12,v06,6,89000,0.002,0,PartType0,3227694,256,256,263211,True,kg,9.982306767430496e+18,8.153269647811967e+17,9.982306767430496e+18,1.0,True,"-1,2147483647",20
Ma_xp_A1900_n65_r12_v08_90000_fof_0.002_0000,Ma_xp_A1900_n65_r12_v08_90000_fof_0.002_0000.hdf5,/rds/general/ephemeral/user/nny124/ephemeral/martian_moons_data/Ma_xp_A1900_n65_r12_v08_90000_fof_0.002_0000.hdf5,462775096,A1900,1900,,,,,False,n65,65,r12,12,v08,8,90000,0.002,0,PartType0,3227694,241,241,250293,True,kg,9.981185415857541e+18,7.753113647699859e+17,9.981185415857541e+18,1.0,True,"-1,2147483647",20
Ma_xp_A1900_n65_r12_v10_90000_fof_0.002_0000,Ma_xp_A1900_n65_r12_v10_90000_fof_0.002_0000.hdf5,/rds/general/ephemeral/user/nny124/ephemeral/martian_moons_data/Ma_xp_A1900_n65_r12_v10_90000_fof_0.002_0000.hdf5,462775096,A1900,1900,,,,,False,n65,65,r12,12,v10,10,90000,0.002,0,PartType0,3227688,284,284,309332,True,kg,9.505983118719537e+18,9.58191919157856e+17,9.505983118719537e+18,1.0,True,"-1,2147483647",20
Ma_xp_A1900_n65_r12_v15_89000_fof_0.002_0000,Ma_xp_A1900_n65_r12_v15_89000_fof_0.002_0000.hdf5,/rds/general/ephemeral/user/nny124/ephemeral/martian_moons_data/Ma_xp_A1900_n65_r12_v15_89000_fof_0.002_0000.hdf5,462775096,A1900,1900,,,,,False,n65,65,r12,12,v15,15,89000,0.002,0,PartType0,3227694,142,142,626417,True,kg,9.987272239373132e+18,1.9403994380303967e+18,9.987272239373132e+18,1.0,True,"-1,2147483647",20
Ma_xp_A1900_n65_r12_v20_89000_fof_0.002_0000,Ma_xp_A1900_n65_r12_v20_89000_fof_0.002_0000.hdf5,/rds/general/ephemeral/user/nny124/ephemeral/martian_moons_data/Ma_xp_A1900_n65_r12_v20_89000_fof_0.002_0000.hdf5,462775096,A1900,1900,,,,,False,n65,65,r12,12,v20,20,89000,0.002,0,PartType0,3227689,100,100,1517782,True,kg,9.958213488067598e+18,4.701506889502671e+18,9.958213488067598e+18,1.0,True,"-1,2147483647",20
Ma_xp_A1900_n65_r12_v25_75000_fof_0.002_0000,Ma_xp_A1900_n65_r12_v25_75000_fof_0.002_0000.hdf5,/rds/general/ephemeral/user/nny124/ephemeral/martian_moons_data/Ma_xp_A1900_n65_r12_v25_75000_fof_0.002_0000.hdf5,462775096,A1900,1900,,,,,False,n65,65,r12,12,v25,25,75000,0.002,0,PartType0,3227694,244,244,1964741,True,kg,9.938280333658276e+18,6.086013743236382e+18,9.938280333658276e+18,1.0,True,"-1,2147483647",20
Ma_xp_A1900_n65_r12_v30_65000_fof_0.002_0000,Ma_xp_A1900_n65_r12_v30_65000_fof_0.002_0000.hdf5,/rds/general/ephemeral/user/nny124/ephemeral/martian_moons_data/Ma_xp_A1900_n65_r12_v30_65000_fof_0.002_0000.hdf5,462775096,A1900,1900,,,,,False,n65,65,r12,12,v30,30,65000,0.002,0,PartType0,3227694,82,82,2195315,True,kg,9.982703251757138e+18,6.800243628473971e+18,9.982703251757138e+18,1.0,True,"-1,2147483647",20
Ma_xp_A1900_n65_r13_v00_90000_fof_0.002_0000,Ma_xp_A1900_n65_r13_v00_90000_fof_0.002_0000.hdf5,/rds/general/ephemeral/user/nny124/ephemeral/martian_moons_data/Ma_xp_A1900_n65_r13_v00_90000_fof_0.002_0000.hdf5,462775096,A1900,1900,,,,,False,n65,65,r13,13,v00,0,90000,0.002,0,PartType0,3227694,252,252,231952,True,kg,9.985571635012112e+18,7.184983628052302e+17,9.985571635012112e+18,1.0,True,"-1,2147483647",20
Ma_xp_A1900_n65_r14_v00_90000_fof_0.002_0000,Ma_xp_A1900_n65_r14_v00_90000_fof_0.002_0000.hdf5,/rds/general/ephemeral/user/nny124/ephemeral/martian_moons_data/Ma_xp_A1900_n65_r14_v00_90000_fof_0.002_0000.hdf5,462775096,A1900,1900,,,,,False,n65,65,r14,14,v00,0,90000,0.002,0,PartType0,3227694,248,248,258552,True,kg,9.98832853157599e+18,8.008955381307922e+17,9.98832853157599e+18,1.0,True,"-1,2147483647",20
Ma_xp_A1900_n65_r14_v02_90000_fof_0.002_0000,Ma_xp_A1900_n65_r14_v02_90000_fof_0.002_0000.hdf5,/rds/general/ephemeral/user/nny124/ephemeral/martian_moons_data/Ma_xp_A1900_n65_r14_v02_90000_fof_0.002_0000.hdf5,462775096,A1900,1900,,,,,False,n65,65,r14,14,v02,2,90000,0.002,0,PartType0,3227693,245,245,352051,True,kg,9.985720332073077e+18,1.09051925587775e+18,9.985720332073077e+18,1.0,True,"-1,2147483647",20
Ma_xp_A1900_n65_r14_v04_89000_fof_0.002_0000,Ma_xp_A1900_n65_r14_v04_89000_fof_0.002_0000.hdf5,/rds/general/ephemeral/user/nny124/ephemeral/martian_moons_data/Ma_xp_A1900_n65_r14_v04_89000_fof_0.002_0000.hdf5,462775096,A1900,1900,,,,,False,n65,65,r14,14,v04,4,89000,0.002,0,PartType0,3227694,228,228,262043,True,kg,9.986246932065784e+18,8.117086685271648e+17,9.986246932065784e+18,1.0,True,"-1,2147483647",20
Ma_xp_A1900_n65_r14_v06_90000_fof_0.002_0000,Ma_xp_A1900_n65_r14_v06_90000_fof_0.002_0000.hdf5,/rds/general/ephemeral/user/nny124/ephemeral/martian_moons_data/Ma_xp_A1900_n65_r14_v06_90000_fof_0.002_0000.hdf5,462775096,A1900,1900,,,,,False,n65,65,r14,14,v06,6,90000,0.002,0,PartType0,3227694,230,230,374568,True,kg,9.984400752933407e+18,1.160268512580747e+18,9.984400752933407e+18,1.0,True,"-1,2147483647",20
Ma_xp_A1900_n65_r15_v00_90000_fof_0.002_0000,Ma_xp_A1900_n65_r15_v00_90000_fof_0.002_0000.hdf5,/rds/general/ephemeral/user/nny124/ephemeral/martian_moons_data/Ma_xp_A1900_n65_r15_v00_90000_fof_0.002_0000.hdf5,462775096,A1900,1900,,,,,False,n65,65,r15,15,v00,0,90000,0.002,0,PartType0,3227694,198,198,315222,True,kg,9.98777095376937e+18,9.764367022582993e+17,9.98777095376937e+18,1.0,True,"-1,2147483647",20
Ma_xp_A1900_n65_r16_v00_90000_fof_0.0019_0000,Ma_xp_A1900_n65_r16_v00_90000_fof_0.0019_0000.hdf5,/rds/general/ephemeral/user/nny124/ephemeral/martian_moons_data/Ma_xp_A1900_n65_r16_v00_90000_fof_0.0019_0000.hdf5,462775088,A1900,1900,,,,,False,n65,65,r16,16,v00,0,90000,0.0019,0,PartType0,3227694,147,147,650871,True,kg,9.990980087861811e+18,2.0161480769281815e+18,9.990980087861811e+18,1.0,True,"-1,2147483647",20
Ma_xp_A1900_n65_r16_v00_90000_fof_0.002_0000,Ma_xp_A1900_n65_r16_v00_90000_fof_0.002_0000.hdf5,/rds/general/ephemeral/user/nny124/ephemeral/martian_moons_data/Ma_xp_A1900_n65_r16_v00_90000_fof_0.002_0000.hdf5,462775096,A1900,1900,,,,,False,n65,65,r16,16,v00,0,90000,0.002,0,PartType0,3227694,146,146,650872,True,kg,9.991156651736443e+18,2.016151174521327e+18,9.991156651736443e+18,1.0,True,"-1,2147483647",20
Ma_xp_A1900_n65_r16_v02_90000_fof_0.002_0000,Ma_xp_A1900_n65_r16_v02_90000_fof_0.002_0000.hdf5,/rds/general/ephemeral/user/nny124/ephemeral/martian_moons_data/Ma_xp_A1900_n65_r16_v02_90000_fof_0.002_0000.hdf5,462775096,A1900,1900,,,,,False,n65,65,r16,16,v02,2,90000,0.002,0,PartType0,3227694,189,189,678794,True,kg,9.989861841880752e+18,2.1026428133417836e+18,9.989861841880752e+18,1.0,True,"-1,2147483647",20
Ma_xp_A1900_n65_r16_v04_90000_fof_0.002_0000,Ma_xp_A1900_n65_r16_v04_90000_fof_0.002_0000.hdf5,/rds/general/ephemeral/user/nny124/ephemeral/martian_moons_data/Ma_xp_A1900_n65_r16_v04_90000_fof_0.002_0000.hdf5,462775096,A1900,1900,,,,,False,n65,65,r16,16,v04,4,90000,0.002,0,PartType0,3227694,152,152,659949,True,kg,9.99145710965724e+18,2.0442682348415165e+18,9.99145710965724e+18,1.0,True,"-1,2147483647",20
Ma_xp_A1900_n65_r16_v06_89000_fof_0.002_0000,Ma_xp_A1900_n65_r16_v06_89000_fof_0.002_0000.hdf5,/rds/general/ephemeral/user/nny124/ephemeral/martian_moons_data/Ma_xp_A1900_n65_r16_v06_89000_fof_0.002_0000.hdf5,462775096,A1900,1900,,,,,False,n65,65,r16,16,v06,6,89000,0.002,0,PartType0,3227694,136,136,676829,True,kg,9.988839632514548e+18,2.0965559977265224e+18,9.988839632514548e+18,1.0,True,"-1,2147483647",20
Ma_xp_A1900_n65_r17_v00_90000_fof_0.002_0000,Ma_xp_A1900_n65_r17_v00_90000_fof_0.002_0000.hdf5,/rds/general/ephemeral/user/nny124/ephemeral/martian_moons_data/Ma_xp_A1900_n65_r17_v00_90000_fof_0.002_0000.hdf5,462775096,A1900,1900,,,,,False,n65,65,r17,17,v00,0,90000,0.002,0,PartType0,3227694,116,116,990044,True,kg,9.99355420209602e+18,3.0667760369532017e+18,9.99355420209602e+18,1.0,True,"-1,2147483647",20
Ma_xp_A1900_n65_r18_v00_90000_fof_0.002_0000,Ma_xp_A1900_n65_r18_v00_90000_fof_0.002_0000.hdf5,/rds/general/ephemeral/user/nny124/ephemeral/martian_moons_data/Ma_xp_A1900_n65_r18_v00_90000_fof_0.002_0000.hdf5,462775096,A1900,1900,,,,,False,n65,65,r18,18,v00,0,90000,0.002,0,PartType0,3227694,36,36,2418669,True,kg,9.996094247524764e+18,7.492108748014193e+18,9.996094247524764e+18,1.0,True,"-1,2147483647",20
Ma_xp_A1900_n65_r18_v02_90000_fof_0.002_0000,Ma_xp_A1900_n65_r18_v02_90000_fof_0.002_0000.hdf5,/rds/general/ephemeral/user/nny124/ephemeral/martian_moons_data/Ma_xp_A1900_n65_r18_v02_90000_fof_0.002_0000.hdf5,462775096,A1900,1900,,,,,False,n65,65,r18,18,v02,2,90000,0.002,0,PartType0,3227694,42,42,2379761,True,kg,9.993929013310472e+18,7.371586667826815e+18,9.993929013310472e+18,1.0,True,"-1,2147483647",20
Ma_xp_A1900_n65_r18_v04_90000_fof_0.002_0000,Ma_xp_A1900_n65_r18_v04_90000_fof_0.002_0000.hdf5,/rds/general/ephemeral/user/nny124/ephemeral/martian_moons_data/Ma_xp_A1900_n65_r18_v04_90000_fof_0.002_0000.hdf5,462775096,A1900,1900,,,,,False,n65,65,r18,18,v04,4,90000,0.002,0,PartType0,3227694,16,16,2367365,True,kg,9.99704211859297e+18,7.333188605726994e+18,9.99704211859297e+18,1.0,True,"-1,2147483647",20
Ma_xp_A1900_n65_r18_v06_89000_fof_0.002_0000,Ma_xp_A1900_n65_r18_v06_89000_fof_0.002_0000.hdf5,/rds/general/ephemeral/user/nny124/ephemeral/martian_moons_data/Ma_xp_A1900_n65_r18_v06_89000_fof_0.002_0000.hdf5,462775096,A1900,1900,,,,,False,n65,65,r18,18,v06,6,89000,0.002,0,PartType0,3227694,4,4,2246217,True,kg,9.99698326400284e+18,6.957918520786966e+18,9.99698326400284e+18,1.0,True,"-1,2147483647",20
Ma_xp_A1900_n65_r19_v00_90000_fof_0.002_0000,Ma_xp_A1900_n65_r19_v00_90000_fof_0.002_0000.hdf5,/rds/general/ephemeral/user/nny124/ephemeral/martian_moons_data/Ma_xp_A1900_n65_r19_v00_90000_fof_0.002_0000.hdf5,462775096,A1900,1900,,,,,False,n65,65,r19,19,v00,0,90000,0.002,0,PartType0,3227694,2,2,2129090,True,kg,9.99815726047733e+18,6.595103858887257e+18,9.99815726047733e+18,1.0,True,"-1,2147483647",20
Ma_xp_A1900_n65_r20_v00_89000_fof_0.002_0000,Ma_xp_A1900_n65_r20_v00_89000_fof_0.002_0000.hdf5,/rds/general/ephemeral/user/nny124/ephemeral/martian_moons_data/Ma_xp_A1900_n65_r20_v00_89000_fof_0.002_0000.hdf5,462775096,A1900,1900,,,,,False,n65,65,r20,20,v00,0,89000,0.002,0,PartType0,3227694,36,36,2918585,True,kg,9.987811224292043e+18,9.040656152067697e+18,9.987811224292043e+18,1.0,True,"-1,2147483647",20
Ma_xp_A1900_n65_r20_v02_89000_fof_0.002_0000,Ma_xp_A1900_n65_r20_v02_89000_fof_0.002_0000.hdf5,/rds/general/ephemeral/user/nny124/ephemeral/martian_moons_data/Ma_xp_A1900_n65_r20_v02_89000_fof_0.002_0000.hdf5,462775096,A1900,1900,,,,,False,n65,65,r20,20,v02,2,89000,0.002,0,PartType0,3227694,62,62,2947334,True,kg,9.975606621223823e+18,9.129709503676135e+18,9.975606621223823e+18,1.0,True,"-1,2147483647",20
Ma_xp_A1900_n65_r20_v04_89000_fof_0.002_0000,Ma_xp_A1900_n65_r20_v04_89000_fof_0.002_0000.hdf5,/rds/general/ephemeral/user/nny124/ephemeral/martian_moons_data/Ma_xp_A1900_n65_r20_v04_89000_fof_0.002_0000.hdf5,462775096,A1900,1900,,,,,False,n65,65,r20,20,v04,4,89000,0.002,0,PartType0,3227694,158,158,2986289,True,kg,9.949320249474744e+18,9.250377093130043e+18,9.949320249474744e+18,1.0,True,"-1,2147483647",20
Ma_xp_A1900_n65_r20_v06_90000_fof_0.002_0000,Ma_xp_A1900_n65_r20_v06_90000_fof_0.002_0000.hdf5,/rds/general/ephemeral/user/nny124/ephemeral/martian_moons_data/Ma_xp_A1900_n65_r20_v06_90000_fof_0.002_0000.hdf5,462775096,A1900,1900,,,,,False,n65,65,r20,20,v06,6,90000,0.002,0,PartType0,3227694,197,197,3026573,True,kg,9.93831440194701e+18,9.375161452012278e+18,9.93831440194701e+18,1.0,True,"-1,2147483647",20
Ma_xp_A1900_n65_r22_v00_89000_fof_0.002_0000,Ma_xp_A1900_n65_r22_v00_89000_fof_0.002_0000.hdf5,/rds/general/ephemeral/user/nny124/ephemeral/martian_moons_data/Ma_xp_A1900_n65_r22_v00_89000_fof_0.002_0000.hdf5,462775096,A1900,1900,,,,,False,n65,65,r22,22,v00,0,89000,0.002,0,PartType0,3227694,1,1,3227694,True,kg,9.998157260435763e+18,9.998157260435763e+18,9.998157260435763e+18,1.0,True,"-1,2147483647",20
Ma_xp_A1900_n65_r24_v00_89000_fof_0.002_0000,Ma_xp_A1900_n65_r24_v00_89000_fof_0.002_0000.hdf5,/rds/general/ephemeral/user/nny124/ephemeral/martian_moons_data/Ma_xp_A1900_n65_r24_v00_89000_fof_0.002_0000.hdf5,462775096,A1900,1900,,,,,False,n65,65,r24,24,v00,0,89000,0.002,0,PartType0,3227694,1,1,3227694,True,kg,9.998157260434344e+18,9.998157260434344e+18,9.998157260434344e+18,1.0,True,"-1,2147483647",20
Ma_xp_A1900_n65_r26_v00_90000_fof_0.002_0000,Ma_xp_A1900_n65_r26_v00_90000_fof_0.002_0000.hdf5,/rds/general/ephemeral/user/nny124/ephemeral/martian_moons_data/Ma_xp_A1900_n65_r26_v00_90000_fof_0.002_0000.hdf5,462775096,A1900,1900,,,,,False,n65,65,r26,26,v00,0,90000,0.002,0,PartType0,3227694,1,1,3227694,True,kg,9.99815726043551e+18,9.99815726043551e+18,9.99815726043551e+18,1.0,True,"-1,2147483647",20
Ma_xp_A1900_n70_r12_v00_90000_fof_0.001_0000,Ma_xp_A1900_n70_r12_v00_90000_fof_0.001_0000.hdf5,/rds/general/ephemeral/user/nny124/ephemeral/martian_moons_data/Ma_xp_A1900_n70_r12_v00_90000_fof_0.001_0000.hdf5,1098212512,A1900,1900,,,,,False,n70,70,r12,12,v00,0,90000,0.001,0,PartType0,10099884,1189,1189,522175,True,kg,9.752489079081327e+18,5.169198519049097e+17,9.752489079081327e+18,1.0,True,"-1,2147483647",20
Ma_xp_A1900_n70_r16_v00_89000_fof_0.001_0000,Ma_xp_A1900_n70_r16_v00_89000_fof_0.001_0000.hdf5,/rds/general/ephemeral/user/nny124/ephemeral/martian_moons_data/Ma_xp_A1900_n70_r16_v00_89000_fof_0.001_0000.hdf5,1098212512,A1900,1900,,,,,False,n70,70,r16,16,v00,0,89000,0.001,0,PartType0,10099885,360,360,2033819,True,kg,9.984767716814502e+18,2.0133510983758874e+18,9.984767716814502e+18,1.0,True,"-1,2147483647",20
Ma_xp_A1900_s030mz_n65_r12_v00_89000_fof_0.002_0000,Ma_xp_A1900_s030mz_n65_r12_v00_89000_fof_0.002_0000.hdf5,/rds/general/ephemeral/user/nny124/ephemeral/martian_moons_data/Ma_xp_A1900_s030mz_n65_r12_v00_89000_fof_0.002_0000.hdf5,462775112,A1900,1900,,s030mz,30,mz,True,n65,65,r12,12,v00,0,89000,0.002,0,PartType0,3162276,1,1,3162276,True,kg,1.0023223340164817e+19,1.0023223340164817e+19,1.0023223340164817e+19,1.0,True,"-1,2147483647",20
Ma_xp_A1900_s030x_n65_r12_v00_90000_fof_0.002_0000,Ma_xp_A1900_s030x_n65_r12_v00_90000_fof_0.002_0000.hdf5,/rds/general/ephemeral/user/nny124/ephemeral/martian_moons_data/Ma_xp_A1900_s030x_n65_r12_v00_90000_fof_0.002_0000.hdf5,462775112,A1900,1900,,s030x,30,x,True,n65,65,r12,12,v00,0,90000,0.002,0,PartType0,3162276,3162,3162,42707,True,kg,9.48148433032798e+18,1.3536501998136632e+17,9.48148433032798e+18,1.0,True,"-1,2147483647",20
Ma_xp_A1900_s030z_n65_r11_v00_89000_fof_0.002_0000,Ma_xp_A1900_s030z_n65_r11_v00_89000_fof_0.002_0000.hdf5,/rds/general/ephemeral/user/nny124/ephemeral/martian_moons_data/Ma_xp_A1900_s030z_n65_r11_v00_89000_fof_0.002_0000.hdf5,462775112,A1900,1900,,s030z,30,z,True,n65,65,r11,11,v00,0,89000,0.002,0,PartType0,3162276,475,475,121379,True,kg,9.994582632943788e+18,3.8472572611881376e+17,9.994582632943788e+18,1.0,True,"-1,2147483647",20
Ma_xp_A1900_s030z_n65_r12_v00_90000_fof_0.002_0000,Ma_xp_A1900_s030z_n65_r12_v00_90000_fof_0.002_0000.hdf5,/rds/general/ephemeral/user/nny124/ephemeral/martian_moons_data/Ma_xp_A1900_s030z_n65_r12_v00_90000_fof_0.002_0000.hdf5,462775112,A1900,1900,,s030z,30,z,True,n65,65,r12,12,v00,0,90000,0.002,0,PartType0,3162275,398,398,104603,True,kg,1.000024991958565e+19,3.315521302163813e+17,1.000024991958565e+19,1.0,True,"-1,2147483647",20
Ma_xp_A1900_s030z_n65_r12_v02_89000_fof_0.002_0000,Ma_xp_A1900_s030z_n65_r12_v02_89000_fof_0.002_0000.hdf5,/rds/general/ephemeral/user/nny124/ephemeral/martian_moons_data/Ma_xp_A1900_s030z_n65_r12_v02_89000_fof_0.002_0000.hdf5,462775112,A1900,1900,,s030z,30,z,True,n65,65,r12,12,v02,2,89000,0.002,0,PartType0,3162276,415,415,87114,True,kg,9.998959878459662e+18,2.7611846934238467e+17,9.998959878459662e+18,1.0,True,"-1,2147483647",20
Ma_xp_A1900_s030z_n65_r12_v04_90000_fof_0.002_0000,Ma_xp_A1900_s030z_n65_r12_v04_90000_fof_0.002_0000.hdf5,/rds/general/ephemeral/user/nny124/ephemeral/martian_moons_data/Ma_xp_A1900_s030z_n65_r12_v04_90000_fof_0.002_0000.hdf5,462775112,A1900,1900,,s030z,30,z,True,n65,65,r12,12,v04,4,90000,0.002,0,PartType0,3162272,413,413,103818,True,kg,9.99795194580952e+18,3.2906415566343744e+17,9.99795194580952e+18,1.0,True,"-1,2147483647",20
Ma_xp_A1900_s030z_n65_r12_v06_90000_fof_0.002_0000,Ma_xp_A1900_s030z_n65_r12_v06_90000_fof_0.002_0000.hdf5,/rds/general/ephemeral/user/nny124/ephemeral/martian_moons_data/Ma_xp_A1900_s030z_n65_r12_v06_90000_fof_0.002_0000.hdf5,462775112,A1900,1900,,s030z,30,z,True,n65,65,r12,12,v06,6,90000,0.002,0,PartType0,3162275,402,402,98216,True,kg,9.99614526483398e+18,3.113077595760374e+17,9.99614526483398e+18,1.0,True,"-1,2147483647",20
Ma_xp_A1900_s030z_n65_r12_v08_90000_fof_0.002_0000,Ma_xp_A1900_s030z_n65_r12_v08_90000_fof_0.002_0000.hdf5,/rds/general/ephemeral/user/nny124/ephemeral/martian_moons_data/Ma_xp_A1900_s030z_n65_r12_v08_90000_fof_0.002_0000.hdf5,462775112,A1900,1900,,s030z,30,z,True,n65,65,r12,12,v08,8,90000,0.002,0,PartType0,3162276,350,350,110353,True,kg,1.0000357681247887e+19,3.497778340730768e+17,1.0000357681247887e+19,1.0,True,"-1,2147483647",20
Ma_xp_A1900_s030z_n65_r12_v10_89000_fof_0.002_0000,Ma_xp_A1900_s030z_n65_r12_v10_89000_fof_0.002_0000.hdf5,/rds/general/ephemeral/user/nny124/ephemeral/martian_moons_data/Ma_xp_A1900_s030z_n65_r12_v10_89000_fof_0.002_0000.hdf5,462775112,A1900,1900,,s030z,30,z,True,n65,65,r12,12,v10,10,89000,0.002,0,PartType0,3162254,308,308,151598,True,kg,9.837537350071226e+18,4.8050876576386906e+17,9.837537350071226e+18,1.0,True,"-1,2147483647",20
Ma_xp_A1900_s030z_n65_r12_v15_89000_fof_0.002_0000,Ma_xp_A1900_s030z_n65_r12_v15_89000_fof_0.002_0000.hdf5,/rds/general/ephemeral/user/nny124/ephemeral/martian_moons_data/Ma_xp_A1900_s030z_n65_r12_v15_89000_fof_0.002_0000.hdf5,462775112,A1900,1900,,s030z,30,z,True,n65,65,r12,12,v15,15,89000,0.002,0,PartType0,3162276,270,270,170689,True,kg,1.0009296019549161e+19,5.410202420375673e+17,1.0009296019549161e+19,1.0,True,"-1,2147483647",20
Ma_xp_A1900_s030z_n65_r12_v20_90000_fof_0.002_0000,Ma_xp_A1900_s030z_n65_r12_v20_90000_fof_0.002_0000.hdf5,/rds/general/ephemeral/user/nny124/ephemeral/martian_moons_data/Ma_xp_A1900_s030z_n65_r12_v20_90000_fof_0.002_0000.hdf5,462775112,A1900,1900,,s030z,30,z,True,n65,65,r12,12,v20,20,90000,0.002,0,PartType0,3162276,201,201,156468,True,kg,1.00103324538738e+19,4.959449803720539e+17,1.00103324538738e+19,1.0,True,"-1,2147483647",20
Ma_xp_A1900_s030z_n65_r13_v00_90000_fof_0.002_0000,Ma_xp_A1900_s030z_n65_r13_v00_90000_fof_0.002_0000.hdf5,/rds/general/ephemeral/user/nny124/ephemeral/martian_moons_data/Ma_xp_A1900_s030z_n65_r13_v00_90000_fof_0.002_0000.hdf5,462775112,A1900,1900,,s030z,30,z,True,n65,65,r13,13,v00,0,90000,0.002,0,PartType0,3162254,394,394,81452,True,kg,9.811447913461119e+18,2.5817233390011645e+17,9.811447913461119e+18,1.0,True,"-1,2147483647",20
Ma_xp_A1900_s030z_n65_r14_v00_89000_fof_0.002_0000,Ma_xp_A1900_s030z_n65_r14_v00_89000_fof_0.002_0000.hdf5,/rds/general/ephemeral/user/nny124/ephemeral/martian_moons_data/Ma_xp_A1900_s030z_n65_r14_v00_89000_fof_0.002_0000.hdf5,462775112,A1900,1900,,s030z,30,z,True,n65,65,r14,14,v00,0,89000,0.002,0,PartType0,3162276,399,399,90409,True,kg,1.0001546278982052e+19,2.8656249415360912e+17,1.0001546278982052e+19,1.0,True,"-1,2147483647",20
Ma_xp_A1900_s030z_n65_r15_v00_90000_fof_0.002_0000,Ma_xp_A1900_s030z_n65_r15_v00_90000_fof_0.002_0000.hdf5,/rds/general/ephemeral/user/nny124/ephemeral/martian_moons_data/Ma_xp_A1900_s030z_n65_r15_v00_90000_fof_0.002_0000.hdf5,462775112,A1900,1900,,s030z,30,z,True,n65,65,r15,15,v00,0,90000,0.002,0,PartType0,3162273,407,407,103230,True,kg,9.998332299277623e+18,3.2720026892318285e+17,9.998332299277623e+18,1.0,True,"-1,2147483647",20
Ma_xp_A1900_s030z_n65_r16_v00_90000_fof_0.002_0000,Ma_xp_A1900_s030z_n65_r16_v00_90000_fof_0.002_0000.hdf5,/rds/general/ephemeral/user/nny124/ephemeral/martian_moons_data/Ma_xp_A1900_s030z_n65_r16_v00_90000_fof_0.002_0000.hdf5,462775112,A1900,1900,,s030z,30,z,True,n65,65,r16,16,v00,0,90000,0.002,0,PartType0,3162276,393,393,105035,True,kg,1.000065879390937e+19,3.3292173496391226e+17,1.000065879390937e+19,1.0,True,"-1,2147483647",20
Ma_xp_A1900_s030z_n65_r16_v02_90000_fof_0.002_0000,Ma_xp_A1900_s030z_n65_r16_v02_90000_fof_0.002_0000.hdf5,/rds/general/ephemeral/user/nny124/ephemeral/martian_moons_data/Ma_xp_A1900_s030z_n65_r16_v02_90000_fof_0.002_0000.hdf5,462775112,A1900,1900,,s030z,30,z,True,n65,65,r16,16,v02,2,90000,0.002,0,PartType0,3162276,363,363,105501,True,kg,1.0004227786714421e+19,3.343984777071941e+17,1.0004227786714421e+19,1.0,True,"-1,2147483647",20
Ma_xp_A1900_s030z_n65_r16_v04_90000_fof_0.002_0000,Ma_xp_A1900_s030z_n65_r16_v04_90000_fof_0.002_0000.hdf5,/rds/general/ephemeral/user/nny124/ephemeral/martian_moons_data/Ma_xp_A1900_s030z_n65_r16_v04_90000_fof_0.002_0000.hdf5,462775112,A1900,1900,,s030z,30,z,True,n65,65,r16,16,v04,4,90000,0.002,0,PartType0,3162276,369,369,91077,True,kg,9.999622338368188e+18,2.886798038149741e+17,9.999622338368188e+18,1.0,True,"-1,2147483647",20
Ma_xp_A1900_s030z_n65_r16_v06_89000_fof_0.002_0000,Ma_xp_A1900_s030z_n65_r16_v06_89000_fof_0.002_0000.hdf5,/rds/general/ephemeral/user/nny124/ephemeral/martian_moons_data/Ma_xp_A1900_s030z_n65_r16_v06_89000_fof_0.002_0000.hdf5,462775112,A1900,1900,,s030z,30,z,True,n65,65,r16,16,v06,6,89000,0.002,0,PartType0,3162276,352,352,106353,True,kg,1.000101377642976e+19,3.370993362240606e+17,1.000101377642976e+19,1.0,True,"-1,2147483647",20
Ma_xp_A1900_s030z_n65_r17_v00_90000_fof_0.002_0000,Ma_xp_A1900_s030z_n65_r17_v00_90000_fof_0.002_0000.hdf5,/rds/general/ephemeral/user/nny124/ephemeral/martian_moons_data/Ma_xp_A1900_s030z_n65_r17_v00_90000_fof_0.002_0000.hdf5,462775112,A1900,1900,,s030z,30,z,True,n65,65,r17,17,v00,0,90000,0.002,0,PartType0,3162276,368,368,120172,True,kg,1.0002199230533767e+19,3.809001455399406e+17,1.0002199230533767e+19,1.0,True,"-1,2147483647",20
Ma_xp_A1900_s030z_n65_r18_v00_89000_fof_0.002_0000,Ma_xp_A1900_s030z_n65_r18_v00_89000_fof_0.002_0000.hdf5,/rds/general/ephemeral/user/nny124/ephemeral/martian_moons_data/Ma_xp_A1900_s030z_n65_r18_v00_89000_fof_0.002_0000.hdf5,462775112,A1900,1900,,s030z,30,z,True,n65,65,r18,18,v00,0,89000,0.002,0,PartType0,3162276,332,332,100014,True,kg,1.0005467109972312e+19,3.170067401653369e+17,1.0005467109972312e+19,1.0,True,"-1,2147483647",20
Ma_xp_A1900_s030z_n65_r19_v00_90000_fof_0.002_0000,Ma_xp_A1900_s030z_n65_r19_v00_90000_fof_0.002_0000.hdf5,/rds/general/ephemeral/user/nny124/ephemeral/martian_moons_data/Ma_xp_A1900_s030z_n65_r19_v00_90000_fof_0.002_0000.hdf5,462775112,A1900,1900,,s030z,30,z,True,n65,65,r19,19,v00,0,90000,0.002,0,PartType0,3162276,360,360,127765,True,kg,1.0004747608463763e+19,4.049669417134885e+17,1.0004747608463763e+19,1.0,True,"-1,2147483647",20
Ma_xp_A1900_s030z_n65_r20_v00_90000_fof_0.002_0000,Ma_xp_A1900_s030z_n65_r20_v00_90000_fof_0.002_0000.hdf5,/rds/general/ephemeral/user/nny124/ephemeral/martian_moons_data/Ma_xp_A1900_s030z_n65_r20_v00_90000_fof_0.002_0000.hdf5,462775112,A1900,1900,,s030z,30,z,True,n65,65,r20,20,v00,0,90000,0.002,0,PartType0,3162276,317,317,127343,True,kg,1.0003137436428251e+19,4.036298646671822e+17,1.0003137436428251e+19,1.0,True,"-1,2147483647",20
Ma_xp_A1900_s030z_n65_r20_v02_90000_fof_0.002_0000,Ma_xp_A1900_s030z_n65_r20_v02_90000_fof_0.002_0000.hdf5,/rds/general/ephemeral/user/nny124/ephemeral/martian_moons_data/Ma_xp_A1900_s030z_n65_r20_v02_90000_fof_0.002_0000.hdf5,462775112,A1900,1900,,s030z,30,z,True,n65,65,r20,20,v02,2,90000,0.002,0,PartType0,3162276,313,313,124864,True,kg,1.0005416362447145e+19,3.957720154751075e+17,1.0005416362447145e+19,1.0,True,"-1,2147483647",20
Ma_xp_A1900_s030z_n65_r20_v04_90000_fof_0.002_0000,Ma_xp_A1900_s030z_n65_r20_v04_90000_fof_0.002_0000.hdf5,/rds/general/ephemeral/user/nny124/ephemeral/martian_moons_data/Ma_xp_A1900_s030z_n65_r20_v04_90000_fof_0.002_0000.hdf5,462775112,A1900,1900,,s030z,30,z,True,n65,65,r20,20,v04,4,90000,0.002,0,PartType0,3162276,326,326,113140,True,kg,1.0005200833039649e+19,3.58611547310095e+17,1.0005200833039649e+19,1.0,True,"-1,2147483647",20
Ma_xp_A1900_s030z_n65_r20_v06_89000_fof_0.002_0000,Ma_xp_A1900_s030z_n65_r20_v06_89000_fof_0.002_0000.hdf5,/rds/general/ephemeral/user/nny124/ephemeral/martian_moons_data/Ma_xp_A1900_s030z_n65_r20_v06_89000_fof_0.002_0000.hdf5,462775112,A1900,1900,,s030z,30,z,True,n65,65,r20,20,v06,6,89000,0.002,0,PartType0,3162276,289,289,123093,True,kg,1.0005895014236443e+19,3.901583335365235e+17,1.0005895014236443e+19,1.0,True,"-1,2147483647",20
Ma_xp_A1900_s030z_n65_r22_v00_90000_fof_0.002_0000,Ma_xp_A1900_s030z_n65_r22_v00_90000_fof_0.002_0000.hdf5,/rds/general/ephemeral/user/nny124/ephemeral/martian_moons_data/Ma_xp_A1900_s030z_n65_r22_v00_90000_fof_0.002_0000.hdf5,462775112,A1900,1900,,s030z,30,z,True,n65,65,r22,22,v00,0,90000,0.002,0,PartType0,3162276,264,264,159640,True,kg,1.0008427528953315e+19,5.0599839662241574e+17,1.0008427528953315e+19,1.0,True,"-1,2147483647",20
Ma_xp_A1900_s030z_n65_r24_v00_89000_fof_0.002_0000,Ma_xp_A1900_s030z_n65_r24_v00_89000_fof_0.002_0000.hdf5,/rds/general/ephemeral/user/nny124/ephemeral/martian_moons_data/Ma_xp_A1900_s030z_n65_r24_v00_89000_fof_0.002_0000.hdf5,462775112,A1900,1900,,s030z,30,z,True,n65,65,r24,24,v00,0,89000,0.002,0,PartType0,3162276,200,200,429146,True,kg,1.0014611481301406e+19,1.360230525435228e+18,1.0014611481301406e+19,1.0,True,"-1,2147483647",20
Ma_xp_A1900_s030z_n65_r26_v00_89000_fof_0.002_0000,Ma_xp_A1900_s030z_n65_r26_v00_89000_fof_0.002_0000.hdf5,/rds/general/ephemeral/user/nny124/ephemeral/martian_moons_data/Ma_xp_A1900_s030z_n65_r26_v00_89000_fof_0.002_0000.hdf5,462775112,A1900,1900,,s030z,30,z,True,n65,65,r26,26,v00,0,89000,0.002,0,PartType0,3162276,89,89,1218010,True,kg,1.001747998122778e+19,3.8606318295665254e+18,1.001747998122778e+19,1.0,True,"-1,2147483647",20
Ma_xp_A1900_s035mz_n65_r12_v00_89000_fof_0.002_0000,Ma_xp_A1900_s035mz_n65_r12_v00_89000_fof_0.002_0000.hdf5,/rds/general/ephemeral/user/nny124/ephemeral/martian_moons_data/Ma_xp_A1900_s035mz_n65_r12_v00_89000_fof_0.002_0000.hdf5,462775112,A1900,1900,,s035mz,35,mz,True,n65,65,r12,12,v00,0,89000,0.002,0,PartType0,3162276,1,1,3162276,True,kg,9.931168640691798e+18,9.931168640691798e+18,9.931168640691798e+18,1.0,True,"-1,2147483647",20
Ma_xp_A1900_s035x_n65_r12_v00_90000_fof_0.002_0000,Ma_xp_A1900_s035x_n65_r12_v00_90000_fof_0.002_0000.hdf5,/rds/general/ephemeral/user/nny124/ephemeral/martian_moons_data/Ma_xp_A1900_s035x_n65_r12_v00_90000_fof_0.002_0000.hdf5,462775112,A1900,1900,,s035x,35,x,True,n65,65,r12,12,v00,0,90000,0.002,0,PartType0,3162276,2111,2111,107955,True,kg,9.491876761169089e+18,3.3903491332508717e+17,9.491876761169089e+18,1.0,True,"-1,2147483647",20
Ma_xp_A1900_s035y_n65_r12_v00_90000_fof_0.002_0000,Ma_xp_A1900_s035y_n65_r12_v00_90000_fof_0.002_0000.hdf5,/rds/general/ephemeral/user/nny124/ephemeral/martian_moons_data/Ma_xp_A1900_s035y_n65_r12_v00_90000_fof_0.002_0000.hdf5,462775112,A1900,1900,,s035y,35,y,True,n65,65,r12,12,v00,0,90000,0.002,0,PartType0,3162276,1537,1537,208166,True,kg,9.509856168073292e+18,6.537483176482113e+17,9.509856168073292e+18,1.0,True,"-1,2147483647",20
Ma_xp_A1900_s035z_n65_r12_v00_90000_fof_0.002_0000,Ma_xp_A1900_s035z_n65_r12_v00_90000_fof_0.002_0000.hdf5,/rds/general/ephemeral/user/nny124/ephemeral/martian_moons_data/Ma_xp_A1900_s035z_n65_r12_v00_90000_fof_0.002_0000.hdf5,462775112,A1900,1900,,s035z,35,z,True,n65,65,r12,12,v00,0,90000,0.002,0,PartType0,3162276,392,392,142194,True,kg,9.90931695328809e+18,4.465615913518173e+17,9.90931695328809e+18,1.0,True,"-1,2147483647",20
Ma_xp_A1900_s035z_n65_r16_v00_90000_fof_0.002_0000,Ma_xp_A1900_s035z_n65_r16_v00_90000_fof_0.002_0000.hdf5,/rds/general/ephemeral/user/nny124/ephemeral/martian_moons_data/Ma_xp_A1900_s035z_n65_r16_v00_90000_fof_0.002_0000.hdf5,462775112,A1900,1900,,s035z,35,z,True,n65,65,r16,16,v00,0,90000,0.002,0,PartType0,3162276,375,375,117180,True,kg,9.906738566546223e+18,3.680050210720343e+17,9.906738566546223e+18,1.0,True,"-1,2147483647",20
Ma_xp_A1900_s035z_n65_r20_v00_90000_fof_0.002_0000,Ma_xp_A1900_s035z_n65_r20_v00_90000_fof_0.002_0000.hdf5,/rds/general/ephemeral/user/nny124/ephemeral/martian_moons_data/Ma_xp_A1900_s035z_n65_r20_v00_90000_fof_0.002_0000.hdf5,462775112,A1900,1900,,s035z,35,z,True,n65,65,r20,20,v00,0,90000,0.002,0,PartType0,3162276,279,279,140898,True,kg,9.916857318883779e+18,4.424921495812795e+17,9.916857318883779e+18,1.0,True,"-1,2147483647",20
Ma_xp_A1900_s047mz_n65_r12_v00_89000_fof_0.002_0000,Ma_xp_A1900_s047mz_n65_r12_v00_89000_fof_0.002_0000.hdf5,/rds/general/ephemeral/user/nny124/ephemeral/martian_moons_data/Ma_xp_A1900_s047mz_n65_r12_v00_89000_fof_0.002_0000.hdf5,462775112,A1900,1900,,s047mz,47,mz,True,n65,65,r12,12,v00,0,89000,0.002,0,PartType0,3162280,1,1,3162280,True,kg,1.0010321780963897e+19,1.0010321780963897e+19,1.0010321780963897e+19,1.0,True,"-1,2147483647",20
Ma_xp_A1900_s047x_n65_r12_v00_90000_fof_0.002_0000,Ma_xp_A1900_s047x_n65_r12_v00_90000_fof_0.002_0000.hdf5,/rds/general/ephemeral/user/nny124/ephemeral/martian_moons_data/Ma_xp_A1900_s047x_n65_r12_v00_90000_fof_0.002_0000.hdf5,462775112,A1900,1900,,s047x,47,x,True,n65,65,r12,12,v00,0,90000,0.002,0,PartType0,3162280,2309,2309,242309,True,kg,9.397441375271807e+18,7.670340822991546e+17,9.397441375271807e+18,1.0,True,"-1,2147483647",20
Ma_xp_A1900_s047y_n65_r12_v00_90000_fof_0.002_0000,Ma_xp_A1900_s047y_n65_r12_v00_90000_fof_0.002_0000.hdf5,/rds/general/ephemeral/user/nny124/ephemeral/martian_moons_data/Ma_xp_A1900_s047y_n65_r12_v00_90000_fof_0.002_0000.hdf5,462775112,A1900,1900,,s047y,47,y,True,n65,65,r12,12,v00,0,90000,0.002,0,PartType0,3162280,1743,1743,188480,True,kg,9.567981992626692e+18,5.966416231193215e+17,9.567981992626692e+18,1.0,True,"-1,2147483647",20
Ma_xp_A1900_s047z_n65_r11_v00_90000_fof_0.002_0000,Ma_xp_A1900_s047z_n65_r11_v00_90000_fof_0.002_0000.hdf5,/rds/general/ephemeral/user/nny124/ephemeral/martian_moons_data/Ma_xp_A1900_s047z_n65_r11_v00_90000_fof_0.002_0000.hdf5,462775112,A1900,1900,,s047z,47,z,True,n65,65,r11,11,v00,0,90000,0.002,0,PartType0,3162280,373,373,118910,True,kg,9.991072152072684e+18,3.764141063954451e+17,9.991072152072684e+18,1.0,True,"-1,2147483647",20
Ma_xp_A1900_s047z_n65_r12_v00_90000_fof_0.002_0000,Ma_xp_A1900_s047z_n65_r12_v00_90000_fof_0.002_0000.hdf5,/rds/general/ephemeral/user/nny124/ephemeral/martian_moons_data/Ma_xp_A1900_s047z_n65_r12_v00_90000_fof_0.002_0000.hdf5,462775112,A1900,1900,,s047z,47,z,True,n65,65,r12,12,v00,0,90000,0.002,0,PartType0,3162280,386,386,120378,True,kg,9.986849326492928e+18,3.810614289890323e+17,9.986849326492928e+18,1.0,True,"-1,2147483647",20
Ma_xp_A1900_s047z_n65_r12_v02_89000_fof_0.002_0000,Ma_xp_A1900_s047z_n65_r12_v02_89000_fof_0.002_0000.hdf5,/rds/general/ephemeral/user/nny124/ephemeral/martian_moons_data/Ma_xp_A1900_s047z_n65_r12_v02_89000_fof_0.002_0000.hdf5,462775112,A1900,1900,,s047z,47,z,True,n65,65,r12,12,v02,2,89000,0.002,0,PartType0,3162280,355,355,113949,True,kg,9.988210480721916e+18,3.607099404906932e+17,9.988210480721916e+18,1.0,True,"-1,2147483647",20
Ma_xp_A1900_s047z_n65_r12_v04_90000_fof_0.002_0000,Ma_xp_A1900_s047z_n65_r12_v04_90000_fof_0.002_0000.hdf5,/rds/general/ephemeral/user/nny124/ephemeral/martian_moons_data/Ma_xp_A1900_s047z_n65_r12_v04_90000_fof_0.002_0000.hdf5,462775112,A1900,1900,,s047z,47,z,True,n65,65,r12,12,v04,4,90000,0.002,0,PartType0,3162280,356,356,108764,True,kg,9.986042089850348e+18,3.442965201254282e+17,9.986042089850348e+18,1.0,True,"-1,2147483647",20
Ma_xp_A1900_s047z_n65_r12_v06_90000_fof_0.002_0000,Ma_xp_A1900_s047z_n65_r12_v06_90000_fof_0.002_0000.hdf5,/rds/general/ephemeral/user/nny124/ephemeral/martian_moons_data/Ma_xp_A1900_s047z_n65_r12_v06_90000_fof_0.002_0000.hdf5,462775112,A1900,1900,,s047z,47,z,True,n65,65,r12,12,v06,6,90000,0.002,0,PartType0,3162280,341,341,150426,True,kg,9.715809510336877e+18,4.761798012390642e+17,9.715809510336877e+18,1.0,True,"-1,2147483647",20
Ma_xp_A1900_s047z_n65_r12_v08_90000_fof_0.002_0000,Ma_xp_A1900_s047z_n65_r12_v08_90000_fof_0.002_0000.hdf5,/rds/general/ephemeral/user/nny124/ephemeral/martian_moons_data/Ma_xp_A1900_s047z_n65_r12_v08_90000_fof_0.002_0000.hdf5,462775112,A1900,1900,,s047z,47,z,True,n65,65,r12,12,v08,8,90000,0.002,0,PartType0,3162280,314,314,116001,True,kg,9.991404504370338e+18,3.672056923192628e+17,9.991404504370338e+18,1.0,True,"-1,2147483647",20
Ma_xp_A1900_s047z_n65_r12_v10_89000_fof_0.002_0000,Ma_xp_A1900_s047z_n65_r12_v10_89000_fof_0.002_0000.hdf5,/rds/general/ephemeral/user/nny124/ephemeral/martian_moons_data/Ma_xp_A1900_s047z_n65_r12_v10_89000_fof_0.002_0000.hdf5,462775112,A1900,1900,,s047z,47,z,True,n65,65,r12,12,v10,10,89000,0.002,0,PartType0,3162280,262,262,131608,True,kg,9.994190181618686e+18,4.166107211264152e+17,9.994190181618686e+18,1.0,True,"-1,2147483647",20
Ma_xp_A1900_s047z_n65_r12_v15_90000_fof_0.002_0000,Ma_xp_A1900_s047z_n65_r12_v15_90000_fof_0.002_0000.hdf5,/rds/general/ephemeral/user/nny124/ephemeral/martian_moons_data/Ma_xp_A1900_s047z_n65_r12_v15_90000_fof_0.002_0000.hdf5,462775112,A1900,1900,,s047z,47,z,True,n65,65,r12,12,v15,15,90000,0.002,0,PartType0,3162280,207,207,169000,True,kg,9.99638073991469e+18,5.349726380151776e+17,9.99638073991469e+18,1.0,True,"-1,2147483647",20
Ma_xp_A1900_s047z_n65_r12_v20_90000_fof_0.002_0000,Ma_xp_A1900_s047z_n65_r12_v20_90000_fof_0.002_0000.hdf5,/rds/general/ephemeral/user/nny124/ephemeral/martian_moons_data/Ma_xp_A1900_s047z_n65_r12_v20_90000_fof_0.002_0000.hdf5,462775112,A1900,1900,,s047z,47,z,True,n65,65,r12,12,v20,20,90000,0.002,0,PartType0,3162280,129,129,225088,True,kg,9.999403828155156e+18,7.125245475863699e+17,9.999403828155156e+18,1.0,True,"-1,2147483647",20
Ma_xp_A1900_s047z_n65_r13_v00_89000_fof_0.002_0000,Ma_xp_A1900_s047z_n65_r13_v00_89000_fof_0.002_0000.hdf5,/rds/general/ephemeral/user/nny124/ephemeral/martian_moons_data/Ma_xp_A1900_s047z_n65_r13_v00_89000_fof_0.002_0000.hdf5,462775112,A1900,1900,,s047z,47,z,True,n65,65,r13,13,v00,0,89000,0.002,0,PartType0,3162280,375,375,121028,True,kg,9.989837582860409e+18,3.831191246914436e+17,9.989837582860409e+18,1.0,True,"-1,2147483647",20
Ma_xp_A1900_s047z_n65_r14_v00_90000_fof_0.002_0000,Ma_xp_A1900_s047z_n65_r14_v00_90000_fof_0.002_0000.hdf5,/rds/general/ephemeral/user/nny124/ephemeral/martian_moons_data/Ma_xp_A1900_s047z_n65_r14_v00_90000_fof_0.002_0000.hdf5,462775112,A1900,1900,,s047z,47,z,True,n65,65,r14,14,v00,0,90000,0.002,0,PartType0,3162260,347,347,101685,True,kg,9.81955030603207e+18,3.218877668135065e+17,9.81955030603207e+18,1.0,True,"-1,2147483647",20
Ma_xp_A1900_s047z_n65_r15_v00_90000_fof_0.002_0000,Ma_xp_A1900_s047z_n65_r15_v00_90000_fof_0.002_0000.hdf5,/rds/general/ephemeral/user/nny124/ephemeral/martian_moons_data/Ma_xp_A1900_s047z_n65_r15_v00_90000_fof_0.002_0000.hdf5,462775112,A1900,1900,,s047z,47,z,True,n65,65,r15,15,v00,0,90000,0.002,0,PartType0,3162280,314,314,98692,True,kg,9.992297203436796e+18,3.124131915264155e+17,9.992297203436796e+18,1.0,True,"-1,2147483647",20
Ma_xp_A1900_s047z_n65_r16_v00_90000_fof_0.002_0000,Ma_xp_A1900_s047z_n65_r16_v00_90000_fof_0.002_0000.hdf5,/rds/general/ephemeral/user/nny124/ephemeral/martian_moons_data/Ma_xp_A1900_s047z_n65_r16_v00_90000_fof_0.002_0000.hdf5,462775112,A1900,1900,,s047z,47,z,True,n65,65,r16,16,v00,0,90000,0.002,0,PartType0,3162280,306,306,111566,True,kg,9.991948984012886e+18,3.531669267427772e+17,9.991948984012886e+18,1.0,True,"-1,2147483647",20
Ma_xp_A1900_s047z_n65_r16_v02_89000_fof_0.002_0000,Ma_xp_A1900_s047z_n65_r16_v02_89000_fof_0.002_0000.hdf5,/rds/general/ephemeral/user/nny124/ephemeral/martian_moons_data/Ma_xp_A1900_s047z_n65_r16_v02_89000_fof_0.002_0000.hdf5,462775112,A1900,1900,,s047z,47,z,True,n65,65,r16,16,v02,2,89000,0.002,0,PartType0,3162280,325,325,138582,True,kg,9.990141459233784e+18,4.386856602409407e+17,9.990141459233784e+18,1.0,True,"-1,2147483647",20
Ma_xp_A1900_s047z_n65_r16_v04_90000_fof_0.002_0000,Ma_xp_A1900_s047z_n65_r16_v04_90000_fof_0.002_0000.hdf5,/rds/general/ephemeral/user/nny124/ephemeral/martian_moons_data/Ma_xp_A1900_s047z_n65_r16_v04_90000_fof_0.002_0000.hdf5,462775112,A1900,1900,,s047z,47,z,True,n65,65,r16,16,v04,4,90000,0.002,0,PartType0,3162277,316,316,130158,True,kg,9.981806601217241e+18,4.120192338594366e+17,9.981806601217241e+18,1.0,True,"-1,2147483647",20
Ma_xp_A1900_s047z_n65_r16_v06_90000_fof_0.002_0000,Ma_xp_A1900_s047z_n65_r16_v06_90000_fof_0.002_0000.hdf5,/rds/general/ephemeral/user/nny124/ephemeral/martian_moons_data/Ma_xp_A1900_s047z_n65_r16_v06_90000_fof_0.002_0000.hdf5,462775112,A1900,1900,,s047z,47,z,True,n65,65,r16,16,v06,6,90000,0.002,0,PartType0,3162280,272,272,127310,True,kg,9.993677372992848e+18,4.030034178125801e+17,9.993677372992848e+18,1.0,True,"-1,2147483647",20
Ma_xp_A1900_s047z_n65_r17_v00_90000_fof_0.002_0000,Ma_xp_A1900_s047z_n65_r17_v00_90000_fof_0.002_0000.hdf5,/rds/general/ephemeral/user/nny124/ephemeral/martian_moons_data/Ma_xp_A1900_s047z_n65_r17_v00_90000_fof_0.002_0000.hdf5,462775112,A1900,1900,,s047z,47,z,True,n65,65,r17,17,v00,0,90000,0.002,0,PartType0,3162280,281,281,127425,True,kg,9.995947082318516e+18,4.0336827381714323e+17,9.995947082318516e+18,1.0,True,"-1,2147483647",20
Ma_xp_A1900_s047z_n65_r18_v00_89000_fof_0.002_0000,Ma_xp_A1900_s047z_n65_r18_v00_89000_fof_0.002_0000.hdf5,/rds/general/ephemeral/user/nny124/ephemeral/martian_moons_data/Ma_xp_A1900_s047z_n65_r18_v00_89000_fof_0.002_0000.hdf5,462775112,A1900,1900,,s047z,47,z,True,n65,65,r18,18,v00,0,89000,0.002,0,PartType0,3162280,250,250,153070,True,kg,9.99708031869879e+18,4.845495055051077e+17,9.99708031869879e+18,1.0,True,"-1,2147483647",20
Ma_xp_A1900_s047z_n65_r19_v00_89000_fof_0.002_0000,Ma_xp_A1900_s047z_n65_r19_v00_89000_fof_0.002_0000.hdf5,/rds/general/ephemeral/user/nny124/ephemeral/martian_moons_data/Ma_xp_A1900_s047z_n65_r19_v00_89000_fof_0.002_0000.hdf5,462775112,A1900,1900,,s047z,47,z,True,n65,65,r19,19,v00,0,89000,0.002,0,PartType0,3162280,240,240,284818,True,kg,9.998618775070632e+18,9.016033394438386e+17,9.998618775070632e+18,1.0,True,"-1,2147483647",20
Ma_xp_A1900_s047z_n65_r20_v00_90000_fof_0.002_0000,Ma_xp_A1900_s047z_n65_r20_v00_90000_fof_0.002_0000.hdf5,/rds/general/ephemeral/user/nny124/ephemeral/martian_moons_data/Ma_xp_A1900_s047z_n65_r20_v00_90000_fof_0.002_0000.hdf5,462775112,A1900,1900,,s047z,47,z,True,n65,65,r20,20,v00,0,90000,0.002,0,PartType0,3162280,202,202,652341,True,kg,9.997732419413381e+18,2.0650130465920852e+18,9.997732419413381e+18,1.0,True,"-1,2147483647",20
Ma_xp_A1900_s047z_n65_r20_v02_90000_fof_0.002_0000,Ma_xp_A1900_s047z_n65_r20_v02_90000_fof_0.002_0000.hdf5,/rds/general/ephemeral/user/nny124/ephemeral/martian_moons_data/Ma_xp_A1900_s047z_n65_r20_v02_90000_fof_0.002_0000.hdf5,462775112,A1900,1900,,s047z,47,z,True,n65,65,r20,20,v02,2,90000,0.002,0,PartType0,3162280,178,178,601886,True,kg,1.0002262313473638e+19,1.9052955145144003e+18,1.0002262313473638e+19,1.0,True,"-1,2147483647",20
Ma_xp_A1900_s047z_n65_r20_v04_90000_fof_0.002_0000,Ma_xp_A1900_s047z_n65_r20_v04_90000_fof_0.002_0000.hdf5,/rds/general/ephemeral/user/nny124/ephemeral/martian_moons_data/Ma_xp_A1900_s047z_n65_r20_v04_90000_fof_0.002_0000.hdf5,462775112,A1900,1900,,s047z,47,z,True,n65,65,r20,20,v04,4,90000,0.002,0,PartType0,3162280,156,156,722623,True,kg,1.0001265168572991e+19,2.2874938376956972e+18,1.0001265168572991e+19,1.0,True,"-1,2147483647",20
Ma_xp_A1900_s047z_n65_r20_v06_90000_fof_0.002_0000,Ma_xp_A1900_s047z_n65_r20_v06_90000_fof_0.002_0000.hdf5,/rds/general/ephemeral/user/nny124/ephemeral/martian_moons_data/Ma_xp_A1900_s047z_n65_r20_v06_90000_fof_0.002_0000.hdf5,462775112,A1900,1900,,s047z,47,z,True,n65,65,r20,20,v06,6,90000,0.002,0,PartType0,3162280,140,140,733883,True,kg,1.000161971255313e+19,2.323137866419392e+18,1.000161971255313e+19,1.0,True,"-1,2147483647",20
Ma_xp_A1900_s047z_n65_r22_v00_90000_fof_0.002_0000,Ma_xp_A1900_s047z_n65_r22_v00_90000_fof_0.002_0000.hdf5,/rds/general/ephemeral/user/nny124/ephemeral/martian_moons_data/Ma_xp_A1900_s047z_n65_r22_v00_90000_fof_0.002_0000.hdf5,462775112,A1900,1900,,s047z,47,z,True,n65,65,r22,22,v00,0,90000,0.002,0,PartType0,3162280,2,2,2321572,True,kg,1.001032178095046e+19,7.34902480388174e+18,1.001032178095046e+19,1.0,True,"-1,2147483647",20
Ma_xp_A1900_s047z_n65_r24_v00_90000_fof_0.002_0000,Ma_xp_A1900_s047z_n65_r24_v00_90000_fof_0.002_0000.hdf5,/rds/general/ephemeral/user/nny124/ephemeral/martian_moons_data/Ma_xp_A1900_s047z_n65_r24_v00_90000_fof_0.002_0000.hdf5,462775112,A1900,1900,,s047z,47,z,True,n65,65,r24,24,v00,0,90000,0.002,0,PartType0,3162280,175,175,3082655,True,kg,1.0001705178857548e+19,9.75826555329218e+18,1.0001705178857548e+19,1.0,True,"-1,2147483647",20
Ma_xp_A1900_s047z_n65_r26_v00_89000_fof_0.002_0000,Ma_xp_A1900_s047z_n65_r26_v00_89000_fof_0.002_0000.hdf5,/rds/general/ephemeral/user/nny124/ephemeral/martian_moons_data/Ma_xp_A1900_s047z_n65_r26_v00_89000_fof_0.002_0000.hdf5,462775112,A1900,1900,,s047z,47,z,True,n65,65,r26,26,v00,0,89000,0.002,0,PartType0,3162280,1,1,3162280,True,kg,1.0010321780937175e+19,1.0010321780937175e+19,1.0010321780937175e+19,1.0,True,"-1,2147483647",20
Ma_xp_A1900_s086mz_n65_r12_v00_90000_fof_0.002_0000,Ma_xp_A1900_s086mz_n65_r12_v00_90000_fof_0.002_0000.hdf5,/rds/general/ephemeral/user/nny124/ephemeral/martian_moons_data/Ma_xp_A1900_s086mz_n65_r12_v00_90000_fof_0.002_0000.hdf5,462775112,A1900,1900,,s086mz,86,mz,True,n65,65,r12,12,v00,0,90000,0.002,0,PartType0,3162277,146,146,983549,True,kg,9.99404337728031e+18,3.111019688903262e+18,9.99404337728031e+18,1.0,True,"-1,2147483647",20
Ma_xp_A1900_s086x_n65_r12_v00_90000_fof_0.002_0000,Ma_xp_A1900_s086x_n65_r12_v00_90000_fof_0.002_0000.hdf5,/rds/general/ephemeral/user/nny124/ephemeral/martian_moons_data/Ma_xp_A1900_s086x_n65_r12_v00_90000_fof_0.002_0000.hdf5,462775112,A1900,1900,,s086x,86,x,True,n65,65,r12,12,v00,0,90000,0.002,0,PartType0,3162277,750,750,280253,True,kg,9.747252431087106e+18,8.86455381226332e+17,9.747252431087106e+18,1.0,True,"-1,2147483647",20
Ma_xp_A1900_s086y_n65_r12_v00_89100_fof_0.002_0000,Ma_xp_A1900_s086y_n65_r12_v00_89100_fof_0.002_0000.hdf5,/rds/general/ephemeral/user/nny124/ephemeral/martian_moons_data/Ma_xp_A1900_s086y_n65_r12_v00_89100_fof_0.002_0000.hdf5,462775112,A1900,1900,,s086y,86,y,True,n65,65,r12,12,v00,0,89100,0.002,0,PartType0,3162277,707,707,282647,True,kg,9.771206226534058e+18,8.940283838382877e+17,9.771206226534058e+18,1.0,True,"-1,2147483647",20
Ma_xp_A1900_s086z_n65_r12_v00_90000_fof_0.002_0000,Ma_xp_A1900_s086z_n65_r12_v00_90000_fof_0.002_0000.hdf5,/rds/general/ephemeral/user/nny124/ephemeral/martian_moons_data/Ma_xp_A1900_s086z_n65_r12_v00_90000_fof_0.002_0000.hdf5,462775112,A1900,1900,,s086z,86,z,True,n65,65,r12,12,v00,0,90000,0.002,0,PartType0,3162277,349,349,160362,True,kg,9.983605300413702e+18,5.072334077550853e+17,9.983605300413702e+18,1.0,True,"-1,2147483647",20
Ma_xp_A1900_s086z_n65_r16_v00_90000_fof_0.002_0000,Ma_xp_A1900_s086z_n65_r16_v00_90000_fof_0.002_0000.hdf5,/rds/general/ephemeral/user/nny124/ephemeral/martian_moons_data/Ma_xp_A1900_s086z_n65_r16_v00_90000_fof_0.002_0000.hdf5,462775112,A1900,1900,,s086z,86,z,True,n65,65,r16,16,v00,0,90000,0.002,0,PartType0,3162276,253,253,190988,True,kg,9.98749269373994e+18,6.04105399761006e+17,9.98749269373994e+18,1.0,True,"-1,2147483647",20
Ma_xp_A1900_s086z_n65_r20_v00_89000_fof_0.002_0000,Ma_xp_A1900_s086z_n65_r20_v00_89000_fof_0.002_0000.hdf5,/rds/general/ephemeral/user/nny124/ephemeral/martian_moons_data/Ma_xp_A1900_s086z_n65_r20_v00_89000_fof_0.002_0000.hdf5,462775112,A1900,1900,,s086z,86,z,True,n65,65,r20,20,v00,0,89000,0.002,0,PartType0,3162277,32,32,2402965,True,kg,1.0000050014970223e+19,7.600709146455484e+18,1.0000050014970223e+19,1.0,True,"-1,2147483647",20
Ma_xp_A1900_s170mz_n65_r12_v00_90000_fof_0.002_0000,Ma_xp_A1900_s170mz_n65_r12_v00_90000_fof_0.002_0000.hdf5,/rds/general/ephemeral/user/nny124/ephemeral/martian_moons_data/Ma_xp_A1900_s170mz_n65_r12_v00_90000_fof_0.002_0000.hdf5,462775112,A1900,1900,,s170mz,170,mz,True,n65,65,r12,12,v00,0,90000,0.002,0,PartType0,3162286,228,228,347874,True,kg,9.975176101432496e+18,1.0986391241399511e+18,9.975176101432496e+18,1.0,True,"-1,2147483647",20
Ma_xp_A1900_s170x_n65_r12_v00_90000_fof_0.002_0000,Ma_xp_A1900_s170x_n65_r12_v00_90000_fof_0.002_0000.hdf5,/rds/general/ephemeral/user/nny124/ephemeral/martian_moons_data/Ma_xp_A1900_s170x_n65_r12_v00_90000_fof_0.002_0000.hdf5,462775112,A1900,1900,,s170x,170,x,True,n65,65,r12,12,v00,0,90000,0.002,0,PartType0,3162286,119,119,275516,True,kg,9.935585356736584e+18,8.70124123630085e+17,9.935585356736584e+18,1.0,True,"-1,2147483647",20
Ma_xp_A1900_s170y_n65_r12_v00_90000_fof_0.002_0000,Ma_xp_A1900_s170y_n65_r12_v00_90000_fof_0.002_0000.hdf5,/rds/general/ephemeral/user/nny124/ephemeral/martian_moons_data/Ma_xp_A1900_s170y_n65_r12_v00_90000_fof_0.002_0000.hdf5,462775112,A1900,1900,,s170y,170,y,True,n65,65,r12,12,v00,0,90000,0.002,0,PartType0,3162286,122,122,202829,True,kg,9.90172669137269e+18,6.4056615826202e+17,9.90172669137269e+18,1.0,True,"-1,2147483647",20
Ma_xp_A1900_s170z_n65_r12_v00_90000_fof_0.002_0000,Ma_xp_A1900_s170z_n65_r12_v00_90000_fof_0.002_0000.hdf5,/rds/general/ephemeral/user/nny124/ephemeral/martian_moons_data/Ma_xp_A1900_s170z_n65_r12_v00_90000_fof_0.002_0000.hdf5,462775112,A1900,1900,,s170z,170,z,True,n65,65,r12,12,v00,0,90000,0.002,0,PartType0,3162286,304,304,156851,True,kg,9.968540828733293e+18,4.9535933688425446e+17,9.968540828733293e+18,1.0,True,"-1,2147483647",20
Ma_xp_A1900_s170z_n65_r16_v00_90000_fof_0.002_0000,Ma_xp_A1900_s170z_n65_r16_v00_90000_fof_0.002_0000.hdf5,/rds/general/ephemeral/user/nny124/ephemeral/martian_moons_data/Ma_xp_A1900_s170z_n65_r16_v00_90000_fof_0.002_0000.hdf5,462775112,A1900,1900,,s170z,170,z,True,n65,65,r16,16,v00,0,90000,0.002,0,PartType0,3162286,228,228,294286,True,kg,9.977162594421602e+18,9.294036669456077e+17,9.977162594421602e+18,1.0,True,"-1,2147483647",20
Ma_xp_A1900_s170z_n65_r20_v00_89000_fof_0.002_0000,Ma_xp_A1900_s170z_n65_r20_v00_89000_fof_0.002_0000.hdf5,/rds/general/ephemeral/user/nny124/ephemeral/martian_moons_data/Ma_xp_A1900_s170z_n65_r20_v00_89000_fof_0.002_0000.hdf5,462775112,A1900,1900,,s170z,170,z,True,n65,65,r20,20,v00,0,89000,0.002,0,PartType0,3162286,79,79,2747288,True,kg,9.948552790290246e+18,8.676374795799816e+18,9.948552790290246e+18,1.0,True,"-1,2147483647",20
Ma_xp_A1950_n65_r12_v00_90000_fof_0.0020_0000,Ma_xp_A1950_n65_r12_v00_90000_fof_0.0020_0000.hdf5,/rds/general/ephemeral/user/nny124/ephemeral/martian_moons_data/Ma_xp_A1950_n65_r12_v00_90000_fof_0.0020_0000.hdf5,462775088,A1950,1950,,,,,False,n65,65,r12,12,v00,0,90000,0.002,0,PartType0,3227694,273,273,197365,True,kg,3.157704343702875e+19,1.933289746128242e+18,3.157704343702875e+19,1.0,True,"-1,2147483647",20
Ma_xp_A1950_n65_r12_v00_90000_fof_0.0027_0000,Ma_xp_A1950_n65_r12_v00_90000_fof_0.0027_0000.hdf5,/rds/general/ephemeral/user/nny124/ephemeral/martian_moons_data/Ma_xp_A1950_n65_r12_v00_90000_fof_0.0027_0000.hdf5,462775088,A1950,1950,,,,,False,n65,65,r12,12,v00,0,90000,0.0027,0,PartType0,3227694,273,273,197384,True,kg,3.1586251203174646e+19,1.9334758599470426e+18,3.1586251203174646e+19,1.0,True,"-1,2147483647",20
Ma_xp_A1950_n65_r12_v00_90000_fof_0.002_0000,Ma_xp_A1950_n65_r12_v00_90000_fof_0.002_0000.hdf5,/rds/general/ephemeral/user/nny124/ephemeral/martian_moons_data/Ma_xp_A1950_n65_r12_v00_90000_fof_0.002_0000.hdf5,462775096,A1950,1950,,,,,False,n65,65,r12,12,v00,0,90000,0.002,0,PartType0,3227694,272,272,197385,True,kg,3.1587887052073697e+19,1.9334856553936146e+18,3.1587887052073697e+19,1.0,True,"-1,2147483647",20
Ma_xp_A1950_n65_r12_v00_90000_fof_0.0034_0000,Ma_xp_A1950_n65_r12_v00_90000_fof_0.0034_0000.hdf5,/rds/general/ephemeral/user/nny124/ephemeral/martian_moons_data/Ma_xp_A1950_n65_r12_v00_90000_fof_0.0034_0000.hdf5,462775088,A1950,1950,,,,,False,n65,65,r12,12,v00,0,90000,0.0034,0,PartType0,3227694,273,273,197387,True,kg,3.1589846152046223e+19,1.9335052464914557e+18,3.1589846152046223e+19,1.0,True,"-1,2147483647",20
Ma_xp_A1950_n65_r12_v00_90000_fof_0.003_0000,Ma_xp_A1950_n65_r12_v00_90000_fof_0.003_0000.hdf5,/rds/general/ephemeral/user/nny124/ephemeral/martian_moons_data/Ma_xp_A1950_n65_r12_v00_90000_fof_0.003_0000.hdf5,462775096,A1950,1950,,,,,False,n65,65,r12,12,v00,0,90000,0.003,0,PartType0,3227694,272,272,197385,True,kg,3.1587887052073697e+19,1.9334856553936146e+18,3.1587887052073697e+19,1.0,True,"-1,2147483647",20
Ma_xp_A1950_n65_r16_v00_90000_fof_0.0020_0000,Ma_xp_A1950_n65_r16_v00_90000_fof_0.0020_0000.hdf5,/rds/general/ephemeral/user/nny124/ephemeral/martian_moons_data/Ma_xp_A1950_n65_r16_v00_90000_fof_0.0020_0000.hdf5,462775088,A1950,1950,,,,,False,n65,65,r16,16,v00,0,90000,0.002,0,PartType0,3227694,200,200,775432,True,kg,3.157659283844036e+19,7.595743705076336e+18,3.157659283844036e+19,1.0,True,"-1,2147483647",20
Ma_xp_A1950_n65_r16_v00_90000_fof_0.0027_0000,Ma_xp_A1950_n65_r16_v00_90000_fof_0.0027_0000.hdf5,/rds/general/ephemeral/user/nny124/ephemeral/martian_moons_data/Ma_xp_A1950_n65_r16_v00_90000_fof_0.0027_0000.hdf5,462775088,A1950,1950,,,,,False,n65,65,r16,16,v00,0,90000,0.0027,0,PartType0,3227694,204,204,775624,True,kg,3.1587289527365603e+19,7.597624441732158e+18,3.1587289527365603e+19,1.0,True,"-1,2147483647",20
Ma_xp_A1950_n65_r16_v00_90000_fof_0.002_0000,Ma_xp_A1950_n65_r16_v00_90000_fof_0.002_0000.hdf5,/rds/general/ephemeral/user/nny124/ephemeral/martian_moons_data/Ma_xp_A1950_n65_r16_v00_90000_fof_0.002_0000.hdf5,462775096,A1950,1950,,,,,False,n65,65,r16,16,v00,0,90000,0.002,0,PartType0,3227694,200,200,775432,True,kg,3.157659283844036e+19,7.595743705076336e+18,3.157659283844036e+19,1.0,True,"-1,2147483647",20
Ma_xp_A1950_n65_r16_v00_90000_fof_0.0034_0000,Ma_xp_A1950_n65_r16_v00_90000_fof_0.0034_0000.hdf5,/rds/general/ephemeral/user/nny124/ephemeral/martian_moons_data/Ma_xp_A1950_n65_r16_v00_90000_fof_0.0034_0000.hdf5,462775088,A1950,1950,,,,,False,n65,65,r16,16,v00,0,90000,0.0034,0,PartType0,3227694,204,204,775700,True,kg,3.159162893604521e+19,7.598368900128128e+18,3.159162893604521e+19,1.0,True,"-1,2147483647",20
Ma_xp_A1950_n65_r16_v00_90000_fof_0.003_0000,Ma_xp_A1950_n65_r16_v00_90000_fof_0.003_0000.hdf5,/rds/general/ephemeral/user/nny124/ephemeral/martian_moons_data/Ma_xp_A1950_n65_r16_v00_90000_fof_0.003_0000.hdf5,462775096,A1950,1950,,,,,False,n65,65,r16,16,v00,0,90000,0.003,0,PartType0,3227694,205,205,775661,True,kg,3.158995390290871e+19,7.597986875395968e+18,3.158995390290871e+19,1.0,True,"-1,2147483647",20
Ma_xp_A2000_n50_r12_v00_90000_fof_0.0126_0000,Ma_xp_A2000_n50_r12_v00_90000_fof_0.0126_0000.hdf5,/rds/general/ephemeral/user/nny124/ephemeral/martian_moons_data/Ma_xp_A2000_n50_r12_v00_90000_fof_0.0126_0000.hdf5,50119221,A2000,2000,,,,,False,n50,50,r12,12,v00,0,90000,0.0126,0,PartType0,108605,57,57,10630,True,kg,9.979560109912549e+19,9.78341116364349e+18,9.979560109912549e+19,1.0,True,"-1,2147483647",20
Ma_xp_A2000_n50_r14_v00_90000_fof_0.0126_0000,Ma_xp_A2000_n50_r14_v00_90000_fof_0.0126_0000.hdf5,/rds/general/ephemeral/user/nny124/ephemeral/martian_moons_data/Ma_xp_A2000_n50_r14_v00_90000_fof_0.0126_0000.hdf5,50119221,A2000,2000,,,,,False,n50,50,r14,14,v00,0,90000,0.0126,0,PartType0,108605,52,52,15068,True,kg,9.967779240293754e+19,1.3867951877076713e+19,9.967779240293754e+19,1.0,True,"-1,2147483647",20
Ma_xp_A2000_n50_r16_v00_90000_fof_0.0126_0000,Ma_xp_A2000_n50_r16_v00_90000_fof_0.0126_0000.hdf5,/rds/general/ephemeral/user/nny124/ephemeral/martian_moons_data/Ma_xp_A2000_n50_r16_v00_90000_fof_0.0126_0000.hdf5,50119221,A2000,2000,,,,,False,n50,50,r16,16,v00,0,90000,0.0126,0,PartType0,108605,29,29,36883,True,kg,9.982689149756734e+19,3.3945617354481226e+19,9.982689149756734e+19,1.0,True,"-1,2147483647",20
Ma_xp_A2000_n55_r12_v00_90000_fof_0.0086_0000,Ma_xp_A2000_n55_r12_v00_90000_fof_0.0086_0000.hdf5,/rds/general/ephemeral/user/nny124/ephemeral/martian_moons_data/Ma_xp_A2000_n55_r12_v00_90000_fof_0.0086_0000.hdf5,71407395,A2000,2000,,,,,False,n55,55,r12,12,v00,0,90000,0.0086,0,PartType0,319379,89,89,29668,True,kg,9.977508047701059e+19,9.285570449297046e+18,9.977508047701059e+19,1.0,True,"-1,2147483647",20
Ma_xp_A2000_n55_r14_v00_90000_fof_0.0086_0000,Ma_xp_A2000_n55_r14_v00_90000_fof_0.0086_0000.hdf5,/rds/general/ephemeral/user/nny124/ephemeral/martian_moons_data/Ma_xp_A2000_n55_r14_v00_90000_fof_0.0086_0000.hdf5,71407193,A2000,2000,,,,,False,n55,55,r14,14,v00,0,90000,0.0086,0,PartType0,319377,73,73,40033,True,kg,9.980168387741093e+19,1.252955378489149e+19,9.980168387741093e+19,1.0,True,"-1,2147483647",20
Ma_xp_A2000_n55_r16_v00_90000_fof_0.0086_0000,Ma_xp_A2000_n55_r16_v00_90000_fof_0.0086_0000.hdf5,/rds/general/ephemeral/user/nny124/ephemeral/martian_moons_data/Ma_xp_A2000_n55_r16_v00_90000_fof_0.0086_0000.hdf5,71407395,A2000,2000,,,,,False,n55,55,r16,16,v00,0,90000,0.0086,0,PartType0,319379,60,60,103736,True,kg,9.987836438506722e+19,3.246734465802478e+19,9.987836438506722e+19,1.0,True,"-1,2147483647",20
Ma_xp_A2000_n60_r12_v00_90000_fof_0.0059_0000,Ma_xp_A2000_n60_r12_v00_90000_fof_0.0059_0000.hdf5,/rds/general/ephemeral/user/nny124/ephemeral/martian_moons_data/Ma_xp_A2000_n60_r12_v00_90000_fof_0.0059_0000.hdf5,140435643,A2000,2000,,,,,False,n60,60,r12,12,v00,0,90000,0.0059,0,PartType0,1002827,153,153,79310,True,kg,9.98655628768565e+19,7.905593972047944e+18,9.98655628768565e+19,1.0,True,"-1,2147483647",20
Ma_xp_A2000_n60_r14_v00_90000_fof_0.0059_0000,Ma_xp_A2000_n60_r14_v00_90000_fof_0.0059_0000.hdf5,/rds/general/ephemeral/user/nny124/ephemeral/martian_moons_data/Ma_xp_A2000_n60_r14_v00_90000_fof_0.0059_0000.hdf5,140435239,A2000,2000,,,,,False,n60,60,r14,14,v00,0,90000,0.0059,0,PartType0,1002823,131,131,105973,True,kg,9.98635693783184e+19,1.0563338874948665e+19,9.98635693783184e+19,1.0,True,"-1,2147483647",20
Ma_xp_A2000_n60_r16_v00_90000_fof_0.0059_0000,Ma_xp_A2000_n60_r16_v00_90000_fof_0.0059_0000.hdf5,/rds/general/ephemeral/user/nny124/ephemeral/martian_moons_data/Ma_xp_A2000_n60_r16_v00_90000_fof_0.0059_0000.hdf5,140435643,A2000,2000,,,,,False,n60,60,r16,16,v00,0,90000,0.0059,0,PartType0,1002827,87,87,276815,True,kg,9.988838946853431e+19,2.7592805693981123e+19,9.988838946853431e+19,1.0,True,"-1,2147483647",20
Ma_xp_A2000_n65_r11_v00_90000_fof_0.0010_0000,Ma_xp_A2000_n65_r11_v00_90000_fof_0.0010_0000.hdf5,/rds/general/ephemeral/user/nny124/ephemeral/martian_moons_data/Ma_xp_A2000_n65_r11_v00_90000_fof_0.0010_0000.hdf5,462775088,A2000,2000,,,,,False,n65,65,r11,11,v00,0,90000,0.001,0,PartType0,3227695,0,0,0,True,kg,0,0.0,0,nan,True,"-1,2147483647",20
Ma_xp_A2000_n65_r11_v00_90000_fof_0.0020_0000,Ma_xp_A2000_n65_r11_v00_90000_fof_0.0020_0000.hdf5,/rds/general/ephemeral/user/nny124/ephemeral/martian_moons_data/Ma_xp_A2000_n65_r11_v00_90000_fof_0.0020_0000.hdf5,462775088,A2000,2000,,,,,False,n65,65,r11,11,v00,0,90000,0.002,0,PartType0,3227695,6441,6441,12989,True,kg,1.307276005384558e+19,4.02273544912429e+17,1.307276005384558e+19,1.0,True,"-1,2147483647",20
Ma_xp_A2000_n65_r11_v00_90000_fof_0.0030_0000,Ma_xp_A2000_n65_r11_v00_90000_fof_0.0030_0000.hdf5,/rds/general/ephemeral/user/nny124/ephemeral/martian_moons_data/Ma_xp_A2000_n65_r11_v00_90000_fof_0.0030_0000.hdf5,462775088,A2000,2000,,,,,False,n65,65,r11,11,v00,0,90000,0.003,0,PartType0,3227695,359,359,155562,True,kg,9.984898347405733e+19,4.817804299342573e+18,9.984898347405733e+19,1.0,True,"-1,2147483647",20
Ma_xp_A2000_n65_r11_v00_90000_fof_0.0035_0000,Ma_xp_A2000_n65_r11_v00_90000_fof_0.0035_0000.hdf5,/rds/general/ephemeral/user/nny124/ephemeral/martian_moons_data/Ma_xp_A2000_n65_r11_v00_90000_fof_0.0035_0000.hdf5,462775088,A2000,2000,,,,,False,n65,65,r11,11,v00,0,90000,0.0035,0,PartType0,3227695,360,360,155577,True,kg,9.986713207180347e+19,4.818268855673477e+18,9.986713207180347e+19,1.0,True,"-1,2147483647",20
Ma_xp_A2000_n65_r11_v00_90000_fof_0.0040_0000,Ma_xp_A2000_n65_r11_v00_90000_fof_0.0040_0000.hdf5,/rds/general/ephemeral/user/nny124/ephemeral/martian_moons_data/Ma_xp_A2000_n65_r11_v00_90000_fof_0.0040_0000.hdf5,462775104,A2000,2000,,,,,False,n65,65,r11,11,v00,0,90000,0.004,0,PartType0,3227695,361,361,155578,True,kg,9.987694967164074e+19,4.818299825514753e+18,9.987694967164074e+19,1.0,True,"-1,2147483647",20
Ma_xp_A2000_n65_r11_v00_90000_fof_0.0045_0000,Ma_xp_A2000_n65_r11_v00_90000_fof_0.0045_0000.hdf5,/rds/general/ephemeral/user/nny124/ephemeral/martian_moons_data/Ma_xp_A2000_n65_r11_v00_90000_fof_0.0045_0000.hdf5,462775088,A2000,2000,,,,,False,n65,65,r11,11,v00,0,90000,0.0045,0,PartType0,3227695,361,361,155580,True,kg,9.988202880561526e+19,4.818361766432426e+18,9.988202880561526e+19,1.0,True,"-1,2147483647",20
Ma_xp_A2000_n65_r11_v00_90000_fof_0.0050_0000,Ma_xp_A2000_n65_r11_v00_90000_fof_0.0050_0000.hdf5,/rds/general/ephemeral/user/nny124/ephemeral/martian_moons_data/Ma_xp_A2000_n65_r11_v00_90000_fof_0.0050_0000.hdf5,462775088,A2000,2000,,,,,False,n65,65,r11,11,v00,0,90000,0.005,0,PartType0,3227695,362,362,155581,True,kg,9.988633368343406e+19,4.818392736894732e+18,9.988633368343406e+19,1.0,True,"-1,2147483647",20
Ma_xp_A2000_n65_r11_v00_90000_fof_0.0060_0000,Ma_xp_A2000_n65_r11_v00_90000_fof_0.0060_0000.hdf5,/rds/general/ephemeral/user/nny124/ephemeral/martian_moons_data/Ma_xp_A2000_n65_r11_v00_90000_fof_0.0060_0000.hdf5,462775088,A2000,2000,,,,,False,n65,65,r11,11,v00,0,90000,0.006,0,PartType0,3227695,361,361,155581,True,kg,9.98919702836831e+19,4.818392736894732e+18,9.98919702836831e+19,1.0,True,"-1,2147483647",20
Ma_xp_A2000_n65_r11_v00_90000_fof_0.0080_0000,Ma_xp_A2000_n65_r11_v00_90000_fof_0.0080_0000.hdf5,/rds/general/ephemeral/user/nny124/ephemeral/martian_moons_data/Ma_xp_A2000_n65_r11_v00_90000_fof_0.0080_0000.hdf5,462775088,A2000,2000,,,,,False,n65,65,r11,11,v00,0,90000,0.008,0,PartType0,3227695,361,361,155581,True,kg,9.9899403173799e+19,4.818392736894732e+18,9.9899403173799e+19,1.0,True,"-1,2147483647",20
Ma_xp_A2000_n65_r12_v00_102000_fof_0.0040_0000,Ma_xp_A2000_n65_r12_v00_102000_fof_0.0040_0000.hdf5,/rds/general/ephemeral/user/nny124/ephemeral/martian_moons_data/Ma_xp_A2000_n65_r12_v00_102000_fof_0.0040_0000.hdf5,462775096,A2000,2000,,,,,False,n65,65,r12,12,v00,0,102000,0.004,0,PartType0,3227695,239,239,214838,True,kg,9.991219393594637e+19,6.653602026855102e+18,9.991219393594637e+19,1.0,True,"-1,2147483647",20
Ma_xp_A2000_n65_r12_v00_108000_fof_0.0040_0000,Ma_xp_A2000_n65_r12_v00_108000_fof_0.0040_0000.hdf5,/rds/general/ephemeral/user/nny124/ephemeral/martian_moons_data/Ma_xp_A2000_n65_r12_v00_108000_fof_0.0040_0000.hdf5,462775096,A2000,2000,,,,,False,n65,65,r12,12,v00,0,108000,0.004,0,PartType0,3227695,220,220,214605,True,kg,9.991439282707155e+19,6.646385943048327e+18,9.991439282707155e+19,1.0,True,"-1,2147483647",20
Ma_xp_A2000_n65_r12_v00_66000_fof_0.0040_0000,Ma_xp_A2000_n65_r12_v00_66000_fof_0.0040_0000.hdf5,/rds/general/ephemeral/user/nny124/ephemeral/martian_moons_data/Ma_xp_A2000_n65_r12_v00_66000_fof_0.0040_0000.hdf5,462775088,A2000,2000,,,,,False,n65,65,r12,12,v00,0,66000,0.004,0,PartType0,3227695,168,168,989636,True,kg,9.991405218454931e+19,3.064934465061656e+19,9.991405218454931e+19,1.0,True,"-1,2147483647",20
Ma_xp_A2000_n65_r12_v00_72000_fof_0.0040_0000,Ma_xp_A2000_n65_r12_v00_72000_fof_0.0040_0000.hdf5,/rds/general/ephemeral/user/nny124/ephemeral/martian_moons_data/Ma_xp_A2000_n65_r12_v00_72000_fof_0.0040_0000.hdf5,462775088,A2000,2000,,,,,False,n65,65,r12,12,v00,0,72000,0.004,0,PartType0,3227695,377,377,278224,True,kg,9.983898000396997e+19,8.616685322347806e+18,9.983898000396997e+19,1.0,True,"-1,2147483647",20
Ma_xp_A2000_n65_r12_v00_78000_fof_0.0040_0000,Ma_xp_A2000_n65_r12_v00_78000_fof_0.0040_0000.hdf5,/rds/general/ephemeral/user/nny124/ephemeral/martian_moons_data/Ma_xp_A2000_n65_r12_v00_78000_fof_0.0040_0000.hdf5,462775088,A2000,2000,,,,,False,n65,65,r12,12,v00,0,78000,0.004,0,PartType0,3227695,505,505,175060,True,kg,9.978004348122684e+19,5.421658088072429e+18,9.978004348122684e+19,1.0,True,"-1,2147483647",20
Ma_xp_A2000_n65_r12_v00_84000_fof_0.0040_0000,Ma_xp_A2000_n65_r12_v00_84000_fof_0.0040_0000.hdf5,/rds/general/ephemeral/user/nny124/ephemeral/martian_moons_data/Ma_xp_A2000_n65_r12_v00_84000_fof_0.0040_0000.hdf5,462775088,A2000,2000,,,,,False,n65,65,r12,12,v00,0,84000,0.004,0,PartType0,3227695,427,427,209096,True,kg,9.983120657007416e+19,6.475770464900222e+18,9.983120657007416e+19,1.0,True,"-1,2147483647",20
Ma_xp_A2000_n65_r12_v00_90000_fof_0.0010_0000,Ma_xp_A2000_n65_r12_v00_90000_fof_0.0010_0000.hdf5,/rds/general/ephemeral/user/nny124/ephemeral/martian_moons_data/Ma_xp_A2000_n65_r12_v00_90000_fof_0.0010_0000.hdf5,462775088,A2000,2000,,,,,False,n65,65,r12,12,v00,0,90000,0.001,0,PartType0,3227695,0,0,0,True,kg,0,0.0,0,nan,True,"-1,2147483647",20
Ma_xp_A2000_n65_r12_v00_90000_fof_0.0020_0000,Ma_xp_A2000_n65_r12_v00_90000_fof_0.0020_0000.hdf5,/rds/general/ephemeral/user/nny124/ephemeral/martian_moons_data/Ma_xp_A2000_n65_r12_v00_90000_fof_0.0020_0000.hdf5,462775088,A2000,2000,,,,,False,n65,65,r12,12,v00,0,90000,0.002,0,PartType0,3227695,6136,6136,7126,True,kg,1.273177560494676e+19,2.2069455869049853e+17,1.273177560494676e+19,1.0,True,"-1,2147483647",20
Ma_xp_A2000_n65_r12_v00_90000_fof_0.0030_0000,Ma_xp_A2000_n65_r12_v00_90000_fof_0.0030_0000.hdf5,/rds/general/ephemeral/user/nny124/ephemeral/martian_moons_data/Ma_xp_A2000_n65_r12_v00_90000_fof_0.0030_0000.hdf5,462775088,A2000,2000,,,,,False,n65,65,r12,12,v00,0,90000,0.003,0,PartType0,3227695,330,330,211464,True,kg,9.984117902602548e+19,6.549108175575374e+18,9.984117902602548e+19,1.0,True,"-1,2147483647",20
Ma_xp_A2000_n65_r12_v00_90000_fof_0.0035_0000,Ma_xp_A2000_n65_r12_v00_90000_fof_0.0035_0000.hdf5,/rds/general/ephemeral/user/nny124/ephemeral/martian_moons_data/Ma_xp_A2000_n65_r12_v00_90000_fof_0.0035_0000.hdf5,462775088,A2000,2000,,,,,False,n65,65,r12,12,v00,0,90000,0.0035,0,PartType0,3227695,332,332,211504,True,kg,9.986189817536961e+19,6.550346989130583e+18,9.986189817536961e+19,1.0,True,"-1,2147483647",20
Ma_xp_A2000_n65_r12_v00_90000_fof_0.0040_0000,Ma_xp_A2000_n65_r12_v00_90000_fof_0.0040_0000.hdf5,/rds/general/ephemeral/user/nny124/ephemeral/martian_moons_data/Ma_xp_A2000_n65_r12_v00_90000_fof_0.0040_0000.hdf5,462775088,A2000,2000,,,,,False,n65,65,r12,12,v00,0,90000,0.004,0,PartType0,3227695,334,334,211522,True,kg,9.98719015935398e+19,6.550904455221235e+18,9.98719015935398e+19,1.0,True,"-1,2147483647",20
Ma_xp_A2000_n65_r12_v00_90000_fof_0.0045_0000,Ma_xp_A2000_n65_r12_v00_90000_fof_0.0045_0000.hdf5,/rds/general/ephemeral/user/nny124/ephemeral/martian_moons_data/Ma_xp_A2000_n65_r12_v00_90000_fof_0.0045_0000.hdf5,462775088,A2000,2000,,,,,False,n65,65,r12,12,v00,0,90000,0.0045,0,PartType0,3227695,336,336,211535,True,kg,9.987821953467187e+19,6.551307069558938e+18,9.987821953467187e+19,1.0,True,"-1,2147483647",20
Ma_xp_A2000_n65_r12_v00_90000_fof_0.0050_0000,Ma_xp_A2000_n65_r12_v00_90000_fof_0.0050_0000.hdf5,/rds/general/ephemeral/user/nny124/ephemeral/martian_moons_data/Ma_xp_A2000_n65_r12_v00_90000_fof_0.0050_0000.hdf5,462775088,A2000,2000,,,,,False,n65,65,r12,12,v00,0,90000,0.005,0,PartType0,3227695,335,335,211538,True,kg,9.988196694829433e+19,6.551399980477479e+18,9.988196694829433e+19,1.0,True,"-1,2147483647",20
Ma_xp_A2000_n65_r12_v00_90000_fof_0.0060_0000,Ma_xp_A2000_n65_r12_v00_90000_fof_0.0060_0000.hdf5,/rds/general/ephemeral/user/nny124/ephemeral/martian_moons_data/Ma_xp_A2000_n65_r12_v00_90000_fof_0.0060_0000.hdf5,462775088,A2000,2000,,,,,False,n65,65,r12,12,v00,0,90000,0.006,0,PartType0,3227695,335,335,211547,True,kg,9.988887333118699e+19,6.55167871338229e+18,9.988887333118699e+19,1.0,True,"-1,2147483647",20
Ma_xp_A2000_n65_r12_v00_90000_fof_0.0080_0000,Ma_xp_A2000_n65_r12_v00_90000_fof_0.0080_0000.hdf5,/rds/general/ephemeral/user/nny124/ephemeral/martian_moons_data/Ma_xp_A2000_n65_r12_v00_90000_fof_0.0080_0000.hdf5,462775088,A2000,2000,,,,,False,n65,65,r12,12,v00,0,90000,0.008,0,PartType0,3227695,335,335,211562,True,kg,9.98963371801703e+19,6.552143268491952e+18,9.98963371801703e+19,1.0,True,"-1,2147483647",20
Ma_xp_A2000_n65_r12_v00_96000_fof_0.0040_0000,Ma_xp_A2000_n65_r12_v00_96000_fof_0.0040_0000.hdf5,/rds/general/ephemeral/user/nny124/ephemeral/martian_moons_data/Ma_xp_A2000_n65_r12_v00_96000_fof_0.0040_0000.hdf5,462775088,A2000,2000,,,,,False,n65,65,r12,12,v00,0,96000,0.004,0,PartType0,3227695,270,270,214481,True,kg,9.98963061883749e+19,6.64254562525931e+18,9.98963061883749e+19,1.0,True,"-1,2147483647",20
Ma_xp_A2000_n65_r12_v02_90000_fof_0.0040_0000,Ma_xp_A2000_n65_r12_v02_90000_fof_0.0040_0000.hdf5,/rds/general/ephemeral/user/nny124/ephemeral/martian_moons_data/Ma_xp_A2000_n65_r12_v02_90000_fof_0.0040_0000.hdf5,462775088,A2000,2000,,,,,False,n65,65,r12,12,v02,2,90000,0.004,0,PartType0,3227690,356,356,177400,True,kg,9.98618672464754e+19,5.494132571900171e+18,9.98618672464754e+19,1.0,True,"-1,2147483647",20
Ma_xp_A2000_n65_r12_v04_90000_fof_0.0040_0000,Ma_xp_A2000_n65_r12_v04_90000_fof_0.0040_0000.hdf5,/rds/general/ephemeral/user/nny124/ephemeral/martian_moons_data/Ma_xp_A2000_n65_r12_v04_90000_fof_0.0040_0000.hdf5,462775088,A2000,2000,,,,,False,n65,65,r12,12,v04,4,90000,0.004,0,PartType0,3227695,328,328,255232,True,kg,9.987567990885124e+19,7.904615945134766e+18,9.987567990885124e+19,1.0,True,"-1,2147483647",20
Ma_xp_A2000_n65_r12_v06_90000_fof_0.0040_0000,Ma_xp_A2000_n65_r12_v06_90000_fof_0.0040_0000.hdf5,/rds/general/ephemeral/user/nny124/ephemeral/martian_moons_data/Ma_xp_A2000_n65_r12_v06_90000_fof_0.0040_0000.hdf5,462775088,A2000,2000,,,,,False,n65,65,r12,12,v06,6,90000,0.004,0,PartType0,3227695,294,294,267899,True,kg,9.987614452577581e+19,8.296921574038078e+18,9.987614452577581e+19,1.0,True,"-1,2147483647",20
Ma_xp_A2000_n65_r12_v08_90000_fof_0.0040_0000,Ma_xp_A2000_n65_r12_v08_90000_fof_0.0040_0000.hdf5,/rds/general/ephemeral/user/nny124/ephemeral/martian_moons_data/Ma_xp_A2000_n65_r12_v08_90000_fof_0.0040_0000.hdf5,462775088,A2000,2000,,,,,False,n65,65,r12,12,v08,8,90000,0.004,0,PartType0,3227695,314,314,278860,True,kg,9.987933448593991e+19,8.636386691481433e+18,9.987933448593991e+19,1.0,True,"-1,2147483647",20
Ma_xp_A2000_n65_r12_v10_90000_fof_0.0040_0000,Ma_xp_A2000_n65_r12_v10_90000_fof_0.0040_0000.hdf5,/rds/general/ephemeral/user/nny124/ephemeral/martian_moons_data/Ma_xp_A2000_n65_r12_v10_90000_fof_0.0040_0000.hdf5,462775088,A2000,2000,,,,,False,n65,65,r12,12,v10,10,90000,0.004,0,PartType0,3227695,274,274,345039,True,kg,9.98925897797582e+19,1.0685968635855426e+19,9.98925897797582e+19,1.0,True,"-1,2147483647",20
Ma_xp_A2000_n65_r12_v12_90000_fof_0.0040_0000,Ma_xp_A2000_n65_r12_v12_90000_fof_0.0040_0000.hdf5,/rds/general/ephemeral/user/nny124/ephemeral/martian_moons_data/Ma_xp_A2000_n65_r12_v12_90000_fof_0.0040_0000.hdf5,462775088,A2000,2000,,,,,False,n65,65,r12,12,v12,12,90000,0.004,0,PartType0,3227695,225,225,353250,True,kg,9.989934130625048e+19,1.094026451426651e+19,9.989934130625048e+19,1.0,True,"-1,2147483647",20
Ma_xp_A2000_n65_r12_v14_90000_fof_0.0040_0000,Ma_xp_A2000_n65_r12_v14_90000_fof_0.0040_0000.hdf5,/rds/general/ephemeral/user/nny124/ephemeral/martian_moons_data/Ma_xp_A2000_n65_r12_v14_90000_fof_0.0040_0000.hdf5,462775088,A2000,2000,,,,,False,n65,65,r12,12,v14,14,90000,0.004,0,PartType0,3227695,211,211,756809,True,kg,9.988695315662442e+19,2.3438611930754585e+19,9.988695315662442e+19,1.0,True,"-1,2147483647",20
Ma_xp_A2000_n65_r12_v16_90000_fof_0.0040_0000,Ma_xp_A2000_n65_r12_v16_90000_fof_0.0040_0000.hdf5,/rds/general/ephemeral/user/nny124/ephemeral/martian_moons_data/Ma_xp_A2000_n65_r12_v16_90000_fof_0.0040_0000.hdf5,462775088,A2000,2000,,,,,False,n65,65,r12,12,v16,16,90000,0.004,0,PartType0,3227695,165,165,701086,True,kg,9.990875624897448e+19,2.1712852542099677e+19,9.990875624897448e+19,1.0,True,"-1,2147483647",20
Ma_xp_A2000_n65_r13_v00_90000_fof_0.0010_0000,Ma_xp_A2000_n65_r13_v00_90000_fof_0.0010_0000.hdf5,/rds/general/ephemeral/user/nny124/ephemeral/martian_moons_data/Ma_xp_A2000_n65_r13_v00_90000_fof_0.0010_0000.hdf5,462775088,A2000,2000,,,,,False,n65,65,r13,13,v00,0,90000,0.001,0,PartType0,3227695,0,0,0,True,kg,0,0.0,0,nan,True,"-1,2147483647",20
Ma_xp_A2000_n65_r13_v00_90000_fof_0.0020_0000,Ma_xp_A2000_n65_r13_v00_90000_fof_0.0020_0000.hdf5,/rds/general/ephemeral/user/nny124/ephemeral/martian_moons_data/Ma_xp_A2000_n65_r13_v00_90000_fof_0.0020_0000.hdf5,462775088,A2000,2000,,,,,False,n65,65,r13,13,v00,0,90000,0.002,0,PartType0,3227695,6178,6178,11571,True,kg,1.2359512248986218e+19,3.58357566568995e+17,1.2359512248986218e+19,1.0,True,"-1,2147483647",20
Ma_xp_A2000_n65_r13_v00_90000_fof_0.0030_0000,Ma_xp_A2000_n65_r13_v00_90000_fof_0.0030_0000.hdf5,/rds/general/ephemeral/user/nny124/ephemeral/martian_moons_data/Ma_xp_A2000_n65_r13_v00_90000_fof_0.0030_0000.hdf5,462775088,A2000,2000,,,,,False,n65,65,r13,13,v00,0,90000,0.003,0,PartType0,3227695,354,354,215030,True,kg,9.984195341448385e+19,6.659547017224107e+18,9.984195341448385e+19,1.0,True,"-1,2147483647",20
Ma_xp_A2000_n65_r13_v00_90000_fof_0.0035_0000,Ma_xp_A2000_n65_r13_v00_90000_fof_0.0035_0000.hdf5,/rds/general/ephemeral/user/nny124/ephemeral/martian_moons_data/Ma_xp_A2000_n65_r13_v00_90000_fof_0.0035_0000.hdf5,462775088,A2000,2000,,,,,False,n65,65,r13,13,v00,0,90000,0.0035,0,PartType0,3227695,350,350,215033,True,kg,9.985901804298232e+19,6.659639927844277e+18,9.985901804298232e+19,1.0,True,"-1,2147483647",20
Ma_xp_A2000_n65_r13_v00_90000_fof_0.0040_0000,Ma_xp_A2000_n65_r13_v00_90000_fof_0.0040_0000.hdf5,/rds/general/ephemeral/user/nny124/ephemeral/martian_moons_data/Ma_xp_A2000_n65_r13_v00_90000_fof_0.0040_0000.hdf5,462775088,A2000,2000,,,,,False,n65,65,r13,13,v00,0,90000,0.004,0,PartType0,3227695,350,350,215035,True,kg,9.98671632185927e+19,6.659701868720316e+18,9.98671632185927e+19,1.0,True,"-1,2147483647",20
Ma_xp_A2000_n65_r13_v00_90000_fof_0.0045_0000,Ma_xp_A2000_n65_r13_v00_90000_fof_0.0045_0000.hdf5,/rds/general/ephemeral/user/nny124/ephemeral/martian_moons_data/Ma_xp_A2000_n65_r13_v00_90000_fof_0.0045_0000.hdf5,462775088,A2000,2000,,,,,False,n65,65,r13,13,v00,0,90000,0.0045,0,PartType0,3227695,351,351,215035,True,kg,9.98727688414683e+19,6.659701868720316e+18,9.98727688414683e+19,1.0,True,"-1,2147483647",20
Ma_xp_A2000_n65_r13_v00_90000_fof_0.0050_0000,Ma_xp_A2000_n65_r13_v00_90000_fof_0.0050_0000.hdf5,/rds/general/ephemeral/user/nny124/ephemeral/martian_moons_data/Ma_xp_A2000_n65_r13_v00_90000_fof_0.0050_0000.hdf5,462775088,A2000,2000,,,,,False,n65,65,r13,13,v00,0,90000,0.005,0,PartType0,3227695,351,351,215035,True,kg,9.98761446100878e+19,6.659701868720316e+18,9.98761446100878e+19,1.0,True,"-1,2147483647",20
Ma_xp_A2000_n65_r13_v00_90000_fof_0.0060_0000,Ma_xp_A2000_n65_r13_v00_90000_fof_0.0060_0000.hdf5,/rds/general/ephemeral/user/nny124/ephemeral/martian_moons_data/Ma_xp_A2000_n65_r13_v00_90000_fof_0.0060_0000.hdf5,462775088,A2000,2000,,,,,False,n65,65,r13,13,v00,0,90000,0.006,0,PartType0,3227695,353,353,215035,True,kg,9.988370136861575e+19,6.659701868720316e+18,9.988370136861575e+19,1.0,True,"-1,2147483647",20
Ma_xp_A2000_n65_r13_v00_90000_fof_0.0080_0000,Ma_xp_A2000_n65_r13_v00_90000_fof_0.0080_0000.hdf5,/rds/general/ephemeral/user/nny124/ephemeral/martian_moons_data/Ma_xp_A2000_n65_r13_v00_90000_fof_0.0080_0000.hdf5,462775088,A2000,2000,,,,,False,n65,65,r13,13,v00,0,90000,0.008,0,PartType0,3227695,353,353,215036,True,kg,9.988986445352622e+19,6.659732838894659e+18,9.988986445352622e+19,1.0,True,"-1,2147483647",20
Ma_xp_A2000_n65_r14_v00_90000_fof_0.0010_0000,Ma_xp_A2000_n65_r14_v00_90000_fof_0.0010_0000.hdf5,/rds/general/ephemeral/user/nny124/ephemeral/martian_moons_data/Ma_xp_A2000_n65_r14_v00_90000_fof_0.0010_0000.hdf5,462775088,A2000,2000,,,,,False,n65,65,r14,14,v00,0,90000,0.001,0,PartType0,3227695,0,0,0,True,kg,0,0.0,0,nan,True,"-1,2147483647",20
Ma_xp_A2000_n65_r14_v00_90000_fof_0.0020_0000,Ma_xp_A2000_n65_r14_v00_90000_fof_0.0020_0000.hdf5,/rds/general/ephemeral/user/nny124/ephemeral/martian_moons_data/Ma_xp_A2000_n65_r14_v00_90000_fof_0.0020_0000.hdf5,462775088,A2000,2000,,,,,False,n65,65,r14,14,v00,0,90000,0.002,0,PartType0,3227695,5849,5849,14791,True,kg,1.208585896468242e+19,4.580822687699147e+17,1.208585896468242e+19,1.0,True,"-1,2147483647",20
Ma_xp_A2000_n65_r14_v00_90000_fof_0.0030_0000,Ma_xp_A2000_n65_r14_v00_90000_fof_0.0030_0000.hdf5,/rds/general/ephemeral/user/nny124/ephemeral/martian_moons_data/Ma_xp_A2000_n65_r14_v00_90000_fof_0.0030_0000.hdf5,462775088,A2000,2000,,,,,False,n65,65,r14,14,v00,0,90000,0.003,0,PartType0,3227695,294,294,259332,True,kg,9.985731459793909e+19,8.031590128327206e+18,9.985731459793909e+19,1.0,True,"-1,2147483647",20
Ma_xp_A2000_n65_r14_v00_90000_fof_0.0035_0000,Ma_xp_A2000_n65_r14_v00_90000_fof_0.0035_0000.hdf5,/rds/general/ephemeral/user/nny124/ephemeral/martian_moons_data/Ma_xp_A2000_n65_r14_v00_90000_fof_0.0035_0000.hdf5,462775088,A2000,2000,,,,,False,n65,65,r14,14,v00,0,90000,0.0035,0,PartType0,3227695,292,292,259335,True,kg,9.987066279139587e+19,8.031683039325545e+18,9.987066279139587e+19,1.0,True,"-1,2147483647",20
Ma_xp_A2000_n65_r14_v00_90000_fof_0.0040_0000,Ma_xp_A2000_n65_r14_v00_90000_fof_0.0040_0000.hdf5,/rds/general/ephemeral/user/nny124/ephemeral/martian_moons_data/Ma_xp_A2000_n65_r14_v00_90000_fof_0.0040_0000.hdf5,462775088,A2000,2000,,,,,False,n65,65,r14,14,v00,0,90000,0.004,0,PartType0,3227695,291,291,259346,True,kg,9.98782195699252e+19,8.032023714782141e+18,9.98782195699252e+19,1.0,True,"-1,2147483647",20
Ma_xp_A2000_n65_r14_v00_90000_fof_0.0045_0000,Ma_xp_A2000_n65_r14_v00_90000_fof_0.0045_0000.hdf5,/rds/general/ephemeral/user/nny124/ephemeral/martian_moons_data/Ma_xp_A2000_n65_r14_v00_90000_fof_0.0045_0000.hdf5,462775088,A2000,2000,,,,,False,n65,65,r14,14,v00,0,90000,0.0045,0,PartType0,3227695,293,293,259346,True,kg,9.988370130998359e+19,8.032023714782141e+18,9.988370130998359e+19,1.0,True,"-1,2147483647",20
Ma_xp_A2000_n65_r14_v00_90000_fof_0.0050_0000,Ma_xp_A2000_n65_r14_v00_90000_fof_0.0050_0000.hdf5,/rds/general/ephemeral/user/nny124/ephemeral/martian_moons_data/Ma_xp_A2000_n65_r14_v00_90000_fof_0.0050_0000.hdf5,462775088,A2000,2000,,,,,False,n65,65,r14,14,v00,0,90000,0.005,0,PartType0,3227695,293,293,259351,True,kg,9.988726289626643e+19,8.032178566271412e+18,9.988726289626643e+19,1.0,True,"-1,2147483647",20
Ma_xp_A2000_n65_r14_v00_90000_fof_0.0060_0000,Ma_xp_A2000_n65_r14_v00_90000_fof_0.0060_0000.hdf5,/rds/general/ephemeral/user/nny124/ephemeral/martian_moons_data/Ma_xp_A2000_n65_r14_v00_90000_fof_0.0060_0000.hdf5,462775088,A2000,2000,,,,,False,n65,65,r14,14,v00,0,90000,0.006,0,PartType0,3227695,292,292,259351,True,kg,9.989014313786375e+19,8.032178566271412e+18,9.989014313786375e+19,1.0,True,"-1,2147483647",20
Ma_xp_A2000_n65_r14_v00_90000_fof_0.0080_0000,Ma_xp_A2000_n65_r14_v00_90000_fof_0.0080_0000.hdf5,/rds/general/ephemeral/user/nny124/ephemeral/martian_moons_data/Ma_xp_A2000_n65_r14_v00_90000_fof_0.0080_0000.hdf5,462775088,A2000,2000,,,,,False,n65,65,r14,14,v00,0,90000,0.008,0,PartType0,3227695,290,290,259351,True,kg,9.989602749187473e+19,8.032178566271412e+18,9.989602749187473e+19,1.0,True,"-1,2147483647",20
Ma_xp_A2000_n65_r14_v02_90000_fof_0.0040_0000,Ma_xp_A2000_n65_r14_v02_90000_fof_0.0040_0000.hdf5,/rds/general/ephemeral/user/nny124/ephemeral/martian_moons_data/Ma_xp_A2000_n65_r14_v02_90000_fof_0.0040_0000.hdf5,462775088,A2000,2000,,,,,False,n65,65,r14,14,v02,2,90000,0.004,0,PartType0,3227695,322,322,355594,True,kg,9.98703530696406e+19,1.1012858742818433e+19,9.98703530696406e+19,1.0,True,"-1,2147483647",20
Ma_xp_A2000_n65_r14_v04_90000_fof_0.0040_0000,Ma_xp_A2000_n65_r14_v04_90000_fof_0.0040_0000.hdf5,/rds/general/ephemeral/user/nny124/ephemeral/martian_moons_data/Ma_xp_A2000_n65_r14_v04_90000_fof_0.0040_0000.hdf5,462775088,A2000,2000,,,,,False,n65,65,r14,14,v04,4,90000,0.004,0,PartType0,3227695,294,294,262338,True,kg,9.987998486376613e+19,8.124690132973843e+18,9.987998486376613e+19,1.0,True,"-1,2147483647",20
Ma_xp_A2000_n65_r14_v06_90000_fof_0.0040_0000,Ma_xp_A2000_n65_r14_v06_90000_fof_0.0040_0000.hdf5,/rds/general/ephemeral/user/nny124/ephemeral/martian_moons_data/Ma_xp_A2000_n65_r14_v06_90000_fof_0.0040_0000.hdf5,462775088,A2000,2000,,,,,False,n65,65,r14,14,v06,6,90000,0.004,0,PartType0,3227695,273,273,444062,True,kg,9.987633035109799e+19,1.3752740912437834e+19,9.987633035109799e+19,1.0,True,"-1,2147483647",20
Ma_xp_A2000_n65_r14_v08_90000_fof_0.0040_0000,Ma_xp_A2000_n65_r14_v08_90000_fof_0.0040_0000.hdf5,/rds/general/ephemeral/user/nny124/ephemeral/martian_moons_data/Ma_xp_A2000_n65_r14_v08_90000_fof_0.0040_0000.hdf5,462775088,A2000,2000,,,,,False,n65,65,r14,14,v08,8,90000,0.004,0,PartType0,3227695,239,239,520557,True,kg,9.988456843620806e+19,1.6121814632023716e+19,9.988456843620806e+19,1.0,True,"-1,2147483647",20
Ma_xp_A2000_n65_r14_v10_90000_fof_0.0040_0000,Ma_xp_A2000_n65_r14_v10_90000_fof_0.0040_0000.hdf5,/rds/general/ephemeral/user/nny124/ephemeral/martian_moons_data/Ma_xp_A2000_n65_r14_v10_90000_fof_0.0040_0000.hdf5,462775088,A2000,2000,,,,,False,n65,65,r14,14,v10,10,90000,0.004,0,PartType0,3227695,216,216,723756,True,kg,9.989426213989052e+19,2.2414953385235423e+19,9.989426213989052e+19,1.0,True,"-1,2147483647",20
Ma_xp_A2000_n65_r15_v00_90000_fof_0.0010_0000,Ma_xp_A2000_n65_r15_v00_90000_fof_0.0010_0000.hdf5,/rds/general/ephemeral/user/nny124/ephemeral/martian_moons_data/Ma_xp_A2000_n65_r15_v00_90000_fof_0.0010_0000.hdf5,462775088,A2000,2000,,,,,False,n65,65,r15,15,v00,0,90000,0.001,0,PartType0,3227695,0,0,0,True,kg,0,0.0,0,nan,True,"-1,2147483647",20
Ma_xp_A2000_n65_r15_v00_90000_fof_0.0020_0000,Ma_xp_A2000_n65_r15_v00_90000_fof_0.0020_0000.hdf5,/rds/general/ephemeral/user/nny124/ephemeral/martian_moons_data/Ma_xp_A2000_n65_r15_v00_90000_fof_0.0020_0000.hdf5,462775088,A2000,2000,,,,,False,n65,65,r15,15,v00,0,90000,0.002,0,PartType0,3227695,4797,4797,16783,True,kg,1.107353218849835e+19,5.1977494036620614e+17,1.107353218849835e+19,1.0,True,"-1,2147483647",20
Ma_xp_A2000_n65_r15_v00_90000_fof_0.0030_0000,Ma_xp_A2000_n65_r15_v00_90000_fof_0.0030_0000.hdf5,/rds/general/ephemeral/user/nny124/ephemeral/martian_moons_data/Ma_xp_A2000_n65_r15_v00_90000_fof_0.0030_0000.hdf5,462775088,A2000,2000,,,,,False,n65,65,r15,15,v00,0,90000,0.003,0,PartType0,3227695,294,294,496146,True,kg,9.98544652920768e+19,1.5365798311289006e+19,9.98544652920768e+19,1.0,True,"-1,2147483647",20
Ma_xp_A2000_n65_r15_v00_90000_fof_0.0035_0000,Ma_xp_A2000_n65_r15_v00_90000_fof_0.0035_0000.hdf5,/rds/general/ephemeral/user/nny124/ephemeral/martian_moons_data/Ma_xp_A2000_n65_r15_v00_90000_fof_0.0035_0000.hdf5,462775088,A2000,2000,,,,,False,n65,65,r15,15,v00,0,90000,0.0035,0,PartType0,3227695,295,295,496147,True,kg,9.986886648138038e+19,1.5365829281713148e+19,9.986886648138038e+19,1.0,True,"-1,2147483647",20
Ma_xp_A2000_n65_r15_v00_90000_fof_0.0040_0000,Ma_xp_A2000_n65_r15_v00_90000_fof_0.0040_0000.hdf5,/rds/general/ephemeral/user/nny124/ephemeral/martian_moons_data/Ma_xp_A2000_n65_r15_v00_90000_fof_0.0040_0000.hdf5,462775088,A2000,2000,,,,,False,n65,65,r15,15,v00,0,90000,0.004,0,PartType0,3227695,293,293,496147,True,kg,9.987533928373353e+19,1.5365829281713148e+19,9.987533928373353e+19,1.0,True,"-1,2147483647",20
Ma_xp_A2000_n65_r15_v00_90000_fof_0.0045_0000,Ma_xp_A2000_n65_r15_v00_90000_fof_0.0045_0000.hdf5,/rds/general/ephemeral/user/nny124/ephemeral/martian_moons_data/Ma_xp_A2000_n65_r15_v00_90000_fof_0.0045_0000.hdf5,462775088,A2000,2000,,,,,False,n65,65,r15,15,v00,0,90000,0.0045,0,PartType0,3227695,292,292,496147,True,kg,9.988054230651698e+19,1.5365829281713148e+19,9.988054230651698e+19,1.0,True,"-1,2147483647",20
Ma_xp_A2000_n65_r15_v00_90000_fof_0.0050_0000,Ma_xp_A2000_n65_r15_v00_90000_fof_0.0050_0000.hdf5,/rds/general/ephemeral/user/nny124/ephemeral/martian_moons_data/Ma_xp_A2000_n65_r15_v00_90000_fof_0.0050_0000.hdf5,462775088,A2000,2000,,,,,False,n65,65,r15,15,v00,0,90000,0.005,0,PartType0,3227695,291,291,496150,True,kg,9.988376321313479e+19,1.536592219232638e+19,9.988376321313479e+19,1.0,True,"-1,2147483647",20
Ma_xp_A2000_n65_r15_v00_90000_fof_0.0060_0000,Ma_xp_A2000_n65_r15_v00_90000_fof_0.0060_0000.hdf5,/rds/general/ephemeral/user/nny124/ephemeral/martian_moons_data/Ma_xp_A2000_n65_r15_v00_90000_fof_0.0060_0000.hdf5,462775088,A2000,2000,,,,,False,n65,65,r15,15,v00,0,90000,0.006,0,PartType0,3227695,290,290,496150,True,kg,9.989008116772137e+19,1.536592219232638e+19,9.989008116772137e+19,1.0,True,"-1,2147483647",20
Ma_xp_A2000_n65_r15_v00_90000_fof_0.0080_0000,Ma_xp_A2000_n65_r15_v00_90000_fof_0.0080_0000.hdf5,/rds/general/ephemeral/user/nny124/ephemeral/martian_moons_data/Ma_xp_A2000_n65_r15_v00_90000_fof_0.0080_0000.hdf5,462775088,A2000,2000,,,,,False,n65,65,r15,15,v00,0,90000,0.008,0,PartType0,3227695,289,289,496150,True,kg,9.98949125339694e+19,1.536592219232638e+19,9.98949125339694e+19,1.0,True,"-1,2147483647",20
Ma_xp_A2000_n65_r16_v00_102000_fof_0.0040_0000,Ma_xp_A2000_n65_r16_v00_102000_fof_0.0040_0000.hdf5,/rds/general/ephemeral/user/nny124/ephemeral/martian_moons_data/Ma_xp_A2000_n65_r16_v00_102000_fof_0.0040_0000.hdf5,462775096,A2000,2000,,,,,False,n65,65,r16,16,v00,0,102000,0.004,0,PartType0,3227695,173,173,777261,True,kg,9.99191622895232e+19,2.4072020131500528e+19,9.99191622895232e+19,1.0,True,"-1,2147483647",20
Ma_xp_A2000_n65_r16_v00_108000_fof_0.0040_0000,Ma_xp_A2000_n65_r16_v00_108000_fof_0.0040_0000.hdf5,/rds/general/ephemeral/user/nny124/ephemeral/martian_moons_data/Ma_xp_A2000_n65_r16_v00_108000_fof_0.0040_0000.hdf5,462775096,A2000,2000,,,,,False,n65,65,r16,16,v00,0,108000,0.004,0,PartType0,3227695,156,156,777434,True,kg,9.992681197003912e+19,2.4077377999532175e+19,9.992681197003912e+19,1.0,True,"-1,2147483647",20
Ma_xp_A2000_n65_r16_v00_66000_fof_0.0040_0000,Ma_xp_A2000_n65_r16_v00_66000_fof_0.0040_0000.hdf5,/rds/general/ephemeral/user/nny124/ephemeral/martian_moons_data/Ma_xp_A2000_n65_r16_v00_66000_fof_0.0040_0000.hdf5,462775088,A2000,2000,,,,,False,n65,65,r16,16,v00,0,66000,0.004,0,PartType0,3227695,34,34,2360703,True,kg,9.995177403923934e+19,7.3111719754050355e+19,9.995177403923934e+19,1.0,True,"-1,2147483647",20
Ma_xp_A2000_n65_r16_v00_72000_fof_0.0040_0000,Ma_xp_A2000_n65_r16_v00_72000_fof_0.0040_0000.hdf5,/rds/general/ephemeral/user/nny124/ephemeral/martian_moons_data/Ma_xp_A2000_n65_r16_v00_72000_fof_0.0040_0000.hdf5,462775088,A2000,2000,,,,,False,n65,65,r16,16,v00,0,72000,0.004,0,PartType0,3227695,98,98,2041944,True,kg,9.993130266190183e+19,6.323965139713175e+19,9.993130266190183e+19,1.0,True,"-1,2147483647",20
Ma_xp_A2000_n65_r16_v00_78000_fof_0.0040_0000,Ma_xp_A2000_n65_r16_v00_78000_fof_0.0040_0000.hdf5,/rds/general/ephemeral/user/nny124/ephemeral/martian_moons_data/Ma_xp_A2000_n65_r16_v00_78000_fof_0.0040_0000.hdf5,462775088,A2000,2000,,,,,False,n65,65,r16,16,v00,0,78000,0.004,0,PartType0,3227695,207,207,770641,True,kg,9.98920632664603e+19,2.3866996631042413e+19,9.98920632664603e+19,1.0,True,"-1,2147483647",20
Ma_xp_A2000_n65_r16_v00_84000_fof_0.0040_0000,Ma_xp_A2000_n65_r16_v00_84000_fof_0.0040_0000.hdf5,/rds/general/ephemeral/user/nny124/ephemeral/martian_moons_data/Ma_xp_A2000_n65_r16_v00_84000_fof_0.0040_0000.hdf5,462775088,A2000,2000,,,,,False,n65,65,r16,16,v00,0,84000,0.004,0,PartType0,3227695,298,298,771014,True,kg,9.985554928447753e+19,2.3878548557845107e+19,9.985554928447753e+19,1.0,True,"-1,2147483647",20
Ma_xp_A2000_n65_r16_v00_90000_fof_0.0010_0000,Ma_xp_A2000_n65_r16_v00_90000_fof_0.0010_0000.hdf5,/rds/general/ephemeral/user/nny124/ephemeral/martian_moons_data/Ma_xp_A2000_n65_r16_v00_90000_fof_0.0010_0000.hdf5,462775088,A2000,2000,,,,,False,n65,65,r16,16,v00,0,90000,0.001,0,PartType0,3227695,0,0,0,True,kg,0,0.0,0,nan,True,"-1,2147483647",20
Ma_xp_A2000_n65_r16_v00_90000_fof_0.0020_0000,Ma_xp_A2000_n65_r16_v00_90000_fof_0.0020_0000.hdf5,/rds/general/ephemeral/user/nny124/ephemeral/martian_moons_data/Ma_xp_A2000_n65_r16_v00_90000_fof_0.0020_0000.hdf5,462775088,A2000,2000,,,,,False,n65,65,r16,16,v00,0,90000,0.002,0,PartType0,3227695,6319,6319,15220,True,kg,1.2263441966045458e+19,4.713682871699572e+17,1.2263441966045458e+19,1.0,True,"-1,2147483647",20
Ma_xp_A2000_n65_r16_v00_90000_fof_0.0030_0000,Ma_xp_A2000_n65_r16_v00_90000_fof_0.0030_0000.hdf5,/rds/general/ephemeral/user/nny124/ephemeral/martian_moons_data/Ma_xp_A2000_n65_r16_v00_90000_fof_0.0030_0000.hdf5,462775088,A2000,2000,,,,,False,n65,65,r16,16,v00,0,90000,0.003,0,PartType0,3227695,263,263,774358,True,kg,9.985025331830168e+19,2.3982113299581694e+19,9.985025331830168e+19,1.0,True,"-1,2147483647",20
Ma_xp_A2000_n65_r16_v00_90000_fof_0.0035_0000,Ma_xp_A2000_n65_r16_v00_90000_fof_0.0035_0000.hdf5,/rds/general/ephemeral/user/nny124/ephemeral/martian_moons_data/Ma_xp_A2000_n65_r16_v00_90000_fof_0.0035_0000.hdf5,462775088,A2000,2000,,,,,False,n65,65,r16,16,v00,0,90000,0.0035,0,PartType0,3227695,261,261,774361,True,kg,9.98660172141258e+19,2.3982206210392687e+19,9.98660172141258e+19,1.0,True,"-1,2147483647",20
Ma_xp_A2000_n65_r16_v00_90000_fof_0.0040_0000,Ma_xp_A2000_n65_r16_v00_90000_fof_0.0040_0000.hdf5,/rds/general/ephemeral/user/nny124/ephemeral/martian_moons_data/Ma_xp_A2000_n65_r16_v00_90000_fof_0.0040_0000.hdf5,462775088,A2000,2000,,,,,False,n65,65,r16,16,v00,0,90000,0.004,0,PartType0,3227695,265,265,774367,True,kg,9.987868406622775e+19,2.3982392032524677e+19,9.987868406622775e+19,1.0,True,"-1,2147483647",20
Ma_xp_A2000_n65_r16_v00_90000_fof_0.0045_0000,Ma_xp_A2000_n65_r16_v00_90000_fof_0.0045_0000.hdf5,/rds/general/ephemeral/user/nny124/ephemeral/martian_moons_data/Ma_xp_A2000_n65_r16_v00_90000_fof_0.0045_0000.hdf5,462775088,A2000,2000,,,,,False,n65,65,r16,16,v00,0,90000,0.0045,0,PartType0,3227695,266,266,774368,True,kg,9.988500201646018e+19,2.3982423002459628e+19,9.988500201646018e+19,1.0,True,"-1,2147483647",20
Ma_xp_A2000_n65_r16_v00_90000_fof_0.0050_0000,Ma_xp_A2000_n65_r16_v00_90000_fof_0.0050_0000.hdf5,/rds/general/ephemeral/user/nny124/ephemeral/martian_moons_data/Ma_xp_A2000_n65_r16_v00_90000_fof_0.0050_0000.hdf5,462775088,A2000,2000,,,,,False,n65,65,r16,16,v00,0,90000,0.005,0,PartType0,3227695,267,267,774369,True,kg,9.988809905305264e+19,2.39824539733348e+19,9.988809905305264e+19,1.0,True,"-1,2147483647",20
Ma_xp_A2000_n65_r16_v00_90000_fof_0.0060_0000,Ma_xp_A2000_n65_r16_v00_90000_fof_0.0060_0000.hdf5,/rds/general/ephemeral/user/nny124/ephemeral/martian_moons_data/Ma_xp_A2000_n65_r16_v00_90000_fof_0.0060_0000.hdf5,462775088,A2000,2000,,,,,False,n65,65,r16,16,v00,0,90000,0.006,0,PartType0,3227695,265,265,774369,True,kg,9.989333301962182e+19,2.39824539733348e+19,9.989333301962182e+19,1.0,True,"-1,2147483647",20
Ma_xp_A2000_n65_r16_v00_90000_fof_0.0080_0000,Ma_xp_A2000_n65_r16_v00_90000_fof_0.0080_0000.hdf5,/rds/general/ephemeral/user/nny124/ephemeral/martian_moons_data/Ma_xp_A2000_n65_r16_v00_90000_fof_0.0080_0000.hdf5,462775088,A2000,2000,,,,,False,n65,65,r16,16,v00,0,90000,0.008,0,PartType0,3227695,258,258,774371,True,kg,9.990154016313523e+19,2.3982515914113696e+19,9.990154016313523e+19,1.0,True,"-1,2147483647",20
Ma_xp_A2000_n65_r16_v00_96000_fof_0.0040_0000,Ma_xp_A2000_n65_r16_v00_96000_fof_0.0040_0000.hdf5,/rds/general/ephemeral/user/nny124/ephemeral/martian_moons_data/Ma_xp_A2000_n65_r16_v00_96000_fof_0.0040_0000.hdf5,462775088,A2000,2000,,,,,False,n65,65,r16,16,v00,0,96000,0.004,0,PartType0,3227695,208,208,774886,True,kg,9.990578310481841e+19,2.3998465623876153e+19,9.990578310481841e+19,1.0,True,"-1,2147483647",20
Ma_xp_A2000_n65_r16_v02_90000_fof_0.0040_0000,Ma_xp_A2000_n65_r16_v02_90000_fof_0.0040_0000.hdf5,/rds/general/ephemeral/user/nny124/ephemeral/martian_moons_data/Ma_xp_A2000_n65_r16_v02_90000_fof_0.0040_0000.hdf5,462775088,A2000,2000,,,,,False,n65,65,r16,16,v02,2,90000,0.004,0,PartType0,3227695,253,253,823009,True,kg,9.988240050853542e+19,2.5488850336325874e+19,9.988240050853542e+19,1.0,True,"-1,2147483647",20
Ma_xp_A2000_n65_r16_v04_90000_fof_0.0040_0000,Ma_xp_A2000_n65_r16_v04_90000_fof_0.0040_0000.hdf5,/rds/general/ephemeral/user/nny124/ephemeral/martian_moons_data/Ma_xp_A2000_n65_r16_v04_90000_fof_0.0040_0000.hdf5,462775088,A2000,2000,,,,,False,n65,65,r16,16,v04,4,90000,0.004,0,PartType0,3227695,209,209,924840,True,kg,9.988320578988466e+19,2.8642588553269113e+19,9.988320578988466e+19,1.0,True,"-1,2147483647",20
Ma_xp_A2000_n65_r16_v06_90000_fof_0.0040_0000,Ma_xp_A2000_n65_r16_v06_90000_fof_0.0040_0000.hdf5,/rds/general/ephemeral/user/nny124/ephemeral/martian_moons_data/Ma_xp_A2000_n65_r16_v06_90000_fof_0.0040_0000.hdf5,462775088,A2000,2000,,,,,False,n65,65,r16,16,v06,6,90000,0.004,0,PartType0,3227695,191,191,1035800,True,kg,9.988927592022812e+19,3.207905509638647e+19,9.988927592022812e+19,1.0,True,"-1,2147483647",20
Ma_xp_A2000_n65_r16_v08_90000_fof_0.0040_0000,Ma_xp_A2000_n65_r16_v08_90000_fof_0.0040_0000.hdf5,/rds/general/ephemeral/user/nny124/ephemeral/martian_moons_data/Ma_xp_A2000_n65_r16_v08_90000_fof_0.0040_0000.hdf5,462775088,A2000,2000,,,,,False,n65,65,r16,16,v08,8,90000,0.004,0,PartType0,3227695,152,152,1251650,True,kg,9.989413828113265e+19,3.876399865711665e+19,9.989413828113265e+19,1.0,True,"-1,2147483647",20
Ma_xp_A2000_n65_r16_v10_90000_fof_0.0040_0000,Ma_xp_A2000_n65_r16_v10_90000_fof_0.0040_0000.hdf5,/rds/general/ephemeral/user/nny124/ephemeral/martian_moons_data/Ma_xp_A2000_n65_r16_v10_90000_fof_0.0040_0000.hdf5,462775088,A2000,2000,,,,,False,n65,65,r16,16,v10,10,90000,0.004,0,PartType0,3227695,232,232,1828576,True,kg,9.944596701774202e+19,5.663157789974288e+19,9.944596701774202e+19,1.0,True,"-1,2147483647",20
Ma_xp_A2000_n65_r17_v00_90000_fof_0.0010_0000,Ma_xp_A2000_n65_r17_v00_90000_fof_0.0010_0000.hdf5,/rds/general/ephemeral/user/nny124/ephemeral/martian_moons_data/Ma_xp_A2000_n65_r17_v00_90000_fof_0.0010_0000.hdf5,462775088,A2000,2000,,,,,False,n65,65,r17,17,v00,0,90000,0.001,0,PartType0,3227695,0,0,0,True,kg,0,0.0,0,nan,True,"-1,2147483647",20
Ma_xp_A2000_n65_r17_v00_90000_fof_0.0020_0000,Ma_xp_A2000_n65_r17_v00_90000_fof_0.0020_0000.hdf5,/rds/general/ephemeral/user/nny124/ephemeral/martian_moons_data/Ma_xp_A2000_n65_r17_v00_90000_fof_0.0020_0000.hdf5,462775088,A2000,2000,,,,,False,n65,65,r17,17,v00,0,90000,0.002,0,PartType0,3227695,4140,4140,18999,True,kg,9.501540958432715e+18,5.884050910605989e+17,9.501540958432715e+18,1.0,True,"-1,2147483647",20
Ma_xp_A2000_n65_r17_v00_90000_fof_0.0030_0000,Ma_xp_A2000_n65_r17_v00_90000_fof_0.0030_0000.hdf5,/rds/general/ephemeral/user/nny124/ephemeral/martian_moons_data/Ma_xp_A2000_n65_r17_v00_90000_fof_0.0030_0000.hdf5,462775088,A2000,2000,,,,,False,n65,65,r17,17,v00,0,90000,0.003,0,PartType0,3227695,190,190,1357274,True,kg,9.986911424215661e+19,4.203520767088335e+19,9.986911424215661e+19,1.0,True,"-1,2147483647",20
Ma_xp_A2000_n65_r17_v00_90000_fof_0.0035_0000,Ma_xp_A2000_n65_r17_v00_90000_fof_0.0035_0000.hdf5,/rds/general/ephemeral/user/nny124/ephemeral/martian_moons_data/Ma_xp_A2000_n65_r17_v00_90000_fof_0.0035_0000.hdf5,462775088,A2000,2000,,,,,False,n65,65,r17,17,v00,0,90000,0.0035,0,PartType0,3227695,189,189,1357294,True,kg,9.988196691642176e+19,4.20358270743459e+19,9.988196691642176e+19,1.0,True,"-1,2147483647",20
Ma_xp_A2000_n65_r17_v00_90000_fof_0.0040_0000,Ma_xp_A2000_n65_r17_v00_90000_fof_0.0040_0000.hdf5,/rds/general/ephemeral/user/nny124/ephemeral/martian_moons_data/Ma_xp_A2000_n65_r17_v00_90000_fof_0.0040_0000.hdf5,462775088,A2000,2000,,,,,False,n65,65,r17,17,v00,0,90000,0.004,0,PartType0,3227695,187,187,1357307,True,kg,9.98886565119937e+19,4.203622968891605e+19,9.98886565119937e+19,1.0,True,"-1,2147483647",20
Ma_xp_A2000_n65_r17_v00_90000_fof_0.0045_0000,Ma_xp_A2000_n65_r17_v00_90000_fof_0.0045_0000.hdf5,/rds/general/ephemeral/user/nny124/ephemeral/martian_moons_data/Ma_xp_A2000_n65_r17_v00_90000_fof_0.0045_0000.hdf5,462775088,A2000,2000,,,,,False,n65,65,r17,17,v00,0,90000,0.0045,0,PartType0,3227695,185,185,1357313,True,kg,9.989246586056984e+19,4.203641551090578e+19,9.989246586056984e+19,1.0,True,"-1,2147483647",20
Ma_xp_A2000_n65_r17_v00_90000_fof_0.0050_0000,Ma_xp_A2000_n65_r17_v00_90000_fof_0.0050_0000.hdf5,/rds/general/ephemeral/user/nny124/ephemeral/martian_moons_data/Ma_xp_A2000_n65_r17_v00_90000_fof_0.0050_0000.hdf5,462775088,A2000,2000,,,,,False,n65,65,r17,17,v00,0,90000,0.005,0,PartType0,3227695,186,186,1357319,True,kg,9.989646103312374e+19,4.203660133303778e+19,9.989646103312374e+19,1.0,True,"-1,2147483647",20
Ma_xp_A2000_n65_r17_v00_90000_fof_0.0060_0000,Ma_xp_A2000_n65_r17_v00_90000_fof_0.0060_0000.hdf5,/rds/general/ephemeral/user/nny124/ephemeral/martian_moons_data/Ma_xp_A2000_n65_r17_v00_90000_fof_0.0060_0000.hdf5,462775088,A2000,2000,,,,,False,n65,65,r17,17,v00,0,90000,0.006,0,PartType0,3227695,186,186,1357321,True,kg,9.989983679525885e+19,4.203666327349054e+19,9.989983679525885e+19,1.0,True,"-1,2147483647",20
Ma_xp_A2000_n65_r17_v00_90000_fof_0.0080_0000,Ma_xp_A2000_n65_r17_v00_90000_fof_0.0080_0000.hdf5,/rds/general/ephemeral/user/nny124/ephemeral/martian_moons_data/Ma_xp_A2000_n65_r17_v00_90000_fof_0.0080_0000.hdf5,462775088,A2000,2000,,,,,False,n65,65,r17,17,v00,0,90000,0.008,0,PartType0,3227695,185,185,1357324,True,kg,9.990479204495553e+19,4.203675618451317e+19,9.990479204495553e+19,1.0,True,"-1,2147483647",20
Ma_xp_A2000_n65_r18_v00_90000_fof_0.0010_0000,Ma_xp_A2000_n65_r18_v00_90000_fof_0.0010_0000.hdf5,/rds/general/ephemeral/user/nny124/ephemeral/martian_moons_data/Ma_xp_A2000_n65_r18_v00_90000_fof_0.0010_0000.hdf5,462775088,A2000,2000,,,,,False,n65,65,r18,18,v00,0,90000,0.001,0,PartType0,3227695,0,0,0,True,kg,0,0.0,0,nan,True,"-1,2147483647",20
Ma_xp_A2000_n65_r18_v00_90000_fof_0.0020_0000,Ma_xp_A2000_n65_r18_v00_90000_fof_0.0020_0000.hdf5,/rds/general/ephemeral/user/nny124/ephemeral/martian_moons_data/Ma_xp_A2000_n65_r18_v00_90000_fof_0.0020_0000.hdf5,462775088,A2000,2000,,,,,False,n65,65,r18,18,v00,0,90000,0.002,0,PartType0,3227695,3714,3714,20867,True,kg,6.648801113655938e+18,6.462578878463791e+17,6.648801113655938e+18,1.0,True,"-1,2147483647",20
Ma_xp_A2000_n65_r18_v00_90000_fof_0.0030_0000,Ma_xp_A2000_n65_r18_v00_90000_fof_0.0030_0000.hdf5,/rds/general/ephemeral/user/nny124/ephemeral/martian_moons_data/Ma_xp_A2000_n65_r18_v00_90000_fof_0.0030_0000.hdf5,462775088,A2000,2000,,,,,False,n65,65,r18,18,v00,0,90000,0.003,0,PartType0,3227695,114,114,2243087,True,kg,9.984854991572181e+19,6.9469115039041044e+19,9.984854991572181e+19,1.0,True,"-1,2147483647",20
Ma_xp_A2000_n65_r18_v00_90000_fof_0.0035_0000,Ma_xp_A2000_n65_r18_v00_90000_fof_0.0035_0000.hdf5,/rds/general/ephemeral/user/nny124/ephemeral/martian_moons_data/Ma_xp_A2000_n65_r18_v00_90000_fof_0.0035_0000.hdf5,462775088,A2000,2000,,,,,False,n65,65,r18,18,v00,0,90000,0.0035,0,PartType0,3227695,115,115,2243329,True,kg,9.986338470536164e+19,6.947660987040429e+19,9.986338470536164e+19,1.0,True,"-1,2147483647",20
Ma_xp_A2000_n65_r18_v00_90000_fof_0.0040_0000,Ma_xp_A2000_n65_r18_v00_90000_fof_0.0040_0000.hdf5,/rds/general/ephemeral/user/nny124/ephemeral/martian_moons_data/Ma_xp_A2000_n65_r18_v00_90000_fof_0.0040_0000.hdf5,462775088,A2000,2000,,,,,False,n65,65,r18,18,v00,0,90000,0.004,0,PartType0,3227695,117,117,2243563,True,kg,9.987602059622305e+19,6.948385693363157e+19,9.987602059622305e+19,1.0,True,"-1,2147483647",20
Ma_xp_A2000_n65_r18_v00_90000_fof_0.0045_0000,Ma_xp_A2000_n65_r18_v00_90000_fof_0.0045_0000.hdf5,/rds/general/ephemeral/user/nny124/ephemeral/martian_moons_data/Ma_xp_A2000_n65_r18_v00_90000_fof_0.0045_0000.hdf5,462775088,A2000,2000,,,,,False,n65,65,r18,18,v00,0,90000,0.0045,0,PartType0,3227695,115,115,2243717,True,kg,9.988323668913029e+19,6.9488626379115954e+19,9.988323668913029e+19,1.0,True,"-1,2147483647",20
Ma_xp_A2000_n65_r18_v00_90000_fof_0.0050_0000,Ma_xp_A2000_n65_r18_v00_90000_fof_0.0050_0000.hdf5,/rds/general/ephemeral/user/nny124/ephemeral/martian_moons_data/Ma_xp_A2000_n65_r18_v00_90000_fof_0.0050_0000.hdf5,462775088,A2000,2000,,,,,False,n65,65,r18,18,v00,0,90000,0.005,0,PartType0,3227695,116,116,2243886,True,kg,9.988967853063496e+19,6.9493860377381994e+19,9.988967853063496e+19,1.0,True,"-1,2147483647",20
Ma_xp_A2000_n65_r18_v00_90000_fof_0.0060_0000,Ma_xp_A2000_n65_r18_v00_90000_fof_0.0060_0000.hdf5,/rds/general/ephemeral/user/nny124/ephemeral/martian_moons_data/Ma_xp_A2000_n65_r18_v00_90000_fof_0.0060_0000.hdf5,462775088,A2000,2000,,,,,False,n65,65,r18,18,v00,0,90000,0.006,0,PartType0,3227695,114,114,2244071,True,kg,9.989875280740246e+19,6.949958986109239e+19,9.989875280740246e+19,1.0,True,"-1,2147483647",20
Ma_xp_A2000_n65_r18_v00_90000_fof_0.0080_0000,Ma_xp_A2000_n65_r18_v00_90000_fof_0.0080_0000.hdf5,/rds/general/ephemeral/user/nny124/ephemeral/martian_moons_data/Ma_xp_A2000_n65_r18_v00_90000_fof_0.0080_0000.hdf5,462775088,A2000,2000,,,,,False,n65,65,r18,18,v00,0,90000,0.008,0,PartType0,3227695,110,110,2244283,True,kg,9.990931371446105e+19,6.950615558551488e+19,9.990931371446105e+19,1.0,True,"-1,2147483647",20
Ma_xp_A2000_n65_r18_v02_90000_fof_0.0040_0000,Ma_xp_A2000_n65_r18_v02_90000_fof_0.0040_0000.hdf5,/rds/general/ephemeral/user/nny124/ephemeral/martian_moons_data/Ma_xp_A2000_n65_r18_v02_90000_fof_0.0040_0000.hdf5,462775088,A2000,2000,,,,,False,n65,65,r18,18,v02,2,90000,0.004,0,PartType0,3227695,97,97,2327034,True,kg,9.988116170897632e+19,7.2068980228806525e+19,9.988116170897632e+19,1.0,True,"-1,2147483647",20
Ma_xp_A2000_n65_r18_v04_90000_fof_0.0040_0000,Ma_xp_A2000_n65_r18_v04_90000_fof_0.0040_0000.hdf5,/rds/general/ephemeral/user/nny124/ephemeral/martian_moons_data/Ma_xp_A2000_n65_r18_v04_90000_fof_0.0040_0000.hdf5,462775088,A2000,2000,,,,,False,n65,65,r18,18,v04,4,90000,0.004,0,PartType0,3227695,85,85,2413599,True,kg,9.992832950516351e+19,7.474992570662914e+19,9.992832950516351e+19,1.0,True,"-1,2147483647",20
Ma_xp_A2000_n65_r18_v06_90000_fof_0.0040_0000,Ma_xp_A2000_n65_r18_v06_90000_fof_0.0040_0000.hdf5,/rds/general/ephemeral/user/nny124/ephemeral/martian_moons_data/Ma_xp_A2000_n65_r18_v06_90000_fof_0.0040_0000.hdf5,462775088,A2000,2000,,,,,False,n65,65,r18,18,v06,6,90000,0.004,0,PartType0,3227695,111,111,2624570,True,kg,9.98488286756013e+19,8.128376525725855e+19,9.98488286756013e+19,1.0,True,"-1,2147483647",20
Ma_xp_A2000_n65_r18_v08_90000_fof_0.0040_0000,Ma_xp_A2000_n65_r18_v08_90000_fof_0.0040_0000.hdf5,/rds/general/ephemeral/user/nny124/ephemeral/martian_moons_data/Ma_xp_A2000_n65_r18_v08_90000_fof_0.0040_0000.hdf5,462775088,A2000,2000,,,,,False,n65,65,r18,18,v08,8,90000,0.004,0,PartType0,3227695,107,107,2665776,True,kg,9.950716409517148e+19,8.255992842152944e+19,9.950716409517148e+19,1.0,True,"-1,2147483647",20
Ma_xp_A2000_n65_r18_v10_90000_fof_0.0040_0000,Ma_xp_A2000_n65_r18_v10_90000_fof_0.0040_0000.hdf5,/rds/general/ephemeral/user/nny124/ephemeral/martian_moons_data/Ma_xp_A2000_n65_r18_v10_90000_fof_0.0040_0000.hdf5,462775088,A2000,2000,,,,,False,n65,65,r18,18,v10,10,90000,0.004,0,PartType0,3227695,8,8,2604691,True,kg,9.99000226254968e+19,8.06681062186211e+19,9.99000226254968e+19,1.0,True,"-1,2147483647",20
Ma_xp_A2000_n65_r19_v00_90000_fof_0.0010_0000,Ma_xp_A2000_n65_r19_v00_90000_fof_0.0010_0000.hdf5,/rds/general/ephemeral/user/nny124/ephemeral/martian_moons_data/Ma_xp_A2000_n65_r19_v00_90000_fof_0.0010_0000.hdf5,462775088,A2000,2000,,,,,False,n65,65,r19,19,v00,0,90000,0.001,0,PartType0,3227695,0,0,0,True,kg,0,0.0,0,nan,True,"-1,2147483647",20
Ma_xp_A2000_n65_r19_v00_90000_fof_0.0020_0000,Ma_xp_A2000_n65_r19_v00_90000_fof_0.0020_0000.hdf5,/rds/general/ephemeral/user/nny124/ephemeral/martian_moons_data/Ma_xp_A2000_n65_r19_v00_90000_fof_0.0020_0000.hdf5,462775088,A2000,2000,,,,,False,n65,65,r19,19,v00,0,90000,0.002,0,PartType0,3227695,1388,1388,5197,True,kg,3.46031454521306e+18,1.6095282634117914e+17,3.46031454521306e+18,1.0,True,"-1,2147483647",20
Ma_xp_A2000_n65_r19_v00_90000_fof_0.0030_0000,Ma_xp_A2000_n65_r19_v00_90000_fof_0.0030_0000.hdf5,/rds/general/ephemeral/user/nny124/ephemeral/martian_moons_data/Ma_xp_A2000_n65_r19_v00_90000_fof_0.0030_0000.hdf5,462775088,A2000,2000,,,,,False,n65,65,r19,19,v00,0,90000,0.003,0,PartType0,3227695,2,2,2642611,True,kg,9.996273753185249e+19,8.184250098740077e+19,9.996273753185249e+19,1.0,True,"-1,2147483647",20
Ma_xp_A2000_n65_r19_v00_90000_fof_0.0035_0000,Ma_xp_A2000_n65_r19_v00_90000_fof_0.0035_0000.hdf5,/rds/general/ephemeral/user/nny124/ephemeral/martian_moons_data/Ma_xp_A2000_n65_r19_v00_90000_fof_0.0035_0000.hdf5,462775088,A2000,2000,,,,,False,n65,65,r19,19,v00,0,90000,0.0035,0,PartType0,3227695,2,2,2642611,True,kg,9.996273753185249e+19,8.184250098740077e+19,9.996273753185249e+19,1.0,True,"-1,2147483647",20
Ma_xp_A2000_n65_r19_v00_90000_fof_0.0040_0000,Ma_xp_A2000_n65_r19_v00_90000_fof_0.0040_0000.hdf5,/rds/general/ephemeral/user/nny124/ephemeral/martian_moons_data/Ma_xp_A2000_n65_r19_v00_90000_fof_0.0040_0000.hdf5,462775088,A2000,2000,,,,,False,n65,65,r19,19,v00,0,90000,0.004,0,PartType0,3227695,2,2,2642611,True,kg,9.996273753185249e+19,8.184250098740077e+19,9.996273753185249e+19,1.0,True,"-1,2147483647",20
Ma_xp_A2000_n65_r19_v00_90000_fof_0.0045_0000,Ma_xp_A2000_n65_r19_v00_90000_fof_0.0045_0000.hdf5,/rds/general/ephemeral/user/nny124/ephemeral/martian_moons_data/Ma_xp_A2000_n65_r19_v00_90000_fof_0.0045_0000.hdf5,462775088,A2000,2000,,,,,False,n65,65,r19,19,v00,0,90000,0.0045,0,PartType0,3227695,2,2,2642611,True,kg,9.996273753185249e+19,8.184250098740077e+19,9.996273753185249e+19,1.0,True,"-1,2147483647",20
Ma_xp_A2000_n65_r19_v00_90000_fof_0.0050_0000,Ma_xp_A2000_n65_r19_v00_90000_fof_0.0050_0000.hdf5,/rds/general/ephemeral/user/nny124/ephemeral/martian_moons_data/Ma_xp_A2000_n65_r19_v00_90000_fof_0.0050_0000.hdf5,462775088,A2000,2000,,,,,False,n65,65,r19,19,v00,0,90000,0.005,0,PartType0,3227695,2,2,2642611,True,kg,9.996273753185249e+19,8.184250098740077e+19,9.996273753185249e+19,1.0,True,"-1,2147483647",20
Ma_xp_A2000_n65_r19_v00_90000_fof_0.0060_0000,Ma_xp_A2000_n65_r19_v00_90000_fof_0.0060_0000.hdf5,/rds/general/ephemeral/user/nny124/ephemeral/martian_moons_data/Ma_xp_A2000_n65_r19_v00_90000_fof_0.0060_0000.hdf5,462775088,A2000,2000,,,,,False,n65,65,r19,19,v00,0,90000,0.006,0,PartType0,3227695,2,2,2642611,True,kg,9.996273753185249e+19,8.184250098740077e+19,9.996273753185249e+19,1.0,True,"-1,2147483647",20
Ma_xp_A2000_n65_r19_v00_90000_fof_0.0080_0000,Ma_xp_A2000_n65_r19_v00_90000_fof_0.0080_0000.hdf5,/rds/general/ephemeral/user/nny124/ephemeral/martian_moons_data/Ma_xp_A2000_n65_r19_v00_90000_fof_0.0080_0000.hdf5,462775088,A2000,2000,,,,,False,n65,65,r19,19,v00,0,90000,0.008,0,PartType0,3227695,2,2,2642611,True,kg,9.996273753185249e+19,8.184250098740077e+19,9.996273753185249e+19,1.0,True,"-1,2147483647",20
Ma_xp_A2000_n65_r20_v00_90000_fof_0.0010_0000,Ma_xp_A2000_n65_r20_v00_90000_fof_0.0010_0000.hdf5,/rds/general/ephemeral/user/nny124/ephemeral/martian_moons_data/Ma_xp_A2000_n65_r20_v00_90000_fof_0.0010_0000.hdf5,462775088,A2000,2000,,,,,False,n65,65,r20,20,v00,0,90000,0.001,0,PartType0,3227695,0,0,0,True,kg,0,0.0,0,nan,True,"-1,2147483647",20
Ma_xp_A2000_n65_r20_v00_90000_fof_0.0020_0000,Ma_xp_A2000_n65_r20_v00_90000_fof_0.0020_0000.hdf5,/rds/general/ephemeral/user/nny124/ephemeral/martian_moons_data/Ma_xp_A2000_n65_r20_v00_90000_fof_0.0020_0000.hdf5,462775088,A2000,2000,,,,,False,n65,65,r20,20,v00,0,90000,0.002,0,PartType0,3227695,1296,1296,3360,True,kg,3.1313782614360305e+18,1.0406025918729867e+17,3.1313782614360305e+18,1.0,True,"-1,2147483647",20
Ma_xp_A2000_n65_r20_v00_90000_fof_0.0030_0000,Ma_xp_A2000_n65_r20_v00_90000_fof_0.0030_0000.hdf5,/rds/general/ephemeral/user/nny124/ephemeral/martian_moons_data/Ma_xp_A2000_n65_r20_v00_90000_fof_0.0030_0000.hdf5,462775088,A2000,2000,,,,,False,n65,65,r20,20,v00,0,90000,0.003,0,PartType0,3227695,5,5,2817032,True,kg,9.996078640347587e+19,8.72443726858744e+19,9.996078640347587e+19,1.0,True,"-1,2147483647",20
Ma_xp_A2000_n65_r20_v00_90000_fof_0.0035_0000,Ma_xp_A2000_n65_r20_v00_90000_fof_0.0035_0000.hdf5,/rds/general/ephemeral/user/nny124/ephemeral/martian_moons_data/Ma_xp_A2000_n65_r20_v00_90000_fof_0.0035_0000.hdf5,462775088,A2000,2000,,,,,False,n65,65,r20,20,v00,0,90000,0.0035,0,PartType0,3227695,5,5,2817032,True,kg,9.99610961067042e+19,8.72443726858744e+19,9.99610961067042e+19,1.0,True,"-1,2147483647",20
Ma_xp_A2000_n65_r20_v00_90000_fof_0.0040_0000,Ma_xp_A2000_n65_r20_v00_90000_fof_0.0040_0000.hdf5,/rds/general/ephemeral/user/nny124/ephemeral/martian_moons_data/Ma_xp_A2000_n65_r20_v00_90000_fof_0.0040_0000.hdf5,462775088,A2000,2000,,,,,False,n65,65,r20,20,v00,0,90000,0.004,0,PartType0,3227695,5,5,2817033,True,kg,9.996112707712141e+19,8.72444036562916e+19,9.996112707712141e+19,1.0,True,"-1,2147483647",20
Ma_xp_A2000_n65_r20_v00_90000_fof_0.0045_0000,Ma_xp_A2000_n65_r20_v00_90000_fof_0.0045_0000.hdf5,/rds/general/ephemeral/user/nny124/ephemeral/martian_moons_data/Ma_xp_A2000_n65_r20_v00_90000_fof_0.0045_0000.hdf5,462775088,A2000,2000,,,,,False,n65,65,r20,20,v00,0,90000,0.0045,0,PartType0,3227695,5,5,2817033,True,kg,9.99612199881024e+19,8.72444036562916e+19,9.99612199881024e+19,1.0,True,"-1,2147483647",20
Ma_xp_A2000_n65_r20_v00_90000_fof_0.0050_0000,Ma_xp_A2000_n65_r20_v00_90000_fof_0.0050_0000.hdf5,/rds/general/ephemeral/user/nny124/ephemeral/martian_moons_data/Ma_xp_A2000_n65_r20_v00_90000_fof_0.0050_0000.hdf5,462775088,A2000,2000,,,,,False,n65,65,r20,20,v00,0,90000,0.005,0,PartType0,3227695,5,5,2817033,True,kg,9.99612509585647e+19,8.72444036562916e+19,9.99612509585647e+19,1.0,True,"-1,2147483647",20
Ma_xp_A2000_n65_r20_v00_90000_fof_0.0060_0000,Ma_xp_A2000_n65_r20_v00_90000_fof_0.0060_0000.hdf5,/rds/general/ephemeral/user/nny124/ephemeral/martian_moons_data/Ma_xp_A2000_n65_r20_v00_90000_fof_0.0060_0000.hdf5,462775088,A2000,2000,,,,,False,n65,65,r20,20,v00,0,90000,0.006,0,PartType0,3227695,5,5,2817033,True,kg,9.996131289877114e+19,8.72444036562916e+19,9.996131289877114e+19,1.0,True,"-1,2147483647",20
Ma_xp_A2000_n65_r20_v00_90000_fof_0.0080_0000,Ma_xp_A2000_n65_r20_v00_90000_fof_0.0080_0000.hdf5,/rds/general/ephemeral/user/nny124/ephemeral/martian_moons_data/Ma_xp_A2000_n65_r20_v00_90000_fof_0.0080_0000.hdf5,462775088,A2000,2000,,,,,False,n65,65,r20,20,v00,0,90000,0.008,0,PartType0,3227695,5,5,2817034,True,kg,9.996134386900446e+19,8.724443462652492e+19,9.996134386900446e+19,1.0,True,"-1,2147483647",20
Ma_xp_A2000_n65_r20_v02_90000_fof_0.0040_0000,Ma_xp_A2000_n65_r20_v02_90000_fof_0.0040_0000.hdf5,/rds/general/ephemeral/user/nny124/ephemeral/martian_moons_data/Ma_xp_A2000_n65_r20_v02_90000_fof_0.0040_0000.hdf5,462775088,A2000,2000,,,,,False,n65,65,r20,20,v02,2,90000,0.004,0,PartType0,3227695,5,5,2837147,True,kg,9.996131289769266e+19,8.786734020585986e+19,9.996131289769266e+19,1.0,True,"-1,2147483647",20
Ma_xp_A2000_n65_r20_v04_90000_fof_0.0040_0000,Ma_xp_A2000_n65_r20_v04_90000_fof_0.0040_0000.hdf5,/rds/general/ephemeral/user/nny124/ephemeral/martian_moons_data/Ma_xp_A2000_n65_r20_v04_90000_fof_0.0040_0000.hdf5,462775088,A2000,2000,,,,,False,n65,65,r20,20,v04,4,90000,0.004,0,PartType0,3227695,2,2,2886994,True,kg,9.995750354964603e+19,8.941111671752804e+19,9.995750354964603e+19,1.0,True,"-1,2147483647",20
Ma_xp_A2000_n65_r20_v06_90000_fof_0.0040_0000,Ma_xp_A2000_n65_r20_v06_90000_fof_0.0040_0000.hdf5,/rds/general/ephemeral/user/nny124/ephemeral/martian_moons_data/Ma_xp_A2000_n65_r20_v06_90000_fof_0.0040_0000.hdf5,462775088,A2000,2000,,,,,False,n65,65,r20,20,v06,6,90000,0.004,0,PartType0,3227695,82,82,2910086,True,kg,9.955687158258047e+19,9.012628385822256e+19,9.955687158258047e+19,1.0,True,"-1,2147483647",20
Ma_xp_A2000_n65_r22_v00_90000_fof_0.0010_0000,Ma_xp_A2000_n65_r22_v00_90000_fof_0.0010_0000.hdf5,/rds/general/ephemeral/user/nny124/ephemeral/martian_moons_data/Ma_xp_A2000_n65_r22_v00_90000_fof_0.0010_0000.hdf5,462775088,A2000,2000,,,,,False,n65,65,r22,22,v00,0,90000,0.001,0,PartType0,3227695,0,0,0,True,kg,0,0.0,0,nan,True,"-1,2147483647",20
Ma_xp_A2000_n65_r22_v00_90000_fof_0.0020_0000,Ma_xp_A2000_n65_r22_v00_90000_fof_0.0020_0000.hdf5,/rds/general/ephemeral/user/nny124/ephemeral/martian_moons_data/Ma_xp_A2000_n65_r22_v00_90000_fof_0.0020_0000.hdf5,462775088,A2000,2000,,,,,False,n65,65,r22,22,v00,0,90000,0.002,0,PartType0,3227695,1015,1015,16036,True,kg,2.7785948361404575e+18,4.9664023592931386e+17,2.7785948361404575e+18,1.0,True,"-1,2147483647",20
Ma_xp_A2000_n65_r22_v00_90000_fof_0.0030_0000,Ma_xp_A2000_n65_r22_v00_90000_fof_0.0030_0000.hdf5,/rds/general/ephemeral/user/nny124/ephemeral/martian_moons_data/Ma_xp_A2000_n65_r22_v00_90000_fof_0.0030_0000.hdf5,462775088,A2000,2000,,,,,False,n65,65,r22,22,v00,0,90000,0.003,0,PartType0,3227695,1,1,3227695,True,kg,9.996273753241453e+19,9.996273753241453e+19,9.996273753241453e+19,1.0,True,"-1,2147483647",20
Ma_xp_A2000_n65_r22_v00_90000_fof_0.0035_0000,Ma_xp_A2000_n65_r22_v00_90000_fof_0.0035_0000.hdf5,/rds/general/ephemeral/user/nny124/ephemeral/martian_moons_data/Ma_xp_A2000_n65_r22_v00_90000_fof_0.0035_0000.hdf5,462775088,A2000,2000,,,,,False,n65,65,r22,22,v00,0,90000,0.0035,0,PartType0,3227695,1,1,3227695,True,kg,9.996273753241453e+19,9.996273753241453e+19,9.996273753241453e+19,1.0,True,"-1,2147483647",20
Ma_xp_A2000_n65_r22_v00_90000_fof_0.0040_0000,Ma_xp_A2000_n65_r22_v00_90000_fof_0.0040_0000.hdf5,/rds/general/ephemeral/user/nny124/ephemeral/martian_moons_data/Ma_xp_A2000_n65_r22_v00_90000_fof_0.0040_0000.hdf5,462775088,A2000,2000,,,,,False,n65,65,r22,22,v00,0,90000,0.004,0,PartType0,3227695,1,1,3227695,True,kg,9.996273753241453e+19,9.996273753241453e+19,9.996273753241453e+19,1.0,True,"-1,2147483647",20
Ma_xp_A2000_n65_r22_v00_90000_fof_0.0045_0000,Ma_xp_A2000_n65_r22_v00_90000_fof_0.0045_0000.hdf5,/rds/general/ephemeral/user/nny124/ephemeral/martian_moons_data/Ma_xp_A2000_n65_r22_v00_90000_fof_0.0045_0000.hdf5,462775088,A2000,2000,,,,,False,n65,65,r22,22,v00,0,90000,0.0045,0,PartType0,3227695,1,1,3227695,True,kg,9.996273753241453e+19,9.996273753241453e+19,9.996273753241453e+19,1.0,True,"-1,2147483647",20
Ma_xp_A2000_n65_r22_v00_90000_fof_0.0050_0000,Ma_xp_A2000_n65_r22_v00_90000_fof_0.0050_0000.hdf5,/rds/general/ephemeral/user/nny124/ephemeral/martian_moons_data/Ma_xp_A2000_n65_r22_v00_90000_fof_0.0050_0000.hdf5,462775088,A2000,2000,,,,,False,n65,65,r22,22,v00,0,90000,0.005,0,PartType0,3227695,1,1,3227695,True,kg,9.996273753241453e+19,9.996273753241453e+19,9.996273753241453e+19,1.0,True,"-1,2147483647",20
Ma_xp_A2000_n65_r22_v00_90000_fof_0.0060_0000,Ma_xp_A2000_n65_r22_v00_90000_fof_0.0060_0000.hdf5,/rds/general/ephemeral/user/nny124/ephemeral/martian_moons_data/Ma_xp_A2000_n65_r22_v00_90000_fof_0.0060_0000.hdf5,462775088,A2000,2000,,,,,False,n65,65,r22,22,v00,0,90000,0.006,0,PartType0,3227695,1,1,3227695,True,kg,9.996273753241453e+19,9.996273753241453e+19,9.996273753241453e+19,1.0,True,"-1,2147483647",20
Ma_xp_A2000_n65_r22_v00_90000_fof_0.0080_0000,Ma_xp_A2000_n65_r22_v00_90000_fof_0.0080_0000.hdf5,/rds/general/ephemeral/user/nny124/ephemeral/martian_moons_data/Ma_xp_A2000_n65_r22_v00_90000_fof_0.0080_0000.hdf5,462775088,A2000,2000,,,,,False,n65,65,r22,22,v00,0,90000,0.008,0,PartType0,3227695,1,1,3227695,True,kg,9.996273753241453e+19,9.996273753241453e+19,9.996273753241453e+19,1.0,True,"-1,2147483647",20
Ma_xp_A2000_n65_r24_v00_90000_fof_0.0010_0000,Ma_xp_A2000_n65_r24_v00_90000_fof_0.0010_0000.hdf5,/rds/general/ephemeral/user/nny124/ephemeral/martian_moons_data/Ma_xp_A2000_n65_r24_v00_90000_fof_0.0010_0000.hdf5,462775088,A2000,2000,,,,,False,n65,65,r24,24,v00,0,90000,0.001,0,PartType0,3227695,0,0,0,True,kg,0,0.0,0,nan,True,"-1,2147483647",20
Ma_xp_A2000_n65_r24_v00_90000_fof_0.0020_0000,Ma_xp_A2000_n65_r24_v00_90000_fof_0.0020_0000.hdf5,/rds/general/ephemeral/user/nny124/ephemeral/martian_moons_data/Ma_xp_A2000_n65_r24_v00_90000_fof_0.0020_0000.hdf5,462775088,A2000,2000,,,,,False,n65,65,r24,24,v00,0,90000,0.002,0,PartType0,3227695,1235,1235,441,True,kg,1.7960917090970028e+18,1.3657903762814846e+16,1.7960917090970028e+18,1.0,True,"-1,2147483647",20
Ma_xp_A2000_n65_r24_v00_90000_fof_0.0030_0000,Ma_xp_A2000_n65_r24_v00_90000_fof_0.0030_0000.hdf5,/rds/general/ephemeral/user/nny124/ephemeral/martian_moons_data/Ma_xp_A2000_n65_r24_v00_90000_fof_0.0030_0000.hdf5,462775088,A2000,2000,,,,,False,n65,65,r24,24,v00,0,90000,0.003,0,PartType0,3227695,1,1,3227695,True,kg,9.996273753246935e+19,9.996273753246935e+19,9.996273753246935e+19,1.0,True,"-1,2147483647",20
Ma_xp_A2000_n65_r24_v00_90000_fof_0.0035_0000,Ma_xp_A2000_n65_r24_v00_90000_fof_0.0035_0000.hdf5,/rds/general/ephemeral/user/nny124/ephemeral/martian_moons_data/Ma_xp_A2000_n65_r24_v00_90000_fof_0.0035_0000.hdf5,462775088,A2000,2000,,,,,False,n65,65,r24,24,v00,0,90000,0.0035,0,PartType0,3227695,1,1,3227695,True,kg,9.996273753246935e+19,9.996273753246935e+19,9.996273753246935e+19,1.0,True,"-1,2147483647",20
Ma_xp_A2000_n65_r24_v00_90000_fof_0.0040_0000,Ma_xp_A2000_n65_r24_v00_90000_fof_0.0040_0000.hdf5,/rds/general/ephemeral/user/nny124/ephemeral/martian_moons_data/Ma_xp_A2000_n65_r24_v00_90000_fof_0.0040_0000.hdf5,462775088,A2000,2000,,,,,False,n65,65,r24,24,v00,0,90000,0.004,0,PartType0,3227695,1,1,3227695,True,kg,9.996273753246935e+19,9.996273753246935e+19,9.996273753246935e+19,1.0,True,"-1,2147483647",20
Ma_xp_A2000_n65_r24_v00_90000_fof_0.0045_0000,Ma_xp_A2000_n65_r24_v00_90000_fof_0.0045_0000.hdf5,/rds/general/ephemeral/user/nny124/ephemeral/martian_moons_data/Ma_xp_A2000_n65_r24_v00_90000_fof_0.0045_0000.hdf5,462775088,A2000,2000,,,,,False,n65,65,r24,24,v00,0,90000,0.0045,0,PartType0,3227695,1,1,3227695,True,kg,9.996273753246935e+19,9.996273753246935e+19,9.996273753246935e+19,1.0,True,"-1,2147483647",20
Ma_xp_A2000_n65_r24_v00_90000_fof_0.0050_0000,Ma_xp_A2000_n65_r24_v00_90000_fof_0.0050_0000.hdf5,/rds/general/ephemeral/user/nny124/ephemeral/martian_moons_data/Ma_xp_A2000_n65_r24_v00_90000_fof_0.0050_0000.hdf5,462775088,A2000,2000,,,,,False,n65,65,r24,24,v00,0,90000,0.005,0,PartType0,3227695,1,1,3227695,True,kg,9.996273753246935e+19,9.996273753246935e+19,9.996273753246935e+19,1.0,True,"-1,2147483647",20
Ma_xp_A2000_n65_r24_v00_90000_fof_0.0060_0000,Ma_xp_A2000_n65_r24_v00_90000_fof_0.0060_0000.hdf5,/rds/general/ephemeral/user/nny124/ephemeral/martian_moons_data/Ma_xp_A2000_n65_r24_v00_90000_fof_0.0060_0000.hdf5,462775088,A2000,2000,,,,,False,n65,65,r24,24,v00,0,90000,0.006,0,PartType0,3227695,1,1,3227695,True,kg,9.996273753246935e+19,9.996273753246935e+19,9.996273753246935e+19,1.0,True,"-1,2147483647",20
Ma_xp_A2000_n65_r24_v00_90000_fof_0.0080_0000,Ma_xp_A2000_n65_r24_v00_90000_fof_0.0080_0000.hdf5,/rds/general/ephemeral/user/nny124/ephemeral/martian_moons_data/Ma_xp_A2000_n65_r24_v00_90000_fof_0.0080_0000.hdf5,462775088,A2000,2000,,,,,False,n65,65,r24,24,v00,0,90000,0.008,0,PartType0,3227695,1,1,3227695,True,kg,9.996273753246935e+19,9.996273753246935e+19,9.996273753246935e+19,1.0,True,"-1,2147483647",20
Ma_xp_A2000_s030mz_n65_r12_v00_90000_fof_0.0040_0000,Ma_xp_A2000_s030mz_n65_r12_v00_90000_fof_0.0040_0000.hdf5,/rds/general/ephemeral/user/nny124/ephemeral/martian_moons_data/Ma_xp_A2000_s030mz_n65_r12_v00_90000_fof_0.0040_0000.hdf5,462775112,A2000,2000,,s030mz,30,mz,True,n65,65,r12,12,v00,0,90000,0.004,0,PartType0,3162277,1,1,3162277,True,kg,9.950936692518715e+19,9.950936692518715e+19,9.950936692518715e+19,1.0,True,"-1,2147483647",20
Ma_xp_A2000_s030x_n65_r12_v00_90000_fof_0.0040_0000,Ma_xp_A2000_s030x_n65_r12_v00_90000_fof_0.0040_0000.hdf5,/rds/general/ephemeral/user/nny124/ephemeral/martian_moons_data/Ma_xp_A2000_s030x_n65_r12_v00_90000_fof_0.0040_0000.hdf5,462775104,A2000,2000,,s030x,30,x,True,n65,65,r12,12,v00,0,90000,0.004,0,PartType0,3162277,4145,4145,43582,True,kg,9.454978247083857e+19,1.371423958132431e+18,9.454978247083857e+19,1.0,True,"-1,2147483647",20
Ma_xp_A2000_s030x_n65_r16_v00_90000_fof_0.0040_0000,Ma_xp_A2000_s030x_n65_r16_v00_90000_fof_0.0040_0000.hdf5,/rds/general/ephemeral/user/nny124/ephemeral/martian_moons_data/Ma_xp_A2000_s030x_n65_r16_v00_90000_fof_0.0040_0000.hdf5,462775104,A2000,2000,,s030x,30,x,True,n65,65,r16,16,v00,0,90000,0.004,0,PartType0,3162277,522,522,733259,True,kg,9.80352652472565e+19,2.307394533430351e+19,9.80352652472565e+19,1.0,True,"-1,2147483647",20
Ma_xp_A2000_s030x_n65_r16_v06_90000_fof_0.0040_0000,Ma_xp_A2000_s030x_n65_r16_v06_90000_fof_0.0040_0000.hdf5,/rds/general/ephemeral/user/nny124/ephemeral/martian_moons_data/Ma_xp_A2000_s030x_n65_r16_v06_90000_fof_0.0040_0000.hdf5,462775104,A2000,2000,,s030x,30,x,True,n65,65,r16,16,v06,6,90000,0.004,0,PartType0,3162277,432,432,748842,True,kg,9.811531873525354e+19,2.3564304260553843e+19,9.811531873525354e+19,1.0,True,"-1,2147483647",20
Ma_xp_A2000_s030x_n65_r20_v00_90000_fof_0.0040_0000,Ma_xp_A2000_s030x_n65_r20_v00_90000_fof_0.0040_0000.hdf5,/rds/general/ephemeral/user/nny124/ephemeral/martian_moons_data/Ma_xp_A2000_s030x_n65_r20_v00_90000_fof_0.0040_0000.hdf5,462775104,A2000,2000,,s030x,30,x,True,n65,65,r20,20,v00,0,90000,0.004,0,PartType0,3162277,3,3,2196131,True,kg,9.949083250227696e+19,6.910701798323638e+19,9.949083250227696e+19,1.0,True,"-1,2147483647",20
Ma_xp_A2000_s030y_n65_r12_v00_90000_fof_0.0040_0000,Ma_xp_A2000_s030y_n65_r12_v00_90000_fof_0.0040_0000.hdf5,/rds/general/ephemeral/user/nny124/ephemeral/martian_moons_data/Ma_xp_A2000_s030y_n65_r12_v00_90000_fof_0.0040_0000.hdf5,462775104,A2000,2000,,s030y,30,y,True,n65,65,r12,12,v00,0,90000,0.004,0,PartType0,3162277,820,820,200567,True,kg,9.734278896540946e+19,6.3113718751753e+18,9.734278896540946e+19,1.0,True,"-1,2147483647",20
Ma_xp_A2000_s030y_n65_r16_v00_90000_fof_0.0040_0000,Ma_xp_A2000_s030y_n65_r16_v00_90000_fof_0.0040_0000.hdf5,/rds/general/ephemeral/user/nny124/ephemeral/martian_moons_data/Ma_xp_A2000_s030y_n65_r16_v00_90000_fof_0.0040_0000.hdf5,462775104,A2000,2000,,s030y,30,y,True,n65,65,r16,16,v00,0,90000,0.004,0,PartType0,3162277,4583,4583,175960,True,kg,9.194924486874256e+19,5.537052465174255e+18,9.194924486874256e+19,1.0,True,"-1,2147483647",20
Ma_xp_A2000_s030y_n65_r16_v06_90000_fof_0.0040_0000,Ma_xp_A2000_s030y_n65_r16_v06_90000_fof_0.0040_0000.hdf5,/rds/general/ephemeral/user/nny124/ephemeral/martian_moons_data/Ma_xp_A2000_s030y_n65_r16_v06_90000_fof_0.0040_0000.hdf5,462775104,A2000,2000,,s030y,30,y,True,n65,65,r16,16,v06,6,90000,0.004,0,PartType0,3162277,3754,3754,375918,True,kg,9.320090160298377e+19,1.1829263068869943e+19,9.320090160298377e+19,1.0,True,"-1,2147483647",20
Ma_xp_A2000_s030y_n65_r20_v00_90000_fof_0.0040_0000,Ma_xp_A2000_s030y_n65_r20_v00_90000_fof_0.0040_0000.hdf5,/rds/general/ephemeral/user/nny124/ephemeral/martian_moons_data/Ma_xp_A2000_s030y_n65_r20_v00_90000_fof_0.0040_0000.hdf5,462775104,A2000,2000,,s030y,30,y,True,n65,65,r20,20,v00,0,90000,0.004,0,PartType0,3162277,60,60,2446316,True,kg,9.940747470789294e+19,7.697974890267738e+19,9.940747470789294e+19,1.0,True,"-1,2147483647",20
Ma_xp_A2000_s030z_n65_r11_v00_90000_fof_0.0040_0000,Ma_xp_A2000_s030z_n65_r11_v00_90000_fof_0.0040_0000.hdf5,/rds/general/ephemeral/user/nny124/ephemeral/martian_moons_data/Ma_xp_A2000_s030z_n65_r11_v00_90000_fof_0.0040_0000.hdf5,462775104,A2000,2000,,s030z,30,z,True,n65,65,r11,11,v00,0,90000,0.004,0,PartType0,3162277,424,424,77623,True,kg,9.931665849043034e+19,2.4426120996399145e+18,9.931665849043034e+19,1.0,True,"-1,2147483647",20
Ma_xp_A2000_s030z_n65_r12_v00_90000_fof_0.0040_0000,Ma_xp_A2000_s030z_n65_r12_v00_90000_fof_0.0040_0000.hdf5,/rds/general/ephemeral/user/nny124/ephemeral/martian_moons_data/Ma_xp_A2000_s030z_n65_r12_v00_90000_fof_0.0040_0000.hdf5,462775104,A2000,2000,,s030z,30,z,True,n65,65,r12,12,v00,0,90000,0.004,0,PartType0,3162277,370,370,100304,True,kg,9.939120536966211e+19,3.1563279476285133e+18,9.939120536966211e+19,1.0,True,"-1,2147483647",20
Ma_xp_A2000_s030z_n65_r12_v02_90000_fof_0.0040_0000,Ma_xp_A2000_s030z_n65_r12_v02_90000_fof_0.0040_0000.hdf5,/rds/general/ephemeral/user/nny124/ephemeral/martian_moons_data/Ma_xp_A2000_s030z_n65_r12_v02_90000_fof_0.0040_0000.hdf5,462775104,A2000,2000,,s030z,30,z,True,n65,65,r12,12,v02,2,90000,0.004,0,PartType0,3162277,367,367,100750,True,kg,9.938148241837883e+19,3.1703584168490527e+18,9.938148241837883e+19,1.0,True,"-1,2147483647",20
Ma_xp_A2000_s030z_n65_r12_v04_90000_fof_0.0040_0000,Ma_xp_A2000_s030z_n65_r12_v04_90000_fof_0.0040_0000.hdf5,/rds/general/ephemeral/user/nny124/ephemeral/martian_moons_data/Ma_xp_A2000_s030z_n65_r12_v04_90000_fof_0.0040_0000.hdf5,462775104,A2000,2000,,s030z,30,z,True,n65,65,r12,12,v04,4,90000,0.004,0,PartType0,3162277,374,374,117156,True,kg,9.939598909030169e+19,3.6866150793835356e+18,9.939598909030169e+19,1.0,True,"-1,2147483647",20
Ma_xp_A2000_s030z_n65_r12_v06_90000_fof_0.0040_0000,Ma_xp_A2000_s030z_n65_r12_v06_90000_fof_0.0040_0000.hdf5,/rds/general/ephemeral/user/nny124/ephemeral/martian_moons_data/Ma_xp_A2000_s030z_n65_r12_v06_90000_fof_0.0040_0000.hdf5,462775104,A2000,2000,,s030z,30,z,True,n65,65,r12,12,v06,6,90000,0.004,0,PartType0,3162277,366,366,91623,True,kg,9.937276587782577e+19,2.883153933638984e+18,9.937276587782577e+19,1.0,True,"-1,2147483647",20
Ma_xp_A2000_s030z_n65_r12_v08_90000_fof_0.0040_0000,Ma_xp_A2000_s030z_n65_r12_v08_90000_fof_0.0040_0000.hdf5,/rds/general/ephemeral/user/nny124/ephemeral/martian_moons_data/Ma_xp_A2000_s030z_n65_r12_v08_90000_fof_0.0040_0000.hdf5,462775104,A2000,2000,,s030z,30,z,True,n65,65,r12,12,v08,8,90000,0.004,0,PartType0,3162277,319,319,97945,True,kg,9.941741849424268e+19,3.0820903169883827e+18,9.941741849424268e+19,1.0,True,"-1,2147483647",20
Ma_xp_A2000_s030z_n65_r12_v10_90000_fof_0.0040_0000,Ma_xp_A2000_s030z_n65_r12_v10_90000_fof_0.0040_0000.hdf5,/rds/general/ephemeral/user/nny124/ephemeral/martian_moons_data/Ma_xp_A2000_s030z_n65_r12_v10_90000_fof_0.0040_0000.hdf5,462775104,A2000,2000,,s030z,30,z,True,n65,65,r12,12,v10,10,90000,0.004,0,PartType0,3162255,278,278,114081,True,kg,9.921973871464976e+19,3.5898563420068915e+18,9.921973871464976e+19,1.0,True,"-1,2147483647",20
Ma_xp_A2000_s030z_n65_r12_v12_90000_fof_0.0040_0000,Ma_xp_A2000_s030z_n65_r12_v12_90000_fof_0.0040_0000.hdf5,/rds/general/ephemeral/user/nny124/ephemeral/martian_moons_data/Ma_xp_A2000_s030z_n65_r12_v12_90000_fof_0.0040_0000.hdf5,462775104,A2000,2000,,s030z,30,z,True,n65,65,r12,12,v12,12,90000,0.004,0,PartType0,3162277,275,275,101422,True,kg,9.94428443562211e+19,3.19150745557418e+18,9.94428443562211e+19,1.0,True,"-1,2147483647",20
Ma_xp_A2000_s030z_n65_r12_v14_90000_fof_0.0040_0000,Ma_xp_A2000_s030z_n65_r12_v14_90000_fof_0.0040_0000.hdf5,/rds/general/ephemeral/user/nny124/ephemeral/martian_moons_data/Ma_xp_A2000_s030z_n65_r12_v14_90000_fof_0.0040_0000.hdf5,462775104,A2000,2000,,s030z,30,z,True,n65,65,r12,12,v14,14,90000,0.004,0,PartType0,3162277,257,257,119361,True,kg,9.943972908215476e+19,3.7560072724966927e+18,9.943972908215476e+19,1.0,True,"-1,2147483647",20
Ma_xp_A2000_s030z_n65_r12_v16_90000_fof_0.0040_0000,Ma_xp_A2000_s030z_n65_r12_v16_90000_fof_0.0040_0000.hdf5,/rds/general/ephemeral/user/nny124/ephemeral/martian_moons_data/Ma_xp_A2000_s030z_n65_r12_v16_90000_fof_0.0040_0000.hdf5,462775104,A2000,2000,,s030z,30,z,True,n65,65,r12,12,v16,16,90000,0.004,0,PartType0,3162274,245,245,114343,True,kg,9.945014472205038e+19,3.5980969305205724e+18,9.945014472205038e+19,1.0,True,"-1,2147483647",20
Ma_xp_A2000_s030z_n65_r13_v00_90000_fof_0.0040_0000,Ma_xp_A2000_s030z_n65_r13_v00_90000_fof_0.0040_0000.hdf5,/rds/general/ephemeral/user/nny124/ephemeral/martian_moons_data/Ma_xp_A2000_s030z_n65_r13_v00_90000_fof_0.0040_0000.hdf5,462775104,A2000,2000,,s030z,30,z,True,n65,65,r13,13,v00,0,90000,0.004,0,PartType0,3162277,400,400,89650,True,kg,9.938050694331793e+19,2.82107079032522e+18,9.938050694331793e+19,1.0,True,"-1,2147483647",20
Ma_xp_A2000_s030z_n65_r14_v00_90000_fof_0.0040_0000,Ma_xp_A2000_s030z_n65_r14_v00_90000_fof_0.0040_0000.hdf5,/rds/general/ephemeral/user/nny124/ephemeral/martian_moons_data/Ma_xp_A2000_s030z_n65_r14_v00_90000_fof_0.0040_0000.hdf5,462775104,A2000,2000,,s030z,30,z,True,n65,65,r14,14,v00,0,90000,0.004,0,PartType0,3162022,391,391,93045,True,kg,9.802975846653691e+19,2.9279100244030746e+18,9.802975846653691e+19,1.0,True,"-1,2147483647",20
Ma_xp_A2000_s030z_n65_r15_v00_90000_fof_0.0040_0000,Ma_xp_A2000_s030z_n65_r15_v00_90000_fof_0.0040_0000.hdf5,/rds/general/ephemeral/user/nny124/ephemeral/martian_moons_data/Ma_xp_A2000_s030z_n65_r15_v00_90000_fof_0.0040_0000.hdf5,462775104,A2000,2000,,s030z,30,z,True,n65,65,r15,15,v00,0,90000,0.004,0,PartType0,3162277,369,369,100288,True,kg,9.941059000925171e+19,3.155823131287046e+18,9.941059000925171e+19,1.0,True,"-1,2147483647",20
Ma_xp_A2000_s030z_n65_r16_v00_102000_fof_0.0040_0000,Ma_xp_A2000_s030z_n65_r16_v00_102000_fof_0.0040_0000.hdf5,/rds/general/ephemeral/user/nny124/ephemeral/martian_moons_data/Ma_xp_A2000_s030z_n65_r16_v00_102000_fof_0.0040_0000.hdf5,462775112,A2000,2000,,s030z,30,z,True,n65,65,r16,16,v00,0,102000,0.004,0,PartType0,3162274,340,340,101798,True,kg,9.936886385113729e+19,3.2033332117818486e+18,9.936886385113729e+19,1.0,True,"-1,2147483647",20
Ma_xp_A2000_s030z_n65_r16_v00_108000_fof_0.0040_0000,Ma_xp_A2000_s030z_n65_r16_v00_108000_fof_0.0040_0000.hdf5,/rds/general/ephemeral/user/nny124/ephemeral/martian_moons_data/Ma_xp_A2000_s030z_n65_r16_v00_108000_fof_0.0040_0000.hdf5,462775112,A2000,2000,,s030z,30,z,True,n65,65,r16,16,v00,0,108000,0.004,0,PartType0,3162274,324,324,109304,True,kg,9.93772027830543e+19,3.439533519563571e+18,9.93772027830543e+19,1.0,True,"-1,2147483647",20
Ma_xp_A2000_s030z_n65_r16_v00_66000_fof_0.0040_0000,Ma_xp_A2000_s030z_n65_r16_v00_66000_fof_0.0040_0000.hdf5,/rds/general/ephemeral/user/nny124/ephemeral/martian_moons_data/Ma_xp_A2000_s030z_n65_r16_v00_66000_fof_0.0040_0000.hdf5,462775104,A2000,2000,,s030z,30,z,True,n65,65,r16,16,v00,0,66000,0.004,0,PartType0,3162277,595,595,72968,True,kg,9.926089849904546e+19,2.296129276622628e+18,9.926089849904546e+19,1.0,True,"-1,2147483647",20
Ma_xp_A2000_s030z_n65_r16_v00_72000_fof_0.0040_0000,Ma_xp_A2000_s030z_n65_r16_v00_72000_fof_0.0040_0000.hdf5,/rds/general/ephemeral/user/nny124/ephemeral/martian_moons_data/Ma_xp_A2000_s030z_n65_r16_v00_72000_fof_0.0040_0000.hdf5,462775104,A2000,2000,,s030z,30,z,True,n65,65,r16,16,v00,0,72000,0.004,0,PartType0,3162277,575,575,73988,True,kg,9.928506560533073e+19,2.3282262466107474e+18,9.928506560533073e+19,1.0,True,"-1,2147483647",20
Ma_xp_A2000_s030z_n65_r16_v00_78000_fof_0.0040_0000,Ma_xp_A2000_s030z_n65_r16_v00_78000_fof_0.0040_0000.hdf5,/rds/general/ephemeral/user/nny124/ephemeral/martian_moons_data/Ma_xp_A2000_s030z_n65_r16_v00_78000_fof_0.0040_0000.hdf5,462775104,A2000,2000,,s030z,30,z,True,n65,65,r16,16,v00,0,78000,0.004,0,PartType0,3162277,487,487,74736,True,kg,9.932666573979263e+19,2.351764041400393e+18,9.932666573979263e+19,1.0,True,"-1,2147483647",20
Ma_xp_A2000_s030z_n65_r16_v00_84000_fof_0.0040_0000,Ma_xp_A2000_s030z_n65_r16_v00_84000_fof_0.0040_0000.hdf5,/rds/general/ephemeral/user/nny124/ephemeral/martian_moons_data/Ma_xp_A2000_s030z_n65_r16_v00_84000_fof_0.0040_0000.hdf5,462775104,A2000,2000,,s030z,30,z,True,n65,65,r16,16,v00,0,84000,0.004,0,PartType0,3162276,423,423,101667,True,kg,9.934419320299546e+19,3.1992109645022203e+18,9.934419320299546e+19,1.0,True,"-1,2147483647",20
Ma_xp_A2000_s030z_n65_r16_v00_90000_fof_0.0040_0000,Ma_xp_A2000_s030z_n65_r16_v00_90000_fof_0.0040_0000.hdf5,/rds/general/ephemeral/user/nny124/ephemeral/martian_moons_data/Ma_xp_A2000_s030z_n65_r16_v00_90000_fof_0.0040_0000.hdf5,462775104,A2000,2000,,s030z,30,z,True,n65,65,r16,16,v00,0,90000,0.004,0,PartType0,3162276,377,377,101631,True,kg,9.934932243156487e+19,3.1980781278340465e+18,9.934932243156487e+19,1.0,True,"-1,2147483647",20
Ma_xp_A2000_s030z_n65_r16_v00_96000_fof_0.0040_0000,Ma_xp_A2000_s030z_n65_r16_v00_96000_fof_0.0040_0000.hdf5,/rds/general/ephemeral/user/nny124/ephemeral/martian_moons_data/Ma_xp_A2000_s030z_n65_r16_v00_96000_fof_0.0040_0000.hdf5,462775104,A2000,2000,,s030z,30,z,True,n65,65,r16,16,v00,0,96000,0.004,0,PartType0,3162275,357,357,101685,True,kg,9.936109133838238e+19,3.1997773851937864e+18,9.936109133838238e+19,1.0,True,"-1,2147483647",20
Ma_xp_A2000_s030z_n65_r16_v02_90000_fof_0.0040_0000,Ma_xp_A2000_s030z_n65_r16_v02_90000_fof_0.0040_0000.hdf5,/rds/general/ephemeral/user/nny124/ephemeral/martian_moons_data/Ma_xp_A2000_s030z_n65_r16_v02_90000_fof_0.0040_0000.hdf5,462775104,A2000,2000,,s030z,30,z,True,n65,65,r16,16,v02,2,90000,0.004,0,PartType0,3162273,366,366,92826,True,kg,9.939199258758847e+19,2.9210106925749873e+18,9.939199258758847e+19,1.0,True,"-1,2147483647",20
Ma_xp_A2000_s030z_n65_r16_v06_90000_fof_0.0040_0000,Ma_xp_A2000_s030z_n65_r16_v06_90000_fof_0.0040_0000.hdf5,/rds/general/ephemeral/user/nny124/ephemeral/martian_moons_data/Ma_xp_A2000_s030z_n65_r16_v06_90000_fof_0.0040_0000.hdf5,462775104,A2000,2000,,s030z,30,z,True,n65,65,r16,16,v06,6,90000,0.004,0,PartType0,3162267,341,341,109924,True,kg,9.913178646929849e+19,3.4590451944261284e+18,9.913178646929849e+19,1.0,True,"-1,2147483647",20
Ma_xp_A2000_s030z_n65_r16_v08_90000_fof_0.0040_0000,Ma_xp_A2000_s030z_n65_r16_v08_90000_fof_0.0040_0000.hdf5,/rds/general/ephemeral/user/nny124/ephemeral/martian_moons_data/Ma_xp_A2000_s030z_n65_r16_v08_90000_fof_0.0040_0000.hdf5,462775104,A2000,2000,,s030z,30,z,True,n65,65,r16,16,v08,8,90000,0.004,0,PartType0,3162277,303,303,101971,True,kg,9.943157891836158e+19,3.208784916258567e+18,9.943157891836158e+19,1.0,True,"-1,2147483647",20
Ma_xp_A2000_s030z_n65_r16_v10_90000_fof_0.0040_0000,Ma_xp_A2000_s030z_n65_r16_v10_90000_fof_0.0040_0000.hdf5,/rds/general/ephemeral/user/nny124/ephemeral/martian_moons_data/Ma_xp_A2000_s030z_n65_r16_v10_90000_fof_0.0040_0000.hdf5,462775104,A2000,2000,,s030z,30,z,True,n65,65,r16,16,v10,10,90000,0.004,0,PartType0,3162277,280,280,120578,True,kg,9.942997409686428e+19,3.794295083755078e+18,9.942997409686428e+19,1.0,True,"-1,2147483647",20
Ma_xp_A2000_s030z_n65_r17_v00_90000_fof_0.0040_0000,Ma_xp_A2000_s030z_n65_r17_v00_90000_fof_0.0040_0000.hdf5,/rds/general/ephemeral/user/nny124/ephemeral/martian_moons_data/Ma_xp_A2000_s030z_n65_r17_v00_90000_fof_0.0040_0000.hdf5,462775104,A2000,2000,,s030z,30,z,True,n65,65,r17,17,v00,0,90000,0.004,0,PartType0,3162269,382,382,84756,True,kg,9.917669092753482e+19,2.667062601623115e+18,9.917669092753482e+19,1.0,True,"-1,2147483647",20
Ma_xp_A2000_s030z_n65_r18_v00_90000_fof_0.0040_0000,Ma_xp_A2000_s030z_n65_r18_v00_90000_fof_0.0040_0000.hdf5,/rds/general/ephemeral/user/nny124/ephemeral/martian_moons_data/Ma_xp_A2000_s030z_n65_r18_v00_90000_fof_0.0040_0000.hdf5,462775104,A2000,2000,,s030z,30,z,True,n65,65,r18,18,v00,0,90000,0.004,0,PartType0,3162277,347,347,106322,True,kg,9.941732422708229e+19,3.3456936978099743e+18,9.941732422708229e+19,1.0,True,"-1,2147483647",20
Ma_xp_A2000_s030z_n65_r19_v00_90000_fof_0.0040_0000,Ma_xp_A2000_s030z_n65_r19_v00_90000_fof_0.0040_0000.hdf5,/rds/general/ephemeral/user/nny124/ephemeral/martian_moons_data/Ma_xp_A2000_s030z_n65_r19_v00_90000_fof_0.0040_0000.hdf5,462775104,A2000,2000,,s030z,30,z,True,n65,65,r19,19,v00,0,90000,0.004,0,PartType0,3162277,350,350,132741,True,kg,9.939671276902688e+19,4.177041150647967e+18,9.939671276902688e+19,1.0,True,"-1,2147483647",20
Ma_xp_A2000_s030z_n65_r20_v00_90000_fof_0.0040_0000,Ma_xp_A2000_s030z_n65_r20_v00_90000_fof_0.0040_0000.hdf5,/rds/general/ephemeral/user/nny124/ephemeral/martian_moons_data/Ma_xp_A2000_s030z_n65_r20_v00_90000_fof_0.0040_0000.hdf5,462775104,A2000,2000,,s030z,30,z,True,n65,65,r20,20,v00,0,90000,0.004,0,PartType0,3162273,354,354,101992,True,kg,9.930208947089739e+19,3.209448868745327e+18,9.930208947089739e+19,1.0,True,"-1,2147483647",20
Ma_xp_A2000_s030z_n65_r20_v02_90000_fof_0.0040_0000,Ma_xp_A2000_s030z_n65_r20_v02_90000_fof_0.0040_0000.hdf5,/rds/general/ephemeral/user/nny124/ephemeral/martian_moons_data/Ma_xp_A2000_s030z_n65_r20_v02_90000_fof_0.0040_0000.hdf5,462775104,A2000,2000,,s030z,30,z,True,n65,65,r20,20,v02,2,90000,0.004,0,PartType0,3162273,346,346,119533,True,kg,9.940480024150814e+19,3.761409099576123e+18,9.940480024150814e+19,1.0,True,"-1,2147483647",20
Ma_xp_A2000_s030z_n65_r20_v04_90000_fof_0.0040_0000,Ma_xp_A2000_s030z_n65_r20_v04_90000_fof_0.0040_0000.hdf5,/rds/general/ephemeral/user/nny124/ephemeral/martian_moons_data/Ma_xp_A2000_s030z_n65_r20_v04_90000_fof_0.0040_0000.hdf5,462775104,A2000,2000,,s030z,30,z,True,n65,65,r20,20,v04,4,90000,0.004,0,PartType0,3162277,315,315,134405,True,kg,9.940612171996704e+19,4.229400225845004e+18,9.940612171996704e+19,1.0,True,"-1,2147483647",20
Ma_xp_A2000_s030z_n65_r20_v06_90000_fof_0.0040_0000,Ma_xp_A2000_s030z_n65_r20_v06_90000_fof_0.0040_0000.hdf5,/rds/general/ephemeral/user/nny124/ephemeral/martian_moons_data/Ma_xp_A2000_s030z_n65_r20_v06_90000_fof_0.0040_0000.hdf5,462775104,A2000,2000,,s030z,30,z,True,n65,65,r20,20,v06,6,90000,0.004,0,PartType0,3162277,299,299,148516,True,kg,9.94252539123929e+19,4.673445387555352e+18,9.94252539123929e+19,1.0,True,"-1,2147483647",20
Ma_xp_A2000_s030z_n65_r20_v08_90000_fof_0.0040_0000,Ma_xp_A2000_s030z_n65_r20_v08_90000_fof_0.0040_0000.hdf5,/rds/general/ephemeral/user/nny124/ephemeral/martian_moons_data/Ma_xp_A2000_s030z_n65_r20_v08_90000_fof_0.0040_0000.hdf5,462775104,A2000,2000,,s030z,30,z,True,n65,65,r20,20,v08,8,90000,0.004,0,PartType0,3162277,272,272,122397,True,kg,9.944111351802279e+19,3.851545790399106e+18,9.944111351802279e+19,1.0,True,"-1,2147483647",20
Ma_xp_A2000_s030z_n65_r20_v10_90000_fof_0.0040_0000,Ma_xp_A2000_s030z_n65_r20_v10_90000_fof_0.0040_0000.hdf5,/rds/general/ephemeral/user/nny124/ephemeral/martian_moons_data/Ma_xp_A2000_s030z_n65_r20_v10_90000_fof_0.0040_0000.hdf5,462775104,A2000,2000,,s030z,30,z,True,n65,65,r20,20,v10,10,90000,0.004,0,PartType0,3162277,225,225,159160,True,kg,9.94419002354942e+19,5.008396200555448e+18,9.94419002354942e+19,1.0,True,"-1,2147483647",20
Ma_xp_A2000_s030z_n65_r22_v00_90000_fof_0.0040_0000,Ma_xp_A2000_s030z_n65_r22_v00_90000_fof_0.0040_0000.hdf5,/rds/general/ephemeral/user/nny124/ephemeral/martian_moons_data/Ma_xp_A2000_s030z_n65_r22_v00_90000_fof_0.0040_0000.hdf5,462775104,A2000,2000,,s030z,30,z,True,n65,65,r22,22,v00,0,90000,0.004,0,PartType0,3162277,307,307,198416,True,kg,9.941678908926575e+19,6.243690898757477e+18,9.941678908926575e+19,1.0,True,"-1,2147483647",20
Ma_xp_A2000_s030z_n65_r24_v00_90000_fof_0.0040_0000,Ma_xp_A2000_s030z_n65_r24_v00_90000_fof_0.0040_0000.hdf5,/rds/general/ephemeral/user/nny124/ephemeral/martian_moons_data/Ma_xp_A2000_s030z_n65_r24_v00_90000_fof_0.0040_0000.hdf5,462775104,A2000,2000,,s030z,30,z,True,n65,65,r24,24,v00,0,90000,0.004,0,PartType0,3162277,261,261,543256,True,kg,9.941927500353747e+19,1.7094996964450628e+19,9.941927500353747e+19,1.0,True,"-1,2147483647",20
Ma_xp_A2000_s030z_n65_r26_v00_90000_fof_0.0040_0000,Ma_xp_A2000_s030z_n65_r26_v00_90000_fof_0.0040_0000.hdf5,/rds/general/ephemeral/user/nny124/ephemeral/martian_moons_data/Ma_xp_A2000_s030z_n65_r26_v00_90000_fof_0.0040_0000.hdf5,462775104,A2000,2000,,s030z,30,z,True,n65,65,r26,26,v00,0,90000,0.004,0,PartType0,3162277,164,164,1374930,True,kg,9.942226452926394e+19,4.326579941990107e+19,9.942226452926394e+19,1.0,True,"-1,2147483647",20
Ma_xp_A2000_s030z_n65_r28_v00_90000_fof_0.0040_0000,Ma_xp_A2000_s030z_n65_r28_v00_90000_fof_0.0040_0000.hdf5,/rds/general/ephemeral/user/nny124/ephemeral/martian_moons_data/Ma_xp_A2000_s030z_n65_r28_v00_90000_fof_0.0040_0000.hdf5,462775104,A2000,2000,,s030z,30,z,True,n65,65,r28,28,v00,0,90000,0.004,0,PartType0,3162277,2,2,2534608,True,kg,9.950927252296263e+19,7.975809346910249e+19,9.950927252296263e+19,1.0,True,"-1,2147483647",20
Ma_xp_A2000_s030z_n65_r30_v00_90000_fof_0.0040_0000,Ma_xp_A2000_s030z_n65_r30_v00_90000_fof_0.0040_0000.hdf5,/rds/general/ephemeral/user/nny124/ephemeral/martian_moons_data/Ma_xp_A2000_s030z_n65_r30_v00_90000_fof_0.0040_0000.hdf5,462775104,A2000,2000,,s030z,30,z,True,n65,65,r30,30,v00,0,90000,0.004,0,PartType0,3162277,132,132,3010958,True,kg,9.941033815031734e+19,9.474770834718504e+19,9.941033815031734e+19,1.0,True,"-1,2147483647",20
Ma_xp_A2000_s036mz_n65_r12_v00_90000_fof_0.0040_0000,Ma_xp_A2000_s036mz_n65_r12_v00_90000_fof_0.0040_0000.hdf5,/rds/general/ephemeral/user/nny124/ephemeral/martian_moons_data/Ma_xp_A2000_s036mz_n65_r12_v00_90000_fof_0.0040_0000.hdf5,462775112,A2000,2000,,s036mz,36,mz,True,n65,65,r12,12,v00,0,90000,0.004,0,PartType0,3162274,1,1,3162274,True,kg,1.0016129078813075e+20,1.0016129078813075e+20,1.0016129078813075e+20,1.0,True,"-1,2147483647",20
Ma_xp_A2000_s036x_n65_r12_v00_90000_fof_0.0040_0000,Ma_xp_A2000_s036x_n65_r12_v00_90000_fof_0.0040_0000.hdf5,/rds/general/ephemeral/user/nny124/ephemeral/martian_moons_data/Ma_xp_A2000_s036x_n65_r12_v00_90000_fof_0.0040_0000.hdf5,462775104,A2000,2000,,s036x,36,x,True,n65,65,r12,12,v00,0,90000,0.004,0,PartType0,3162274,2250,2250,140749,True,kg,9.675258788822583e+19,4.4580549310738657e+18,9.675258788822583e+19,1.0,True,"-1,2147483647",20
Ma_xp_A2000_s036x_n65_r16_v00_90000_fof_0.0040_0000,Ma_xp_A2000_s036x_n65_r16_v00_90000_fof_0.0040_0000.hdf5,/rds/general/ephemeral/user/nny124/ephemeral/martian_moons_data/Ma_xp_A2000_s036x_n65_r16_v00_90000_fof_0.0040_0000.hdf5,462775104,A2000,2000,,s036x,36,x,True,n65,65,r16,16,v00,0,90000,0.004,0,PartType0,3162274,492,492,804681,True,kg,9.862853183057175e+19,2.5487309232937914e+19,9.862853183057175e+19,1.0,True,"-1,2147483647",20
Ma_xp_A2000_s036x_n65_r16_v06_90000_fof_0.0040_0000,Ma_xp_A2000_s036x_n65_r16_v06_90000_fof_0.0040_0000.hdf5,/rds/general/ephemeral/user/nny124/ephemeral/martian_moons_data/Ma_xp_A2000_s036x_n65_r16_v06_90000_fof_0.0040_0000.hdf5,462775104,A2000,2000,,s036x,36,x,True,n65,65,r16,16,v06,6,90000,0.004,0,PartType0,3162268,538,538,1010775,True,kg,9.860259147923599e+19,3.20150873130553e+19,9.860259147923599e+19,1.0,True,"-1,2147483647",20
Ma_xp_A2000_s036x_n65_r20_v00_90000_fof_0.0040_0000,Ma_xp_A2000_s036x_n65_r20_v00_90000_fof_0.0040_0000.hdf5,/rds/general/ephemeral/user/nny124/ephemeral/martian_moons_data/Ma_xp_A2000_s036x_n65_r20_v00_90000_fof_0.0040_0000.hdf5,462775104,A2000,2000,,s036x,36,x,True,n65,65,r20,20,v00,0,90000,0.004,0,PartType0,3162274,6,6,2427888,True,kg,1.0014694255148795e+20,7.690049200240045e+19,1.0014694255148795e+20,1.0,True,"-1,2147483647",20
Ma_xp_A2000_s036y_n65_r12_v00_90000_fof_0.0040_0000,Ma_xp_A2000_s036y_n65_r12_v00_90000_fof_0.0040_0000.hdf5,/rds/general/ephemeral/user/nny124/ephemeral/martian_moons_data/Ma_xp_A2000_s036y_n65_r12_v00_90000_fof_0.0040_0000.hdf5,462775104,A2000,2000,,s036y,36,y,True,n65,65,r12,12,v00,0,90000,0.004,0,PartType0,3162235,2223,2223,130038,True,kg,9.457361979632024e+19,4.1188070636185487e+18,9.457361979632024e+19,1.0,True,"-1,2147483647",20
Ma_xp_A2000_s036y_n65_r16_v00_90000_fof_0.0040_0000,Ma_xp_A2000_s036y_n65_r16_v00_90000_fof_0.0040_0000.hdf5,/rds/general/ephemeral/user/nny124/ephemeral/martian_moons_data/Ma_xp_A2000_s036y_n65_r16_v00_90000_fof_0.0040_0000.hdf5,462775104,A2000,2000,,s036y,36,y,True,n65,65,r16,16,v00,0,90000,0.004,0,PartType0,3162274,4671,4671,304257,True,kg,9.060976529541202e+19,9.636978611964975e+18,9.060976529541202e+19,1.0,True,"-1,2147483647",20
Ma_xp_A2000_s036y_n65_r16_v06_90000_fof_0.0040_0000,Ma_xp_A2000_s036y_n65_r16_v06_90000_fof_0.0040_0000.hdf5,/rds/general/ephemeral/user/nny124/ephemeral/martian_moons_data/Ma_xp_A2000_s036y_n65_r16_v06_90000_fof_0.0040_0000.hdf5,462775104,A2000,2000,,s036y,36,y,True,n65,65,r16,16,v06,6,90000,0.004,0,PartType0,3162274,3299,3299,528023,True,kg,9.360629928402433e+19,1.6724497181276367e+19,9.360629928402433e+19,1.0,True,"-1,2147483647",20
Ma_xp_A2000_s036y_n65_r20_v00_90000_fof_0.0040_0000,Ma_xp_A2000_s036y_n65_r20_v00_90000_fof_0.0040_0000.hdf5,/rds/general/ephemeral/user/nny124/ephemeral/martian_moons_data/Ma_xp_A2000_s036y_n65_r20_v00_90000_fof_0.0040_0000.hdf5,462775104,A2000,2000,,s036y,36,y,True,n65,65,r20,20,v00,0,90000,0.004,0,PartType0,3162274,86,86,3033591,True,kg,1.0000884475079003e+20,9.608540947110996e+19,1.0000884475079003e+20,1.0,True,"-1,2147483647",20
Ma_xp_A2000_s036z_n65_r12_v00_90000_fof_0.0040_0000,Ma_xp_A2000_s036z_n65_r12_v00_90000_fof_0.0040_0000.hdf5,/rds/general/ephemeral/user/nny124/ephemeral/martian_moons_data/Ma_xp_A2000_s036z_n65_r12_v00_90000_fof_0.0040_0000.hdf5,462775104,A2000,2000,,s036z,36,z,True,n65,65,r12,12,v00,0,90000,0.004,0,PartType0,3162263,451,451,92447,True,kg,9.945154414940145e+19,2.928153940897505e+18,9.945154414940145e+19,1.0,True,"-1,2147483647",20
Ma_xp_A2000_s036z_n65_r16_v00_90000_fof_0.0040_0000,Ma_xp_A2000_s036z_n65_r16_v00_90000_fof_0.0040_0000.hdf5,/rds/general/ephemeral/user/nny124/ephemeral/martian_moons_data/Ma_xp_A2000_s036z_n65_r16_v00_90000_fof_0.0040_0000.hdf5,462775104,A2000,2000,,s036z,36,z,True,n65,65,r16,16,v00,0,90000,0.004,0,PartType0,3162274,346,346,114985,True,kg,1.0006351373319396e+20,3.642019610617014e+18,1.0006351373319396e+20,1.0,True,"-1,2147483647",20
Ma_xp_A2000_s036z_n65_r16_v06_90000_fof_0.0040_0000,Ma_xp_A2000_s036z_n65_r16_v06_90000_fof_0.0040_0000.hdf5,/rds/general/ephemeral/user/nny124/ephemeral/martian_moons_data/Ma_xp_A2000_s036z_n65_r16_v06_90000_fof_0.0040_0000.hdf5,462775104,A2000,2000,,s036z,36,z,True,n65,65,r16,16,v06,6,90000,0.004,0,PartType0,3162274,348,348,105301,True,kg,1.0007301582340286e+20,3.3352833234033644e+18,1.0007301582340286e+20,1.0,True,"-1,2147483647",20
Ma_xp_A2000_s036z_n65_r20_v00_90000_fof_0.0040_0000,Ma_xp_A2000_s036z_n65_r20_v00_90000_fof_0.0040_0000.hdf5,/rds/general/ephemeral/user/nny124/ephemeral/martian_moons_data/Ma_xp_A2000_s036z_n65_r20_v00_90000_fof_0.0040_0000.hdf5,462775104,A2000,2000,,s036z,36,z,True,n65,65,r20,20,v00,0,90000,0.004,0,PartType0,3162274,296,296,192706,True,kg,1.0007548638994117e+20,6.103734135121298e+18,1.0007548638994117e+20,1.0,True,"-1,2147483647",20
Ma_xp_A2000_s047mz_n65_r12_v00_90000_fof_0.0040_0000,Ma_xp_A2000_s047mz_n65_r12_v00_90000_fof_0.0040_0000.hdf5,/rds/general/ephemeral/user/nny124/ephemeral/martian_moons_data/Ma_xp_A2000_s047mz_n65_r12_v00_90000_fof_0.0040_0000.hdf5,462775112,A2000,2000,,s047mz,47,mz,True,n65,65,r12,12,v00,0,90000,0.004,0,PartType0,3162278,318,318,3035762,True,kg,9.983410723694284e+19,9.606643374909229e+19,9.983410723694284e+19,1.0,True,"-1,2147483647",20
Ma_xp_A2000_s047mz_n65_r16_v00_90000_fof_0.0040_0000,Ma_xp_A2000_s047mz_n65_r16_v00_90000_fof_0.0040_0000.hdf5,/rds/general/ephemeral/user/nny124/ephemeral/martian_moons_data/Ma_xp_A2000_s047mz_n65_r16_v00_90000_fof_0.0040_0000.hdf5,462775112,A2000,2000,,s047mz,47,mz,True,n65,65,r16,16,v00,0,90000,0.004,0,PartType0,3162278,1,1,3162278,True,kg,1.0007002011406333e+20,1.0007002011406333e+20,1.0007002011406333e+20,1.0,True,"-1,2147483647",20
Ma_xp_A2000_s047mz_n65_r16_v06_90000_fof_0.0040_0000,Ma_xp_A2000_s047mz_n65_r16_v06_90000_fof_0.0040_0000.hdf5,/rds/general/ephemeral/user/nny124/ephemeral/martian_moons_data/Ma_xp_A2000_s047mz_n65_r16_v06_90000_fof_0.0040_0000.hdf5,462775112,A2000,2000,,s047mz,47,mz,True,n65,65,r16,16,v06,6,90000,0.004,0,PartType0,3162278,1,1,3162278,True,kg,1.0007002011405043e+20,1.0007002011405043e+20,1.0007002011405043e+20,1.0,True,"-1,2147483647",20
Ma_xp_A2000_s047x_n65_r12_v00_90000_fof_0.0040_0000,Ma_xp_A2000_s047x_n65_r12_v00_90000_fof_0.0040_0000.hdf5,/rds/general/ephemeral/user/nny124/ephemeral/martian_moons_data/Ma_xp_A2000_s047x_n65_r12_v00_90000_fof_0.0040_0000.hdf5,462775104,A2000,2000,,s047x,47,x,True,n65,65,r12,12,v00,0,90000,0.004,0,PartType0,3162278,2124,2124,180941,True,kg,9.543141501533017e+19,5.725859836408121e+18,9.543141501533017e+19,1.0,True,"-1,2147483647",20
Ma_xp_A2000_s047x_n65_r16_v00_90000_fof_0.0040_0000,Ma_xp_A2000_s047x_n65_r16_v00_90000_fof_0.0040_0000.hdf5,/rds/general/ephemeral/user/nny124/ephemeral/martian_moons_data/Ma_xp_A2000_s047x_n65_r16_v00_90000_fof_0.0040_0000.hdf5,462775104,A2000,2000,,s047x,47,x,True,n65,65,r16,16,v00,0,90000,0.004,0,PartType0,3162278,469,469,580980,True,kg,9.881450868905705e+19,1.8385058640548016e+19,9.881450868905705e+19,1.0,True,"-1,2147483647",20
Ma_xp_A2000_s047x_n65_r16_v06_90000_fof_0.0040_0000,Ma_xp_A2000_s047x_n65_r16_v06_90000_fof_0.0040_0000.hdf5,/rds/general/ephemeral/user/nny124/ephemeral/martian_moons_data/Ma_xp_A2000_s047x_n65_r16_v06_90000_fof_0.0040_0000.hdf5,462775104,A2000,2000,,s047x,47,x,True,n65,65,r16,16,v06,6,90000,0.004,0,PartType0,3162278,283,283,1068478,True,kg,9.926899270235174e+19,3.3811890284185182e+19,9.926899270235174e+19,1.0,True,"-1,2147483647",20
Ma_xp_A2000_s047x_n65_r20_v00_90000_fof_0.0040_0000,Ma_xp_A2000_s047x_n65_r20_v00_90000_fof_0.0040_0000.hdf5,/rds/general/ephemeral/user/nny124/ephemeral/martian_moons_data/Ma_xp_A2000_s047x_n65_r20_v00_90000_fof_0.0040_0000.hdf5,462775104,A2000,2000,,s047x,47,x,True,n65,65,r20,20,v00,0,90000,0.004,0,PartType0,3162278,2,2,2550689,True,kg,9.99943571095155e+19,8.071634119475515e+19,9.99943571095155e+19,1.0,True,"-1,2147483647",20
Ma_xp_A2000_s047y_n65_r12_v00_90000_fof_0.0040_0000,Ma_xp_A2000_s047y_n65_r12_v00_90000_fof_0.0040_0000.hdf5,/rds/general/ephemeral/user/nny124/ephemeral/martian_moons_data/Ma_xp_A2000_s047y_n65_r12_v00_90000_fof_0.0040_0000.hdf5,462775104,A2000,2000,,s047y,47,y,True,n65,65,r12,12,v00,0,90000,0.004,0,PartType0,3162278,1739,1739,163786,True,kg,9.625288316454556e+19,5.182994806164234e+18,9.625288316454556e+19,1.0,True,"-1,2147483647",20
Ma_xp_A2000_s047y_n65_r16_v00_90000_fof_0.0040_0000,Ma_xp_A2000_s047y_n65_r16_v00_90000_fof_0.0040_0000.hdf5,/rds/general/ephemeral/user/nny124/ephemeral/martian_moons_data/Ma_xp_A2000_s047y_n65_r16_v00_90000_fof_0.0040_0000.hdf5,462775104,A2000,2000,,s047y,47,y,True,n65,65,r16,16,v00,0,90000,0.004,0,PartType0,3162278,1635,1635,541917,True,kg,9.647879722141622e+19,1.7148913108017676e+19,9.647879722141622e+19,1.0,True,"-1,2147483647",20
Ma_xp_A2000_s047y_n65_r16_v06_90000_fof_0.0040_0000,Ma_xp_A2000_s047y_n65_r16_v06_90000_fof_0.0040_0000.hdf5,/rds/general/ephemeral/user/nny124/ephemeral/martian_moons_data/Ma_xp_A2000_s047y_n65_r16_v06_90000_fof_0.0040_0000.hdf5,462775104,A2000,2000,,s047y,47,y,True,n65,65,r16,16,v06,6,90000,0.004,0,PartType0,3162278,1462,1462,820363,True,kg,9.702321651005355e+19,2.5960314172369887e+19,9.702321651005355e+19,1.0,True,"-1,2147483647",20
Ma_xp_A2000_s047y_n65_r20_v00_90000_fof_0.0040_0000,Ma_xp_A2000_s047y_n65_r20_v00_90000_fof_0.0040_0000.hdf5,/rds/general/ephemeral/user/nny124/ephemeral/martian_moons_data/Ma_xp_A2000_s047y_n65_r20_v00_90000_fof_0.0040_0000.hdf5,462775104,A2000,2000,,s047y,47,y,True,n65,65,r20,20,v00,0,90000,0.004,0,PartType0,3162278,117,117,2873196,True,kg,9.965983890382642e+19,9.092205150998466e+19,9.965983890382642e+19,1.0,True,"-1,2147483647",20
Ma_xp_A2000_s047z_n65_r11_v00_90000_fof_0.0040_0000,Ma_xp_A2000_s047z_n65_r11_v00_90000_fof_0.0040_0000.hdf5,/rds/general/ephemeral/user/nny124/ephemeral/martian_moons_data/Ma_xp_A2000_s047z_n65_r11_v00_90000_fof_0.0040_0000.hdf5,462775104,A2000,2000,,s047z,47,z,True,n65,65,r11,11,v00,0,90000,0.004,0,PartType0,3162278,369,369,109926,True,kg,9.995590858863911e+19,3.478597918664595e+18,9.995590858863911e+19,1.0,True,"-1,2147483647",20
Ma_xp_A2000_s047z_n65_r12_v00_90000_fof_0.0040_0000,Ma_xp_A2000_s047z_n65_r12_v00_90000_fof_0.0040_0000.hdf5,/rds/general/ephemeral/user/nny124/ephemeral/martian_moons_data/Ma_xp_A2000_s047z_n65_r12_v00_90000_fof_0.0040_0000.hdf5,462775104,A2000,2000,,s047z,47,z,True,n65,65,r12,12,v00,0,90000,0.004,0,PartType0,3162278,348,348,119613,True,kg,9.998464206186385e+19,3.7851438411297664e+18,9.998464206186385e+19,1.0,True,"-1,2147483647",20
Ma_xp_A2000_s047z_n65_r12_v02_90000_fof_0.0040_0000,Ma_xp_A2000_s047z_n65_r12_v02_90000_fof_0.0040_0000.hdf5,/rds/general/ephemeral/user/nny124/ephemeral/martian_moons_data/Ma_xp_A2000_s047z_n65_r12_v02_90000_fof_0.0040_0000.hdf5,462775104,A2000,2000,,s047z,47,z,True,n65,65,r12,12,v02,2,90000,0.004,0,PartType0,3162278,343,343,107805,True,kg,9.99749905187224e+19,3.411483973745561e+18,9.99749905187224e+19,1.0,True,"-1,2147483647",20
Ma_xp_A2000_s047z_n65_r12_v04_90000_fof_0.0040_0000,Ma_xp_A2000_s047z_n65_r12_v04_90000_fof_0.0040_0000.hdf5,/rds/general/ephemeral/user/nny124/ephemeral/martian_moons_data/Ma_xp_A2000_s047z_n65_r12_v04_90000_fof_0.0040_0000.hdf5,462775104,A2000,2000,,s047z,47,z,True,n65,65,r12,12,v04,4,90000,0.004,0,PartType0,3162242,342,342,104111,True,kg,9.942921080788499e+19,3.2945838954995717e+18,9.942921080788499e+19,1.0,True,"-1,2147483647",20
Ma_xp_A2000_s047z_n65_r12_v06_90000_fof_0.0040_0000,Ma_xp_A2000_s047z_n65_r12_v06_90000_fof_0.0040_0000.hdf5,/rds/general/ephemeral/user/nny124/ephemeral/martian_moons_data/Ma_xp_A2000_s047z_n65_r12_v06_90000_fof_0.0040_0000.hdf5,462775104,A2000,2000,,s047z,47,z,True,n65,65,r12,12,v06,6,90000,0.004,0,PartType0,3162278,319,319,115639,True,kg,9.999065461526494e+19,3.6593940343404175e+18,9.999065461526494e+19,1.0,True,"-1,2147483647",20
Ma_xp_A2000_s047z_n65_r12_v08_90000_fof_0.0040_0000,Ma_xp_A2000_s047z_n65_r12_v08_90000_fof_0.0040_0000.hdf5,/rds/general/ephemeral/user/nny124/ephemeral/martian_moons_data/Ma_xp_A2000_s047z_n65_r12_v08_90000_fof_0.0040_0000.hdf5,462775104,A2000,2000,,s047z,47,z,True,n65,65,r12,12,v08,8,90000,0.004,0,PartType0,3162278,305,305,137583,True,kg,9.998571825650383e+19,4.3538011695748844e+18,9.998571825650383e+19,1.0,True,"-1,2147483647",20
Ma_xp_A2000_s047z_n65_r12_v10_90000_fof_0.0040_0000,Ma_xp_A2000_s047z_n65_r12_v10_90000_fof_0.0040_0000.hdf5,/rds/general/ephemeral/user/nny124/ephemeral/martian_moons_data/Ma_xp_A2000_s047z_n65_r12_v10_90000_fof_0.0040_0000.hdf5,462775104,A2000,2000,,s047z,47,z,True,n65,65,r12,12,v10,10,90000,0.004,0,PartType0,3162278,260,260,148991,True,kg,9.999866074646816e+19,4.714807625612702e+18,9.999866074646816e+19,1.0,True,"-1,2147483647",20
Ma_xp_A2000_s047z_n65_r12_v12_90000_fof_0.0040_0000,Ma_xp_A2000_s047z_n65_r12_v12_90000_fof_0.0040_0000.hdf5,/rds/general/ephemeral/user/nny124/ephemeral/martian_moons_data/Ma_xp_A2000_s047z_n65_r12_v12_90000_fof_0.0040_0000.hdf5,462775104,A2000,2000,,s047z,47,z,True,n65,65,r12,12,v12,12,90000,0.004,0,PartType0,3162278,228,228,117262,True,kg,1.0000888230802168e+20,3.7107463440089626e+18,1.0000888230802168e+20,1.0,True,"-1,2147483647",20
Ma_xp_A2000_s047z_n65_r12_v14_90000_fof_0.0040_0000,Ma_xp_A2000_s047z_n65_r12_v14_90000_fof_0.0040_0000.hdf5,/rds/general/ephemeral/user/nny124/ephemeral/martian_moons_data/Ma_xp_A2000_s047z_n65_r12_v14_90000_fof_0.0040_0000.hdf5,462775104,A2000,2000,,s047z,47,z,True,n65,65,r12,12,v14,14,90000,0.004,0,PartType0,3162278,178,178,140821,True,kg,1.000079643968874e+20,4.45626874947139e+18,1.000079643968874e+20,1.0,True,"-1,2147483647",20
Ma_xp_A2000_s047z_n65_r12_v16_90000_fof_0.0040_0000,Ma_xp_A2000_s047z_n65_r12_v16_90000_fof_0.0040_0000.hdf5,/rds/general/ephemeral/user/nny124/ephemeral/martian_moons_data/Ma_xp_A2000_s047z_n65_r12_v16_90000_fof_0.0040_0000.hdf5,462775104,A2000,2000,,s047z,47,z,True,n65,65,r12,12,v16,16,90000,0.004,0,PartType0,3162267,136,136,166789,True,kg,9.998027519813706e+19,5.278030425250689e+18,9.998027519813706e+19,1.0,True,"-1,2147483647",20
Ma_xp_A2000_s047z_n65_r13_v00_90000_fof_0.0040_0000,Ma_xp_A2000_s047z_n65_r13_v00_90000_fof_0.0040_0000.hdf5,/rds/general/ephemeral/user/nny124/ephemeral/martian_moons_data/Ma_xp_A2000_s047z_n65_r13_v00_90000_fof_0.0040_0000.hdf5,462775104,A2000,2000,,s047z,47,z,True,n65,65,r13,13,v00,0,90000,0.004,0,PartType0,3162278,371,371,109379,True,kg,9.997252215993082e+19,3.461287899874549e+18,9.997252215993082e+19,1.0,True,"-1,2147483647",20
Ma_xp_A2000_s047z_n65_r14_v00_90000_fof_0.0040_0000,Ma_xp_A2000_s047z_n65_r14_v00_90000_fof_0.0040_0000.hdf5,/rds/general/ephemeral/user/nny124/ephemeral/martian_moons_data/Ma_xp_A2000_s047z_n65_r14_v00_90000_fof_0.0040_0000.hdf5,462775104,A2000,2000,,s047z,47,z,True,n65,65,r14,14,v00,0,90000,0.004,0,PartType0,3162278,345,345,92021,True,kg,9.997815495701776e+19,2.9119964036350034e+18,9.997815495701776e+19,1.0,True,"-1,2147483647",20
Ma_xp_A2000_s047z_n65_r15_v00_90000_fof_0.0040_0000,Ma_xp_A2000_s047z_n65_r15_v00_90000_fof_0.0040_0000.hdf5,/rds/general/ephemeral/user/nny124/ephemeral/martian_moons_data/Ma_xp_A2000_s047z_n65_r15_v00_90000_fof_0.0040_0000.hdf5,462775104,A2000,2000,,s047z,47,z,True,n65,65,r15,15,v00,0,90000,0.004,0,PartType0,3162278,358,358,142221,True,kg,9.996840830370773e+19,4.5005809166399836e+18,9.996840830370773e+19,1.0,True,"-1,2147483647",20
Ma_xp_A2000_s047z_n65_r16_v00_102000_fof_0.0040_0000,Ma_xp_A2000_s047z_n65_r16_v00_102000_fof_0.0040_0000.hdf5,/rds/general/ephemeral/user/nny124/ephemeral/martian_moons_data/Ma_xp_A2000_s047z_n65_r16_v00_102000_fof_0.0040_0000.hdf5,462775112,A2000,2000,,s047z,47,z,True,n65,65,r16,16,v00,0,102000,0.004,0,PartType0,3162278,292,292,137608,True,kg,1.0000590760740962e+20,4.35459752463663e+18,1.0000590760740962e+20,1.0,True,"-1,2147483647",20
Ma_xp_A2000_s047z_n65_r16_v00_108000_fof_0.0040_0000,Ma_xp_A2000_s047z_n65_r16_v00_108000_fof_0.0040_0000.hdf5,/rds/general/ephemeral/user/nny124/ephemeral/martian_moons_data/Ma_xp_A2000_s047z_n65_r16_v00_108000_fof_0.0040_0000.hdf5,462775112,A2000,2000,,s047z,47,z,True,n65,65,r16,16,v00,0,108000,0.004,0,PartType0,3162278,279,279,152187,True,kg,1.0001109737944606e+20,4.815944557462872e+18,1.0001109737944606e+20,1.0,True,"-1,2147483647",20
Ma_xp_A2000_s047z_n65_r16_v00_66000_fof_0.0040_0000,Ma_xp_A2000_s047z_n65_r16_v00_66000_fof_0.0040_0000.hdf5,/rds/general/ephemeral/user/nny124/ephemeral/martian_moons_data/Ma_xp_A2000_s047z_n65_r16_v00_66000_fof_0.0040_0000.hdf5,462775104,A2000,2000,,s047z,47,z,True,n65,65,r16,16,v00,0,66000,0.004,0,PartType0,3162278,368,368,221323,True,kg,9.99385987220319e+19,7.003745135675653e+18,9.99385987220319e+19,1.0,True,"-1,2147483647",20
Ma_xp_A2000_s047z_n65_r16_v00_72000_fof_0.0040_0000,Ma_xp_A2000_s047z_n65_r16_v00_72000_fof_0.0040_0000.hdf5,/rds/general/ephemeral/user/nny124/ephemeral/martian_moons_data/Ma_xp_A2000_s047z_n65_r16_v00_72000_fof_0.0040_0000.hdf5,462775104,A2000,2000,,s047z,47,z,True,n65,65,r16,16,v00,0,72000,0.004,0,PartType0,3162278,541,541,94953,True,kg,9.98644863914162e+19,3.004778944289225e+18,9.98644863914162e+19,1.0,True,"-1,2147483647",20
Ma_xp_A2000_s047z_n65_r16_v00_78000_fof_0.0040_0000,Ma_xp_A2000_s047z_n65_r16_v00_78000_fof_0.0040_0000.hdf5,/rds/general/ephemeral/user/nny124/ephemeral/martian_moons_data/Ma_xp_A2000_s047z_n65_r16_v00_78000_fof_0.0040_0000.hdf5,462775104,A2000,2000,,s047z,47,z,True,n65,65,r16,16,v00,0,78000,0.004,0,PartType0,3162278,481,481,95678,True,kg,9.989072015302094e+19,3.027721504678577e+18,9.989072015302094e+19,1.0,True,"-1,2147483647",20
Ma_xp_A2000_s047z_n65_r16_v00_84000_fof_0.0040_0000,Ma_xp_A2000_s047z_n65_r16_v00_84000_fof_0.0040_0000.hdf5,/rds/general/ephemeral/user/nny124/ephemeral/martian_moons_data/Ma_xp_A2000_s047z_n65_r16_v00_84000_fof_0.0040_0000.hdf5,462775104,A2000,2000,,s047z,47,z,True,n65,65,r16,16,v00,0,84000,0.004,0,PartType0,3162278,410,410,96294,True,kg,9.99403709776883e+19,3.0472140746708977e+18,9.99403709776883e+19,1.0,True,"-1,2147483647",20
Ma_xp_A2000_s047z_n65_r16_v00_90000_fof_0.0040_0000,Ma_xp_A2000_s047z_n65_r16_v00_90000_fof_0.0040_0000.hdf5,/rds/general/ephemeral/user/nny124/ephemeral/martian_moons_data/Ma_xp_A2000_s047z_n65_r16_v00_90000_fof_0.0040_0000.hdf5,462775104,A2000,2000,,s047z,47,z,True,n65,65,r16,16,v00,0,90000,0.004,0,PartType0,3162278,356,356,97171,True,kg,9.997106656223512e+19,3.0749666647718385e+18,9.997106656223512e+19,1.0,True,"-1,2147483647",20
Ma_xp_A2000_s047z_n65_r16_v00_96000_fof_0.0040_0000,Ma_xp_A2000_s047z_n65_r16_v00_96000_fof_0.0040_0000.hdf5,/rds/general/ephemeral/user/nny124/ephemeral/martian_moons_data/Ma_xp_A2000_s047z_n65_r16_v00_96000_fof_0.0040_0000.hdf5,462775104,A2000,2000,,s047z,47,z,True,n65,65,r16,16,v00,0,96000,0.004,0,PartType0,3162278,319,319,136802,True,kg,9.99905598180192e+19,4.329091700059251e+18,9.99905598180192e+19,1.0,True,"-1,2147483647",20
Ma_xp_A2000_s047z_n65_r16_v02_90000_fof_0.0040_0000,Ma_xp_A2000_s047z_n65_r16_v02_90000_fof_0.0040_0000.hdf5,/rds/general/ephemeral/user/nny124/ephemeral/martian_moons_data/Ma_xp_A2000_s047z_n65_r16_v02_90000_fof_0.0040_0000.hdf5,462775104,A2000,2000,,s047z,47,z,True,n65,65,r16,16,v02,2,90000,0.004,0,PartType0,3162275,339,339,134887,True,kg,9.990277675641802e+19,4.2684818074648013e+18,9.990277675641802e+19,1.0,True,"-1,2147483647",20
Ma_xp_A2000_s047z_n65_r16_v04_90000_fof_0.0040_0000,Ma_xp_A2000_s047z_n65_r16_v04_90000_fof_0.0040_0000.hdf5,/rds/general/ephemeral/user/nny124/ephemeral/martian_moons_data/Ma_xp_A2000_s047z_n65_r16_v04_90000_fof_0.0040_0000.hdf5,462775104,A2000,2000,,s047z,47,z,True,n65,65,r16,16,v04,4,90000,0.004,0,PartType0,3162278,349,349,131286,True,kg,9.99844206642353e+19,4.154535866101355e+18,9.99844206642353e+19,1.0,True,"-1,2147483647",20
Ma_xp_A2000_s047z_n65_r16_v06_90000_fof_0.0040_0000,Ma_xp_A2000_s047z_n65_r16_v06_90000_fof_0.0040_0000.hdf5,/rds/general/ephemeral/user/nny124/ephemeral/martian_moons_data/Ma_xp_A2000_s047z_n65_r16_v06_90000_fof_0.0040_0000.hdf5,462775104,A2000,2000,,s047z,47,z,True,n65,65,r16,16,v06,6,90000,0.004,0,PartType0,3162274,319,319,131216,True,kg,9.998600286397617e+19,4.152317490535088e+18,9.998600286397617e+19,1.0,True,"-1,2147483647",20
Ma_xp_A2000_s047z_n65_r16_v08_90000_fof_0.0040_0000,Ma_xp_A2000_s047z_n65_r16_v08_90000_fof_0.0040_0000.hdf5,/rds/general/ephemeral/user/nny124/ephemeral/martian_moons_data/Ma_xp_A2000_s047z_n65_r16_v08_90000_fof_0.0040_0000.hdf5,462775104,A2000,2000,,s047z,47,z,True,n65,65,r16,16,v08,8,90000,0.004,0,PartType0,3162278,285,285,138336,True,kg,9.999350267670251e+19,4.377632524217567e+18,9.999350267670251e+19,1.0,True,"-1,2147483647",20
Ma_xp_A2000_s047z_n65_r16_v10_90000_fof_0.0040_0000,Ma_xp_A2000_s047z_n65_r16_v10_90000_fof_0.0040_0000.hdf5,/rds/general/ephemeral/user/nny124/ephemeral/martian_moons_data/Ma_xp_A2000_s047z_n65_r16_v10_90000_fof_0.0040_0000.hdf5,462775104,A2000,2000,,s047z,47,z,True,n65,65,r16,16,v10,10,90000,0.004,0,PartType0,3162278,265,265,187213,True,kg,9.999856582055395e+19,5.924336741287792e+18,9.999856582055395e+19,1.0,True,"-1,2147483647",20
Ma_xp_A2000_s047z_n65_r17_v00_90000_fof_0.0040_0000,Ma_xp_A2000_s047z_n65_r17_v00_90000_fof_0.0040_0000.hdf5,/rds/general/ephemeral/user/nny124/ephemeral/martian_moons_data/Ma_xp_A2000_s047z_n65_r17_v00_90000_fof_0.0040_0000.hdf5,462775104,A2000,2000,,s047z,47,z,True,n65,65,r17,17,v00,0,90000,0.004,0,PartType0,3162278,329,329,130693,True,kg,9.997492726742852e+19,4.1357673074465925e+18,9.997492726742852e+19,1.0,True,"-1,2147483647",20
Ma_xp_A2000_s047z_n65_r18_v00_90000_fof_0.0040_0000,Ma_xp_A2000_s047z_n65_r18_v00_90000_fof_0.0040_0000.hdf5,/rds/general/ephemeral/user/nny124/ephemeral/martian_moons_data/Ma_xp_A2000_s047z_n65_r18_v00_90000_fof_0.0040_0000.hdf5,462775104,A2000,2000,,s047z,47,z,True,n65,65,r18,18,v00,0,90000,0.004,0,PartType0,3162278,322,322,184775,True,kg,9.997964224882683e+19,5.847184472241694e+18,9.997964224882683e+19,1.0,True,"-1,2147483647",20
Ma_xp_A2000_s047z_n65_r19_v00_90000_fof_0.0040_0000,Ma_xp_A2000_s047z_n65_r19_v00_90000_fof_0.0040_0000.hdf5,/rds/general/ephemeral/user/nny124/ephemeral/martian_moons_data/Ma_xp_A2000_s047z_n65_r19_v00_90000_fof_0.0040_0000.hdf5,462775104,A2000,2000,,s047z,47,z,True,n65,65,r19,19,v00,0,90000,0.004,0,PartType0,3162278,292,292,315831,True,kg,9.998669907936403e+19,9.994438511704197e+18,9.998669907936403e+19,1.0,True,"-1,2147483647",20
Ma_xp_A2000_s047z_n65_r20_v00_90000_fof_0.0040_0000,Ma_xp_A2000_s047z_n65_r20_v00_90000_fof_0.0040_0000.hdf5,/rds/general/ephemeral/user/nny124/ephemeral/martian_moons_data/Ma_xp_A2000_s047z_n65_r20_v00_90000_fof_0.0040_0000.hdf5,462775104,A2000,2000,,s047z,47,z,True,n65,65,r20,20,v00,0,90000,0.004,0,PartType0,3162278,239,239,907115,True,kg,9.997935745231089e+19,2.8705573018586513e+19,9.997935745231089e+19,1.0,True,"-1,2147483647",20
Ma_xp_A2000_s047z_n65_r20_v02_90000_fof_0.0040_0000,Ma_xp_A2000_s047z_n65_r20_v02_90000_fof_0.0040_0000.hdf5,/rds/general/ephemeral/user/nny124/ephemeral/martian_moons_data/Ma_xp_A2000_s047z_n65_r20_v02_90000_fof_0.0040_0000.hdf5,462775104,A2000,2000,,s047z,47,z,True,n65,65,r20,20,v02,2,90000,0.004,0,PartType0,3162278,272,272,933177,True,kg,9.993030784128826e+19,2.9530302416540934e+19,9.993030784128826e+19,1.0,True,"-1,2147483647",20
Ma_xp_A2000_s047z_n65_r20_v04_90000_fof_0.0040_0000,Ma_xp_A2000_s047z_n65_r20_v04_90000_fof_0.0040_0000.hdf5,/rds/general/ephemeral/user/nny124/ephemeral/martian_moons_data/Ma_xp_A2000_s047z_n65_r20_v04_90000_fof_0.0040_0000.hdf5,462775104,A2000,2000,,s047z,47,z,True,n65,65,r20,20,v04,4,90000,0.004,0,PartType0,3162278,220,220,932252,True,kg,9.999033823645198e+19,2.950103088763409e+19,9.999033823645198e+19,1.0,True,"-1,2147483647",20
Ma_xp_A2000_s047z_n65_r20_v06_90000_fof_0.0040_0000,Ma_xp_A2000_s047z_n65_r20_v06_90000_fof_0.0040_0000.hdf5,/rds/general/ephemeral/user/nny124/ephemeral/martian_moons_data/Ma_xp_A2000_s047z_n65_r20_v06_90000_fof_0.0040_0000.hdf5,462775104,A2000,2000,,s047z,47,z,True,n65,65,r20,20,v06,6,90000,0.004,0,PartType0,3162278,215,215,1073751,True,kg,1.0000508467087237e+20,3.3978752757435617e+19,1.0000508467087237e+20,1.0,True,"-1,2147483647",20
Ma_xp_A2000_s047z_n65_r20_v08_90000_fof_0.0040_0000,Ma_xp_A2000_s047z_n65_r20_v08_90000_fof_0.0040_0000.hdf5,/rds/general/ephemeral/user/nny124/ephemeral/martian_moons_data/Ma_xp_A2000_s047z_n65_r20_v08_90000_fof_0.0040_0000.hdf5,462775104,A2000,2000,,s047z,47,z,True,n65,65,r20,20,v08,8,90000,0.004,0,PartType0,3162277,171,171,1221602,True,kg,1.0000394550531947e+20,3.865748400123037e+19,1.0000394550531947e+20,1.0,True,"-1,2147483647",20
Ma_xp_A2000_s047z_n65_r20_v10_90000_fof_0.0040_0000,Ma_xp_A2000_s047z_n65_r20_v10_90000_fof_0.0040_0000.hdf5,/rds/general/ephemeral/user/nny124/ephemeral/martian_moons_data/Ma_xp_A2000_s047z_n65_r20_v10_90000_fof_0.0040_0000.hdf5,462775104,A2000,2000,,s047z,47,z,True,n65,65,r20,20,v10,10,90000,0.004,0,PartType0,3162278,142,142,1601487,True,kg,9.999448359214757e+19,5.067891835865801e+19,9.999448359214757e+19,1.0,True,"-1,2147483647",20
Ma_xp_A2000_s047z_n65_r22_v00_90000_fof_0.0040_0000,Ma_xp_A2000_s047z_n65_r22_v00_90000_fof_0.0040_0000.hdf5,/rds/general/ephemeral/user/nny124/ephemeral/martian_moons_data/Ma_xp_A2000_s047z_n65_r22_v00_90000_fof_0.0040_0000.hdf5,462775104,A2000,2000,,s047z,47,z,True,n65,65,r22,22,v00,0,90000,0.004,0,PartType0,3162278,75,75,2570021,True,kg,1.0004011566612025e+20,8.132810127873286e+19,1.0004011566612025e+20,1.0,True,"-1,2147483647",20
Ma_xp_A2000_s047z_n65_r24_v00_90000_fof_0.0040_0000,Ma_xp_A2000_s047z_n65_r24_v00_90000_fof_0.0040_0000.hdf5,/rds/general/ephemeral/user/nny124/ephemeral/martian_moons_data/Ma_xp_A2000_s047z_n65_r24_v00_90000_fof_0.0040_0000.hdf5,462775104,A2000,2000,,s047z,47,z,True,n65,65,r24,24,v00,0,90000,0.004,0,PartType0,3162278,225,225,2978617,True,kg,9.962433353353665e+19,9.425808763630741e+19,9.962433353353665e+19,1.0,True,"-1,2147483647",20
Ma_xp_A2000_s047z_n65_r26_v00_90000_fof_0.0040_0000,Ma_xp_A2000_s047z_n65_r26_v00_90000_fof_0.0040_0000.hdf5,/rds/general/ephemeral/user/nny124/ephemeral/martian_moons_data/Ma_xp_A2000_s047z_n65_r26_v00_90000_fof_0.0040_0000.hdf5,462775104,A2000,2000,,s047z,47,z,True,n65,65,r26,26,v00,0,90000,0.004,0,PartType0,3162278,1,1,3162278,True,kg,1.0007002011416971e+20,1.0007002011416971e+20,1.0007002011416971e+20,1.0,True,"-1,2147483647",20
Ma_xp_A2000_s047z_n65_r28_v00_90000_fof_0.0040_0000,Ma_xp_A2000_s047z_n65_r28_v00_90000_fof_0.0040_0000.hdf5,/rds/general/ephemeral/user/nny124/ephemeral/martian_moons_data/Ma_xp_A2000_s047z_n65_r28_v00_90000_fof_0.0040_0000.hdf5,462775104,A2000,2000,,s047z,47,z,True,n65,65,r28,28,v00,0,90000,0.004,0,PartType0,3162278,1,1,3162278,True,kg,1.0007002011410899e+20,1.0007002011410899e+20,1.0007002011410899e+20,1.0,True,"-1,2147483647",20
Ma_xp_A2000_s047z_n65_r30_v00_90000_fof_0.0040_0000,Ma_xp_A2000_s047z_n65_r30_v00_90000_fof_0.0040_0000.hdf5,/rds/general/ephemeral/user/nny124/ephemeral/martian_moons_data/Ma_xp_A2000_s047z_n65_r30_v00_90000_fof_0.0040_0000.hdf5,462775104,A2000,2000,,s047z,47,z,True,n65,65,r30,30,v00,0,90000,0.004,0,PartType0,3162278,1,1,3162278,True,kg,1.000700201139792e+20,1.000700201139792e+20,1.000700201139792e+20,1.0,True,"-1,2147483647",20
Ma_xp_A2000_s086mz_n65_r12_v00_90000_fof_0.0040_0000,Ma_xp_A2000_s086mz_n65_r12_v00_90000_fof_0.0040_0000.hdf5,/rds/general/ephemeral/user/nny124/ephemeral/martian_moons_data/Ma_xp_A2000_s086mz_n65_r12_v00_90000_fof_0.0040_0000.hdf5,462775112,A2000,2000,,s086mz,86,mz,True,n65,65,r12,12,v00,0,90000,0.004,0,PartType0,3162278,204,204,1187253,True,kg,9.989067223770263e+19,3.7546086876864274e+19,9.989067223770263e+19,1.0,True,"-1,2147483647",20
Ma_xp_A2000_s086mz_n65_r16_v00_90000_fof_0.0040_0000,Ma_xp_A2000_s086mz_n65_r16_v00_90000_fof_0.0040_0000.hdf5,/rds/general/ephemeral/user/nny124/ephemeral/martian_moons_data/Ma_xp_A2000_s086mz_n65_r16_v00_90000_fof_0.0040_0000.hdf5,462775112,A2000,2000,,s086mz,86,mz,True,n65,65,r16,16,v00,0,90000,0.004,0,PartType0,3162278,2,2,2265213,True,kg,1.0000496261311354e+20,7.1635867777669644e+19,1.0000496261311354e+20,1.0,True,"-1,2147483647",20
Ma_xp_A2000_s086mz_n65_r16_v06_90000_fof_0.0040_0000,Ma_xp_A2000_s086mz_n65_r16_v06_90000_fof_0.0040_0000.hdf5,/rds/general/ephemeral/user/nny124/ephemeral/martian_moons_data/Ma_xp_A2000_s086mz_n65_r16_v06_90000_fof_0.0040_0000.hdf5,462775112,A2000,2000,,s086mz,86,mz,True,n65,65,r16,16,v06,6,90000,0.004,0,PartType0,3162278,2,2,2104750,True,kg,1.0000496261323552e+20,6.656133036678551e+19,1.0000496261323552e+20,1.0,True,"-1,2147483647",20
Ma_xp_A2000_s086x_n65_r12_v00_90000_fof_0.0040_0000,Ma_xp_A2000_s086x_n65_r12_v00_90000_fof_0.0040_0000.hdf5,/rds/general/ephemeral/user/nny124/ephemeral/martian_moons_data/Ma_xp_A2000_s086x_n65_r12_v00_90000_fof_0.0040_0000.hdf5,462775104,A2000,2000,,s086x,86,x,True,n65,65,r12,12,v00,0,90000,0.004,0,PartType0,3162278,974,974,263448,True,kg,9.728982156964667e+19,8.331371295678641e+18,9.728982156964667e+19,1.0,True,"-1,2147483647",20
Ma_xp_A2000_s086x_n65_r16_v00_90000_fof_0.0040_0000,Ma_xp_A2000_s086x_n65_r16_v00_90000_fof_0.0040_0000.hdf5,/rds/general/ephemeral/user/nny124/ephemeral/martian_moons_data/Ma_xp_A2000_s086x_n65_r16_v00_90000_fof_0.0040_0000.hdf5,462775104,A2000,2000,,s086x,86,x,True,n65,65,r16,16,v00,0,90000,0.004,0,PartType0,3162278,107,107,944855,True,kg,9.954862310275018e+19,2.988042249168565e+19,9.954862310275018e+19,1.0,True,"-1,2147483647",20
Ma_xp_A2000_s086x_n65_r16_v06_90000_fof_0.0040_0000,Ma_xp_A2000_s086x_n65_r16_v06_90000_fof_0.0040_0000.hdf5,/rds/general/ephemeral/user/nny124/ephemeral/martian_moons_data/Ma_xp_A2000_s086x_n65_r16_v06_90000_fof_0.0040_0000.hdf5,462775104,A2000,2000,,s086x,86,x,True,n65,65,r16,16,v06,6,90000,0.004,0,PartType0,3162278,111,111,981280,True,kg,9.969093272420708e+19,3.1032339260917387e+19,9.969093272420708e+19,1.0,True,"-1,2147483647",20
Ma_xp_A2000_s086x_n65_r20_v00_90000_fof_0.0040_0000,Ma_xp_A2000_s086x_n65_r20_v00_90000_fof_0.0040_0000.hdf5,/rds/general/ephemeral/user/nny124/ephemeral/martian_moons_data/Ma_xp_A2000_s086x_n65_r20_v00_90000_fof_0.0040_0000.hdf5,462775104,A2000,2000,,s086x,86,x,True,n65,65,r20,20,v00,0,90000,0.004,0,PartType0,3162278,20,20,2690795,True,kg,9.99553756616983e+19,8.509462317217323e+19,9.99553756616983e+19,1.0,True,"-1,2147483647",20
Ma_xp_A2000_s086y_n65_r12_v00_90000_fof_0.0040_0000,Ma_xp_A2000_s086y_n65_r12_v00_90000_fof_0.0040_0000.hdf5,/rds/general/ephemeral/user/nny124/ephemeral/martian_moons_data/Ma_xp_A2000_s086y_n65_r12_v00_90000_fof_0.0040_0000.hdf5,462775104,A2000,2000,,s086y,86,y,True,n65,65,r12,12,v00,0,90000,0.004,0,PartType0,3162278,710,710,288381,True,kg,9.813207352690331e+19,9.119862359047161e+18,9.813207352690331e+19,1.0,True,"-1,2147483647",20
Ma_xp_A2000_s086y_n65_r16_v00_90000_fof_0.0040_0000,Ma_xp_A2000_s086y_n65_r16_v00_90000_fof_0.0040_0000.hdf5,/rds/general/ephemeral/user/nny124/ephemeral/martian_moons_data/Ma_xp_A2000_s086y_n65_r16_v00_90000_fof_0.0040_0000.hdf5,462775104,A2000,2000,,s086y,86,y,True,n65,65,r16,16,v00,0,90000,0.004,0,PartType0,3162278,645,645,623540,True,kg,9.850119321792805e+19,1.971904638018953e+19,9.850119321792805e+19,1.0,True,"-1,2147483647",20
Ma_xp_A2000_s086y_n65_r16_v06_90000_fof_0.0040_0000,Ma_xp_A2000_s086y_n65_r16_v06_90000_fof_0.0040_0000.hdf5,/rds/general/ephemeral/user/nny124/ephemeral/martian_moons_data/Ma_xp_A2000_s086y_n65_r16_v06_90000_fof_0.0040_0000.hdf5,462775104,A2000,2000,,s086y,86,y,True,n65,65,r16,16,v06,6,90000,0.004,0,PartType0,3162278,634,634,1163116,True,kg,9.832245230488566e+19,3.678278371733527e+19,9.832245230488566e+19,1.0,True,"-1,2147483647",20
Ma_xp_A2000_s086y_n65_r20_v00_90000_fof_0.0040_0000,Ma_xp_A2000_s086y_n65_r20_v00_90000_fof_0.0040_0000.hdf5,/rds/general/ephemeral/user/nny124/ephemeral/martian_moons_data/Ma_xp_A2000_s086y_n65_r20_v00_90000_fof_0.0040_0000.hdf5,462775104,A2000,2000,,s086y,86,y,True,n65,65,r20,20,v00,0,90000,0.004,0,PartType0,3161874,249,249,2850506,True,kg,9.868749249300003e+19,9.01453767886946e+19,9.868749249300003e+19,1.0,True,"-1,2147483647",20
Ma_xp_A2000_s086z_n65_r12_v00_90000_fof_0.0040_0000,Ma_xp_A2000_s086z_n65_r12_v00_90000_fof_0.0040_0000.hdf5,/rds/general/ephemeral/user/nny124/ephemeral/martian_moons_data/Ma_xp_A2000_s086z_n65_r12_v00_90000_fof_0.0040_0000.hdf5,462775104,A2000,2000,,s086z,86,z,True,n65,65,r12,12,v00,0,90000,0.004,0,PartType0,3162276,337,337,110565,True,kg,9.989772448645448e+19,3.496542664345456e+18,9.989772448645448e+19,1.0,True,"-1,2147483647",20
Ma_xp_A2000_s086z_n65_r16_v00_90000_fof_0.0040_0000,Ma_xp_A2000_s086z_n65_r16_v00_90000_fof_0.0040_0000.hdf5,/rds/general/ephemeral/user/nny124/ephemeral/martian_moons_data/Ma_xp_A2000_s086z_n65_r16_v00_90000_fof_0.0040_0000.hdf5,462775104,A2000,2000,,s086z,86,z,True,n65,65,r16,16,v00,0,90000,0.004,0,PartType0,3162278,334,334,187162,True,kg,9.992270773453557e+19,5.918877010847529e+18,9.992270773453557e+19,1.0,True,"-1,2147483647",20
Ma_xp_A2000_s086z_n65_r16_v06_90000_fof_0.0040_0000,Ma_xp_A2000_s086z_n65_r16_v06_90000_fof_0.0040_0000.hdf5,/rds/general/ephemeral/user/nny124/ephemeral/martian_moons_data/Ma_xp_A2000_s086z_n65_r16_v06_90000_fof_0.0040_0000.hdf5,462775104,A2000,2000,,s086z,86,z,True,n65,65,r16,16,v06,6,90000,0.004,0,PartType0,3162278,266,266,232507,True,kg,9.992229652824475e+19,7.352882831090865e+18,9.992229652824475e+19,1.0,True,"-1,2147483647",20
Ma_xp_A2000_s086z_n65_r20_v00_90000_fof_0.0040_0000,Ma_xp_A2000_s086z_n65_r20_v00_90000_fof_0.0040_0000.hdf5,/rds/general/ephemeral/user/nny124/ephemeral/martian_moons_data/Ma_xp_A2000_s086z_n65_r20_v00_90000_fof_0.0040_0000.hdf5,462775104,A2000,2000,,s086z,86,z,True,n65,65,r20,20,v00,0,90000,0.004,0,PartType0,3162278,85,85,2261519,True,kg,9.997061857580974e+19,7.15190476278969e+19,9.997061857580974e+19,1.0,True,"-1,2147483647",20
Ma_xp_A2000_s170mz_n65_r12_v00_90000_fof_0.0040_0000,Ma_xp_A2000_s170mz_n65_r12_v00_90000_fof_0.0040_0000.hdf5,/rds/general/ephemeral/user/nny124/ephemeral/martian_moons_data/Ma_xp_A2000_s170mz_n65_r12_v00_90000_fof_0.0040_0000.hdf5,462775112,A2000,2000,,s170mz,170,mz,True,n65,65,r12,12,v00,0,90000,0.004,0,PartType0,3162275,275,275,442695,True,kg,9.975855855894838e+19,1.3978432220244548e+19,9.975855855894838e+19,1.0,True,"-1,2147483647",20
Ma_xp_A2000_s170mz_n65_r16_v00_90000_fof_0.0040_0000,Ma_xp_A2000_s170mz_n65_r16_v00_90000_fof_0.0040_0000.hdf5,/rds/general/ephemeral/user/nny124/ephemeral/martian_moons_data/Ma_xp_A2000_s170mz_n65_r16_v00_90000_fof_0.0040_0000.hdf5,462775112,A2000,2000,,s170mz,170,mz,True,n65,65,r16,16,v00,0,90000,0.004,0,PartType0,3162275,177,177,1892049,True,kg,9.96408125302772e+19,5.974291936277399e+19,9.96408125302772e+19,1.0,True,"-1,2147483647",20
Ma_xp_A2000_s170mz_n65_r16_v06_90000_fof_0.0040_0000,Ma_xp_A2000_s170mz_n65_r16_v06_90000_fof_0.0040_0000.hdf5,/rds/general/ephemeral/user/nny124/ephemeral/martian_moons_data/Ma_xp_A2000_s170mz_n65_r16_v06_90000_fof_0.0040_0000.hdf5,462775112,A2000,2000,,s170mz,170,mz,True,n65,65,r16,16,v06,6,90000,0.004,0,PartType0,3162275,77,77,2171220,True,kg,9.981432141471428e+19,6.855796626280916e+19,9.981432141471428e+19,1.0,True,"-1,2147483647",20
Ma_xp_A2000_s170x_n65_r12_v00_90000_fof_0.0040_0000,Ma_xp_A2000_s170x_n65_r12_v00_90000_fof_0.0040_0000.hdf5,/rds/general/ephemeral/user/nny124/ephemeral/martian_moons_data/Ma_xp_A2000_s170x_n65_r12_v00_90000_fof_0.0040_0000.hdf5,462775104,A2000,2000,,s170x,170,x,True,n65,65,r12,12,v00,0,90000,0.004,0,PartType0,3162275,251,251,251897,True,kg,9.88648691992344e+19,7.953838407048723e+18,9.88648691992344e+19,1.0,True,"-1,2147483647",20
Ma_xp_A2000_s170x_n65_r16_v00_90000_fof_0.0040_0000,Ma_xp_A2000_s170x_n65_r16_v00_90000_fof_0.0040_0000.hdf5,/rds/general/ephemeral/user/nny124/ephemeral/martian_moons_data/Ma_xp_A2000_s170x_n65_r16_v00_90000_fof_0.0040_0000.hdf5,462775104,A2000,2000,,s170x,170,x,True,n65,65,r16,16,v00,0,90000,0.004,0,PartType0,3162275,117,117,759994,True,kg,9.95514531294e+19,2.399739825538589e+19,9.95514531294e+19,1.0,True,"-1,2147483647",20
Ma_xp_A2000_s170x_n65_r16_v06_90000_fof_0.0040_0000,Ma_xp_A2000_s170x_n65_r16_v06_90000_fof_0.0040_0000.hdf5,/rds/general/ephemeral/user/nny124/ephemeral/martian_moons_data/Ma_xp_A2000_s170x_n65_r16_v06_90000_fof_0.0040_0000.hdf5,462775104,A2000,2000,,s170x,170,x,True,n65,65,r16,16,v06,6,90000,0.004,0,PartType0,3162274,132,132,1097119,True,kg,9.960033233329757e+19,3.464238604359146e+19,9.960033233329757e+19,1.0,True,"-1,2147483647",20
Ma_xp_A2000_s170x_n65_r20_v00_90000_fof_0.0040_0000,Ma_xp_A2000_s170x_n65_r20_v00_90000_fof_0.0040_0000.hdf5,/rds/general/ephemeral/user/nny124/ephemeral/martian_moons_data/Ma_xp_A2000_s170x_n65_r20_v00_90000_fof_0.0040_0000.hdf5,462775104,A2000,2000,,s170x,170,x,True,n65,65,r20,20,v00,0,90000,0.004,0,PartType0,3162275,10,10,2717478,True,kg,9.98293514908882e+19,8.580648436539775e+19,9.98293514908882e+19,1.0,True,"-1,2147483647",20
Ma_xp_A2000_s170y_n65_r12_v00_90000_fof_0.0040_0000,Ma_xp_A2000_s170y_n65_r12_v00_90000_fof_0.0040_0000.hdf5,/rds/general/ephemeral/user/nny124/ephemeral/martian_moons_data/Ma_xp_A2000_s170y_n65_r12_v00_90000_fof_0.0040_0000.hdf5,462775104,A2000,2000,,s170y,170,y,True,n65,65,r12,12,v00,0,90000,0.004,0,PartType0,3162275,231,231,304486,True,kg,9.89983716865251e+19,9.614380548764033e+18,9.89983716865251e+19,1.0,True,"-1,2147483647",20
Ma_xp_A2000_s170y_n65_r16_v00_90000_fof_0.0040_0000,Ma_xp_A2000_s170y_n65_r16_v00_90000_fof_0.0040_0000.hdf5,/rds/general/ephemeral/user/nny124/ephemeral/martian_moons_data/Ma_xp_A2000_s170y_n65_r16_v00_90000_fof_0.0040_0000.hdf5,462775104,A2000,2000,,s170y,170,y,True,n65,65,r16,16,v00,0,90000,0.004,0,PartType0,3162275,120,120,685234,True,kg,9.954270662402082e+19,2.1636793403298763e+19,9.954270662402082e+19,1.0,True,"-1,2147483647",20
Ma_xp_A2000_s170y_n65_r16_v06_90000_fof_0.0040_0000,Ma_xp_A2000_s170y_n65_r16_v06_90000_fof_0.0040_0000.hdf5,/rds/general/ephemeral/user/nny124/ephemeral/martian_moons_data/Ma_xp_A2000_s170y_n65_r16_v06_90000_fof_0.0040_0000.hdf5,462775104,A2000,2000,,s170y,170,y,True,n65,65,r16,16,v06,6,90000,0.004,0,PartType0,3162275,67,67,971610,True,kg,9.963500258637013e+19,3.067933958069327e+19,9.963500258637013e+19,1.0,True,"-1,2147483647",20
Ma_xp_A2000_s170y_n65_r20_v00_90000_fof_0.0040_0000,Ma_xp_A2000_s170y_n65_r20_v00_90000_fof_0.0040_0000.hdf5,/rds/general/ephemeral/user/nny124/ephemeral/martian_moons_data/Ma_xp_A2000_s170y_n65_r20_v00_90000_fof_0.0040_0000.hdf5,462775104,A2000,2000,,s170y,170,y,True,n65,65,r20,20,v00,0,90000,0.004,0,PartType0,3162275,21,21,2808623,True,kg,9.97216466117362e+19,8.868445880406956e+19,9.97216466117362e+19,1.0,True,"-1,2147483647",20
Ma_xp_A2000_s170z_n65_r12_v00_90000_fof_0.0040_0000,Ma_xp_A2000_s170z_n65_r12_v00_90000_fof_0.0040_0000.hdf5,/rds/general/ephemeral/user/nny124/ephemeral/martian_moons_data/Ma_xp_A2000_s170z_n65_r12_v00_90000_fof_0.0040_0000.hdf5,462775104,A2000,2000,,s170z,170,z,True,n65,65,r12,12,v00,0,90000,0.004,0,PartType0,3162275,323,323,176296,True,kg,9.97480122646672e+19,5.566685988328826e+18,9.97480122646672e+19,1.0,True,"-1,2147483647",20
Ma_xp_A2000_s170z_n65_r16_v00_90000_fof_0.0040_0000,Ma_xp_A2000_s170z_n65_r16_v00_90000_fof_0.0040_0000.hdf5,/rds/general/ephemeral/user/nny124/ephemeral/martian_moons_data/Ma_xp_A2000_s170z_n65_r16_v00_90000_fof_0.0040_0000.hdf5,462775104,A2000,2000,,s170z,170,z,True,n65,65,r16,16,v00,0,90000,0.004,0,PartType0,3162275,270,270,396758,True,kg,9.977396750638991e+19,1.252794280434833e+19,9.977396750638991e+19,1.0,True,"-1,2147483647",20
Ma_xp_A2000_s170z_n65_r16_v06_90000_fof_0.0040_0000,Ma_xp_A2000_s170z_n65_r16_v06_90000_fof_0.0040_0000.hdf5,/rds/general/ephemeral/user/nny124/ephemeral/martian_moons_data/Ma_xp_A2000_s170z_n65_r16_v06_90000_fof_0.0040_0000.hdf5,462775104,A2000,2000,,s170z,170,z,True,n65,65,r16,16,v06,6,90000,0.004,0,PartType0,3162270,229,229,535750,True,kg,9.977734614675513e+19,1.6916721625008701e+19,9.977734614675513e+19,1.0,True,"-1,2147483647",20
Ma_xp_A2000_s170z_n65_r20_v00_90000_fof_0.0040_0000,Ma_xp_A2000_s170z_n65_r20_v00_90000_fof_0.0040_0000.hdf5,/rds/general/ephemeral/user/nny124/ephemeral/martian_moons_data/Ma_xp_A2000_s170z_n65_r20_v00_90000_fof_0.0040_0000.hdf5,462775104,A2000,2000,,s170z,170,z,True,n65,65,r20,20,v00,0,90000,0.004,0,PartType0,3162274,8,8,2692248,True,kg,9.980093327547441e+19,8.500982876142508e+19,9.980093327547441e+19,1.0,True,"-1,2147483647",20
Ma_xp_A2000c30_n65_r12_v00_90000_fof_0.0040_0000,Ma_xp_A2000c30_n65_r12_v00_90000_fof_0.0040_0000.hdf5,/rds/general/ephemeral/user/nny124/ephemeral/martian_moons_data/Ma_xp_A2000c30_n65_r12_v00_90000_fof_0.0040_0000.hdf5,462775104,A2000c30,2000,c30,,,,False,n65,65,r12,12,v00,0,90000,0.004,0,PartType0,3195625,220,220,945886,True,kg,9.989343606142368e+19,2.958843857131575e+19,9.989343606142368e+19,1.0,True,"-1,2147483647",20
Ma_xp_A2000c30_n65_r12_v02_90000_fof_0.0040_0000,Ma_xp_A2000c30_n65_r12_v02_90000_fof_0.0040_0000.hdf5,/rds/general/ephemeral/user/nny124/ephemeral/martian_moons_data/Ma_xp_A2000c30_n65_r12_v02_90000_fof_0.0040_0000.hdf5,462775104,A2000c30,2000,c30,,,,False,n65,65,r12,12,v02,2,90000,0.004,0,PartType0,3195620,201,201,919132,True,kg,9.98223651545249e+19,2.875154366543253e+19,9.98223651545249e+19,1.0,True,"-1,2147483647",20
Ma_xp_A2000c30_n65_r12_v04_90000_fof_0.0040_0000,Ma_xp_A2000c30_n65_r12_v04_90000_fof_0.0040_0000.hdf5,/rds/general/ephemeral/user/nny124/ephemeral/martian_moons_data/Ma_xp_A2000c30_n65_r12_v04_90000_fof_0.0040_0000.hdf5,462775104,A2000c30,2000,c30,,,,False,n65,65,r12,12,v04,4,90000,0.004,0,PartType0,3195625,212,212,1075346,True,kg,9.989127758709096e+19,3.36381018737525e+19,9.989127758709096e+19,1.0,True,"-1,2147483647",20
Ma_xp_A2000c30_n65_r12_v06_90000_fof_0.0040_0000,Ma_xp_A2000c30_n65_r12_v06_90000_fof_0.0040_0000.hdf5,/rds/general/ephemeral/user/nny124/ephemeral/martian_moons_data/Ma_xp_A2000c30_n65_r12_v06_90000_fof_0.0040_0000.hdf5,462775104,A2000c30,2000,c30,,,,False,n65,65,r12,12,v06,6,90000,0.004,0,PartType0,3195620,294,294,1199461,True,kg,9.967305930052048e+19,3.752055178895193e+19,9.967305930052048e+19,1.0,True,"-1,2147483647",20
Ma_xp_A2000c30_n65_r12_v08_90000_fof_0.0040_0000,Ma_xp_A2000c30_n65_r12_v08_90000_fof_0.0040_0000.hdf5,/rds/general/ephemeral/user/nny124/ephemeral/martian_moons_data/Ma_xp_A2000c30_n65_r12_v08_90000_fof_0.0040_0000.hdf5,462775104,A2000c30,2000,c30,,,,False,n65,65,r12,12,v08,8,90000,0.004,0,PartType0,3195625,313,313,1316817,True,kg,9.969827253378551e+19,4.119158949796794e+19,9.969827253378551e+19,1.0,True,"-1,2147483647",20
Ma_xp_A2000c30_n65_r12_v10_90000_fof_0.0040_0000,Ma_xp_A2000c30_n65_r12_v10_90000_fof_0.0040_0000.hdf5,/rds/general/ephemeral/user/nny124/ephemeral/martian_moons_data/Ma_xp_A2000c30_n65_r12_v10_90000_fof_0.0040_0000.hdf5,462775104,A2000c30,2000,c30,,,,False,n65,65,r12,12,v10,10,90000,0.004,0,PartType0,3195625,206,206,1396577,True,kg,9.984764031976487e+19,4.36865728408905e+19,9.984764031976487e+19,1.0,True,"-1,2147483647",20
Ma_xp_A2000c30_n65_r14_v00_90000_fof_0.0040_0000,Ma_xp_A2000c30_n65_r14_v00_90000_fof_0.0040_0000.hdf5,/rds/general/ephemeral/user/nny124/ephemeral/martian_moons_data/Ma_xp_A2000c30_n65_r14_v00_90000_fof_0.0040_0000.hdf5,462775104,A2000c30,2000,c30,,,,False,n65,65,r14,14,v00,0,90000,0.004,0,PartType0,3195625,299,299,1971134,True,kg,9.940970335008797e+19,6.1659409606737895e+19,9.940970335008797e+19,1.0,True,"-1,2147483647",20
Ma_xp_A2000c30_n65_r16_v00_90000_fof_0.0040_0000,Ma_xp_A2000c30_n65_r16_v00_90000_fof_0.0040_0000.hdf5,/rds/general/ephemeral/user/nny124/ephemeral/martian_moons_data/Ma_xp_A2000c30_n65_r16_v00_90000_fof_0.0040_0000.hdf5,462775104,A2000c30,2000,c30,,,,False,n65,65,r16,16,v00,0,90000,0.004,0,PartType0,3195625,214,214,2379832,True,kg,9.974947989099885e+19,7.44439796126748e+19,9.974947989099885e+19,1.0,True,"-1,2147483647",20
Ma_xp_A2000c30_n65_r16_v02_90000_fof_0.0040_0000,Ma_xp_A2000c30_n65_r16_v02_90000_fof_0.0040_0000.hdf5,/rds/general/ephemeral/user/nny124/ephemeral/martian_moons_data/Ma_xp_A2000c30_n65_r16_v02_90000_fof_0.0040_0000.hdf5,462775104,A2000c30,2000,c30,,,,False,n65,65,r16,16,v02,2,90000,0.004,0,PartType0,3195625,217,217,885248,True,kg,9.988633520577313e+19,2.7691614439198126e+19,9.988633520577313e+19,1.0,True,"-1,2147483647",20
Ma_xp_A2000c30_n65_r16_v04_90000_fof_0.0040_0000,Ma_xp_A2000c30_n65_r16_v04_90000_fof_0.0040_0000.hdf5,/rds/general/ephemeral/user/nny124/ephemeral/martian_moons_data/Ma_xp_A2000c30_n65_r16_v04_90000_fof_0.0040_0000.hdf5,462775104,A2000c30,2000,c30,,,,False,n65,65,r16,16,v04,4,90000,0.004,0,PartType0,3195625,281,281,1078146,True,kg,9.979017671535849e+19,3.3725690212766343e+19,9.979017671535849e+19,1.0,True,"-1,2147483647",20
Ma_xp_A2000c30_n65_r16_v06_90000_fof_0.0040_0000,Ma_xp_A2000c30_n65_r16_v06_90000_fof_0.0040_0000.hdf5,/rds/general/ephemeral/user/nny124/ephemeral/martian_moons_data/Ma_xp_A2000c30_n65_r16_v06_90000_fof_0.0040_0000.hdf5,462775104,A2000c30,2000,c30,,,,False,n65,65,r16,16,v06,6,90000,0.004,0,PartType0,3195625,290,290,1162817,True,kg,9.949876122600137e+19,3.6374294029090546e+19,9.949876122600137e+19,1.0,True,"-1,2147483647",20
Ma_xp_A2000c30_n65_r16_v08_90000_fof_0.0040_0000,Ma_xp_A2000c30_n65_r16_v08_90000_fof_0.0040_0000.hdf5,/rds/general/ephemeral/user/nny124/ephemeral/martian_moons_data/Ma_xp_A2000c30_n65_r16_v08_90000_fof_0.0040_0000.hdf5,462775104,A2000c30,2000,c30,,,,False,n65,65,r16,16,v08,8,90000,0.004,0,PartType0,3195621,271,271,1312020,True,kg,9.96817876247826e+19,4.104153419718271e+19,9.96817876247826e+19,1.0,True,"-1,2147483647",20
Ma_xp_A2000c30_n65_r16_v10_90000_fof_0.0040_0000,Ma_xp_A2000c30_n65_r16_v10_90000_fof_0.0040_0000.hdf5,/rds/general/ephemeral/user/nny124/ephemeral/martian_moons_data/Ma_xp_A2000c30_n65_r16_v10_90000_fof_0.0040_0000.hdf5,462775104,A2000c30,2000,c30,,,,False,n65,65,r16,16,v10,10,90000,0.004,0,PartType0,3195625,169,169,1405415,True,kg,9.991583339283815e+19,4.3963035792584065e+19,9.991583339283815e+19,1.0,True,"-1,2147483647",20
Ma_xp_A2000c30_n65_r18_v00_90000_fof_0.0040_0000,Ma_xp_A2000c30_n65_r18_v00_90000_fof_0.0040_0000.hdf5,/rds/general/ephemeral/user/nny124/ephemeral/martian_moons_data/Ma_xp_A2000c30_n65_r18_v00_90000_fof_0.0040_0000.hdf5,462775104,A2000c30,2000,c30,,,,False,n65,65,r18,18,v00,0,90000,0.004,0,PartType0,3195625,121,121,2948418,True,kg,9.968263201285136e+19,9.223004328099173e+19,9.968263201285136e+19,1.0,True,"-1,2147483647",20
Ma_xp_A2000c30_n65_r20_v00_90000_fof_0.0040_0000,Ma_xp_A2000c30_n65_r20_v00_90000_fof_0.0040_0000.hdf5,/rds/general/ephemeral/user/nny124/ephemeral/martian_moons_data/Ma_xp_A2000c30_n65_r20_v00_90000_fof_0.0040_0000.hdf5,462775104,A2000c30,2000,c30,,,,False,n65,65,r20,20,v00,0,90000,0.004,0,PartType0,3195625,174,174,3124345,True,kg,9.95102423414795e+19,9.773325456868344e+19,9.95102423414795e+19,1.0,True,"-1,2147483647",20
Ma_xp_A2000c30_n65_r22_v00_90000_fof_0.0040_0000,Ma_xp_A2000c30_n65_r22_v00_90000_fof_0.0040_0000.hdf5,/rds/general/ephemeral/user/nny124/ephemeral/martian_moons_data/Ma_xp_A2000c30_n65_r22_v00_90000_fof_0.0040_0000.hdf5,462775104,A2000c30,2000,c30,,,,False,n65,65,r22,22,v00,0,90000,0.004,0,PartType0,3195625,1,1,3195625,True,kg,9.99629741693465e+19,9.99629741693465e+19,9.99629741693465e+19,1.0,True,"-1,2147483647",20
Ma_xp_A2050_n70_r12_v00_90000_fof_0.0030_0000,Ma_xp_A2050_n70_r12_v00_90000_fof_0.0030_0000.hdf5,/rds/general/ephemeral/user/nny124/ephemeral/martian_moons_data/Ma_xp_A2050_n70_r12_v00_90000_fof_0.0030_0000.hdf5,1098212504,A2050,2050,,,,,False,n70,70,r12,12,v00,0,90000,0.003,0,PartType0,10094432,930,930,541511,True,kg,3.156780436745484e+20,1.6960022310319106e+19,3.156780436745484e+20,1.0,True,"-1,2147483647",20
Ma_xp_A2050_n70_r12_v00_90000_fof_0.0040_0000,Ma_xp_A2050_n70_r12_v00_90000_fof_0.0040_0000.hdf5,/rds/general/ephemeral/user/nny124/ephemeral/martian_moons_data/Ma_xp_A2050_n70_r12_v00_90000_fof_0.0040_0000.hdf5,1098212504,A2050,2050,,,,,False,n70,70,r12,12,v00,0,90000,0.004,0,PartType0,10094432,912,912,541555,True,kg,3.157887905185423e+20,1.6961400384099193e+19,3.157887905185423e+20,1.0,True,"-1,2147483647",20
Ma_xp_A2050_n70_r12_v00_90000_fof_0.0050_0000,Ma_xp_A2050_n70_r12_v00_90000_fof_0.0050_0000.hdf5,/rds/general/ephemeral/user/nny124/ephemeral/martian_moons_data/Ma_xp_A2050_n70_r12_v00_90000_fof_0.0050_0000.hdf5,1098212504,A2050,2050,,,,,False,n70,70,r12,12,v00,0,90000,0.005,0,PartType0,10094432,882,882,541559,True,kg,3.158441013242348e+20,1.6961525662713065e+19,3.158441013242348e+20,1.0,True,"-1,2147483647",20
Ma_xp_A2050_n70_r16_v00_90000_fof_0.0030_0000,Ma_xp_A2050_n70_r16_v00_90000_fof_0.0030_0000.hdf5,/rds/general/ephemeral/user/nny124/ephemeral/martian_moons_data/Ma_xp_A2050_n70_r16_v00_90000_fof_0.0030_0000.hdf5,1098212504,A2050,2050,,,,,False,n70,70,r16,16,v00,0,90000,0.003,0,PartType0,10094432,577,577,2890146,True,kg,3.1582759563313755e+20,9.051883627634942e+19,3.1582759563313755e+20,1.0,True,"-1,2147483647",20
Ma_xp_A2050_n70_r16_v00_90000_fof_0.0040_0000,Ma_xp_A2050_n70_r16_v00_90000_fof_0.0040_0000.hdf5,/rds/general/ephemeral/user/nny124/ephemeral/martian_moons_data/Ma_xp_A2050_n70_r16_v00_90000_fof_0.0040_0000.hdf5,1098212504,A2050,2050,,,,,False,n70,70,r16,16,v00,0,90000,0.004,0,PartType0,10094432,534,534,2960888,True,kg,3.159236848323298e+20,9.273446336781302e+19,3.159236848323298e+20,1.0,True,"-1,2147483647",20
Ma_xp_A2050_n70_r16_v00_90000_fof_0.0050_0000,Ma_xp_A2050_n70_r16_v00_90000_fof_0.0050_0000.hdf5,/rds/general/ephemeral/user/nny124/ephemeral/martian_moons_data/Ma_xp_A2050_n70_r16_v00_90000_fof_0.0050_0000.hdf5,1098212504,A2050,2050,,,,,False,n70,70,r16,16,v00,0,90000,0.005,0,PartType0,10094432,501,501,2960896,True,kg,3.159625840447658e+20,9.273471392630017e+19,3.159625840447658e+20,1.0,True,"-1,2147483647",20
Ma_xp_A2100_n70_r12_v00_90000_fof_0.0044_0000,Ma_xp_A2100_n70_r12_v00_90000_fof_0.0044_0000.hdf5,/rds/general/ephemeral/user/nny124/ephemeral/martian_moons_data/Ma_xp_A2100_n70_r12_v00_90000_fof_0.0044_0000.hdf5,1098212504,A2100,2100,,,,,False,n70,70,r12,12,v00,0,90000,0.0044,0,PartType0,10087874,2976,2976,790844,True,kg,9.882218600945404e+20,7.83784622821719e+19,9.882218600945404e+20,1.0,True,"-1,2147483647",20
Ma_xp_A2100_n70_r12_v00_90000_fof_0.0059_0000,Ma_xp_A2100_n70_r12_v00_90000_fof_0.0059_0000.hdf5,/rds/general/ephemeral/user/nny124/ephemeral/martian_moons_data/Ma_xp_A2100_n70_r12_v00_90000_fof_0.0059_0000.hdf5,1098212504,A2100,2100,,,,,False,n70,70,r12,12,v00,0,90000,0.0059,0,PartType0,10087874,2929,2929,790874,True,kg,9.897766564791264e+20,7.838143550319544e+19,9.897766564791264e+20,1.0,True,"-1,2147483647",20
Ma_xp_A2100_n70_r12_v00_90000_fof_0.0074_0000,Ma_xp_A2100_n70_r12_v00_90000_fof_0.0074_0000.hdf5,/rds/general/ephemeral/user/nny124/ephemeral/martian_moons_data/Ma_xp_A2100_n70_r12_v00_90000_fof_0.0074_0000.hdf5,1098212504,A2100,2100,,,,,False,n70,70,r12,12,v00,0,90000,0.0074,0,PartType0,10087874,2893,2893,790878,True,kg,9.906883450499429e+20,7.838183193266109e+19,9.906883450499429e+20,1.0,True,"-1,2147483647",20
Ma_xp_A2100_n70_r16_v00_90000_fof_0.0044_0000,Ma_xp_A2100_n70_r16_v00_90000_fof_0.0044_0000.hdf5,/rds/general/ephemeral/user/nny124/ephemeral/martian_moons_data/Ma_xp_A2100_n70_r16_v00_90000_fof_0.0044_0000.hdf5,1098212504,A2100,2100,,,,,False,n70,70,r16,16,v00,0,90000,0.0044,0,PartType0,10087874,2116,2116,3921382,True,kg,9.918259985455894e+20,3.886377842523638e+20,9.918259985455894e+20,1.0,True,"-1,2147483647",20
Ma_xp_A2100_n70_r16_v00_90000_fof_0.0059_0000,Ma_xp_A2100_n70_r16_v00_90000_fof_0.0059_0000.hdf5,/rds/general/ephemeral/user/nny124/ephemeral/martian_moons_data/Ma_xp_A2100_n70_r16_v00_90000_fof_0.0059_0000.hdf5,1098212504,A2100,2100,,,,,False,n70,70,r16,16,v00,0,90000,0.0059,0,PartType0,10087874,2101,2101,3922068,True,kg,9.928130087746707e+20,3.887057718752624e+20,9.928130087746707e+20,1.0,True,"-1,2147483647",20
Ma_xp_A2100_n70_r16_v00_90000_fof_0.0074_0000,Ma_xp_A2100_n70_r16_v00_90000_fof_0.0074_0000.hdf5,/rds/general/ephemeral/user/nny124/ephemeral/martian_moons_data/Ma_xp_A2100_n70_r16_v00_90000_fof_0.0074_0000.hdf5,1098212504,A2100,2100,,,,,False,n70,70,r16,16,v00,0,90000,0.0074,0,PartType0,10087874,2085,2085,3922894,True,kg,9.934826772074141e+20,3.8878763457606785e+20,9.934826772074141e+20,1.0,True,"-1,2147483647",20
