sample_filename,sample_file_path,node_path,node_type,shape,dtype,attribute_name,attribute_value_preview
Ma_xp_A1800_n60_r12_v00_90000_fof_0.0001_0000.hdf5,/rds/general/ephemeral/user/nny124/ephemeral/martian_moons_data/Ma_xp_A1800_n60_r12_v00_90000_fof_0.0001_0000.hdf5,Cells,group,,,,
Ma_xp_A1800_n60_r12_v00_90000_fof_0.0001_0000.hdf5,/rds/general/ephemeral/user/nny124/ephemeral/martian_moons_data/Ma_xp_A1800_n60_r12_v00_90000_fof_0.0001_0000.hdf5,Cells/Centres,dataset,"(884736, 3)",float64,,
Ma_xp_A1800_n60_r12_v00_90000_fof_0.0001_0000.hdf5,/rds/general/ephemeral/user/nny124/ephemeral/martian_moons_data/Ma_xp_A1800_n60_r12_v00_90000_fof_0.0001_0000.hdf5,Cells/Counts,group,,,,
Ma_xp_A1800_n60_r12_v00_90000_fof_0.0001_0000.hdf5,/rds/general/ephemeral/user/nny124/ephemeral/martian_moons_data/Ma_xp_A1800_n60_r12_v00_90000_fof_0.0001_0000.hdf5,Cells/Counts/PartType0,dataset,"(884736,)",int64,,
Ma_xp_A1800_n60_r12_v00_90000_fof_0.0001_0000.hdf5,/rds/general/ephemeral/user/nny124/ephemeral/martian_moons_data/Ma_xp_A1800_n60_r12_v00_90000_fof_0.0001_0000.hdf5,Cells/Files,group,,,,
Ma_xp_A1800_n60_r12_v00_90000_fof_0.0001_0000.hdf5,/rds/general/ephemeral/user/nny124/ephemeral/martian_moons_data/Ma_xp_A1800_n60_r12_v00_90000_fof_0.0001_0000.hdf5,Cells/Files/PartType0,dataset,"(884736,)",int32,,
Ma_xp_A1800_n60_r12_v00_90000_fof_0.0001_0000.hdf5,/rds/general/ephemeral/user/nny124/ephemeral/martian_moons_data/Ma_xp_A1800_n60_r12_v00_90000_fof_0.0001_0000.hdf5,Cells/Meta-data,group,,,dimension,[96 96 96]
Ma_xp_A1800_n60_r12_v00_90000_fof_0.0001_0000.hdf5,/rds/general/ephemeral/user/nny124/ephemeral/martian_moons_data/Ma_xp_A1800_n60_r12_v00_90000_fof_0.0001_0000.hdf5,Cells/Meta-data,group,,,nr_cells,[884736]
Ma_xp_A1800_n60_r12_v00_90000_fof_0.0001_0000.hdf5,/rds/general/ephemeral/user/nny124/ephemeral/martian_moons_data/Ma_xp_A1800_n60_r12_v00_90000_fof_0.0001_0000.hdf5,Cells/Meta-data,group,,,size,[3.53059583 3.53059583 3.53059583]
Ma_xp_A1800_n60_r12_v00_90000_fof_0.0001_0000.hdf5,/rds/general/ephemeral/user/nny124/ephemeral/martian_moons_data/Ma_xp_A1800_n60_r12_v00_90000_fof_0.0001_0000.hdf5,Cells/OffsetsInFile,group,,,,
Ma_xp_A1800_n60_r12_v00_90000_fof_0.0001_0000.hdf5,/rds/general/ephemeral/user/nny124/ephemeral/martian_moons_data/Ma_xp_A1800_n60_r12_v00_90000_fof_0.0001_0000.hdf5,Cells/OffsetsInFile/PartType0,dataset,"(884736,)",int64,,
Ma_xp_A1800_n60_r12_v00_90000_fof_0.0001_0000.hdf5,/rds/general/ephemeral/user/nny124/ephemeral/martian_moons_data/Ma_xp_A1800_n60_r12_v00_90000_fof_0.0001_0000.hdf5,Code,group,,,Allocators,b'TBB malloc'
Ma_xp_A1800_n60_r12_v00_90000_fof_0.0001_0000.hdf5,/rds/general/ephemeral/user/nny124/ephemeral/martian_moons_data/Ma_xp_A1800_n60_r12_v00_90000_fof_0.0001_0000.hdf5,Code,group,,,CFLAGS,"b""'-idirafter /usr/include/linux -ip -ipo -O3 -ansi-alias -xCORE-AVX512 -pthread -fno-builtin-malloc -fno-builtin-cal..."
Ma_xp_A1800_n60_r12_v00_90000_fof_0.0001_0000.hdf5,/rds/general/ephemeral/user/nny124/ephemeral/martian_moons_data/Ma_xp_A1800_n60_r12_v00_90000_fof_0.0001_0000.hdf5,Code,group,,,Code,b'SWIFT'
Ma_xp_A1800_n60_r12_v00_90000_fof_0.0001_0000.hdf5,/rds/general/ephemeral/user/nny124/ephemeral/martian_moons_data/Ma_xp_A1800_n60_r12_v00_90000_fof_0.0001_0000.hdf5,Code,group,,,Code Version,b'0.9.0'
Ma_xp_A1800_n60_r12_v00_90000_fof_0.0001_0000.hdf5,/rds/general/ephemeral/user/nny124/ephemeral/martian_moons_data/Ma_xp_A1800_n60_r12_v00_90000_fof_0.0001_0000.hdf5,Code,group,,,Compiler Name,b'ICC'
Ma_xp_A1800_n60_r12_v00_90000_fof_0.0001_0000.hdf5,/rds/general/ephemeral/user/nny124/ephemeral/martian_moons_data/Ma_xp_A1800_n60_r12_v00_90000_fof_0.0001_0000.hdf5,Code,group,,,Compiler Version,b'19.10.20200623'
Ma_xp_A1800_n60_r12_v00_90000_fof_0.0001_0000.hdf5,/rds/general/ephemeral/user/nny124/ephemeral/martian_moons_data/Ma_xp_A1800_n60_r12_v00_90000_fof_0.0001_0000.hdf5,Code,group,,,Configuration options,"b""'--with-hydro=planetary --with-equation-of-state=planetary --with-gravity=basic --with-tbbmalloc --with-parmetis --..."
Ma_xp_A1800_n60_r12_v00_90000_fof_0.0001_0000.hdf5,/rds/general/ephemeral/user/nny124/ephemeral/martian_moons_data/Ma_xp_A1800_n60_r12_v00_90000_fof_0.0001_0000.hdf5,Code,group,,,FFTW library version,b'3.x (details not available)'
Ma_xp_A1800_n60_r12_v00_90000_fof_0.0001_0000.hdf5,/rds/general/ephemeral/user/nny124/ephemeral/martian_moons_data/Ma_xp_A1800_n60_r12_v00_90000_fof_0.0001_0000.hdf5,Code,group,,,GSL library version,b'2.5'
Ma_xp_A1800_n60_r12_v00_90000_fof_0.0001_0000.hdf5,/rds/general/ephemeral/user/nny124/ephemeral/martian_moons_data/Ma_xp_A1800_n60_r12_v00_90000_fof_0.0001_0000.hdf5,Code,group,,,Git Branch,b'subtask_speedup'
Ma_xp_A1800_n60_r12_v00_90000_fof_0.0001_0000.hdf5,/rds/general/ephemeral/user/nny124/ephemeral/martian_moons_data/Ma_xp_A1800_n60_r12_v00_90000_fof_0.0001_0000.hdf5,Code,group,,,Git Date,b'2021-12-07 14:20:18 +0100'
Ma_xp_A1800_n60_r12_v00_90000_fof_0.0001_0000.hdf5,/rds/general/ephemeral/user/nny124/ephemeral/martian_moons_data/Ma_xp_A1800_n60_r12_v00_90000_fof_0.0001_0000.hdf5,Code,group,,,Git Revision,b'v0.9.0-860-ge329b722-dirty'
Ma_xp_A1800_n60_r12_v00_90000_fof_0.0001_0000.hdf5,/rds/general/ephemeral/user/nny124/ephemeral/martian_moons_data/Ma_xp_A1800_n60_r12_v00_90000_fof_0.0001_0000.hdf5,Code,group,,,HDF5 library version,b'1.10.6'
Ma_xp_A1800_n60_r12_v00_90000_fof_0.0001_0000.hdf5,/rds/general/ephemeral/user/nny124/ephemeral/martian_moons_data/Ma_xp_A1800_n60_r12_v00_90000_fof_0.0001_0000.hdf5,Code,group,,,MPI library,b'Non-MPI version of SWIFT'
Ma_xp_A1800_n60_r12_v00_90000_fof_0.0001_0000.hdf5,/rds/general/ephemeral/user/nny124/ephemeral/martian_moons_data/Ma_xp_A1800_n60_r12_v00_90000_fof_0.0001_0000.hdf5,Code,group,,,RandomSeed,[0]
Ma_xp_A1800_n60_r12_v00_90000_fof_0.0001_0000.hdf5,/rds/general/ephemeral/user/nny124/ephemeral/martian_moons_data/Ma_xp_A1800_n60_r12_v00_90000_fof_0.0001_0000.hdf5,Code,group,,,Thread barriers,b'pthread'
Ma_xp_A1800_n60_r12_v00_90000_fof_0.0001_0000.hdf5,/rds/general/ephemeral/user/nny124/ephemeral/martian_moons_data/Ma_xp_A1800_n60_r12_v00_90000_fof_0.0001_0000.hdf5,Cosmology,group,,,Cosmological run,[0]
Ma_xp_A1800_n60_r12_v00_90000_fof_0.0001_0000.hdf5,/rds/general/ephemeral/user/nny124/ephemeral/martian_moons_data/Ma_xp_A1800_n60_r12_v00_90000_fof_0.0001_0000.hdf5,Cosmology,group,,,Critical density [internal units],[0.]
Ma_xp_A1800_n60_r12_v00_90000_fof_0.0001_0000.hdf5,/rds/general/ephemeral/user/nny124/ephemeral/martian_moons_data/Ma_xp_A1800_n60_r12_v00_90000_fof_0.0001_0000.hdf5,Cosmology,group,,,H [internal units],[0.]
Ma_xp_A1800_n60_r12_v00_90000_fof_0.0001_0000.hdf5,/rds/general/ephemeral/user/nny124/ephemeral/martian_moons_data/Ma_xp_A1800_n60_r12_v00_90000_fof_0.0001_0000.hdf5,Cosmology,group,,,H0 [internal units],[0.]
Ma_xp_A1800_n60_r12_v00_90000_fof_0.0001_0000.hdf5,/rds/general/ephemeral/user/nny124/ephemeral/martian_moons_data/Ma_xp_A1800_n60_r12_v00_90000_fof_0.0001_0000.hdf5,Cosmology,group,,,Hubble time [internal units],[0.]
Ma_xp_A1800_n60_r12_v00_90000_fof_0.0001_0000.hdf5,/rds/general/ephemeral/user/nny124/ephemeral/martian_moons_data/Ma_xp_A1800_n60_r12_v00_90000_fof_0.0001_0000.hdf5,Cosmology,group,,,Lookback time [internal units],[0.]
Ma_xp_A1800_n60_r12_v00_90000_fof_0.0001_0000.hdf5,/rds/general/ephemeral/user/nny124/ephemeral/martian_moons_data/Ma_xp_A1800_n60_r12_v00_90000_fof_0.0001_0000.hdf5,Cosmology,group,,,N_eff,[0.]
Ma_xp_A1800_n60_r12_v00_90000_fof_0.0001_0000.hdf5,/rds/general/ephemeral/user/nny124/ephemeral/martian_moons_data/Ma_xp_A1800_n60_r12_v00_90000_fof_0.0001_0000.hdf5,Cosmology,group,,,N_nu,[0.]
Ma_xp_A1800_n60_r12_v00_90000_fof_0.0001_0000.hdf5,/rds/general/ephemeral/user/nny124/ephemeral/martian_moons_data/Ma_xp_A1800_n60_r12_v00_90000_fof_0.0001_0000.hdf5,Cosmology,group,,,N_ur,[0.]
Ma_xp_A1800_n60_r12_v00_90000_fof_0.0001_0000.hdf5,/rds/general/ephemeral/user/nny124/ephemeral/martian_moons_data/Ma_xp_A1800_n60_r12_v00_90000_fof_0.0001_0000.hdf5,Cosmology,group,,,Omega_b,[0.]
Ma_xp_A1800_n60_r12_v00_90000_fof_0.0001_0000.hdf5,/rds/general/ephemeral/user/nny124/ephemeral/martian_moons_data/Ma_xp_A1800_n60_r12_v00_90000_fof_0.0001_0000.hdf5,Cosmology,group,,,Omega_cdm,[0.]
Ma_xp_A1800_n60_r12_v00_90000_fof_0.0001_0000.hdf5,/rds/general/ephemeral/user/nny124/ephemeral/martian_moons_data/Ma_xp_A1800_n60_r12_v00_90000_fof_0.0001_0000.hdf5,Cosmology,group,,,Omega_g,[0.]
Ma_xp_A1800_n60_r12_v00_90000_fof_0.0001_0000.hdf5,/rds/general/ephemeral/user/nny124/ephemeral/martian_moons_data/Ma_xp_A1800_n60_r12_v00_90000_fof_0.0001_0000.hdf5,Cosmology,group,,,Omega_k,[0.]
Ma_xp_A1800_n60_r12_v00_90000_fof_0.0001_0000.hdf5,/rds/general/ephemeral/user/nny124/ephemeral/martian_moons_data/Ma_xp_A1800_n60_r12_v00_90000_fof_0.0001_0000.hdf5,Cosmology,group,,,Omega_lambda,[0.]
Ma_xp_A1800_n60_r12_v00_90000_fof_0.0001_0000.hdf5,/rds/general/ephemeral/user/nny124/ephemeral/martian_moons_data/Ma_xp_A1800_n60_r12_v00_90000_fof_0.0001_0000.hdf5,Cosmology,group,,,Omega_m,[0.]
Ma_xp_A1800_n60_r12_v00_90000_fof_0.0001_0000.hdf5,/rds/general/ephemeral/user/nny124/ephemeral/martian_moons_data/Ma_xp_A1800_n60_r12_v00_90000_fof_0.0001_0000.hdf5,Cosmology,group,,,Omega_nu,[0.]
Ma_xp_A1800_n60_r12_v00_90000_fof_0.0001_0000.hdf5,/rds/general/ephemeral/user/nny124/ephemeral/martian_moons_data/Ma_xp_A1800_n60_r12_v00_90000_fof_0.0001_0000.hdf5,Cosmology,group,,,Omega_nu_0,[6.95285644e-310]
Ma_xp_A1800_n60_r12_v00_90000_fof_0.0001_0000.hdf5,/rds/general/ephemeral/user/nny124/ephemeral/martian_moons_data/Ma_xp_A1800_n60_r12_v00_90000_fof_0.0001_0000.hdf5,Cosmology,group,,,Omega_r,[0.]
Ma_xp_A1800_n60_r12_v00_90000_fof_0.0001_0000.hdf5,/rds/general/ephemeral/user/nny124/ephemeral/martian_moons_data/Ma_xp_A1800_n60_r12_v00_90000_fof_0.0001_0000.hdf5,Cosmology,group,,,Omega_ur,[0.]
Ma_xp_A1800_n60_r12_v00_90000_fof_0.0001_0000.hdf5,/rds/general/ephemeral/user/nny124/ephemeral/martian_moons_data/Ma_xp_A1800_n60_r12_v00_90000_fof_0.0001_0000.hdf5,Cosmology,group,,,Redshift,[0.]
Ma_xp_A1800_n60_r12_v00_90000_fof_0.0001_0000.hdf5,/rds/general/ephemeral/user/nny124/ephemeral/martian_moons_data/Ma_xp_A1800_n60_r12_v00_90000_fof_0.0001_0000.hdf5,Cosmology,group,,,Scale-factor,[1.]
Ma_xp_A1800_n60_r12_v00_90000_fof_0.0001_0000.hdf5,/rds/general/ephemeral/user/nny124/ephemeral/martian_moons_data/Ma_xp_A1800_n60_r12_v00_90000_fof_0.0001_0000.hdf5,Cosmology,group,,,T_CMB_0 [K],[0.]
Ma_xp_A1800_n60_r12_v00_90000_fof_0.0001_0000.hdf5,/rds/general/ephemeral/user/nny124/ephemeral/martian_moons_data/Ma_xp_A1800_n60_r12_v00_90000_fof_0.0001_0000.hdf5,Cosmology,group,,,T_CMB_0 [internal units],[0.]
Ma_xp_A1800_n60_r12_v00_90000_fof_0.0001_0000.hdf5,/rds/general/ephemeral/user/nny124/ephemeral/martian_moons_data/Ma_xp_A1800_n60_r12_v00_90000_fof_0.0001_0000.hdf5,Cosmology,group,,,T_nu_0 [eV],[0.]
Ma_xp_A1800_n60_r12_v00_90000_fof_0.0001_0000.hdf5,/rds/general/ephemeral/user/nny124/ephemeral/martian_moons_data/Ma_xp_A1800_n60_r12_v00_90000_fof_0.0001_0000.hdf5,Cosmology,group,,,T_nu_0 [internal units],[0.]
Ma_xp_A1800_n60_r12_v00_90000_fof_0.0001_0000.hdf5,/rds/general/ephemeral/user/nny124/ephemeral/martian_moons_data/Ma_xp_A1800_n60_r12_v00_90000_fof_0.0001_0000.hdf5,Cosmology,group,,,Universe age [internal units],[0.]
Ma_xp_A1800_n60_r12_v00_90000_fof_0.0001_0000.hdf5,/rds/general/ephemeral/user/nny124/ephemeral/martian_moons_data/Ma_xp_A1800_n60_r12_v00_90000_fof_0.0001_0000.hdf5,Cosmology,group,,,a_beg,[1.]
Ma_xp_A1800_n60_r12_v00_90000_fof_0.0001_0000.hdf5,/rds/general/ephemeral/user/nny124/ephemeral/martian_moons_data/Ma_xp_A1800_n60_r12_v00_90000_fof_0.0001_0000.hdf5,Cosmology,group,,,a_end,[1.]
Ma_xp_A1800_n60_r12_v00_90000_fof_0.0001_0000.hdf5,/rds/general/ephemeral/user/nny124/ephemeral/martian_moons_data/Ma_xp_A1800_n60_r12_v00_90000_fof_0.0001_0000.hdf5,Cosmology,group,,,deg_nu_tot,[0.]
Ma_xp_A1800_n60_r12_v00_90000_fof_0.0001_0000.hdf5,/rds/general/ephemeral/user/nny124/ephemeral/martian_moons_data/Ma_xp_A1800_n60_r12_v00_90000_fof_0.0001_0000.hdf5,Cosmology,group,,,h,[1.]
Ma_xp_A1800_n60_r12_v00_90000_fof_0.0001_0000.hdf5,/rds/general/ephemeral/user/nny124/ephemeral/martian_moons_data/Ma_xp_A1800_n60_r12_v00_90000_fof_0.0001_0000.hdf5,Cosmology,group,,,time_beg [internal units],[0.]
Ma_xp_A1800_n60_r12_v00_90000_fof_0.0001_0000.hdf5,/rds/general/ephemeral/user/nny124/ephemeral/martian_moons_data/Ma_xp_A1800_n60_r12_v00_90000_fof_0.0001_0000.hdf5,Cosmology,group,,,time_end [internal units],[0.]
Ma_xp_A1800_n60_r12_v00_90000_fof_0.0001_0000.hdf5,/rds/general/ephemeral/user/nny124/ephemeral/martian_moons_data/Ma_xp_A1800_n60_r12_v00_90000_fof_0.0001_0000.hdf5,Cosmology,group,,,w,[-1.]
Ma_xp_A1800_n60_r12_v00_90000_fof_0.0001_0000.hdf5,/rds/general/ephemeral/user/nny124/ephemeral/martian_moons_data/Ma_xp_A1800_n60_r12_v00_90000_fof_0.0001_0000.hdf5,Cosmology,group,,,w_0,[0.]
Ma_xp_A1800_n60_r12_v00_90000_fof_0.0001_0000.hdf5,/rds/general/ephemeral/user/nny124/ephemeral/martian_moons_data/Ma_xp_A1800_n60_r12_v00_90000_fof_0.0001_0000.hdf5,Cosmology,group,,,w_a,[0.]
Ma_xp_A1800_n60_r12_v00_90000_fof_0.0001_0000.hdf5,/rds/general/ephemeral/user/nny124/ephemeral/martian_moons_data/Ma_xp_A1800_n60_r12_v00_90000_fof_0.0001_0000.hdf5,GravityScheme,group,,,Comoving DM softening length (Plummer equivalent)  [internal units],[0.0021]
Ma_xp_A1800_n60_r12_v00_90000_fof_0.0001_0000.hdf5,/rds/general/ephemeral/user/nny124/ephemeral/martian_moons_data/Ma_xp_A1800_n60_r12_v00_90000_fof_0.0001_0000.hdf5,GravityScheme,group,,,Comoving DM softening length [internal units],[0.0063]
Ma_xp_A1800_n60_r12_v00_90000_fof_0.0001_0000.hdf5,/rds/general/ephemeral/user/nny124/ephemeral/martian_moons_data/Ma_xp_A1800_n60_r12_v00_90000_fof_0.0001_0000.hdf5,GravityScheme,group,,,Comoving baryon softening length (Plummer equivalent)  [internal units],[0.0021]
Ma_xp_A1800_n60_r12_v00_90000_fof_0.0001_0000.hdf5,/rds/general/ephemeral/user/nny124/ephemeral/martian_moons_data/Ma_xp_A1800_n60_r12_v00_90000_fof_0.0001_0000.hdf5,GravityScheme,group,,,Comoving baryon softening length [internal units],[0.0063]
Ma_xp_A1800_n60_r12_v00_90000_fof_0.0001_0000.hdf5,/rds/general/ephemeral/user/nny124/ephemeral/martian_moons_data/Ma_xp_A1800_n60_r12_v00_90000_fof_0.0001_0000.hdf5,GravityScheme,group,,,Comoving neutrino softening length (Plummer equivalent)  [internal units],[0.]
Ma_xp_A1800_n60_r12_v00_90000_fof_0.0001_0000.hdf5,/rds/general/ephemeral/user/nny124/ephemeral/martian_moons_data/Ma_xp_A1800_n60_r12_v00_90000_fof_0.0001_0000.hdf5,GravityScheme,group,,,Comoving neutrino softening length [internal units],[0.]
Ma_xp_A1800_n60_r12_v00_90000_fof_0.0001_0000.hdf5,/rds/general/ephemeral/user/nny124/ephemeral/martian_moons_data/Ma_xp_A1800_n60_r12_v00_90000_fof_0.0001_0000.hdf5,GravityScheme,group,,,MM order,[4]
Ma_xp_A1800_n60_r12_v00_90000_fof_0.0001_0000.hdf5,/rds/general/ephemeral/user/nny124/ephemeral/martian_moons_data/Ma_xp_A1800_n60_r12_v00_90000_fof_0.0001_0000.hdf5,GravityScheme,group,,,Maximal physical DM softening length  [internal units],[0.0063]
Ma_xp_A1800_n60_r12_v00_90000_fof_0.0001_0000.hdf5,/rds/general/ephemeral/user/nny124/ephemeral/martian_moons_data/Ma_xp_A1800_n60_r12_v00_90000_fof_0.0001_0000.hdf5,GravityScheme,group,,,Maximal physical DM softening length (Plummer equivalent) [internal units],[0.0021]
Ma_xp_A1800_n60_r12_v00_90000_fof_0.0001_0000.hdf5,/rds/general/ephemeral/user/nny124/ephemeral/martian_moons_data/Ma_xp_A1800_n60_r12_v00_90000_fof_0.0001_0000.hdf5,GravityScheme,group,,,Maximal physical baryon softening length  [internal units],[0.0063]
Ma_xp_A1800_n60_r12_v00_90000_fof_0.0001_0000.hdf5,/rds/general/ephemeral/user/nny124/ephemeral/martian_moons_data/Ma_xp_A1800_n60_r12_v00_90000_fof_0.0001_0000.hdf5,GravityScheme,group,,,Maximal physical baryon softening length (Plummer equivalent) [internal units],[0.0021]
Ma_xp_A1800_n60_r12_v00_90000_fof_0.0001_0000.hdf5,/rds/general/ephemeral/user/nny124/ephemeral/martian_moons_data/Ma_xp_A1800_n60_r12_v00_90000_fof_0.0001_0000.hdf5,GravityScheme,group,,,Maximal physical neutrino softening length  [internal units],[0.]
Ma_xp_A1800_n60_r12_v00_90000_fof_0.0001_0000.hdf5,/rds/general/ephemeral/user/nny124/ephemeral/martian_moons_data/Ma_xp_A1800_n60_r12_v00_90000_fof_0.0001_0000.hdf5,GravityScheme,group,,,Maximal physical neutrino softening length (Plummer equivalent) [internal units],[0.]
Ma_xp_A1800_n60_r12_v00_90000_fof_0.0001_0000.hdf5,/rds/general/ephemeral/user/nny124/ephemeral/martian_moons_data/Ma_xp_A1800_n60_r12_v00_90000_fof_0.0001_0000.hdf5,GravityScheme,group,,,Mesh a_smooth,[0.]
Ma_xp_A1800_n60_r12_v00_90000_fof_0.0001_0000.hdf5,/rds/general/ephemeral/user/nny124/ephemeral/martian_moons_data/Ma_xp_A1800_n60_r12_v00_90000_fof_0.0001_0000.hdf5,GravityScheme,group,,,Mesh r_cut_max ratio,[0.]
Ma_xp_A1800_n60_r12_v00_90000_fof_0.0001_0000.hdf5,/rds/general/ephemeral/user/nny124/ephemeral/martian_moons_data/Ma_xp_A1800_n60_r12_v00_90000_fof_0.0001_0000.hdf5,GravityScheme,group,,,Mesh r_cut_min ratio,[0.]
Ma_xp_A1800_n60_r12_v00_90000_fof_0.0001_0000.hdf5,/rds/general/ephemeral/user/nny124/ephemeral/martian_moons_data/Ma_xp_A1800_n60_r12_v00_90000_fof_0.0001_0000.hdf5,GravityScheme,group,,,Mesh truncation function,b'Gadget-like (using erfc())'
Ma_xp_A1800_n60_r12_v00_90000_fof_0.0001_0000.hdf5,/rds/general/ephemeral/user/nny124/ephemeral/martian_moons_data/Ma_xp_A1800_n60_r12_v00_90000_fof_0.0001_0000.hdf5,GravityScheme,group,,,Opening angle,[0.5]
Ma_xp_A1800_n60_r12_v00_90000_fof_0.0001_0000.hdf5,/rds/general/ephemeral/user/nny124/ephemeral/martian_moons_data/Ma_xp_A1800_n60_r12_v00_90000_fof_0.0001_0000.hdf5,GravityScheme,group,,,Scheme,b'Basic scheme'
Ma_xp_A1800_n60_r12_v00_90000_fof_0.0001_0000.hdf5,/rds/general/ephemeral/user/nny124/ephemeral/martian_moons_data/Ma_xp_A1800_n60_r12_v00_90000_fof_0.0001_0000.hdf5,GravityScheme,group,,,Softening style,b'Wendland-C2'
Ma_xp_A1800_n60_r12_v00_90000_fof_0.0001_0000.hdf5,/rds/general/ephemeral/user/nny124/ephemeral/martian_moons_data/Ma_xp_A1800_n60_r12_v00_90000_fof_0.0001_0000.hdf5,GravityScheme,group,,,Time integration eta,[0.025]
Ma_xp_A1800_n60_r12_v00_90000_fof_0.0001_0000.hdf5,/rds/general/ephemeral/user/nny124/ephemeral/martian_moons_data/Ma_xp_A1800_n60_r12_v00_90000_fof_0.0001_0000.hdf5,GravityScheme,group,,,Tree update frequency,[0.01]
Ma_xp_A1800_n60_r12_v00_90000_fof_0.0001_0000.hdf5,/rds/general/ephemeral/user/nny124/ephemeral/martian_moons_data/Ma_xp_A1800_n60_r12_v00_90000_fof_0.0001_0000.hdf5,Header,group,,,BoxSize,[338.9372 338.9372 338.9372]
Ma_xp_A1800_n60_r12_v00_90000_fof_0.0001_0000.hdf5,/rds/general/ephemeral/user/nny124/ephemeral/martian_moons_data/Ma_xp_A1800_n60_r12_v00_90000_fof_0.0001_0000.hdf5,Header,group,,,Code,b'SWIFT'
Ma_xp_A1800_n60_r12_v00_90000_fof_0.0001_0000.hdf5,/rds/general/ephemeral/user/nny124/ephemeral/martian_moons_data/Ma_xp_A1800_n60_r12_v00_90000_fof_0.0001_0000.hdf5,Header,group,,,Dimension,[3]
Ma_xp_A1800_n60_r12_v00_90000_fof_0.0001_0000.hdf5,/rds/general/ephemeral/user/nny124/ephemeral/martian_moons_data/Ma_xp_A1800_n60_r12_v00_90000_fof_0.0001_0000.hdf5,Header,group,,,Flag_Entropy_ICs,[0 0 0 0 0 0 0]
Ma_xp_A1800_n60_r12_v00_90000_fof_0.0001_0000.hdf5,/rds/general/ephemeral/user/nny124/ephemeral/martian_moons_data/Ma_xp_A1800_n60_r12_v00_90000_fof_0.0001_0000.hdf5,Header,group,,,InitialMassTable,[0. 0. 0. 0. 0. 0. 0.]
Ma_xp_A1800_n60_r12_v00_90000_fof_0.0001_0000.hdf5,/rds/general/ephemeral/user/nny124/ephemeral/martian_moons_data/Ma_xp_A1800_n60_r12_v00_90000_fof_0.0001_0000.hdf5,Header,group,,,MassTable,[0. 0. 0. 0. 0. 0. 0.]
Ma_xp_A1800_n60_r12_v00_90000_fof_0.0001_0000.hdf5,/rds/general/ephemeral/user/nny124/ephemeral/martian_moons_data/Ma_xp_A1800_n60_r12_v00_90000_fof_0.0001_0000.hdf5,Header,group,,,NumFilesPerSnapshot,[1]
Ma_xp_A1800_n60_r12_v00_90000_fof_0.0001_0000.hdf5,/rds/general/ephemeral/user/nny124/ephemeral/martian_moons_data/Ma_xp_A1800_n60_r12_v00_90000_fof_0.0001_0000.hdf5,Header,group,,,NumPartTypes,[7]
Ma_xp_A1800_n60_r12_v00_90000_fof_0.0001_0000.hdf5,/rds/general/ephemeral/user/nny124/ephemeral/martian_moons_data/Ma_xp_A1800_n60_r12_v00_90000_fof_0.0001_0000.hdf5,Header,group,,,NumPart_ThisFile,[1002827       0       0       0       0       0       0]
Ma_xp_A1800_n60_r12_v00_90000_fof_0.0001_0000.hdf5,/rds/general/ephemeral/user/nny124/ephemeral/martian_moons_data/Ma_xp_A1800_n60_r12_v00_90000_fof_0.0001_0000.hdf5,Header,group,,,NumPart_Total,[1002827       0       0       0       0       0       0]
Ma_xp_A1800_n60_r12_v00_90000_fof_0.0001_0000.hdf5,/rds/general/ephemeral/user/nny124/ephemeral/martian_moons_data/Ma_xp_A1800_n60_r12_v00_90000_fof_0.0001_0000.hdf5,Header,group,,,NumPart_Total_HighWord,[0 0 0 0 0 0 0]
Ma_xp_A1800_n60_r12_v00_90000_fof_0.0001_0000.hdf5,/rds/general/ephemeral/user/nny124/ephemeral/martian_moons_data/Ma_xp_A1800_n60_r12_v00_90000_fof_0.0001_0000.hdf5,Header,group,,,OutputType,b'FullVolume'
Ma_xp_A1800_n60_r12_v00_90000_fof_0.0001_0000.hdf5,/rds/general/ephemeral/user/nny124/ephemeral/martian_moons_data/Ma_xp_A1800_n60_r12_v00_90000_fof_0.0001_0000.hdf5,Header,group,,,Redshift,[0.]
Ma_xp_A1800_n60_r12_v00_90000_fof_0.0001_0000.hdf5,/rds/general/ephemeral/user/nny124/ephemeral/martian_moons_data/Ma_xp_A1800_n60_r12_v00_90000_fof_0.0001_0000.hdf5,Header,group,,,RunName,b'Untitled SWIFT simulation'
Ma_xp_A1800_n60_r12_v00_90000_fof_0.0001_0000.hdf5,/rds/general/ephemeral/user/nny124/ephemeral/martian_moons_data/Ma_xp_A1800_n60_r12_v00_90000_fof_0.0001_0000.hdf5,Header,group,,,Scale-factor,[1.]
Ma_xp_A1800_n60_r12_v00_90000_fof_0.0001_0000.hdf5,/rds/general/ephemeral/user/nny124/ephemeral/martian_moons_data/Ma_xp_A1800_n60_r12_v00_90000_fof_0.0001_0000.hdf5,Header,group,,,SelectOutput,b'Default'
Ma_xp_A1800_n60_r12_v00_90000_fof_0.0001_0000.hdf5,/rds/general/ephemeral/user/nny124/ephemeral/martian_moons_data/Ma_xp_A1800_n60_r12_v00_90000_fof_0.0001_0000.hdf5,Header,group,,,SnapshotDate,b'00:58:53 2023-07-18 BST'
Ma_xp_A1800_n60_r12_v00_90000_fof_0.0001_0000.hdf5,/rds/general/ephemeral/user/nny124/ephemeral/martian_moons_data/Ma_xp_A1800_n60_r12_v00_90000_fof_0.0001_0000.hdf5,Header,group,,,System,b'login7b.pri.cosma7.alces.network'
Ma_xp_A1800_n60_r12_v00_90000_fof_0.0001_0000.hdf5,/rds/general/ephemeral/user/nny124/ephemeral/martian_moons_data/Ma_xp_A1800_n60_r12_v00_90000_fof_0.0001_0000.hdf5,Header,group,,,ThisFile,[0]
Ma_xp_A1800_n60_r12_v00_90000_fof_0.0001_0000.hdf5,/rds/general/ephemeral/user/nny124/ephemeral/martian_moons_data/Ma_xp_A1800_n60_r12_v00_90000_fof_0.0001_0000.hdf5,Header,group,,,Time,[0.]
Ma_xp_A1800_n60_r12_v00_90000_fof_0.0001_0000.hdf5,/rds/general/ephemeral/user/nny124/ephemeral/martian_moons_data/Ma_xp_A1800_n60_r12_v00_90000_fof_0.0001_0000.hdf5,Header,group,,,TimeBase_dloga,[0.]
Ma_xp_A1800_n60_r12_v00_90000_fof_0.0001_0000.hdf5,/rds/general/ephemeral/user/nny124/ephemeral/martian_moons_data/Ma_xp_A1800_n60_r12_v00_90000_fof_0.0001_0000.hdf5,Header,group,,,TimeBase_dt,[8.32667268e-13]
Ma_xp_A1800_n60_r12_v00_90000_fof_0.0001_0000.hdf5,/rds/general/ephemeral/user/nny124/ephemeral/martian_moons_data/Ma_xp_A1800_n60_r12_v00_90000_fof_0.0001_0000.hdf5,Header,group,,,Virtual,[0]
Ma_xp_A1800_n60_r12_v00_90000_fof_0.0001_0000.hdf5,/rds/general/ephemeral/user/nny124/ephemeral/martian_moons_data/Ma_xp_A1800_n60_r12_v00_90000_fof_0.0001_0000.hdf5,Header/PartTypeNames,dataset,"(7,)",|S128,,
Ma_xp_A1800_n60_r12_v00_90000_fof_0.0001_0000.hdf5,/rds/general/ephemeral/user/nny124/ephemeral/martian_moons_data/Ma_xp_A1800_n60_r12_v00_90000_fof_0.0001_0000.hdf5,InternalCodeUnits,group,,,Unit current in cgs (U_I),[1.]
Ma_xp_A1800_n60_r12_v00_90000_fof_0.0001_0000.hdf5,/rds/general/ephemeral/user/nny124/ephemeral/martian_moons_data/Ma_xp_A1800_n60_r12_v00_90000_fof_0.0001_0000.hdf5,InternalCodeUnits,group,,,Unit length in cgs (U_L),[1.e+08]
Ma_xp_A1800_n60_r12_v00_90000_fof_0.0001_0000.hdf5,/rds/general/ephemeral/user/nny124/ephemeral/martian_moons_data/Ma_xp_A1800_n60_r12_v00_90000_fof_0.0001_0000.hdf5,InternalCodeUnits,group,,,Unit mass in cgs (U_M),[1.e+27]
Ma_xp_A1800_n60_r12_v00_90000_fof_0.0001_0000.hdf5,/rds/general/ephemeral/user/nny124/ephemeral/martian_moons_data/Ma_xp_A1800_n60_r12_v00_90000_fof_0.0001_0000.hdf5,InternalCodeUnits,group,,,Unit temperature in cgs (U_T),[1.]
Ma_xp_A1800_n60_r12_v00_90000_fof_0.0001_0000.hdf5,/rds/general/ephemeral/user/nny124/ephemeral/martian_moons_data/Ma_xp_A1800_n60_r12_v00_90000_fof_0.0001_0000.hdf5,InternalCodeUnits,group,,,Unit time in cgs (U_t),[1.]
Ma_xp_A1800_n60_r12_v00_90000_fof_0.0001_0000.hdf5,/rds/general/ephemeral/user/nny124/ephemeral/martian_moons_data/Ma_xp_A1800_n60_r12_v00_90000_fof_0.0001_0000.hdf5,Parameters,group,,,EoS:planetary_ANEOS_Fe85Si15_table_file,b'../../swiftsim/examples/Planetary/EoSTables_bak/ANEOS_Fe85Si15_S20.txt'
Ma_xp_A1800_n60_r12_v00_90000_fof_0.0001_0000.hdf5,/rds/general/ephemeral/user/nny124/ephemeral/martian_moons_data/Ma_xp_A1800_n60_r12_v00_90000_fof_0.0001_0000.hdf5,Parameters,group,,,EoS:planetary_ANEOS_forsterite_table_file,b'../../swiftsim/examples/Planetary/EoSTables_bak/ANEOS_forsterite_S19.txt'
Ma_xp_A1800_n60_r12_v00_90000_fof_0.0001_0000.hdf5,/rds/general/ephemeral/user/nny124/ephemeral/martian_moons_data/Ma_xp_A1800_n60_r12_v00_90000_fof_0.0001_0000.hdf5,Parameters,group,,,EoS:planetary_use_ANEOS_Fe85Si15,b'1'
Ma_xp_A1800_n60_r12_v00_90000_fof_0.0001_0000.hdf5,/rds/general/ephemeral/user/nny124/ephemeral/martian_moons_data/Ma_xp_A1800_n60_r12_v00_90000_fof_0.0001_0000.hdf5,Parameters,group,,,EoS:planetary_use_ANEOS_forsterite,b'1'
Ma_xp_A1800_n60_r12_v00_90000_fof_0.0001_0000.hdf5,/rds/general/ephemeral/user/nny124/ephemeral/martian_moons_data/Ma_xp_A1800_n60_r12_v00_90000_fof_0.0001_0000.hdf5,Parameters,group,,,EoS:planetary_use_ANEOS_iron,b'0'
Ma_xp_A1800_n60_r12_v00_90000_fof_0.0001_0000.hdf5,/rds/general/ephemeral/user/nny124/ephemeral/martian_moons_data/Ma_xp_A1800_n60_r12_v00_90000_fof_0.0001_0000.hdf5,Parameters,group,,,EoS:planetary_use_HM80_HHe,b'0'
Ma_xp_A1800_n60_r12_v00_90000_fof_0.0001_0000.hdf5,/rds/general/ephemeral/user/nny124/ephemeral/martian_moons_data/Ma_xp_A1800_n60_r12_v00_90000_fof_0.0001_0000.hdf5,Parameters,group,,,EoS:planetary_use_HM80_ice,b'0'
Ma_xp_A1800_n60_r12_v00_90000_fof_0.0001_0000.hdf5,/rds/general/ephemeral/user/nny124/ephemeral/martian_moons_data/Ma_xp_A1800_n60_r12_v00_90000_fof_0.0001_0000.hdf5,Parameters,group,,,EoS:planetary_use_HM80_rock,b'0'
Ma_xp_A1800_n60_r12_v00_90000_fof_0.0001_0000.hdf5,/rds/general/ephemeral/user/nny124/ephemeral/martian_moons_data/Ma_xp_A1800_n60_r12_v00_90000_fof_0.0001_0000.hdf5,Parameters,group,,,EoS:planetary_use_SESAME_basalt,b'0'
Ma_xp_A1800_n60_r12_v00_90000_fof_0.0001_0000.hdf5,/rds/general/ephemeral/user/nny124/ephemeral/martian_moons_data/Ma_xp_A1800_n60_r12_v00_90000_fof_0.0001_0000.hdf5,Parameters,group,,,EoS:planetary_use_SESAME_iron,b'0'
Ma_xp_A1800_n60_r12_v00_90000_fof_0.0001_0000.hdf5,/rds/general/ephemeral/user/nny124/ephemeral/martian_moons_data/Ma_xp_A1800_n60_r12_v00_90000_fof_0.0001_0000.hdf5,Parameters,group,,,EoS:planetary_use_SESAME_water,b'0'
Ma_xp_A1800_n60_r12_v00_90000_fof_0.0001_0000.hdf5,/rds/general/ephemeral/user/nny124/ephemeral/martian_moons_data/Ma_xp_A1800_n60_r12_v00_90000_fof_0.0001_0000.hdf5,Parameters,group,,,EoS:planetary_use_SS08_water,b'0'
Ma_xp_A1800_n60_r12_v00_90000_fof_0.0001_0000.hdf5,/rds/general/ephemeral/user/nny124/ephemeral/martian_moons_data/Ma_xp_A1800_n60_r12_v00_90000_fof_0.0001_0000.hdf5,Parameters,group,,,EoS:planetary_use_Til_basalt,b'0'
Ma_xp_A1800_n60_r12_v00_90000_fof_0.0001_0000.hdf5,/rds/general/ephemeral/user/nny124/ephemeral/martian_moons_data/Ma_xp_A1800_n60_r12_v00_90000_fof_0.0001_0000.hdf5,Parameters,group,,,EoS:planetary_use_Til_granite,b'0'
Ma_xp_A1800_n60_r12_v00_90000_fof_0.0001_0000.hdf5,/rds/general/ephemeral/user/nny124/ephemeral/martian_moons_data/Ma_xp_A1800_n60_r12_v00_90000_fof_0.0001_0000.hdf5,Parameters,group,,,EoS:planetary_use_Til_iron,b'0'
Ma_xp_A1800_n60_r12_v00_90000_fof_0.0001_0000.hdf5,/rds/general/ephemeral/user/nny124/ephemeral/martian_moons_data/Ma_xp_A1800_n60_r12_v00_90000_fof_0.0001_0000.hdf5,Parameters,group,,,EoS:planetary_use_Til_water,b'0'
Ma_xp_A1800_n60_r12_v00_90000_fof_0.0001_0000.hdf5,/rds/general/ephemeral/user/nny124/ephemeral/martian_moons_data/Ma_xp_A1800_n60_r12_v00_90000_fof_0.0001_0000.hdf5,Parameters,group,,,EoS:planetary_use_idg_def,b'0'
Ma_xp_A1800_n60_r12_v00_90000_fof_0.0001_0000.hdf5,/rds/general/ephemeral/user/nny124/ephemeral/martian_moons_data/Ma_xp_A1800_n60_r12_v00_90000_fof_0.0001_0000.hdf5,Parameters,group,,,FOF:absolute_linking_length,b'0.0001'
Ma_xp_A1800_n60_r12_v00_90000_fof_0.0001_0000.hdf5,/rds/general/ephemeral/user/nny124/ephemeral/martian_moons_data/Ma_xp_A1800_n60_r12_v00_90000_fof_0.0001_0000.hdf5,Parameters,group,,,FOF:basename,b'Ma_xp_A1800_n60_r12_v00_90000_fof_0.0001'
Ma_xp_A1800_n60_r12_v00_90000_fof_0.0001_0000.hdf5,/rds/general/ephemeral/user/nny124/ephemeral/martian_moons_data/Ma_xp_A1800_n60_r12_v00_90000_fof_0.0001_0000.hdf5,Parameters,group,,,FOF:delta_time,b'-1'
Ma_xp_A1800_n60_r12_v00_90000_fof_0.0001_0000.hdf5,/rds/general/ephemeral/user/nny124/ephemeral/martian_moons_data/Ma_xp_A1800_n60_r12_v00_90000_fof_0.0001_0000.hdf5,Parameters,group,,,FOF:dump_catalogue_when_seeding,b'0'
Ma_xp_A1800_n60_r12_v00_90000_fof_0.0001_0000.hdf5,/rds/general/ephemeral/user/nny124/ephemeral/martian_moons_data/Ma_xp_A1800_n60_r12_v00_90000_fof_0.0001_0000.hdf5,Parameters,group,,,FOF:group_id_default,b'2147483647'
Ma_xp_A1800_n60_r12_v00_90000_fof_0.0001_0000.hdf5,/rds/general/ephemeral/user/nny124/ephemeral/martian_moons_data/Ma_xp_A1800_n60_r12_v00_90000_fof_0.0001_0000.hdf5,Parameters,group,,,FOF:group_id_offset,b'0'
Ma_xp_A1800_n60_r12_v00_90000_fof_0.0001_0000.hdf5,/rds/general/ephemeral/user/nny124/ephemeral/martian_moons_data/Ma_xp_A1800_n60_r12_v00_90000_fof_0.0001_0000.hdf5,Parameters,group,,,FOF:linking_length_ratio,b'-1'
Ma_xp_A1800_n60_r12_v00_90000_fof_0.0001_0000.hdf5,/rds/general/ephemeral/user/nny124/ephemeral/martian_moons_data/Ma_xp_A1800_n60_r12_v00_90000_fof_0.0001_0000.hdf5,Parameters,group,,,FOF:min_group_size,b'20'
Ma_xp_A1800_n60_r12_v00_90000_fof_0.0001_0000.hdf5,/rds/general/ephemeral/user/nny124/ephemeral/martian_moons_data/Ma_xp_A1800_n60_r12_v00_90000_fof_0.0001_0000.hdf5,Parameters,group,,,FOF:scale_factor_first,b'0.1'
Ma_xp_A1800_n60_r12_v00_90000_fof_0.0001_0000.hdf5,/rds/general/ephemeral/user/nny124/ephemeral/martian_moons_data/Ma_xp_A1800_n60_r12_v00_90000_fof_0.0001_0000.hdf5,Parameters,group,,,FOF:seed_black_holes_enabled,b'0'
Ma_xp_A1800_n60_r12_v00_90000_fof_0.0001_0000.hdf5,/rds/general/ephemeral/user/nny124/ephemeral/martian_moons_data/Ma_xp_A1800_n60_r12_v00_90000_fof_0.0001_0000.hdf5,Parameters,group,,,FOF:time_first,b'0'
Ma_xp_A1800_n60_r12_v00_90000_fof_0.0001_0000.hdf5,/rds/general/ephemeral/user/nny124/ephemeral/martian_moons_data/Ma_xp_A1800_n60_r12_v00_90000_fof_0.0001_0000.hdf5,Parameters,group,,,Gravity:MAC,b'adaptive'
Ma_xp_A1800_n60_r12_v00_90000_fof_0.0001_0000.hdf5,/rds/general/ephemeral/user/nny124/ephemeral/martian_moons_data/Ma_xp_A1800_n60_r12_v00_90000_fof_0.0001_0000.hdf5,Parameters,group,,,Gravity:allow_truncation_in_MAC,b'0'
Ma_xp_A1800_n60_r12_v00_90000_fof_0.0001_0000.hdf5,/rds/general/ephemeral/user/nny124/ephemeral/martian_moons_data/Ma_xp_A1800_n60_r12_v00_90000_fof_0.0001_0000.hdf5,Parameters,group,,,Gravity:epsilon_fmm,b'0.001'
Ma_xp_A1800_n60_r12_v00_90000_fof_0.0001_0000.hdf5,/rds/general/ephemeral/user/nny124/ephemeral/martian_moons_data/Ma_xp_A1800_n60_r12_v00_90000_fof_0.0001_0000.hdf5,Parameters,group,,,Gravity:eta,b'0.025'
Ma_xp_A1800_n60_r12_v00_90000_fof_0.0001_0000.hdf5,/rds/general/ephemeral/user/nny124/ephemeral/martian_moons_data/Ma_xp_A1800_n60_r12_v00_90000_fof_0.0001_0000.hdf5,Parameters,group,,,Gravity:max_physical_baryon_softening,b'0.0021'
Ma_xp_A1800_n60_r12_v00_90000_fof_0.0001_0000.hdf5,/rds/general/ephemeral/user/nny124/ephemeral/martian_moons_data/Ma_xp_A1800_n60_r12_v00_90000_fof_0.0001_0000.hdf5,Parameters,group,,,Gravity:rebuild_frequency,b'0.01'
Ma_xp_A1800_n60_r12_v00_90000_fof_0.0001_0000.hdf5,/rds/general/ephemeral/user/nny124/ephemeral/martian_moons_data/Ma_xp_A1800_n60_r12_v00_90000_fof_0.0001_0000.hdf5,Parameters,group,,,Gravity:theta_cr,b'0.5'
Ma_xp_A1800_n60_r12_v00_90000_fof_0.0001_0000.hdf5,/rds/general/ephemeral/user/nny124/ephemeral/martian_moons_data/Ma_xp_A1800_n60_r12_v00_90000_fof_0.0001_0000.hdf5,Parameters,group,,,Gravity:use_tree_below_softening,b'1'
Ma_xp_A1800_n60_r12_v00_90000_fof_0.0001_0000.hdf5,/rds/general/ephemeral/user/nny124/ephemeral/martian_moons_data/Ma_xp_A1800_n60_r12_v00_90000_fof_0.0001_0000.hdf5,Parameters,group,,,InitialConditions:black_holes_smoothing_length,b'-1'
Ma_xp_A1800_n60_r12_v00_90000_fof_0.0001_0000.hdf5,/rds/general/ephemeral/user/nny124/ephemeral/martian_moons_data/Ma_xp_A1800_n60_r12_v00_90000_fof_0.0001_0000.hdf5,Parameters,group,,,InitialConditions:cleanup_h_factors,b'0'
Ma_xp_A1800_n60_r12_v00_90000_fof_0.0001_0000.hdf5,/rds/general/ephemeral/user/nny124/ephemeral/martian_moons_data/Ma_xp_A1800_n60_r12_v00_90000_fof_0.0001_0000.hdf5,Parameters,group,,,InitialConditions:cleanup_smoothing_lengths,b'0'
Ma_xp_A1800_n60_r12_v00_90000_fof_0.0001_0000.hdf5,/rds/general/ephemeral/user/nny124/ephemeral/martian_moons_data/Ma_xp_A1800_n60_r12_v00_90000_fof_0.0001_0000.hdf5,Parameters,group,,,InitialConditions:cleanup_velocity_factors,b'0'
Ma_xp_A1800_n60_r12_v00_90000_fof_0.0001_0000.hdf5,/rds/general/ephemeral/user/nny124/ephemeral/martian_moons_data/Ma_xp_A1800_n60_r12_v00_90000_fof_0.0001_0000.hdf5,Parameters,group,,,InitialConditions:file_name,b'snapshots/Ma_xp_A1800_n60_r12_v00_90000_init.hdf5'
Ma_xp_A1800_n60_r12_v00_90000_fof_0.0001_0000.hdf5,/rds/general/ephemeral/user/nny124/ephemeral/martian_moons_data/Ma_xp_A1800_n60_r12_v00_90000_fof_0.0001_0000.hdf5,Parameters,group,,,InitialConditions:metadata_group_name,b'ICs_parameters'
Ma_xp_A1800_n60_r12_v00_90000_fof_0.0001_0000.hdf5,/rds/general/ephemeral/user/nny124/ephemeral/martian_moons_data/Ma_xp_A1800_n60_r12_v00_90000_fof_0.0001_0000.hdf5,Parameters,group,,,InitialConditions:periodic,b'0'
Ma_xp_A1800_n60_r12_v00_90000_fof_0.0001_0000.hdf5,/rds/general/ephemeral/user/nny124/ephemeral/martian_moons_data/Ma_xp_A1800_n60_r12_v00_90000_fof_0.0001_0000.hdf5,Parameters,group,,,InitialConditions:replicate,b'1'
Ma_xp_A1800_n60_r12_v00_90000_fof_0.0001_0000.hdf5,/rds/general/ephemeral/user/nny124/ephemeral/martian_moons_data/Ma_xp_A1800_n60_r12_v00_90000_fof_0.0001_0000.hdf5,Parameters,group,,,InitialConditions:shift,"b' [0, 0, 0]'"
Ma_xp_A1800_n60_r12_v00_90000_fof_0.0001_0000.hdf5,/rds/general/ephemeral/user/nny124/ephemeral/martian_moons_data/Ma_xp_A1800_n60_r12_v00_90000_fof_0.0001_0000.hdf5,Parameters,group,,,InitialConditions:smoothing_length_scaling,b'1'
Ma_xp_A1800_n60_r12_v00_90000_fof_0.0001_0000.hdf5,/rds/general/ephemeral/user/nny124/ephemeral/martian_moons_data/Ma_xp_A1800_n60_r12_v00_90000_fof_0.0001_0000.hdf5,Parameters,group,,,InitialConditions:stars_smoothing_length,b'-1'
Ma_xp_A1800_n60_r12_v00_90000_fof_0.0001_0000.hdf5,/rds/general/ephemeral/user/nny124/ephemeral/martian_moons_data/Ma_xp_A1800_n60_r12_v00_90000_fof_0.0001_0000.hdf5,Parameters,group,,,InternalUnitSystem:UnitCurrent_in_cgs,b'1'
Ma_xp_A1800_n60_r12_v00_90000_fof_0.0001_0000.hdf5,/rds/general/ephemeral/user/nny124/ephemeral/martian_moons_data/Ma_xp_A1800_n60_r12_v00_90000_fof_0.0001_0000.hdf5,Parameters,group,,,InternalUnitSystem:UnitLength_in_cgs,b'1.0e8'
Ma_xp_A1800_n60_r12_v00_90000_fof_0.0001_0000.hdf5,/rds/general/ephemeral/user/nny124/ephemeral/martian_moons_data/Ma_xp_A1800_n60_r12_v00_90000_fof_0.0001_0000.hdf5,Parameters,group,,,InternalUnitSystem:UnitMass_in_cgs,b'1.0e27'
Ma_xp_A1800_n60_r12_v00_90000_fof_0.0001_0000.hdf5,/rds/general/ephemeral/user/nny124/ephemeral/martian_moons_data/Ma_xp_A1800_n60_r12_v00_90000_fof_0.0001_0000.hdf5,Parameters,group,,,InternalUnitSystem:UnitTemp_in_cgs,b'1'
Ma_xp_A1800_n60_r12_v00_90000_fof_0.0001_0000.hdf5,/rds/general/ephemeral/user/nny124/ephemeral/martian_moons_data/Ma_xp_A1800_n60_r12_v00_90000_fof_0.0001_0000.hdf5,Parameters,group,,,InternalUnitSystem:UnitVelocity_in_cgs,b'1.0e8'
Ma_xp_A1800_n60_r12_v00_90000_fof_0.0001_0000.hdf5,/rds/general/ephemeral/user/nny124/ephemeral/martian_moons_data/Ma_xp_A1800_n60_r12_v00_90000_fof_0.0001_0000.hdf5,Parameters,group,,,MetaData:run_name,b'Untitled SWIFT simulation'
Ma_xp_A1800_n60_r12_v00_90000_fof_0.0001_0000.hdf5,/rds/general/ephemeral/user/nny124/ephemeral/martian_moons_data/Ma_xp_A1800_n60_r12_v00_90000_fof_0.0001_0000.hdf5,Parameters,group,,,PhysicalConstants:G,b'6.6743e-05'
Ma_xp_A1800_n60_r12_v00_90000_fof_0.0001_0000.hdf5,/rds/general/ephemeral/user/nny124/ephemeral/martian_moons_data/Ma_xp_A1800_n60_r12_v00_90000_fof_0.0001_0000.hdf5,Parameters,group,,,Scheduler:cell_extra_bparts,b'0'
Ma_xp_A1800_n60_r12_v00_90000_fof_0.0001_0000.hdf5,/rds/general/ephemeral/user/nny124/ephemeral/martian_moons_data/Ma_xp_A1800_n60_r12_v00_90000_fof_0.0001_0000.hdf5,Parameters,group,,,Scheduler:cell_extra_gparts,b'0'
Ma_xp_A1800_n60_r12_v00_90000_fof_0.0001_0000.hdf5,/rds/general/ephemeral/user/nny124/ephemeral/martian_moons_data/Ma_xp_A1800_n60_r12_v00_90000_fof_0.0001_0000.hdf5,Parameters,group,,,Scheduler:cell_extra_parts,b'0'
Ma_xp_A1800_n60_r12_v00_90000_fof_0.0001_0000.hdf5,/rds/general/ephemeral/user/nny124/ephemeral/martian_moons_data/Ma_xp_A1800_n60_r12_v00_90000_fof_0.0001_0000.hdf5,Parameters,group,,,Scheduler:cell_extra_sinks,b'0'
Ma_xp_A1800_n60_r12_v00_90000_fof_0.0001_0000.hdf5,/rds/general/ephemeral/user/nny124/ephemeral/martian_moons_data/Ma_xp_A1800_n60_r12_v00_90000_fof_0.0001_0000.hdf5,Parameters,group,,,Scheduler:cell_extra_sparts,b'100'
Ma_xp_A1800_n60_r12_v00_90000_fof_0.0001_0000.hdf5,/rds/general/ephemeral/user/nny124/ephemeral/martian_moons_data/Ma_xp_A1800_n60_r12_v00_90000_fof_0.0001_0000.hdf5,Parameters,group,,,Scheduler:cell_max_size,b'8000000'
Ma_xp_A1800_n60_r12_v00_90000_fof_0.0001_0000.hdf5,/rds/general/ephemeral/user/nny124/ephemeral/martian_moons_data/Ma_xp_A1800_n60_r12_v00_90000_fof_0.0001_0000.hdf5,Parameters,group,,,Scheduler:cell_recurse_size_pair_black_holes,b'100'
Ma_xp_A1800_n60_r12_v00_90000_fof_0.0001_0000.hdf5,/rds/general/ephemeral/user/nny124/ephemeral/martian_moons_data/Ma_xp_A1800_n60_r12_v00_90000_fof_0.0001_0000.hdf5,Parameters,group,,,Scheduler:cell_recurse_size_pair_hydro,b'100'
Ma_xp_A1800_n60_r12_v00_90000_fof_0.0001_0000.hdf5,/rds/general/ephemeral/user/nny124/ephemeral/martian_moons_data/Ma_xp_A1800_n60_r12_v00_90000_fof_0.0001_0000.hdf5,Parameters,group,,,Scheduler:cell_recurse_size_pair_sinks,b'100'
Ma_xp_A1800_n60_r12_v00_90000_fof_0.0001_0000.hdf5,/rds/general/ephemeral/user/nny124/ephemeral/martian_moons_data/Ma_xp_A1800_n60_r12_v00_90000_fof_0.0001_0000.hdf5,Parameters,group,,,Scheduler:cell_recurse_size_pair_stars,b'100'
Ma_xp_A1800_n60_r12_v00_90000_fof_0.0001_0000.hdf5,/rds/general/ephemeral/user/nny124/ephemeral/martian_moons_data/Ma_xp_A1800_n60_r12_v00_90000_fof_0.0001_0000.hdf5,Parameters,group,,,Scheduler:cell_recurse_size_self_black_holes,b'100'
Ma_xp_A1800_n60_r12_v00_90000_fof_0.0001_0000.hdf5,/rds/general/ephemeral/user/nny124/ephemeral/martian_moons_data/Ma_xp_A1800_n60_r12_v00_90000_fof_0.0001_0000.hdf5,Parameters,group,,,Scheduler:cell_recurse_size_self_hydro,b'100'
Ma_xp_A1800_n60_r12_v00_90000_fof_0.0001_0000.hdf5,/rds/general/ephemeral/user/nny124/ephemeral/martian_moons_data/Ma_xp_A1800_n60_r12_v00_90000_fof_0.0001_0000.hdf5,Parameters,group,,,Scheduler:cell_recurse_size_self_sinks,b'100'
Ma_xp_A1800_n60_r12_v00_90000_fof_0.0001_0000.hdf5,/rds/general/ephemeral/user/nny124/ephemeral/martian_moons_data/Ma_xp_A1800_n60_r12_v00_90000_fof_0.0001_0000.hdf5,Parameters,group,,,Scheduler:cell_recurse_size_self_stars,b'100'
Ma_xp_A1800_n60_r12_v00_90000_fof_0.0001_0000.hdf5,/rds/general/ephemeral/user/nny124/ephemeral/martian_moons_data/Ma_xp_A1800_n60_r12_v00_90000_fof_0.0001_0000.hdf5,Parameters,group,,,Scheduler:cell_split_size,b'400'
Ma_xp_A1800_n60_r12_v00_90000_fof_0.0001_0000.hdf5,/rds/general/ephemeral/user/nny124/ephemeral/martian_moons_data/Ma_xp_A1800_n60_r12_v00_90000_fof_0.0001_0000.hdf5,Parameters,group,,,Scheduler:cell_sub_size_pair_grav,b'2560000'
Ma_xp_A1800_n60_r12_v00_90000_fof_0.0001_0000.hdf5,/rds/general/ephemeral/user/nny124/ephemeral/martian_moons_data/Ma_xp_A1800_n60_r12_v00_90000_fof_0.0001_0000.hdf5,Parameters,group,,,Scheduler:cell_sub_size_pair_hydro,b'2560000'
Ma_xp_A1800_n60_r12_v00_90000_fof_0.0001_0000.hdf5,/rds/general/ephemeral/user/nny124/ephemeral/martian_moons_data/Ma_xp_A1800_n60_r12_v00_90000_fof_0.0001_0000.hdf5,Parameters,group,,,Scheduler:cell_sub_size_pair_stars,b'256000000'
Ma_xp_A1800_n60_r12_v00_90000_fof_0.0001_0000.hdf5,/rds/general/ephemeral/user/nny124/ephemeral/martian_moons_data/Ma_xp_A1800_n60_r12_v00_90000_fof_0.0001_0000.hdf5,Parameters,group,,,Scheduler:cell_sub_size_self_grav,b'3200'
Ma_xp_A1800_n60_r12_v00_90000_fof_0.0001_0000.hdf5,/rds/general/ephemeral/user/nny124/ephemeral/martian_moons_data/Ma_xp_A1800_n60_r12_v00_90000_fof_0.0001_0000.hdf5,Parameters,group,,,Scheduler:cell_sub_size_self_hydro,b'3200'
Ma_xp_A1800_n60_r12_v00_90000_fof_0.0001_0000.hdf5,/rds/general/ephemeral/user/nny124/ephemeral/martian_moons_data/Ma_xp_A1800_n60_r12_v00_90000_fof_0.0001_0000.hdf5,Parameters,group,,,Scheduler:cell_sub_size_self_stars,b'32000'
Ma_xp_A1800_n60_r12_v00_90000_fof_0.0001_0000.hdf5,/rds/general/ephemeral/user/nny124/ephemeral/martian_moons_data/Ma_xp_A1800_n60_r12_v00_90000_fof_0.0001_0000.hdf5,Parameters,group,,,Scheduler:cell_subdepth_diff_grav,b'2'
Ma_xp_A1800_n60_r12_v00_90000_fof_0.0001_0000.hdf5,/rds/general/ephemeral/user/nny124/ephemeral/martian_moons_data/Ma_xp_A1800_n60_r12_v00_90000_fof_0.0001_0000.hdf5,Parameters,group,,,Scheduler:dependency_graph_frequency,b'0'
Ma_xp_A1800_n60_r12_v00_90000_fof_0.0001_0000.hdf5,/rds/general/ephemeral/user/nny124/ephemeral/martian_moons_data/Ma_xp_A1800_n60_r12_v00_90000_fof_0.0001_0000.hdf5,Parameters,group,,,Scheduler:engine_max_parts_per_cooling,b'10000'
Ma_xp_A1800_n60_r12_v00_90000_fof_0.0001_0000.hdf5,/rds/general/ephemeral/user/nny124/ephemeral/martian_moons_data/Ma_xp_A1800_n60_r12_v00_90000_fof_0.0001_0000.hdf5,Parameters,group,,,Scheduler:engine_max_parts_per_ghost,b'100'
Ma_xp_A1800_n60_r12_v00_90000_fof_0.0001_0000.hdf5,/rds/general/ephemeral/user/nny124/ephemeral/martian_moons_data/Ma_xp_A1800_n60_r12_v00_90000_fof_0.0001_0000.hdf5,Parameters,group,,,Scheduler:engine_max_sparts_per_ghost,b'1000'
Ma_xp_A1800_n60_r12_v00_90000_fof_0.0001_0000.hdf5,/rds/general/ephemeral/user/nny124/ephemeral/martian_moons_data/Ma_xp_A1800_n60_r12_v00_90000_fof_0.0001_0000.hdf5,Parameters,group,,,Scheduler:links_per_tasks,b'25'
Ma_xp_A1800_n60_r12_v00_90000_fof_0.0001_0000.hdf5,/rds/general/ephemeral/user/nny124/ephemeral/martian_moons_data/Ma_xp_A1800_n60_r12_v00_90000_fof_0.0001_0000.hdf5,Parameters,group,,,Scheduler:max_top_level_cells,b'96'
Ma_xp_A1800_n60_r12_v00_90000_fof_0.0001_0000.hdf5,/rds/general/ephemeral/user/nny124/ephemeral/martian_moons_data/Ma_xp_A1800_n60_r12_v00_90000_fof_0.0001_0000.hdf5,Parameters,group,,,Scheduler:mpi_message_limit,b'4'
Ma_xp_A1800_n60_r12_v00_90000_fof_0.0001_0000.hdf5,/rds/general/ephemeral/user/nny124/ephemeral/martian_moons_data/Ma_xp_A1800_n60_r12_v00_90000_fof_0.0001_0000.hdf5,Parameters,group,,,Scheduler:nr_queues,b'4'
Ma_xp_A1800_n60_r12_v00_90000_fof_0.0001_0000.hdf5,/rds/general/ephemeral/user/nny124/ephemeral/martian_moons_data/Ma_xp_A1800_n60_r12_v00_90000_fof_0.0001_0000.hdf5,Parameters,group,,,Scheduler:task_level_output_frequency,b'0'
Ma_xp_A1800_n60_r12_v00_90000_fof_0.0001_0000.hdf5,/rds/general/ephemeral/user/nny124/ephemeral/martian_moons_data/Ma_xp_A1800_n60_r12_v00_90000_fof_0.0001_0000.hdf5,Parameters,group,,,Scheduler:tasks_per_cell,b'2.0'
Ma_xp_A1800_n60_r12_v00_90000_fof_0.0001_0000.hdf5,/rds/general/ephemeral/user/nny124/ephemeral/martian_moons_data/Ma_xp_A1800_n60_r12_v00_90000_fof_0.0001_0000.hdf5,Parameters,group,,,Snapshots:UnitCurrent_in_cgs,b'1'
Ma_xp_A1800_n60_r12_v00_90000_fof_0.0001_0000.hdf5,/rds/general/ephemeral/user/nny124/ephemeral/martian_moons_data/Ma_xp_A1800_n60_r12_v00_90000_fof_0.0001_0000.hdf5,Parameters,group,,,Snapshots:UnitLength_in_cgs,b'1e+08'
Ma_xp_A1800_n60_r12_v00_90000_fof_0.0001_0000.hdf5,/rds/general/ephemeral/user/nny124/ephemeral/martian_moons_data/Ma_xp_A1800_n60_r12_v00_90000_fof_0.0001_0000.hdf5,Parameters,group,,,Snapshots:UnitMass_in_cgs,b'1e+27'
Ma_xp_A1800_n60_r12_v00_90000_fof_0.0001_0000.hdf5,/rds/general/ephemeral/user/nny124/ephemeral/martian_moons_data/Ma_xp_A1800_n60_r12_v00_90000_fof_0.0001_0000.hdf5,Parameters,group,,,Snapshots:UnitTemp_in_cgs,b'1'
Ma_xp_A1800_n60_r12_v00_90000_fof_0.0001_0000.hdf5,/rds/general/ephemeral/user/nny124/ephemeral/martian_moons_data/Ma_xp_A1800_n60_r12_v00_90000_fof_0.0001_0000.hdf5,Parameters,group,,,Snapshots:UnitVelocity_in_cgs,b'1e+08'
Ma_xp_A1800_n60_r12_v00_90000_fof_0.0001_0000.hdf5,/rds/general/ephemeral/user/nny124/ephemeral/martian_moons_data/Ma_xp_A1800_n60_r12_v00_90000_fof_0.0001_0000.hdf5,Parameters,group,,,Snapshots:basename,b'snapshots/Ma_xp_A1800_n60_r12_v00_90000_fof_0.0001'
Ma_xp_A1800_n60_r12_v00_90000_fof_0.0001_0000.hdf5,/rds/general/ephemeral/user/nny124/ephemeral/martian_moons_data/Ma_xp_A1800_n60_r12_v00_90000_fof_0.0001_0000.hdf5,Parameters,group,,,Snapshots:compression,b'0'
Ma_xp_A1800_n60_r12_v00_90000_fof_0.0001_0000.hdf5,/rds/general/ephemeral/user/nny124/ephemeral/martian_moons_data/Ma_xp_A1800_n60_r12_v00_90000_fof_0.0001_0000.hdf5,Parameters,group,,,Snapshots:delta_time,b'1000'
Ma_xp_A1800_n60_r12_v00_90000_fof_0.0001_0000.hdf5,/rds/general/ephemeral/user/nny124/ephemeral/martian_moons_data/Ma_xp_A1800_n60_r12_v00_90000_fof_0.0001_0000.hdf5,Parameters,group,,,Snapshots:distributed,b'0'
Ma_xp_A1800_n60_r12_v00_90000_fof_0.0001_0000.hdf5,/rds/general/ephemeral/user/nny124/ephemeral/martian_moons_data/Ma_xp_A1800_n60_r12_v00_90000_fof_0.0001_0000.hdf5,Parameters,group,,,Snapshots:invoke_fof,b'0'
Ma_xp_A1800_n60_r12_v00_90000_fof_0.0001_0000.hdf5,/rds/general/ephemeral/user/nny124/ephemeral/martian_moons_data/Ma_xp_A1800_n60_r12_v00_90000_fof_0.0001_0000.hdf5,Parameters,group,,,Snapshots:invoke_stf,b'0'
Ma_xp_A1800_n60_r12_v00_90000_fof_0.0001_0000.hdf5,/rds/general/ephemeral/user/nny124/ephemeral/martian_moons_data/Ma_xp_A1800_n60_r12_v00_90000_fof_0.0001_0000.hdf5,Parameters,group,,,Snapshots:lustre_OST_count,b'0'
Ma_xp_A1800_n60_r12_v00_90000_fof_0.0001_0000.hdf5,/rds/general/ephemeral/user/nny124/ephemeral/martian_moons_data/Ma_xp_A1800_n60_r12_v00_90000_fof_0.0001_0000.hdf5,Parameters,group,,,Snapshots:run_on_dump,b'0'
Ma_xp_A1800_n60_r12_v00_90000_fof_0.0001_0000.hdf5,/rds/general/ephemeral/user/nny124/ephemeral/martian_moons_data/Ma_xp_A1800_n60_r12_v00_90000_fof_0.0001_0000.hdf5,Parameters,group,,,Snapshots:scale_factor_first,b'0.1'
Ma_xp_A1800_n60_r12_v00_90000_fof_0.0001_0000.hdf5,/rds/general/ephemeral/user/nny124/ephemeral/martian_moons_data/Ma_xp_A1800_n60_r12_v00_90000_fof_0.0001_0000.hdf5,Parameters,group,,,Snapshots:select_output,b'../select_output.yml'
Ma_xp_A1800_n60_r12_v00_90000_fof_0.0001_0000.hdf5,/rds/general/ephemeral/user/nny124/ephemeral/martian_moons_data/Ma_xp_A1800_n60_r12_v00_90000_fof_0.0001_0000.hdf5,Parameters,group,,,Snapshots:select_output_on,b'1'
Ma_xp_A1800_n60_r12_v00_90000_fof_0.0001_0000.hdf5,/rds/general/ephemeral/user/nny124/ephemeral/martian_moons_data/Ma_xp_A1800_n60_r12_v00_90000_fof_0.0001_0000.hdf5,Parameters,group,,,Snapshots:subdir,b'.'
Ma_xp_A1800_n60_r12_v00_90000_fof_0.0001_0000.hdf5,/rds/general/ephemeral/user/nny124/ephemeral/martian_moons_data/Ma_xp_A1800_n60_r12_v00_90000_fof_0.0001_0000.hdf5,Parameters,group,,,Snapshots:subsample,"b' [0, 0, 0, 0, 0, 0, 0]'"
Ma_xp_A1800_n60_r12_v00_90000_fof_0.0001_0000.hdf5,/rds/general/ephemeral/user/nny124/ephemeral/martian_moons_data/Ma_xp_A1800_n60_r12_v00_90000_fof_0.0001_0000.hdf5,Parameters,group,,,Snapshots:subsample_fraction,"b' [0, 0, 0, 0, 0, 0, 0]'"
Ma_xp_A1800_n60_r12_v00_90000_fof_0.0001_0000.hdf5,/rds/general/ephemeral/user/nny124/ephemeral/martian_moons_data/Ma_xp_A1800_n60_r12_v00_90000_fof_0.0001_0000.hdf5,Parameters,group,,,Snapshots:time_first,b'0'
Ma_xp_A1800_n60_r12_v00_90000_fof_0.0001_0000.hdf5,/rds/general/ephemeral/user/nny124/ephemeral/martian_moons_data/Ma_xp_A1800_n60_r12_v00_90000_fof_0.0001_0000.hdf5,Parameters,group,,,Snapshots:use_delta_from_edge,b'0'
Ma_xp_A1800_n60_r12_v00_90000_fof_0.0001_0000.hdf5,/rds/general/ephemeral/user/nny124/ephemeral/martian_moons_data/Ma_xp_A1800_n60_r12_v00_90000_fof_0.0001_0000.hdf5,Parameters,group,,,Statistics:delta_time,b'1000'
Ma_xp_A1800_n60_r12_v00_90000_fof_0.0001_0000.hdf5,/rds/general/ephemeral/user/nny124/ephemeral/martian_moons_data/Ma_xp_A1800_n60_r12_v00_90000_fof_0.0001_0000.hdf5,Parameters,group,,,Statistics:scale_factor_first,b'0.1'
Ma_xp_A1800_n60_r12_v00_90000_fof_0.0001_0000.hdf5,/rds/general/ephemeral/user/nny124/ephemeral/martian_moons_data/Ma_xp_A1800_n60_r12_v00_90000_fof_0.0001_0000.hdf5,Parameters,group,,,Statistics:time_first,b'0'
Ma_xp_A1800_n60_r12_v00_90000_fof_0.0001_0000.hdf5,/rds/general/ephemeral/user/nny124/ephemeral/martian_moons_data/Ma_xp_A1800_n60_r12_v00_90000_fof_0.0001_0000.hdf5,Parameters,group,,,TimeIntegration:dt_RMS_use_gas_only,b'0'
Ma_xp_A1800_n60_r12_v00_90000_fof_0.0001_0000.hdf5,/rds/general/ephemeral/user/nny124/ephemeral/martian_moons_data/Ma_xp_A1800_n60_r12_v00_90000_fof_0.0001_0000.hdf5,Parameters,group,,,TimeIntegration:dt_max,b'1000'
Ma_xp_A1800_n60_r12_v00_90000_fof_0.0001_0000.hdf5,/rds/general/ephemeral/user/nny124/ephemeral/martian_moons_data/Ma_xp_A1800_n60_r12_v00_90000_fof_0.0001_0000.hdf5,Parameters,group,,,TimeIntegration:dt_min,b'0.0001'
Ma_xp_A1800_n60_r12_v00_90000_fof_0.0001_0000.hdf5,/rds/general/ephemeral/user/nny124/ephemeral/martian_moons_data/Ma_xp_A1800_n60_r12_v00_90000_fof_0.0001_0000.hdf5,Parameters,group,,,TimeIntegration:max_dt_RMS_factor,b'0.25'
Ma_xp_A1800_n60_r12_v00_90000_fof_0.0001_0000.hdf5,/rds/general/ephemeral/user/nny124/ephemeral/martian_moons_data/Ma_xp_A1800_n60_r12_v00_90000_fof_0.0001_0000.hdf5,Parameters,group,,,TimeIntegration:time_begin,b'0'
Ma_xp_A1800_n60_r12_v00_90000_fof_0.0001_0000.hdf5,/rds/general/ephemeral/user/nny124/ephemeral/martian_moons_data/Ma_xp_A1800_n60_r12_v00_90000_fof_0.0001_0000.hdf5,Parameters,group,,,TimeIntegration:time_end,b'120000'
Ma_xp_A1800_n60_r12_v00_90000_fof_0.0001_0000.hdf5,/rds/general/ephemeral/user/nny124/ephemeral/martian_moons_data/Ma_xp_A1800_n60_r12_v00_90000_fof_0.0001_0000.hdf5,PartType0,group,,,NumberOfFields,[15]
Ma_xp_A1800_n60_r12_v00_90000_fof_0.0001_0000.hdf5,/rds/general/ephemeral/user/nny124/ephemeral/martian_moons_data/Ma_xp_A1800_n60_r12_v00_90000_fof_0.0001_0000.hdf5,PartType0,group,,,NumberOfParticles,[1002827]
Ma_xp_A1800_n60_r12_v00_90000_fof_0.0001_0000.hdf5,/rds/general/ephemeral/user/nny124/ephemeral/martian_moons_data/Ma_xp_A1800_n60_r12_v00_90000_fof_0.0001_0000.hdf5,PartType0/Coordinates,dataset,"(1002827, 3)",float64,Conversion factor to CGS (not including cosmological corrections),[1.e+08]
Ma_xp_A1800_n60_r12_v00_90000_fof_0.0001_0000.hdf5,/rds/general/ephemeral/user/nny124/ephemeral/martian_moons_data/Ma_xp_A1800_n60_r12_v00_90000_fof_0.0001_0000.hdf5,PartType0/Coordinates,dataset,"(1002827, 3)",float64,Conversion factor to physical CGS (including cosmological corrections),[1.e+08]
Ma_xp_A1800_n60_r12_v00_90000_fof_0.0001_0000.hdf5,/rds/general/ephemeral/user/nny124/ephemeral/martian_moons_data/Ma_xp_A1800_n60_r12_v00_90000_fof_0.0001_0000.hdf5,PartType0/Coordinates,dataset,"(1002827, 3)",float64,Description,b'Positions of the particles'
Ma_xp_A1800_n60_r12_v00_90000_fof_0.0001_0000.hdf5,/rds/general/ephemeral/user/nny124/ephemeral/martian_moons_data/Ma_xp_A1800_n60_r12_v00_90000_fof_0.0001_0000.hdf5,PartType0/Coordinates,dataset,"(1002827, 3)",float64,Expression for physical CGS units,b'a U_L  [ cm ]'
Ma_xp_A1800_n60_r12_v00_90000_fof_0.0001_0000.hdf5,/rds/general/ephemeral/user/nny124/ephemeral/martian_moons_data/Ma_xp_A1800_n60_r12_v00_90000_fof_0.0001_0000.hdf5,PartType0/Coordinates,dataset,"(1002827, 3)",float64,Lossy compression filter,b'None'
Ma_xp_A1800_n60_r12_v00_90000_fof_0.0001_0000.hdf5,/rds/general/ephemeral/user/nny124/ephemeral/martian_moons_data/Ma_xp_A1800_n60_r12_v00_90000_fof_0.0001_0000.hdf5,PartType0/Coordinates,dataset,"(1002827, 3)",float64,U_I exponent,[0.]
Ma_xp_A1800_n60_r12_v00_90000_fof_0.0001_0000.hdf5,/rds/general/ephemeral/user/nny124/ephemeral/martian_moons_data/Ma_xp_A1800_n60_r12_v00_90000_fof_0.0001_0000.hdf5,PartType0/Coordinates,dataset,"(1002827, 3)",float64,U_L exponent,[1.]
Ma_xp_A1800_n60_r12_v00_90000_fof_0.0001_0000.hdf5,/rds/general/ephemeral/user/nny124/ephemeral/martian_moons_data/Ma_xp_A1800_n60_r12_v00_90000_fof_0.0001_0000.hdf5,PartType0/Coordinates,dataset,"(1002827, 3)",float64,U_M exponent,[0.]
Ma_xp_A1800_n60_r12_v00_90000_fof_0.0001_0000.hdf5,/rds/general/ephemeral/user/nny124/ephemeral/martian_moons_data/Ma_xp_A1800_n60_r12_v00_90000_fof_0.0001_0000.hdf5,PartType0/Coordinates,dataset,"(1002827, 3)",float64,U_T exponent,[0.]
Ma_xp_A1800_n60_r12_v00_90000_fof_0.0001_0000.hdf5,/rds/general/ephemeral/user/nny124/ephemeral/martian_moons_data/Ma_xp_A1800_n60_r12_v00_90000_fof_0.0001_0000.hdf5,PartType0/Coordinates,dataset,"(1002827, 3)",float64,U_t exponent,[0.]
Ma_xp_A1800_n60_r12_v00_90000_fof_0.0001_0000.hdf5,/rds/general/ephemeral/user/nny124/ephemeral/martian_moons_data/Ma_xp_A1800_n60_r12_v00_90000_fof_0.0001_0000.hdf5,PartType0/Coordinates,dataset,"(1002827, 3)",float64,a-scale exponent,[1.]
Ma_xp_A1800_n60_r12_v00_90000_fof_0.0001_0000.hdf5,/rds/general/ephemeral/user/nny124/ephemeral/martian_moons_data/Ma_xp_A1800_n60_r12_v00_90000_fof_0.0001_0000.hdf5,PartType0/Coordinates,dataset,"(1002827, 3)",float64,h-scale exponent,[0.]
Ma_xp_A1800_n60_r12_v00_90000_fof_0.0001_0000.hdf5,/rds/general/ephemeral/user/nny124/ephemeral/martian_moons_data/Ma_xp_A1800_n60_r12_v00_90000_fof_0.0001_0000.hdf5,PartType0/Densities,dataset,"(1002827,)",float32,Conversion factor to CGS (not including cosmological corrections),[1000.]
Ma_xp_A1800_n60_r12_v00_90000_fof_0.0001_0000.hdf5,/rds/general/ephemeral/user/nny124/ephemeral/martian_moons_data/Ma_xp_A1800_n60_r12_v00_90000_fof_0.0001_0000.hdf5,PartType0/Densities,dataset,"(1002827,)",float32,Conversion factor to physical CGS (including cosmological corrections),[1000.]
Ma_xp_A1800_n60_r12_v00_90000_fof_0.0001_0000.hdf5,/rds/general/ephemeral/user/nny124/ephemeral/martian_moons_data/Ma_xp_A1800_n60_r12_v00_90000_fof_0.0001_0000.hdf5,PartType0/Densities,dataset,"(1002827,)",float32,Description,b'Densities of the particles'
Ma_xp_A1800_n60_r12_v00_90000_fof_0.0001_0000.hdf5,/rds/general/ephemeral/user/nny124/ephemeral/martian_moons_data/Ma_xp_A1800_n60_r12_v00_90000_fof_0.0001_0000.hdf5,PartType0/Densities,dataset,"(1002827,)",float32,Expression for physical CGS units,b'a^-3 U_M U_L^-3  [ g cm^-3 ]'
Ma_xp_A1800_n60_r12_v00_90000_fof_0.0001_0000.hdf5,/rds/general/ephemeral/user/nny124/ephemeral/martian_moons_data/Ma_xp_A1800_n60_r12_v00_90000_fof_0.0001_0000.hdf5,PartType0/Densities,dataset,"(1002827,)",float32,Lossy compression filter,b'None'
Ma_xp_A1800_n60_r12_v00_90000_fof_0.0001_0000.hdf5,/rds/general/ephemeral/user/nny124/ephemeral/martian_moons_data/Ma_xp_A1800_n60_r12_v00_90000_fof_0.0001_0000.hdf5,PartType0/Densities,dataset,"(1002827,)",float32,U_I exponent,[0.]
Ma_xp_A1800_n60_r12_v00_90000_fof_0.0001_0000.hdf5,/rds/general/ephemeral/user/nny124/ephemeral/martian_moons_data/Ma_xp_A1800_n60_r12_v00_90000_fof_0.0001_0000.hdf5,PartType0/Densities,dataset,"(1002827,)",float32,U_L exponent,[-3.]
Ma_xp_A1800_n60_r12_v00_90000_fof_0.0001_0000.hdf5,/rds/general/ephemeral/user/nny124/ephemeral/martian_moons_data/Ma_xp_A1800_n60_r12_v00_90000_fof_0.0001_0000.hdf5,PartType0/Densities,dataset,"(1002827,)",float32,U_M exponent,[1.]
Ma_xp_A1800_n60_r12_v00_90000_fof_0.0001_0000.hdf5,/rds/general/ephemeral/user/nny124/ephemeral/martian_moons_data/Ma_xp_A1800_n60_r12_v00_90000_fof_0.0001_0000.hdf5,PartType0/Densities,dataset,"(1002827,)",float32,U_T exponent,[0.]
Ma_xp_A1800_n60_r12_v00_90000_fof_0.0001_0000.hdf5,/rds/general/ephemeral/user/nny124/ephemeral/martian_moons_data/Ma_xp_A1800_n60_r12_v00_90000_fof_0.0001_0000.hdf5,PartType0/Densities,dataset,"(1002827,)",float32,U_t exponent,[0.]
Ma_xp_A1800_n60_r12_v00_90000_fof_0.0001_0000.hdf5,/rds/general/ephemeral/user/nny124/ephemeral/martian_moons_data/Ma_xp_A1800_n60_r12_v00_90000_fof_0.0001_0000.hdf5,PartType0/Densities,dataset,"(1002827,)",float32,a-scale exponent,[-3.]
Ma_xp_A1800_n60_r12_v00_90000_fof_0.0001_0000.hdf5,/rds/general/ephemeral/user/nny124/ephemeral/martian_moons_data/Ma_xp_A1800_n60_r12_v00_90000_fof_0.0001_0000.hdf5,PartType0/Densities,dataset,"(1002827,)",float32,h-scale exponent,[0.]
Ma_xp_A1800_n60_r12_v00_90000_fof_0.0001_0000.hdf5,/rds/general/ephemeral/user/nny124/ephemeral/martian_moons_data/Ma_xp_A1800_n60_r12_v00_90000_fof_0.0001_0000.hdf5,PartType0/Entropies,dataset,"(1002827,)",float32,Conversion factor to CGS (not including cosmological corrections),[1.00000247e+14]
Ma_xp_A1800_n60_r12_v00_90000_fof_0.0001_0000.hdf5,/rds/general/ephemeral/user/nny124/ephemeral/martian_moons_data/Ma_xp_A1800_n60_r12_v00_90000_fof_0.0001_0000.hdf5,PartType0/Entropies,dataset,"(1002827,)",float32,Conversion factor to physical CGS (including cosmological corrections),[1.00000247e+14]
Ma_xp_A1800_n60_r12_v00_90000_fof_0.0001_0000.hdf5,/rds/general/ephemeral/user/nny124/ephemeral/martian_moons_data/Ma_xp_A1800_n60_r12_v00_90000_fof_0.0001_0000.hdf5,PartType0/Entropies,dataset,"(1002827,)",float32,Description,b'Entropies per unit mass of the particles'
Ma_xp_A1800_n60_r12_v00_90000_fof_0.0001_0000.hdf5,/rds/general/ephemeral/user/nny124/ephemeral/martian_moons_data/Ma_xp_A1800_n60_r12_v00_90000_fof_0.0001_0000.hdf5,PartType0/Entropies,dataset,"(1002827,)",float32,Expression for physical CGS units,b'U_M^-0.6667 U_L^4 U_t^-2  [ g^-0.6667 cm^4 s^-2 ]'
Ma_xp_A1800_n60_r12_v00_90000_fof_0.0001_0000.hdf5,/rds/general/ephemeral/user/nny124/ephemeral/martian_moons_data/Ma_xp_A1800_n60_r12_v00_90000_fof_0.0001_0000.hdf5,PartType0/Entropies,dataset,"(1002827,)",float32,Lossy compression filter,b'None'
Ma_xp_A1800_n60_r12_v00_90000_fof_0.0001_0000.hdf5,/rds/general/ephemeral/user/nny124/ephemeral/martian_moons_data/Ma_xp_A1800_n60_r12_v00_90000_fof_0.0001_0000.hdf5,PartType0/Entropies,dataset,"(1002827,)",float32,U_I exponent,[0.]
Ma_xp_A1800_n60_r12_v00_90000_fof_0.0001_0000.hdf5,/rds/general/ephemeral/user/nny124/ephemeral/martian_moons_data/Ma_xp_A1800_n60_r12_v00_90000_fof_0.0001_0000.hdf5,PartType0/Entropies,dataset,"(1002827,)",float32,U_L exponent,[4.]
Ma_xp_A1800_n60_r12_v00_90000_fof_0.0001_0000.hdf5,/rds/general/ephemeral/user/nny124/ephemeral/martian_moons_data/Ma_xp_A1800_n60_r12_v00_90000_fof_0.0001_0000.hdf5,PartType0/Entropies,dataset,"(1002827,)",float32,U_M exponent,[-0.6666666]
Ma_xp_A1800_n60_r12_v00_90000_fof_0.0001_0000.hdf5,/rds/general/ephemeral/user/nny124/ephemeral/martian_moons_data/Ma_xp_A1800_n60_r12_v00_90000_fof_0.0001_0000.hdf5,PartType0/Entropies,dataset,"(1002827,)",float32,U_T exponent,[0.]
Ma_xp_A1800_n60_r12_v00_90000_fof_0.0001_0000.hdf5,/rds/general/ephemeral/user/nny124/ephemeral/martian_moons_data/Ma_xp_A1800_n60_r12_v00_90000_fof_0.0001_0000.hdf5,PartType0/Entropies,dataset,"(1002827,)",float32,U_t exponent,[-2.]
Ma_xp_A1800_n60_r12_v00_90000_fof_0.0001_0000.hdf5,/rds/general/ephemeral/user/nny124/ephemeral/martian_moons_data/Ma_xp_A1800_n60_r12_v00_90000_fof_0.0001_0000.hdf5,PartType0/Entropies,dataset,"(1002827,)",float32,a-scale exponent,[0.]
Ma_xp_A1800_n60_r12_v00_90000_fof_0.0001_0000.hdf5,/rds/general/ephemeral/user/nny124/ephemeral/martian_moons_data/Ma_xp_A1800_n60_r12_v00_90000_fof_0.0001_0000.hdf5,PartType0/Entropies,dataset,"(1002827,)",float32,h-scale exponent,[0.]
Ma_xp_A1800_n60_r12_v00_90000_fof_0.0001_0000.hdf5,/rds/general/ephemeral/user/nny124/ephemeral/martian_moons_data/Ma_xp_A1800_n60_r12_v00_90000_fof_0.0001_0000.hdf5,PartType0/FOFGroupIDs,dataset,"(1002827,)",int64,Conversion factor to CGS (not including cosmological corrections),[1.]
Ma_xp_A1800_n60_r12_v00_90000_fof_0.0001_0000.hdf5,/rds/general/ephemeral/user/nny124/ephemeral/martian_moons_data/Ma_xp_A1800_n60_r12_v00_90000_fof_0.0001_0000.hdf5,PartType0/FOFGroupIDs,dataset,"(1002827,)",int64,Conversion factor to physical CGS (including cosmological corrections),[1.]
Ma_xp_A1800_n60_r12_v00_90000_fof_0.0001_0000.hdf5,/rds/general/ephemeral/user/nny124/ephemeral/martian_moons_data/Ma_xp_A1800_n60_r12_v00_90000_fof_0.0001_0000.hdf5,PartType0/FOFGroupIDs,dataset,"(1002827,)",int64,Description,b'Friends-Of-Friends ID of the group the particles belong to'
Ma_xp_A1800_n60_r12_v00_90000_fof_0.0001_0000.hdf5,/rds/general/ephemeral/user/nny124/ephemeral/martian_moons_data/Ma_xp_A1800_n60_r12_v00_90000_fof_0.0001_0000.hdf5,PartType0/FOFGroupIDs,dataset,"(1002827,)",int64,Expression for physical CGS units,b'[ - ] '
Ma_xp_A1800_n60_r12_v00_90000_fof_0.0001_0000.hdf5,/rds/general/ephemeral/user/nny124/ephemeral/martian_moons_data/Ma_xp_A1800_n60_r12_v00_90000_fof_0.0001_0000.hdf5,PartType0/FOFGroupIDs,dataset,"(1002827,)",int64,Lossy compression filter,b'None'
Ma_xp_A1800_n60_r12_v00_90000_fof_0.0001_0000.hdf5,/rds/general/ephemeral/user/nny124/ephemeral/martian_moons_data/Ma_xp_A1800_n60_r12_v00_90000_fof_0.0001_0000.hdf5,PartType0/FOFGroupIDs,dataset,"(1002827,)",int64,U_I exponent,[0.]
Ma_xp_A1800_n60_r12_v00_90000_fof_0.0001_0000.hdf5,/rds/general/ephemeral/user/nny124/ephemeral/martian_moons_data/Ma_xp_A1800_n60_r12_v00_90000_fof_0.0001_0000.hdf5,PartType0/FOFGroupIDs,dataset,"(1002827,)",int64,U_L exponent,[0.]
Ma_xp_A1800_n60_r12_v00_90000_fof_0.0001_0000.hdf5,/rds/general/ephemeral/user/nny124/ephemeral/martian_moons_data/Ma_xp_A1800_n60_r12_v00_90000_fof_0.0001_0000.hdf5,PartType0/FOFGroupIDs,dataset,"(1002827,)",int64,U_M exponent,[0.]
Ma_xp_A1800_n60_r12_v00_90000_fof_0.0001_0000.hdf5,/rds/general/ephemeral/user/nny124/ephemeral/martian_moons_data/Ma_xp_A1800_n60_r12_v00_90000_fof_0.0001_0000.hdf5,PartType0/FOFGroupIDs,dataset,"(1002827,)",int64,U_T exponent,[0.]
Ma_xp_A1800_n60_r12_v00_90000_fof_0.0001_0000.hdf5,/rds/general/ephemeral/user/nny124/ephemeral/martian_moons_data/Ma_xp_A1800_n60_r12_v00_90000_fof_0.0001_0000.hdf5,PartType0/FOFGroupIDs,dataset,"(1002827,)",int64,U_t exponent,[0.]
Ma_xp_A1800_n60_r12_v00_90000_fof_0.0001_0000.hdf5,/rds/general/ephemeral/user/nny124/ephemeral/martian_moons_data/Ma_xp_A1800_n60_r12_v00_90000_fof_0.0001_0000.hdf5,PartType0/FOFGroupIDs,dataset,"(1002827,)",int64,a-scale exponent,[0.]
Ma_xp_A1800_n60_r12_v00_90000_fof_0.0001_0000.hdf5,/rds/general/ephemeral/user/nny124/ephemeral/martian_moons_data/Ma_xp_A1800_n60_r12_v00_90000_fof_0.0001_0000.hdf5,PartType0/FOFGroupIDs,dataset,"(1002827,)",int64,h-scale exponent,[0.]
Ma_xp_A1800_n60_r12_v00_90000_fof_0.0001_0000.hdf5,/rds/general/ephemeral/user/nny124/ephemeral/martian_moons_data/Ma_xp_A1800_n60_r12_v00_90000_fof_0.0001_0000.hdf5,PartType0/InternalEnergies,dataset,"(1002827,)",float32,Conversion factor to CGS (not including cosmological corrections),[1.e+16]
Ma_xp_A1800_n60_r12_v00_90000_fof_0.0001_0000.hdf5,/rds/general/ephemeral/user/nny124/ephemeral/martian_moons_data/Ma_xp_A1800_n60_r12_v00_90000_fof_0.0001_0000.hdf5,PartType0/InternalEnergies,dataset,"(1002827,)",float32,Conversion factor to physical CGS (including cosmological corrections),[1.e+16]
Ma_xp_A1800_n60_r12_v00_90000_fof_0.0001_0000.hdf5,/rds/general/ephemeral/user/nny124/ephemeral/martian_moons_data/Ma_xp_A1800_n60_r12_v00_90000_fof_0.0001_0000.hdf5,PartType0/InternalEnergies,dataset,"(1002827,)",float32,Description,b'Thermal energies per unit mass of the particles'
Ma_xp_A1800_n60_r12_v00_90000_fof_0.0001_0000.hdf5,/rds/general/ephemeral/user/nny124/ephemeral/martian_moons_data/Ma_xp_A1800_n60_r12_v00_90000_fof_0.0001_0000.hdf5,PartType0/InternalEnergies,dataset,"(1002827,)",float32,Expression for physical CGS units,b'a^-2 U_L^2 U_t^-2  [ cm^2 s^-2 ]'
Ma_xp_A1800_n60_r12_v00_90000_fof_0.0001_0000.hdf5,/rds/general/ephemeral/user/nny124/ephemeral/martian_moons_data/Ma_xp_A1800_n60_r12_v00_90000_fof_0.0001_0000.hdf5,PartType0/InternalEnergies,dataset,"(1002827,)",float32,Lossy compression filter,b'None'
Ma_xp_A1800_n60_r12_v00_90000_fof_0.0001_0000.hdf5,/rds/general/ephemeral/user/nny124/ephemeral/martian_moons_data/Ma_xp_A1800_n60_r12_v00_90000_fof_0.0001_0000.hdf5,PartType0/InternalEnergies,dataset,"(1002827,)",float32,U_I exponent,[0.]
Ma_xp_A1800_n60_r12_v00_90000_fof_0.0001_0000.hdf5,/rds/general/ephemeral/user/nny124/ephemeral/martian_moons_data/Ma_xp_A1800_n60_r12_v00_90000_fof_0.0001_0000.hdf5,PartType0/InternalEnergies,dataset,"(1002827,)",float32,U_L exponent,[2.]
Ma_xp_A1800_n60_r12_v00_90000_fof_0.0001_0000.hdf5,/rds/general/ephemeral/user/nny124/ephemeral/martian_moons_data/Ma_xp_A1800_n60_r12_v00_90000_fof_0.0001_0000.hdf5,PartType0/InternalEnergies,dataset,"(1002827,)",float32,U_M exponent,[0.]
Ma_xp_A1800_n60_r12_v00_90000_fof_0.0001_0000.hdf5,/rds/general/ephemeral/user/nny124/ephemeral/martian_moons_data/Ma_xp_A1800_n60_r12_v00_90000_fof_0.0001_0000.hdf5,PartType0/InternalEnergies,dataset,"(1002827,)",float32,U_T exponent,[0.]
Ma_xp_A1800_n60_r12_v00_90000_fof_0.0001_0000.hdf5,/rds/general/ephemeral/user/nny124/ephemeral/martian_moons_data/Ma_xp_A1800_n60_r12_v00_90000_fof_0.0001_0000.hdf5,PartType0/InternalEnergies,dataset,"(1002827,)",float32,U_t exponent,[-2.]
Ma_xp_A1800_n60_r12_v00_90000_fof_0.0001_0000.hdf5,/rds/general/ephemeral/user/nny124/ephemeral/martian_moons_data/Ma_xp_A1800_n60_r12_v00_90000_fof_0.0001_0000.hdf5,PartType0/InternalEnergies,dataset,"(1002827,)",float32,a-scale exponent,[-2.]
Ma_xp_A1800_n60_r12_v00_90000_fof_0.0001_0000.hdf5,/rds/general/ephemeral/user/nny124/ephemeral/martian_moons_data/Ma_xp_A1800_n60_r12_v00_90000_fof_0.0001_0000.hdf5,PartType0/InternalEnergies,dataset,"(1002827,)",float32,h-scale exponent,[0.]
Ma_xp_A1800_n60_r12_v00_90000_fof_0.0001_0000.hdf5,/rds/general/ephemeral/user/nny124/ephemeral/martian_moons_data/Ma_xp_A1800_n60_r12_v00_90000_fof_0.0001_0000.hdf5,PartType0/Masses,dataset,"(1002827,)",float32,Conversion factor to CGS (not including cosmological corrections),[1.e+27]
Ma_xp_A1800_n60_r12_v00_90000_fof_0.0001_0000.hdf5,/rds/general/ephemeral/user/nny124/ephemeral/martian_moons_data/Ma_xp_A1800_n60_r12_v00_90000_fof_0.0001_0000.hdf5,PartType0/Masses,dataset,"(1002827,)",float32,Conversion factor to physical CGS (including cosmological corrections),[1.e+27]
Ma_xp_A1800_n60_r12_v00_90000_fof_0.0001_0000.hdf5,/rds/general/ephemeral/user/nny124/ephemeral/martian_moons_data/Ma_xp_A1800_n60_r12_v00_90000_fof_0.0001_0000.hdf5,PartType0/Masses,dataset,"(1002827,)",float32,Description,b'Masses of the particles'
Ma_xp_A1800_n60_r12_v00_90000_fof_0.0001_0000.hdf5,/rds/general/ephemeral/user/nny124/ephemeral/martian_moons_data/Ma_xp_A1800_n60_r12_v00_90000_fof_0.0001_0000.hdf5,PartType0/Masses,dataset,"(1002827,)",float32,Expression for physical CGS units,b'U_M  [ g ]'
Ma_xp_A1800_n60_r12_v00_90000_fof_0.0001_0000.hdf5,/rds/general/ephemeral/user/nny124/ephemeral/martian_moons_data/Ma_xp_A1800_n60_r12_v00_90000_fof_0.0001_0000.hdf5,PartType0/Masses,dataset,"(1002827,)",float32,Lossy compression filter,b'None'
Ma_xp_A1800_n60_r12_v00_90000_fof_0.0001_0000.hdf5,/rds/general/ephemeral/user/nny124/ephemeral/martian_moons_data/Ma_xp_A1800_n60_r12_v00_90000_fof_0.0001_0000.hdf5,PartType0/Masses,dataset,"(1002827,)",float32,U_I exponent,[0.]
Ma_xp_A1800_n60_r12_v00_90000_fof_0.0001_0000.hdf5,/rds/general/ephemeral/user/nny124/ephemeral/martian_moons_data/Ma_xp_A1800_n60_r12_v00_90000_fof_0.0001_0000.hdf5,PartType0/Masses,dataset,"(1002827,)",float32,U_L exponent,[0.]
Ma_xp_A1800_n60_r12_v00_90000_fof_0.0001_0000.hdf5,/rds/general/ephemeral/user/nny124/ephemeral/martian_moons_data/Ma_xp_A1800_n60_r12_v00_90000_fof_0.0001_0000.hdf5,PartType0/Masses,dataset,"(1002827,)",float32,U_M exponent,[1.]
Ma_xp_A1800_n60_r12_v00_90000_fof_0.0001_0000.hdf5,/rds/general/ephemeral/user/nny124/ephemeral/martian_moons_data/Ma_xp_A1800_n60_r12_v00_90000_fof_0.0001_0000.hdf5,PartType0/Masses,dataset,"(1002827,)",float32,U_T exponent,[0.]
Ma_xp_A1800_n60_r12_v00_90000_fof_0.0001_0000.hdf5,/rds/general/ephemeral/user/nny124/ephemeral/martian_moons_data/Ma_xp_A1800_n60_r12_v00_90000_fof_0.0001_0000.hdf5,PartType0/Masses,dataset,"(1002827,)",float32,U_t exponent,[0.]
Ma_xp_A1800_n60_r12_v00_90000_fof_0.0001_0000.hdf5,/rds/general/ephemeral/user/nny124/ephemeral/martian_moons_data/Ma_xp_A1800_n60_r12_v00_90000_fof_0.0001_0000.hdf5,PartType0/Masses,dataset,"(1002827,)",float32,a-scale exponent,[0.]
Ma_xp_A1800_n60_r12_v00_90000_fof_0.0001_0000.hdf5,/rds/general/ephemeral/user/nny124/ephemeral/martian_moons_data/Ma_xp_A1800_n60_r12_v00_90000_fof_0.0001_0000.hdf5,PartType0/Masses,dataset,"(1002827,)",float32,h-scale exponent,[0.]
Ma_xp_A1800_n60_r12_v00_90000_fof_0.0001_0000.hdf5,/rds/general/ephemeral/user/nny124/ephemeral/martian_moons_data/Ma_xp_A1800_n60_r12_v00_90000_fof_0.0001_0000.hdf5,PartType0/MaterialIDs,dataset,"(1002827,)",int32,Conversion factor to CGS (not including cosmological corrections),[1.]
Ma_xp_A1800_n60_r12_v00_90000_fof_0.0001_0000.hdf5,/rds/general/ephemeral/user/nny124/ephemeral/martian_moons_data/Ma_xp_A1800_n60_r12_v00_90000_fof_0.0001_0000.hdf5,PartType0/MaterialIDs,dataset,"(1002827,)",int32,Conversion factor to physical CGS (including cosmological corrections),[1.]
Ma_xp_A1800_n60_r12_v00_90000_fof_0.0001_0000.hdf5,/rds/general/ephemeral/user/nny124/ephemeral/martian_moons_data/Ma_xp_A1800_n60_r12_v00_90000_fof_0.0001_0000.hdf5,PartType0/MaterialIDs,dataset,"(1002827,)",int32,Description,b'Material IDs of the particles'
Ma_xp_A1800_n60_r12_v00_90000_fof_0.0001_0000.hdf5,/rds/general/ephemeral/user/nny124/ephemeral/martian_moons_data/Ma_xp_A1800_n60_r12_v00_90000_fof_0.0001_0000.hdf5,PartType0/MaterialIDs,dataset,"(1002827,)",int32,Expression for physical CGS units,b'[ - ] '
Ma_xp_A1800_n60_r12_v00_90000_fof_0.0001_0000.hdf5,/rds/general/ephemeral/user/nny124/ephemeral/martian_moons_data/Ma_xp_A1800_n60_r12_v00_90000_fof_0.0001_0000.hdf5,PartType0/MaterialIDs,dataset,"(1002827,)",int32,Lossy compression filter,b'None'
Ma_xp_A1800_n60_r12_v00_90000_fof_0.0001_0000.hdf5,/rds/general/ephemeral/user/nny124/ephemeral/martian_moons_data/Ma_xp_A1800_n60_r12_v00_90000_fof_0.0001_0000.hdf5,PartType0/MaterialIDs,dataset,"(1002827,)",int32,U_I exponent,[0.]
Ma_xp_A1800_n60_r12_v00_90000_fof_0.0001_0000.hdf5,/rds/general/ephemeral/user/nny124/ephemeral/martian_moons_data/Ma_xp_A1800_n60_r12_v00_90000_fof_0.0001_0000.hdf5,PartType0/MaterialIDs,dataset,"(1002827,)",int32,U_L exponent,[0.]
Ma_xp_A1800_n60_r12_v00_90000_fof_0.0001_0000.hdf5,/rds/general/ephemeral/user/nny124/ephemeral/martian_moons_data/Ma_xp_A1800_n60_r12_v00_90000_fof_0.0001_0000.hdf5,PartType0/MaterialIDs,dataset,"(1002827,)",int32,U_M exponent,[0.]
Ma_xp_A1800_n60_r12_v00_90000_fof_0.0001_0000.hdf5,/rds/general/ephemeral/user/nny124/ephemeral/martian_moons_data/Ma_xp_A1800_n60_r12_v00_90000_fof_0.0001_0000.hdf5,PartType0/MaterialIDs,dataset,"(1002827,)",int32,U_T exponent,[0.]
Ma_xp_A1800_n60_r12_v00_90000_fof_0.0001_0000.hdf5,/rds/general/ephemeral/user/nny124/ephemeral/martian_moons_data/Ma_xp_A1800_n60_r12_v00_90000_fof_0.0001_0000.hdf5,PartType0/MaterialIDs,dataset,"(1002827,)",int32,U_t exponent,[0.]
Ma_xp_A1800_n60_r12_v00_90000_fof_0.0001_0000.hdf5,/rds/general/ephemeral/user/nny124/ephemeral/martian_moons_data/Ma_xp_A1800_n60_r12_v00_90000_fof_0.0001_0000.hdf5,PartType0/MaterialIDs,dataset,"(1002827,)",int32,a-scale exponent,[0.]
Ma_xp_A1800_n60_r12_v00_90000_fof_0.0001_0000.hdf5,/rds/general/ephemeral/user/nny124/ephemeral/martian_moons_data/Ma_xp_A1800_n60_r12_v00_90000_fof_0.0001_0000.hdf5,PartType0/MaterialIDs,dataset,"(1002827,)",int32,h-scale exponent,[0.]
Ma_xp_A1800_n60_r12_v00_90000_fof_0.0001_0000.hdf5,/rds/general/ephemeral/user/nny124/ephemeral/martian_moons_data/Ma_xp_A1800_n60_r12_v00_90000_fof_0.0001_0000.hdf5,PartType0/ParticleIDs,dataset,"(1002827,)",uint64,Conversion factor to CGS (not including cosmological corrections),[1.]
Ma_xp_A1800_n60_r12_v00_90000_fof_0.0001_0000.hdf5,/rds/general/ephemeral/user/nny124/ephemeral/martian_moons_data/Ma_xp_A1800_n60_r12_v00_90000_fof_0.0001_0000.hdf5,PartType0/ParticleIDs,dataset,"(1002827,)",uint64,Conversion factor to physical CGS (including cosmological corrections),[1.]
Ma_xp_A1800_n60_r12_v00_90000_fof_0.0001_0000.hdf5,/rds/general/ephemeral/user/nny124/ephemeral/martian_moons_data/Ma_xp_A1800_n60_r12_v00_90000_fof_0.0001_0000.hdf5,PartType0/ParticleIDs,dataset,"(1002827,)",uint64,Description,b'Unique IDs of the particles'
Ma_xp_A1800_n60_r12_v00_90000_fof_0.0001_0000.hdf5,/rds/general/ephemeral/user/nny124/ephemeral/martian_moons_data/Ma_xp_A1800_n60_r12_v00_90000_fof_0.0001_0000.hdf5,PartType0/ParticleIDs,dataset,"(1002827,)",uint64,Expression for physical CGS units,b'[ - ] '
Ma_xp_A1800_n60_r12_v00_90000_fof_0.0001_0000.hdf5,/rds/general/ephemeral/user/nny124/ephemeral/martian_moons_data/Ma_xp_A1800_n60_r12_v00_90000_fof_0.0001_0000.hdf5,PartType0/ParticleIDs,dataset,"(1002827,)",uint64,Lossy compression filter,b'None'
Ma_xp_A1800_n60_r12_v00_90000_fof_0.0001_0000.hdf5,/rds/general/ephemeral/user/nny124/ephemeral/martian_moons_data/Ma_xp_A1800_n60_r12_v00_90000_fof_0.0001_0000.hdf5,PartType0/ParticleIDs,dataset,"(1002827,)",uint64,U_I exponent,[0.]
Ma_xp_A1800_n60_r12_v00_90000_fof_0.0001_0000.hdf5,/rds/general/ephemeral/user/nny124/ephemeral/martian_moons_data/Ma_xp_A1800_n60_r12_v00_90000_fof_0.0001_0000.hdf5,PartType0/ParticleIDs,dataset,"(1002827,)",uint64,U_L exponent,[0.]
Ma_xp_A1800_n60_r12_v00_90000_fof_0.0001_0000.hdf5,/rds/general/ephemeral/user/nny124/ephemeral/martian_moons_data/Ma_xp_A1800_n60_r12_v00_90000_fof_0.0001_0000.hdf5,PartType0/ParticleIDs,dataset,"(1002827,)",uint64,U_M exponent,[0.]
Ma_xp_A1800_n60_r12_v00_90000_fof_0.0001_0000.hdf5,/rds/general/ephemeral/user/nny124/ephemeral/martian_moons_data/Ma_xp_A1800_n60_r12_v00_90000_fof_0.0001_0000.hdf5,PartType0/ParticleIDs,dataset,"(1002827,)",uint64,U_T exponent,[0.]
Ma_xp_A1800_n60_r12_v00_90000_fof_0.0001_0000.hdf5,/rds/general/ephemeral/user/nny124/ephemeral/martian_moons_data/Ma_xp_A1800_n60_r12_v00_90000_fof_0.0001_0000.hdf5,PartType0/ParticleIDs,dataset,"(1002827,)",uint64,U_t exponent,[0.]
Ma_xp_A1800_n60_r12_v00_90000_fof_0.0001_0000.hdf5,/rds/general/ephemeral/user/nny124/ephemeral/martian_moons_data/Ma_xp_A1800_n60_r12_v00_90000_fof_0.0001_0000.hdf5,PartType0/ParticleIDs,dataset,"(1002827,)",uint64,a-scale exponent,[0.]
Ma_xp_A1800_n60_r12_v00_90000_fof_0.0001_0000.hdf5,/rds/general/ephemeral/user/nny124/ephemeral/martian_moons_data/Ma_xp_A1800_n60_r12_v00_90000_fof_0.0001_0000.hdf5,PartType0/ParticleIDs,dataset,"(1002827,)",uint64,h-scale exponent,[0.]
Ma_xp_A1800_n60_r12_v00_90000_fof_0.0001_0000.hdf5,/rds/general/ephemeral/user/nny124/ephemeral/martian_moons_data/Ma_xp_A1800_n60_r12_v00_90000_fof_0.0001_0000.hdf5,PartType0/Potentials,dataset,"(1002827,)",float32,Conversion factor to CGS (not including cosmological corrections),[1.e+16]
Ma_xp_A1800_n60_r12_v00_90000_fof_0.0001_0000.hdf5,/rds/general/ephemeral/user/nny124/ephemeral/martian_moons_data/Ma_xp_A1800_n60_r12_v00_90000_fof_0.0001_0000.hdf5,PartType0/Potentials,dataset,"(1002827,)",float32,Conversion factor to physical CGS (including cosmological corrections),[1.e+16]
Ma_xp_A1800_n60_r12_v00_90000_fof_0.0001_0000.hdf5,/rds/general/ephemeral/user/nny124/ephemeral/martian_moons_data/Ma_xp_A1800_n60_r12_v00_90000_fof_0.0001_0000.hdf5,PartType0/Potentials,dataset,"(1002827,)",float32,Description,b'Gravitational potentials of the particles'
Ma_xp_A1800_n60_r12_v00_90000_fof_0.0001_0000.hdf5,/rds/general/ephemeral/user/nny124/ephemeral/martian_moons_data/Ma_xp_A1800_n60_r12_v00_90000_fof_0.0001_0000.hdf5,PartType0/Potentials,dataset,"(1002827,)",float32,Expression for physical CGS units,b'U_L^2 U_t^-2  [ cm^2 s^-2 ]'
Ma_xp_A1800_n60_r12_v00_90000_fof_0.0001_0000.hdf5,/rds/general/ephemeral/user/nny124/ephemeral/martian_moons_data/Ma_xp_A1800_n60_r12_v00_90000_fof_0.0001_0000.hdf5,PartType0/Potentials,dataset,"(1002827,)",float32,Lossy compression filter,b'None'
Ma_xp_A1800_n60_r12_v00_90000_fof_0.0001_0000.hdf5,/rds/general/ephemeral/user/nny124/ephemeral/martian_moons_data/Ma_xp_A1800_n60_r12_v00_90000_fof_0.0001_0000.hdf5,PartType0/Potentials,dataset,"(1002827,)",float32,U_I exponent,[0.]
Ma_xp_A1800_n60_r12_v00_90000_fof_0.0001_0000.hdf5,/rds/general/ephemeral/user/nny124/ephemeral/martian_moons_data/Ma_xp_A1800_n60_r12_v00_90000_fof_0.0001_0000.hdf5,PartType0/Potentials,dataset,"(1002827,)",float32,U_L exponent,[2.]
Ma_xp_A1800_n60_r12_v00_90000_fof_0.0001_0000.hdf5,/rds/general/ephemeral/user/nny124/ephemeral/martian_moons_data/Ma_xp_A1800_n60_r12_v00_90000_fof_0.0001_0000.hdf5,PartType0/Potentials,dataset,"(1002827,)",float32,U_M exponent,[0.]
Ma_xp_A1800_n60_r12_v00_90000_fof_0.0001_0000.hdf5,/rds/general/ephemeral/user/nny124/ephemeral/martian_moons_data/Ma_xp_A1800_n60_r12_v00_90000_fof_0.0001_0000.hdf5,PartType0/Potentials,dataset,"(1002827,)",float32,U_T exponent,[0.]
Ma_xp_A1800_n60_r12_v00_90000_fof_0.0001_0000.hdf5,/rds/general/ephemeral/user/nny124/ephemeral/martian_moons_data/Ma_xp_A1800_n60_r12_v00_90000_fof_0.0001_0000.hdf5,PartType0/Potentials,dataset,"(1002827,)",float32,U_t exponent,[-2.]
Ma_xp_A1800_n60_r12_v00_90000_fof_0.0001_0000.hdf5,/rds/general/ephemeral/user/nny124/ephemeral/martian_moons_data/Ma_xp_A1800_n60_r12_v00_90000_fof_0.0001_0000.hdf5,PartType0/Potentials,dataset,"(1002827,)",float32,a-scale exponent,[0.]
Ma_xp_A1800_n60_r12_v00_90000_fof_0.0001_0000.hdf5,/rds/general/ephemeral/user/nny124/ephemeral/martian_moons_data/Ma_xp_A1800_n60_r12_v00_90000_fof_0.0001_0000.hdf5,PartType0/Potentials,dataset,"(1002827,)",float32,h-scale exponent,[0.]
Ma_xp_A1800_n60_r12_v00_90000_fof_0.0001_0000.hdf5,/rds/general/ephemeral/user/nny124/ephemeral/martian_moons_data/Ma_xp_A1800_n60_r12_v00_90000_fof_0.0001_0000.hdf5,PartType0/Pressures,dataset,"(1002827,)",float32,Conversion factor to CGS (not including cosmological corrections),[1.e+19]
Ma_xp_A1800_n60_r12_v00_90000_fof_0.0001_0000.hdf5,/rds/general/ephemeral/user/nny124/ephemeral/martian_moons_data/Ma_xp_A1800_n60_r12_v00_90000_fof_0.0001_0000.hdf5,PartType0/Pressures,dataset,"(1002827,)",float32,Conversion factor to physical CGS (including cosmological corrections),[1.e+19]
Ma_xp_A1800_n60_r12_v00_90000_fof_0.0001_0000.hdf5,/rds/general/ephemeral/user/nny124/ephemeral/martian_moons_data/Ma_xp_A1800_n60_r12_v00_90000_fof_0.0001_0000.hdf5,PartType0/Pressures,dataset,"(1002827,)",float32,Description,b'Pressures of the particles'
Ma_xp_A1800_n60_r12_v00_90000_fof_0.0001_0000.hdf5,/rds/general/ephemeral/user/nny124/ephemeral/martian_moons_data/Ma_xp_A1800_n60_r12_v00_90000_fof_0.0001_0000.hdf5,PartType0/Pressures,dataset,"(1002827,)",float32,Expression for physical CGS units,b'a^-5 U_M U_L^-1 U_t^-2  [ g cm^-1 s^-2 ]'
Ma_xp_A1800_n60_r12_v00_90000_fof_0.0001_0000.hdf5,/rds/general/ephemeral/user/nny124/ephemeral/martian_moons_data/Ma_xp_A1800_n60_r12_v00_90000_fof_0.0001_0000.hdf5,PartType0/Pressures,dataset,"(1002827,)",float32,Lossy compression filter,b'None'
Ma_xp_A1800_n60_r12_v00_90000_fof_0.0001_0000.hdf5,/rds/general/ephemeral/user/nny124/ephemeral/martian_moons_data/Ma_xp_A1800_n60_r12_v00_90000_fof_0.0001_0000.hdf5,PartType0/Pressures,dataset,"(1002827,)",float32,U_I exponent,[0.]
Ma_xp_A1800_n60_r12_v00_90000_fof_0.0001_0000.hdf5,/rds/general/ephemeral/user/nny124/ephemeral/martian_moons_data/Ma_xp_A1800_n60_r12_v00_90000_fof_0.0001_0000.hdf5,PartType0/Pressures,dataset,"(1002827,)",float32,U_L exponent,[-1.]
Ma_xp_A1800_n60_r12_v00_90000_fof_0.0001_0000.hdf5,/rds/general/ephemeral/user/nny124/ephemeral/martian_moons_data/Ma_xp_A1800_n60_r12_v00_90000_fof_0.0001_0000.hdf5,PartType0/Pressures,dataset,"(1002827,)",float32,U_M exponent,[1.]
Ma_xp_A1800_n60_r12_v00_90000_fof_0.0001_0000.hdf5,/rds/general/ephemeral/user/nny124/ephemeral/martian_moons_data/Ma_xp_A1800_n60_r12_v00_90000_fof_0.0001_0000.hdf5,PartType0/Pressures,dataset,"(1002827,)",float32,U_T exponent,[0.]
Ma_xp_A1800_n60_r12_v00_90000_fof_0.0001_0000.hdf5,/rds/general/ephemeral/user/nny124/ephemeral/martian_moons_data/Ma_xp_A1800_n60_r12_v00_90000_fof_0.0001_0000.hdf5,PartType0/Pressures,dataset,"(1002827,)",float32,U_t exponent,[-2.]
Ma_xp_A1800_n60_r12_v00_90000_fof_0.0001_0000.hdf5,/rds/general/ephemeral/user/nny124/ephemeral/martian_moons_data/Ma_xp_A1800_n60_r12_v00_90000_fof_0.0001_0000.hdf5,PartType0/Pressures,dataset,"(1002827,)",float32,a-scale exponent,[-5.]
Ma_xp_A1800_n60_r12_v00_90000_fof_0.0001_0000.hdf5,/rds/general/ephemeral/user/nny124/ephemeral/martian_moons_data/Ma_xp_A1800_n60_r12_v00_90000_fof_0.0001_0000.hdf5,PartType0/Pressures,dataset,"(1002827,)",float32,h-scale exponent,[0.]
Ma_xp_A1800_n60_r12_v00_90000_fof_0.0001_0000.hdf5,/rds/general/ephemeral/user/nny124/ephemeral/martian_moons_data/Ma_xp_A1800_n60_r12_v00_90000_fof_0.0001_0000.hdf5,PartType0/ProgenitorParticleIDs,dataset,"(1002827,)",int64,Conversion factor to CGS (not including cosmological corrections),[1.]
Ma_xp_A1800_n60_r12_v00_90000_fof_0.0001_0000.hdf5,/rds/general/ephemeral/user/nny124/ephemeral/martian_moons_data/Ma_xp_A1800_n60_r12_v00_90000_fof_0.0001_0000.hdf5,PartType0/ProgenitorParticleIDs,dataset,"(1002827,)",int64,Conversion factor to physical CGS (including cosmological corrections),[1.]
Ma_xp_A1800_n60_r12_v00_90000_fof_0.0001_0000.hdf5,/rds/general/ephemeral/user/nny124/ephemeral/martian_moons_data/Ma_xp_A1800_n60_r12_v00_90000_fof_0.0001_0000.hdf5,PartType0/ProgenitorParticleIDs,dataset,"(1002827,)",int64,Description,"b'ID of the progenitor of this particle. If this particle is the result of one (or many) splitting events, this ID co..."
Ma_xp_A1800_n60_r12_v00_90000_fof_0.0001_0000.hdf5,/rds/general/ephemeral/user/nny124/ephemeral/martian_moons_data/Ma_xp_A1800_n60_r12_v00_90000_fof_0.0001_0000.hdf5,PartType0/ProgenitorParticleIDs,dataset,"(1002827,)",int64,Expression for physical CGS units,b'[ - ] '
Ma_xp_A1800_n60_r12_v00_90000_fof_0.0001_0000.hdf5,/rds/general/ephemeral/user/nny124/ephemeral/martian_moons_data/Ma_xp_A1800_n60_r12_v00_90000_fof_0.0001_0000.hdf5,PartType0/ProgenitorParticleIDs,dataset,"(1002827,)",int64,Lossy compression filter,b'None'
Ma_xp_A1800_n60_r12_v00_90000_fof_0.0001_0000.hdf5,/rds/general/ephemeral/user/nny124/ephemeral/martian_moons_data/Ma_xp_A1800_n60_r12_v00_90000_fof_0.0001_0000.hdf5,PartType0/ProgenitorParticleIDs,dataset,"(1002827,)",int64,U_I exponent,[0.]
Ma_xp_A1800_n60_r12_v00_90000_fof_0.0001_0000.hdf5,/rds/general/ephemeral/user/nny124/ephemeral/martian_moons_data/Ma_xp_A1800_n60_r12_v00_90000_fof_0.0001_0000.hdf5,PartType0/ProgenitorParticleIDs,dataset,"(1002827,)",int64,U_L exponent,[0.]
Ma_xp_A1800_n60_r12_v00_90000_fof_0.0001_0000.hdf5,/rds/general/ephemeral/user/nny124/ephemeral/martian_moons_data/Ma_xp_A1800_n60_r12_v00_90000_fof_0.0001_0000.hdf5,PartType0/ProgenitorParticleIDs,dataset,"(1002827,)",int64,U_M exponent,[0.]
Ma_xp_A1800_n60_r12_v00_90000_fof_0.0001_0000.hdf5,/rds/general/ephemeral/user/nny124/ephemeral/martian_moons_data/Ma_xp_A1800_n60_r12_v00_90000_fof_0.0001_0000.hdf5,PartType0/ProgenitorParticleIDs,dataset,"(1002827,)",int64,U_T exponent,[0.]
Ma_xp_A1800_n60_r12_v00_90000_fof_0.0001_0000.hdf5,/rds/general/ephemeral/user/nny124/ephemeral/martian_moons_data/Ma_xp_A1800_n60_r12_v00_90000_fof_0.0001_0000.hdf5,PartType0/ProgenitorParticleIDs,dataset,"(1002827,)",int64,U_t exponent,[0.]
Ma_xp_A1800_n60_r12_v00_90000_fof_0.0001_0000.hdf5,/rds/general/ephemeral/user/nny124/ephemeral/martian_moons_data/Ma_xp_A1800_n60_r12_v00_90000_fof_0.0001_0000.hdf5,PartType0/ProgenitorParticleIDs,dataset,"(1002827,)",int64,a-scale exponent,[0.]
Ma_xp_A1800_n60_r12_v00_90000_fof_0.0001_0000.hdf5,/rds/general/ephemeral/user/nny124/ephemeral/martian_moons_data/Ma_xp_A1800_n60_r12_v00_90000_fof_0.0001_0000.hdf5,PartType0/ProgenitorParticleIDs,dataset,"(1002827,)",int64,h-scale exponent,[0.]
Ma_xp_A1800_n60_r12_v00_90000_fof_0.0001_0000.hdf5,/rds/general/ephemeral/user/nny124/ephemeral/martian_moons_data/Ma_xp_A1800_n60_r12_v00_90000_fof_0.0001_0000.hdf5,PartType0/SmoothingLengths,dataset,"(1002827,)",float32,Conversion factor to CGS (not including cosmological corrections),[1.e+08]
Ma_xp_A1800_n60_r12_v00_90000_fof_0.0001_0000.hdf5,/rds/general/ephemeral/user/nny124/ephemeral/martian_moons_data/Ma_xp_A1800_n60_r12_v00_90000_fof_0.0001_0000.hdf5,PartType0/SmoothingLengths,dataset,"(1002827,)",float32,Conversion factor to physical CGS (including cosmological corrections),[1.e+08]
Ma_xp_A1800_n60_r12_v00_90000_fof_0.0001_0000.hdf5,/rds/general/ephemeral/user/nny124/ephemeral/martian_moons_data/Ma_xp_A1800_n60_r12_v00_90000_fof_0.0001_0000.hdf5,PartType0/SmoothingLengths,dataset,"(1002827,)",float32,Description,b'Smoothing lengths (FWHM of the kernel) of the particles'
Ma_xp_A1800_n60_r12_v00_90000_fof_0.0001_0000.hdf5,/rds/general/ephemeral/user/nny124/ephemeral/martian_moons_data/Ma_xp_A1800_n60_r12_v00_90000_fof_0.0001_0000.hdf5,PartType0/SmoothingLengths,dataset,"(1002827,)",float32,Expression for physical CGS units,b'a U_L  [ cm ]'
Ma_xp_A1800_n60_r12_v00_90000_fof_0.0001_0000.hdf5,/rds/general/ephemeral/user/nny124/ephemeral/martian_moons_data/Ma_xp_A1800_n60_r12_v00_90000_fof_0.0001_0000.hdf5,PartType0/SmoothingLengths,dataset,"(1002827,)",float32,Lossy compression filter,b'None'
Ma_xp_A1800_n60_r12_v00_90000_fof_0.0001_0000.hdf5,/rds/general/ephemeral/user/nny124/ephemeral/martian_moons_data/Ma_xp_A1800_n60_r12_v00_90000_fof_0.0001_0000.hdf5,PartType0/SmoothingLengths,dataset,"(1002827,)",float32,U_I exponent,[0.]
Ma_xp_A1800_n60_r12_v00_90000_fof_0.0001_0000.hdf5,/rds/general/ephemeral/user/nny124/ephemeral/martian_moons_data/Ma_xp_A1800_n60_r12_v00_90000_fof_0.0001_0000.hdf5,PartType0/SmoothingLengths,dataset,"(1002827,)",float32,U_L exponent,[1.]
Ma_xp_A1800_n60_r12_v00_90000_fof_0.0001_0000.hdf5,/rds/general/ephemeral/user/nny124/ephemeral/martian_moons_data/Ma_xp_A1800_n60_r12_v00_90000_fof_0.0001_0000.hdf5,PartType0/SmoothingLengths,dataset,"(1002827,)",float32,U_M exponent,[0.]
Ma_xp_A1800_n60_r12_v00_90000_fof_0.0001_0000.hdf5,/rds/general/ephemeral/user/nny124/ephemeral/martian_moons_data/Ma_xp_A1800_n60_r12_v00_90000_fof_0.0001_0000.hdf5,PartType0/SmoothingLengths,dataset,"(1002827,)",float32,U_T exponent,[0.]
Ma_xp_A1800_n60_r12_v00_90000_fof_0.0001_0000.hdf5,/rds/general/ephemeral/user/nny124/ephemeral/martian_moons_data/Ma_xp_A1800_n60_r12_v00_90000_fof_0.0001_0000.hdf5,PartType0/SmoothingLengths,dataset,"(1002827,)",float32,U_t exponent,[0.]
Ma_xp_A1800_n60_r12_v00_90000_fof_0.0001_0000.hdf5,/rds/general/ephemeral/user/nny124/ephemeral/martian_moons_data/Ma_xp_A1800_n60_r12_v00_90000_fof_0.0001_0000.hdf5,PartType0/SmoothingLengths,dataset,"(1002827,)",float32,a-scale exponent,[1.]
Ma_xp_A1800_n60_r12_v00_90000_fof_0.0001_0000.hdf5,/rds/general/ephemeral/user/nny124/ephemeral/martian_moons_data/Ma_xp_A1800_n60_r12_v00_90000_fof_0.0001_0000.hdf5,PartType0/SmoothingLengths,dataset,"(1002827,)",float32,h-scale exponent,[0.]
Ma_xp_A1800_n60_r12_v00_90000_fof_0.0001_0000.hdf5,/rds/general/ephemeral/user/nny124/ephemeral/martian_moons_data/Ma_xp_A1800_n60_r12_v00_90000_fof_0.0001_0000.hdf5,PartType0/SplitCounts,dataset,"(1002827,)",uint8,Conversion factor to CGS (not including cosmological corrections),[1.]
Ma_xp_A1800_n60_r12_v00_90000_fof_0.0001_0000.hdf5,/rds/general/ephemeral/user/nny124/ephemeral/martian_moons_data/Ma_xp_A1800_n60_r12_v00_90000_fof_0.0001_0000.hdf5,PartType0/SplitCounts,dataset,"(1002827,)",uint8,Conversion factor to physical CGS (including cosmological corrections),[1.]
Ma_xp_A1800_n60_r12_v00_90000_fof_0.0001_0000.hdf5,/rds/general/ephemeral/user/nny124/ephemeral/martian_moons_data/Ma_xp_A1800_n60_r12_v00_90000_fof_0.0001_0000.hdf5,PartType0/SplitCounts,dataset,"(1002827,)",uint8,Description,b'Number of times this particle has been split. Note that both particles that take part in the splitting have counter...
Ma_xp_A1800_n60_r12_v00_90000_fof_0.0001_0000.hdf5,/rds/general/ephemeral/user/nny124/ephemeral/martian_moons_data/Ma_xp_A1800_n60_r12_v00_90000_fof_0.0001_0000.hdf5,PartType0/SplitCounts,dataset,"(1002827,)",uint8,Expression for physical CGS units,b'[ - ] '
Ma_xp_A1800_n60_r12_v00_90000_fof_0.0001_0000.hdf5,/rds/general/ephemeral/user/nny124/ephemeral/martian_moons_data/Ma_xp_A1800_n60_r12_v00_90000_fof_0.0001_0000.hdf5,PartType0/SplitCounts,dataset,"(1002827,)",uint8,Lossy compression filter,b'None'
Ma_xp_A1800_n60_r12_v00_90000_fof_0.0001_0000.hdf5,/rds/general/ephemeral/user/nny124/ephemeral/martian_moons_data/Ma_xp_A1800_n60_r12_v00_90000_fof_0.0001_0000.hdf5,PartType0/SplitCounts,dataset,"(1002827,)",uint8,U_I exponent,[0.]
Ma_xp_A1800_n60_r12_v00_90000_fof_0.0001_0000.hdf5,/rds/general/ephemeral/user/nny124/ephemeral/martian_moons_data/Ma_xp_A1800_n60_r12_v00_90000_fof_0.0001_0000.hdf5,PartType0/SplitCounts,dataset,"(1002827,)",uint8,U_L exponent,[0.]
Ma_xp_A1800_n60_r12_v00_90000_fof_0.0001_0000.hdf5,/rds/general/ephemeral/user/nny124/ephemeral/martian_moons_data/Ma_xp_A1800_n60_r12_v00_90000_fof_0.0001_0000.hdf5,PartType0/SplitCounts,dataset,"(1002827,)",uint8,U_M exponent,[0.]
Ma_xp_A1800_n60_r12_v00_90000_fof_0.0001_0000.hdf5,/rds/general/ephemeral/user/nny124/ephemeral/martian_moons_data/Ma_xp_A1800_n60_r12_v00_90000_fof_0.0001_0000.hdf5,PartType0/SplitCounts,dataset,"(1002827,)",uint8,U_T exponent,[0.]
Ma_xp_A1800_n60_r12_v00_90000_fof_0.0001_0000.hdf5,/rds/general/ephemeral/user/nny124/ephemeral/martian_moons_data/Ma_xp_A1800_n60_r12_v00_90000_fof_0.0001_0000.hdf5,PartType0/SplitCounts,dataset,"(1002827,)",uint8,U_t exponent,[0.]
Ma_xp_A1800_n60_r12_v00_90000_fof_0.0001_0000.hdf5,/rds/general/ephemeral/user/nny124/ephemeral/martian_moons_data/Ma_xp_A1800_n60_r12_v00_90000_fof_0.0001_0000.hdf5,PartType0/SplitCounts,dataset,"(1002827,)",uint8,a-scale exponent,[0.]
Ma_xp_A1800_n60_r12_v00_90000_fof_0.0001_0000.hdf5,/rds/general/ephemeral/user/nny124/ephemeral/martian_moons_data/Ma_xp_A1800_n60_r12_v00_90000_fof_0.0001_0000.hdf5,PartType0/SplitCounts,dataset,"(1002827,)",uint8,h-scale exponent,[0.]
Ma_xp_A1800_n60_r12_v00_90000_fof_0.0001_0000.hdf5,/rds/general/ephemeral/user/nny124/ephemeral/martian_moons_data/Ma_xp_A1800_n60_r12_v00_90000_fof_0.0001_0000.hdf5,PartType0/SplitTrees,dataset,"(1002827,)",int64,Conversion factor to CGS (not including cosmological corrections),[1.]
Ma_xp_A1800_n60_r12_v00_90000_fof_0.0001_0000.hdf5,/rds/general/ephemeral/user/nny124/ephemeral/martian_moons_data/Ma_xp_A1800_n60_r12_v00_90000_fof_0.0001_0000.hdf5,PartType0/SplitTrees,dataset,"(1002827,)",int64,Conversion factor to physical CGS (including cosmological corrections),[1.]
Ma_xp_A1800_n60_r12_v00_90000_fof_0.0001_0000.hdf5,/rds/general/ephemeral/user/nny124/ephemeral/martian_moons_data/Ma_xp_A1800_n60_r12_v00_90000_fof_0.0001_0000.hdf5,PartType0/SplitTrees,dataset,"(1002827,)",int64,Description,b'Binary tree describing splitting events. Particles that keep the original ID have a value of zero in a splitting ev...
Ma_xp_A1800_n60_r12_v00_90000_fof_0.0001_0000.hdf5,/rds/general/ephemeral/user/nny124/ephemeral/martian_moons_data/Ma_xp_A1800_n60_r12_v00_90000_fof_0.0001_0000.hdf5,PartType0/SplitTrees,dataset,"(1002827,)",int64,Expression for physical CGS units,b'[ - ] '
Ma_xp_A1800_n60_r12_v00_90000_fof_0.0001_0000.hdf5,/rds/general/ephemeral/user/nny124/ephemeral/martian_moons_data/Ma_xp_A1800_n60_r12_v00_90000_fof_0.0001_0000.hdf5,PartType0/SplitTrees,dataset,"(1002827,)",int64,Lossy compression filter,b'None'
Ma_xp_A1800_n60_r12_v00_90000_fof_0.0001_0000.hdf5,/rds/general/ephemeral/user/nny124/ephemeral/martian_moons_data/Ma_xp_A1800_n60_r12_v00_90000_fof_0.0001_0000.hdf5,PartType0/SplitTrees,dataset,"(1002827,)",int64,U_I exponent,[0.]
Ma_xp_A1800_n60_r12_v00_90000_fof_0.0001_0000.hdf5,/rds/general/ephemeral/user/nny124/ephemeral/martian_moons_data/Ma_xp_A1800_n60_r12_v00_90000_fof_0.0001_0000.hdf5,PartType0/SplitTrees,dataset,"(1002827,)",int64,U_L exponent,[0.]
Ma_xp_A1800_n60_r12_v00_90000_fof_0.0001_0000.hdf5,/rds/general/ephemeral/user/nny124/ephemeral/martian_moons_data/Ma_xp_A1800_n60_r12_v00_90000_fof_0.0001_0000.hdf5,PartType0/SplitTrees,dataset,"(1002827,)",int64,U_M exponent,[0.]
Ma_xp_A1800_n60_r12_v00_90000_fof_0.0001_0000.hdf5,/rds/general/ephemeral/user/nny124/ephemeral/martian_moons_data/Ma_xp_A1800_n60_r12_v00_90000_fof_0.0001_0000.hdf5,PartType0/SplitTrees,dataset,"(1002827,)",int64,U_T exponent,[0.]
Ma_xp_A1800_n60_r12_v00_90000_fof_0.0001_0000.hdf5,/rds/general/ephemeral/user/nny124/ephemeral/martian_moons_data/Ma_xp_A1800_n60_r12_v00_90000_fof_0.0001_0000.hdf5,PartType0/SplitTrees,dataset,"(1002827,)",int64,U_t exponent,[0.]
Ma_xp_A1800_n60_r12_v00_90000_fof_0.0001_0000.hdf5,/rds/general/ephemeral/user/nny124/ephemeral/martian_moons_data/Ma_xp_A1800_n60_r12_v00_90000_fof_0.0001_0000.hdf5,PartType0/SplitTrees,dataset,"(1002827,)",int64,a-scale exponent,[0.]
Ma_xp_A1800_n60_r12_v00_90000_fof_0.0001_0000.hdf5,/rds/general/ephemeral/user/nny124/ephemeral/martian_moons_data/Ma_xp_A1800_n60_r12_v00_90000_fof_0.0001_0000.hdf5,PartType0/SplitTrees,dataset,"(1002827,)",int64,h-scale exponent,[0.]
Ma_xp_A1800_n60_r12_v00_90000_fof_0.0001_0000.hdf5,/rds/general/ephemeral/user/nny124/ephemeral/martian_moons_data/Ma_xp_A1800_n60_r12_v00_90000_fof_0.0001_0000.hdf5,PartType0/Velocities,dataset,"(1002827, 3)",float32,Conversion factor to CGS (not including cosmological corrections),[1.e+08]
Ma_xp_A1800_n60_r12_v00_90000_fof_0.0001_0000.hdf5,/rds/general/ephemeral/user/nny124/ephemeral/martian_moons_data/Ma_xp_A1800_n60_r12_v00_90000_fof_0.0001_0000.hdf5,PartType0/Velocities,dataset,"(1002827, 3)",float32,Conversion factor to physical CGS (including cosmological corrections),[1.e+08]
Ma_xp_A1800_n60_r12_v00_90000_fof_0.0001_0000.hdf5,/rds/general/ephemeral/user/nny124/ephemeral/martian_moons_data/Ma_xp_A1800_n60_r12_v00_90000_fof_0.0001_0000.hdf5,PartType0/Velocities,dataset,"(1002827, 3)",float32,Description,b'Velocities of the particles'
Ma_xp_A1800_n60_r12_v00_90000_fof_0.0001_0000.hdf5,/rds/general/ephemeral/user/nny124/ephemeral/martian_moons_data/Ma_xp_A1800_n60_r12_v00_90000_fof_0.0001_0000.hdf5,PartType0/Velocities,dataset,"(1002827, 3)",float32,Expression for physical CGS units,b'U_L U_t^-1  [ cm s^-1 ]'
Ma_xp_A1800_n60_r12_v00_90000_fof_0.0001_0000.hdf5,/rds/general/ephemeral/user/nny124/ephemeral/martian_moons_data/Ma_xp_A1800_n60_r12_v00_90000_fof_0.0001_0000.hdf5,PartType0/Velocities,dataset,"(1002827, 3)",float32,Lossy compression filter,b'None'
Ma_xp_A1800_n60_r12_v00_90000_fof_0.0001_0000.hdf5,/rds/general/ephemeral/user/nny124/ephemeral/martian_moons_data/Ma_xp_A1800_n60_r12_v00_90000_fof_0.0001_0000.hdf5,PartType0/Velocities,dataset,"(1002827, 3)",float32,U_I exponent,[0.]
Ma_xp_A1800_n60_r12_v00_90000_fof_0.0001_0000.hdf5,/rds/general/ephemeral/user/nny124/ephemeral/martian_moons_data/Ma_xp_A1800_n60_r12_v00_90000_fof_0.0001_0000.hdf5,PartType0/Velocities,dataset,"(1002827, 3)",float32,U_L exponent,[1.]
Ma_xp_A1800_n60_r12_v00_90000_fof_0.0001_0000.hdf5,/rds/general/ephemeral/user/nny124/ephemeral/martian_moons_data/Ma_xp_A1800_n60_r12_v00_90000_fof_0.0001_0000.hdf5,PartType0/Velocities,dataset,"(1002827, 3)",float32,U_M exponent,[0.]
Ma_xp_A1800_n60_r12_v00_90000_fof_0.0001_0000.hdf5,/rds/general/ephemeral/user/nny124/ephemeral/martian_moons_data/Ma_xp_A1800_n60_r12_v00_90000_fof_0.0001_0000.hdf5,PartType0/Velocities,dataset,"(1002827, 3)",float32,U_T exponent,[0.]
Ma_xp_A1800_n60_r12_v00_90000_fof_0.0001_0000.hdf5,/rds/general/ephemeral/user/nny124/ephemeral/martian_moons_data/Ma_xp_A1800_n60_r12_v00_90000_fof_0.0001_0000.hdf5,PartType0/Velocities,dataset,"(1002827, 3)",float32,U_t exponent,[-1.]
Ma_xp_A1800_n60_r12_v00_90000_fof_0.0001_0000.hdf5,/rds/general/ephemeral/user/nny124/ephemeral/martian_moons_data/Ma_xp_A1800_n60_r12_v00_90000_fof_0.0001_0000.hdf5,PartType0/Velocities,dataset,"(1002827, 3)",float32,a-scale exponent,[0.]
Ma_xp_A1800_n60_r12_v00_90000_fof_0.0001_0000.hdf5,/rds/general/ephemeral/user/nny124/ephemeral/martian_moons_data/Ma_xp_A1800_n60_r12_v00_90000_fof_0.0001_0000.hdf5,PartType0/Velocities,dataset,"(1002827, 3)",float32,h-scale exponent,[0.]
Ma_xp_A1800_n60_r12_v00_90000_fof_0.0001_0000.hdf5,/rds/general/ephemeral/user/nny124/ephemeral/martian_moons_data/Ma_xp_A1800_n60_r12_v00_90000_fof_0.0001_0000.hdf5,PhysicalConstants,group,,,Constants choice,b'SWIFT defaults (PDG 2019)'
Ma_xp_A1800_n60_r12_v00_90000_fof_0.0001_0000.hdf5,/rds/general/ephemeral/user/nny124/ephemeral/martian_moons_data/Ma_xp_A1800_n60_r12_v00_90000_fof_0.0001_0000.hdf5,PhysicalConstants/CGS,group,,,T_CMB_0,[2.7255]
Ma_xp_A1800_n60_r12_v00_90000_fof_0.0001_0000.hdf5,/rds/general/ephemeral/user/nny124/ephemeral/martian_moons_data/Ma_xp_A1800_n60_r12_v00_90000_fof_0.0001_0000.hdf5,PhysicalConstants/CGS,group,,,astronomical_unit,[1.49597871e+13]
Ma_xp_A1800_n60_r12_v00_90000_fof_0.0001_0000.hdf5,/rds/general/ephemeral/user/nny124/ephemeral/martian_moons_data/Ma_xp_A1800_n60_r12_v00_90000_fof_0.0001_0000.hdf5,PhysicalConstants/CGS,group,,,avogadro_number,[6.02214076e+23]
Ma_xp_A1800_n60_r12_v00_90000_fof_0.0001_0000.hdf5,/rds/general/ephemeral/user/nny124/ephemeral/martian_moons_data/Ma_xp_A1800_n60_r12_v00_90000_fof_0.0001_0000.hdf5,PhysicalConstants/CGS,group,,,boltzmann_k,[1.380649e-16]
Ma_xp_A1800_n60_r12_v00_90000_fof_0.0001_0000.hdf5,/rds/general/ephemeral/user/nny124/ephemeral/martian_moons_data/Ma_xp_A1800_n60_r12_v00_90000_fof_0.0001_0000.hdf5,PhysicalConstants/CGS,group,,,caseb_recomb,[2.6e-13]
Ma_xp_A1800_n60_r12_v00_90000_fof_0.0001_0000.hdf5,/rds/general/ephemeral/user/nny124/ephemeral/martian_moons_data/Ma_xp_A1800_n60_r12_v00_90000_fof_0.0001_0000.hdf5,PhysicalConstants/CGS,group,,,earth_mass,[5.97217e+27]
Ma_xp_A1800_n60_r12_v00_90000_fof_0.0001_0000.hdf5,/rds/general/ephemeral/user/nny124/ephemeral/martian_moons_data/Ma_xp_A1800_n60_r12_v00_90000_fof_0.0001_0000.hdf5,PhysicalConstants/CGS,group,,,electron_charge,[1.60217663e-19]
Ma_xp_A1800_n60_r12_v00_90000_fof_0.0001_0000.hdf5,/rds/general/ephemeral/user/nny124/ephemeral/martian_moons_data/Ma_xp_A1800_n60_r12_v00_90000_fof_0.0001_0000.hdf5,PhysicalConstants/CGS,group,,,electron_mass,[9.1093837e-28]
Ma_xp_A1800_n60_r12_v00_90000_fof_0.0001_0000.hdf5,/rds/general/ephemeral/user/nny124/ephemeral/martian_moons_data/Ma_xp_A1800_n60_r12_v00_90000_fof_0.0001_0000.hdf5,PhysicalConstants/CGS,group,,,electron_volt,[1.60217663e-12]
Ma_xp_A1800_n60_r12_v00_90000_fof_0.0001_0000.hdf5,/rds/general/ephemeral/user/nny124/ephemeral/martian_moons_data/Ma_xp_A1800_n60_r12_v00_90000_fof_0.0001_0000.hdf5,PhysicalConstants/CGS,group,,,light_year,[9.46063e+17]
Ma_xp_A1800_n60_r12_v00_90000_fof_0.0001_0000.hdf5,/rds/general/ephemeral/user/nny124/ephemeral/martian_moons_data/Ma_xp_A1800_n60_r12_v00_90000_fof_0.0001_0000.hdf5,PhysicalConstants/CGS,group,,,newton_G,[6.6743e-08]
Ma_xp_A1800_n60_r12_v00_90000_fof_0.0001_0000.hdf5,/rds/general/ephemeral/user/nny124/ephemeral/martian_moons_data/Ma_xp_A1800_n60_r12_v00_90000_fof_0.0001_0000.hdf5,PhysicalConstants/CGS,group,,,parsec,[3.08567758e+18]
Ma_xp_A1800_n60_r12_v00_90000_fof_0.0001_0000.hdf5,/rds/general/ephemeral/user/nny124/ephemeral/martian_moons_data/Ma_xp_A1800_n60_r12_v00_90000_fof_0.0001_0000.hdf5,PhysicalConstants/CGS,group,,,planck_h,[6.62607015e-27]
Ma_xp_A1800_n60_r12_v00_90000_fof_0.0001_0000.hdf5,/rds/general/ephemeral/user/nny124/ephemeral/martian_moons_data/Ma_xp_A1800_n60_r12_v00_90000_fof_0.0001_0000.hdf5,PhysicalConstants/CGS,group,,,planck_hbar,[1.05457182e-27]
Ma_xp_A1800_n60_r12_v00_90000_fof_0.0001_0000.hdf5,/rds/general/ephemeral/user/nny124/ephemeral/martian_moons_data/Ma_xp_A1800_n60_r12_v00_90000_fof_0.0001_0000.hdf5,PhysicalConstants/CGS,group,,,primordial_He_fraction,[0.248]
Ma_xp_A1800_n60_r12_v00_90000_fof_0.0001_0000.hdf5,/rds/general/ephemeral/user/nny124/ephemeral/martian_moons_data/Ma_xp_A1800_n60_r12_v00_90000_fof_0.0001_0000.hdf5,PhysicalConstants/CGS,group,,,proton_mass,[1.67262192e-24]
Ma_xp_A1800_n60_r12_v00_90000_fof_0.0001_0000.hdf5,/rds/general/ephemeral/user/nny124/ephemeral/martian_moons_data/Ma_xp_A1800_n60_r12_v00_90000_fof_0.0001_0000.hdf5,PhysicalConstants/CGS,group,,,reduced_hubble,[3.24077929e-18]
Ma_xp_A1800_n60_r12_v00_90000_fof_0.0001_0000.hdf5,/rds/general/ephemeral/user/nny124/ephemeral/martian_moons_data/Ma_xp_A1800_n60_r12_v00_90000_fof_0.0001_0000.hdf5,PhysicalConstants/CGS,group,,,solar_mass,[1.98841e+33]
Ma_xp_A1800_n60_r12_v00_90000_fof_0.0001_0000.hdf5,/rds/general/ephemeral/user/nny124/ephemeral/martian_moons_data/Ma_xp_A1800_n60_r12_v00_90000_fof_0.0001_0000.hdf5,PhysicalConstants/CGS,group,,,speed_light_c,[2.99792458e+10]
Ma_xp_A1800_n60_r12_v00_90000_fof_0.0001_0000.hdf5,/rds/general/ephemeral/user/nny124/ephemeral/martian_moons_data/Ma_xp_A1800_n60_r12_v00_90000_fof_0.0001_0000.hdf5,PhysicalConstants/CGS,group,,,stefan_boltzmann,[5.67037442e-05]
Ma_xp_A1800_n60_r12_v00_90000_fof_0.0001_0000.hdf5,/rds/general/ephemeral/user/nny124/ephemeral/martian_moons_data/Ma_xp_A1800_n60_r12_v00_90000_fof_0.0001_0000.hdf5,PhysicalConstants/CGS,group,,,thomson_cross_section,[6.65245873e-25]
Ma_xp_A1800_n60_r12_v00_90000_fof_0.0001_0000.hdf5,/rds/general/ephemeral/user/nny124/ephemeral/martian_moons_data/Ma_xp_A1800_n60_r12_v00_90000_fof_0.0001_0000.hdf5,PhysicalConstants/CGS,group,,,year,[31556925.1]
Ma_xp_A1800_n60_r12_v00_90000_fof_0.0001_0000.hdf5,/rds/general/ephemeral/user/nny124/ephemeral/martian_moons_data/Ma_xp_A1800_n60_r12_v00_90000_fof_0.0001_0000.hdf5,PhysicalConstants/InternalUnits,group,,,T_CMB_0,[2.7255]
Ma_xp_A1800_n60_r12_v00_90000_fof_0.0001_0000.hdf5,/rds/general/ephemeral/user/nny124/ephemeral/martian_moons_data/Ma_xp_A1800_n60_r12_v00_90000_fof_0.0001_0000.hdf5,PhysicalConstants/InternalUnits,group,,,astronomical_unit,[149597.8707]
Ma_xp_A1800_n60_r12_v00_90000_fof_0.0001_0000.hdf5,/rds/general/ephemeral/user/nny124/ephemeral/martian_moons_data/Ma_xp_A1800_n60_r12_v00_90000_fof_0.0001_0000.hdf5,PhysicalConstants/InternalUnits,group,,,avogadro_number,[6.02214076e+23]
Ma_xp_A1800_n60_r12_v00_90000_fof_0.0001_0000.hdf5,/rds/general/ephemeral/user/nny124/ephemeral/martian_moons_data/Ma_xp_A1800_n60_r12_v00_90000_fof_0.0001_0000.hdf5,PhysicalConstants/InternalUnits,group,,,boltzmann_k,[1.380649e-59]
Ma_xp_A1800_n60_r12_v00_90000_fof_0.0001_0000.hdf5,/rds/general/ephemeral/user/nny124/ephemeral/martian_moons_data/Ma_xp_A1800_n60_r12_v00_90000_fof_0.0001_0000.hdf5,PhysicalConstants/InternalUnits,group,,,caseb_recomb,[2.6e-37]
Ma_xp_A1800_n60_r12_v00_90000_fof_0.0001_0000.hdf5,/rds/general/ephemeral/user/nny124/ephemeral/martian_moons_data/Ma_xp_A1800_n60_r12_v00_90000_fof_0.0001_0000.hdf5,PhysicalConstants/InternalUnits,group,,,earth_mass,[5.97217]
Ma_xp_A1800_n60_r12_v00_90000_fof_0.0001_0000.hdf5,/rds/general/ephemeral/user/nny124/ephemeral/martian_moons_data/Ma_xp_A1800_n60_r12_v00_90000_fof_0.0001_0000.hdf5,PhysicalConstants/InternalUnits,group,,,electron_charge,[1.60217663e-19]
Ma_xp_A1800_n60_r12_v00_90000_fof_0.0001_0000.hdf5,/rds/general/ephemeral/user/nny124/ephemeral/martian_moons_data/Ma_xp_A1800_n60_r12_v00_90000_fof_0.0001_0000.hdf5,PhysicalConstants/InternalUnits,group,,,electron_mass,[9.1093837e-55]
Ma_xp_A1800_n60_r12_v00_90000_fof_0.0001_0000.hdf5,/rds/general/ephemeral/user/nny124/ephemeral/martian_moons_data/Ma_xp_A1800_n60_r12_v00_90000_fof_0.0001_0000.hdf5,PhysicalConstants/InternalUnits,group,,,electron_volt,[1.60217663e-55]
Ma_xp_A1800_n60_r12_v00_90000_fof_0.0001_0000.hdf5,/rds/general/ephemeral/user/nny124/ephemeral/martian_moons_data/Ma_xp_A1800_n60_r12_v00_90000_fof_0.0001_0000.hdf5,PhysicalConstants/InternalUnits,group,,,light_year,[9.46063e+09]
Ma_xp_A1800_n60_r12_v00_90000_fof_0.0001_0000.hdf5,/rds/general/ephemeral/user/nny124/ephemeral/martian_moons_data/Ma_xp_A1800_n60_r12_v00_90000_fof_0.0001_0000.hdf5,PhysicalConstants/InternalUnits,group,,,newton_G,[6.6743e-05]
Ma_xp_A1800_n60_r12_v00_90000_fof_0.0001_0000.hdf5,/rds/general/ephemeral/user/nny124/ephemeral/martian_moons_data/Ma_xp_A1800_n60_r12_v00_90000_fof_0.0001_0000.hdf5,PhysicalConstants/InternalUnits,group,,,parsec,[3.08567758e+10]
Ma_xp_A1800_n60_r12_v00_90000_fof_0.0001_0000.hdf5,/rds/general/ephemeral/user/nny124/ephemeral/martian_moons_data/Ma_xp_A1800_n60_r12_v00_90000_fof_0.0001_0000.hdf5,PhysicalConstants/InternalUnits,group,,,planck_h,[6.62607015e-70]
Ma_xp_A1800_n60_r12_v00_90000_fof_0.0001_0000.hdf5,/rds/general/ephemeral/user/nny124/ephemeral/martian_moons_data/Ma_xp_A1800_n60_r12_v00_90000_fof_0.0001_0000.hdf5,PhysicalConstants/InternalUnits,group,,,planck_hbar,[1.05457182e-70]
Ma_xp_A1800_n60_r12_v00_90000_fof_0.0001_0000.hdf5,/rds/general/ephemeral/user/nny124/ephemeral/martian_moons_data/Ma_xp_A1800_n60_r12_v00_90000_fof_0.0001_0000.hdf5,PhysicalConstants/InternalUnits,group,,,primordial_He_fraction,[0.248]
Ma_xp_A1800_n60_r12_v00_90000_fof_0.0001_0000.hdf5,/rds/general/ephemeral/user/nny124/ephemeral/martian_moons_data/Ma_xp_A1800_n60_r12_v00_90000_fof_0.0001_0000.hdf5,PhysicalConstants/InternalUnits,group,,,proton_mass,[1.67262192e-51]
Ma_xp_A1800_n60_r12_v00_90000_fof_0.0001_0000.hdf5,/rds/general/ephemeral/user/nny124/ephemeral/martian_moons_data/Ma_xp_A1800_n60_r12_v00_90000_fof_0.0001_0000.hdf5,PhysicalConstants/InternalUnits,group,,,reduced_hubble,[3.24077929e-18]
Ma_xp_A1800_n60_r12_v00_90000_fof_0.0001_0000.hdf5,/rds/general/ephemeral/user/nny124/ephemeral/martian_moons_data/Ma_xp_A1800_n60_r12_v00_90000_fof_0.0001_0000.hdf5,PhysicalConstants/InternalUnits,group,,,solar_mass,[1988410.]
Ma_xp_A1800_n60_r12_v00_90000_fof_0.0001_0000.hdf5,/rds/general/ephemeral/user/nny124/ephemeral/martian_moons_data/Ma_xp_A1800_n60_r12_v00_90000_fof_0.0001_0000.hdf5,PhysicalConstants/InternalUnits,group,,,speed_light_c,[299.792458]
Ma_xp_A1800_n60_r12_v00_90000_fof_0.0001_0000.hdf5,/rds/general/ephemeral/user/nny124/ephemeral/martian_moons_data/Ma_xp_A1800_n60_r12_v00_90000_fof_0.0001_0000.hdf5,PhysicalConstants/InternalUnits,group,,,stefan_boltzmann,[5.67037442e-32]
Ma_xp_A1800_n60_r12_v00_90000_fof_0.0001_0000.hdf5,/rds/general/ephemeral/user/nny124/ephemeral/martian_moons_data/Ma_xp_A1800_n60_r12_v00_90000_fof_0.0001_0000.hdf5,PhysicalConstants/InternalUnits,group,,,thomson_cross_section,[6.65245873e-41]
Ma_xp_A1800_n60_r12_v00_90000_fof_0.0001_0000.hdf5,/rds/general/ephemeral/user/nny124/ephemeral/martian_moons_data/Ma_xp_A1800_n60_r12_v00_90000_fof_0.0001_0000.hdf5,PhysicalConstants/InternalUnits,group,,,year,[31556925.1]
Ma_xp_A1800_n60_r12_v00_90000_fof_0.0001_0000.hdf5,/rds/general/ephemeral/user/nny124/ephemeral/martian_moons_data/Ma_xp_A1800_n60_r12_v00_90000_fof_0.0001_0000.hdf5,Policy,group,,,black holes,[0]
Ma_xp_A1800_n60_r12_v00_90000_fof_0.0001_0000.hdf5,/rds/general/ephemeral/user/nny124/ephemeral/martian_moons_data/Ma_xp_A1800_n60_r12_v00_90000_fof_0.0001_0000.hdf5,Policy,group,,,block,[0]
Ma_xp_A1800_n60_r12_v00_90000_fof_0.0001_0000.hdf5,/rds/general/ephemeral/user/nny124/ephemeral/martian_moons_data/Ma_xp_A1800_n60_r12_v00_90000_fof_0.0001_0000.hdf5,Policy,group,,,cooling,[0]
Ma_xp_A1800_n60_r12_v00_90000_fof_0.0001_0000.hdf5,/rds/general/ephemeral/user/nny124/ephemeral/martian_moons_data/Ma_xp_A1800_n60_r12_v00_90000_fof_0.0001_0000.hdf5,Policy,group,,,cosmological integration,[0]
Ma_xp_A1800_n60_r12_v00_90000_fof_0.0001_0000.hdf5,/rds/general/ephemeral/user/nny124/ephemeral/martian_moons_data/Ma_xp_A1800_n60_r12_v00_90000_fof_0.0001_0000.hdf5,Policy,group,,,cpu tight,[0]
Ma_xp_A1800_n60_r12_v00_90000_fof_0.0001_0000.hdf5,/rds/general/ephemeral/user/nny124/ephemeral/martian_moons_data/Ma_xp_A1800_n60_r12_v00_90000_fof_0.0001_0000.hdf5,Policy,group,,,csds,[0]
Ma_xp_A1800_n60_r12_v00_90000_fof_0.0001_0000.hdf5,/rds/general/ephemeral/user/nny124/ephemeral/martian_moons_data/Ma_xp_A1800_n60_r12_v00_90000_fof_0.0001_0000.hdf5,Policy,group,,,drift everything,[0]
Ma_xp_A1800_n60_r12_v00_90000_fof_0.0001_0000.hdf5,/rds/general/ephemeral/user/nny124/ephemeral/martian_moons_data/Ma_xp_A1800_n60_r12_v00_90000_fof_0.0001_0000.hdf5,Policy,group,,,external gravity,[0]
Ma_xp_A1800_n60_r12_v00_90000_fof_0.0001_0000.hdf5,/rds/general/ephemeral/user/nny124/ephemeral/martian_moons_data/Ma_xp_A1800_n60_r12_v00_90000_fof_0.0001_0000.hdf5,Policy,group,,,feedback,[0]
Ma_xp_A1800_n60_r12_v00_90000_fof_0.0001_0000.hdf5,/rds/general/ephemeral/user/nny124/ephemeral/martian_moons_data/Ma_xp_A1800_n60_r12_v00_90000_fof_0.0001_0000.hdf5,Policy,group,,,fof search,[1]
Ma_xp_A1800_n60_r12_v00_90000_fof_0.0001_0000.hdf5,/rds/general/ephemeral/user/nny124/ephemeral/martian_moons_data/Ma_xp_A1800_n60_r12_v00_90000_fof_0.0001_0000.hdf5,Policy,group,,,hydro,[0]
Ma_xp_A1800_n60_r12_v00_90000_fof_0.0001_0000.hdf5,/rds/general/ephemeral/user/nny124/ephemeral/martian_moons_data/Ma_xp_A1800_n60_r12_v00_90000_fof_0.0001_0000.hdf5,Policy,group,,,keep,[1]
Ma_xp_A1800_n60_r12_v00_90000_fof_0.0001_0000.hdf5,/rds/general/ephemeral/user/nny124/ephemeral/martian_moons_data/Ma_xp_A1800_n60_r12_v00_90000_fof_0.0001_0000.hdf5,Policy,group,,,line of sight,[0]
Ma_xp_A1800_n60_r12_v00_90000_fof_0.0001_0000.hdf5,/rds/general/ephemeral/user/nny124/ephemeral/martian_moons_data/Ma_xp_A1800_n60_r12_v00_90000_fof_0.0001_0000.hdf5,Policy,group,,,mpi,[0]
Ma_xp_A1800_n60_r12_v00_90000_fof_0.0001_0000.hdf5,/rds/general/ephemeral/user/nny124/ephemeral/martian_moons_data/Ma_xp_A1800_n60_r12_v00_90000_fof_0.0001_0000.hdf5,Policy,group,,,numa affinity,[1]
Ma_xp_A1800_n60_r12_v00_90000_fof_0.0001_0000.hdf5,/rds/general/ephemeral/user/nny124/ephemeral/martian_moons_data/Ma_xp_A1800_n60_r12_v00_90000_fof_0.0001_0000.hdf5,Policy,group,,,reconstruct multi-poles,[0]
Ma_xp_A1800_n60_r12_v00_90000_fof_0.0001_0000.hdf5,/rds/general/ephemeral/user/nny124/ephemeral/martian_moons_data/Ma_xp_A1800_n60_r12_v00_90000_fof_0.0001_0000.hdf5,Policy,group,,,rt,[0]
Ma_xp_A1800_n60_r12_v00_90000_fof_0.0001_0000.hdf5,/rds/general/ephemeral/user/nny124/ephemeral/martian_moons_data/Ma_xp_A1800_n60_r12_v00_90000_fof_0.0001_0000.hdf5,Policy,group,,,self gravity,[1]
Ma_xp_A1800_n60_r12_v00_90000_fof_0.0001_0000.hdf5,/rds/general/ephemeral/user/nny124/ephemeral/martian_moons_data/Ma_xp_A1800_n60_r12_v00_90000_fof_0.0001_0000.hdf5,Policy,group,,,sink,[0]
Ma_xp_A1800_n60_r12_v00_90000_fof_0.0001_0000.hdf5,/rds/general/ephemeral/user/nny124/ephemeral/martian_moons_data/Ma_xp_A1800_n60_r12_v00_90000_fof_0.0001_0000.hdf5,Policy,group,,,star formation,[0]
Ma_xp_A1800_n60_r12_v00_90000_fof_0.0001_0000.hdf5,/rds/general/ephemeral/user/nny124/ephemeral/martian_moons_data/Ma_xp_A1800_n60_r12_v00_90000_fof_0.0001_0000.hdf5,Policy,group,,,stars,[0]
Ma_xp_A1800_n60_r12_v00_90000_fof_0.0001_0000.hdf5,/rds/general/ephemeral/user/nny124/ephemeral/martian_moons_data/Ma_xp_A1800_n60_r12_v00_90000_fof_0.0001_0000.hdf5,Policy,group,,,steal,[1]
Ma_xp_A1800_n60_r12_v00_90000_fof_0.0001_0000.hdf5,/rds/general/ephemeral/user/nny124/ephemeral/martian_moons_data/Ma_xp_A1800_n60_r12_v00_90000_fof_0.0001_0000.hdf5,Policy,group,,,structure finding,[0]
Ma_xp_A1800_n60_r12_v00_90000_fof_0.0001_0000.hdf5,/rds/general/ephemeral/user/nny124/ephemeral/martian_moons_data/Ma_xp_A1800_n60_r12_v00_90000_fof_0.0001_0000.hdf5,Policy,group,,,temperature,[0]
Ma_xp_A1800_n60_r12_v00_90000_fof_0.0001_0000.hdf5,/rds/general/ephemeral/user/nny124/ephemeral/martian_moons_data/Ma_xp_A1800_n60_r12_v00_90000_fof_0.0001_0000.hdf5,Policy,group,,,time-step limiter,[0]
Ma_xp_A1800_n60_r12_v00_90000_fof_0.0001_0000.hdf5,/rds/general/ephemeral/user/nny124/ephemeral/martian_moons_data/Ma_xp_A1800_n60_r12_v00_90000_fof_0.0001_0000.hdf5,Policy,group,,,time-step sync,[0]
Ma_xp_A1800_n60_r12_v00_90000_fof_0.0001_0000.hdf5,/rds/general/ephemeral/user/nny124/ephemeral/martian_moons_data/Ma_xp_A1800_n60_r12_v00_90000_fof_0.0001_0000.hdf5,SubgridScheme,group,,,Chemistry Model,b'None'
Ma_xp_A1800_n60_r12_v00_90000_fof_0.0001_0000.hdf5,/rds/general/ephemeral/user/nny124/ephemeral/martian_moons_data/Ma_xp_A1800_n60_r12_v00_90000_fof_0.0001_0000.hdf5,SubgridScheme,group,,,Cooling Model,b'None'
Ma_xp_A1800_n60_r12_v00_90000_fof_0.0001_0000.hdf5,/rds/general/ephemeral/user/nny124/ephemeral/martian_moons_data/Ma_xp_A1800_n60_r12_v00_90000_fof_0.0001_0000.hdf5,SubgridScheme,group,,,Entropy floor,b'None'
Ma_xp_A1800_n60_r12_v00_90000_fof_0.0001_0000.hdf5,/rds/general/ephemeral/user/nny124/ephemeral/martian_moons_data/Ma_xp_A1800_n60_r12_v00_90000_fof_0.0001_0000.hdf5,SubgridScheme,group,,,Feedback Model,b'None'
Ma_xp_A1800_n60_r12_v00_90000_fof_0.0001_0000.hdf5,/rds/general/ephemeral/user/nny124/ephemeral/martian_moons_data/Ma_xp_A1800_n60_r12_v00_90000_fof_0.0001_0000.hdf5,SubgridScheme,group,,,Tracers,b'None'
Ma_xp_A1800_n60_r12_v00_90000_fof_0.0001_0000.hdf5,/rds/general/ephemeral/user/nny124/ephemeral/martian_moons_data/Ma_xp_A1800_n60_r12_v00_90000_fof_0.0001_0000.hdf5,SubgridScheme/NamedColumns,group,,,,
Ma_xp_A1800_n60_r12_v00_90000_fof_0.0001_0000.hdf5,/rds/general/ephemeral/user/nny124/ephemeral/martian_moons_data/Ma_xp_A1800_n60_r12_v00_90000_fof_0.0001_0000.hdf5,Units,group,,,Unit current in cgs (U_I),[1.]
Ma_xp_A1800_n60_r12_v00_90000_fof_0.0001_0000.hdf5,/rds/general/ephemeral/user/nny124/ephemeral/martian_moons_data/Ma_xp_A1800_n60_r12_v00_90000_fof_0.0001_0000.hdf5,Units,group,,,Unit length in cgs (U_L),[1.e+08]
Ma_xp_A1800_n60_r12_v00_90000_fof_0.0001_0000.hdf5,/rds/general/ephemeral/user/nny124/ephemeral/martian_moons_data/Ma_xp_A1800_n60_r12_v00_90000_fof_0.0001_0000.hdf5,Units,group,,,Unit mass in cgs (U_M),[1.e+27]
Ma_xp_A1800_n60_r12_v00_90000_fof_0.0001_0000.hdf5,/rds/general/ephemeral/user/nny124/ephemeral/martian_moons_data/Ma_xp_A1800_n60_r12_v00_90000_fof_0.0001_0000.hdf5,Units,group,,,Unit temperature in cgs (U_T),[1.]
Ma_xp_A1800_n60_r12_v00_90000_fof_0.0001_0000.hdf5,/rds/general/ephemeral/user/nny124/ephemeral/martian_moons_data/Ma_xp_A1800_n60_r12_v00_90000_fof_0.0001_0000.hdf5,Units,group,,,Unit time in cgs (U_t),[1.]
Ma_xp_A1800_n60_r12_v00_90000_fof_0.0001_0000.hdf5,/rds/general/ephemeral/user/nny124/ephemeral/martian_moons_data/Ma_xp_A1800_n60_r12_v00_90000_fof_0.0001_0000.hdf5,UnusedParameters,group,,,DomainDecomposition:trigger,b'0.1'
Ma_xp_A1800_n60_r12_v00_90000_fof_0.0001_0000.hdf5,/rds/general/ephemeral/user/nny124/ephemeral/martian_moons_data/Ma_xp_A1800_n60_r12_v00_90000_fof_0.0001_0000.hdf5,UnusedParameters,group,,,PointMassPotential:mass,b'0.6414'
Ma_xp_A1800_n60_r12_v00_90000_fof_0.0001_0000.hdf5,/rds/general/ephemeral/user/nny124/ephemeral/martian_moons_data/Ma_xp_A1800_n60_r12_v00_90000_fof_0.0001_0000.hdf5,UnusedParameters,group,,,PointMassPotential:position,"b'[0.0, 0.0, 0.0]'"
Ma_xp_A1800_n60_r12_v00_90000_fof_0.0001_0000.hdf5,/rds/general/ephemeral/user/nny124/ephemeral/martian_moons_data/Ma_xp_A1800_n60_r12_v00_90000_fof_0.0001_0000.hdf5,UnusedParameters,group,,,PointMassPotential:timestep_mult,b'0.1'
Ma_xp_A1800_n60_r12_v00_90000_fof_0.0001_0000.hdf5,/rds/general/ephemeral/user/nny124/ephemeral/martian_moons_data/Ma_xp_A1800_n60_r12_v00_90000_fof_0.0001_0000.hdf5,UnusedParameters,group,,,PointMassPotential:useabspos,b'0'
Ma_xp_A1800_n60_r12_v00_90000_fof_0.0001_0000.hdf5,/rds/general/ephemeral/user/nny124/ephemeral/martian_moons_data/Ma_xp_A1800_n60_r12_v00_90000_fof_0.0001_0000.hdf5,UnusedParameters,group,,,Restarts:basename,b'Ma_xp_A1800_n60_r12_v00'
Ma_xp_A1800_n60_r12_v00_90000_fof_0.0001_0000.hdf5,/rds/general/ephemeral/user/nny124/ephemeral/martian_moons_data/Ma_xp_A1800_n60_r12_v00_90000_fof_0.0001_0000.hdf5,UnusedParameters,group,,,Restarts:delta_hours,b'12'
Ma_xp_A1800_n60_r12_v00_90000_fof_0.0001_0000.hdf5,/rds/general/ephemeral/user/nny124/ephemeral/martian_moons_data/Ma_xp_A1800_n60_r12_v00_90000_fof_0.0001_0000.hdf5,UnusedParameters,group,,,Restarts:enable,b'1'
Ma_xp_A1800_n60_r12_v00_90000_fof_0.0001_0000.hdf5,/rds/general/ephemeral/user/nny124/ephemeral/martian_moons_data/Ma_xp_A1800_n60_r12_v00_90000_fof_0.0001_0000.hdf5,UnusedParameters,group,,,Restarts:max_run_time,b'70'
Ma_xp_A1800_n60_r12_v00_90000_fof_0.0001_0000.hdf5,/rds/general/ephemeral/user/nny124/ephemeral/martian_moons_data/Ma_xp_A1800_n60_r12_v00_90000_fof_0.0001_0000.hdf5,UnusedParameters,group,,,Restarts:onexit,b'1'
Ma_xp_A1800_n60_r12_v00_90000_fof_0.0001_0000.hdf5,/rds/general/ephemeral/user/nny124/ephemeral/martian_moons_data/Ma_xp_A1800_n60_r12_v00_90000_fof_0.0001_0000.hdf5,UnusedParameters,group,,,Restarts:resubmit_command,b'../auto_resubmit_c5.sh'
Ma_xp_A1800_n60_r12_v00_90000_fof_0.0001_0000.hdf5,/rds/general/ephemeral/user/nny124/ephemeral/martian_moons_data/Ma_xp_A1800_n60_r12_v00_90000_fof_0.0001_0000.hdf5,UnusedParameters,group,,,Restarts:resubmit_on_exit,b'1'
Ma_xp_A1800_n60_r12_v00_90000_fof_0.0001_0000.hdf5,/rds/general/ephemeral/user/nny124/ephemeral/martian_moons_data/Ma_xp_A1800_n60_r12_v00_90000_fof_0.0001_0000.hdf5,UnusedParameters,group,,,Restarts:save,b'1'
Ma_xp_A1800_n60_r12_v00_90000_fof_0.0001_0000.hdf5,/rds/general/ephemeral/user/nny124/ephemeral/martian_moons_data/Ma_xp_A1800_n60_r12_v00_90000_fof_0.0001_0000.hdf5,UnusedParameters,group,,,Restarts:subdir,b'restart'
Ma_xp_A1800_n60_r12_v00_90000_fof_0.0001_0000.hdf5,/rds/general/ephemeral/user/nny124/ephemeral/martian_moons_data/Ma_xp_A1800_n60_r12_v00_90000_fof_0.0001_0000.hdf5,UnusedParameters,group,,,SPH:CFL_condition,b'0.2'
Ma_xp_A1800_n60_r12_v00_90000_fof_0.0001_0000.hdf5,/rds/general/ephemeral/user/nny124/ephemeral/martian_moons_data/Ma_xp_A1800_n60_r12_v00_90000_fof_0.0001_0000.hdf5,UnusedParameters,group,,,SPH:delta_neighbours,b'0.1'
Ma_xp_A1800_n60_r12_v00_90000_fof_0.0001_0000.hdf5,/rds/general/ephemeral/user/nny124/ephemeral/martian_moons_data/Ma_xp_A1800_n60_r12_v00_90000_fof_0.0001_0000.hdf5,UnusedParameters,group,,,SPH:h_max,b'0.042'
Ma_xp_A1800_n60_r12_v00_90000_fof_0.0001_0000.hdf5,/rds/general/ephemeral/user/nny124/ephemeral/martian_moons_data/Ma_xp_A1800_n60_r12_v00_90000_fof_0.0001_0000.hdf5,UnusedParameters,group,,,SPH:resolution_eta,b'1.2348'
Ma_xp_A1800_n60_r12_v00_90000_fof_0.0001_0000.hdf5,/rds/general/ephemeral/user/nny124/ephemeral/martian_moons_data/Ma_xp_A1800_n60_r12_v00_90000_fof_0.0001_0000.hdf5,UnusedParameters,group,,,SPH:viscosity_alpha,b'1.5'
Ma_xp_A1800_n60_r12_v00_90000_fof_0.0001_0000.hdf5,/rds/general/ephemeral/user/nny124/ephemeral/martian_moons_data/Ma_xp_A1800_n60_r12_v00_90000_fof_0.0001_0000.hdf5,UnusedParameters,group,,,Snapshots:output_list,b'../output_list_120ks.txt'
Ma_xp_A1800_n60_r12_v00_90000_fof_0.0001_0000.hdf5,/rds/general/ephemeral/user/nny124/ephemeral/martian_moons_data/Ma_xp_A1800_n60_r12_v00_90000_fof_0.0001_0000.hdf5,UnusedParameters,group,,,Snapshots:output_list_on,b'1'
Ma_xp_A1800_n60_r12_v00_90000_fof_0.0013_0000.hdf5,/rds/general/ephemeral/user/nny124/ephemeral/martian_moons_data/Ma_xp_A1800_n60_r12_v00_90000_fof_0.0013_0000.hdf5,Cells,group,,,,
Ma_xp_A1800_n60_r12_v00_90000_fof_0.0013_0000.hdf5,/rds/general/ephemeral/user/nny124/ephemeral/martian_moons_data/Ma_xp_A1800_n60_r12_v00_90000_fof_0.0013_0000.hdf5,Cells/Centres,dataset,"(884736, 3)",float64,,
Ma_xp_A1800_n60_r12_v00_90000_fof_0.0013_0000.hdf5,/rds/general/ephemeral/user/nny124/ephemeral/martian_moons_data/Ma_xp_A1800_n60_r12_v00_90000_fof_0.0013_0000.hdf5,Cells/Counts,group,,,,
Ma_xp_A1800_n60_r12_v00_90000_fof_0.0013_0000.hdf5,/rds/general/ephemeral/user/nny124/ephemeral/martian_moons_data/Ma_xp_A1800_n60_r12_v00_90000_fof_0.0013_0000.hdf5,Cells/Counts/PartType0,dataset,"(884736,)",int64,,
Ma_xp_A1800_n60_r12_v00_90000_fof_0.0013_0000.hdf5,/rds/general/ephemeral/user/nny124/ephemeral/martian_moons_data/Ma_xp_A1800_n60_r12_v00_90000_fof_0.0013_0000.hdf5,Cells/Files,group,,,,
Ma_xp_A1800_n60_r12_v00_90000_fof_0.0013_0000.hdf5,/rds/general/ephemeral/user/nny124/ephemeral/martian_moons_data/Ma_xp_A1800_n60_r12_v00_90000_fof_0.0013_0000.hdf5,Cells/Files/PartType0,dataset,"(884736,)",int32,,
Ma_xp_A1800_n60_r12_v00_90000_fof_0.0013_0000.hdf5,/rds/general/ephemeral/user/nny124/ephemeral/martian_moons_data/Ma_xp_A1800_n60_r12_v00_90000_fof_0.0013_0000.hdf5,Cells/Meta-data,group,,,dimension,[96 96 96]
Ma_xp_A1800_n60_r12_v00_90000_fof_0.0013_0000.hdf5,/rds/general/ephemeral/user/nny124/ephemeral/martian_moons_data/Ma_xp_A1800_n60_r12_v00_90000_fof_0.0013_0000.hdf5,Cells/Meta-data,group,,,nr_cells,[884736]
Ma_xp_A1800_n60_r12_v00_90000_fof_0.0013_0000.hdf5,/rds/general/ephemeral/user/nny124/ephemeral/martian_moons_data/Ma_xp_A1800_n60_r12_v00_90000_fof_0.0013_0000.hdf5,Cells/Meta-data,group,,,size,[3.53059583 3.53059583 3.53059583]
Ma_xp_A1800_n60_r12_v00_90000_fof_0.0013_0000.hdf5,/rds/general/ephemeral/user/nny124/ephemeral/martian_moons_data/Ma_xp_A1800_n60_r12_v00_90000_fof_0.0013_0000.hdf5,Cells/OffsetsInFile,group,,,,
Ma_xp_A1800_n60_r12_v00_90000_fof_0.0013_0000.hdf5,/rds/general/ephemeral/user/nny124/ephemeral/martian_moons_data/Ma_xp_A1800_n60_r12_v00_90000_fof_0.0013_0000.hdf5,Cells/OffsetsInFile/PartType0,dataset,"(884736,)",int64,,
Ma_xp_A1800_n60_r12_v00_90000_fof_0.0013_0000.hdf5,/rds/general/ephemeral/user/nny124/ephemeral/martian_moons_data/Ma_xp_A1800_n60_r12_v00_90000_fof_0.0013_0000.hdf5,Code,group,,,Allocators,b'TBB malloc'
Ma_xp_A1800_n60_r12_v00_90000_fof_0.0013_0000.hdf5,/rds/general/ephemeral/user/nny124/ephemeral/martian_moons_data/Ma_xp_A1800_n60_r12_v00_90000_fof_0.0013_0000.hdf5,Code,group,,,CFLAGS,"b""'-idirafter /usr/include/linux -ip -ipo -O3 -ansi-alias -xCORE-AVX512 -pthread -fno-builtin-malloc -fno-builtin-cal..."
Ma_xp_A1800_n60_r12_v00_90000_fof_0.0013_0000.hdf5,/rds/general/ephemeral/user/nny124/ephemeral/martian_moons_data/Ma_xp_A1800_n60_r12_v00_90000_fof_0.0013_0000.hdf5,Code,group,,,Code,b'SWIFT'
Ma_xp_A1800_n60_r12_v00_90000_fof_0.0013_0000.hdf5,/rds/general/ephemeral/user/nny124/ephemeral/martian_moons_data/Ma_xp_A1800_n60_r12_v00_90000_fof_0.0013_0000.hdf5,Code,group,,,Code Version,b'0.9.0'
Ma_xp_A1800_n60_r12_v00_90000_fof_0.0013_0000.hdf5,/rds/general/ephemeral/user/nny124/ephemeral/martian_moons_data/Ma_xp_A1800_n60_r12_v00_90000_fof_0.0013_0000.hdf5,Code,group,,,Compiler Name,b'ICC'
Ma_xp_A1800_n60_r12_v00_90000_fof_0.0013_0000.hdf5,/rds/general/ephemeral/user/nny124/ephemeral/martian_moons_data/Ma_xp_A1800_n60_r12_v00_90000_fof_0.0013_0000.hdf5,Code,group,,,Compiler Version,b'19.10.20200623'
Ma_xp_A1800_n60_r12_v00_90000_fof_0.0013_0000.hdf5,/rds/general/ephemeral/user/nny124/ephemeral/martian_moons_data/Ma_xp_A1800_n60_r12_v00_90000_fof_0.0013_0000.hdf5,Code,group,,,Configuration options,"b""'--with-hydro=planetary --with-equation-of-state=planetary --with-gravity=basic --with-tbbmalloc --with-parmetis --..."
Ma_xp_A1800_n60_r12_v00_90000_fof_0.0013_0000.hdf5,/rds/general/ephemeral/user/nny124/ephemeral/martian_moons_data/Ma_xp_A1800_n60_r12_v00_90000_fof_0.0013_0000.hdf5,Code,group,,,FFTW library version,b'3.x (details not available)'
Ma_xp_A1800_n60_r12_v00_90000_fof_0.0013_0000.hdf5,/rds/general/ephemeral/user/nny124/ephemeral/martian_moons_data/Ma_xp_A1800_n60_r12_v00_90000_fof_0.0013_0000.hdf5,Code,group,,,GSL library version,b'2.5'
Ma_xp_A1800_n60_r12_v00_90000_fof_0.0013_0000.hdf5,/rds/general/ephemeral/user/nny124/ephemeral/martian_moons_data/Ma_xp_A1800_n60_r12_v00_90000_fof_0.0013_0000.hdf5,Code,group,,,Git Branch,b'subtask_speedup'
Ma_xp_A1800_n60_r12_v00_90000_fof_0.0013_0000.hdf5,/rds/general/ephemeral/user/nny124/ephemeral/martian_moons_data/Ma_xp_A1800_n60_r12_v00_90000_fof_0.0013_0000.hdf5,Code,group,,,Git Date,b'2021-12-07 14:20:18 +0100'
Ma_xp_A1800_n60_r12_v00_90000_fof_0.0013_0000.hdf5,/rds/general/ephemeral/user/nny124/ephemeral/martian_moons_data/Ma_xp_A1800_n60_r12_v00_90000_fof_0.0013_0000.hdf5,Code,group,,,Git Revision,b'v0.9.0-860-ge329b722-dirty'
Ma_xp_A1800_n60_r12_v00_90000_fof_0.0013_0000.hdf5,/rds/general/ephemeral/user/nny124/ephemeral/martian_moons_data/Ma_xp_A1800_n60_r12_v00_90000_fof_0.0013_0000.hdf5,Code,group,,,HDF5 library version,b'1.10.6'
Ma_xp_A1800_n60_r12_v00_90000_fof_0.0013_0000.hdf5,/rds/general/ephemeral/user/nny124/ephemeral/martian_moons_data/Ma_xp_A1800_n60_r12_v00_90000_fof_0.0013_0000.hdf5,Code,group,,,MPI library,b'Non-MPI version of SWIFT'
Ma_xp_A1800_n60_r12_v00_90000_fof_0.0013_0000.hdf5,/rds/general/ephemeral/user/nny124/ephemeral/martian_moons_data/Ma_xp_A1800_n60_r12_v00_90000_fof_0.0013_0000.hdf5,Code,group,,,RandomSeed,[0]
Ma_xp_A1800_n60_r12_v00_90000_fof_0.0013_0000.hdf5,/rds/general/ephemeral/user/nny124/ephemeral/martian_moons_data/Ma_xp_A1800_n60_r12_v00_90000_fof_0.0013_0000.hdf5,Code,group,,,Thread barriers,b'pthread'
Ma_xp_A1800_n60_r12_v00_90000_fof_0.0013_0000.hdf5,/rds/general/ephemeral/user/nny124/ephemeral/martian_moons_data/Ma_xp_A1800_n60_r12_v00_90000_fof_0.0013_0000.hdf5,Cosmology,group,,,Cosmological run,[0]
Ma_xp_A1800_n60_r12_v00_90000_fof_0.0013_0000.hdf5,/rds/general/ephemeral/user/nny124/ephemeral/martian_moons_data/Ma_xp_A1800_n60_r12_v00_90000_fof_0.0013_0000.hdf5,Cosmology,group,,,Critical density [internal units],[0.]
Ma_xp_A1800_n60_r12_v00_90000_fof_0.0013_0000.hdf5,/rds/general/ephemeral/user/nny124/ephemeral/martian_moons_data/Ma_xp_A1800_n60_r12_v00_90000_fof_0.0013_0000.hdf5,Cosmology,group,,,H [internal units],[0.]
Ma_xp_A1800_n60_r12_v00_90000_fof_0.0013_0000.hdf5,/rds/general/ephemeral/user/nny124/ephemeral/martian_moons_data/Ma_xp_A1800_n60_r12_v00_90000_fof_0.0013_0000.hdf5,Cosmology,group,,,H0 [internal units],[0.]
Ma_xp_A1800_n60_r12_v00_90000_fof_0.0013_0000.hdf5,/rds/general/ephemeral/user/nny124/ephemeral/martian_moons_data/Ma_xp_A1800_n60_r12_v00_90000_fof_0.0013_0000.hdf5,Cosmology,group,,,Hubble time [internal units],[0.]
Ma_xp_A1800_n60_r12_v00_90000_fof_0.0013_0000.hdf5,/rds/general/ephemeral/user/nny124/ephemeral/martian_moons_data/Ma_xp_A1800_n60_r12_v00_90000_fof_0.0013_0000.hdf5,Cosmology,group,,,Lookback time [internal units],[0.]
Ma_xp_A1800_n60_r12_v00_90000_fof_0.0013_0000.hdf5,/rds/general/ephemeral/user/nny124/ephemeral/martian_moons_data/Ma_xp_A1800_n60_r12_v00_90000_fof_0.0013_0000.hdf5,Cosmology,group,,,N_eff,[0.]
Ma_xp_A1800_n60_r12_v00_90000_fof_0.0013_0000.hdf5,/rds/general/ephemeral/user/nny124/ephemeral/martian_moons_data/Ma_xp_A1800_n60_r12_v00_90000_fof_0.0013_0000.hdf5,Cosmology,group,,,N_nu,[0.]
Ma_xp_A1800_n60_r12_v00_90000_fof_0.0013_0000.hdf5,/rds/general/ephemeral/user/nny124/ephemeral/martian_moons_data/Ma_xp_A1800_n60_r12_v00_90000_fof_0.0013_0000.hdf5,Cosmology,group,,,N_ur,[0.]
Ma_xp_A1800_n60_r12_v00_90000_fof_0.0013_0000.hdf5,/rds/general/ephemeral/user/nny124/ephemeral/martian_moons_data/Ma_xp_A1800_n60_r12_v00_90000_fof_0.0013_0000.hdf5,Cosmology,group,,,Omega_b,[0.]
Ma_xp_A1800_n60_r12_v00_90000_fof_0.0013_0000.hdf5,/rds/general/ephemeral/user/nny124/ephemeral/martian_moons_data/Ma_xp_A1800_n60_r12_v00_90000_fof_0.0013_0000.hdf5,Cosmology,group,,,Omega_cdm,[0.]
Ma_xp_A1800_n60_r12_v00_90000_fof_0.0013_0000.hdf5,/rds/general/ephemeral/user/nny124/ephemeral/martian_moons_data/Ma_xp_A1800_n60_r12_v00_90000_fof_0.0013_0000.hdf5,Cosmology,group,,,Omega_g,[0.]
Ma_xp_A1800_n60_r12_v00_90000_fof_0.0013_0000.hdf5,/rds/general/ephemeral/user/nny124/ephemeral/martian_moons_data/Ma_xp_A1800_n60_r12_v00_90000_fof_0.0013_0000.hdf5,Cosmology,group,,,Omega_k,[0.]
Ma_xp_A1800_n60_r12_v00_90000_fof_0.0013_0000.hdf5,/rds/general/ephemeral/user/nny124/ephemeral/martian_moons_data/Ma_xp_A1800_n60_r12_v00_90000_fof_0.0013_0000.hdf5,Cosmology,group,,,Omega_lambda,[0.]
Ma_xp_A1800_n60_r12_v00_90000_fof_0.0013_0000.hdf5,/rds/general/ephemeral/user/nny124/ephemeral/martian_moons_data/Ma_xp_A1800_n60_r12_v00_90000_fof_0.0013_0000.hdf5,Cosmology,group,,,Omega_m,[0.]
Ma_xp_A1800_n60_r12_v00_90000_fof_0.0013_0000.hdf5,/rds/general/ephemeral/user/nny124/ephemeral/martian_moons_data/Ma_xp_A1800_n60_r12_v00_90000_fof_0.0013_0000.hdf5,Cosmology,group,,,Omega_nu,[0.]
Ma_xp_A1800_n60_r12_v00_90000_fof_0.0013_0000.hdf5,/rds/general/ephemeral/user/nny124/ephemeral/martian_moons_data/Ma_xp_A1800_n60_r12_v00_90000_fof_0.0013_0000.hdf5,Cosmology,group,,,Omega_nu_0,[3.39519327e-313]
Ma_xp_A1800_n60_r12_v00_90000_fof_0.0013_0000.hdf5,/rds/general/ephemeral/user/nny124/ephemeral/martian_moons_data/Ma_xp_A1800_n60_r12_v00_90000_fof_0.0013_0000.hdf5,Cosmology,group,,,Omega_r,[0.]
Ma_xp_A1800_n60_r12_v00_90000_fof_0.0013_0000.hdf5,/rds/general/ephemeral/user/nny124/ephemeral/martian_moons_data/Ma_xp_A1800_n60_r12_v00_90000_fof_0.0013_0000.hdf5,Cosmology,group,,,Omega_ur,[0.]
Ma_xp_A1800_n60_r12_v00_90000_fof_0.0013_0000.hdf5,/rds/general/ephemeral/user/nny124/ephemeral/martian_moons_data/Ma_xp_A1800_n60_r12_v00_90000_fof_0.0013_0000.hdf5,Cosmology,group,,,Redshift,[0.]
Ma_xp_A1800_n60_r12_v00_90000_fof_0.0013_0000.hdf5,/rds/general/ephemeral/user/nny124/ephemeral/martian_moons_data/Ma_xp_A1800_n60_r12_v00_90000_fof_0.0013_0000.hdf5,Cosmology,group,,,Scale-factor,[1.]
Ma_xp_A1800_n60_r12_v00_90000_fof_0.0013_0000.hdf5,/rds/general/ephemeral/user/nny124/ephemeral/martian_moons_data/Ma_xp_A1800_n60_r12_v00_90000_fof_0.0013_0000.hdf5,Cosmology,group,,,T_CMB_0 [K],[0.]
Ma_xp_A1800_n60_r12_v00_90000_fof_0.0013_0000.hdf5,/rds/general/ephemeral/user/nny124/ephemeral/martian_moons_data/Ma_xp_A1800_n60_r12_v00_90000_fof_0.0013_0000.hdf5,Cosmology,group,,,T_CMB_0 [internal units],[0.]
Ma_xp_A1800_n60_r12_v00_90000_fof_0.0013_0000.hdf5,/rds/general/ephemeral/user/nny124/ephemeral/martian_moons_data/Ma_xp_A1800_n60_r12_v00_90000_fof_0.0013_0000.hdf5,Cosmology,group,,,T_nu_0 [eV],[0.]
Ma_xp_A1800_n60_r12_v00_90000_fof_0.0013_0000.hdf5,/rds/general/ephemeral/user/nny124/ephemeral/martian_moons_data/Ma_xp_A1800_n60_r12_v00_90000_fof_0.0013_0000.hdf5,Cosmology,group,,,T_nu_0 [internal units],[0.]
Ma_xp_A1800_n60_r12_v00_90000_fof_0.0013_0000.hdf5,/rds/general/ephemeral/user/nny124/ephemeral/martian_moons_data/Ma_xp_A1800_n60_r12_v00_90000_fof_0.0013_0000.hdf5,Cosmology,group,,,Universe age [internal units],[0.]
Ma_xp_A1800_n60_r12_v00_90000_fof_0.0013_0000.hdf5,/rds/general/ephemeral/user/nny124/ephemeral/martian_moons_data/Ma_xp_A1800_n60_r12_v00_90000_fof_0.0013_0000.hdf5,Cosmology,group,,,a_beg,[1.]
Ma_xp_A1800_n60_r12_v00_90000_fof_0.0013_0000.hdf5,/rds/general/ephemeral/user/nny124/ephemeral/martian_moons_data/Ma_xp_A1800_n60_r12_v00_90000_fof_0.0013_0000.hdf5,Cosmology,group,,,a_end,[1.]
Ma_xp_A1800_n60_r12_v00_90000_fof_0.0013_0000.hdf5,/rds/general/ephemeral/user/nny124/ephemeral/martian_moons_data/Ma_xp_A1800_n60_r12_v00_90000_fof_0.0013_0000.hdf5,Cosmology,group,,,deg_nu_tot,[0.]
Ma_xp_A1800_n60_r12_v00_90000_fof_0.0013_0000.hdf5,/rds/general/ephemeral/user/nny124/ephemeral/martian_moons_data/Ma_xp_A1800_n60_r12_v00_90000_fof_0.0013_0000.hdf5,Cosmology,group,,,h,[1.]
Ma_xp_A1800_n60_r12_v00_90000_fof_0.0013_0000.hdf5,/rds/general/ephemeral/user/nny124/ephemeral/martian_moons_data/Ma_xp_A1800_n60_r12_v00_90000_fof_0.0013_0000.hdf5,Cosmology,group,,,time_beg [internal units],[0.]
Ma_xp_A1800_n60_r12_v00_90000_fof_0.0013_0000.hdf5,/rds/general/ephemeral/user/nny124/ephemeral/martian_moons_data/Ma_xp_A1800_n60_r12_v00_90000_fof_0.0013_0000.hdf5,Cosmology,group,,,time_end [internal units],[0.]
Ma_xp_A1800_n60_r12_v00_90000_fof_0.0013_0000.hdf5,/rds/general/ephemeral/user/nny124/ephemeral/martian_moons_data/Ma_xp_A1800_n60_r12_v00_90000_fof_0.0013_0000.hdf5,Cosmology,group,,,w,[-1.]
Ma_xp_A1800_n60_r12_v00_90000_fof_0.0013_0000.hdf5,/rds/general/ephemeral/user/nny124/ephemeral/martian_moons_data/Ma_xp_A1800_n60_r12_v00_90000_fof_0.0013_0000.hdf5,Cosmology,group,,,w_0,[0.]
Ma_xp_A1800_n60_r12_v00_90000_fof_0.0013_0000.hdf5,/rds/general/ephemeral/user/nny124/ephemeral/martian_moons_data/Ma_xp_A1800_n60_r12_v00_90000_fof_0.0013_0000.hdf5,Cosmology,group,,,w_a,[0.]
Ma_xp_A1800_n60_r12_v00_90000_fof_0.0013_0000.hdf5,/rds/general/ephemeral/user/nny124/ephemeral/martian_moons_data/Ma_xp_A1800_n60_r12_v00_90000_fof_0.0013_0000.hdf5,GravityScheme,group,,,Comoving DM softening length (Plummer equivalent)  [internal units],[0.0021]
Ma_xp_A1800_n60_r12_v00_90000_fof_0.0013_0000.hdf5,/rds/general/ephemeral/user/nny124/ephemeral/martian_moons_data/Ma_xp_A1800_n60_r12_v00_90000_fof_0.0013_0000.hdf5,GravityScheme,group,,,Comoving DM softening length [internal units],[0.0063]
Ma_xp_A1800_n60_r12_v00_90000_fof_0.0013_0000.hdf5,/rds/general/ephemeral/user/nny124/ephemeral/martian_moons_data/Ma_xp_A1800_n60_r12_v00_90000_fof_0.0013_0000.hdf5,GravityScheme,group,,,Comoving baryon softening length (Plummer equivalent)  [internal units],[0.0021]
Ma_xp_A1800_n60_r12_v00_90000_fof_0.0013_0000.hdf5,/rds/general/ephemeral/user/nny124/ephemeral/martian_moons_data/Ma_xp_A1800_n60_r12_v00_90000_fof_0.0013_0000.hdf5,GravityScheme,group,,,Comoving baryon softening length [internal units],[0.0063]
Ma_xp_A1800_n60_r12_v00_90000_fof_0.0013_0000.hdf5,/rds/general/ephemeral/user/nny124/ephemeral/martian_moons_data/Ma_xp_A1800_n60_r12_v00_90000_fof_0.0013_0000.hdf5,GravityScheme,group,,,Comoving neutrino softening length (Plummer equivalent)  [internal units],[0.]
Ma_xp_A1800_n60_r12_v00_90000_fof_0.0013_0000.hdf5,/rds/general/ephemeral/user/nny124/ephemeral/martian_moons_data/Ma_xp_A1800_n60_r12_v00_90000_fof_0.0013_0000.hdf5,GravityScheme,group,,,Comoving neutrino softening length [internal units],[0.]
Ma_xp_A1800_n60_r12_v00_90000_fof_0.0013_0000.hdf5,/rds/general/ephemeral/user/nny124/ephemeral/martian_moons_data/Ma_xp_A1800_n60_r12_v00_90000_fof_0.0013_0000.hdf5,GravityScheme,group,,,MM order,[4]
Ma_xp_A1800_n60_r12_v00_90000_fof_0.0013_0000.hdf5,/rds/general/ephemeral/user/nny124/ephemeral/martian_moons_data/Ma_xp_A1800_n60_r12_v00_90000_fof_0.0013_0000.hdf5,GravityScheme,group,,,Maximal physical DM softening length  [internal units],[0.0063]
Ma_xp_A1800_n60_r12_v00_90000_fof_0.0013_0000.hdf5,/rds/general/ephemeral/user/nny124/ephemeral/martian_moons_data/Ma_xp_A1800_n60_r12_v00_90000_fof_0.0013_0000.hdf5,GravityScheme,group,,,Maximal physical DM softening length (Plummer equivalent) [internal units],[0.0021]
Ma_xp_A1800_n60_r12_v00_90000_fof_0.0013_0000.hdf5,/rds/general/ephemeral/user/nny124/ephemeral/martian_moons_data/Ma_xp_A1800_n60_r12_v00_90000_fof_0.0013_0000.hdf5,GravityScheme,group,,,Maximal physical baryon softening length  [internal units],[0.0063]
Ma_xp_A1800_n60_r12_v00_90000_fof_0.0013_0000.hdf5,/rds/general/ephemeral/user/nny124/ephemeral/martian_moons_data/Ma_xp_A1800_n60_r12_v00_90000_fof_0.0013_0000.hdf5,GravityScheme,group,,,Maximal physical baryon softening length (Plummer equivalent) [internal units],[0.0021]
Ma_xp_A1800_n60_r12_v00_90000_fof_0.0013_0000.hdf5,/rds/general/ephemeral/user/nny124/ephemeral/martian_moons_data/Ma_xp_A1800_n60_r12_v00_90000_fof_0.0013_0000.hdf5,GravityScheme,group,,,Maximal physical neutrino softening length  [internal units],[0.]
Ma_xp_A1800_n60_r12_v00_90000_fof_0.0013_0000.hdf5,/rds/general/ephemeral/user/nny124/ephemeral/martian_moons_data/Ma_xp_A1800_n60_r12_v00_90000_fof_0.0013_0000.hdf5,GravityScheme,group,,,Maximal physical neutrino softening length (Plummer equivalent) [internal units],[0.]
Ma_xp_A1800_n60_r12_v00_90000_fof_0.0013_0000.hdf5,/rds/general/ephemeral/user/nny124/ephemeral/martian_moons_data/Ma_xp_A1800_n60_r12_v00_90000_fof_0.0013_0000.hdf5,GravityScheme,group,,,Mesh a_smooth,[0.]
Ma_xp_A1800_n60_r12_v00_90000_fof_0.0013_0000.hdf5,/rds/general/ephemeral/user/nny124/ephemeral/martian_moons_data/Ma_xp_A1800_n60_r12_v00_90000_fof_0.0013_0000.hdf5,GravityScheme,group,,,Mesh r_cut_max ratio,[0.]
Ma_xp_A1800_n60_r12_v00_90000_fof_0.0013_0000.hdf5,/rds/general/ephemeral/user/nny124/ephemeral/martian_moons_data/Ma_xp_A1800_n60_r12_v00_90000_fof_0.0013_0000.hdf5,GravityScheme,group,,,Mesh r_cut_min ratio,[0.]
Ma_xp_A1800_n60_r12_v00_90000_fof_0.0013_0000.hdf5,/rds/general/ephemeral/user/nny124/ephemeral/martian_moons_data/Ma_xp_A1800_n60_r12_v00_90000_fof_0.0013_0000.hdf5,GravityScheme,group,,,Mesh truncation function,b'Gadget-like (using erfc())'
Ma_xp_A1800_n60_r12_v00_90000_fof_0.0013_0000.hdf5,/rds/general/ephemeral/user/nny124/ephemeral/martian_moons_data/Ma_xp_A1800_n60_r12_v00_90000_fof_0.0013_0000.hdf5,GravityScheme,group,,,Opening angle,[0.5]
Ma_xp_A1800_n60_r12_v00_90000_fof_0.0013_0000.hdf5,/rds/general/ephemeral/user/nny124/ephemeral/martian_moons_data/Ma_xp_A1800_n60_r12_v00_90000_fof_0.0013_0000.hdf5,GravityScheme,group,,,Scheme,b'Basic scheme'
Ma_xp_A1800_n60_r12_v00_90000_fof_0.0013_0000.hdf5,/rds/general/ephemeral/user/nny124/ephemeral/martian_moons_data/Ma_xp_A1800_n60_r12_v00_90000_fof_0.0013_0000.hdf5,GravityScheme,group,,,Softening style,b'Wendland-C2'
Ma_xp_A1800_n60_r12_v00_90000_fof_0.0013_0000.hdf5,/rds/general/ephemeral/user/nny124/ephemeral/martian_moons_data/Ma_xp_A1800_n60_r12_v00_90000_fof_0.0013_0000.hdf5,GravityScheme,group,,,Time integration eta,[0.025]
Ma_xp_A1800_n60_r12_v00_90000_fof_0.0013_0000.hdf5,/rds/general/ephemeral/user/nny124/ephemeral/martian_moons_data/Ma_xp_A1800_n60_r12_v00_90000_fof_0.0013_0000.hdf5,GravityScheme,group,,,Tree update frequency,[0.01]
Ma_xp_A1800_n60_r12_v00_90000_fof_0.0013_0000.hdf5,/rds/general/ephemeral/user/nny124/ephemeral/martian_moons_data/Ma_xp_A1800_n60_r12_v00_90000_fof_0.0013_0000.hdf5,Header,group,,,BoxSize,[338.9372 338.9372 338.9372]
Ma_xp_A1800_n60_r12_v00_90000_fof_0.0013_0000.hdf5,/rds/general/ephemeral/user/nny124/ephemeral/martian_moons_data/Ma_xp_A1800_n60_r12_v00_90000_fof_0.0013_0000.hdf5,Header,group,,,Code,b'SWIFT'
Ma_xp_A1800_n60_r12_v00_90000_fof_0.0013_0000.hdf5,/rds/general/ephemeral/user/nny124/ephemeral/martian_moons_data/Ma_xp_A1800_n60_r12_v00_90000_fof_0.0013_0000.hdf5,Header,group,,,Dimension,[3]
Ma_xp_A1800_n60_r12_v00_90000_fof_0.0013_0000.hdf5,/rds/general/ephemeral/user/nny124/ephemeral/martian_moons_data/Ma_xp_A1800_n60_r12_v00_90000_fof_0.0013_0000.hdf5,Header,group,,,Flag_Entropy_ICs,[0 0 0 0 0 0 0]
Ma_xp_A1800_n60_r12_v00_90000_fof_0.0013_0000.hdf5,/rds/general/ephemeral/user/nny124/ephemeral/martian_moons_data/Ma_xp_A1800_n60_r12_v00_90000_fof_0.0013_0000.hdf5,Header,group,,,InitialMassTable,[0. 0. 0. 0. 0. 0. 0.]
Ma_xp_A1800_n60_r12_v00_90000_fof_0.0013_0000.hdf5,/rds/general/ephemeral/user/nny124/ephemeral/martian_moons_data/Ma_xp_A1800_n60_r12_v00_90000_fof_0.0013_0000.hdf5,Header,group,,,MassTable,[0. 0. 0. 0. 0. 0. 0.]
Ma_xp_A1800_n60_r12_v00_90000_fof_0.0013_0000.hdf5,/rds/general/ephemeral/user/nny124/ephemeral/martian_moons_data/Ma_xp_A1800_n60_r12_v00_90000_fof_0.0013_0000.hdf5,Header,group,,,NumFilesPerSnapshot,[1]
Ma_xp_A1800_n60_r12_v00_90000_fof_0.0013_0000.hdf5,/rds/general/ephemeral/user/nny124/ephemeral/martian_moons_data/Ma_xp_A1800_n60_r12_v00_90000_fof_0.0013_0000.hdf5,Header,group,,,NumPartTypes,[7]
Ma_xp_A1800_n60_r12_v00_90000_fof_0.0013_0000.hdf5,/rds/general/ephemeral/user/nny124/ephemeral/martian_moons_data/Ma_xp_A1800_n60_r12_v00_90000_fof_0.0013_0000.hdf5,Header,group,,,NumPart_ThisFile,[1002827       0       0       0       0       0       0]
Ma_xp_A1800_n60_r12_v00_90000_fof_0.0013_0000.hdf5,/rds/general/ephemeral/user/nny124/ephemeral/martian_moons_data/Ma_xp_A1800_n60_r12_v00_90000_fof_0.0013_0000.hdf5,Header,group,,,NumPart_Total,[1002827       0       0       0       0       0       0]
Ma_xp_A1800_n60_r12_v00_90000_fof_0.0013_0000.hdf5,/rds/general/ephemeral/user/nny124/ephemeral/martian_moons_data/Ma_xp_A1800_n60_r12_v00_90000_fof_0.0013_0000.hdf5,Header,group,,,NumPart_Total_HighWord,[0 0 0 0 0 0 0]
Ma_xp_A1800_n60_r12_v00_90000_fof_0.0013_0000.hdf5,/rds/general/ephemeral/user/nny124/ephemeral/martian_moons_data/Ma_xp_A1800_n60_r12_v00_90000_fof_0.0013_0000.hdf5,Header,group,,,OutputType,b'FullVolume'
Ma_xp_A1800_n60_r12_v00_90000_fof_0.0013_0000.hdf5,/rds/general/ephemeral/user/nny124/ephemeral/martian_moons_data/Ma_xp_A1800_n60_r12_v00_90000_fof_0.0013_0000.hdf5,Header,group,,,Redshift,[0.]
Ma_xp_A1800_n60_r12_v00_90000_fof_0.0013_0000.hdf5,/rds/general/ephemeral/user/nny124/ephemeral/martian_moons_data/Ma_xp_A1800_n60_r12_v00_90000_fof_0.0013_0000.hdf5,Header,group,,,RunName,b'Untitled SWIFT simulation'
Ma_xp_A1800_n60_r12_v00_90000_fof_0.0013_0000.hdf5,/rds/general/ephemeral/user/nny124/ephemeral/martian_moons_data/Ma_xp_A1800_n60_r12_v00_90000_fof_0.0013_0000.hdf5,Header,group,,,Scale-factor,[1.]
Ma_xp_A1800_n60_r12_v00_90000_fof_0.0013_0000.hdf5,/rds/general/ephemeral/user/nny124/ephemeral/martian_moons_data/Ma_xp_A1800_n60_r12_v00_90000_fof_0.0013_0000.hdf5,Header,group,,,SelectOutput,b'Default'
Ma_xp_A1800_n60_r12_v00_90000_fof_0.0013_0000.hdf5,/rds/general/ephemeral/user/nny124/ephemeral/martian_moons_data/Ma_xp_A1800_n60_r12_v00_90000_fof_0.0013_0000.hdf5,Header,group,,,SnapshotDate,b'00:33:12 2023-07-16 BST'
Ma_xp_A1800_n60_r12_v00_90000_fof_0.0013_0000.hdf5,/rds/general/ephemeral/user/nny124/ephemeral/martian_moons_data/Ma_xp_A1800_n60_r12_v00_90000_fof_0.0013_0000.hdf5,Header,group,,,System,b'login7b.pri.cosma7.alces.network'
Ma_xp_A1800_n60_r12_v00_90000_fof_0.0013_0000.hdf5,/rds/general/ephemeral/user/nny124/ephemeral/martian_moons_data/Ma_xp_A1800_n60_r12_v00_90000_fof_0.0013_0000.hdf5,Header,group,,,ThisFile,[0]
Ma_xp_A1800_n60_r12_v00_90000_fof_0.0013_0000.hdf5,/rds/general/ephemeral/user/nny124/ephemeral/martian_moons_data/Ma_xp_A1800_n60_r12_v00_90000_fof_0.0013_0000.hdf5,Header,group,,,Time,[0.]
Ma_xp_A1800_n60_r12_v00_90000_fof_0.0013_0000.hdf5,/rds/general/ephemeral/user/nny124/ephemeral/martian_moons_data/Ma_xp_A1800_n60_r12_v00_90000_fof_0.0013_0000.hdf5,Header,group,,,TimeBase_dloga,[0.]
Ma_xp_A1800_n60_r12_v00_90000_fof_0.0013_0000.hdf5,/rds/general/ephemeral/user/nny124/ephemeral/martian_moons_data/Ma_xp_A1800_n60_r12_v00_90000_fof_0.0013_0000.hdf5,Header,group,,,TimeBase_dt,[8.32667268e-13]
Ma_xp_A1800_n60_r12_v00_90000_fof_0.0013_0000.hdf5,/rds/general/ephemeral/user/nny124/ephemeral/martian_moons_data/Ma_xp_A1800_n60_r12_v00_90000_fof_0.0013_0000.hdf5,Header,group,,,Virtual,[0]
Ma_xp_A1800_n60_r12_v00_90000_fof_0.0013_0000.hdf5,/rds/general/ephemeral/user/nny124/ephemeral/martian_moons_data/Ma_xp_A1800_n60_r12_v00_90000_fof_0.0013_0000.hdf5,Header/PartTypeNames,dataset,"(7,)",|S128,,
Ma_xp_A1800_n60_r12_v00_90000_fof_0.0013_0000.hdf5,/rds/general/ephemeral/user/nny124/ephemeral/martian_moons_data/Ma_xp_A1800_n60_r12_v00_90000_fof_0.0013_0000.hdf5,InternalCodeUnits,group,,,Unit current in cgs (U_I),[1.]
Ma_xp_A1800_n60_r12_v00_90000_fof_0.0013_0000.hdf5,/rds/general/ephemeral/user/nny124/ephemeral/martian_moons_data/Ma_xp_A1800_n60_r12_v00_90000_fof_0.0013_0000.hdf5,InternalCodeUnits,group,,,Unit length in cgs (U_L),[1.e+08]
Ma_xp_A1800_n60_r12_v00_90000_fof_0.0013_0000.hdf5,/rds/general/ephemeral/user/nny124/ephemeral/martian_moons_data/Ma_xp_A1800_n60_r12_v00_90000_fof_0.0013_0000.hdf5,InternalCodeUnits,group,,,Unit mass in cgs (U_M),[1.e+27]
Ma_xp_A1800_n60_r12_v00_90000_fof_0.0013_0000.hdf5,/rds/general/ephemeral/user/nny124/ephemeral/martian_moons_data/Ma_xp_A1800_n60_r12_v00_90000_fof_0.0013_0000.hdf5,InternalCodeUnits,group,,,Unit temperature in cgs (U_T),[1.]
Ma_xp_A1800_n60_r12_v00_90000_fof_0.0013_0000.hdf5,/rds/general/ephemeral/user/nny124/ephemeral/martian_moons_data/Ma_xp_A1800_n60_r12_v00_90000_fof_0.0013_0000.hdf5,InternalCodeUnits,group,,,Unit time in cgs (U_t),[1.]
Ma_xp_A1800_n60_r12_v00_90000_fof_0.0013_0000.hdf5,/rds/general/ephemeral/user/nny124/ephemeral/martian_moons_data/Ma_xp_A1800_n60_r12_v00_90000_fof_0.0013_0000.hdf5,Parameters,group,,,EoS:planetary_ANEOS_Fe85Si15_table_file,b'../../swiftsim/examples/Planetary/EoSTables_bak/ANEOS_Fe85Si15_S20.txt'
Ma_xp_A1800_n60_r12_v00_90000_fof_0.0013_0000.hdf5,/rds/general/ephemeral/user/nny124/ephemeral/martian_moons_data/Ma_xp_A1800_n60_r12_v00_90000_fof_0.0013_0000.hdf5,Parameters,group,,,EoS:planetary_ANEOS_forsterite_table_file,b'../../swiftsim/examples/Planetary/EoSTables_bak/ANEOS_forsterite_S19.txt'
Ma_xp_A1800_n60_r12_v00_90000_fof_0.0013_0000.hdf5,/rds/general/ephemeral/user/nny124/ephemeral/martian_moons_data/Ma_xp_A1800_n60_r12_v00_90000_fof_0.0013_0000.hdf5,Parameters,group,,,EoS:planetary_use_ANEOS_Fe85Si15,b'1'
Ma_xp_A1800_n60_r12_v00_90000_fof_0.0013_0000.hdf5,/rds/general/ephemeral/user/nny124/ephemeral/martian_moons_data/Ma_xp_A1800_n60_r12_v00_90000_fof_0.0013_0000.hdf5,Parameters,group,,,EoS:planetary_use_ANEOS_forsterite,b'1'
Ma_xp_A1800_n60_r12_v00_90000_fof_0.0013_0000.hdf5,/rds/general/ephemeral/user/nny124/ephemeral/martian_moons_data/Ma_xp_A1800_n60_r12_v00_90000_fof_0.0013_0000.hdf5,Parameters,group,,,EoS:planetary_use_ANEOS_iron,b'0'
Ma_xp_A1800_n60_r12_v00_90000_fof_0.0013_0000.hdf5,/rds/general/ephemeral/user/nny124/ephemeral/martian_moons_data/Ma_xp_A1800_n60_r12_v00_90000_fof_0.0013_0000.hdf5,Parameters,group,,,EoS:planetary_use_HM80_HHe,b'0'
Ma_xp_A1800_n60_r12_v00_90000_fof_0.0013_0000.hdf5,/rds/general/ephemeral/user/nny124/ephemeral/martian_moons_data/Ma_xp_A1800_n60_r12_v00_90000_fof_0.0013_0000.hdf5,Parameters,group,,,EoS:planetary_use_HM80_ice,b'0'
Ma_xp_A1800_n60_r12_v00_90000_fof_0.0013_0000.hdf5,/rds/general/ephemeral/user/nny124/ephemeral/martian_moons_data/Ma_xp_A1800_n60_r12_v00_90000_fof_0.0013_0000.hdf5,Parameters,group,,,EoS:planetary_use_HM80_rock,b'0'
Ma_xp_A1800_n60_r12_v00_90000_fof_0.0013_0000.hdf5,/rds/general/ephemeral/user/nny124/ephemeral/martian_moons_data/Ma_xp_A1800_n60_r12_v00_90000_fof_0.0013_0000.hdf5,Parameters,group,,,EoS:planetary_use_SESAME_basalt,b'0'
Ma_xp_A1800_n60_r12_v00_90000_fof_0.0013_0000.hdf5,/rds/general/ephemeral/user/nny124/ephemeral/martian_moons_data/Ma_xp_A1800_n60_r12_v00_90000_fof_0.0013_0000.hdf5,Parameters,group,,,EoS:planetary_use_SESAME_iron,b'0'
Ma_xp_A1800_n60_r12_v00_90000_fof_0.0013_0000.hdf5,/rds/general/ephemeral/user/nny124/ephemeral/martian_moons_data/Ma_xp_A1800_n60_r12_v00_90000_fof_0.0013_0000.hdf5,Parameters,group,,,EoS:planetary_use_SESAME_water,b'0'
Ma_xp_A1800_n60_r12_v00_90000_fof_0.0013_0000.hdf5,/rds/general/ephemeral/user/nny124/ephemeral/martian_moons_data/Ma_xp_A1800_n60_r12_v00_90000_fof_0.0013_0000.hdf5,Parameters,group,,,EoS:planetary_use_SS08_water,b'0'
Ma_xp_A1800_n60_r12_v00_90000_fof_0.0013_0000.hdf5,/rds/general/ephemeral/user/nny124/ephemeral/martian_moons_data/Ma_xp_A1800_n60_r12_v00_90000_fof_0.0013_0000.hdf5,Parameters,group,,,EoS:planetary_use_Til_basalt,b'0'
Ma_xp_A1800_n60_r12_v00_90000_fof_0.0013_0000.hdf5,/rds/general/ephemeral/user/nny124/ephemeral/martian_moons_data/Ma_xp_A1800_n60_r12_v00_90000_fof_0.0013_0000.hdf5,Parameters,group,,,EoS:planetary_use_Til_granite,b'0'
Ma_xp_A1800_n60_r12_v00_90000_fof_0.0013_0000.hdf5,/rds/general/ephemeral/user/nny124/ephemeral/martian_moons_data/Ma_xp_A1800_n60_r12_v00_90000_fof_0.0013_0000.hdf5,Parameters,group,,,EoS:planetary_use_Til_iron,b'0'
Ma_xp_A1800_n60_r12_v00_90000_fof_0.0013_0000.hdf5,/rds/general/ephemeral/user/nny124/ephemeral/martian_moons_data/Ma_xp_A1800_n60_r12_v00_90000_fof_0.0013_0000.hdf5,Parameters,group,,,EoS:planetary_use_Til_water,b'0'
Ma_xp_A1800_n60_r12_v00_90000_fof_0.0013_0000.hdf5,/rds/general/ephemeral/user/nny124/ephemeral/martian_moons_data/Ma_xp_A1800_n60_r12_v00_90000_fof_0.0013_0000.hdf5,Parameters,group,,,EoS:planetary_use_idg_def,b'0'
Ma_xp_A1800_n60_r12_v00_90000_fof_0.0013_0000.hdf5,/rds/general/ephemeral/user/nny124/ephemeral/martian_moons_data/Ma_xp_A1800_n60_r12_v00_90000_fof_0.0013_0000.hdf5,Parameters,group,,,FOF:absolute_linking_length,b'0.0013'
Ma_xp_A1800_n60_r12_v00_90000_fof_0.0013_0000.hdf5,/rds/general/ephemeral/user/nny124/ephemeral/martian_moons_data/Ma_xp_A1800_n60_r12_v00_90000_fof_0.0013_0000.hdf5,Parameters,group,,,FOF:basename,b'Ma_xp_A1800_n60_r12_v00_90000_fof_0.0013'
Ma_xp_A1800_n60_r12_v00_90000_fof_0.0013_0000.hdf5,/rds/general/ephemeral/user/nny124/ephemeral/martian_moons_data/Ma_xp_A1800_n60_r12_v00_90000_fof_0.0013_0000.hdf5,Parameters,group,,,FOF:delta_time,b'-1'
Ma_xp_A1800_n60_r12_v00_90000_fof_0.0013_0000.hdf5,/rds/general/ephemeral/user/nny124/ephemeral/martian_moons_data/Ma_xp_A1800_n60_r12_v00_90000_fof_0.0013_0000.hdf5,Parameters,group,,,FOF:dump_catalogue_when_seeding,b'0'
Ma_xp_A1800_n60_r12_v00_90000_fof_0.0013_0000.hdf5,/rds/general/ephemeral/user/nny124/ephemeral/martian_moons_data/Ma_xp_A1800_n60_r12_v00_90000_fof_0.0013_0000.hdf5,Parameters,group,,,FOF:group_id_default,b'2147483647'
Ma_xp_A1800_n60_r12_v00_90000_fof_0.0013_0000.hdf5,/rds/general/ephemeral/user/nny124/ephemeral/martian_moons_data/Ma_xp_A1800_n60_r12_v00_90000_fof_0.0013_0000.hdf5,Parameters,group,,,FOF:group_id_offset,b'0'
Ma_xp_A1800_n60_r12_v00_90000_fof_0.0013_0000.hdf5,/rds/general/ephemeral/user/nny124/ephemeral/martian_moons_data/Ma_xp_A1800_n60_r12_v00_90000_fof_0.0013_0000.hdf5,Parameters,group,,,FOF:linking_length_ratio,b'-1'
Ma_xp_A1800_n60_r12_v00_90000_fof_0.0013_0000.hdf5,/rds/general/ephemeral/user/nny124/ephemeral/martian_moons_data/Ma_xp_A1800_n60_r12_v00_90000_fof_0.0013_0000.hdf5,Parameters,group,,,FOF:min_group_size,b'20'
Ma_xp_A1800_n60_r12_v00_90000_fof_0.0013_0000.hdf5,/rds/general/ephemeral/user/nny124/ephemeral/martian_moons_data/Ma_xp_A1800_n60_r12_v00_90000_fof_0.0013_0000.hdf5,Parameters,group,,,FOF:scale_factor_first,b'0.1'
Ma_xp_A1800_n60_r12_v00_90000_fof_0.0013_0000.hdf5,/rds/general/ephemeral/user/nny124/ephemeral/martian_moons_data/Ma_xp_A1800_n60_r12_v00_90000_fof_0.0013_0000.hdf5,Parameters,group,,,FOF:seed_black_holes_enabled,b'0'
Ma_xp_A1800_n60_r12_v00_90000_fof_0.0013_0000.hdf5,/rds/general/ephemeral/user/nny124/ephemeral/martian_moons_data/Ma_xp_A1800_n60_r12_v00_90000_fof_0.0013_0000.hdf5,Parameters,group,,,FOF:time_first,b'0'
Ma_xp_A1800_n60_r12_v00_90000_fof_0.0013_0000.hdf5,/rds/general/ephemeral/user/nny124/ephemeral/martian_moons_data/Ma_xp_A1800_n60_r12_v00_90000_fof_0.0013_0000.hdf5,Parameters,group,,,Gravity:MAC,b'adaptive'
Ma_xp_A1800_n60_r12_v00_90000_fof_0.0013_0000.hdf5,/rds/general/ephemeral/user/nny124/ephemeral/martian_moons_data/Ma_xp_A1800_n60_r12_v00_90000_fof_0.0013_0000.hdf5,Parameters,group,,,Gravity:allow_truncation_in_MAC,b'0'
Ma_xp_A1800_n60_r12_v00_90000_fof_0.0013_0000.hdf5,/rds/general/ephemeral/user/nny124/ephemeral/martian_moons_data/Ma_xp_A1800_n60_r12_v00_90000_fof_0.0013_0000.hdf5,Parameters,group,,,Gravity:epsilon_fmm,b'0.001'
Ma_xp_A1800_n60_r12_v00_90000_fof_0.0013_0000.hdf5,/rds/general/ephemeral/user/nny124/ephemeral/martian_moons_data/Ma_xp_A1800_n60_r12_v00_90000_fof_0.0013_0000.hdf5,Parameters,group,,,Gravity:eta,b'0.025'
Ma_xp_A1800_n60_r12_v00_90000_fof_0.0013_0000.hdf5,/rds/general/ephemeral/user/nny124/ephemeral/martian_moons_data/Ma_xp_A1800_n60_r12_v00_90000_fof_0.0013_0000.hdf5,Parameters,group,,,Gravity:max_physical_baryon_softening,b'0.0021'
Ma_xp_A1800_n60_r12_v00_90000_fof_0.0013_0000.hdf5,/rds/general/ephemeral/user/nny124/ephemeral/martian_moons_data/Ma_xp_A1800_n60_r12_v00_90000_fof_0.0013_0000.hdf5,Parameters,group,,,Gravity:rebuild_frequency,b'0.01'
Ma_xp_A1800_n60_r12_v00_90000_fof_0.0013_0000.hdf5,/rds/general/ephemeral/user/nny124/ephemeral/martian_moons_data/Ma_xp_A1800_n60_r12_v00_90000_fof_0.0013_0000.hdf5,Parameters,group,,,Gravity:theta_cr,b'0.5'
Ma_xp_A1800_n60_r12_v00_90000_fof_0.0013_0000.hdf5,/rds/general/ephemeral/user/nny124/ephemeral/martian_moons_data/Ma_xp_A1800_n60_r12_v00_90000_fof_0.0013_0000.hdf5,Parameters,group,,,Gravity:use_tree_below_softening,b'1'
Ma_xp_A1800_n60_r12_v00_90000_fof_0.0013_0000.hdf5,/rds/general/ephemeral/user/nny124/ephemeral/martian_moons_data/Ma_xp_A1800_n60_r12_v00_90000_fof_0.0013_0000.hdf5,Parameters,group,,,InitialConditions:black_holes_smoothing_length,b'-1'
Ma_xp_A1800_n60_r12_v00_90000_fof_0.0013_0000.hdf5,/rds/general/ephemeral/user/nny124/ephemeral/martian_moons_data/Ma_xp_A1800_n60_r12_v00_90000_fof_0.0013_0000.hdf5,Parameters,group,,,InitialConditions:cleanup_h_factors,b'0'
Ma_xp_A1800_n60_r12_v00_90000_fof_0.0013_0000.hdf5,/rds/general/ephemeral/user/nny124/ephemeral/martian_moons_data/Ma_xp_A1800_n60_r12_v00_90000_fof_0.0013_0000.hdf5,Parameters,group,,,InitialConditions:cleanup_smoothing_lengths,b'0'
Ma_xp_A1800_n60_r12_v00_90000_fof_0.0013_0000.hdf5,/rds/general/ephemeral/user/nny124/ephemeral/martian_moons_data/Ma_xp_A1800_n60_r12_v00_90000_fof_0.0013_0000.hdf5,Parameters,group,,,InitialConditions:cleanup_velocity_factors,b'0'
Ma_xp_A1800_n60_r12_v00_90000_fof_0.0013_0000.hdf5,/rds/general/ephemeral/user/nny124/ephemeral/martian_moons_data/Ma_xp_A1800_n60_r12_v00_90000_fof_0.0013_0000.hdf5,Parameters,group,,,InitialConditions:file_name,b'snapshots/Ma_xp_A1800_n60_r12_v00_90000_init.hdf5'
Ma_xp_A1800_n60_r12_v00_90000_fof_0.0013_0000.hdf5,/rds/general/ephemeral/user/nny124/ephemeral/martian_moons_data/Ma_xp_A1800_n60_r12_v00_90000_fof_0.0013_0000.hdf5,Parameters,group,,,InitialConditions:metadata_group_name,b'ICs_parameters'
Ma_xp_A1800_n60_r12_v00_90000_fof_0.0013_0000.hdf5,/rds/general/ephemeral/user/nny124/ephemeral/martian_moons_data/Ma_xp_A1800_n60_r12_v00_90000_fof_0.0013_0000.hdf5,Parameters,group,,,InitialConditions:periodic,b'0'
Ma_xp_A1800_n60_r12_v00_90000_fof_0.0013_0000.hdf5,/rds/general/ephemeral/user/nny124/ephemeral/martian_moons_data/Ma_xp_A1800_n60_r12_v00_90000_fof_0.0013_0000.hdf5,Parameters,group,,,InitialConditions:replicate,b'1'
Ma_xp_A1800_n60_r12_v00_90000_fof_0.0013_0000.hdf5,/rds/general/ephemeral/user/nny124/ephemeral/martian_moons_data/Ma_xp_A1800_n60_r12_v00_90000_fof_0.0013_0000.hdf5,Parameters,group,,,InitialConditions:shift,"b' [0, 0, 0]'"
Ma_xp_A1800_n60_r12_v00_90000_fof_0.0013_0000.hdf5,/rds/general/ephemeral/user/nny124/ephemeral/martian_moons_data/Ma_xp_A1800_n60_r12_v00_90000_fof_0.0013_0000.hdf5,Parameters,group,,,InitialConditions:smoothing_length_scaling,b'1'
Ma_xp_A1800_n60_r12_v00_90000_fof_0.0013_0000.hdf5,/rds/general/ephemeral/user/nny124/ephemeral/martian_moons_data/Ma_xp_A1800_n60_r12_v00_90000_fof_0.0013_0000.hdf5,Parameters,group,,,InitialConditions:stars_smoothing_length,b'-1'
Ma_xp_A1800_n60_r12_v00_90000_fof_0.0013_0000.hdf5,/rds/general/ephemeral/user/nny124/ephemeral/martian_moons_data/Ma_xp_A1800_n60_r12_v00_90000_fof_0.0013_0000.hdf5,Parameters,group,,,InternalUnitSystem:UnitCurrent_in_cgs,b'1'
Ma_xp_A1800_n60_r12_v00_90000_fof_0.0013_0000.hdf5,/rds/general/ephemeral/user/nny124/ephemeral/martian_moons_data/Ma_xp_A1800_n60_r12_v00_90000_fof_0.0013_0000.hdf5,Parameters,group,,,InternalUnitSystem:UnitLength_in_cgs,b'1.0e8'
Ma_xp_A1800_n60_r12_v00_90000_fof_0.0013_0000.hdf5,/rds/general/ephemeral/user/nny124/ephemeral/martian_moons_data/Ma_xp_A1800_n60_r12_v00_90000_fof_0.0013_0000.hdf5,Parameters,group,,,InternalUnitSystem:UnitMass_in_cgs,b'1.0e27'
Ma_xp_A1800_n60_r12_v00_90000_fof_0.0013_0000.hdf5,/rds/general/ephemeral/user/nny124/ephemeral/martian_moons_data/Ma_xp_A1800_n60_r12_v00_90000_fof_0.0013_0000.hdf5,Parameters,group,,,InternalUnitSystem:UnitTemp_in_cgs,b'1'
Ma_xp_A1800_n60_r12_v00_90000_fof_0.0013_0000.hdf5,/rds/general/ephemeral/user/nny124/ephemeral/martian_moons_data/Ma_xp_A1800_n60_r12_v00_90000_fof_0.0013_0000.hdf5,Parameters,group,,,InternalUnitSystem:UnitVelocity_in_cgs,b'1.0e8'
Ma_xp_A1800_n60_r12_v00_90000_fof_0.0013_0000.hdf5,/rds/general/ephemeral/user/nny124/ephemeral/martian_moons_data/Ma_xp_A1800_n60_r12_v00_90000_fof_0.0013_0000.hdf5,Parameters,group,,,MetaData:run_name,b'Untitled SWIFT simulation'
Ma_xp_A1800_n60_r12_v00_90000_fof_0.0013_0000.hdf5,/rds/general/ephemeral/user/nny124/ephemeral/martian_moons_data/Ma_xp_A1800_n60_r12_v00_90000_fof_0.0013_0000.hdf5,Parameters,group,,,PhysicalConstants:G,b'6.6743e-05'
Ma_xp_A1800_n60_r12_v00_90000_fof_0.0013_0000.hdf5,/rds/general/ephemeral/user/nny124/ephemeral/martian_moons_data/Ma_xp_A1800_n60_r12_v00_90000_fof_0.0013_0000.hdf5,Parameters,group,,,Scheduler:cell_extra_bparts,b'0'
Ma_xp_A1800_n60_r12_v00_90000_fof_0.0013_0000.hdf5,/rds/general/ephemeral/user/nny124/ephemeral/martian_moons_data/Ma_xp_A1800_n60_r12_v00_90000_fof_0.0013_0000.hdf5,Parameters,group,,,Scheduler:cell_extra_gparts,b'0'
Ma_xp_A1800_n60_r12_v00_90000_fof_0.0013_0000.hdf5,/rds/general/ephemeral/user/nny124/ephemeral/martian_moons_data/Ma_xp_A1800_n60_r12_v00_90000_fof_0.0013_0000.hdf5,Parameters,group,,,Scheduler:cell_extra_parts,b'0'
Ma_xp_A1800_n60_r12_v00_90000_fof_0.0013_0000.hdf5,/rds/general/ephemeral/user/nny124/ephemeral/martian_moons_data/Ma_xp_A1800_n60_r12_v00_90000_fof_0.0013_0000.hdf5,Parameters,group,,,Scheduler:cell_extra_sinks,b'0'
Ma_xp_A1800_n60_r12_v00_90000_fof_0.0013_0000.hdf5,/rds/general/ephemeral/user/nny124/ephemeral/martian_moons_data/Ma_xp_A1800_n60_r12_v00_90000_fof_0.0013_0000.hdf5,Parameters,group,,,Scheduler:cell_extra_sparts,b'100'
Ma_xp_A1800_n60_r12_v00_90000_fof_0.0013_0000.hdf5,/rds/general/ephemeral/user/nny124/ephemeral/martian_moons_data/Ma_xp_A1800_n60_r12_v00_90000_fof_0.0013_0000.hdf5,Parameters,group,,,Scheduler:cell_max_size,b'8000000'
Ma_xp_A1800_n60_r12_v00_90000_fof_0.0013_0000.hdf5,/rds/general/ephemeral/user/nny124/ephemeral/martian_moons_data/Ma_xp_A1800_n60_r12_v00_90000_fof_0.0013_0000.hdf5,Parameters,group,,,Scheduler:cell_recurse_size_pair_black_holes,b'100'
Ma_xp_A1800_n60_r12_v00_90000_fof_0.0013_0000.hdf5,/rds/general/ephemeral/user/nny124/ephemeral/martian_moons_data/Ma_xp_A1800_n60_r12_v00_90000_fof_0.0013_0000.hdf5,Parameters,group,,,Scheduler:cell_recurse_size_pair_hydro,b'100'
Ma_xp_A1800_n60_r12_v00_90000_fof_0.0013_0000.hdf5,/rds/general/ephemeral/user/nny124/ephemeral/martian_moons_data/Ma_xp_A1800_n60_r12_v00_90000_fof_0.0013_0000.hdf5,Parameters,group,,,Scheduler:cell_recurse_size_pair_sinks,b'100'
Ma_xp_A1800_n60_r12_v00_90000_fof_0.0013_0000.hdf5,/rds/general/ephemeral/user/nny124/ephemeral/martian_moons_data/Ma_xp_A1800_n60_r12_v00_90000_fof_0.0013_0000.hdf5,Parameters,group,,,Scheduler:cell_recurse_size_pair_stars,b'100'
Ma_xp_A1800_n60_r12_v00_90000_fof_0.0013_0000.hdf5,/rds/general/ephemeral/user/nny124/ephemeral/martian_moons_data/Ma_xp_A1800_n60_r12_v00_90000_fof_0.0013_0000.hdf5,Parameters,group,,,Scheduler:cell_recurse_size_self_black_holes,b'100'
Ma_xp_A1800_n60_r12_v00_90000_fof_0.0013_0000.hdf5,/rds/general/ephemeral/user/nny124/ephemeral/martian_moons_data/Ma_xp_A1800_n60_r12_v00_90000_fof_0.0013_0000.hdf5,Parameters,group,,,Scheduler:cell_recurse_size_self_hydro,b'100'
Ma_xp_A1800_n60_r12_v00_90000_fof_0.0013_0000.hdf5,/rds/general/ephemeral/user/nny124/ephemeral/martian_moons_data/Ma_xp_A1800_n60_r12_v00_90000_fof_0.0013_0000.hdf5,Parameters,group,,,Scheduler:cell_recurse_size_self_sinks,b'100'
Ma_xp_A1800_n60_r12_v00_90000_fof_0.0013_0000.hdf5,/rds/general/ephemeral/user/nny124/ephemeral/martian_moons_data/Ma_xp_A1800_n60_r12_v00_90000_fof_0.0013_0000.hdf5,Parameters,group,,,Scheduler:cell_recurse_size_self_stars,b'100'
Ma_xp_A1800_n60_r12_v00_90000_fof_0.0013_0000.hdf5,/rds/general/ephemeral/user/nny124/ephemeral/martian_moons_data/Ma_xp_A1800_n60_r12_v00_90000_fof_0.0013_0000.hdf5,Parameters,group,,,Scheduler:cell_split_size,b'400'
Ma_xp_A1800_n60_r12_v00_90000_fof_0.0013_0000.hdf5,/rds/general/ephemeral/user/nny124/ephemeral/martian_moons_data/Ma_xp_A1800_n60_r12_v00_90000_fof_0.0013_0000.hdf5,Parameters,group,,,Scheduler:cell_sub_size_pair_grav,b'2560000'
Ma_xp_A1800_n60_r12_v00_90000_fof_0.0013_0000.hdf5,/rds/general/ephemeral/user/nny124/ephemeral/martian_moons_data/Ma_xp_A1800_n60_r12_v00_90000_fof_0.0013_0000.hdf5,Parameters,group,,,Scheduler:cell_sub_size_pair_hydro,b'2560000'
Ma_xp_A1800_n60_r12_v00_90000_fof_0.0013_0000.hdf5,/rds/general/ephemeral/user/nny124/ephemeral/martian_moons_data/Ma_xp_A1800_n60_r12_v00_90000_fof_0.0013_0000.hdf5,Parameters,group,,,Scheduler:cell_sub_size_pair_stars,b'256000000'
Ma_xp_A1800_n60_r12_v00_90000_fof_0.0013_0000.hdf5,/rds/general/ephemeral/user/nny124/ephemeral/martian_moons_data/Ma_xp_A1800_n60_r12_v00_90000_fof_0.0013_0000.hdf5,Parameters,group,,,Scheduler:cell_sub_size_self_grav,b'3200'
Ma_xp_A1800_n60_r12_v00_90000_fof_0.0013_0000.hdf5,/rds/general/ephemeral/user/nny124/ephemeral/martian_moons_data/Ma_xp_A1800_n60_r12_v00_90000_fof_0.0013_0000.hdf5,Parameters,group,,,Scheduler:cell_sub_size_self_hydro,b'3200'
Ma_xp_A1800_n60_r12_v00_90000_fof_0.0013_0000.hdf5,/rds/general/ephemeral/user/nny124/ephemeral/martian_moons_data/Ma_xp_A1800_n60_r12_v00_90000_fof_0.0013_0000.hdf5,Parameters,group,,,Scheduler:cell_sub_size_self_stars,b'32000'
Ma_xp_A1800_n60_r12_v00_90000_fof_0.0013_0000.hdf5,/rds/general/ephemeral/user/nny124/ephemeral/martian_moons_data/Ma_xp_A1800_n60_r12_v00_90000_fof_0.0013_0000.hdf5,Parameters,group,,,Scheduler:cell_subdepth_diff_grav,b'2'
Ma_xp_A1800_n60_r12_v00_90000_fof_0.0013_0000.hdf5,/rds/general/ephemeral/user/nny124/ephemeral/martian_moons_data/Ma_xp_A1800_n60_r12_v00_90000_fof_0.0013_0000.hdf5,Parameters,group,,,Scheduler:dependency_graph_frequency,b'0'
Ma_xp_A1800_n60_r12_v00_90000_fof_0.0013_0000.hdf5,/rds/general/ephemeral/user/nny124/ephemeral/martian_moons_data/Ma_xp_A1800_n60_r12_v00_90000_fof_0.0013_0000.hdf5,Parameters,group,,,Scheduler:engine_max_parts_per_cooling,b'10000'
Ma_xp_A1800_n60_r12_v00_90000_fof_0.0013_0000.hdf5,/rds/general/ephemeral/user/nny124/ephemeral/martian_moons_data/Ma_xp_A1800_n60_r12_v00_90000_fof_0.0013_0000.hdf5,Parameters,group,,,Scheduler:engine_max_parts_per_ghost,b'100'
Ma_xp_A1800_n60_r12_v00_90000_fof_0.0013_0000.hdf5,/rds/general/ephemeral/user/nny124/ephemeral/martian_moons_data/Ma_xp_A1800_n60_r12_v00_90000_fof_0.0013_0000.hdf5,Parameters,group,,,Scheduler:engine_max_sparts_per_ghost,b'1000'
Ma_xp_A1800_n60_r12_v00_90000_fof_0.0013_0000.hdf5,/rds/general/ephemeral/user/nny124/ephemeral/martian_moons_data/Ma_xp_A1800_n60_r12_v00_90000_fof_0.0013_0000.hdf5,Parameters,group,,,Scheduler:links_per_tasks,b'25'
Ma_xp_A1800_n60_r12_v00_90000_fof_0.0013_0000.hdf5,/rds/general/ephemeral/user/nny124/ephemeral/martian_moons_data/Ma_xp_A1800_n60_r12_v00_90000_fof_0.0013_0000.hdf5,Parameters,group,,,Scheduler:max_top_level_cells,b'96'
Ma_xp_A1800_n60_r12_v00_90000_fof_0.0013_0000.hdf5,/rds/general/ephemeral/user/nny124/ephemeral/martian_moons_data/Ma_xp_A1800_n60_r12_v00_90000_fof_0.0013_0000.hdf5,Parameters,group,,,Scheduler:mpi_message_limit,b'4'
Ma_xp_A1800_n60_r12_v00_90000_fof_0.0013_0000.hdf5,/rds/general/ephemeral/user/nny124/ephemeral/martian_moons_data/Ma_xp_A1800_n60_r12_v00_90000_fof_0.0013_0000.hdf5,Parameters,group,,,Scheduler:nr_queues,b'4'
Ma_xp_A1800_n60_r12_v00_90000_fof_0.0013_0000.hdf5,/rds/general/ephemeral/user/nny124/ephemeral/martian_moons_data/Ma_xp_A1800_n60_r12_v00_90000_fof_0.0013_0000.hdf5,Parameters,group,,,Scheduler:task_level_output_frequency,b'0'
Ma_xp_A1800_n60_r12_v00_90000_fof_0.0013_0000.hdf5,/rds/general/ephemeral/user/nny124/ephemeral/martian_moons_data/Ma_xp_A1800_n60_r12_v00_90000_fof_0.0013_0000.hdf5,Parameters,group,,,Scheduler:tasks_per_cell,b'2.0'
Ma_xp_A1800_n60_r12_v00_90000_fof_0.0013_0000.hdf5,/rds/general/ephemeral/user/nny124/ephemeral/martian_moons_data/Ma_xp_A1800_n60_r12_v00_90000_fof_0.0013_0000.hdf5,Parameters,group,,,Snapshots:UnitCurrent_in_cgs,b'1'
Ma_xp_A1800_n60_r12_v00_90000_fof_0.0013_0000.hdf5,/rds/general/ephemeral/user/nny124/ephemeral/martian_moons_data/Ma_xp_A1800_n60_r12_v00_90000_fof_0.0013_0000.hdf5,Parameters,group,,,Snapshots:UnitLength_in_cgs,b'1e+08'
Ma_xp_A1800_n60_r12_v00_90000_fof_0.0013_0000.hdf5,/rds/general/ephemeral/user/nny124/ephemeral/martian_moons_data/Ma_xp_A1800_n60_r12_v00_90000_fof_0.0013_0000.hdf5,Parameters,group,,,Snapshots:UnitMass_in_cgs,b'1e+27'
Ma_xp_A1800_n60_r12_v00_90000_fof_0.0013_0000.hdf5,/rds/general/ephemeral/user/nny124/ephemeral/martian_moons_data/Ma_xp_A1800_n60_r12_v00_90000_fof_0.0013_0000.hdf5,Parameters,group,,,Snapshots:UnitTemp_in_cgs,b'1'
Ma_xp_A1800_n60_r12_v00_90000_fof_0.0013_0000.hdf5,/rds/general/ephemeral/user/nny124/ephemeral/martian_moons_data/Ma_xp_A1800_n60_r12_v00_90000_fof_0.0013_0000.hdf5,Parameters,group,,,Snapshots:UnitVelocity_in_cgs,b'1e+08'
Ma_xp_A1800_n60_r12_v00_90000_fof_0.0013_0000.hdf5,/rds/general/ephemeral/user/nny124/ephemeral/martian_moons_data/Ma_xp_A1800_n60_r12_v00_90000_fof_0.0013_0000.hdf5,Parameters,group,,,Snapshots:basename,b'snapshots/Ma_xp_A1800_n60_r12_v00_90000_fof_0.0013'
Ma_xp_A1800_n60_r12_v00_90000_fof_0.0013_0000.hdf5,/rds/general/ephemeral/user/nny124/ephemeral/martian_moons_data/Ma_xp_A1800_n60_r12_v00_90000_fof_0.0013_0000.hdf5,Parameters,group,,,Snapshots:compression,b'0'
Ma_xp_A1800_n60_r12_v00_90000_fof_0.0013_0000.hdf5,/rds/general/ephemeral/user/nny124/ephemeral/martian_moons_data/Ma_xp_A1800_n60_r12_v00_90000_fof_0.0013_0000.hdf5,Parameters,group,,,Snapshots:delta_time,b'1000'
Ma_xp_A1800_n60_r12_v00_90000_fof_0.0013_0000.hdf5,/rds/general/ephemeral/user/nny124/ephemeral/martian_moons_data/Ma_xp_A1800_n60_r12_v00_90000_fof_0.0013_0000.hdf5,Parameters,group,,,Snapshots:distributed,b'0'
Ma_xp_A1800_n60_r12_v00_90000_fof_0.0013_0000.hdf5,/rds/general/ephemeral/user/nny124/ephemeral/martian_moons_data/Ma_xp_A1800_n60_r12_v00_90000_fof_0.0013_0000.hdf5,Parameters,group,,,Snapshots:invoke_fof,b'0'
Ma_xp_A1800_n60_r12_v00_90000_fof_0.0013_0000.hdf5,/rds/general/ephemeral/user/nny124/ephemeral/martian_moons_data/Ma_xp_A1800_n60_r12_v00_90000_fof_0.0013_0000.hdf5,Parameters,group,,,Snapshots:invoke_stf,b'0'
Ma_xp_A1800_n60_r12_v00_90000_fof_0.0013_0000.hdf5,/rds/general/ephemeral/user/nny124/ephemeral/martian_moons_data/Ma_xp_A1800_n60_r12_v00_90000_fof_0.0013_0000.hdf5,Parameters,group,,,Snapshots:lustre_OST_count,b'0'
Ma_xp_A1800_n60_r12_v00_90000_fof_0.0013_0000.hdf5,/rds/general/ephemeral/user/nny124/ephemeral/martian_moons_data/Ma_xp_A1800_n60_r12_v00_90000_fof_0.0013_0000.hdf5,Parameters,group,,,Snapshots:run_on_dump,b'0'
Ma_xp_A1800_n60_r12_v00_90000_fof_0.0013_0000.hdf5,/rds/general/ephemeral/user/nny124/ephemeral/martian_moons_data/Ma_xp_A1800_n60_r12_v00_90000_fof_0.0013_0000.hdf5,Parameters,group,,,Snapshots:scale_factor_first,b'0.1'
Ma_xp_A1800_n60_r12_v00_90000_fof_0.0013_0000.hdf5,/rds/general/ephemeral/user/nny124/ephemeral/martian_moons_data/Ma_xp_A1800_n60_r12_v00_90000_fof_0.0013_0000.hdf5,Parameters,group,,,Snapshots:select_output,b'../select_output.yml'
Ma_xp_A1800_n60_r12_v00_90000_fof_0.0013_0000.hdf5,/rds/general/ephemeral/user/nny124/ephemeral/martian_moons_data/Ma_xp_A1800_n60_r12_v00_90000_fof_0.0013_0000.hdf5,Parameters,group,,,Snapshots:select_output_on,b'1'
Ma_xp_A1800_n60_r12_v00_90000_fof_0.0013_0000.hdf5,/rds/general/ephemeral/user/nny124/ephemeral/martian_moons_data/Ma_xp_A1800_n60_r12_v00_90000_fof_0.0013_0000.hdf5,Parameters,group,,,Snapshots:subdir,b'.'
Ma_xp_A1800_n60_r12_v00_90000_fof_0.0013_0000.hdf5,/rds/general/ephemeral/user/nny124/ephemeral/martian_moons_data/Ma_xp_A1800_n60_r12_v00_90000_fof_0.0013_0000.hdf5,Parameters,group,,,Snapshots:subsample,"b' [0, 0, 0, 0, 0, 0, 0]'"
Ma_xp_A1800_n60_r12_v00_90000_fof_0.0013_0000.hdf5,/rds/general/ephemeral/user/nny124/ephemeral/martian_moons_data/Ma_xp_A1800_n60_r12_v00_90000_fof_0.0013_0000.hdf5,Parameters,group,,,Snapshots:subsample_fraction,"b' [0, 0, 0, 0, 0, 0, 0]'"
Ma_xp_A1800_n60_r12_v00_90000_fof_0.0013_0000.hdf5,/rds/general/ephemeral/user/nny124/ephemeral/martian_moons_data/Ma_xp_A1800_n60_r12_v00_90000_fof_0.0013_0000.hdf5,Parameters,group,,,Snapshots:time_first,b'0'
Ma_xp_A1800_n60_r12_v00_90000_fof_0.0013_0000.hdf5,/rds/general/ephemeral/user/nny124/ephemeral/martian_moons_data/Ma_xp_A1800_n60_r12_v00_90000_fof_0.0013_0000.hdf5,Parameters,group,,,Snapshots:use_delta_from_edge,b'0'
Ma_xp_A1800_n60_r12_v00_90000_fof_0.0013_0000.hdf5,/rds/general/ephemeral/user/nny124/ephemeral/martian_moons_data/Ma_xp_A1800_n60_r12_v00_90000_fof_0.0013_0000.hdf5,Parameters,group,,,Statistics:delta_time,b'1000'
Ma_xp_A1800_n60_r12_v00_90000_fof_0.0013_0000.hdf5,/rds/general/ephemeral/user/nny124/ephemeral/martian_moons_data/Ma_xp_A1800_n60_r12_v00_90000_fof_0.0013_0000.hdf5,Parameters,group,,,Statistics:scale_factor_first,b'0.1'
Ma_xp_A1800_n60_r12_v00_90000_fof_0.0013_0000.hdf5,/rds/general/ephemeral/user/nny124/ephemeral/martian_moons_data/Ma_xp_A1800_n60_r12_v00_90000_fof_0.0013_0000.hdf5,Parameters,group,,,Statistics:time_first,b'0'
Ma_xp_A1800_n60_r12_v00_90000_fof_0.0013_0000.hdf5,/rds/general/ephemeral/user/nny124/ephemeral/martian_moons_data/Ma_xp_A1800_n60_r12_v00_90000_fof_0.0013_0000.hdf5,Parameters,group,,,TimeIntegration:dt_RMS_use_gas_only,b'0'
Ma_xp_A1800_n60_r12_v00_90000_fof_0.0013_0000.hdf5,/rds/general/ephemeral/user/nny124/ephemeral/martian_moons_data/Ma_xp_A1800_n60_r12_v00_90000_fof_0.0013_0000.hdf5,Parameters,group,,,TimeIntegration:dt_max,b'1000'
Ma_xp_A1800_n60_r12_v00_90000_fof_0.0013_0000.hdf5,/rds/general/ephemeral/user/nny124/ephemeral/martian_moons_data/Ma_xp_A1800_n60_r12_v00_90000_fof_0.0013_0000.hdf5,Parameters,group,,,TimeIntegration:dt_min,b'0.0001'
Ma_xp_A1800_n60_r12_v00_90000_fof_0.0013_0000.hdf5,/rds/general/ephemeral/user/nny124/ephemeral/martian_moons_data/Ma_xp_A1800_n60_r12_v00_90000_fof_0.0013_0000.hdf5,Parameters,group,,,TimeIntegration:max_dt_RMS_factor,b'0.25'
Ma_xp_A1800_n60_r12_v00_90000_fof_0.0013_0000.hdf5,/rds/general/ephemeral/user/nny124/ephemeral/martian_moons_data/Ma_xp_A1800_n60_r12_v00_90000_fof_0.0013_0000.hdf5,Parameters,group,,,TimeIntegration:time_begin,b'0'
Ma_xp_A1800_n60_r12_v00_90000_fof_0.0013_0000.hdf5,/rds/general/ephemeral/user/nny124/ephemeral/martian_moons_data/Ma_xp_A1800_n60_r12_v00_90000_fof_0.0013_0000.hdf5,Parameters,group,,,TimeIntegration:time_end,b'120000'
Ma_xp_A1800_n60_r12_v00_90000_fof_0.0013_0000.hdf5,/rds/general/ephemeral/user/nny124/ephemeral/martian_moons_data/Ma_xp_A1800_n60_r12_v00_90000_fof_0.0013_0000.hdf5,PartType0,group,,,NumberOfFields,[15]
Ma_xp_A1800_n60_r12_v00_90000_fof_0.0013_0000.hdf5,/rds/general/ephemeral/user/nny124/ephemeral/martian_moons_data/Ma_xp_A1800_n60_r12_v00_90000_fof_0.0013_0000.hdf5,PartType0,group,,,NumberOfParticles,[1002827]
Ma_xp_A1800_n60_r12_v00_90000_fof_0.0013_0000.hdf5,/rds/general/ephemeral/user/nny124/ephemeral/martian_moons_data/Ma_xp_A1800_n60_r12_v00_90000_fof_0.0013_0000.hdf5,PartType0/Coordinates,dataset,"(1002827, 3)",float64,Conversion factor to CGS (not including cosmological corrections),[1.e+08]
Ma_xp_A1800_n60_r12_v00_90000_fof_0.0013_0000.hdf5,/rds/general/ephemeral/user/nny124/ephemeral/martian_moons_data/Ma_xp_A1800_n60_r12_v00_90000_fof_0.0013_0000.hdf5,PartType0/Coordinates,dataset,"(1002827, 3)",float64,Conversion factor to physical CGS (including cosmological corrections),[1.e+08]
Ma_xp_A1800_n60_r12_v00_90000_fof_0.0013_0000.hdf5,/rds/general/ephemeral/user/nny124/ephemeral/martian_moons_data/Ma_xp_A1800_n60_r12_v00_90000_fof_0.0013_0000.hdf5,PartType0/Coordinates,dataset,"(1002827, 3)",float64,Description,b'Positions of the particles'
Ma_xp_A1800_n60_r12_v00_90000_fof_0.0013_0000.hdf5,/rds/general/ephemeral/user/nny124/ephemeral/martian_moons_data/Ma_xp_A1800_n60_r12_v00_90000_fof_0.0013_0000.hdf5,PartType0/Coordinates,dataset,"(1002827, 3)",float64,Expression for physical CGS units,b'a U_L  [ cm ]'
Ma_xp_A1800_n60_r12_v00_90000_fof_0.0013_0000.hdf5,/rds/general/ephemeral/user/nny124/ephemeral/martian_moons_data/Ma_xp_A1800_n60_r12_v00_90000_fof_0.0013_0000.hdf5,PartType0/Coordinates,dataset,"(1002827, 3)",float64,Lossy compression filter,b'None'
Ma_xp_A1800_n60_r12_v00_90000_fof_0.0013_0000.hdf5,/rds/general/ephemeral/user/nny124/ephemeral/martian_moons_data/Ma_xp_A1800_n60_r12_v00_90000_fof_0.0013_0000.hdf5,PartType0/Coordinates,dataset,"(1002827, 3)",float64,U_I exponent,[0.]
Ma_xp_A1800_n60_r12_v00_90000_fof_0.0013_0000.hdf5,/rds/general/ephemeral/user/nny124/ephemeral/martian_moons_data/Ma_xp_A1800_n60_r12_v00_90000_fof_0.0013_0000.hdf5,PartType0/Coordinates,dataset,"(1002827, 3)",float64,U_L exponent,[1.]
Ma_xp_A1800_n60_r12_v00_90000_fof_0.0013_0000.hdf5,/rds/general/ephemeral/user/nny124/ephemeral/martian_moons_data/Ma_xp_A1800_n60_r12_v00_90000_fof_0.0013_0000.hdf5,PartType0/Coordinates,dataset,"(1002827, 3)",float64,U_M exponent,[0.]
Ma_xp_A1800_n60_r12_v00_90000_fof_0.0013_0000.hdf5,/rds/general/ephemeral/user/nny124/ephemeral/martian_moons_data/Ma_xp_A1800_n60_r12_v00_90000_fof_0.0013_0000.hdf5,PartType0/Coordinates,dataset,"(1002827, 3)",float64,U_T exponent,[0.]
Ma_xp_A1800_n60_r12_v00_90000_fof_0.0013_0000.hdf5,/rds/general/ephemeral/user/nny124/ephemeral/martian_moons_data/Ma_xp_A1800_n60_r12_v00_90000_fof_0.0013_0000.hdf5,PartType0/Coordinates,dataset,"(1002827, 3)",float64,U_t exponent,[0.]
Ma_xp_A1800_n60_r12_v00_90000_fof_0.0013_0000.hdf5,/rds/general/ephemeral/user/nny124/ephemeral/martian_moons_data/Ma_xp_A1800_n60_r12_v00_90000_fof_0.0013_0000.hdf5,PartType0/Coordinates,dataset,"(1002827, 3)",float64,a-scale exponent,[1.]
Ma_xp_A1800_n60_r12_v00_90000_fof_0.0013_0000.hdf5,/rds/general/ephemeral/user/nny124/ephemeral/martian_moons_data/Ma_xp_A1800_n60_r12_v00_90000_fof_0.0013_0000.hdf5,PartType0/Coordinates,dataset,"(1002827, 3)",float64,h-scale exponent,[0.]
Ma_xp_A1800_n60_r12_v00_90000_fof_0.0013_0000.hdf5,/rds/general/ephemeral/user/nny124/ephemeral/martian_moons_data/Ma_xp_A1800_n60_r12_v00_90000_fof_0.0013_0000.hdf5,PartType0/Densities,dataset,"(1002827,)",float32,Conversion factor to CGS (not including cosmological corrections),[1000.]
Ma_xp_A1800_n60_r12_v00_90000_fof_0.0013_0000.hdf5,/rds/general/ephemeral/user/nny124/ephemeral/martian_moons_data/Ma_xp_A1800_n60_r12_v00_90000_fof_0.0013_0000.hdf5,PartType0/Densities,dataset,"(1002827,)",float32,Conversion factor to physical CGS (including cosmological corrections),[1000.]
Ma_xp_A1800_n60_r12_v00_90000_fof_0.0013_0000.hdf5,/rds/general/ephemeral/user/nny124/ephemeral/martian_moons_data/Ma_xp_A1800_n60_r12_v00_90000_fof_0.0013_0000.hdf5,PartType0/Densities,dataset,"(1002827,)",float32,Description,b'Densities of the particles'
Ma_xp_A1800_n60_r12_v00_90000_fof_0.0013_0000.hdf5,/rds/general/ephemeral/user/nny124/ephemeral/martian_moons_data/Ma_xp_A1800_n60_r12_v00_90000_fof_0.0013_0000.hdf5,PartType0/Densities,dataset,"(1002827,)",float32,Expression for physical CGS units,b'a^-3 U_M U_L^-3  [ g cm^-3 ]'
Ma_xp_A1800_n60_r12_v00_90000_fof_0.0013_0000.hdf5,/rds/general/ephemeral/user/nny124/ephemeral/martian_moons_data/Ma_xp_A1800_n60_r12_v00_90000_fof_0.0013_0000.hdf5,PartType0/Densities,dataset,"(1002827,)",float32,Lossy compression filter,b'None'
Ma_xp_A1800_n60_r12_v00_90000_fof_0.0013_0000.hdf5,/rds/general/ephemeral/user/nny124/ephemeral/martian_moons_data/Ma_xp_A1800_n60_r12_v00_90000_fof_0.0013_0000.hdf5,PartType0/Densities,dataset,"(1002827,)",float32,U_I exponent,[0.]
Ma_xp_A1800_n60_r12_v00_90000_fof_0.0013_0000.hdf5,/rds/general/ephemeral/user/nny124/ephemeral/martian_moons_data/Ma_xp_A1800_n60_r12_v00_90000_fof_0.0013_0000.hdf5,PartType0/Densities,dataset,"(1002827,)",float32,U_L exponent,[-3.]
Ma_xp_A1800_n60_r12_v00_90000_fof_0.0013_0000.hdf5,/rds/general/ephemeral/user/nny124/ephemeral/martian_moons_data/Ma_xp_A1800_n60_r12_v00_90000_fof_0.0013_0000.hdf5,PartType0/Densities,dataset,"(1002827,)",float32,U_M exponent,[1.]
Ma_xp_A1800_n60_r12_v00_90000_fof_0.0013_0000.hdf5,/rds/general/ephemeral/user/nny124/ephemeral/martian_moons_data/Ma_xp_A1800_n60_r12_v00_90000_fof_0.0013_0000.hdf5,PartType0/Densities,dataset,"(1002827,)",float32,U_T exponent,[0.]
Ma_xp_A1800_n60_r12_v00_90000_fof_0.0013_0000.hdf5,/rds/general/ephemeral/user/nny124/ephemeral/martian_moons_data/Ma_xp_A1800_n60_r12_v00_90000_fof_0.0013_0000.hdf5,PartType0/Densities,dataset,"(1002827,)",float32,U_t exponent,[0.]
Ma_xp_A1800_n60_r12_v00_90000_fof_0.0013_0000.hdf5,/rds/general/ephemeral/user/nny124/ephemeral/martian_moons_data/Ma_xp_A1800_n60_r12_v00_90000_fof_0.0013_0000.hdf5,PartType0/Densities,dataset,"(1002827,)",float32,a-scale exponent,[-3.]
Ma_xp_A1800_n60_r12_v00_90000_fof_0.0013_0000.hdf5,/rds/general/ephemeral/user/nny124/ephemeral/martian_moons_data/Ma_xp_A1800_n60_r12_v00_90000_fof_0.0013_0000.hdf5,PartType0/Densities,dataset,"(1002827,)",float32,h-scale exponent,[0.]
Ma_xp_A1800_n60_r12_v00_90000_fof_0.0013_0000.hdf5,/rds/general/ephemeral/user/nny124/ephemeral/martian_moons_data/Ma_xp_A1800_n60_r12_v00_90000_fof_0.0013_0000.hdf5,PartType0/Entropies,dataset,"(1002827,)",float32,Conversion factor to CGS (not including cosmological corrections),[1.00000247e+14]
Ma_xp_A1800_n60_r12_v00_90000_fof_0.0013_0000.hdf5,/rds/general/ephemeral/user/nny124/ephemeral/martian_moons_data/Ma_xp_A1800_n60_r12_v00_90000_fof_0.0013_0000.hdf5,PartType0/Entropies,dataset,"(1002827,)",float32,Conversion factor to physical CGS (including cosmological corrections),[1.00000247e+14]
Ma_xp_A1800_n60_r12_v00_90000_fof_0.0013_0000.hdf5,/rds/general/ephemeral/user/nny124/ephemeral/martian_moons_data/Ma_xp_A1800_n60_r12_v00_90000_fof_0.0013_0000.hdf5,PartType0/Entropies,dataset,"(1002827,)",float32,Description,b'Entropies per unit mass of the particles'
Ma_xp_A1800_n60_r12_v00_90000_fof_0.0013_0000.hdf5,/rds/general/ephemeral/user/nny124/ephemeral/martian_moons_data/Ma_xp_A1800_n60_r12_v00_90000_fof_0.0013_0000.hdf5,PartType0/Entropies,dataset,"(1002827,)",float32,Expression for physical CGS units,b'U_M^-0.6667 U_L^4 U_t^-2  [ g^-0.6667 cm^4 s^-2 ]'
Ma_xp_A1800_n60_r12_v00_90000_fof_0.0013_0000.hdf5,/rds/general/ephemeral/user/nny124/ephemeral/martian_moons_data/Ma_xp_A1800_n60_r12_v00_90000_fof_0.0013_0000.hdf5,PartType0/Entropies,dataset,"(1002827,)",float32,Lossy compression filter,b'None'
Ma_xp_A1800_n60_r12_v00_90000_fof_0.0013_0000.hdf5,/rds/general/ephemeral/user/nny124/ephemeral/martian_moons_data/Ma_xp_A1800_n60_r12_v00_90000_fof_0.0013_0000.hdf5,PartType0/Entropies,dataset,"(1002827,)",float32,U_I exponent,[0.]
Ma_xp_A1800_n60_r12_v00_90000_fof_0.0013_0000.hdf5,/rds/general/ephemeral/user/nny124/ephemeral/martian_moons_data/Ma_xp_A1800_n60_r12_v00_90000_fof_0.0013_0000.hdf5,PartType0/Entropies,dataset,"(1002827,)",float32,U_L exponent,[4.]
Ma_xp_A1800_n60_r12_v00_90000_fof_0.0013_0000.hdf5,/rds/general/ephemeral/user/nny124/ephemeral/martian_moons_data/Ma_xp_A1800_n60_r12_v00_90000_fof_0.0013_0000.hdf5,PartType0/Entropies,dataset,"(1002827,)",float32,U_M exponent,[-0.6666666]
Ma_xp_A1800_n60_r12_v00_90000_fof_0.0013_0000.hdf5,/rds/general/ephemeral/user/nny124/ephemeral/martian_moons_data/Ma_xp_A1800_n60_r12_v00_90000_fof_0.0013_0000.hdf5,PartType0/Entropies,dataset,"(1002827,)",float32,U_T exponent,[0.]
Ma_xp_A1800_n60_r12_v00_90000_fof_0.0013_0000.hdf5,/rds/general/ephemeral/user/nny124/ephemeral/martian_moons_data/Ma_xp_A1800_n60_r12_v00_90000_fof_0.0013_0000.hdf5,PartType0/Entropies,dataset,"(1002827,)",float32,U_t exponent,[-2.]
Ma_xp_A1800_n60_r12_v00_90000_fof_0.0013_0000.hdf5,/rds/general/ephemeral/user/nny124/ephemeral/martian_moons_data/Ma_xp_A1800_n60_r12_v00_90000_fof_0.0013_0000.hdf5,PartType0/Entropies,dataset,"(1002827,)",float32,a-scale exponent,[0.]
Ma_xp_A1800_n60_r12_v00_90000_fof_0.0013_0000.hdf5,/rds/general/ephemeral/user/nny124/ephemeral/martian_moons_data/Ma_xp_A1800_n60_r12_v00_90000_fof_0.0013_0000.hdf5,PartType0/Entropies,dataset,"(1002827,)",float32,h-scale exponent,[0.]
Ma_xp_A1800_n60_r12_v00_90000_fof_0.0013_0000.hdf5,/rds/general/ephemeral/user/nny124/ephemeral/martian_moons_data/Ma_xp_A1800_n60_r12_v00_90000_fof_0.0013_0000.hdf5,PartType0/FOFGroupIDs,dataset,"(1002827,)",int64,Conversion factor to CGS (not including cosmological corrections),[1.]
Ma_xp_A1800_n60_r12_v00_90000_fof_0.0013_0000.hdf5,/rds/general/ephemeral/user/nny124/ephemeral/martian_moons_data/Ma_xp_A1800_n60_r12_v00_90000_fof_0.0013_0000.hdf5,PartType0/FOFGroupIDs,dataset,"(1002827,)",int64,Conversion factor to physical CGS (including cosmological corrections),[1.]
Ma_xp_A1800_n60_r12_v00_90000_fof_0.0013_0000.hdf5,/rds/general/ephemeral/user/nny124/ephemeral/martian_moons_data/Ma_xp_A1800_n60_r12_v00_90000_fof_0.0013_0000.hdf5,PartType0/FOFGroupIDs,dataset,"(1002827,)",int64,Description,b'Friends-Of-Friends ID of the group the particles belong to'
Ma_xp_A1800_n60_r12_v00_90000_fof_0.0013_0000.hdf5,/rds/general/ephemeral/user/nny124/ephemeral/martian_moons_data/Ma_xp_A1800_n60_r12_v00_90000_fof_0.0013_0000.hdf5,PartType0/FOFGroupIDs,dataset,"(1002827,)",int64,Expression for physical CGS units,b'[ - ] '
Ma_xp_A1800_n60_r12_v00_90000_fof_0.0013_0000.hdf5,/rds/general/ephemeral/user/nny124/ephemeral/martian_moons_data/Ma_xp_A1800_n60_r12_v00_90000_fof_0.0013_0000.hdf5,PartType0/FOFGroupIDs,dataset,"(1002827,)",int64,Lossy compression filter,b'None'
Ma_xp_A1800_n60_r12_v00_90000_fof_0.0013_0000.hdf5,/rds/general/ephemeral/user/nny124/ephemeral/martian_moons_data/Ma_xp_A1800_n60_r12_v00_90000_fof_0.0013_0000.hdf5,PartType0/FOFGroupIDs,dataset,"(1002827,)",int64,U_I exponent,[0.]
Ma_xp_A1800_n60_r12_v00_90000_fof_0.0013_0000.hdf5,/rds/general/ephemeral/user/nny124/ephemeral/martian_moons_data/Ma_xp_A1800_n60_r12_v00_90000_fof_0.0013_0000.hdf5,PartType0/FOFGroupIDs,dataset,"(1002827,)",int64,U_L exponent,[0.]
Ma_xp_A1800_n60_r12_v00_90000_fof_0.0013_0000.hdf5,/rds/general/ephemeral/user/nny124/ephemeral/martian_moons_data/Ma_xp_A1800_n60_r12_v00_90000_fof_0.0013_0000.hdf5,PartType0/FOFGroupIDs,dataset,"(1002827,)",int64,U_M exponent,[0.]
Ma_xp_A1800_n60_r12_v00_90000_fof_0.0013_0000.hdf5,/rds/general/ephemeral/user/nny124/ephemeral/martian_moons_data/Ma_xp_A1800_n60_r12_v00_90000_fof_0.0013_0000.hdf5,PartType0/FOFGroupIDs,dataset,"(1002827,)",int64,U_T exponent,[0.]
Ma_xp_A1800_n60_r12_v00_90000_fof_0.0013_0000.hdf5,/rds/general/ephemeral/user/nny124/ephemeral/martian_moons_data/Ma_xp_A1800_n60_r12_v00_90000_fof_0.0013_0000.hdf5,PartType0/FOFGroupIDs,dataset,"(1002827,)",int64,U_t exponent,[0.]
Ma_xp_A1800_n60_r12_v00_90000_fof_0.0013_0000.hdf5,/rds/general/ephemeral/user/nny124/ephemeral/martian_moons_data/Ma_xp_A1800_n60_r12_v00_90000_fof_0.0013_0000.hdf5,PartType0/FOFGroupIDs,dataset,"(1002827,)",int64,a-scale exponent,[0.]
Ma_xp_A1800_n60_r12_v00_90000_fof_0.0013_0000.hdf5,/rds/general/ephemeral/user/nny124/ephemeral/martian_moons_data/Ma_xp_A1800_n60_r12_v00_90000_fof_0.0013_0000.hdf5,PartType0/FOFGroupIDs,dataset,"(1002827,)",int64,h-scale exponent,[0.]
Ma_xp_A1800_n60_r12_v00_90000_fof_0.0013_0000.hdf5,/rds/general/ephemeral/user/nny124/ephemeral/martian_moons_data/Ma_xp_A1800_n60_r12_v00_90000_fof_0.0013_0000.hdf5,PartType0/InternalEnergies,dataset,"(1002827,)",float32,Conversion factor to CGS (not including cosmological corrections),[1.e+16]
Ma_xp_A1800_n60_r12_v00_90000_fof_0.0013_0000.hdf5,/rds/general/ephemeral/user/nny124/ephemeral/martian_moons_data/Ma_xp_A1800_n60_r12_v00_90000_fof_0.0013_0000.hdf5,PartType0/InternalEnergies,dataset,"(1002827,)",float32,Conversion factor to physical CGS (including cosmological corrections),[1.e+16]
Ma_xp_A1800_n60_r12_v00_90000_fof_0.0013_0000.hdf5,/rds/general/ephemeral/user/nny124/ephemeral/martian_moons_data/Ma_xp_A1800_n60_r12_v00_90000_fof_0.0013_0000.hdf5,PartType0/InternalEnergies,dataset,"(1002827,)",float32,Description,b'Thermal energies per unit mass of the particles'
Ma_xp_A1800_n60_r12_v00_90000_fof_0.0013_0000.hdf5,/rds/general/ephemeral/user/nny124/ephemeral/martian_moons_data/Ma_xp_A1800_n60_r12_v00_90000_fof_0.0013_0000.hdf5,PartType0/InternalEnergies,dataset,"(1002827,)",float32,Expression for physical CGS units,b'a^-2 U_L^2 U_t^-2  [ cm^2 s^-2 ]'
Ma_xp_A1800_n60_r12_v00_90000_fof_0.0013_0000.hdf5,/rds/general/ephemeral/user/nny124/ephemeral/martian_moons_data/Ma_xp_A1800_n60_r12_v00_90000_fof_0.0013_0000.hdf5,PartType0/InternalEnergies,dataset,"(1002827,)",float32,Lossy compression filter,b'None'
Ma_xp_A1800_n60_r12_v00_90000_fof_0.0013_0000.hdf5,/rds/general/ephemeral/user/nny124/ephemeral/martian_moons_data/Ma_xp_A1800_n60_r12_v00_90000_fof_0.0013_0000.hdf5,PartType0/InternalEnergies,dataset,"(1002827,)",float32,U_I exponent,[0.]
Ma_xp_A1800_n60_r12_v00_90000_fof_0.0013_0000.hdf5,/rds/general/ephemeral/user/nny124/ephemeral/martian_moons_data/Ma_xp_A1800_n60_r12_v00_90000_fof_0.0013_0000.hdf5,PartType0/InternalEnergies,dataset,"(1002827,)",float32,U_L exponent,[2.]
Ma_xp_A1800_n60_r12_v00_90000_fof_0.0013_0000.hdf5,/rds/general/ephemeral/user/nny124/ephemeral/martian_moons_data/Ma_xp_A1800_n60_r12_v00_90000_fof_0.0013_0000.hdf5,PartType0/InternalEnergies,dataset,"(1002827,)",float32,U_M exponent,[0.]
Ma_xp_A1800_n60_r12_v00_90000_fof_0.0013_0000.hdf5,/rds/general/ephemeral/user/nny124/ephemeral/martian_moons_data/Ma_xp_A1800_n60_r12_v00_90000_fof_0.0013_0000.hdf5,PartType0/InternalEnergies,dataset,"(1002827,)",float32,U_T exponent,[0.]
Ma_xp_A1800_n60_r12_v00_90000_fof_0.0013_0000.hdf5,/rds/general/ephemeral/user/nny124/ephemeral/martian_moons_data/Ma_xp_A1800_n60_r12_v00_90000_fof_0.0013_0000.hdf5,PartType0/InternalEnergies,dataset,"(1002827,)",float32,U_t exponent,[-2.]
Ma_xp_A1800_n60_r12_v00_90000_fof_0.0013_0000.hdf5,/rds/general/ephemeral/user/nny124/ephemeral/martian_moons_data/Ma_xp_A1800_n60_r12_v00_90000_fof_0.0013_0000.hdf5,PartType0/InternalEnergies,dataset,"(1002827,)",float32,a-scale exponent,[-2.]
Ma_xp_A1800_n60_r12_v00_90000_fof_0.0013_0000.hdf5,/rds/general/ephemeral/user/nny124/ephemeral/martian_moons_data/Ma_xp_A1800_n60_r12_v00_90000_fof_0.0013_0000.hdf5,PartType0/InternalEnergies,dataset,"(1002827,)",float32,h-scale exponent,[0.]
Ma_xp_A1800_n60_r12_v00_90000_fof_0.0013_0000.hdf5,/rds/general/ephemeral/user/nny124/ephemeral/martian_moons_data/Ma_xp_A1800_n60_r12_v00_90000_fof_0.0013_0000.hdf5,PartType0/Masses,dataset,"(1002827,)",float32,Conversion factor to CGS (not including cosmological corrections),[1.e+27]
Ma_xp_A1800_n60_r12_v00_90000_fof_0.0013_0000.hdf5,/rds/general/ephemeral/user/nny124/ephemeral/martian_moons_data/Ma_xp_A1800_n60_r12_v00_90000_fof_0.0013_0000.hdf5,PartType0/Masses,dataset,"(1002827,)",float32,Conversion factor to physical CGS (including cosmological corrections),[1.e+27]
Ma_xp_A1800_n60_r12_v00_90000_fof_0.0013_0000.hdf5,/rds/general/ephemeral/user/nny124/ephemeral/martian_moons_data/Ma_xp_A1800_n60_r12_v00_90000_fof_0.0013_0000.hdf5,PartType0/Masses,dataset,"(1002827,)",float32,Description,b'Masses of the particles'
Ma_xp_A1800_n60_r12_v00_90000_fof_0.0013_0000.hdf5,/rds/general/ephemeral/user/nny124/ephemeral/martian_moons_data/Ma_xp_A1800_n60_r12_v00_90000_fof_0.0013_0000.hdf5,PartType0/Masses,dataset,"(1002827,)",float32,Expression for physical CGS units,b'U_M  [ g ]'
Ma_xp_A1800_n60_r12_v00_90000_fof_0.0013_0000.hdf5,/rds/general/ephemeral/user/nny124/ephemeral/martian_moons_data/Ma_xp_A1800_n60_r12_v00_90000_fof_0.0013_0000.hdf5,PartType0/Masses,dataset,"(1002827,)",float32,Lossy compression filter,b'None'
Ma_xp_A1800_n60_r12_v00_90000_fof_0.0013_0000.hdf5,/rds/general/ephemeral/user/nny124/ephemeral/martian_moons_data/Ma_xp_A1800_n60_r12_v00_90000_fof_0.0013_0000.hdf5,PartType0/Masses,dataset,"(1002827,)",float32,U_I exponent,[0.]
Ma_xp_A1800_n60_r12_v00_90000_fof_0.0013_0000.hdf5,/rds/general/ephemeral/user/nny124/ephemeral/martian_moons_data/Ma_xp_A1800_n60_r12_v00_90000_fof_0.0013_0000.hdf5,PartType0/Masses,dataset,"(1002827,)",float32,U_L exponent,[0.]
Ma_xp_A1800_n60_r12_v00_90000_fof_0.0013_0000.hdf5,/rds/general/ephemeral/user/nny124/ephemeral/martian_moons_data/Ma_xp_A1800_n60_r12_v00_90000_fof_0.0013_0000.hdf5,PartType0/Masses,dataset,"(1002827,)",float32,U_M exponent,[1.]
Ma_xp_A1800_n60_r12_v00_90000_fof_0.0013_0000.hdf5,/rds/general/ephemeral/user/nny124/ephemeral/martian_moons_data/Ma_xp_A1800_n60_r12_v00_90000_fof_0.0013_0000.hdf5,PartType0/Masses,dataset,"(1002827,)",float32,U_T exponent,[0.]
Ma_xp_A1800_n60_r12_v00_90000_fof_0.0013_0000.hdf5,/rds/general/ephemeral/user/nny124/ephemeral/martian_moons_data/Ma_xp_A1800_n60_r12_v00_90000_fof_0.0013_0000.hdf5,PartType0/Masses,dataset,"(1002827,)",float32,U_t exponent,[0.]
Ma_xp_A1800_n60_r12_v00_90000_fof_0.0013_0000.hdf5,/rds/general/ephemeral/user/nny124/ephemeral/martian_moons_data/Ma_xp_A1800_n60_r12_v00_90000_fof_0.0013_0000.hdf5,PartType0/Masses,dataset,"(1002827,)",float32,a-scale exponent,[0.]
Ma_xp_A1800_n60_r12_v00_90000_fof_0.0013_0000.hdf5,/rds/general/ephemeral/user/nny124/ephemeral/martian_moons_data/Ma_xp_A1800_n60_r12_v00_90000_fof_0.0013_0000.hdf5,PartType0/Masses,dataset,"(1002827,)",float32,h-scale exponent,[0.]
Ma_xp_A1800_n60_r12_v00_90000_fof_0.0013_0000.hdf5,/rds/general/ephemeral/user/nny124/ephemeral/martian_moons_data/Ma_xp_A1800_n60_r12_v00_90000_fof_0.0013_0000.hdf5,PartType0/MaterialIDs,dataset,"(1002827,)",int32,Conversion factor to CGS (not including cosmological corrections),[1.]
Ma_xp_A1800_n60_r12_v00_90000_fof_0.0013_0000.hdf5,/rds/general/ephemeral/user/nny124/ephemeral/martian_moons_data/Ma_xp_A1800_n60_r12_v00_90000_fof_0.0013_0000.hdf5,PartType0/MaterialIDs,dataset,"(1002827,)",int32,Conversion factor to physical CGS (including cosmological corrections),[1.]
Ma_xp_A1800_n60_r12_v00_90000_fof_0.0013_0000.hdf5,/rds/general/ephemeral/user/nny124/ephemeral/martian_moons_data/Ma_xp_A1800_n60_r12_v00_90000_fof_0.0013_0000.hdf5,PartType0/MaterialIDs,dataset,"(1002827,)",int32,Description,b'Material IDs of the particles'
Ma_xp_A1800_n60_r12_v00_90000_fof_0.0013_0000.hdf5,/rds/general/ephemeral/user/nny124/ephemeral/martian_moons_data/Ma_xp_A1800_n60_r12_v00_90000_fof_0.0013_0000.hdf5,PartType0/MaterialIDs,dataset,"(1002827,)",int32,Expression for physical CGS units,b'[ - ] '
Ma_xp_A1800_n60_r12_v00_90000_fof_0.0013_0000.hdf5,/rds/general/ephemeral/user/nny124/ephemeral/martian_moons_data/Ma_xp_A1800_n60_r12_v00_90000_fof_0.0013_0000.hdf5,PartType0/MaterialIDs,dataset,"(1002827,)",int32,Lossy compression filter,b'None'
Ma_xp_A1800_n60_r12_v00_90000_fof_0.0013_0000.hdf5,/rds/general/ephemeral/user/nny124/ephemeral/martian_moons_data/Ma_xp_A1800_n60_r12_v00_90000_fof_0.0013_0000.hdf5,PartType0/MaterialIDs,dataset,"(1002827,)",int32,U_I exponent,[0.]
Ma_xp_A1800_n60_r12_v00_90000_fof_0.0013_0000.hdf5,/rds/general/ephemeral/user/nny124/ephemeral/martian_moons_data/Ma_xp_A1800_n60_r12_v00_90000_fof_0.0013_0000.hdf5,PartType0/MaterialIDs,dataset,"(1002827,)",int32,U_L exponent,[0.]
Ma_xp_A1800_n60_r12_v00_90000_fof_0.0013_0000.hdf5,/rds/general/ephemeral/user/nny124/ephemeral/martian_moons_data/Ma_xp_A1800_n60_r12_v00_90000_fof_0.0013_0000.hdf5,PartType0/MaterialIDs,dataset,"(1002827,)",int32,U_M exponent,[0.]
Ma_xp_A1800_n60_r12_v00_90000_fof_0.0013_0000.hdf5,/rds/general/ephemeral/user/nny124/ephemeral/martian_moons_data/Ma_xp_A1800_n60_r12_v00_90000_fof_0.0013_0000.hdf5,PartType0/MaterialIDs,dataset,"(1002827,)",int32,U_T exponent,[0.]
Ma_xp_A1800_n60_r12_v00_90000_fof_0.0013_0000.hdf5,/rds/general/ephemeral/user/nny124/ephemeral/martian_moons_data/Ma_xp_A1800_n60_r12_v00_90000_fof_0.0013_0000.hdf5,PartType0/MaterialIDs,dataset,"(1002827,)",int32,U_t exponent,[0.]
Ma_xp_A1800_n60_r12_v00_90000_fof_0.0013_0000.hdf5,/rds/general/ephemeral/user/nny124/ephemeral/martian_moons_data/Ma_xp_A1800_n60_r12_v00_90000_fof_0.0013_0000.hdf5,PartType0/MaterialIDs,dataset,"(1002827,)",int32,a-scale exponent,[0.]
Ma_xp_A1800_n60_r12_v00_90000_fof_0.0013_0000.hdf5,/rds/general/ephemeral/user/nny124/ephemeral/martian_moons_data/Ma_xp_A1800_n60_r12_v00_90000_fof_0.0013_0000.hdf5,PartType0/MaterialIDs,dataset,"(1002827,)",int32,h-scale exponent,[0.]
Ma_xp_A1800_n60_r12_v00_90000_fof_0.0013_0000.hdf5,/rds/general/ephemeral/user/nny124/ephemeral/martian_moons_data/Ma_xp_A1800_n60_r12_v00_90000_fof_0.0013_0000.hdf5,PartType0/ParticleIDs,dataset,"(1002827,)",uint64,Conversion factor to CGS (not including cosmological corrections),[1.]
Ma_xp_A1800_n60_r12_v00_90000_fof_0.0013_0000.hdf5,/rds/general/ephemeral/user/nny124/ephemeral/martian_moons_data/Ma_xp_A1800_n60_r12_v00_90000_fof_0.0013_0000.hdf5,PartType0/ParticleIDs,dataset,"(1002827,)",uint64,Conversion factor to physical CGS (including cosmological corrections),[1.]
Ma_xp_A1800_n60_r12_v00_90000_fof_0.0013_0000.hdf5,/rds/general/ephemeral/user/nny124/ephemeral/martian_moons_data/Ma_xp_A1800_n60_r12_v00_90000_fof_0.0013_0000.hdf5,PartType0/ParticleIDs,dataset,"(1002827,)",uint64,Description,b'Unique IDs of the particles'
Ma_xp_A1800_n60_r12_v00_90000_fof_0.0013_0000.hdf5,/rds/general/ephemeral/user/nny124/ephemeral/martian_moons_data/Ma_xp_A1800_n60_r12_v00_90000_fof_0.0013_0000.hdf5,PartType0/ParticleIDs,dataset,"(1002827,)",uint64,Expression for physical CGS units,b'[ - ] '
Ma_xp_A1800_n60_r12_v00_90000_fof_0.0013_0000.hdf5,/rds/general/ephemeral/user/nny124/ephemeral/martian_moons_data/Ma_xp_A1800_n60_r12_v00_90000_fof_0.0013_0000.hdf5,PartType0/ParticleIDs,dataset,"(1002827,)",uint64,Lossy compression filter,b'None'
Ma_xp_A1800_n60_r12_v00_90000_fof_0.0013_0000.hdf5,/rds/general/ephemeral/user/nny124/ephemeral/martian_moons_data/Ma_xp_A1800_n60_r12_v00_90000_fof_0.0013_0000.hdf5,PartType0/ParticleIDs,dataset,"(1002827,)",uint64,U_I exponent,[0.]
Ma_xp_A1800_n60_r12_v00_90000_fof_0.0013_0000.hdf5,/rds/general/ephemeral/user/nny124/ephemeral/martian_moons_data/Ma_xp_A1800_n60_r12_v00_90000_fof_0.0013_0000.hdf5,PartType0/ParticleIDs,dataset,"(1002827,)",uint64,U_L exponent,[0.]
Ma_xp_A1800_n60_r12_v00_90000_fof_0.0013_0000.hdf5,/rds/general/ephemeral/user/nny124/ephemeral/martian_moons_data/Ma_xp_A1800_n60_r12_v00_90000_fof_0.0013_0000.hdf5,PartType0/ParticleIDs,dataset,"(1002827,)",uint64,U_M exponent,[0.]
Ma_xp_A1800_n60_r12_v00_90000_fof_0.0013_0000.hdf5,/rds/general/ephemeral/user/nny124/ephemeral/martian_moons_data/Ma_xp_A1800_n60_r12_v00_90000_fof_0.0013_0000.hdf5,PartType0/ParticleIDs,dataset,"(1002827,)",uint64,U_T exponent,[0.]
Ma_xp_A1800_n60_r12_v00_90000_fof_0.0013_0000.hdf5,/rds/general/ephemeral/user/nny124/ephemeral/martian_moons_data/Ma_xp_A1800_n60_r12_v00_90000_fof_0.0013_0000.hdf5,PartType0/ParticleIDs,dataset,"(1002827,)",uint64,U_t exponent,[0.]
Ma_xp_A1800_n60_r12_v00_90000_fof_0.0013_0000.hdf5,/rds/general/ephemeral/user/nny124/ephemeral/martian_moons_data/Ma_xp_A1800_n60_r12_v00_90000_fof_0.0013_0000.hdf5,PartType0/ParticleIDs,dataset,"(1002827,)",uint64,a-scale exponent,[0.]
Ma_xp_A1800_n60_r12_v00_90000_fof_0.0013_0000.hdf5,/rds/general/ephemeral/user/nny124/ephemeral/martian_moons_data/Ma_xp_A1800_n60_r12_v00_90000_fof_0.0013_0000.hdf5,PartType0/ParticleIDs,dataset,"(1002827,)",uint64,h-scale exponent,[0.]
Ma_xp_A1800_n60_r12_v00_90000_fof_0.0013_0000.hdf5,/rds/general/ephemeral/user/nny124/ephemeral/martian_moons_data/Ma_xp_A1800_n60_r12_v00_90000_fof_0.0013_0000.hdf5,PartType0/Potentials,dataset,"(1002827,)",float32,Conversion factor to CGS (not including cosmological corrections),[1.e+16]
Ma_xp_A1800_n60_r12_v00_90000_fof_0.0013_0000.hdf5,/rds/general/ephemeral/user/nny124/ephemeral/martian_moons_data/Ma_xp_A1800_n60_r12_v00_90000_fof_0.0013_0000.hdf5,PartType0/Potentials,dataset,"(1002827,)",float32,Conversion factor to physical CGS (including cosmological corrections),[1.e+16]
Ma_xp_A1800_n60_r12_v00_90000_fof_0.0013_0000.hdf5,/rds/general/ephemeral/user/nny124/ephemeral/martian_moons_data/Ma_xp_A1800_n60_r12_v00_90000_fof_0.0013_0000.hdf5,PartType0/Potentials,dataset,"(1002827,)",float32,Description,b'Gravitational potentials of the particles'
Ma_xp_A1800_n60_r12_v00_90000_fof_0.0013_0000.hdf5,/rds/general/ephemeral/user/nny124/ephemeral/martian_moons_data/Ma_xp_A1800_n60_r12_v00_90000_fof_0.0013_0000.hdf5,PartType0/Potentials,dataset,"(1002827,)",float32,Expression for physical CGS units,b'U_L^2 U_t^-2  [ cm^2 s^-2 ]'
Ma_xp_A1800_n60_r12_v00_90000_fof_0.0013_0000.hdf5,/rds/general/ephemeral/user/nny124/ephemeral/martian_moons_data/Ma_xp_A1800_n60_r12_v00_90000_fof_0.0013_0000.hdf5,PartType0/Potentials,dataset,"(1002827,)",float32,Lossy compression filter,b'None'
Ma_xp_A1800_n60_r12_v00_90000_fof_0.0013_0000.hdf5,/rds/general/ephemeral/user/nny124/ephemeral/martian_moons_data/Ma_xp_A1800_n60_r12_v00_90000_fof_0.0013_0000.hdf5,PartType0/Potentials,dataset,"(1002827,)",float32,U_I exponent,[0.]
Ma_xp_A1800_n60_r12_v00_90000_fof_0.0013_0000.hdf5,/rds/general/ephemeral/user/nny124/ephemeral/martian_moons_data/Ma_xp_A1800_n60_r12_v00_90000_fof_0.0013_0000.hdf5,PartType0/Potentials,dataset,"(1002827,)",float32,U_L exponent,[2.]
Ma_xp_A1800_n60_r12_v00_90000_fof_0.0013_0000.hdf5,/rds/general/ephemeral/user/nny124/ephemeral/martian_moons_data/Ma_xp_A1800_n60_r12_v00_90000_fof_0.0013_0000.hdf5,PartType0/Potentials,dataset,"(1002827,)",float32,U_M exponent,[0.]
Ma_xp_A1800_n60_r12_v00_90000_fof_0.0013_0000.hdf5,/rds/general/ephemeral/user/nny124/ephemeral/martian_moons_data/Ma_xp_A1800_n60_r12_v00_90000_fof_0.0013_0000.hdf5,PartType0/Potentials,dataset,"(1002827,)",float32,U_T exponent,[0.]
Ma_xp_A1800_n60_r12_v00_90000_fof_0.0013_0000.hdf5,/rds/general/ephemeral/user/nny124/ephemeral/martian_moons_data/Ma_xp_A1800_n60_r12_v00_90000_fof_0.0013_0000.hdf5,PartType0/Potentials,dataset,"(1002827,)",float32,U_t exponent,[-2.]
Ma_xp_A1800_n60_r12_v00_90000_fof_0.0013_0000.hdf5,/rds/general/ephemeral/user/nny124/ephemeral/martian_moons_data/Ma_xp_A1800_n60_r12_v00_90000_fof_0.0013_0000.hdf5,PartType0/Potentials,dataset,"(1002827,)",float32,a-scale exponent,[0.]
Ma_xp_A1800_n60_r12_v00_90000_fof_0.0013_0000.hdf5,/rds/general/ephemeral/user/nny124/ephemeral/martian_moons_data/Ma_xp_A1800_n60_r12_v00_90000_fof_0.0013_0000.hdf5,PartType0/Potentials,dataset,"(1002827,)",float32,h-scale exponent,[0.]
Ma_xp_A1800_n60_r12_v00_90000_fof_0.0013_0000.hdf5,/rds/general/ephemeral/user/nny124/ephemeral/martian_moons_data/Ma_xp_A1800_n60_r12_v00_90000_fof_0.0013_0000.hdf5,PartType0/Pressures,dataset,"(1002827,)",float32,Conversion factor to CGS (not including cosmological corrections),[1.e+19]
Ma_xp_A1800_n60_r12_v00_90000_fof_0.0013_0000.hdf5,/rds/general/ephemeral/user/nny124/ephemeral/martian_moons_data/Ma_xp_A1800_n60_r12_v00_90000_fof_0.0013_0000.hdf5,PartType0/Pressures,dataset,"(1002827,)",float32,Conversion factor to physical CGS (including cosmological corrections),[1.e+19]
Ma_xp_A1800_n60_r12_v00_90000_fof_0.0013_0000.hdf5,/rds/general/ephemeral/user/nny124/ephemeral/martian_moons_data/Ma_xp_A1800_n60_r12_v00_90000_fof_0.0013_0000.hdf5,PartType0/Pressures,dataset,"(1002827,)",float32,Description,b'Pressures of the particles'
Ma_xp_A1800_n60_r12_v00_90000_fof_0.0013_0000.hdf5,/rds/general/ephemeral/user/nny124/ephemeral/martian_moons_data/Ma_xp_A1800_n60_r12_v00_90000_fof_0.0013_0000.hdf5,PartType0/Pressures,dataset,"(1002827,)",float32,Expression for physical CGS units,b'a^-5 U_M U_L^-1 U_t^-2  [ g cm^-1 s^-2 ]'
Ma_xp_A1800_n60_r12_v00_90000_fof_0.0013_0000.hdf5,/rds/general/ephemeral/user/nny124/ephemeral/martian_moons_data/Ma_xp_A1800_n60_r12_v00_90000_fof_0.0013_0000.hdf5,PartType0/Pressures,dataset,"(1002827,)",float32,Lossy compression filter,b'None'
Ma_xp_A1800_n60_r12_v00_90000_fof_0.0013_0000.hdf5,/rds/general/ephemeral/user/nny124/ephemeral/martian_moons_data/Ma_xp_A1800_n60_r12_v00_90000_fof_0.0013_0000.hdf5,PartType0/Pressures,dataset,"(1002827,)",float32,U_I exponent,[0.]
Ma_xp_A1800_n60_r12_v00_90000_fof_0.0013_0000.hdf5,/rds/general/ephemeral/user/nny124/ephemeral/martian_moons_data/Ma_xp_A1800_n60_r12_v00_90000_fof_0.0013_0000.hdf5,PartType0/Pressures,dataset,"(1002827,)",float32,U_L exponent,[-1.]
Ma_xp_A1800_n60_r12_v00_90000_fof_0.0013_0000.hdf5,/rds/general/ephemeral/user/nny124/ephemeral/martian_moons_data/Ma_xp_A1800_n60_r12_v00_90000_fof_0.0013_0000.hdf5,PartType0/Pressures,dataset,"(1002827,)",float32,U_M exponent,[1.]
Ma_xp_A1800_n60_r12_v00_90000_fof_0.0013_0000.hdf5,/rds/general/ephemeral/user/nny124/ephemeral/martian_moons_data/Ma_xp_A1800_n60_r12_v00_90000_fof_0.0013_0000.hdf5,PartType0/Pressures,dataset,"(1002827,)",float32,U_T exponent,[0.]
Ma_xp_A1800_n60_r12_v00_90000_fof_0.0013_0000.hdf5,/rds/general/ephemeral/user/nny124/ephemeral/martian_moons_data/Ma_xp_A1800_n60_r12_v00_90000_fof_0.0013_0000.hdf5,PartType0/Pressures,dataset,"(1002827,)",float32,U_t exponent,[-2.]
Ma_xp_A1800_n60_r12_v00_90000_fof_0.0013_0000.hdf5,/rds/general/ephemeral/user/nny124/ephemeral/martian_moons_data/Ma_xp_A1800_n60_r12_v00_90000_fof_0.0013_0000.hdf5,PartType0/Pressures,dataset,"(1002827,)",float32,a-scale exponent,[-5.]
Ma_xp_A1800_n60_r12_v00_90000_fof_0.0013_0000.hdf5,/rds/general/ephemeral/user/nny124/ephemeral/martian_moons_data/Ma_xp_A1800_n60_r12_v00_90000_fof_0.0013_0000.hdf5,PartType0/Pressures,dataset,"(1002827,)",float32,h-scale exponent,[0.]
Ma_xp_A1800_n60_r12_v00_90000_fof_0.0013_0000.hdf5,/rds/general/ephemeral/user/nny124/ephemeral/martian_moons_data/Ma_xp_A1800_n60_r12_v00_90000_fof_0.0013_0000.hdf5,PartType0/ProgenitorParticleIDs,dataset,"(1002827,)",int64,Conversion factor to CGS (not including cosmological corrections),[1.]
Ma_xp_A1800_n60_r12_v00_90000_fof_0.0013_0000.hdf5,/rds/general/ephemeral/user/nny124/ephemeral/martian_moons_data/Ma_xp_A1800_n60_r12_v00_90000_fof_0.0013_0000.hdf5,PartType0/ProgenitorParticleIDs,dataset,"(1002827,)",int64,Conversion factor to physical CGS (including cosmological corrections),[1.]
Ma_xp_A1800_n60_r12_v00_90000_fof_0.0013_0000.hdf5,/rds/general/ephemeral/user/nny124/ephemeral/martian_moons_data/Ma_xp_A1800_n60_r12_v00_90000_fof_0.0013_0000.hdf5,PartType0/ProgenitorParticleIDs,dataset,"(1002827,)",int64,Description,"b'ID of the progenitor of this particle. If this particle is the result of one (or many) splitting events, this ID co..."
Ma_xp_A1800_n60_r12_v00_90000_fof_0.0013_0000.hdf5,/rds/general/ephemeral/user/nny124/ephemeral/martian_moons_data/Ma_xp_A1800_n60_r12_v00_90000_fof_0.0013_0000.hdf5,PartType0/ProgenitorParticleIDs,dataset,"(1002827,)",int64,Expression for physical CGS units,b'[ - ] '
Ma_xp_A1800_n60_r12_v00_90000_fof_0.0013_0000.hdf5,/rds/general/ephemeral/user/nny124/ephemeral/martian_moons_data/Ma_xp_A1800_n60_r12_v00_90000_fof_0.0013_0000.hdf5,PartType0/ProgenitorParticleIDs,dataset,"(1002827,)",int64,Lossy compression filter,b'None'
Ma_xp_A1800_n60_r12_v00_90000_fof_0.0013_0000.hdf5,/rds/general/ephemeral/user/nny124/ephemeral/martian_moons_data/Ma_xp_A1800_n60_r12_v00_90000_fof_0.0013_0000.hdf5,PartType0/ProgenitorParticleIDs,dataset,"(1002827,)",int64,U_I exponent,[0.]
Ma_xp_A1800_n60_r12_v00_90000_fof_0.0013_0000.hdf5,/rds/general/ephemeral/user/nny124/ephemeral/martian_moons_data/Ma_xp_A1800_n60_r12_v00_90000_fof_0.0013_0000.hdf5,PartType0/ProgenitorParticleIDs,dataset,"(1002827,)",int64,U_L exponent,[0.]
Ma_xp_A1800_n60_r12_v00_90000_fof_0.0013_0000.hdf5,/rds/general/ephemeral/user/nny124/ephemeral/martian_moons_data/Ma_xp_A1800_n60_r12_v00_90000_fof_0.0013_0000.hdf5,PartType0/ProgenitorParticleIDs,dataset,"(1002827,)",int64,U_M exponent,[0.]
Ma_xp_A1800_n60_r12_v00_90000_fof_0.0013_0000.hdf5,/rds/general/ephemeral/user/nny124/ephemeral/martian_moons_data/Ma_xp_A1800_n60_r12_v00_90000_fof_0.0013_0000.hdf5,PartType0/ProgenitorParticleIDs,dataset,"(1002827,)",int64,U_T exponent,[0.]
Ma_xp_A1800_n60_r12_v00_90000_fof_0.0013_0000.hdf5,/rds/general/ephemeral/user/nny124/ephemeral/martian_moons_data/Ma_xp_A1800_n60_r12_v00_90000_fof_0.0013_0000.hdf5,PartType0/ProgenitorParticleIDs,dataset,"(1002827,)",int64,U_t exponent,[0.]
Ma_xp_A1800_n60_r12_v00_90000_fof_0.0013_0000.hdf5,/rds/general/ephemeral/user/nny124/ephemeral/martian_moons_data/Ma_xp_A1800_n60_r12_v00_90000_fof_0.0013_0000.hdf5,PartType0/ProgenitorParticleIDs,dataset,"(1002827,)",int64,a-scale exponent,[0.]
Ma_xp_A1800_n60_r12_v00_90000_fof_0.0013_0000.hdf5,/rds/general/ephemeral/user/nny124/ephemeral/martian_moons_data/Ma_xp_A1800_n60_r12_v00_90000_fof_0.0013_0000.hdf5,PartType0/ProgenitorParticleIDs,dataset,"(1002827,)",int64,h-scale exponent,[0.]
Ma_xp_A1800_n60_r12_v00_90000_fof_0.0013_0000.hdf5,/rds/general/ephemeral/user/nny124/ephemeral/martian_moons_data/Ma_xp_A1800_n60_r12_v00_90000_fof_0.0013_0000.hdf5,PartType0/SmoothingLengths,dataset,"(1002827,)",float32,Conversion factor to CGS (not including cosmological corrections),[1.e+08]
Ma_xp_A1800_n60_r12_v00_90000_fof_0.0013_0000.hdf5,/rds/general/ephemeral/user/nny124/ephemeral/martian_moons_data/Ma_xp_A1800_n60_r12_v00_90000_fof_0.0013_0000.hdf5,PartType0/SmoothingLengths,dataset,"(1002827,)",float32,Conversion factor to physical CGS (including cosmological corrections),[1.e+08]
Ma_xp_A1800_n60_r12_v00_90000_fof_0.0013_0000.hdf5,/rds/general/ephemeral/user/nny124/ephemeral/martian_moons_data/Ma_xp_A1800_n60_r12_v00_90000_fof_0.0013_0000.hdf5,PartType0/SmoothingLengths,dataset,"(1002827,)",float32,Description,b'Smoothing lengths (FWHM of the kernel) of the particles'
Ma_xp_A1800_n60_r12_v00_90000_fof_0.0013_0000.hdf5,/rds/general/ephemeral/user/nny124/ephemeral/martian_moons_data/Ma_xp_A1800_n60_r12_v00_90000_fof_0.0013_0000.hdf5,PartType0/SmoothingLengths,dataset,"(1002827,)",float32,Expression for physical CGS units,b'a U_L  [ cm ]'
Ma_xp_A1800_n60_r12_v00_90000_fof_0.0013_0000.hdf5,/rds/general/ephemeral/user/nny124/ephemeral/martian_moons_data/Ma_xp_A1800_n60_r12_v00_90000_fof_0.0013_0000.hdf5,PartType0/SmoothingLengths,dataset,"(1002827,)",float32,Lossy compression filter,b'None'
Ma_xp_A1800_n60_r12_v00_90000_fof_0.0013_0000.hdf5,/rds/general/ephemeral/user/nny124/ephemeral/martian_moons_data/Ma_xp_A1800_n60_r12_v00_90000_fof_0.0013_0000.hdf5,PartType0/SmoothingLengths,dataset,"(1002827,)",float32,U_I exponent,[0.]
Ma_xp_A1800_n60_r12_v00_90000_fof_0.0013_0000.hdf5,/rds/general/ephemeral/user/nny124/ephemeral/martian_moons_data/Ma_xp_A1800_n60_r12_v00_90000_fof_0.0013_0000.hdf5,PartType0/SmoothingLengths,dataset,"(1002827,)",float32,U_L exponent,[1.]
Ma_xp_A1800_n60_r12_v00_90000_fof_0.0013_0000.hdf5,/rds/general/ephemeral/user/nny124/ephemeral/martian_moons_data/Ma_xp_A1800_n60_r12_v00_90000_fof_0.0013_0000.hdf5,PartType0/SmoothingLengths,dataset,"(1002827,)",float32,U_M exponent,[0.]
Ma_xp_A1800_n60_r12_v00_90000_fof_0.0013_0000.hdf5,/rds/general/ephemeral/user/nny124/ephemeral/martian_moons_data/Ma_xp_A1800_n60_r12_v00_90000_fof_0.0013_0000.hdf5,PartType0/SmoothingLengths,dataset,"(1002827,)",float32,U_T exponent,[0.]
Ma_xp_A1800_n60_r12_v00_90000_fof_0.0013_0000.hdf5,/rds/general/ephemeral/user/nny124/ephemeral/martian_moons_data/Ma_xp_A1800_n60_r12_v00_90000_fof_0.0013_0000.hdf5,PartType0/SmoothingLengths,dataset,"(1002827,)",float32,U_t exponent,[0.]
Ma_xp_A1800_n60_r12_v00_90000_fof_0.0013_0000.hdf5,/rds/general/ephemeral/user/nny124/ephemeral/martian_moons_data/Ma_xp_A1800_n60_r12_v00_90000_fof_0.0013_0000.hdf5,PartType0/SmoothingLengths,dataset,"(1002827,)",float32,a-scale exponent,[1.]
Ma_xp_A1800_n60_r12_v00_90000_fof_0.0013_0000.hdf5,/rds/general/ephemeral/user/nny124/ephemeral/martian_moons_data/Ma_xp_A1800_n60_r12_v00_90000_fof_0.0013_0000.hdf5,PartType0/SmoothingLengths,dataset,"(1002827,)",float32,h-scale exponent,[0.]
Ma_xp_A1800_n60_r12_v00_90000_fof_0.0013_0000.hdf5,/rds/general/ephemeral/user/nny124/ephemeral/martian_moons_data/Ma_xp_A1800_n60_r12_v00_90000_fof_0.0013_0000.hdf5,PartType0/SplitCounts,dataset,"(1002827,)",uint8,Conversion factor to CGS (not including cosmological corrections),[1.]
Ma_xp_A1800_n60_r12_v00_90000_fof_0.0013_0000.hdf5,/rds/general/ephemeral/user/nny124/ephemeral/martian_moons_data/Ma_xp_A1800_n60_r12_v00_90000_fof_0.0013_0000.hdf5,PartType0/SplitCounts,dataset,"(1002827,)",uint8,Conversion factor to physical CGS (including cosmological corrections),[1.]
Ma_xp_A1800_n60_r12_v00_90000_fof_0.0013_0000.hdf5,/rds/general/ephemeral/user/nny124/ephemeral/martian_moons_data/Ma_xp_A1800_n60_r12_v00_90000_fof_0.0013_0000.hdf5,PartType0/SplitCounts,dataset,"(1002827,)",uint8,Description,b'Number of times this particle has been split. Note that both particles that take part in the splitting have counter...
Ma_xp_A1800_n60_r12_v00_90000_fof_0.0013_0000.hdf5,/rds/general/ephemeral/user/nny124/ephemeral/martian_moons_data/Ma_xp_A1800_n60_r12_v00_90000_fof_0.0013_0000.hdf5,PartType0/SplitCounts,dataset,"(1002827,)",uint8,Expression for physical CGS units,b'[ - ] '
Ma_xp_A1800_n60_r12_v00_90000_fof_0.0013_0000.hdf5,/rds/general/ephemeral/user/nny124/ephemeral/martian_moons_data/Ma_xp_A1800_n60_r12_v00_90000_fof_0.0013_0000.hdf5,PartType0/SplitCounts,dataset,"(1002827,)",uint8,Lossy compression filter,b'None'
Ma_xp_A1800_n60_r12_v00_90000_fof_0.0013_0000.hdf5,/rds/general/ephemeral/user/nny124/ephemeral/martian_moons_data/Ma_xp_A1800_n60_r12_v00_90000_fof_0.0013_0000.hdf5,PartType0/SplitCounts,dataset,"(1002827,)",uint8,U_I exponent,[0.]
Ma_xp_A1800_n60_r12_v00_90000_fof_0.0013_0000.hdf5,/rds/general/ephemeral/user/nny124/ephemeral/martian_moons_data/Ma_xp_A1800_n60_r12_v00_90000_fof_0.0013_0000.hdf5,PartType0/SplitCounts,dataset,"(1002827,)",uint8,U_L exponent,[0.]
Ma_xp_A1800_n60_r12_v00_90000_fof_0.0013_0000.hdf5,/rds/general/ephemeral/user/nny124/ephemeral/martian_moons_data/Ma_xp_A1800_n60_r12_v00_90000_fof_0.0013_0000.hdf5,PartType0/SplitCounts,dataset,"(1002827,)",uint8,U_M exponent,[0.]
Ma_xp_A1800_n60_r12_v00_90000_fof_0.0013_0000.hdf5,/rds/general/ephemeral/user/nny124/ephemeral/martian_moons_data/Ma_xp_A1800_n60_r12_v00_90000_fof_0.0013_0000.hdf5,PartType0/SplitCounts,dataset,"(1002827,)",uint8,U_T exponent,[0.]
Ma_xp_A1800_n60_r12_v00_90000_fof_0.0013_0000.hdf5,/rds/general/ephemeral/user/nny124/ephemeral/martian_moons_data/Ma_xp_A1800_n60_r12_v00_90000_fof_0.0013_0000.hdf5,PartType0/SplitCounts,dataset,"(1002827,)",uint8,U_t exponent,[0.]
Ma_xp_A1800_n60_r12_v00_90000_fof_0.0013_0000.hdf5,/rds/general/ephemeral/user/nny124/ephemeral/martian_moons_data/Ma_xp_A1800_n60_r12_v00_90000_fof_0.0013_0000.hdf5,PartType0/SplitCounts,dataset,"(1002827,)",uint8,a-scale exponent,[0.]
Ma_xp_A1800_n60_r12_v00_90000_fof_0.0013_0000.hdf5,/rds/general/ephemeral/user/nny124/ephemeral/martian_moons_data/Ma_xp_A1800_n60_r12_v00_90000_fof_0.0013_0000.hdf5,PartType0/SplitCounts,dataset,"(1002827,)",uint8,h-scale exponent,[0.]
Ma_xp_A1800_n60_r12_v00_90000_fof_0.0013_0000.hdf5,/rds/general/ephemeral/user/nny124/ephemeral/martian_moons_data/Ma_xp_A1800_n60_r12_v00_90000_fof_0.0013_0000.hdf5,PartType0/SplitTrees,dataset,"(1002827,)",int64,Conversion factor to CGS (not including cosmological corrections),[1.]
Ma_xp_A1800_n60_r12_v00_90000_fof_0.0013_0000.hdf5,/rds/general/ephemeral/user/nny124/ephemeral/martian_moons_data/Ma_xp_A1800_n60_r12_v00_90000_fof_0.0013_0000.hdf5,PartType0/SplitTrees,dataset,"(1002827,)",int64,Conversion factor to physical CGS (including cosmological corrections),[1.]
Ma_xp_A1800_n60_r12_v00_90000_fof_0.0013_0000.hdf5,/rds/general/ephemeral/user/nny124/ephemeral/martian_moons_data/Ma_xp_A1800_n60_r12_v00_90000_fof_0.0013_0000.hdf5,PartType0/SplitTrees,dataset,"(1002827,)",int64,Description,b'Binary tree describing splitting events. Particles that keep the original ID have a value of zero in a splitting ev...
Ma_xp_A1800_n60_r12_v00_90000_fof_0.0013_0000.hdf5,/rds/general/ephemeral/user/nny124/ephemeral/martian_moons_data/Ma_xp_A1800_n60_r12_v00_90000_fof_0.0013_0000.hdf5,PartType0/SplitTrees,dataset,"(1002827,)",int64,Expression for physical CGS units,b'[ - ] '
Ma_xp_A1800_n60_r12_v00_90000_fof_0.0013_0000.hdf5,/rds/general/ephemeral/user/nny124/ephemeral/martian_moons_data/Ma_xp_A1800_n60_r12_v00_90000_fof_0.0013_0000.hdf5,PartType0/SplitTrees,dataset,"(1002827,)",int64,Lossy compression filter,b'None'
Ma_xp_A1800_n60_r12_v00_90000_fof_0.0013_0000.hdf5,/rds/general/ephemeral/user/nny124/ephemeral/martian_moons_data/Ma_xp_A1800_n60_r12_v00_90000_fof_0.0013_0000.hdf5,PartType0/SplitTrees,dataset,"(1002827,)",int64,U_I exponent,[0.]
Ma_xp_A1800_n60_r12_v00_90000_fof_0.0013_0000.hdf5,/rds/general/ephemeral/user/nny124/ephemeral/martian_moons_data/Ma_xp_A1800_n60_r12_v00_90000_fof_0.0013_0000.hdf5,PartType0/SplitTrees,dataset,"(1002827,)",int64,U_L exponent,[0.]
Ma_xp_A1800_n60_r12_v00_90000_fof_0.0013_0000.hdf5,/rds/general/ephemeral/user/nny124/ephemeral/martian_moons_data/Ma_xp_A1800_n60_r12_v00_90000_fof_0.0013_0000.hdf5,PartType0/SplitTrees,dataset,"(1002827,)",int64,U_M exponent,[0.]
Ma_xp_A1800_n60_r12_v00_90000_fof_0.0013_0000.hdf5,/rds/general/ephemeral/user/nny124/ephemeral/martian_moons_data/Ma_xp_A1800_n60_r12_v00_90000_fof_0.0013_0000.hdf5,PartType0/SplitTrees,dataset,"(1002827,)",int64,U_T exponent,[0.]
Ma_xp_A1800_n60_r12_v00_90000_fof_0.0013_0000.hdf5,/rds/general/ephemeral/user/nny124/ephemeral/martian_moons_data/Ma_xp_A1800_n60_r12_v00_90000_fof_0.0013_0000.hdf5,PartType0/SplitTrees,dataset,"(1002827,)",int64,U_t exponent,[0.]
Ma_xp_A1800_n60_r12_v00_90000_fof_0.0013_0000.hdf5,/rds/general/ephemeral/user/nny124/ephemeral/martian_moons_data/Ma_xp_A1800_n60_r12_v00_90000_fof_0.0013_0000.hdf5,PartType0/SplitTrees,dataset,"(1002827,)",int64,a-scale exponent,[0.]
Ma_xp_A1800_n60_r12_v00_90000_fof_0.0013_0000.hdf5,/rds/general/ephemeral/user/nny124/ephemeral/martian_moons_data/Ma_xp_A1800_n60_r12_v00_90000_fof_0.0013_0000.hdf5,PartType0/SplitTrees,dataset,"(1002827,)",int64,h-scale exponent,[0.]
Ma_xp_A1800_n60_r12_v00_90000_fof_0.0013_0000.hdf5,/rds/general/ephemeral/user/nny124/ephemeral/martian_moons_data/Ma_xp_A1800_n60_r12_v00_90000_fof_0.0013_0000.hdf5,PartType0/Velocities,dataset,"(1002827, 3)",float32,Conversion factor to CGS (not including cosmological corrections),[1.e+08]
Ma_xp_A1800_n60_r12_v00_90000_fof_0.0013_0000.hdf5,/rds/general/ephemeral/user/nny124/ephemeral/martian_moons_data/Ma_xp_A1800_n60_r12_v00_90000_fof_0.0013_0000.hdf5,PartType0/Velocities,dataset,"(1002827, 3)",float32,Conversion factor to physical CGS (including cosmological corrections),[1.e+08]
Ma_xp_A1800_n60_r12_v00_90000_fof_0.0013_0000.hdf5,/rds/general/ephemeral/user/nny124/ephemeral/martian_moons_data/Ma_xp_A1800_n60_r12_v00_90000_fof_0.0013_0000.hdf5,PartType0/Velocities,dataset,"(1002827, 3)",float32,Description,b'Velocities of the particles'
Ma_xp_A1800_n60_r12_v00_90000_fof_0.0013_0000.hdf5,/rds/general/ephemeral/user/nny124/ephemeral/martian_moons_data/Ma_xp_A1800_n60_r12_v00_90000_fof_0.0013_0000.hdf5,PartType0/Velocities,dataset,"(1002827, 3)",float32,Expression for physical CGS units,b'U_L U_t^-1  [ cm s^-1 ]'
Ma_xp_A1800_n60_r12_v00_90000_fof_0.0013_0000.hdf5,/rds/general/ephemeral/user/nny124/ephemeral/martian_moons_data/Ma_xp_A1800_n60_r12_v00_90000_fof_0.0013_0000.hdf5,PartType0/Velocities,dataset,"(1002827, 3)",float32,Lossy compression filter,b'None'
Ma_xp_A1800_n60_r12_v00_90000_fof_0.0013_0000.hdf5,/rds/general/ephemeral/user/nny124/ephemeral/martian_moons_data/Ma_xp_A1800_n60_r12_v00_90000_fof_0.0013_0000.hdf5,PartType0/Velocities,dataset,"(1002827, 3)",float32,U_I exponent,[0.]
Ma_xp_A1800_n60_r12_v00_90000_fof_0.0013_0000.hdf5,/rds/general/ephemeral/user/nny124/ephemeral/martian_moons_data/Ma_xp_A1800_n60_r12_v00_90000_fof_0.0013_0000.hdf5,PartType0/Velocities,dataset,"(1002827, 3)",float32,U_L exponent,[1.]
Ma_xp_A1800_n60_r12_v00_90000_fof_0.0013_0000.hdf5,/rds/general/ephemeral/user/nny124/ephemeral/martian_moons_data/Ma_xp_A1800_n60_r12_v00_90000_fof_0.0013_0000.hdf5,PartType0/Velocities,dataset,"(1002827, 3)",float32,U_M exponent,[0.]
Ma_xp_A1800_n60_r12_v00_90000_fof_0.0013_0000.hdf5,/rds/general/ephemeral/user/nny124/ephemeral/martian_moons_data/Ma_xp_A1800_n60_r12_v00_90000_fof_0.0013_0000.hdf5,PartType0/Velocities,dataset,"(1002827, 3)",float32,U_T exponent,[0.]
Ma_xp_A1800_n60_r12_v00_90000_fof_0.0013_0000.hdf5,/rds/general/ephemeral/user/nny124/ephemeral/martian_moons_data/Ma_xp_A1800_n60_r12_v00_90000_fof_0.0013_0000.hdf5,PartType0/Velocities,dataset,"(1002827, 3)",float32,U_t exponent,[-1.]
Ma_xp_A1800_n60_r12_v00_90000_fof_0.0013_0000.hdf5,/rds/general/ephemeral/user/nny124/ephemeral/martian_moons_data/Ma_xp_A1800_n60_r12_v00_90000_fof_0.0013_0000.hdf5,PartType0/Velocities,dataset,"(1002827, 3)",float32,a-scale exponent,[0.]
Ma_xp_A1800_n60_r12_v00_90000_fof_0.0013_0000.hdf5,/rds/general/ephemeral/user/nny124/ephemeral/martian_moons_data/Ma_xp_A1800_n60_r12_v00_90000_fof_0.0013_0000.hdf5,PartType0/Velocities,dataset,"(1002827, 3)",float32,h-scale exponent,[0.]
Ma_xp_A1800_n60_r12_v00_90000_fof_0.0013_0000.hdf5,/rds/general/ephemeral/user/nny124/ephemeral/martian_moons_data/Ma_xp_A1800_n60_r12_v00_90000_fof_0.0013_0000.hdf5,PhysicalConstants,group,,,Constants choice,b'SWIFT defaults (PDG 2019)'
Ma_xp_A1800_n60_r12_v00_90000_fof_0.0013_0000.hdf5,/rds/general/ephemeral/user/nny124/ephemeral/martian_moons_data/Ma_xp_A1800_n60_r12_v00_90000_fof_0.0013_0000.hdf5,PhysicalConstants/CGS,group,,,T_CMB_0,[2.7255]
Ma_xp_A1800_n60_r12_v00_90000_fof_0.0013_0000.hdf5,/rds/general/ephemeral/user/nny124/ephemeral/martian_moons_data/Ma_xp_A1800_n60_r12_v00_90000_fof_0.0013_0000.hdf5,PhysicalConstants/CGS,group,,,astronomical_unit,[1.49597871e+13]
Ma_xp_A1800_n60_r12_v00_90000_fof_0.0013_0000.hdf5,/rds/general/ephemeral/user/nny124/ephemeral/martian_moons_data/Ma_xp_A1800_n60_r12_v00_90000_fof_0.0013_0000.hdf5,PhysicalConstants/CGS,group,,,avogadro_number,[6.02214076e+23]
Ma_xp_A1800_n60_r12_v00_90000_fof_0.0013_0000.hdf5,/rds/general/ephemeral/user/nny124/ephemeral/martian_moons_data/Ma_xp_A1800_n60_r12_v00_90000_fof_0.0013_0000.hdf5,PhysicalConstants/CGS,group,,,boltzmann_k,[1.380649e-16]
Ma_xp_A1800_n60_r12_v00_90000_fof_0.0013_0000.hdf5,/rds/general/ephemeral/user/nny124/ephemeral/martian_moons_data/Ma_xp_A1800_n60_r12_v00_90000_fof_0.0013_0000.hdf5,PhysicalConstants/CGS,group,,,caseb_recomb,[2.6e-13]
Ma_xp_A1800_n60_r12_v00_90000_fof_0.0013_0000.hdf5,/rds/general/ephemeral/user/nny124/ephemeral/martian_moons_data/Ma_xp_A1800_n60_r12_v00_90000_fof_0.0013_0000.hdf5,PhysicalConstants/CGS,group,,,earth_mass,[5.97217e+27]
Ma_xp_A1800_n60_r12_v00_90000_fof_0.0013_0000.hdf5,/rds/general/ephemeral/user/nny124/ephemeral/martian_moons_data/Ma_xp_A1800_n60_r12_v00_90000_fof_0.0013_0000.hdf5,PhysicalConstants/CGS,group,,,electron_charge,[1.60217663e-19]
Ma_xp_A1800_n60_r12_v00_90000_fof_0.0013_0000.hdf5,/rds/general/ephemeral/user/nny124/ephemeral/martian_moons_data/Ma_xp_A1800_n60_r12_v00_90000_fof_0.0013_0000.hdf5,PhysicalConstants/CGS,group,,,electron_mass,[9.1093837e-28]
Ma_xp_A1800_n60_r12_v00_90000_fof_0.0013_0000.hdf5,/rds/general/ephemeral/user/nny124/ephemeral/martian_moons_data/Ma_xp_A1800_n60_r12_v00_90000_fof_0.0013_0000.hdf5,PhysicalConstants/CGS,group,,,electron_volt,[1.60217663e-12]
Ma_xp_A1800_n60_r12_v00_90000_fof_0.0013_0000.hdf5,/rds/general/ephemeral/user/nny124/ephemeral/martian_moons_data/Ma_xp_A1800_n60_r12_v00_90000_fof_0.0013_0000.hdf5,PhysicalConstants/CGS,group,,,light_year,[9.46063e+17]
Ma_xp_A1800_n60_r12_v00_90000_fof_0.0013_0000.hdf5,/rds/general/ephemeral/user/nny124/ephemeral/martian_moons_data/Ma_xp_A1800_n60_r12_v00_90000_fof_0.0013_0000.hdf5,PhysicalConstants/CGS,group,,,newton_G,[6.6743e-08]
Ma_xp_A1800_n60_r12_v00_90000_fof_0.0013_0000.hdf5,/rds/general/ephemeral/user/nny124/ephemeral/martian_moons_data/Ma_xp_A1800_n60_r12_v00_90000_fof_0.0013_0000.hdf5,PhysicalConstants/CGS,group,,,parsec,[3.08567758e+18]
Ma_xp_A1800_n60_r12_v00_90000_fof_0.0013_0000.hdf5,/rds/general/ephemeral/user/nny124/ephemeral/martian_moons_data/Ma_xp_A1800_n60_r12_v00_90000_fof_0.0013_0000.hdf5,PhysicalConstants/CGS,group,,,planck_h,[6.62607015e-27]
Ma_xp_A1800_n60_r12_v00_90000_fof_0.0013_0000.hdf5,/rds/general/ephemeral/user/nny124/ephemeral/martian_moons_data/Ma_xp_A1800_n60_r12_v00_90000_fof_0.0013_0000.hdf5,PhysicalConstants/CGS,group,,,planck_hbar,[1.05457182e-27]
Ma_xp_A1800_n60_r12_v00_90000_fof_0.0013_0000.hdf5,/rds/general/ephemeral/user/nny124/ephemeral/martian_moons_data/Ma_xp_A1800_n60_r12_v00_90000_fof_0.0013_0000.hdf5,PhysicalConstants/CGS,group,,,primordial_He_fraction,[0.248]
Ma_xp_A1800_n60_r12_v00_90000_fof_0.0013_0000.hdf5,/rds/general/ephemeral/user/nny124/ephemeral/martian_moons_data/Ma_xp_A1800_n60_r12_v00_90000_fof_0.0013_0000.hdf5,PhysicalConstants/CGS,group,,,proton_mass,[1.67262192e-24]
Ma_xp_A1800_n60_r12_v00_90000_fof_0.0013_0000.hdf5,/rds/general/ephemeral/user/nny124/ephemeral/martian_moons_data/Ma_xp_A1800_n60_r12_v00_90000_fof_0.0013_0000.hdf5,PhysicalConstants/CGS,group,,,reduced_hubble,[3.24077929e-18]
Ma_xp_A1800_n60_r12_v00_90000_fof_0.0013_0000.hdf5,/rds/general/ephemeral/user/nny124/ephemeral/martian_moons_data/Ma_xp_A1800_n60_r12_v00_90000_fof_0.0013_0000.hdf5,PhysicalConstants/CGS,group,,,solar_mass,[1.98841e+33]
Ma_xp_A1800_n60_r12_v00_90000_fof_0.0013_0000.hdf5,/rds/general/ephemeral/user/nny124/ephemeral/martian_moons_data/Ma_xp_A1800_n60_r12_v00_90000_fof_0.0013_0000.hdf5,PhysicalConstants/CGS,group,,,speed_light_c,[2.99792458e+10]
Ma_xp_A1800_n60_r12_v00_90000_fof_0.0013_0000.hdf5,/rds/general/ephemeral/user/nny124/ephemeral/martian_moons_data/Ma_xp_A1800_n60_r12_v00_90000_fof_0.0013_0000.hdf5,PhysicalConstants/CGS,group,,,stefan_boltzmann,[5.67037442e-05]
Ma_xp_A1800_n60_r12_v00_90000_fof_0.0013_0000.hdf5,/rds/general/ephemeral/user/nny124/ephemeral/martian_moons_data/Ma_xp_A1800_n60_r12_v00_90000_fof_0.0013_0000.hdf5,PhysicalConstants/CGS,group,,,thomson_cross_section,[6.65245873e-25]
Ma_xp_A1800_n60_r12_v00_90000_fof_0.0013_0000.hdf5,/rds/general/ephemeral/user/nny124/ephemeral/martian_moons_data/Ma_xp_A1800_n60_r12_v00_90000_fof_0.0013_0000.hdf5,PhysicalConstants/CGS,group,,,year,[31556925.1]
Ma_xp_A1800_n60_r12_v00_90000_fof_0.0013_0000.hdf5,/rds/general/ephemeral/user/nny124/ephemeral/martian_moons_data/Ma_xp_A1800_n60_r12_v00_90000_fof_0.0013_0000.hdf5,PhysicalConstants/InternalUnits,group,,,T_CMB_0,[2.7255]
Ma_xp_A1800_n60_r12_v00_90000_fof_0.0013_0000.hdf5,/rds/general/ephemeral/user/nny124/ephemeral/martian_moons_data/Ma_xp_A1800_n60_r12_v00_90000_fof_0.0013_0000.hdf5,PhysicalConstants/InternalUnits,group,,,astronomical_unit,[149597.8707]
Ma_xp_A1800_n60_r12_v00_90000_fof_0.0013_0000.hdf5,/rds/general/ephemeral/user/nny124/ephemeral/martian_moons_data/Ma_xp_A1800_n60_r12_v00_90000_fof_0.0013_0000.hdf5,PhysicalConstants/InternalUnits,group,,,avogadro_number,[6.02214076e+23]
Ma_xp_A1800_n60_r12_v00_90000_fof_0.0013_0000.hdf5,/rds/general/ephemeral/user/nny124/ephemeral/martian_moons_data/Ma_xp_A1800_n60_r12_v00_90000_fof_0.0013_0000.hdf5,PhysicalConstants/InternalUnits,group,,,boltzmann_k,[1.380649e-59]
Ma_xp_A1800_n60_r12_v00_90000_fof_0.0013_0000.hdf5,/rds/general/ephemeral/user/nny124/ephemeral/martian_moons_data/Ma_xp_A1800_n60_r12_v00_90000_fof_0.0013_0000.hdf5,PhysicalConstants/InternalUnits,group,,,caseb_recomb,[2.6e-37]
Ma_xp_A1800_n60_r12_v00_90000_fof_0.0013_0000.hdf5,/rds/general/ephemeral/user/nny124/ephemeral/martian_moons_data/Ma_xp_A1800_n60_r12_v00_90000_fof_0.0013_0000.hdf5,PhysicalConstants/InternalUnits,group,,,earth_mass,[5.97217]
Ma_xp_A1800_n60_r12_v00_90000_fof_0.0013_0000.hdf5,/rds/general/ephemeral/user/nny124/ephemeral/martian_moons_data/Ma_xp_A1800_n60_r12_v00_90000_fof_0.0013_0000.hdf5,PhysicalConstants/InternalUnits,group,,,electron_charge,[1.60217663e-19]
Ma_xp_A1800_n60_r12_v00_90000_fof_0.0013_0000.hdf5,/rds/general/ephemeral/user/nny124/ephemeral/martian_moons_data/Ma_xp_A1800_n60_r12_v00_90000_fof_0.0013_0000.hdf5,PhysicalConstants/InternalUnits,group,,,electron_mass,[9.1093837e-55]
Ma_xp_A1800_n60_r12_v00_90000_fof_0.0013_0000.hdf5,/rds/general/ephemeral/user/nny124/ephemeral/martian_moons_data/Ma_xp_A1800_n60_r12_v00_90000_fof_0.0013_0000.hdf5,PhysicalConstants/InternalUnits,group,,,electron_volt,[1.60217663e-55]
Ma_xp_A1800_n60_r12_v00_90000_fof_0.0013_0000.hdf5,/rds/general/ephemeral/user/nny124/ephemeral/martian_moons_data/Ma_xp_A1800_n60_r12_v00_90000_fof_0.0013_0000.hdf5,PhysicalConstants/InternalUnits,group,,,light_year,[9.46063e+09]
Ma_xp_A1800_n60_r12_v00_90000_fof_0.0013_0000.hdf5,/rds/general/ephemeral/user/nny124/ephemeral/martian_moons_data/Ma_xp_A1800_n60_r12_v00_90000_fof_0.0013_0000.hdf5,PhysicalConstants/InternalUnits,group,,,newton_G,[6.6743e-05]
Ma_xp_A1800_n60_r12_v00_90000_fof_0.0013_0000.hdf5,/rds/general/ephemeral/user/nny124/ephemeral/martian_moons_data/Ma_xp_A1800_n60_r12_v00_90000_fof_0.0013_0000.hdf5,PhysicalConstants/InternalUnits,group,,,parsec,[3.08567758e+10]
Ma_xp_A1800_n60_r12_v00_90000_fof_0.0013_0000.hdf5,/rds/general/ephemeral/user/nny124/ephemeral/martian_moons_data/Ma_xp_A1800_n60_r12_v00_90000_fof_0.0013_0000.hdf5,PhysicalConstants/InternalUnits,group,,,planck_h,[6.62607015e-70]
Ma_xp_A1800_n60_r12_v00_90000_fof_0.0013_0000.hdf5,/rds/general/ephemeral/user/nny124/ephemeral/martian_moons_data/Ma_xp_A1800_n60_r12_v00_90000_fof_0.0013_0000.hdf5,PhysicalConstants/InternalUnits,group,,,planck_hbar,[1.05457182e-70]
Ma_xp_A1800_n60_r12_v00_90000_fof_0.0013_0000.hdf5,/rds/general/ephemeral/user/nny124/ephemeral/martian_moons_data/Ma_xp_A1800_n60_r12_v00_90000_fof_0.0013_0000.hdf5,PhysicalConstants/InternalUnits,group,,,primordial_He_fraction,[0.248]
Ma_xp_A1800_n60_r12_v00_90000_fof_0.0013_0000.hdf5,/rds/general/ephemeral/user/nny124/ephemeral/martian_moons_data/Ma_xp_A1800_n60_r12_v00_90000_fof_0.0013_0000.hdf5,PhysicalConstants/InternalUnits,group,,,proton_mass,[1.67262192e-51]
Ma_xp_A1800_n60_r12_v00_90000_fof_0.0013_0000.hdf5,/rds/general/ephemeral/user/nny124/ephemeral/martian_moons_data/Ma_xp_A1800_n60_r12_v00_90000_fof_0.0013_0000.hdf5,PhysicalConstants/InternalUnits,group,,,reduced_hubble,[3.24077929e-18]
Ma_xp_A1800_n60_r12_v00_90000_fof_0.0013_0000.hdf5,/rds/general/ephemeral/user/nny124/ephemeral/martian_moons_data/Ma_xp_A1800_n60_r12_v00_90000_fof_0.0013_0000.hdf5,PhysicalConstants/InternalUnits,group,,,solar_mass,[1988410.]
Ma_xp_A1800_n60_r12_v00_90000_fof_0.0013_0000.hdf5,/rds/general/ephemeral/user/nny124/ephemeral/martian_moons_data/Ma_xp_A1800_n60_r12_v00_90000_fof_0.0013_0000.hdf5,PhysicalConstants/InternalUnits,group,,,speed_light_c,[299.792458]
Ma_xp_A1800_n60_r12_v00_90000_fof_0.0013_0000.hdf5,/rds/general/ephemeral/user/nny124/ephemeral/martian_moons_data/Ma_xp_A1800_n60_r12_v00_90000_fof_0.0013_0000.hdf5,PhysicalConstants/InternalUnits,group,,,stefan_boltzmann,[5.67037442e-32]
Ma_xp_A1800_n60_r12_v00_90000_fof_0.0013_0000.hdf5,/rds/general/ephemeral/user/nny124/ephemeral/martian_moons_data/Ma_xp_A1800_n60_r12_v00_90000_fof_0.0013_0000.hdf5,PhysicalConstants/InternalUnits,group,,,thomson_cross_section,[6.65245873e-41]
Ma_xp_A1800_n60_r12_v00_90000_fof_0.0013_0000.hdf5,/rds/general/ephemeral/user/nny124/ephemeral/martian_moons_data/Ma_xp_A1800_n60_r12_v00_90000_fof_0.0013_0000.hdf5,PhysicalConstants/InternalUnits,group,,,year,[31556925.1]
Ma_xp_A1800_n60_r12_v00_90000_fof_0.0013_0000.hdf5,/rds/general/ephemeral/user/nny124/ephemeral/martian_moons_data/Ma_xp_A1800_n60_r12_v00_90000_fof_0.0013_0000.hdf5,Policy,group,,,black holes,[0]
Ma_xp_A1800_n60_r12_v00_90000_fof_0.0013_0000.hdf5,/rds/general/ephemeral/user/nny124/ephemeral/martian_moons_data/Ma_xp_A1800_n60_r12_v00_90000_fof_0.0013_0000.hdf5,Policy,group,,,block,[0]
Ma_xp_A1800_n60_r12_v00_90000_fof_0.0013_0000.hdf5,/rds/general/ephemeral/user/nny124/ephemeral/martian_moons_data/Ma_xp_A1800_n60_r12_v00_90000_fof_0.0013_0000.hdf5,Policy,group,,,cooling,[0]
Ma_xp_A1800_n60_r12_v00_90000_fof_0.0013_0000.hdf5,/rds/general/ephemeral/user/nny124/ephemeral/martian_moons_data/Ma_xp_A1800_n60_r12_v00_90000_fof_0.0013_0000.hdf5,Policy,group,,,cosmological integration,[0]
Ma_xp_A1800_n60_r12_v00_90000_fof_0.0013_0000.hdf5,/rds/general/ephemeral/user/nny124/ephemeral/martian_moons_data/Ma_xp_A1800_n60_r12_v00_90000_fof_0.0013_0000.hdf5,Policy,group,,,cpu tight,[0]
Ma_xp_A1800_n60_r12_v00_90000_fof_0.0013_0000.hdf5,/rds/general/ephemeral/user/nny124/ephemeral/martian_moons_data/Ma_xp_A1800_n60_r12_v00_90000_fof_0.0013_0000.hdf5,Policy,group,,,csds,[0]
Ma_xp_A1800_n60_r12_v00_90000_fof_0.0013_0000.hdf5,/rds/general/ephemeral/user/nny124/ephemeral/martian_moons_data/Ma_xp_A1800_n60_r12_v00_90000_fof_0.0013_0000.hdf5,Policy,group,,,drift everything,[0]
Ma_xp_A1800_n60_r12_v00_90000_fof_0.0013_0000.hdf5,/rds/general/ephemeral/user/nny124/ephemeral/martian_moons_data/Ma_xp_A1800_n60_r12_v00_90000_fof_0.0013_0000.hdf5,Policy,group,,,external gravity,[0]
Ma_xp_A1800_n60_r12_v00_90000_fof_0.0013_0000.hdf5,/rds/general/ephemeral/user/nny124/ephemeral/martian_moons_data/Ma_xp_A1800_n60_r12_v00_90000_fof_0.0013_0000.hdf5,Policy,group,,,feedback,[0]
Ma_xp_A1800_n60_r12_v00_90000_fof_0.0013_0000.hdf5,/rds/general/ephemeral/user/nny124/ephemeral/martian_moons_data/Ma_xp_A1800_n60_r12_v00_90000_fof_0.0013_0000.hdf5,Policy,group,,,fof search,[1]
Ma_xp_A1800_n60_r12_v00_90000_fof_0.0013_0000.hdf5,/rds/general/ephemeral/user/nny124/ephemeral/martian_moons_data/Ma_xp_A1800_n60_r12_v00_90000_fof_0.0013_0000.hdf5,Policy,group,,,hydro,[0]
Ma_xp_A1800_n60_r12_v00_90000_fof_0.0013_0000.hdf5,/rds/general/ephemeral/user/nny124/ephemeral/martian_moons_data/Ma_xp_A1800_n60_r12_v00_90000_fof_0.0013_0000.hdf5,Policy,group,,,keep,[1]
Ma_xp_A1800_n60_r12_v00_90000_fof_0.0013_0000.hdf5,/rds/general/ephemeral/user/nny124/ephemeral/martian_moons_data/Ma_xp_A1800_n60_r12_v00_90000_fof_0.0013_0000.hdf5,Policy,group,,,line of sight,[0]
Ma_xp_A1800_n60_r12_v00_90000_fof_0.0013_0000.hdf5,/rds/general/ephemeral/user/nny124/ephemeral/martian_moons_data/Ma_xp_A1800_n60_r12_v00_90000_fof_0.0013_0000.hdf5,Policy,group,,,mpi,[0]
Ma_xp_A1800_n60_r12_v00_90000_fof_0.0013_0000.hdf5,/rds/general/ephemeral/user/nny124/ephemeral/martian_moons_data/Ma_xp_A1800_n60_r12_v00_90000_fof_0.0013_0000.hdf5,Policy,group,,,numa affinity,[1]
Ma_xp_A1800_n60_r12_v00_90000_fof_0.0013_0000.hdf5,/rds/general/ephemeral/user/nny124/ephemeral/martian_moons_data/Ma_xp_A1800_n60_r12_v00_90000_fof_0.0013_0000.hdf5,Policy,group,,,reconstruct multi-poles,[0]
Ma_xp_A1800_n60_r12_v00_90000_fof_0.0013_0000.hdf5,/rds/general/ephemeral/user/nny124/ephemeral/martian_moons_data/Ma_xp_A1800_n60_r12_v00_90000_fof_0.0013_0000.hdf5,Policy,group,,,rt,[0]
Ma_xp_A1800_n60_r12_v00_90000_fof_0.0013_0000.hdf5,/rds/general/ephemeral/user/nny124/ephemeral/martian_moons_data/Ma_xp_A1800_n60_r12_v00_90000_fof_0.0013_0000.hdf5,Policy,group,,,self gravity,[1]
Ma_xp_A1800_n60_r12_v00_90000_fof_0.0013_0000.hdf5,/rds/general/ephemeral/user/nny124/ephemeral/martian_moons_data/Ma_xp_A1800_n60_r12_v00_90000_fof_0.0013_0000.hdf5,Policy,group,,,sink,[0]
Ma_xp_A1800_n60_r12_v00_90000_fof_0.0013_0000.hdf5,/rds/general/ephemeral/user/nny124/ephemeral/martian_moons_data/Ma_xp_A1800_n60_r12_v00_90000_fof_0.0013_0000.hdf5,Policy,group,,,star formation,[0]
Ma_xp_A1800_n60_r12_v00_90000_fof_0.0013_0000.hdf5,/rds/general/ephemeral/user/nny124/ephemeral/martian_moons_data/Ma_xp_A1800_n60_r12_v00_90000_fof_0.0013_0000.hdf5,Policy,group,,,stars,[0]
Ma_xp_A1800_n60_r12_v00_90000_fof_0.0013_0000.hdf5,/rds/general/ephemeral/user/nny124/ephemeral/martian_moons_data/Ma_xp_A1800_n60_r12_v00_90000_fof_0.0013_0000.hdf5,Policy,group,,,steal,[1]
Ma_xp_A1800_n60_r12_v00_90000_fof_0.0013_0000.hdf5,/rds/general/ephemeral/user/nny124/ephemeral/martian_moons_data/Ma_xp_A1800_n60_r12_v00_90000_fof_0.0013_0000.hdf5,Policy,group,,,structure finding,[0]
Ma_xp_A1800_n60_r12_v00_90000_fof_0.0013_0000.hdf5,/rds/general/ephemeral/user/nny124/ephemeral/martian_moons_data/Ma_xp_A1800_n60_r12_v00_90000_fof_0.0013_0000.hdf5,Policy,group,,,temperature,[0]
Ma_xp_A1800_n60_r12_v00_90000_fof_0.0013_0000.hdf5,/rds/general/ephemeral/user/nny124/ephemeral/martian_moons_data/Ma_xp_A1800_n60_r12_v00_90000_fof_0.0013_0000.hdf5,Policy,group,,,time-step limiter,[0]
Ma_xp_A1800_n60_r12_v00_90000_fof_0.0013_0000.hdf5,/rds/general/ephemeral/user/nny124/ephemeral/martian_moons_data/Ma_xp_A1800_n60_r12_v00_90000_fof_0.0013_0000.hdf5,Policy,group,,,time-step sync,[0]
Ma_xp_A1800_n60_r12_v00_90000_fof_0.0013_0000.hdf5,/rds/general/ephemeral/user/nny124/ephemeral/martian_moons_data/Ma_xp_A1800_n60_r12_v00_90000_fof_0.0013_0000.hdf5,SubgridScheme,group,,,Chemistry Model,b'None'
Ma_xp_A1800_n60_r12_v00_90000_fof_0.0013_0000.hdf5,/rds/general/ephemeral/user/nny124/ephemeral/martian_moons_data/Ma_xp_A1800_n60_r12_v00_90000_fof_0.0013_0000.hdf5,SubgridScheme,group,,,Cooling Model,b'None'
Ma_xp_A1800_n60_r12_v00_90000_fof_0.0013_0000.hdf5,/rds/general/ephemeral/user/nny124/ephemeral/martian_moons_data/Ma_xp_A1800_n60_r12_v00_90000_fof_0.0013_0000.hdf5,SubgridScheme,group,,,Entropy floor,b'None'
Ma_xp_A1800_n60_r12_v00_90000_fof_0.0013_0000.hdf5,/rds/general/ephemeral/user/nny124/ephemeral/martian_moons_data/Ma_xp_A1800_n60_r12_v00_90000_fof_0.0013_0000.hdf5,SubgridScheme,group,,,Feedback Model,b'None'
Ma_xp_A1800_n60_r12_v00_90000_fof_0.0013_0000.hdf5,/rds/general/ephemeral/user/nny124/ephemeral/martian_moons_data/Ma_xp_A1800_n60_r12_v00_90000_fof_0.0013_0000.hdf5,SubgridScheme,group,,,Tracers,b'None'
Ma_xp_A1800_n60_r12_v00_90000_fof_0.0013_0000.hdf5,/rds/general/ephemeral/user/nny124/ephemeral/martian_moons_data/Ma_xp_A1800_n60_r12_v00_90000_fof_0.0013_0000.hdf5,SubgridScheme/NamedColumns,group,,,,
Ma_xp_A1800_n60_r12_v00_90000_fof_0.0013_0000.hdf5,/rds/general/ephemeral/user/nny124/ephemeral/martian_moons_data/Ma_xp_A1800_n60_r12_v00_90000_fof_0.0013_0000.hdf5,Units,group,,,Unit current in cgs (U_I),[1.]
Ma_xp_A1800_n60_r12_v00_90000_fof_0.0013_0000.hdf5,/rds/general/ephemeral/user/nny124/ephemeral/martian_moons_data/Ma_xp_A1800_n60_r12_v00_90000_fof_0.0013_0000.hdf5,Units,group,,,Unit length in cgs (U_L),[1.e+08]
Ma_xp_A1800_n60_r12_v00_90000_fof_0.0013_0000.hdf5,/rds/general/ephemeral/user/nny124/ephemeral/martian_moons_data/Ma_xp_A1800_n60_r12_v00_90000_fof_0.0013_0000.hdf5,Units,group,,,Unit mass in cgs (U_M),[1.e+27]
Ma_xp_A1800_n60_r12_v00_90000_fof_0.0013_0000.hdf5,/rds/general/ephemeral/user/nny124/ephemeral/martian_moons_data/Ma_xp_A1800_n60_r12_v00_90000_fof_0.0013_0000.hdf5,Units,group,,,Unit temperature in cgs (U_T),[1.]
Ma_xp_A1800_n60_r12_v00_90000_fof_0.0013_0000.hdf5,/rds/general/ephemeral/user/nny124/ephemeral/martian_moons_data/Ma_xp_A1800_n60_r12_v00_90000_fof_0.0013_0000.hdf5,Units,group,,,Unit time in cgs (U_t),[1.]
Ma_xp_A1800_n60_r12_v00_90000_fof_0.0013_0000.hdf5,/rds/general/ephemeral/user/nny124/ephemeral/martian_moons_data/Ma_xp_A1800_n60_r12_v00_90000_fof_0.0013_0000.hdf5,UnusedParameters,group,,,DomainDecomposition:trigger,b'0.1'
Ma_xp_A1800_n60_r12_v00_90000_fof_0.0013_0000.hdf5,/rds/general/ephemeral/user/nny124/ephemeral/martian_moons_data/Ma_xp_A1800_n60_r12_v00_90000_fof_0.0013_0000.hdf5,UnusedParameters,group,,,PointMassPotential:mass,b'0.6414'
Ma_xp_A1800_n60_r12_v00_90000_fof_0.0013_0000.hdf5,/rds/general/ephemeral/user/nny124/ephemeral/martian_moons_data/Ma_xp_A1800_n60_r12_v00_90000_fof_0.0013_0000.hdf5,UnusedParameters,group,,,PointMassPotential:position,"b'[0.0, 0.0, 0.0]'"
Ma_xp_A1800_n60_r12_v00_90000_fof_0.0013_0000.hdf5,/rds/general/ephemeral/user/nny124/ephemeral/martian_moons_data/Ma_xp_A1800_n60_r12_v00_90000_fof_0.0013_0000.hdf5,UnusedParameters,group,,,PointMassPotential:timestep_mult,b'0.1'
Ma_xp_A1800_n60_r12_v00_90000_fof_0.0013_0000.hdf5,/rds/general/ephemeral/user/nny124/ephemeral/martian_moons_data/Ma_xp_A1800_n60_r12_v00_90000_fof_0.0013_0000.hdf5,UnusedParameters,group,,,PointMassPotential:useabspos,b'0'
Ma_xp_A1800_n60_r12_v00_90000_fof_0.0013_0000.hdf5,/rds/general/ephemeral/user/nny124/ephemeral/martian_moons_data/Ma_xp_A1800_n60_r12_v00_90000_fof_0.0013_0000.hdf5,UnusedParameters,group,,,Restarts:basename,b'Ma_xp_A1800_n60_r12_v00'
Ma_xp_A1800_n60_r12_v00_90000_fof_0.0013_0000.hdf5,/rds/general/ephemeral/user/nny124/ephemeral/martian_moons_data/Ma_xp_A1800_n60_r12_v00_90000_fof_0.0013_0000.hdf5,UnusedParameters,group,,,Restarts:delta_hours,b'12'
Ma_xp_A1800_n60_r12_v00_90000_fof_0.0013_0000.hdf5,/rds/general/ephemeral/user/nny124/ephemeral/martian_moons_data/Ma_xp_A1800_n60_r12_v00_90000_fof_0.0013_0000.hdf5,UnusedParameters,group,,,Restarts:enable,b'1'
Ma_xp_A1800_n60_r12_v00_90000_fof_0.0013_0000.hdf5,/rds/general/ephemeral/user/nny124/ephemeral/martian_moons_data/Ma_xp_A1800_n60_r12_v00_90000_fof_0.0013_0000.hdf5,UnusedParameters,group,,,Restarts:max_run_time,b'70'
Ma_xp_A1800_n60_r12_v00_90000_fof_0.0013_0000.hdf5,/rds/general/ephemeral/user/nny124/ephemeral/martian_moons_data/Ma_xp_A1800_n60_r12_v00_90000_fof_0.0013_0000.hdf5,UnusedParameters,group,,,Restarts:onexit,b'1'
Ma_xp_A1800_n60_r12_v00_90000_fof_0.0013_0000.hdf5,/rds/general/ephemeral/user/nny124/ephemeral/martian_moons_data/Ma_xp_A1800_n60_r12_v00_90000_fof_0.0013_0000.hdf5,UnusedParameters,group,,,Restarts:resubmit_command,b'../auto_resubmit_c5.sh'
Ma_xp_A1800_n60_r12_v00_90000_fof_0.0013_0000.hdf5,/rds/general/ephemeral/user/nny124/ephemeral/martian_moons_data/Ma_xp_A1800_n60_r12_v00_90000_fof_0.0013_0000.hdf5,UnusedParameters,group,,,Restarts:resubmit_on_exit,b'1'
Ma_xp_A1800_n60_r12_v00_90000_fof_0.0013_0000.hdf5,/rds/general/ephemeral/user/nny124/ephemeral/martian_moons_data/Ma_xp_A1800_n60_r12_v00_90000_fof_0.0013_0000.hdf5,UnusedParameters,group,,,Restarts:save,b'1'
Ma_xp_A1800_n60_r12_v00_90000_fof_0.0013_0000.hdf5,/rds/general/ephemeral/user/nny124/ephemeral/martian_moons_data/Ma_xp_A1800_n60_r12_v00_90000_fof_0.0013_0000.hdf5,UnusedParameters,group,,,Restarts:subdir,b'restart'
Ma_xp_A1800_n60_r12_v00_90000_fof_0.0013_0000.hdf5,/rds/general/ephemeral/user/nny124/ephemeral/martian_moons_data/Ma_xp_A1800_n60_r12_v00_90000_fof_0.0013_0000.hdf5,UnusedParameters,group,,,SPH:CFL_condition,b'0.2'
Ma_xp_A1800_n60_r12_v00_90000_fof_0.0013_0000.hdf5,/rds/general/ephemeral/user/nny124/ephemeral/martian_moons_data/Ma_xp_A1800_n60_r12_v00_90000_fof_0.0013_0000.hdf5,UnusedParameters,group,,,SPH:delta_neighbours,b'0.1'
Ma_xp_A1800_n60_r12_v00_90000_fof_0.0013_0000.hdf5,/rds/general/ephemeral/user/nny124/ephemeral/martian_moons_data/Ma_xp_A1800_n60_r12_v00_90000_fof_0.0013_0000.hdf5,UnusedParameters,group,,,SPH:h_max,b'0.042'
Ma_xp_A1800_n60_r12_v00_90000_fof_0.0013_0000.hdf5,/rds/general/ephemeral/user/nny124/ephemeral/martian_moons_data/Ma_xp_A1800_n60_r12_v00_90000_fof_0.0013_0000.hdf5,UnusedParameters,group,,,SPH:resolution_eta,b'1.2348'
Ma_xp_A1800_n60_r12_v00_90000_fof_0.0013_0000.hdf5,/rds/general/ephemeral/user/nny124/ephemeral/martian_moons_data/Ma_xp_A1800_n60_r12_v00_90000_fof_0.0013_0000.hdf5,UnusedParameters,group,,,SPH:viscosity_alpha,b'1.5'
Ma_xp_A1800_n60_r12_v00_90000_fof_0.0013_0000.hdf5,/rds/general/ephemeral/user/nny124/ephemeral/martian_moons_data/Ma_xp_A1800_n60_r12_v00_90000_fof_0.0013_0000.hdf5,UnusedParameters,group,,,Snapshots:output_list,b'../output_list_120ks.txt'
Ma_xp_A1800_n60_r12_v00_90000_fof_0.0013_0000.hdf5,/rds/general/ephemeral/user/nny124/ephemeral/martian_moons_data/Ma_xp_A1800_n60_r12_v00_90000_fof_0.0013_0000.hdf5,UnusedParameters,group,,,Snapshots:output_list_on,b'1'
Ma_xp_A1800_n60_r12_v00_90000_fof_0.0014_0000.hdf5,/rds/general/ephemeral/user/nny124/ephemeral/martian_moons_data/Ma_xp_A1800_n60_r12_v00_90000_fof_0.0014_0000.hdf5,Cells,group,,,,
Ma_xp_A1800_n60_r12_v00_90000_fof_0.0014_0000.hdf5,/rds/general/ephemeral/user/nny124/ephemeral/martian_moons_data/Ma_xp_A1800_n60_r12_v00_90000_fof_0.0014_0000.hdf5,Cells/Centres,dataset,"(884736, 3)",float64,,
Ma_xp_A1800_n60_r12_v00_90000_fof_0.0014_0000.hdf5,/rds/general/ephemeral/user/nny124/ephemeral/martian_moons_data/Ma_xp_A1800_n60_r12_v00_90000_fof_0.0014_0000.hdf5,Cells/Counts,group,,,,
Ma_xp_A1800_n60_r12_v00_90000_fof_0.0014_0000.hdf5,/rds/general/ephemeral/user/nny124/ephemeral/martian_moons_data/Ma_xp_A1800_n60_r12_v00_90000_fof_0.0014_0000.hdf5,Cells/Counts/PartType0,dataset,"(884736,)",int64,,
Ma_xp_A1800_n60_r12_v00_90000_fof_0.0014_0000.hdf5,/rds/general/ephemeral/user/nny124/ephemeral/martian_moons_data/Ma_xp_A1800_n60_r12_v00_90000_fof_0.0014_0000.hdf5,Cells/Files,group,,,,
Ma_xp_A1800_n60_r12_v00_90000_fof_0.0014_0000.hdf5,/rds/general/ephemeral/user/nny124/ephemeral/martian_moons_data/Ma_xp_A1800_n60_r12_v00_90000_fof_0.0014_0000.hdf5,Cells/Files/PartType0,dataset,"(884736,)",int32,,
Ma_xp_A1800_n60_r12_v00_90000_fof_0.0014_0000.hdf5,/rds/general/ephemeral/user/nny124/ephemeral/martian_moons_data/Ma_xp_A1800_n60_r12_v00_90000_fof_0.0014_0000.hdf5,Cells/Meta-data,group,,,dimension,[96 96 96]
Ma_xp_A1800_n60_r12_v00_90000_fof_0.0014_0000.hdf5,/rds/general/ephemeral/user/nny124/ephemeral/martian_moons_data/Ma_xp_A1800_n60_r12_v00_90000_fof_0.0014_0000.hdf5,Cells/Meta-data,group,,,nr_cells,[884736]
Ma_xp_A1800_n60_r12_v00_90000_fof_0.0014_0000.hdf5,/rds/general/ephemeral/user/nny124/ephemeral/martian_moons_data/Ma_xp_A1800_n60_r12_v00_90000_fof_0.0014_0000.hdf5,Cells/Meta-data,group,,,size,[3.53059583 3.53059583 3.53059583]
Ma_xp_A1800_n60_r12_v00_90000_fof_0.0014_0000.hdf5,/rds/general/ephemeral/user/nny124/ephemeral/martian_moons_data/Ma_xp_A1800_n60_r12_v00_90000_fof_0.0014_0000.hdf5,Cells/OffsetsInFile,group,,,,
Ma_xp_A1800_n60_r12_v00_90000_fof_0.0014_0000.hdf5,/rds/general/ephemeral/user/nny124/ephemeral/martian_moons_data/Ma_xp_A1800_n60_r12_v00_90000_fof_0.0014_0000.hdf5,Cells/OffsetsInFile/PartType0,dataset,"(884736,)",int64,,
Ma_xp_A1800_n60_r12_v00_90000_fof_0.0014_0000.hdf5,/rds/general/ephemeral/user/nny124/ephemeral/martian_moons_data/Ma_xp_A1800_n60_r12_v00_90000_fof_0.0014_0000.hdf5,Code,group,,,Allocators,b'TBB malloc'
Ma_xp_A1800_n60_r12_v00_90000_fof_0.0014_0000.hdf5,/rds/general/ephemeral/user/nny124/ephemeral/martian_moons_data/Ma_xp_A1800_n60_r12_v00_90000_fof_0.0014_0000.hdf5,Code,group,,,CFLAGS,"b""'-idirafter /usr/include/linux -ip -ipo -O3 -ansi-alias -xCORE-AVX512 -pthread -fno-builtin-malloc -fno-builtin-cal..."
Ma_xp_A1800_n60_r12_v00_90000_fof_0.0014_0000.hdf5,/rds/general/ephemeral/user/nny124/ephemeral/martian_moons_data/Ma_xp_A1800_n60_r12_v00_90000_fof_0.0014_0000.hdf5,Code,group,,,Code,b'SWIFT'
Ma_xp_A1800_n60_r12_v00_90000_fof_0.0014_0000.hdf5,/rds/general/ephemeral/user/nny124/ephemeral/martian_moons_data/Ma_xp_A1800_n60_r12_v00_90000_fof_0.0014_0000.hdf5,Code,group,,,Code Version,b'0.9.0'
Ma_xp_A1800_n60_r12_v00_90000_fof_0.0014_0000.hdf5,/rds/general/ephemeral/user/nny124/ephemeral/martian_moons_data/Ma_xp_A1800_n60_r12_v00_90000_fof_0.0014_0000.hdf5,Code,group,,,Compiler Name,b'ICC'
Ma_xp_A1800_n60_r12_v00_90000_fof_0.0014_0000.hdf5,/rds/general/ephemeral/user/nny124/ephemeral/martian_moons_data/Ma_xp_A1800_n60_r12_v00_90000_fof_0.0014_0000.hdf5,Code,group,,,Compiler Version,b'19.10.20200623'
Ma_xp_A1800_n60_r12_v00_90000_fof_0.0014_0000.hdf5,/rds/general/ephemeral/user/nny124/ephemeral/martian_moons_data/Ma_xp_A1800_n60_r12_v00_90000_fof_0.0014_0000.hdf5,Code,group,,,Configuration options,"b""'--with-hydro=planetary --with-equation-of-state=planetary --with-gravity=basic --with-tbbmalloc --with-parmetis --..."
Ma_xp_A1800_n60_r12_v00_90000_fof_0.0014_0000.hdf5,/rds/general/ephemeral/user/nny124/ephemeral/martian_moons_data/Ma_xp_A1800_n60_r12_v00_90000_fof_0.0014_0000.hdf5,Code,group,,,FFTW library version,b'3.x (details not available)'
Ma_xp_A1800_n60_r12_v00_90000_fof_0.0014_0000.hdf5,/rds/general/ephemeral/user/nny124/ephemeral/martian_moons_data/Ma_xp_A1800_n60_r12_v00_90000_fof_0.0014_0000.hdf5,Code,group,,,GSL library version,b'2.5'
Ma_xp_A1800_n60_r12_v00_90000_fof_0.0014_0000.hdf5,/rds/general/ephemeral/user/nny124/ephemeral/martian_moons_data/Ma_xp_A1800_n60_r12_v00_90000_fof_0.0014_0000.hdf5,Code,group,,,Git Branch,b'subtask_speedup'
Ma_xp_A1800_n60_r12_v00_90000_fof_0.0014_0000.hdf5,/rds/general/ephemeral/user/nny124/ephemeral/martian_moons_data/Ma_xp_A1800_n60_r12_v00_90000_fof_0.0014_0000.hdf5,Code,group,,,Git Date,b'2021-12-07 14:20:18 +0100'
Ma_xp_A1800_n60_r12_v00_90000_fof_0.0014_0000.hdf5,/rds/general/ephemeral/user/nny124/ephemeral/martian_moons_data/Ma_xp_A1800_n60_r12_v00_90000_fof_0.0014_0000.hdf5,Code,group,,,Git Revision,b'v0.9.0-860-ge329b722-dirty'
Ma_xp_A1800_n60_r12_v00_90000_fof_0.0014_0000.hdf5,/rds/general/ephemeral/user/nny124/ephemeral/martian_moons_data/Ma_xp_A1800_n60_r12_v00_90000_fof_0.0014_0000.hdf5,Code,group,,,HDF5 library version,b'1.10.6'
Ma_xp_A1800_n60_r12_v00_90000_fof_0.0014_0000.hdf5,/rds/general/ephemeral/user/nny124/ephemeral/martian_moons_data/Ma_xp_A1800_n60_r12_v00_90000_fof_0.0014_0000.hdf5,Code,group,,,MPI library,b'Non-MPI version of SWIFT'
Ma_xp_A1800_n60_r12_v00_90000_fof_0.0014_0000.hdf5,/rds/general/ephemeral/user/nny124/ephemeral/martian_moons_data/Ma_xp_A1800_n60_r12_v00_90000_fof_0.0014_0000.hdf5,Code,group,,,RandomSeed,[0]
Ma_xp_A1800_n60_r12_v00_90000_fof_0.0014_0000.hdf5,/rds/general/ephemeral/user/nny124/ephemeral/martian_moons_data/Ma_xp_A1800_n60_r12_v00_90000_fof_0.0014_0000.hdf5,Code,group,,,Thread barriers,b'pthread'
Ma_xp_A1800_n60_r12_v00_90000_fof_0.0014_0000.hdf5,/rds/general/ephemeral/user/nny124/ephemeral/martian_moons_data/Ma_xp_A1800_n60_r12_v00_90000_fof_0.0014_0000.hdf5,Cosmology,group,,,Cosmological run,[0]
Ma_xp_A1800_n60_r12_v00_90000_fof_0.0014_0000.hdf5,/rds/general/ephemeral/user/nny124/ephemeral/martian_moons_data/Ma_xp_A1800_n60_r12_v00_90000_fof_0.0014_0000.hdf5,Cosmology,group,,,Critical density [internal units],[0.]
Ma_xp_A1800_n60_r12_v00_90000_fof_0.0014_0000.hdf5,/rds/general/ephemeral/user/nny124/ephemeral/martian_moons_data/Ma_xp_A1800_n60_r12_v00_90000_fof_0.0014_0000.hdf5,Cosmology,group,,,H [internal units],[0.]
Ma_xp_A1800_n60_r12_v00_90000_fof_0.0014_0000.hdf5,/rds/general/ephemeral/user/nny124/ephemeral/martian_moons_data/Ma_xp_A1800_n60_r12_v00_90000_fof_0.0014_0000.hdf5,Cosmology,group,,,H0 [internal units],[0.]
Ma_xp_A1800_n60_r12_v00_90000_fof_0.0014_0000.hdf5,/rds/general/ephemeral/user/nny124/ephemeral/martian_moons_data/Ma_xp_A1800_n60_r12_v00_90000_fof_0.0014_0000.hdf5,Cosmology,group,,,Hubble time [internal units],[0.]
Ma_xp_A1800_n60_r12_v00_90000_fof_0.0014_0000.hdf5,/rds/general/ephemeral/user/nny124/ephemeral/martian_moons_data/Ma_xp_A1800_n60_r12_v00_90000_fof_0.0014_0000.hdf5,Cosmology,group,,,Lookback time [internal units],[0.]
Ma_xp_A1800_n60_r12_v00_90000_fof_0.0014_0000.hdf5,/rds/general/ephemeral/user/nny124/ephemeral/martian_moons_data/Ma_xp_A1800_n60_r12_v00_90000_fof_0.0014_0000.hdf5,Cosmology,group,,,N_eff,[0.]
Ma_xp_A1800_n60_r12_v00_90000_fof_0.0014_0000.hdf5,/rds/general/ephemeral/user/nny124/ephemeral/martian_moons_data/Ma_xp_A1800_n60_r12_v00_90000_fof_0.0014_0000.hdf5,Cosmology,group,,,N_nu,[0.]
Ma_xp_A1800_n60_r12_v00_90000_fof_0.0014_0000.hdf5,/rds/general/ephemeral/user/nny124/ephemeral/martian_moons_data/Ma_xp_A1800_n60_r12_v00_90000_fof_0.0014_0000.hdf5,Cosmology,group,,,N_ur,[0.]
Ma_xp_A1800_n60_r12_v00_90000_fof_0.0014_0000.hdf5,/rds/general/ephemeral/user/nny124/ephemeral/martian_moons_data/Ma_xp_A1800_n60_r12_v00_90000_fof_0.0014_0000.hdf5,Cosmology,group,,,Omega_b,[0.]
Ma_xp_A1800_n60_r12_v00_90000_fof_0.0014_0000.hdf5,/rds/general/ephemeral/user/nny124/ephemeral/martian_moons_data/Ma_xp_A1800_n60_r12_v00_90000_fof_0.0014_0000.hdf5,Cosmology,group,,,Omega_cdm,[0.]
Ma_xp_A1800_n60_r12_v00_90000_fof_0.0014_0000.hdf5,/rds/general/ephemeral/user/nny124/ephemeral/martian_moons_data/Ma_xp_A1800_n60_r12_v00_90000_fof_0.0014_0000.hdf5,Cosmology,group,,,Omega_g,[0.]
Ma_xp_A1800_n60_r12_v00_90000_fof_0.0014_0000.hdf5,/rds/general/ephemeral/user/nny124/ephemeral/martian_moons_data/Ma_xp_A1800_n60_r12_v00_90000_fof_0.0014_0000.hdf5,Cosmology,group,,,Omega_k,[0.]
Ma_xp_A1800_n60_r12_v00_90000_fof_0.0014_0000.hdf5,/rds/general/ephemeral/user/nny124/ephemeral/martian_moons_data/Ma_xp_A1800_n60_r12_v00_90000_fof_0.0014_0000.hdf5,Cosmology,group,,,Omega_lambda,[0.]
Ma_xp_A1800_n60_r12_v00_90000_fof_0.0014_0000.hdf5,/rds/general/ephemeral/user/nny124/ephemeral/martian_moons_data/Ma_xp_A1800_n60_r12_v00_90000_fof_0.0014_0000.hdf5,Cosmology,group,,,Omega_m,[0.]
Ma_xp_A1800_n60_r12_v00_90000_fof_0.0014_0000.hdf5,/rds/general/ephemeral/user/nny124/ephemeral/martian_moons_data/Ma_xp_A1800_n60_r12_v00_90000_fof_0.0014_0000.hdf5,Cosmology,group,,,Omega_nu,[0.]
Ma_xp_A1800_n60_r12_v00_90000_fof_0.0014_0000.hdf5,/rds/general/ephemeral/user/nny124/ephemeral/martian_moons_data/Ma_xp_A1800_n60_r12_v00_90000_fof_0.0014_0000.hdf5,Cosmology,group,,,Omega_nu_0,[1.007948e-313]
Ma_xp_A1800_n60_r12_v00_90000_fof_0.0014_0000.hdf5,/rds/general/ephemeral/user/nny124/ephemeral/martian_moons_data/Ma_xp_A1800_n60_r12_v00_90000_fof_0.0014_0000.hdf5,Cosmology,group,,,Omega_r,[0.]
Ma_xp_A1800_n60_r12_v00_90000_fof_0.0014_0000.hdf5,/rds/general/ephemeral/user/nny124/ephemeral/martian_moons_data/Ma_xp_A1800_n60_r12_v00_90000_fof_0.0014_0000.hdf5,Cosmology,group,,,Omega_ur,[0.]
Ma_xp_A1800_n60_r12_v00_90000_fof_0.0014_0000.hdf5,/rds/general/ephemeral/user/nny124/ephemeral/martian_moons_data/Ma_xp_A1800_n60_r12_v00_90000_fof_0.0014_0000.hdf5,Cosmology,group,,,Redshift,[0.]
Ma_xp_A1800_n60_r12_v00_90000_fof_0.0014_0000.hdf5,/rds/general/ephemeral/user/nny124/ephemeral/martian_moons_data/Ma_xp_A1800_n60_r12_v00_90000_fof_0.0014_0000.hdf5,Cosmology,group,,,Scale-factor,[1.]
Ma_xp_A1800_n60_r12_v00_90000_fof_0.0014_0000.hdf5,/rds/general/ephemeral/user/nny124/ephemeral/martian_moons_data/Ma_xp_A1800_n60_r12_v00_90000_fof_0.0014_0000.hdf5,Cosmology,group,,,T_CMB_0 [K],[0.]
Ma_xp_A1800_n60_r12_v00_90000_fof_0.0014_0000.hdf5,/rds/general/ephemeral/user/nny124/ephemeral/martian_moons_data/Ma_xp_A1800_n60_r12_v00_90000_fof_0.0014_0000.hdf5,Cosmology,group,,,T_CMB_0 [internal units],[0.]
Ma_xp_A1800_n60_r12_v00_90000_fof_0.0014_0000.hdf5,/rds/general/ephemeral/user/nny124/ephemeral/martian_moons_data/Ma_xp_A1800_n60_r12_v00_90000_fof_0.0014_0000.hdf5,Cosmology,group,,,T_nu_0 [eV],[0.]
Ma_xp_A1800_n60_r12_v00_90000_fof_0.0014_0000.hdf5,/rds/general/ephemeral/user/nny124/ephemeral/martian_moons_data/Ma_xp_A1800_n60_r12_v00_90000_fof_0.0014_0000.hdf5,Cosmology,group,,,T_nu_0 [internal units],[0.]
Ma_xp_A1800_n60_r12_v00_90000_fof_0.0014_0000.hdf5,/rds/general/ephemeral/user/nny124/ephemeral/martian_moons_data/Ma_xp_A1800_n60_r12_v00_90000_fof_0.0014_0000.hdf5,Cosmology,group,,,Universe age [internal units],[0.]
Ma_xp_A1800_n60_r12_v00_90000_fof_0.0014_0000.hdf5,/rds/general/ephemeral/user/nny124/ephemeral/martian_moons_data/Ma_xp_A1800_n60_r12_v00_90000_fof_0.0014_0000.hdf5,Cosmology,group,,,a_beg,[1.]
Ma_xp_A1800_n60_r12_v00_90000_fof_0.0014_0000.hdf5,/rds/general/ephemeral/user/nny124/ephemeral/martian_moons_data/Ma_xp_A1800_n60_r12_v00_90000_fof_0.0014_0000.hdf5,Cosmology,group,,,a_end,[1.]
Ma_xp_A1800_n60_r12_v00_90000_fof_0.0014_0000.hdf5,/rds/general/ephemeral/user/nny124/ephemeral/martian_moons_data/Ma_xp_A1800_n60_r12_v00_90000_fof_0.0014_0000.hdf5,Cosmology,group,,,deg_nu_tot,[0.]
Ma_xp_A1800_n60_r12_v00_90000_fof_0.0014_0000.hdf5,/rds/general/ephemeral/user/nny124/ephemeral/martian_moons_data/Ma_xp_A1800_n60_r12_v00_90000_fof_0.0014_0000.hdf5,Cosmology,group,,,h,[1.]
Ma_xp_A1800_n60_r12_v00_90000_fof_0.0014_0000.hdf5,/rds/general/ephemeral/user/nny124/ephemeral/martian_moons_data/Ma_xp_A1800_n60_r12_v00_90000_fof_0.0014_0000.hdf5,Cosmology,group,,,time_beg [internal units],[0.]
Ma_xp_A1800_n60_r12_v00_90000_fof_0.0014_0000.hdf5,/rds/general/ephemeral/user/nny124/ephemeral/martian_moons_data/Ma_xp_A1800_n60_r12_v00_90000_fof_0.0014_0000.hdf5,Cosmology,group,,,time_end [internal units],[0.]
Ma_xp_A1800_n60_r12_v00_90000_fof_0.0014_0000.hdf5,/rds/general/ephemeral/user/nny124/ephemeral/martian_moons_data/Ma_xp_A1800_n60_r12_v00_90000_fof_0.0014_0000.hdf5,Cosmology,group,,,w,[-1.]
Ma_xp_A1800_n60_r12_v00_90000_fof_0.0014_0000.hdf5,/rds/general/ephemeral/user/nny124/ephemeral/martian_moons_data/Ma_xp_A1800_n60_r12_v00_90000_fof_0.0014_0000.hdf5,Cosmology,group,,,w_0,[0.]
Ma_xp_A1800_n60_r12_v00_90000_fof_0.0014_0000.hdf5,/rds/general/ephemeral/user/nny124/ephemeral/martian_moons_data/Ma_xp_A1800_n60_r12_v00_90000_fof_0.0014_0000.hdf5,Cosmology,group,,,w_a,[0.]
Ma_xp_A1800_n60_r12_v00_90000_fof_0.0014_0000.hdf5,/rds/general/ephemeral/user/nny124/ephemeral/martian_moons_data/Ma_xp_A1800_n60_r12_v00_90000_fof_0.0014_0000.hdf5,GravityScheme,group,,,Comoving DM softening length (Plummer equivalent)  [internal units],[0.003]
Ma_xp_A1800_n60_r12_v00_90000_fof_0.0014_0000.hdf5,/rds/general/ephemeral/user/nny124/ephemeral/martian_moons_data/Ma_xp_A1800_n60_r12_v00_90000_fof_0.0014_0000.hdf5,GravityScheme,group,,,Comoving DM softening length [internal units],[0.009]
Ma_xp_A1800_n60_r12_v00_90000_fof_0.0014_0000.hdf5,/rds/general/ephemeral/user/nny124/ephemeral/martian_moons_data/Ma_xp_A1800_n60_r12_v00_90000_fof_0.0014_0000.hdf5,GravityScheme,group,,,Comoving baryon softening length (Plummer equivalent)  [internal units],[0.003]
Ma_xp_A1800_n60_r12_v00_90000_fof_0.0014_0000.hdf5,/rds/general/ephemeral/user/nny124/ephemeral/martian_moons_data/Ma_xp_A1800_n60_r12_v00_90000_fof_0.0014_0000.hdf5,GravityScheme,group,,,Comoving baryon softening length [internal units],[0.009]
Ma_xp_A1800_n60_r12_v00_90000_fof_0.0014_0000.hdf5,/rds/general/ephemeral/user/nny124/ephemeral/martian_moons_data/Ma_xp_A1800_n60_r12_v00_90000_fof_0.0014_0000.hdf5,GravityScheme,group,,,Comoving neutrino softening length (Plummer equivalent)  [internal units],[0.]
Ma_xp_A1800_n60_r12_v00_90000_fof_0.0014_0000.hdf5,/rds/general/ephemeral/user/nny124/ephemeral/martian_moons_data/Ma_xp_A1800_n60_r12_v00_90000_fof_0.0014_0000.hdf5,GravityScheme,group,,,Comoving neutrino softening length [internal units],[0.]
Ma_xp_A1800_n60_r12_v00_90000_fof_0.0014_0000.hdf5,/rds/general/ephemeral/user/nny124/ephemeral/martian_moons_data/Ma_xp_A1800_n60_r12_v00_90000_fof_0.0014_0000.hdf5,GravityScheme,group,,,MM order,[4]
Ma_xp_A1800_n60_r12_v00_90000_fof_0.0014_0000.hdf5,/rds/general/ephemeral/user/nny124/ephemeral/martian_moons_data/Ma_xp_A1800_n60_r12_v00_90000_fof_0.0014_0000.hdf5,GravityScheme,group,,,Maximal physical DM softening length  [internal units],[0.009]
Ma_xp_A1800_n60_r12_v00_90000_fof_0.0014_0000.hdf5,/rds/general/ephemeral/user/nny124/ephemeral/martian_moons_data/Ma_xp_A1800_n60_r12_v00_90000_fof_0.0014_0000.hdf5,GravityScheme,group,,,Maximal physical DM softening length (Plummer equivalent) [internal units],[0.003]
Ma_xp_A1800_n60_r12_v00_90000_fof_0.0014_0000.hdf5,/rds/general/ephemeral/user/nny124/ephemeral/martian_moons_data/Ma_xp_A1800_n60_r12_v00_90000_fof_0.0014_0000.hdf5,GravityScheme,group,,,Maximal physical baryon softening length  [internal units],[0.009]
Ma_xp_A1800_n60_r12_v00_90000_fof_0.0014_0000.hdf5,/rds/general/ephemeral/user/nny124/ephemeral/martian_moons_data/Ma_xp_A1800_n60_r12_v00_90000_fof_0.0014_0000.hdf5,GravityScheme,group,,,Maximal physical baryon softening length (Plummer equivalent) [internal units],[0.003]
Ma_xp_A1800_n60_r12_v00_90000_fof_0.0014_0000.hdf5,/rds/general/ephemeral/user/nny124/ephemeral/martian_moons_data/Ma_xp_A1800_n60_r12_v00_90000_fof_0.0014_0000.hdf5,GravityScheme,group,,,Maximal physical neutrino softening length  [internal units],[0.]
Ma_xp_A1800_n60_r12_v00_90000_fof_0.0014_0000.hdf5,/rds/general/ephemeral/user/nny124/ephemeral/martian_moons_data/Ma_xp_A1800_n60_r12_v00_90000_fof_0.0014_0000.hdf5,GravityScheme,group,,,Maximal physical neutrino softening length (Plummer equivalent) [internal units],[0.]
Ma_xp_A1800_n60_r12_v00_90000_fof_0.0014_0000.hdf5,/rds/general/ephemeral/user/nny124/ephemeral/martian_moons_data/Ma_xp_A1800_n60_r12_v00_90000_fof_0.0014_0000.hdf5,GravityScheme,group,,,Mesh a_smooth,[0.]
Ma_xp_A1800_n60_r12_v00_90000_fof_0.0014_0000.hdf5,/rds/general/ephemeral/user/nny124/ephemeral/martian_moons_data/Ma_xp_A1800_n60_r12_v00_90000_fof_0.0014_0000.hdf5,GravityScheme,group,,,Mesh r_cut_max ratio,[0.]
Ma_xp_A1800_n60_r12_v00_90000_fof_0.0014_0000.hdf5,/rds/general/ephemeral/user/nny124/ephemeral/martian_moons_data/Ma_xp_A1800_n60_r12_v00_90000_fof_0.0014_0000.hdf5,GravityScheme,group,,,Mesh r_cut_min ratio,[0.]
Ma_xp_A1800_n60_r12_v00_90000_fof_0.0014_0000.hdf5,/rds/general/ephemeral/user/nny124/ephemeral/martian_moons_data/Ma_xp_A1800_n60_r12_v00_90000_fof_0.0014_0000.hdf5,GravityScheme,group,,,Mesh truncation function,b'Gadget-like (using erfc())'
Ma_xp_A1800_n60_r12_v00_90000_fof_0.0014_0000.hdf5,/rds/general/ephemeral/user/nny124/ephemeral/martian_moons_data/Ma_xp_A1800_n60_r12_v00_90000_fof_0.0014_0000.hdf5,GravityScheme,group,,,Opening angle,[0.5]
Ma_xp_A1800_n60_r12_v00_90000_fof_0.0014_0000.hdf5,/rds/general/ephemeral/user/nny124/ephemeral/martian_moons_data/Ma_xp_A1800_n60_r12_v00_90000_fof_0.0014_0000.hdf5,GravityScheme,group,,,Scheme,b'Basic scheme'
Ma_xp_A1800_n60_r12_v00_90000_fof_0.0014_0000.hdf5,/rds/general/ephemeral/user/nny124/ephemeral/martian_moons_data/Ma_xp_A1800_n60_r12_v00_90000_fof_0.0014_0000.hdf5,GravityScheme,group,,,Softening style,b'Wendland-C2'
Ma_xp_A1800_n60_r12_v00_90000_fof_0.0014_0000.hdf5,/rds/general/ephemeral/user/nny124/ephemeral/martian_moons_data/Ma_xp_A1800_n60_r12_v00_90000_fof_0.0014_0000.hdf5,GravityScheme,group,,,Time integration eta,[0.025]
Ma_xp_A1800_n60_r12_v00_90000_fof_0.0014_0000.hdf5,/rds/general/ephemeral/user/nny124/ephemeral/martian_moons_data/Ma_xp_A1800_n60_r12_v00_90000_fof_0.0014_0000.hdf5,GravityScheme,group,,,Tree update frequency,[0.01]
Ma_xp_A1800_n60_r12_v00_90000_fof_0.0014_0000.hdf5,/rds/general/ephemeral/user/nny124/ephemeral/martian_moons_data/Ma_xp_A1800_n60_r12_v00_90000_fof_0.0014_0000.hdf5,Header,group,,,BoxSize,[338.9372 338.9372 338.9372]
Ma_xp_A1800_n60_r12_v00_90000_fof_0.0014_0000.hdf5,/rds/general/ephemeral/user/nny124/ephemeral/martian_moons_data/Ma_xp_A1800_n60_r12_v00_90000_fof_0.0014_0000.hdf5,Header,group,,,Code,b'SWIFT'
Ma_xp_A1800_n60_r12_v00_90000_fof_0.0014_0000.hdf5,/rds/general/ephemeral/user/nny124/ephemeral/martian_moons_data/Ma_xp_A1800_n60_r12_v00_90000_fof_0.0014_0000.hdf5,Header,group,,,Dimension,[3]
Ma_xp_A1800_n60_r12_v00_90000_fof_0.0014_0000.hdf5,/rds/general/ephemeral/user/nny124/ephemeral/martian_moons_data/Ma_xp_A1800_n60_r12_v00_90000_fof_0.0014_0000.hdf5,Header,group,,,Flag_Entropy_ICs,[0 0 0 0 0 0 0]
Ma_xp_A1800_n60_r12_v00_90000_fof_0.0014_0000.hdf5,/rds/general/ephemeral/user/nny124/ephemeral/martian_moons_data/Ma_xp_A1800_n60_r12_v00_90000_fof_0.0014_0000.hdf5,Header,group,,,InitialMassTable,[0. 0. 0. 0. 0. 0. 0.]
Ma_xp_A1800_n60_r12_v00_90000_fof_0.0014_0000.hdf5,/rds/general/ephemeral/user/nny124/ephemeral/martian_moons_data/Ma_xp_A1800_n60_r12_v00_90000_fof_0.0014_0000.hdf5,Header,group,,,MassTable,[0. 0. 0. 0. 0. 0. 0.]
Ma_xp_A1800_n60_r12_v00_90000_fof_0.0014_0000.hdf5,/rds/general/ephemeral/user/nny124/ephemeral/martian_moons_data/Ma_xp_A1800_n60_r12_v00_90000_fof_0.0014_0000.hdf5,Header,group,,,NumFilesPerSnapshot,[1]
Ma_xp_A1800_n60_r12_v00_90000_fof_0.0014_0000.hdf5,/rds/general/ephemeral/user/nny124/ephemeral/martian_moons_data/Ma_xp_A1800_n60_r12_v00_90000_fof_0.0014_0000.hdf5,Header,group,,,NumPartTypes,[7]
Ma_xp_A1800_n60_r12_v00_90000_fof_0.0014_0000.hdf5,/rds/general/ephemeral/user/nny124/ephemeral/martian_moons_data/Ma_xp_A1800_n60_r12_v00_90000_fof_0.0014_0000.hdf5,Header,group,,,NumPart_ThisFile,[1002827       0       0       0       0       0       0]
Ma_xp_A1800_n60_r12_v00_90000_fof_0.0014_0000.hdf5,/rds/general/ephemeral/user/nny124/ephemeral/martian_moons_data/Ma_xp_A1800_n60_r12_v00_90000_fof_0.0014_0000.hdf5,Header,group,,,NumPart_Total,[1002827       0       0       0       0       0       0]
Ma_xp_A1800_n60_r12_v00_90000_fof_0.0014_0000.hdf5,/rds/general/ephemeral/user/nny124/ephemeral/martian_moons_data/Ma_xp_A1800_n60_r12_v00_90000_fof_0.0014_0000.hdf5,Header,group,,,NumPart_Total_HighWord,[0 0 0 0 0 0 0]
Ma_xp_A1800_n60_r12_v00_90000_fof_0.0014_0000.hdf5,/rds/general/ephemeral/user/nny124/ephemeral/martian_moons_data/Ma_xp_A1800_n60_r12_v00_90000_fof_0.0014_0000.hdf5,Header,group,,,OutputType,b'FullVolume'
Ma_xp_A1800_n60_r12_v00_90000_fof_0.0014_0000.hdf5,/rds/general/ephemeral/user/nny124/ephemeral/martian_moons_data/Ma_xp_A1800_n60_r12_v00_90000_fof_0.0014_0000.hdf5,Header,group,,,Redshift,[0.]
Ma_xp_A1800_n60_r12_v00_90000_fof_0.0014_0000.hdf5,/rds/general/ephemeral/user/nny124/ephemeral/martian_moons_data/Ma_xp_A1800_n60_r12_v00_90000_fof_0.0014_0000.hdf5,Header,group,,,RunName,b'Untitled SWIFT simulation'
Ma_xp_A1800_n60_r12_v00_90000_fof_0.0014_0000.hdf5,/rds/general/ephemeral/user/nny124/ephemeral/martian_moons_data/Ma_xp_A1800_n60_r12_v00_90000_fof_0.0014_0000.hdf5,Header,group,,,Scale-factor,[1.]
Ma_xp_A1800_n60_r12_v00_90000_fof_0.0014_0000.hdf5,/rds/general/ephemeral/user/nny124/ephemeral/martian_moons_data/Ma_xp_A1800_n60_r12_v00_90000_fof_0.0014_0000.hdf5,Header,group,,,SelectOutput,b'Default'
Ma_xp_A1800_n60_r12_v00_90000_fof_0.0014_0000.hdf5,/rds/general/ephemeral/user/nny124/ephemeral/martian_moons_data/Ma_xp_A1800_n60_r12_v00_90000_fof_0.0014_0000.hdf5,Header,group,,,SnapshotDate,b'18:00:44 2023-01-19 GMT'
Ma_xp_A1800_n60_r12_v00_90000_fof_0.0014_0000.hdf5,/rds/general/ephemeral/user/nny124/ephemeral/martian_moons_data/Ma_xp_A1800_n60_r12_v00_90000_fof_0.0014_0000.hdf5,Header,group,,,System,b'login7a.pri.cosma7.alces.network'
Ma_xp_A1800_n60_r12_v00_90000_fof_0.0014_0000.hdf5,/rds/general/ephemeral/user/nny124/ephemeral/martian_moons_data/Ma_xp_A1800_n60_r12_v00_90000_fof_0.0014_0000.hdf5,Header,group,,,ThisFile,[0]
Ma_xp_A1800_n60_r12_v00_90000_fof_0.0014_0000.hdf5,/rds/general/ephemeral/user/nny124/ephemeral/martian_moons_data/Ma_xp_A1800_n60_r12_v00_90000_fof_0.0014_0000.hdf5,Header,group,,,Time,[0.]
Ma_xp_A1800_n60_r12_v00_90000_fof_0.0014_0000.hdf5,/rds/general/ephemeral/user/nny124/ephemeral/martian_moons_data/Ma_xp_A1800_n60_r12_v00_90000_fof_0.0014_0000.hdf5,Header,group,,,TimeBase_dloga,[0.]
Ma_xp_A1800_n60_r12_v00_90000_fof_0.0014_0000.hdf5,/rds/general/ephemeral/user/nny124/ephemeral/martian_moons_data/Ma_xp_A1800_n60_r12_v00_90000_fof_0.0014_0000.hdf5,Header,group,,,TimeBase_dt,[6.24500451e-13]
Ma_xp_A1800_n60_r12_v00_90000_fof_0.0014_0000.hdf5,/rds/general/ephemeral/user/nny124/ephemeral/martian_moons_data/Ma_xp_A1800_n60_r12_v00_90000_fof_0.0014_0000.hdf5,Header,group,,,Virtual,[0]
Ma_xp_A1800_n60_r12_v00_90000_fof_0.0014_0000.hdf5,/rds/general/ephemeral/user/nny124/ephemeral/martian_moons_data/Ma_xp_A1800_n60_r12_v00_90000_fof_0.0014_0000.hdf5,Header/PartTypeNames,dataset,"(7,)",|S128,,
Ma_xp_A1800_n60_r12_v00_90000_fof_0.0014_0000.hdf5,/rds/general/ephemeral/user/nny124/ephemeral/martian_moons_data/Ma_xp_A1800_n60_r12_v00_90000_fof_0.0014_0000.hdf5,InternalCodeUnits,group,,,Unit current in cgs (U_I),[1.]
Ma_xp_A1800_n60_r12_v00_90000_fof_0.0014_0000.hdf5,/rds/general/ephemeral/user/nny124/ephemeral/martian_moons_data/Ma_xp_A1800_n60_r12_v00_90000_fof_0.0014_0000.hdf5,InternalCodeUnits,group,,,Unit length in cgs (U_L),[1.e+08]
Ma_xp_A1800_n60_r12_v00_90000_fof_0.0014_0000.hdf5,/rds/general/ephemeral/user/nny124/ephemeral/martian_moons_data/Ma_xp_A1800_n60_r12_v00_90000_fof_0.0014_0000.hdf5,InternalCodeUnits,group,,,Unit mass in cgs (U_M),[1.e+27]
Ma_xp_A1800_n60_r12_v00_90000_fof_0.0014_0000.hdf5,/rds/general/ephemeral/user/nny124/ephemeral/martian_moons_data/Ma_xp_A1800_n60_r12_v00_90000_fof_0.0014_0000.hdf5,InternalCodeUnits,group,,,Unit temperature in cgs (U_T),[1.]
Ma_xp_A1800_n60_r12_v00_90000_fof_0.0014_0000.hdf5,/rds/general/ephemeral/user/nny124/ephemeral/martian_moons_data/Ma_xp_A1800_n60_r12_v00_90000_fof_0.0014_0000.hdf5,InternalCodeUnits,group,,,Unit time in cgs (U_t),[1.]
Ma_xp_A1800_n60_r12_v00_90000_fof_0.0014_0000.hdf5,/rds/general/ephemeral/user/nny124/ephemeral/martian_moons_data/Ma_xp_A1800_n60_r12_v00_90000_fof_0.0014_0000.hdf5,Parameters,group,,,EoS:planetary_ANEOS_Fe85Si15_table_file,b'../../swiftsim/examples/Planetary/EoSTables_bak/ANEOS_Fe85Si15_S20.txt'
Ma_xp_A1800_n60_r12_v00_90000_fof_0.0014_0000.hdf5,/rds/general/ephemeral/user/nny124/ephemeral/martian_moons_data/Ma_xp_A1800_n60_r12_v00_90000_fof_0.0014_0000.hdf5,Parameters,group,,,EoS:planetary_ANEOS_forsterite_table_file,b'../../swiftsim/examples/Planetary/EoSTables_bak/ANEOS_forsterite_S19.txt'
Ma_xp_A1800_n60_r12_v00_90000_fof_0.0014_0000.hdf5,/rds/general/ephemeral/user/nny124/ephemeral/martian_moons_data/Ma_xp_A1800_n60_r12_v00_90000_fof_0.0014_0000.hdf5,Parameters,group,,,EoS:planetary_use_ANEOS_Fe85Si15,b'1'
Ma_xp_A1800_n60_r12_v00_90000_fof_0.0014_0000.hdf5,/rds/general/ephemeral/user/nny124/ephemeral/martian_moons_data/Ma_xp_A1800_n60_r12_v00_90000_fof_0.0014_0000.hdf5,Parameters,group,,,EoS:planetary_use_ANEOS_forsterite,b'1'
Ma_xp_A1800_n60_r12_v00_90000_fof_0.0014_0000.hdf5,/rds/general/ephemeral/user/nny124/ephemeral/martian_moons_data/Ma_xp_A1800_n60_r12_v00_90000_fof_0.0014_0000.hdf5,Parameters,group,,,EoS:planetary_use_ANEOS_iron,b'0'
Ma_xp_A1800_n60_r12_v00_90000_fof_0.0014_0000.hdf5,/rds/general/ephemeral/user/nny124/ephemeral/martian_moons_data/Ma_xp_A1800_n60_r12_v00_90000_fof_0.0014_0000.hdf5,Parameters,group,,,EoS:planetary_use_HM80_HHe,b'0'
Ma_xp_A1800_n60_r12_v00_90000_fof_0.0014_0000.hdf5,/rds/general/ephemeral/user/nny124/ephemeral/martian_moons_data/Ma_xp_A1800_n60_r12_v00_90000_fof_0.0014_0000.hdf5,Parameters,group,,,EoS:planetary_use_HM80_ice,b'0'
Ma_xp_A1800_n60_r12_v00_90000_fof_0.0014_0000.hdf5,/rds/general/ephemeral/user/nny124/ephemeral/martian_moons_data/Ma_xp_A1800_n60_r12_v00_90000_fof_0.0014_0000.hdf5,Parameters,group,,,EoS:planetary_use_HM80_rock,b'0'
Ma_xp_A1800_n60_r12_v00_90000_fof_0.0014_0000.hdf5,/rds/general/ephemeral/user/nny124/ephemeral/martian_moons_data/Ma_xp_A1800_n60_r12_v00_90000_fof_0.0014_0000.hdf5,Parameters,group,,,EoS:planetary_use_SESAME_basalt,b'0'
Ma_xp_A1800_n60_r12_v00_90000_fof_0.0014_0000.hdf5,/rds/general/ephemeral/user/nny124/ephemeral/martian_moons_data/Ma_xp_A1800_n60_r12_v00_90000_fof_0.0014_0000.hdf5,Parameters,group,,,EoS:planetary_use_SESAME_iron,b'0'
Ma_xp_A1800_n60_r12_v00_90000_fof_0.0014_0000.hdf5,/rds/general/ephemeral/user/nny124/ephemeral/martian_moons_data/Ma_xp_A1800_n60_r12_v00_90000_fof_0.0014_0000.hdf5,Parameters,group,,,EoS:planetary_use_SESAME_water,b'0'
Ma_xp_A1800_n60_r12_v00_90000_fof_0.0014_0000.hdf5,/rds/general/ephemeral/user/nny124/ephemeral/martian_moons_data/Ma_xp_A1800_n60_r12_v00_90000_fof_0.0014_0000.hdf5,Parameters,group,,,EoS:planetary_use_SS08_water,b'0'
Ma_xp_A1800_n60_r12_v00_90000_fof_0.0014_0000.hdf5,/rds/general/ephemeral/user/nny124/ephemeral/martian_moons_data/Ma_xp_A1800_n60_r12_v00_90000_fof_0.0014_0000.hdf5,Parameters,group,,,EoS:planetary_use_Til_basalt,b'0'
Ma_xp_A1800_n60_r12_v00_90000_fof_0.0014_0000.hdf5,/rds/general/ephemeral/user/nny124/ephemeral/martian_moons_data/Ma_xp_A1800_n60_r12_v00_90000_fof_0.0014_0000.hdf5,Parameters,group,,,EoS:planetary_use_Til_granite,b'0'
Ma_xp_A1800_n60_r12_v00_90000_fof_0.0014_0000.hdf5,/rds/general/ephemeral/user/nny124/ephemeral/martian_moons_data/Ma_xp_A1800_n60_r12_v00_90000_fof_0.0014_0000.hdf5,Parameters,group,,,EoS:planetary_use_Til_iron,b'0'
Ma_xp_A1800_n60_r12_v00_90000_fof_0.0014_0000.hdf5,/rds/general/ephemeral/user/nny124/ephemeral/martian_moons_data/Ma_xp_A1800_n60_r12_v00_90000_fof_0.0014_0000.hdf5,Parameters,group,,,EoS:planetary_use_Til_water,b'0'
Ma_xp_A1800_n60_r12_v00_90000_fof_0.0014_0000.hdf5,/rds/general/ephemeral/user/nny124/ephemeral/martian_moons_data/Ma_xp_A1800_n60_r12_v00_90000_fof_0.0014_0000.hdf5,Parameters,group,,,EoS:planetary_use_idg_def,b'0'
Ma_xp_A1800_n60_r12_v00_90000_fof_0.0014_0000.hdf5,/rds/general/ephemeral/user/nny124/ephemeral/martian_moons_data/Ma_xp_A1800_n60_r12_v00_90000_fof_0.0014_0000.hdf5,Parameters,group,,,FOF:absolute_linking_length,b'0.0014'
Ma_xp_A1800_n60_r12_v00_90000_fof_0.0014_0000.hdf5,/rds/general/ephemeral/user/nny124/ephemeral/martian_moons_data/Ma_xp_A1800_n60_r12_v00_90000_fof_0.0014_0000.hdf5,Parameters,group,,,FOF:basename,b'Ma_xp_A1800_n60_r12_v00_90000_fof_0.0014'
Ma_xp_A1800_n60_r12_v00_90000_fof_0.0014_0000.hdf5,/rds/general/ephemeral/user/nny124/ephemeral/martian_moons_data/Ma_xp_A1800_n60_r12_v00_90000_fof_0.0014_0000.hdf5,Parameters,group,,,FOF:delta_time,b'-1'
Ma_xp_A1800_n60_r12_v00_90000_fof_0.0014_0000.hdf5,/rds/general/ephemeral/user/nny124/ephemeral/martian_moons_data/Ma_xp_A1800_n60_r12_v00_90000_fof_0.0014_0000.hdf5,Parameters,group,,,FOF:dump_catalogue_when_seeding,b'0'
Ma_xp_A1800_n60_r12_v00_90000_fof_0.0014_0000.hdf5,/rds/general/ephemeral/user/nny124/ephemeral/martian_moons_data/Ma_xp_A1800_n60_r12_v00_90000_fof_0.0014_0000.hdf5,Parameters,group,,,FOF:group_id_default,b'2147483647'
Ma_xp_A1800_n60_r12_v00_90000_fof_0.0014_0000.hdf5,/rds/general/ephemeral/user/nny124/ephemeral/martian_moons_data/Ma_xp_A1800_n60_r12_v00_90000_fof_0.0014_0000.hdf5,Parameters,group,,,FOF:group_id_offset,b'0'
Ma_xp_A1800_n60_r12_v00_90000_fof_0.0014_0000.hdf5,/rds/general/ephemeral/user/nny124/ephemeral/martian_moons_data/Ma_xp_A1800_n60_r12_v00_90000_fof_0.0014_0000.hdf5,Parameters,group,,,FOF:linking_length_ratio,b'-1'
Ma_xp_A1800_n60_r12_v00_90000_fof_0.0014_0000.hdf5,/rds/general/ephemeral/user/nny124/ephemeral/martian_moons_data/Ma_xp_A1800_n60_r12_v00_90000_fof_0.0014_0000.hdf5,Parameters,group,,,FOF:min_group_size,b'20'
Ma_xp_A1800_n60_r12_v00_90000_fof_0.0014_0000.hdf5,/rds/general/ephemeral/user/nny124/ephemeral/martian_moons_data/Ma_xp_A1800_n60_r12_v00_90000_fof_0.0014_0000.hdf5,Parameters,group,,,FOF:scale_factor_first,b'0.1'
Ma_xp_A1800_n60_r12_v00_90000_fof_0.0014_0000.hdf5,/rds/general/ephemeral/user/nny124/ephemeral/martian_moons_data/Ma_xp_A1800_n60_r12_v00_90000_fof_0.0014_0000.hdf5,Parameters,group,,,FOF:seed_black_holes_enabled,b'0'
Ma_xp_A1800_n60_r12_v00_90000_fof_0.0014_0000.hdf5,/rds/general/ephemeral/user/nny124/ephemeral/martian_moons_data/Ma_xp_A1800_n60_r12_v00_90000_fof_0.0014_0000.hdf5,Parameters,group,,,FOF:time_first,b'0'
Ma_xp_A1800_n60_r12_v00_90000_fof_0.0014_0000.hdf5,/rds/general/ephemeral/user/nny124/ephemeral/martian_moons_data/Ma_xp_A1800_n60_r12_v00_90000_fof_0.0014_0000.hdf5,Parameters,group,,,Gravity:MAC,b'adaptive'
Ma_xp_A1800_n60_r12_v00_90000_fof_0.0014_0000.hdf5,/rds/general/ephemeral/user/nny124/ephemeral/martian_moons_data/Ma_xp_A1800_n60_r12_v00_90000_fof_0.0014_0000.hdf5,Parameters,group,,,Gravity:allow_truncation_in_MAC,b'0'
Ma_xp_A1800_n60_r12_v00_90000_fof_0.0014_0000.hdf5,/rds/general/ephemeral/user/nny124/ephemeral/martian_moons_data/Ma_xp_A1800_n60_r12_v00_90000_fof_0.0014_0000.hdf5,Parameters,group,,,Gravity:epsilon_fmm,b'0.001'
Ma_xp_A1800_n60_r12_v00_90000_fof_0.0014_0000.hdf5,/rds/general/ephemeral/user/nny124/ephemeral/martian_moons_data/Ma_xp_A1800_n60_r12_v00_90000_fof_0.0014_0000.hdf5,Parameters,group,,,Gravity:eta,b'0.025'
Ma_xp_A1800_n60_r12_v00_90000_fof_0.0014_0000.hdf5,/rds/general/ephemeral/user/nny124/ephemeral/martian_moons_data/Ma_xp_A1800_n60_r12_v00_90000_fof_0.0014_0000.hdf5,Parameters,group,,,Gravity:max_physical_baryon_softening,b'0.003'
Ma_xp_A1800_n60_r12_v00_90000_fof_0.0014_0000.hdf5,/rds/general/ephemeral/user/nny124/ephemeral/martian_moons_data/Ma_xp_A1800_n60_r12_v00_90000_fof_0.0014_0000.hdf5,Parameters,group,,,Gravity:rebuild_frequency,b'0.01'
Ma_xp_A1800_n60_r12_v00_90000_fof_0.0014_0000.hdf5,/rds/general/ephemeral/user/nny124/ephemeral/martian_moons_data/Ma_xp_A1800_n60_r12_v00_90000_fof_0.0014_0000.hdf5,Parameters,group,,,Gravity:theta_cr,b'0.5'
Ma_xp_A1800_n60_r12_v00_90000_fof_0.0014_0000.hdf5,/rds/general/ephemeral/user/nny124/ephemeral/martian_moons_data/Ma_xp_A1800_n60_r12_v00_90000_fof_0.0014_0000.hdf5,Parameters,group,,,Gravity:use_tree_below_softening,b'1'
Ma_xp_A1800_n60_r12_v00_90000_fof_0.0014_0000.hdf5,/rds/general/ephemeral/user/nny124/ephemeral/martian_moons_data/Ma_xp_A1800_n60_r12_v00_90000_fof_0.0014_0000.hdf5,Parameters,group,,,InitialConditions:black_holes_smoothing_length,b'-1'
Ma_xp_A1800_n60_r12_v00_90000_fof_0.0014_0000.hdf5,/rds/general/ephemeral/user/nny124/ephemeral/martian_moons_data/Ma_xp_A1800_n60_r12_v00_90000_fof_0.0014_0000.hdf5,Parameters,group,,,InitialConditions:cleanup_h_factors,b'0'
Ma_xp_A1800_n60_r12_v00_90000_fof_0.0014_0000.hdf5,/rds/general/ephemeral/user/nny124/ephemeral/martian_moons_data/Ma_xp_A1800_n60_r12_v00_90000_fof_0.0014_0000.hdf5,Parameters,group,,,InitialConditions:cleanup_smoothing_lengths,b'0'
Ma_xp_A1800_n60_r12_v00_90000_fof_0.0014_0000.hdf5,/rds/general/ephemeral/user/nny124/ephemeral/martian_moons_data/Ma_xp_A1800_n60_r12_v00_90000_fof_0.0014_0000.hdf5,Parameters,group,,,InitialConditions:cleanup_velocity_factors,b'0'
Ma_xp_A1800_n60_r12_v00_90000_fof_0.0014_0000.hdf5,/rds/general/ephemeral/user/nny124/ephemeral/martian_moons_data/Ma_xp_A1800_n60_r12_v00_90000_fof_0.0014_0000.hdf5,Parameters,group,,,InitialConditions:file_name,b'snapshots/Ma_xp_A1800_n60_r12_v00_90000_init.hdf5'
Ma_xp_A1800_n60_r12_v00_90000_fof_0.0014_0000.hdf5,/rds/general/ephemeral/user/nny124/ephemeral/martian_moons_data/Ma_xp_A1800_n60_r12_v00_90000_fof_0.0014_0000.hdf5,Parameters,group,,,InitialConditions:metadata_group_name,b'ICs_parameters'
Ma_xp_A1800_n60_r12_v00_90000_fof_0.0014_0000.hdf5,/rds/general/ephemeral/user/nny124/ephemeral/martian_moons_data/Ma_xp_A1800_n60_r12_v00_90000_fof_0.0014_0000.hdf5,Parameters,group,,,InitialConditions:periodic,b'0'
Ma_xp_A1800_n60_r12_v00_90000_fof_0.0014_0000.hdf5,/rds/general/ephemeral/user/nny124/ephemeral/martian_moons_data/Ma_xp_A1800_n60_r12_v00_90000_fof_0.0014_0000.hdf5,Parameters,group,,,InitialConditions:replicate,b'1'
Ma_xp_A1800_n60_r12_v00_90000_fof_0.0014_0000.hdf5,/rds/general/ephemeral/user/nny124/ephemeral/martian_moons_data/Ma_xp_A1800_n60_r12_v00_90000_fof_0.0014_0000.hdf5,Parameters,group,,,InitialConditions:shift,"b' [0, 0, 0]'"
Ma_xp_A1800_n60_r12_v00_90000_fof_0.0014_0000.hdf5,/rds/general/ephemeral/user/nny124/ephemeral/martian_moons_data/Ma_xp_A1800_n60_r12_v00_90000_fof_0.0014_0000.hdf5,Parameters,group,,,InitialConditions:smoothing_length_scaling,b'1'
Ma_xp_A1800_n60_r12_v00_90000_fof_0.0014_0000.hdf5,/rds/general/ephemeral/user/nny124/ephemeral/martian_moons_data/Ma_xp_A1800_n60_r12_v00_90000_fof_0.0014_0000.hdf5,Parameters,group,,,InitialConditions:stars_smoothing_length,b'-1'
Ma_xp_A1800_n60_r12_v00_90000_fof_0.0014_0000.hdf5,/rds/general/ephemeral/user/nny124/ephemeral/martian_moons_data/Ma_xp_A1800_n60_r12_v00_90000_fof_0.0014_0000.hdf5,Parameters,group,,,InternalUnitSystem:UnitCurrent_in_cgs,b'1'
Ma_xp_A1800_n60_r12_v00_90000_fof_0.0014_0000.hdf5,/rds/general/ephemeral/user/nny124/ephemeral/martian_moons_data/Ma_xp_A1800_n60_r12_v00_90000_fof_0.0014_0000.hdf5,Parameters,group,,,InternalUnitSystem:UnitLength_in_cgs,b'1.0e8'
Ma_xp_A1800_n60_r12_v00_90000_fof_0.0014_0000.hdf5,/rds/general/ephemeral/user/nny124/ephemeral/martian_moons_data/Ma_xp_A1800_n60_r12_v00_90000_fof_0.0014_0000.hdf5,Parameters,group,,,InternalUnitSystem:UnitMass_in_cgs,b'1.0e27'
Ma_xp_A1800_n60_r12_v00_90000_fof_0.0014_0000.hdf5,/rds/general/ephemeral/user/nny124/ephemeral/martian_moons_data/Ma_xp_A1800_n60_r12_v00_90000_fof_0.0014_0000.hdf5,Parameters,group,,,InternalUnitSystem:UnitTemp_in_cgs,b'1'
Ma_xp_A1800_n60_r12_v00_90000_fof_0.0014_0000.hdf5,/rds/general/ephemeral/user/nny124/ephemeral/martian_moons_data/Ma_xp_A1800_n60_r12_v00_90000_fof_0.0014_0000.hdf5,Parameters,group,,,InternalUnitSystem:UnitVelocity_in_cgs,b'1.0e8'
Ma_xp_A1800_n60_r12_v00_90000_fof_0.0014_0000.hdf5,/rds/general/ephemeral/user/nny124/ephemeral/martian_moons_data/Ma_xp_A1800_n60_r12_v00_90000_fof_0.0014_0000.hdf5,Parameters,group,,,MetaData:run_name,b'Untitled SWIFT simulation'
Ma_xp_A1800_n60_r12_v00_90000_fof_0.0014_0000.hdf5,/rds/general/ephemeral/user/nny124/ephemeral/martian_moons_data/Ma_xp_A1800_n60_r12_v00_90000_fof_0.0014_0000.hdf5,Parameters,group,,,PhysicalConstants:G,b'6.6743e-05'
Ma_xp_A1800_n60_r12_v00_90000_fof_0.0014_0000.hdf5,/rds/general/ephemeral/user/nny124/ephemeral/martian_moons_data/Ma_xp_A1800_n60_r12_v00_90000_fof_0.0014_0000.hdf5,Parameters,group,,,Scheduler:cell_extra_bparts,b'0'
Ma_xp_A1800_n60_r12_v00_90000_fof_0.0014_0000.hdf5,/rds/general/ephemeral/user/nny124/ephemeral/martian_moons_data/Ma_xp_A1800_n60_r12_v00_90000_fof_0.0014_0000.hdf5,Parameters,group,,,Scheduler:cell_extra_gparts,b'0'
Ma_xp_A1800_n60_r12_v00_90000_fof_0.0014_0000.hdf5,/rds/general/ephemeral/user/nny124/ephemeral/martian_moons_data/Ma_xp_A1800_n60_r12_v00_90000_fof_0.0014_0000.hdf5,Parameters,group,,,Scheduler:cell_extra_parts,b'0'
Ma_xp_A1800_n60_r12_v00_90000_fof_0.0014_0000.hdf5,/rds/general/ephemeral/user/nny124/ephemeral/martian_moons_data/Ma_xp_A1800_n60_r12_v00_90000_fof_0.0014_0000.hdf5,Parameters,group,,,Scheduler:cell_extra_sinks,b'0'
Ma_xp_A1800_n60_r12_v00_90000_fof_0.0014_0000.hdf5,/rds/general/ephemeral/user/nny124/ephemeral/martian_moons_data/Ma_xp_A1800_n60_r12_v00_90000_fof_0.0014_0000.hdf5,Parameters,group,,,Scheduler:cell_extra_sparts,b'100'
Ma_xp_A1800_n60_r12_v00_90000_fof_0.0014_0000.hdf5,/rds/general/ephemeral/user/nny124/ephemeral/martian_moons_data/Ma_xp_A1800_n60_r12_v00_90000_fof_0.0014_0000.hdf5,Parameters,group,,,Scheduler:cell_max_size,b'8000000'
Ma_xp_A1800_n60_r12_v00_90000_fof_0.0014_0000.hdf5,/rds/general/ephemeral/user/nny124/ephemeral/martian_moons_data/Ma_xp_A1800_n60_r12_v00_90000_fof_0.0014_0000.hdf5,Parameters,group,,,Scheduler:cell_recurse_size_pair_black_holes,b'100'
Ma_xp_A1800_n60_r12_v00_90000_fof_0.0014_0000.hdf5,/rds/general/ephemeral/user/nny124/ephemeral/martian_moons_data/Ma_xp_A1800_n60_r12_v00_90000_fof_0.0014_0000.hdf5,Parameters,group,,,Scheduler:cell_recurse_size_pair_hydro,b'100'
Ma_xp_A1800_n60_r12_v00_90000_fof_0.0014_0000.hdf5,/rds/general/ephemeral/user/nny124/ephemeral/martian_moons_data/Ma_xp_A1800_n60_r12_v00_90000_fof_0.0014_0000.hdf5,Parameters,group,,,Scheduler:cell_recurse_size_pair_sinks,b'100'
Ma_xp_A1800_n60_r12_v00_90000_fof_0.0014_0000.hdf5,/rds/general/ephemeral/user/nny124/ephemeral/martian_moons_data/Ma_xp_A1800_n60_r12_v00_90000_fof_0.0014_0000.hdf5,Parameters,group,,,Scheduler:cell_recurse_size_pair_stars,b'100'
Ma_xp_A1800_n60_r12_v00_90000_fof_0.0014_0000.hdf5,/rds/general/ephemeral/user/nny124/ephemeral/martian_moons_data/Ma_xp_A1800_n60_r12_v00_90000_fof_0.0014_0000.hdf5,Parameters,group,,,Scheduler:cell_recurse_size_self_black_holes,b'100'
Ma_xp_A1800_n60_r12_v00_90000_fof_0.0014_0000.hdf5,/rds/general/ephemeral/user/nny124/ephemeral/martian_moons_data/Ma_xp_A1800_n60_r12_v00_90000_fof_0.0014_0000.hdf5,Parameters,group,,,Scheduler:cell_recurse_size_self_hydro,b'100'
Ma_xp_A1800_n60_r12_v00_90000_fof_0.0014_0000.hdf5,/rds/general/ephemeral/user/nny124/ephemeral/martian_moons_data/Ma_xp_A1800_n60_r12_v00_90000_fof_0.0014_0000.hdf5,Parameters,group,,,Scheduler:cell_recurse_size_self_sinks,b'100'
Ma_xp_A1800_n60_r12_v00_90000_fof_0.0014_0000.hdf5,/rds/general/ephemeral/user/nny124/ephemeral/martian_moons_data/Ma_xp_A1800_n60_r12_v00_90000_fof_0.0014_0000.hdf5,Parameters,group,,,Scheduler:cell_recurse_size_self_stars,b'100'
Ma_xp_A1800_n60_r12_v00_90000_fof_0.0014_0000.hdf5,/rds/general/ephemeral/user/nny124/ephemeral/martian_moons_data/Ma_xp_A1800_n60_r12_v00_90000_fof_0.0014_0000.hdf5,Parameters,group,,,Scheduler:cell_split_size,b'400'
Ma_xp_A1800_n60_r12_v00_90000_fof_0.0014_0000.hdf5,/rds/general/ephemeral/user/nny124/ephemeral/martian_moons_data/Ma_xp_A1800_n60_r12_v00_90000_fof_0.0014_0000.hdf5,Parameters,group,,,Scheduler:cell_sub_size_pair_grav,b'2560000'
Ma_xp_A1800_n60_r12_v00_90000_fof_0.0014_0000.hdf5,/rds/general/ephemeral/user/nny124/ephemeral/martian_moons_data/Ma_xp_A1800_n60_r12_v00_90000_fof_0.0014_0000.hdf5,Parameters,group,,,Scheduler:cell_sub_size_pair_hydro,b'2560000'
Ma_xp_A1800_n60_r12_v00_90000_fof_0.0014_0000.hdf5,/rds/general/ephemeral/user/nny124/ephemeral/martian_moons_data/Ma_xp_A1800_n60_r12_v00_90000_fof_0.0014_0000.hdf5,Parameters,group,,,Scheduler:cell_sub_size_pair_stars,b'256000000'
Ma_xp_A1800_n60_r12_v00_90000_fof_0.0014_0000.hdf5,/rds/general/ephemeral/user/nny124/ephemeral/martian_moons_data/Ma_xp_A1800_n60_r12_v00_90000_fof_0.0014_0000.hdf5,Parameters,group,,,Scheduler:cell_sub_size_self_grav,b'3200'
Ma_xp_A1800_n60_r12_v00_90000_fof_0.0014_0000.hdf5,/rds/general/ephemeral/user/nny124/ephemeral/martian_moons_data/Ma_xp_A1800_n60_r12_v00_90000_fof_0.0014_0000.hdf5,Parameters,group,,,Scheduler:cell_sub_size_self_hydro,b'3200'
Ma_xp_A1800_n60_r12_v00_90000_fof_0.0014_0000.hdf5,/rds/general/ephemeral/user/nny124/ephemeral/martian_moons_data/Ma_xp_A1800_n60_r12_v00_90000_fof_0.0014_0000.hdf5,Parameters,group,,,Scheduler:cell_sub_size_self_stars,b'32000'
Ma_xp_A1800_n60_r12_v00_90000_fof_0.0014_0000.hdf5,/rds/general/ephemeral/user/nny124/ephemeral/martian_moons_data/Ma_xp_A1800_n60_r12_v00_90000_fof_0.0014_0000.hdf5,Parameters,group,,,Scheduler:cell_subdepth_diff_grav,b'2'
Ma_xp_A1800_n60_r12_v00_90000_fof_0.0014_0000.hdf5,/rds/general/ephemeral/user/nny124/ephemeral/martian_moons_data/Ma_xp_A1800_n60_r12_v00_90000_fof_0.0014_0000.hdf5,Parameters,group,,,Scheduler:dependency_graph_frequency,b'0'
Ma_xp_A1800_n60_r12_v00_90000_fof_0.0014_0000.hdf5,/rds/general/ephemeral/user/nny124/ephemeral/martian_moons_data/Ma_xp_A1800_n60_r12_v00_90000_fof_0.0014_0000.hdf5,Parameters,group,,,Scheduler:engine_max_parts_per_cooling,b'10000'
Ma_xp_A1800_n60_r12_v00_90000_fof_0.0014_0000.hdf5,/rds/general/ephemeral/user/nny124/ephemeral/martian_moons_data/Ma_xp_A1800_n60_r12_v00_90000_fof_0.0014_0000.hdf5,Parameters,group,,,Scheduler:engine_max_parts_per_ghost,b'100'
Ma_xp_A1800_n60_r12_v00_90000_fof_0.0014_0000.hdf5,/rds/general/ephemeral/user/nny124/ephemeral/martian_moons_data/Ma_xp_A1800_n60_r12_v00_90000_fof_0.0014_0000.hdf5,Parameters,group,,,Scheduler:engine_max_sparts_per_ghost,b'1000'
Ma_xp_A1800_n60_r12_v00_90000_fof_0.0014_0000.hdf5,/rds/general/ephemeral/user/nny124/ephemeral/martian_moons_data/Ma_xp_A1800_n60_r12_v00_90000_fof_0.0014_0000.hdf5,Parameters,group,,,Scheduler:links_per_tasks,b'25'
Ma_xp_A1800_n60_r12_v00_90000_fof_0.0014_0000.hdf5,/rds/general/ephemeral/user/nny124/ephemeral/martian_moons_data/Ma_xp_A1800_n60_r12_v00_90000_fof_0.0014_0000.hdf5,Parameters,group,,,Scheduler:max_top_level_cells,b'96'
Ma_xp_A1800_n60_r12_v00_90000_fof_0.0014_0000.hdf5,/rds/general/ephemeral/user/nny124/ephemeral/martian_moons_data/Ma_xp_A1800_n60_r12_v00_90000_fof_0.0014_0000.hdf5,Parameters,group,,,Scheduler:mpi_message_limit,b'4'
Ma_xp_A1800_n60_r12_v00_90000_fof_0.0014_0000.hdf5,/rds/general/ephemeral/user/nny124/ephemeral/martian_moons_data/Ma_xp_A1800_n60_r12_v00_90000_fof_0.0014_0000.hdf5,Parameters,group,,,Scheduler:nr_queues,b'4'
Ma_xp_A1800_n60_r12_v00_90000_fof_0.0014_0000.hdf5,/rds/general/ephemeral/user/nny124/ephemeral/martian_moons_data/Ma_xp_A1800_n60_r12_v00_90000_fof_0.0014_0000.hdf5,Parameters,group,,,Scheduler:task_level_output_frequency,b'0'
Ma_xp_A1800_n60_r12_v00_90000_fof_0.0014_0000.hdf5,/rds/general/ephemeral/user/nny124/ephemeral/martian_moons_data/Ma_xp_A1800_n60_r12_v00_90000_fof_0.0014_0000.hdf5,Parameters,group,,,Scheduler:tasks_per_cell,b'2.0'
Ma_xp_A1800_n60_r12_v00_90000_fof_0.0014_0000.hdf5,/rds/general/ephemeral/user/nny124/ephemeral/martian_moons_data/Ma_xp_A1800_n60_r12_v00_90000_fof_0.0014_0000.hdf5,Parameters,group,,,Snapshots:UnitCurrent_in_cgs,b'1'
Ma_xp_A1800_n60_r12_v00_90000_fof_0.0014_0000.hdf5,/rds/general/ephemeral/user/nny124/ephemeral/martian_moons_data/Ma_xp_A1800_n60_r12_v00_90000_fof_0.0014_0000.hdf5,Parameters,group,,,Snapshots:UnitLength_in_cgs,b'1e+08'
Ma_xp_A1800_n60_r12_v00_90000_fof_0.0014_0000.hdf5,/rds/general/ephemeral/user/nny124/ephemeral/martian_moons_data/Ma_xp_A1800_n60_r12_v00_90000_fof_0.0014_0000.hdf5,Parameters,group,,,Snapshots:UnitMass_in_cgs,b'1e+27'
Ma_xp_A1800_n60_r12_v00_90000_fof_0.0014_0000.hdf5,/rds/general/ephemeral/user/nny124/ephemeral/martian_moons_data/Ma_xp_A1800_n60_r12_v00_90000_fof_0.0014_0000.hdf5,Parameters,group,,,Snapshots:UnitTemp_in_cgs,b'1'
Ma_xp_A1800_n60_r12_v00_90000_fof_0.0014_0000.hdf5,/rds/general/ephemeral/user/nny124/ephemeral/martian_moons_data/Ma_xp_A1800_n60_r12_v00_90000_fof_0.0014_0000.hdf5,Parameters,group,,,Snapshots:UnitVelocity_in_cgs,b'1e+08'
Ma_xp_A1800_n60_r12_v00_90000_fof_0.0014_0000.hdf5,/rds/general/ephemeral/user/nny124/ephemeral/martian_moons_data/Ma_xp_A1800_n60_r12_v00_90000_fof_0.0014_0000.hdf5,Parameters,group,,,Snapshots:basename,b'snapshots/Ma_xp_A1800_n60_r12_v00_90000_fof_0.0014'
Ma_xp_A1800_n60_r12_v00_90000_fof_0.0014_0000.hdf5,/rds/general/ephemeral/user/nny124/ephemeral/martian_moons_data/Ma_xp_A1800_n60_r12_v00_90000_fof_0.0014_0000.hdf5,Parameters,group,,,Snapshots:compression,b'0'
Ma_xp_A1800_n60_r12_v00_90000_fof_0.0014_0000.hdf5,/rds/general/ephemeral/user/nny124/ephemeral/martian_moons_data/Ma_xp_A1800_n60_r12_v00_90000_fof_0.0014_0000.hdf5,Parameters,group,,,Snapshots:delta_time,b'1000'
Ma_xp_A1800_n60_r12_v00_90000_fof_0.0014_0000.hdf5,/rds/general/ephemeral/user/nny124/ephemeral/martian_moons_data/Ma_xp_A1800_n60_r12_v00_90000_fof_0.0014_0000.hdf5,Parameters,group,,,Snapshots:distributed,b'0'
Ma_xp_A1800_n60_r12_v00_90000_fof_0.0014_0000.hdf5,/rds/general/ephemeral/user/nny124/ephemeral/martian_moons_data/Ma_xp_A1800_n60_r12_v00_90000_fof_0.0014_0000.hdf5,Parameters,group,,,Snapshots:invoke_fof,b'0'
Ma_xp_A1800_n60_r12_v00_90000_fof_0.0014_0000.hdf5,/rds/general/ephemeral/user/nny124/ephemeral/martian_moons_data/Ma_xp_A1800_n60_r12_v00_90000_fof_0.0014_0000.hdf5,Parameters,group,,,Snapshots:invoke_stf,b'0'
Ma_xp_A1800_n60_r12_v00_90000_fof_0.0014_0000.hdf5,/rds/general/ephemeral/user/nny124/ephemeral/martian_moons_data/Ma_xp_A1800_n60_r12_v00_90000_fof_0.0014_0000.hdf5,Parameters,group,,,Snapshots:lustre_OST_count,b'0'
Ma_xp_A1800_n60_r12_v00_90000_fof_0.0014_0000.hdf5,/rds/general/ephemeral/user/nny124/ephemeral/martian_moons_data/Ma_xp_A1800_n60_r12_v00_90000_fof_0.0014_0000.hdf5,Parameters,group,,,Snapshots:run_on_dump,b'0'
Ma_xp_A1800_n60_r12_v00_90000_fof_0.0014_0000.hdf5,/rds/general/ephemeral/user/nny124/ephemeral/martian_moons_data/Ma_xp_A1800_n60_r12_v00_90000_fof_0.0014_0000.hdf5,Parameters,group,,,Snapshots:scale_factor_first,b'0.1'
Ma_xp_A1800_n60_r12_v00_90000_fof_0.0014_0000.hdf5,/rds/general/ephemeral/user/nny124/ephemeral/martian_moons_data/Ma_xp_A1800_n60_r12_v00_90000_fof_0.0014_0000.hdf5,Parameters,group,,,Snapshots:select_output,b'../select_output.yml'
Ma_xp_A1800_n60_r12_v00_90000_fof_0.0014_0000.hdf5,/rds/general/ephemeral/user/nny124/ephemeral/martian_moons_data/Ma_xp_A1800_n60_r12_v00_90000_fof_0.0014_0000.hdf5,Parameters,group,,,Snapshots:select_output_on,b'1'
Ma_xp_A1800_n60_r12_v00_90000_fof_0.0014_0000.hdf5,/rds/general/ephemeral/user/nny124/ephemeral/martian_moons_data/Ma_xp_A1800_n60_r12_v00_90000_fof_0.0014_0000.hdf5,Parameters,group,,,Snapshots:subdir,b'.'
Ma_xp_A1800_n60_r12_v00_90000_fof_0.0014_0000.hdf5,/rds/general/ephemeral/user/nny124/ephemeral/martian_moons_data/Ma_xp_A1800_n60_r12_v00_90000_fof_0.0014_0000.hdf5,Parameters,group,,,Snapshots:subsample,"b' [0, 0, 0, 0, 0, 0, 0]'"
Ma_xp_A1800_n60_r12_v00_90000_fof_0.0014_0000.hdf5,/rds/general/ephemeral/user/nny124/ephemeral/martian_moons_data/Ma_xp_A1800_n60_r12_v00_90000_fof_0.0014_0000.hdf5,Parameters,group,,,Snapshots:subsample_fraction,"b' [0, 0, 0, 0, 0, 0, 0]'"
Ma_xp_A1800_n60_r12_v00_90000_fof_0.0014_0000.hdf5,/rds/general/ephemeral/user/nny124/ephemeral/martian_moons_data/Ma_xp_A1800_n60_r12_v00_90000_fof_0.0014_0000.hdf5,Parameters,group,,,Snapshots:time_first,b'0'
Ma_xp_A1800_n60_r12_v00_90000_fof_0.0014_0000.hdf5,/rds/general/ephemeral/user/nny124/ephemeral/martian_moons_data/Ma_xp_A1800_n60_r12_v00_90000_fof_0.0014_0000.hdf5,Parameters,group,,,Snapshots:use_delta_from_edge,b'0'
Ma_xp_A1800_n60_r12_v00_90000_fof_0.0014_0000.hdf5,/rds/general/ephemeral/user/nny124/ephemeral/martian_moons_data/Ma_xp_A1800_n60_r12_v00_90000_fof_0.0014_0000.hdf5,Parameters,group,,,Statistics:delta_time,b'1000'
Ma_xp_A1800_n60_r12_v00_90000_fof_0.0014_0000.hdf5,/rds/general/ephemeral/user/nny124/ephemeral/martian_moons_data/Ma_xp_A1800_n60_r12_v00_90000_fof_0.0014_0000.hdf5,Parameters,group,,,Statistics:scale_factor_first,b'0.1'
Ma_xp_A1800_n60_r12_v00_90000_fof_0.0014_0000.hdf5,/rds/general/ephemeral/user/nny124/ephemeral/martian_moons_data/Ma_xp_A1800_n60_r12_v00_90000_fof_0.0014_0000.hdf5,Parameters,group,,,Statistics:time_first,b'0'
Ma_xp_A1800_n60_r12_v00_90000_fof_0.0014_0000.hdf5,/rds/general/ephemeral/user/nny124/ephemeral/martian_moons_data/Ma_xp_A1800_n60_r12_v00_90000_fof_0.0014_0000.hdf5,Parameters,group,,,TimeIntegration:dt_RMS_use_gas_only,b'0'
Ma_xp_A1800_n60_r12_v00_90000_fof_0.0014_0000.hdf5,/rds/general/ephemeral/user/nny124/ephemeral/martian_moons_data/Ma_xp_A1800_n60_r12_v00_90000_fof_0.0014_0000.hdf5,Parameters,group,,,TimeIntegration:dt_max,b'1000'
Ma_xp_A1800_n60_r12_v00_90000_fof_0.0014_0000.hdf5,/rds/general/ephemeral/user/nny124/ephemeral/martian_moons_data/Ma_xp_A1800_n60_r12_v00_90000_fof_0.0014_0000.hdf5,Parameters,group,,,TimeIntegration:dt_min,b'0.0001'
Ma_xp_A1800_n60_r12_v00_90000_fof_0.0014_0000.hdf5,/rds/general/ephemeral/user/nny124/ephemeral/martian_moons_data/Ma_xp_A1800_n60_r12_v00_90000_fof_0.0014_0000.hdf5,Parameters,group,,,TimeIntegration:max_dt_RMS_factor,b'0.25'
Ma_xp_A1800_n60_r12_v00_90000_fof_0.0014_0000.hdf5,/rds/general/ephemeral/user/nny124/ephemeral/martian_moons_data/Ma_xp_A1800_n60_r12_v00_90000_fof_0.0014_0000.hdf5,Parameters,group,,,TimeIntegration:time_begin,b'0'
Ma_xp_A1800_n60_r12_v00_90000_fof_0.0014_0000.hdf5,/rds/general/ephemeral/user/nny124/ephemeral/martian_moons_data/Ma_xp_A1800_n60_r12_v00_90000_fof_0.0014_0000.hdf5,Parameters,group,,,TimeIntegration:time_end,b'90000'
Ma_xp_A1800_n60_r12_v00_90000_fof_0.0014_0000.hdf5,/rds/general/ephemeral/user/nny124/ephemeral/martian_moons_data/Ma_xp_A1800_n60_r12_v00_90000_fof_0.0014_0000.hdf5,PartType0,group,,,NumberOfFields,[15]
Ma_xp_A1800_n60_r12_v00_90000_fof_0.0014_0000.hdf5,/rds/general/ephemeral/user/nny124/ephemeral/martian_moons_data/Ma_xp_A1800_n60_r12_v00_90000_fof_0.0014_0000.hdf5,PartType0,group,,,NumberOfParticles,[1002827]
Ma_xp_A1800_n60_r12_v00_90000_fof_0.0014_0000.hdf5,/rds/general/ephemeral/user/nny124/ephemeral/martian_moons_data/Ma_xp_A1800_n60_r12_v00_90000_fof_0.0014_0000.hdf5,PartType0/Coordinates,dataset,"(1002827, 3)",float64,Conversion factor to CGS (not including cosmological corrections),[1.e+08]
Ma_xp_A1800_n60_r12_v00_90000_fof_0.0014_0000.hdf5,/rds/general/ephemeral/user/nny124/ephemeral/martian_moons_data/Ma_xp_A1800_n60_r12_v00_90000_fof_0.0014_0000.hdf5,PartType0/Coordinates,dataset,"(1002827, 3)",float64,Conversion factor to physical CGS (including cosmological corrections),[1.e+08]
Ma_xp_A1800_n60_r12_v00_90000_fof_0.0014_0000.hdf5,/rds/general/ephemeral/user/nny124/ephemeral/martian_moons_data/Ma_xp_A1800_n60_r12_v00_90000_fof_0.0014_0000.hdf5,PartType0/Coordinates,dataset,"(1002827, 3)",float64,Description,b'Positions of the particles'
Ma_xp_A1800_n60_r12_v00_90000_fof_0.0014_0000.hdf5,/rds/general/ephemeral/user/nny124/ephemeral/martian_moons_data/Ma_xp_A1800_n60_r12_v00_90000_fof_0.0014_0000.hdf5,PartType0/Coordinates,dataset,"(1002827, 3)",float64,Expression for physical CGS units,b'a U_L  [ cm ]'
Ma_xp_A1800_n60_r12_v00_90000_fof_0.0014_0000.hdf5,/rds/general/ephemeral/user/nny124/ephemeral/martian_moons_data/Ma_xp_A1800_n60_r12_v00_90000_fof_0.0014_0000.hdf5,PartType0/Coordinates,dataset,"(1002827, 3)",float64,Lossy compression filter,b'None'
Ma_xp_A1800_n60_r12_v00_90000_fof_0.0014_0000.hdf5,/rds/general/ephemeral/user/nny124/ephemeral/martian_moons_data/Ma_xp_A1800_n60_r12_v00_90000_fof_0.0014_0000.hdf5,PartType0/Coordinates,dataset,"(1002827, 3)",float64,U_I exponent,[0.]
Ma_xp_A1800_n60_r12_v00_90000_fof_0.0014_0000.hdf5,/rds/general/ephemeral/user/nny124/ephemeral/martian_moons_data/Ma_xp_A1800_n60_r12_v00_90000_fof_0.0014_0000.hdf5,PartType0/Coordinates,dataset,"(1002827, 3)",float64,U_L exponent,[1.]
Ma_xp_A1800_n60_r12_v00_90000_fof_0.0014_0000.hdf5,/rds/general/ephemeral/user/nny124/ephemeral/martian_moons_data/Ma_xp_A1800_n60_r12_v00_90000_fof_0.0014_0000.hdf5,PartType0/Coordinates,dataset,"(1002827, 3)",float64,U_M exponent,[0.]
Ma_xp_A1800_n60_r12_v00_90000_fof_0.0014_0000.hdf5,/rds/general/ephemeral/user/nny124/ephemeral/martian_moons_data/Ma_xp_A1800_n60_r12_v00_90000_fof_0.0014_0000.hdf5,PartType0/Coordinates,dataset,"(1002827, 3)",float64,U_T exponent,[0.]
Ma_xp_A1800_n60_r12_v00_90000_fof_0.0014_0000.hdf5,/rds/general/ephemeral/user/nny124/ephemeral/martian_moons_data/Ma_xp_A1800_n60_r12_v00_90000_fof_0.0014_0000.hdf5,PartType0/Coordinates,dataset,"(1002827, 3)",float64,U_t exponent,[0.]
Ma_xp_A1800_n60_r12_v00_90000_fof_0.0014_0000.hdf5,/rds/general/ephemeral/user/nny124/ephemeral/martian_moons_data/Ma_xp_A1800_n60_r12_v00_90000_fof_0.0014_0000.hdf5,PartType0/Coordinates,dataset,"(1002827, 3)",float64,a-scale exponent,[1.]
Ma_xp_A1800_n60_r12_v00_90000_fof_0.0014_0000.hdf5,/rds/general/ephemeral/user/nny124/ephemeral/martian_moons_data/Ma_xp_A1800_n60_r12_v00_90000_fof_0.0014_0000.hdf5,PartType0/Coordinates,dataset,"(1002827, 3)",float64,h-scale exponent,[0.]
Ma_xp_A1800_n60_r12_v00_90000_fof_0.0014_0000.hdf5,/rds/general/ephemeral/user/nny124/ephemeral/martian_moons_data/Ma_xp_A1800_n60_r12_v00_90000_fof_0.0014_0000.hdf5,PartType0/Densities,dataset,"(1002827,)",float32,Conversion factor to CGS (not including cosmological corrections),[1000.]
Ma_xp_A1800_n60_r12_v00_90000_fof_0.0014_0000.hdf5,/rds/general/ephemeral/user/nny124/ephemeral/martian_moons_data/Ma_xp_A1800_n60_r12_v00_90000_fof_0.0014_0000.hdf5,PartType0/Densities,dataset,"(1002827,)",float32,Conversion factor to physical CGS (including cosmological corrections),[1000.]
Ma_xp_A1800_n60_r12_v00_90000_fof_0.0014_0000.hdf5,/rds/general/ephemeral/user/nny124/ephemeral/martian_moons_data/Ma_xp_A1800_n60_r12_v00_90000_fof_0.0014_0000.hdf5,PartType0/Densities,dataset,"(1002827,)",float32,Description,b'Densities of the particles'
Ma_xp_A1800_n60_r12_v00_90000_fof_0.0014_0000.hdf5,/rds/general/ephemeral/user/nny124/ephemeral/martian_moons_data/Ma_xp_A1800_n60_r12_v00_90000_fof_0.0014_0000.hdf5,PartType0/Densities,dataset,"(1002827,)",float32,Expression for physical CGS units,b'a^-3 U_M U_L^-3  [ g cm^-3 ]'
Ma_xp_A1800_n60_r12_v00_90000_fof_0.0014_0000.hdf5,/rds/general/ephemeral/user/nny124/ephemeral/martian_moons_data/Ma_xp_A1800_n60_r12_v00_90000_fof_0.0014_0000.hdf5,PartType0/Densities,dataset,"(1002827,)",float32,Lossy compression filter,b'None'
Ma_xp_A1800_n60_r12_v00_90000_fof_0.0014_0000.hdf5,/rds/general/ephemeral/user/nny124/ephemeral/martian_moons_data/Ma_xp_A1800_n60_r12_v00_90000_fof_0.0014_0000.hdf5,PartType0/Densities,dataset,"(1002827,)",float32,U_I exponent,[0.]
Ma_xp_A1800_n60_r12_v00_90000_fof_0.0014_0000.hdf5,/rds/general/ephemeral/user/nny124/ephemeral/martian_moons_data/Ma_xp_A1800_n60_r12_v00_90000_fof_0.0014_0000.hdf5,PartType0/Densities,dataset,"(1002827,)",float32,U_L exponent,[-3.]
Ma_xp_A1800_n60_r12_v00_90000_fof_0.0014_0000.hdf5,/rds/general/ephemeral/user/nny124/ephemeral/martian_moons_data/Ma_xp_A1800_n60_r12_v00_90000_fof_0.0014_0000.hdf5,PartType0/Densities,dataset,"(1002827,)",float32,U_M exponent,[1.]
Ma_xp_A1800_n60_r12_v00_90000_fof_0.0014_0000.hdf5,/rds/general/ephemeral/user/nny124/ephemeral/martian_moons_data/Ma_xp_A1800_n60_r12_v00_90000_fof_0.0014_0000.hdf5,PartType0/Densities,dataset,"(1002827,)",float32,U_T exponent,[0.]
Ma_xp_A1800_n60_r12_v00_90000_fof_0.0014_0000.hdf5,/rds/general/ephemeral/user/nny124/ephemeral/martian_moons_data/Ma_xp_A1800_n60_r12_v00_90000_fof_0.0014_0000.hdf5,PartType0/Densities,dataset,"(1002827,)",float32,U_t exponent,[0.]
Ma_xp_A1800_n60_r12_v00_90000_fof_0.0014_0000.hdf5,/rds/general/ephemeral/user/nny124/ephemeral/martian_moons_data/Ma_xp_A1800_n60_r12_v00_90000_fof_0.0014_0000.hdf5,PartType0/Densities,dataset,"(1002827,)",float32,a-scale exponent,[-3.]
Ma_xp_A1800_n60_r12_v00_90000_fof_0.0014_0000.hdf5,/rds/general/ephemeral/user/nny124/ephemeral/martian_moons_data/Ma_xp_A1800_n60_r12_v00_90000_fof_0.0014_0000.hdf5,PartType0/Densities,dataset,"(1002827,)",float32,h-scale exponent,[0.]
Ma_xp_A1800_n60_r12_v00_90000_fof_0.0014_0000.hdf5,/rds/general/ephemeral/user/nny124/ephemeral/martian_moons_data/Ma_xp_A1800_n60_r12_v00_90000_fof_0.0014_0000.hdf5,PartType0/Entropies,dataset,"(1002827,)",float32,Conversion factor to CGS (not including cosmological corrections),[1.00000247e+14]
Ma_xp_A1800_n60_r12_v00_90000_fof_0.0014_0000.hdf5,/rds/general/ephemeral/user/nny124/ephemeral/martian_moons_data/Ma_xp_A1800_n60_r12_v00_90000_fof_0.0014_0000.hdf5,PartType0/Entropies,dataset,"(1002827,)",float32,Conversion factor to physical CGS (including cosmological corrections),[1.00000247e+14]
Ma_xp_A1800_n60_r12_v00_90000_fof_0.0014_0000.hdf5,/rds/general/ephemeral/user/nny124/ephemeral/martian_moons_data/Ma_xp_A1800_n60_r12_v00_90000_fof_0.0014_0000.hdf5,PartType0/Entropies,dataset,"(1002827,)",float32,Description,b'Entropies per unit mass of the particles'
Ma_xp_A1800_n60_r12_v00_90000_fof_0.0014_0000.hdf5,/rds/general/ephemeral/user/nny124/ephemeral/martian_moons_data/Ma_xp_A1800_n60_r12_v00_90000_fof_0.0014_0000.hdf5,PartType0/Entropies,dataset,"(1002827,)",float32,Expression for physical CGS units,b'U_M^-0.6667 U_L^4 U_t^-2  [ g^-0.6667 cm^4 s^-2 ]'
Ma_xp_A1800_n60_r12_v00_90000_fof_0.0014_0000.hdf5,/rds/general/ephemeral/user/nny124/ephemeral/martian_moons_data/Ma_xp_A1800_n60_r12_v00_90000_fof_0.0014_0000.hdf5,PartType0/Entropies,dataset,"(1002827,)",float32,Lossy compression filter,b'None'
Ma_xp_A1800_n60_r12_v00_90000_fof_0.0014_0000.hdf5,/rds/general/ephemeral/user/nny124/ephemeral/martian_moons_data/Ma_xp_A1800_n60_r12_v00_90000_fof_0.0014_0000.hdf5,PartType0/Entropies,dataset,"(1002827,)",float32,U_I exponent,[0.]
Ma_xp_A1800_n60_r12_v00_90000_fof_0.0014_0000.hdf5,/rds/general/ephemeral/user/nny124/ephemeral/martian_moons_data/Ma_xp_A1800_n60_r12_v00_90000_fof_0.0014_0000.hdf5,PartType0/Entropies,dataset,"(1002827,)",float32,U_L exponent,[4.]
Ma_xp_A1800_n60_r12_v00_90000_fof_0.0014_0000.hdf5,/rds/general/ephemeral/user/nny124/ephemeral/martian_moons_data/Ma_xp_A1800_n60_r12_v00_90000_fof_0.0014_0000.hdf5,PartType0/Entropies,dataset,"(1002827,)",float32,U_M exponent,[-0.6666666]
Ma_xp_A1800_n60_r12_v00_90000_fof_0.0014_0000.hdf5,/rds/general/ephemeral/user/nny124/ephemeral/martian_moons_data/Ma_xp_A1800_n60_r12_v00_90000_fof_0.0014_0000.hdf5,PartType0/Entropies,dataset,"(1002827,)",float32,U_T exponent,[0.]
Ma_xp_A1800_n60_r12_v00_90000_fof_0.0014_0000.hdf5,/rds/general/ephemeral/user/nny124/ephemeral/martian_moons_data/Ma_xp_A1800_n60_r12_v00_90000_fof_0.0014_0000.hdf5,PartType0/Entropies,dataset,"(1002827,)",float32,U_t exponent,[-2.]
Ma_xp_A1800_n60_r12_v00_90000_fof_0.0014_0000.hdf5,/rds/general/ephemeral/user/nny124/ephemeral/martian_moons_data/Ma_xp_A1800_n60_r12_v00_90000_fof_0.0014_0000.hdf5,PartType0/Entropies,dataset,"(1002827,)",float32,a-scale exponent,[0.]
Ma_xp_A1800_n60_r12_v00_90000_fof_0.0014_0000.hdf5,/rds/general/ephemeral/user/nny124/ephemeral/martian_moons_data/Ma_xp_A1800_n60_r12_v00_90000_fof_0.0014_0000.hdf5,PartType0/Entropies,dataset,"(1002827,)",float32,h-scale exponent,[0.]
Ma_xp_A1800_n60_r12_v00_90000_fof_0.0014_0000.hdf5,/rds/general/ephemeral/user/nny124/ephemeral/martian_moons_data/Ma_xp_A1800_n60_r12_v00_90000_fof_0.0014_0000.hdf5,PartType0/FOFGroupIDs,dataset,"(1002827,)",int64,Conversion factor to CGS (not including cosmological corrections),[1.]
Ma_xp_A1800_n60_r12_v00_90000_fof_0.0014_0000.hdf5,/rds/general/ephemeral/user/nny124/ephemeral/martian_moons_data/Ma_xp_A1800_n60_r12_v00_90000_fof_0.0014_0000.hdf5,PartType0/FOFGroupIDs,dataset,"(1002827,)",int64,Conversion factor to physical CGS (including cosmological corrections),[1.]
Ma_xp_A1800_n60_r12_v00_90000_fof_0.0014_0000.hdf5,/rds/general/ephemeral/user/nny124/ephemeral/martian_moons_data/Ma_xp_A1800_n60_r12_v00_90000_fof_0.0014_0000.hdf5,PartType0/FOFGroupIDs,dataset,"(1002827,)",int64,Description,b'Friends-Of-Friends ID of the group the particles belong to'
Ma_xp_A1800_n60_r12_v00_90000_fof_0.0014_0000.hdf5,/rds/general/ephemeral/user/nny124/ephemeral/martian_moons_data/Ma_xp_A1800_n60_r12_v00_90000_fof_0.0014_0000.hdf5,PartType0/FOFGroupIDs,dataset,"(1002827,)",int64,Expression for physical CGS units,b'[ - ] '
Ma_xp_A1800_n60_r12_v00_90000_fof_0.0014_0000.hdf5,/rds/general/ephemeral/user/nny124/ephemeral/martian_moons_data/Ma_xp_A1800_n60_r12_v00_90000_fof_0.0014_0000.hdf5,PartType0/FOFGroupIDs,dataset,"(1002827,)",int64,Lossy compression filter,b'None'
Ma_xp_A1800_n60_r12_v00_90000_fof_0.0014_0000.hdf5,/rds/general/ephemeral/user/nny124/ephemeral/martian_moons_data/Ma_xp_A1800_n60_r12_v00_90000_fof_0.0014_0000.hdf5,PartType0/FOFGroupIDs,dataset,"(1002827,)",int64,U_I exponent,[0.]
Ma_xp_A1800_n60_r12_v00_90000_fof_0.0014_0000.hdf5,/rds/general/ephemeral/user/nny124/ephemeral/martian_moons_data/Ma_xp_A1800_n60_r12_v00_90000_fof_0.0014_0000.hdf5,PartType0/FOFGroupIDs,dataset,"(1002827,)",int64,U_L exponent,[0.]
Ma_xp_A1800_n60_r12_v00_90000_fof_0.0014_0000.hdf5,/rds/general/ephemeral/user/nny124/ephemeral/martian_moons_data/Ma_xp_A1800_n60_r12_v00_90000_fof_0.0014_0000.hdf5,PartType0/FOFGroupIDs,dataset,"(1002827,)",int64,U_M exponent,[0.]
Ma_xp_A1800_n60_r12_v00_90000_fof_0.0014_0000.hdf5,/rds/general/ephemeral/user/nny124/ephemeral/martian_moons_data/Ma_xp_A1800_n60_r12_v00_90000_fof_0.0014_0000.hdf5,PartType0/FOFGroupIDs,dataset,"(1002827,)",int64,U_T exponent,[0.]
Ma_xp_A1800_n60_r12_v00_90000_fof_0.0014_0000.hdf5,/rds/general/ephemeral/user/nny124/ephemeral/martian_moons_data/Ma_xp_A1800_n60_r12_v00_90000_fof_0.0014_0000.hdf5,PartType0/FOFGroupIDs,dataset,"(1002827,)",int64,U_t exponent,[0.]
Ma_xp_A1800_n60_r12_v00_90000_fof_0.0014_0000.hdf5,/rds/general/ephemeral/user/nny124/ephemeral/martian_moons_data/Ma_xp_A1800_n60_r12_v00_90000_fof_0.0014_0000.hdf5,PartType0/FOFGroupIDs,dataset,"(1002827,)",int64,a-scale exponent,[0.]
Ma_xp_A1800_n60_r12_v00_90000_fof_0.0014_0000.hdf5,/rds/general/ephemeral/user/nny124/ephemeral/martian_moons_data/Ma_xp_A1800_n60_r12_v00_90000_fof_0.0014_0000.hdf5,PartType0/FOFGroupIDs,dataset,"(1002827,)",int64,h-scale exponent,[0.]
Ma_xp_A1800_n60_r12_v00_90000_fof_0.0014_0000.hdf5,/rds/general/ephemeral/user/nny124/ephemeral/martian_moons_data/Ma_xp_A1800_n60_r12_v00_90000_fof_0.0014_0000.hdf5,PartType0/InternalEnergies,dataset,"(1002827,)",float32,Conversion factor to CGS (not including cosmological corrections),[1.e+16]
Ma_xp_A1800_n60_r12_v00_90000_fof_0.0014_0000.hdf5,/rds/general/ephemeral/user/nny124/ephemeral/martian_moons_data/Ma_xp_A1800_n60_r12_v00_90000_fof_0.0014_0000.hdf5,PartType0/InternalEnergies,dataset,"(1002827,)",float32,Conversion factor to physical CGS (including cosmological corrections),[1.e+16]
Ma_xp_A1800_n60_r12_v00_90000_fof_0.0014_0000.hdf5,/rds/general/ephemeral/user/nny124/ephemeral/martian_moons_data/Ma_xp_A1800_n60_r12_v00_90000_fof_0.0014_0000.hdf5,PartType0/InternalEnergies,dataset,"(1002827,)",float32,Description,b'Thermal energies per unit mass of the particles'
Ma_xp_A1800_n60_r12_v00_90000_fof_0.0014_0000.hdf5,/rds/general/ephemeral/user/nny124/ephemeral/martian_moons_data/Ma_xp_A1800_n60_r12_v00_90000_fof_0.0014_0000.hdf5,PartType0/InternalEnergies,dataset,"(1002827,)",float32,Expression for physical CGS units,b'a^-2 U_L^2 U_t^-2  [ cm^2 s^-2 ]'
Ma_xp_A1800_n60_r12_v00_90000_fof_0.0014_0000.hdf5,/rds/general/ephemeral/user/nny124/ephemeral/martian_moons_data/Ma_xp_A1800_n60_r12_v00_90000_fof_0.0014_0000.hdf5,PartType0/InternalEnergies,dataset,"(1002827,)",float32,Lossy compression filter,b'None'
Ma_xp_A1800_n60_r12_v00_90000_fof_0.0014_0000.hdf5,/rds/general/ephemeral/user/nny124/ephemeral/martian_moons_data/Ma_xp_A1800_n60_r12_v00_90000_fof_0.0014_0000.hdf5,PartType0/InternalEnergies,dataset,"(1002827,)",float32,U_I exponent,[0.]
Ma_xp_A1800_n60_r12_v00_90000_fof_0.0014_0000.hdf5,/rds/general/ephemeral/user/nny124/ephemeral/martian_moons_data/Ma_xp_A1800_n60_r12_v00_90000_fof_0.0014_0000.hdf5,PartType0/InternalEnergies,dataset,"(1002827,)",float32,U_L exponent,[2.]
Ma_xp_A1800_n60_r12_v00_90000_fof_0.0014_0000.hdf5,/rds/general/ephemeral/user/nny124/ephemeral/martian_moons_data/Ma_xp_A1800_n60_r12_v00_90000_fof_0.0014_0000.hdf5,PartType0/InternalEnergies,dataset,"(1002827,)",float32,U_M exponent,[0.]
Ma_xp_A1800_n60_r12_v00_90000_fof_0.0014_0000.hdf5,/rds/general/ephemeral/user/nny124/ephemeral/martian_moons_data/Ma_xp_A1800_n60_r12_v00_90000_fof_0.0014_0000.hdf5,PartType0/InternalEnergies,dataset,"(1002827,)",float32,U_T exponent,[0.]
Ma_xp_A1800_n60_r12_v00_90000_fof_0.0014_0000.hdf5,/rds/general/ephemeral/user/nny124/ephemeral/martian_moons_data/Ma_xp_A1800_n60_r12_v00_90000_fof_0.0014_0000.hdf5,PartType0/InternalEnergies,dataset,"(1002827,)",float32,U_t exponent,[-2.]
Ma_xp_A1800_n60_r12_v00_90000_fof_0.0014_0000.hdf5,/rds/general/ephemeral/user/nny124/ephemeral/martian_moons_data/Ma_xp_A1800_n60_r12_v00_90000_fof_0.0014_0000.hdf5,PartType0/InternalEnergies,dataset,"(1002827,)",float32,a-scale exponent,[-2.]
Ma_xp_A1800_n60_r12_v00_90000_fof_0.0014_0000.hdf5,/rds/general/ephemeral/user/nny124/ephemeral/martian_moons_data/Ma_xp_A1800_n60_r12_v00_90000_fof_0.0014_0000.hdf5,PartType0/InternalEnergies,dataset,"(1002827,)",float32,h-scale exponent,[0.]
Ma_xp_A1800_n60_r12_v00_90000_fof_0.0014_0000.hdf5,/rds/general/ephemeral/user/nny124/ephemeral/martian_moons_data/Ma_xp_A1800_n60_r12_v00_90000_fof_0.0014_0000.hdf5,PartType0/Masses,dataset,"(1002827,)",float32,Conversion factor to CGS (not including cosmological corrections),[1.e+27]
Ma_xp_A1800_n60_r12_v00_90000_fof_0.0014_0000.hdf5,/rds/general/ephemeral/user/nny124/ephemeral/martian_moons_data/Ma_xp_A1800_n60_r12_v00_90000_fof_0.0014_0000.hdf5,PartType0/Masses,dataset,"(1002827,)",float32,Conversion factor to physical CGS (including cosmological corrections),[1.e+27]
Ma_xp_A1800_n60_r12_v00_90000_fof_0.0014_0000.hdf5,/rds/general/ephemeral/user/nny124/ephemeral/martian_moons_data/Ma_xp_A1800_n60_r12_v00_90000_fof_0.0014_0000.hdf5,PartType0/Masses,dataset,"(1002827,)",float32,Description,b'Masses of the particles'
Ma_xp_A1800_n60_r12_v00_90000_fof_0.0014_0000.hdf5,/rds/general/ephemeral/user/nny124/ephemeral/martian_moons_data/Ma_xp_A1800_n60_r12_v00_90000_fof_0.0014_0000.hdf5,PartType0/Masses,dataset,"(1002827,)",float32,Expression for physical CGS units,b'U_M  [ g ]'
Ma_xp_A1800_n60_r12_v00_90000_fof_0.0014_0000.hdf5,/rds/general/ephemeral/user/nny124/ephemeral/martian_moons_data/Ma_xp_A1800_n60_r12_v00_90000_fof_0.0014_0000.hdf5,PartType0/Masses,dataset,"(1002827,)",float32,Lossy compression filter,b'None'
Ma_xp_A1800_n60_r12_v00_90000_fof_0.0014_0000.hdf5,/rds/general/ephemeral/user/nny124/ephemeral/martian_moons_data/Ma_xp_A1800_n60_r12_v00_90000_fof_0.0014_0000.hdf5,PartType0/Masses,dataset,"(1002827,)",float32,U_I exponent,[0.]
Ma_xp_A1800_n60_r12_v00_90000_fof_0.0014_0000.hdf5,/rds/general/ephemeral/user/nny124/ephemeral/martian_moons_data/Ma_xp_A1800_n60_r12_v00_90000_fof_0.0014_0000.hdf5,PartType0/Masses,dataset,"(1002827,)",float32,U_L exponent,[0.]
Ma_xp_A1800_n60_r12_v00_90000_fof_0.0014_0000.hdf5,/rds/general/ephemeral/user/nny124/ephemeral/martian_moons_data/Ma_xp_A1800_n60_r12_v00_90000_fof_0.0014_0000.hdf5,PartType0/Masses,dataset,"(1002827,)",float32,U_M exponent,[1.]
Ma_xp_A1800_n60_r12_v00_90000_fof_0.0014_0000.hdf5,/rds/general/ephemeral/user/nny124/ephemeral/martian_moons_data/Ma_xp_A1800_n60_r12_v00_90000_fof_0.0014_0000.hdf5,PartType0/Masses,dataset,"(1002827,)",float32,U_T exponent,[0.]
Ma_xp_A1800_n60_r12_v00_90000_fof_0.0014_0000.hdf5,/rds/general/ephemeral/user/nny124/ephemeral/martian_moons_data/Ma_xp_A1800_n60_r12_v00_90000_fof_0.0014_0000.hdf5,PartType0/Masses,dataset,"(1002827,)",float32,U_t exponent,[0.]
Ma_xp_A1800_n60_r12_v00_90000_fof_0.0014_0000.hdf5,/rds/general/ephemeral/user/nny124/ephemeral/martian_moons_data/Ma_xp_A1800_n60_r12_v00_90000_fof_0.0014_0000.hdf5,PartType0/Masses,dataset,"(1002827,)",float32,a-scale exponent,[0.]
Ma_xp_A1800_n60_r12_v00_90000_fof_0.0014_0000.hdf5,/rds/general/ephemeral/user/nny124/ephemeral/martian_moons_data/Ma_xp_A1800_n60_r12_v00_90000_fof_0.0014_0000.hdf5,PartType0/Masses,dataset,"(1002827,)",float32,h-scale exponent,[0.]
Ma_xp_A1800_n60_r12_v00_90000_fof_0.0014_0000.hdf5,/rds/general/ephemeral/user/nny124/ephemeral/martian_moons_data/Ma_xp_A1800_n60_r12_v00_90000_fof_0.0014_0000.hdf5,PartType0/MaterialIDs,dataset,"(1002827,)",int32,Conversion factor to CGS (not including cosmological corrections),[1.]
Ma_xp_A1800_n60_r12_v00_90000_fof_0.0014_0000.hdf5,/rds/general/ephemeral/user/nny124/ephemeral/martian_moons_data/Ma_xp_A1800_n60_r12_v00_90000_fof_0.0014_0000.hdf5,PartType0/MaterialIDs,dataset,"(1002827,)",int32,Conversion factor to physical CGS (including cosmological corrections),[1.]
Ma_xp_A1800_n60_r12_v00_90000_fof_0.0014_0000.hdf5,/rds/general/ephemeral/user/nny124/ephemeral/martian_moons_data/Ma_xp_A1800_n60_r12_v00_90000_fof_0.0014_0000.hdf5,PartType0/MaterialIDs,dataset,"(1002827,)",int32,Description,b'Material IDs of the particles'
Ma_xp_A1800_n60_r12_v00_90000_fof_0.0014_0000.hdf5,/rds/general/ephemeral/user/nny124/ephemeral/martian_moons_data/Ma_xp_A1800_n60_r12_v00_90000_fof_0.0014_0000.hdf5,PartType0/MaterialIDs,dataset,"(1002827,)",int32,Expression for physical CGS units,b'[ - ] '
Ma_xp_A1800_n60_r12_v00_90000_fof_0.0014_0000.hdf5,/rds/general/ephemeral/user/nny124/ephemeral/martian_moons_data/Ma_xp_A1800_n60_r12_v00_90000_fof_0.0014_0000.hdf5,PartType0/MaterialIDs,dataset,"(1002827,)",int32,Lossy compression filter,b'None'
Ma_xp_A1800_n60_r12_v00_90000_fof_0.0014_0000.hdf5,/rds/general/ephemeral/user/nny124/ephemeral/martian_moons_data/Ma_xp_A1800_n60_r12_v00_90000_fof_0.0014_0000.hdf5,PartType0/MaterialIDs,dataset,"(1002827,)",int32,U_I exponent,[0.]
Ma_xp_A1800_n60_r12_v00_90000_fof_0.0014_0000.hdf5,/rds/general/ephemeral/user/nny124/ephemeral/martian_moons_data/Ma_xp_A1800_n60_r12_v00_90000_fof_0.0014_0000.hdf5,PartType0/MaterialIDs,dataset,"(1002827,)",int32,U_L exponent,[0.]
Ma_xp_A1800_n60_r12_v00_90000_fof_0.0014_0000.hdf5,/rds/general/ephemeral/user/nny124/ephemeral/martian_moons_data/Ma_xp_A1800_n60_r12_v00_90000_fof_0.0014_0000.hdf5,PartType0/MaterialIDs,dataset,"(1002827,)",int32,U_M exponent,[0.]
Ma_xp_A1800_n60_r12_v00_90000_fof_0.0014_0000.hdf5,/rds/general/ephemeral/user/nny124/ephemeral/martian_moons_data/Ma_xp_A1800_n60_r12_v00_90000_fof_0.0014_0000.hdf5,PartType0/MaterialIDs,dataset,"(1002827,)",int32,U_T exponent,[0.]
Ma_xp_A1800_n60_r12_v00_90000_fof_0.0014_0000.hdf5,/rds/general/ephemeral/user/nny124/ephemeral/martian_moons_data/Ma_xp_A1800_n60_r12_v00_90000_fof_0.0014_0000.hdf5,PartType0/MaterialIDs,dataset,"(1002827,)",int32,U_t exponent,[0.]
Ma_xp_A1800_n60_r12_v00_90000_fof_0.0014_0000.hdf5,/rds/general/ephemeral/user/nny124/ephemeral/martian_moons_data/Ma_xp_A1800_n60_r12_v00_90000_fof_0.0014_0000.hdf5,PartType0/MaterialIDs,dataset,"(1002827,)",int32,a-scale exponent,[0.]
Ma_xp_A1800_n60_r12_v00_90000_fof_0.0014_0000.hdf5,/rds/general/ephemeral/user/nny124/ephemeral/martian_moons_data/Ma_xp_A1800_n60_r12_v00_90000_fof_0.0014_0000.hdf5,PartType0/MaterialIDs,dataset,"(1002827,)",int32,h-scale exponent,[0.]
Ma_xp_A1800_n60_r12_v00_90000_fof_0.0014_0000.hdf5,/rds/general/ephemeral/user/nny124/ephemeral/martian_moons_data/Ma_xp_A1800_n60_r12_v00_90000_fof_0.0014_0000.hdf5,PartType0/ParticleIDs,dataset,"(1002827,)",uint64,Conversion factor to CGS (not including cosmological corrections),[1.]
Ma_xp_A1800_n60_r12_v00_90000_fof_0.0014_0000.hdf5,/rds/general/ephemeral/user/nny124/ephemeral/martian_moons_data/Ma_xp_A1800_n60_r12_v00_90000_fof_0.0014_0000.hdf5,PartType0/ParticleIDs,dataset,"(1002827,)",uint64,Conversion factor to physical CGS (including cosmological corrections),[1.]
Ma_xp_A1800_n60_r12_v00_90000_fof_0.0014_0000.hdf5,/rds/general/ephemeral/user/nny124/ephemeral/martian_moons_data/Ma_xp_A1800_n60_r12_v00_90000_fof_0.0014_0000.hdf5,PartType0/ParticleIDs,dataset,"(1002827,)",uint64,Description,b'Unique IDs of the particles'
Ma_xp_A1800_n60_r12_v00_90000_fof_0.0014_0000.hdf5,/rds/general/ephemeral/user/nny124/ephemeral/martian_moons_data/Ma_xp_A1800_n60_r12_v00_90000_fof_0.0014_0000.hdf5,PartType0/ParticleIDs,dataset,"(1002827,)",uint64,Expression for physical CGS units,b'[ - ] '
Ma_xp_A1800_n60_r12_v00_90000_fof_0.0014_0000.hdf5,/rds/general/ephemeral/user/nny124/ephemeral/martian_moons_data/Ma_xp_A1800_n60_r12_v00_90000_fof_0.0014_0000.hdf5,PartType0/ParticleIDs,dataset,"(1002827,)",uint64,Lossy compression filter,b'None'
Ma_xp_A1800_n60_r12_v00_90000_fof_0.0014_0000.hdf5,/rds/general/ephemeral/user/nny124/ephemeral/martian_moons_data/Ma_xp_A1800_n60_r12_v00_90000_fof_0.0014_0000.hdf5,PartType0/ParticleIDs,dataset,"(1002827,)",uint64,U_I exponent,[0.]
Ma_xp_A1800_n60_r12_v00_90000_fof_0.0014_0000.hdf5,/rds/general/ephemeral/user/nny124/ephemeral/martian_moons_data/Ma_xp_A1800_n60_r12_v00_90000_fof_0.0014_0000.hdf5,PartType0/ParticleIDs,dataset,"(1002827,)",uint64,U_L exponent,[0.]
Ma_xp_A1800_n60_r12_v00_90000_fof_0.0014_0000.hdf5,/rds/general/ephemeral/user/nny124/ephemeral/martian_moons_data/Ma_xp_A1800_n60_r12_v00_90000_fof_0.0014_0000.hdf5,PartType0/ParticleIDs,dataset,"(1002827,)",uint64,U_M exponent,[0.]
Ma_xp_A1800_n60_r12_v00_90000_fof_0.0014_0000.hdf5,/rds/general/ephemeral/user/nny124/ephemeral/martian_moons_data/Ma_xp_A1800_n60_r12_v00_90000_fof_0.0014_0000.hdf5,PartType0/ParticleIDs,dataset,"(1002827,)",uint64,U_T exponent,[0.]
Ma_xp_A1800_n60_r12_v00_90000_fof_0.0014_0000.hdf5,/rds/general/ephemeral/user/nny124/ephemeral/martian_moons_data/Ma_xp_A1800_n60_r12_v00_90000_fof_0.0014_0000.hdf5,PartType0/ParticleIDs,dataset,"(1002827,)",uint64,U_t exponent,[0.]
Ma_xp_A1800_n60_r12_v00_90000_fof_0.0014_0000.hdf5,/rds/general/ephemeral/user/nny124/ephemeral/martian_moons_data/Ma_xp_A1800_n60_r12_v00_90000_fof_0.0014_0000.hdf5,PartType0/ParticleIDs,dataset,"(1002827,)",uint64,a-scale exponent,[0.]
Ma_xp_A1800_n60_r12_v00_90000_fof_0.0014_0000.hdf5,/rds/general/ephemeral/user/nny124/ephemeral/martian_moons_data/Ma_xp_A1800_n60_r12_v00_90000_fof_0.0014_0000.hdf5,PartType0/ParticleIDs,dataset,"(1002827,)",uint64,h-scale exponent,[0.]
Ma_xp_A1800_n60_r12_v00_90000_fof_0.0014_0000.hdf5,/rds/general/ephemeral/user/nny124/ephemeral/martian_moons_data/Ma_xp_A1800_n60_r12_v00_90000_fof_0.0014_0000.hdf5,PartType0/Potentials,dataset,"(1002827,)",float32,Conversion factor to CGS (not including cosmological corrections),[1.e+16]
Ma_xp_A1800_n60_r12_v00_90000_fof_0.0014_0000.hdf5,/rds/general/ephemeral/user/nny124/ephemeral/martian_moons_data/Ma_xp_A1800_n60_r12_v00_90000_fof_0.0014_0000.hdf5,PartType0/Potentials,dataset,"(1002827,)",float32,Conversion factor to physical CGS (including cosmological corrections),[1.e+16]
Ma_xp_A1800_n60_r12_v00_90000_fof_0.0014_0000.hdf5,/rds/general/ephemeral/user/nny124/ephemeral/martian_moons_data/Ma_xp_A1800_n60_r12_v00_90000_fof_0.0014_0000.hdf5,PartType0/Potentials,dataset,"(1002827,)",float32,Description,b'Gravitational potentials of the particles'
Ma_xp_A1800_n60_r12_v00_90000_fof_0.0014_0000.hdf5,/rds/general/ephemeral/user/nny124/ephemeral/martian_moons_data/Ma_xp_A1800_n60_r12_v00_90000_fof_0.0014_0000.hdf5,PartType0/Potentials,dataset,"(1002827,)",float32,Expression for physical CGS units,b'U_L^2 U_t^-2  [ cm^2 s^-2 ]'
Ma_xp_A1800_n60_r12_v00_90000_fof_0.0014_0000.hdf5,/rds/general/ephemeral/user/nny124/ephemeral/martian_moons_data/Ma_xp_A1800_n60_r12_v00_90000_fof_0.0014_0000.hdf5,PartType0/Potentials,dataset,"(1002827,)",float32,Lossy compression filter,b'None'
Ma_xp_A1800_n60_r12_v00_90000_fof_0.0014_0000.hdf5,/rds/general/ephemeral/user/nny124/ephemeral/martian_moons_data/Ma_xp_A1800_n60_r12_v00_90000_fof_0.0014_0000.hdf5,PartType0/Potentials,dataset,"(1002827,)",float32,U_I exponent,[0.]
Ma_xp_A1800_n60_r12_v00_90000_fof_0.0014_0000.hdf5,/rds/general/ephemeral/user/nny124/ephemeral/martian_moons_data/Ma_xp_A1800_n60_r12_v00_90000_fof_0.0014_0000.hdf5,PartType0/Potentials,dataset,"(1002827,)",float32,U_L exponent,[2.]
Ma_xp_A1800_n60_r12_v00_90000_fof_0.0014_0000.hdf5,/rds/general/ephemeral/user/nny124/ephemeral/martian_moons_data/Ma_xp_A1800_n60_r12_v00_90000_fof_0.0014_0000.hdf5,PartType0/Potentials,dataset,"(1002827,)",float32,U_M exponent,[0.]
Ma_xp_A1800_n60_r12_v00_90000_fof_0.0014_0000.hdf5,/rds/general/ephemeral/user/nny124/ephemeral/martian_moons_data/Ma_xp_A1800_n60_r12_v00_90000_fof_0.0014_0000.hdf5,PartType0/Potentials,dataset,"(1002827,)",float32,U_T exponent,[0.]
Ma_xp_A1800_n60_r12_v00_90000_fof_0.0014_0000.hdf5,/rds/general/ephemeral/user/nny124/ephemeral/martian_moons_data/Ma_xp_A1800_n60_r12_v00_90000_fof_0.0014_0000.hdf5,PartType0/Potentials,dataset,"(1002827,)",float32,U_t exponent,[-2.]
Ma_xp_A1800_n60_r12_v00_90000_fof_0.0014_0000.hdf5,/rds/general/ephemeral/user/nny124/ephemeral/martian_moons_data/Ma_xp_A1800_n60_r12_v00_90000_fof_0.0014_0000.hdf5,PartType0/Potentials,dataset,"(1002827,)",float32,a-scale exponent,[0.]
Ma_xp_A1800_n60_r12_v00_90000_fof_0.0014_0000.hdf5,/rds/general/ephemeral/user/nny124/ephemeral/martian_moons_data/Ma_xp_A1800_n60_r12_v00_90000_fof_0.0014_0000.hdf5,PartType0/Potentials,dataset,"(1002827,)",float32,h-scale exponent,[0.]
Ma_xp_A1800_n60_r12_v00_90000_fof_0.0014_0000.hdf5,/rds/general/ephemeral/user/nny124/ephemeral/martian_moons_data/Ma_xp_A1800_n60_r12_v00_90000_fof_0.0014_0000.hdf5,PartType0/Pressures,dataset,"(1002827,)",float32,Conversion factor to CGS (not including cosmological corrections),[1.e+19]
Ma_xp_A1800_n60_r12_v00_90000_fof_0.0014_0000.hdf5,/rds/general/ephemeral/user/nny124/ephemeral/martian_moons_data/Ma_xp_A1800_n60_r12_v00_90000_fof_0.0014_0000.hdf5,PartType0/Pressures,dataset,"(1002827,)",float32,Conversion factor to physical CGS (including cosmological corrections),[1.e+19]
Ma_xp_A1800_n60_r12_v00_90000_fof_0.0014_0000.hdf5,/rds/general/ephemeral/user/nny124/ephemeral/martian_moons_data/Ma_xp_A1800_n60_r12_v00_90000_fof_0.0014_0000.hdf5,PartType0/Pressures,dataset,"(1002827,)",float32,Description,b'Pressures of the particles'
Ma_xp_A1800_n60_r12_v00_90000_fof_0.0014_0000.hdf5,/rds/general/ephemeral/user/nny124/ephemeral/martian_moons_data/Ma_xp_A1800_n60_r12_v00_90000_fof_0.0014_0000.hdf5,PartType0/Pressures,dataset,"(1002827,)",float32,Expression for physical CGS units,b'a^-5 U_M U_L^-1 U_t^-2  [ g cm^-1 s^-2 ]'
Ma_xp_A1800_n60_r12_v00_90000_fof_0.0014_0000.hdf5,/rds/general/ephemeral/user/nny124/ephemeral/martian_moons_data/Ma_xp_A1800_n60_r12_v00_90000_fof_0.0014_0000.hdf5,PartType0/Pressures,dataset,"(1002827,)",float32,Lossy compression filter,b'None'
Ma_xp_A1800_n60_r12_v00_90000_fof_0.0014_0000.hdf5,/rds/general/ephemeral/user/nny124/ephemeral/martian_moons_data/Ma_xp_A1800_n60_r12_v00_90000_fof_0.0014_0000.hdf5,PartType0/Pressures,dataset,"(1002827,)",float32,U_I exponent,[0.]
Ma_xp_A1800_n60_r12_v00_90000_fof_0.0014_0000.hdf5,/rds/general/ephemeral/user/nny124/ephemeral/martian_moons_data/Ma_xp_A1800_n60_r12_v00_90000_fof_0.0014_0000.hdf5,PartType0/Pressures,dataset,"(1002827,)",float32,U_L exponent,[-1.]
Ma_xp_A1800_n60_r12_v00_90000_fof_0.0014_0000.hdf5,/rds/general/ephemeral/user/nny124/ephemeral/martian_moons_data/Ma_xp_A1800_n60_r12_v00_90000_fof_0.0014_0000.hdf5,PartType0/Pressures,dataset,"(1002827,)",float32,U_M exponent,[1.]
Ma_xp_A1800_n60_r12_v00_90000_fof_0.0014_0000.hdf5,/rds/general/ephemeral/user/nny124/ephemeral/martian_moons_data/Ma_xp_A1800_n60_r12_v00_90000_fof_0.0014_0000.hdf5,PartType0/Pressures,dataset,"(1002827,)",float32,U_T exponent,[0.]
Ma_xp_A1800_n60_r12_v00_90000_fof_0.0014_0000.hdf5,/rds/general/ephemeral/user/nny124/ephemeral/martian_moons_data/Ma_xp_A1800_n60_r12_v00_90000_fof_0.0014_0000.hdf5,PartType0/Pressures,dataset,"(1002827,)",float32,U_t exponent,[-2.]
Ma_xp_A1800_n60_r12_v00_90000_fof_0.0014_0000.hdf5,/rds/general/ephemeral/user/nny124/ephemeral/martian_moons_data/Ma_xp_A1800_n60_r12_v00_90000_fof_0.0014_0000.hdf5,PartType0/Pressures,dataset,"(1002827,)",float32,a-scale exponent,[-5.]
Ma_xp_A1800_n60_r12_v00_90000_fof_0.0014_0000.hdf5,/rds/general/ephemeral/user/nny124/ephemeral/martian_moons_data/Ma_xp_A1800_n60_r12_v00_90000_fof_0.0014_0000.hdf5,PartType0/Pressures,dataset,"(1002827,)",float32,h-scale exponent,[0.]
Ma_xp_A1800_n60_r12_v00_90000_fof_0.0014_0000.hdf5,/rds/general/ephemeral/user/nny124/ephemeral/martian_moons_data/Ma_xp_A1800_n60_r12_v00_90000_fof_0.0014_0000.hdf5,PartType0/ProgenitorParticleIDs,dataset,"(1002827,)",int64,Conversion factor to CGS (not including cosmological corrections),[1.]
Ma_xp_A1800_n60_r12_v00_90000_fof_0.0014_0000.hdf5,/rds/general/ephemeral/user/nny124/ephemeral/martian_moons_data/Ma_xp_A1800_n60_r12_v00_90000_fof_0.0014_0000.hdf5,PartType0/ProgenitorParticleIDs,dataset,"(1002827,)",int64,Conversion factor to physical CGS (including cosmological corrections),[1.]
Ma_xp_A1800_n60_r12_v00_90000_fof_0.0014_0000.hdf5,/rds/general/ephemeral/user/nny124/ephemeral/martian_moons_data/Ma_xp_A1800_n60_r12_v00_90000_fof_0.0014_0000.hdf5,PartType0/ProgenitorParticleIDs,dataset,"(1002827,)",int64,Description,"b'ID of the progenitor of this particle. If this particle is the result of one (or many) splitting events, this ID co..."
Ma_xp_A1800_n60_r12_v00_90000_fof_0.0014_0000.hdf5,/rds/general/ephemeral/user/nny124/ephemeral/martian_moons_data/Ma_xp_A1800_n60_r12_v00_90000_fof_0.0014_0000.hdf5,PartType0/ProgenitorParticleIDs,dataset,"(1002827,)",int64,Expression for physical CGS units,b'[ - ] '
Ma_xp_A1800_n60_r12_v00_90000_fof_0.0014_0000.hdf5,/rds/general/ephemeral/user/nny124/ephemeral/martian_moons_data/Ma_xp_A1800_n60_r12_v00_90000_fof_0.0014_0000.hdf5,PartType0/ProgenitorParticleIDs,dataset,"(1002827,)",int64,Lossy compression filter,b'None'
Ma_xp_A1800_n60_r12_v00_90000_fof_0.0014_0000.hdf5,/rds/general/ephemeral/user/nny124/ephemeral/martian_moons_data/Ma_xp_A1800_n60_r12_v00_90000_fof_0.0014_0000.hdf5,PartType0/ProgenitorParticleIDs,dataset,"(1002827,)",int64,U_I exponent,[0.]
Ma_xp_A1800_n60_r12_v00_90000_fof_0.0014_0000.hdf5,/rds/general/ephemeral/user/nny124/ephemeral/martian_moons_data/Ma_xp_A1800_n60_r12_v00_90000_fof_0.0014_0000.hdf5,PartType0/ProgenitorParticleIDs,dataset,"(1002827,)",int64,U_L exponent,[0.]
Ma_xp_A1800_n60_r12_v00_90000_fof_0.0014_0000.hdf5,/rds/general/ephemeral/user/nny124/ephemeral/martian_moons_data/Ma_xp_A1800_n60_r12_v00_90000_fof_0.0014_0000.hdf5,PartType0/ProgenitorParticleIDs,dataset,"(1002827,)",int64,U_M exponent,[0.]
Ma_xp_A1800_n60_r12_v00_90000_fof_0.0014_0000.hdf5,/rds/general/ephemeral/user/nny124/ephemeral/martian_moons_data/Ma_xp_A1800_n60_r12_v00_90000_fof_0.0014_0000.hdf5,PartType0/ProgenitorParticleIDs,dataset,"(1002827,)",int64,U_T exponent,[0.]
Ma_xp_A1800_n60_r12_v00_90000_fof_0.0014_0000.hdf5,/rds/general/ephemeral/user/nny124/ephemeral/martian_moons_data/Ma_xp_A1800_n60_r12_v00_90000_fof_0.0014_0000.hdf5,PartType0/ProgenitorParticleIDs,dataset,"(1002827,)",int64,U_t exponent,[0.]
Ma_xp_A1800_n60_r12_v00_90000_fof_0.0014_0000.hdf5,/rds/general/ephemeral/user/nny124/ephemeral/martian_moons_data/Ma_xp_A1800_n60_r12_v00_90000_fof_0.0014_0000.hdf5,PartType0/ProgenitorParticleIDs,dataset,"(1002827,)",int64,a-scale exponent,[0.]
Ma_xp_A1800_n60_r12_v00_90000_fof_0.0014_0000.hdf5,/rds/general/ephemeral/user/nny124/ephemeral/martian_moons_data/Ma_xp_A1800_n60_r12_v00_90000_fof_0.0014_0000.hdf5,PartType0/ProgenitorParticleIDs,dataset,"(1002827,)",int64,h-scale exponent,[0.]
Ma_xp_A1800_n60_r12_v00_90000_fof_0.0014_0000.hdf5,/rds/general/ephemeral/user/nny124/ephemeral/martian_moons_data/Ma_xp_A1800_n60_r12_v00_90000_fof_0.0014_0000.hdf5,PartType0/SmoothingLengths,dataset,"(1002827,)",float32,Conversion factor to CGS (not including cosmological corrections),[1.e+08]
Ma_xp_A1800_n60_r12_v00_90000_fof_0.0014_0000.hdf5,/rds/general/ephemeral/user/nny124/ephemeral/martian_moons_data/Ma_xp_A1800_n60_r12_v00_90000_fof_0.0014_0000.hdf5,PartType0/SmoothingLengths,dataset,"(1002827,)",float32,Conversion factor to physical CGS (including cosmological corrections),[1.e+08]
Ma_xp_A1800_n60_r12_v00_90000_fof_0.0014_0000.hdf5,/rds/general/ephemeral/user/nny124/ephemeral/martian_moons_data/Ma_xp_A1800_n60_r12_v00_90000_fof_0.0014_0000.hdf5,PartType0/SmoothingLengths,dataset,"(1002827,)",float32,Description,b'Smoothing lengths (FWHM of the kernel) of the particles'
Ma_xp_A1800_n60_r12_v00_90000_fof_0.0014_0000.hdf5,/rds/general/ephemeral/user/nny124/ephemeral/martian_moons_data/Ma_xp_A1800_n60_r12_v00_90000_fof_0.0014_0000.hdf5,PartType0/SmoothingLengths,dataset,"(1002827,)",float32,Expression for physical CGS units,b'a U_L  [ cm ]'
Ma_xp_A1800_n60_r12_v00_90000_fof_0.0014_0000.hdf5,/rds/general/ephemeral/user/nny124/ephemeral/martian_moons_data/Ma_xp_A1800_n60_r12_v00_90000_fof_0.0014_0000.hdf5,PartType0/SmoothingLengths,dataset,"(1002827,)",float32,Lossy compression filter,b'None'
Ma_xp_A1800_n60_r12_v00_90000_fof_0.0014_0000.hdf5,/rds/general/ephemeral/user/nny124/ephemeral/martian_moons_data/Ma_xp_A1800_n60_r12_v00_90000_fof_0.0014_0000.hdf5,PartType0/SmoothingLengths,dataset,"(1002827,)",float32,U_I exponent,[0.]
Ma_xp_A1800_n60_r12_v00_90000_fof_0.0014_0000.hdf5,/rds/general/ephemeral/user/nny124/ephemeral/martian_moons_data/Ma_xp_A1800_n60_r12_v00_90000_fof_0.0014_0000.hdf5,PartType0/SmoothingLengths,dataset,"(1002827,)",float32,U_L exponent,[1.]
Ma_xp_A1800_n60_r12_v00_90000_fof_0.0014_0000.hdf5,/rds/general/ephemeral/user/nny124/ephemeral/martian_moons_data/Ma_xp_A1800_n60_r12_v00_90000_fof_0.0014_0000.hdf5,PartType0/SmoothingLengths,dataset,"(1002827,)",float32,U_M exponent,[0.]
Ma_xp_A1800_n60_r12_v00_90000_fof_0.0014_0000.hdf5,/rds/general/ephemeral/user/nny124/ephemeral/martian_moons_data/Ma_xp_A1800_n60_r12_v00_90000_fof_0.0014_0000.hdf5,PartType0/SmoothingLengths,dataset,"(1002827,)",float32,U_T exponent,[0.]
Ma_xp_A1800_n60_r12_v00_90000_fof_0.0014_0000.hdf5,/rds/general/ephemeral/user/nny124/ephemeral/martian_moons_data/Ma_xp_A1800_n60_r12_v00_90000_fof_0.0014_0000.hdf5,PartType0/SmoothingLengths,dataset,"(1002827,)",float32,U_t exponent,[0.]
Ma_xp_A1800_n60_r12_v00_90000_fof_0.0014_0000.hdf5,/rds/general/ephemeral/user/nny124/ephemeral/martian_moons_data/Ma_xp_A1800_n60_r12_v00_90000_fof_0.0014_0000.hdf5,PartType0/SmoothingLengths,dataset,"(1002827,)",float32,a-scale exponent,[1.]
Ma_xp_A1800_n60_r12_v00_90000_fof_0.0014_0000.hdf5,/rds/general/ephemeral/user/nny124/ephemeral/martian_moons_data/Ma_xp_A1800_n60_r12_v00_90000_fof_0.0014_0000.hdf5,PartType0/SmoothingLengths,dataset,"(1002827,)",float32,h-scale exponent,[0.]
Ma_xp_A1800_n60_r12_v00_90000_fof_0.0014_0000.hdf5,/rds/general/ephemeral/user/nny124/ephemeral/martian_moons_data/Ma_xp_A1800_n60_r12_v00_90000_fof_0.0014_0000.hdf5,PartType0/SplitCounts,dataset,"(1002827,)",uint8,Conversion factor to CGS (not including cosmological corrections),[1.]
Ma_xp_A1800_n60_r12_v00_90000_fof_0.0014_0000.hdf5,/rds/general/ephemeral/user/nny124/ephemeral/martian_moons_data/Ma_xp_A1800_n60_r12_v00_90000_fof_0.0014_0000.hdf5,PartType0/SplitCounts,dataset,"(1002827,)",uint8,Conversion factor to physical CGS (including cosmological corrections),[1.]
Ma_xp_A1800_n60_r12_v00_90000_fof_0.0014_0000.hdf5,/rds/general/ephemeral/user/nny124/ephemeral/martian_moons_data/Ma_xp_A1800_n60_r12_v00_90000_fof_0.0014_0000.hdf5,PartType0/SplitCounts,dataset,"(1002827,)",uint8,Description,b'Number of times this particle has been split. Note that both particles that take part in the splitting have counter...
Ma_xp_A1800_n60_r12_v00_90000_fof_0.0014_0000.hdf5,/rds/general/ephemeral/user/nny124/ephemeral/martian_moons_data/Ma_xp_A1800_n60_r12_v00_90000_fof_0.0014_0000.hdf5,PartType0/SplitCounts,dataset,"(1002827,)",uint8,Expression for physical CGS units,b'[ - ] '
Ma_xp_A1800_n60_r12_v00_90000_fof_0.0014_0000.hdf5,/rds/general/ephemeral/user/nny124/ephemeral/martian_moons_data/Ma_xp_A1800_n60_r12_v00_90000_fof_0.0014_0000.hdf5,PartType0/SplitCounts,dataset,"(1002827,)",uint8,Lossy compression filter,b'None'
Ma_xp_A1800_n60_r12_v00_90000_fof_0.0014_0000.hdf5,/rds/general/ephemeral/user/nny124/ephemeral/martian_moons_data/Ma_xp_A1800_n60_r12_v00_90000_fof_0.0014_0000.hdf5,PartType0/SplitCounts,dataset,"(1002827,)",uint8,U_I exponent,[0.]
Ma_xp_A1800_n60_r12_v00_90000_fof_0.0014_0000.hdf5,/rds/general/ephemeral/user/nny124/ephemeral/martian_moons_data/Ma_xp_A1800_n60_r12_v00_90000_fof_0.0014_0000.hdf5,PartType0/SplitCounts,dataset,"(1002827,)",uint8,U_L exponent,[0.]
Ma_xp_A1800_n60_r12_v00_90000_fof_0.0014_0000.hdf5,/rds/general/ephemeral/user/nny124/ephemeral/martian_moons_data/Ma_xp_A1800_n60_r12_v00_90000_fof_0.0014_0000.hdf5,PartType0/SplitCounts,dataset,"(1002827,)",uint8,U_M exponent,[0.]
Ma_xp_A1800_n60_r12_v00_90000_fof_0.0014_0000.hdf5,/rds/general/ephemeral/user/nny124/ephemeral/martian_moons_data/Ma_xp_A1800_n60_r12_v00_90000_fof_0.0014_0000.hdf5,PartType0/SplitCounts,dataset,"(1002827,)",uint8,U_T exponent,[0.]
Ma_xp_A1800_n60_r12_v00_90000_fof_0.0014_0000.hdf5,/rds/general/ephemeral/user/nny124/ephemeral/martian_moons_data/Ma_xp_A1800_n60_r12_v00_90000_fof_0.0014_0000.hdf5,PartType0/SplitCounts,dataset,"(1002827,)",uint8,U_t exponent,[0.]
Ma_xp_A1800_n60_r12_v00_90000_fof_0.0014_0000.hdf5,/rds/general/ephemeral/user/nny124/ephemeral/martian_moons_data/Ma_xp_A1800_n60_r12_v00_90000_fof_0.0014_0000.hdf5,PartType0/SplitCounts,dataset,"(1002827,)",uint8,a-scale exponent,[0.]
Ma_xp_A1800_n60_r12_v00_90000_fof_0.0014_0000.hdf5,/rds/general/ephemeral/user/nny124/ephemeral/martian_moons_data/Ma_xp_A1800_n60_r12_v00_90000_fof_0.0014_0000.hdf5,PartType0/SplitCounts,dataset,"(1002827,)",uint8,h-scale exponent,[0.]
Ma_xp_A1800_n60_r12_v00_90000_fof_0.0014_0000.hdf5,/rds/general/ephemeral/user/nny124/ephemeral/martian_moons_data/Ma_xp_A1800_n60_r12_v00_90000_fof_0.0014_0000.hdf5,PartType0/SplitTrees,dataset,"(1002827,)",int64,Conversion factor to CGS (not including cosmological corrections),[1.]
Ma_xp_A1800_n60_r12_v00_90000_fof_0.0014_0000.hdf5,/rds/general/ephemeral/user/nny124/ephemeral/martian_moons_data/Ma_xp_A1800_n60_r12_v00_90000_fof_0.0014_0000.hdf5,PartType0/SplitTrees,dataset,"(1002827,)",int64,Conversion factor to physical CGS (including cosmological corrections),[1.]
Ma_xp_A1800_n60_r12_v00_90000_fof_0.0014_0000.hdf5,/rds/general/ephemeral/user/nny124/ephemeral/martian_moons_data/Ma_xp_A1800_n60_r12_v00_90000_fof_0.0014_0000.hdf5,PartType0/SplitTrees,dataset,"(1002827,)",int64,Description,b'Binary tree describing splitting events. Particles that keep the original ID have a value of zero in a splitting ev...
Ma_xp_A1800_n60_r12_v00_90000_fof_0.0014_0000.hdf5,/rds/general/ephemeral/user/nny124/ephemeral/martian_moons_data/Ma_xp_A1800_n60_r12_v00_90000_fof_0.0014_0000.hdf5,PartType0/SplitTrees,dataset,"(1002827,)",int64,Expression for physical CGS units,b'[ - ] '
Ma_xp_A1800_n60_r12_v00_90000_fof_0.0014_0000.hdf5,/rds/general/ephemeral/user/nny124/ephemeral/martian_moons_data/Ma_xp_A1800_n60_r12_v00_90000_fof_0.0014_0000.hdf5,PartType0/SplitTrees,dataset,"(1002827,)",int64,Lossy compression filter,b'None'
Ma_xp_A1800_n60_r12_v00_90000_fof_0.0014_0000.hdf5,/rds/general/ephemeral/user/nny124/ephemeral/martian_moons_data/Ma_xp_A1800_n60_r12_v00_90000_fof_0.0014_0000.hdf5,PartType0/SplitTrees,dataset,"(1002827,)",int64,U_I exponent,[0.]
Ma_xp_A1800_n60_r12_v00_90000_fof_0.0014_0000.hdf5,/rds/general/ephemeral/user/nny124/ephemeral/martian_moons_data/Ma_xp_A1800_n60_r12_v00_90000_fof_0.0014_0000.hdf5,PartType0/SplitTrees,dataset,"(1002827,)",int64,U_L exponent,[0.]
Ma_xp_A1800_n60_r12_v00_90000_fof_0.0014_0000.hdf5,/rds/general/ephemeral/user/nny124/ephemeral/martian_moons_data/Ma_xp_A1800_n60_r12_v00_90000_fof_0.0014_0000.hdf5,PartType0/SplitTrees,dataset,"(1002827,)",int64,U_M exponent,[0.]
Ma_xp_A1800_n60_r12_v00_90000_fof_0.0014_0000.hdf5,/rds/general/ephemeral/user/nny124/ephemeral/martian_moons_data/Ma_xp_A1800_n60_r12_v00_90000_fof_0.0014_0000.hdf5,PartType0/SplitTrees,dataset,"(1002827,)",int64,U_T exponent,[0.]
Ma_xp_A1800_n60_r12_v00_90000_fof_0.0014_0000.hdf5,/rds/general/ephemeral/user/nny124/ephemeral/martian_moons_data/Ma_xp_A1800_n60_r12_v00_90000_fof_0.0014_0000.hdf5,PartType0/SplitTrees,dataset,"(1002827,)",int64,U_t exponent,[0.]
Ma_xp_A1800_n60_r12_v00_90000_fof_0.0014_0000.hdf5,/rds/general/ephemeral/user/nny124/ephemeral/martian_moons_data/Ma_xp_A1800_n60_r12_v00_90000_fof_0.0014_0000.hdf5,PartType0/SplitTrees,dataset,"(1002827,)",int64,a-scale exponent,[0.]
Ma_xp_A1800_n60_r12_v00_90000_fof_0.0014_0000.hdf5,/rds/general/ephemeral/user/nny124/ephemeral/martian_moons_data/Ma_xp_A1800_n60_r12_v00_90000_fof_0.0014_0000.hdf5,PartType0/SplitTrees,dataset,"(1002827,)",int64,h-scale exponent,[0.]
Ma_xp_A1800_n60_r12_v00_90000_fof_0.0014_0000.hdf5,/rds/general/ephemeral/user/nny124/ephemeral/martian_moons_data/Ma_xp_A1800_n60_r12_v00_90000_fof_0.0014_0000.hdf5,PartType0/Velocities,dataset,"(1002827, 3)",float32,Conversion factor to CGS (not including cosmological corrections),[1.e+08]
Ma_xp_A1800_n60_r12_v00_90000_fof_0.0014_0000.hdf5,/rds/general/ephemeral/user/nny124/ephemeral/martian_moons_data/Ma_xp_A1800_n60_r12_v00_90000_fof_0.0014_0000.hdf5,PartType0/Velocities,dataset,"(1002827, 3)",float32,Conversion factor to physical CGS (including cosmological corrections),[1.e+08]
Ma_xp_A1800_n60_r12_v00_90000_fof_0.0014_0000.hdf5,/rds/general/ephemeral/user/nny124/ephemeral/martian_moons_data/Ma_xp_A1800_n60_r12_v00_90000_fof_0.0014_0000.hdf5,PartType0/Velocities,dataset,"(1002827, 3)",float32,Description,b'Velocities of the particles'
Ma_xp_A1800_n60_r12_v00_90000_fof_0.0014_0000.hdf5,/rds/general/ephemeral/user/nny124/ephemeral/martian_moons_data/Ma_xp_A1800_n60_r12_v00_90000_fof_0.0014_0000.hdf5,PartType0/Velocities,dataset,"(1002827, 3)",float32,Expression for physical CGS units,b'U_L U_t^-1  [ cm s^-1 ]'
Ma_xp_A1800_n60_r12_v00_90000_fof_0.0014_0000.hdf5,/rds/general/ephemeral/user/nny124/ephemeral/martian_moons_data/Ma_xp_A1800_n60_r12_v00_90000_fof_0.0014_0000.hdf5,PartType0/Velocities,dataset,"(1002827, 3)",float32,Lossy compression filter,b'None'
Ma_xp_A1800_n60_r12_v00_90000_fof_0.0014_0000.hdf5,/rds/general/ephemeral/user/nny124/ephemeral/martian_moons_data/Ma_xp_A1800_n60_r12_v00_90000_fof_0.0014_0000.hdf5,PartType0/Velocities,dataset,"(1002827, 3)",float32,U_I exponent,[0.]
Ma_xp_A1800_n60_r12_v00_90000_fof_0.0014_0000.hdf5,/rds/general/ephemeral/user/nny124/ephemeral/martian_moons_data/Ma_xp_A1800_n60_r12_v00_90000_fof_0.0014_0000.hdf5,PartType0/Velocities,dataset,"(1002827, 3)",float32,U_L exponent,[1.]
Ma_xp_A1800_n60_r12_v00_90000_fof_0.0014_0000.hdf5,/rds/general/ephemeral/user/nny124/ephemeral/martian_moons_data/Ma_xp_A1800_n60_r12_v00_90000_fof_0.0014_0000.hdf5,PartType0/Velocities,dataset,"(1002827, 3)",float32,U_M exponent,[0.]
Ma_xp_A1800_n60_r12_v00_90000_fof_0.0014_0000.hdf5,/rds/general/ephemeral/user/nny124/ephemeral/martian_moons_data/Ma_xp_A1800_n60_r12_v00_90000_fof_0.0014_0000.hdf5,PartType0/Velocities,dataset,"(1002827, 3)",float32,U_T exponent,[0.]
Ma_xp_A1800_n60_r12_v00_90000_fof_0.0014_0000.hdf5,/rds/general/ephemeral/user/nny124/ephemeral/martian_moons_data/Ma_xp_A1800_n60_r12_v00_90000_fof_0.0014_0000.hdf5,PartType0/Velocities,dataset,"(1002827, 3)",float32,U_t exponent,[-1.]
Ma_xp_A1800_n60_r12_v00_90000_fof_0.0014_0000.hdf5,/rds/general/ephemeral/user/nny124/ephemeral/martian_moons_data/Ma_xp_A1800_n60_r12_v00_90000_fof_0.0014_0000.hdf5,PartType0/Velocities,dataset,"(1002827, 3)",float32,a-scale exponent,[0.]
Ma_xp_A1800_n60_r12_v00_90000_fof_0.0014_0000.hdf5,/rds/general/ephemeral/user/nny124/ephemeral/martian_moons_data/Ma_xp_A1800_n60_r12_v00_90000_fof_0.0014_0000.hdf5,PartType0/Velocities,dataset,"(1002827, 3)",float32,h-scale exponent,[0.]
Ma_xp_A1800_n60_r12_v00_90000_fof_0.0014_0000.hdf5,/rds/general/ephemeral/user/nny124/ephemeral/martian_moons_data/Ma_xp_A1800_n60_r12_v00_90000_fof_0.0014_0000.hdf5,PhysicalConstants,group,,,Constants choice,b'SWIFT defaults (PDG 2019)'
Ma_xp_A1800_n60_r12_v00_90000_fof_0.0014_0000.hdf5,/rds/general/ephemeral/user/nny124/ephemeral/martian_moons_data/Ma_xp_A1800_n60_r12_v00_90000_fof_0.0014_0000.hdf5,PhysicalConstants/CGS,group,,,T_CMB_0,[2.7255]
Ma_xp_A1800_n60_r12_v00_90000_fof_0.0014_0000.hdf5,/rds/general/ephemeral/user/nny124/ephemeral/martian_moons_data/Ma_xp_A1800_n60_r12_v00_90000_fof_0.0014_0000.hdf5,PhysicalConstants/CGS,group,,,astronomical_unit,[1.49597871e+13]
Ma_xp_A1800_n60_r12_v00_90000_fof_0.0014_0000.hdf5,/rds/general/ephemeral/user/nny124/ephemeral/martian_moons_data/Ma_xp_A1800_n60_r12_v00_90000_fof_0.0014_0000.hdf5,PhysicalConstants/CGS,group,,,avogadro_number,[6.02214076e+23]
Ma_xp_A1800_n60_r12_v00_90000_fof_0.0014_0000.hdf5,/rds/general/ephemeral/user/nny124/ephemeral/martian_moons_data/Ma_xp_A1800_n60_r12_v00_90000_fof_0.0014_0000.hdf5,PhysicalConstants/CGS,group,,,boltzmann_k,[1.380649e-16]
Ma_xp_A1800_n60_r12_v00_90000_fof_0.0014_0000.hdf5,/rds/general/ephemeral/user/nny124/ephemeral/martian_moons_data/Ma_xp_A1800_n60_r12_v00_90000_fof_0.0014_0000.hdf5,PhysicalConstants/CGS,group,,,caseb_recomb,[2.6e-13]
Ma_xp_A1800_n60_r12_v00_90000_fof_0.0014_0000.hdf5,/rds/general/ephemeral/user/nny124/ephemeral/martian_moons_data/Ma_xp_A1800_n60_r12_v00_90000_fof_0.0014_0000.hdf5,PhysicalConstants/CGS,group,,,earth_mass,[5.97217e+27]
Ma_xp_A1800_n60_r12_v00_90000_fof_0.0014_0000.hdf5,/rds/general/ephemeral/user/nny124/ephemeral/martian_moons_data/Ma_xp_A1800_n60_r12_v00_90000_fof_0.0014_0000.hdf5,PhysicalConstants/CGS,group,,,electron_charge,[1.60217663e-19]
Ma_xp_A1800_n60_r12_v00_90000_fof_0.0014_0000.hdf5,/rds/general/ephemeral/user/nny124/ephemeral/martian_moons_data/Ma_xp_A1800_n60_r12_v00_90000_fof_0.0014_0000.hdf5,PhysicalConstants/CGS,group,,,electron_mass,[9.1093837e-28]
Ma_xp_A1800_n60_r12_v00_90000_fof_0.0014_0000.hdf5,/rds/general/ephemeral/user/nny124/ephemeral/martian_moons_data/Ma_xp_A1800_n60_r12_v00_90000_fof_0.0014_0000.hdf5,PhysicalConstants/CGS,group,,,electron_volt,[1.60217663e-12]
Ma_xp_A1800_n60_r12_v00_90000_fof_0.0014_0000.hdf5,/rds/general/ephemeral/user/nny124/ephemeral/martian_moons_data/Ma_xp_A1800_n60_r12_v00_90000_fof_0.0014_0000.hdf5,PhysicalConstants/CGS,group,,,light_year,[9.46063e+17]
Ma_xp_A1800_n60_r12_v00_90000_fof_0.0014_0000.hdf5,/rds/general/ephemeral/user/nny124/ephemeral/martian_moons_data/Ma_xp_A1800_n60_r12_v00_90000_fof_0.0014_0000.hdf5,PhysicalConstants/CGS,group,,,newton_G,[6.6743e-08]
Ma_xp_A1800_n60_r12_v00_90000_fof_0.0014_0000.hdf5,/rds/general/ephemeral/user/nny124/ephemeral/martian_moons_data/Ma_xp_A1800_n60_r12_v00_90000_fof_0.0014_0000.hdf5,PhysicalConstants/CGS,group,,,parsec,[3.08567758e+18]
Ma_xp_A1800_n60_r12_v00_90000_fof_0.0014_0000.hdf5,/rds/general/ephemeral/user/nny124/ephemeral/martian_moons_data/Ma_xp_A1800_n60_r12_v00_90000_fof_0.0014_0000.hdf5,PhysicalConstants/CGS,group,,,planck_h,[6.62607015e-27]
Ma_xp_A1800_n60_r12_v00_90000_fof_0.0014_0000.hdf5,/rds/general/ephemeral/user/nny124/ephemeral/martian_moons_data/Ma_xp_A1800_n60_r12_v00_90000_fof_0.0014_0000.hdf5,PhysicalConstants/CGS,group,,,planck_hbar,[1.05457182e-27]
Ma_xp_A1800_n60_r12_v00_90000_fof_0.0014_0000.hdf5,/rds/general/ephemeral/user/nny124/ephemeral/martian_moons_data/Ma_xp_A1800_n60_r12_v00_90000_fof_0.0014_0000.hdf5,PhysicalConstants/CGS,group,,,primordial_He_fraction,[0.248]
Ma_xp_A1800_n60_r12_v00_90000_fof_0.0014_0000.hdf5,/rds/general/ephemeral/user/nny124/ephemeral/martian_moons_data/Ma_xp_A1800_n60_r12_v00_90000_fof_0.0014_0000.hdf5,PhysicalConstants/CGS,group,,,proton_mass,[1.67262192e-24]
Ma_xp_A1800_n60_r12_v00_90000_fof_0.0014_0000.hdf5,/rds/general/ephemeral/user/nny124/ephemeral/martian_moons_data/Ma_xp_A1800_n60_r12_v00_90000_fof_0.0014_0000.hdf5,PhysicalConstants/CGS,group,,,reduced_hubble,[3.24077929e-18]
Ma_xp_A1800_n60_r12_v00_90000_fof_0.0014_0000.hdf5,/rds/general/ephemeral/user/nny124/ephemeral/martian_moons_data/Ma_xp_A1800_n60_r12_v00_90000_fof_0.0014_0000.hdf5,PhysicalConstants/CGS,group,,,solar_mass,[1.98841e+33]
Ma_xp_A1800_n60_r12_v00_90000_fof_0.0014_0000.hdf5,/rds/general/ephemeral/user/nny124/ephemeral/martian_moons_data/Ma_xp_A1800_n60_r12_v00_90000_fof_0.0014_0000.hdf5,PhysicalConstants/CGS,group,,,speed_light_c,[2.99792458e+10]
Ma_xp_A1800_n60_r12_v00_90000_fof_0.0014_0000.hdf5,/rds/general/ephemeral/user/nny124/ephemeral/martian_moons_data/Ma_xp_A1800_n60_r12_v00_90000_fof_0.0014_0000.hdf5,PhysicalConstants/CGS,group,,,stefan_boltzmann,[5.67037442e-05]
Ma_xp_A1800_n60_r12_v00_90000_fof_0.0014_0000.hdf5,/rds/general/ephemeral/user/nny124/ephemeral/martian_moons_data/Ma_xp_A1800_n60_r12_v00_90000_fof_0.0014_0000.hdf5,PhysicalConstants/CGS,group,,,thomson_cross_section,[6.65245873e-25]
Ma_xp_A1800_n60_r12_v00_90000_fof_0.0014_0000.hdf5,/rds/general/ephemeral/user/nny124/ephemeral/martian_moons_data/Ma_xp_A1800_n60_r12_v00_90000_fof_0.0014_0000.hdf5,PhysicalConstants/CGS,group,,,year,[31556925.1]
Ma_xp_A1800_n60_r12_v00_90000_fof_0.0014_0000.hdf5,/rds/general/ephemeral/user/nny124/ephemeral/martian_moons_data/Ma_xp_A1800_n60_r12_v00_90000_fof_0.0014_0000.hdf5,PhysicalConstants/InternalUnits,group,,,T_CMB_0,[2.7255]
Ma_xp_A1800_n60_r12_v00_90000_fof_0.0014_0000.hdf5,/rds/general/ephemeral/user/nny124/ephemeral/martian_moons_data/Ma_xp_A1800_n60_r12_v00_90000_fof_0.0014_0000.hdf5,PhysicalConstants/InternalUnits,group,,,astronomical_unit,[149597.8707]
Ma_xp_A1800_n60_r12_v00_90000_fof_0.0014_0000.hdf5,/rds/general/ephemeral/user/nny124/ephemeral/martian_moons_data/Ma_xp_A1800_n60_r12_v00_90000_fof_0.0014_0000.hdf5,PhysicalConstants/InternalUnits,group,,,avogadro_number,[6.02214076e+23]
Ma_xp_A1800_n60_r12_v00_90000_fof_0.0014_0000.hdf5,/rds/general/ephemeral/user/nny124/ephemeral/martian_moons_data/Ma_xp_A1800_n60_r12_v00_90000_fof_0.0014_0000.hdf5,PhysicalConstants/InternalUnits,group,,,boltzmann_k,[1.380649e-59]
Ma_xp_A1800_n60_r12_v00_90000_fof_0.0014_0000.hdf5,/rds/general/ephemeral/user/nny124/ephemeral/martian_moons_data/Ma_xp_A1800_n60_r12_v00_90000_fof_0.0014_0000.hdf5,PhysicalConstants/InternalUnits,group,,,caseb_recomb,[2.6e-37]
Ma_xp_A1800_n60_r12_v00_90000_fof_0.0014_0000.hdf5,/rds/general/ephemeral/user/nny124/ephemeral/martian_moons_data/Ma_xp_A1800_n60_r12_v00_90000_fof_0.0014_0000.hdf5,PhysicalConstants/InternalUnits,group,,,earth_mass,[5.97217]
Ma_xp_A1800_n60_r12_v00_90000_fof_0.0014_0000.hdf5,/rds/general/ephemeral/user/nny124/ephemeral/martian_moons_data/Ma_xp_A1800_n60_r12_v00_90000_fof_0.0014_0000.hdf5,PhysicalConstants/InternalUnits,group,,,electron_charge,[1.60217663e-19]
Ma_xp_A1800_n60_r12_v00_90000_fof_0.0014_0000.hdf5,/rds/general/ephemeral/user/nny124/ephemeral/martian_moons_data/Ma_xp_A1800_n60_r12_v00_90000_fof_0.0014_0000.hdf5,PhysicalConstants/InternalUnits,group,,,electron_mass,[9.1093837e-55]
Ma_xp_A1800_n60_r12_v00_90000_fof_0.0014_0000.hdf5,/rds/general/ephemeral/user/nny124/ephemeral/martian_moons_data/Ma_xp_A1800_n60_r12_v00_90000_fof_0.0014_0000.hdf5,PhysicalConstants/InternalUnits,group,,,electron_volt,[1.60217663e-55]
Ma_xp_A1800_n60_r12_v00_90000_fof_0.0014_0000.hdf5,/rds/general/ephemeral/user/nny124/ephemeral/martian_moons_data/Ma_xp_A1800_n60_r12_v00_90000_fof_0.0014_0000.hdf5,PhysicalConstants/InternalUnits,group,,,light_year,[9.46063e+09]
Ma_xp_A1800_n60_r12_v00_90000_fof_0.0014_0000.hdf5,/rds/general/ephemeral/user/nny124/ephemeral/martian_moons_data/Ma_xp_A1800_n60_r12_v00_90000_fof_0.0014_0000.hdf5,PhysicalConstants/InternalUnits,group,,,newton_G,[6.6743e-05]
Ma_xp_A1800_n60_r12_v00_90000_fof_0.0014_0000.hdf5,/rds/general/ephemeral/user/nny124/ephemeral/martian_moons_data/Ma_xp_A1800_n60_r12_v00_90000_fof_0.0014_0000.hdf5,PhysicalConstants/InternalUnits,group,,,parsec,[3.08567758e+10]
Ma_xp_A1800_n60_r12_v00_90000_fof_0.0014_0000.hdf5,/rds/general/ephemeral/user/nny124/ephemeral/martian_moons_data/Ma_xp_A1800_n60_r12_v00_90000_fof_0.0014_0000.hdf5,PhysicalConstants/InternalUnits,group,,,planck_h,[6.62607015e-70]
Ma_xp_A1800_n60_r12_v00_90000_fof_0.0014_0000.hdf5,/rds/general/ephemeral/user/nny124/ephemeral/martian_moons_data/Ma_xp_A1800_n60_r12_v00_90000_fof_0.0014_0000.hdf5,PhysicalConstants/InternalUnits,group,,,planck_hbar,[1.05457182e-70]
Ma_xp_A1800_n60_r12_v00_90000_fof_0.0014_0000.hdf5,/rds/general/ephemeral/user/nny124/ephemeral/martian_moons_data/Ma_xp_A1800_n60_r12_v00_90000_fof_0.0014_0000.hdf5,PhysicalConstants/InternalUnits,group,,,primordial_He_fraction,[0.248]
Ma_xp_A1800_n60_r12_v00_90000_fof_0.0014_0000.hdf5,/rds/general/ephemeral/user/nny124/ephemeral/martian_moons_data/Ma_xp_A1800_n60_r12_v00_90000_fof_0.0014_0000.hdf5,PhysicalConstants/InternalUnits,group,,,proton_mass,[1.67262192e-51]
Ma_xp_A1800_n60_r12_v00_90000_fof_0.0014_0000.hdf5,/rds/general/ephemeral/user/nny124/ephemeral/martian_moons_data/Ma_xp_A1800_n60_r12_v00_90000_fof_0.0014_0000.hdf5,PhysicalConstants/InternalUnits,group,,,reduced_hubble,[3.24077929e-18]
Ma_xp_A1800_n60_r12_v00_90000_fof_0.0014_0000.hdf5,/rds/general/ephemeral/user/nny124/ephemeral/martian_moons_data/Ma_xp_A1800_n60_r12_v00_90000_fof_0.0014_0000.hdf5,PhysicalConstants/InternalUnits,group,,,solar_mass,[1988410.]
Ma_xp_A1800_n60_r12_v00_90000_fof_0.0014_0000.hdf5,/rds/general/ephemeral/user/nny124/ephemeral/martian_moons_data/Ma_xp_A1800_n60_r12_v00_90000_fof_0.0014_0000.hdf5,PhysicalConstants/InternalUnits,group,,,speed_light_c,[299.792458]
Ma_xp_A1800_n60_r12_v00_90000_fof_0.0014_0000.hdf5,/rds/general/ephemeral/user/nny124/ephemeral/martian_moons_data/Ma_xp_A1800_n60_r12_v00_90000_fof_0.0014_0000.hdf5,PhysicalConstants/InternalUnits,group,,,stefan_boltzmann,[5.67037442e-32]
Ma_xp_A1800_n60_r12_v00_90000_fof_0.0014_0000.hdf5,/rds/general/ephemeral/user/nny124/ephemeral/martian_moons_data/Ma_xp_A1800_n60_r12_v00_90000_fof_0.0014_0000.hdf5,PhysicalConstants/InternalUnits,group,,,thomson_cross_section,[6.65245873e-41]
Ma_xp_A1800_n60_r12_v00_90000_fof_0.0014_0000.hdf5,/rds/general/ephemeral/user/nny124/ephemeral/martian_moons_data/Ma_xp_A1800_n60_r12_v00_90000_fof_0.0014_0000.hdf5,PhysicalConstants/InternalUnits,group,,,year,[31556925.1]
Ma_xp_A1800_n60_r12_v00_90000_fof_0.0014_0000.hdf5,/rds/general/ephemeral/user/nny124/ephemeral/martian_moons_data/Ma_xp_A1800_n60_r12_v00_90000_fof_0.0014_0000.hdf5,Policy,group,,,black holes,[0]
Ma_xp_A1800_n60_r12_v00_90000_fof_0.0014_0000.hdf5,/rds/general/ephemeral/user/nny124/ephemeral/martian_moons_data/Ma_xp_A1800_n60_r12_v00_90000_fof_0.0014_0000.hdf5,Policy,group,,,block,[0]
Ma_xp_A1800_n60_r12_v00_90000_fof_0.0014_0000.hdf5,/rds/general/ephemeral/user/nny124/ephemeral/martian_moons_data/Ma_xp_A1800_n60_r12_v00_90000_fof_0.0014_0000.hdf5,Policy,group,,,cooling,[0]
Ma_xp_A1800_n60_r12_v00_90000_fof_0.0014_0000.hdf5,/rds/general/ephemeral/user/nny124/ephemeral/martian_moons_data/Ma_xp_A1800_n60_r12_v00_90000_fof_0.0014_0000.hdf5,Policy,group,,,cosmological integration,[0]
Ma_xp_A1800_n60_r12_v00_90000_fof_0.0014_0000.hdf5,/rds/general/ephemeral/user/nny124/ephemeral/martian_moons_data/Ma_xp_A1800_n60_r12_v00_90000_fof_0.0014_0000.hdf5,Policy,group,,,cpu tight,[0]
Ma_xp_A1800_n60_r12_v00_90000_fof_0.0014_0000.hdf5,/rds/general/ephemeral/user/nny124/ephemeral/martian_moons_data/Ma_xp_A1800_n60_r12_v00_90000_fof_0.0014_0000.hdf5,Policy,group,,,csds,[0]
Ma_xp_A1800_n60_r12_v00_90000_fof_0.0014_0000.hdf5,/rds/general/ephemeral/user/nny124/ephemeral/martian_moons_data/Ma_xp_A1800_n60_r12_v00_90000_fof_0.0014_0000.hdf5,Policy,group,,,drift everything,[0]
Ma_xp_A1800_n60_r12_v00_90000_fof_0.0014_0000.hdf5,/rds/general/ephemeral/user/nny124/ephemeral/martian_moons_data/Ma_xp_A1800_n60_r12_v00_90000_fof_0.0014_0000.hdf5,Policy,group,,,external gravity,[0]
Ma_xp_A1800_n60_r12_v00_90000_fof_0.0014_0000.hdf5,/rds/general/ephemeral/user/nny124/ephemeral/martian_moons_data/Ma_xp_A1800_n60_r12_v00_90000_fof_0.0014_0000.hdf5,Policy,group,,,feedback,[0]
Ma_xp_A1800_n60_r12_v00_90000_fof_0.0014_0000.hdf5,/rds/general/ephemeral/user/nny124/ephemeral/martian_moons_data/Ma_xp_A1800_n60_r12_v00_90000_fof_0.0014_0000.hdf5,Policy,group,,,fof search,[1]
Ma_xp_A1800_n60_r12_v00_90000_fof_0.0014_0000.hdf5,/rds/general/ephemeral/user/nny124/ephemeral/martian_moons_data/Ma_xp_A1800_n60_r12_v00_90000_fof_0.0014_0000.hdf5,Policy,group,,,hydro,[0]
Ma_xp_A1800_n60_r12_v00_90000_fof_0.0014_0000.hdf5,/rds/general/ephemeral/user/nny124/ephemeral/martian_moons_data/Ma_xp_A1800_n60_r12_v00_90000_fof_0.0014_0000.hdf5,Policy,group,,,keep,[1]
Ma_xp_A1800_n60_r12_v00_90000_fof_0.0014_0000.hdf5,/rds/general/ephemeral/user/nny124/ephemeral/martian_moons_data/Ma_xp_A1800_n60_r12_v00_90000_fof_0.0014_0000.hdf5,Policy,group,,,line of sight,[0]
Ma_xp_A1800_n60_r12_v00_90000_fof_0.0014_0000.hdf5,/rds/general/ephemeral/user/nny124/ephemeral/martian_moons_data/Ma_xp_A1800_n60_r12_v00_90000_fof_0.0014_0000.hdf5,Policy,group,,,mpi,[0]
Ma_xp_A1800_n60_r12_v00_90000_fof_0.0014_0000.hdf5,/rds/general/ephemeral/user/nny124/ephemeral/martian_moons_data/Ma_xp_A1800_n60_r12_v00_90000_fof_0.0014_0000.hdf5,Policy,group,,,numa affinity,[1]
Ma_xp_A1800_n60_r12_v00_90000_fof_0.0014_0000.hdf5,/rds/general/ephemeral/user/nny124/ephemeral/martian_moons_data/Ma_xp_A1800_n60_r12_v00_90000_fof_0.0014_0000.hdf5,Policy,group,,,reconstruct multi-poles,[0]
Ma_xp_A1800_n60_r12_v00_90000_fof_0.0014_0000.hdf5,/rds/general/ephemeral/user/nny124/ephemeral/martian_moons_data/Ma_xp_A1800_n60_r12_v00_90000_fof_0.0014_0000.hdf5,Policy,group,,,rt,[0]
Ma_xp_A1800_n60_r12_v00_90000_fof_0.0014_0000.hdf5,/rds/general/ephemeral/user/nny124/ephemeral/martian_moons_data/Ma_xp_A1800_n60_r12_v00_90000_fof_0.0014_0000.hdf5,Policy,group,,,self gravity,[1]
Ma_xp_A1800_n60_r12_v00_90000_fof_0.0014_0000.hdf5,/rds/general/ephemeral/user/nny124/ephemeral/martian_moons_data/Ma_xp_A1800_n60_r12_v00_90000_fof_0.0014_0000.hdf5,Policy,group,,,sink,[0]
Ma_xp_A1800_n60_r12_v00_90000_fof_0.0014_0000.hdf5,/rds/general/ephemeral/user/nny124/ephemeral/martian_moons_data/Ma_xp_A1800_n60_r12_v00_90000_fof_0.0014_0000.hdf5,Policy,group,,,star formation,[0]
Ma_xp_A1800_n60_r12_v00_90000_fof_0.0014_0000.hdf5,/rds/general/ephemeral/user/nny124/ephemeral/martian_moons_data/Ma_xp_A1800_n60_r12_v00_90000_fof_0.0014_0000.hdf5,Policy,group,,,stars,[0]
Ma_xp_A1800_n60_r12_v00_90000_fof_0.0014_0000.hdf5,/rds/general/ephemeral/user/nny124/ephemeral/martian_moons_data/Ma_xp_A1800_n60_r12_v00_90000_fof_0.0014_0000.hdf5,Policy,group,,,steal,[1]
Ma_xp_A1800_n60_r12_v00_90000_fof_0.0014_0000.hdf5,/rds/general/ephemeral/user/nny124/ephemeral/martian_moons_data/Ma_xp_A1800_n60_r12_v00_90000_fof_0.0014_0000.hdf5,Policy,group,,,structure finding,[0]
Ma_xp_A1800_n60_r12_v00_90000_fof_0.0014_0000.hdf5,/rds/general/ephemeral/user/nny124/ephemeral/martian_moons_data/Ma_xp_A1800_n60_r12_v00_90000_fof_0.0014_0000.hdf5,Policy,group,,,temperature,[0]
Ma_xp_A1800_n60_r12_v00_90000_fof_0.0014_0000.hdf5,/rds/general/ephemeral/user/nny124/ephemeral/martian_moons_data/Ma_xp_A1800_n60_r12_v00_90000_fof_0.0014_0000.hdf5,Policy,group,,,time-step limiter,[0]
Ma_xp_A1800_n60_r12_v00_90000_fof_0.0014_0000.hdf5,/rds/general/ephemeral/user/nny124/ephemeral/martian_moons_data/Ma_xp_A1800_n60_r12_v00_90000_fof_0.0014_0000.hdf5,Policy,group,,,time-step sync,[0]
Ma_xp_A1800_n60_r12_v00_90000_fof_0.0014_0000.hdf5,/rds/general/ephemeral/user/nny124/ephemeral/martian_moons_data/Ma_xp_A1800_n60_r12_v00_90000_fof_0.0014_0000.hdf5,SubgridScheme,group,,,Chemistry Model,b'None'
Ma_xp_A1800_n60_r12_v00_90000_fof_0.0014_0000.hdf5,/rds/general/ephemeral/user/nny124/ephemeral/martian_moons_data/Ma_xp_A1800_n60_r12_v00_90000_fof_0.0014_0000.hdf5,SubgridScheme,group,,,Cooling Model,b'None'
Ma_xp_A1800_n60_r12_v00_90000_fof_0.0014_0000.hdf5,/rds/general/ephemeral/user/nny124/ephemeral/martian_moons_data/Ma_xp_A1800_n60_r12_v00_90000_fof_0.0014_0000.hdf5,SubgridScheme,group,,,Entropy floor,b'None'
Ma_xp_A1800_n60_r12_v00_90000_fof_0.0014_0000.hdf5,/rds/general/ephemeral/user/nny124/ephemeral/martian_moons_data/Ma_xp_A1800_n60_r12_v00_90000_fof_0.0014_0000.hdf5,SubgridScheme,group,,,Feedback Model,b'None'
Ma_xp_A1800_n60_r12_v00_90000_fof_0.0014_0000.hdf5,/rds/general/ephemeral/user/nny124/ephemeral/martian_moons_data/Ma_xp_A1800_n60_r12_v00_90000_fof_0.0014_0000.hdf5,SubgridScheme,group,,,Tracers,b'None'
Ma_xp_A1800_n60_r12_v00_90000_fof_0.0014_0000.hdf5,/rds/general/ephemeral/user/nny124/ephemeral/martian_moons_data/Ma_xp_A1800_n60_r12_v00_90000_fof_0.0014_0000.hdf5,SubgridScheme/NamedColumns,group,,,,
Ma_xp_A1800_n60_r12_v00_90000_fof_0.0014_0000.hdf5,/rds/general/ephemeral/user/nny124/ephemeral/martian_moons_data/Ma_xp_A1800_n60_r12_v00_90000_fof_0.0014_0000.hdf5,Units,group,,,Unit current in cgs (U_I),[1.]
Ma_xp_A1800_n60_r12_v00_90000_fof_0.0014_0000.hdf5,/rds/general/ephemeral/user/nny124/ephemeral/martian_moons_data/Ma_xp_A1800_n60_r12_v00_90000_fof_0.0014_0000.hdf5,Units,group,,,Unit length in cgs (U_L),[1.e+08]
Ma_xp_A1800_n60_r12_v00_90000_fof_0.0014_0000.hdf5,/rds/general/ephemeral/user/nny124/ephemeral/martian_moons_data/Ma_xp_A1800_n60_r12_v00_90000_fof_0.0014_0000.hdf5,Units,group,,,Unit mass in cgs (U_M),[1.e+27]
Ma_xp_A1800_n60_r12_v00_90000_fof_0.0014_0000.hdf5,/rds/general/ephemeral/user/nny124/ephemeral/martian_moons_data/Ma_xp_A1800_n60_r12_v00_90000_fof_0.0014_0000.hdf5,Units,group,,,Unit temperature in cgs (U_T),[1.]
Ma_xp_A1800_n60_r12_v00_90000_fof_0.0014_0000.hdf5,/rds/general/ephemeral/user/nny124/ephemeral/martian_moons_data/Ma_xp_A1800_n60_r12_v00_90000_fof_0.0014_0000.hdf5,Units,group,,,Unit time in cgs (U_t),[1.]
Ma_xp_A1800_n60_r12_v00_90000_fof_0.0014_0000.hdf5,/rds/general/ephemeral/user/nny124/ephemeral/martian_moons_data/Ma_xp_A1800_n60_r12_v00_90000_fof_0.0014_0000.hdf5,UnusedParameters,group,,,DomainDecomposition:trigger,b'0.1'
Ma_xp_A1800_n60_r12_v00_90000_fof_0.0014_0000.hdf5,/rds/general/ephemeral/user/nny124/ephemeral/martian_moons_data/Ma_xp_A1800_n60_r12_v00_90000_fof_0.0014_0000.hdf5,UnusedParameters,group,,,PointMassPotential:mass,b'0.6414'
Ma_xp_A1800_n60_r12_v00_90000_fof_0.0014_0000.hdf5,/rds/general/ephemeral/user/nny124/ephemeral/martian_moons_data/Ma_xp_A1800_n60_r12_v00_90000_fof_0.0014_0000.hdf5,UnusedParameters,group,,,PointMassPotential:position,"b'[0.0, 0.0, 0.0]'"
Ma_xp_A1800_n60_r12_v00_90000_fof_0.0014_0000.hdf5,/rds/general/ephemeral/user/nny124/ephemeral/martian_moons_data/Ma_xp_A1800_n60_r12_v00_90000_fof_0.0014_0000.hdf5,UnusedParameters,group,,,PointMassPotential:timestep_mult,b'0.1'
Ma_xp_A1800_n60_r12_v00_90000_fof_0.0014_0000.hdf5,/rds/general/ephemeral/user/nny124/ephemeral/martian_moons_data/Ma_xp_A1800_n60_r12_v00_90000_fof_0.0014_0000.hdf5,UnusedParameters,group,,,PointMassPotential:useabspos,b'0'
Ma_xp_A1800_n60_r12_v00_90000_fof_0.0014_0000.hdf5,/rds/general/ephemeral/user/nny124/ephemeral/martian_moons_data/Ma_xp_A1800_n60_r12_v00_90000_fof_0.0014_0000.hdf5,UnusedParameters,group,,,Restarts:basename,b'Ma_xp_A1800_n60_r12_v00'
Ma_xp_A1800_n60_r12_v00_90000_fof_0.0014_0000.hdf5,/rds/general/ephemeral/user/nny124/ephemeral/martian_moons_data/Ma_xp_A1800_n60_r12_v00_90000_fof_0.0014_0000.hdf5,UnusedParameters,group,,,Restarts:delta_hours,b'12'
Ma_xp_A1800_n60_r12_v00_90000_fof_0.0014_0000.hdf5,/rds/general/ephemeral/user/nny124/ephemeral/martian_moons_data/Ma_xp_A1800_n60_r12_v00_90000_fof_0.0014_0000.hdf5,UnusedParameters,group,,,Restarts:enable,b'1'
Ma_xp_A1800_n60_r12_v00_90000_fof_0.0014_0000.hdf5,/rds/general/ephemeral/user/nny124/ephemeral/martian_moons_data/Ma_xp_A1800_n60_r12_v00_90000_fof_0.0014_0000.hdf5,UnusedParameters,group,,,Restarts:max_run_time,b'70'
Ma_xp_A1800_n60_r12_v00_90000_fof_0.0014_0000.hdf5,/rds/general/ephemeral/user/nny124/ephemeral/martian_moons_data/Ma_xp_A1800_n60_r12_v00_90000_fof_0.0014_0000.hdf5,UnusedParameters,group,,,Restarts:onexit,b'1'
Ma_xp_A1800_n60_r12_v00_90000_fof_0.0014_0000.hdf5,/rds/general/ephemeral/user/nny124/ephemeral/martian_moons_data/Ma_xp_A1800_n60_r12_v00_90000_fof_0.0014_0000.hdf5,UnusedParameters,group,,,Restarts:resubmit_command,b'../auto_resubmit_c6_xp.sh'
Ma_xp_A1800_n60_r12_v00_90000_fof_0.0014_0000.hdf5,/rds/general/ephemeral/user/nny124/ephemeral/martian_moons_data/Ma_xp_A1800_n60_r12_v00_90000_fof_0.0014_0000.hdf5,UnusedParameters,group,,,Restarts:resubmit_on_exit,b'1'
Ma_xp_A1800_n60_r12_v00_90000_fof_0.0014_0000.hdf5,/rds/general/ephemeral/user/nny124/ephemeral/martian_moons_data/Ma_xp_A1800_n60_r12_v00_90000_fof_0.0014_0000.hdf5,UnusedParameters,group,,,Restarts:save,b'1'
Ma_xp_A1800_n60_r12_v00_90000_fof_0.0014_0000.hdf5,/rds/general/ephemeral/user/nny124/ephemeral/martian_moons_data/Ma_xp_A1800_n60_r12_v00_90000_fof_0.0014_0000.hdf5,UnusedParameters,group,,,Restarts:subdir,b'restart'
Ma_xp_A1800_n60_r12_v00_90000_fof_0.0014_0000.hdf5,/rds/general/ephemeral/user/nny124/ephemeral/martian_moons_data/Ma_xp_A1800_n60_r12_v00_90000_fof_0.0014_0000.hdf5,UnusedParameters,group,,,SPH:CFL_condition,b'0.2'
Ma_xp_A1800_n60_r12_v00_90000_fof_0.0014_0000.hdf5,/rds/general/ephemeral/user/nny124/ephemeral/martian_moons_data/Ma_xp_A1800_n60_r12_v00_90000_fof_0.0014_0000.hdf5,UnusedParameters,group,,,SPH:delta_neighbours,b'0.1'
Ma_xp_A1800_n60_r12_v00_90000_fof_0.0014_0000.hdf5,/rds/general/ephemeral/user/nny124/ephemeral/martian_moons_data/Ma_xp_A1800_n60_r12_v00_90000_fof_0.0014_0000.hdf5,UnusedParameters,group,,,SPH:h_max,b'0.1'
Ma_xp_A1800_n60_r12_v00_90000_fof_0.0014_0000.hdf5,/rds/general/ephemeral/user/nny124/ephemeral/martian_moons_data/Ma_xp_A1800_n60_r12_v00_90000_fof_0.0014_0000.hdf5,UnusedParameters,group,,,SPH:resolution_eta,b'1.2348'
Ma_xp_A1800_n60_r12_v00_90000_fof_0.0014_0000.hdf5,/rds/general/ephemeral/user/nny124/ephemeral/martian_moons_data/Ma_xp_A1800_n60_r12_v00_90000_fof_0.0014_0000.hdf5,UnusedParameters,group,,,SPH:viscosity_alpha,b'1.5'
Ma_xp_A1800_n60_r12_v00_90000_fof_0.0014_0000.hdf5,/rds/general/ephemeral/user/nny124/ephemeral/martian_moons_data/Ma_xp_A1800_n60_r12_v00_90000_fof_0.0014_0000.hdf5,UnusedParameters,group,,,Snapshots:output_list,b'../output_list_90ks.txt'
Ma_xp_A1800_n60_r12_v00_90000_fof_0.0014_0000.hdf5,/rds/general/ephemeral/user/nny124/ephemeral/martian_moons_data/Ma_xp_A1800_n60_r12_v00_90000_fof_0.0014_0000.hdf5,UnusedParameters,group,,,Snapshots:output_list_on,b'1'
