fof_file,physical_file,mass_code,resolution_code,periapsis_code,velocity_code,spin_code,timestep,fof_linking_length,n_fragments,largest_fragment_particle_count,total_fragment_mass_kg,bound_fragment_count,bound_mass_kg,bound_mass_fraction,largest_bound_fragment_mass_kg,unbound_fragment_count,unbound_mass_kg,unbound_mass_fraction,largest_unbound_fragment_mass_kg,mass_value,special_case_code,spin_value,spin_axis,has_explicit_spin,resolution_value,periapsis_value,velocity_value,chunk_index,mass_log10_kg,target_mass_kg,particle_log10,periapsis_Rm,v_inf_kms,spin_period_hr,has_spin,bound_mass_fraction_ge_0_1,largest_fragment_mass_kg,largest_fragment_mass_fraction,encounter_eccentricity_proxy,v_inf_squared,periapsis_inverse,spin_frequency_hr_inv,angular_momentum_proxy,asteroid_radius_km,time_within_2_mars_radii_hr,time_within_tidal_disruption_hr,particle_mass_proxy,mass_resolution_interaction,row_index,fold_index,actual_bmf,predicted_positive_probability,predicted_positive_bmf,predicted_bmf,benchmark_random_forest_bmf,absolute_error,benchmark_disagreement,predicted_bmf_ge_0p1
Ma_xp_A1800_n60_r12_v00_90000_fof_0.0001_0000.hdf5,Ma_xp_A1800_n60_r12_v00_90000.hdf5,A1800,n60,r12,v00,,90000,0.0001,0,0,0.0,0,0.0,0.0,0.0,0,0.0,0.0,0.0,1800,none,,none,False,60,12,0,0,18.0,1e+18,1.7781512503836436,1.2,0.0,,0,False,0.0,0.0,1.0,0.0,0.8333333333333334,,0.0,44.550153919065856,0.9827806394355548,1.614442585309293,1.6666666666666666e+16,16.221848749616356,0,2,0.0,0.036762913612685966,0.014954375112820828,0.000549766400404333,0.0024596540098561176,0.000549766400404333,0.0019098876094517845,False
Ma_xp_A1800_n60_r12_v00_90000_fof_0.0013_0000.hdf5,Ma_xp_A1800_n60_r12_v00_90000.hdf5,A1800,n60,r12,v00,,90000,0.0013,265,69353,9.907059774086918e+17,0,0.0,0.0,0.0,265,9.907059774086918e+17,1.0,6.9126856513801624e+16,1800,none,,none,False,60,12,0,0,18.0,1e+18,1.7781512503836436,1.2,0.0,,0,False,6.9126856513801624e+16,0.06912685651380163,1.0,0.0,0.8333333333333334,,0.0,44.550153919065856,0.9827806394355548,1.614442585309293,1.6666666666666666e+16,16.221848749616356,1,2,0.0,0.023169315282965404,0.014954375112820828,0.0003464826318486771,0.0014312967201457667,0.0003464826318486771,0.0010848140882970896,False
Ma_xp_A1800_n60_r12_v00_90000_fof_0.0014_0000.hdf5,Ma_xp_A1800_n60_r12_v00_90000.hdf5,A1800,n60,r12,v00,,90000,0.0014,265,69353,9.908983480820175e+17,0,0.0,0.0,0.0,265,9.908983480820175e+17,1.0,6.9126856513801624e+16,1800,none,,none,False,60,12,0,0,18.0,1e+18,1.7781512503836436,1.2,0.0,,0,False,6.9126856513801624e+16,0.06912685651380163,1.0,0.0,0.8333333333333334,,0.0,44.550153919065856,0.9827806394355548,1.614442585309293,1.6666666666666666e+16,16.221848749616356,2,2,0.0,0.010914910010297645,0.014954375112820828,0.00016322565861667403,0.0008648572949938358,0.00016322565861667403,0.0007016316363771618,False
Ma_xp_A1800_n60_r12_v00_90000_fof_0.0016_0000.hdf5,Ma_xp_A1800_n60_r12_v00_90000.hdf5,A1800,n60,r12,v00,,90000,0.0016,264,69353,9.912163078995868e+17,0,0.0,0.0,0.0,264,9.912163078995868e+17,1.0,6.9126856513801624e+16,1800,none,,none,False,60,12,0,0,18.0,1e+18,1.7781512503836436,1.2,0.0,,0,False,6.9126856513801624e+16,0.06912685651380163,1.0,0.0,0.8333333333333334,,0.0,44.550153919065856,0.9827806394355548,1.614442585309293,1.6666666666666666e+16,16.221848749616356,3,2,0.0,0.010451475034208992,0.019592674515955255,0.0002047723485568891,0.0008075390198296525,0.0002047723485568891,0.0006027666712727634,False
Ma_xp_A1800_n60_r12_v00_90000_fof_0.002_0000.hdf5,Ma_xp_A1800_n60_r12_v00_90000.hdf5,A1800,n60,r12,v00,,90000,0.002,265,69353,9.908983480820175e+17,0,0.0,0.0,0.0,265,9.908983480820175e+17,1.0,6.9126856513801624e+16,1800,none,,none,False,60,12,0,0,18.0,1e+18,1.7781512503836436,1.2,0.0,,0,False,6.9126856513801624e+16,0.06912685651380163,1.0,0.0,0.8333333333333334,,0.0,44.550153919065856,0.9827806394355548,1.614442585309293,1.6666666666666666e+16,16.221848749616356,4,2,0.0,0.013335084936065932,0.019592674515955255,0.0002612699787949578,0.0006706494920846023,0.0002612699787949578,0.0004093795132896445,False
Ma_xp_A1800_n60_r16_v00_90000_fof_0.0001_0000.hdf5,Ma_xp_A1800_n60_r16_v00_90000.hdf5,A1800,n60,r16,v00,,90000,0.0001,0,0,0.0,0,0.0,0.0,0.0,0,0.0,0.0,0.0,1800,none,,none,False,60,16,0,0,18.0,1e+18,1.7781512503836436,1.6,0.0,,0,False,0.0,0.0,1.0,0.0,0.625,,0.0,44.550153919065856,0.821281919029865,1.608818427700622,1.6666666666666666e+16,16.221848749616356,5,4,0.0,0.0009382430303559696,0.013534273542427283,1.2698437822113599e-05,0.0,1.2698437822113599e-05,1.2698437822113599e-05,False
Ma_xp_A1800_n60_r16_v00_90000_fof_0.0013_0000.hdf5,Ma_xp_A1800_n60_r16_v00_90000.hdf5,A1800,n60,r16,v00,,90000,0.0013,88,278913,9.971349455086552e+17,0,0.0,0.0,0.0,88,9.971349455086552e+17,1.0,2.7800353165490752e+17,1800,none,,none,False,60,16,0,0,18.0,1e+18,1.7781512503836436,1.6,0.0,,0,False,2.7800353165490752e+17,0.27800353165490754,1.0,0.0,0.625,,0.0,44.550153919065856,0.821281919029865,1.608818427700622,1.6666666666666666e+16,16.221848749616356,6,4,0.0,0.0013817542965982742,0.013534273542427283,1.8701040618585243e-05,0.0,1.8701040618585243e-05,1.8701040618585243e-05,False
Ma_xp_A1800_n60_r16_v00_90000_fof_0.0014_0000.hdf5,Ma_xp_A1800_n60_r16_v00_90000.hdf5,A1800,n60,r16,v00,,90000,0.0014,88,278913,9.972346194326582e+17,0,0.0,0.0,0.0,88,9.972346194326582e+17,1.0,2.7800353165490752e+17,1800,none,,none,False,60,16,0,0,18.0,1e+18,1.7781512503836436,1.6,0.0,,0,False,2.7800353165490752e+17,0.27800353165490754,1.0,0.0,0.625,,0.0,44.550153919065856,0.821281919029865,1.608818427700622,1.6666666666666666e+16,16.221848749616356,7,4,0.0,0.001876773347671208,0.013534273542427283,2.540076386451911e-05,0.0,2.540076386451911e-05,2.540076386451911e-05,False
Ma_xp_A1800_n60_r16_v00_90000_fof_0.0016_0000.hdf5,Ma_xp_A1800_n60_r16_v00_90000.hdf5,A1800,n60,r16,v00,,90000,0.0016,88,278913,9.973442607490614e+17,0,0.0,0.0,0.0,88,9.973442607490614e+17,1.0,2.7800353165490752e+17,1800,none,,none,False,60,16,0,0,18.0,1e+18,1.7781512503836436,1.6,0.0,,0,False,2.7800353165490752e+17,0.27800353165490754,1.0,0.0,0.625,,0.0,44.550153919065856,0.821281919029865,1.608818427700622,1.6666666666666666e+16,16.221848749616356,8,4,0.0,0.002571966097435591,0.013534273542427283,3.4809692704542474e-05,0.0,3.4809692704542474e-05,3.4809692704542474e-05,False
Ma_xp_A1800_n60_r16_v00_90000_fof_0.002_0000.hdf5,Ma_xp_A1800_n60_r16_v00_90000.hdf5,A1800,n60,r16,v00,,90000,0.002,88,278913,9.974967618527858e+17,0,0.0,0.0,0.0,88,9.974967618527858e+17,1.0,2.7800353165490752e+17,1800,none,,none,False,60,16,0,0,18.0,1e+18,1.7781512503836436,1.6,0.0,,0,False,2.7800353165490752e+17,0.27800353165490754,1.0,0.0,0.625,,0.0,44.550153919065856,0.821281919029865,1.608818427700622,1.6666666666666666e+16,16.221848749616356,9,4,0.0,0.010950675440751106,0.013534273542427283,0.0001482094368894659,1.7010068409416668e-07,0.0001482094368894659,0.00014803933620537174,False
Ma_xp_A1850_n60_r12_v00_90000_fof_0.0014_0000.hdf5,Ma_xp_A1850_n60_r12_v00_90000.hdf5,A1850,n60,r12,v00,,90000,0.0014,132,55215,3.152599249646037e+18,0,0.0,0.0,0.0,132,3.152599249646037e+18,1.0,1.7405336223306835e+17,1850,none,,none,False,60,12,0,0,18.5,3.1622776601683794e+18,1.7781512503836436,1.2,0.0,,0,False,1.7405336223306835e+17,0.05504050590668268,1.0,0.0,0.8333333333333334,,0.0,65.39068329485534,0.9827806394355548,1.614442585309293,5.270462766947299e+16,16.721848749616356,10,4,0.0,0.0033886901400501917,0.04816102735787234,0.00016320279854230952,2.873976069563322e-06,0.00016320279854230952,0.0001603288224727462,False
Ma_xp_A1850_n60_r12_v00_90000_fof_0.0019_0000.hdf5,Ma_xp_A1850_n60_r12_v00_90000.hdf5,A1850,n60,r12,v00,,90000,0.0019,135,55222,3.1545883408634404e+18,0,0.0,0.0,0.0,135,3.1545883408634404e+18,1.0,1.740754282212171e+17,1850,none,,none,False,60,12,0,0,18.5,3.1622776601683794e+18,1.7781512503836436,1.2,0.0,,0,False,1.740754282212171e+17,0.055047483784819905,1.0,0.0,0.8333333333333334,,0.0,65.39068329485534,0.9827806394355548,1.614442585309293,5.270462766947299e+16,16.721848749616356,11,4,0.0,0.009663591568361973,0.04816102735787234,0.0004654084978991854,2.873976069563322e-06,0.0004654084978991854,0.0004625345218296221,False
Ma_xp_A1850_n60_r12_v00_90000_fof_0.0024_0000.hdf5,Ma_xp_A1850_n60_r12_v00_90000.hdf5,A1850,n60,r12,v00,,90000,0.0024,135,55225,3.1552093408156257e+18,0,0.0,0.0,0.0,135,3.1552093408156257e+18,1.0,1.7408488507328083e+17,1850,none,,none,False,60,12,0,0,18.5,3.1622776601683794e+18,1.7781512503836436,1.2,0.0,,0,False,1.7408488507328083e+17,0.055050474304021574,1.0,0.0,0.8333333333333334,,0.0,65.39068329485534,0.9827806394355548,1.614442585309293,5.270462766947299e+16,16.721848749616356,12,4,0.0,0.036556975704754954,0.05759782218623356,0.0021056021863089364,0.00015551908431370927,0.0021056021863089364,0.0019500831019952272,False
Ma_xp_A1850_n60_r12_v00_90000_fof_0.002_0000.hdf5,Ma_xp_A1850_n60_r12_v00_90000.hdf5,A1850,n60,r12,v00,,90000,0.002,135,55222,3.1547491073485245e+18,0,0.0,0.0,0.0,135,3.1547491073485245e+18,1.0,1.740754282212171e+17,1850,none,,none,False,60,12,0,0,18.5,3.1622776601683794e+18,1.7781512503836436,1.2,0.0,,0,False,1.740754282212171e+17,0.055047483784819905,1.0,0.0,0.8333333333333334,,0.0,65.39068329485534,0.9827806394355548,1.614442585309293,5.270462766947299e+16,16.721848749616356,13,4,0.0,0.0367704151418526,0.04816102735787234,0.0017709009696070864,2.9616616837011154e-06,0.0017709009696070864,0.0017679393079233852,False
Ma_xp_A1850_n60_r16_v00_90000_fof_0.0014_0000.hdf5,Ma_xp_A1850_n60_r16_v00_90000.hdf5,A1850,n60,r16,v00,,90000,0.0014,61,210426,3.1572204980234496e+18,0,0.0,0.0,0.0,61,3.1572204980234496e+18,1.0,6.633225174549916e+17,1850,none,,none,False,60,16,0,0,18.5,3.1622776601683794e+18,1.7781512503836436,1.6,0.0,,0,False,6.633225174549916e+17,0.20976099784345698,1.0,0.0,0.625,,0.0,65.39068329485534,0.821281919029865,1.608818427700622,5.270462766947299e+16,16.721848749616356,14,3,0.0,0.00153983815601014,0.0007084177959757465,1.0908487526400611e-06,3.551851106437111e-05,1.0908487526400611e-06,3.442766231173105e-05,False
Ma_xp_A1850_n60_r16_v00_90000_fof_0.0019_0000.hdf5,Ma_xp_A1850_n60_r16_v00_90000.hdf5,A1850,n60,r16,v00,,90000,0.0019,61,210429,3.1580590055731005e+18,0,0.0,0.0,0.0,61,3.1580590055731005e+18,1.0,6.633319743070554e+17,1850,none,,none,False,60,16,0,0,18.5,3.1622776601683794e+18,1.7781512503836436,1.6,0.0,,0,False,6.633319743070554e+17,0.20976398836265864,1.0,0.0,0.625,,0.0,65.39068329485534,0.821281919029865,1.608818427700622,5.270462766947299e+16,16.721848749616356,15,3,0.0,0.0015888740160929847,0.0015469446640949958,2.457900181114229e-06,2.742651927648637e-05,2.457900181114229e-06,2.496861909537214e-05,False
Ma_xp_A1850_n60_r16_v00_90000_fof_0.0024_0000.hdf5,Ma_xp_A1850_n60_r16_v00_90000.hdf5,A1850,n60,r16,v00,,90000,0.0024,61,210429,3.1581724877978655e+18,0,0.0,0.0,0.0,61,3.1581724877978655e+18,1.0,6.633319743070554e+17,1850,none,,none,False,60,16,0,0,18.5,3.1622776601683794e+18,1.7781512503836436,1.6,0.0,,0,False,6.633319743070554e+17,0.20976398836265864,1.0,0.0,0.625,,0.0,65.39068329485534,0.821281919029865,1.608818427700622,5.270462766947299e+16,16.721848749616356,16,3,0.0,0.006502594839655489,0.001434146160430222,9.325671422125293e-06,5.878298067671784e-06,9.325671422125293e-06,3.447373354453509e-06,False
Ma_xp_A1850_n60_r16_v00_90000_fof_0.002_0000.hdf5,Ma_xp_A1850_n60_r16_v00_90000.hdf5,A1850,n60,r16,v00,,90000,0.002,61,210429,3.158099985265377e+18,0,0.0,0.0,0.0,61,3.158099985265377e+18,1.0,6.633319743070554e+17,1850,none,,none,False,60,16,0,0,18.5,3.1622776601683794e+18,1.7781512503836436,1.6,0.0,,0,False,6.633319743070554e+17,0.20976398836265864,1.0,0.0,0.625,,0.0,65.39068329485534,0.821281919029865,1.608818427700622,5.270462766947299e+16,16.721848749616356,17,3,0.0,0.00509215914522016,0.0015469446640949958,7.877288418420861e-06,4.563298238404651e-06,7.877288418420861e-06,3.31399018001621e-06,False
Ma_xp_A1900_n50_r12_v00_90000_fof_0.006_0000.hdf5,Ma_xp_A1900_n50_r12_v00_90000.hdf5,A1900,n50,r12,v00,,90000,0.006,47,10370,9.977113779923413e+18,0,0.0,0.0,0.0,47,9.977113779923413e+18,1.0,9.545935737544728e+17,1900,none,,none,False,50,12,0,0,19.0,1e+19,1.6989700043360187,1.2,0.0,,0,False,9.545935737544728e+17,0.09545935737544728,1.0,0.0,0.8333333333333334,,0.0,95.98039704949537,0.9827806394355548,1.614442585309293,2e+17,17.30102999566398,18,3,0.0,0.13457394109588316,0.02119718318318814,0.002852588481093006,0.008311712807896178,0.002852588481093006,0.005459124326803172,False
Ma_xp_A1900_n50_r16_v00_90000_fof_0.006_0000.hdf5,Ma_xp_A1900_n50_r16_v00_90000.hdf5,A1900,n50,r16,v00,,90000,0.006,17,45734,9.99018536020568e+18,0,0.0,0.0,0.0,17,9.99018536020568e+18,1.0,4.2099693830416394e+18,1900,none,,none,False,50,16,0,0,19.0,1e+19,1.6989700043360187,1.6,0.0,,0,False,4.2099693830416394e+18,0.42099693830416396,1.0,0.0,0.625,,0.0,95.98039704949537,0.821281919029865,1.608818427700622,2e+17,17.30102999566398,19,2,0.0,0.03721845664906027,0.05635830164853063,0.0020975690067204992,0.006126859577233711,0.0020975690067204992,0.004029290570513211,False
Ma_xp_A1900_n55_r12_v00_90000_fof_0.004_0000.hdf5,Ma_xp_A1900_n55_r12_v00_90000.hdf5,A1900,n55,r12,v00,,90000,0.004,72,28826,9.98386401305505e+18,0,0.0,0.0,0.0,72,9.98386401305505e+18,1.0,9.023706120435626e+17,1900,none,,none,False,55,12,0,0,19.0,1e+19,1.7403626894942439,1.2,0.0,,0,False,9.023706120435626e+17,0.09023706120435626,1.0,0.0,0.8333333333333334,,0.0,95.98039704949537,0.9827806394355548,1.614442585309293,1.8181818181818182e+17,17.259637310505756,20,1,0.0,0.5664576236812022,0.04001314408031145,0.02266575051174679,0.010255238305480427,0.02266575051174679,0.012410512206266362,False
Ma_xp_A1900_n55_r16_v00_90000_fof_0.004_0000.hdf5,Ma_xp_A1900_n55_r16_v00_90000.hdf5,A1900,n55,r16,v00,,90000,0.004,36,90645,9.99037525593954e+18,0,0.0,0.0,0.0,36,9.99037525593954e+18,1.0,2.837555822133129e+18,1900,none,,none,False,55,16,0,0,19.0,1e+19,1.7403626894942439,1.6,0.0,,0,False,2.837555822133129e+18,0.28375558221331293,1.0,0.0,0.625,,0.0,95.98039704949537,0.821281919029865,1.608818427700622,1.8181818181818182e+17,17.259637310505756,21,0,0.0,0.022919868057328662,0.0,0.0,0.004275317752810391,0.0,0.004275317752810391,False
Ma_xp_A1900_n60_r12_v00_90000_fof_0.003_0000.hdf5,Ma_xp_A1900_n60_r12_v00_90000.hdf5,A1900,n60,r12,v00,,90000,0.003,123,64224,9.988487567434828e+18,1,1.835448272894502e+17,0.0183756375577676,1.835448272894502e+17,122,9.804942740145375e+18,0.9816243624422324,6.403032584372952e+17,1900,none,,none,False,60,12,0,0,19.0,1e+19,1.7781512503836436,1.2,0.0,,0,False,6.403032584372952e+17,0.06403032584372953,1.0,0.0,0.8333333333333334,,0.0,95.98039704949537,0.9827806394355548,1.614442585309293,1.6666666666666666e+17,17.221848749616356,22,4,0.0183756375577676,0.05123525840617745,0.06009927756560132,0.003079202016098167,0.0016928325354491252,0.015296435541669432,0.001386369480649042,False
Ma_xp_A1900_n60_r16_v00_90000_fof_0.003_0000.hdf5,Ma_xp_A1900_n60_r16_v00_90000.hdf5,A1900,n60,r16,v00,,90000,0.003,63,264980,9.990750722011933e+18,0,0.0,0.0,0.0,63,9.990750722011933e+18,1.0,2.6418092523231416e+18,1900,none,,none,False,60,16,0,0,19.0,1e+19,1.7781512503836436,1.6,0.0,,0,False,2.6418092523231416e+18,0.2641809252323142,1.0,0.0,0.625,,0.0,95.98039704949537,0.821281919029865,1.608818427700622,1.6666666666666666e+17,17.221848749616356,23,3,0.0,0.4714416207840923,0.0007249325368600679,0.0003417633701364341,0.004922893356774339,0.0003417633701364341,0.004581129986637905,False
Ma_xp_A1900_n65_r12_v00_90000_fof_0.0019_0000.hdf5,Ma_xp_A1900_n65_r12_v00_90000.hdf5,A1900,n65,r12,v00,,90000,0.0019,219,230085,9.988508185932618e+18,0,0.0,0.0,0.0,219,9.988508185932618e+18,1.0,7.127150260422953e+17,1900,none,,none,False,65,12,0,0,19.0,1e+19,1.8129133566428555,1.2,0.0,,0,False,7.127150260422953e+17,0.07127150260422953,1.0,0.0,0.8333333333333334,,0.0,95.98039704949537,0.9827806394355548,1.614442585309293,1.5384615384615386e+17,17.187086643357144,24,2,0.0,0.04921879572679599,0.024033629752542085,0.0011829063133638152,0.005573710448615476,0.0011829063133638152,0.004390804135251661,False
Ma_xp_A1900_n65_r12_v00_90000_fof_0.002_0000.hdf5,Ma_xp_A1900_n65_r12_v00_90000.hdf5,A1900,n65,r12,v00,,90000,0.002,219,230085,9.988783873775448e+18,0,0.0,0.0,0.0,219,9.988783873775448e+18,1.0,7.127150260422953e+17,1900,none,,none,False,65,12,0,0,19.0,1e+19,1.8129133566428555,1.2,0.0,,0,False,7.127150260422953e+17,0.07127150260422953,1.0,0.0,0.8333333333333334,,0.0,95.98039704949537,0.9827806394355548,1.614442585309293,1.5384615384615386e+17,17.187086643357144,25,2,0.0,0.06492223286051729,0.024033629752542085,0.0015603169072779938,0.00564143455926468,0.0015603169072779938,0.004081117651986686,False
Ma_xp_A1900_n65_r12_v02_90000_fof_0.002_0000.hdf5,Ma_xp_A1900_n65_r12_v02_90000.hdf5,A1900,n65,r12,v02,,90000,0.002,268,202858,9.655879807367002e+18,1,381006787927362.9,3.9458526362007095e-05,381006787927362.9,267,9.655498800579074e+18,0.999960541473638,6.28376219391658e+17,1900,none,,none,False,65,12,2,0,19.0,1e+19,1.8129133566428555,1.2,0.2,,0,False,6.28376219391658e+17,0.0628376219391658,1.0037987903812355,0.04000000000000001,0.8333333333333334,,0.24,95.98039704949537,0.9806831622829186,1.6105617858015973,1.5384615384615386e+17,17.187086643357144,26,2,3.9458526362007095e-05,0.04302115155276025,0.03232491742194679,0.001390655171340033,0.005548638866155227,0.0013511966449780259,0.004157983694815194,False
Ma_xp_A1900_n65_r12_v04_90000_fof_0.002_0000.hdf5,Ma_xp_A1900_n65_r12_v04_90000.hdf5,A1900,n65,r12,v04,,90000,0.002,255,233489,9.984177558680467e+18,0,0.0,0.0,0.0,255,9.984177558680467e+18,1.0,7.232593000513503e+17,1900,none,,none,False,65,12,4,0,19.0,1e+19,1.8129133566428555,1.2,0.4,,0,False,7.232593000513503e+17,0.07232593000513503,1.0151951615249424,0.16000000000000003,0.8333333333333334,,0.48,95.98039704949537,0.9744710491123042,1.5990893158984896,1.5384615384615386e+17,17.187086643357144,27,1,0.0,0.2824646508103443,0.007715919581141623,0.0021794745301678665,0.001991313898317948,0.0021794745301678665,0.00018816063184991846,False
Ma_xp_A1900_n65_r12_v08_90000_fof_0.002_0000.hdf5,Ma_xp_A1900_n65_r12_v08_90000.hdf5,A1900,n65,r12,v08,,90000,0.002,241,250293,9.981185261472076e+18,0,0.0,0.0,0.0,241,9.981185261472076e+18,1.0,7.753116420384049e+17,1900,none,,none,False,65,12,8,0,19.0,1e+19,1.8129133566428555,1.2,0.8,,0,False,7.753116420384049e+17,0.07753116420384049,1.06078064609977,0.6400000000000001,0.8333333333333334,,0.96,95.98039704949537,0.950761528447568,1.5555878292397605,1.5384615384615386e+17,17.187086643357144,28,0,0.0,0.017538233807780447,0.09618063221718187,0.0016868384156050764,0.008983988889420006,0.0016868384156050764,0.0072971504738149305,False
Ma_xp_A1900_n65_r12_v10_90000_fof_0.002_0000.hdf5,Ma_xp_A1900_n65_r12_v10_90000.hdf5,A1900,n65,r12,v10,,90000,0.002,284,309332,9.505983063680215e+18,0,0.0,0.0,0.0,284,9.505983063680215e+18,1.0,9.581918026295567e+17,1900,none,,none,False,65,12,10,0,19.0,1e+19,1.8129133566428555,1.2,1.0,,0,False,9.581918026295567e+17,0.09581918026295567,1.0949697595308905,1.0,0.8333333333333334,,1.2,95.98039704949537,0.934080602193229,1.5252422398947536,1.5384615384615386e+17,17.187086643357144,29,4,0.0,0.0012981018086073684,0.09857270050305059,0.00012795740080232242,0.002539172751667637,0.00012795740080232242,0.0024112153508653146,False
Ma_xp_A1900_n65_r13_v00_90000_fof_0.002_0000.hdf5,Ma_xp_A1900_n65_r13_v00_90000.hdf5,A1900,n65,r13,v00,,90000,0.002,252,231952,9.985571485955656e+18,0,0.0,0.0,0.0,252,9.985571485955656e+18,1.0,7.184982640102825e+17,1900,none,,none,False,65,13,0,0,19.0,1e+19,1.8129133566428555,1.3,0.0,,0,False,7.184982640102825e+17,0.07184982640102824,1.0,0.0,0.7692307692307692,,0.0,95.98039704949537,0.9610937965888252,1.6225211180584214,1.5384615384615386e+17,17.187086643357144,30,3,0.0,0.04531720490291894,0.010854508667091617,0.0004918959933871003,0.004792796887354184,0.0004918959933871003,0.004300900893967084,False
Ma_xp_A1900_n65_r14_v00_90000_fof_0.002_0000.hdf5,Ma_xp_A1900_n65_r14_v00_90000.hdf5,A1900,n65,r14,v00,,90000,0.002,248,258552,9.98832836433961e+18,0,0.0,0.0,0.0,248,9.98832836433961e+18,1.0,8.008948539207593e+17,1900,none,,none,False,65,14,0,0,19.0,1e+19,1.8129133566428555,1.4,0.0,,0,False,8.008948539207593e+17,0.08008948539207593,1.0,0.0,0.7142857142857143,,0.0,95.98039704949537,0.9284869091985879,1.6245823617011257,1.5384615384615386e+17,17.187086643357144,31,2,0.0,0.01744080393435037,0.03808388228715,0.000664213524029062,0.00393832492490061,0.000664213524029062,0.0032741114008715483,False
Ma_xp_A1900_n65_r14_v02_90000_fof_0.002_0000.hdf5,Ma_xp_A1900_n65_r14_v02_90000.hdf5,A1900,n65,r14,v02,,90000,0.002,245,352051,9.985720171531235e+18,0,0.0,0.0,0.0,245,9.985720171531235e+18,1.0,1.0905188674560852e+18,1900,none,,none,False,65,14,2,0,19.0,1e+19,1.8129133566428555,1.4,0.2,,0,False,1.0905188674560852e+18,0.10905188674560852,1.0044319221114415,0.04000000000000001,0.7142857142857143,,0.27999999999999997,95.98039704949537,0.9262757119149415,1.6202992181841533,1.5384615384615386e+17,17.187086643357144,32,0,0.0,0.08544309492042261,0.006207661308224366,0.0005304017943924493,0.00023954800304504484,0.0005304017943924493,0.0002908537913474045,False
Ma_xp_A1900_n65_r14_v06_90000_fof_0.002_0000.hdf5,Ma_xp_A1900_n65_r14_v06_90000.hdf5,A1900,n65,r14,v06,,90000,0.002,230,374568,9.98440058705174e+18,0,0.0,0.0,0.0,230,9.98440058705174e+18,1.0,1.16026789057692e+18,1900,none,,none,False,65,14,6,0,19.0,1e+19,1.8129133566428555,1.4,0.6,,0,False,1.16026789057692e+18,0.11602678905769201,1.039887299002974,0.36,0.7142857142857143,,0.84,95.98039704949537,0.909138866083224,1.5872288991616488,1.5384615384615386e+17,17.187086643357144,33,1,0.0,0.017781916640999762,0.0686918831829859,0.0012214733406731486,0.007586171403088662,0.0012214733406731486,0.006364698062415514,False
Ma_xp_A1900_n65_r15_v00_90000_fof_0.002_0000.hdf5,Ma_xp_A1900_n65_r15_v00_90000.hdf5,A1900,n65,r15,v00,,90000,0.002,198,315222,9.987770793431106e+18,0,0.0,0.0,0.0,198,9.987770793431106e+18,1.0,9.764367618240196e+17,1900,none,,none,False,65,15,0,0,19.0,1e+19,1.8129133566428555,1.5,0.0,,0,False,9.764367618240196e+17,0.09764367618240195,1.0,0.0,0.6666666666666666,,0.0,95.98039704949537,0.8829049036741616,1.6201874567538088,1.5384615384615386e+17,17.187086643357144,34,4,0.0,0.025421220751303278,0.019770458049241213,0.0005025891784241417,0.0005732521099640385,0.0005025891784241417,7.066293153989685e-05,False
Ma_xp_A1900_n65_r16_v00_90000_fof_0.0019_0000.hdf5,Ma_xp_A1900_n65_r16_v00_90000.hdf5,A1900,n65,r16,v00,,90000,0.0019,147,650871,9.99098008363334e+18,0,0.0,0.0,0.0,147,9.99098008363334e+18,1.0,2.01614856121421e+18,1900,none,,none,False,65,16,0,0,19.0,1e+19,1.8129133566428555,1.6,0.0,,0,False,2.01614856121421e+18,0.201614856121421,1.0,0.0,0.625,,0.0,95.98039704949537,0.821281919029865,1.608818427700622,1.5384615384615386e+17,17.187086643357144,35,0,0.0,0.006172837474106847,0.0,0.0,0.00010721635634978454,0.0,0.00010721635634978454,False
Ma_xp_A1900_n65_r16_v00_90000_fof_0.002_0000.hdf5,Ma_xp_A1900_n65_r16_v00_90000.hdf5,A1900,n65,r16,v00,,90000,0.002,146,650872,9.9911566477574e+18,0,0.0,0.0,0.0,146,9.9911566477574e+18,1.0,2.0161516588304215e+18,1900,none,,none,False,65,16,0,0,19.0,1e+19,1.8129133566428555,1.6,0.0,,0,False,2.0161516588304215e+18,0.20161516588304215,1.0,0.0,0.625,,0.0,95.98039704949537,0.821281919029865,1.608818427700622,1.5384615384615386e+17,17.187086643357144,36,0,0.0,0.02737049755708545,0.0,0.0,2.9114336786338265e-05,0.0,2.9114336786338265e-05,False
Ma_xp_A1900_n65_r16_v02_90000_fof_0.002_0000.hdf5,Ma_xp_A1900_n65_r16_v02_90000.hdf5,A1900,n65,r16,v02,,90000,0.002,189,678794,9.989861684368222e+18,0,0.0,0.0,0.0,189,9.989861684368222e+18,1.0,2.102643265092135e+18,1900,none,,none,False,65,16,2,0,19.0,1e+19,1.8129133566428555,1.6,0.2,,0,False,2.102643265092135e+18,0.21026432650921348,1.0050650538416475,0.04000000000000001,0.625,,0.32000000000000006,95.98039704949537,0.8191185930993311,1.6041920074662481,1.5384615384615386e+17,17.187086643357144,37,3,0.0,0.03862857926676854,0.00559954899922166,0.00021630262237458834,0.0001346427006169846,0.00021630262237458834,8.165992175760374e-05,False
Ma_xp_A1900_n65_r16_v04_90000_fof_0.002_0000.hdf5,Ma_xp_A1900_n65_r16_v04_90000.hdf5,A1900,n65,r16,v04,,90000,0.002,152,659949,9.991456956693168e+18,0,0.0,0.0,0.0,152,9.991456956693168e+18,1.0,2.0442686885183404e+18,1900,none,,none,False,65,16,4,0,19.0,1e+19,1.8129133566428555,1.6,0.4,,0,False,2.0442686885183404e+18,0.20442686885183403,1.02026021536659,0.16000000000000003,0.625,,0.6400000000000001,95.98039704949537,0.8127298954070143,1.5905508285215892,1.5384615384615386e+17,17.187086643357144,38,2,0.0,0.0051421879737503385,0.06026128386964774,0.0003098748491972579,0.003972074867824653,0.0003098748491972579,0.003662200018627395,False
Ma_xp_A1900_n65_r17_v00_90000_fof_0.002_0000.hdf5,Ma_xp_A1900_n65_r17_v00_90000.hdf5,A1900,n65,r17,v00,,90000,0.002,116,990044,9.993554042791508e+18,0,0.0,0.0,0.0,116,9.993554042791508e+18,1.0,3.066776295466688e+18,1900,none,,none,False,65,17,0,0,19.0,1e+19,1.8129133566428555,1.7,0.0,,0,False,3.066776295466688e+18,0.3066776295466688,1.0,0.0,0.5882352941176471,,0.0,95.98039704949537,0.7386068134544167,1.5898550828167466,1.5384615384615386e+17,17.187086643357144,39,1,0.0,0.003515179716181471,0.0040563783441420476,1.4258898876485909e-05,0.0036211238285512506,1.4258898876485909e-05,0.0036068649296747647,False
Ma_xp_A1900_n65_r18_v00_90000_fof_0.002_0000.hdf5,Ma_xp_A1900_n65_r18_v00_90000.hdf5,A1900,n65,r18,v00,,90000,0.002,36,2418669,9.996094087732271e+18,0,0.0,0.0,0.0,36,9.996094087732271e+18,1.0,7.492108184606785e+18,1900,none,,none,False,65,18,0,0,19.0,1e+19,1.8129133566428555,1.8,0.0,,0,False,7.492108184606785e+18,0.7492108184606785,1.0,0.0,0.5555555555555556,,0.0,95.98039704949537,0.6254058614589896,1.5625421811002254,1.5384615384615386e+17,17.187086643357144,40,0,0.0,0.007247414050941922,0.010962744816920639,7.945155082304136e-05,0.006442377240159959,7.945155082304136e-05,0.006362925689336918,False
Ma_xp_A1900_n65_r18_v02_90000_fof_0.002_0000.hdf5,Ma_xp_A1900_n65_r18_v02_90000.hdf5,A1900,n65,r18,v02,,90000,0.002,42,2379761,9.993928854037864e+18,0,0.0,0.0,0.0,42,9.993928854037864e+18,1.0,7.371586134983781e+18,1900,none,,none,False,65,18,2,0,19.0,1e+19,1.8129133566428555,1.8,0.2,,0,False,7.371586134983781e+18,0.7371586134983782,1.0056981855718534,0.04000000000000001,0.5555555555555556,,0.36000000000000004,95.98039704949537,0.6235979541551967,1.557666835615719,1.5384615384615386e+17,17.187086643357144,41,4,0.0,0.0009678146424021956,0.033814264511871375,3.272594031665005e-05,0.0004674420010707825,3.272594031665005e-05,0.00043471606075413244,False
Ma_xp_A1900_n65_r18_v04_90000_fof_0.002_0000.hdf5,Ma_xp_A1900_n65_r18_v04_90000.hdf5,A1900,n65,r18,v04,,90000,0.002,16,2367365,9.997041958267134e+18,0,0.0,0.0,0.0,16,9.997041958267134e+18,1.0,7.333188085042208e+18,1900,none,,none,False,65,18,4,0,19.0,1e+19,1.8129133566428555,1.8,0.4,,0,False,7.333188085042208e+18,0.7333188085042208,1.0227927422874137,0.16000000000000003,0.5555555555555556,,0.7200000000000001,95.98039704949537,0.6182669016054033,1.54331158977397,1.5384615384615386e+17,17.187086643357144,42,3,0.0,0.0004080278730878199,0.04425016758710619,1.8055301764346525e-05,0.0003009247751384707,1.8055301764346525e-05,0.0002828694733741242,False
Ma_xp_A1900_n65_r19_v00_90000_fof_0.002_0000.hdf5,Ma_xp_A1900_n65_r19_v00_90000.hdf5,A1900,n65,r19,v00,,90000,0.002,2,2129090,9.99815710008205e+18,0,0.0,0.0,0.0,2,9.99815710008205e+18,1.0,6.595103594091219e+18,1900,none,,none,False,65,19,0,0,19.0,1e+19,1.8129133566428555,1.9,0.0,,0,False,6.595103594091219e+18,0.659510359409122,1.0,0.0,0.5263157894736842,,0.0,95.98039704949537,0.4580226086897332,1.5259412514688657,1.5384615384615386e+17,17.187086643357144,43,2,0.0,0.0011776338429333349,0.052240489325380446,6.152016820096563e-05,0.0,6.152016820096563e-05,6.152016820096563e-05,False
Ma_xp_A1900_n65_r20_v06_90000_fof_0.002_0000.hdf5,Ma_xp_A1900_n65_r20_v06_90000.hdf5,A1900,n65,r20,v06,,90000,0.002,197,3026573,9.938314253361048e+18,0,0.0,0.0,0.0,197,9.938314253361048e+18,1.0,9.375161439874968e+18,1900,none,,none,False,65,20,6,0,19.0,1e+19,1.8129133566428555,2.0,0.6,,0,False,9.375161439874968e+18,0.9375161439874967,1.0569818557185342,0.36,0.5,,1.2,95.98039704949537,0.0,1.4357558186355435,1.5384615384615386e+17,17.187086643357144,44,1,0.0,0.0017230598975313558,0.07813246058505058,0.00013462690952954995,0.0002888587428313987,0.00013462690952954995,0.00015423183330184873,False
Ma_xp_A1900_n65_r26_v00_90000_fof_0.002_0000.hdf5,Ma_xp_A1900_n65_r26_v00_90000.hdf5,A1900,n65,r26,v00,,90000,0.002,1,3227694,9.998157100156684e+18,0,0.0,0.0,0.0,1,9.998157100156684e+18,1.0,9.998157100156684e+18,1900,none,,none,False,65,26,0,0,19.0,1e+19,1.8129133566428555,2.6,0.0,,0,False,9.998157100156684e+18,0.9998157100156684,1.0,0.0,0.3846153846153846,,0.0,95.98039704949537,0.0,0.8106534669459369,1.5384615384615386e+17,17.187086643357144,45,0,0.0,0.0007928553167798831,0.035159082859990476,2.7876065778647908e-05,0.0,2.7876065778647908e-05,2.7876065778647908e-05,False
Ma_xp_A1900_n70_r12_v00_90000_fof_0.001_0000.hdf5,Ma_xp_A1900_n70_r12_v00_90000.hdf5,A1900,n70,r12,v00,,90000,0.001,1189,522175,9.752489065393467e+18,2,1.1837559214290026e+17,0.0121379876818271,1.1835579341701306e+17,1187,9.63411347325057e+18,0.9878620123181732,5.169199845024709e+17,1900,none,,none,False,70,12,0,0,19.0,1e+19,1.845098040014257,1.2,0.0,,0,False,5.169199845024709e+17,0.05169199845024709,1.0,0.0,0.8333333333333334,,0.0,95.98039704949537,0.9827806394355548,1.614442585309293,1.4285714285714286e+17,17.154901959985743,46,4,0.0121379876818271,0.00187360771771385,0.05052948918174088,9.46724409030482e-05,0.0006661261918904334,0.01204331524092405,0.0005714537509873852,False
Ma_xp_A1900_s030x_n65_r12_v00_90000_fof_0.002_0000.hdf5,Ma_xp_A1900_s030x_n65_r12_v00_90000.hdf5,A1900,n65,r12,v00,s030x,90000,0.002,3162,42707,9.481483861416243e+18,75,1.4135251333299302e+17,0.0149082691484831,7.914865930663922e+16,3087,9.34013134808325e+18,0.9850917308515168,1.3536509523084376e+17,1900,none,30.0,x,True,65,12,0,0,19.0,1e+19,1.8129133566428555,1.2,0.0,3.0,1,False,1.3536509523084376e+17,0.013536509523084377,1.0,0.0,0.8333333333333334,0.3333333333333333,0.0,95.98039704949537,0.9827806394355548,1.614442585309293,1.5384615384615386e+17,17.187086643357144,47,3,0.0149082691484831,0.9779678689380872,0.03316050464689391,0.03242990806243437,0.019299047498573463,0.017521638913951268,0.013130860563860907,False
Ma_xp_A1900_s030z_n65_r12_v00_90000_fof_0.002_0000.hdf5,Ma_xp_A1900_s030z_n65_r12_v00_90000.hdf5,A1900,n65,r12,v00,s030z,90000,0.002,398,104603,1.0000249740696865e+19,65,7.339959686417402e+17,0.0733977638233054,1.285821017217212e+17,333,9.266253772055122e+18,0.9266022361766943,3.315520888012409e+17,1900,none,30.0,z,True,65,12,0,0,19.0,1e+19,1.8129133566428555,1.2,0.0,3.0,1,False,3.315520888012409e+17,0.03315520888012409,1.0,0.0,0.8333333333333334,0.3333333333333333,0.0,95.98039704949537,0.9827806394355548,1.614442585309293,1.5384615384615386e+17,17.187086643357144,48,2,0.0733977638233054,0.997979765980921,0.04354873437999779,0.04346075574531548,0.04945045010100241,0.02993700807798992,0.005989694355686928,False
Ma_xp_A1900_s030z_n65_r12_v04_90000_fof_0.002_0000.hdf5,Ma_xp_A1900_s030z_n65_r12_v04_90000.hdf5,A1900,n65,r12,v04,s030z,90000,0.002,413,103818,9.997951763923614e+18,25,1.606555182257132e+17,0.0160688431009858,3.9775600722377336e+16,388,9.837296245697905e+18,0.9839311568990144,3.2906393464018426e+17,1900,none,30.0,z,True,65,12,4,0,19.0,1e+19,1.8129133566428555,1.2,0.4,3.0,1,False,3.2906393464018426e+17,0.03290639346401843,1.0151951615249424,0.16000000000000003,0.8333333333333334,0.3333333333333333,0.48,95.98039704949537,0.9744710491123042,1.5990893158984896,1.5384615384615386e+17,17.187086643357144,49,0,0.0160688431009858,0.9456255170911924,0.06835343675487048,0.0646367539762845,0.047925494824147055,0.0485679108752987,0.016711259152137448,False
Ma_xp_A1900_s030z_n65_r12_v06_90000_fof_0.002_0000.hdf5,Ma_xp_A1900_s030z_n65_r12_v06_90000.hdf5,A1900,n65,r12,v06,s030z,90000,0.002,402,98216,9.996145078736943e+18,0,0.0,0.0,0.0,402,9.996145078736943e+18,1.0,3.1130770583733165e+17,1900,none,30.0,z,True,65,12,6,0,19.0,1e+19,1.8129133566428555,1.2,0.6,3.0,1,False,3.1130770583733165e+17,0.031130770583733165,1.0341891134311205,0.36,0.8333333333333334,0.3333333333333333,0.72,95.98039704949537,0.9643768113754055,1.580514285261953,1.5384615384615386e+17,17.187086643357144,50,1,0.0,0.28488306185504597,0.06905345422083259,0.019672159470098035,0.033777076573053816,0.019672159470098035,0.01410491710295578,False
Ma_xp_A1900_s030z_n65_r12_v08_90000_fof_0.002_0000.hdf5,Ma_xp_A1900_s030z_n65_r12_v08_90000.hdf5,A1900,n65,r12,v08,s030z,90000,0.002,350,110353,1.0000357507883563e+19,0,0.0,0.0,0.0,350,1.0000357507883563e+19,1.0,3.497774218280889e+17,1900,none,30.0,z,True,65,12,8,0,19.0,1e+19,1.8129133566428555,1.2,0.8,3.0,1,False,3.497774218280889e+17,0.03497774218280889,1.06078064609977,0.6400000000000001,0.8333333333333334,0.3333333333333333,0.96,95.98039704949537,0.950761528447568,1.5555878292397605,1.5384615384615386e+17,17.187086643357144,51,2,0.0,0.07339330553304241,0.09412712149519048,0.006908300586842319,0.022316564075778842,0.006908300586842319,0.015408263488936523,False
Ma_xp_A1900_s030z_n65_r12_v20_90000_fof_0.002_0000.hdf5,Ma_xp_A1900_s030z_n65_r12_v20_90000.hdf5,A1900,n65,r12,v20,s030z,90000,0.002,201,156468,1.0010332311890567e+19,0,0.0,0.0,0.0,201,1.0010332311890567e+19,1.0,4.9594459270340986e+17,1900,none,30.0,z,True,65,12,20,0,19.0,1e+19,1.8129133566428555,1.2,2.0,3.0,1,False,4.9594459270340986e+17,0.049594459270340986,1.3798790381235615,4.0,0.8333333333333334,0.3333333333333333,2.4,95.98039704949537,0.8225825554631094,1.327272154841897,1.5384615384615386e+17,17.187086643357144,52,3,0.0,0.00311958133130676,0.08048627809551541,0.00025108349057313407,0.0038128831866794002,0.00025108349057313407,0.003561799696106266,False
Ma_xp_A1900_s030z_n65_r13_v00_90000_fof_0.002_0000.hdf5,Ma_xp_A1900_s030z_n65_r13_v00_90000.hdf5,A1900,n65,r13,v00,s030z,90000,0.002,394,81452,9.811447969031e+18,57,6.860776060852138e+17,0.0699262339514778,1.0125361105085453e+17,337,9.125370362945786e+18,0.930073766048522,2.5817214360044826e+17,1900,none,30.0,z,True,65,13,0,0,19.0,1e+19,1.8129133566428555,1.3,0.0,3.0,1,False,2.5817214360044826e+17,0.025817214360044825,1.0,0.0,0.7692307692307692,0.3333333333333333,0.0,95.98039704949537,0.9610937965888252,1.6225211180584214,1.5384615384615386e+17,17.187086643357144,53,0,0.0699262339514778,0.99642950457163,0.06324662902744943,0.06302080722764711,0.06039601782889523,0.006905426723830696,0.002624789398751874,False
Ma_xp_A1900_s030z_n65_r15_v00_90000_fof_0.002_0000.hdf5,Ma_xp_A1900_s030z_n65_r15_v00_90000.hdf5,A1900,n65,r15,v00,s030z,90000,0.002,407,103230,9.998332118699958e+18,44,6.153569746947667e+17,0.0615459626054889,8.757985684601586e+16,363,9.382975144005192e+18,0.938454037394511,3.272001962367431e+17,1900,none,30.0,z,True,65,15,0,0,19.0,1e+19,1.8129133566428555,1.5,0.0,3.0,1,False,3.272001962367431e+17,0.03272001962367431,1.0,0.0,0.6666666666666666,0.3333333333333333,0.0,95.98039704949537,0.8829049036741616,1.6201874567538088,1.5384615384615386e+17,17.187086643357144,54,4,0.0615459626054889,0.9918819265511274,0.05310464001316112,0.052673532645058335,0.05129408403729227,0.008872429960430563,0.001379448607766065,False
Ma_xp_A1900_s030z_n65_r16_v00_90000_fof_0.002_0000.hdf5,Ma_xp_A1900_s030z_n65_r16_v00_90000.hdf5,A1900,n65,r16,v00,s030z,90000,0.002,393,105035,1.0000658622080864e+19,36,5.2456628961292486e+17,0.0524531742794133,5.7817095607389304e+16,357,9.47609233246794e+18,0.9475468257205868,3.329213659956058e+17,1900,none,30.0,z,True,65,16,0,0,19.0,1e+19,1.8129133566428555,1.6,0.0,3.0,1,False,3.329213659956058e+17,0.03329213659956058,1.0,0.0,0.625,0.3333333333333333,0.0,95.98039704949537,0.821281919029865,1.608818427700622,1.5384615384615386e+17,17.187086643357144,55,3,0.0524531742794133,0.9939861882887822,0.05473696799856073,0.05440779017937443,0.03778951269497646,0.0019546158999611263,0.016618277484397967,False
Ma_xp_A1900_s030z_n65_r16_v02_90000_fof_0.002_0000.hdf5,Ma_xp_A1900_s030z_n65_r16_v02_90000.hdf5,A1900,n65,r16,v02,s030z,90000,0.002,363,105501,1.0004227617731193e+19,32,3.9774649835438426e+17,0.0397578417397691,6.1240288593301624e+16,331,9.606481119376808e+18,0.9602421582602308,3.343984103765643e+17,1900,none,30.0,z,True,65,16,2,0,19.0,1e+19,1.8129133566428555,1.6,0.2,3.0,1,False,3.343984103765643e+17,0.03343984103765643,1.0050650538416475,0.04000000000000001,0.625,0.3333333333333333,0.32000000000000006,95.98039704949537,0.8191185930993311,1.6041920074662481,1.5384615384615386e+17,17.187086643357144,56,2,0.0397578417397691,0.9803705609545915,0.04382702070327364,0.04296672087183687,0.042863875585199135,0.003208879132067771,0.00010284528663773856,False
Ma_xp_A1900_s030z_n65_r16_v04_90000_fof_0.002_0000.hdf5,Ma_xp_A1900_s030z_n65_r16_v04_90000.hdf5,A1900,n65,r16,v04,s030z,90000,0.002,369,91077,9.999622155316154e+18,9,8.443559069594187e+16,0.0084438781170399,2.5807071565986908e+16,360,9.91518656462021e+18,0.9915561218829598,2.886797662758242e+17,1900,none,30.0,z,True,65,16,4,0,19.0,1e+19,1.8129133566428555,1.6,0.4,3.0,1,False,2.886797662758242e+17,0.02886797662758242,1.02026021536659,0.16000000000000003,0.625,0.3333333333333333,0.6400000000000001,95.98039704949537,0.8127298954070143,1.5905508285215892,1.5384615384615386e+17,17.187086643357144,57,1,0.0084438781170399,0.6001755776513666,0.0528062865639138,0.03169304354212057,0.029858447050907126,0.023249165425080667,0.0018345964912134423,False
Ma_xp_A1900_s030z_n65_r17_v00_90000_fof_0.002_0000.hdf5,Ma_xp_A1900_s030z_n65_r17_v00_90000.hdf5,A1900,n65,r17,v00,s030z,90000,0.002,368,120172,1.0002199058925015e+19,38,4.44958034951778e+17,0.0444860207570793,1.0197311550252312e+17,330,9.55724102397324e+18,0.955513979242921,3.808999513916751e+17,1900,none,30.0,z,True,65,17,0,0,19.0,1e+19,1.8129133566428555,1.7,0.0,3.0,1,False,3.808999513916751e+17,0.038089995139167505,1.0,0.0,0.5882352941176471,0.3333333333333333,0.0,95.98039704949537,0.7386068134544167,1.5898550828167466,1.5384615384615386e+17,17.187086643357144,58,0,0.0444860207570793,0.9983985314168117,0.036411767622505864,0.03635345532060007,0.029464120527697736,0.008132565436479236,0.006889334792902331,False
Ma_xp_A1900_s030z_n65_r19_v00_90000_fof_0.002_0000.hdf5,Ma_xp_A1900_s030z_n65_r19_v00_90000.hdf5,A1900,n65,r19,v00,s030z,90000,0.002,360,127765,1.0004747435925938e+19,27,3.317137395808705e+17,0.0331556335335086,5.879650915613644e+16,333,9.673033696345068e+18,0.9668443664664914,4.0496689985651974e+17,1900,none,30.0,z,True,65,19,0,0,19.0,1e+19,1.8129133566428555,1.9,0.0,3.0,1,False,4.0496689985651974e+17,0.04049668998565197,1.0,0.0,0.5263157894736842,0.3333333333333333,0.0,95.98039704949537,0.4580226086897332,1.5259412514688657,1.5384615384615386e+17,17.187086643357144,59,4,0.0331556335335086,0.655423408970557,0.038475725754193835,0.025217891336429977,0.042222296884448944,0.007937742197078625,0.017004405548018967,False
Ma_xp_A1900_s030z_n65_r20_v00_90000_fof_0.002_0000.hdf5,Ma_xp_A1900_s030z_n65_r20_v00_90000.hdf5,A1900,n65,r20,v00,s030z,90000,0.002,317,127343,1.0003137267373378e+19,10,2.024089637844355e+17,0.0202345482596365,8.707905639066942e+16,307,9.800728303588942e+18,0.9797654517403634,4.0362931889350586e+17,1900,none,30.0,z,True,65,20,0,0,19.0,1e+19,1.8129133566428555,2.0,0.0,3.0,1,False,4.0362931889350586e+17,0.040362931889350584,1.0,0.0,0.5,0.3333333333333333,0.0,95.98039704949537,0.0,1.4788571295282895,1.5384615384615386e+17,17.187086643357144,60,3,0.0202345482596365,0.712819941607457,0.03227979047913496,0.023009678364437926,0.027845704866160764,0.002775130104801425,0.004836026501722837,False
Ma_xp_A1900_s030z_n65_r20_v02_90000_fof_0.002_0000.hdf5,Ma_xp_A1900_s030z_n65_r20_v02_90000.hdf5,A1900,n65,r20,v02,s030z,90000,0.002,313,124864,1.0005416226407647e+19,6,1.3657589126839752e+17,0.0136501958717047,8.470817828561163e+16,307,9.86884033513925e+18,0.9863498041282952,3.9577182314158304e+17,1900,none,30.0,z,True,65,20,2,0,19.0,1e+19,1.8129133566428555,2.0,0.2,3.0,1,False,3.9577182314158304e+17,0.039577182314158306,1.0063313173020594,0.04000000000000001,0.5,0.3333333333333333,0.4,95.98039704949537,0.0,1.4738750056555374,1.5384615384615386e+17,17.187086643357144,61,2,0.0136501958717047,0.3468052343712008,0.038623461539897014,0.013394818631571045,0.024642403908758093,0.00025537724013365536,0.011247585277187049,False
Ma_xp_A1900_s030z_n65_r20_v04_90000_fof_0.002_0000.hdf5,Ma_xp_A1900_s030z_n65_r20_v04_90000.hdf5,A1900,n65,r20,v04,s030z,90000,0.002,326,113140,1.0005200692034791e+19,0,0.0,0.0,0.0,326,1.0005200692034791e+19,1.0,3.5861116150562374e+17,1900,none,30.0,z,True,65,20,4,0,19.0,1e+19,1.8129133566428555,2.0,0.4,3.0,1,False,3.5861116150562374e+17,0.035861116150562374,1.0253252692082375,0.16000000000000003,0.5,0.3333333333333333,0.8,95.98039704949537,0.0,1.4592262751583032,1.5384615384615386e+17,17.187086643357144,62,1,0.0,0.4821728499022047,0.05946450147395957,0.02867216814371294,0.0218480618312686,0.02867216814371294,0.006824106312444338,False
Ma_xp_A1900_s030z_n65_r22_v00_90000_fof_0.002_0000.hdf5,Ma_xp_A1900_s030z_n65_r22_v00_90000.hdf5,A1900,n65,r22,v00,s030z,90000,0.002,264,159640,1.0008427368386603e+19,0,0.0,0.0,0.0,264,1.0008427368386603e+19,1.0,5.0599863728795974e+17,1900,none,30.0,z,True,65,22,0,0,19.0,1e+19,1.8129133566428555,2.2,0.0,3.0,1,False,5.0599863728795974e+17,0.05059986372879598,1.0,0.0,0.45454545454545453,0.3333333333333333,0.0,95.98039704949537,0.0,1.3463893624089283,1.5384615384615386e+17,17.187086643357144,63,0,0.0,0.9150103481781823,0.03609811169000428,0.03303014574604573,0.03131431285981007,0.03303014574604573,0.0017158328862356617,False
Ma_xp_A1900_s035x_n65_r12_v00_90000_fof_0.002_0000.hdf5,Ma_xp_A1900_s035x_n65_r12_v00_90000.hdf5,A1900,n65,r12,v00,s035x,90000,0.002,2111,107955,9.491876640039338e+18,27,1.5197883873017107e+17,0.0160114637488105,1.4048770218328723e+17,2084,9.339897801309168e+18,0.9839885362511896,3.390340655698014e+17,1900,none,35.0,x,True,65,12,0,0,19.0,1e+19,1.8129133566428555,1.2,0.0,3.5,1,False,3.390340655698014e+17,0.03390340655698014,1.0,0.0,0.8333333333333334,0.2857142857142857,0.0,95.98039704949537,0.9827806394355548,1.614442585309293,1.5384615384615386e+17,17.187086643357144,64,4,0.0160114637488105,0.9249159594041229,0.02132284393932704,0.019721838659367056,0.016800881567995724,0.003710374910556556,0.0029209570913713324,False
Ma_xp_A1900_s035y_n65_r12_v00_90000_fof_0.002_0000.hdf5,Ma_xp_A1900_s035y_n65_r12_v00_90000.hdf5,A1900,n65,r12,v00,s035y,90000,0.002,1537,208166,9.509856076153717e+18,27,2.450699208627018e+17,0.0257700977701674,1.5425257003927008e+17,1510,9.264786155291011e+18,0.9742299022298324,6.53747999568409e+17,1900,none,35.0,y,True,65,12,0,0,19.0,1e+19,1.8129133566428555,1.2,0.0,3.5,1,False,6.53747999568409e+17,0.0653747999568409,1.0,0.0,0.8333333333333334,0.2857142857142857,0.0,95.98039704949537,0.9827806394355548,1.614442585309293,1.5384615384615386e+17,17.187086643357144,65,3,0.0257700977701674,0.9908838785011453,0.04564885805240951,0.04523271751611977,0.011734304269458307,0.01946261974595237,0.03349841324666146,False
Ma_xp_A1900_s035z_n65_r12_v00_90000_fof_0.002_0000.hdf5,Ma_xp_A1900_s035z_n65_r12_v00_90000.hdf5,A1900,n65,r12,v00,s035z,90000,0.002,392,142194,9.9093167496204e+18,55,7.011320575671456e+17,0.0707548335856762,9.630068627325331e+16,337,9.208184692053256e+18,0.929245166414324,4.46562085309933e+17,1900,none,35.0,z,True,65,12,0,0,19.0,1e+19,1.8129133566428555,1.2,0.0,3.5,1,False,4.46562085309933e+17,0.0446562085309933,1.0,0.0,0.8333333333333334,0.2857142857142857,0.0,95.98039704949537,0.9827806394355548,1.614442585309293,1.5384615384615386e+17,17.187086643357144,66,2,0.0707548335856762,0.996694321559834,0.03925226244151361,0.03912250708383296,0.048307124871392174,0.03163232650184324,0.009184617787559211,False
Ma_xp_A1900_s035z_n65_r16_v00_90000_fof_0.002_0000.hdf5,Ma_xp_A1900_s035z_n65_r16_v00_90000.hdf5,A1900,n65,r16,v00,s035z,90000,0.002,375,117180,9.90673838856427e+18,29,4.766670415648781e+17,0.048115436470505,4.7572488770759624e+16,346,9.430071346999392e+18,0.951884563529495,3.68005296683523e+17,1900,none,35.0,z,True,65,16,0,0,19.0,1e+19,1.8129133566428555,1.6,0.0,3.5,1,False,3.68005296683523e+17,0.0368005296683523,1.0,0.0,0.625,0.2857142857142857,0.0,95.98039704949537,0.821281919029865,1.608818427700622,1.5384615384615386e+17,17.187086643357144,67,1,0.048115436470505,0.9644090027939494,0.04310021207856239,0.04156623255089409,0.04130394153910234,0.006549203919610912,0.00026229101179174596,False
Ma_xp_A1900_s035z_n65_r20_v00_90000_fof_0.002_0000.hdf5,Ma_xp_A1900_s035z_n65_r20_v00_90000.hdf5,A1900,n65,r20,v00,s035z,90000,0.002,279,140898,9.916857120993411e+18,0,0.0,0.0,0.0,279,9.916857120993411e+18,1.0,4.424919806461516e+17,1900,none,35.0,z,True,65,20,0,0,19.0,1e+19,1.8129133566428555,2.0,0.0,3.5,1,False,4.424919806461516e+17,0.044249198064615164,1.0,0.0,0.5,0.2857142857142857,0.0,95.98039704949537,0.0,1.4788571295282895,1.5384615384615386e+17,17.187086643357144,68,0,0.0,0.9385280281198815,0.02482915512055442,0.023302857995176597,0.03243124470536687,0.023302857995176597,0.00912838671019027,False
Ma_xp_A1900_s047x_n65_r12_v00_90000_fof_0.002_0000.hdf5,Ma_xp_A1900_s047x_n65_r12_v00_90000.hdf5,A1900,n65,r12,v00,s047x,90000,0.002,2309,242309,9.397441470954924e+18,11,1.50654345038413e+17,0.0160314214782871,1.4849861279410304e+17,2298,9.24678712591651e+18,0.9839685785217128,7.670386554855169e+17,1900,none,47.0,x,True,65,12,0,0,19.0,1e+19,1.8129133566428555,1.2,0.0,4.7,1,False,7.670386554855169e+17,0.07670386554855169,1.0,0.0,0.8333333333333334,0.2127659574468085,0.0,95.98039704949537,0.9827806394355548,1.614442585309293,1.5384615384615386e+17,17.187086643357144,69,4,0.0160314214782871,0.8651693168060255,0.027396489006195332,0.023702601676373804,0.005914903881636207,0.007671180198086703,0.017787697794737597,False
Ma_xp_A1900_s047y_n65_r12_v00_90000_fof_0.002_0000.hdf5,Ma_xp_A1900_s047y_n65_r12_v00_90000.hdf5,A1900,n65,r12,v00,s047y,90000,0.002,1743,188480,9.567981733708192e+18,13,1.9229068308451555e+17,0.0200973087570884,1.1901161447435762e+17,1730,9.375691050623676e+18,0.9799026912429116,5.966408420095839e+17,1900,none,47.0,y,True,65,12,0,0,19.0,1e+19,1.8129133566428555,1.2,0.0,4.7,1,False,5.966408420095839e+17,0.05966408420095839,1.0,0.0,0.8333333333333334,0.2127659574468085,0.0,95.98039704949537,0.9827806394355548,1.614442585309293,1.5384615384615386e+17,17.187086643357144,70,3,0.0200973087570884,0.9905987530477447,0.028156134414226486,0.02789143164137745,0.002573144384477864,0.007794122884289049,0.025318287256899587,False
Ma_xp_A1900_s047z_n65_r11_v00_90000_fof_0.002_0000.hdf5,Ma_xp_A1900_s047z_n65_r11_v00_90000.hdf5,A1900,n65,r11,v00,s047z,90000,0.002,373,118910,9.99107188511563e+18,48,5.966186832331892e+17,0.0597151827244894,8.521948274456202e+16,325,9.394453201882444e+18,0.9402848172755108,3.764142748480469e+17,1900,none,47.0,z,True,65,11,0,0,19.0,1e+19,1.8129133566428555,1.1,0.0,4.7,1,False,3.764142748480469e+17,0.037641427484804695,1.0,0.0,0.9090909090909091,0.2127659574468085,0.0,95.98039704949537,0.9950146326707979,1.6007232048504096,1.5384615384615386e+17,17.187086643357144,71,2,0.0597151827244894,0.9910652787836874,0.03753830920582378,0.037202914878138,0.0336973392992367,0.022512267846351394,0.0035055755789013057,False
Ma_xp_A1900_s047z_n65_r12_v00_90000_fof_0.002_0000.hdf5,Ma_xp_A1900_s047z_n65_r12_v00_90000.hdf5,A1900,n65,r12,v00,s047z,90000,0.002,386,120378,9.98684905572412e+18,40,5.998760231441914e+17,0.0600665955595236,7.467507142915694e+16,346,9.386973032579928e+18,0.9399334044404762,3.810612864995308e+17,1900,none,47.0,z,True,65,12,0,0,19.0,1e+19,1.8129133566428555,1.2,0.0,4.7,1,False,3.810612864995308e+17,0.03810612864995308,1.0,0.0,0.8333333333333334,0.2127659574468085,0.0,95.98039704949537,0.9827806394355548,1.614442585309293,1.5384615384615386e+17,17.187086643357144,72,1,0.0600665955595236,0.9912493932274308,0.042950958961253755,0.04257511200887906,0.04213999955000136,0.01749148355064454,0.0004351124588777011,False
Ma_xp_A1900_s047z_n65_r12_v04_90000_fof_0.002_0000.hdf5,Ma_xp_A1900_s047z_n65_r12_v04_90000.hdf5,A1900,n65,r12,v04,s047z,90000,0.002,356,108764,9.986041843209622e+18,7,9.481739781764738e+16,0.009494993041925,3.3801628347643976e+16,349,9.891224445391974e+18,0.990505006958075,3.442967133930362e+17,1900,none,47.0,z,True,65,12,4,0,19.0,1e+19,1.8129133566428555,1.2,0.4,4.7,1,False,3.442967133930362e+17,0.03442967133930362,1.0151951615249424,0.16000000000000003,0.8333333333333334,0.2127659574468085,0.48,95.98039704949537,0.9744710491123042,1.5990893158984896,1.5384615384615386e+17,17.187086643357144,73,0,0.009494993041925,0.901273407945798,0.06209473202338263,0.05596433074619514,0.04022967847441961,0.04646933770427014,0.015734652271775527,False
Ma_xp_A1900_s047z_n65_r12_v06_90000_fof_0.002_0000.hdf5,Ma_xp_A1900_s047z_n65_r12_v06_90000.hdf5,A1900,n65,r12,v06,s047z,90000,0.002,341,150426,9.715809252167664e+18,0,0.0,0.0,0.0,341,9.715809252167664e+18,1.0,4.7617941054843296e+17,1900,none,47.0,z,True,65,12,6,0,19.0,1e+19,1.8129133566428555,1.2,0.6,4.7,1,False,4.7617941054843296e+17,0.047617941054843294,1.0341891134311205,0.36,0.8333333333333334,0.2127659574468085,0.72,95.98039704949537,0.9643768113754055,1.580514285261953,1.5384615384615386e+17,17.187086643357144,74,4,0.0,0.07944671879840079,0.0486598831363108,0.0038658680522935286,0.010745522297126595,0.0038658680522935286,0.006879654244833066,False
Ma_xp_A1900_s047z_n65_r12_v08_90000_fof_0.002_0000.hdf5,Ma_xp_A1900_s047z_n65_r12_v08_90000.hdf5,A1900,n65,r12,v08,s047z,90000,0.002,314,116001,9.991404266739606e+18,0,0.0,0.0,0.0,314,9.991404266739606e+18,1.0,3.6720572110542656e+17,1900,none,47.0,z,True,65,12,8,0,19.0,1e+19,1.8129133566428555,1.2,0.8,4.7,1,False,3.6720572110542656e+17,0.03672057211054266,1.06078064609977,0.6400000000000001,0.8333333333333334,0.2127659574468085,0.96,95.98039704949537,0.950761528447568,1.5555878292397605,1.5384615384615386e+17,17.187086643357144,75,3,0.0,0.027123023646866536,0.08691996132442391,0.0023575321663870745,0.03322030436912034,0.0023575321663870745,0.030862772202733264,False
Ma_xp_A1900_s047z_n65_r12_v15_90000_fof_0.002_0000.hdf5,Ma_xp_A1900_s047z_n65_r12_v15_90000.hdf5,A1900,n65,r12,v15,s047z,90000,0.002,207,169000,9.996380494481265e+18,0,0.0,0.0,0.0,207,9.996380494481265e+18,1.0,5.349761369889384e+17,1900,none,47.0,z,True,65,12,15,0,19.0,1e+19,1.8129133566428555,1.2,1.5,4.7,1,False,5.349761369889384e+17,0.05349761369889384,1.2136819589445034,2.25,0.8333333333333334,0.2127659574468085,1.7999999999999998,95.98039704949537,0.8823546454429847,1.4324070290350595,1.5384615384615386e+17,17.187086643357144,76,2,0.0,0.0013942297567552855,0.0831233217339186,0.00011589300864177268,0.0002904861347027408,0.00011589300864177268,0.0001745931260609681,False
Ma_xp_A1900_s047z_n65_r12_v20_90000_fof_0.002_0000.hdf5,Ma_xp_A1900_s047z_n65_r12_v20_90000.hdf5,A1900,n65,r12,v20,s047z,90000,0.002,129,225088,9.99940358448657e+18,0,0.0,0.0,0.0,129,9.99940358448657e+18,1.0,7.125249036813028e+17,1900,none,47.0,z,True,65,12,20,0,19.0,1e+19,1.8129133566428555,1.2,2.0,4.7,1,False,7.125249036813028e+17,0.07125249036813028,1.3798790381235615,4.0,0.8333333333333334,0.2127659574468085,2.4,95.98039704949537,0.8225825554631094,1.327272154841897,1.5384615384615386e+17,17.187086643357144,77,1,0.0,0.0010683094204984912,0.08393362243489921,8.966707954376634e-05,0.00017354601655751267,8.966707954376634e-05,8.387893701374632e-05,False
Ma_xp_A1900_s047z_n65_r14_v00_90000_fof_0.002_0000.hdf5,Ma_xp_A1900_s047z_n65_r14_v00_90000.hdf5,A1900,n65,r14,v00,s047z,90000,0.002,347,101685,9.8195503051923e+18,24,5.032352747058096e+17,0.05124830150722,6.7473469585102136e+16,323,9.316315030486491e+18,0.94875169849278,3.218878608856421e+17,1900,none,47.0,z,True,65,14,0,0,19.0,1e+19,1.8129133566428555,1.4,0.0,4.7,1,False,3.218878608856421e+17,0.03218878608856421,1.0,0.0,0.7142857142857143,0.2127659574468085,0.0,95.98039704949537,0.9284869091985879,1.6245823617011257,1.5384615384615386e+17,17.187086643357144,78,0,0.05124830150722,0.9906030882683606,0.04895859832167983,0.04849853869474621,0.045262191169254846,0.0027497628124737855,0.0032363475254913662,False
Ma_xp_A1900_s047z_n65_r15_v00_90000_fof_0.002_0000.hdf5,Ma_xp_A1900_s047z_n65_r15_v00_90000.hdf5,A1900,n65,r15,v00,s047z,90000,0.002,314,98692,9.992296948811438e+18,25,4.6428331396238746e+17,0.0464641229479887,9.92491527985624e+16,289,9.528013634849049e+18,0.953535877052011,3.12413401844163e+17,1900,none,47.0,z,True,65,15,0,0,19.0,1e+19,1.8129133566428555,1.5,0.0,4.7,1,False,3.12413401844163e+17,0.0312413401844163,1.0,0.0,0.6666666666666666,0.2127659574468085,0.0,95.98039704949537,0.8829049036741616,1.6201874567538088,1.5384615384615386e+17,17.187086643357144,79,4,0.0464641229479887,0.9522510758863844,0.04029677960954786,0.03837265173794847,0.03597794678662731,0.008091471210040231,0.0023947049513211582,False
Ma_xp_A1900_s047z_n65_r16_v00_90000_fof_0.002_0000.hdf5,Ma_xp_A1900_s047z_n65_r16_v00_90000.hdf5,A1900,n65,r16,v00,s047z,90000,0.002,306,111566,9.991948739493204e+18,15,3.075637956785839e+17,0.030781162283483,1.0979356411396749e+17,291,9.68438494381462e+18,0.9692188377165172,3.531665544335389e+17,1900,none,47.0,z,True,65,16,0,0,19.0,1e+19,1.8129133566428555,1.6,0.0,4.7,1,False,3.531665544335389e+17,0.03531665544335389,1.0,0.0,0.625,0.2127659574468085,0.0,95.98039704949537,0.821281919029865,1.608818427700622,1.5384615384615386e+17,17.187086643357144,80,1,0.030781162283483,0.9123988891948647,0.0346550638766753,0.03161924178605562,0.021613453296943367,0.0008380795025726244,0.010005788489112256,False
Ma_xp_A1900_s047z_n65_r16_v04_90000_fof_0.002_0000.hdf5,Ma_xp_A1900_s047z_n65_r16_v04_90000.hdf5,A1900,n65,r16,v04,s047z,90000,0.002,316,130158,9.98180635166848e+18,0,0.0,0.0,0.0,316,9.98180635166848e+18,1.0,4.1202026058094266e+17,1900,none,47.0,z,True,65,16,4,0,19.0,1e+19,1.8129133566428555,1.6,0.4,4.7,1,False,4.1202026058094266e+17,0.04120202605809427,1.02026021536659,0.16000000000000003,0.625,0.2127659574468085,0.6400000000000001,95.98039704949537,0.8127298954070143,1.5905508285215892,1.5384615384615386e+17,17.187086643357144,81,0,0.0,0.8732891420695555,0.03095963191373545,0.027036710392735263,0.019202673796469266,0.027036710392735263,0.007834036596265997,False
Ma_xp_A1900_s047z_n65_r16_v06_90000_fof_0.002_0000.hdf5,Ma_xp_A1900_s047z_n65_r16_v06_90000.hdf5,A1900,n65,r16,v06,s047z,90000,0.002,272,127310,9.993677123941466e+18,0,0.0,0.0,0.0,272,9.993677123941466e+18,1.0,4.030048047339221e+17,1900,none,47.0,z,True,65,16,6,0,19.0,1e+19,1.8129133566428555,1.6,0.6,4.7,1,False,4.030048047339221e+17,0.040300480473392214,1.0455854845748274,0.36,0.625,0.2127659574468085,0.96,95.98039704949537,0.8024067910450003,1.5685756873017576,1.5384615384615386e+17,17.187086643357144,82,0,0.0,0.13633880285526617,0.08461953858161086,0.011536926588381834,0.027570717826364537,0.011536926588381834,0.0160337912379827,False
Ma_xp_A1900_s047z_n65_r17_v00_90000_fof_0.002_0000.hdf5,Ma_xp_A1900_s047z_n65_r17_v00_90000.hdf5,A1900,n65,r17,v00,s047z,90000,0.002,281,127425,9.995946815597509e+18,9,2.425594467257166e+17,0.0242657800406891,1.4882466333913222e+17,272,9.753387368871793e+18,0.9757342199593112,4.033688417502168e+17,1900,none,47.0,z,True,65,17,0,0,19.0,1e+19,1.8129133566428555,1.7,0.0,4.7,1,False,4.033688417502168e+17,0.04033688417502168,1.0,0.0,0.5882352941176471,0.2127659574468085,0.0,95.98039704949537,0.7386068134544167,1.5898550828167466,1.5384615384615386e+17,17.187086643357144,83,3,0.0242657800406891,0.8406075967508,0.03894219879027412,0.03273510813728424,0.021485789098406923,0.00846932809659514,0.011249319038877315,False
Ma_xp_A1900_s047z_n65_r20_v00_90000_fof_0.002_0000.hdf5,Ma_xp_A1900_s047z_n65_r20_v00_90000.hdf5,A1900,n65,r20,v00,s047z,90000,0.002,202,652341,9.997732179748305e+18,0,0.0,0.0,0.0,202,9.997732179748305e+18,1.0,2.0650110543253435e+18,1900,none,47.0,z,True,65,20,0,0,19.0,1e+19,1.8129133566428555,2.0,0.0,4.7,1,False,2.0650110543253435e+18,0.20650110543253436,1.0,0.0,0.5,0.2127659574468085,0.0,95.98039704949537,0.0,1.4788571295282895,1.5384615384615386e+17,17.187086643357144,84,1,0.0,0.07995526497515038,0.022209349128617925,0.0017757543945042713,0.013394579321977487,0.0017757543945042713,0.011618824927473216,False
Ma_xp_A1900_s047z_n65_r20_v02_90000_fof_0.002_0000.hdf5,Ma_xp_A1900_s047z_n65_r20_v02_90000.hdf5,A1900,n65,r20,v02,s047z,90000,0.002,178,601886,1.0002262066449392e+19,0,0.0,0.0,0.0,178,1.0002262066449392e+19,1.0,1.9052937703468964e+18,1900,none,47.0,z,True,65,20,2,0,19.0,1e+19,1.8129133566428555,2.0,0.2,4.7,1,False,1.9052937703468964e+18,0.19052937703468964,1.0063313173020594,0.04000000000000001,0.5,0.2127659574468085,0.4,95.98039704949537,0.0,1.4738750056555374,1.5384615384615386e+17,17.187086643357144,85,0,0.0,0.28555108478838964,0.011765780286957905,0.00335973132432268,0.019655972105947283,0.00335973132432268,0.016296240781624602,False
Ma_xp_A1900_s047z_n65_r20_v04_90000_fof_0.002_0000.hdf5,Ma_xp_A1900_s047z_n65_r20_v04_90000.hdf5,A1900,n65,r20,v04,s047z,90000,0.002,156,722623,1.0001264921588773e+19,0,0.0,0.0,0.0,156,1.0001264921588773e+19,1.0,2.287491485453542e+18,1900,none,47.0,z,True,65,20,4,0,19.0,1e+19,1.8129133566428555,2.0,0.4,4.7,1,False,2.287491485453542e+18,0.2287491485453542,1.0253252692082375,0.16000000000000003,0.5,0.2127659574468085,0.8,95.98039704949537,0.0,1.4592262751583032,1.5384615384615386e+17,17.187086643357144,86,4,0.0,0.0065504377536332046,0.02478485690399118,0.0001623516623823004,0.008551335867015722,0.0001623516623823004,0.008388984204633422,False
Ma_xp_A1900_s047z_n65_r20_v06_90000_fof_0.002_0000.hdf5,Ma_xp_A1900_s047z_n65_r20_v06_90000.hdf5,A1900,n65,r20,v06,s047z,90000,0.002,140,733883,1.0001619461991789e+19,0,0.0,0.0,0.0,140,1.0001619461991789e+19,1.0,2.323135457658424e+18,1900,none,47.0,z,True,65,20,6,0,19.0,1e+19,1.8129133566428555,2.0,0.6,4.7,1,False,2.323135457658424e+18,0.23231354576584237,1.0569818557185342,0.36,0.5,0.2127659574468085,1.2,95.98039704949537,0.0,1.4357558186355435,1.5384615384615386e+17,17.187086643357144,87,3,0.0,0.005263726358581169,0.07066927073842438,0.00037198370312755335,0.006902572754082635,0.00037198370312755335,0.006530589050955082,False
Ma_xp_A1900_s047z_n65_r22_v00_90000_fof_0.002_0000.hdf5,Ma_xp_A1900_s047z_n65_r22_v00_90000.hdf5,A1900,n65,r22,v00,s047z,90000,0.002,2,2321572,1.001032152915326e+19,0,0.0,0.0,0.0,2,1.001032152915326e+19,1.0,7.349027338742925e+18,1900,none,47.0,z,True,65,22,0,0,19.0,1e+19,1.8129133566428555,2.2,0.0,4.7,1,False,7.349027338742925e+18,0.7349027338742925,1.0,0.0,0.45454545454545453,0.2127659574468085,0.0,95.98039704949537,0.0,1.3463893624089283,1.5384615384615386e+17,17.187086643357144,88,2,0.0,0.009610344484397917,0.02427889199955266,0.00023332851581519363,0.002075144542222375,0.00023332851581519363,0.0018418160264071816,False
Ma_xp_A1900_s047z_n65_r24_v00_90000_fof_0.002_0000.hdf5,Ma_xp_A1900_s047z_n65_r24_v00_90000.hdf5,A1900,n65,r24,v00,s047z,90000,0.002,175,3082655,1.00017049310674e+19,0,0.0,0.0,0.0,175,1.00017049310674e+19,1.0,9.758265464423983e+18,1900,none,47.0,z,True,65,24,0,0,19.0,1e+19,1.8129133566428555,2.4,0.0,4.7,1,False,9.758265464423983e+18,0.9758265464423983,1.0,0.0,0.4166666666666667,0.2127659574468085,0.0,95.98039704949537,0.0,1.143154556939899,1.5384615384615386e+17,17.187086643357144,89,1,0.0,0.011011744336385739,0.012664721854740546,0.0001394606791558399,0.004320613039245673,0.0001394606791558399,0.0041811523600898326,False
Ma_xp_A1900_s086mz_n65_r12_v00_90000_fof_0.002_0000.hdf5,Ma_xp_A1900_s086mz_n65_r12_v00_90000.hdf5,A1900,n65,r12,v00,s086mz,90000,0.002,146,983549,9.994043162004857e+18,0,0.0,0.0,0.0,146,9.994043162004857e+18,1.0,3.111018850384888e+18,1900,none,86.0,mz,True,65,12,0,0,19.0,1e+19,1.8129133566428555,1.2,0.0,8.6,1,False,3.111018850384888e+18,0.3111018850384888,1.0,0.0,0.8333333333333334,0.11627906976744186,0.0,95.98039704949537,0.9827806394355548,1.614442585309293,1.5384615384615386e+17,17.187086643357144,90,0,0.0,0.04174583865376659,0.0,0.0,0.0039895943390434565,0.0,0.0039895943390434565,False
Ma_xp_A1900_s086x_n65_r12_v00_90000_fof_0.002_0000.hdf5,Ma_xp_A1900_s086x_n65_r12_v00_90000.hdf5,A1900,n65,r12,v00,s086x,90000,0.002,750,280253,9.74725217978432e+18,0,0.0,0.0,0.0,750,9.74725217978432e+18,1.0,8.864554443819674e+17,1900,none,86.0,x,True,65,12,0,0,19.0,1e+19,1.8129133566428555,1.2,0.0,8.6,1,False,8.864554443819674e+17,0.08864554443819674,1.0,0.0,0.8333333333333334,0.11627906976744186,0.0,95.98039704949537,0.9827806394355548,1.614442585309293,1.5384615384615386e+17,17.187086643357144,91,4,0.0,0.42302483969490023,0.021770147541425602,0.009209313173845893,0.0039019035561038695,0.009209313173845893,0.005307409617742023,False
Ma_xp_A1900_s086z_n65_r12_v00_90000_fof_0.002_0000.hdf5,Ma_xp_A1900_s086z_n65_r12_v00_90000.hdf5,A1900,n65,r12,v00,s086z,90000,0.002,349,160362,9.98360508296e+18,21,3.239884843801418e+17,0.032452053310194,6.5269624571028856e+16,328,9.659616598579855e+18,0.967547946689806,5.0723370658981664e+17,1900,none,86.0,z,True,65,12,0,0,19.0,1e+19,1.8129133566428555,1.2,0.0,8.6,1,False,5.0723370658981664e+17,0.050723370658981665,1.0,0.0,0.8333333333333334,0.11627906976744186,0.0,95.98039704949537,0.9827806394355548,1.614442585309293,1.5384615384615386e+17,17.187086643357144,92,3,0.032452053310194,0.20428350572565457,0.0450552324057059,0.009204040827121718,0.04474623719311546,0.02324801248307228,0.03554219636599375,False
Ma_xp_A1900_s086z_n65_r16_v00_90000_fof_0.002_0000.hdf5,Ma_xp_A1900_s086z_n65_r16_v00_90000.hdf5,A1900,n65,r16,v00,s086z,90000,0.002,253,190988,9.987492476643766e+18,0,0.0,0.0,0.0,253,9.987492476643766e+18,1.0,6.041054062315533e+17,1900,none,86.0,z,True,65,16,0,0,19.0,1e+19,1.8129133566428555,1.6,0.0,8.6,1,False,6.041054062315533e+17,0.060410540623155325,1.0,0.0,0.625,0.11627906976744186,0.0,95.98039704949537,0.821281919029865,1.608818427700622,1.5384615384615386e+17,17.187086643357144,93,2,0.0,0.24085442675828056,0.038463903918936934,0.009264201529281136,0.026783173328943876,0.009264201529281136,0.01751897179966274,False
Ma_xp_A1900_s170mz_n65_r12_v00_90000_fof_0.002_0000.hdf5,Ma_xp_A1900_s170mz_n65_r12_v00_90000.hdf5,A1900,n65,r12,v00,s170mz,90000,0.002,228,347874,9.97517586331924e+18,0,0.0,0.0,0.0,228,9.97517586331924e+18,1.0,1.0986418814613632e+18,1900,none,170.0,mz,True,65,12,0,0,19.0,1e+19,1.8129133566428555,1.2,0.0,17.0,1,False,1.0986418814613632e+18,0.10986418814613633,1.0,0.0,0.8333333333333334,0.058823529411764705,0.0,95.98039704949537,0.9827806394355548,1.614442585309293,1.5384615384615386e+17,17.187086643357144,94,1,0.0,0.14372882564653347,0.014313854610378582,0.0020573135136249324,0.0023692469684732085,0.0020573135136249324,0.00031193345484827615,False
Ma_xp_A1900_s170x_n65_r12_v00_90000_fof_0.002_0000.hdf5,Ma_xp_A1900_s170x_n65_r12_v00_90000.hdf5,A1900,n65,r12,v00,s170x,90000,0.002,119,275516,9.935585164889352e+18,0,0.0,0.0,0.0,119,9.935585164889352e+18,1.0,8.701237132201935e+17,1900,none,170.0,x,True,65,12,0,0,19.0,1e+19,1.8129133566428555,1.2,0.0,17.0,1,False,8.701237132201935e+17,0.08701237132201935,1.0,0.0,0.8333333333333334,0.058823529411764705,0.0,95.98039704949537,0.9827806394355548,1.614442585309293,1.5384615384615386e+17,17.187086643357144,95,0,0.0,0.1769770740181396,0.024521688845299677,0.004339776741824389,0.005399776058638417,0.004339776741824389,0.001059999316814028,False
Ma_xp_A1900_s170y_n65_r12_v00_90000_fof_0.002_0000.hdf5,Ma_xp_A1900_s170y_n65_r12_v00_90000.hdf5,A1900,n65,r12,v00,s170y,90000,0.002,122,202829,9.901726527537396e+18,1,1.4347522572828524e+16,0.0014489920048717,1.4347522572828524e+16,121,9.887379004964567e+18,0.9985510079951282,6.405665102164358e+17,1900,none,170.0,y,True,65,12,0,0,19.0,1e+19,1.8129133566428555,1.2,0.0,17.0,1,False,6.405665102164358e+17,0.06405665102164358,1.0,0.0,0.8333333333333334,0.058823529411764705,0.0,95.98039704949537,0.9827806394355548,1.614442585309293,1.5384615384615386e+17,17.187086643357144,96,2,0.0014489920048717,0.5225007137613957,0.034745879093201246,0.01815474662646481,0.0074249531874334565,0.01670575462159311,0.010729793439031354,False
Ma_xp_A1900_s170z_n65_r12_v00_90000_fof_0.002_0000.hdf5,Ma_xp_A1900_s170z_n65_r12_v00_90000.hdf5,A1900,n65,r12,v00,s170z,90000,0.002,304,156851,9.968540568387428e+18,12,2.0310760988418368e+17,0.0203748591371825,8.990019316711246e+16,292,9.765432958503246e+18,0.9796251408628176,4.953606126046652e+17,1900,none,170.0,z,True,65,12,0,0,19.0,1e+19,1.8129133566428555,1.2,0.0,17.0,1,False,4.953606126046652e+17,0.04953606126046652,1.0,0.0,0.8333333333333334,0.058823529411764705,0.0,95.98039704949537,0.9827806394355548,1.614442585309293,1.5384615384615386e+17,17.187086643357144,97,3,0.0203748591371825,0.11592542579397425,0.03463991321980535,0.004015646689472252,0.04474841068112278,0.01635921244771025,0.040732763991650524,False
Ma_xp_A1900_s170z_n65_r16_v00_90000_fof_0.002_0000.hdf5,Ma_xp_A1900_s170z_n65_r16_v00_90000.hdf5,A1900,n65,r16,v00,s170z,90000,0.002,228,294286,9.97716234619345e+18,0,0.0,0.0,0.0,228,9.97716234619345e+18,1.0,9.294023834140456e+17,1900,none,170.0,z,True,65,16,0,0,19.0,1e+19,1.8129133566428555,1.6,0.0,17.0,1,False,9.294023834140456e+17,0.09294023834140455,1.0,0.0,0.625,0.058823529411764705,0.0,95.98039704949537,0.821281919029865,1.608818427700622,1.5384615384615386e+17,17.187086643357144,98,0,0.0,0.8256232795337757,0.010689098505876182,0.008825168563681075,0.022882788017228536,0.008825168563681075,0.01405761945354746,False
Ma_xp_A1950_n65_r12_v00_90000_fof_0.0020_0000.hdf5,Ma_xp_A1950_n65_r12_v00_90000.hdf5,A1950,n65,r12,v00,,90000,0.002,273,197365,3.1577043057890193e+19,38,2.88389359149743e+18,0.0913288044802164,6.757230787756746e+17,235,2.8693149466392764e+19,0.9086711955197836,1.9332891501077115e+18,1950,none,,none,False,65,12,0,0,19.5,3.162277660168379e+19,1.8129133566428555,1.2,0.0,,0,False,1.9332891501077115e+18,0.061135970900315285,1.0,0.0,0.8333333333333334,,0.0,140.87995649532473,0.9827806394355548,1.614442585309293,4.865042554105199e+17,17.687086643357144,99,3,0.0913288044802164,0.9765893321161483,0.037149389652866086,0.03627969762961504,0.001890876380209897,0.055049106850601354,0.03438882124940514,False
Ma_xp_A1950_n65_r12_v00_90000_fof_0.0027_0000.hdf5,Ma_xp_A1950_n65_r12_v00_90000.hdf5,A1950,n65,r12,v00,,90000,0.0027,273,197384,3.158625082928384e+19,38,2.8847849821323484e+18,0.09133040188036,6.760953078320143e+17,235,2.8701465847151497e+19,0.90866959811964,1.9334752646358792e+18,1950,none,,none,False,65,12,0,0,19.5,3.162277660168379e+19,1.8129133566428555,1.2,0.0,,0,False,1.9334752646358792e+18,0.061141856358461866,1.0,0.0,0.8333333333333334,,0.0,140.87995649532473,0.9827806394355548,1.614442585309293,4.865042554105199e+17,17.687086643357144,100,3,0.09133040188036,0.9918009937385764,0.03773527700027739,0.03742588522787556,0.0023283510079225578,0.05390451665248444,0.035097534219953,False
Ma_xp_A1950_n65_r12_v00_90000_fof_0.002_0000.hdf5,Ma_xp_A1950_n65_r12_v00_90000.hdf5,A1950,n65,r12,v00,,90000,0.002,272,197385,3.1587886678031434e+19,38,2.8849319146545874e+18,0.091330323679456,6.76105103333497e+17,234,2.8702954763376853e+19,0.9086696763205442,1.9334850601373617e+18,1950,none,,none,False,65,12,0,0,19.5,3.162277660168379e+19,1.8129133566428555,1.2,0.0,,0,False,1.9334850601373617e+18,0.061142166119416946,1.0,0.0,0.8333333333333334,,0.0,140.87995649532473,0.9827806394355548,1.614442585309293,4.865042554105199e+17,17.687086643357144,101,3,0.091330323679456,0.9765893321161483,0.037149389652866086,0.03627969762961504,0.001890876380209897,0.055050626049840956,0.03438882124940514,False
Ma_xp_A1950_n65_r12_v00_90000_fof_0.0034_0000.hdf5,Ma_xp_A1950_n65_r12_v00_90000.hdf5,A1950,n65,r12,v00,,90000,0.0034,273,197387,3.158984577832796e+19,38,2.8850396651708964e+18,0.0913280705900173,6.761442853394275e+17,235,2.8704806113157067e+19,0.9086719294099828,1.933504651140327e+18,1950,none,,none,False,65,12,0,0,19.5,3.162277660168379e+19,1.8129133566428555,1.2,0.0,,0,False,1.933504651140327e+18,0.06114278564132712,1.0,0.0,0.8333333333333334,,0.0,140.87995649532473,0.9827806394355548,1.614442585309293,4.865042554105199e+17,17.687086643357144,102,3,0.0913280705900173,0.9939100169939173,0.03974443552044071,0.039502392583534884,0.0073294495522532414,0.05182567800648241,0.03217294303128164,False
Ma_xp_A1950_n65_r12_v00_90000_fof_0.003_0000.hdf5,Ma_xp_A1950_n65_r12_v00_90000.hdf5,A1950,n65,r12,v00,,90000,0.003,272,197385,3.1587886678031434e+19,38,2.8849319146545874e+18,0.091330323679456,6.76105103333497e+17,234,2.8702954763376853e+19,0.9086696763205442,1.9334850601373617e+18,1950,none,,none,False,65,12,0,0,19.5,3.162277660168379e+19,1.8129133566428555,1.2,0.0,,0,False,1.9334850601373617e+18,0.061142166119416946,1.0,0.0,0.8333333333333334,,0.0,140.87995649532473,0.9827806394355548,1.614442585309293,4.865042554105199e+17,17.687086643357144,103,3,0.091330323679456,0.9939239425543562,0.04030077878907662,0.04005590894205001,0.008557453555380437,0.05127441473740599,0.03149845538666957,False
Ma_xp_A1950_n65_r16_v00_90000_fof_0.0020_0000.hdf5,Ma_xp_A1950_n65_r16_v00_90000.hdf5,A1950,n65,r16,v00,,90000,0.002,200,775432,3.157659246483861e+19,2,6445439975561000.0,0.000204120820913,3506789530776349.5,198,3.157014702486305e+19,0.999795879179087,7.595745305745701e+18,1950,none,,none,False,65,16,0,0,19.5,3.162277660168379e+19,1.8129133566428555,1.6,0.0,,0,False,7.595745305745701e+18,0.24019855692688466,1.0,0.0,0.625,,0.0,140.87995649532473,0.821281919029865,1.608818427700622,4.865042554105199e+17,17.687086643357144,104,2,0.000204120820913,0.7958442596457463,0.09252932738350322,0.07363893404704301,0.09006141503472823,0.07343481322613,0.016422480987685215,False
Ma_xp_A1950_n65_r16_v00_90000_fof_0.0027_0000.hdf5,Ma_xp_A1950_n65_r16_v00_90000.hdf5,A1950,n65,r16,v00,,90000,0.0027,204,775624,3.158728915245769e+19,2,6445439975561000.0,0.0002040516976449,3506789530776349.5,202,3.1580843712482128e+19,0.999795948302355,7.597626042030438e+18,1950,none,,none,False,65,16,0,0,19.5,3.162277660168379e+19,1.8129133566428555,1.6,0.0,,0,False,7.597626042030438e+18,0.2402580310302636,1.0,0.0,0.625,,0.0,140.87995649532473,0.821281919029865,1.608818427700622,4.865042554105199e+17,17.687086643357144,105,2,0.0002040516976449,0.9370423132973515,0.08774211451547238,0.08221807395917936,0.09069058343955336,0.08201402226153447,0.008472509480373994,False
Ma_xp_A1950_n65_r16_v00_90000_fof_0.002_0000.hdf5,Ma_xp_A1950_n65_r16_v00_90000.hdf5,A1950,n65,r16,v00,,90000,0.002,200,775432,3.157659246483861e+19,2,6445439975561000.0,0.000204120820913,3506789530776349.5,198,3.157014702486305e+19,0.999795879179087,7.595745305745701e+18,1950,none,,none,False,65,16,0,0,19.5,3.162277660168379e+19,1.8129133566428555,1.6,0.0,,0,False,7.595745305745701e+18,0.24019855692688466,1.0,0.0,0.625,,0.0,140.87995649532473,0.821281919029865,1.608818427700622,4.865042554105199e+17,17.687086643357144,106,2,0.000204120820913,0.7958442596457463,0.09252932738350322,0.07363893404704301,0.09006141503472823,0.07343481322613,0.016422480987685215,False
Ma_xp_A1950_n65_r16_v00_90000_fof_0.0034_0000.hdf5,Ma_xp_A1950_n65_r16_v00_90000.hdf5,A1950,n65,r16,v00,,90000,0.0034,204,775700,3.159162855961451e+19,2,6445439975561000.0,0.0002040236692261,3506789530776349.5,202,3.1585183119638946e+19,0.9997959763307738,7.598370500143147e+18,1950,none,,none,False,65,16,0,0,19.5,3.162277660168379e+19,1.8129133566428555,1.6,0.0,,0,False,7.598370500143147e+18,0.2402815728628511,1.0,0.0,0.625,,0.0,140.87995649532473,0.821281919029865,1.608818427700622,4.865042554105199e+17,17.687086643357144,107,2,0.0002040236692261,0.9491051094335053,0.08555672394371547,0.08120232384137227,0.0878426881579963,0.08099830017214617,0.006640364316624028,False
Ma_xp_A1950_n65_r16_v00_90000_fof_0.003_0000.hdf5,Ma_xp_A1950_n65_r16_v00_90000.hdf5,A1950,n65,r16,v00,,90000,0.003,205,775661,3.1589953528860967e+19,2,6445439975561000.0,0.0002040344874098,3506789530776349.5,203,3.1583508088885404e+19,0.99979596551259,7.59798847558531e+18,1950,none,,none,False,65,16,0,0,19.5,3.162277660168379e+19,1.8129133566428555,1.6,0.0,,0,False,7.59798847558531e+18,0.24026949218560226,1.0,0.0,0.625,,0.0,140.87995649532473,0.821281919029865,1.608818427700622,4.865042554105199e+17,17.687086643357144,108,2,0.0002040344874098,0.949647754432358,0.08555672394371547,0.08124875076973856,0.08774339358713257,0.08104471628232876,0.0064946428173940085,False
Ma_xp_A2000_n50_r12_v00_90000_fof_0.0126_0000.hdf5,Ma_xp_A2000_n50_r12_v00_90000.hdf5,A2000,n50,r12,v00,,90000,0.0126,57,10630,9.979559814256088e+19,19,2.240433312968013e+19,0.2245022180003861,3.832380690629288e+18,38,7.739126501288074e+19,0.7754977819996137,9.78343101378231e+18,2000,none,,none,False,50,12,0,0,20.0,1e+20,1.6989700043360187,1.2,0.0,,0,True,9.78343101378231e+18,0.09783431013782311,1.0,0.0,0.8333333333333334,,0.0,206.78349696646669,0.9827806394355548,1.614442585309293,2e+18,18.30102999566398,109,3,0.2245022180003861,0.9949384137512298,0.20266444383343596,0.20163864027141398,0.20116754862569608,0.02286357772897213,0.00047109164571790263,True
Ma_xp_A2000_n50_r14_v00_90000_fof_0.0126_0000.hdf5,Ma_xp_A2000_n50_r14_v00_90000.hdf5,A2000,n50,r14,v00,,90000,0.0126,52,15068,9.96777920118212e+19,20,1.7557715282212858e+19,0.1761447051328205,5.963935368702657e+18,32,8.212007672960837e+19,0.8238552948671798,1.386799045302653e+19,2000,none,,none,False,50,14,0,0,20.0,1e+20,1.6989700043360187,1.4,0.0,,0,True,1.386799045302653e+19,0.1386799045302653,1.0,0.0,0.7142857142857143,,0.0,206.78349696646669,0.9284869091985879,1.6245823617011257,2e+18,18.30102999566398,110,4,0.1761447051328205,0.9957760180433471,0.1998989517000517,0.19905458213491686,0.1944226227806194,0.022909877002096374,0.004631959354297471,True
Ma_xp_A2000_n50_r16_v00_90000_fof_0.0126_0000.hdf5,Ma_xp_A2000_n50_r16_v00_90000.hdf5,A2000,n50,r16,v00,,90000,0.0126,29,36883,9.98268903960046e+19,6,1.5954447471675963e+19,0.1598211404601111,6.450806018400762e+18,23,8.387244292432862e+19,0.8401788595398888,3.3945652500561355e+19,2000,none,,none,False,50,16,0,0,20.0,1e+20,1.6989700043360187,1.6,0.0,,0,True,3.3945652500561355e+19,0.3394565250056136,1.0,0.0,0.625,,0.0,206.78349696646669,0.821281919029865,1.608818427700622,2e+18,18.30102999566398,111,1,0.1598211404601111,0.9833962546691903,0.1658212236574617,0.16306797028941,0.15589153805210415,0.003246829829298914,0.007176432237305852,True
Ma_xp_A2000_n55_r12_v00_90000_fof_0.0086_0000.hdf5,Ma_xp_A2000_n55_r12_v00_90000.hdf5,A2000,n55,r12,v00,,90000,0.0086,89,29668,9.977507867427522e+19,26,2.1121247625399984e+19,0.2116886090799508,3.721663735309995e+18,63,7.865383104887525e+19,0.7883113909200493,9.285536935430296e+18,2000,none,,none,False,55,12,0,0,20.0,1e+20,1.7403626894942439,1.2,0.0,,0,True,9.285536935430296e+18,0.09285536935430296,1.0,0.0,0.8333333333333334,,0.0,206.78349696646669,0.9827806394355548,1.614442585309293,1.818181818181818e+18,18.259637310505756,112,2,0.2116886090799508,0.9961815289675263,0.2021836952155296,0.2014116626321106,0.20363546356082557,0.01027694644784019,0.002223800928714964,True
Ma_xp_A2000_n55_r14_v00_90000_fof_0.0086_0000.hdf5,Ma_xp_A2000_n55_r14_v00_90000.hdf5,A2000,n55,r14,v00,,90000,0.0086,73,40033,9.980168210690484e+19,24,1.9531614279874535e+19,0.1957042593626107,4.024629885825642e+18,49,8.027006782703033e+19,0.8042957406373893,1.252959080948443e+19,2000,none,,none,False,55,14,0,0,20.0,1e+20,1.7403626894942439,1.4,0.0,,0,True,1.252959080948443e+19,0.12529590809484428,1.0,0.0,0.7142857142857143,,0.0,206.78349696646669,0.9284869091985879,1.6245823617011257,1.818181818181818e+18,18.259637310505756,113,4,0.1957042593626107,0.9965948956663164,0.18689527943863232,0.18625888151267084,0.18642128645316555,0.009445377849939873,0.00016240494049471477,True
Ma_xp_A2000_n55_r16_v00_90000_fof_0.0086_0000.hdf5,Ma_xp_A2000_n55_r16_v00_90000.hdf5,A2000,n55,r16,v00,,90000,0.0086,60,103736,9.987836258922732e+19,11,1.411046067132353e+19,0.1412764517311525,4.381115883178246e+18,49,8.576790191790378e+19,0.8587235482688473,3.246745515486035e+19,2000,none,,none,False,55,16,0,0,20.0,1e+20,1.7403626894942439,1.6,0.0,,0,True,3.246745515486035e+19,0.32467455154860353,1.0,0.0,0.625,,0.0,206.78349696646669,0.821281919029865,1.608818427700622,1.818181818181818e+18,18.259637310505756,114,3,0.1412764517311525,0.9879921489089024,0.15601484547691394,0.15414144244442657,0.154401593496714,0.012864990713274072,0.0002601510522874384,True
Ma_xp_A2000_n60_r12_v00_90000_fof_0.0059_0000.hdf5,Ma_xp_A2000_n60_r12_v00_90000.hdf5,A2000,n60,r12,v00,,90000,0.0059,153,79310,9.98655608665633e+19,57,2.056321575047569e+19,0.2059089797528049,3.0861819007456276e+18,96,7.930234511608758e+19,0.7940910202471949,7.905593700068805e+18,2000,none,,none,False,60,12,0,0,20.0,1e+20,1.7781512503836436,1.2,0.0,,0,True,7.905593700068805e+18,0.07905593700068804,1.0,0.0,0.8333333333333334,,0.0,206.78349696646669,0.9827806394355548,1.614442585309293,1.6666666666666668e+18,18.221848749616356,115,1,0.2059089797528049,0.9982381261653999,0.19639572985285655,0.1960497053552016,0.1897849012007987,0.009859274397603285,0.00626480415440292,True
Ma_xp_A2000_n60_r14_v00_90000_fof_0.0059_0000.hdf5,Ma_xp_A2000_n60_r14_v00_90000.hdf5,A2000,n60,r14,v00,,90000,0.0059,131,105973,9.986356727338226e+19,47,1.778843310226949e+19,0.1781273550300144,2.5799089162196116e+18,84,8.207513417111278e+19,0.8218726449699857,1.0563352429414703e+19,2000,none,,none,False,60,14,0,0,20.0,1e+20,1.7781512503836436,1.4,0.0,,0,True,1.0563352429414703e+19,0.10563352429414703,1.0,0.0,0.7142857142857143,,0.0,206.78349696646669,0.9284869091985879,1.6245823617011257,1.6666666666666668e+18,18.221848749616356,116,2,0.1781273550300144,0.9962163619406913,0.18569879418758212,0.18499617716232625,0.1838956394262614,0.006868822132311853,0.0011005377360648605,True
Ma_xp_A2000_n60_r16_v00_90000_fof_0.0059_0000.hdf5,Ma_xp_A2000_n60_r16_v00_90000.hdf5,A2000,n60,r16,v00,,90000,0.0059,87,276815,9.988838750824151e+19,24,1.4231464175359402e+19,0.1424736601557934,4.137004858586395e+18,63,8.56569233328821e+19,0.8575263398442065,2.7592824613299204e+19,2000,none,,none,False,60,16,0,0,20.0,1e+20,1.7781512503836436,1.6,0.0,,0,True,2.7592824613299204e+19,0.27592824613299205,1.0,0.0,0.625,,0.0,206.78349696646669,0.821281919029865,1.608818427700622,1.6666666666666668e+18,18.221848749616356,117,3,0.1424736601557934,0.9909631707176347,0.14679040642024266,0.1454638865771339,0.1468789433018438,0.0029902264213405028,0.001415056724709901,True
Ma_xp_A2000_n65_r11_v00_90000_fof_0.0010_0000.hdf5,Ma_xp_A2000_n65_r11_v00_90000.hdf5,A2000,n65,r11,v00,,90000,0.001,0,0,0.0,0,0.0,0.0,0.0,0,0.0,0.0,0.0,2000,none,,none,False,65,11,0,0,20.0,1e+20,1.8129133566428555,1.1,0.0,,0,False,0.0,0.0,1.0,0.0,0.9090909090909091,,0.0,206.78349696646669,0.9950146326707979,1.6007232048504096,1.5384615384615386e+18,18.187086643357144,118,1,0.0,0.107642804417496,0.22370283085345882,0.02408000006919906,0.04136169076637966,0.02408000006919906,0.0172816906971806,False
Ma_xp_A2000_n65_r11_v00_90000_fof_0.0020_0000.hdf5,Ma_xp_A2000_n65_r11_v00_90000.hdf5,A2000,n65,r11,v00,,90000,0.002,6441,12989,1.3072756654055838e+19,1650,3.1050530183864156e+18,0.2375209070707416,5.2463717104166344e+16,4791,9.967703635669422e+18,0.7624790929292584,4.022734483269132e+17,2000,none,,none,False,65,11,0,0,20.0,1e+20,1.8129133566428555,1.1,0.0,,0,True,4.022734483269132e+17,0.004022734483269132,1.0,0.0,0.9090909090909091,,0.0,206.78349696646669,0.9950146326707979,1.6007232048504096,1.5384615384615386e+18,18.187086643357144,119,1,0.2375209070707416,0.9901991634541696,0.22731900486224768,0.22509108845183196,0.1830001490175876,0.012429818618909655,0.04209093943424436,True
Ma_xp_A2000_n65_r11_v00_90000_fof_0.0030_0000.hdf5,Ma_xp_A2000_n65_r11_v00_90000.hdf5,A2000,n65,r11,v00,,90000,0.003,359,155562,9.984898355698949e+19,106,1.9920324726922043e+19,0.1995045319169662,1.886804626408266e+18,253,7.992865883006743e+19,0.8004954680830338,4.817804462904375e+18,2000,none,,none,False,65,11,0,0,20.0,1e+20,1.8129133566428555,1.1,0.0,,0,True,4.817804462904375e+18,0.04817804462904375,1.0,0.0,0.9090909090909091,,0.0,206.78349696646669,0.9950146326707979,1.6007232048504096,1.5384615384615386e+18,18.187086643357144,120,1,0.1995045319169662,0.9976540999275478,0.19347289144027474,0.19301902337022747,0.17871112600165476,0.0064855085467387386,0.014307897368572714,True
Ma_xp_A2000_n65_r11_v00_90000_fof_0.0035_0000.hdf5,Ma_xp_A2000_n65_r11_v00_90000.hdf5,A2000,n65,r11,v00,,90000,0.0035,360,155577,9.986713216278825e+19,106,1.992456766035963e+19,0.1995107622383871,1.8868665670423913e+18,254,7.99425645024286e+19,0.8004892377616128,4.818269017660323e+18,2000,none,,none,False,65,11,0,0,20.0,1e+20,1.8129133566428555,1.1,0.0,,0,True,4.818269017660323e+18,0.048182690176603225,1.0,0.0,0.9090909090909091,,0.0,206.78349696646669,0.9950146326707979,1.6007232048504096,1.5384615384615386e+18,18.187086643357144,121,1,0.1995107622383871,0.9977942241137379,0.19130604776022497,0.19088406949317935,0.17348259768748778,0.008626692745207748,0.01740147180569157,True
Ma_xp_A2000_n65_r11_v00_90000_fof_0.0040_0000.hdf5,Ma_xp_A2000_n65_r11_v00_90000.hdf5,A2000,n65,r11,v00,,90000,0.004,361,155578,9.98769497532971e+19,106,1.992676655287108e+19,0.1995131669728757,1.8868665670423913e+18,255,7.9950183200426e+19,0.8004868330271242,4.818299987977386e+18,2000,none,,none,False,65,11,0,0,20.0,1e+20,1.8129133566428555,1.1,0.0,,0,True,4.818299987977386e+18,0.04818299987977386,1.0,0.0,0.9090909090909091,,0.0,206.78349696646669,0.9950146326707979,1.6007232048504096,1.5384615384615386e+18,18.187086643357144,122,1,0.1995131669728757,0.9978120419642103,0.1924023344253944,0.19198136619168366,0.16894130732055376,0.007531800781192033,0.023040058871129893,True
Ma_xp_A2000_n65_r11_v00_90000_fof_0.0045_0000.hdf5,Ma_xp_A2000_n65_r11_v00_90000.hdf5,A2000,n65,r11,v00,,90000,0.0045,361,155580,9.988202888529537e+19,106,1.9928005365553582e+19,0.1995154242255023,1.8868665670423913e+18,255,7.99540235197418e+19,0.8004845757744978,4.818361928611512e+18,2000,none,,none,False,65,11,0,0,20.0,1e+20,1.8129133566428555,1.1,0.0,,0,True,4.818361928611512e+18,0.04818361928611512,1.0,0.0,0.9090909090909091,,0.0,206.78349696646669,0.9950146326707979,1.6007232048504096,1.5384615384615386e+18,18.187086643357144,123,1,0.1995154242255023,0.9979654207271862,0.19069989731752057,0.19031190325911063,0.16927409797779774,0.009203520966391682,0.021037805281312882,True
Ma_xp_A2000_n65_r11_v00_90000_fof_0.0050_0000.hdf5,Ma_xp_A2000_n65_r11_v00_90000.hdf5,A2000,n65,r11,v00,,90000,0.005,362,155581,9.988633375936709e+19,107,1.992955388140672e+19,0.199522328343919,1.8868665670423913e+18,255,7.995677987796037e+19,0.8004776716560811,4.818392898928575e+18,2000,none,,none,False,65,11,0,0,20.0,1e+20,1.8129133566428555,1.1,0.0,,0,True,4.818392898928575e+18,0.04818392898928576,1.0,0.0,0.9090909090909091,,0.0,206.78349696646669,0.9950146326707979,1.6007232048504096,1.5384615384615386e+18,18.187086643357144,124,1,0.199522328343919,0.9978908690952878,0.19066337788857843,0.1902612438658768,0.1689690117783767,0.009261084478042192,0.021292232087500113,True
Ma_xp_A2000_n65_r11_v00_90000_fof_0.0060_0000.hdf5,Ma_xp_A2000_n65_r11_v00_90000.hdf5,A2000,n65,r11,v00,,90000,0.006,361,155581,9.989197035707246e+19,106,1.9930544931552723e+19,0.1995209911298102,1.8868665670423913e+18,255,7.996142542551974e+19,0.8004790088701897,4.818392898928575e+18,2000,none,,none,False,65,11,0,0,20.0,1e+20,1.8129133566428555,1.1,0.0,,0,True,4.818392898928575e+18,0.04818392898928576,1.0,0.0,0.9090909090909091,,0.0,206.78349696646669,0.9950146326707979,1.6007232048504096,1.5384615384615386e+18,18.187086643357144,125,1,0.1995209911298102,0.997937908476075,0.1895332619273173,0.1891424269943951,0.1698627809818185,0.010378564135415103,0.01927964601257659,True
Ma_xp_A2000_n65_r11_v00_90000_fof_0.0080_0000.hdf5,Ma_xp_A2000_n65_r11_v00_90000.hdf5,A2000,n65,r11,v00,,90000,0.008,361,155581,9.98994032331675e+19,105,1.993178374423522e+19,0.1995185466495128,1.8868665670423913e+18,256,7.996761948893227e+19,0.800481453350487,4.818392898928575e+18,2000,none,,none,False,65,11,0,0,20.0,1e+20,1.8129133566428555,1.1,0.0,,0,True,4.818392898928575e+18,0.04818392898928576,1.0,0.0,0.9090909090909091,,0.0,206.78349696646669,0.9950146326707979,1.6007232048504096,1.5384615384615386e+18,18.187086643357144,126,1,0.1995185466495128,0.997972185232729,0.18910181955554078,0.18871835609332824,0.17299129507981317,0.010800190556184558,0.015727061013515065,True
Ma_xp_A2000_n65_r12_v00_90000_fof_0.0010_0000.hdf5,Ma_xp_A2000_n65_r12_v00_90000.hdf5,A2000,n65,r12,v00,,90000,0.001,0,0,0.0,0,0.0,0.0,0.0,0,0.0,0.0,0.0,2000,none,,none,False,65,12,0,0,20.0,1e+20,1.8129133566428555,1.2,0.0,,0,False,0.0,0.0,1.0,0.0,0.8333333333333334,,0.0,206.78349696646669,0.9827806394355548,1.614442585309293,1.5384615384615386e+18,18.187086643357144,127,0,0.0,0.09036664793757486,0.23319676025491698,0.02107320953413913,0.029352910607899338,0.02107320953413913,0.008279701073760207,False
Ma_xp_A2000_n65_r12_v00_90000_fof_0.0020_0000.hdf5,Ma_xp_A2000_n65_r12_v00_90000.hdf5,A2000,n65,r12,v00,,90000,0.002,6136,7126,1.273177346319602e+19,1632,2.998484157373762e+18,0.2355118998968633,7.439070158453811e+16,4504,9.733289305822255e+18,0.7644881001031367,2.206944793885611e+17,2000,none,,none,False,65,12,0,0,20.0,1e+20,1.8129133566428555,1.2,0.0,,0,True,2.206944793885611e+17,0.002206944793885611,1.0,0.0,0.8333333333333334,,0.0,206.78349696646669,0.9827806394355548,1.614442585309293,1.5384615384615386e+18,18.187086643357144,128,0,0.2355118998968633,0.9913444828869424,0.23720918996163298,0.23515602175854555,0.20584189823356983,0.00035587813831775006,0.029314123524975727,True
Ma_xp_A2000_n65_r12_v00_90000_fof_0.0030_0000.hdf5,Ma_xp_A2000_n65_r12_v00_90000.hdf5,A2000,n65,r12,v00,,90000,0.003,330,211464,9.984117903713449e+19,107,1.8754509081732338e+19,0.1878434255544685,2.4343598320760243e+18,223,8.108666995540212e+19,0.8121565744455314,6.549107127369593e+18,2000,none,,none,False,65,12,0,0,20.0,1e+20,1.8129133566428555,1.2,0.0,,0,True,6.549107127369593e+18,0.06549107127369592,1.0,0.0,0.8333333333333334,,0.0,206.78349696646669,0.9827806394355548,1.614442585309293,1.5384615384615386e+18,18.187086643357144,129,0,0.1878434255544685,0.9974161693970152,0.2036146051190899,0.20308849947116853,0.20675600265878735,0.01524507391670002,0.0036675031876188258,True
Ma_xp_A2000_n65_r12_v00_90000_fof_0.0035_0000.hdf5,Ma_xp_A2000_n65_r12_v00_90000.hdf5,A2000,n65,r12,v00,,90000,0.0035,332,211504,9.986189817924942e+19,106,1.8759309480877048e+19,0.1878525225627555,2.4344527430272123e+18,226,8.110258869837236e+19,0.8121474774372442,6.55034594005212e+18,2000,none,,none,False,65,12,0,0,20.0,1e+20,1.8129133566428555,1.2,0.0,,0,True,6.55034594005212e+18,0.0655034594005212,1.0,0.0,0.8333333333333334,,0.0,206.78349696646669,0.9827806394355548,1.614442585309293,1.5384615384615386e+18,18.187086643357144,130,0,0.1878525225627555,0.9977079659442217,0.2034469351069182,0.20298062780310944,0.199469633359493,0.015128105240353934,0.0035109944436164386,True
Ma_xp_A2000_n65_r12_v00_90000_fof_0.0040_0000.hdf5,Ma_xp_A2000_n65_r12_v00_90000.hdf5,A2000,n65,r12,v00,,90000,0.004,334,211522,9.987190159166066e+19,108,1.876253039385157e+19,0.187865957239551,2.434483713344275e+18,226,8.11093711978091e+19,0.8121340427604491,6.550903405759257e+18,2000,none,,none,False,65,12,0,0,20.0,1e+20,1.8129133566428555,1.2,0.0,,0,True,6.550903405759257e+18,0.06550903405759256,1.0,0.0,0.8333333333333334,,0.0,206.78349696646669,0.9827806394355548,1.614442585309293,1.5384615384615386e+18,18.187086643357144,131,0,0.187865957239551,0.9977954123973072,0.20338808564507427,0.2029396987929257,0.19278565499535535,0.015073741553374709,0.010154043797570345,True
Ma_xp_A2000_n65_r12_v00_90000_fof_0.0045_0000.hdf5,Ma_xp_A2000_n65_r12_v00_90000.hdf5,A2000,n65,r12,v00,,90000,0.0045,336,211535,9.987821953634143e+19,110,1.876525578175309e+19,0.1878813606096092,2.4345146836613376e+18,226,8.111296375458839e+19,0.812118639390391,6.551306019881078e+18,2000,none,,none,False,65,12,0,0,20.0,1e+20,1.8129133566428555,1.2,0.0,,0,True,6.551306019881078e+18,0.06551306019881077,1.0,0.0,0.8333333333333334,,0.0,206.78349696646669,0.9827806394355548,1.614442585309293,1.5384615384615386e+18,18.187086643357144,132,0,0.1878813606096092,0.9980944873377559,0.20255577669309235,0.20216980409579297,0.19688656604877866,0.014288443486183772,0.005283238047014305,True
Ma_xp_A2000_n65_r12_v00_90000_fof_0.0050_0000.hdf5,Ma_xp_A2000_n65_r12_v00_90000.hdf5,A2000,n65,r12,v00,,90000,0.005,335,211538,9.988196694470604e+19,110,1.876671138665503e+19,0.1878888848579058,2.4345146836613376e+18,225,8.1115255558051e+19,0.8121111151420941,6.551398930832267e+18,2000,none,,none,False,65,12,0,0,20.0,1e+20,1.8129133566428555,1.2,0.0,,0,True,6.551398930832267e+18,0.06551398930832267,1.0,0.0,0.8333333333333334,,0.0,206.78349696646669,0.9827806394355548,1.614442585309293,1.5384615384615386e+18,18.187086643357144,133,0,0.1878888848579058,0.9980944873377559,0.20255634504565068,0.2021703713653483,0.19836123478279707,0.014281486507442487,0.0038091365825512202,True
Ma_xp_A2000_n65_r12_v00_90000_fof_0.0060_0000.hdf5,Ma_xp_A2000_n65_r12_v00_90000.hdf5,A2000,n65,r12,v00,,90000,0.006,335,211547,9.988887332541102e+19,110,1.876829087282523e+19,0.1878917065335515,2.4345456539784003e+18,225,8.112058245258579e+19,0.8121082934664484,6.551677663685836e+18,2000,none,,none,False,65,12,0,0,20.0,1e+20,1.8129133566428555,1.2,0.0,,0,True,6.551677663685836e+18,0.06551677663685836,1.0,0.0,0.8333333333333334,,0.0,206.78349696646669,0.9827806394355548,1.614442585309293,1.5384615384615386e+18,18.187086643357144,134,0,0.1878917065335515,0.9980944873377559,0.20226802388555526,0.20188259960487423,0.19858755561353486,0.01399089307132273,0.003295043991339369,True
Ma_xp_A2000_n65_r12_v00_90000_fof_0.0080_0000.hdf5,Ma_xp_A2000_n65_r12_v00_90000.hdf5,A2000,n65,r12,v00,,90000,0.008,335,211562,9.989633717182312e+19,110,1.876990132931249e+19,0.1878937893090914,2.4345456539784003e+18,225,8.112643584251064e+19,0.8121062106909087,6.552142218441783e+18,2000,none,,none,False,65,12,0,0,20.0,1e+20,1.8129133566428555,1.2,0.0,,0,True,6.552142218441783e+18,0.06552142218441784,1.0,0.0,0.8333333333333334,,0.0,206.78349696646669,0.9827806394355548,1.614442585309293,1.5384615384615386e+18,18.187086643357144,135,0,0.1878937893090914,0.9980935212375802,0.20217480929573795,0.20178936731551936,0.1998514722191568,0.013895578006427961,0.0019378950963625519,True
Ma_xp_A2000_n65_r12_v02_90000_fof_0.0040_0000.hdf5,Ma_xp_A2000_n65_r12_v02_90000.hdf5,A2000,n65,r12,v02,,90000,0.004,356,177400,9.98618672089192e+19,99,1.7347155933770906e+19,0.1737115118975218,2.3802546881675643e+18,257,8.251471127514828e+19,0.8262884881024782,5.494134246929838e+18,2000,none,,none,False,65,12,2,0,20.0,1e+20,1.8129133566428555,1.2,0.2,,0,True,5.494134246929838e+18,0.05494134246929838,1.0037987903812355,0.04000000000000001,0.8333333333333334,,0.24,206.78349696646669,0.9806831622829186,1.6105617858015973,1.5384615384615386e+18,18.187086643357144,136,2,0.1737115118975218,0.9976868546461618,0.18012384088428895,0.17970718825863197,0.1718851874802505,0.005995676361110175,0.007822000778381466,True
Ma_xp_A2000_n65_r12_v04_90000_fof_0.0040_0000.hdf5,Ma_xp_A2000_n65_r12_v04_90000.hdf5,A2000,n65,r12,v04,,90000,0.004,328,255232,9.987567997038164e+19,70,1.4377505141583843e+19,0.1439540150900351,2.1626882108024056e+18,258,8.54981748287978e+19,0.8560459849099649,7.90461596459033e+18,2000,none,,none,False,65,12,4,0,20.0,1e+20,1.8129133566428555,1.2,0.4,,0,True,7.90461596459033e+18,0.0790461596459033,1.0151951615249424,0.16000000000000003,0.8333333333333334,,0.48,206.78349696646669,0.9744710491123042,1.5990893158984896,1.5384615384615386e+18,18.187086643357144,137,4,0.1439540150900351,0.9968949935502128,0.14037652831242892,0.13994065828662008,0.1586155353243708,0.004013356803415025,0.018674877037750726,True
Ma_xp_A2000_n65_r12_v06_90000_fof_0.0040_0000.hdf5,Ma_xp_A2000_n65_r12_v06_90000.hdf5,A2000,n65,r12,v06,,90000,0.004,294,267899,9.98761445252154e+19,43,7.387442639907464e+18,0.0739660373858582,1.8590552223201265e+18,251,9.248870188530791e+19,0.9260339626141416,8.296916970829479e+18,2000,none,,none,False,65,12,6,0,20.0,1e+20,1.8129133566428555,1.2,0.6,,0,False,8.296916970829479e+18,0.0829691697082948,1.0341891134311205,0.36,0.8333333333333334,,0.72,206.78349696646669,0.9643768113754055,1.580514285261953,1.5384615384615386e+18,18.187086643357144,138,4,0.0739660373858582,0.9462720299725798,0.09664846559695432,0.091455739734165,0.09282843002910744,0.017489702348306796,0.0013726902949424413,False
Ma_xp_A2000_n65_r12_v08_90000_fof_0.0040_0000.hdf5,Ma_xp_A2000_n65_r12_v08_90000.hdf5,A2000,n65,r12,v08,,90000,0.004,314,278860,9.9879334467943e+19,4,8.907682593562328e+17,0.0089184440815645,8.008304586062333e+17,310,9.898856620858678e+19,0.9910815559184356,8.636382616158863e+18,2000,none,,none,False,65,12,8,0,20.0,1e+20,1.8129133566428555,1.2,0.8,,0,False,8.636382616158863e+18,0.08636382616158864,1.06078064609977,0.6400000000000001,0.8333333333333334,,0.96,206.78349696646669,0.950761528447568,1.5555878292397605,1.5384615384615386e+18,18.187086643357144,139,3,0.0089184440815645,0.11637033078931258,0.05078481176760952,0.005909845344469694,0.006829176260615381,0.0030085987370948057,0.0009193309161456874,False
Ma_xp_A2000_n65_r12_v10_90000_fof_0.0040_0000.hdf5,Ma_xp_A2000_n65_r12_v10_90000.hdf5,A2000,n65,r12,v10,,90000,0.004,274,345039,9.989258976366952e+19,0,0.0,0.0,0.0,274,9.989258976366952e+19,1.0,1.06859672290339e+19,2000,none,,none,False,65,12,10,0,20.0,1e+20,1.8129133566428555,1.2,1.0,,0,False,1.06859672290339e+19,0.106859672290339,1.0949697595308905,1.0,0.8333333333333334,,1.2,206.78349696646669,0.934080602193229,1.5252422398947536,1.5384615384615386e+18,18.187086643357144,140,2,0.0,0.058845727973361184,0.004490849578838746,0.00026426731268562847,0.001968372578155484,0.00026426731268562847,0.0017041052654698553,False
Ma_xp_A2000_n65_r12_v12_90000_fof_0.0040_0000.hdf5,Ma_xp_A2000_n65_r12_v12_90000.hdf5,A2000,n65,r12,v12,,90000,0.004,225,353250,9.989934129274384e+19,0,0.0,0.0,0.0,225,9.989934129274384e+19,1.0,1.0940264502431164e+19,2000,none,,none,False,65,12,12,0,20.0,1e+20,1.8129133566428555,1.2,1.2,,0,False,1.0940264502431164e+19,0.10940264502431164,1.136756453724482,1.44,0.8333333333333334,,1.44,206.78349696646669,0.9148449085136009,1.4905024966024005,1.5384615384615386e+18,18.187086643357144,141,1,0.0,0.009329392663233753,0.0,0.0,0.0011843394230953378,0.0,0.0011843394230953378,False
Ma_xp_A2000_n65_r12_v14_90000_fof_0.0040_0000.hdf5,Ma_xp_A2000_n65_r12_v14_90000.hdf5,A2000,n65,r12,v14,,90000,0.004,211,756809,9.98869531656673e+19,0,0.0,0.0,0.0,211,9.98869531656673e+19,1.0,2.3438614685712937e+19,2000,none,,none,False,65,12,14,0,20.0,1e+20,1.8129133566428555,1.2,1.4,,0,False,2.3438614685712937e+19,0.23438614685712936,1.1861407286805452,1.9599999999999997,0.8333333333333334,,1.68,206.78349696646669,0.8935831841748193,1.4524047288711484,1.5384615384615386e+18,18.187086643357144,142,0,0.0,0.0025474888685730625,0.02115853664076829,5.39011365676525e-05,0.00016000544050759601,5.39011365676525e-05,0.00010610430393994351,False
Ma_xp_A2000_n65_r12_v16_90000_fof_0.0040_0000.hdf5,Ma_xp_A2000_n65_r12_v16_90000.hdf5,A2000,n65,r12,v16,,90000,0.004,165,701086,9.990875626883205e+19,0,0.0,0.0,0.0,165,9.990875626883205e+19,1.0,2.1712855708059087e+19,2000,none,,none,False,65,12,16,0,20.0,1e+20,1.8129133566428555,1.2,1.6,,0,False,2.1712855708059087e+19,0.21712855708059087,1.2431225843990794,2.5600000000000005,0.8333333333333334,,1.92,206.78349696646669,0.870810053062178,1.4119313004100371,1.5384615384615386e+18,18.187086643357144,143,4,0.0,0.0012114078250333208,0.016281333125917674,1.972333435071089e-05,0.0007154835291943946,1.972333435071089e-05,0.0006957601948436837,False
Ma_xp_A2000_n65_r13_v00_90000_fof_0.0010_0000.hdf5,Ma_xp_A2000_n65_r13_v00_90000.hdf5,A2000,n65,r13,v00,,90000,0.001,0,0,0.0,0,0.0,0.0,0.0,0,0.0,0.0,0.0,2000,none,,none,False,65,13,0,0,20.0,1e+20,1.8129133566428555,1.3,0.0,,0,False,0.0,0.0,1.0,0.0,0.7692307692307692,,0.0,206.78349696646669,0.9610937965888252,1.6225211180584214,1.5384615384615386e+18,18.187086643357144,144,0,0.0,0.05472004214678449,0.22655336552454985,0.01239700970999924,0.02506667637722455,0.01239700970999924,0.01266966666722531,False
Ma_xp_A2000_n65_r13_v00_90000_fof_0.0020_0000.hdf5,Ma_xp_A2000_n65_r13_v00_90000.hdf5,A2000,n65,r13,v00,,90000,0.002,6178,11571,1.235951025210257e+19,1496,2.8933709012630467e+18,0.2341007727851379,1.517855239241515e+17,4682,9.46613935083952e+18,0.7658992272148619,3.58357538732067e+17,2000,none,,none,False,65,13,0,0,20.0,1e+20,1.8129133566428555,1.3,0.0,,0,True,3.58357538732067e+17,0.00358357538732067,1.0,0.0,0.7692307692307692,,0.0,206.78349696646669,0.9610937965888252,1.6225211180584214,1.5384615384615386e+18,18.187086643357144,145,0,0.2341007727851379,0.9866334814099272,0.23005543586720695,0.22698039560694064,0.19746024589422595,0.0071203771781972736,0.02952014971271469,True
Ma_xp_A2000_n65_r13_v00_90000_fof_0.0030_0000.hdf5,Ma_xp_A2000_n65_r13_v00_90000.hdf5,A2000,n65,r13,v00,,90000,0.003,354,215030,9.98419532950584e+19,110,2.027196170685139e+19,0.2030405159136117,3.4376432533207654e+18,244,7.9569991588207e+19,0.7969594840863881,6.65954727801685e+18,2000,none,,none,False,65,13,0,0,20.0,1e+20,1.8129133566428555,1.3,0.0,,0,True,6.65954727801685e+18,0.0665954727801685,1.0,0.0,0.7692307692307692,,0.0,206.78349696646669,0.9610937965888252,1.6225211180584214,1.5384615384615386e+18,18.187086643357144,146,0,0.2030405159136117,0.9952452244593836,0.19236512232242042,0.1914504693439341,0.18945504147180808,0.011590046569677603,0.0019954278721260044,True
Ma_xp_A2000_n65_r13_v00_90000_fof_0.0035_0000.hdf5,Ma_xp_A2000_n65_r13_v00_90000.hdf5,A2000,n65,r13,v00,,90000,0.0035,350,215033,9.985901793975994e+19,109,2.0276452402825466e+19,0.2030507892142225,3.4376432533207654e+18,241,7.958256553693446e+19,0.7969492107857773,6.659640188968039e+18,2000,none,,none,False,65,13,0,0,20.0,1e+20,1.8129133566428555,1.3,0.0,,0,True,6.659640188968039e+18,0.0665964018896804,1.0,0.0,0.7692307692307692,,0.0,206.78349696646669,0.9610937965888252,1.6225211180584214,1.5384615384615386e+18,18.187086643357144,147,0,0.2030507892142225,0.9957534187642415,0.19226332696536536,0.19144686512874973,0.18530499325615551,0.011603924085472783,0.006141871872594212,True
Ma_xp_A2000_n65_r13_v00_90000_fof_0.0040_0000.hdf5,Ma_xp_A2000_n65_r13_v00_90000.hdf5,A2000,n65,r13,v00,,90000,0.004,350,215035,9.98671631331474e+19,109,2.0278744206288105e+19,0.2030571768545339,3.4377361642719534e+18,241,7.95884189268593e+19,0.7969428231454662,6.659702129602166e+18,2000,none,,none,False,65,13,0,0,20.0,1e+20,1.8129133566428555,1.3,0.0,,0,True,6.659702129602166e+18,0.06659702129602166,1.0,0.0,0.7692307692307692,,0.0,206.78349696646669,0.9610937965888252,1.6225211180584214,1.5384615384615386e+18,18.187086643357144,148,0,0.2030571768545339,0.9959151304470679,0.19220447750352146,0.1914193472854301,0.18268093264340046,0.01163782956910378,0.008738414642029652,True
Ma_xp_A2000_n65_r13_v00_90000_fof_0.0045_0000.hdf5,Ma_xp_A2000_n65_r13_v00_90000.hdf5,A2000,n65,r13,v00,,90000,0.0045,351,215035,9.987276876053576e+19,109,2.0280509514360672e+19,0.203063455294677,3.4377361642719534e+18,242,7.959225924617508e+19,0.7969365447053228,6.659702129602166e+18,2000,none,,none,False,65,13,0,0,20.0,1e+20,1.8129133566428555,1.3,0.0,,0,True,6.659702129602166e+18,0.06659702129602166,1.0,0.0,0.7692307692307692,,0.0,206.78349696646669,0.9610937965888252,1.6225211180584214,1.5384615384615386e+18,18.187086643357144,149,0,0.203063455294677,0.996468382103032,0.19113002498248,0.19045502676560394,0.18379669834399184,0.012608428529073068,0.0066583284216120975,True
Ma_xp_A2000_n65_r13_v00_90000_fof_0.0050_0000.hdf5,Ma_xp_A2000_n65_r13_v00_90000.hdf5,A2000,n65,r13,v00,,90000,0.005,351,215035,9.987614452509558e+19,109,2.0281066980067803e+19,0.2030621734199185,3.4377361642719534e+18,242,7.95950775450278e+19,0.7969378265800816,6.659702129602166e+18,2000,none,,none,False,65,13,0,0,20.0,1e+20,1.8129133566428555,1.3,0.0,,0,True,6.659702129602166e+18,0.06659702129602166,1.0,0.0,0.7692307692307692,,0.0,206.78349696646669,0.9610937965888252,1.6225211180584214,1.5384615384615386e+18,18.187086643357144,150,0,0.2030621734199185,0.996468382103032,0.19113059333503835,0.19045559311095822,0.18378679955432078,0.01260658030896028,0.006668793556637437,True
Ma_xp_A2000_n65_r13_v00_90000_fof_0.0060_0000.hdf5,Ma_xp_A2000_n65_r13_v00_90000.hdf5,A2000,n65,r13,v00,,90000,0.006,353,215035,9.988370128245886e+19,110,2.028348266479869e+19,0.2030709956115812,3.4380768377596426e+18,243,7.96002186176602e+19,0.7969290043884191,6.659702129602166e+18,2000,none,,none,False,65,13,0,0,20.0,1e+20,1.8129133566428555,1.3,0.0,,0,True,6.659702129602166e+18,0.06659702129602166,1.0,0.0,0.7692307692307692,,0.0,206.78349696646669,0.9610937965888252,1.6225211180584214,1.5384615384615386e+18,18.187086643357144,151,0,0.2030709956115812,0.996468382103032,0.19084227217494287,0.19016829019103182,0.1837887465840184,0.012902705420549387,0.006379543607013427,True
Ma_xp_A2000_n65_r13_v00_90000_fof_0.0080_0000.hdf5,Ma_xp_A2000_n65_r13_v00_90000.hdf5,A2000,n65,r13,v00,,90000,0.008,353,215036,9.988986437555434e+19,110,2.0284752447798264e+19,0.2030711781881493,3.4380768377596426e+18,243,7.960511192775608e+19,0.7969288218118507,6.659733099919229e+18,2000,none,,none,False,65,13,0,0,20.0,1e+20,1.8129133566428555,1.3,0.0,,0,True,6.659733099919229e+18,0.0665973309991923,1.0,0.0,0.7692307692307692,,0.0,206.78349696646669,0.9610937965888252,1.6225211180584214,1.5384615384615386e+18,18.187086643357144,152,0,0.2030711781881493,0.9964665944816591,0.19074905758512556,0.19007506381243594,0.18500182922264446,0.012996114375713352,0.0050732345897914755,True
Ma_xp_A2000_n65_r14_v00_90000_fof_0.0010_0000.hdf5,Ma_xp_A2000_n65_r14_v00_90000.hdf5,A2000,n65,r14,v00,,90000,0.001,0,0,0.0,0,0.0,0.0,0.0,0,0.0,0.0,0.0,2000,none,,none,False,65,14,0,0,20.0,1e+20,1.8129133566428555,1.4,0.0,,0,False,0.0,0.0,1.0,0.0,0.7142857142857143,,0.0,206.78349696646669,0.9284869091985879,1.6245823617011257,1.5384615384615386e+18,18.187086643357144,153,1,0.0,0.04941457949689817,0.2125262024870009,0.010501892927967783,0.032491972874678615,0.010501892927967783,0.02199007994671083,False
Ma_xp_A2000_n65_r14_v00_90000_fof_0.0020_0000.hdf5,Ma_xp_A2000_n65_r14_v00_90000.hdf5,A2000,n65,r14,v00,,90000,0.002,5849,14791,1.208585653053645e+19,1443,2.700921351035611e+18,0.223477859778609,5.224692488472764e+16,4406,9.384935179500837e+18,0.7765221402213908,4.580819596738193e+17,2000,none,,none,False,65,14,0,0,20.0,1e+20,1.8129133566428555,1.4,0.0,,0,True,4.580819596738193e+17,0.0045808195967381934,1.0,0.0,0.7142857142857143,,0.0,206.78349696646669,0.9284869091985879,1.6245823617011257,1.5384615384615386e+18,18.187086643357144,154,1,0.223477859778609,0.9796319405382571,0.21629495304080545,0.21188944457599543,0.18874257106615838,0.011588415202613583,0.023146873509837046,True
Ma_xp_A2000_n65_r14_v00_90000_fof_0.0030_0000.hdf5,Ma_xp_A2000_n65_r14_v00_90000.hdf5,A2000,n65,r14,v00,,90000,0.003,294,259332,9.985731457240174e+19,92,1.833507807775252e+19,0.1836127694427295,2.720432650783778e+18,202,8.152223649464921e+19,0.8163872305572704,8.031594264549319e+18,2000,none,,none,False,65,14,0,0,20.0,1e+20,1.8129133566428555,1.4,0.0,,0,True,8.031594264549319e+18,0.08031594264549319,1.0,0.0,0.7142857142857143,,0.0,206.78349696646669,0.9284869091985879,1.6245823617011257,1.5384615384615386e+18,18.187086643357144,155,1,0.1836127694427295,0.994174948479223,0.18368100566389425,0.18261105434251396,0.1837808816034618,0.0010017151002155444,0.001169827260947831,True
Ma_xp_A2000_n65_r14_v00_90000_fof_0.0035_0000.hdf5,Ma_xp_A2000_n65_r14_v00_90000.hdf5,A2000,n65,r14,v00,,90000,0.0035,292,259335,9.987066277905572e+19,91,1.8339166159604791e+19,0.183629162451606,2.720773324271467e+18,201,8.153149661945096e+19,0.8163708375483941,8.031687175500508e+18,2000,none,,none,False,65,14,0,0,20.0,1e+20,1.8129133566428555,1.4,0.0,,0,True,8.031687175500508e+18,0.08031687175500508,1.0,0.0,0.7142857142857143,,0.0,206.78349696646669,0.9284869091985879,1.6245823617011257,1.5384615384615386e+18,18.187086643357144,156,1,0.183629162451606,0.9944702758791558,0.1811108875803648,0.18010939433676418,0.1797794219427478,0.003519768114841809,0.0003299723940163868,True
Ma_xp_A2000_n65_r14_v00_90000_fof_0.0040_0000.hdf5,Ma_xp_A2000_n65_r14_v00_90000.hdf5,A2000,n65,r14,v00,,90000,0.004,291,259346,9.987821953641905e+19,91,1.83411482598968e+19,0.1836351142924507,2.721578552515096e+18,200,8.153707127652224e+19,0.8163648857075492,8.032027848988203e+18,2000,none,,none,False,65,14,0,0,20.0,1e+20,1.8129133566428555,1.4,0.0,,0,True,8.032027848988203e+18,0.08032027848988203,1.0,0.0,0.7142857142857143,,0.0,206.78349696646669,0.9284869091985879,1.6245823617011257,1.5384615384615386e+18,18.187086643357144,157,1,0.1836351142924507,0.9946245463566118,0.18213763782034592,0.18115856539152642,0.17579011506705192,0.0024765489009242747,0.0053684503244745,True
Ma_xp_A2000_n65_r14_v00_90000_fof_0.0045_0000.hdf5,Ma_xp_A2000_n65_r14_v00_90000.hdf5,A2000,n65,r14,v00,,90000,0.0045,293,259346,9.988370128253914e+19,91,1.834278968670112e+19,0.1836414695408134,2.7217334041004093e+18,202,8.154091159583801e+19,0.8163585304591865,8.032027848988203e+18,2000,none,,none,False,65,14,0,0,20.0,1e+20,1.8129133566428555,1.4,0.0,,0,True,8.032027848988203e+18,0.08032027848988203,1.0,0.0,0.7142857142857143,,0.0,206.78349696646669,0.9284869091985879,1.6245823617011257,1.5384615384615386e+18,18.187086643357144,158,1,0.1836414695408134,0.9950002531617963,0.1816512422244716,0.180743032000504,0.1764631246558944,0.0028984375403093843,0.004279907344609618,True
Ma_xp_A2000_n65_r14_v00_90000_fof_0.0050_0000.hdf5,Ma_xp_A2000_n65_r14_v00_90000.hdf5,A2000,n65,r14,v00,,90000,0.005,293,259351,9.988726286900134e+19,91,1.8343625885261816e+19,0.1836432930324543,2.7218263150515973e+18,202,8.154363698373953e+19,0.8163567069675457,8.032182700573519e+18,2000,none,,none,False,65,14,0,0,20.0,1e+20,1.8129133566428555,1.4,0.0,,0,True,8.032182700573519e+18,0.08032182700573519,1.0,0.0,0.7142857142857143,,0.0,206.78349696646669,0.9284869091985879,1.6245823617011257,1.5384615384615386e+18,18.187086643357144,159,1,0.1836432930324543,0.9950078262210581,0.1810938150285127,0.1801897632335988,0.17649828831722042,0.0034535297988554925,0.00369147491637839,True
Ma_xp_A2000_n65_r14_v00_90000_fof_0.0060_0000.hdf5,Ma_xp_A2000_n65_r14_v00_90000.hdf5,A2000,n65,r14,v00,,90000,0.006,292,259351,9.989014310848818e+19,91,1.8344678876041943e+19,0.1836485393370419,2.722043107271036e+18,201,8.154546423244625e+19,0.816351460662958,8.032182700573519e+18,2000,none,,none,False,65,14,0,0,20.0,1e+20,1.8129133566428555,1.4,0.0,,0,True,8.032182700573519e+18,0.08032182700573519,1.0,0.0,0.7142857142857143,,0.0,206.78349696646669,0.9284869091985879,1.6245823617011257,1.5384615384615386e+18,18.187086643357144,160,1,0.1836485393370419,0.995118850813737,0.18014401486245063,0.17926470505089462,0.17689617530456495,0.004383834286147276,0.002368529746329673,True
Ma_xp_A2000_n65_r14_v00_90000_fof_0.0080_0000.hdf5,Ma_xp_A2000_n65_r14_v00_90000.hdf5,A2000,n65,r14,v00,,90000,0.008,290,259351,9.989602746873034e+19,90,1.8345886718407391e+19,0.1836498125428467,2.722290869807537e+18,200,8.155014075032294e+19,0.8163501874571533,8.032182700573519e+18,2000,none,,none,False,65,14,0,0,20.0,1e+20,1.8129133566428555,1.4,0.0,,0,True,8.032182700573519e+18,0.08032182700573519,1.0,0.0,0.7142857142857143,,0.0,206.78349696646669,0.9284869091985879,1.6245823617011257,1.5384615384615386e+18,18.187086643357144,161,1,0.1836498125428467,0.9951997614640518,0.17992103884796648,0.17905737494386062,0.17755599991823046,0.004592437598986088,0.001501375025630164,True
Ma_xp_A2000_n65_r14_v02_90000_fof_0.0040_0000.hdf5,Ma_xp_A2000_n65_r14_v02_90000.hdf5,A2000,n65,r14,v02,,90000,0.004,322,355594,9.987035307592068e+19,88,1.587572519980698e+19,0.1589633430827903,1.9516564703374676e+18,234,8.39946278761137e+19,0.8410366569172097,1.101285892562483e+19,2000,none,,none,False,65,14,2,0,20.0,1e+20,1.8129133566428555,1.4,0.2,,0,True,1.101285892562483e+19,0.1101285892562483,1.0044319221114415,0.04000000000000001,0.7142857142857143,,0.27999999999999997,206.78349696646669,0.9262757119149415,1.6202992181841533,1.5384615384615386e+18,18.187086643357144,162,1,0.1589633430827903,0.9950954180747122,0.1613367939882029,0.16054550446452448,0.16773377970281064,0.0015821613817341706,0.0071882752382861625,True
Ma_xp_A2000_n65_r14_v04_90000_fof_0.0040_0000.hdf5,Ma_xp_A2000_n65_r14_v04_90000.hdf5,A2000,n65,r14,v04,,90000,0.004,294,262338,9.987998484453772e+19,67,1.118833674205635e+19,0.1120178057642969,2.5810971943188884e+18,227,8.869164810248138e+19,0.8879821942357031,8.124691037641202e+18,2000,none,,none,False,65,14,4,0,20.0,1e+20,1.8129133566428555,1.4,0.4,,0,True,8.124691037641202e+18,0.08124691037641202,1.0177276884457662,0.16000000000000003,0.7142857142857143,,0.5599999999999999,206.78349696646669,0.9197360561827731,1.60765336228713,1.5384615384615386e+18,18.187086643357144,163,0,0.1120178057642969,0.9874938236481704,0.12859609996413124,0.1269878544598223,0.14673982181657144,0.0149700486955254,0.01975196735674914,True
Ma_xp_A2000_n65_r14_v06_90000_fof_0.0040_0000.hdf5,Ma_xp_A2000_n65_r14_v06_90000.hdf5,A2000,n65,r14,v06,,90000,0.004,273,444062,9.987633034710391e+19,29,5.422035348793983e+18,0.0542874906391792,1.545140088573045e+18,244,9.445429499830996e+19,0.9457125093608209,1.3752740935478583e+19,2000,none,,none,False,65,14,6,0,20.0,1e+20,1.8129133566428555,1.4,0.6,,0,False,1.3752740935478583e+19,0.13752740935478583,1.039887299002974,0.36,0.7142857142857143,,0.84,206.78349696646669,0.909138866083224,1.5872288991616488,1.5384615384615386e+18,18.187086643357144,164,4,0.0542874906391792,0.7825255890799393,0.07563985024931036,0.059190118374259984,0.08457707781860811,0.004902627735080781,0.02538695944434813,False
Ma_xp_A2000_n65_r14_v08_90000_fof_0.0040_0000.hdf5,Ma_xp_A2000_n65_r14_v08_90000.hdf5,A2000,n65,r14,v08,,90000,0.004,239,520557,9.988456845135117e+19,0,0.0,0.0,0.0,239,9.988456845135117e+19,1.0,1.612181533914729e+19,2000,none,,none,False,65,14,8,0,20.0,1e+20,1.8129133566428555,1.4,0.8,,0,False,1.612181533914729e+19,0.1612181533914729,1.0709107537830649,0.6400000000000001,0.7142857142857143,,1.1199999999999999,206.78349696646669,0.8949018066839958,1.5599172890408994,1.5384615384615386e+18,18.187086643357144,165,3,0.0,0.10480591958894284,0.040244903893344175,0.004217904161310562,0.0006586911318349073,0.004217904161310562,0.0035592130294756544,False
Ma_xp_A2000_n65_r14_v10_90000_fof_0.0040_0000.hdf5,Ma_xp_A2000_n65_r14_v10_90000.hdf5,A2000,n65,r14,v10,,90000,0.004,216,723756,9.989426216050056e+19,0,0.0,0.0,0.0,216,9.989426216050056e+19,1.0,2.241495279585789e+19,2000,none,,none,False,65,14,10,0,20.0,1e+20,1.8129133566428555,1.4,1.0,,0,False,2.241495279585789e+19,0.22414952795857893,1.1107980527860388,1.0,0.7142857142857143,,1.4,206.78349696646669,0.877546043228064,1.5268149726001627,1.5384615384615386e+18,18.187086643357144,166,2,0.0,0.029323260886034357,0.007706371625509384,0.00022597594565954433,0.00018450205449708045,0.00022597594565954433,4.147389116246388e-05,False
Ma_xp_A2000_n65_r15_v00_90000_fof_0.0010_0000.hdf5,Ma_xp_A2000_n65_r15_v00_90000.hdf5,A2000,n65,r15,v00,,90000,0.001,0,0,0.0,0,0.0,0.0,0.0,0,0.0,0.0,0.0,2000,none,,none,False,65,15,0,0,20.0,1e+20,1.8129133566428555,1.5,0.0,,0,False,0.0,0.0,1.0,0.0,0.6666666666666666,,0.0,206.78349696646669,0.8829049036741616,1.6201874567538088,1.5384615384615386e+18,18.187086643357144,167,3,0.0,0.03988769963602359,0.20550147626679538,0.008196981160089364,0.016626208674240982,0.008196981160089364,0.008429227514151618,False
Ma_xp_A2000_n65_r15_v00_90000_fof_0.0020_0000.hdf5,Ma_xp_A2000_n65_r15_v00_90000.hdf5,A2000,n65,r15,v00,,90000,0.002,4797,16783,1.1073529776709026e+19,1185,2.3667826002464456e+18,0.2137333486224513,1.0644497974440365e+17,3612,8.70674717646258e+18,0.7862666513775487,5.197748312626301e+17,2000,none,,none,False,65,15,0,0,20.0,1e+20,1.8129133566428555,1.5,0.0,,0,True,5.197748312626301e+17,0.005197748312626301,1.0,0.0,0.6666666666666666,,0.0,206.78349696646669,0.8829049036741616,1.6201874567538088,1.5384615384615386e+18,18.187086643357144,168,3,0.2137333486224513,0.9831319968045908,0.20634000313491455,0.20285945930269408,0.1763360613833355,0.010873889319757218,0.026523397919358593,True
Ma_xp_A2000_n65_r15_v00_90000_fof_0.0030_0000.hdf5,Ma_xp_A2000_n65_r15_v00_90000.hdf5,A2000,n65,r15,v00,,90000,0.003,294,496146,9.98544653031817e+19,72,1.6012397209004098e+19,0.160357347669798,2.6865201536001695e+18,222,8.384206809417759e+19,0.8396426523302017,1.5365798929343291e+19,2000,none,,none,False,65,15,0,0,20.0,1e+20,1.8129133566428555,1.5,0.0,,0,True,1.5365798929343291e+19,0.1536579892934329,1.0,0.0,0.6666666666666666,,0.0,206.78349696646669,0.8829049036741616,1.6201874567538088,1.5384615384615386e+18,18.187086643357144,169,3,0.160357347669798,0.9955216976145004,0.16843490741246708,0.16768060496480042,0.1670721925817408,0.007323257295002411,0.0006084123830596144,True
Ma_xp_A2000_n65_r15_v00_90000_fof_0.0035_0000.hdf5,Ma_xp_A2000_n65_r15_v00_90000.hdf5,A2000,n65,r15,v00,,90000,0.0035,295,496147,9.986886650061585e+19,72,1.6015091626588547e+19,0.1603612035237206,2.686551123917232e+18,223,8.38537748740273e+19,0.8396387964762794,1.5365829899660356e+19,2000,none,,none,False,65,15,0,0,20.0,1e+20,1.8129133566428555,1.5,0.0,,0,True,1.5365829899660356e+19,0.15365829899660355,1.0,0.0,0.6666666666666666,,0.0,206.78349696646669,0.8829049036741616,1.6201874567538088,1.5384615384615386e+18,18.187086643357144,170,3,0.1603612035237206,0.9952370194063532,0.16753108986739135,0.16673314253752047,0.16199958350103857,0.006371939013799871,0.004733559036481899,True
Ma_xp_A2000_n65_r15_v00_90000_fof_0.0040_0000.hdf5,Ma_xp_A2000_n65_r15_v00_90000.hdf5,A2000,n65,r15,v00,,90000,0.004,293,496147,9.987533929688216e+19,72,1.6016547231490494e+19,0.1603653849313179,2.6867059755025454e+18,221,8.385879206539162e+19,0.8396346150686818,1.5365829899660356e+19,2000,none,,none,False,65,15,0,0,20.0,1e+20,1.8129133566428555,1.5,0.0,,0,True,1.5365829899660356e+19,0.15365829899660355,1.0,0.0,0.6666666666666666,,0.0,206.78349696646669,0.8829049036741616,1.6201874567538088,1.5384615384615386e+18,18.187086643357144,171,3,0.1603653849313179,0.9952372019634917,0.16846019333758816,0.1676578514595301,0.15410185565458562,0.007292466528212194,0.013555995804944487,True
Ma_xp_A2000_n65_r15_v00_90000_fof_0.0045_0000.hdf5,Ma_xp_A2000_n65_r15_v00_90000.hdf5,A2000,n65,r15,v00,,90000,0.0045,292,496147,9.988054231014864e+19,72,1.6017724103538876e+19,0.1603688139157345,2.686829856770796e+18,220,8.38628182066098e+19,0.8396311860842658,1.5365829899660356e+19,2000,none,,none,False,65,15,0,0,20.0,1e+20,1.8129133566428555,1.5,0.0,,0,True,1.5365829899660356e+19,0.15365829899660355,1.0,0.0,0.6666666666666666,,0.0,206.78349696646669,0.8829049036741616,1.6201874567538088,1.5384615384615386e+18,18.187086643357144,172,3,0.1603688139157345,0.9952372019634917,0.16857312475310687,0.1677702450055247,0.15741306596425736,0.007401431089790217,0.010357179041267345,True
Ma_xp_A2000_n65_r15_v00_90000_fof_0.0050_0000.hdf5,Ma_xp_A2000_n65_r15_v00_90000.hdf5,A2000,n65,r15,v00,,90000,0.005,291,496150,9.98837632231232e+19,72,1.601837448019719e+19,0.1603701538999375,2.686922767721984e+18,219,8.386538874292601e+19,0.8396298461000623,1.5365922810611542e+19,2000,none,,none,False,65,15,0,0,20.0,1e+20,1.8129133566428555,1.5,0.0,,0,True,1.5365922810611542e+19,0.15365922810611543,1.0,0.0,0.6666666666666666,,0.0,206.78349696646669,0.8829049036741616,1.6201874567538088,1.5384615384615386e+18,18.187086643357144,173,3,0.1603701538999375,0.9952372019634917,0.16857312475310687,0.1677702450055247,0.15955817728665525,0.007400091105587203,0.008212067718869454,True
Ma_xp_A2000_n65_r15_v00_90000_fof_0.0060_0000.hdf5,Ma_xp_A2000_n65_r15_v00_90000.hdf5,A2000,n65,r15,v00,,90000,0.006,290,496150,9.9890081167804e+19,73,1.6020170758586829e+19,0.1603779932030965,2.6869537380390467e+18,217,8.386991040921715e+19,0.8396220067969034,1.5365922810611542e+19,2000,none,,none,False,65,15,0,0,20.0,1e+20,1.8129133566428555,1.5,0.0,,0,True,1.5365922810611542e+19,0.15365922810611543,1.0,0.0,0.6666666666666666,,0.0,206.78349696646669,0.8829049036741616,1.6201874567538088,1.5384615384615386e+18,18.187086643357144,174,3,0.1603779932030965,0.995396467786509,0.1681475701654077,0.16737349740953103,0.16070922187914777,0.006995504206434522,0.006664275530383262,True
Ma_xp_A2000_n65_r15_v00_90000_fof_0.0080_0000.hdf5,Ma_xp_A2000_n65_r15_v00_90000.hdf5,A2000,n65,r15,v00,,90000,0.008,289,496150,9.989491253726572e+19,73,1.6021223749366956e+19,0.1603807775835456,2.6870466489902346e+18,216,8.387368878789876e+19,0.8396192224164544,1.5365922810611542e+19,2000,none,,none,False,65,15,0,0,20.0,1e+20,1.8129133566428555,1.5,0.0,,0,True,1.5365922810611542e+19,0.15365922810611543,1.0,0.0,0.6666666666666666,,0.0,206.78349696646669,0.8829049036741616,1.6201874567538088,1.5384615384615386e+18,18.187086643357144,175,3,0.1603807775835456,0.9955992901468724,0.16816695742633309,0.16742690343981653,0.1626557118699466,0.0070461258562709295,0.004771191569869937,True
Ma_xp_A2000_n65_r16_v00_90000_fof_0.0010_0000.hdf5,Ma_xp_A2000_n65_r16_v00_90000.hdf5,A2000,n65,r16,v00,,90000,0.001,0,0,0.0,0,0.0,0.0,0.0,0,0.0,0.0,0.0,2000,none,,none,False,65,16,0,0,20.0,1e+20,1.8129133566428555,1.6,0.0,,0,False,0.0,0.0,1.0,0.0,0.625,,0.0,206.78349696646669,0.821281919029865,1.608818427700622,1.5384615384615386e+18,18.187086643357144,176,2,0.0,0.03602890931156141,0.17005319607448927,0.006126831179508945,0.010107444795126892,0.006126831179508945,0.003980613615617946,False
Ma_xp_A2000_n65_r16_v00_90000_fof_0.0020_0000.hdf5,Ma_xp_A2000_n65_r16_v00_90000.hdf5,A2000,n65,r16,v00,,90000,0.002,6319,15220,1.226344032857396e+19,1541,2.54845448013603e+18,0.2078090985771832,2.3422850794494176e+17,4778,9.71498584843793e+18,0.7921909014228168,4.713682256936987e+17,2000,none,,none,False,65,16,0,0,20.0,1e+20,1.8129133566428555,1.6,0.0,,0,True,4.713682256936987e+17,0.004713682256936987,1.0,0.0,0.625,,0.0,206.78349696646669,0.821281919029865,1.608818427700622,1.5384615384615386e+18,18.187086643357144,177,2,0.2078090985771832,0.9712065968495104,0.17344907091584622,0.1684548818908884,0.14182896775508744,0.039354216686294796,0.026625914135800954,True
Ma_xp_A2000_n65_r16_v00_90000_fof_0.0030_0000.hdf5,Ma_xp_A2000_n65_r16_v00_90000.hdf5,A2000,n65,r16,v00,,90000,0.003,263,774358,9.985025333990946e+19,56,1.41716454440677e+19,0.141928988360447,2.883274577899223e+18,207,8.567860789584173e+19,0.8580710116395527,2.39821127798365e+19,2000,none,,none,False,65,16,0,0,20.0,1e+20,1.8129133566428555,1.6,0.0,,0,True,2.39821127798365e+19,0.239821127798365,1.0,0.0,0.625,,0.0,206.78349696646669,0.821281919029865,1.608818427700622,1.5384615384615386e+18,18.187086643357144,178,2,0.141928988360447,0.9922146540187371,0.14129649450037082,0.14019645240474582,0.1347400541688811,0.0017325359557011921,0.005456398235864718,True
Ma_xp_A2000_n65_r16_v00_90000_fof_0.0035_0000.hdf5,Ma_xp_A2000_n65_r16_v00_90000.hdf5,A2000,n65,r16,v00,,90000,0.0035,261,774361,9.986601723129437e+19,55,1.4174401802286277e+19,0.1419341853741668,2.8833984591674737e+18,206,8.569161542900806e+19,0.8580658146258329,2.398220569078769e+19,2000,none,,none,False,65,16,0,0,20.0,1e+20,1.8129133566428555,1.6,0.0,,0,True,2.398220569078769e+19,0.2398220569078769,1.0,0.0,0.625,,0.0,206.78349696646669,0.821281919029865,1.608818427700622,1.5384615384615386e+18,18.187086643357144,179,2,0.1419341853741668,0.9924942692795566,0.1399626967964801,0.13891217448341867,0.13109651367278793,0.0030220108907481336,0.007815660810630731,True
Ma_xp_A2000_n65_r16_v00_90000_fof_0.0040_0000.hdf5,Ma_xp_A2000_n65_r16_v00_90000.hdf5,A2000,n65,r16,v00,,90000,0.004,265,774367,9.9878684090973e+19,56,1.4176879427651291e+19,0.1419409912803666,2.8833984591674737e+18,209,8.570180466332169e+19,0.8580590087196333,2.398239151269006e+19,2000,none,,none,False,65,16,0,0,20.0,1e+20,1.8129133566428555,1.6,0.0,,0,True,2.398239151269006e+19,0.2398239151269006,1.0,0.0,0.625,,0.0,206.78349696646669,0.821281919029865,1.608818427700622,1.5384615384615386e+18,18.187086643357144,180,2,0.1419409912803666,0.9929781610895181,0.13903103345353993,0.13805477993307136,0.1287228829313032,0.0038862113472952486,0.009331897001768147,True
Ma_xp_A2000_n65_r16_v00_90000_fof_0.0045_0000.hdf5,Ma_xp_A2000_n65_r16_v00_90000.hdf5,A2000,n65,r16,v00,,90000,0.0045,266,774368,9.988500203565375e+19,56,1.4177622715260797e+19,0.1419394546360435,2.8833984591674737e+18,210,8.570737932039297e+19,0.8580605453639565,2.3982422483007123e+19,2000,none,,none,False,65,16,0,0,20.0,1e+20,1.8129133566428555,1.6,0.0,,0,True,2.3982422483007123e+19,0.23982422483007124,1.0,0.0,0.625,,0.0,206.78349696646669,0.821281919029865,1.608818427700622,1.5384615384615386e+18,18.187086643357144,181,2,0.1419394546360435,0.9931202656184874,0.1383447277829926,0.13739295280276292,0.12872481979462014,0.004546501833280564,0.008668133008142787,True
Ma_xp_A2000_n65_r16_v00_90000_fof_0.0050_0000.hdf5,Ma_xp_A2000_n65_r16_v00_90000.hdf5,A2000,n65,r16,v00,,90000,0.005,267,774369,9.988809906736003e+19,56,1.417802532938261e+19,0.1419390844531097,2.8833984591674737e+18,211,8.571007373797743e+19,0.8580609155468901,2.3982453453324186e+19,2000,none,,none,False,65,16,0,0,20.0,1e+20,1.8129133566428555,1.6,0.0,,0,True,2.3982453453324186e+19,0.23982453453324185,1.0,0.0,0.625,,0.0,206.78349696646669,0.821281919029865,1.608818427700622,1.5384615384615386e+18,18.187086643357144,182,2,0.1419390844531097,0.9931507288429016,0.1383447277829926,0.1373971672292519,0.131123877080974,0.0045419172238578,0.006273290148277905,True
Ma_xp_A2000_n65_r16_v00_90000_fof_0.0060_0000.hdf5,Ma_xp_A2000_n65_r16_v00_90000.hdf5,A2000,n65,r16,v00,,90000,0.006,265,774369,9.989333305094364e+19,56,1.4178675706040928e+19,0.1419381581632688,2.8833984591674737e+18,209,8.571465734490271e+19,0.8580618418367312,2.3982453453324186e+19,2000,none,,none,False,65,16,0,0,20.0,1e+20,1.8129133566428555,1.6,0.0,,0,True,2.3982453453324186e+19,0.23982453453324185,1.0,0.0,0.625,,0.0,206.78349696646669,0.821281919029865,1.608818427700622,1.5384615384615386e+18,18.187086643357144,183,2,0.1419381581632688,0.9932763219725397,0.13811447187839576,0.13718583463855272,0.13114532932505293,0.004752323524716079,0.006040505313499783,True
Ma_xp_A2000_n65_r16_v00_90000_fof_0.0080_0000.hdf5,Ma_xp_A2000_n65_r16_v00_90000.hdf5,A2000,n65,r16,v00,,90000,0.008,258,774371,9.990154018496528e+19,55,1.4179604815552805e+19,0.1419357978795883,2.8833984591674737e+18,203,8.572193536941244e+19,0.8580642021204115,2.398251539395831e+19,2000,none,,none,False,65,16,0,0,20.0,1e+20,1.8129133566428555,1.6,0.0,,0,True,2.398251539395831e+19,0.2398251539395831,1.0,0.0,0.625,,0.0,206.78349696646669,0.821281919029865,1.608818427700622,1.5384615384615386e+18,18.187086643357144,184,2,0.1419357978795883,0.9932960967368183,0.138079155227439,0.1371534859281324,0.13151589369943917,0.004782311951455898,0.005637592228693228,True
Ma_xp_A2000_n65_r16_v02_90000_fof_0.0040_0000.hdf5,Ma_xp_A2000_n65_r16_v02_90000.hdf5,A2000,n65,r16,v02,,90000,0.004,253,823009,9.988240052900348e+19,42,1.3190381918254498e+19,0.1320591200090783,2.9722832691372964e+18,211,8.669201861074896e+19,0.8679408799909215,2.548884967522687e+19,2000,none,,none,False,65,16,2,0,20.0,1e+20,1.8129133566428555,1.6,0.2,,0,True,2.548884967522687e+19,0.2548884967522687,1.0050650538416475,0.04000000000000001,0.625,,0.32000000000000006,206.78349696646669,0.8191185930993311,1.6041920074662481,1.5384615384615386e+18,18.187086643357144,185,4,0.1320591200090783,0.9907254959118079,0.12625865712378742,0.1250876706921232,0.1382038153393309,0.006971449316955092,0.0131161446472077,True
Ma_xp_A2000_n65_r16_v04_90000_fof_0.0040_0000.hdf5,Ma_xp_A2000_n65_r16_v04_90000.hdf5,A2000,n65,r16,v04,,90000,0.004,209,924840,9.988320575722504e+19,23,7.171889233150896e+18,0.0718027538141177,3.1905930341119585e+18,186,9.271131652407414e+19,0.9281972461858824,2.8642588031982055e+19,2000,none,,none,False,65,16,4,0,20.0,1e+20,1.8129133566428555,1.6,0.4,,0,False,2.8642588031982055e+19,0.2864258803198206,1.02026021536659,0.16000000000000003,0.625,,0.6400000000000001,206.78349696646669,0.8127298954070143,1.5905508285215892,1.5384615384615386e+18,18.187086643357144,186,3,0.0718027538141177,0.9712146374559953,0.08763394961632331,0.08511137460545441,0.11126754764420026,0.013308620791336712,0.026156173038745845,False
Ma_xp_A2000_n65_r16_v06_90000_fof_0.0040_0000.hdf5,Ma_xp_A2000_n65_r16_v06_90000.hdf5,A2000,n65,r16,v06,,90000,0.004,191,1035800,9.988927593926487e+19,0,0.0,0.0,0.0,191,9.988927593926487e+19,1.0,3.2079054413197554e+19,2000,none,,none,False,65,16,6,0,20.0,1e+20,1.8129133566428555,1.6,0.6,,0,False,3.2079054413197554e+19,0.32079054413197555,1.0455854845748274,0.36,0.625,,0.96,206.78349696646669,0.8024067910450003,1.5685756873017576,1.5384615384615386e+18,18.187086643357144,187,2,0.0,0.7725124655887249,0.03351898822019872,0.02589383623402514,0.020569249171978464,0.02589383623402514,0.0053245870620466755,False
Ma_xp_A2000_n65_r16_v08_90000_fof_0.0040_0000.hdf5,Ma_xp_A2000_n65_r16_v08_90000.hdf5,A2000,n65,r16,v08,,90000,0.004,152,1251650,9.989413827884818e+19,0,0.0,0.0,0.0,152,9.989413827884818e+19,1.0,3.876399735106134e+19,2000,none,,none,False,65,16,8,0,20.0,1e+20,1.8129133566428555,1.6,0.8,,0,False,3.876399735106134e+19,0.3876399735106134,1.0810408614663598,0.6400000000000001,0.625,,1.2800000000000002,206.78349696646669,0.7885944111107589,1.5392987010643135,1.5384615384615386e+18,18.187086643357144,188,1,0.0,0.028400654996212537,0.0,0.0,0.00046466379061346996,0.0,0.00046466379061346996,False
Ma_xp_A2000_n65_r16_v10_90000_fof_0.0040_0000.hdf5,Ma_xp_A2000_n65_r16_v10_90000.hdf5,A2000,n65,r16,v10,,90000,0.004,232,1828576,9.944596682037058e+19,0,0.0,0.0,0.0,232,9.944596682037058e+19,1.0,5.663157849245583e+19,2000,none,,none,False,65,16,10,0,20.0,1e+20,1.8129133566428555,1.6,1.0,,0,False,5.663157849245583e+19,0.5663157849245583,1.1266263460411872,1.0,0.625,,1.6,206.78349696646669,0.7718420200458999,1.5039770163205064,1.5384615384615386e+18,18.187086643357144,189,0,0.0,0.003282597723635217,0.018014109044815596,5.913307334382825e-05,4.773176541077778e-07,5.913307334382825e-05,5.865575568972047e-05,False
Ma_xp_A2000_n65_r17_v00_90000_fof_0.0010_0000.hdf5,Ma_xp_A2000_n65_r17_v00_90000.hdf5,A2000,n65,r17,v00,,90000,0.001,0,0,0.0,0,0.0,0.0,0.0,0,0.0,0.0,0.0,2000,none,,none,False,65,17,0,0,20.0,1e+20,1.8129133566428555,1.7,0.0,,0,False,0.0,0.0,1.0,0.0,0.5882352941176471,,0.0,206.78349696646669,0.7386068134544167,1.5898550828167466,1.5384615384615386e+18,18.187086643357144,190,1,0.0,0.008008779763237677,0.1637953779239908,0.0013118011080295248,0.0256050707202023,0.0013118011080295248,0.024293269612172777,False
Ma_xp_A2000_n65_r17_v00_90000_fof_0.0020_0000.hdf5,Ma_xp_A2000_n65_r17_v00_90000.hdf5,A2000,n65,r17,v00,,90000,0.002,4140,18999,9.501538423241802e+18,377,1.0271305653833692e+18,0.1081015010022898,4.226828872712035e+17,3763,8.474407857858432e+18,0.8918984989977101,5.884050538734758e+17,2000,none,,none,False,65,17,0,0,20.0,1e+20,1.8129133566428555,1.7,0.0,,0,True,5.884050538734758e+17,0.005884050538734758,1.0,0.0,0.5882352941176471,,0.0,206.78349696646669,0.7386068134544167,1.5898550828167466,1.5384615384615386e+18,18.187086643357144,191,1,0.1081015010022898,0.5665356061936135,0.1657415369065041,0.09389848208278746,0.14747976249122893,0.014203018919502333,0.05358128040844147,False
Ma_xp_A2000_n65_r17_v00_90000_fof_0.0030_0000.hdf5,Ma_xp_A2000_n65_r17_v00_90000.hdf5,A2000,n65,r17,v00,,90000,0.003,190,1357274,9.986911426271606e+19,22,8.92580022905097e+18,0.0893749813938544,5.080154018746471e+18,168,9.09433140336651e+19,0.9106250186061456,4.203520612043324e+19,2000,none,,none,False,65,17,0,0,20.0,1e+20,1.8129133566428555,1.7,0.0,,0,False,4.203520612043324e+19,0.4203520612043324,1.0,0.0,0.5882352941176471,,0.0,206.78349696646669,0.7386068134544167,1.5898550828167466,1.5384615384615386e+18,18.187086643357144,192,1,0.0893749813938544,0.7399000271881088,0.12414246006302342,0.09185300957582973,0.14653333821013398,0.002478028181975331,0.05468032863430425,False
Ma_xp_A2000_n65_r17_v00_90000_fof_0.0035_0000.hdf5,Ma_xp_A2000_n65_r17_v00_90000.hdf5,A2000,n65,r17,v00,,90000,0.0035,189,1357294,9.988196694429707e+19,22,8.926295754123974e+18,0.0893684418439822,5.080154018746471e+18,167,9.095567119017307e+19,0.9106315581560176,4.203582552677448e+19,2000,none,,none,False,65,17,0,0,20.0,1e+20,1.8129133566428555,1.7,0.0,,0,False,4.203582552677448e+19,0.4203582552677448,1.0,0.0,0.5882352941176471,,0.0,206.78349696646669,0.7386068134544167,1.5898550828167466,1.5384615384615386e+18,18.187086643357144,193,1,0.0893684418439822,0.7515359436684963,0.1224579511397484,0.09203155186952143,0.14027543072260049,0.0026631100255392337,0.048243878853079056,False
Ma_xp_A2000_n65_r17_v00_90000_fof_0.0040_0000.hdf5,Ma_xp_A2000_n65_r17_v00_90000.hdf5,A2000,n65,r17,v00,,90000,0.004,187,1357307,9.98886565327826e+19,23,8.927224863635854e+18,0.089371758250708,5.080154018746471e+18,164,9.096143166914676e+19,0.910628241749292,4.203622814089629e+19,2000,none,,none,False,65,17,0,0,20.0,1e+20,1.8129133566428555,1.7,0.0,,0,False,4.203622814089629e+19,0.42036228140896287,1.0,0.0,0.5882352941176471,,0.0,206.78349696646669,0.7386068134544167,1.5898550828167466,1.5384615384615386e+18,18.187086643357144,194,1,0.089371758250708,0.7568103161916776,0.12355770888823961,0.09350974873162787,0.1383430458951856,0.0041379904809198675,0.04483329716355772,False
Ma_xp_A2000_n65_r17_v00_90000_fof_0.0045_0000.hdf5,Ma_xp_A2000_n65_r17_v00_90000.hdf5,A2000,n65,r17,v00,,90000,0.0045,185,1357313,9.989246588178134e+19,23,8.927534566806481e+18,0.0893714504692661,5.080215959380598e+18,162,9.096493131497488e+19,0.910628549530734,4.203641396279866e+19,2000,none,,none,False,65,17,0,0,20.0,1e+20,1.8129133566428555,1.7,0.0,,0,False,4.203641396279866e+19,0.42036413962798663,1.0,0.0,0.5882352941176471,,0.0,206.78349696646669,0.7386068134544167,1.5898550828167466,1.5384615384615386e+18,18.187086643357144,195,1,0.0893714504692661,0.743108178403535,0.12198740012142871,0.09064983469241805,0.1351618431707899,0.0012783842231519488,0.04451200847837186,False
Ma_xp_A2000_n65_r17_v00_90000_fof_0.0050_0000.hdf5,Ma_xp_A2000_n65_r17_v00_90000.hdf5,A2000,n65,r17,v00,,90000,0.005,186,1357319,9.989646105268242e+19,24,8.928587557586612e+18,0.0893784170480067,5.080215959380598e+18,162,9.09678734950958e+19,0.9106215829519932,4.2036599784701034e+19,2000,none,,none,False,65,17,0,0,20.0,1e+20,1.8129133566428555,1.7,0.0,,0,False,4.2036599784701034e+19,0.42036599784701034,1.0,0.0,0.5882352941176471,,0.0,206.78349696646669,0.7386068134544167,1.5898550828167466,1.5384615384615386e+18,18.187086643357144,196,1,0.0893784170480067,0.7433988944697637,0.12142997292546984,0.09027090762828761,0.1334345244585311,0.0008924905802809163,0.04316361683024349,False
Ma_xp_A2000_n65_r17_v00_90000_fof_0.0060_0000.hdf5,Ma_xp_A2000_n65_r17_v00_90000.hdf5,A2000,n65,r17,v00,,90000,0.006,186,1357321,9.989983681724226e+19,24,8.929083082659616e+18,0.0893803570369646,5.080308870331787e+18,162,9.097075373458263e+19,0.9106196429630352,4.203666172533516e+19,2000,none,,none,False,65,17,0,0,20.0,1e+20,1.8129133566428555,1.7,0.0,,0,False,4.203666172533516e+19,0.4203666172533516,1.0,0.0,0.5882352941176471,,0.0,206.78349696646669,0.7386068134544167,1.5898550828167466,1.5384615384615386e+18,18.187086643357144,197,1,0.0893803570369646,0.7476866765540733,0.12048147326353434,0.09008239233075042,0.13301399076237086,0.0007020352937858187,0.042931598431620435,False
Ma_xp_A2000_n65_r17_v00_90000_fof_0.0080_0000.hdf5,Ma_xp_A2000_n65_r17_v00_90000.hdf5,A2000,n65,r17,v00,,90000,0.008,185,1357324,9.990479206797228e+19,24,8.929299874879055e+18,0.0893780937835676,5.080308870331787e+18,161,9.09754921930932e+19,0.910621906216432,4.2036754636286345e+19,2000,none,,none,False,65,17,0,0,20.0,1e+20,1.8129133566428555,1.7,0.0,,0,False,4.2036754636286345e+19,0.42036754636286344,1.0,0.0,0.5882352941176471,,0.0,206.78349696646669,0.7386068134544167,1.5898550828167466,1.5384615384615386e+18,18.187086643357144,198,1,0.0893780937835676,0.7508421328236393,0.1203291523028163,0.09034819735590711,0.13282952260406058,0.0009701035723395091,0.04248132524815347,False
Ma_xp_A2000_n65_r18_v00_90000_fof_0.0010_0000.hdf5,Ma_xp_A2000_n65_r18_v00_90000.hdf5,A2000,n65,r18,v00,,90000,0.001,0,0,0.0,0,0.0,0.0,0.0,0,0.0,0.0,0.0,2000,none,,none,False,65,18,0,0,20.0,1e+20,1.8129133566428555,1.8,0.0,,0,False,0.0,0.0,1.0,0.0,0.5555555555555556,,0.0,206.78349696646669,0.6254058614589896,1.5625421811002254,1.5384615384615386e+18,18.187086643357144,199,0,0.0,0.011405348394393585,0.08519191060300738,0.000971643420811332,0.011228362064596193,0.000971643420811332,0.010256718643784862,False
Ma_xp_A2000_n65_r18_v00_90000_fof_0.0020_0000.hdf5,Ma_xp_A2000_n65_r18_v00_90000.hdf5,A2000,n65,r18,v00,,90000,0.002,3714,20867,6.648800577965236e+18,0,0.0,0.0,0.0,3714,6.648800577965236e+18,1.0,6.462576061465172e+17,2000,none,,none,False,65,18,0,0,20.0,1e+20,1.8129133566428555,1.8,0.0,,0,False,6.462576061465172e+17,0.006462576061465173,1.0,0.0,0.5555555555555556,,0.0,206.78349696646669,0.6254058614589896,1.5625421811002254,1.5384615384615386e+18,18.187086643357144,200,0,0.0,0.3370669568944237,0.08737028891746959,0.029449637408398066,0.020495027135190868,0.029449637408398066,0.008954610273207198,False
Ma_xp_A2000_n65_r18_v00_90000_fof_0.0030_0000.hdf5,Ma_xp_A2000_n65_r18_v00_90000.hdf5,A2000,n65,r18,v00,,90000,0.003,114,2243087,9.984854997171518e+19,0,0.0,0.0,0.0,114,9.984854997171518e+19,1.0,6.94691155882022e+19,2000,none,,none,False,65,18,0,0,20.0,1e+20,1.8129133566428555,1.8,0.0,,0,False,6.94691155882022e+19,0.694691155882022,1.0,0.0,0.5555555555555556,,0.0,206.78349696646669,0.6254058614589896,1.5625421811002254,1.5384615384615386e+18,18.187086643357144,201,0,0.0,0.45716108546703343,0.06395007880518207,0.029235487442279363,0.02010829400720169,0.029235487442279363,0.009127193435077674,False
Ma_xp_A2000_n65_r18_v00_90000_fof_0.0035_0000.hdf5,Ma_xp_A2000_n65_r18_v00_90000.hdf5,A2000,n65,r18,v00,,90000,0.0035,115,2243329,9.986338475358808e+19,0,0.0,0.0,0.0,115,9.986338475358808e+19,1.0,6.947661040493124e+19,2000,none,,none,False,65,18,0,0,20.0,1e+20,1.8129133566428555,1.8,0.0,,0,False,6.947661040493124e+19,0.6947661040493124,1.0,0.0,0.5555555555555556,,0.0,206.78349696646669,0.6254058614589896,1.5625421811002254,1.5384615384615386e+18,18.187086643357144,202,0,0.0,0.4694916058224861,0.06384828344812697,0.029976233125070393,0.020131675791060295,0.029976233125070393,0.009844557334010098,False
Ma_xp_A2000_n65_r18_v00_90000_fof_0.0040_0000.hdf5,Ma_xp_A2000_n65_r18_v00_90000.hdf5,A2000,n65,r18,v00,,90000,0.004,117,2243563,9.987602064294951e+19,0,0.0,0.0,0.0,117,9.987602064294951e+19,1.0,6.948385745912378e+19,2000,none,,none,False,65,18,0,0,20.0,1e+20,1.8129133566428555,1.8,0.0,,0,False,6.948385745912378e+19,0.6948385745912378,1.0,0.0,0.5555555555555556,,0.0,206.78349696646669,0.6254058614589896,1.5625421811002254,1.5384615384615386e+18,18.187086643357144,203,0,0.0,0.4792123586319776,0.0635857982588998,0.03047110035914447,0.019091394721296343,0.03047110035914447,0.011379705637848125,False
Ma_xp_A2000_n65_r18_v00_90000_fof_0.0045_0000.hdf5,Ma_xp_A2000_n65_r18_v00_90000.hdf5,A2000,n65,r18,v00,,90000,0.0045,115,2243717,9.988323672682504e+19,0,0.0,0.0,0.0,115,9.988323672682504e+19,1.0,6.948862688795135e+19,2000,none,,none,False,65,18,0,0,20.0,1e+20,1.8129133566428555,1.8,0.0,,0,False,6.948862688795135e+19,0.6948862688795135,1.0,0.0,0.5555555555555556,,0.0,206.78349696646669,0.6254058614589896,1.5625421811002254,1.5384615384615386e+18,18.187086643357144,204,0,0.0,0.5016361980105786,0.06159791471297463,0.03089974374199647,0.020190456340477506,0.03089974374199647,0.010709287401518965,False
Ma_xp_A2000_n65_r18_v00_90000_fof_0.0050_0000.hdf5,Ma_xp_A2000_n65_r18_v00_90000.hdf5,A2000,n65,r18,v00,,90000,0.005,116,2243886,9.988967855277397e+19,0,0.0,0.0,0.0,116,9.988967855277397e+19,1.0,6.9493860871534854e+19,2000,none,,none,False,65,18,0,0,20.0,1e+20,1.8129133566428555,1.8,0.0,,0,False,6.9493860871534854e+19,0.6949386087153485,1.0,0.0,0.5555555555555556,,0.0,206.78349696646669,0.6254058614589896,1.5625421811002254,1.5384615384615386e+18,18.187086643357144,205,0,0.0,0.5016361980105786,0.061598483065532963,0.030900028848212965,0.02029061710472603,0.030900028848212965,0.010609411743486934,False
Ma_xp_A2000_n65_r18_v00_90000_fof_0.0060_0000.hdf5,Ma_xp_A2000_n65_r18_v00_90000.hdf5,A2000,n65,r18,v00,,90000,0.006,114,2244071,9.989875285567324e+19,0,0.0,0.0,0.0,114,9.989875285567324e+19,1.0,6.949959038019135e+19,2000,none,,none,False,65,18,0,0,20.0,1e+20,1.8129133566428555,1.8,0.0,,0,False,6.949959038019135e+19,0.6949959038019136,1.0,0.0,0.5555555555555556,,0.0,206.78349696646669,0.6254058614589896,1.5625421811002254,1.5384615384615386e+18,18.187086643357144,206,0,0.0,0.5016361980105786,0.06250281721594265,0.031353675593155605,0.020403071760943952,0.031353675593155605,0.010950603832211653,False
Ma_xp_A2000_n65_r18_v00_90000_fof_0.0080_0000.hdf5,Ma_xp_A2000_n65_r18_v00_90000.hdf5,A2000,n65,r18,v00,,90000,0.008,110,2244283,9.990931373379151e+19,0,0.0,0.0,0.0,110,9.990931373379151e+19,1.0,6.9506156087408525e+19,2000,none,,none,False,65,18,0,0,20.0,1e+20,1.8129133566428555,1.8,0.0,,0,False,6.9506156087408525e+19,0.6950615608740852,1.0,0.0,0.5555555555555556,,0.0,206.78349696646669,0.6254058614589896,1.5625421811002254,1.5384615384615386e+18,18.187086643357144,207,0,0.0,0.5023925005843894,0.06248340899243966,0.031391196088748886,0.020403071760943952,0.031391196088748886,0.010988124327804934,False
Ma_xp_A2000_n65_r18_v02_90000_fof_0.0040_0000.hdf5,Ma_xp_A2000_n65_r18_v02_90000.hdf5,A2000,n65,r18,v02,,90000,0.004,97,2327034,9.988116171551374e+19,0,0.0,0.0,0.0,97,9.988116171551374e+19,1.0,7.2068980794618e+19,2000,none,,none,False,65,18,2,0,20.0,1e+20,1.8129133566428555,1.8,0.2,,0,False,7.2068980794618e+19,0.72068980794618,1.0056981855718534,0.04000000000000001,0.5555555555555556,,0.36000000000000004,206.78349696646669,0.6235979541551967,1.557666835615719,1.5384615384615386e+18,18.187086643357144,208,2,0.0,0.017457846589919227,0.09288430193118495,0.0016215598937263651,0.0,0.0016215598937263651,0.0016215598937263651,False
Ma_xp_A2000_n65_r18_v04_90000_fof_0.0040_0000.hdf5,Ma_xp_A2000_n65_r18_v04_90000.hdf5,A2000,n65,r18,v04,,90000,0.004,85,2413599,9.99283295083374e+19,0,0.0,0.0,0.0,85,9.99283295083374e+19,1.0,7.47499262911025e+19,2000,none,,none,False,65,18,4,0,20.0,1e+20,1.8129133566428555,1.8,0.4,,0,False,7.47499262911025e+19,0.747499262911025,1.0227927422874137,0.16000000000000003,0.5555555555555556,,0.7200000000000001,206.78349696646669,0.6182669016054033,1.54331158977397,1.5384615384615386e+18,18.187086643357144,209,1,0.0,0.02046796832537109,0.05035337880854551,0.0010306313625287214,0.0008995883306166207,0.0010306313625287214,0.00013104303191210074,False
Ma_xp_A2000_n65_r18_v06_90000_fof_0.0040_0000.hdf5,Ma_xp_A2000_n65_r18_v06_90000.hdf5,A2000,n65,r18,v06,,90000,0.004,111,2624570,9.984882870426778e+19,0,0.0,0.0,0.0,111,9.984882870426778e+19,1.0,8.128376505202008e+19,2000,none,,none,False,65,18,6,0,20.0,1e+20,1.8129133566428555,1.8,0.6,,0,False,8.128376505202008e+19,0.8128376505202008,1.0512836701466808,0.36,0.5555555555555556,,1.08,206.78349696646669,0.6096778554028849,1.520247993618419,1.5384615384615386e+18,18.187086643357144,210,0,0.0,0.01023509034572403,0.030155005560315223,0.0003086392062856368,3.423700288077744e-05,0.0003086392062856368,0.00027440220340485934,False
Ma_xp_A2000_n65_r18_v08_90000_fof_0.0040_0000.hdf5,Ma_xp_A2000_n65_r18_v08_90000.hdf5,A2000,n65,r18,v08,,90000,0.004,107,2665776,9.950716416638435e+19,0,0.0,0.0,0.0,107,9.950716416638435e+19,1.0,8.255992793688279e+19,2000,none,,none,False,65,18,8,0,20.0,1e+20,1.8129133566428555,1.8,0.8,,0,False,8.255992793688279e+19,0.8255992793688278,1.0911709691496547,0.6400000000000001,0.5555555555555556,,1.4400000000000002,206.78349696646669,0.5982332520861442,1.4896375435423213,1.5384615384615386e+18,18.187086643357144,211,4,0.0,0.002768725373882048,0.022310455610122668,6.177152455061571e-05,0.00012892896458116144,6.177152455061571e-05,6.715744003054573e-05,False
Ma_xp_A2000_n65_r18_v10_90000_fof_0.0040_0000.hdf5,Ma_xp_A2000_n65_r18_v10_90000.hdf5,A2000,n65,r18,v10,,90000,0.004,8,2604691,9.99000226383038e+19,0,0.0,0.0,0.0,8,9.99000226383038e+19,1.0,8.066810611914172e+19,2000,none,,none,False,65,18,10,0,20.0,1e+20,1.8129133566428555,1.8,1.0,,0,False,8.066810611914172e+19,0.8066810611914172,1.1424546392963355,1.0,0.5555555555555556,,1.8,206.78349696646669,0.5844239938926532,1.4528805774074975,1.5384615384615386e+18,18.187086643357144,212,3,0.0,0.002086112388705208,0.02836529699223174,5.91731974647972e-05,2.863905924646667e-07,5.91731974647972e-05,5.888680687233254e-05,False
Ma_xp_A2000_n65_r19_v00_90000_fof_0.0010_0000.hdf5,Ma_xp_A2000_n65_r19_v00_90000.hdf5,A2000,n65,r19,v00,,90000,0.001,0,0,0.0,0,0.0,0.0,0.0,0,0.0,0.0,0.0,2000,none,,none,False,65,19,0,0,20.0,1e+20,1.8129133566428555,1.9,0.0,,0,False,0.0,0.0,1.0,0.0,0.5263157894736842,,0.0,206.78349696646669,0.4580226086897332,1.5259412514688657,1.5384615384615386e+18,18.187086643357144,213,4,0.0,0.0024442643237267006,0.09293821185628941,0.00022716555555128207,0.0010285944308828024,0.00022716555555128207,0.0008014288753315203,False
Ma_xp_A2000_n65_r19_v00_90000_fof_0.0020_0000.hdf5,Ma_xp_A2000_n65_r19_v00_90000.hdf5,A2000,n65,r19,v00,,90000,0.002,1388,5197,3.460313525412319e+18,0,0.0,0.0,0.0,1388,3.460313525412319e+18,1.0,1.6095273777469766e+17,2000,none,,none,False,65,19,0,0,20.0,1e+20,1.8129133566428555,1.9,0.0,,0,False,1.6095273777469766e+17,0.0016095273777469766,1.0,0.0,0.5263157894736842,,0.0,206.78349696646669,0.4580226086897332,1.5259412514688657,1.5384615384615386e+18,18.187086643357144,214,4,0.0,0.019895265534858445,0.09293821185628941,0.001849030403215807,0.0015260731827039912,0.001849030403215807,0.00032295722051181586,False
Ma_xp_A2000_n65_r19_v00_90000_fof_0.0030_0000.hdf5,Ma_xp_A2000_n65_r19_v00_90000.hdf5,A2000,n65,r19,v00,,90000,0.003,2,2642611,9.996273753035448e+19,0,0.0,0.0,0.0,2,9.996273753035448e+19,1.0,8.184250054213822e+19,2000,none,,none,False,65,19,0,0,20.0,1e+20,1.8129133566428555,1.9,0.0,,0,False,8.184250054213822e+19,0.8184250054213822,1.0,0.0,0.5263157894736842,,0.0,206.78349696646669,0.4580226086897332,1.5259412514688657,1.5384615384615386e+18,18.187086643357144,215,4,0.0,0.024120260015773984,0.06714643418493861,0.001619589451672774,0.0012768510019214288,0.001619589451672774,0.0003427384497513453,False
Ma_xp_A2000_n65_r19_v00_90000_fof_0.0035_0000.hdf5,Ma_xp_A2000_n65_r19_v00_90000.hdf5,A2000,n65,r19,v00,,90000,0.0035,2,2642611,9.996273753035448e+19,0,0.0,0.0,0.0,2,9.996273753035448e+19,1.0,8.184250054213822e+19,2000,none,,none,False,65,19,0,0,20.0,1e+20,1.8129133566428555,1.9,0.0,,0,False,8.184250054213822e+19,0.8184250054213822,1.0,0.0,0.5263157894736842,,0.0,206.78349696646669,0.4580226086897332,1.5259412514688657,1.5384615384615386e+18,18.187086643357144,216,4,0.0,0.022343631465825742,0.06630078440399867,0.0014814002926181132,0.0011462332018728678,0.0014814002926181132,0.00033516709074524545,False
Ma_xp_A2000_n65_r19_v00_90000_fof_0.0040_0000.hdf5,Ma_xp_A2000_n65_r19_v00_90000.hdf5,A2000,n65,r19,v00,,90000,0.004,2,2642611,9.996273753035448e+19,0,0.0,0.0,0.0,2,9.996273753035448e+19,1.0,8.184250054213822e+19,2000,none,,none,False,65,19,0,0,20.0,1e+20,1.8129133566428555,1.9,0.0,,0,False,8.184250054213822e+19,0.8184250054213822,1.0,0.0,0.5263157894736842,,0.0,206.78349696646669,0.4580226086897332,1.5259412514688657,1.5384615384615386e+18,18.187086643357144,217,4,0.0,0.0221703392079681,0.06593062184010463,0.0014617042503873895,0.0010469349331573322,0.0014617042503873895,0.00041476931723005727,False
Ma_xp_A2000_n65_r19_v00_90000_fof_0.0045_0000.hdf5,Ma_xp_A2000_n65_r19_v00_90000.hdf5,A2000,n65,r19,v00,,90000,0.0045,2,2642611,9.996273753035448e+19,0,0.0,0.0,0.0,2,9.996273753035448e+19,1.0,8.184250054213822e+19,2000,none,,none,False,65,19,0,0,20.0,1e+20,1.8129133566428555,1.9,0.0,,0,False,8.184250054213822e+19,0.8184250054213822,1.0,0.0,0.5263157894736842,,0.0,206.78349696646669,0.4580226086897332,1.5259412514688657,1.5384615384615386e+18,18.187086643357144,218,4,0.0,0.021795359688943604,0.06594525604042979,0.0014373005751806482,0.0010469349331573322,0.0014373005751806482,0.00039036564202331596,False
Ma_xp_A2000_n65_r19_v00_90000_fof_0.0050_0000.hdf5,Ma_xp_A2000_n65_r19_v00_90000.hdf5,A2000,n65,r19,v00,,90000,0.005,2,2642611,9.996273753035448e+19,0,0.0,0.0,0.0,2,9.996273753035448e+19,1.0,8.184250054213822e+19,2000,none,,none,False,65,19,0,0,20.0,1e+20,1.8129133566428555,1.9,0.0,,0,False,8.184250054213822e+19,0.8184250054213822,1.0,0.0,0.5263157894736842,,0.0,206.78349696646669,0.4580226086897332,1.5259412514688657,1.5384615384615386e+18,18.187086643357144,219,4,0.0,0.021795359688943604,0.06637578008649529,0.0014466840016193851,0.001013922029063179,0.0014466840016193851,0.0004327619725562062,False
Ma_xp_A2000_n65_r19_v00_90000_fof_0.0060_0000.hdf5,Ma_xp_A2000_n65_r19_v00_90000.hdf5,A2000,n65,r19,v00,,90000,0.006,2,2642611,9.996273753035448e+19,0,0.0,0.0,0.0,2,9.996273753035448e+19,1.0,8.184250054213822e+19,2000,none,,none,False,65,19,0,0,20.0,1e+20,1.8129133566428555,1.9,0.0,,0,False,8.184250054213822e+19,0.8184250054213822,1.0,0.0,0.5263157894736842,,0.0,206.78349696646669,0.4580226086897332,1.5259412514688657,1.5384615384615386e+18,18.187086643357144,220,4,0.0,0.021795359688943604,0.06606364204285428,0.001439880840685626,0.001013922029063179,0.001439880840685626,0.00042595881162244714,False
Ma_xp_A2000_n65_r19_v00_90000_fof_0.0080_0000.hdf5,Ma_xp_A2000_n65_r19_v00_90000.hdf5,A2000,n65,r19,v00,,90000,0.008,2,2642611,9.996273753035448e+19,0,0.0,0.0,0.0,2,9.996273753035448e+19,1.0,8.184250054213822e+19,2000,none,,none,False,65,19,0,0,20.0,1e+20,1.8129133566428555,1.9,0.0,,0,False,8.184250054213822e+19,0.8184250054213822,1.0,0.0,0.5263157894736842,,0.0,206.78349696646669,0.4580226086897332,1.5259412514688657,1.5384615384615386e+18,18.187086643357144,221,4,0.0,0.020979538824375085,0.06625123159387387,0.0013899202853863422,0.001013922029063179,0.0013899202853863422,0.0003759982563231632,False
Ma_xp_A2000_n65_r20_v00_90000_fof_0.0010_0000.hdf5,Ma_xp_A2000_n65_r20_v00_90000.hdf5,A2000,n65,r20,v00,,90000,0.001,0,0,0.0,0,0.0,0.0,0.0,0,0.0,0.0,0.0,2000,none,,none,False,65,20,0,0,20.0,1e+20,1.8129133566428555,2.0,0.0,,0,False,0.0,0.0,1.0,0.0,0.5,,0.0,206.78349696646669,0.0,1.4788571295282895,1.5384615384615386e+18,18.187086643357144,222,3,0.0,0.00037452462724578184,0.10012436891209753,3.7499041945022476e-05,0.0,3.7499041945022476e-05,3.7499041945022476e-05,False
Ma_xp_A2000_n65_r20_v00_90000_fof_0.0020_0000.hdf5,Ma_xp_A2000_n65_r20_v00_90000.hdf5,A2000,n65,r20,v00,,90000,0.002,1296,3360,3.1313777878896886e+18,0,0.0,0.0,0.0,1296,3.1313777878896886e+18,1.0,1.0406026533057789e+17,2000,none,,none,False,65,20,0,0,20.0,1e+20,1.8129133566428555,2.0,0.0,,0,False,1.0406026533057789e+17,0.001040602653305779,1.0,0.0,0.5,,0.0,206.78349696646669,0.0,1.4788571295282895,1.5384615384615386e+18,18.187086643357144,223,3,0.0,0.0033633481342690923,0.10096289578021672,0.00033957336715279674,0.0003603383366742993,0.00033957336715279674,2.076496952150257e-05,False
Ma_xp_A2000_n65_r20_v00_90000_fof_0.0030_0000.hdf5,Ma_xp_A2000_n65_r20_v00_90000.hdf5,A2000,n65,r20,v00,,90000,0.003,5,2817032,9.996078640038027e+19,0,0.0,0.0,0.0,5,9.996078640038027e+19,1.0,8.724437421443444e+19,2000,none,,none,False,65,20,0,0,20.0,1e+20,1.8129133566428555,2.0,0.0,,0,False,8.724437421443444e+19,0.8724437421443444,1.0,0.0,0.5,,0.0,206.78349696646669,0.0,1.4788571295282895,1.5384615384615386e+18,18.187086643357144,224,3,0.0,0.005427517099011324,0.07937009720390961,0.0004307825597244103,0.0,0.0004307825597244103,0.0004307825597244103,False
Ma_xp_A2000_n65_r20_v00_90000_fof_0.0035_0000.hdf5,Ma_xp_A2000_n65_r20_v00_90000.hdf5,A2000,n65,r20,v00,,90000,0.0035,5,2817032,9.996109610355093e+19,0,0.0,0.0,0.0,5,9.996109610355093e+19,1.0,8.724437421443444e+19,2000,none,,none,False,65,20,0,0,20.0,1e+20,1.8129133566428555,2.0,0.0,,0,False,8.724437421443444e+19,0.8724437421443444,1.0,0.0,0.5,,0.0,206.78349696646669,0.0,1.4788571295282895,1.5384615384615386e+18,18.187086643357144,225,3,0.0,0.005440183133554819,0.07815854689556878,0.0004251968085644266,0.0,0.0004251968085644266,0.0004251968085644266,False
Ma_xp_A2000_n65_r20_v00_90000_fof_0.0040_0000.hdf5,Ma_xp_A2000_n65_r20_v00_90000.hdf5,A2000,n65,r20,v00,,90000,0.004,5,2817033,9.996112707386796e+19,0,0.0,0.0,0.0,5,9.996112707386796e+19,1.0,8.72444051847515e+19,2000,none,,none,False,65,20,0,0,20.0,1e+20,1.8129133566428555,2.0,0.0,,0,False,8.72444051847515e+19,0.8724440518475151,1.0,0.0,0.5,,0.0,206.78349696646669,0.0,1.4788571295282895,1.5384615384615386e+18,18.187086643357144,226,3,0.0,0.005603730133654315,0.07921210353136444,0.0004438832515088523,0.0,0.0004438832515088523,0.0004438832515088523,False
Ma_xp_A2000_n65_r20_v00_90000_fof_0.0045_0000.hdf5,Ma_xp_A2000_n65_r20_v00_90000.hdf5,A2000,n65,r20,v00,,90000,0.0045,5,2817033,9.996121998481916e+19,0,0.0,0.0,0.0,5,9.996121998481916e+19,1.0,8.72444051847515e+19,2000,none,,none,False,65,20,0,0,20.0,1e+20,1.8129133566428555,2.0,0.0,,0,False,8.72444051847515e+19,0.8724440518475151,1.0,0.0,0.5,,0.0,206.78349696646669,0.0,1.4788571295282895,1.5384615384615386e+18,18.187086643357144,227,3,0.0,0.005603730133654315,0.07924415395777278,0.0004440628534491132,0.0,0.0004440628534491132,0.0004440628534491132,False
Ma_xp_A2000_n65_r20_v00_90000_fof_0.0050_0000.hdf5,Ma_xp_A2000_n65_r20_v00_90000.hdf5,A2000,n65,r20,v00,,90000,0.005,5,2817033,9.996125095513622e+19,0,0.0,0.0,0.0,5,9.996125095513622e+19,1.0,8.72444051847515e+19,2000,none,,none,False,65,20,0,0,20.0,1e+20,1.8129133566428555,2.0,0.0,,0,False,8.72444051847515e+19,0.8724440518475151,1.0,0.0,0.5,,0.0,206.78349696646669,0.0,1.4788571295282895,1.5384615384615386e+18,18.187086643357144,228,3,0.0,0.005603730133654315,0.07924415395777278,0.0004440628534491132,0.0,0.0004440628534491132,0.0004440628534491132,False
Ma_xp_A2000_n65_r20_v00_90000_fof_0.0060_0000.hdf5,Ma_xp_A2000_n65_r20_v00_90000.hdf5,A2000,n65,r20,v00,,90000,0.006,5,2817033,9.996131289577036e+19,0,0.0,0.0,0.0,5,9.996131289577036e+19,1.0,8.72444051847515e+19,2000,none,,none,False,65,20,0,0,20.0,1e+20,1.8129133566428555,2.0,0.0,,0,False,8.72444051847515e+19,0.8724440518475151,1.0,0.0,0.5,,0.0,206.78349696646669,0.0,1.4788571295282895,1.5384615384615386e+18,18.187086643357144,229,3,0.0,0.0058941206054716,0.07881859937007364,0.00046456633064156195,0.0,0.00046456633064156195,0.00046456633064156195,False
Ma_xp_A2000_n65_r20_v00_90000_fof_0.0080_0000.hdf5,Ma_xp_A2000_n65_r20_v00_90000.hdf5,A2000,n65,r20,v00,,90000,0.008,5,2817034,9.99613438660874e+19,0,0.0,0.0,0.0,5,9.99613438660874e+19,1.0,8.724443615506856e+19,2000,none,,none,False,65,20,0,0,20.0,1e+20,1.8129133566428555,2.0,0.0,,0,False,8.724443615506856e+19,0.8724443615506856,1.0,0.0,0.5,,0.0,206.78349696646669,0.0,1.4788571295282895,1.5384615384615386e+18,18.187086643357144,230,3,0.0,0.005746803258280873,0.07883798663099899,0.0004530663984473289,0.0,0.0004530663984473289,0.0004530663984473289,False
Ma_xp_A2000_n65_r20_v02_90000_fof_0.0040_0000.hdf5,Ma_xp_A2000_n65_r20_v02_90000.hdf5,A2000,n65,r20,v02,,90000,0.004,5,2837147,9.996131289576995e+19,0,0.0,0.0,0.0,5,9.996131289576995e+19,1.0,8.786734214213947e+19,2000,none,,none,False,65,20,2,0,20.0,1e+20,1.8129133566428555,2.0,0.2,,0,False,8.786734214213947e+19,0.8786734214213947,1.0063313173020594,0.04000000000000001,0.5,,0.4,206.78349696646669,0.0,1.4738750056555374,1.5384615384615386e+18,18.187086643357144,231,1,0.0,0.009964445687370687,0.08185760753412427,0.0008156656843718869,0.0010760090731597857,0.0008156656843718869,0.0002603433887878988,False
Ma_xp_A2000_n65_r20_v04_90000_fof_0.0040_0000.hdf5,Ma_xp_A2000_n65_r20_v04_90000.hdf5,A2000,n65,r20,v04,,90000,0.004,2,2886994,9.995750354677098e+19,0,0.0,0.0,0.0,2,9.995750354677098e+19,1.0,8.941111953673616e+19,2000,none,,none,False,65,20,4,0,20.0,1e+20,1.8129133566428555,2.0,0.4,,0,False,8.941111953673616e+19,0.8941111953673616,1.0253252692082375,0.16000000000000003,0.5,,0.8,206.78349696646669,0.0,1.4592262751583032,1.5384615384615386e+18,18.187086643357144,232,4,0.0,0.011724241932014249,0.053280591287342347,0.0006246745425335722,0.0018088986020392797,0.0006246745425335722,0.0011842240595057074,False
Ma_xp_A2000_n65_r20_v06_90000_fof_0.0040_0000.hdf5,Ma_xp_A2000_n65_r20_v06_90000.hdf5,A2000,n65,r20,v06,,90000,0.004,82,2910086,9.95568715252344e+19,0,0.0,0.0,0.0,82,9.95568715252344e+19,1.0,9.01262860983352e+19,2000,none,,none,False,65,20,6,0,20.0,1e+20,1.8129133566428555,2.0,0.6,,0,False,9.01262860983352e+19,0.9012628609833521,1.0569818557185342,0.36,0.5,,1.2,206.78349696646669,0.0,1.4357558186355435,1.5384615384615386e+18,18.187086643357144,233,2,0.0,0.0046077522428887374,0.04287816626244555,0.00019757196676673967,0.0,0.00019757196676673967,0.00019757196676673967,False
Ma_xp_A2000_n65_r22_v00_90000_fof_0.0010_0000.hdf5,Ma_xp_A2000_n65_r22_v00_90000.hdf5,A2000,n65,r22,v00,,90000,0.001,0,0,0.0,0,0.0,0.0,0.0,0,0.0,0.0,0.0,2000,none,,none,False,65,22,0,0,20.0,1e+20,1.8129133566428555,2.2,0.0,,0,False,0.0,0.0,1.0,0.0,0.45454545454545453,,0.0,206.78349696646669,0.0,1.3463893624089283,1.5384615384615386e+18,18.187086643357144,234,2,0.0,0.0002975834190072177,0.11992781331915439,3.56885287215733e-05,0.0,3.56885287215733e-05,3.56885287215733e-05,False
Ma_xp_A2000_n65_r22_v00_90000_fof_0.0020_0000.hdf5,Ma_xp_A2000_n65_r22_v00_90000.hdf5,A2000,n65,r22,v00,,90000,0.002,1015,16036,2.7785949062284805e+18,0,0.0,0.0,0.0,1015,2.7785949062284805e+18,1.0,4.966400044168261e+17,2000,none,,none,False,65,22,0,0,20.0,1e+20,1.8129133566428555,2.2,0.0,,0,False,4.966400044168261e+17,0.004966400044168261,1.0,0.0,0.45454545454545453,,0.0,206.78349696646669,0.0,1.3463893624089283,1.5384615384615386e+18,18.187086643357144,235,2,0.0,0.0012085141685935395,0.12165975621851573,0.00014702753913771222,0.0,0.00014702753913771222,0.00014702753913771222,False
Ma_xp_A2000_n65_r22_v00_90000_fof_0.0030_0000.hdf5,Ma_xp_A2000_n65_r22_v00_90000.hdf5,A2000,n65,r22,v00,,90000,0.003,1,3227695,9.996273753012568e+19,0,0.0,0.0,0.0,1,9.996273753012568e+19,1.0,9.996273753012568e+19,2000,none,,none,False,65,22,0,0,20.0,1e+20,1.8129133566428555,2.2,0.0,,0,False,9.996273753012568e+19,0.9996273753012568,1.0,0.0,0.45454545454545453,,0.0,206.78349696646669,0.0,1.3463893624089283,1.5384615384615386e+18,18.187086643357144,236,2,0.0,0.0016546658133220833,0.10657924703397623,0.0001763530364767295,0.0,0.0001763530364767295,0.0001763530364767295,False
Ma_xp_A2000_n65_r22_v00_90000_fof_0.0035_0000.hdf5,Ma_xp_A2000_n65_r22_v00_90000.hdf5,A2000,n65,r22,v00,,90000,0.0035,1,3227695,9.996273753012568e+19,0,0.0,0.0,0.0,1,9.996273753012568e+19,1.0,9.996273753012568e+19,2000,none,,none,False,65,22,0,0,20.0,1e+20,1.8129133566428555,2.2,0.0,,0,False,9.996273753012568e+19,0.9996273753012568,1.0,0.0,0.45454545454545453,,0.0,206.78349696646669,0.0,1.3463893624089283,1.5384615384615386e+18,18.187086643357144,237,2,0.0,0.0015993589960720362,0.10638615766387888,0.00017014965831726268,0.0,0.00017014965831726268,0.00017014965831726268,False
Ma_xp_A2000_n65_r22_v00_90000_fof_0.0040_0000.hdf5,Ma_xp_A2000_n65_r22_v00_90000.hdf5,A2000,n65,r22,v00,,90000,0.004,1,3227695,9.996273753012568e+19,0,0.0,0.0,0.0,1,9.996273753012568e+19,1.0,9.996273753012568e+19,2000,none,,none,False,65,22,0,0,20.0,1e+20,1.8129133566428555,2.2,0.0,,0,False,9.996273753012568e+19,0.9996273753012568,1.0,0.0,0.45454545454545453,,0.0,206.78349696646669,0.0,1.3463893624089283,1.5384615384615386e+18,18.187086643357144,238,2,0.0,0.0016781310322732477,0.10651502957450162,0.00017874617653247391,0.0,0.00017874617653247391,0.00017874617653247391,False
Ma_xp_A2000_n65_r22_v00_90000_fof_0.0045_0000.hdf5,Ma_xp_A2000_n65_r22_v00_90000.hdf5,A2000,n65,r22,v00,,90000,0.0045,1,3227695,9.996273753012568e+19,0,0.0,0.0,0.0,1,9.996273753012568e+19,1.0,9.996273753012568e+19,2000,none,,none,False,65,22,0,0,20.0,1e+20,1.8129133566428555,2.2,0.0,,0,False,9.996273753012568e+19,0.9996273753012568,1.0,0.0,0.45454545454545453,,0.0,206.78349696646669,0.0,1.3463893624089283,1.5384615384615386e+18,18.187086643357144,239,2,0.0,0.001673523832261185,0.10582872390395429,0.00017710689159105645,0.0,0.00017710689159105645,0.00017710689159105645,False
Ma_xp_A2000_n65_r22_v00_90000_fof_0.0050_0000.hdf5,Ma_xp_A2000_n65_r22_v00_90000.hdf5,A2000,n65,r22,v00,,90000,0.005,1,3227695,9.996273753012568e+19,0,0.0,0.0,0.0,1,9.996273753012568e+19,1.0,9.996273753012568e+19,2000,none,,none,False,65,22,0,0,20.0,1e+20,1.8129133566428555,2.2,0.0,,0,False,9.996273753012568e+19,0.9996273753012568,1.0,0.0,0.45454545454545453,,0.0,206.78349696646669,0.0,1.3463893624089283,1.5384615384615386e+18,18.187086643357144,240,2,0.0,0.001657466686944508,0.10582872390395429,0.00017540758439265217,0.0,0.00017540758439265217,0.00017540758439265217,False
Ma_xp_A2000_n65_r22_v00_90000_fof_0.0060_0000.hdf5,Ma_xp_A2000_n65_r22_v00_90000.hdf5,A2000,n65,r22,v00,,90000,0.006,1,3227695,9.996273753012568e+19,0,0.0,0.0,0.0,1,9.996273753012568e+19,1.0,9.996273753012568e+19,2000,none,,none,False,65,22,0,0,20.0,1e+20,1.8129133566428555,2.2,0.0,,0,False,9.996273753012568e+19,0.9996273753012568,1.0,0.0,0.45454545454545453,,0.0,206.78349696646669,0.0,1.3463893624089283,1.5384615384615386e+18,18.187086643357144,241,2,0.0,0.0016885877664261368,0.10574608778236062,0.00017856155017671851,0.0,0.00017856155017671851,0.00017856155017671851,False
Ma_xp_A2000_n65_r22_v00_90000_fof_0.0080_0000.hdf5,Ma_xp_A2000_n65_r22_v00_90000.hdf5,A2000,n65,r22,v00,,90000,0.008,1,3227695,9.996273753012568e+19,0,0.0,0.0,0.0,1,9.996273753012568e+19,1.0,9.996273753012568e+19,2000,none,,none,False,65,22,0,0,20.0,1e+20,1.8129133566428555,2.2,0.0,,0,False,9.996273753012568e+19,0.9996273753012568,1.0,0.0,0.45454545454545453,,0.0,206.78349696646669,0.0,1.3463893624089283,1.5384615384615386e+18,18.187086643357144,242,2,0.0,0.0016935938833656885,0.10571077113140384,0.00017903111539401575,0.0,0.00017903111539401575,0.00017903111539401575,False
Ma_xp_A2000_n65_r24_v00_90000_fof_0.0010_0000.hdf5,Ma_xp_A2000_n65_r24_v00_90000.hdf5,A2000,n65,r24,v00,,90000,0.001,0,0,0.0,0,0.0,0.0,0.0,0,0.0,0.0,0.0,2000,none,,none,False,65,24,0,0,20.0,1e+20,1.8129133566428555,2.4,0.0,,0,False,0.0,0.0,1.0,0.0,0.4166666666666667,,0.0,206.78349696646669,0.0,1.143154556939899,1.5384615384615386e+18,18.187086643357144,243,4,0.0,0.0014107308198924528,0.05851010472905105,8.254200801640747e-05,0.0,8.254200801640747e-05,8.254200801640747e-05,False
Ma_xp_A2000_n65_r24_v00_90000_fof_0.0020_0000.hdf5,Ma_xp_A2000_n65_r24_v00_90000.hdf5,A2000,n65,r24,v00,,90000,0.002,1235,441,1.796092567732588e+18,0,0.0,0.0,0.0,1235,1.796092567732588e+18,1.0,1.3657909824638334e+16,2000,none,,none,False,65,24,0,0,20.0,1e+20,1.8129133566428555,2.4,0.0,,0,False,1.3657909824638334e+16,0.00013657909824638334,1.0,0.0,0.4166666666666667,,0.0,206.78349696646669,0.0,1.143154556939899,1.5384615384615386e+18,18.187086643357144,244,4,0.0,0.0017332432856422759,0.05851010472905105,0.00010141224616385411,0.0004974787518211887,0.00010141224616385411,0.0003960665056573346,False
Ma_xp_A2000_n65_r24_v00_90000_fof_0.0030_0000.hdf5,Ma_xp_A2000_n65_r24_v00_90000.hdf5,A2000,n65,r24,v00,,90000,0.003,1,3227695,9.996273753012568e+19,0,0.0,0.0,0.0,1,9.996273753012568e+19,1.0,9.996273753012568e+19,2000,none,,none,False,65,24,0,0,20.0,1e+20,1.8129133566428555,2.4,0.0,,0,False,9.996273753012568e+19,0.9996273753012568,1.0,0.0,0.4166666666666667,,0.0,206.78349696646669,0.0,1.143154556939899,1.5384615384615386e+18,18.187086643357144,245,4,0.0,0.0020204013845621597,0.035904510998507416,7.254152373341167e-05,0.00014895830232309067,7.254152373341167e-05,7.6416778589679e-05,False
Ma_xp_A2000_n65_r24_v00_90000_fof_0.0035_0000.hdf5,Ma_xp_A2000_n65_r24_v00_90000.hdf5,A2000,n65,r24,v00,,90000,0.0035,1,3227695,9.996273753012568e+19,0,0.0,0.0,0.0,1,9.996273753012568e+19,1.0,9.996273753012568e+19,2000,none,,none,False,65,24,0,0,20.0,1e+20,1.8129133566428555,2.4,0.0,,0,False,9.996273753012568e+19,0.9996273753012568,1.0,0.0,0.4166666666666667,,0.0,206.78349696646669,0.0,1.143154556939899,1.5384615384615386e+18,18.187086643357144,246,4,0.0,0.001868467776588847,0.03505747233049296,6.550375737818121e-05,0.0,6.550375737818121e-05,6.550375737818121e-05,False
Ma_xp_A2000_n65_r24_v00_90000_fof_0.0040_0000.hdf5,Ma_xp_A2000_n65_r24_v00_90000.hdf5,A2000,n65,r24,v00,,90000,0.004,1,3227695,9.996273753012568e+19,0,0.0,0.0,0.0,1,9.996273753012568e+19,1.0,9.996273753012568e+19,2000,none,,none,False,65,24,0,0,20.0,1e+20,1.8129133566428555,2.4,0.0,,0,False,9.996273753012568e+19,0.9996273753012568,1.0,0.0,0.4166666666666667,,0.0,206.78349696646669,0.0,1.143154556939899,1.5384615384615386e+18,18.187086643357144,247,4,0.0,0.0018536752615842685,0.034492155294521806,6.393725498817792e-05,0.0,6.393725498817792e-05,6.393725498817792e-05,False
Ma_xp_A2000_n65_r24_v00_90000_fof_0.0045_0000.hdf5,Ma_xp_A2000_n65_r24_v00_90000.hdf5,A2000,n65,r24,v00,,90000,0.0045,1,3227695,9.996273753012568e+19,0,0.0,0.0,0.0,1,9.996273753012568e+19,1.0,9.996273753012568e+19,2000,none,,none,False,65,24,0,0,20.0,1e+20,1.8129133566428555,2.4,0.0,,0,False,9.996273753012568e+19,0.9996273753012568,1.0,0.0,0.4166666666666667,,0.0,206.78349696646669,0.0,1.143154556939899,1.5384615384615386e+18,18.187086643357144,248,4,0.0,0.001821682828010834,0.03459045722463569,6.301284193916213e-05,0.0,6.301284193916213e-05,6.301284193916213e-05,False
Ma_xp_A2000_n65_r24_v00_90000_fof_0.0050_0000.hdf5,Ma_xp_A2000_n65_r24_v00_90000.hdf5,A2000,n65,r24,v00,,90000,0.005,1,3227695,9.996273753012568e+19,0,0.0,0.0,0.0,1,9.996273753012568e+19,1.0,9.996273753012568e+19,2000,none,,none,False,65,24,0,0,20.0,1e+20,1.8129133566428555,2.4,0.0,,0,False,9.996273753012568e+19,0.9996273753012568,1.0,0.0,0.4166666666666667,,0.0,206.78349696646669,0.0,1.143154556939899,1.5384615384615386e+18,18.187086643357144,249,4,0.0,0.001821682828010834,0.035020981270701204,6.379712020092542e-05,0.0,6.379712020092542e-05,6.379712020092542e-05,False
Ma_xp_A2000_n65_r24_v00_90000_fof_0.0060_0000.hdf5,Ma_xp_A2000_n65_r24_v00_90000.hdf5,A2000,n65,r24,v00,,90000,0.006,1,3227695,9.996273753012568e+19,0,0.0,0.0,0.0,1,9.996273753012568e+19,1.0,9.996273753012568e+19,2000,none,,none,False,65,24,0,0,20.0,1e+20,1.8129133566428555,2.4,0.0,,0,False,9.996273753012568e+19,0.9996273753012568,1.0,0.0,0.4166666666666667,,0.0,206.78349696646669,0.0,1.143154556939899,1.5384615384615386e+18,18.187086643357144,250,4,0.0,0.001821682828010834,0.03533398880617493,6.436732065333589e-05,0.0,6.436732065333589e-05,6.436732065333589e-05,False
Ma_xp_A2000_n65_r24_v00_90000_fof_0.0080_0000.hdf5,Ma_xp_A2000_n65_r24_v00_90000.hdf5,A2000,n65,r24,v00,,90000,0.008,1,3227695,9.996273753012568e+19,0,0.0,0.0,0.0,1,9.996273753012568e+19,1.0,9.996273753012568e+19,2000,none,,none,False,65,24,0,0,20.0,1e+20,1.8129133566428555,2.4,0.0,,0,False,9.996273753012568e+19,0.9996273753012568,1.0,0.0,0.4166666666666667,,0.0,206.78349696646669,0.0,1.143154556939899,1.5384615384615386e+18,18.187086643357144,251,4,0.0,0.0017521563637112607,0.03552157835719451,6.223935956762655e-05,0.0,6.223935956762655e-05,6.223935956762655e-05,False
Ma_xp_A2000_s030mz_n65_r12_v00_90000_fof_0.0040_0000.hdf5,Ma_xp_A2000_s030mz_n65_r12_v00_90000.hdf5,A2000,n65,r12,v00,s030mz,90000,0.004,1,3162277,9.95093669198358e+19,0,0.0,0.0,0.0,1,9.95093669198358e+19,1.0,9.95093669198358e+19,2000,none,30.0,mz,True,65,12,0,0,20.0,1e+20,1.8129133566428555,1.2,0.0,3.0,1,False,9.95093669198358e+19,0.995093669198358,1.0,0.0,0.8333333333333334,0.3333333333333333,0.0,206.78349696646669,0.9827806394355548,1.614442585309293,1.5384615384615386e+18,18.187086643357144,252,2,0.0,0.16640478058581024,0.1575521814379915,0.026217436183004737,0.029723214032033988,0.026217436183004737,0.0035057778490292513,False
Ma_xp_A2000_s030x_n65_r12_v00_90000_fof_0.0040_0000.hdf5,Ma_xp_A2000_s030x_n65_r12_v00_90000.hdf5,A2000,n65,r12,v00,s030x,90000,0.004,4145,43582,9.454978501317504e+19,1950,1.9942548445460296e+19,0.2109211400394131,3.075960966415753e+17,2195,7.460723656771474e+19,0.789078859960587,1.3714223103666245e+18,2000,none,30.0,x,True,65,12,0,0,20.0,1e+20,1.8129133566428555,1.2,0.0,3.0,1,True,1.3714223103666245e+18,0.013714223103666245,1.0,0.0,0.8333333333333334,0.3333333333333333,0.0,206.78349696646669,0.9827806394355548,1.614442585309293,1.5384615384615386e+18,18.187086643357144,253,1,0.2109211400394131,0.9926626756259801,0.19911410225234005,0.19765313749667288,0.22411375480768825,0.013268002542740215,0.026460617311015372,True
Ma_xp_A2000_s030x_n65_r16_v00_90000_fof_0.0040_0000.hdf5,Ma_xp_A2000_s030x_n65_r16_v00_90000.hdf5,A2000,n65,r16,v00,s030x,90000,0.004,522,733259,9.803526573456931e+19,66,6.127723324294966e+18,0.0625052962154026,3.933579791760219e+18,456,9.190754241027436e+19,0.9374947037845976,2.3073923910854517e+19,2000,none,30.0,x,True,65,16,0,0,20.0,1e+20,1.8129133566428555,1.6,0.0,3.0,1,False,2.3073923910854517e+19,0.23073923910854516,1.0,0.0,0.625,0.3333333333333333,0.0,206.78349696646669,0.821281919029865,1.608818427700622,1.5384615384615386e+18,18.187086643357144,254,0,0.0625052962154026,0.9651826305036286,0.15752797508314287,0.1520432653686579,0.1382864760821145,0.08953796915325529,0.013756789286543392,True
Ma_xp_A2000_s030x_n65_r16_v06_90000_fof_0.0040_0000.hdf5,Ma_xp_A2000_s030x_n65_r16_v06_90000.hdf5,A2000,n65,r16,v06,s030x,90000,0.004,432,748842,9.811531938882948e+19,0,0.0,0.0,0.0,432,9.811531938882948e+19,1.0,2.3564284010496967e+19,2000,none,30.0,x,True,65,16,6,0,20.0,1e+20,1.8129133566428555,1.6,0.6,3.0,1,False,2.3564284010496967e+19,0.23564284010496966,1.0455854845748274,0.36,0.625,0.3333333333333333,0.96,206.78349696646669,0.8024067910450003,1.5685756873017576,1.5384615384615386e+18,18.187086643357144,255,4,0.0,0.578474853933697,0.01721303044477554,0.00995730527229781,0.03165537608561319,0.00995730527229781,0.02169807081331538,False
Ma_xp_A2000_s030x_n65_r20_v00_90000_fof_0.0040_0000.hdf5,Ma_xp_A2000_s030x_n65_r20_v00_90000.hdf5,A2000,n65,r20,v00,s030x,90000,0.004,3,2196131,9.949083249159876e+19,0,0.0,0.0,0.0,3,9.949083249159876e+19,1.0,6.910704074870025e+19,2000,none,30.0,x,True,65,20,0,0,20.0,1e+20,1.8129133566428555,2.0,0.0,3.0,1,False,6.910704074870025e+19,0.6910704074870024,1.0,0.0,0.5,0.3333333333333333,0.0,206.78349696646669,0.0,1.4788571295282895,1.5384615384615386e+18,18.187086643357144,256,3,0.0,0.3631996458648726,0.17542163759131152,0.06371307665020036,0.06628571642399109,0.06371307665020036,0.0025726397737907275,False
Ma_xp_A2000_s030y_n65_r12_v00_90000_fof_0.0040_0000.hdf5,Ma_xp_A2000_s030y_n65_r12_v00_90000.hdf5,A2000,n65,r12,v00,s030y,90000,0.004,820,200567,9.734278903818165e+19,208,2.365434437133895e+19,0.2430004790807955,2.676510853802325e+18,612,7.368844466684271e+19,0.7569995209192046,6.311368420978631e+18,2000,none,30.0,y,True,65,12,0,0,20.0,1e+20,1.8129133566428555,1.2,0.0,3.0,1,True,6.311368420978631e+18,0.0631136842097863,1.0,0.0,0.8333333333333334,0.3333333333333333,0.0,206.78349696646669,0.9827806394355548,1.614442585309293,1.5384615384615386e+18,18.187086643357144,257,2,0.2430004790807955,0.9974527840313735,0.2164430533313872,0.2158917261296432,0.203734342004879,0.02710875295115231,0.012157384124764192,True
Ma_xp_A2000_s030y_n65_r16_v00_90000_fof_0.0040_0000.hdf5,Ma_xp_A2000_s030y_n65_r16_v00_90000.hdf5,A2000,n65,r16,v00,s030y,90000,0.004,4583,175960,9.19492370214666e+19,1755,1.9517609551441097e+19,0.212265051714181,1.2589255282189317e+18,2828,7.24316274700255e+19,0.7877349482858188,5.537044415851135e+18,2000,none,30.0,y,True,65,16,0,0,20.0,1e+20,1.8129133566428555,1.6,0.0,3.0,1,True,5.537044415851135e+18,0.05537044415851135,1.0,0.0,0.625,0.3333333333333333,0.0,206.78349696646669,0.821281919029865,1.608818427700622,1.5384615384615386e+18,18.187086643357144,258,1,0.212265051714181,0.9834142084324126,0.17644879340142608,0.17352225049171774,0.1563883073541531,0.03874280122246326,0.01713394313756464,True
Ma_xp_A2000_s030y_n65_r16_v06_90000_fof_0.0040_0000.hdf5,Ma_xp_A2000_s030y_n65_r16_v06_90000.hdf5,A2000,n65,r16,v06,s030y,90000,0.004,3754,375918,9.320089352688271e+19,586,7.594744298775898e+18,0.0814878914930711,1.5320016332476526e+18,3168,8.560614922810684e+19,0.918512108506929,1.1829249049381585e+19,2000,none,30.0,y,True,65,16,6,0,20.0,1e+20,1.8129133566428555,1.6,0.6,3.0,1,False,1.1829249049381585e+19,0.11829249049381585,1.0455854845748274,0.36,0.625,0.3333333333333333,0.96,206.78349696646669,0.8024067910450003,1.5685756873017576,1.5384615384615386e+18,18.187086643357144,259,1,0.0814878914930711,0.35904122388390713,0.08833340471938537,0.03171533374028063,0.03687451188219542,0.04977255775279048,0.005159178141914793,False
Ma_xp_A2000_s030y_n65_r20_v00_90000_fof_0.0040_0000.hdf5,Ma_xp_A2000_s030y_n65_r20_v00_90000.hdf5,A2000,n65,r20,v00,s030y,90000,0.004,60,2446316,9.940747473520904e+19,0,0.0,0.0,0.0,60,9.940747473520904e+19,1.0,7.697977010223256e+19,2000,none,30.0,y,True,65,20,0,0,20.0,1e+20,1.8129133566428555,2.0,0.0,3.0,1,False,7.697977010223256e+19,0.7697977010223256,1.0,0.0,0.5,0.3333333333333333,0.0,206.78349696646669,0.0,1.4788571295282895,1.5384615384615386e+18,18.187086643357144,260,4,0.0,0.5859697171204269,0.17555499337437735,0.10286990980666232,0.057092751418841556,0.10286990980666232,0.04577715838782076,True
Ma_xp_A2000_s030z_n65_r11_v00_90000_fof_0.0040_0000.hdf5,Ma_xp_A2000_s030z_n65_r11_v00_90000.hdf5,A2000,n65,r11,v00,s030z,90000,0.004,424,77623,9.931665915126351e+19,179,2.72080469172164e+19,0.2739524985005524,2.221425968932632e+18,245,7.210861223404713e+19,0.7260475014994475,2.442611949831137e+18,2000,none,30.0,z,True,65,11,0,0,20.0,1e+20,1.8129133566428555,1.1,0.0,3.0,1,True,2.442611949831137e+18,0.024426119498311367,1.0,0.0,0.9090909090909091,0.3333333333333333,0.0,206.78349696646669,0.9950146326707979,1.6007232048504096,1.5384615384615386e+18,18.187086643357144,261,3,0.2739524985005524,0.9995101680910564,0.2739645727462742,0.273830376156623,0.25878395852920627,0.00012212234392944277,0.015046417627416708,True
Ma_xp_A2000_s030z_n65_r12_v00_90000_fof_0.0040_0000.hdf5,Ma_xp_A2000_s030z_n65_r12_v00_90000.hdf5,A2000,n65,r12,v00,s030z,90000,0.004,370,100304,9.93912059699561e+19,128,2.7398111410691146e+19,0.2756593115388199,2.0706330794076687e+18,242,7.199309455926495e+19,0.72434068846118,3.1563292969279375e+18,2000,none,30.0,z,True,65,12,0,0,20.0,1e+20,1.8129133566428555,1.2,0.0,3.0,1,True,3.1563292969279375e+18,0.03156329296927938,1.0,0.0,0.8333333333333334,0.3333333333333333,0.0,206.78349696646669,0.9827806394355548,1.614442585309293,1.5384615384615386e+18,18.187086643357144,262,2,0.2756593115388199,0.9996572151050712,0.26853270189916684,0.2684406529451614,0.26141482020161266,0.0072186585936585,0.007025832743548732,True
Ma_xp_A2000_s030z_n65_r12_v02_90000_fof_0.0040_0000.hdf5,Ma_xp_A2000_s030z_n65_r12_v02_90000.hdf5,A2000,n65,r12,v02,s030z,90000,0.004,367,100750,9.938148247186932e+19,132,2.476080922557276e+19,0.2491491232542389,1.9298154290269903e+18,235,7.462067324629656e+19,0.7508508767457609,3.170363860518836e+18,2000,none,30.0,z,True,65,12,2,0,20.0,1e+20,1.8129133566428555,1.2,0.2,3.0,1,True,3.170363860518836e+18,0.031703638605188364,1.0037987903812355,0.04000000000000001,0.8333333333333334,0.3333333333333333,0.24,206.78349696646669,0.9806831622829186,1.6105617858015973,1.5384615384615386e+18,18.187086643357144,263,1,0.2491491232542389,0.9996142286233055,0.2578613242007479,0.25776184868271473,0.25310694845252046,0.008612725428475826,0.00465490023019427,True
Ma_xp_A2000_s030z_n65_r12_v04_90000_fof_0.0040_0000.hdf5,Ma_xp_A2000_s030z_n65_r12_v04_90000.hdf5,A2000,n65,r12,v04,s030z,90000,0.004,374,117156,9.93959890499291e+19,139,2.174369272981876e+19,0.2187582510889484,1.920438074878735e+18,235,7.765229632011035e+19,0.7812417489110516,3.686621820770594e+18,2000,none,30.0,z,True,65,12,4,0,20.0,1e+20,1.8129133566428555,1.2,0.4,3.0,1,True,3.686621820770594e+18,0.036866218207705935,1.0151951615249424,0.16000000000000003,0.8333333333333334,0.3333333333333333,0.48,206.78349696646669,0.9744710491123042,1.5990893158984896,1.5384615384615386e+18,18.187086643357144,264,0,0.2187582510889484,0.9991685174354207,0.2250885070459694,0.22490134987687346,0.23072116535186857,0.006143098787925072,0.005819815474995105,True
Ma_xp_A2000_s030z_n65_r12_v06_90000_fof_0.0040_0000.hdf5,Ma_xp_A2000_s030z_n65_r12_v06_90000.hdf5,A2000,n65,r12,v06,s030z,90000,0.004,366,91623,9.937276593798552e+19,131,1.5881178602696751e+19,0.1598141950945347,1.5427006279134472e+18,235,8.349158733528875e+19,0.8401858049054651,2.883158789007329e+18,2000,none,30.0,z,True,65,12,6,0,20.0,1e+20,1.8129133566428555,1.2,0.6,3.0,1,True,2.883158789007329e+18,0.028831587890073288,1.0341891134311205,0.36,0.8333333333333334,0.3333333333333333,0.72,206.78349696646669,0.9643768113754055,1.580514285261953,1.5384615384615386e+18,18.187086643357144,265,4,0.1598141950945347,0.9927448421451988,0.1665384465138476,0.16533018379549627,0.16457451379527682,0.005515988700961566,0.0007556700002194494,True
Ma_xp_A2000_s030z_n65_r12_v08_90000_fof_0.0040_0000.hdf5,Ma_xp_A2000_s030z_n65_r12_v08_90000.hdf5,A2000,n65,r12,v08,s030z,90000,0.004,319,97945,9.941741850689526e+19,72,8.693593986216262e+18,0.0874453804653286,1.0352850720724552e+18,247,9.0723824520679e+19,0.9125546195346717,3.082097154526749e+18,2000,none,30.0,z,True,65,12,8,0,20.0,1e+20,1.8129133566428555,1.2,0.8,3.0,1,False,3.082097154526749e+18,0.030820971545267493,1.06078064609977,0.6400000000000001,0.8333333333333334,0.3333333333333333,0.96,206.78349696646669,0.950761528447568,1.5555878292397605,1.5384615384615386e+18,18.187086643357144,266,3,0.0874453804653286,0.9739857926652723,0.09036470649324829,0.08801394028279112,0.07612629057522088,0.0005685598174625245,0.011887649707570239,False
Ma_xp_A2000_s030z_n65_r12_v10_90000_fof_0.0040_0000.hdf5,Ma_xp_A2000_s030z_n65_r12_v10_90000.hdf5,A2000,n65,r12,v10,s030z,90000,0.004,278,114081,9.921973884660992e+19,28,2.276714597249457e+18,0.0229461861492013,3.630735307468571e+17,250,9.694302424936048e+19,0.9770538138507988,3.58985885430868e+18,2000,none,30.0,z,True,65,12,10,0,20.0,1e+20,1.8129133566428555,1.2,1.0,3.0,1,False,3.58985885430868e+18,0.0358985885430868,1.0949697595308905,1.0,0.8333333333333334,0.3333333333333333,1.2,206.78349696646669,0.934080602193229,1.5252422398947536,1.5384615384615386e+18,18.187086643357144,267,2,0.0229461861492013,0.9389610324800244,0.052270481807939306,0.04907994556661102,0.04895468484961439,0.02613375941740972,0.00012526071699663077,False
Ma_xp_A2000_s030z_n65_r12_v12_90000_fof_0.0040_0000.hdf5,Ma_xp_A2000_s030z_n65_r12_v12_90000.hdf5,A2000,n65,r12,v12,s030z,90000,0.004,275,101422,9.944284435303363e+19,0,0.0,0.0,0.0,275,9.944284435303363e+19,1.0,3.1915101087992934e+18,2000,none,30.0,z,True,65,12,12,0,20.0,1e+20,1.8129133566428555,1.2,1.2,3.0,1,False,3.1915101087992934e+18,0.031915101087992934,1.136756453724482,1.44,0.8333333333333334,0.3333333333333333,1.44,206.78349696646669,0.9148449085136009,1.4905024966024005,1.5384615384615386e+18,18.187086643357144,268,1,0.0,0.12110196106341227,0.029751921541094004,0.0036030160440312627,0.03048296226292324,0.0036030160440312627,0.02687994621889198,False
Ma_xp_A2000_s030z_n65_r12_v14_90000_fof_0.0040_0000.hdf5,Ma_xp_A2000_s030z_n65_r12_v14_90000.hdf5,A2000,n65,r12,v14,s030z,90000,0.004,257,119361,9.943972905750184e+19,0,0.0,0.0,0.0,257,9.943972905750184e+19,1.0,3.756007947940844e+18,2000,none,30.0,z,True,65,12,14,0,20.0,1e+20,1.8129133566428555,1.2,1.4,3.0,1,False,3.756007947940844e+18,0.03756007947940844,1.1861407286805452,1.9599999999999997,0.8333333333333334,0.3333333333333333,1.68,206.78349696646669,0.8935831841748193,1.4524047288711484,1.5384615384615386e+18,18.187086643357144,269,0,0.0,0.07986166666156962,0.02810490006910238,0.002244504160875379,0.010466323052878531,0.002244504160875379,0.008221818892003152,False
Ma_xp_A2000_s030z_n65_r12_v16_90000_fof_0.0040_0000.hdf5,Ma_xp_A2000_s030z_n65_r12_v16_90000.hdf5,A2000,n65,r12,v16,s030z,90000,0.004,245,114343,9.945014484346633e+19,0,0.0,0.0,0.0,245,9.945014484346633e+19,1.0,3.598103373727549e+18,2000,none,30.0,z,True,65,12,16,0,20.0,1e+20,1.8129133566428555,1.2,1.6,3.0,1,False,3.598103373727549e+18,0.035981033737275486,1.2431225843990794,2.5600000000000005,0.8333333333333334,0.3333333333333333,1.92,206.78349696646669,0.870810053062178,1.4119313004100371,1.5384615384615386e+18,18.187086643357144,270,4,0.0,0.031940058524780504,0.02311574166134188,0.0007383181415069666,0.009155932324019447,0.0007383181415069666,0.008417614182512481,False
Ma_xp_A2000_s030z_n65_r13_v00_90000_fof_0.0040_0000.hdf5,Ma_xp_A2000_s030z_n65_r13_v00_90000.hdf5,A2000,n65,r13,v00,s030z,90000,0.004,400,89650,9.938050697530014e+19,134,2.6590242910529528e+19,0.2675599442971066,1.9958030520098468e+18,266,7.279026406477061e+19,0.7324400557028933,2.8210731523148554e+18,2000,none,30.0,z,True,65,13,0,0,20.0,1e+20,1.8129133566428555,1.3,0.0,3.0,1,True,2.8210731523148554e+18,0.028210731523148555,1.0,0.0,0.7692307692307692,0.3333333333333333,0.0,206.78349696646669,0.9610937965888252,1.6225211180584214,1.5384615384615386e+18,18.187086643357144,271,3,0.2675599442971066,0.9995258357753977,0.2709099521662517,0.27078149635884574,0.2514223471180825,0.0032215520617391302,0.019359149240763263,True
Ma_xp_A2000_s030z_n65_r14_v00_90000_fof_0.0040_0000.hdf5,Ma_xp_A2000_s030z_n65_r14_v00_90000.hdf5,A2000,n65,r14,v00,s030z,90000,0.004,391,93045,9.802975889874328e+19,146,2.3654501709498274e+19,0.2412991929719162,1.85161836507258e+18,245,7.437525718924498e+19,0.7587008070280835,2.927905760815082e+18,2000,none,30.0,z,True,65,14,0,0,20.0,1e+20,1.8129133566428555,1.4,0.0,3.0,1,True,2.927905760815082e+18,0.02927905760815082,1.0,0.0,0.7142857142857143,0.3333333333333333,0.0,206.78349696646669,0.9284869091985879,1.6245823617011257,1.5384615384615386e+18,18.187086643357144,272,2,0.2412991929719162,0.999588684070703,0.2640238306596855,0.2639152334524211,0.2563627478251076,0.022616040480504918,0.007552485627313532,True
Ma_xp_A2000_s030z_n65_r15_v00_90000_fof_0.0040_0000.hdf5,Ma_xp_A2000_s030z_n65_r15_v00_90000.hdf5,A2000,n65,r15,v00,s030z,90000,0.004,369,100288,9.941059003089078e+19,131,2.5429842536129933e+19,0.2558061724432767,1.860114625542476e+18,238,7.398074749476082e+19,0.744193827556723,3.155825814826022e+18,2000,none,30.0,z,True,65,15,0,0,20.0,1e+20,1.8129133566428555,1.5,0.0,3.0,1,True,3.155825814826022e+18,0.03155825814826022,1.0,0.0,0.6666666666666666,0.3333333333333333,0.0,206.78349696646669,0.8829049036741616,1.6201874567538088,1.5384615384615386e+18,18.187086643357144,273,1,0.2558061724432767,0.9993722601014877,0.25105637690601745,0.2508987788014576,0.24631098233118745,0.00490739364181908,0.004587796470270161,True
Ma_xp_A2000_s030z_n65_r16_v00_90000_fof_0.0040_0000.hdf5,Ma_xp_A2000_s030z_n65_r16_v00_90000.hdf5,A2000,n65,r16,v00,s030z,90000,0.004,377,101631,9.934932255261971e+19,156,2.5106701429591687e+19,0.2527113500577126,2.296098658173604e+18,221,7.424262112302803e+19,0.7472886499422872,3.1980868437555666e+18,2000,none,30.0,z,True,65,16,0,0,20.0,1e+20,1.8129133566428555,1.6,0.0,3.0,1,True,3.1980868437555666e+18,0.03198086843755567,1.0,0.0,0.625,0.3333333333333333,0.0,206.78349696646669,0.821281919029865,1.608818427700622,1.5384615384615386e+18,18.187086643357144,274,0,0.2527113500577126,0.9997572335144173,0.2503142781866295,0.2502535102690229,0.23723819314682051,0.0024578397886896863,0.013015317122202413,True
Ma_xp_A2000_s030z_n65_r16_v02_90000_fof_0.0040_0000.hdf5,Ma_xp_A2000_s030z_n65_r16_v02_90000.hdf5,A2000,n65,r16,v02,s030z,90000,0.004,366,92826,9.93919926607542e+19,129,2.2855003599281e+19,0.229948137545546,1.59597532782283e+18,237,7.653698906147317e+19,0.7700518624544539,2.9210143495451116e+18,2000,none,30.0,z,True,65,16,2,0,20.0,1e+20,1.8129133566428555,1.6,0.2,3.0,1,True,2.9210143495451116e+18,0.029210143495451115,1.0050650538416475,0.04000000000000001,0.625,0.3333333333333333,0.32000000000000006,206.78349696646669,0.8191185930993311,1.6041920074662481,1.5384615384615386e+18,18.187086643357144,275,4,0.229948137545546,0.9996772518292346,0.23320811127051835,0.23313284377919816,0.23308415623366155,0.0031847062336521625,4.868754553660759e-05,True
Ma_xp_A2000_s030z_n65_r16_v06_90000_fof_0.0040_0000.hdf5,Ma_xp_A2000_s030z_n65_r16_v06_90000.hdf5,A2000,n65,r16,v06,s030z,90000,0.004,341,109924,9.913178681692951e+19,112,1.4313366804950086e+19,0.1443872572516334,1.1109332578858968e+18,229,8.481842001197944e+19,0.8556127427483665,3.459047910704721e+18,2000,none,30.0,z,True,65,16,6,0,20.0,1e+20,1.8129133566428555,1.6,0.6,3.0,1,True,3.459047910704721e+18,0.03459047910704721,1.0455854845748274,0.36,0.625,0.3333333333333333,0.96,206.78349696646669,0.8024067910450003,1.5685756873017576,1.5384615384615386e+18,18.187086643357144,276,3,0.1443872572516334,0.9847283420957167,0.12627008933540845,0.1243417357275348,0.10724207745657241,0.020045521524098595,0.017099658270962395,True
Ma_xp_A2000_s030z_n65_r16_v08_90000_fof_0.0040_0000.hdf5,Ma_xp_A2000_s030z_n65_r16_v08_90000.hdf5,A2000,n65,r16,v08,s030z,90000,0.004,303,101971,9.943157894099434e+19,62,7.387372608048296e+18,0.0742960404202389,7.315280264579997e+17,241,9.204420633294604e+19,0.925703959579761,3.208785838421274e+18,2000,none,30.0,z,True,65,16,8,0,20.0,1e+20,1.8129133566428555,1.6,0.8,3.0,1,False,3.208785838421274e+18,0.03208785838421274,1.0810408614663598,0.6400000000000001,0.625,0.3333333333333333,1.2800000000000002,206.78349696646669,0.7885944111107589,1.5392987010643135,1.5384615384615386e+18,18.187086643357144,277,2,0.0742960404202389,0.9849568068986979,0.06939226942939432,0.06834838812063036,0.07743503553640245,0.005947652299608544,0.009086647415772087,False
Ma_xp_A2000_s030z_n65_r16_v10_90000_fof_0.0040_0000.hdf5,Ma_xp_A2000_s030z_n65_r16_v10_90000.hdf5,A2000,n65,r16,v10,s030z,90000,0.004,280,120578,9.942997409177718e+19,21,1.6391174504308987e+18,0.0164851440966678,3.2732630151055526e+17,259,9.779085664134627e+19,0.983514855903332,3.794304055317803e+18,2000,none,30.0,z,True,65,16,10,0,20.0,1e+20,1.8129133566428555,1.6,1.0,3.0,1,False,3.794304055317803e+18,0.03794304055317803,1.1266263460411872,1.0,0.625,0.3333333333333333,1.6,206.78349696646669,0.7718420200458999,1.5039770163205064,1.5384615384615386e+18,18.187086643357144,278,1,0.0164851440966678,0.9562007365937427,0.04075680750130764,0.03897168935395975,0.038128770422663036,0.02248654525729195,0.0008429189312967114,False
Ma_xp_A2000_s030z_n65_r17_v00_90000_fof_0.0040_0000.hdf5,Ma_xp_A2000_s030z_n65_r17_v00_90000.hdf5,A2000,n65,r17,v00,s030z,90000,0.004,382,84756,9.917669112691964e+19,147,2.5040273259769627e+19,0.2524814346520673,1.808381839570222e+18,235,7.413641786715e+19,0.7475185653479326,2.6670705643914066e+18,2000,none,30.0,z,True,65,17,0,0,20.0,1e+20,1.8129133566428555,1.7,0.0,3.0,1,True,2.6670705643914066e+18,0.026670705643914067,1.0,0.0,0.5882352941176471,0.3333333333333333,0.0,206.78349696646669,0.7386068134544167,1.5898550828167466,1.5384615384615386e+18,18.187086643357144,279,0,0.2524814346520673,0.999726010834149,0.23582390001587386,0.23575928682222078,0.20809285574421904,0.016722147829846518,0.027666431078001735,True
Ma_xp_A2000_s030z_n65_r18_v00_90000_fof_0.0040_0000.hdf5,Ma_xp_A2000_s030z_n65_r18_v00_90000.hdf5,A2000,n65,r18,v00,s030z,90000,0.004,347,106322,9.941732410398188e+19,126,2.408913263398049e+19,0.2423031684979305,1.940073876853605e+18,221,7.532819147000142e+19,0.7576968315020697,3.3457015025109606e+18,2000,none,30.0,z,True,65,18,0,0,20.0,1e+20,1.8129133566428555,1.8,0.0,3.0,1,True,3.3457015025109606e+18,0.03345701502510961,1.0,0.0,0.5555555555555556,0.3333333333333333,0.0,206.78349696646669,0.6254058614589896,1.5625421811002254,1.5384615384615386e+18,18.187086643357144,280,4,0.2423031684979305,0.9941514666337341,0.23327620463840598,0.2319118809720224,0.19933957616764217,0.010391287525908094,0.032572304804380225,True
Ma_xp_A2000_s030z_n65_r19_v00_90000_fof_0.0040_0000.hdf5,Ma_xp_A2000_s030z_n65_r19_v00_90000.hdf5,A2000,n65,r19,v00,s030z,90000,0.004,350,132741,9.939671280541929e+19,129,2.3250457322707595e+19,0.2339157570353769,1.9074734107543017e+18,221,7.614625548271169e+19,0.7660842429646231,4.1770448556678047e+18,2000,none,30.0,z,True,65,19,0,0,20.0,1e+20,1.8129133566428555,1.9,0.0,3.0,1,True,4.1770448556678047e+18,0.041770448556678046,1.0,0.0,0.5263157894736842,0.3333333333333333,0.0,206.78349696646669,0.4580226086897332,1.5259412514688657,1.5384615384615386e+18,18.187086643357144,281,0,0.2339157570353769,0.9900505886612238,0.22880180682277745,0.22652536353164243,0.19321938773807953,0.007390393503734466,0.0333059757935629,True
Ma_xp_A2000_s030z_n65_r20_v00_90000_fof_0.0040_0000.hdf5,Ma_xp_A2000_s030z_n65_r20_v00_90000.hdf5,A2000,n65,r20,v00,s030z,90000,0.004,354,101992,9.930208963789768e+19,146,2.193448097881489e+19,0.2208863988542271,1.6154537916408502e+18,208,7.736760865908279e+19,0.7791136011457728,3.2094466586800384e+18,2000,none,30.0,z,True,65,20,0,0,20.0,1e+20,1.8129133566428555,2.0,0.0,3.0,1,True,3.2094466586800384e+18,0.03209446658680038,1.0,0.0,0.5,0.3333333333333333,0.0,206.78349696646669,0.0,1.4788571295282895,1.5384615384615386e+18,18.187086643357144,282,1,0.2208863988542271,0.9454020363436907,0.21924710774322545,0.2072766621229099,0.17197098505849365,0.013609736731317185,0.03530567706441626,True
Ma_xp_A2000_s030z_n65_r20_v02_90000_fof_0.0040_0000.hdf5,Ma_xp_A2000_s030z_n65_r20_v02_90000.hdf5,A2000,n65,r20,v02,s030z,90000,0.004,346,119533,9.940479998665856e+19,130,2.1967301718333866e+19,0.2209883398113789,1.6936193879638904e+18,216,7.74374982683247e+19,0.7790116601886209,3.761420380536437e+18,2000,none,30.0,z,True,65,20,2,0,20.0,1e+20,1.8129133566428555,2.0,0.2,3.0,1,True,3.761420380536437e+18,0.03761420380536437,1.0063313173020594,0.04000000000000001,0.5,0.3333333333333333,0.4,206.78349696646669,0.0,1.4738750056555374,1.5384615384615386e+18,18.187086643357144,283,2,0.2209883398113789,0.9807645245456806,0.19821574804033287,0.1944029738842435,0.18058841605166662,0.026585365927135396,0.013814557832576874,True
Ma_xp_A2000_s030z_n65_r20_v04_90000_fof_0.0040_0000.hdf5,Ma_xp_A2000_s030z_n65_r20_v04_90000.hdf5,A2000,n65,r20,v04,s030z,90000,0.004,315,134405,9.940612162717988e+19,100,1.6647446894187278e+19,0.1674690312999344,1.6442466743443855e+18,215,8.275867473299261e+19,0.8325309687000657,4.229406994267032e+18,2000,none,30.0,z,True,65,20,4,0,20.0,1e+20,1.8129133566428555,2.0,0.4,3.0,1,True,4.229406994267032e+18,0.04229406994267032,1.0253252692082375,0.16000000000000003,0.5,0.3333333333333333,0.8,206.78349696646669,0.0,1.4592262751583032,1.5384615384615386e+18,18.187086643357144,284,0,0.1674690312999344,0.9897679198095015,0.152895626539349,0.15133118622782185,0.11726191231764457,0.01613784507211255,0.03406927391017728,True
Ma_xp_A2000_s030z_n65_r20_v06_90000_fof_0.0040_0000.hdf5,Ma_xp_A2000_s030z_n65_r20_v06_90000.hdf5,A2000,n65,r20,v06,s030z,90000,0.004,299,148516,9.94252539470155e+19,72,1.0735402715289045e+19,0.1079746069445296,1.0714728481479368e+18,227,8.868985123172645e+19,0.8920253930554704,4.673446740526268e+18,2000,none,30.0,z,True,65,20,6,0,20.0,1e+20,1.8129133566428555,2.0,0.6,3.0,1,True,4.673446740526268e+18,0.046734467405262686,1.0569818557185342,0.36,0.5,0.3333333333333333,1.2,206.78349696646669,0.0,1.4357558186355435,1.5384615384615386e+18,18.187086643357144,285,4,0.1079746069445296,0.9852265548505617,0.0794679231809384,0.07829390817668502,0.07182145924981956,0.02968069876784457,0.006472448926865465,False
Ma_xp_A2000_s030z_n65_r20_v08_90000_fof_0.0040_0000.hdf5,Ma_xp_A2000_s030z_n65_r20_v08_90000.hdf5,A2000,n65,r20,v08,s030z,90000,0.004,272,122397,9.944111363325985e+19,33,4.025905822212733e+18,0.0404853251851173,7.469786334606619e+17,239,9.541520781104711e+19,0.9595146748148828,3.851543676779338e+18,2000,none,30.0,z,True,65,20,8,0,20.0,1e+20,1.8129133566428555,2.0,0.8,3.0,1,False,3.851543676779338e+18,0.038515436767793385,1.1013010768329496,0.6400000000000001,0.5,0.3333333333333333,1.6,206.78349696646669,0.0,1.4047262380679093,1.5384615384615386e+18,18.187086643357144,286,3,0.0404853251851173,0.540384812114714,0.07450753309890353,0.040262739274781814,0.04307244529739227,0.00022258591033548492,0.0028097060226104573,False
Ma_xp_A2000_s030z_n65_r20_v10_90000_fof_0.0040_0000.hdf5,Ma_xp_A2000_s030z_n65_r20_v10_90000.hdf5,A2000,n65,r20,v10,s030z,90000,0.004,225,159160,9.944190032397006e+19,0,0.0,0.0,0.0,225,9.944190032397006e+19,1.0,5.008388208831103e+18,2000,none,30.0,z,True,65,20,10,0,20.0,1e+20,1.8129133566428555,2.0,1.0,3.0,1,False,5.008388208831103e+18,0.05008388208831103,1.158282932551484,1.0,0.5,0.3333333333333333,2.0,206.78349696646669,0.0,1.3676437072787335,1.5384615384615386e+18,18.187086643357144,287,2,0.0,0.5653918174777433,0.03019033489464404,0.017069368316344525,0.027236509341475236,0.017069368316344525,0.010167141025130711,False
Ma_xp_A2000_s030z_n65_r22_v00_90000_fof_0.0040_0000.hdf5,Ma_xp_A2000_s030z_n65_r22_v00_90000.hdf5,A2000,n65,r22,v00,s030z,90000,0.004,307,198416,9.941678915419764e+19,112,2.068968441708127e+19,0.2081105675721543,1.924560334588203e+18,195,7.872710473711637e+19,0.7918894324278457,6.243681545901244e+18,2000,none,30.0,z,True,65,22,0,0,20.0,1e+20,1.8129133566428555,2.2,0.0,3.0,1,True,6.243681545901244e+18,0.062436815459012446,1.0,0.0,0.45454545454545453,0.3333333333333333,0.0,206.78349696646669,0.0,1.3463893624089283,1.5384615384615386e+18,18.187086643357144,288,1,0.2081105675721543,0.8280443102056174,0.17011129673820108,0.14085969136576681,0.07924517105362341,0.06725087620638748,0.0616145203121434,True
Ma_xp_A2000_s030z_n65_r24_v00_90000_fof_0.0040_0000.hdf5,Ma_xp_A2000_s030z_n65_r24_v00_90000.hdf5,A2000,n65,r24,v00,s030z,90000,0.004,261,543256,9.941927509710207e+19,74,1.4199139303077329e+19,0.1428207889185384,1.5916327946937723e+18,187,8.522013579402476e+19,0.8571792110814614,1.7094979547614806e+19,2000,none,30.0,z,True,65,24,0,0,20.0,1e+20,1.8129133566428555,2.4,0.0,3.0,1,True,1.7094979547614806e+19,0.17094979547614805,1.0,0.0,0.4166666666666667,0.3333333333333333,0.0,206.78349696646669,0.0,1.143154556939899,1.5384615384615386e+18,18.187086643357144,289,0,0.1428207889185384,0.9472129415703963,0.1735471004391104,0.16438605950794277,0.08088509148323135,0.021565270589404384,0.08350096802471142,True
Ma_xp_A2000_s030z_n65_r26_v00_90000_fof_0.0040_0000.hdf5,Ma_xp_A2000_s030z_n65_r26_v00_90000.hdf5,A2000,n65,r26,v00,s030z,90000,0.004,164,1374930,9.942226452245108e+19,6,7.247341648450499e+18,0.0728945541852342,6.693259595287863e+18,158,9.217492287400056e+19,0.9271054458147656,4.326579039982779e+19,2000,none,30.0,z,True,65,26,0,0,20.0,1e+20,1.8129133566428555,2.6,0.0,3.0,1,False,4.326579039982779e+19,0.43265790399827786,1.0,0.0,0.3846153846153846,0.3333333333333333,0.0,206.78349696646669,0.0,0.8106534669459369,1.5384615384615386e+18,18.187086643357144,290,4,0.0728945541852342,0.29687699540458257,0.15674103419646998,0.046532807288854935,0.06499474952635864,0.026361746896379268,0.018461942237503706,False
Ma_xp_A2000_s030z_n65_r28_v00_90000_fof_0.0040_0000.hdf5,Ma_xp_A2000_s030z_n65_r28_v00_90000.hdf5,A2000,n65,r28,v00,s030z,90000,0.004,2,2534608,9.950927252202729e+19,0,0.0,0.0,0.0,2,9.950927252202729e+19,1.0,7.97581102104505e+19,2000,none,30.0,z,True,65,28,0,0,20.0,1e+20,1.8129133566428555,2.8,0.0,3.0,1,False,7.97581102104505e+19,0.7975811021045051,1.0,0.0,0.35714285714285715,0.3333333333333333,0.0,206.78349696646669,0.0,0.0,1.5384615384615386e+18,18.187086643357144,291,3,0.0,0.814987404664809,0.09269156103793597,0.07554245476463717,0.07141996881533906,0.07554245476463717,0.0041224859492981075,False
Ma_xp_A2000_s030z_n65_r30_v00_90000_fof_0.0040_0000.hdf5,Ma_xp_A2000_s030z_n65_r30_v00_90000.hdf5,A2000,n65,r30,v00,s030z,90000,0.004,132,3010958,9.941033828511452e+19,0,0.0,0.0,0.0,132,9.941033828511452e+19,1.0,9.474771640976209e+19,2000,none,30.0,z,True,65,30,0,0,20.0,1e+20,1.8129133566428555,3.0,0.0,3.0,1,False,9.474771640976209e+19,0.9474771640976208,1.0,0.0,0.3333333333333333,0.3333333333333333,0.0,206.78349696646669,0.0,0.0,1.5384615384615386e+18,18.187086643357144,292,2,0.0,0.09725839696297527,0.08816552074290882,0.008574837214861256,0.07230924927651233,0.008574837214861256,0.06373441206165108,False
Ma_xp_A2000_s036mz_n65_r12_v00_90000_fof_0.0040_0000.hdf5,Ma_xp_A2000_s036mz_n65_r12_v00_90000.hdf5,A2000,n65,r12,v00,s036mz,90000,0.004,1,3162274,1.0016129079298584e+20,0,0.0,0.0,0.0,1,1.0016129079298584e+20,1.0,1.0016129079298584e+20,2000,none,36.0,mz,True,65,12,0,0,20.0,1e+20,1.8129133566428555,1.2,0.0,3.6,1,False,1.0016129079298584e+20,1.0016129079298584,1.0,0.0,0.8333333333333334,0.2777777777777778,0.0,206.78349696646669,0.9827806394355548,1.614442585309293,1.5384615384615386e+18,18.187086643357144,293,1,0.0,0.2709594754356767,0.1797263343477119,0.04869855327683306,0.030820344946240582,0.04869855327683306,0.01787820833059248,False
Ma_xp_A2000_s036x_n65_r12_v00_90000_fof_0.0040_0000.hdf5,Ma_xp_A2000_s036x_n65_r12_v00_90000.hdf5,A2000,n65,r12,v00,s036x,90000,0.004,2250,140749,9.675258617988742e+19,830,2.1410582351396487e+19,0.2212920935424798,7.83705275996451e+17,1420,7.534200382849093e+19,0.7787079064575202,4.458058193882082e+18,2000,none,36.0,x,True,65,12,0,0,20.0,1e+20,1.8129133566428555,1.2,0.0,3.6,1,True,4.458058193882082e+18,0.04458058193882082,1.0,0.0,0.8333333333333334,0.2777777777777778,0.0,206.78349696646669,0.9827806394355548,1.614442585309293,1.5384615384615386e+18,18.187086643357144,294,0,0.2212920935424798,0.9760088568100219,0.21107489067529325,0.2060109627492933,0.22585495341884876,0.015281130793186493,0.019843990669555445,True
Ma_xp_A2000_s036x_n65_r16_v00_90000_fof_0.0040_0000.hdf5,Ma_xp_A2000_s036x_n65_r16_v00_90000.hdf5,A2000,n65,r16,v00,s036x,90000,0.004,492,804681,9.862853139228044e+19,120,1.267925101718916e+19,0.1285556100065944,5.158207938290663e+18,372,8.594928037509128e+19,0.8714443899934056,2.5487319451798303e+19,2000,none,36.0,x,True,65,16,0,0,20.0,1e+20,1.8129133566428555,1.6,0.0,3.6,1,True,2.5487319451798303e+19,0.254873194517983,1.0,0.0,0.625,0.2777777777777778,0.0,206.78349696646669,0.821281919029865,1.608818427700622,1.5384615384615386e+18,18.187086643357144,295,4,0.1285556100065944,0.9501567174890938,0.1236932376270472,0.11752796063931363,0.12523490378649896,0.011027649367280776,0.007706943147185327,True
Ma_xp_A2000_s036x_n65_r16_v06_90000_fof_0.0040_0000.hdf5,Ma_xp_A2000_s036x_n65_r16_v06_90000.hdf5,A2000,n65,r16,v06,s036x,90000,0.004,538,1010775,9.86025905354716e+19,0,0.0,0.0,0.0,538,9.86025905354716e+19,1.0,3.2015103275343974e+19,2000,none,36.0,x,True,65,16,6,0,20.0,1e+20,1.8129133566428555,1.6,0.6,3.6,1,False,3.2015103275343974e+19,0.32015103275343976,1.0455854845748274,0.36,0.625,0.2777777777777778,0.96,206.78349696646669,0.8024067910450003,1.5685756873017576,1.5384615384615386e+18,18.187086643357144,296,3,0.0,0.36195160800375353,0.06566076319305716,0.023766018820480714,0.029950692771442734,0.023766018820480714,0.006184673950962019,False
Ma_xp_A2000_s036x_n65_r20_v00_90000_fof_0.0040_0000.hdf5,Ma_xp_A2000_s036x_n65_r20_v00_90000.hdf5,A2000,n65,r20,v00,s036x,90000,0.004,6,2427888,1.0014694255137078e+20,0,0.0,0.0,0.0,6,1.0014694255137078e+20,1.0,7.690048236742104e+19,2000,none,36.0,x,True,65,20,0,0,20.0,1e+20,1.8129133566428555,2.0,0.0,3.6,1,False,7.690048236742104e+19,0.7690048236742104,1.0,0.0,0.5,0.2777777777777778,0.0,206.78349696646669,0.0,1.4788571295282895,1.5384615384615386e+18,18.187086643357144,297,1,0.0,0.06670261614948406,0.14396074513225512,0.009602558323150519,0.013143711187479448,0.009602558323150519,0.0035411528643289284,False
Ma_xp_A2000_s036y_n65_r12_v00_90000_fof_0.0040_0000.hdf5,Ma_xp_A2000_s036y_n65_r12_v00_90000.hdf5,A2000,n65,r12,v00,s036y,90000,0.004,2223,130038,9.457361755211778e+19,614,2.352252918051535e+19,0.2487218929481313,3.0653287475400904e+18,1609,7.1051088371602416e+19,0.7512781070518686,4.118799930486456e+18,2000,none,36.0,y,True,65,12,0,0,20.0,1e+20,1.8129133566428555,1.2,0.0,3.6,1,True,4.118799930486456e+18,0.04118799930486456,1.0,0.0,0.8333333333333334,0.2777777777777778,0.0,206.78349696646669,0.9827806394355548,1.614442585309293,1.5384615384615386e+18,18.187086643357144,298,2,0.2487218929481313,0.9960520380996315,0.2116439341876193,0.21080837199900246,0.2034714978778985,0.03791352094912884,0.007336874121103953,True
Ma_xp_A2000_s036y_n65_r16_v00_90000_fof_0.0040_0000.hdf5,Ma_xp_A2000_s036y_n65_r16_v00_90000.hdf5,A2000,n65,r16,v00,s036y,90000,0.004,4671,304257,9.060976593875205e+19,2006,1.5719430753326782e+19,0.1734849504406884,1.3774943399379878e+18,2665,7.489033518542525e+19,0.8265150495593114,9.6369808090847e+18,2000,none,36.0,y,True,65,16,0,0,20.0,1e+20,1.8129133566428555,1.6,0.0,3.6,1,True,9.6369808090847e+18,0.09636980809084701,1.0,0.0,0.625,0.2777777777777778,0.0,206.78349696646669,0.821281919029865,1.608818427700622,1.5384615384615386e+18,18.187086643357144,299,0,0.1734849504406884,0.993089111848231,0.18931250161949248,0.18800418409506858,0.17333955380687344,0.014519233654380181,0.014664630288195146,True
Ma_xp_A2000_s036y_n65_r16_v06_90000_fof_0.0040_0000.hdf5,Ma_xp_A2000_s036y_n65_r16_v06_90000.hdf5,A2000,n65,r16,v06,s036y,90000,0.004,3299,528023,9.36062991540688e+19,566,5.423792901279525e+18,0.0579426058961307,1.5987993055196552e+18,2733,8.818250625278928e+19,0.9420573941038692,1.672450434278276e+19,2000,none,36.0,y,True,65,16,6,0,20.0,1e+20,1.8129133566428555,1.6,0.6,3.6,1,False,1.672450434278276e+19,0.16724504342782762,1.0455854845748274,0.36,0.625,0.2777777777777778,0.96,206.78349696646669,0.8024067910450003,1.5685756873017576,1.5384615384615386e+18,18.187086643357144,300,4,0.0579426058961307,0.9739900118165372,0.05741566421896162,0.05592228347108076,0.03264647487548415,0.0020203224250499377,0.02327580859559661,False
Ma_xp_A2000_s036y_n65_r20_v00_90000_fof_0.0040_0000.hdf5,Ma_xp_A2000_s036y_n65_r20_v00_90000.hdf5,A2000,n65,r20,v00,s036y,90000,0.004,86,3033591,1.0000884470709684e+20,0,0.0,0.0,0.0,86,1.0000884470709684e+20,1.0,9.608540888534196e+19,2000,none,36.0,y,True,65,20,0,0,20.0,1e+20,1.8129133566428555,2.0,0.0,3.6,1,False,9.608540888534196e+19,0.9608540888534196,1.0,0.0,0.5,0.2777777777777778,0.0,206.78349696646669,0.0,1.4788571295282895,1.5384615384615386e+18,18.187086643357144,301,3,0.0,0.0683994984095817,0.1627898662208624,0.011134745195669895,0.049204579595733225,0.011134745195669895,0.038069834400063327,False
Ma_xp_A2000_s036z_n65_r12_v00_90000_fof_0.0040_0000.hdf5,Ma_xp_A2000_s036z_n65_r12_v00_90000.hdf5,A2000,n65,r12,v00,s036z,90000,0.004,451,92447,9.945154387591953e+19,218,2.59823178776775e+19,0.2612560536022877,1.5954102070056666e+18,233,7.3469225998242e+19,0.7387439463977122,2.928149442268271e+18,2000,none,36.0,z,True,65,12,0,0,20.0,1e+20,1.8129133566428555,1.2,0.0,3.6,1,True,2.928149442268271e+18,0.02928149442268271,1.0,0.0,0.8333333333333334,0.2777777777777778,0.0,206.78349696646669,0.9827806394355548,1.614442585309293,1.5384615384615386e+18,18.187086643357144,302,2,0.2612560536022877,0.9995825266145094,0.26432584788987057,0.26421549888327933,0.2607771929313433,0.002959445280991624,0.003438305951936005,True
Ma_xp_A2000_s036z_n65_r16_v00_90000_fof_0.0040_0000.hdf5,Ma_xp_A2000_s036z_n65_r16_v00_90000.hdf5,A2000,n65,r16,v00,s036z,90000,0.004,346,114985,1.000635137113286e+20,125,2.5419252417087058e+19,0.2540311795408124,2.1106482025855985e+18,221,7.464426129424151e+19,0.7459688204591873,3.6420139498222454e+18,2000,none,36.0,z,True,65,16,0,0,20.0,1e+20,1.8129133566428555,1.6,0.0,3.6,1,True,3.6420139498222454e+18,0.036420139498222454,1.0,0.0,0.625,0.2777777777777778,0.0,206.78349696646669,0.821281919029865,1.608818427700622,1.5384615384615386e+18,18.187086643357144,303,1,0.2540311795408124,0.9989805257237401,0.23095124002718243,0.2307157911789044,0.23983418141332932,0.023315388361907996,0.009118390234424928,True
Ma_xp_A2000_s036z_n65_r16_v06_90000_fof_0.0040_0000.hdf5,Ma_xp_A2000_s036z_n65_r16_v06_90000.hdf5,A2000,n65,r16,v06,s036z,90000,0.004,348,105301,1.0007301585669492e+20,94,1.3087779920305328e+19,0.1307823073809137,1.2340119449065075e+18,254,8.69852359363896e+19,0.8692176926190863,3.3352846973973325e+18,2000,none,36.0,z,True,65,16,6,0,20.0,1e+20,1.8129133566428555,1.6,0.6,3.6,1,True,3.3352846973973325e+18,0.033352846973973324,1.0455854845748274,0.36,0.625,0.2777777777777778,0.96,206.78349696646669,0.8024067910450003,1.5685756873017576,1.5384615384615386e+18,18.187086643357144,304,0,0.1307823073809137,0.9890207767275707,0.11592923633660683,0.114656423367065,0.11351977733489617,0.016125884013848707,0.0011366460321688282,True
Ma_xp_A2000_s036z_n65_r20_v00_90000_fof_0.0040_0000.hdf5,Ma_xp_A2000_s036z_n65_r20_v00_90000.hdf5,A2000,n65,r20,v00,s036z,90000,0.004,296,192706,1.000754864144901e+20,116,2.04354721939042e+19,0.2042005782441573,2.3042385775154895e+18,180,7.964001422058593e+19,0.7957994217558427,6.103734749875597e+18,2000,none,36.0,z,True,65,20,0,0,20.0,1e+20,1.8129133566428555,2.0,0.0,3.6,1,True,6.103734749875597e+18,0.06103734749875597,1.0,0.0,0.5,0.2777777777777778,0.0,206.78349696646669,0.0,1.4788571295282895,1.5384615384615386e+18,18.187086643357144,305,4,0.2042005782441573,0.7497933531286312,0.19623030290832175,0.14713217680307755,0.1427155203969308,0.05706840144107975,0.004416656406146746,True
Ma_xp_A2000_s047mz_n65_r12_v00_90000_fof_0.0040_0000.hdf5,Ma_xp_A2000_s047mz_n65_r12_v00_90000.hdf5,A2000,n65,r12,v00,s047mz,90000,0.004,318,3035762,9.983410726807233e+19,0,0.0,0.0,0.0,318,9.983410726807233e+19,1.0,9.606643198306773e+19,2000,none,47.0,mz,True,65,12,0,0,20.0,1e+20,1.8129133566428555,1.2,0.0,4.7,1,False,9.606643198306773e+19,0.9606643198306772,1.0,0.0,0.8333333333333334,0.2127659574468085,0.0,206.78349696646669,0.9827806394355548,1.614442585309293,1.5384615384615386e+18,18.187086643357144,306,3,0.0,0.26440721858732924,0.14565608968007893,0.03851252154261626,0.04207276474889359,0.03851252154261626,0.003560243206277333,False
Ma_xp_A2000_s047mz_n65_r16_v00_90000_fof_0.0040_0000.hdf5,Ma_xp_A2000_s047mz_n65_r16_v00_90000.hdf5,A2000,n65,r16,v00,s047mz,90000,0.004,1,3162278,1.0007002011234022e+20,0,0.0,0.0,0.0,1,1.0007002011234022e+20,1.0,1.0007002011234022e+20,2000,none,47.0,mz,True,65,16,0,0,20.0,1e+20,1.8129133566428555,1.6,0.0,4.7,1,False,1.0007002011234022e+20,1.0007002011234023,1.0,0.0,0.625,0.2127659574468085,0.0,206.78349696646669,0.821281919029865,1.608818427700622,1.5384615384615386e+18,18.187086643357144,307,2,0.0,0.054629435491562885,0.1291704462397321,0.007056508560269836,0.027436168130652163,0.007056508560269836,0.020379659570382326,False
Ma_xp_A2000_s047mz_n65_r16_v06_90000_fof_0.0040_0000.hdf5,Ma_xp_A2000_s047mz_n65_r16_v06_90000.hdf5,A2000,n65,r16,v06,s047mz,90000,0.004,1,3162278,1.0007002011234022e+20,0,0.0,0.0,0.0,1,1.0007002011234022e+20,1.0,1.0007002011234022e+20,2000,none,47.0,mz,True,65,16,6,0,20.0,1e+20,1.8129133566428555,1.6,0.6,4.7,1,False,1.0007002011234022e+20,1.0007002011234023,1.0455854845748274,0.36,0.625,0.2127659574468085,0.96,206.78349696646669,0.8024067910450003,1.5685756873017576,1.5384615384615386e+18,18.187086643357144,308,1,0.0,0.005695954996482567,0.05727440979356965,0.00032623246063427316,0.0044957497643978335,0.00032623246063427316,0.0041695173037635605,False
Ma_xp_A2000_s047x_n65_r12_v00_90000_fof_0.0040_0000.hdf5,Ma_xp_A2000_s047x_n65_r12_v00_90000.hdf5,A2000,n65,r12,v00,s047x,90000,0.004,2124,180941,9.543141346539608e+19,752,1.9256215889350988e+19,0.2017806840546628,2.1109373786239148e+18,1372,7.61751975760451e+19,0.7982193159453371,5.725862656478333e+18,2000,none,47.0,x,True,65,12,0,0,20.0,1e+20,1.8129133566428555,1.2,0.0,4.7,1,True,5.725862656478333e+18,0.05725862656478333,1.0,0.0,0.8333333333333334,0.2127659574468085,0.0,206.78349696646669,0.9827806394355548,1.614442585309293,1.5384615384615386e+18,18.187086643357144,309,0,0.2017806840546628,0.9779474155542736,0.2001430797685924,0.19572940760076776,0.20284614028059822,0.006051276453895027,0.007116732679830456,True
Ma_xp_A2000_s047x_n65_r16_v00_90000_fof_0.0040_0000.hdf5,Ma_xp_A2000_s047x_n65_r16_v00_90000.hdf5,A2000,n65,r16,v00,s047x,90000,0.004,469,580980,9.88145080917746e+19,137,1.085619964806501e+19,0.1098644304132167,3.3657532131684326e+18,332,8.79583084437096e+19,0.8901355695867834,1.8385063010243832e+19,2000,none,47.0,x,True,65,16,0,0,20.0,1e+20,1.8129133566428555,1.6,0.0,4.7,1,True,1.8385063010243832e+19,0.18385063010243832,1.0,0.0,0.625,0.2127659574468085,0.0,206.78349696646669,0.821281919029865,1.608818427700622,1.5384615384615386e+18,18.187086643357144,310,4,0.1098644304132167,0.9664690287386667,0.12665909523489904,0.12241209275259117,0.11624677246538105,0.012547662339374474,0.006165320287210119,True
Ma_xp_A2000_s047x_n65_r16_v06_90000_fof_0.0040_0000.hdf5,Ma_xp_A2000_s047x_n65_r16_v06_90000.hdf5,A2000,n65,r16,v06,s047x,90000,0.004,283,1068478,9.926899236916807e+19,0,0.0,0.0,0.0,283,9.926899236916807e+19,1.0,3.3811896030168826e+19,2000,none,47.0,x,True,65,16,6,0,20.0,1e+20,1.8129133566428555,1.6,0.6,4.7,1,False,3.3811896030168826e+19,0.33811896030168825,1.0455854845748274,0.36,0.625,0.2127659574468085,0.96,206.78349696646669,0.8024067910450003,1.5685756873017576,1.5384615384615386e+18,18.187086643357144,311,3,0.0,0.3833360477272809,0.05091043114743281,0.019515803464148752,0.007646084400453888,0.019515803464148752,0.011869719063694864,False
Ma_xp_A2000_s047x_n65_r20_v00_90000_fof_0.0040_0000.hdf5,Ma_xp_A2000_s047x_n65_r20_v00_90000.hdf5,A2000,n65,r20,v00,s047x,90000,0.004,2,2550689,9.999435712323944e+19,0,0.0,0.0,0.0,2,9.999435712323944e+19,1.0,8.071633788721742e+19,2000,none,47.0,x,True,65,20,0,0,20.0,1e+20,1.8129133566428555,2.0,0.0,4.7,1,False,8.071633788721742e+19,0.8071633788721742,1.0,0.0,0.5,0.2127659574468085,0.0,206.78349696646669,0.0,1.4788571295282895,1.5384615384615386e+18,18.187086643357144,312,4,0.0,0.014000087646136425,0.12724984221247426,0.0017815089439316702,0.00037304882241905,0.0017815089439316702,0.0014084601215126201,False
Ma_xp_A2000_s047y_n65_r12_v00_90000_fof_0.0040_0000.hdf5,Ma_xp_A2000_s047y_n65_r12_v00_90000.hdf5,A2000,n65,r12,v00,s047y,90000,0.004,1739,163786,9.625288382704452e+19,466,2.039318605854486e+19,0.2118709097089402,3.0060771035310556e+18,1273,7.585969776849964e+19,0.7881290902910596,5.18299413098745e+18,2000,none,47.0,y,True,65,12,0,0,20.0,1e+20,1.8129133566428555,1.2,0.0,4.7,1,True,5.18299413098745e+18,0.051829941309874505,1.0,0.0,0.8333333333333334,0.2127659574468085,0.0,206.78349696646669,0.9827806394355548,1.614442585309293,1.5384615384615386e+18,18.187086643357144,313,2,0.2118709097089402,0.9965624669597358,0.2064576781673204,0.20574797307720402,0.19807223592124037,0.006122936631736187,0.007675737155963647,True
Ma_xp_A2000_s047y_n65_r16_v00_90000_fof_0.0040_0000.hdf5,Ma_xp_A2000_s047y_n65_r16_v00_90000.hdf5,A2000,n65,r16,v00,s047y,90000,0.004,1635,541917,9.647879687856962e+19,578,1.6811867680956938e+19,0.1742545328598648,1.87749283694052e+18,1057,7.96669291976127e+19,0.8257454671401353,1.714891767586608e+19,2000,none,47.0,y,True,65,16,0,0,20.0,1e+20,1.8129133566428555,1.6,0.0,4.7,1,True,1.714891767586608e+19,0.1714891767586608,1.0,0.0,0.625,0.2127659574468085,0.0,206.78349696646669,0.821281919029865,1.608818427700622,1.5384615384615386e+18,18.187086643357144,314,4,0.1742545328598648,0.9977383904873645,0.16391996591679267,0.16354924296256435,0.15344974883861012,0.010705289897300463,0.010099494123954222,True
Ma_xp_A2000_s047y_n65_r16_v06_90000_fof_0.0040_0000.hdf5,Ma_xp_A2000_s047y_n65_r16_v06_90000.hdf5,A2000,n65,r16,v06,s047y,90000,0.004,1462,820363,9.702321600533873e+19,147,4.021404217524558e+18,0.0414478552978833,2.0052750057513577e+18,1315,9.300181178781413e+19,0.9585521447021164,2.5960317819099898e+19,2000,none,47.0,y,True,65,16,6,0,20.0,1e+20,1.8129133566428555,1.6,0.6,4.7,1,False,2.5960317819099898e+19,0.259603178190999,1.0455854845748274,0.36,0.625,0.2127659574468085,0.96,206.78349696646669,0.8024067910450003,1.5685756873017576,1.5384615384615386e+18,18.187086643357144,315,1,0.0414478552978833,0.5794704999810163,0.0653129925336653,0.03784695243873942,0.02064297477783865,0.003600902859143877,0.017203977660900774,False
Ma_xp_A2000_s047y_n65_r20_v00_90000_fof_0.0040_0000.hdf5,Ma_xp_A2000_s047y_n65_r20_v00_90000.hdf5,A2000,n65,r20,v00,s047y,90000,0.004,117,2873196,9.965983871941308e+19,0,0.0,0.0,0.0,117,9.965983871941308e+19,1.0,9.0922044650056e+19,2000,none,47.0,y,True,65,20,0,0,20.0,1e+20,1.8129133566428555,2.0,0.0,4.7,1,False,9.0922044650056e+19,0.9092204465005601,1.0,0.0,0.5,0.2127659574468085,0.0,206.78349696646669,0.0,1.4788571295282895,1.5384615384615386e+18,18.187086643357144,316,3,0.0,0.07746755859892011,0.13478291697088754,0.010441303518575615,0.00855775615779937,0.010441303518575615,0.001883547360776245,False
Ma_xp_A2000_s047z_n65_r11_v00_90000_fof_0.0040_0000.hdf5,Ma_xp_A2000_s047z_n65_r11_v00_90000.hdf5,A2000,n65,r11,v00,s047z,90000,0.004,369,109926,9.995590854962428e+19,148,2.6768782120192975e+19,0.2678059007077435,1.9471116510524175e+18,221,7.318712642943128e+19,0.7321940992922563,3.4785989818616305e+18,2000,none,47.0,z,True,65,11,0,0,20.0,1e+20,1.8129133566428555,1.1,0.0,4.7,1,True,3.4785989818616305e+18,0.0347859898186163,1.0,0.0,0.9090909090909091,0.2127659574468085,0.0,206.78349696646669,0.9950146326707979,1.6007232048504096,1.5384615384615386e+18,18.187086643357144,317,2,0.2678059007077435,0.9994440482241483,0.2623158347907053,0.2621699998365194,0.24778270209800315,0.00563590087122412,0.014387297738516241,True
Ma_xp_A2000_s047z_n65_r12_v00_90000_fof_0.0040_0000.hdf5,Ma_xp_A2000_s047z_n65_r12_v00_90000.hdf5,A2000,n65,r12,v00,s047z,90000,0.004,348,119613,9.99846421329071e+19,136,2.5771081224135254e+19,0.2577503972047866,2.0026484777644088e+18,212,7.421356090877184e+19,0.7422496027952132,3.7851432783649976e+18,2000,none,47.0,z,True,65,12,0,0,20.0,1e+20,1.8129133566428555,1.2,0.0,4.7,1,True,3.7851432783649976e+18,0.037851432783649976,1.0,0.0,0.8333333333333334,0.2127659574468085,0.0,206.78349696646669,0.9827806394355548,1.614442585309293,1.5384615384615386e+18,18.187086643357144,318,1,0.2577503972047866,0.9997060503362775,0.2682791098693844,0.26820024931525455,0.2555748549343941,0.01044985211046795,0.012625394380860466,True
Ma_xp_A2000_s047z_n65_r12_v02_90000_fof_0.0040_0000.hdf5,Ma_xp_A2000_s047z_n65_r12_v02_90000.hdf5,A2000,n65,r12,v02,s047z,90000,0.004,343,107805,9.997499043368205e+19,125,2.5123784477470368e+19,0.2513006939884242,2.0797987817665933e+18,218,7.485120595621165e+19,0.7486993060115756,3.411480116074117e+18,2000,none,47.0,z,True,65,12,2,0,20.0,1e+20,1.8129133566428555,1.2,0.2,4.7,1,True,3.411480116074117e+18,0.03411480116074117,1.0037987903812355,0.04000000000000001,0.8333333333333334,0.2127659574468085,0.24,206.78349696646669,0.9806831622829186,1.6105617858015973,1.5384615384615386e+18,18.187086643357144,319,0,0.2513006939884242,0.9995927314169236,0.2503310818473921,0.25022912986238816,0.24474143200617415,0.0010715641260360398,0.005487697856214002,True
Ma_xp_A2000_s047z_n65_r12_v04_90000_fof_0.0040_0000.hdf5,Ma_xp_A2000_s047z_n65_r12_v04_90000.hdf5,A2000,n65,r12,v04,s047z,90000,0.004,342,104111,9.94292105759508e+19,124,2.1810909918108295e+19,0.2193611896520856,2.127329444855716e+18,218,7.761830065784249e+19,0.7806388103479144,3.2945837981961943e+18,2000,none,47.0,z,True,65,12,4,0,20.0,1e+20,1.8129133566428555,1.2,0.4,4.7,1,True,3.2945837981961943e+18,0.03294583798196194,1.0151951615249424,0.16000000000000003,0.8333333333333334,0.2127659574468085,0.48,206.78349696646669,0.9744710491123042,1.5990893158984896,1.5384615384615386e+18,18.187086643357144,320,4,0.2193611896520856,0.9995467099652325,0.20451557228292877,0.20442286741205815,0.20990739939236214,0.014938322240027446,0.005484531980303992,True
Ma_xp_A2000_s047z_n65_r12_v06_90000_fof_0.0040_0000.hdf5,Ma_xp_A2000_s047z_n65_r12_v06_90000.hdf5,A2000,n65,r12,v06,s047z,90000,0.004,319,115639,9.999065466684196e+19,89,1.5425155838592311e+19,0.1542659750552415,1.6451558672998144e+18,230,8.456549882824965e+19,0.8457340249447584,3.659386384145489e+18,2000,none,47.0,z,True,65,12,6,0,20.0,1e+20,1.8129133566428555,1.2,0.6,4.7,1,True,3.659386384145489e+18,0.03659386384145489,1.0341891134311205,0.36,0.8333333333333334,0.2127659574468085,0.72,206.78349696646669,0.9643768113754055,1.580514285261953,1.5384615384615386e+18,18.187086643357144,321,3,0.1542659750552415,0.9917627203014944,0.14582236460033499,0.14462118499682455,0.11794322245300412,0.009644790058416952,0.026677962543820433,True
Ma_xp_A2000_s047z_n65_r12_v08_90000_fof_0.0040_0000.hdf5,Ma_xp_A2000_s047z_n65_r12_v08_90000.hdf5,A2000,n65,r12,v08,s047z,90000,0.004,305,137583,9.998571806003364e+19,52,7.275419234046766e+18,0.0727645845347476,1.0564022143213082e+18,253,9.271029882598688e+19,0.9272354154652525,4.35380241000178e+18,2000,none,47.0,z,True,65,12,8,0,20.0,1e+20,1.8129133566428555,1.2,0.8,4.7,1,False,4.35380241000178e+18,0.0435380241000178,1.06078064609977,0.6400000000000001,0.8333333333333334,0.2127659574468085,0.96,206.78349696646669,0.950761528447568,1.5555878292397605,1.5384615384615386e+18,18.187086643357144,322,2,0.0727645845347476,0.9832994489635114,0.06601495466735184,0.06491246854775826,0.07091498231915587,0.007852115986989344,0.0060025137713976134,False
Ma_xp_A2000_s047z_n65_r12_v10_90000_fof_0.0040_0000.hdf5,Ma_xp_A2000_s047z_n65_r12_v10_90000.hdf5,A2000,n65,r12,v10,s047z,90000,0.004,260,148991,9.999866083046833e+19,14,1.2686130177014318e+18,0.0126863000680795,2.4999483249373434e+17,246,9.87300478127669e+19,0.9873136999319204,4.714807606088727e+18,2000,none,47.0,z,True,65,12,10,0,20.0,1e+20,1.8129133566428555,1.2,1.0,4.7,1,False,4.714807606088727e+18,0.047148076060887265,1.0949697595308905,1.0,0.8333333333333334,0.2127659574468085,1.2,206.78349696646669,0.934080602193229,1.5252422398947536,1.5384615384615386e+18,18.187086643357144,323,1,0.0126863000680795,0.7808971577033121,0.015166060626746344,0.011843133636982334,0.02866062350591425,0.000843166431097166,0.016817489868931917,False
Ma_xp_A2000_s047z_n65_r12_v12_90000_fof_0.0040_0000.hdf5,Ma_xp_A2000_s047z_n65_r12_v12_90000.hdf5,A2000,n65,r12,v12,s047z,90000,0.004,228,117262,1.0000888213816448e+20,0,0.0,0.0,0.0,228,1.0000888213816448e+20,1.0,3.7107460820111816e+18,2000,none,47.0,z,True,65,12,12,0,20.0,1e+20,1.8129133566428555,1.2,1.2,4.7,1,False,3.7107460820111816e+18,0.037107460820111814,1.136756453724482,1.44,0.8333333333333334,0.2127659574468085,1.44,206.78349696646669,0.9148449085136009,1.4905024966024005,1.5384615384615386e+18,18.187086643357144,324,0,0.0,0.17965128919146847,0.014469370736763701,0.002599441106648907,0.009964559569581347,0.002599441106648907,0.00736511846293244,False
Ma_xp_A2000_s047z_n65_r12_v14_90000_fof_0.0040_0000.hdf5,Ma_xp_A2000_s047z_n65_r12_v14_90000.hdf5,A2000,n65,r12,v14,s047z,90000,0.004,178,140821,1.000079644356418e+20,0,0.0,0.0,0.0,178,1.000079644356418e+20,1.0,4.45626864640912e+18,2000,none,47.0,z,True,65,12,14,0,20.0,1e+20,1.8129133566428555,1.2,1.4,4.7,1,False,4.45626864640912e+18,0.0445626864640912,1.1861407286805452,1.9599999999999997,0.8333333333333334,0.2127659574468085,1.68,206.78349696646669,0.8935831841748193,1.4524047288711484,1.5384615384615386e+18,18.187086643357144,325,4,0.0,0.05671284780347095,0.01155492826337201,0.0006553128879806417,0.009666532331027997,0.0006553128879806417,0.009011219443047355,False
Ma_xp_A2000_s047z_n65_r12_v16_90000_fof_0.0040_0000.hdf5,Ma_xp_A2000_s047z_n65_r12_v16_90000.hdf5,A2000,n65,r12,v16,s047z,90000,0.004,136,166789,9.998027513458196e+19,0,0.0,0.0,0.0,136,9.998027513458196e+19,1.0,5.278023812249422e+18,2000,none,47.0,z,True,65,12,16,0,20.0,1e+20,1.8129133566428555,1.2,1.6,4.7,1,False,5.278023812249422e+18,0.052780238122494216,1.2431225843990794,2.5600000000000005,0.8333333333333334,0.2127659574468085,1.92,206.78349696646669,0.870810053062178,1.4119313004100371,1.5384615384615386e+18,18.187086643357144,326,3,0.0,0.0072026900651862525,0.004617076736037368,3.3255372736858915e-05,0.0017818780263921404,3.3255372736858915e-05,0.0017486226536552814,False
Ma_xp_A2000_s047z_n65_r13_v00_90000_fof_0.0040_0000.hdf5,Ma_xp_A2000_s047z_n65_r13_v00_90000.hdf5,A2000,n65,r13,v00,s047z,90000,0.004,371,109379,9.99725221302628e+19,141,2.5777188692826227e+19,0.2578427366195575,2.2580545908085563e+18,230,7.419533343743656e+19,0.7421572633804425,3.461289213080032e+18,2000,none,47.0,z,True,65,13,0,0,20.0,1e+20,1.8129133566428555,1.3,0.0,4.7,1,True,3.461289213080032e+18,0.03461289213080032,1.0,0.0,0.7692307692307692,0.2127659574468085,0.0,206.78349696646669,0.9610937965888252,1.6225211180584214,1.5384615384615386e+18,18.187086643357144,327,2,0.2578427366195575,0.9994686144508915,0.26214877580703466,0.2620094737358543,0.2512895132296349,0.004166737116296837,0.010719960506219428,True
Ma_xp_A2000_s047z_n65_r14_v00_90000_fof_0.0040_0000.hdf5,Ma_xp_A2000_s047z_n65_r14_v00_90000.hdf5,A2000,n65,r14,v00,s047z,90000,0.004,345,92021,9.997815492522e+19,139,2.476439317207697e+19,0.2476980415431734,1.9010999439075543e+18,206,7.521376175314305e+19,0.7523019584568268,2.9119967697327165e+18,2000,none,47.0,z,True,65,14,0,0,20.0,1e+20,1.8129133566428555,1.4,0.0,4.7,1,True,2.9119967697327165e+18,0.029119967697327165,1.0,0.0,0.7142857142857143,0.2127659574468085,0.0,206.78349696646669,0.9284869091985879,1.6245823617011257,1.5384615384615386e+18,18.187086643357144,328,1,0.2476980415431734,0.9993949377423654,0.24760236275580522,0.24745254791120053,0.2415119089753759,0.0002454936319728762,0.005940638935824638,True
Ma_xp_A2000_s047z_n65_r15_v00_90000_fof_0.0040_0000.hdf5,Ma_xp_A2000_s047z_n65_r15_v00_90000.hdf5,A2000,n65,r15,v00,s047z,90000,0.004,358,142221,9.996840829124696e+19,142,2.4887207089148215e+19,0.2489507186774653,2.333021395641088e+18,216,7.508120120209877e+19,0.7510492813225348,4.5005715281170493e+18,2000,none,47.0,z,True,65,15,0,0,20.0,1e+20,1.8129133566428555,1.5,0.0,4.7,1,True,4.5005715281170493e+18,0.04500571528117049,1.0,0.0,0.6666666666666666,0.2127659574468085,0.0,206.78349696646669,0.8829049036741616,1.6201874567538088,1.5384615384615386e+18,18.187086643357144,329,0,0.2489507186774653,0.999558878011344,0.23656632065510624,0.23646196604928985,0.24133660014900868,0.012488752628175448,0.004874634099718833,True
Ma_xp_A2000_s047z_n65_r16_v00_90000_fof_0.0040_0000.hdf5,Ma_xp_A2000_s047z_n65_r16_v00_90000.hdf5,A2000,n65,r16,v00,s047z,90000,0.004,356,97171,9.997106646412527e+19,140,2.3630460914755875e+19,0.2363730002143739,2.270902426503752e+18,216,7.634060554936941e+19,0.7636269997856261,3.074968084586886e+18,2000,none,47.0,z,True,65,16,0,0,20.0,1e+20,1.8129133566428555,1.6,0.0,4.7,1,True,3.074968084586886e+18,0.030749680845868863,1.0,0.0,0.625,0.2127659574468085,0.0,206.78349696646669,0.821281919029865,1.608818427700622,1.5384615384615386e+18,18.187086643357144,330,4,0.2363730002143739,0.9993450002878798,0.2287090560183193,0.22855925165246802,0.2298579641802887,0.007813748561905892,0.0012987125278206835,True
Ma_xp_A2000_s047z_n65_r16_v02_90000_fof_0.0040_0000.hdf5,Ma_xp_A2000_s047z_n65_r16_v02_90000.hdf5,A2000,n65,r16,v02,s047z,90000,0.004,339,134887,9.99027767364928e+19,131,2.243393501458702e+19,0.2245576724434755,2.1832143656382664e+18,208,7.746884172190579e+19,0.7754423275565244,4.2684877177985096e+18,2000,none,47.0,z,True,65,16,2,0,20.0,1e+20,1.8129133566428555,1.6,0.2,4.7,1,True,4.2684877177985096e+18,0.042684877177985095,1.0050650538416475,0.04000000000000001,0.625,0.2127659574468085,0.32000000000000006,206.78349696646669,0.8191185930993311,1.6041920074662481,1.5384615384615386e+18,18.187086643357144,331,3,0.2245576724434755,0.9991162297769584,0.2255650127133344,0.22536566507173836,0.21970695829279543,0.0008079926282628658,0.0056587067789429235,True
Ma_xp_A2000_s047z_n65_r16_v04_90000_fof_0.0040_0000.hdf5,Ma_xp_A2000_s047z_n65_r16_v04_90000.hdf5,A2000,n65,r16,v04,s047z,90000,0.004,349,131286,9.998442061848994e+19,117,1.845939691692057e+19,0.184622732249017,1.9441686739104143e+18,232,8.152502370156934e+19,0.8153772677509826,4.1545343770626135e+18,2000,none,47.0,z,True,65,16,4,0,20.0,1e+20,1.8129133566428555,1.6,0.4,4.7,1,True,4.1545343770626135e+18,0.04154534377062614,1.02026021536659,0.16000000000000003,0.625,0.2127659574468085,0.6400000000000001,206.78349696646669,0.8127298954070143,1.5905508285215892,1.5384615384615386e+18,18.187086643357144,332,2,0.184622732249017,0.996510227584684,0.16935095286355506,0.16875995657974435,0.17890850633446317,0.01586277566927266,0.010148549754718822,True
Ma_xp_A2000_s047z_n65_r16_v06_90000_fof_0.0040_0000.hdf5,Ma_xp_A2000_s047z_n65_r16_v06_90000.hdf5,A2000,n65,r16,v06,s047z,90000,0.004,319,131216,9.998600286429628e+19,72,1.204345358801084e+19,0.1204513956254111,1.3686742405290647e+18,247,8.794254927628544e+19,0.8795486043745888,4.152319232977217e+18,2000,none,47.0,z,True,65,16,6,0,20.0,1e+20,1.8129133566428555,1.6,0.6,4.7,1,True,4.152319232977217e+18,0.04152319232977217,1.0455854845748274,0.36,0.625,0.2127659574468085,0.96,206.78349696646669,0.8024067910450003,1.5685756873017576,1.5384615384615386e+18,18.187086643357144,333,1,0.1204513956254111,0.9657619265996854,0.10322423509993386,0.099690036161891,0.09940523256639953,0.020761359463520104,0.00028480359549146184,False
Ma_xp_A2000_s047z_n65_r16_v08_90000_fof_0.0040_0000.hdf5,Ma_xp_A2000_s047z_n65_r16_v08_90000.hdf5,A2000,n65,r16,v08,s047z,90000,0.004,285,138336,9.999350270926794e+19,34,4.694238411006715e+18,0.0469454342914184,5.888169428115082e+17,251,9.529926429826123e+19,0.9530545657085816,4.3776310313775447e+18,2000,none,47.0,z,True,65,16,8,0,20.0,1e+20,1.8129133566428555,1.6,0.8,4.7,1,False,4.3776310313775447e+18,0.04377631031377545,1.0810408614663598,0.6400000000000001,0.625,0.2127659574468085,1.2800000000000002,206.78349696646669,0.7885944111107589,1.5392987010643135,1.5384615384615386e+18,18.187086643357144,334,0,0.0469454342914184,0.9626454141295087,0.04929696014727104,0.04745549261629562,0.05620328418319123,0.0005100583248772231,0.008747791566895612,False
Ma_xp_A2000_s047z_n65_r16_v10_90000_fof_0.0040_0000.hdf5,Ma_xp_A2000_s047z_n65_r16_v10_90000.hdf5,A2000,n65,r16,v10,s047z,90000,0.004,265,187213,9.999856589574632e+19,1,1.7183189119505994e+16,0.0001718343554788,1.7183189119505994e+16,264,9.99813827066268e+19,0.999828165644521,5.924339566526646e+18,2000,none,47.0,z,True,65,16,10,0,20.0,1e+20,1.8129133566428555,1.6,1.0,4.7,1,False,5.924339566526646e+18,0.059243395665266464,1.1266263460411872,1.0,0.625,0.2127659574468085,1.6,206.78349696646669,0.7718420200458999,1.5039770163205064,1.5384615384615386e+18,18.187086643357144,335,4,0.0001718343554788,0.8698641726586768,0.013138425644802443,0.011428645753553618,0.016663283291655992,0.011256811398074818,0.005234637538102374,False
Ma_xp_A2000_s047z_n65_r17_v00_90000_fof_0.0040_0000.hdf5,Ma_xp_A2000_s047z_n65_r17_v00_90000.hdf5,A2000,n65,r17,v00,s047z,90000,0.004,329,130693,9.997492714386122e+19,125,2.3454641764215812e+19,0.2346052398764463,1.756577614794356e+18,204,7.652028537964542e+19,0.7653947601235538,4.135768942167755e+18,2000,none,47.0,z,True,65,17,0,0,20.0,1e+20,1.8129133566428555,1.7,0.0,4.7,1,True,4.135768942167755e+18,0.04135768942167755,1.0,0.0,0.5882352941176471,0.2127659574468085,0.0,206.78349696646669,0.7386068134544167,1.5898550828167466,1.5384615384615386e+18,18.187086643357144,336,3,0.2346052398764463,0.9990143227123616,0.20988659096104617,0.209679710515356,0.16894709194614452,0.0249255293610903,0.04073261856921148,True
Ma_xp_A2000_s047z_n65_r18_v00_90000_fof_0.0040_0000.hdf5,Ma_xp_A2000_s047z_n65_r18_v00_90000.hdf5,A2000,n65,r18,v00,s047z,90000,0.004,322,184775,9.997964223626248e+19,121,2.164021724387621e+19,0.2164462360521163,2.709849049482535e+18,201,7.833942499238627e+19,0.7835537639478837,5.847189262525086e+18,2000,none,47.0,z,True,65,18,0,0,20.0,1e+20,1.8129133566428555,1.8,0.0,4.7,1,True,5.847189262525086e+18,0.058471892625250856,1.0,0.0,0.5555555555555556,0.2127659574468085,0.0,206.78349696646669,0.6254058614589896,1.5625421811002254,1.5384615384615386e+18,18.187086643357144,337,2,0.2164462360521163,0.9815637917454054,0.21006320728409725,0.20619043824797956,0.12689271050867912,0.01025579780413674,0.07929772773930044,True
Ma_xp_A2000_s047z_n65_r19_v00_90000_fof_0.0040_0000.hdf5,Ma_xp_A2000_s047z_n65_r19_v00_90000.hdf5,A2000,n65,r19,v00,s047z,90000,0.004,292,315831,9.998669905236415e+19,101,1.91438447943908e+19,0.1914639144589117,2.9650336481202094e+18,191,8.084285425797335e+19,0.8085360855410882,9.994445308968286e+18,2000,none,47.0,z,True,65,19,0,0,20.0,1e+20,1.8129133566428555,1.9,0.0,4.7,1,True,9.994445308968286e+18,0.09994445308968286,1.0,0.0,0.5263157894736842,0.2127659574468085,0.0,206.78349696646669,0.4580226086897332,1.5259412514688657,1.5384615384615386e+18,18.187086643357144,338,1,0.1914639144589117,0.9436968271469343,0.19605140581727604,0.1850130896274594,0.11245434306120278,0.00645082483145229,0.07255874656625663,True
Ma_xp_A2000_s047z_n65_r20_v00_90000_fof_0.0040_0000.hdf5,Ma_xp_A2000_s047z_n65_r20_v00_90000.hdf5,A2000,n65,r20,v00,s047z,90000,0.004,239,907115,9.997935743239312e+19,79,1.5104308040275237e+19,0.1510742660102501,2.109639937088193e+18,160,8.487504939211787e+19,0.8489257339897498,2.8705577529180512e+19,2000,none,47.0,z,True,65,20,0,0,20.0,1e+20,1.8129133566428555,2.0,0.0,4.7,1,True,2.8705577529180512e+19,0.28705577529180515,1.0,0.0,0.5,0.2127659574468085,0.0,206.78349696646669,0.0,1.4788571295282895,1.5384615384615386e+18,18.187086643357144,339,0,0.1510742660102501,0.877468268052755,0.18174903327563036,0.15947900944862992,0.14359770266558547,0.008404743438379825,0.015881306783044447,True
Ma_xp_A2000_s047z_n65_r20_v02_90000_fof_0.0040_0000.hdf5,Ma_xp_A2000_s047z_n65_r20_v02_90000.hdf5,A2000,n65,r20,v02,s047z,90000,0.004,272,933177,9.993030781341735e+19,79,1.4763618879945077e+19,0.1477391514445311,2.0834063021342095e+18,193,8.51666889334723e+19,0.8522608485554691,2.953030731712916e+19,2000,none,47.0,z,True,65,20,2,0,20.0,1e+20,1.8129133566428555,2.0,0.2,4.7,1,True,2.953030731712916e+19,0.29530307317129156,1.0063313173020594,0.04000000000000001,0.5,0.2127659574468085,0.4,206.78349696646669,0.0,1.4738750056555374,1.5384615384615386e+18,18.187086643357144,340,4,0.1477391514445311,0.907860126996522,0.1626512736098651,0.14766460591559816,0.10087670760582873,7.454552893293442e-05,0.04678789830976943,True
Ma_xp_A2000_s047z_n65_r20_v04_90000_fof_0.0040_0000.hdf5,Ma_xp_A2000_s047z_n65_r20_v04_90000.hdf5,A2000,n65,r20,v04,s047z,90000,0.004,220,932252,9.999033821809182e+19,46,9.20636033327237e+18,0.0920724991767915,2.1618224027566108e+18,174,9.078397788481946e+19,0.9079275008232084,2.9501035770285e+19,2000,none,47.0,z,True,65,20,4,0,20.0,1e+20,1.8129133566428555,2.0,0.4,4.7,1,False,2.9501035770285e+19,0.29501035770285,1.0253252692082375,0.16000000000000003,0.5,0.2127659574468085,0.8,206.78349696646669,0.0,1.4592262751583032,1.5384615384615386e+18,18.187086643357144,341,3,0.0920724991767915,0.9534640892030462,0.11841595540412293,0.1129053610665006,0.06503816196079636,0.020832861889709106,0.04786719910570425,True
Ma_xp_A2000_s047z_n65_r20_v06_90000_fof_0.0040_0000.hdf5,Ma_xp_A2000_s047z_n65_r20_v06_90000.hdf5,A2000,n65,r20,v06,s047z,90000,0.004,215,1073751,1.000050847490093e+20,11,3.081486937179809e+18,0.0308133025926997,1.8376835332347167e+18,204,9.69235978118295e+19,0.9691866974073003,3.397875966963829e+19,2000,none,47.0,z,True,65,20,6,0,20.0,1e+20,1.8129133566428555,2.0,0.6,4.7,1,False,3.397875966963829e+19,0.3397875966963829,1.0569818557185342,0.36,0.5,0.2127659574468085,1.2,206.78349696646669,0.0,1.4357558186355435,1.5384615384615386e+18,18.187086643357144,342,2,0.0308133025926997,0.5073333701309194,0.07644801009899481,0.0387846266033256,0.032689137863259575,0.007971324010625901,0.006095488740066025,False
Ma_xp_A2000_s047z_n65_r20_v08_90000_fof_0.0040_0000.hdf5,Ma_xp_A2000_s047z_n65_r20_v08_90000.hdf5,A2000,n65,r20,v08,s047z,90000,0.004,171,1221602,1.000039455322404e+20,0,0.0,0.0,0.0,171,1.000039455322404e+20,1.0,3.865749207229332e+19,2000,none,47.0,z,True,65,20,8,0,20.0,1e+20,1.8129133566428555,2.0,0.8,4.7,1,False,3.865749207229332e+19,0.3865749207229332,1.1013010768329496,0.6400000000000001,0.5,0.2127659574468085,1.6,206.78349696646669,0.0,1.4047262380679093,1.5384615384615386e+18,18.187086643357144,343,1,0.0,0.9012365145253525,0.012045347929002026,0.01085570738377896,0.017484644622872265,0.01085570738377896,0.006628937239093306,False
Ma_xp_A2000_s047z_n65_r20_v10_90000_fof_0.0040_0000.hdf5,Ma_xp_A2000_s047z_n65_r20_v10_90000.hdf5,A2000,n65,r20,v10,s047z,90000,0.004,142,1601487,9.999448370314812e+19,0,0.0,0.0,0.0,142,9.999448370314812e+19,1.0,5.067892079974599e+19,2000,none,47.0,z,True,65,20,10,0,20.0,1e+20,1.8129133566428555,2.0,1.0,4.7,1,False,5.067892079974599e+19,0.5067892079974599,1.158282932551484,1.0,0.5,0.2127659574468085,2.0,206.78349696646669,0.0,1.3676437072787335,1.5384615384615386e+18,18.187086643357144,344,0,0.0,0.03381629912469248,0.0,0.0,0.0022856730715559025,0.0,0.0022856730715559025,False
Ma_xp_A2000_s047z_n65_r22_v00_90000_fof_0.0040_0000.hdf5,Ma_xp_A2000_s047z_n65_r22_v00_90000.hdf5,A2000,n65,r22,v00,s047z,90000,0.004,75,2570021,1.0004011567103412e+20,0,0.0,0.0,0.0,75,1.0004011567103412e+20,1.0,8.132809739364424e+19,2000,none,47.0,z,True,65,22,0,0,20.0,1e+20,1.8129133566428555,2.2,0.0,4.7,1,False,8.132809739364424e+19,0.8132809739364424,1.0,0.0,0.45454545454545453,0.2127659574468085,0.0,206.78349696646669,0.0,1.3463893624089283,1.5384615384615386e+18,18.187086643357144,345,4,0.0,0.32648111616893094,0.16425030987378517,0.05362462449868616,0.060068508879341787,0.05362462449868616,0.006443884380655629,False
Ma_xp_A2000_s047z_n65_r24_v00_90000_fof_0.0040_0000.hdf5,Ma_xp_A2000_s047z_n65_r24_v00_90000.hdf5,A2000,n65,r24,v00,s047z,90000,0.004,225,2978617,9.962433312355916e+19,0,0.0,0.0,0.0,225,9.962433312355916e+19,1.0,9.425808328687691e+19,2000,none,47.0,z,True,65,24,0,0,20.0,1e+20,1.8129133566428555,2.4,0.0,4.7,1,False,9.425808328687691e+19,0.9425808328687691,1.0,0.0,0.4166666666666667,0.2127659574468085,0.0,206.78349696646669,0.0,1.143154556939899,1.5384615384615386e+18,18.187086643357144,346,0,0.0,0.14503943468761485,0.14994878225359545,0.021748486610157738,0.03413770791683184,0.021748486610157738,0.012389221306674105,False
Ma_xp_A2000_s047z_n65_r26_v00_90000_fof_0.0040_0000.hdf5,Ma_xp_A2000_s047z_n65_r26_v00_90000.hdf5,A2000,n65,r26,v00,s047z,90000,0.004,1,3162278,1.0007002011234022e+20,0,0.0,0.0,0.0,1,1.0007002011234022e+20,1.0,1.0007002011234022e+20,2000,none,47.0,z,True,65,26,0,0,20.0,1e+20,1.8129133566428555,2.6,0.0,4.7,1,False,1.0007002011234022e+20,1.0007002011234023,1.0,0.0,0.3846153846153846,0.2127659574468085,0.0,206.78349696646669,0.0,0.8106534669459369,1.5384615384615386e+18,18.187086643357144,347,1,0.0,0.21194000930528845,0.08679815500140908,0.01839600177868051,0.015218007901876758,0.01839600177868051,0.0031779938768037534,False
Ma_xp_A2000_s047z_n65_r28_v00_90000_fof_0.0040_0000.hdf5,Ma_xp_A2000_s047z_n65_r28_v00_90000.hdf5,A2000,n65,r28,v00,s047z,90000,0.004,1,3162278,1.0007002011234022e+20,0,0.0,0.0,0.0,1,1.0007002011234022e+20,1.0,1.0007002011234022e+20,2000,none,47.0,z,True,65,28,0,0,20.0,1e+20,1.8129133566428555,2.8,0.0,4.7,1,False,1.0007002011234022e+20,1.0007002011234023,1.0,0.0,0.35714285714285715,0.2127659574468085,0.0,206.78349696646669,0.0,0.0,1.5384615384615386e+18,18.187086643357144,348,2,0.0,0.0021861636420340285,0.07464668347521351,0.0001631898654119341,0.004975717104826976,0.0001631898654119341,0.004812527239415042,False
Ma_xp_A2000_s047z_n65_r30_v00_90000_fof_0.0040_0000.hdf5,Ma_xp_A2000_s047z_n65_r30_v00_90000.hdf5,A2000,n65,r30,v00,s047z,90000,0.004,1,3162278,1.0007002011234022e+20,0,0.0,0.0,0.0,1,1.0007002011234022e+20,1.0,1.0007002011234022e+20,2000,none,47.0,z,True,65,30,0,0,20.0,1e+20,1.8129133566428555,3.0,0.0,4.7,1,False,1.0007002011234022e+20,1.0007002011234023,1.0,0.0,0.3333333333333333,0.2127659574468085,0.0,206.78349696646669,0.0,0.0,1.5384615384615386e+18,18.187086643357144,349,0,0.0,0.02203440484455174,0.10543661934366183,0.00232323315605914,0.008138581158712792,0.00232323315605914,0.005815348002653651,False
Ma_xp_A2000_s086mz_n65_r12_v00_90000_fof_0.0040_0000.hdf5,Ma_xp_A2000_s086mz_n65_r12_v00_90000.hdf5,A2000,n65,r12,v00,s086mz,90000,0.004,204,1187253,9.989067223980528e+19,31,5.244675836427602e+18,0.0525041599863982,1.8987887735435704e+18,173,9.46459964033777e+19,0.947495840013602,3.754609552944561e+19,2000,none,86.0,mz,True,65,12,0,0,20.0,1e+20,1.8129133566428555,1.2,0.0,8.6,1,False,3.754609552944561e+19,0.3754609552944561,1.0,0.0,0.8333333333333334,0.11627906976744186,0.0,206.78349696646669,0.9827806394355548,1.614442585309293,1.5384615384615386e+18,18.187086643357144,350,4,0.0525041599863982,0.16935091009350095,0.1794653686175814,0.030392623505653034,0.02273133219914305,0.022111536480745167,0.007661291306509985,False
Ma_xp_A2000_s086mz_n65_r16_v00_90000_fof_0.0040_0000.hdf5,Ma_xp_A2000_s086mz_n65_r16_v00_90000.hdf5,A2000,n65,r16,v00,s086mz,90000,0.004,2,2265213,1.000049626144054e+20,0,0.0,0.0,0.0,2,1.000049626144054e+20,1.0,7.1635871792097845e+19,2000,none,86.0,mz,True,65,16,0,0,20.0,1e+20,1.8129133566428555,1.6,0.0,8.6,1,False,7.1635871792097845e+19,0.7163587179209785,1.0,0.0,0.625,0.11627906976744186,0.0,206.78349696646669,0.821281919029865,1.608818427700622,1.5384615384615386e+18,18.187086643357144,351,3,0.0,0.7243245159868293,0.10120512601482806,0.07330535391607641,0.06647424540178486,0.07330535391607641,0.006831108514291556,False
Ma_xp_A2000_s086mz_n65_r16_v06_90000_fof_0.0040_0000.hdf5,Ma_xp_A2000_s086mz_n65_r16_v06_90000.hdf5,A2000,n65,r16,v06,s086mz,90000,0.004,2,2104750,1.000049626144054e+20,0,0.0,0.0,0.0,2,1.000049626144054e+20,1.0,6.6561334918341894e+19,2000,none,86.0,mz,True,65,16,6,0,20.0,1e+20,1.8129133566428555,1.6,0.6,8.6,1,False,6.6561334918341894e+19,0.665613349183419,1.0455854845748274,0.36,0.625,0.11627906976744186,0.96,206.78349696646669,0.8024067910450003,1.5685756873017576,1.5384615384615386e+18,18.187086643357144,352,2,0.0,0.03384492289786792,0.03305606957269751,0.001118780125994505,0.014090143006517218,0.001118780125994505,0.012971362880522714,False
Ma_xp_A2000_s086x_n65_r12_v00_90000_fof_0.0040_0000.hdf5,Ma_xp_A2000_s086x_n65_r12_v00_90000.hdf5,A2000,n65,r12,v00,s086x,90000,0.004,974,263448,9.728982306173505e+19,315,1.7965725736527008e+19,0.1846619221943378,4.128716037606689e+18,659,7.932409732520804e+19,0.8153380778056624,8.33136978796327e+18,2000,none,86.0,x,True,65,12,0,0,20.0,1e+20,1.8129133566428555,1.2,0.0,8.6,1,True,8.33136978796327e+18,0.0833136978796327,1.0,0.0,0.8333333333333334,0.11627906976744186,0.0,206.78349696646669,0.9827806394355548,1.614442585309293,1.5384615384615386e+18,18.187086643357144,353,1,0.1846619221943378,0.9885079754358389,0.16730989036912525,0.16538716099917616,0.19791487978787398,0.019274761195161638,0.03252771878869781,True
Ma_xp_A2000_s086x_n65_r16_v00_90000_fof_0.0040_0000.hdf5,Ma_xp_A2000_s086x_n65_r16_v00_90000.hdf5,A2000,n65,r16,v00,s086x,90000,0.004,107,944855,9.954862335071314e+19,48,1.2342506520143438e+19,0.1239847032003684,2.912886565109835e+18,59,8.720611683056971e+19,0.8760152967996316,2.9880418151329194e+19,2000,none,86.0,x,True,65,16,0,0,20.0,1e+20,1.8129133566428555,1.6,0.0,8.6,1,True,2.9880418151329194e+19,0.29880418151329197,1.0,0.0,0.625,0.11627906976744186,0.0,206.78349696646669,0.821281919029865,1.608818427700622,1.5384615384615386e+18,18.187086643357144,354,0,0.1239847032003684,0.9060129651022338,0.1218761293801261,0.11042135335487152,0.12978450722753032,0.013563349845496883,0.0193631538726588,True
Ma_xp_A2000_s086x_n65_r16_v06_90000_fof_0.0040_0000.hdf5,Ma_xp_A2000_s086x_n65_r16_v06_90000.hdf5,A2000,n65,r16,v06,s086x,90000,0.004,111,981280,9.969093289213036e+19,0,0.0,0.0,0.0,111,9.969093289213036e+19,1.0,3.10323348276132e+19,2000,none,86.0,x,True,65,16,6,0,20.0,1e+20,1.8129133566428555,1.6,0.6,8.6,1,False,3.10323348276132e+19,0.310323348276132,1.0455854845748274,0.36,0.625,0.11627906976744186,0.96,206.78349696646669,0.8024067910450003,1.5685756873017576,1.5384615384615386e+18,18.187086643357144,355,4,0.0,0.44083612215182705,0.03136751027937454,0.013827931593117045,0.003491025855583792,0.013827931593117045,0.010336905737533254,False
Ma_xp_A2000_s086x_n65_r20_v00_90000_fof_0.0040_0000.hdf5,Ma_xp_A2000_s086x_n65_r20_v00_90000.hdf5,A2000,n65,r20,v00,s086x,90000,0.004,20,2690795,9.995537564533298e+19,0,0.0,0.0,0.0,20,9.995537564533298e+19,1.0,8.509462273036277e+19,2000,none,86.0,x,True,65,20,0,0,20.0,1e+20,1.8129133566428555,2.0,0.0,8.6,1,False,8.509462273036277e+19,0.8509462273036277,1.0,0.0,0.5,0.11627906976744186,0.0,206.78349696646669,0.0,1.4788571295282895,1.5384615384615386e+18,18.187086643357144,356,3,0.0,0.01503804650715498,0.11322779512911965,0.0017027248490543176,0.0005071846305482623,0.0017027248490543176,0.0011955402185060554,False
Ma_xp_A2000_s086y_n65_r12_v00_90000_fof_0.0040_0000.hdf5,Ma_xp_A2000_s086y_n65_r12_v00_90000.hdf5,A2000,n65,r12,v00,s086y,90000,0.004,710,288381,9.81320741759859e+19,243,1.9517089483153596e+19,0.1988859366016505,3.5417998647910743e+18,467,7.86149846928323e+19,0.8011140633983496,9.119859519984112e+18,2000,none,86.0,y,True,65,12,0,0,20.0,1e+20,1.8129133566428555,1.2,0.0,8.6,1,True,9.119859519984112e+18,0.09119859519984111,1.0,0.0,0.8333333333333334,0.11627906976744186,0.0,206.78349696646669,0.9827806394355548,1.614442585309293,1.5384615384615386e+18,18.187086643357144,357,2,0.1988859366016505,0.996889880467943,0.19538930900512305,0.1947816248988311,0.19714258914187255,0.004104311702819385,0.0023609642430414413,True
Ma_xp_A2000_s086y_n65_r16_v00_90000_fof_0.0040_0000.hdf5,Ma_xp_A2000_s086y_n65_r16_v00_90000.hdf5,A2000,n65,r16,v00,s086y,90000,0.004,645,623540,9.850119350206053e+19,241,1.586223259385604e+19,0.1610359431180316,4.445908193075227e+18,404,8.263896090820447e+19,0.8389640568819684,1.9719042534577086e+19,2000,none,86.0,y,True,65,16,0,0,20.0,1e+20,1.8129133566428555,1.6,0.0,8.6,1,True,1.9719042534577086e+19,0.19719042534577086,1.0,0.0,0.625,0.11627906976744186,0.0,206.78349696646669,0.821281919029865,1.608818427700622,1.5384615384615386e+18,18.187086643357144,358,1,0.1610359431180316,0.9794825092441533,0.15692212708376269,0.15370247879193377,0.15678366686952064,0.007333464326097827,0.003081188077586866,True
Ma_xp_A2000_s086y_n65_r16_v06_90000_fof_0.0040_0000.hdf5,Ma_xp_A2000_s086y_n65_r16_v06_90000.hdf5,A2000,n65,r16,v06,s086y,90000,0.004,634,1163116,9.832245271831368e+19,11,3.6706374362146857e+18,0.0373326471699275,1.3513081558495178e+18,623,9.465181528209898e+19,0.9626673528300724,3.6782778774045008e+19,2000,none,86.0,y,True,65,16,6,0,20.0,1e+20,1.8129133566428555,1.6,0.6,8.6,1,False,3.6782778774045008e+19,0.36782778774045005,1.0455854845748274,0.36,0.625,0.11627906976744186,0.96,206.78349696646669,0.8024067910450003,1.5685756873017576,1.5384615384615386e+18,18.187086643357144,359,0,0.0373326471699275,0.2836132530489938,0.05228135056695157,0.014827683908087993,0.03739427650852342,0.022504963261839504,0.022566592600435427,False
Ma_xp_A2000_s086y_n65_r20_v00_90000_fof_0.0040_0000.hdf5,Ma_xp_A2000_s086y_n65_r20_v00_90000.hdf5,A2000,n65,r20,v00,s086y,90000,0.004,249,2850506,9.86874925051159e+19,0,0.0,0.0,0.0,249,9.86874925051159e+19,1.0,9.014537809854382e+19,2000,none,86.0,y,True,65,20,0,0,20.0,1e+20,1.8129133566428555,2.0,0.0,8.6,1,False,9.014537809854382e+19,0.9014537809854382,1.0,0.0,0.5,0.11627906976744186,0.0,206.78349696646669,0.0,1.4788571295282895,1.5384615384615386e+18,18.187086643357144,360,4,0.0,0.08812459465164406,0.12086503363269893,0.01065118209643892,0.009132779162938288,0.01065118209643892,0.0015184029335006313,False
Ma_xp_A2000_s086z_n65_r12_v00_90000_fof_0.0040_0000.hdf5,Ma_xp_A2000_s086z_n65_r12_v00_90000.hdf5,A2000,n65,r12,v00,s086z,90000,0.004,337,110565,9.989772446775134e+19,118,2.52111472267804e+19,0.2523695846036912,2.1434030629303247e+18,219,7.468657724097094e+19,0.7476304153963088,3.4965454306459617e+18,2000,none,86.0,z,True,65,12,0,0,20.0,1e+20,1.8129133566428555,1.2,0.0,8.6,1,True,3.4965454306459617e+18,0.034965454306459615,1.0,0.0,0.8333333333333334,0.11627906976744186,0.0,206.78349696646669,0.9827806394355548,1.614442585309293,1.5384615384615386e+18,18.187086643357144,361,3,0.2523695846036912,0.9989876104533062,0.2454190102792993,0.2451705506387326,0.26042971995145925,0.007199033964958579,0.01525916931272664,True
Ma_xp_A2000_s086z_n65_r16_v00_90000_fof_0.0040_0000.hdf5,Ma_xp_A2000_s086z_n65_r16_v00_90000.hdf5,A2000,n65,r16,v00,s086z,90000,0.004,334,187162,9.992270769828137e+19,103,2.0056885385615454e+19,0.2007239980543524,2.1583297525994324e+18,231,7.98658223126659e+19,0.7992760019456475,5.918875194575314e+18,2000,none,86.0,z,True,65,16,0,0,20.0,1e+20,1.8129133566428555,1.6,0.0,8.6,1,True,5.918875194575314e+18,0.05918875194575314,1.0,0.0,0.625,0.11627906976744186,0.0,206.78349696646669,0.821281919029865,1.608818427700622,1.5384615384615386e+18,18.187086643357144,362,1,0.2007239980543524,0.989913906225039,0.20242320921547202,0.20038154974509623,0.22262217667156387,0.0003424483092561714,0.022240626926467638,True
Ma_xp_A2000_s086z_n65_r16_v06_90000_fof_0.0040_0000.hdf5,Ma_xp_A2000_s086z_n65_r16_v06_90000.hdf5,A2000,n65,r16,v06,s086z,90000,0.004,266,232507,9.992229658174482e+19,37,8.137955309175474e+18,0.0814428369599966,1.854894186126787e+18,229,9.178434127256938e+19,0.9185571630400036,7.352881006089574e+18,2000,none,86.0,z,True,65,16,6,0,20.0,1e+20,1.8129133566428555,1.6,0.6,8.6,1,False,7.352881006089574e+18,0.07352881006089575,1.0455854845748274,0.36,0.625,0.11627906976744186,0.96,206.78349696646669,0.8024067910450003,1.5685756873017576,1.5384615384615386e+18,18.187086643357144,363,2,0.0814428369599966,0.9709862445801413,0.08555443749723776,0.08307218197260932,0.07238577085192437,0.0016293450126127207,0.010686411120684955,False
Ma_xp_A2000_s086z_n65_r20_v00_90000_fof_0.0040_0000.hdf5,Ma_xp_A2000_s086z_n65_r20_v00_90000.hdf5,A2000,n65,r20,v00,s086z,90000,0.004,85,2261519,9.997061857816456e+19,0,0.0,0.0,0.0,85,9.997061857816456e+19,1.0,7.1519051470829674e+19,2000,none,86.0,z,True,65,20,0,0,20.0,1e+20,1.8129133566428555,2.0,0.0,8.6,1,False,7.1519051470829674e+19,0.7151905147082968,1.0,0.0,0.5,0.11627906976744186,0.0,206.78349696646669,0.0,1.4788571295282895,1.5384615384615386e+18,18.187086643357144,364,0,0.0,0.5645808607790948,0.1530379935798168,0.08640232214719853,0.1433119256006425,0.08640232214719853,0.05690960345344395,False
Ma_xp_A2000_s170mz_n65_r12_v00_90000_fof_0.0040_0000.hdf5,Ma_xp_A2000_s170mz_n65_r12_v00_90000.hdf5,A2000,n65,r12,v00,s170mz,90000,0.004,275,442695,9.975855858542331e+19,59,1.4614407265541183e+19,0.146497778965269,2.07468656150713e+18,216,8.514415131988215e+19,0.8535022210347312,1.3978439499963052e+19,2000,none,170.0,mz,True,65,12,0,0,20.0,1e+20,1.8129133566428555,1.2,0.0,17.0,1,True,1.3978439499963052e+19,0.13978439499963052,1.0,0.0,0.8333333333333334,0.058823529411764705,0.0,206.78349696646669,0.9827806394355548,1.614442585309293,1.5384615384615386e+18,18.187086643357144,365,4,0.146497778965269,0.3096891946588976,0.17991406904668159,0.05571744315087212,0.022837429098462182,0.09078033581439687,0.03288001405240994,False
Ma_xp_A2000_s170mz_n65_r16_v00_90000_fof_0.0040_0000.hdf5,Ma_xp_A2000_s170mz_n65_r16_v00_90000.hdf5,A2000,n65,r16,v00,s170mz,90000,0.004,177,1892049,9.964081250505086e+19,6,6.721220325422648e+18,0.0674544913519442,6.684560845962776e+18,171,9.29195921796282e+19,0.932545508648056,5.9742921147368e+19,2000,none,170.0,mz,True,65,16,0,0,20.0,1e+20,1.8129133566428555,1.6,0.0,17.0,1,False,5.9742921147368e+19,0.59742921147368,1.0,0.0,0.625,0.058823529411764705,0.0,206.78349696646669,0.821281919029865,1.608818427700622,1.5384615384615386e+18,18.187086643357144,366,3,0.0674544913519442,0.8375727803565182,0.1055527660435335,0.08840812372940343,0.06640109087353996,0.02095363237745923,0.022007032855863473,False
Ma_xp_A2000_s170mz_n65_r16_v06_90000_fof_0.0040_0000.hdf5,Ma_xp_A2000_s170mz_n65_r16_v06_90000.hdf5,A2000,n65,r16,v06,s170mz,90000,0.004,77,2171220,9.981432141026112e+19,0,0.0,0.0,0.0,77,9.981432141026112e+19,1.0,6.855796295581421e+19,2000,none,170.0,mz,True,65,16,6,0,20.0,1e+20,1.8129133566428555,1.6,0.6,17.0,1,False,6.855796295581421e+19,0.6855796295581421,1.0455854845748274,0.36,0.625,0.058823529411764705,0.96,206.78349696646669,0.8024067910450003,1.5685756873017576,1.5384615384615386e+18,18.187086643357144,367,2,0.0,0.09385199724689425,0.022615546702550837,0.0021225142268648093,0.01304448746677274,0.0021225142268648093,0.010921973239907932,False
Ma_xp_A2000_s170x_n65_r12_v00_90000_fof_0.0040_0000.hdf5,Ma_xp_A2000_s170x_n65_r12_v00_90000.hdf5,A2000,n65,r12,v00,s170x,90000,0.004,251,251897,9.886486931138068e+19,59,2.170863226870417e+19,0.2195788293648734,3.4049425564783744e+18,192,7.715623704267651e+19,0.7804211706351267,7.953844011617172e+18,2000,none,170.0,x,True,65,12,0,0,20.0,1e+20,1.8129133566428555,1.2,0.0,17.0,1,True,7.953844011617172e+18,0.07953844011617173,1.0,0.0,0.8333333333333334,0.058823529411764705,0.0,206.78349696646669,0.9827806394355548,1.614442585309293,1.5384615384615386e+18,18.187086643357144,368,1,0.2195788293648734,0.991769830251941,0.16362599818826684,0.16227932844798182,0.19727959819790608,0.057299500916891594,0.03500026974992426,True
Ma_xp_A2000_s170x_n65_r16_v00_90000_fof_0.0040_0000.hdf5,Ma_xp_A2000_s170x_n65_r16_v00_90000.hdf5,A2000,n65,r16,v00,s170x,90000,0.004,117,759994,9.955145305106928e+19,24,1.3169499616883851e+19,0.132288371623546,3.1045305947380905e+18,93,8.638195343418542e+19,0.8677116283764538,2.399740261239269e+19,2000,none,170.0,x,True,65,16,0,0,20.0,1e+20,1.8129133566428555,1.6,0.0,17.0,1,True,2.399740261239269e+19,0.2399740261239269,1.0,0.0,0.625,0.058823529411764705,0.0,206.78349696646669,0.821281919029865,1.608818427700622,1.5384615384615386e+18,18.187086643357144,369,0,0.132288371623546,0.9317152721921508,0.1269513610321346,0.1182825218992193,0.12978450722753032,0.01400584972432671,0.011501985328311023,True
Ma_xp_A2000_s170x_n65_r16_v06_90000_fof_0.0040_0000.hdf5,Ma_xp_A2000_s170x_n65_r16_v06_90000.hdf5,A2000,n65,r16,v06,s170x,90000,0.004,132,1097119,9.960033235768082e+19,0,0.0,0.0,0.0,132,9.960033235768082e+19,1.0,3.464238712030334e+19,2000,none,170.0,x,True,65,16,6,0,20.0,1e+20,1.8129133566428555,1.6,0.6,17.0,1,False,3.464238712030334e+19,0.3464238712030334,1.0455854845748274,0.36,0.625,0.058823529411764705,0.96,206.78349696646669,0.8024067910450003,1.5685756873017576,1.5384615384615386e+18,18.187086643357144,370,4,0.0,0.43473934927554114,0.026715547478303722,0.011614299726257585,0.002904722742468283,0.011614299726257585,0.008709576983789302,False
Ma_xp_A2000_s170x_n65_r20_v00_90000_fof_0.0040_0000.hdf5,Ma_xp_A2000_s170x_n65_r20_v00_90000.hdf5,A2000,n65,r20,v00,s170x,90000,0.004,10,2717478,9.982935147993652e+19,0,0.0,0.0,0.0,10,9.982935147993652e+19,1.0,8.58064848588708e+19,2000,none,170.0,x,True,65,20,0,0,20.0,1e+20,1.8129133566428555,2.0,0.0,17.0,1,False,8.58064848588708e+19,0.8580648485887079,1.0,0.0,0.5,0.058823529411764705,0.0,206.78349696646669,0.0,1.4788571295282895,1.5384615384615386e+18,18.187086643357144,371,3,0.0,0.015212987668415352,0.10374053995256866,0.0015782035550131772,0.00041983328168101336,0.0015782035550131772,0.001158370273332164,False
Ma_xp_A2000_s170y_n65_r12_v00_90000_fof_0.0040_0000.hdf5,Ma_xp_A2000_s170y_n65_r12_v00_90000.hdf5,A2000,n65,r12,v00,s170y,90000,0.004,231,304486,9.899837170514896e+19,66,1.8652728373684113e+19,0.1884144966468572,3.433202878714821e+18,165,8.034564333146482e+19,0.8115855033531426,9.61438265529594e+18,2000,none,170.0,y,True,65,12,0,0,20.0,1e+20,1.8129133566428555,1.2,0.0,17.0,1,True,9.61438265529594e+18,0.0961438265529594,1.0,0.0,0.8333333333333334,0.058823529411764705,0.0,206.78349696646669,0.9827806394355548,1.614442585309293,1.5384615384615386e+18,18.187086643357144,372,2,0.1884144966468572,0.9970320166221462,0.2008745075626982,0.20027831536321755,0.19714258914187255,0.011863818716360358,0.0031357262213450032,True
Ma_xp_A2000_s170y_n65_r16_v00_90000_fof_0.0040_0000.hdf5,Ma_xp_A2000_s170y_n65_r16_v00_90000.hdf5,A2000,n65,r16,v00,s170y,90000,0.004,120,685234,9.954270656009188e+19,44,1.2386199266354498e+19,0.1244310074980451,2.9203806514051773e+18,76,8.71565072937374e+19,0.8755689925019551,2.163679737157281e+19,2000,none,170.0,y,True,65,16,0,0,20.0,1e+20,1.8129133566428555,1.6,0.0,17.0,1,True,2.163679737157281e+19,0.2163679737157281,1.0,0.0,0.625,0.058823529411764705,0.0,206.78349696646669,0.821281919029865,1.608818427700622,1.5384615384615386e+18,18.187086643357144,373,1,0.1244310074980451,0.9900364382692689,0.1425306559968424,0.14111054300729625,0.15696042493299459,0.01667953550925115,0.015849881925698334,True
Ma_xp_A2000_s170y_n65_r16_v06_90000_fof_0.0040_0000.hdf5,Ma_xp_A2000_s170y_n65_r16_v06_90000.hdf5,A2000,n65,r16,v06,s170y,90000,0.004,67,971610,9.963500256279455e+19,3,4546912181069435.0,4.563569091297771e-05,1547213172725016.2,64,9.96304556506135e+19,0.9999543643090868,3.0679342669125415e+19,2000,none,170.0,y,True,65,16,6,0,20.0,1e+20,1.8129133566428555,1.6,0.6,17.0,1,False,3.0679342669125415e+19,0.30679342669125415,1.0455854845748274,0.36,0.625,0.058823529411764705,0.96,206.78349696646669,0.8024067910450003,1.5685756873017576,1.5384615384615386e+18,18.187086643357144,374,0,4.563569091297771e-05,0.2888932659193389,0.03845123939838464,0.011108304128445694,0.03744034870698292,0.011062668437532716,0.026332044578537227,False
Ma_xp_A2000_s170y_n65_r20_v00_90000_fof_0.0040_0000.hdf5,Ma_xp_A2000_s170y_n65_r20_v00_90000.hdf5,A2000,n65,r20,v00,s170y,90000,0.004,21,2808623,9.97216464974614e+19,0,0.0,0.0,0.0,21,9.97216464974614e+19,1.0,8.86844592388416e+19,2000,none,170.0,y,True,65,20,0,0,20.0,1e+20,1.8129133566428555,2.0,0.0,17.0,1,False,8.86844592388416e+19,0.886844592388416,1.0,0.0,0.5,0.058823529411764705,0.0,206.78349696646669,0.0,1.4788571295282895,1.5384615384615386e+18,18.187086643357144,375,4,0.0,0.06502178459816858,0.09596400536599654,0.006239750886085321,0.008757446599592229,0.006239750886085321,0.0025176957135069076,False
Ma_xp_A2000_s170z_n65_r12_v00_90000_fof_0.0040_0000.hdf5,Ma_xp_A2000_s170z_n65_r12_v00_90000.hdf5,A2000,n65,r12,v00,s170z,90000,0.004,323,176296,9.974801227526572e+19,99,2.3374033582366e+19,0.2343308207271615,2.9668917739239327e+18,224,7.637397869289973e+19,0.7656691792728385,5.566683540781856e+18,2000,none,170.0,z,True,65,12,0,0,20.0,1e+20,1.8129133566428555,1.2,0.0,17.0,1,True,5.566683540781856e+18,0.055666835407818555,1.0,0.0,0.8333333333333334,0.058823529411764705,0.0,206.78349696646669,0.9827806394355548,1.614442585309293,1.5384615384615386e+18,18.187086643357144,376,3,0.2343308207271615,0.9987169491862553,0.2296077196259049,0.22931312125439682,0.26077989016068387,0.005017699472764675,0.03146676890628705,True
Ma_xp_A2000_s170z_n65_r16_v00_90000_fof_0.0040_0000.hdf5,Ma_xp_A2000_s170z_n65_r16_v00_90000.hdf5,A2000,n65,r16,v00,s170z,90000,0.004,270,396758,9.977396756560622e+19,82,1.7830779269627402e+19,0.1787117391909147,1.71023891988359e+18,188,8.194318829597881e+19,0.8212882608090852,1.252794293842601e+19,2000,none,170.0,z,True,65,16,0,0,20.0,1e+20,1.8129133566428555,1.6,0.0,17.0,1,True,1.252794293842601e+19,0.1252794293842601,1.0,0.0,0.625,0.058823529411764705,0.0,206.78349696646669,0.821281919029865,1.608818427700622,1.5384615384615386e+18,18.187086643357144,377,3,0.1787117391909147,0.9971830187214502,0.18418463092488524,0.18366578626777325,0.22408698990012293,0.0049540470768585365,0.04042120363234969,True
Ma_xp_A2000_s170z_n65_r16_v06_90000_fof_0.0040_0000.hdf5,Ma_xp_A2000_s170z_n65_r16_v06_90000.hdf5,A2000,n65,r16,v06,s170z,90000,0.004,229,535750,9.977734617393285e+19,20,5.515215020962289e+18,0.0552752226076259,2.0144399751080904e+18,209,9.426213115297051e+19,0.944724777392374,1.6916723618077633e+19,2000,none,170.0,z,True,65,16,6,0,20.0,1e+20,1.8129133566428555,1.6,0.6,17.0,1,False,1.6916723618077633e+19,0.16916723618077634,1.0455854845748274,0.36,0.625,0.058823529411764705,0.96,206.78349696646669,0.8024067910450003,1.5685756873017576,1.5384615384615386e+18,18.187086643357144,378,1,0.0552752226076259,0.8781030763586043,0.057776863374122744,0.05073404147116795,0.07841234721244056,0.004541181136457947,0.027678305741272606,False
Ma_xp_A2000_s170z_n65_r20_v00_90000_fof_0.0040_0000.hdf5,Ma_xp_A2000_s170z_n65_r20_v00_90000.hdf5,A2000,n65,r20,v00,s170z,90000,0.004,8,2692248,9.980093327885638e+19,0,0.0,0.0,0.0,8,9.980093327885638e+19,1.0,8.500982795386598e+19,2000,none,170.0,z,True,65,20,0,0,20.0,1e+20,1.8129133566428555,2.0,0.0,17.0,1,False,8.500982795386598e+19,0.8500982795386598,1.0,0.0,0.5,0.058823529411764705,0.0,206.78349696646669,0.0,1.4788571295282895,1.5384615384615386e+18,18.187086643357144,379,0,0.0,0.43572204634136685,0.12044324518082469,0.05247977725818391,0.1433700682621281,0.05247977725818391,0.09089029100394418,False
Ma_xp_A2000c30_n65_r12_v00_90000_fof_0.0040_0000.hdf5,Ma_xp_A2000c30_n65_r12_v00_90000.hdf5,A2000c30,n65,r12,v00,,90000,0.004,220,945886,9.989343606934811e+19,102,1.6140753398481795e+19,0.1615797196852508,1.8614501713851963e+18,118,8.375268267086635e+19,0.8384202803147495,2.958844601101288e+19,2000,c30,,none,False,65,12,0,0,20.0,1e+20,1.8129133566428555,1.2,0.0,,0,True,2.958844601101288e+19,0.2958844601101288,1.0,0.0,0.8333333333333334,,0.0,206.78349696646669,0.9827806394355548,1.614442585309293,1.5384615384615386e+18,18.187086643357144,380,3,0.1615797196852508,0.9987768595011697,0.17605792910144236,0.1758425855182182,0.18359693227997617,0.014262865832967375,0.007754346761757985,True
Ma_xp_A2000c30_n65_r12_v02_90000_fof_0.0040_0000.hdf5,Ma_xp_A2000c30_n65_r12_v02_90000.hdf5,A2000c30,n65,r12,v02,,90000,0.004,201,919132,9.982236519051275e+19,94,1.5689772385815538e+19,0.1571769247890623,2.707888072600251e+18,107,8.413259280469724e+19,0.8428230752109378,2.875154887483925e+19,2000,c30,,none,False,65,12,2,0,20.0,1e+20,1.8129133566428555,1.2,0.2,,0,True,2.875154887483925e+19,0.2875154887483925,1.0037987903812355,0.04000000000000001,0.8333333333333334,,0.24,206.78349696646669,0.9806831622829186,1.6105617858015973,1.5384615384615386e+18,18.187086643357144,381,3,0.1571769247890623,0.9987172918886507,0.17781934489890397,0.17759125458284733,0.17285250759335122,0.02041432979378502,0.004738746989496112,True
Ma_xp_A2000c30_n65_r12_v04_90000_fof_0.0040_0000.hdf5,Ma_xp_A2000c30_n65_r12_v04_90000.hdf5,A2000c30,n65,r12,v04,,90000,0.004,212,1075346,9.98912776665291e+19,84,1.4759907533025427e+19,0.1477597231491922,2.250369289821423e+18,128,8.513137013350367e+19,0.8522402768508078,3.3638109734158504e+19,2000,c30,,none,False,65,12,4,0,20.0,1e+20,1.8129133566428555,1.2,0.4,,0,True,3.3638109734158504e+19,0.33638109734158506,1.0151951615249424,0.16000000000000003,0.8333333333333334,,0.48,206.78349696646669,0.9744710491123042,1.5990893158984896,1.5384615384615386e+18,18.187086643357144,382,1,0.1477597231491922,0.9991938004883465,0.15875944579260148,0.15863145400493311,0.14732075577860454,0.010871730855740919,0.011310698226328575,True
Ma_xp_A2000c30_n65_r12_v06_90000_fof_0.0040_0000.hdf5,Ma_xp_A2000c30_n65_r12_v06_90000.hdf5,A2000c30,n65,r12,v06,,90000,0.004,294,1199461,9.96730600381809e+19,42,1.220880081823372e+19,0.1224884719457494,2.4505689486331807e+18,252,8.746425921994716e+19,0.8775115280542504,3.7520575461010194e+19,2000,c30,,none,False,65,12,6,0,20.0,1e+20,1.8129133566428555,1.2,0.6,,0,True,3.7520575461010194e+19,0.37520575461010197,1.0341891134311205,0.36,0.8333333333333334,,0.72,206.78349696646669,0.9643768113754055,1.580514285261953,1.5384615384615386e+18,18.187086643357144,383,2,0.1224884719457494,0.9876974504078595,0.08657781592709117,0.08551268805306891,0.06878658246733249,0.03697578389268048,0.016726105585736423,False
Ma_xp_A2000c30_n65_r12_v08_90000_fof_0.0040_0000.hdf5,Ma_xp_A2000c30_n65_r12_v08_90000.hdf5,A2000c30,n65,r12,v08,,90000,0.004,313,1316817,9.96982726823831e+19,10,2.334797239688498e+18,0.0234186328094835,8.569796644986257e+17,303,9.73634754426946e+19,0.9765813671905164,4.1191611579452015e+19,2000,c30,,none,False,65,12,8,0,20.0,1e+20,1.8129133566428555,1.2,0.8,,0,False,4.1191611579452015e+19,0.41191611579452014,1.06078064609977,0.6400000000000001,0.8333333333333334,,0.96,206.78349696646669,0.950761528447568,1.5555878292397605,1.5384615384615386e+18,18.187086643357144,384,3,0.0234186328094835,0.7383181494141842,0.0793306489082174,0.05857125789374144,0.016900729194905897,0.03515262508425794,0.04167052869883554,False
Ma_xp_A2000c30_n65_r12_v10_90000_fof_0.0040_0000.hdf5,Ma_xp_A2000c30_n65_r12_v10_90000.hdf5,A2000c30,n65,r12,v10,,90000,0.004,206,1396577,9.984764039635336e+19,0,0.0,0.0,0.0,206,9.984764039635336e+19,1.0,4.368659982723585e+19,2000,c30,,none,False,65,12,10,0,20.0,1e+20,1.8129133566428555,1.2,1.0,,0,False,4.368659982723585e+19,0.4368659982723585,1.0949697595308905,1.0,0.8333333333333334,,1.2,206.78349696646669,0.934080602193229,1.5252422398947536,1.5384615384615386e+18,18.187086643357144,385,4,0.0,0.6215154026434561,0.02258258399077956,0.014035423781759022,0.017772395654427467,0.014035423781759022,0.003736971872668445,False
Ma_xp_A2000c30_n65_r14_v00_90000_fof_0.0040_0000.hdf5,Ma_xp_A2000c30_n65_r14_v00_90000.hdf5,A2000c30,n65,r14,v00,,90000,0.004,299,1971134,9.940970364172376e+19,99,1.5526296851918524e+19,0.156184922428457,1.9241689707469463e+18,200,8.388340678980523e+19,0.8438150775715431,6.165943035233535e+19,2000,c30,,none,False,65,14,0,0,20.0,1e+20,1.8129133566428555,1.4,0.0,,0,True,6.165943035233535e+19,0.6165943035233534,1.0,0.0,0.7142857142857143,,0.0,206.78349696646669,0.9284869091985879,1.6245823617011257,1.5384615384615386e+18,18.187086643357144,386,0,0.156184922428457,0.9967744685984756,0.15319729710584007,0.15270315441339652,0.17969630057452968,0.003481768015060477,0.026993146161133158,True
Ma_xp_A2000c30_n65_r16_v00_90000_fof_0.0040_0000.hdf5,Ma_xp_A2000c30_n65_r16_v00_90000.hdf5,A2000c30,n65,r16,v00,,90000,0.004,214,2379832,9.974947999955588e+19,67,1.0595535661380977e+19,0.1062214626224432,2.3113363421686257e+18,147,8.915394433817489e+19,0.8937785373775565,7.444399287623806e+19,2000,c30,,none,False,65,16,0,0,20.0,1e+20,1.8129133566428555,1.6,0.0,,0,True,7.444399287623806e+19,0.7444399287623806,1.0,0.0,0.625,,0.0,206.78349696646669,0.821281919029865,1.608818427700622,1.5384615384615386e+18,18.187086643357144,387,1,0.1062214626224432,0.9981953730323261,0.1340394713696314,0.133797580124865,0.15097109253702828,0.02757611750242181,0.017173512412163278,True
Ma_xp_A2000c30_n65_r16_v02_90000_fof_0.0040_0000.hdf5,Ma_xp_A2000c30_n65_r16_v02_90000.hdf5,A2000c30,n65,r16,v02,,90000,0.004,217,885248,9.98863352378385e+19,115,1.6004336099723893e+19,0.1602254809090363,3.1033136799510574e+18,102,8.388199913811463e+19,0.8397745190909639,2.7691616806284743e+19,2000,c30,,none,False,65,16,2,0,20.0,1e+20,1.8129133566428555,1.6,0.2,,0,True,2.7691616806284743e+19,0.2769161680628474,1.0050650538416475,0.04000000000000001,0.625,,0.32000000000000006,206.78349696646669,0.8191185930993311,1.6041920074662481,1.5384615384615386e+18,18.187086643357144,388,2,0.1602254809090363,0.9910325481952347,0.12671427177183253,0.1255779676467427,0.12481365170002905,0.034647513262293594,0.0007643159467136534,True
Ma_xp_A2000c30_n65_r16_v04_90000_fof_0.0040_0000.hdf5,Ma_xp_A2000c30_n65_r16_v04_90000.hdf5,A2000c30,n65,r16,v04,,90000,0.004,281,1078146,9.979017683884296e+19,79,1.4818684901609734e+19,0.1484984331227441,2.7691366557181117e+18,202,8.497149193723322e+19,0.8515015668772559,3.372569708488311e+19,2000,c30,,none,False,65,16,4,0,20.0,1e+20,1.8129133566428555,1.6,0.4,,0,True,3.372569708488311e+19,0.3372569708488311,1.02026021536659,0.16000000000000003,0.625,,0.6400000000000001,206.78349696646669,0.8127298954070143,1.5905508285215892,1.5384615384615386e+18,18.187086643357144,389,3,0.1484984331227441,0.9977003428922963,0.10033412770053433,0.10010339361062255,0.11196162387829403,0.048395039512121554,0.01185823026767148,True
Ma_xp_A2000c30_n65_r16_v06_90000_fof_0.0040_0000.hdf5,Ma_xp_A2000c30_n65_r16_v06_90000.hdf5,A2000c30,n65,r16,v06,,90000,0.004,290,1162817,9.949876121031382e+19,25,3.5169136625745326e+18,0.03534630602225,6.75705129684248e+17,265,9.598184754773932e+19,0.9646536939777504,3.637430728959857e+19,2000,c30,,none,False,65,16,6,0,20.0,1e+20,1.8129133566428555,1.6,0.6,,0,False,3.637430728959857e+19,0.36374307289598573,1.0455854845748274,0.36,0.625,,0.96,206.78349696646669,0.8024067910450003,1.5685756873017576,1.5384615384615386e+18,18.187086643357144,390,0,0.03534630602225,0.34990457364270794,0.07834916755231255,0.027414732067653012,0.014370065872644557,0.007931573954596989,0.013044666195008455,False
Ma_xp_A2000c30_n65_r16_v10_90000_fof_0.0040_0000.hdf5,Ma_xp_A2000c30_n65_r16_v10_90000.hdf5,A2000c30,n65,r16,v10,,90000,0.004,169,1405415,9.991583340508678e+19,0,0.0,0.0,0.0,169,9.991583340508678e+19,1.0,4.3963063043558736e+19,2000,c30,,none,False,65,16,10,0,20.0,1e+20,1.8129133566428555,1.6,1.0,,0,False,4.3963063043558736e+19,0.43963063043558737,1.1266263460411872,1.0,0.625,,1.6,206.78349696646669,0.7718420200458999,1.5039770163205064,1.5384615384615386e+18,18.187086643357144,391,4,0.0,0.11188315922570338,0.023977856624404145,0.0026827183505992954,0.01581202963210574,0.0026827183505992954,0.013129311281506446,False
Ma_xp_A2000c30_n65_r18_v00_90000_fof_0.0040_0000.hdf5,Ma_xp_A2000c30_n65_r18_v00_90000.hdf5,A2000c30,n65,r18,v00,,90000,0.004,121,2948418,9.968263208579978e+19,3,2.1938754486008512e+18,0.0220086027294355,2.181488094711911e+18,118,9.74887566371989e+19,0.977991397270564,9.22300433805752e+19,2000,c30,,none,False,65,18,0,0,20.0,1e+20,1.8129133566428555,1.8,0.0,,0,False,9.22300433805752e+19,0.9223004338057521,1.0,0.0,0.5555555555555556,,0.0,206.78349696646669,0.6254058614589896,1.5625421811002254,1.5384615384615386e+18,18.187086643357144,392,2,0.0220086027294355,0.02511541571111141,0.10594018749681573,0.0026607318494956144,0.0023848035515163495,0.019347870879939884,0.0002759282979792649,False
Ma_xp_A2000c30_n65_r20_v00_90000_fof_0.0040_0000.hdf5,Ma_xp_A2000c30_n65_r20_v00_90000.hdf5,A2000c30,n65,r20,v00,,90000,0.004,174,3124345,9.951024141195947e+19,0,0.0,0.0,0.0,174,9.951024141195947e+19,1.0,9.773325047163357e+19,2000,c30,,none,False,65,20,0,0,20.0,1e+20,1.8129133566428555,2.0,0.0,,0,False,9.773325047163357e+19,0.9773325047163357,1.0,0.0,0.5,,0.0,206.78349696646669,0.0,1.4788571295282895,1.5384615384615386e+18,18.187086643357144,393,1,0.0,0.03255551959002542,0.0605310195078356,0.001970618791391553,0.005797825853304489,0.001970618791391553,0.003827207061912936,False
Ma_xp_A2000c30_n65_r22_v00_90000_fof_0.0040_0000.hdf5,Ma_xp_A2000c30_n65_r22_v00_90000.hdf5,A2000c30,n65,r22,v00,,90000,0.004,1,3195625,9.996297417209251e+19,0,0.0,0.0,0.0,1,9.996297417209251e+19,1.0,9.996297417209251e+19,2000,c30,,none,False,65,22,0,0,20.0,1e+20,1.8129133566428555,2.2,0.0,,0,False,9.996297417209251e+19,0.9996297417209251,1.0,0.0,0.45454545454545453,,0.0,206.78349696646669,0.0,1.3463893624089283,1.5384615384615386e+18,18.187086643357144,394,4,0.0,0.02801826169574487,0.057643248041111345,0.0016150636086085905,0.013624279055039584,0.0016150636086085905,0.012009215446430993,False
Ma_xp_A2050_n70_r12_v00_90000_fof_0.0030_0000.hdf5,Ma_xp_A2050_n70_r12_v00_90000.hdf5,A2050,n70,r12,v00,,90000,0.003,930,541511,3.156780435474726e+20,385,8.558154853731672e+19,0.2711038993259811,8.629297811404521e+18,545,2.3009649501015586e+20,0.7288961006740187,1.6960023835072033e+19,2050,none,,none,False,70,12,0,0,20.5,3.1622776601683794e+20,1.845098040014257,1.2,0.0,,0,True,1.6960023835072033e+19,0.05363230448957153,1.0,0.0,0.8333333333333334,,0.0,303.5166654037102,0.9827806394355548,1.614442585309293,4.517539514526256e+18,18.654901959985743,395,4,0.2711038993259811,0.998189206753312,0.24658103799983605,0.24613453072146463,0.21851537989834705,0.024969368604516484,0.027619150823117583,True
Ma_xp_A2050_n70_r12_v00_90000_fof_0.0040_0000.hdf5,Ma_xp_A2050_n70_r12_v00_90000.hdf5,A2050,n70,r12,v00,,90000,0.004,912,541555,3.157887904100133e+20,385,8.562295333151336e+19,0.2711399388823852,8.629986847314e+18,527,2.301658370785e+20,0.728860061117615,1.6961401906890945e+19,2050,none,,none,False,70,12,0,0,20.5,3.1622776601683794e+20,1.845098040014257,1.2,0.0,,0,True,1.6961401906890945e+19,0.05363666233529858,1.0,0.0,0.8333333333333334,,0.0,303.5166654037102,0.9827806394355548,1.614442585309293,4.517539514526256e+18,18.654901959985743,396,4,0.2711399388823852,0.9984847052912643,0.24816161000657033,0.24778557203201604,0.2173862965170769,0.02335436685036915,0.03039927551493915,True
Ma_xp_A2050_n70_r12_v00_90000_fof_0.0050_0000.hdf5,Ma_xp_A2050_n70_r12_v00_90000.hdf5,A2050,n70,r12,v00,,90000,0.005,882,541559,3.158441012016561e+20,387,8.564393760693823e+19,0.2711588954205524,8.630268725640605e+18,495,2.302001635947178e+20,0.7288411045794474,1.696152718614721e+19,2050,none,,none,False,70,12,0,0,20.5,3.1622776601683794e+20,1.845098040014257,1.2,0.0,,0,True,1.696152718614721e+19,0.05363705850309195,1.0,0.0,0.8333333333333334,,0.0,303.5166654037102,0.9827806394355548,1.614442585309293,4.517539514526256e+18,18.654901959985743,397,4,0.2711588954205524,0.998660141761506,0.24918161012284576,0.24884774208964144,0.21925922824602456,0.022311153330910938,0.02958851384361688,True
Ma_xp_A2050_n70_r16_v00_90000_fof_0.0030_0000.hdf5,Ma_xp_A2050_n70_r16_v00_90000.hdf5,A2050,n70,r16,v00,,90000,0.003,577,2890146,3.158275956595681e+20,320,6.877073229622841e+19,0.2177476991920512,7.552052806563177e+18,257,2.4705686336333975e+20,0.782252300807949,9.051883534702204e+19,2050,none,,none,False,70,16,0,0,20.5,3.1622776601683794e+20,1.845098040014257,1.6,0.0,,0,True,9.051883534702204e+19,0.28624569084234763,1.0,0.0,0.625,,0.0,303.5166654037102,0.821281919029865,1.608818427700622,4.517539514526256e+18,18.654901959985743,398,3,0.2177476991920512,0.9954903840399119,0.21001289603470474,0.2090658185269223,0.17512182218250472,0.0086818806651289,0.03394399634441758,True
Ma_xp_A2050_n70_r16_v00_90000_fof_0.0040_0000.hdf5,Ma_xp_A2050_n70_r16_v00_90000.hdf5,A2050,n70,r16,v00,,90000,0.004,534,2960888,3.159236848487596e+20,317,6.8808879829762015e+19,0.2178022197439945,7.553900675593142e+18,217,2.4711480501899772e+20,0.7821977802560058,9.27344616334017e+19,2050,none,,none,False,70,16,0,0,20.5,3.1622776601683794e+20,1.845098040014257,1.6,0.0,,0,True,9.27344616334017e+19,0.29325211635104786,1.0,0.0,0.625,,0.0,303.5166654037102,0.821281919029865,1.608818427700622,4.517539514526256e+18,18.654901959985743,399,3,0.2178022197439945,0.9953074014385073,0.20988167169257876,0.20889678126191047,0.16218975087931115,0.008905438482084027,0.046707030382599324,True
Ma_xp_A2050_n70_r16_v00_90000_fof_0.0050_0000.hdf5,Ma_xp_A2050_n70_r16_v00_90000.hdf5,A2050,n70,r16,v00,,90000,0.005,501,2960896,3.159625840578216e+20,314,6.88237880612579e+19,0.2178225889197787,7.554119914291613e+18,187,2.4713879599656367e+20,0.7821774110802212,9.27347121919142e+19,2050,none,,none,False,70,16,0,0,20.5,3.1622776601683794e+20,1.845098040014257,1.6,0.0,,0,True,9.27347121919142e+19,0.2932529086866345,1.0,0.0,0.625,,0.0,303.5166654037102,0.821281919029865,1.608818427700622,4.517539514526256e+18,18.654901959985743,400,3,0.2178225889197787,0.9953074014385073,0.2099065517050331,0.20892154452245418,0.16742553769072213,0.008901044397324531,0.041496006831732046,True
Ma_xp_A2100_n70_r12_v00_90000_fof_0.0044_0000.hdf5,Ma_xp_A2100_n70_r12_v00_90000.hdf5,A2100,n70,r12,v00,,90000,0.0044,2976,790844,9.882218407203284e+20,887,2.5574268804366015e+20,0.2587907669165112,3.5149007724538753e+19,2089,7.32479152676668e+20,0.7412092330834887,7.837843393120377e+19,2100,none,,none,False,70,12,0,0,21.0,1e+21,1.845098040014257,1.2,0.0,,0,True,7.837843393120377e+19,0.07837843393120378,1.0,0.0,0.8333333333333334,,0.0,445.5015391906586,0.9827806394355548,1.614442585309293,1.4285714285714287e+19,19.154901959985743,401,0,0.2587907669165112,0.9988024304567252,0.26537367640038356,0.2650558729679396,0.2586019671002453,0.006265106051428382,0.006453905867694287,True
Ma_xp_A2100_n70_r12_v00_90000_fof_0.0059_0000.hdf5,Ma_xp_A2100_n70_r12_v00_90000.hdf5,A2100,n70,r12,v00,,90000,0.0059,2929,790874,9.897766364468052e+20,879,2.5604585735315787e+20,0.2586905448408398,3.5254755241124127e+19,2050,7.337307790936471e+20,0.7413094551591599,7.838140715097643e+19,2100,none,,none,False,70,12,0,0,21.0,1e+21,1.845098040014257,1.2,0.0,,0,True,7.838140715097643e+19,0.07838140715097644,1.0,0.0,0.8333333333333334,,0.0,445.5015391906586,0.9827806394355548,1.614442585309293,1.4285714285714287e+19,19.154901959985743,402,0,0.2586905448408398,0.9988024304567252,0.26457966604014593,0.26426281349032643,0.2583380434868713,0.0055722686494866225,0.005924770003455149,True
Ma_xp_A2100_n70_r12_v00_90000_fof_0.0074_0000.hdf5,Ma_xp_A2100_n70_r12_v00_90000.hdf5,A2100,n70,r12,v00,,90000,0.0074,2893,790878,9.906883247364068e+20,866,2.5624278360944384e+20,0.2586512601504843,3.5256043636359e+19,2027,7.34445541126963e+20,0.7413487398495157,7.838180358027946e+19,2100,none,,none,False,70,12,0,0,21.0,1e+21,1.845098040014257,1.2,0.0,,0,True,7.838180358027946e+19,0.07838180358027945,1.0,0.0,0.8333333333333334,,0.0,445.5015391906586,0.9827806394355548,1.614442585309293,1.4285714285714287e+19,19.154901959985743,403,0,0.2586512601504843,0.9988018228547819,0.26440486224619664,0.26408805838316873,0.25825620341901295,0.005436798232684448,0.00583185496415578,True
Ma_xp_A2100_n70_r16_v00_90000_fof_0.0044_0000.hdf5,Ma_xp_A2100_n70_r16_v00_90000.hdf5,A2100,n70,r16,v00,,90000,0.0044,2116,3921382,9.918259777264576e+20,387,2.1097422417355643e+20,0.2127129445199332,2.3405086944016703e+19,1729,7.808517535529012e+20,0.7872870554800669,3.886376832957781e+20,2100,none,,none,False,70,16,0,0,21.0,1e+21,1.845098040014257,1.6,0.0,,0,True,3.886376832957781e+20,0.38863768329577814,1.0,0.0,0.625,,0.0,445.5015391906586,0.821281919029865,1.608818427700622,1.4285714285714287e+19,19.154901959985743,404,1,0.2127129445199332,0.9927871975103666,0.210448010061984,0.20893009013107053,0.20145527839402816,0.0037828543888626665,0.0074748117370423695,True
Ma_xp_A2100_n70_r16_v00_90000_fof_0.0059_0000.hdf5,Ma_xp_A2100_n70_r16_v00_90000.hdf5,A2100,n70,r16,v00,,90000,0.0059,2101,3922068,9.9281298758368e+20,386,2.110706556015203e+20,0.2125986044111152,2.3410438739607716e+19,1715,7.8174233198216e+20,0.7874013955888849,3.887056709212351e+20,2100,none,,none,False,70,16,0,0,21.0,1e+21,1.845098040014257,1.6,0.0,,0,True,3.887056709212351e+20,0.3887056709212351,1.0,0.0,0.625,,0.0,445.5015391906586,0.821281919029865,1.608818427700622,1.4285714285714287e+19,19.154901959985743,405,1,0.2125986044111152,0.9935190976294178,0.2100863101064911,0.20872476124129508,0.20044775229286904,0.003873843169820118,0.008277008948426035,True
Ma_xp_A2100_n70_r16_v00_90000_fof_0.0074_0000.hdf5,Ma_xp_A2100_n70_r16_v00_90000.hdf5,A2100,n70,r16,v00,,90000,0.0074,2085,3922894,9.934826557838076e+20,382,2.1114181466141583e+20,0.2125269257920115,2.34134119593805e+19,1703,7.823408411223919e+20,0.7874730742079886,3.887875335722955e+20,2100,none,,none,False,70,16,0,0,21.0,1e+21,1.845098040014257,1.6,0.0,,0,True,3.887875335722955e+20,0.3887875335722955,1.0,0.0,0.625,,0.0,445.5015391906586,0.821281919029865,1.608818427700622,1.4285714285714287e+19,19.154901959985743,406,1,0.2125269257920115,0.9935190976294178,0.2079031546538243,0.20655575460597683,0.2001327339599967,0.005971171186034657,0.006423020645980132,True
