dataset,feature_set,target,model,group_feature,group_value,count,mean_residual,median_residual,mae_within_group
clean_subset,with_fof_linking_length,fragment_count_min_particles,dummy_mean,periapsis_Rm,1.2,8,-141.79924242424244,-137.42424242424244,141.79924242424244
clean_subset,with_fof_linking_length,fragment_count_min_particles,dummy_mean,periapsis_Rm,1.4,3,-159.42424242424244,-179.42424242424244,159.42424242424244
clean_subset,with_fof_linking_length,fragment_count_min_particles,dummy_mean,periapsis_Rm,1.6,10,572.5757575757577,-70.42424242424244,753.8848484848484
clean_subset,with_fof_linking_length,fragment_count_min_particles,dummy_mean,periapsis_Rm,1.7,1,-231.42424242424244,-231.42424242424244,231.42424242424244
clean_subset,with_fof_linking_length,fragment_count_min_particles,dummy_mean,periapsis_Rm,1.8,2,-360.92424242424244,-360.92424242424244,360.92424242424244
clean_subset,with_fof_linking_length,fragment_count_min_particles,dummy_mean,periapsis_Rm,1.9,2,-242.42424242424244,-242.42424242424244,242.42424242424244
clean_subset,with_fof_linking_length,fragment_count_min_particles,dummy_mean,periapsis_Rm,2.0,2,-292.42424242424244,-292.42424242424244,292.42424242424244
clean_subset,with_fof_linking_length,fragment_count_min_particles,dummy_mean,periapsis_Rm,2.2,1,-343.42424242424244,-343.42424242424244,343.42424242424244
clean_subset,with_fof_linking_length,fragment_count_min_particles,dummy_mean,periapsis_Rm,2.4,2,-175.42424242424244,-175.42424242424244,175.42424242424244
clean_subset,with_fof_linking_length,fragment_count_min_particles,dummy_mean,periapsis_Rm,2.6,1,-254.42424242424244,-254.42424242424244,254.42424242424244
clean_subset,with_fof_linking_length,fragment_count_min_particles,dummy_mean,periapsis_Rm,3.0,2,-351.92424242424244,-351.92424242424244,351.92424242424244
clean_subset,with_fof_linking_length,fragment_count_min_particles,gradient_boosting,periapsis_Rm,1.2,8,79.12898678919076,47.84605246573635,111.22492539248431
clean_subset,with_fof_linking_length,fragment_count_min_particles,gradient_boosting,periapsis_Rm,1.4,3,-20.44589431547318,-31.228810791813828,30.96112891317665
clean_subset,with_fof_linking_length,fragment_count_min_particles,gradient_boosting,periapsis_Rm,1.6,10,152.29977783527283,14.657683603523992,210.90653332632638
clean_subset,with_fof_linking_length,fragment_count_min_particles,gradient_boosting,periapsis_Rm,1.7,1,-40.96835570482219,-40.96835570482219,40.96835570482219
clean_subset,with_fof_linking_length,fragment_count_min_particles,gradient_boosting,periapsis_Rm,1.8,2,-24.339089092804805,-24.339089092804805,49.34515666356598
clean_subset,with_fof_linking_length,fragment_count_min_particles,gradient_boosting,periapsis_Rm,1.9,2,-67.8070835453256,-67.8070835453256,67.8070835453256
clean_subset,with_fof_linking_length,fragment_count_min_particles,gradient_boosting,periapsis_Rm,2.0,2,42.59517401730079,42.59517401730079,160.8824222235208
clean_subset,with_fof_linking_length,fragment_count_min_particles,gradient_boosting,periapsis_Rm,2.2,1,-74.3886561460157,-74.3886561460157,74.3886561460157
clean_subset,with_fof_linking_length,fragment_count_min_particles,gradient_boosting,periapsis_Rm,2.4,2,140.5541197834085,140.5541197834085,140.5541197834085
clean_subset,with_fof_linking_length,fragment_count_min_particles,gradient_boosting,periapsis_Rm,2.6,1,145.52110116750129,145.52110116750129,145.52110116750129
clean_subset,with_fof_linking_length,fragment_count_min_particles,gradient_boosting,periapsis_Rm,3.0,2,50.28056138477392,50.28056138477392,70.82105563439845
clean_subset,with_fof_linking_length,fragment_count_min_particles,random_forest,periapsis_Rm,1.2,8,1.398424813612305,1.992463985088932,15.79366191678685
clean_subset,with_fof_linking_length,fragment_count_min_particles,random_forest,periapsis_Rm,1.4,3,-21.618283108866574,-38.036251202501205,32.93019741061403
clean_subset,with_fof_linking_length,fragment_count_min_particles,random_forest,periapsis_Rm,1.6,10,300.02252316017325,21.12784391534386,344.6250041125542
clean_subset,with_fof_linking_length,fragment_count_min_particles,random_forest,periapsis_Rm,1.7,1,0.2341216931218355,0.2341216931218355,0.2341216931218355
clean_subset,with_fof_linking_length,fragment_count_min_particles,random_forest,periapsis_Rm,1.8,2,-64.1970111832612,-64.1970111832612,64.1970111832612
clean_subset,with_fof_linking_length,fragment_count_min_particles,random_forest,periapsis_Rm,1.9,2,-56.1705615079365,-56.1705615079365,71.39608796296295
clean_subset,with_fof_linking_length,fragment_count_min_particles,random_forest,periapsis_Rm,2.0,2,-261.67784788359785,-261.67784788359785,261.67784788359785
clean_subset,with_fof_linking_length,fragment_count_min_particles,random_forest,periapsis_Rm,2.2,1,-74.6699113756614,-74.6699113756614,74.6699113756614
clean_subset,with_fof_linking_length,fragment_count_min_particles,random_forest,periapsis_Rm,2.4,2,127.62541269841269,127.62541269841269,127.62541269841269
clean_subset,with_fof_linking_length,fragment_count_min_particles,random_forest,periapsis_Rm,2.6,1,13.834972222222262,13.834972222222262,13.834972222222262
clean_subset,with_fof_linking_length,fragment_count_min_particles,random_forest,periapsis_Rm,3.0,2,-36.145158068783076,-36.145158068783076,36.145158068783076
clean_subset,with_fof_linking_length,fragment_count_min_particles,ridge,periapsis_Rm,1.2,8,-94.68754274044468,-179.21735204882714,215.6190990253623
clean_subset,with_fof_linking_length,fragment_count_min_particles,ridge,periapsis_Rm,1.4,3,3.8933611278872227,-3.5988950664061576,11.517477410722071
clean_subset,with_fof_linking_length,fragment_count_min_particles,ridge,periapsis_Rm,1.6,10,220.3379036153051,31.962775752561186,551.0009281734616
clean_subset,with_fof_linking_length,fragment_count_min_particles,ridge,periapsis_Rm,1.7,1,11.617964972371624,11.617964972371624,11.617964972371624
clean_subset,with_fof_linking_length,fragment_count_min_particles,ridge,periapsis_Rm,1.8,2,13.966343285230892,13.966343285230892,40.11919214571998
clean_subset,with_fof_linking_length,fragment_count_min_particles,ridge,periapsis_Rm,1.9,2,-18.564437727080303,-18.564437727080303,59.97538205186959
clean_subset,with_fof_linking_length,fragment_count_min_particles,ridge,periapsis_Rm,2.0,2,-754.3264177147493,-754.3264177147493,754.3264177147493
clean_subset,with_fof_linking_length,fragment_count_min_particles,ridge,periapsis_Rm,2.2,1,5.970492777445315,5.970492777445315,5.970492777445315
clean_subset,with_fof_linking_length,fragment_count_min_particles,ridge,periapsis_Rm,2.4,2,220.1645952363046,220.1645952363046,220.1645952363046
clean_subset,with_fof_linking_length,fragment_count_min_particles,ridge,periapsis_Rm,2.6,1,187.3586976951641,187.3586976951641,187.3586976951641
clean_subset,with_fof_linking_length,fragment_count_min_particles,ridge,periapsis_Rm,3.0,2,328.1912409823401,328.1912409823401,328.1912409823401
clean_subset,with_fof_linking_length,largest_fragment_mass_kg,dummy_mean,periapsis_Rm,1.2,8,-1.8885801360337977e+19,-2.521655742431736e+19,2.0950815597136626e+19
clean_subset,with_fof_linking_length,largest_fragment_mass_kg,dummy_mean,periapsis_Rm,1.4,3,-1.2769487676310495e+19,-1.316421529764597e+19,1.2769487676310495e+19
clean_subset,with_fof_linking_length,largest_fragment_mass_kg,dummy_mean,periapsis_Rm,1.6,10,-8.758505532819851e+18,-4.55040874524441e+18,1.0328367592803267e+19
clean_subset,with_fof_linking_length,largest_fragment_mass_kg,dummy_mean,periapsis_Rm,1.7,1,1.2750199759246365e+19,1.2750199759246365e+19,1.2750199759246365e+19
clean_subset,with_fof_linking_length,largest_fragment_mass_kg,dummy_mean,periapsis_Rm,1.8,2,5.2327987390405575e+19,5.2327987390405575e+19,5.2327987390405575e+19
clean_subset,with_fof_linking_length,largest_fragment_mass_kg,dummy_mean,periapsis_Rm,1.9,2,1.372374113935468e+19,1.372374113935468e+19,3.8832729918376395e+19
clean_subset,with_fof_linking_length,largest_fragment_mass_kg,dummy_mean,periapsis_Rm,2.0,2,5.0340167456295805e+19,5.0340167456295805e+19,5.0340167456295805e+19
clean_subset,with_fof_linking_length,largest_fragment_mass_kg,dummy_mean,periapsis_Rm,2.2,1,5.204207134906317e+19,5.204207134906317e+19,5.204207134906317e+19
clean_subset,with_fof_linking_length,largest_fragment_mass_kg,dummy_mean,periapsis_Rm,2.4,2,2.6390512370709324e+19,2.6390512370709324e+19,3.858154533592838e+19
clean_subset,with_fof_linking_length,largest_fragment_mass_kg,dummy_mean,periapsis_Rm,2.6,1,1.3979769490231382e+19,1.3979769490231382e+19,1.3979769490231382e+19
clean_subset,with_fof_linking_length,largest_fragment_mass_kg,dummy_mean,periapsis_Rm,3.0,2,6.812283430091243e+19,6.812283430091243e+19,6.812283430091243e+19
clean_subset,with_fof_linking_length,largest_fragment_mass_kg,gradient_boosting,periapsis_Rm,1.2,8,-3.219849729217612e+18,1.8238123374541606e+17,4.819446392457831e+18
clean_subset,with_fof_linking_length,largest_fragment_mass_kg,gradient_boosting,periapsis_Rm,1.4,3,2.389760513602218e+18,1.514660226596997e+18,2.389760513602218e+18
clean_subset,with_fof_linking_length,largest_fragment_mass_kg,gradient_boosting,periapsis_Rm,1.6,10,-9.23113300532024e+17,-2.878971362351362e+18,4.762161312461341e+18
clean_subset,with_fof_linking_length,largest_fragment_mass_kg,gradient_boosting,periapsis_Rm,1.7,1,1.1027264222945247e+19,1.1027264222945247e+19,1.1027264222945247e+19
clean_subset,with_fof_linking_length,largest_fragment_mass_kg,gradient_boosting,periapsis_Rm,1.8,2,-3.273132777862578e+18,-3.273132777862578e+18,8.016361435669512e+18
clean_subset,with_fof_linking_length,largest_fragment_mass_kg,gradient_boosting,periapsis_Rm,1.9,2,7.489948179538925e+18,7.489948179538925e+18,7.489948179538925e+18
clean_subset,with_fof_linking_length,largest_fragment_mass_kg,gradient_boosting,periapsis_Rm,2.0,2,2.183072692765442e+18,2.183072692765442e+18,3.188199949933232e+18
clean_subset,with_fof_linking_length,largest_fragment_mass_kg,gradient_boosting,periapsis_Rm,2.2,1,4.197952583176148e+19,4.197952583176148e+19,4.197952583176148e+19
clean_subset,with_fof_linking_length,largest_fragment_mass_kg,gradient_boosting,periapsis_Rm,2.4,2,-1.7870938346378838e+19,-1.7870938346378838e+19,2.2332737559769547e+19
clean_subset,with_fof_linking_length,largest_fragment_mass_kg,gradient_boosting,periapsis_Rm,2.6,1,-3.568637872903037e+19,-3.568637872903037e+19,3.568637872903037e+19
clean_subset,with_fof_linking_length,largest_fragment_mass_kg,gradient_boosting,periapsis_Rm,3.0,2,8.253358737364328e+18,8.253358737364328e+18,8.253358737364328e+18
clean_subset,with_fof_linking_length,largest_fragment_mass_kg,random_forest,periapsis_Rm,1.2,8,-3.742192219143575e+18,3612985533002240.0,5.758779589110565e+18
clean_subset,with_fof_linking_length,largest_fragment_mass_kg,random_forest,periapsis_Rm,1.4,3,5.088836250650134e+18,4.622771845138495e+18,5.088836250650134e+18
clean_subset,with_fof_linking_length,largest_fragment_mass_kg,random_forest,periapsis_Rm,1.6,10,3.9725096536843264e+17,-1.9800189522122368e+17,3.6098308507049943e+18
clean_subset,with_fof_linking_length,largest_fragment_mass_kg,random_forest,periapsis_Rm,1.7,1,-1.9044454794839e+18,-1.9044454794839e+18,1.9044454794839e+18
clean_subset,with_fof_linking_length,largest_fragment_mass_kg,random_forest,periapsis_Rm,1.8,2,8.303749232432398e+18,8.303749232432398e+18,8.303749232432398e+18
clean_subset,with_fof_linking_length,largest_fragment_mass_kg,random_forest,periapsis_Rm,1.9,2,3.1101065693865185e+18,3.1101065693865185e+18,6.638930605779876e+18
clean_subset,with_fof_linking_length,largest_fragment_mass_kg,random_forest,periapsis_Rm,2.0,2,9.467449902471619e+17,9.467449902471619e+17,9.467449902471619e+17
clean_subset,with_fof_linking_length,largest_fragment_mass_kg,random_forest,periapsis_Rm,2.2,1,3.095593835465732e+19,3.095593835465732e+19,3.095593835465732e+19
clean_subset,with_fof_linking_length,largest_fragment_mass_kg,random_forest,periapsis_Rm,2.4,2,-7.715324305446275e+18,-7.715324305446275e+18,2.431031680653969e+19
clean_subset,with_fof_linking_length,largest_fragment_mass_kg,random_forest,periapsis_Rm,2.6,1,-1.0413590318873379e+19,-1.0413590318873379e+19,1.0413590318873379e+19
clean_subset,with_fof_linking_length,largest_fragment_mass_kg,random_forest,periapsis_Rm,3.0,2,3.033750465934502e+19,3.033750465934502e+19,3.033750465934502e+19
clean_subset,with_fof_linking_length,largest_fragment_mass_kg,ridge,periapsis_Rm,1.2,8,9.924238909577191e+18,1.57401434576457e+19,1.5291552767303836e+19
clean_subset,with_fof_linking_length,largest_fragment_mass_kg,ridge,periapsis_Rm,1.4,3,-1.4168460208581245e+19,-1.4499562479668281e+19,1.4168460208581245e+19
clean_subset,with_fof_linking_length,largest_fragment_mass_kg,ridge,periapsis_Rm,1.6,10,-1.1253866939301138e+19,-8.493785463174283e+18,1.1253866939301138e+19
clean_subset,with_fof_linking_length,largest_fragment_mass_kg,ridge,periapsis_Rm,1.7,1,-7.109902778694459e+18,-7.109902778694459e+18,7.109902778694459e+18
clean_subset,with_fof_linking_length,largest_fragment_mass_kg,ridge,periapsis_Rm,1.8,2,2.6849688215165735e+19,2.6849688215165735e+19,2.6849688215165735e+19
clean_subset,with_fof_linking_length,largest_fragment_mass_kg,ridge,periapsis_Rm,1.9,2,-2.6025267217304207e+18,-2.6025267217304207e+18,2.3203559738568753e+19
clean_subset,with_fof_linking_length,largest_fragment_mass_kg,ridge,periapsis_Rm,2.0,2,2.048522829349765e+19,2.048522829349765e+19,2.048522829349765e+19
clean_subset,with_fof_linking_length,largest_fragment_mass_kg,ridge,periapsis_Rm,2.2,1,3.2923404708772348e+19,3.2923404708772348e+19,3.2923404708772348e+19
clean_subset,with_fof_linking_length,largest_fragment_mass_kg,ridge,periapsis_Rm,2.4,2,-4.684206920240681e+18,-4.684206920240681e+18,3.844226248363565e+19
clean_subset,with_fof_linking_length,largest_fragment_mass_kg,ridge,periapsis_Rm,2.6,1,-2.9051002451377824e+19,-2.9051002451377824e+19,2.9051002451377824e+19
clean_subset,with_fof_linking_length,largest_fragment_mass_kg,ridge,periapsis_Rm,3.0,2,7.62108501106647e+17,7.62108501106647e+17,2.5218730311043564e+18
clean_subset,with_fof_linking_length,largest_fragment_particle_count,dummy_mean,periapsis_Rm,1.2,8,-601380.3636363636,-803677.1136363636,665124.8352272727
clean_subset,with_fof_linking_length,largest_fragment_particle_count,dummy_mean,periapsis_Rm,1.4,3,-398972.7803030303,-411718.11363636365,398972.7803030303
clean_subset,with_fof_linking_length,largest_fragment_particle_count,dummy_mean,periapsis_Rm,1.6,10,-280188.31363636366,-134910.11363636365,325644.84545454546
clean_subset,with_fof_linking_length,largest_fragment_particle_count,dummy_mean,periapsis_Rm,1.7,1,425031.88636363635,425031.88636363635,425031.88636363635
clean_subset,with_fof_linking_length,largest_fragment_particle_count,dummy_mean,periapsis_Rm,1.8,2,1702958.3863636362,1702958.3863636362,1702958.3863636362
clean_subset,with_fof_linking_length,largest_fragment_particle_count,dummy_mean,periapsis_Rm,1.9,2,455400.8863636363,455400.8863636363,1254935.0
clean_subset,with_fof_linking_length,largest_fragment_particle_count,dummy_mean,periapsis_Rm,2.0,2,1591043.3863636362,1591043.3863636362,1591043.3863636362
clean_subset,with_fof_linking_length,largest_fragment_particle_count,dummy_mean,periapsis_Rm,2.2,1,1637745.8863636362,1637745.8863636362,1637745.8863636362
clean_subset,with_fof_linking_length,largest_fragment_particle_count,dummy_mean,periapsis_Rm,2.4,2,828661.3863636362,828661.3863636362,1217680.5
clean_subset,with_fof_linking_length,largest_fragment_particle_count,dummy_mean,periapsis_Rm,2.6,1,442654.88636363635,442654.88636363635,442654.88636363635
clean_subset,with_fof_linking_length,largest_fragment_particle_count,dummy_mean,periapsis_Rm,3.0,2,2154342.8863636362,2154342.8863636362,2154342.8863636362
clean_subset,with_fof_linking_length,largest_fragment_particle_count,gradient_boosting,periapsis_Rm,1.2,8,-95948.45413812924,979.8882182212255,141941.76243421086
clean_subset,with_fof_linking_length,largest_fragment_particle_count,gradient_boosting,periapsis_Rm,1.4,3,144483.73262769636,120253.7119525011,144483.73262769636
clean_subset,with_fof_linking_length,largest_fragment_particle_count,gradient_boosting,periapsis_Rm,1.6,10,-22056.94902198451,-78688.11214130925,139011.56147383878
clean_subset,with_fof_linking_length,largest_fragment_particle_count,gradient_boosting,periapsis_Rm,1.7,1,364317.80046947254,364317.80046947254,364317.80046947254
clean_subset,with_fof_linking_length,largest_fragment_particle_count,gradient_boosting,periapsis_Rm,1.8,2,-97628.60152582661,-97628.60152582661,279455.0297866508
clean_subset,with_fof_linking_length,largest_fragment_particle_count,gradient_boosting,periapsis_Rm,1.9,2,212125.3269134265,212125.3269134265,212125.3269134265
clean_subset,with_fof_linking_length,largest_fragment_particle_count,gradient_boosting,periapsis_Rm,2.0,2,79651.7766710032,79651.7766710032,223720.18514129065
clean_subset,with_fof_linking_length,largest_fragment_particle_count,gradient_boosting,periapsis_Rm,2.2,1,1368130.204138413,1368130.204138413,1368130.204138413
clean_subset,with_fof_linking_length,largest_fragment_particle_count,gradient_boosting,periapsis_Rm,2.4,2,-589839.3740059235,-589839.3740059235,730844.1273425482
clean_subset,with_fof_linking_length,largest_fragment_particle_count,gradient_boosting,periapsis_Rm,2.6,1,-1133201.3664267897,-1133201.3664267897,1133201.3664267897
clean_subset,with_fof_linking_length,largest_fragment_particle_count,gradient_boosting,periapsis_Rm,3.0,2,263551.19949656655,263551.19949656655,263551.19949656655
clean_subset,with_fof_linking_length,largest_fragment_particle_count,random_forest,periapsis_Rm,1.2,8,-117734.35500189982,322.10216269841476,182777.21977528845
clean_subset,with_fof_linking_length,largest_fragment_particle_count,random_forest,periapsis_Rm,1.4,3,166550.9858615521,149968.24804761918,166550.9858615521
clean_subset,with_fof_linking_length,largest_fragment_particle_count,random_forest,periapsis_Rm,1.6,10,12024.275371512707,-7063.276433501451,111866.05194715023
clean_subset,with_fof_linking_length,largest_fragment_particle_count,random_forest,periapsis_Rm,1.7,1,-54972.44094312051,-54972.44094312051,54972.44094312051
clean_subset,with_fof_linking_length,largest_fragment_particle_count,random_forest,periapsis_Rm,1.8,2,264770.4808505294,264770.4808505294,264770.4808505294
clean_subset,with_fof_linking_length,largest_fragment_particle_count,random_forest,periapsis_Rm,1.9,2,105705.66120863416,105705.66120863416,206487.19313395873
clean_subset,with_fof_linking_length,largest_fragment_particle_count,random_forest,periapsis_Rm,2.0,2,19893.870762386592,19893.870762386592,19893.870762386592
clean_subset,with_fof_linking_length,largest_fragment_particle_count,random_forest,periapsis_Rm,2.2,1,986596.5812447101,986596.5812447101,986596.5812447101
clean_subset,with_fof_linking_length,largest_fragment_particle_count,random_forest,periapsis_Rm,2.4,2,-247429.30838492035,-247429.30838492035,772232.2271230164
clean_subset,with_fof_linking_length,largest_fragment_particle_count,random_forest,periapsis_Rm,2.6,1,-350171.5223809527,-350171.5223809527,350171.5223809527
clean_subset,with_fof_linking_length,largest_fragment_particle_count,random_forest,periapsis_Rm,3.0,2,948608.783350529,948608.783350529,948608.783350529
clean_subset,with_fof_linking_length,largest_fragment_particle_count,ridge,periapsis_Rm,1.2,8,317873.3574370852,503407.04066155537,487046.185414586
clean_subset,with_fof_linking_length,largest_fragment_particle_count,ridge,periapsis_Rm,1.4,3,-461783.2472453153,-472457.16941619455,461783.2472453153
clean_subset,with_fof_linking_length,largest_fragment_particle_count,ridge,periapsis_Rm,1.6,10,-359024.9561995086,-269129.31698754936,359024.9561995086
clean_subset,with_fof_linking_length,largest_fragment_particle_count,ridge,periapsis_Rm,1.7,1,-225995.69606673438,-225995.69606673438,225995.69606673438
clean_subset,with_fof_linking_length,largest_fragment_particle_count,ridge,periapsis_Rm,1.8,2,873292.8093878924,873292.8093878924,873292.8093878924
clean_subset,with_fof_linking_length,largest_fragment_particle_count,ridge,periapsis_Rm,1.9,2,-72681.10121275025,-72681.10121275025,746749.365362139
clean_subset,with_fof_linking_length,largest_fragment_particle_count,ridge,periapsis_Rm,2.0,2,646485.1583618195,646485.1583618195,646485.1583618195
clean_subset,with_fof_linking_length,largest_fragment_particle_count,ridge,periapsis_Rm,2.2,1,1031171.9674547589,1031171.9674547589,1031171.9674547589
clean_subset,with_fof_linking_length,largest_fragment_particle_count,ridge,periapsis_Rm,2.4,2,-158743.81918184948,-158743.81918184948,1213271.7468527318
clean_subset,with_fof_linking_length,largest_fragment_particle_count,ridge,periapsis_Rm,2.6,1,-925581.6058184579,-925581.6058184579,925581.6058184579
clean_subset,with_fof_linking_length,largest_fragment_particle_count,ridge,periapsis_Rm,3.0,2,11217.561466520187,11217.561466520187,71251.2468527318
clean_subset,without_fof_linking_length,fragment_count_min_particles,dummy_mean,periapsis_Rm,1.2,8,-141.79924242424244,-137.42424242424244,141.79924242424244
clean_subset,without_fof_linking_length,fragment_count_min_particles,dummy_mean,periapsis_Rm,1.4,3,-159.42424242424244,-179.42424242424244,159.42424242424244
clean_subset,without_fof_linking_length,fragment_count_min_particles,dummy_mean,periapsis_Rm,1.6,10,572.5757575757577,-70.42424242424244,753.8848484848484
clean_subset,without_fof_linking_length,fragment_count_min_particles,dummy_mean,periapsis_Rm,1.7,1,-231.42424242424244,-231.42424242424244,231.42424242424244
clean_subset,without_fof_linking_length,fragment_count_min_particles,dummy_mean,periapsis_Rm,1.8,2,-360.92424242424244,-360.92424242424244,360.92424242424244
clean_subset,without_fof_linking_length,fragment_count_min_particles,dummy_mean,periapsis_Rm,1.9,2,-242.42424242424244,-242.42424242424244,242.42424242424244
clean_subset,without_fof_linking_length,fragment_count_min_particles,dummy_mean,periapsis_Rm,2.0,2,-292.42424242424244,-292.42424242424244,292.42424242424244
clean_subset,without_fof_linking_length,fragment_count_min_particles,dummy_mean,periapsis_Rm,2.2,1,-343.42424242424244,-343.42424242424244,343.42424242424244
clean_subset,without_fof_linking_length,fragment_count_min_particles,dummy_mean,periapsis_Rm,2.4,2,-175.42424242424244,-175.42424242424244,175.42424242424244
clean_subset,without_fof_linking_length,fragment_count_min_particles,dummy_mean,periapsis_Rm,2.6,1,-254.42424242424244,-254.42424242424244,254.42424242424244
clean_subset,without_fof_linking_length,fragment_count_min_particles,dummy_mean,periapsis_Rm,3.0,2,-351.92424242424244,-351.92424242424244,351.92424242424244
clean_subset,without_fof_linking_length,fragment_count_min_particles,gradient_boosting,periapsis_Rm,1.2,8,79.12898678919079,47.84605246573636,111.2249253924843
clean_subset,without_fof_linking_length,fragment_count_min_particles,gradient_boosting,periapsis_Rm,1.4,3,-20.445894315473122,-31.22881079181377,30.961128913176633
clean_subset,without_fof_linking_length,fragment_count_min_particles,gradient_boosting,periapsis_Rm,1.6,10,152.29977783527292,14.65768360352402,210.90653332632627
clean_subset,without_fof_linking_length,fragment_count_min_particles,gradient_boosting,periapsis_Rm,1.7,1,-40.9683557048221,-40.9683557048221,40.9683557048221
clean_subset,without_fof_linking_length,fragment_count_min_particles,gradient_boosting,periapsis_Rm,1.8,2,-24.339089092804855,-24.339089092804855,49.34515666356599
clean_subset,without_fof_linking_length,fragment_count_min_particles,gradient_boosting,periapsis_Rm,1.9,2,-67.8070835453256,-67.8070835453256,67.8070835453256
clean_subset,without_fof_linking_length,fragment_count_min_particles,gradient_boosting,periapsis_Rm,2.0,2,42.59517401730075,42.59517401730075,160.8824222235208
clean_subset,without_fof_linking_length,fragment_count_min_particles,gradient_boosting,periapsis_Rm,2.2,1,-74.38865614601585,-74.38865614601585,74.38865614601585
clean_subset,without_fof_linking_length,fragment_count_min_particles,gradient_boosting,periapsis_Rm,2.4,2,140.5541197834084,140.5541197834084,140.5541197834084
clean_subset,without_fof_linking_length,fragment_count_min_particles,gradient_boosting,periapsis_Rm,2.6,1,145.5211011675012,145.5211011675012,145.5211011675012
clean_subset,without_fof_linking_length,fragment_count_min_particles,gradient_boosting,periapsis_Rm,3.0,2,50.28056138477386,50.28056138477386,70.82105563439845
clean_subset,without_fof_linking_length,fragment_count_min_particles,random_forest,periapsis_Rm,1.2,8,1.4005746151996092,1.7803012866762344,15.603694654882098
clean_subset,without_fof_linking_length,fragment_count_min_particles,random_forest,periapsis_Rm,1.4,3,-21.981116442199948,-38.35458453583465,33.10180852172514
clean_subset,without_fof_linking_length,fragment_count_min_particles,random_forest,periapsis_Rm,1.6,10,300.7396477633478,21.29210582010579,345.9447176046178
clean_subset,without_fof_linking_length,fragment_count_min_particles,random_forest,periapsis_Rm,1.7,1,0.21810582010593293,0.21810582010593293,0.21810582010593293
clean_subset,without_fof_linking_length,fragment_count_min_particles,random_forest,periapsis_Rm,1.8,2,-64.19701118326117,-64.19701118326117,64.19701118326117
clean_subset,without_fof_linking_length,fragment_count_min_particles,random_forest,periapsis_Rm,1.9,2,-55.7877003968254,-55.7877003968254,71.87039351851853
clean_subset,without_fof_linking_length,fragment_count_min_particles,random_forest,periapsis_Rm,2.0,2,-261.98868121693124,-261.98868121693124,261.98868121693124
clean_subset,without_fof_linking_length,fragment_count_min_particles,random_forest,periapsis_Rm,2.2,1,-73.87046693121692,-73.87046693121692,73.87046693121692
clean_subset,without_fof_linking_length,fragment_count_min_particles,random_forest,periapsis_Rm,2.4,2,128.05399603174604,128.05399603174604,128.05399603174604
clean_subset,without_fof_linking_length,fragment_count_min_particles,random_forest,periapsis_Rm,2.6,1,14.692138888888906,14.692138888888906,14.692138888888906
clean_subset,without_fof_linking_length,fragment_count_min_particles,random_forest,periapsis_Rm,3.0,2,-35.71657473544974,-35.71657473544974,35.71657473544974
clean_subset,without_fof_linking_length,fragment_count_min_particles,ridge,periapsis_Rm,1.2,8,-94.68754274044463,-179.21735204882708,215.6190990253622
clean_subset,without_fof_linking_length,fragment_count_min_particles,ridge,periapsis_Rm,1.4,3,3.8933611278872227,-3.598895066406101,11.517477410722032
clean_subset,without_fof_linking_length,fragment_count_min_particles,ridge,periapsis_Rm,1.6,10,220.3379036153051,31.962775752561214,551.0009281734616
clean_subset,without_fof_linking_length,fragment_count_min_particles,ridge,periapsis_Rm,1.7,1,11.617964972371624,11.617964972371624,11.617964972371624
clean_subset,without_fof_linking_length,fragment_count_min_particles,ridge,periapsis_Rm,1.8,2,13.966343285230892,13.966343285230892,40.119192145720035
clean_subset,without_fof_linking_length,fragment_count_min_particles,ridge,periapsis_Rm,1.9,2,-18.564437727080247,-18.564437727080247,59.975382051869644
clean_subset,without_fof_linking_length,fragment_count_min_particles,ridge,periapsis_Rm,2.0,2,-754.3264177147491,-754.3264177147491,754.3264177147491
clean_subset,without_fof_linking_length,fragment_count_min_particles,ridge,periapsis_Rm,2.2,1,5.970492777445429,5.970492777445429,5.970492777445429
clean_subset,without_fof_linking_length,fragment_count_min_particles,ridge,periapsis_Rm,2.4,2,220.1645952363047,220.1645952363047,220.1645952363047
clean_subset,without_fof_linking_length,fragment_count_min_particles,ridge,periapsis_Rm,2.6,1,187.3586976951642,187.3586976951642,187.3586976951642
clean_subset,without_fof_linking_length,fragment_count_min_particles,ridge,periapsis_Rm,3.0,2,328.1912409823402,328.1912409823402,328.1912409823402
clean_subset,without_fof_linking_length,largest_fragment_mass_kg,dummy_mean,periapsis_Rm,1.2,8,-1.8885801360337977e+19,-2.521655742431736e+19,2.0950815597136626e+19
clean_subset,without_fof_linking_length,largest_fragment_mass_kg,dummy_mean,periapsis_Rm,1.4,3,-1.2769487676310495e+19,-1.316421529764597e+19,1.2769487676310495e+19
clean_subset,without_fof_linking_length,largest_fragment_mass_kg,dummy_mean,periapsis_Rm,1.6,10,-8.758505532819851e+18,-4.55040874524441e+18,1.0328367592803267e+19
clean_subset,without_fof_linking_length,largest_fragment_mass_kg,dummy_mean,periapsis_Rm,1.7,1,1.2750199759246365e+19,1.2750199759246365e+19,1.2750199759246365e+19
clean_subset,without_fof_linking_length,largest_fragment_mass_kg,dummy_mean,periapsis_Rm,1.8,2,5.2327987390405575e+19,5.2327987390405575e+19,5.2327987390405575e+19
clean_subset,without_fof_linking_length,largest_fragment_mass_kg,dummy_mean,periapsis_Rm,1.9,2,1.372374113935468e+19,1.372374113935468e+19,3.8832729918376395e+19
clean_subset,without_fof_linking_length,largest_fragment_mass_kg,dummy_mean,periapsis_Rm,2.0,2,5.0340167456295805e+19,5.0340167456295805e+19,5.0340167456295805e+19
clean_subset,without_fof_linking_length,largest_fragment_mass_kg,dummy_mean,periapsis_Rm,2.2,1,5.204207134906317e+19,5.204207134906317e+19,5.204207134906317e+19
clean_subset,without_fof_linking_length,largest_fragment_mass_kg,dummy_mean,periapsis_Rm,2.4,2,2.6390512370709324e+19,2.6390512370709324e+19,3.858154533592838e+19
clean_subset,without_fof_linking_length,largest_fragment_mass_kg,dummy_mean,periapsis_Rm,2.6,1,1.3979769490231382e+19,1.3979769490231382e+19,1.3979769490231382e+19
clean_subset,without_fof_linking_length,largest_fragment_mass_kg,dummy_mean,periapsis_Rm,3.0,2,6.812283430091243e+19,6.812283430091243e+19,6.812283430091243e+19
clean_subset,without_fof_linking_length,largest_fragment_mass_kg,gradient_boosting,periapsis_Rm,1.2,8,-3.2198497292176097e+18,1.8238123374541875e+17,4.819446392457831e+18
clean_subset,without_fof_linking_length,largest_fragment_mass_kg,gradient_boosting,periapsis_Rm,1.4,3,2.3897605136022216e+18,1.5146602265970012e+18,2.3897605136022216e+18
clean_subset,without_fof_linking_length,largest_fragment_mass_kg,gradient_boosting,periapsis_Rm,1.6,10,-9.231133005320301e+17,-2.87897136235137e+18,4.762161312461343e+18
clean_subset,without_fof_linking_length,largest_fragment_mass_kg,gradient_boosting,periapsis_Rm,1.7,1,1.1027264222945247e+19,1.1027264222945247e+19,1.1027264222945247e+19
clean_subset,without_fof_linking_length,largest_fragment_mass_kg,gradient_boosting,periapsis_Rm,1.8,2,-3.2731327778625946e+18,-3.2731327778625946e+18,8.016361435669512e+18
clean_subset,without_fof_linking_length,largest_fragment_mass_kg,gradient_boosting,periapsis_Rm,1.9,2,7.489948179538924e+18,7.489948179538924e+18,7.489948179538924e+18
clean_subset,without_fof_linking_length,largest_fragment_mass_kg,gradient_boosting,periapsis_Rm,2.0,2,2.1830726927654543e+18,2.1830726927654543e+18,3.188199949933228e+18
clean_subset,without_fof_linking_length,largest_fragment_mass_kg,gradient_boosting,periapsis_Rm,2.2,1,4.1979525831761486e+19,4.1979525831761486e+19,4.1979525831761486e+19
clean_subset,without_fof_linking_length,largest_fragment_mass_kg,gradient_boosting,periapsis_Rm,2.4,2,-1.8792355823118623e+19,-1.8792355823118623e+19,2.2366486778522116e+19
clean_subset,without_fof_linking_length,largest_fragment_mass_kg,gradient_boosting,periapsis_Rm,2.6,1,-3.568637872903037e+19,-3.568637872903037e+19,3.568637872903037e+19
clean_subset,without_fof_linking_length,largest_fragment_mass_kg,gradient_boosting,periapsis_Rm,3.0,2,8.253358737367343e+18,8.253358737367343e+18,8.253358737367343e+18
clean_subset,without_fof_linking_length,largest_fragment_mass_kg,random_forest,periapsis_Rm,1.2,8,-3.7154060750069586e+18,3612985533002240.0,5.729720493366248e+18
clean_subset,without_fof_linking_length,largest_fragment_mass_kg,random_forest,periapsis_Rm,1.4,3,5.087511003775205e+18,4.620783974826105e+18,5.087511003775205e+18
clean_subset,without_fof_linking_length,largest_fragment_mass_kg,random_forest,periapsis_Rm,1.6,10,3.9469570840587686e+17,-2.0846283846081792e+17,3.631434848068778e+18
clean_subset,without_fof_linking_length,largest_fragment_mass_kg,random_forest,periapsis_Rm,1.7,1,-1.9404369317151048e+18,-1.9404369317151048e+18,1.9404369317151048e+18
clean_subset,without_fof_linking_length,largest_fragment_mass_kg,random_forest,periapsis_Rm,1.8,2,8.343064553409298e+18,8.343064553409298e+18,8.343064553409298e+18
clean_subset,without_fof_linking_length,largest_fragment_mass_kg,random_forest,periapsis_Rm,1.9,2,3.0857349741174057e+18,3.0857349741174057e+18,6.600247900108824e+18
clean_subset,without_fof_linking_length,largest_fragment_mass_kg,random_forest,periapsis_Rm,2.0,2,6.440810214701588e+17,6.440810214701588e+17,6.440810214701588e+17
clean_subset,without_fof_linking_length,largest_fragment_mass_kg,random_forest,periapsis_Rm,2.2,1,3.0869196610919793e+19,3.0869196610919793e+19,3.0869196610919793e+19
clean_subset,without_fof_linking_length,largest_fragment_mass_kg,random_forest,periapsis_Rm,2.4,2,-7.773028620828719e+18,-7.773028620828719e+18,2.425261249115726e+19
clean_subset,without_fof_linking_length,largest_fragment_mass_kg,random_forest,periapsis_Rm,2.6,1,-1.0413590318873379e+19,-1.0413590318873379e+19,1.0413590318873379e+19
clean_subset,without_fof_linking_length,largest_fragment_mass_kg,random_forest,periapsis_Rm,3.0,2,3.0337504659345e+19,3.0337504659345e+19,3.0337504659345e+19
clean_subset,without_fof_linking_length,largest_fragment_mass_kg,ridge,periapsis_Rm,1.2,8,9.924238909577193e+18,1.5740143457645707e+19,1.5291552767303836e+19
clean_subset,without_fof_linking_length,largest_fragment_mass_kg,ridge,periapsis_Rm,1.4,3,-1.416846020858124e+19,-1.4499562479668277e+19,1.416846020858124e+19
clean_subset,without_fof_linking_length,largest_fragment_mass_kg,ridge,periapsis_Rm,1.6,10,-1.1253866939301138e+19,-8.493785463174283e+18,1.1253866939301138e+19
clean_subset,without_fof_linking_length,largest_fragment_mass_kg,ridge,periapsis_Rm,1.7,1,-7.109902778694451e+18,-7.109902778694451e+18,7.109902778694451e+18
clean_subset,without_fof_linking_length,largest_fragment_mass_kg,ridge,periapsis_Rm,1.8,2,2.684968821516574e+19,2.684968821516574e+19,2.684968821516574e+19
clean_subset,without_fof_linking_length,largest_fragment_mass_kg,ridge,periapsis_Rm,1.9,2,-2.6025267217304125e+18,-2.6025267217304125e+18,2.3203559738568753e+19
clean_subset,without_fof_linking_length,largest_fragment_mass_kg,ridge,periapsis_Rm,2.0,2,2.0485228293497647e+19,2.0485228293497647e+19,2.0485228293497647e+19
clean_subset,without_fof_linking_length,largest_fragment_mass_kg,ridge,periapsis_Rm,2.2,1,3.2923404708772356e+19,3.2923404708772356e+19,3.2923404708772356e+19
clean_subset,without_fof_linking_length,largest_fragment_mass_kg,ridge,periapsis_Rm,2.4,2,-4.684206920240677e+18,-4.684206920240677e+18,3.844226248363565e+19
clean_subset,without_fof_linking_length,largest_fragment_mass_kg,ridge,periapsis_Rm,2.6,1,-2.9051002451377816e+19,-2.9051002451377816e+19,2.9051002451377816e+19
clean_subset,without_fof_linking_length,largest_fragment_mass_kg,ridge,periapsis_Rm,3.0,2,7.621085011066552e+17,7.621085011066552e+17,2.521873031104348e+18
clean_subset,without_fof_linking_length,largest_fragment_particle_count,dummy_mean,periapsis_Rm,1.2,8,-601380.3636363636,-803677.1136363636,665124.8352272727
clean_subset,without_fof_linking_length,largest_fragment_particle_count,dummy_mean,periapsis_Rm,1.4,3,-398972.7803030303,-411718.11363636365,398972.7803030303
clean_subset,without_fof_linking_length,largest_fragment_particle_count,dummy_mean,periapsis_Rm,1.6,10,-280188.31363636366,-134910.11363636365,325644.84545454546
clean_subset,without_fof_linking_length,largest_fragment_particle_count,dummy_mean,periapsis_Rm,1.7,1,425031.88636363635,425031.88636363635,425031.88636363635
clean_subset,without_fof_linking_length,largest_fragment_particle_count,dummy_mean,periapsis_Rm,1.8,2,1702958.3863636362,1702958.3863636362,1702958.3863636362
clean_subset,without_fof_linking_length,largest_fragment_particle_count,dummy_mean,periapsis_Rm,1.9,2,455400.8863636363,455400.8863636363,1254935.0
clean_subset,without_fof_linking_length,largest_fragment_particle_count,dummy_mean,periapsis_Rm,2.0,2,1591043.3863636362,1591043.3863636362,1591043.3863636362
clean_subset,without_fof_linking_length,largest_fragment_particle_count,dummy_mean,periapsis_Rm,2.2,1,1637745.8863636362,1637745.8863636362,1637745.8863636362
clean_subset,without_fof_linking_length,largest_fragment_particle_count,dummy_mean,periapsis_Rm,2.4,2,828661.3863636362,828661.3863636362,1217680.5
clean_subset,without_fof_linking_length,largest_fragment_particle_count,dummy_mean,periapsis_Rm,2.6,1,442654.88636363635,442654.88636363635,442654.88636363635
clean_subset,without_fof_linking_length,largest_fragment_particle_count,dummy_mean,periapsis_Rm,3.0,2,2154342.8863636362,2154342.8863636362,2154342.8863636362
clean_subset,without_fof_linking_length,largest_fragment_particle_count,gradient_boosting,periapsis_Rm,1.2,8,-95948.45413812922,979.8882182211601,141941.76243421083
clean_subset,without_fof_linking_length,largest_fragment_particle_count,gradient_boosting,periapsis_Rm,1.4,3,144483.7326276964,120253.71195250121,144483.7326276964
clean_subset,without_fof_linking_length,largest_fragment_particle_count,gradient_boosting,periapsis_Rm,1.6,10,-22056.94902198452,-78688.11214130926,139011.56147383875
clean_subset,without_fof_linking_length,largest_fragment_particle_count,gradient_boosting,periapsis_Rm,1.7,1,364317.8004694724,364317.8004694724,364317.8004694724
clean_subset,without_fof_linking_length,largest_fragment_particle_count,gradient_boosting,periapsis_Rm,1.8,2,-97628.60152582615,-97628.60152582615,279455.0297866508
clean_subset,without_fof_linking_length,largest_fragment_particle_count,gradient_boosting,periapsis_Rm,1.9,2,212125.3269134265,212125.3269134265,212125.3269134265
clean_subset,without_fof_linking_length,largest_fragment_particle_count,gradient_boosting,periapsis_Rm,2.0,2,79651.7766710032,79651.7766710032,223720.18514129065
clean_subset,without_fof_linking_length,largest_fragment_particle_count,gradient_boosting,periapsis_Rm,2.2,1,1368130.2041384138,1368130.2041384138,1368130.2041384138
clean_subset,without_fof_linking_length,largest_fragment_particle_count,gradient_boosting,periapsis_Rm,2.4,2,-590653.5361031186,-590653.5361031186,728629.4283121302
clean_subset,without_fof_linking_length,largest_fragment_particle_count,gradient_boosting,periapsis_Rm,2.6,1,-1133201.3664267897,-1133201.3664267897,1133201.3664267897
clean_subset,without_fof_linking_length,largest_fragment_particle_count,gradient_boosting,periapsis_Rm,3.0,2,263551.19949656655,263551.19949656655,263551.19949656655
clean_subset,without_fof_linking_length,largest_fragment_particle_count,random_forest,periapsis_Rm,1.2,8,-116729.73827967764,322.10216269841476,181713.23591417747
clean_subset,without_fof_linking_length,largest_fragment_particle_count,random_forest,periapsis_Rm,1.4,3,166525.1810467372,149904.06138095236,166525.1810467372
clean_subset,without_fof_linking_length,largest_fragment_particle_count,random_forest,periapsis_Rm,1.6,10,12949.624185269344,-6407.08845701065,112046.67273498085
clean_subset,without_fof_linking_length,largest_fragment_particle_count,random_forest,periapsis_Rm,1.7,1,-50168.257572750095,-50168.257572750095,50168.257572750095
clean_subset,without_fof_linking_length,largest_fragment_particle_count,random_forest,periapsis_Rm,1.8,2,269725.7781283078,269725.7781283078,269725.7781283078
clean_subset,without_fof_linking_length,largest_fragment_particle_count,random_forest,periapsis_Rm,1.9,2,104899.42087530092,104899.42087530092,205231.11146729227
clean_subset,without_fof_linking_length,largest_fragment_particle_count,random_forest,periapsis_Rm,2.0,2,11824.465623497963,11824.465623497963,11824.465623497963
clean_subset,without_fof_linking_length,largest_fragment_particle_count,random_forest,periapsis_Rm,2.2,1,988986.304578043,988986.304578043,988986.304578043
clean_subset,without_fof_linking_length,largest_fragment_particle_count,random_forest,periapsis_Rm,2.4,2,-246687.39282936451,-246687.39282936451,772974.1426785717
clean_subset,without_fof_linking_length,largest_fragment_particle_count,random_forest,periapsis_Rm,2.6,1,-350171.5223809527,-350171.5223809527,350171.5223809527
clean_subset,without_fof_linking_length,largest_fragment_particle_count,random_forest,periapsis_Rm,3.0,2,948608.7833505289,948608.7833505289,948608.7833505289
clean_subset,without_fof_linking_length,largest_fragment_particle_count,ridge,periapsis_Rm,1.2,8,317873.3574370853,503407.0406615555,487046.18541458604
clean_subset,without_fof_linking_length,largest_fragment_particle_count,ridge,periapsis_Rm,1.4,3,-461783.24724531523,-472457.16941619443,461783.24724531523
clean_subset,without_fof_linking_length,largest_fragment_particle_count,ridge,periapsis_Rm,1.6,10,-359024.9561995086,-269129.3169875493,359024.9561995086
clean_subset,without_fof_linking_length,largest_fragment_particle_count,ridge,periapsis_Rm,1.7,1,-225995.69606673438,-225995.69606673438,225995.69606673438
clean_subset,without_fof_linking_length,largest_fragment_particle_count,ridge,periapsis_Rm,1.8,2,873292.8093878925,873292.8093878925,873292.8093878925
clean_subset,without_fof_linking_length,largest_fragment_particle_count,ridge,periapsis_Rm,1.9,2,-72681.10121274996,-72681.10121274996,746749.3653621392
clean_subset,without_fof_linking_length,largest_fragment_particle_count,ridge,periapsis_Rm,2.0,2,646485.1583618196,646485.1583618196,646485.1583618196
clean_subset,without_fof_linking_length,largest_fragment_particle_count,ridge,periapsis_Rm,2.2,1,1031171.9674547589,1031171.9674547589,1031171.9674547589
clean_subset,without_fof_linking_length,largest_fragment_particle_count,ridge,periapsis_Rm,2.4,2,-158743.81918184948,-158743.81918184948,1213271.7468527316
clean_subset,without_fof_linking_length,largest_fragment_particle_count,ridge,periapsis_Rm,2.6,1,-925581.6058184579,-925581.6058184579,925581.6058184579
clean_subset,without_fof_linking_length,largest_fragment_particle_count,ridge,periapsis_Rm,3.0,2,11217.561466520652,11217.561466520652,71251.2468527318
full,with_fof_linking_length,fragment_count_min_particles,dummy_mean,periapsis_Rm,1.1,3,-77.33844842284738,-86.00511508951405,97.33503836317135
full,with_fof_linking_length,fragment_count_min_particles,dummy_mean,periapsis_Rm,1.2,32,154.40113491048592,-171.00511508951405,465.28380754475705
full,with_fof_linking_length,fragment_count_min_particles,dummy_mean,periapsis_Rm,1.3,4,-169.00511508951405,-93.00511508951405,169.00511508951405
full,with_fof_linking_length,fragment_count_min_particles,dummy_mean,periapsis_Rm,1.4,3,-155.3384484228474,-153.00511508951405,155.3384484228474
full,with_fof_linking_length,fragment_count_min_particles,dummy_mean,periapsis_Rm,1.5,6,-125.17178175618069,-119.00511508951405,125.17178175618069
full,with_fof_linking_length,fragment_count_min_particles,dummy_mean,periapsis_Rm,1.6,16,-177.75511508951405,-156.50511508951405,213.25319693094627
full,with_fof_linking_length,fragment_count_min_particles,dummy_mean,periapsis_Rm,1.7,2,-260.00511508951405,-260.00511508951405,260.00511508951405
full,with_fof_linking_length,fragment_count_min_particles,dummy_mean,periapsis_Rm,1.8,6,-322.50511508951405,-329.50511508951405,322.50511508951405
full,with_fof_linking_length,fragment_count_min_particles,dummy_mean,periapsis_Rm,2.0,10,-164.70511508951404,-249.50511508951405,334.9040920716113
full,with_fof_linking_length,fragment_count_min_particles,dummy_mean,periapsis_Rm,2.2,3,-419.3384484228474,-444.00511508951405,419.3384484228474
full,with_fof_linking_length,fragment_count_min_particles,dummy_mean,periapsis_Rm,2.4,8,-261.88011508951405,-444.00511508951405,459.37883631713555
full,with_fof_linking_length,fragment_count_min_particles,dummy_mean,periapsis_Rm,2.6,3,-360.3384484228474,-356.00511508951405,360.3384484228474
full,with_fof_linking_length,fragment_count_min_particles,dummy_mean,periapsis_Rm,2.8,1,-444.00511508951405,-444.00511508951405,444.00511508951405
full,with_fof_linking_length,fragment_count_min_particles,dummy_mean,periapsis_Rm,3.0,1,-444.00511508951405,-444.00511508951405,444.00511508951405
full,with_fof_linking_length,fragment_count_min_particles,gradient_boosting,periapsis_Rm,1.1,3,-239.2536483661672,-280.65023481156265,239.2536483661672
full,with_fof_linking_length,fragment_count_min_particles,gradient_boosting,periapsis_Rm,1.2,32,72.96226448890963,9.406086498467438,151.79652330957475
full,with_fof_linking_length,fragment_count_min_particles,gradient_boosting,periapsis_Rm,1.3,4,-90.06686971074448,-76.91078896722141,90.06686971074448
full,with_fof_linking_length,fragment_count_min_particles,gradient_boosting,periapsis_Rm,1.4,3,-34.492908530693136,-35.64982506404232,34.492908530693136
full,with_fof_linking_length,fragment_count_min_particles,gradient_boosting,periapsis_Rm,1.5,6,-68.50414320238332,-70.42718564767358,69.0248520674801
full,with_fof_linking_length,fragment_count_min_particles,gradient_boosting,periapsis_Rm,1.6,16,-5.974054974263719,-40.129049389311064,137.27040833035755
full,with_fof_linking_length,fragment_count_min_particles,gradient_boosting,periapsis_Rm,1.7,2,-43.55699768953497,-43.55699768953497,43.55699768953497
full,with_fof_linking_length,fragment_count_min_particles,gradient_boosting,periapsis_Rm,1.8,6,-58.79654349959784,-51.090267169983804,78.04457637252905
full,with_fof_linking_length,fragment_count_min_particles,gradient_boosting,periapsis_Rm,2.0,10,-131.01568798682646,44.601357367841615,270.8895047297693
full,with_fof_linking_length,fragment_count_min_particles,gradient_boosting,periapsis_Rm,2.2,3,55.035303152321184,42.332454938932,59.902151948491415
full,with_fof_linking_length,fragment_count_min_particles,gradient_boosting,periapsis_Rm,2.4,8,-117.50690017118966,46.345998844009266,256.6931891354711
full,with_fof_linking_length,fragment_count_min_particles,gradient_boosting,periapsis_Rm,2.6,3,-14.022977201427523,-27.05650927296241,34.19824168964942
full,with_fof_linking_length,fragment_count_min_particles,gradient_boosting,periapsis_Rm,2.8,1,-12.440594214282031,-12.440594214282031,12.440594214282031
full,with_fof_linking_length,fragment_count_min_particles,gradient_boosting,periapsis_Rm,3.0,1,-12.440594214282031,-12.440594214282031,12.440594214282031
full,with_fof_linking_length,fragment_count_min_particles,random_forest,periapsis_Rm,1.1,3,-529.8098505291006,-577.2849272486776,529.8098505291006
full,with_fof_linking_length,fragment_count_min_particles,random_forest,periapsis_Rm,1.2,32,98.61249476911973,6.137184283309267,191.07294742815048
full,with_fof_linking_length,fragment_count_min_particles,random_forest,periapsis_Rm,1.3,4,-134.595984457672,-6.3731349206349535,138.95279728835976
full,with_fof_linking_length,fragment_count_min_particles,random_forest,periapsis_Rm,1.4,3,-17.95323550831885,-14.753338624338483,17.95323550831885
full,with_fof_linking_length,fragment_count_min_particles,random_forest,periapsis_Rm,1.5,6,-27.03344625898789,-20.840517020017046,29.35981971577799
full,with_fof_linking_length,fragment_count_min_particles,random_forest,periapsis_Rm,1.6,16,-22.405294748076052,-11.368633597883598,65.94482001563254
full,with_fof_linking_length,fragment_count_min_particles,random_forest,periapsis_Rm,1.7,2,-23.51742592592592,-23.51742592592592,23.51742592592592
full,with_fof_linking_length,fragment_count_min_particles,random_forest,periapsis_Rm,1.8,6,3.182367945326233,3.13135052910048,10.77642394179891
full,with_fof_linking_length,fragment_count_min_particles,random_forest,periapsis_Rm,2.0,10,-150.20268119658127,-16.952575295075256,174.65539495319499
full,with_fof_linking_length,fragment_count_min_particles,random_forest,periapsis_Rm,2.2,3,-56.70042945326279,-55.513465608465616,56.70042945326279
full,with_fof_linking_length,fragment_count_min_particles,random_forest,periapsis_Rm,2.4,8,-75.72317080026454,-11.06115740740741,89.43556663359786
full,with_fof_linking_length,fragment_count_min_particles,random_forest,periapsis_Rm,2.6,3,-117.27575396825391,-145.78301455026443,117.27575396825391
full,with_fof_linking_length,fragment_count_min_particles,random_forest,periapsis_Rm,2.8,1,-124.3231626984127,-124.3231626984127,124.3231626984127
full,with_fof_linking_length,fragment_count_min_particles,random_forest,periapsis_Rm,3.0,1,-124.3231626984127,-124.3231626984127,124.3231626984127
full,with_fof_linking_length,fragment_count_min_particles,ridge,periapsis_Rm,1.1,3,-411.6147973284746,-358.03221167871675,411.6147973284746
full,with_fof_linking_length,fragment_count_min_particles,ridge,periapsis_Rm,1.2,32,-32.77058504123518,-180.22320114734725,436.7202130703393
full,with_fof_linking_length,fragment_count_min_particles,ridge,periapsis_Rm,1.3,4,-512.9985095879846,-360.183492439569,512.9985095879846
full,with_fof_linking_length,fragment_count_min_particles,ridge,periapsis_Rm,1.4,3,-50.81114359501913,-47.59224867740903,50.81114359501913
full,with_fof_linking_length,fragment_count_min_particles,ridge,periapsis_Rm,1.5,6,-267.8070412947521,-267.73893299051844,267.8070412947521
full,with_fof_linking_length,fragment_count_min_particles,ridge,periapsis_Rm,1.6,16,-80.06727095285825,-46.89507395091752,168.43954018365656
full,with_fof_linking_length,fragment_count_min_particles,ridge,periapsis_Rm,1.7,2,42.433415813340275,42.433415813340275,293.58850978906946
full,with_fof_linking_length,fragment_count_min_particles,ridge,periapsis_Rm,1.8,6,-193.22345088391134,-219.1154857855613,224.73495625248952
full,with_fof_linking_length,fragment_count_min_particles,ridge,periapsis_Rm,2.0,10,-8.719106361844132,94.06765661732166,305.3889374499768
full,with_fof_linking_length,fragment_count_min_particles,ridge,periapsis_Rm,2.2,3,-122.68182362214327,-92.66758257161291,142.38189421377544
full,with_fof_linking_length,fragment_count_min_particles,ridge,periapsis_Rm,2.4,8,55.48610478981041,107.33148791707976,299.8875508778688
full,with_fof_linking_length,fragment_count_min_particles,ridge,periapsis_Rm,2.6,3,177.08107318384904,141.96078169884618,177.08107318384904
full,with_fof_linking_length,fragment_count_min_particles,ridge,periapsis_Rm,2.8,1,190.92277246447702,190.92277246447702,190.92277246447702
full,with_fof_linking_length,fragment_count_min_particles,ridge,periapsis_Rm,3.0,1,310.119557476507,310.119557476507,310.119557476507
full,with_fof_linking_length,largest_fragment_mass_kg,dummy_mean,periapsis_Rm,1.1,3,-2.1527855856754307e+19,-2.278350033112504e+19,2.1527855856754307e+19
full,with_fof_linking_length,largest_fragment_mass_kg,dummy_mean,periapsis_Rm,1.2,32,-1.3166351394376067e+19,-2.032738093069829e+19,2.1284428188397867e+19
full,with_fof_linking_length,largest_fragment_mass_kg,dummy_mean,periapsis_Rm,1.3,4,-1.946618000035817e+19,-1.876091230277687e+19,1.946618000035817e+19
full,with_fof_linking_length,largest_fragment_mass_kg,dummy_mean,periapsis_Rm,1.4,3,-2.032985368374441e+19,-2.2341030119718887e+19,2.032985368374441e+19
full,with_fof_linking_length,largest_fragment_mass_kg,dummy_mean,periapsis_Rm,1.5,6,-1.6886020530281191e+19,-1.9673096608336118e+19,1.6886020530281191e+19
full,with_fof_linking_length,largest_fragment_mass_kg,dummy_mean,periapsis_Rm,1.6,16,6.1220779159237e+18,-1.9728673988982276e+19,3.0441257584653582e+19
full,with_fof_linking_length,largest_fragment_mass_kg,dummy_mean,periapsis_Rm,1.7,2,1.853528721540984e+19,1.853528721540984e+19,1.853528721540984e+19
full,with_fof_linking_length,largest_fragment_mass_kg,dummy_mean,periapsis_Rm,1.8,6,2.837506278766961e+19,4.598994474594934e+19,4.138370912469627e+19
full,with_fof_linking_length,largest_fragment_mass_kg,dummy_mean,periapsis_Rm,2.0,10,6.327729092861982e+18,-4.5233235764413563e+18,2.5301668199497486e+19
full,with_fof_linking_length,largest_fragment_mass_kg,dummy_mean,periapsis_Rm,2.2,3,4.026170005822807e+19,5.782680264643323e+19,4.9263794306137326e+19
full,with_fof_linking_length,largest_fragment_mass_kg,dummy_mean,periapsis_Rm,2.4,8,3.951380798399812e+19,7.360911395208875e+19,5.4636828167173554e+19
full,with_fof_linking_length,largest_fragment_mass_kg,dummy_mean,periapsis_Rm,2.6,3,2.5564185155579466e+19,1.9764500787601433e+19,3.865796302406821e+19
full,with_fof_linking_length,largest_fragment_mass_kg,dummy_mean,periapsis_Rm,2.8,1,7.656872148180936e+19,7.656872148180936e+19,7.656872148180936e+19
full,with_fof_linking_length,largest_fragment_mass_kg,dummy_mean,periapsis_Rm,3.0,1,7.656872148167957e+19,7.656872148167957e+19,7.656872148167957e+19
full,with_fof_linking_length,largest_fragment_mass_kg,gradient_boosting,periapsis_Rm,1.1,3,4.6419875700225126e+17,1.4851697870277363e+18,3.392005631380543e+18
full,with_fof_linking_length,largest_fragment_mass_kg,gradient_boosting,periapsis_Rm,1.2,32,1.145115752877417e+17,4.000153706080411e+17,3.088726778808855e+18
full,with_fof_linking_length,largest_fragment_mass_kg,gradient_boosting,periapsis_Rm,1.3,4,-1.1638831800837404e+18,-1.180268160281792e+18,3.143567370997592e+18
full,with_fof_linking_length,largest_fragment_mass_kg,gradient_boosting,periapsis_Rm,1.4,3,-1.3059653699103747e+18,-1.2787682335728684e+18,3.048185361525686e+18
full,with_fof_linking_length,largest_fragment_mass_kg,gradient_boosting,periapsis_Rm,1.5,6,2.240079738107743e+18,2.67549639824682e+18,2.554046790865589e+18
full,with_fof_linking_length,largest_fragment_mass_kg,gradient_boosting,periapsis_Rm,1.6,16,1.4980835716839383e+18,1.5640038113258808e+18,8.66813386583756e+18
full,with_fof_linking_length,largest_fragment_mass_kg,gradient_boosting,periapsis_Rm,1.7,2,2.8872286166645064e+18,2.8872286166645064e+18,2.8872286166645064e+18
full,with_fof_linking_length,largest_fragment_mass_kg,gradient_boosting,periapsis_Rm,1.8,6,5.740960877108942e+18,2.6692666271165317e+18,6.053795941683772e+18
full,with_fof_linking_length,largest_fragment_mass_kg,gradient_boosting,periapsis_Rm,2.0,10,-7.844723234534255e+18,-1.1173610428797456e+19,1.1170686684518509e+19
full,with_fof_linking_length,largest_fragment_mass_kg,gradient_boosting,periapsis_Rm,2.2,3,1.0948358513401809e+19,7.755420332381815e+18,1.7860713669340342e+19
full,with_fof_linking_length,largest_fragment_mass_kg,gradient_boosting,periapsis_Rm,2.4,8,4.4193476170553487e+18,4.636734018726101e+18,1.4442677838451972e+19
full,with_fof_linking_length,largest_fragment_mass_kg,gradient_boosting,periapsis_Rm,2.6,3,2.5043478164277154e+19,1.387993367726273e+19,2.5043478164277154e+19
full,with_fof_linking_length,largest_fragment_mass_kg,gradient_boosting,periapsis_Rm,2.8,1,1.5671527112384987e+19,1.5671527112384987e+19,1.5671527112384987e+19
full,with_fof_linking_length,largest_fragment_mass_kg,gradient_boosting,periapsis_Rm,3.0,1,2.683519829376647e+18,2.683519829376647e+18,2.683519829376647e+18
full,with_fof_linking_length,largest_fragment_mass_kg,random_forest,periapsis_Rm,1.1,3,-1.0581472827487451e+18,-2.2625390187839014e+17,1.1031749318779101e+18
full,with_fof_linking_length,largest_fragment_mass_kg,random_forest,periapsis_Rm,1.2,32,-1.7695311385661073e+19,-3.651011126316644e+17,1.9189389675446563e+19
full,with_fof_linking_length,largest_fragment_mass_kg,random_forest,periapsis_Rm,1.3,4,-9.7541610251977e+16,-9.639268851745536e+16,1.011211456396447e+17
full,with_fof_linking_length,largest_fragment_mass_kg,random_forest,periapsis_Rm,1.4,3,-4.8041068234737594e+17,-5.239675112751974e+16,6.325760869533106e+17
full,with_fof_linking_length,largest_fragment_mass_kg,random_forest,periapsis_Rm,1.5,6,-1.4283040736435658e+18,9.662217739449434e+16,1.9222270531039498e+18
full,with_fof_linking_length,largest_fragment_mass_kg,random_forest,periapsis_Rm,1.6,16,3.529169255902157e+18,-2.0382731360434256e+17,9.798755984224979e+18
full,with_fof_linking_length,largest_fragment_mass_kg,random_forest,periapsis_Rm,1.7,2,1.1376999731684024e+18,1.1376999731684024e+18,1.1376999731684024e+18
full,with_fof_linking_length,largest_fragment_mass_kg,random_forest,periapsis_Rm,1.8,6,2.9158059771171876e+18,-1.7617352847590195e+17,5.14332939231151e+18
full,with_fof_linking_length,largest_fragment_mass_kg,random_forest,periapsis_Rm,2.0,10,-1.8526764227625518e+18,-1.6664683934681457e+18,2.783277360673371e+18
full,with_fof_linking_length,largest_fragment_mass_kg,random_forest,periapsis_Rm,2.2,3,1.5361740146494628e+19,2.4608523508842076e+18,1.5361768290231499e+19
full,with_fof_linking_length,largest_fragment_mass_kg,random_forest,periapsis_Rm,2.4,8,5.819704035950862e+18,-2794536157184.0,7.393527350772334e+18
full,with_fof_linking_length,largest_fragment_mass_kg,random_forest,periapsis_Rm,2.6,3,1.9008407051900547e+19,7.06417547944389e+18,2.0050819225506742e+19
full,with_fof_linking_length,largest_fragment_mass_kg,random_forest,periapsis_Rm,2.8,1,3.5903979778220925e+19,3.5903979778220925e+19,3.5903979778220925e+19
full,with_fof_linking_length,largest_fragment_mass_kg,random_forest,periapsis_Rm,3.0,1,3.5903979778091114e+19,3.5903979778091114e+19,3.5903979778091114e+19
full,with_fof_linking_length,largest_fragment_mass_kg,ridge,periapsis_Rm,1.1,3,1.009595151838904e+19,4.733020111571503e+18,1.4470522395987782e+19
full,with_fof_linking_length,largest_fragment_mass_kg,ridge,periapsis_Rm,1.2,32,2.599152186172603e+18,5.288933263168536e+18,1.5369160749082845e+19
full,with_fof_linking_length,largest_fragment_mass_kg,ridge,periapsis_Rm,1.3,4,-1.6364826690536782e+19,-1.4860578265814538e+19,1.7461462470588238e+19
full,with_fof_linking_length,largest_fragment_mass_kg,ridge,periapsis_Rm,1.4,3,-1.0283143492662938e+19,-8.613877684778766e+18,2.27792687709492e+19
full,with_fof_linking_length,largest_fragment_mass_kg,ridge,periapsis_Rm,1.5,6,-7.401906345515101e+18,-9.126992072241192e+18,1.24442696720934e+19
full,with_fof_linking_length,largest_fragment_mass_kg,ridge,periapsis_Rm,1.6,16,5.595019809498593e+18,9.874795435550716e+18,1.713929623489127e+19
full,with_fof_linking_length,largest_fragment_mass_kg,ridge,periapsis_Rm,1.7,2,-2.2268542932615193e+19,-2.2268542932615193e+19,2.2268542932615193e+19
full,with_fof_linking_length,largest_fragment_mass_kg,ridge,periapsis_Rm,1.8,6,1.1776981863842015e+19,1.295025488458546e+19,1.8006025736295614e+19
full,with_fof_linking_length,largest_fragment_mass_kg,ridge,periapsis_Rm,2.0,10,-6.864860364047057e+18,-6.332953602246638e+18,2.1695620005220327e+19
full,with_fof_linking_length,largest_fragment_mass_kg,ridge,periapsis_Rm,2.2,3,1.3797354470728264e+19,3.5892679821998342e+19,3.6874269619016647e+19
full,with_fof_linking_length,largest_fragment_mass_kg,ridge,periapsis_Rm,2.4,8,-4.6073872702762844e+18,1.0804507381273076e+19,3.4585973113133457e+19
full,with_fof_linking_length,largest_fragment_mass_kg,ridge,periapsis_Rm,2.6,3,-1.459395853683365e+18,-1.4832342838725632e+19,2.890839097220178e+19
full,with_fof_linking_length,largest_fragment_mass_kg,ridge,periapsis_Rm,2.8,1,3.2331901442577777e+19,3.2331901442577777e+19,3.2331901442577777e+19
full,with_fof_linking_length,largest_fragment_mass_kg,ridge,periapsis_Rm,3.0,1,2.3490310207308825e+19,2.3490310207308825e+19,2.3490310207308825e+19
full,with_fof_linking_length,largest_fragment_particle_count,dummy_mean,periapsis_Rm,1.1,3,-660423.8780903666,-674417.5447570332,660423.8780903666
full,with_fof_linking_length,largest_fragment_particle_count,dummy_mean,periapsis_Rm,1.2,32,-468555.32600703323,-645943.0447570332,643897.5988650895
full,with_fof_linking_length,largest_fragment_particle_count,dummy_mean,periapsis_Rm,1.3,4,-700049.5447570332,-677637.0447570332,700049.5447570332
full,with_fof_linking_length,largest_fragment_particle_count,dummy_mean,periapsis_Rm,1.4,3,-584778.2114236999,-570628.5447570332,584778.2114236999
full,with_fof_linking_length,largest_fragment_particle_count,dummy_mean,periapsis_Rm,1.5,6,-554437.2114236999,-601258.0447570332,554437.2114236999
full,with_fof_linking_length,largest_fragment_particle_count,dummy_mean,periapsis_Rm,1.6,16,270816.95524296677,-316102.04475703323,982464.6930946292
full,with_fof_linking_length,largest_fragment_particle_count,dummy_mean,periapsis_Rm,1.7,2,527338.9552429668,527338.9552429668,527338.9552429668
full,with_fof_linking_length,largest_fragment_particle_count,dummy_mean,periapsis_Rm,1.8,6,1225819.455242967,1455480.4552429668,1451455.970161978
full,with_fof_linking_length,largest_fragment_particle_count,dummy_mean,periapsis_Rm,2.0,10,662524.0552429669,246947.45524296677,1110741.782097187
full,with_fof_linking_length,largest_fragment_particle_count,dummy_mean,periapsis_Rm,2.2,3,2178490.455242967,2397714.455242967,2178490.455242967
full,with_fof_linking_length,largest_fragment_particle_count,dummy_mean,periapsis_Rm,2.4,8,1559711.9552429668,2397714.955242967,1974591.4776214834
full,with_fof_linking_length,largest_fragment_particle_count,dummy_mean,periapsis_Rm,2.6,3,1088426.4552429668,544950.4552429668,1088426.4552429668
full,with_fof_linking_length,largest_fragment_particle_count,dummy_mean,periapsis_Rm,2.8,1,2332298.455242967,2332298.455242967,2332298.455242967
full,with_fof_linking_length,largest_fragment_particle_count,dummy_mean,periapsis_Rm,3.0,1,2332298.455242967,2332298.455242967,2332298.455242967
full,with_fof_linking_length,largest_fragment_particle_count,gradient_boosting,periapsis_Rm,1.1,3,-34421.13891221291,-29465.1194544888,81038.66524059365
full,with_fof_linking_length,largest_fragment_particle_count,gradient_boosting,periapsis_Rm,1.2,32,-30042.742875673008,-21642.906450472845,107204.88551360849
full,with_fof_linking_length,largest_fragment_particle_count,gradient_boosting,periapsis_Rm,1.3,4,-9033.566821698874,-22507.04975996729,83483.11643488238
full,with_fof_linking_length,largest_fragment_particle_count,gradient_boosting,periapsis_Rm,1.4,3,-60948.5140955802,-114302.07306193636,94918.40365124587
full,with_fof_linking_length,largest_fragment_particle_count,gradient_boosting,periapsis_Rm,1.5,6,31455.005623550533,27933.55233115569,34876.84771916437
full,with_fof_linking_length,largest_fragment_particle_count,gradient_boosting,periapsis_Rm,1.6,16,139629.0549481054,23271.680134811264,211878.3064016404
full,with_fof_linking_length,largest_fragment_particle_count,gradient_boosting,periapsis_Rm,1.7,2,311645.8231005435,311645.8231005435,311645.8231005435
full,with_fof_linking_length,largest_fragment_particle_count,gradient_boosting,periapsis_Rm,1.8,6,70131.76608122728,-130293.5468424668,332051.1795468938
full,with_fof_linking_length,largest_fragment_particle_count,gradient_boosting,periapsis_Rm,2.0,10,-124234.78110953416,-113050.54684939678,335747.90525680466
full,with_fof_linking_length,largest_fragment_particle_count,gradient_boosting,periapsis_Rm,2.2,3,573493.0357634322,391342.2219714746,573493.0357634322
full,with_fof_linking_length,largest_fragment_particle_count,gradient_boosting,periapsis_Rm,2.4,8,-199272.92409200245,-101786.99136763113,419562.43213043874
full,with_fof_linking_length,largest_fragment_particle_count,gradient_boosting,periapsis_Rm,2.6,3,145174.49597857156,124104.59939567931,225717.7341113422
full,with_fof_linking_length,largest_fragment_particle_count,gradient_boosting,periapsis_Rm,2.8,1,443277.37430697354,443277.37430697354,443277.37430697354
full,with_fof_linking_length,largest_fragment_particle_count,gradient_boosting,periapsis_Rm,3.0,1,376126.9506808524,376126.9506808524,376126.9506808524
full,with_fof_linking_length,largest_fragment_particle_count,random_forest,periapsis_Rm,1.1,3,14014.580185385596,28730.826861111127,32547.020781826188
full,with_fof_linking_length,largest_fragment_particle_count,random_forest,periapsis_Rm,1.2,32,-153844.2484415906,-13676.543595238074,208171.35501889646
full,with_fof_linking_length,largest_fragment_particle_count,random_forest,periapsis_Rm,1.3,4,-6075.149374338586,-1575.1738531745214,7337.144511243393
full,with_fof_linking_length,largest_fragment_particle_count,random_forest,periapsis_Rm,1.4,3,-19414.586370811245,-11681.888667989377,41808.02979938273
full,with_fof_linking_length,largest_fragment_particle_count,random_forest,periapsis_Rm,1.5,6,-23620.688653080015,7185.569169973445,76303.37741377908
full,with_fof_linking_length,largest_fragment_particle_count,random_forest,periapsis_Rm,1.6,16,222035.41969868724,10963.166052248722,275556.87788381975
full,with_fof_linking_length,largest_fragment_particle_count,random_forest,periapsis_Rm,1.7,2,29094.247557539842,29094.247557539842,29094.247557539842
full,with_fof_linking_length,largest_fragment_particle_count,random_forest,periapsis_Rm,1.8,6,71047.47829960285,-18690.110212963773,276504.83462852734
full,with_fof_linking_length,largest_fragment_particle_count,random_forest,periapsis_Rm,2.0,10,-115263.16256997341,-63979.148401454935,221354.73430886288
full,with_fof_linking_length,largest_fragment_particle_count,random_forest,periapsis_Rm,2.2,3,468754.3850273367,456356.4348042323,468754.3850273367
full,with_fof_linking_length,largest_fragment_particle_count,random_forest,periapsis_Rm,2.4,8,-15399.33411292985,5356.271968253888,368506.03112251987
full,with_fof_linking_length,largest_fragment_particle_count,random_forest,periapsis_Rm,2.6,3,-11901.685696648667,-311290.43860052875,526750.429861552
full,with_fof_linking_length,largest_fragment_particle_count,random_forest,periapsis_Rm,2.8,1,614505.9045806895,614505.9045806895,614505.9045806895
full,with_fof_linking_length,largest_fragment_particle_count,random_forest,periapsis_Rm,3.0,1,614505.9045806895,614505.9045806895,614505.9045806895
full,with_fof_linking_length,largest_fragment_particle_count,ridge,periapsis_Rm,1.1,3,403440.93188285216,197978.78041486233,403440.93188285216
full,with_fof_linking_length,largest_fragment_particle_count,ridge,periapsis_Rm,1.2,32,170852.47540190723,194668.05844004836,366857.98417048674
full,with_fof_linking_length,largest_fragment_particle_count,ridge,periapsis_Rm,1.3,4,-152571.14681056084,-188756.6838676092,413021.5547070841
full,with_fof_linking_length,largest_fragment_particle_count,ridge,periapsis_Rm,1.4,3,-363854.88371157995,-533582.0666301362,565297.103932773
full,with_fof_linking_length,largest_fragment_particle_count,ridge,periapsis_Rm,1.5,6,-146430.0515604566,-67025.31521096628,264882.2565019109
full,with_fof_linking_length,largest_fragment_particle_count,ridge,periapsis_Rm,1.6,16,114752.13255066515,-151032.8651650782,538257.8404705403
full,with_fof_linking_length,largest_fragment_particle_count,ridge,periapsis_Rm,1.7,2,-391303.24067260965,-391303.24067260965,391303.24067260965
full,with_fof_linking_length,largest_fragment_particle_count,ridge,periapsis_Rm,1.8,6,647332.6134817983,694394.3469425207,795586.8976396254
full,with_fof_linking_length,largest_fragment_particle_count,ridge,periapsis_Rm,2.0,10,-489.30289545773996,-83196.83670846792,811933.3865162634
full,with_fof_linking_length,largest_fragment_particle_count,ridge,periapsis_Rm,2.2,3,1063052.1630496806,1044046.3386237407,1063052.1630496806
full,with_fof_linking_length,largest_fragment_particle_count,ridge,periapsis_Rm,2.4,8,-91746.91826400632,463178.6155162519,999788.9133878462
full,with_fof_linking_length,largest_fragment_particle_count,ridge,periapsis_Rm,2.6,3,-215602.3835564335,-752913.5170029588,881242.376272265
full,with_fof_linking_length,largest_fragment_particle_count,ridge,periapsis_Rm,2.8,1,611333.6730262721,611333.6730262721,611333.6730262721
full,with_fof_linking_length,largest_fragment_particle_count,ridge,periapsis_Rm,3.0,1,224207.35697879642,224207.35697879642,224207.35697879642
full,without_fof_linking_length,fragment_count_min_particles,dummy_mean,periapsis_Rm,1.1,3,-77.33844842284738,-86.00511508951405,97.33503836317135
full,without_fof_linking_length,fragment_count_min_particles,dummy_mean,periapsis_Rm,1.2,32,154.40113491048592,-171.00511508951405,465.28380754475705
full,without_fof_linking_length,fragment_count_min_particles,dummy_mean,periapsis_Rm,1.3,4,-169.00511508951405,-93.00511508951405,169.00511508951405
full,without_fof_linking_length,fragment_count_min_particles,dummy_mean,periapsis_Rm,1.4,3,-155.3384484228474,-153.00511508951405,155.3384484228474
full,without_fof_linking_length,fragment_count_min_particles,dummy_mean,periapsis_Rm,1.5,6,-125.17178175618069,-119.00511508951405,125.17178175618069
full,without_fof_linking_length,fragment_count_min_particles,dummy_mean,periapsis_Rm,1.6,16,-177.75511508951405,-156.50511508951405,213.25319693094627
full,without_fof_linking_length,fragment_count_min_particles,dummy_mean,periapsis_Rm,1.7,2,-260.00511508951405,-260.00511508951405,260.00511508951405
full,without_fof_linking_length,fragment_count_min_particles,dummy_mean,periapsis_Rm,1.8,6,-322.50511508951405,-329.50511508951405,322.50511508951405
full,without_fof_linking_length,fragment_count_min_particles,dummy_mean,periapsis_Rm,2.0,10,-164.70511508951404,-249.50511508951405,334.9040920716113
full,without_fof_linking_length,fragment_count_min_particles,dummy_mean,periapsis_Rm,2.2,3,-419.3384484228474,-444.00511508951405,419.3384484228474
full,without_fof_linking_length,fragment_count_min_particles,dummy_mean,periapsis_Rm,2.4,8,-261.88011508951405,-444.00511508951405,459.37883631713555
full,without_fof_linking_length,fragment_count_min_particles,dummy_mean,periapsis_Rm,2.6,3,-360.3384484228474,-356.00511508951405,360.3384484228474
full,without_fof_linking_length,fragment_count_min_particles,dummy_mean,periapsis_Rm,2.8,1,-444.00511508951405,-444.00511508951405,444.00511508951405
full,without_fof_linking_length,fragment_count_min_particles,dummy_mean,periapsis_Rm,3.0,1,-444.00511508951405,-444.00511508951405,444.00511508951405
full,without_fof_linking_length,fragment_count_min_particles,gradient_boosting,periapsis_Rm,1.1,3,-268.06683800051104,-307.18015234910285,326.5143570556843
full,without_fof_linking_length,fragment_count_min_particles,gradient_boosting,periapsis_Rm,1.2,32,-21.618636365543402,-31.33475748434573,172.1186843567558
full,without_fof_linking_length,fragment_count_min_particles,gradient_boosting,periapsis_Rm,1.3,4,-483.9970530195779,-440.57191095808435,483.9970530195779
full,without_fof_linking_length,fragment_count_min_particles,gradient_boosting,periapsis_Rm,1.4,3,-207.69083616743606,-96.0143192302616,207.69083616743606
full,without_fof_linking_length,fragment_count_min_particles,gradient_boosting,periapsis_Rm,1.5,6,-315.6868140808684,-306.15768211358466,315.6868140808684
full,without_fof_linking_length,fragment_count_min_particles,gradient_boosting,periapsis_Rm,1.6,16,-46.8332732384757,-14.815328086513286,123.47333503658336
full,without_fof_linking_length,fragment_count_min_particles,gradient_boosting,periapsis_Rm,1.7,2,-459.7111951831142,-459.7111951831142,459.7111951831142
full,without_fof_linking_length,fragment_count_min_particles,gradient_boosting,periapsis_Rm,1.8,6,-245.2162811841565,-278.7415613961198,250.80953797579025
full,without_fof_linking_length,fragment_count_min_particles,gradient_boosting,periapsis_Rm,2.0,10,134.82194614931126,97.87989494683806,250.62416912212257
full,without_fof_linking_length,fragment_count_min_particles,gradient_boosting,periapsis_Rm,2.2,3,-70.69134079228505,-73.76993940170598,70.69134079228505
full,without_fof_linking_length,fragment_count_min_particles,gradient_boosting,periapsis_Rm,2.4,8,80.50277081717046,-112.37858149899225,223.58317940708022
full,without_fof_linking_length,fragment_count_min_particles,gradient_boosting,periapsis_Rm,2.6,3,-67.94043838432133,-54.427041643473075,67.94043838432133
full,without_fof_linking_length,fragment_count_min_particles,gradient_boosting,periapsis_Rm,2.8,1,-84.13578655991546,-84.13578655991546,84.13578655991546
full,without_fof_linking_length,fragment_count_min_particles,gradient_boosting,periapsis_Rm,3.0,1,-97.13578655991546,-97.13578655991546,97.13578655991546
full,without_fof_linking_length,fragment_count_min_particles,random_forest,periapsis_Rm,1.1,3,-439.4816762852256,-500.25464326169515,439.4816762852256
full,without_fof_linking_length,fragment_count_min_particles,random_forest,periapsis_Rm,1.2,32,-12.286986933603472,2.8975096408221077,238.06442079621092
full,without_fof_linking_length,fragment_count_min_particles,random_forest,periapsis_Rm,1.3,4,-820.9311351033226,-892.3137611555112,820.9311351033226
full,without_fof_linking_length,fragment_count_min_particles,random_forest,periapsis_Rm,1.4,3,-194.35445703703874,-22.307400793650743,194.35445703703874
full,without_fof_linking_length,fragment_count_min_particles,random_forest,periapsis_Rm,1.5,6,-315.93376293151283,-203.64431886863127,315.93376293151283
full,without_fof_linking_length,fragment_count_min_particles,random_forest,periapsis_Rm,1.6,16,-110.30119714211004,-4.8986976310727215,137.71646506400296
full,without_fof_linking_length,fragment_count_min_particles,random_forest,periapsis_Rm,1.7,2,-531.3662629222624,-531.3662629222624,531.3662629222624
full,without_fof_linking_length,fragment_count_min_particles,random_forest,periapsis_Rm,1.8,6,-295.4154574761658,-321.95197696285186,295.4154574761658
full,without_fof_linking_length,fragment_count_min_particles,random_forest,periapsis_Rm,2.0,10,40.86498226269772,-0.9229904475540671,252.27819132910435
full,without_fof_linking_length,fragment_count_min_particles,random_forest,periapsis_Rm,2.2,3,-85.38941118993569,-77.26121190465305,85.38941118993569
full,without_fof_linking_length,fragment_count_min_particles,random_forest,periapsis_Rm,2.4,8,151.62645403670405,-19.19894813519813,181.05861103711104
full,without_fof_linking_length,fragment_count_min_particles,random_forest,periapsis_Rm,2.6,3,-76.09061041736037,-92.25579950604946,76.09061041736037
full,without_fof_linking_length,fragment_count_min_particles,random_forest,periapsis_Rm,2.8,1,-80.67430744255739,-80.67430744255739,80.67430744255739
full,without_fof_linking_length,fragment_count_min_particles,random_forest,periapsis_Rm,3.0,1,-80.67430744255739,-80.67430744255739,80.67430744255739
full,without_fof_linking_length,fragment_count_min_particles,ridge,periapsis_Rm,1.1,3,-377.88999923228795,-400.38554098501845,377.88999923228795
full,without_fof_linking_length,fragment_count_min_particles,ridge,periapsis_Rm,1.2,32,-46.24552868328695,-177.61832993530675,431.8260729407783
full,without_fof_linking_length,fragment_count_min_particles,ridge,periapsis_Rm,1.3,4,-470.4904997562901,-384.4800786861913,470.4904997562901
full,without_fof_linking_length,fragment_count_min_particles,ridge,periapsis_Rm,1.4,3,-178.14209233626897,-84.66523171191415,178.14209233626897
full,without_fof_linking_length,fragment_count_min_particles,ridge,periapsis_Rm,1.5,6,-236.0482355796397,-255.98114804389837,236.0482355796397
full,without_fof_linking_length,fragment_count_min_particles,ridge,periapsis_Rm,1.6,16,-80.08945810683159,-18.17719570065711,186.6571949999786
full,without_fof_linking_length,fragment_count_min_particles,ridge,periapsis_Rm,1.7,2,-308.72577316571034,-308.72577316571034,308.72577316571034
full,without_fof_linking_length,fragment_count_min_particles,ridge,periapsis_Rm,1.8,6,-227.96327442795345,-292.6144102404652,247.38844916978007
full,without_fof_linking_length,fragment_count_min_particles,ridge,periapsis_Rm,2.0,10,34.9609041790777,123.68746266068507,341.2921769535222
full,without_fof_linking_length,fragment_count_min_particles,ridge,periapsis_Rm,2.2,3,-84.1786509280857,-62.44186071545221,84.1786509280857
full,without_fof_linking_length,fragment_count_min_particles,ridge,periapsis_Rm,2.4,8,144.38335162151503,-67.90573850486874,229.51552475260092
full,without_fof_linking_length,fragment_count_min_particles,ridge,periapsis_Rm,2.6,3,190.88119840546503,176.42972997497657,190.88119840546503
full,without_fof_linking_length,fragment_count_min_particles,ridge,periapsis_Rm,2.8,1,227.68959756526897,227.68959756526897,227.68959756526897
full,without_fof_linking_length,fragment_count_min_particles,ridge,periapsis_Rm,3.0,1,349.0667503255096,349.0667503255096,349.0667503255096
full,without_fof_linking_length,largest_fragment_mass_kg,dummy_mean,periapsis_Rm,1.1,3,-2.1527855856754307e+19,-2.278350033112504e+19,2.1527855856754307e+19
full,without_fof_linking_length,largest_fragment_mass_kg,dummy_mean,periapsis_Rm,1.2,32,-1.3166351394376067e+19,-2.032738093069829e+19,2.1284428188397867e+19
full,without_fof_linking_length,largest_fragment_mass_kg,dummy_mean,periapsis_Rm,1.3,4,-1.946618000035817e+19,-1.876091230277687e+19,1.946618000035817e+19
full,without_fof_linking_length,largest_fragment_mass_kg,dummy_mean,periapsis_Rm,1.4,3,-2.032985368374441e+19,-2.2341030119718887e+19,2.032985368374441e+19
full,without_fof_linking_length,largest_fragment_mass_kg,dummy_mean,periapsis_Rm,1.5,6,-1.6886020530281191e+19,-1.9673096608336118e+19,1.6886020530281191e+19
full,without_fof_linking_length,largest_fragment_mass_kg,dummy_mean,periapsis_Rm,1.6,16,6.1220779159237e+18,-1.9728673988982276e+19,3.0441257584653582e+19
full,without_fof_linking_length,largest_fragment_mass_kg,dummy_mean,periapsis_Rm,1.7,2,1.853528721540984e+19,1.853528721540984e+19,1.853528721540984e+19
full,without_fof_linking_length,largest_fragment_mass_kg,dummy_mean,periapsis_Rm,1.8,6,2.837506278766961e+19,4.598994474594934e+19,4.138370912469627e+19
full,without_fof_linking_length,largest_fragment_mass_kg,dummy_mean,periapsis_Rm,2.0,10,6.327729092861982e+18,-4.5233235764413563e+18,2.5301668199497486e+19
full,without_fof_linking_length,largest_fragment_mass_kg,dummy_mean,periapsis_Rm,2.2,3,4.026170005822807e+19,5.782680264643323e+19,4.9263794306137326e+19
full,without_fof_linking_length,largest_fragment_mass_kg,dummy_mean,periapsis_Rm,2.4,8,3.951380798399812e+19,7.360911395208875e+19,5.4636828167173554e+19
full,without_fof_linking_length,largest_fragment_mass_kg,dummy_mean,periapsis_Rm,2.6,3,2.5564185155579466e+19,1.9764500787601433e+19,3.865796302406821e+19
full,without_fof_linking_length,largest_fragment_mass_kg,dummy_mean,periapsis_Rm,2.8,1,7.656872148180936e+19,7.656872148180936e+19,7.656872148180936e+19
full,without_fof_linking_length,largest_fragment_mass_kg,dummy_mean,periapsis_Rm,3.0,1,7.656872148167957e+19,7.656872148167957e+19,7.656872148167957e+19
full,without_fof_linking_length,largest_fragment_mass_kg,gradient_boosting,periapsis_Rm,1.1,3,3.2433957645022234e+18,2.494452838942884e+18,4.0224489984573686e+18
full,without_fof_linking_length,largest_fragment_mass_kg,gradient_boosting,periapsis_Rm,1.2,32,-1.2578531834604608e+16,9.029811517975112e+17,3.3018595428281866e+18
full,without_fof_linking_length,largest_fragment_mass_kg,gradient_boosting,periapsis_Rm,1.3,4,-3.981630380444184e+18,-4.623690389520962e+18,6.283756138197417e+18
full,without_fof_linking_length,largest_fragment_mass_kg,gradient_boosting,periapsis_Rm,1.4,3,-323552596297728.0,1.4423740487291277e+17,2.5186659907156316e+18
full,without_fof_linking_length,largest_fragment_mass_kg,gradient_boosting,periapsis_Rm,1.5,6,3.9346275983823396e+18,3.8048402750889155e+18,3.9346275983823396e+18
full,without_fof_linking_length,largest_fragment_mass_kg,gradient_boosting,periapsis_Rm,1.6,16,1.0142822025978967e+18,4.69153136444244e+17,8.648618496087054e+18
full,without_fof_linking_length,largest_fragment_mass_kg,gradient_boosting,periapsis_Rm,1.7,2,1.4038280757859254e+19,1.4038280757859254e+19,1.4038280757859254e+19
full,without_fof_linking_length,largest_fragment_mass_kg,gradient_boosting,periapsis_Rm,1.8,6,1.389777912183814e+19,1.517189176644019e+19,1.6188656068880714e+19
full,without_fof_linking_length,largest_fragment_mass_kg,gradient_boosting,periapsis_Rm,2.0,10,-1.1694177225994177e+19,-4.5813020639589745e+18,1.851515782262061e+19
full,without_fof_linking_length,largest_fragment_mass_kg,gradient_boosting,periapsis_Rm,2.2,3,1.6010091309713496e+19,2.2646042753526383e+19,3.063775053980885e+19
full,without_fof_linking_length,largest_fragment_mass_kg,gradient_boosting,periapsis_Rm,2.4,8,-1.4796737363928793e+19,6.67617679955773e+18,3.4061538910380966e+19
full,without_fof_linking_length,largest_fragment_mass_kg,gradient_boosting,periapsis_Rm,2.6,3,2.570077018902268e+19,1.555339560894804e+19,2.570077018902268e+19
full,without_fof_linking_length,largest_fragment_mass_kg,gradient_boosting,periapsis_Rm,2.8,1,1.1332252328668103e+19,1.1332252328668103e+19,1.1332252328668103e+19
full,without_fof_linking_length,largest_fragment_mass_kg,gradient_boosting,periapsis_Rm,3.0,1,-2.0172140421138022e+18,-2.0172140421138022e+18,2.0172140421138022e+18
full,without_fof_linking_length,largest_fragment_mass_kg,random_forest,periapsis_Rm,1.1,3,3.8620925997786214e+17,5.343866871554266e+16,3.89751441712788e+17
full,without_fof_linking_length,largest_fragment_mass_kg,random_forest,periapsis_Rm,1.2,32,-1.5695274227251182e+19,-2.1667864373023117e+17,1.7276333654123143e+19
full,without_fof_linking_length,largest_fragment_mass_kg,random_forest,periapsis_Rm,1.3,4,-9.257248840195237e+17,4.905974014989934e+17,1.913528648841641e+18
full,without_fof_linking_length,largest_fragment_mass_kg,random_forest,periapsis_Rm,1.4,3,-1.2808048688765652e+18,-5.193503606234739e+16,1.4164838802823606e+18
full,without_fof_linking_length,largest_fragment_mass_kg,random_forest,periapsis_Rm,1.5,6,1.4500809613692652e+18,2.6503604993377613e+17,1.5425615277731397e+18
full,without_fof_linking_length,largest_fragment_mass_kg,random_forest,periapsis_Rm,1.6,16,7.284123279672702e+18,1.6896067502034624e+16,1.0399375051751637e+19
full,without_fof_linking_length,largest_fragment_mass_kg,random_forest,periapsis_Rm,1.7,2,1.2139030147691459e+19,1.2139030147691459e+19,1.2139030147691459e+19
full,without_fof_linking_length,largest_fragment_mass_kg,random_forest,periapsis_Rm,1.8,6,1.7140789788870785e+19,2.043259021163492e+19,1.848455587672855e+19
full,without_fof_linking_length,largest_fragment_mass_kg,random_forest,periapsis_Rm,2.0,10,-7.981411034277489e+18,-2.31751359312018e+18,1.1362241821465186e+19
full,without_fof_linking_length,largest_fragment_mass_kg,random_forest,periapsis_Rm,2.2,3,2.257457783201025e+19,2.0785283680732545e+19,2.4260854271571464e+19
full,without_fof_linking_length,largest_fragment_mass_kg,random_forest,periapsis_Rm,2.4,8,-1.3732742304801782e+19,6.411101539379724e+18,3.3873480065525228e+19
full,without_fof_linking_length,largest_fragment_mass_kg,random_forest,periapsis_Rm,2.6,3,1.991004756063886e+19,9.465845672764535e+18,2.3448463162141737e+19
full,without_fof_linking_length,largest_fragment_mass_kg,random_forest,periapsis_Rm,2.8,1,3.7236755268926734e+19,3.7236755268926734e+19,3.7236755268926734e+19
full,without_fof_linking_length,largest_fragment_mass_kg,random_forest,periapsis_Rm,3.0,1,3.723675526879692e+19,3.723675526879692e+19,3.723675526879692e+19
full,without_fof_linking_length,largest_fragment_mass_kg,ridge,periapsis_Rm,1.1,3,8.462973485993315e+18,6.783797588689545e+18,1.8891277089251226e+19
full,without_fof_linking_length,largest_fragment_mass_kg,ridge,periapsis_Rm,1.2,32,3.2516182704018575e+18,4.523819606615593e+18,1.4290264730170847e+19
full,without_fof_linking_length,largest_fragment_mass_kg,ridge,periapsis_Rm,1.3,4,-1.8423093905600342e+19,-2.274772398395736e+19,1.902834300469586e+19
full,without_fof_linking_length,largest_fragment_mass_kg,ridge,periapsis_Rm,1.4,3,-4.1176909510188416e+18,-7.043529871031316e+18,1.7810549203422288e+19
full,without_fof_linking_length,largest_fragment_mass_kg,ridge,periapsis_Rm,1.5,6,-8.93968966804199e+18,-8.837220290775279e+18,1.4564720286359724e+19
full,without_fof_linking_length,largest_fragment_mass_kg,ridge,periapsis_Rm,1.6,16,5.596094126828428e+18,9.360940926497006e+18,1.7137015604623254e+19
full,without_fof_linking_length,largest_fragment_mass_kg,ridge,periapsis_Rm,1.7,2,-5.265172301864673e+18,-5.265172301864673e+18,5.265172301864673e+18
full,without_fof_linking_length,largest_fragment_mass_kg,ridge,periapsis_Rm,1.8,6,1.3459108129948244e+19,1.7715902154450698e+19,1.918497551300546e+19
full,without_fof_linking_length,largest_fragment_mass_kg,ridge,periapsis_Rm,2.0,10,-8.979876663468717e+18,-6.309317348912331e+18,2.307885320777501e+19
full,without_fof_linking_length,largest_fragment_mass_kg,ridge,periapsis_Rm,2.2,3,1.193300423777477e+19,3.029306401171977e+19,3.4029842416784495e+19
full,without_fof_linking_length,largest_fragment_mass_kg,ridge,periapsis_Rm,2.4,8,-8.911853402367048e+18,2.1345897863326384e+19,4.0916257810504794e+19
full,without_fof_linking_length,largest_fragment_mass_kg,ridge,periapsis_Rm,2.6,3,-2.1276074547413102e+18,-1.6501353137146659e+19,2.8460135793847665e+19
full,without_fof_linking_length,largest_fragment_mass_kg,ridge,periapsis_Rm,2.8,1,3.055162636015058e+19,3.055162636015058e+19,3.055162636015058e+19
full,without_fof_linking_length,largest_fragment_mass_kg,ridge,periapsis_Rm,3.0,1,2.1604460211572523e+19,2.1604460211572523e+19,2.1604460211572523e+19
full,without_fof_linking_length,largest_fragment_particle_count,dummy_mean,periapsis_Rm,1.1,3,-660423.8780903666,-674417.5447570332,660423.8780903666
full,without_fof_linking_length,largest_fragment_particle_count,dummy_mean,periapsis_Rm,1.2,32,-468555.32600703323,-645943.0447570332,643897.5988650895
full,without_fof_linking_length,largest_fragment_particle_count,dummy_mean,periapsis_Rm,1.3,4,-700049.5447570332,-677637.0447570332,700049.5447570332
full,without_fof_linking_length,largest_fragment_particle_count,dummy_mean,periapsis_Rm,1.4,3,-584778.2114236999,-570628.5447570332,584778.2114236999
full,without_fof_linking_length,largest_fragment_particle_count,dummy_mean,periapsis_Rm,1.5,6,-554437.2114236999,-601258.0447570332,554437.2114236999
full,without_fof_linking_length,largest_fragment_particle_count,dummy_mean,periapsis_Rm,1.6,16,270816.95524296677,-316102.04475703323,982464.6930946292
full,without_fof_linking_length,largest_fragment_particle_count,dummy_mean,periapsis_Rm,1.7,2,527338.9552429668,527338.9552429668,527338.9552429668
full,without_fof_linking_length,largest_fragment_particle_count,dummy_mean,periapsis_Rm,1.8,6,1225819.455242967,1455480.4552429668,1451455.970161978
full,without_fof_linking_length,largest_fragment_particle_count,dummy_mean,periapsis_Rm,2.0,10,662524.0552429669,246947.45524296677,1110741.782097187
full,without_fof_linking_length,largest_fragment_particle_count,dummy_mean,periapsis_Rm,2.2,3,2178490.455242967,2397714.455242967,2178490.455242967
full,without_fof_linking_length,largest_fragment_particle_count,dummy_mean,periapsis_Rm,2.4,8,1559711.9552429668,2397714.955242967,1974591.4776214834
full,without_fof_linking_length,largest_fragment_particle_count,dummy_mean,periapsis_Rm,2.6,3,1088426.4552429668,544950.4552429668,1088426.4552429668
full,without_fof_linking_length,largest_fragment_particle_count,dummy_mean,periapsis_Rm,2.8,1,2332298.455242967,2332298.455242967,2332298.455242967
full,without_fof_linking_length,largest_fragment_particle_count,dummy_mean,periapsis_Rm,3.0,1,2332298.455242967,2332298.455242967,2332298.455242967
full,without_fof_linking_length,largest_fragment_particle_count,gradient_boosting,periapsis_Rm,1.1,3,37139.00535365712,34896.48224937971,65631.57539216348
full,without_fof_linking_length,largest_fragment_particle_count,gradient_boosting,periapsis_Rm,1.2,32,10269.6137826601,-26945.2169104911,76779.07795189637
full,without_fof_linking_length,largest_fragment_particle_count,gradient_boosting,periapsis_Rm,1.3,4,-48684.65688048354,-28827.055461248296,102073.42631138892
full,without_fof_linking_length,largest_fragment_particle_count,gradient_boosting,periapsis_Rm,1.4,3,-51015.17353398982,-41474.34845688165,90843.44836153467
full,without_fof_linking_length,largest_fragment_particle_count,gradient_boosting,periapsis_Rm,1.5,6,96371.93035951437,83271.87401850813,97868.51166366693
full,without_fof_linking_length,largest_fragment_particle_count,gradient_boosting,periapsis_Rm,1.6,16,113491.24789367152,20345.21789023537,181228.67611444616
full,without_fof_linking_length,largest_fragment_particle_count,gradient_boosting,periapsis_Rm,1.7,2,484113.2578061053,484113.2578061053,484113.2578061053
full,without_fof_linking_length,largest_fragment_particle_count,gradient_boosting,periapsis_Rm,1.8,6,339498.03875400295,338145.34885754506,499823.58697341086
full,without_fof_linking_length,largest_fragment_particle_count,gradient_boosting,periapsis_Rm,2.0,10,-199041.77950226763,23632.35305639074,398824.485287839
full,without_fof_linking_length,largest_fragment_particle_count,gradient_boosting,periapsis_Rm,2.2,3,805778.7991030492,664151.6386470501,805778.7991030492
full,without_fof_linking_length,largest_fragment_particle_count,gradient_boosting,periapsis_Rm,2.4,8,-741138.0990130694,11420.98278951412,900333.6108527558
full,without_fof_linking_length,largest_fragment_particle_count,gradient_boosting,periapsis_Rm,2.6,3,122050.04973927257,134269.48604040337,122050.04973927257
full,without_fof_linking_length,largest_fragment_particle_count,gradient_boosting,periapsis_Rm,2.8,1,167865.96940651443,167865.96940651443,167865.96940651443
full,without_fof_linking_length,largest_fragment_particle_count,gradient_boosting,periapsis_Rm,3.0,1,-12178.99237644393,-12178.99237644393,12178.99237644393
full,without_fof_linking_length,largest_fragment_particle_count,random_forest,periapsis_Rm,1.1,3,47288.61353819128,35708.32726115438,47288.61353819128
full,without_fof_linking_length,largest_fragment_particle_count,random_forest,periapsis_Rm,1.2,32,-146390.59305597877,-10474.410379065765,205989.49184947528
full,without_fof_linking_length,largest_fragment_particle_count,random_forest,periapsis_Rm,1.3,4,-30096.93888708276,16325.390049704947,61921.44502485247
full,without_fof_linking_length,largest_fragment_particle_count,random_forest,periapsis_Rm,1.4,3,-37868.96680524387,-10693.830413787713,49026.71285374483
full,without_fof_linking_length,largest_fragment_particle_count,random_forest,periapsis_Rm,1.5,6,43411.11976395352,13473.126909604252,57364.303107628424
full,without_fof_linking_length,largest_fragment_particle_count,random_forest,periapsis_Rm,1.6,16,233094.7911717201,26891.518788993446,278212.43527566874
full,without_fof_linking_length,largest_fragment_particle_count,random_forest,periapsis_Rm,1.7,2,397943.0530558425,397943.0530558425,397943.0530558425
full,without_fof_linking_length,largest_fragment_particle_count,random_forest,periapsis_Rm,1.8,6,558374.6353797752,662032.2838017917,679071.425507641
full,without_fof_linking_length,largest_fragment_particle_count,random_forest,periapsis_Rm,2.0,10,-217079.29033238022,9374.886714953289,371185.9505542441
full,without_fof_linking_length,largest_fragment_particle_count,random_forest,periapsis_Rm,2.2,3,759470.3279816475,692678.4105918286,759470.3279816475
full,without_fof_linking_length,largest_fragment_particle_count,random_forest,periapsis_Rm,2.4,8,-630273.3727410496,90442.14440573147,938242.8050560846
full,without_fof_linking_length,largest_fragment_particle_count,random_forest,periapsis_Rm,2.6,3,-106449.25092724811,-372266.0386005284,493659.331339947
full,without_fof_linking_length,largest_fragment_particle_count,random_forest,periapsis_Rm,2.8,1,470188.94489682605,470188.94489682605,470188.94489682605
full,without_fof_linking_length,largest_fragment_particle_count,random_forest,periapsis_Rm,3.0,1,470188.94489682605,470188.94489682605,470188.94489682605
full,without_fof_linking_length,largest_fragment_particle_count,ridge,periapsis_Rm,1.1,3,364494.21962506446,146792.5442678337,376890.5817427623
full,without_fof_linking_length,largest_fragment_particle_count,ridge,periapsis_Rm,1.2,32,186413.8659021588,146305.91922778194,313317.11450814013
full,without_fof_linking_length,largest_fragment_particle_count,ridge,periapsis_Rm,1.3,4,-201661.0545646245,-348765.8329436426,429005.1948508395
full,without_fof_linking_length,largest_fragment_particle_count,ridge,periapsis_Rm,1.4,3,-216808.13763491905,-496129.09222793847,446792.57573516684
full,without_fof_linking_length,largest_fragment_particle_count,ridge,periapsis_Rm,1.5,6,-183106.35913418035,-190808.06595270243,298105.1904266774
full,without_fof_linking_length,largest_fragment_particle_count,ridge,periapsis_Rm,1.6,16,114777.7551414708,-148966.1849618202,550333.2088067397
full,without_fof_linking_length,largest_fragment_particle_count,ridge,periapsis_Rm,1.7,2,14229.087522165151,14229.087522165151,14229.087522165151
full,without_fof_linking_length,largest_fragment_particle_count,ridge,periapsis_Rm,1.8,6,687451.5167172523,710671.8036635518,821748.034846947
full,without_fof_linking_length,largest_fragment_particle_count,ridge,periapsis_Rm,2.0,10,-50932.68278174943,-117974.98750082077,866911.4442307077
full,without_fof_linking_length,largest_fragment_particle_count,ridge,periapsis_Rm,2.2,3,1018587.1974285241,999716.9505488044,1018587.1974285241
full,without_fof_linking_length,largest_fragment_particle_count,ridge,periapsis_Rm,2.4,8,-194408.92629113398,520850.5733373286,1158903.0370402017
full,without_fof_linking_length,largest_fragment_particle_count,ridge,periapsis_Rm,2.6,3,-231539.30642828616,-792719.6029136949,870551.439160387
full,without_fof_linking_length,largest_fragment_particle_count,ridge,periapsis_Rm,2.8,1,568873.9093310554,568873.9093310554,568873.9093310554
full,without_fof_linking_length,largest_fragment_particle_count,ridge,periapsis_Rm,3.0,1,179229.6195639586,179229.6195639586,179229.6195639586
clean_subset,with_fof_linking_length,fragment_count_min_particles,dummy_mean,mass_log10_kg,20.0,34,12.869875222816399,-167.42424242424244,377.2655971479501
clean_subset,with_fof_linking_length,fragment_count_min_particles,gradient_boosting,mass_log10_kg,20.0,34,70.8065718862119,14.657683603523992,127.39546799592485
clean_subset,with_fof_linking_length,fragment_count_min_particles,random_forest,mass_log10_kg,20.0,34,67.78901857157007,-1.8560465969215727,143.59446969343293
clean_subset,with_fof_linking_length,fragment_count_min_particles,ridge,mass_log10_kg,20.0,34,36.510840623006715,1.1857988555195789,302.35339170225376
clean_subset,with_fof_linking_length,largest_fragment_mass_kg,dummy_mean,mass_log10_kg,20.0,34,6.576546961001846e+18,-4.55040874524441e+18,2.6011212739306918e+19
clean_subset,with_fof_linking_length,largest_fragment_mass_kg,gradient_boosting,mass_log10_kg,20.0,34,-4.9810650005069306e+17,8.075759457125651e+17,8.252966068040321e+18
clean_subset,with_fof_linking_length,largest_fragment_mass_kg,random_forest,mass_log10_kg,20.0,34,2.291321926491641e+18,3.499172030821857e+17,8.287750609223169e+18
clean_subset,with_fof_linking_length,largest_fragment_mass_kg,ridge,mass_log10_kg,20.0,34,8.038069035765688e+16,-2.1130305882735432e+18,1.6749000165293375e+19
clean_subset,with_fof_linking_length,largest_fragment_particle_count,dummy_mean,mass_log10_kg,20.0,34,210600.06283422455,-134910.11363636365,827109.3663101604
clean_subset,with_fof_linking_length,largest_fragment_particle_count,gradient_boosting,mass_log10_kg,20.0,34,-6462.900945947114,22764.691278081023,271886.5300144354
clean_subset,with_fof_linking_length,largest_fragment_particle_count,random_forest,mass_log10_kg,20.0,34,71840.36661116293,11071.166949555045,261654.61441964968
clean_subset,with_fof_linking_length,largest_fragment_particle_count,ridge,mass_log10_kg,20.0,34,1356.5717346611816,-70132.47312036844,534024.0797065381
clean_subset,without_fof_linking_length,fragment_count_min_particles,dummy_mean,mass_log10_kg,20.0,34,12.869875222816399,-167.42424242424244,377.2655971479501
clean_subset,without_fof_linking_length,fragment_count_min_particles,gradient_boosting,mass_log10_kg,20.0,34,70.8065718862119,14.65768360352402,127.39546799592485
clean_subset,without_fof_linking_length,fragment_count_min_particles,random_forest,mass_log10_kg,20.0,34,68.07134000014149,-1.8753045334295422,144.000475995954
clean_subset,without_fof_linking_length,fragment_count_min_particles,ridge,mass_log10_kg,20.0,34,36.51084062300676,1.1857988555196641,302.35339170225376
clean_subset,without_fof_linking_length,largest_fragment_mass_kg,dummy_mean,mass_log10_kg,20.0,34,6.576546961001846e+18,-4.55040874524441e+18,2.6011212739306918e+19
clean_subset,without_fof_linking_length,largest_fragment_mass_kg,gradient_boosting,mass_log10_kg,20.0,34,-5.5230752809403354e+17,8.075759457125673e+17,8.254951316202414e+18
clean_subset,without_fof_linking_length,largest_fragment_mass_kg,random_forest,mass_log10_kg,20.0,34,2.2728271773731264e+18,3.453712998667868e+17,8.264496780924493e+18
clean_subset,without_fof_linking_length,largest_fragment_mass_kg,ridge,mass_log10_kg,20.0,34,8.038069035766026e+16,-2.113030588273537e+18,1.6749000165293375e+19
clean_subset,without_fof_linking_length,largest_fragment_particle_count,dummy_mean,mass_log10_kg,20.0,34,210600.06283422455,-134910.11363636365,827109.3663101604
clean_subset,without_fof_linking_length,largest_fragment_particle_count,gradient_boosting,mass_log10_kg,20.0,34,-6510.792834017367,22764.69127808103,271756.25360088143
clean_subset,without_fof_linking_length,largest_fragment_particle_count,random_forest,mass_log10_kg,20.0,34,72371.25040224606,7850.540265572621,261170.67073034067
clean_subset,without_fof_linking_length,largest_fragment_particle_count,ridge,mass_log10_kg,20.0,34,1356.5717346612912,-70132.4731203682,534024.0797065381
full,with_fof_linking_length,fragment_count_min_particles,dummy_mean,mass_log10_kg,18.0,2,-401.00511508951405,-401.00511508951405,401.00511508951405
full,with_fof_linking_length,fragment_count_min_particles,dummy_mean,mass_log10_kg,18.5,2,-347.00511508951405,-347.00511508951405,347.00511508951405
full,with_fof_linking_length,fragment_count_min_particles,dummy_mean,mass_log10_kg,19.0,29,-102.3154599171003,-195.00511508951405,343.0730223123732
full,with_fof_linking_length,fragment_count_min_particles,dummy_mean,mass_log10_kg,19.5,3,-172.3384484228474,-172.00511508951405,172.3384484228474
full,with_fof_linking_length,fragment_count_min_particles,dummy_mean,mass_log10_kg,20.0,56,-188.9158293752283,-222.50511508951405,270.05777310924367
full,with_fof_linking_length,fragment_count_min_particles,dummy_mean,mass_log10_kg,20.5,4,272.99488491048595,284.49488491048595,272.99488491048595
full,with_fof_linking_length,fragment_count_min_particles,dummy_mean,mass_log10_kg,21.0,2,2507.494884910486,2507.494884910486,2507.494884910486
full,with_fof_linking_length,fragment_count_min_particles,gradient_boosting,mass_log10_kg,18.0,2,-38.276765419468994,-38.276765419468994,102.72014237454812
full,with_fof_linking_length,fragment_count_min_particles,gradient_boosting,mass_log10_kg,18.5,2,-82.51603998066687,-82.51603998066687,82.51603998066687
full,with_fof_linking_length,fragment_count_min_particles,gradient_boosting,mass_log10_kg,19.0,29,82.95624132514916,20.42953962376646,168.19755968328903
full,with_fof_linking_length,fragment_count_min_particles,gradient_boosting,mass_log10_kg,19.5,3,5.03477265169272,106.88174440024252,141.83601276488386
full,with_fof_linking_length,fragment_count_min_particles,gradient_boosting,mass_log10_kg,20.0,56,-76.86892326561106,-23.195817339340078,133.91128845941827
full,with_fof_linking_length,fragment_count_min_particles,gradient_boosting,mass_log10_kg,20.5,4,-68.1676524196568,-95.50395079565442,162.2318757084841
full,with_fof_linking_length,fragment_count_min_particles,gradient_boosting,mass_log10_kg,21.0,2,226.40331704371056,226.40331704371056,226.40331704371056
full,with_fof_linking_length,fragment_count_min_particles,random_forest,mass_log10_kg,18.0,2,-122.82230291005294,-122.82230291005294,122.82230291005294
full,with_fof_linking_length,fragment_count_min_particles,random_forest,mass_log10_kg,18.5,2,-37.68614417989417,-37.68614417989417,37.68614417989417
full,with_fof_linking_length,fragment_count_min_particles,random_forest,mass_log10_kg,19.0,29,13.936080687830668,-7.086264550264552,161.53846817518365
full,with_fof_linking_length,fragment_count_min_particles,random_forest,mass_log10_kg,19.5,3,-40.210755491422084,-38.74792989417983,40.210755491422084
full,with_fof_linking_length,fragment_count_min_particles,random_forest,mass_log10_kg,20.0,56,-78.66160769323274,-14.289943019942996,96.92230218491827
full,with_fof_linking_length,fragment_count_min_particles,random_forest,mass_log10_kg,20.5,4,73.37901379870124,82.36104148629153,159.78838897907667
full,with_fof_linking_length,fragment_count_min_particles,random_forest,mass_log10_kg,21.0,2,847.9751706349202,847.9751706349202,847.9751706349202
full,with_fof_linking_length,fragment_count_min_particles,ridge,mass_log10_kg,18.0,2,-28.04050822608417,-28.04050822608417,322.5734046118106
full,with_fof_linking_length,fragment_count_min_particles,ridge,mass_log10_kg,18.5,2,-124.13647460773791,-124.13647460773791,124.13647460773791
full,with_fof_linking_length,fragment_count_min_particles,ridge,mass_log10_kg,19.0,29,65.94498496087745,-9.311540508420308,235.70059571241507
full,with_fof_linking_length,fragment_count_min_particles,ridge,mass_log10_kg,19.5,3,-470.7610430572643,-470.427709723931,470.7610430572643
full,with_fof_linking_length,fragment_count_min_particles,ridge,mass_log10_kg,20.0,56,-187.09523699531255,-202.57539947346166,305.5533346168842
full,with_fof_linking_length,fragment_count_min_particles,ridge,mass_log10_kg,20.5,4,-182.5017277636056,-152.0605120794528,182.5017277636056
full,with_fof_linking_length,fragment_count_min_particles,ridge,mass_log10_kg,21.0,2,1791.093763979541,1791.093763979541,1791.093763979541
full,with_fof_linking_length,largest_fragment_mass_kg,dummy_mean,mass_log10_kg,18.0,2,-2.336229694000843e+19,-2.336229694000843e+19,2.336229694000843e+19
full,with_fof_linking_length,largest_fragment_mass_kg,dummy_mean,mass_log10_kg,18.5,2,-2.3082595016176284e+19,-2.3082595016176284e+19,2.3082595016176284e+19
full,with_fof_linking_length,largest_fragment_mass_kg,dummy_mean,mass_log10_kg,19.0,29,-2.080389053026252e+19,-2.286529744402269e+19,2.080389053026252e+19
full,with_fof_linking_length,largest_fragment_mass_kg,dummy_mean,mass_log10_kg,19.5,3,-2.156780971168893e+19,-2.156781297690602e+19,2.156780971168893e+19
full,with_fof_linking_length,largest_fragment_mass_kg,dummy_mean,mass_log10_kg,20.0,56,1.4949594481723228e+19,2.6336400072705434e+18,3.295194077770744e+19
full,with_fof_linking_length,largest_fragment_mass_kg,dummy_mean,mass_log10_kg,20.5,4,3.0792820430065824e+19,3.0238882337231606e+19,3.733265603895933e+19
full,with_fof_linking_length,largest_fragment_mass_kg,dummy_mean,mass_log10_kg,21.0,2,5.487865026038404e+19,5.487865026038404e+19,5.487865026038404e+19
full,with_fof_linking_length,largest_fragment_mass_kg,gradient_boosting,mass_log10_kg,18.0,2,1.2223854590347471e+18,1.2223854590347471e+18,1.2223854590347471e+18
full,with_fof_linking_length,largest_fragment_mass_kg,gradient_boosting,mass_log10_kg,18.5,2,1.3448216640794125e+18,1.3448216640794125e+18,1.3448216640794125e+18
full,with_fof_linking_length,largest_fragment_mass_kg,gradient_boosting,mass_log10_kg,19.0,29,-2.161458532029784e+18,5.0741064430952826e+17,5.653593753579113e+18
full,with_fof_linking_length,largest_fragment_mass_kg,gradient_boosting,mass_log10_kg,19.5,3,1.6192561777022743e+18,3.925698377433725e+18,3.9417005565830676e+18
full,with_fof_linking_length,largest_fragment_mass_kg,gradient_boosting,mass_log10_kg,20.0,56,3.6512871848309816e+18,1.8112082612624525e+18,8.911486447049995e+18
full,with_fof_linking_length,largest_fragment_mass_kg,gradient_boosting,mass_log10_kg,20.5,4,-9.07527136201005e+17,-1.1000604453008589e+17,3.0012171815112765e+18
full,with_fof_linking_length,largest_fragment_mass_kg,gradient_boosting,mass_log10_kg,21.0,2,4.5999111657084764e+18,4.5999111657084764e+18,4.5999111657084764e+18
full,with_fof_linking_length,largest_fragment_mass_kg,random_forest,mass_log10_kg,18.0,2,-2.892344313539182e+17,-2.892344313539182e+17,2.892344313539182e+17
full,with_fof_linking_length,largest_fragment_mass_kg,random_forest,mass_log10_kg,18.5,2,-2.2150296536539952e+17,-2.2150296536539952e+17,2.2150296536539952e+17
full,with_fof_linking_length,largest_fragment_mass_kg,random_forest,mass_log10_kg,19.0,29,-3.0025778646420086e+18,-9.349907940331603e+16,3.6551463174521784e+18
full,with_fof_linking_length,largest_fragment_mass_kg,random_forest,mass_log10_kg,19.5,3,-1.6466488680929677e+18,-1.554504216383996e+18,1.6466488680929677e+18
full,with_fof_linking_length,largest_fragment_mass_kg,random_forest,mass_log10_kg,20.0,56,4.356819324874513e+18,-1.3178141636088832e+16,7.368116616925384e+18
full,with_fof_linking_length,largest_fragment_mass_kg,random_forest,mass_log10_kg,20.5,4,-2.2924487455636746e+18,-2.6760425615749325e+18,2.9789309310454415e+19
full,with_fof_linking_length,largest_fragment_mass_kg,random_forest,mass_log10_kg,21.0,2,-2.212076618713704e+20,-2.212076618713704e+20,2.212076618713704e+20
full,with_fof_linking_length,largest_fragment_mass_kg,ridge,mass_log10_kg,18.0,2,3.047818745347457e+19,3.047818745347457e+19,3.047818745347457e+19
full,with_fof_linking_length,largest_fragment_mass_kg,ridge,mass_log10_kg,18.5,2,1.984174287964321e+19,1.984174287964321e+19,1.984174287964321e+19
full,with_fof_linking_length,largest_fragment_mass_kg,ridge,mass_log10_kg,19.0,29,-5.127506569489122e+17,4.733020111571503e+18,1.82245383353306e+19
full,with_fof_linking_length,largest_fragment_mass_kg,ridge,mass_log10_kg,19.5,3,-7.418630646587307e+18,-7.418643707250973e+18,7.418630646587307e+18
full,with_fof_linking_length,largest_fragment_mass_kg,ridge,mass_log10_kg,20.0,56,2.6147314223226966e+17,-3.812064273689984e+16,2.0003618376791945e+19
full,with_fof_linking_length,largest_fragment_mass_kg,ridge,mass_log10_kg,20.5,4,-7.608809757944066e+18,-9.085694315814975e+18,3.0521887454525313e+19
full,with_fof_linking_length,largest_fragment_mass_kg,ridge,mass_log10_kg,21.0,2,1.3996300279708762e+19,1.3996300279708762e+19,1.3996300279708762e+19
full,with_fof_linking_length,largest_fragment_particle_count,dummy_mean,mass_log10_kg,18.0,2,-690523.0447570332,-690523.0447570332,690523.0447570332
full,with_fof_linking_length,largest_fragment_particle_count,dummy_mean,mass_log10_kg,18.5,2,-697154.0447570332,-697154.0447570332,697154.0447570332
full,with_fof_linking_length,largest_fragment_particle_count,dummy_mean,mass_log10_kg,19.0,29,8995.55869124263,-676909.5447570332,994673.3821324634
full,with_fof_linking_length,largest_fragment_particle_count,dummy_mean,mass_log10_kg,19.5,3,-632594.2114236999,-632594.5447570332,632594.2114236999
full,with_fof_linking_length,largest_fragment_particle_count,dummy_mean,mass_log10_kg,20.0,56,398768.22310010955,-2001.0447570332326,1052761.8392857143
full,with_fof_linking_length,largest_fragment_particle_count,dummy_mean,mass_log10_kg,20.5,4,903559.4552429668,885872.9552429668,1191982.0
full,with_fof_linking_length,largest_fragment_particle_count,dummy_mean,mass_log10_kg,21.0,2,-39120.54475703323,-39120.54475703323,39120.54475703323
full,with_fof_linking_length,largest_fragment_particle_count,gradient_boosting,mass_log10_kg,18.0,2,18866.69732360424,18866.69732360424,18866.69732360424
full,with_fof_linking_length,largest_fragment_particle_count,gradient_boosting,mass_log10_kg,18.5,2,-20336.954144415282,-20336.954144415282,30756.80646072746
full,with_fof_linking_length,largest_fragment_particle_count,gradient_boosting,mass_log10_kg,19.0,29,58047.61436240295,29138.915703758394,158835.28521435842
full,with_fof_linking_length,largest_fragment_particle_count,gradient_boosting,mass_log10_kg,19.5,3,-85885.51652601732,-119667.0667750598,85885.51652601732
full,with_fof_linking_length,largest_fragment_particle_count,gradient_boosting,mass_log10_kg,20.0,56,26221.62694181563,-5132.763143420751,250948.00141526293
full,with_fof_linking_length,largest_fragment_particle_count,gradient_boosting,mass_log10_kg,20.5,4,31880.05610169968,30183.41020674759,181374.93622294875
full,with_fof_linking_length,largest_fragment_particle_count,gradient_boosting,mass_log10_kg,21.0,2,-348286.60639413993,-348286.60639413993,348286.60639413993
full,with_fof_linking_length,largest_fragment_particle_count,random_forest,mass_log10_kg,18.0,2,-17639.962317460297,-17639.962317460297,50410.50381746035
full,with_fof_linking_length,largest_fragment_particle_count,random_forest,mass_log10_kg,18.5,2,-13225.683861111083,-13225.683861111083,13225.683861111083
full,with_fof_linking_length,largest_fragment_particle_count,random_forest,mass_log10_kg,19.0,29,22759.03338476729,1256.8493214285554,155563.09349197237
full,with_fof_linking_length,largest_fragment_particle_count,random_forest,mass_log10_kg,19.5,3,-20447.975945286238,-18324.7799419192,23021.87798272407
full,with_fof_linking_length,largest_fragment_particle_count,random_forest,mass_log10_kg,20.0,56,53184.941791492565,-1017.0519478714996,211113.01484365988
full,with_fof_linking_length,largest_fragment_particle_count,random_forest,mass_log10_kg,20.5,4,44360.29182145896,35498.676125060185,726944.6332367427
full,with_fof_linking_length,largest_fragment_particle_count,random_forest,mass_log10_kg,21.0,2,-1718595.8325178586,-1718595.8325178586,1718595.8325178586
full,with_fof_linking_length,largest_fragment_particle_count,ridge,mass_log10_kg,18.0,2,-28672.772652363812,-28672.772652363812,431724.15275448904
full,with_fof_linking_length,largest_fragment_particle_count,ridge,mass_log10_kg,18.5,2,-27011.784079956822,-27011.784079956822,309522.81604747544
full,with_fof_linking_length,largest_fragment_particle_count,ridge,mass_log10_kg,19.0,29,188495.36243685492,163312.55450526322,518209.93421246926
full,with_fof_linking_length,largest_fragment_particle_count,ridge,mass_log10_kg,19.5,3,-68610.80673095665,-68612.14006429003,113282.70331610332
full,with_fof_linking_length,largest_fragment_particle_count,ridge,mass_log10_kg,20.0,56,89060.7041005486,185272.64267054654,612271.3589377891
full,with_fof_linking_length,largest_fragment_particle_count,ridge,mass_log10_kg,20.5,4,441825.31656141544,411076.46479641186,853291.0357175281
full,with_fof_linking_length,largest_fragment_particle_count,ridge,mass_log10_kg,21.0,2,-115123.44917170273,-115123.44917170273,145291.05529501068
full,without_fof_linking_length,fragment_count_min_particles,dummy_mean,mass_log10_kg,18.0,2,-401.00511508951405,-401.00511508951405,401.00511508951405
full,without_fof_linking_length,fragment_count_min_particles,dummy_mean,mass_log10_kg,18.5,2,-347.00511508951405,-347.00511508951405,347.00511508951405
full,without_fof_linking_length,fragment_count_min_particles,dummy_mean,mass_log10_kg,19.0,29,-102.3154599171003,-195.00511508951405,343.0730223123732
full,without_fof_linking_length,fragment_count_min_particles,dummy_mean,mass_log10_kg,19.5,3,-172.3384484228474,-172.00511508951405,172.3384484228474
full,without_fof_linking_length,fragment_count_min_particles,dummy_mean,mass_log10_kg,20.0,56,-188.9158293752283,-222.50511508951405,270.05777310924367
full,without_fof_linking_length,fragment_count_min_particles,dummy_mean,mass_log10_kg,20.5,4,272.99488491048595,284.49488491048595,272.99488491048595
full,without_fof_linking_length,fragment_count_min_particles,dummy_mean,mass_log10_kg,21.0,2,2507.494884910486,2507.494884910486,2507.494884910486
full,without_fof_linking_length,fragment_count_min_particles,gradient_boosting,mass_log10_kg,18.0,2,-114.30918125058149,-114.30918125058149,114.30918125058149
full,without_fof_linking_length,fragment_count_min_particles,gradient_boosting,mass_log10_kg,18.5,2,-20.581689397947862,-20.581689397947862,20.581689397947862
full,without_fof_linking_length,fragment_count_min_particles,gradient_boosting,mass_log10_kg,19.0,29,33.91819862314428,5.197066402066653,111.49988012909498
full,without_fof_linking_length,fragment_count_min_particles,gradient_boosting,mass_log10_kg,19.5,3,-170.0612359283853,-169.72790259505194,170.0612359283853
full,without_fof_linking_length,fragment_count_min_particles,gradient_boosting,mass_log10_kg,20.0,56,-147.8156559496654,-112.87858149899225,273.94375765355574
full,without_fof_linking_length,fragment_count_min_particles,gradient_boosting,mass_log10_kg,20.5,4,-10.070828308568991,1.4291716914310086,114.49891735048465
full,without_fof_linking_length,fragment_count_min_particles,gradient_boosting,mass_log10_kg,21.0,2,210.07076037793195,210.07076037793195,210.07076037793195
full,without_fof_linking_length,fragment_count_min_particles,random_forest,mass_log10_kg,18.0,2,-119.13246877659395,-119.13246877659395,130.89201751489264
full,without_fof_linking_length,fragment_count_min_particles,random_forest,mass_log10_kg,18.5,2,-7.497436507936484,-7.497436507936484,7.497436507936484
full,without_fof_linking_length,fragment_count_min_particles,random_forest,mass_log10_kg,19.0,29,14.038971324373914,-4.958473544973401,127.84457301634289
full,without_fof_linking_length,fragment_count_min_particles,random_forest,mass_log10_kg,19.5,3,6.0801978530727565,6.4135311864060895,6.0801978530727565
full,without_fof_linking_length,fragment_count_min_particles,random_forest,mass_log10_kg,20.0,56,-206.73453475634184,-80.67430744255739,312.0836067163792
full,without_fof_linking_length,fragment_count_min_particles,random_forest,mass_log10_kg,20.5,4,-321.0748544900447,-309.5748544900447,321.0748544900447
full,without_fof_linking_length,fragment_count_min_particles,random_forest,mass_log10_kg,21.0,2,795.5658316560884,795.5658316560884,795.5658316560884
full,without_fof_linking_length,fragment_count_min_particles,ridge,mass_log10_kg,18.0,2,-3.4361001092294146,-3.4361001092294146,165.3771527602405
full,without_fof_linking_length,fragment_count_min_particles,ridge,mass_log10_kg,18.5,2,-45.078720131479486,-45.078720131479486,84.3771527602405
full,without_fof_linking_length,fragment_count_min_particles,ridge,mass_log10_kg,19.0,29,40.873664307971026,-4.288078951673583,255.32368497880958
full,without_fof_linking_length,fragment_count_min_particles,ridge,mass_log10_kg,19.5,3,-428.8593683773948,-428.5260350440615,428.8593683773948
full,without_fof_linking_length,fragment_count_min_particles,ridge,mass_log10_kg,20.0,56,-167.01253553093014,-199.25282234729684,298.217662897229
full,without_fof_linking_length,fragment_count_min_particles,ridge,mass_log10_kg,20.5,4,-299.21904443616245,-287.71904443616245,299.21904443616245
full,without_fof_linking_length,fragment_count_min_particles,ridge,mass_log10_kg,21.0,2,1718.261182781347,1718.261182781347,1718.261182781347
full,without_fof_linking_length,largest_fragment_mass_kg,dummy_mean,mass_log10_kg,18.0,2,-2.336229694000843e+19,-2.336229694000843e+19,2.336229694000843e+19
full,without_fof_linking_length,largest_fragment_mass_kg,dummy_mean,mass_log10_kg,18.5,2,-2.3082595016176284e+19,-2.3082595016176284e+19,2.3082595016176284e+19
full,without_fof_linking_length,largest_fragment_mass_kg,dummy_mean,mass_log10_kg,19.0,29,-2.080389053026252e+19,-2.286529744402269e+19,2.080389053026252e+19
full,without_fof_linking_length,largest_fragment_mass_kg,dummy_mean,mass_log10_kg,19.5,3,-2.156780971168893e+19,-2.156781297690602e+19,2.156780971168893e+19
full,without_fof_linking_length,largest_fragment_mass_kg,dummy_mean,mass_log10_kg,20.0,56,1.4949594481723228e+19,2.6336400072705434e+18,3.295194077770744e+19
full,without_fof_linking_length,largest_fragment_mass_kg,dummy_mean,mass_log10_kg,20.5,4,3.0792820430065824e+19,3.0238882337231606e+19,3.733265603895933e+19
full,without_fof_linking_length,largest_fragment_mass_kg,dummy_mean,mass_log10_kg,21.0,2,5.487865026038404e+19,5.487865026038404e+19,5.487865026038404e+19
full,without_fof_linking_length,largest_fragment_mass_kg,gradient_boosting,mass_log10_kg,18.0,2,5.524150671778007e+17,5.524150671778007e+17,2.293649742611354e+18
full,without_fof_linking_length,largest_fragment_mass_kg,gradient_boosting,mass_log10_kg,18.5,2,8.321169910099487e+17,8.321169910099487e+17,2.1880236614088428e+18
full,without_fof_linking_length,largest_fragment_mass_kg,gradient_boosting,mass_log10_kg,19.0,29,-3.1193024968147323e+18,1.1186434527918374e+18,6.880257198993302e+18
full,without_fof_linking_length,largest_fragment_mass_kg,gradient_boosting,mass_log10_kg,19.5,3,1.7719663745375388e+18,1.7719631093204493e+18,1.7719663745375388e+18
full,without_fof_linking_length,largest_fragment_mass_kg,gradient_boosting,mass_log10_kg,20.0,56,2.1770770113617242e+18,3.555150915261771e+18,1.5325830875319552e+19
full,without_fof_linking_length,largest_fragment_mass_kg,gradient_boosting,mass_log10_kg,20.5,4,4.99096078700011e+17,5.2903902095577805e+17,8.184889229655731e+17
full,without_fof_linking_length,largest_fragment_mass_kg,gradient_boosting,mass_log10_kg,21.0,2,1.1468815009073152e+18,1.1468815009073152e+18,1.1468815009073152e+18
full,without_fof_linking_length,largest_fragment_mass_kg,random_forest,mass_log10_kg,18.0,2,-5.877572813328088e+16,-5.877572813328088e+16,5.877572813328088e+16
full,without_fof_linking_length,largest_fragment_mass_kg,random_forest,mass_log10_kg,18.5,2,1.3586685739600896e+16,1.3586685739600896e+16,5.133008264123149e+16
full,without_fof_linking_length,largest_fragment_mass_kg,random_forest,mass_log10_kg,19.0,29,-2.510146609572932e+18,-1.434124607338606e+17,2.6362287389542584e+18
full,without_fof_linking_length,largest_fragment_mass_kg,random_forest,mass_log10_kg,19.5,3,-2.760299876605665e+18,-2.7603031418227543e+18,2.760299876605665e+18
full,without_fof_linking_length,largest_fragment_mass_kg,random_forest,mass_log10_kg,20.0,56,3.827751937346374e+18,1.0702661485935913e+18,1.537563769406989e+19
full,without_fof_linking_length,largest_fragment_mass_kg,random_forest,mass_log10_kg,20.5,4,9.497875080924008e+18,8.94393698808979e+18,2.944389580521454e+19
full,without_fof_linking_length,largest_fragment_mass_kg,random_forest,mass_log10_kg,21.0,2,-2.0759747292580866e+20,-2.0759747292580866e+20,2.0759747292580866e+20
full,without_fof_linking_length,largest_fragment_mass_kg,ridge,mass_log10_kg,18.0,2,2.9286825007350202e+19,2.9286825007350202e+19,2.9286825007350202e+19
full,without_fof_linking_length,largest_fragment_mass_kg,ridge,mass_log10_kg,18.5,2,1.6013711767876137e+19,1.6013711767876137e+19,1.6013711767876137e+19
full,without_fof_linking_length,largest_fragment_mass_kg,ridge,mass_log10_kg,19.0,29,7.01220016873296e+17,6.783797588689545e+18,1.7648527510311076e+19
full,without_fof_linking_length,largest_fragment_mass_kg,ridge,mass_log10_kg,19.5,3,-9.447538694536636e+18,-9.447541959753726e+18,9.447538694536636e+18
full,without_fof_linking_length,largest_fragment_mass_kg,ridge,mass_log10_kg,20.0,56,-7.109451426441696e+17,-1.2403511955366152e+18,2.0520249137655e+19
full,without_fof_linking_length,largest_fragment_mass_kg,ridge,mass_log10_kg,20.5,4,-1.9572766165784863e+18,-2.511214709412704e+18,2.8385489890511094e+19
full,without_fof_linking_length,largest_fragment_mass_kg,ridge,mass_log10_kg,21.0,2,1.7522904198881755e+19,1.7522904198881755e+19,1.7522904198881755e+19
full,without_fof_linking_length,largest_fragment_particle_count,dummy_mean,mass_log10_kg,18.0,2,-690523.0447570332,-690523.0447570332,690523.0447570332
full,without_fof_linking_length,largest_fragment_particle_count,dummy_mean,mass_log10_kg,18.5,2,-697154.0447570332,-697154.0447570332,697154.0447570332
full,without_fof_linking_length,largest_fragment_particle_count,dummy_mean,mass_log10_kg,19.0,29,8995.55869124263,-676909.5447570332,994673.3821324634
full,without_fof_linking_length,largest_fragment_particle_count,dummy_mean,mass_log10_kg,19.5,3,-632594.2114236999,-632594.5447570332,632594.2114236999
full,without_fof_linking_length,largest_fragment_particle_count,dummy_mean,mass_log10_kg,20.0,56,398768.22310010955,-2001.0447570332326,1052761.8392857143
full,without_fof_linking_length,largest_fragment_particle_count,dummy_mean,mass_log10_kg,20.5,4,903559.4552429668,885872.9552429668,1191982.0
full,without_fof_linking_length,largest_fragment_particle_count,dummy_mean,mass_log10_kg,21.0,2,-39120.54475703323,-39120.54475703323,39120.54475703323
full,without_fof_linking_length,largest_fragment_particle_count,gradient_boosting,mass_log10_kg,18.0,2,-9679.38533472289,-9679.38533472289,33672.50403670491
full,without_fof_linking_length,largest_fragment_particle_count,gradient_boosting,mass_log10_kg,18.5,2,-16310.38533472289,-16310.38533472289,28180.49596329509
full,without_fof_linking_length,largest_fragment_particle_count,gradient_boosting,mass_log10_kg,19.0,29,38017.770229333284,30221.577449578574,127127.61753471196
full,without_fof_linking_length,largest_fragment_particle_count,gradient_boosting,mass_log10_kg,19.5,3,-46476.72212791496,-46477.055461248296,46476.72212791496
full,without_fof_linking_length,largest_fragment_particle_count,gradient_boosting,mass_log10_kg,20.0,56,-2875.9982991886377,26890.05360794328,364148.2899076026
full,without_fof_linking_length,largest_fragment_particle_count,gradient_boosting,mass_log10_kg,20.5,4,15991.005190253782,-1695.4948097462184,74548.78289923578
full,without_fof_linking_length,largest_fragment_particle_count,gradient_boosting,mass_log10_kg,21.0,2,-151398.00146521314,-151398.00146521314,151398.00146521314
full,without_fof_linking_length,largest_fragment_particle_count,random_forest,mass_log10_kg,18.0,2,-3428.6907304269844,-3428.6907304269844,64521.49897508047
full,without_fof_linking_length,largest_fragment_particle_count,random_forest,mass_log10_kg,18.5,2,-5948.944606721943,-5948.944606721943,5948.944606721943
full,without_fof_linking_length,largest_fragment_particle_count,random_forest,mass_log10_kg,19.0,29,30982.489158270775,-10664.350173280356,159150.6249996846
full,without_fof_linking_length,largest_fragment_particle_count,random_forest,mass_log10_kg,19.5,3,-9931.122627179147,-9931.455960512481,9931.122627179147
full,without_fof_linking_length,largest_fragment_particle_count,random_forest,mass_log10_kg,20.0,56,20736.148138855235,30998.23217612953,387761.06402845244
full,without_fof_linking_length,largest_fragment_particle_count,random_forest,mass_log10_kg,20.5,4,66982.56737256586,49296.067372565856,744473.6036944746
full,without_fof_linking_length,largest_fragment_particle_count,random_forest,mass_log10_kg,21.0,2,-1616573.6870073774,-1616573.6870073774,1616573.6870073774
full,without_fof_linking_length,largest_fragment_particle_count,ridge,mass_log10_kg,18.0,2,-57086.90282646514,-57086.90282646514,250187.78976709623
full,without_fof_linking_length,largest_fragment_particle_count,ridge,mass_log10_kg,18.5,2,-118310.76255128667,-118310.76255128667,312040.7897670962
full,without_fof_linking_length,largest_fragment_particle_count,ridge,mass_log10_kg,19.0,29,217448.70141924295,146792.5442678337,519855.58954741806
full,without_fof_linking_length,largest_fragment_particle_count,ridge,mass_log10_kg,19.5,3,-117000.49500193963,-117000.82833527296,117000.49500193963
full,without_fof_linking_length,largest_fragment_particle_count,ridge,mass_log10_kg,20.0,56,65868.41713528425,130367.20619056944,612488.1480692623
full,without_fof_linking_length,largest_fragment_particle_count,ridge,mass_log10_kg,20.5,4,576615.0263465483,558928.5263465483,802337.7102329038
full,without_fof_linking_length,largest_fragment_particle_count,ridge,mass_log10_kg,21.0,2,-31013.54361117701,-31013.54361117701,31013.54361117701
clean_subset,with_fof_linking_length,fragment_count_min_particles,dummy_mean,v_inf_kms,0.0,19,85.73365231259966,-193.42424242424244,489.96650717703346
clean_subset,with_fof_linking_length,fragment_count_min_particles,dummy_mean,v_inf_kms,0.2,2,-130.92424242424244,-130.92424242424244,130.92424242424244
clean_subset,with_fof_linking_length,fragment_count_min_particles,dummy_mean,v_inf_kms,0.6,5,175.17575757575756,-52.424242424242436,290.0848484848485
clean_subset,with_fof_linking_length,fragment_count_min_particles,dummy_mean,v_inf_kms,0.8,3,-201.4242424242424,-179.42424242424244,201.4242424242424
clean_subset,with_fof_linking_length,fragment_count_min_particles,dummy_mean,v_inf_kms,1.0,2,-306.42424242424244,-306.42424242424244,306.42424242424244
clean_subset,with_fof_linking_length,fragment_count_min_particles,dummy_mean,v_inf_kms,1.4,1,-161.42424242424244,-161.42424242424244,161.42424242424244
clean_subset,with_fof_linking_length,fragment_count_min_particles,dummy_mean,v_inf_kms,1.6,2,-213.42424242424244,-213.42424242424244,213.42424242424244
clean_subset,with_fof_linking_length,fragment_count_min_particles,gradient_boosting,v_inf_kms,0.0,19,132.60717427987444,14.451832011749616,193.518340588841
clean_subset,with_fof_linking_length,fragment_count_min_particles,gradient_boosting,v_inf_kms,0.2,2,21.798662712761697,21.798662712761697,21.798662712761697
clean_subset,with_fof_linking_length,fragment_count_min_particles,gradient_boosting,v_inf_kms,0.6,5,-15.09732591910697,14.863535195298368,55.73308666285118
clean_subset,with_fof_linking_length,fragment_count_min_particles,gradient_boosting,v_inf_kms,0.8,3,-13.537564653633671,-31.228810791813828,30.208276367474454
clean_subset,with_fof_linking_length,fragment_count_min_particles,gradient_boosting,v_inf_kms,1.0,2,-59.78298490376585,-59.78298490376585,59.78298490376585
clean_subset,with_fof_linking_length,fragment_count_min_particles,gradient_boosting,v_inf_kms,1.4,1,53.740616705029026,53.740616705029026,53.740616705029026
clean_subset,with_fof_linking_length,fragment_count_min_particles,gradient_boosting,v_inf_kms,1.6,2,13.107242023502252,13.107242023502252,34.2016331593514
clean_subset,with_fof_linking_length,fragment_count_min_particles,random_forest,v_inf_kms,0.0,19,128.82161814257879,-3.946214886964981,230.62575139236986
clean_subset,with_fof_linking_length,fragment_count_min_particles,random_forest,v_inf_kms,0.2,2,17.302673160173,17.302673160173,17.302673160173
clean_subset,with_fof_linking_length,fragment_count_min_particles,random_forest,v_inf_kms,0.6,5,7.130702477152397,30.51346596921593,35.23292258297248
clean_subset,with_fof_linking_length,fragment_count_min_particles,random_forest,v_inf_kms,0.8,3,-14.748628226711565,-14.140776334776334,20.036056798140127
clean_subset,with_fof_linking_length,fragment_count_min_particles,random_forest,v_inf_kms,1.0,2,-79.01985780423287,-79.01985780423287,79.01985780423287
clean_subset,with_fof_linking_length,fragment_count_min_particles,random_forest,v_inf_kms,1.4,1,21.16186904761892,21.16186904761892,21.16186904761892
clean_subset,with_fof_linking_length,fragment_count_min_particles,random_forest,v_inf_kms,1.6,2,-15.95962037037043,-15.95962037037043,25.121489417989352
clean_subset,with_fof_linking_length,fragment_count_min_particles,ridge,v_inf_kms,0.0,19,153.22930195294998,41.410944324789284,418.7381632168659
clean_subset,with_fof_linking_length,fragment_count_min_particles,ridge,v_inf_kms,0.2,2,36.03736543225324,36.03736543225324,36.03736543225324
clean_subset,with_fof_linking_length,fragment_count_min_particles,ridge,v_inf_kms,0.6,5,-200.06424967184307,-218.2519619199054,280.40055532013116
clean_subset,with_fof_linking_length,fragment_count_min_particles,ridge,v_inf_kms,0.8,3,-37.56916008905415,-3.5988950664061576,73.62618370968806
clean_subset,with_fof_linking_length,fragment_count_min_particles,ridge,v_inf_kms,1.0,2,-16.9950641091676,-16.9950641091676,16.9950641091676
clean_subset,with_fof_linking_length,fragment_count_min_particles,ridge,v_inf_kms,1.4,1,-252.20549908566534,-252.20549908566534,252.20549908566534
clean_subset,with_fof_linking_length,fragment_count_min_particles,ridge,v_inf_kms,1.6,2,-171.41926542897497,-171.41926542897497,171.41926542897497
clean_subset,with_fof_linking_length,largest_fragment_mass_kg,dummy_mean,v_inf_kms,0.0,19,1.5388579619688307e+19,8.260056947194589e+18,3.1146264842052403e+19
clean_subset,with_fof_linking_length,largest_fragment_mass_kg,dummy_mean,v_inf_kms,0.2,2,-1.1035175390097533e+19,-1.1035175390097533e+19,1.1035175390097533e+19
clean_subset,with_fof_linking_length,largest_fragment_mass_kg,dummy_mean,v_inf_kms,0.6,5,-9.521477290912797e+18,-3.325715757299798e+18,1.2423444386073242e+19
clean_subset,with_fof_linking_length,largest_fragment_mass_kg,dummy_mean,v_inf_kms,0.8,3,5.059151478039658e+18,-1.316421529764597e+19,3.045678084986684e+19
clean_subset,with_fof_linking_length,largest_fragment_mass_kg,dummy_mean,v_inf_kms,1.0,2,2.2255499872258572e+19,2.2255499872258572e+19,2.912657641669283e+19
clean_subset,with_fof_linking_length,largest_fragment_mass_kg,dummy_mean,v_inf_kms,1.4,1,-2.553002265717299e+19,-2.553002265717299e+19,2.553002265717299e+19
clean_subset,with_fof_linking_length,largest_fragment_mass_kg,dummy_mean,v_inf_kms,1.6,2,-1.663055519335956e+19,-1.663055519335956e+19,1.663055519335956e+19
clean_subset,with_fof_linking_length,largest_fragment_mass_kg,gradient_boosting,v_inf_kms,0.0,19,-1.1526231953867325e+18,7.111872764750561e+17,1.2048862081243867e+19
clean_subset,with_fof_linking_length,largest_fragment_mass_kg,gradient_boosting,v_inf_kms,0.2,2,-1.197053747881477e+18,-1.197053747881477e+18,2.4764795067467643e+18
clean_subset,with_fof_linking_length,largest_fragment_mass_kg,gradient_boosting,v_inf_kms,0.6,5,1.3753983345951875e+18,8.00209399229918e+17,4.1857072274326036e+18
clean_subset,with_fof_linking_length,largest_fragment_mass_kg,gradient_boosting,v_inf_kms,0.8,3,2.47540095029153e+18,1.514660226596997e+18,2.47540095029153e+18
clean_subset,with_fof_linking_length,largest_fragment_mass_kg,gradient_boosting,v_inf_kms,1.0,2,-3.4571493290938604e+18,-3.4571493290938604e+18,7.83234488443823e+18
clean_subset,with_fof_linking_length,largest_fragment_mass_kg,gradient_boosting,v_inf_kms,1.4,1,-4.354469317390858e+17,-4.354469317390858e+17,4.354469317390858e+17
clean_subset,with_fof_linking_length,largest_fragment_mass_kg,gradient_boosting,v_inf_kms,1.6,2,2.024391362317842e+17,2.024391362317842e+17,1.1323160337953713e+18
clean_subset,with_fof_linking_length,largest_fragment_mass_kg,random_forest,v_inf_kms,0.0,19,1.5354927934239716e+18,1.1816638932819712e+17,1.184316281424308e+19
clean_subset,with_fof_linking_length,largest_fragment_mass_kg,random_forest,v_inf_kms,0.2,2,-8.433676136227942e+17,-8.433676136227942e+17,2.0656694163751096e+18
clean_subset,with_fof_linking_length,largest_fragment_mass_kg,random_forest,v_inf_kms,0.6,5,2.4277303550520873e+18,1.5568377511500595e+17,2.84054763233268e+18
clean_subset,with_fof_linking_length,largest_fragment_mass_kg,random_forest,v_inf_kms,0.8,3,4.736073251453054e+18,4.622771845138495e+18,4.736073251453054e+18
clean_subset,with_fof_linking_length,largest_fragment_mass_kg,random_forest,v_inf_kms,1.0,2,8.389636617518907e+18,8.389636617518907e+18,8.389636617518907e+18
clean_subset,with_fof_linking_length,largest_fragment_mass_kg,random_forest,v_inf_kms,1.4,1,8.25681565210624e+16,8.25681565210624e+16,8.25681565210624e+16
clean_subset,with_fof_linking_length,largest_fragment_mass_kg,random_forest,v_inf_kms,1.6,2,3.604302365863734e+18,3.604302365863734e+18,3.6796445513187917e+18
clean_subset,with_fof_linking_length,largest_fragment_mass_kg,ridge,v_inf_kms,0.0,19,-2.1572702031081825e+18,-5.706586439876608e+18,1.9316977395055907e+19
clean_subset,with_fof_linking_length,largest_fragment_mass_kg,ridge,v_inf_kms,0.2,2,-1.870450439971378e+19,-1.870450439971378e+19,1.870450439971378e+19
clean_subset,with_fof_linking_length,largest_fragment_mass_kg,ridge,v_inf_kms,0.6,5,-7.643214504054129e+17,-2.466296646549377e+18,6.972327314062033e+18
clean_subset,with_fof_linking_length,largest_fragment_mass_kg,ridge,v_inf_kms,0.8,3,1.001861734670998e+19,1.6807534215864637e+19,1.96849923331555e+19
clean_subset,with_fof_linking_length,largest_fragment_mass_kg,ridge,v_inf_kms,1.0,2,8.920255212656986e+18,8.920255212656986e+18,1.7031240913740904e+19
clean_subset,with_fof_linking_length,largest_fragment_mass_kg,ridge,v_inf_kms,1.4,1,1.6774620099489882e+19,1.6774620099489882e+19,1.6774620099489882e+19
clean_subset,with_fof_linking_length,largest_fragment_mass_kg,ridge,v_inf_kms,1.6,2,1.0140355408868317e+19,1.0140355408868317e+19,1.0140355408868317e+19
clean_subset,with_fof_linking_length,largest_fragment_particle_count,dummy_mean,v_inf_kms,0.0,19,487174.6232057416,254977.88636363635,988661.2452153111
clean_subset,with_fof_linking_length,largest_fragment_particle_count,dummy_mean,v_inf_kms,0.2,2,-342973.61363636365,-342973.61363636365,342973.61363636365
clean_subset,with_fof_linking_length,largest_fragment_particle_count,dummy_mean,v_inf_kms,0.6,5,-307784.11363636365,-111912.11363636365,393665.2227272728
clean_subset,with_fof_linking_length,largest_fragment_particle_count,dummy_mean,v_inf_kms,0.8,3,175696.88636363627,-411718.11363636365,979970.3712121212
clean_subset,with_fof_linking_length,largest_fragment_particle_count,dummy_mean,v_inf_kms,1.0,2,731948.3863636362,731948.3863636362,940467.5
clean_subset,with_fof_linking_length,largest_fragment_particle_count,dummy_mean,v_inf_kms,1.4,1,-812914.1136363636,-812914.1136363636,812914.1136363636
clean_subset,with_fof_linking_length,largest_fragment_particle_count,dummy_mean,v_inf_kms,1.6,2,-524560.6136363636,-524560.6136363636,524560.6136363636
clean_subset,with_fof_linking_length,largest_fragment_particle_count,gradient_boosting,v_inf_kms,0.0,19,-30681.877786125828,21253.617136239278,390800.148787831
clean_subset,with_fof_linking_length,largest_fragment_particle_count,gradient_boosting,v_inf_kms,0.2,2,-22381.654030013553,-22381.654030013553,115969.83635128352
clean_subset,with_fof_linking_length,largest_fragment_particle_count,gradient_boosting,v_inf_kms,0.6,5,47822.96385417569,20745.333277808415,110773.45356722308
clean_subset,with_fof_linking_length,largest_fragment_particle_count,gradient_boosting,v_inf_kms,0.8,3,116966.02859376468,120253.7119525011,116966.02859376468
clean_subset,with_fof_linking_length,largest_fragment_particle_count,gradient_boosting,v_inf_kms,1.0,2,-78737.16385157971,-78737.16385157971,298346.4674608977
clean_subset,with_fof_linking_length,largest_fragment_particle_count,gradient_boosting,v_inf_kms,1.4,1,-20550.66634875993,-20550.66634875993,20550.66634875993
clean_subset,with_fof_linking_length,largest_fragment_particle_count,gradient_boosting,v_inf_kms,1.6,2,-2003.7785830184148,-2003.7785830184148,32495.282965741542
clean_subset,with_fof_linking_length,largest_fragment_particle_count,random_forest,v_inf_kms,0.0,19,46450.39802038329,3484.4083703703363,373480.8895217299
clean_subset,with_fof_linking_length,largest_fragment_particle_count,random_forest,v_inf_kms,0.2,2,-21033.902199074306,-21033.902199074306,65118.40762103195
clean_subset,with_fof_linking_length,largest_fragment_particle_count,random_forest,v_inf_kms,0.6,5,74113.66591337198,1455.430861833156,86799.00024300166
clean_subset,with_fof_linking_length,largest_fragment_particle_count,random_forest,v_inf_kms,0.8,3,151947.98830026467,149968.24804761918,151947.98830026467
clean_subset,with_fof_linking_length,largest_fragment_particle_count,random_forest,v_inf_kms,1.0,2,269914.09248280444,269914.09248280444,269914.09248280444
clean_subset,with_fof_linking_length,largest_fragment_particle_count,random_forest,v_inf_kms,1.4,1,2831.1021626984148,2831.1021626984148,2831.1021626984148
clean_subset,with_fof_linking_length,largest_fragment_particle_count,random_forest,v_inf_kms,1.6,2,116505.56259722222,116505.56259722222,118692.46043452382
clean_subset,with_fof_linking_length,largest_fragment_particle_count,ridge,v_inf_kms,0.0,19,-70882.90587982997,-181406.45312832296,612148.3127894123
clean_subset,with_fof_linking_length,largest_fragment_particle_count,ridge,v_inf_kms,0.2,2,-605654.0395391766,-605654.0395391766,605654.0395391766
clean_subset,with_fof_linking_length,largest_fragment_particle_count,ridge,v_inf_kms,0.6,5,-23904.346819465027,-80231.26085452526,222749.55597935422
clean_subset,with_fof_linking_length,largest_fragment_particle_count,ridge,v_inf_kms,0.8,3,322395.73831624165,537362.6333488678,637367.1845937046
clean_subset,with_fof_linking_length,largest_fragment_particle_count,ridge,v_inf_kms,1.0,2,289076.40754360985,289076.40754360985,555227.4602161231
clean_subset,with_fof_linking_length,largest_fragment_particle_count,ridge,v_inf_kms,1.4,1,537279.4898744477,537279.4898744477,537279.4898744477
clean_subset,with_fof_linking_length,largest_fragment_particle_count,ridge,v_inf_kms,1.6,2,320554.4719802678,320554.4719802678,320554.4719802678
clean_subset,without_fof_linking_length,fragment_count_min_particles,dummy_mean,v_inf_kms,0.0,19,85.73365231259966,-193.42424242424244,489.96650717703346
clean_subset,without_fof_linking_length,fragment_count_min_particles,dummy_mean,v_inf_kms,0.2,2,-130.92424242424244,-130.92424242424244,130.92424242424244
clean_subset,without_fof_linking_length,fragment_count_min_particles,dummy_mean,v_inf_kms,0.6,5,175.17575757575756,-52.424242424242436,290.0848484848485
clean_subset,without_fof_linking_length,fragment_count_min_particles,dummy_mean,v_inf_kms,0.8,3,-201.4242424242424,-179.42424242424244,201.4242424242424
clean_subset,without_fof_linking_length,fragment_count_min_particles,dummy_mean,v_inf_kms,1.0,2,-306.42424242424244,-306.42424242424244,306.42424242424244
clean_subset,without_fof_linking_length,fragment_count_min_particles,dummy_mean,v_inf_kms,1.4,1,-161.42424242424244,-161.42424242424244,161.42424242424244
clean_subset,without_fof_linking_length,fragment_count_min_particles,dummy_mean,v_inf_kms,1.6,2,-213.42424242424244,-213.42424242424244,213.42424242424244
clean_subset,without_fof_linking_length,fragment_count_min_particles,gradient_boosting,v_inf_kms,0.0,19,132.60717427987447,14.451832011749673,193.51834058884097
clean_subset,without_fof_linking_length,fragment_count_min_particles,gradient_boosting,v_inf_kms,0.2,2,21.798662712761754,21.798662712761754,21.798662712761754
clean_subset,without_fof_linking_length,fragment_count_min_particles,gradient_boosting,v_inf_kms,0.6,5,-15.097325919106936,14.863535195298368,55.73308666285114
clean_subset,without_fof_linking_length,fragment_count_min_particles,gradient_boosting,v_inf_kms,0.8,3,-13.537564653633646,-31.22881079181377,30.2082763674744
clean_subset,without_fof_linking_length,fragment_count_min_particles,gradient_boosting,v_inf_kms,1.0,2,-59.78298490376585,-59.78298490376585,59.78298490376585
clean_subset,without_fof_linking_length,fragment_count_min_particles,gradient_boosting,v_inf_kms,1.4,1,53.740616705029055,53.740616705029055,53.740616705029055
clean_subset,without_fof_linking_length,fragment_count_min_particles,gradient_boosting,v_inf_kms,1.6,2,13.107242023502295,13.107242023502295,34.20163315935139
clean_subset,without_fof_linking_length,fragment_count_min_particles,random_forest,v_inf_kms,0.0,19,129.43332240323036,-3.9687148869650173,231.29262273739909
clean_subset,without_fof_linking_length,fragment_count_min_particles,random_forest,v_inf_kms,0.2,2,17.193609668109474,17.193609668109474,17.193609668109474
clean_subset,without_fof_linking_length,fragment_count_min_particles,random_forest,v_inf_kms,0.6,5,7.010335810485742,30.1640215247715,35.423311471861474
clean_subset,without_fof_linking_length,fragment_count_min_particles,random_forest,v_inf_kms,0.8,3,-14.98868113676449,-14.140776334776305,20.00822611030948
clean_subset,without_fof_linking_length,fragment_count_min_particles,random_forest,v_inf_kms,1.0,2,-79.2615244708995,-79.2615244708995,79.2615244708995
clean_subset,without_fof_linking_length,fragment_count_min_particles,random_forest,v_inf_kms,1.4,1,21.16186904761892,21.16186904761892,21.16186904761892
clean_subset,without_fof_linking_length,fragment_count_min_particles,random_forest,v_inf_kms,1.6,2,-15.959620370370445,-15.959620370370445,25.121489417989366
clean_subset,without_fof_linking_length,fragment_count_min_particles,ridge,v_inf_kms,0.0,19,153.22930195295004,41.4109443247894,418.738163216866
clean_subset,without_fof_linking_length,fragment_count_min_particles,ridge,v_inf_kms,0.2,2,36.037365432253154,36.037365432253154,36.037365432253154
clean_subset,without_fof_linking_length,fragment_count_min_particles,ridge,v_inf_kms,0.6,5,-200.06424967184296,-218.25196191990517,280.4005553201311
clean_subset,without_fof_linking_length,fragment_count_min_particles,ridge,v_inf_kms,0.8,3,-37.56916008905407,-3.598895066406101,73.62618370968802
clean_subset,without_fof_linking_length,fragment_count_min_particles,ridge,v_inf_kms,1.0,2,-16.99506410916763,-16.99506410916763,16.99506410916763
clean_subset,without_fof_linking_length,fragment_count_min_particles,ridge,v_inf_kms,1.4,1,-252.20549908566528,-252.20549908566528,252.20549908566528
clean_subset,without_fof_linking_length,fragment_count_min_particles,ridge,v_inf_kms,1.6,2,-171.4192654289749,-171.4192654289749,171.4192654289749
clean_subset,without_fof_linking_length,largest_fragment_mass_kg,dummy_mean,v_inf_kms,0.0,19,1.5388579619688307e+19,8.260056947194589e+18,3.1146264842052403e+19
clean_subset,without_fof_linking_length,largest_fragment_mass_kg,dummy_mean,v_inf_kms,0.2,2,-1.1035175390097533e+19,-1.1035175390097533e+19,1.1035175390097533e+19
clean_subset,without_fof_linking_length,largest_fragment_mass_kg,dummy_mean,v_inf_kms,0.6,5,-9.521477290912797e+18,-3.325715757299798e+18,1.2423444386073242e+19
clean_subset,without_fof_linking_length,largest_fragment_mass_kg,dummy_mean,v_inf_kms,0.8,3,5.059151478039658e+18,-1.316421529764597e+19,3.045678084986684e+19
clean_subset,without_fof_linking_length,largest_fragment_mass_kg,dummy_mean,v_inf_kms,1.0,2,2.2255499872258572e+19,2.2255499872258572e+19,2.912657641669283e+19
clean_subset,without_fof_linking_length,largest_fragment_mass_kg,dummy_mean,v_inf_kms,1.4,1,-2.553002265717299e+19,-2.553002265717299e+19,2.553002265717299e+19
clean_subset,without_fof_linking_length,largest_fragment_mass_kg,dummy_mean,v_inf_kms,1.6,2,-1.663055519335956e+19,-1.663055519335956e+19,1.663055519335956e+19
clean_subset,without_fof_linking_length,largest_fragment_mass_kg,gradient_boosting,v_inf_kms,0.0,19,-1.2496145087274442e+18,7.111872764810854e+17,1.2052414630586563e+19
clean_subset,without_fof_linking_length,largest_fragment_mass_kg,gradient_boosting,v_inf_kms,0.2,2,-1.1970537478814802e+18,-1.1970537478814802e+18,2.4764795067467694e+18
clean_subset,without_fof_linking_length,largest_fragment_mass_kg,gradient_boosting,v_inf_kms,0.6,5,1.3753983345951826e+18,8.002093992299192e+17,4.185707227432602e+18
clean_subset,without_fof_linking_length,largest_fragment_mass_kg,gradient_boosting,v_inf_kms,0.8,3,2.475400950291526e+18,1.5146602265970012e+18,2.475400950291526e+18
clean_subset,without_fof_linking_length,largest_fragment_mass_kg,gradient_boosting,v_inf_kms,1.0,2,-3.4571493290938665e+18,-3.4571493290938665e+18,7.83234488443824e+18
clean_subset,without_fof_linking_length,largest_fragment_mass_kg,gradient_boosting,v_inf_kms,1.4,1,-4.354469317390817e+17,-4.354469317390817e+17,4.354469317390817e+17
clean_subset,without_fof_linking_length,largest_fragment_mass_kg,gradient_boosting,v_inf_kms,1.6,2,2.024391362317883e+17,2.024391362317883e+17,1.1323160337953713e+18
clean_subset,without_fof_linking_length,largest_fragment_mass_kg,random_forest,v_inf_kms,0.0,19,1.4962383557400827e+18,1.161273313194752e+17,1.178559056934916e+19
clean_subset,without_fof_linking_length,largest_fragment_mass_kg,random_forest,v_inf_kms,0.2,2,-8.803339287872932e+17,-8.803339287872932e+17,2.1026357315396106e+18
clean_subset,without_fof_linking_length,largest_fragment_mass_kg,random_forest,v_inf_kms,0.6,5,2.4517970734359194e+18,1.4421050627936666e+17,2.872287227557922e+18
clean_subset,without_fof_linking_length,largest_fragment_mass_kg,random_forest,v_inf_kms,0.8,3,4.747168062689629e+18,4.620783974826105e+18,4.747168062689629e+18
clean_subset,without_fof_linking_length,largest_fragment_mass_kg,random_forest,v_inf_kms,1.0,2,8.40830034285116e+18,8.40830034285116e+18,8.40830034285116e+18
clean_subset,without_fof_linking_length,largest_fragment_mass_kg,random_forest,v_inf_kms,1.4,1,8.25681565210624e+16,8.25681565210624e+16,8.25681565210624e+16
clean_subset,without_fof_linking_length,largest_fragment_mass_kg,random_forest,v_inf_kms,1.6,2,3.6043023658637317e+18,3.6043023658637317e+18,3.6796445513187896e+18
clean_subset,without_fof_linking_length,largest_fragment_mass_kg,ridge,v_inf_kms,0.0,19,-2.157270203108177e+18,-5.706586439876608e+18,1.9316977395055903e+19
clean_subset,without_fof_linking_length,largest_fragment_mass_kg,ridge,v_inf_kms,0.2,2,-1.870450439971377e+19,-1.870450439971377e+19,1.870450439971377e+19
clean_subset,without_fof_linking_length,largest_fragment_mass_kg,ridge,v_inf_kms,0.6,5,-7.643214504054162e+17,-2.466296646549381e+18,6.972327314062033e+18
clean_subset,without_fof_linking_length,largest_fragment_mass_kg,ridge,v_inf_kms,0.8,3,1.0018617346709981e+19,1.6807534215864637e+19,1.9684992333155504e+19
clean_subset,without_fof_linking_length,largest_fragment_mass_kg,ridge,v_inf_kms,1.0,2,8.920255212656988e+18,8.920255212656988e+18,1.7031240913740902e+19
clean_subset,without_fof_linking_length,largest_fragment_mass_kg,ridge,v_inf_kms,1.4,1,1.6774620099489874e+19,1.6774620099489874e+19,1.6774620099489874e+19
clean_subset,without_fof_linking_length,largest_fragment_mass_kg,ridge,v_inf_kms,1.6,2,1.0140355408868323e+19,1.0140355408868323e+19,1.0140355408868323e+19
clean_subset,without_fof_linking_length,largest_fragment_particle_count,dummy_mean,v_inf_kms,0.0,19,487174.6232057416,254977.88636363635,988661.2452153111
clean_subset,without_fof_linking_length,largest_fragment_particle_count,dummy_mean,v_inf_kms,0.2,2,-342973.61363636365,-342973.61363636365,342973.61363636365
clean_subset,without_fof_linking_length,largest_fragment_particle_count,dummy_mean,v_inf_kms,0.6,5,-307784.11363636365,-111912.11363636365,393665.2227272728
clean_subset,without_fof_linking_length,largest_fragment_particle_count,dummy_mean,v_inf_kms,0.8,3,175696.88636363627,-411718.11363636365,979970.3712121212
clean_subset,without_fof_linking_length,largest_fragment_particle_count,dummy_mean,v_inf_kms,1.0,2,731948.3863636362,731948.3863636362,940467.5
clean_subset,without_fof_linking_length,largest_fragment_particle_count,dummy_mean,v_inf_kms,1.4,1,-812914.1136363636,-812914.1136363636,812914.1136363636
clean_subset,without_fof_linking_length,largest_fragment_particle_count,dummy_mean,v_inf_kms,1.6,2,-524560.6136363636,-524560.6136363636,524560.6136363636
clean_subset,without_fof_linking_length,largest_fragment_particle_count,gradient_boosting,v_inf_kms,0.0,19,-30767.57905951477,21253.617136239292,390567.0225741028
clean_subset,without_fof_linking_length,largest_fragment_particle_count,gradient_boosting,v_inf_kms,0.2,2,-22381.654030013597,-22381.654030013597,115969.83635128348
clean_subset,without_fof_linking_length,largest_fragment_particle_count,gradient_boosting,v_inf_kms,0.6,5,47822.96385417569,20745.3332778084,110773.45356722308
clean_subset,without_fof_linking_length,largest_fragment_particle_count,gradient_boosting,v_inf_kms,0.8,3,116966.02859376486,120253.71195250121,116966.02859376486
clean_subset,without_fof_linking_length,largest_fragment_particle_count,gradient_boosting,v_inf_kms,1.0,2,-78737.16385157945,-78737.16385157945,298346.4674608975
clean_subset,without_fof_linking_length,largest_fragment_particle_count,gradient_boosting,v_inf_kms,1.4,1,-20550.666348759813,-20550.666348759813,20550.666348759813
clean_subset,without_fof_linking_length,largest_fragment_particle_count,gradient_boosting,v_inf_kms,1.6,2,-2003.7785830182984,-2003.7785830182984,32495.282965741542
clean_subset,without_fof_linking_length,largest_fragment_particle_count,random_forest,v_inf_kms,0.0,19,46554.27545703046,2173.547870371025,371691.2524710477
clean_subset,without_fof_linking_length,largest_fragment_particle_count,random_forest,v_inf_kms,0.2,2,-20997.51937500015,-20997.51937500015,65132.98368584656
clean_subset,without_fof_linking_length,largest_fragment_particle_count,random_forest,v_inf_kms,0.6,5,75370.86288162592,5202.938639610889,88359.4481001445
clean_subset,without_fof_linking_length,largest_fragment_particle_count,random_forest,v_inf_kms,0.8,3,153556.82713359816,149904.06138095236,153556.82713359816
clean_subset,without_fof_linking_length,largest_fragment_particle_count,random_forest,v_inf_kms,1.0,2,272359.6477883603,272359.6477883603,272359.6477883603
clean_subset,without_fof_linking_length,largest_fragment_particle_count,random_forest,v_inf_kms,1.4,1,2831.1021626984148,2831.1021626984148,2831.1021626984148
clean_subset,without_fof_linking_length,largest_fragment_particle_count,random_forest,v_inf_kms,1.6,2,116505.56259722234,116505.56259722234,118692.46043452393
clean_subset,without_fof_linking_length,largest_fragment_particle_count,ridge,v_inf_kms,0.0,19,-70882.90587982984,-181406.45312832296,612148.3127894122
clean_subset,without_fof_linking_length,largest_fragment_particle_count,ridge,v_inf_kms,0.2,2,-605654.0395391765,-605654.0395391765,605654.0395391765
clean_subset,without_fof_linking_length,largest_fragment_particle_count,ridge,v_inf_kms,0.6,5,-23904.346819464954,-80231.26085452526,222749.55597935422
clean_subset,without_fof_linking_length,largest_fragment_particle_count,ridge,v_inf_kms,0.8,3,322395.73831624177,537362.6333488678,637367.1845937046
clean_subset,without_fof_linking_length,largest_fragment_particle_count,ridge,v_inf_kms,1.0,2,289076.40754360985,289076.40754360985,555227.4602161231
clean_subset,without_fof_linking_length,largest_fragment_particle_count,ridge,v_inf_kms,1.4,1,537279.4898744477,537279.4898744477,537279.4898744477
clean_subset,without_fof_linking_length,largest_fragment_particle_count,ridge,v_inf_kms,1.6,2,320554.47198026784,320554.47198026784,320554.47198026784
full,with_fof_linking_length,fragment_count_min_particles,dummy_mean,v_inf_kms,0.0,77,-72.68043976483871,-225.00511508951405,380.9902680439765
full,with_fof_linking_length,fragment_count_min_particles,dummy_mean,v_inf_kms,0.2,3,-296.67178175618074,-348.00511508951405,296.67178175618074
full,with_fof_linking_length,fragment_count_min_particles,dummy_mean,v_inf_kms,0.4,5,-141.80511508951403,-89.00511508951405,141.80511508951403
full,with_fof_linking_length,fragment_count_min_particles,dummy_mean,v_inf_kms,0.6,5,-158.80511508951403,-156.00511508951405,158.80511508951403
full,with_fof_linking_length,fragment_count_min_particles,dummy_mean,v_inf_kms,0.8,4,-179.00511508951405,-173.50511508951405,179.00511508951405
full,with_fof_linking_length,fragment_count_min_particles,dummy_mean,v_inf_kms,1.0,1,-185.00511508951405,-185.00511508951405,185.00511508951405
full,with_fof_linking_length,fragment_count_min_particles,dummy_mean,v_inf_kms,1.2,2,-193.50511508951405,-193.50511508951405,193.50511508951405
full,with_fof_linking_length,fragment_count_min_particles,dummy_mean,v_inf_kms,1.5,1,-175.00511508951405,-175.00511508951405,175.00511508951405
full,with_fof_linking_length,fragment_count_min_particles,gradient_boosting,v_inf_kms,0.0,77,-28.574972129273345,-19.335125405717747,169.75394245743306
full,with_fof_linking_length,fragment_count_min_particles,gradient_boosting,v_inf_kms,0.2,3,35.35134236881913,38.526865715989686,35.35134236881913
full,with_fof_linking_length,fragment_count_min_particles,gradient_boosting,v_inf_kms,0.4,5,71.27615951682901,26.236714529492872,71.27615951682901
full,with_fof_linking_length,fragment_count_min_particles,gradient_boosting,v_inf_kms,0.6,5,-58.94908659323895,-35.64982506404232,75.9886244379241
full,with_fof_linking_length,fragment_count_min_particles,gradient_boosting,v_inf_kms,0.8,4,49.31262737883325,38.929450719961025,49.31262737883325
full,with_fof_linking_length,fragment_count_min_particles,gradient_boosting,v_inf_kms,1.0,1,-19.335100882046618,-19.335100882046618,19.335100882046618
full,with_fof_linking_length,fragment_count_min_particles,gradient_boosting,v_inf_kms,1.2,2,-58.766179313559064,-58.766179313559064,58.766179313559064
full,with_fof_linking_length,fragment_count_min_particles,gradient_boosting,v_inf_kms,1.5,1,26.92643934217864,26.92643934217864,26.92643934217864
full,with_fof_linking_length,fragment_count_min_particles,random_forest,v_inf_kms,0.0,77,-28.97668015498214,-17.412231536981608,157.61793803995425
full,with_fof_linking_length,fragment_count_min_particles,random_forest,v_inf_kms,0.2,3,-17.99708966650643,-15.695903439153483,21.449397105980353
full,with_fof_linking_length,fragment_count_min_particles,random_forest,v_inf_kms,0.4,5,24.360916762866744,11.290572751322713,24.360916762866744
full,with_fof_linking_length,fragment_count_min_particles,random_forest,v_inf_kms,0.6,5,-70.89488544973545,-32.45563888888887,75.49016587301585
full,with_fof_linking_length,fragment_count_min_particles,random_forest,v_inf_kms,0.8,4,1.3510623404373021,-14.276732461982448,32.36448593998596
full,with_fof_linking_length,fragment_count_min_particles,random_forest,v_inf_kms,1.0,1,14.343883597883632,14.343883597883632,14.343883597883632
full,with_fof_linking_length,fragment_count_min_particles,random_forest,v_inf_kms,1.2,2,19.91884896584895,19.91884896584895,19.91884896584895
full,with_fof_linking_length,fragment_count_min_particles,random_forest,v_inf_kms,1.5,1,5.19319841269845,5.19319841269845,5.19319841269845
full,with_fof_linking_length,fragment_count_min_particles,ridge,v_inf_kms,0.0,77,-82.48789902505575,-149.63972845978833,353.49192784467726
full,with_fof_linking_length,fragment_count_min_particles,ridge,v_inf_kms,0.2,3,-311.63365469826925,-301.62845810436477,311.63365469826925
full,with_fof_linking_length,fragment_count_min_particles,ridge,v_inf_kms,0.4,5,53.618351615373044,56.756981883666754,95.2585812945168
full,with_fof_linking_length,fragment_count_min_particles,ridge,v_inf_kms,0.6,5,-33.82304200515959,-33.53820471879095,178.94710717099906
full,with_fof_linking_length,fragment_count_min_particles,ridge,v_inf_kms,0.8,4,50.07167438112546,61.03339542127813,85.42405409305064
full,with_fof_linking_length,fragment_count_min_particles,ridge,v_inf_kms,1.0,1,-194.59813396348864,-194.59813396348864,194.59813396348864
full,with_fof_linking_length,fragment_count_min_particles,ridge,v_inf_kms,1.2,2,-187.67006210663422,-187.67006210663422,187.67006210663422
full,with_fof_linking_length,fragment_count_min_particles,ridge,v_inf_kms,1.5,1,127.75901581845545,127.75901581845545,127.75901581845545
full,with_fof_linking_length,largest_fragment_mass_kg,dummy_mean,v_inf_kms,0.0,77,5.720974405691049e+18,-1.6841596763579318e+19,3.1276876797532733e+19
full,with_fof_linking_length,largest_fragment_mass_kg,dummy_mean,v_inf_kms,0.2,3,3.0947969503837684e+19,4.856768159650689e+19,4.434117927620706e+19
full,with_fof_linking_length,largest_fragment_mass_kg,dummy_mean,v_inf_kms,0.4,5,-1.555860894022604e+19,-2.3157002112174207e+19,1.7958501842359824e+19
full,with_fof_linking_length,largest_fragment_mass_kg,dummy_mean,v_inf_kms,0.6,5,-1.088281853756645e+19,-2.0166015308896272e+19,1.536445575338486e+19
full,with_fof_linking_length,largest_fragment_mass_kg,dummy_mean,v_inf_kms,0.8,4,-2.5262131765783183e+18,-2.2467837364848947e+18,1.8874423643485225e+19
full,with_fof_linking_length,largest_fragment_mass_kg,dummy_mean,v_inf_kms,1.0,1,-1.8786491006686933e+19,-1.8786491006686933e+19,1.8786491006686933e+19
full,with_fof_linking_length,largest_fragment_mass_kg,dummy_mean,v_inf_kms,1.2,2,-2.0050171732508066e+19,-2.0050171732508066e+19,2.0050171732508066e+19
full,with_fof_linking_length,largest_fragment_mass_kg,dummy_mean,v_inf_kms,1.5,1,-2.2960278390262067e+19,-2.2960278390262067e+19,2.2960278390262067e+19
full,with_fof_linking_length,largest_fragment_mass_kg,gradient_boosting,v_inf_kms,0.0,77,2.21856435158953e+18,1.6755022920071562e+18,8.113661053769595e+18
full,with_fof_linking_length,largest_fragment_mass_kg,gradient_boosting,v_inf_kms,0.2,3,2.608613404387529e+18,2.9887291481345393e+18,2.608613404387529e+18
full,with_fof_linking_length,largest_fragment_mass_kg,gradient_boosting,v_inf_kms,0.4,5,-4.30137892021823e+18,5.0741064430952826e+17,5.709855767101187e+18
full,with_fof_linking_length,largest_fragment_mass_kg,gradient_boosting,v_inf_kms,0.6,5,2.8434509416132577e+18,2.393801872453757e+18,3.3549582350424054e+18
full,with_fof_linking_length,largest_fragment_mass_kg,gradient_boosting,v_inf_kms,0.8,4,-2.999663342376868e+18,1.9260404515626403e+17,5.164823692169136e+18
full,with_fof_linking_length,largest_fragment_mass_kg,gradient_boosting,v_inf_kms,1.0,1,-6.128518574829292e+17,-6.128518574829292e+17,6.128518574829292e+17
full,with_fof_linking_length,largest_fragment_mass_kg,gradient_boosting,v_inf_kms,1.2,2,-8.475443874141988e+17,-8.475443874141988e+17,8.475443874141988e+17
full,with_fof_linking_length,largest_fragment_mass_kg,gradient_boosting,v_inf_kms,1.5,1,2.92620096906554e+17,2.92620096906554e+17,2.92620096906554e+17
full,with_fof_linking_length,largest_fragment_mass_kg,random_forest,v_inf_kms,0.0,77,-3.7761036270874163e+18,-1.6648188942678938e+17,1.37747206418842e+19
full,with_fof_linking_length,largest_fragment_mass_kg,random_forest,v_inf_kms,0.2,3,-3.86073089458454e+17,-2.3991211686205696e+17,1.1461937731392902e+18
full,with_fof_linking_length,largest_fragment_mass_kg,random_forest,v_inf_kms,0.4,5,-1.0177502144362127e+18,-6.948083300653952e+16,1.619497690526059e+18
full,with_fof_linking_length,largest_fragment_mass_kg,random_forest,v_inf_kms,0.6,5,-1.5955936911489168e+17,-3.2751817011726234e+17,1.2138398486813827e+18
full,with_fof_linking_length,largest_fragment_mass_kg,random_forest,v_inf_kms,0.8,4,-2.900224651559434e+17,2.5940043314451974e+17,1.5536045059497964e+18
full,with_fof_linking_length,largest_fragment_mass_kg,random_forest,v_inf_kms,1.0,1,-4.856307151884186e+16,-4.856307151884186e+16,4.856307151884186e+16
full,with_fof_linking_length,largest_fragment_mass_kg,random_forest,v_inf_kms,1.2,2,-7.608817119612191e+17,-7.608817119612191e+17,7.608817119612191e+17
full,with_fof_linking_length,largest_fragment_mass_kg,random_forest,v_inf_kms,1.5,1,-1.0425317643164333e+17,-1.0425317643164333e+17,1.0425317643164333e+17
full,with_fof_linking_length,largest_fragment_mass_kg,ridge,v_inf_kms,0.0,77,4626512483209482.0,2.1932715601029084e+18,2.101256781538393e+19
full,with_fof_linking_length,largest_fragment_mass_kg,ridge,v_inf_kms,0.2,3,1.8441898332498526e+19,2.119443025317077e+19,1.8441898332498526e+19
full,with_fof_linking_length,largest_fragment_mass_kg,ridge,v_inf_kms,0.4,5,6.602944736661133e+18,9.815715028881916e+18,1.9041505630377193e+19
full,with_fof_linking_length,largest_fragment_mass_kg,ridge,v_inf_kms,0.6,5,-1.027808951594389e+19,-8.943125492977479e+18,1.027808951594389e+19
full,with_fof_linking_length,largest_fragment_mass_kg,ridge,v_inf_kms,0.8,4,-1.0147603739722957e+17,1.1560498441642865e+18,1.5746250634971417e+19
full,with_fof_linking_length,largest_fragment_mass_kg,ridge,v_inf_kms,1.0,1,5.579271664756556e+18,5.579271664756556e+18,5.579271664756556e+18
full,with_fof_linking_length,largest_fragment_mass_kg,ridge,v_inf_kms,1.2,2,4.288754093730525e+18,4.288754093730525e+18,4.288754093730525e+18
full,with_fof_linking_length,largest_fragment_mass_kg,ridge,v_inf_kms,1.5,1,2.465696890268591e+19,2.465696890268591e+19,2.465696890268591e+19
full,with_fof_linking_length,largest_fragment_particle_count,dummy_mean,v_inf_kms,0.0,77,306967.23446374596,-514757.54475703323,1056241.0281994222
full,with_fof_linking_length,largest_fragment_particle_count,dummy_mean,v_inf_kms,0.2,3,927349.1219096334,1497054.4552429668,1408798.8184143223
full,with_fof_linking_length,largest_fragment_particle_count,dummy_mean,v_inf_kms,0.4,5,14460.455242966767,-721215.5447570332,888972.3089514065
full,with_fof_linking_length,largest_fragment_particle_count,dummy_mean,v_inf_kms,0.6,5,-340194.94475703326,-455411.54475703323,447050.7268542199
full,with_fof_linking_length,largest_fragment_particle_count,dummy_mean,v_inf_kms,0.8,4,-138386.54475703323,-157980.04475703323,575218.0
full,with_fof_linking_length,largest_fragment_particle_count,dummy_mean,v_inf_kms,1.0,1,-680988.5447570332,-680988.5447570332,680988.5447570332
full,with_fof_linking_length,largest_fragment_particle_count,dummy_mean,v_inf_kms,1.2,2,-720637.5447570332,-720637.5447570332,720637.5447570332
full,with_fof_linking_length,largest_fragment_particle_count,dummy_mean,v_inf_kms,1.5,1,-659290.5447570332,-659290.5447570332,659290.5447570332
full,with_fof_linking_length,largest_fragment_particle_count,gradient_boosting,v_inf_kms,0.0,77,27213.191566678735,-21485.703589934627,238607.04701463255
full,with_fof_linking_length,largest_fragment_particle_count,gradient_boosting,v_inf_kms,0.2,3,-75265.43859650381,-125853.26232725987,94377.6602090203
full,with_fof_linking_length,largest_fragment_particle_count,gradient_boosting,v_inf_kms,0.4,5,83141.45646127732,56143.44983491174,176376.47886105534
full,with_fof_linking_length,largest_fragment_particle_count,gradient_boosting,v_inf_kms,0.6,5,-33226.15157118226,-64537.850301791215,90012.64372264202
full,with_fof_linking_length,largest_fragment_particle_count,gradient_boosting,v_inf_kms,0.8,4,35812.02275553193,44456.34357027694,86832.15241769535
full,with_fof_linking_length,largest_fragment_particle_count,gradient_boosting,v_inf_kms,1.0,1,10008.890688988933,10008.890688988933,10008.890688988933
full,with_fof_linking_length,largest_fragment_particle_count,gradient_boosting,v_inf_kms,1.2,2,-1623.5337216415137,-1623.5337216415137,20096.575589369553
full,with_fof_linking_length,largest_fragment_particle_count,gradient_boosting,v_inf_kms,1.5,1,52936.00008714473,52936.00008714473,52936.00008714473
full,with_fof_linking_length,largest_fragment_particle_count,random_forest,v_inf_kms,0.0,77,3540.1091890803464,-3455.9658519721415,283931.7292125332
full,with_fof_linking_length,largest_fragment_particle_count,random_forest,v_inf_kms,0.2,3,-16614.834694716013,-7354.63823229546,29398.679380782432
full,with_fof_linking_length,largest_fragment_particle_count,random_forest,v_inf_kms,0.4,5,12804.78565132296,-16256.722392857104,75341.57434709017
full,with_fof_linking_length,largest_fragment_particle_count,random_forest,v_inf_kms,0.6,5,-14021.759825661156,-16484.55537566135,54071.58305978829
full,with_fof_linking_length,largest_fragment_particle_count,random_forest,v_inf_kms,0.8,4,16321.442452816675,31362.660242273683,49467.7744137955
full,with_fof_linking_length,largest_fragment_particle_count,random_forest,v_inf_kms,1.0,1,4048.682706349209,4048.682706349209,4048.682706349209
full,with_fof_linking_length,largest_fragment_particle_count,random_forest,v_inf_kms,1.2,2,-26373.12236970898,-26373.12236970898,26373.12236970898
full,with_fof_linking_length,largest_fragment_particle_count,random_forest,v_inf_kms,1.5,1,22295.750157407427,22295.750157407427,22295.750157407427
full,with_fof_linking_length,largest_fragment_particle_count,ridge,v_inf_kms,0.0,77,135113.5478953048,115115.45308462274,578650.1245812161
full,with_fof_linking_length,largest_fragment_particle_count,ridge,v_inf_kms,0.2,3,733572.6696163355,748209.1302263639,733572.6696163355
full,with_fof_linking_length,largest_fragment_particle_count,ridge,v_inf_kms,0.4,5,335755.34157729556,551252.3724546237,503761.78254749614
full,with_fof_linking_length,largest_fragment_particle_count,ridge,v_inf_kms,0.6,5,-556996.0725567648,-471283.2223082329,556996.0725567648
full,with_fof_linking_length,largest_fragment_particle_count,ridge,v_inf_kms,0.8,4,-214755.7748756928,-84211.28762311605,436605.5711023309
full,with_fof_linking_length,largest_fragment_particle_count,ridge,v_inf_kms,1.0,1,332266.51659447164,332266.51659447164,332266.51659447164
full,with_fof_linking_length,largest_fragment_particle_count,ridge,v_inf_kms,1.2,2,238046.62659379793,238046.62659379793,238046.62659379793
full,with_fof_linking_length,largest_fragment_particle_count,ridge,v_inf_kms,1.5,1,226023.5623748335,226023.5623748335,226023.5623748335
full,without_fof_linking_length,fragment_count_min_particles,dummy_mean,v_inf_kms,0.0,77,-72.68043976483871,-225.00511508951405,380.9902680439765
full,without_fof_linking_length,fragment_count_min_particles,dummy_mean,v_inf_kms,0.2,3,-296.67178175618074,-348.00511508951405,296.67178175618074
full,without_fof_linking_length,fragment_count_min_particles,dummy_mean,v_inf_kms,0.4,5,-141.80511508951403,-89.00511508951405,141.80511508951403
full,without_fof_linking_length,fragment_count_min_particles,dummy_mean,v_inf_kms,0.6,5,-158.80511508951403,-156.00511508951405,158.80511508951403
full,without_fof_linking_length,fragment_count_min_particles,dummy_mean,v_inf_kms,0.8,4,-179.00511508951405,-173.50511508951405,179.00511508951405
full,without_fof_linking_length,fragment_count_min_particles,dummy_mean,v_inf_kms,1.0,1,-185.00511508951405,-185.00511508951405,185.00511508951405
full,without_fof_linking_length,fragment_count_min_particles,dummy_mean,v_inf_kms,1.2,2,-193.50511508951405,-193.50511508951405,193.50511508951405
full,without_fof_linking_length,fragment_count_min_particles,dummy_mean,v_inf_kms,1.5,1,-175.00511508951405,-175.00511508951405,175.00511508951405
full,without_fof_linking_length,fragment_count_min_particles,gradient_boosting,v_inf_kms,0.0,77,-108.60751445998011,-109.17212353783586,236.23563547470778
full,without_fof_linking_length,fragment_count_min_particles,gradient_boosting,v_inf_kms,0.2,3,-85.72192449547317,-60.96324637468393,85.72192449547317
full,without_fof_linking_length,fragment_count_min_particles,gradient_boosting,v_inf_kms,0.4,5,119.96476466769687,109.34654977305507,119.96476466769687
full,without_fof_linking_length,fragment_count_min_particles,gradient_boosting,v_inf_kms,0.6,5,4.24125727874449,5.479743335147532,143.64810207383454
full,without_fof_linking_length,fragment_count_min_particles,gradient_boosting,v_inf_kms,0.8,4,82.12111238119678,90.95766043939692,82.12111238119678
full,without_fof_linking_length,fragment_count_min_particles,gradient_boosting,v_inf_kms,1.0,1,-50.317341625905954,-50.317341625905954,50.317341625905954
full,without_fof_linking_length,fragment_count_min_particles,gradient_boosting,v_inf_kms,1.2,2,-11.48839215406457,-11.48839215406457,19.353011387196773
full,without_fof_linking_length,fragment_count_min_particles,gradient_boosting,v_inf_kms,1.5,1,49.567738911225945,49.567738911225945,49.567738911225945
full,without_fof_linking_length,fragment_count_min_particles,random_forest,v_inf_kms,0.0,77,-142.34005175714643,-80.67430744255739,306.50089414916806
full,without_fof_linking_length,fragment_count_min_particles,random_forest,v_inf_kms,0.2,3,-53.02081194138865,-41.07828105690604,57.64067247234573
full,without_fof_linking_length,fragment_count_min_particles,random_forest,v_inf_kms,0.4,5,31.694265977541,20.4005912698413,31.694265977541
full,without_fof_linking_length,fragment_count_min_particles,random_forest,v_inf_kms,0.6,5,-49.23098205868202,-22.307400793650743,49.23098205868202
full,without_fof_linking_length,fragment_count_min_particles,random_forest,v_inf_kms,0.8,4,8.725312981000528,-9.233317460317352,25.66751734607979
full,without_fof_linking_length,fragment_count_min_particles,random_forest,v_inf_kms,1.0,1,0.3814880952381259,0.3814880952381259,0.3814880952381259
full,without_fof_linking_length,fragment_count_min_particles,random_forest,v_inf_kms,1.2,2,19.086203703703717,19.086203703703717,19.086203703703717
full,without_fof_linking_length,fragment_count_min_particles,random_forest,v_inf_kms,1.5,1,35.284104497354576,35.284104497354576,35.284104497354576
full,without_fof_linking_length,fragment_count_min_particles,ridge,v_inf_kms,0.0,77,-81.77575461575397,-194.2437493182997,354.30974090024233
full,without_fof_linking_length,fragment_count_min_particles,ridge,v_inf_kms,0.2,3,-285.1627153522816,-273.19162369534024,285.1627153522816
full,without_fof_linking_length,fragment_count_min_particles,ridge,v_inf_kms,0.4,5,32.06201726135644,86.87213270480686,103.49609382670121
full,without_fof_linking_length,fragment_count_min_particles,ridge,v_inf_kms,0.6,5,-35.23947993873992,-25.13717990957565,174.06597587956654
full,without_fof_linking_length,fragment_count_min_particles,ridge,v_inf_kms,0.8,4,64.66724470363062,65.76561085023769,102.95467676664987
full,without_fof_linking_length,fragment_count_min_particles,ridge,v_inf_kms,1.0,1,-170.09975906540558,-170.09975906540558,170.09975906540558
full,without_fof_linking_length,fragment_count_min_particles,ridge,v_inf_kms,1.2,2,-162.19554339018185,-162.19554339018185,162.19554339018185
full,without_fof_linking_length,fragment_count_min_particles,ridge,v_inf_kms,1.5,1,92.60314929158011,92.60314929158011,92.60314929158011
full,without_fof_linking_length,largest_fragment_mass_kg,dummy_mean,v_inf_kms,0.0,77,5.720974405691049e+18,-1.6841596763579318e+19,3.1276876797532733e+19
full,without_fof_linking_length,largest_fragment_mass_kg,dummy_mean,v_inf_kms,0.2,3,3.0947969503837684e+19,4.856768159650689e+19,4.434117927620706e+19
full,without_fof_linking_length,largest_fragment_mass_kg,dummy_mean,v_inf_kms,0.4,5,-1.555860894022604e+19,-2.3157002112174207e+19,1.7958501842359824e+19
full,without_fof_linking_length,largest_fragment_mass_kg,dummy_mean,v_inf_kms,0.6,5,-1.088281853756645e+19,-2.0166015308896272e+19,1.536445575338486e+19
full,without_fof_linking_length,largest_fragment_mass_kg,dummy_mean,v_inf_kms,0.8,4,-2.5262131765783183e+18,-2.2467837364848947e+18,1.8874423643485225e+19
full,without_fof_linking_length,largest_fragment_mass_kg,dummy_mean,v_inf_kms,1.0,1,-1.8786491006686933e+19,-1.8786491006686933e+19,1.8786491006686933e+19
full,without_fof_linking_length,largest_fragment_mass_kg,dummy_mean,v_inf_kms,1.2,2,-2.0050171732508066e+19,-2.0050171732508066e+19,2.0050171732508066e+19
full,without_fof_linking_length,largest_fragment_mass_kg,dummy_mean,v_inf_kms,1.5,1,-2.2960278390262067e+19,-2.2960278390262067e+19,2.2960278390262067e+19
full,without_fof_linking_length,largest_fragment_mass_kg,gradient_boosting,v_inf_kms,0.0,77,5.387076363648341e+17,1.7719631093204493e+18,1.2603163803801336e+19
full,without_fof_linking_length,largest_fragment_mass_kg,gradient_boosting,v_inf_kms,0.2,3,1.0362252526059481e+19,1.2038253343290081e+19,1.0362252526059481e+19
full,without_fof_linking_length,largest_fragment_mass_kg,gradient_boosting,v_inf_kms,0.4,5,-4.252042362399644e+18,9.171637662162683e+17,6.277769382577675e+18
full,without_fof_linking_length,largest_fragment_mass_kg,gradient_boosting,v_inf_kms,0.6,5,1.340059304105096e+18,1.4423740487291277e+17,2.599917491664692e+18
full,without_fof_linking_length,largest_fragment_mass_kg,gradient_boosting,v_inf_kms,0.8,4,-2.982560697049012e+18,1.7658662659645806e+18,6.674295886965729e+18
full,without_fof_linking_length,largest_fragment_mass_kg,gradient_boosting,v_inf_kms,1.0,1,-1.49153517512222e+18,-1.49153517512222e+18,1.49153517512222e+18
full,without_fof_linking_length,largest_fragment_mass_kg,gradient_boosting,v_inf_kms,1.2,2,-9.3627249551966e+17,-9.3627249551966e+17,1.1973926980802483e+18
full,without_fof_linking_length,largest_fragment_mass_kg,gradient_boosting,v_inf_kms,1.5,1,1.1186434527918374e+18,1.1186434527918374e+18,1.1186434527918374e+18
full,without_fof_linking_length,largest_fragment_mass_kg,random_forest,v_inf_kms,0.0,77,-3.472771884617096e+18,-5313272602388736.0,1.8504704166513983e+19
full,without_fof_linking_length,largest_fragment_mass_kg,random_forest,v_inf_kms,0.2,3,1.0437137104090399e+19,8.729521574853083e+18,1.0608854918578651e+19
full,without_fof_linking_length,largest_fragment_mass_kg,random_forest,v_inf_kms,0.4,5,-9.381048907515569e+17,-6.06132101607335e+16,9.416002335440367e+17
full,without_fof_linking_length,largest_fragment_mass_kg,random_forest,v_inf_kms,0.6,5,-3.8385612096937094e+17,-3.43228270249962e+17,1.1696631097960236e+18
full,without_fof_linking_length,largest_fragment_mass_kg,random_forest,v_inf_kms,0.8,4,7.894560373095578e+16,5.801979124945293e+17,2.505900659804663e+18
full,without_fof_linking_length,largest_fragment_mass_kg,random_forest,v_inf_kms,1.0,1,3.0229853189597184e+16,3.0229853189597184e+16,3.0229853189597184e+16
full,without_fof_linking_length,largest_fragment_mass_kg,random_forest,v_inf_kms,1.2,2,-7.713449808892431e+17,-7.713449808892431e+17,7.713449808892431e+17
full,without_fof_linking_length,largest_fragment_mass_kg,random_forest,v_inf_kms,1.5,1,-1.1635987322880736e+17,-1.1635987322880736e+17,1.1635987322880736e+17
full,without_fof_linking_length,largest_fragment_mass_kg,ridge,v_inf_kms,0.0,77,-2.9856012007121004e+16,2.228245485532258e+18,2.1072508316489957e+19
full,without_fof_linking_length,largest_fragment_mass_kg,ridge,v_inf_kms,0.2,3,1.7160157154223974e+19,1.9817499077234016e+19,1.7160157154223974e+19
full,without_fof_linking_length,largest_fragment_mass_kg,ridge,v_inf_kms,0.4,5,7.646717344541239e+18,1.1410708460072399e+19,2.0078369052941402e+19
full,without_fof_linking_length,largest_fragment_mass_kg,ridge,v_inf_kms,0.6,5,-1.0209504612242115e+19,-9.350899942922863e+18,1.0209504612242115e+19
full,without_fof_linking_length,largest_fragment_mass_kg,ridge,v_inf_kms,0.8,4,-8.082036400046664e+17,-3.340027296481587e+17,1.652673067082789e+19
full,without_fof_linking_length,largest_fragment_mass_kg,ridge,v_inf_kms,1.0,1,4.3930434203689943e+18,4.3930434203689943e+18,4.3930434203689943e+18
full,without_fof_linking_length,largest_fragment_mass_kg,ridge,v_inf_kms,1.2,2,3.0552602910048604e+18,3.0552602910048604e+18,3.0552602910048604e+18
full,without_fof_linking_length,largest_fragment_mass_kg,ridge,v_inf_kms,1.5,1,2.6359240257565135e+19,2.6359240257565135e+19,2.6359240257565135e+19
full,without_fof_linking_length,largest_fragment_particle_count,dummy_mean,v_inf_kms,0.0,77,306967.23446374596,-514757.54475703323,1056241.0281994222
full,without_fof_linking_length,largest_fragment_particle_count,dummy_mean,v_inf_kms,0.2,3,927349.1219096334,1497054.4552429668,1408798.8184143223
full,without_fof_linking_length,largest_fragment_particle_count,dummy_mean,v_inf_kms,0.4,5,14460.455242966767,-721215.5447570332,888972.3089514065
full,without_fof_linking_length,largest_fragment_particle_count,dummy_mean,v_inf_kms,0.6,5,-340194.94475703326,-455411.54475703323,447050.7268542199
full,without_fof_linking_length,largest_fragment_particle_count,dummy_mean,v_inf_kms,0.8,4,-138386.54475703323,-157980.04475703323,575218.0
full,without_fof_linking_length,largest_fragment_particle_count,dummy_mean,v_inf_kms,1.0,1,-680988.5447570332,-680988.5447570332,680988.5447570332
full,without_fof_linking_length,largest_fragment_particle_count,dummy_mean,v_inf_kms,1.2,2,-720637.5447570332,-720637.5447570332,720637.5447570332
full,without_fof_linking_length,largest_fragment_particle_count,dummy_mean,v_inf_kms,1.5,1,-659290.5447570332,-659290.5447570332,659290.5447570332
full,without_fof_linking_length,largest_fragment_particle_count,gradient_boosting,v_inf_kms,0.0,77,-884.6754454193718,11420.98278951412,297164.5895578166
full,without_fof_linking_length,largest_fragment_particle_count,gradient_boosting,v_inf_kms,0.2,3,159480.334778348,160289.54303577635,159480.334778348
full,without_fof_linking_length,largest_fragment_particle_count,gradient_boosting,v_inf_kms,0.4,5,51774.79754534054,37521.254028795505,93301.72038147153
full,without_fof_linking_length,largest_fragment_particle_count,gradient_boosting,v_inf_kms,0.6,5,-65341.29610141163,-70901.45930120914,89187.9590586899
full,without_fof_linking_length,largest_fragment_particle_count,gradient_boosting,v_inf_kms,0.8,4,54410.61967301025,74193.87143178459,122718.42004727473
full,without_fof_linking_length,largest_fragment_particle_count,gradient_boosting,v_inf_kms,1.0,1,-28685.16893504755,-28685.16893504755,28685.16893504755
full,without_fof_linking_length,largest_fragment_particle_count,gradient_boosting,v_inf_kms,1.2,2,-42809.7169104911,-42809.7169104911,42809.7169104911
full,without_fof_linking_length,largest_fragment_particle_count,gradient_boosting,v_inf_kms,1.5,1,65391.36381064472,65391.36381064472,65391.36381064472
full,without_fof_linking_length,largest_fragment_particle_count,random_forest,v_inf_kms,0.0,77,-16398.737535463977,21813.757291817077,411554.6904439048
full,without_fof_linking_length,largest_fragment_particle_count,random_forest,v_inf_kms,0.2,3,88589.03705779201,82076.89229630865,94865.98063505423
full,without_fof_linking_length,largest_fragment_particle_count,random_forest,v_inf_kms,0.4,5,3255.4087530295337,-16459.18789285721,42639.665024987065
full,without_fof_linking_length,largest_fragment_particle_count,random_forest,v_inf_kms,0.6,5,-10319.400534174954,-16497.287597883565,42705.198794660915
full,without_fof_linking_length,largest_fragment_particle_count,random_forest,v_inf_kms,0.8,4,26086.120711595184,35608.959309433674,57749.68014479622
full,without_fof_linking_length,largest_fragment_particle_count,random_forest,v_inf_kms,1.0,1,3935.6947619048005,3935.6947619048005,3935.6947619048005
full,without_fof_linking_length,largest_fragment_particle_count,random_forest,v_inf_kms,1.2,2,-26467.428814153456,-26467.428814153456,26467.428814153456
full,without_fof_linking_length,largest_fragment_particle_count,random_forest,v_inf_kms,1.5,1,22861.0562685185,22861.0562685185,22861.0562685185
full,without_fof_linking_length,largest_fragment_particle_count,ridge,v_inf_kms,0.0,77,134291.13575466085,75681.99080533395,567744.8035148083
full,without_fof_linking_length,largest_fragment_particle_count,ridge,v_inf_kms,0.2,3,703002.996375857,715369.1646884866,703002.996375857
full,without_fof_linking_length,largest_fragment_particle_count,ridge,v_inf_kms,0.4,5,360649.43728171097,594193.3910172067,527350.8284935721
full,without_fof_linking_length,largest_fragment_particle_count,ridge,v_inf_kms,0.6,5,-555360.314783721,-487889.56845210353,555360.314783721
full,without_fof_linking_length,largest_fragment_particle_count,ridge,v_inf_kms,0.8,4,-231611.30877592956,-119749.21139794495,473804.32532847935
full,without_fof_linking_length,largest_fragment_particle_count,ridge,v_inf_kms,1.0,1,303974.8377171727,303974.8377171727,303974.8377171727
full,without_fof_linking_length,largest_fragment_particle_count,ridge,v_inf_kms,1.2,2,208627.65876111912,208627.65876111912,208627.65876111912
full,without_fof_linking_length,largest_fragment_particle_count,ridge,v_inf_kms,1.5,1,266622.9282743805,266622.9282743805,266622.9282743805
clean_subset,with_fof_linking_length,fragment_count_min_particles,dummy_mean,spin_axis,mz,1,-214.42424242424244,-214.42424242424244,214.42424242424244
clean_subset,with_fof_linking_length,fragment_count_min_particles,dummy_mean,spin_axis,none,10,-242.02424242424246,-216.92424242424244,242.02424242424246
clean_subset,with_fof_linking_length,fragment_count_min_particles,dummy_mean,spin_axis,x,4,-185.67424242424244,-223.42424242424244,245.46212121212125
clean_subset,with_fof_linking_length,fragment_count_min_particles,dummy_mean,spin_axis,y,4,1585.825757575758,1130.0757575757575,1670.537878787879
clean_subset,with_fof_linking_length,fragment_count_min_particles,dummy_mean,spin_axis,z,15,-168.5575757575758,-157.42424242424244,168.5575757575758
clean_subset,with_fof_linking_length,fragment_count_min_particles,gradient_boosting,spin_axis,mz,1,118.81374669747235,118.81374669747235,118.81374669747235
clean_subset,with_fof_linking_length,fragment_count_min_particles,gradient_boosting,spin_axis,none,10,-25.81482046944027,-26.16160096383149,42.425865471047096
clean_subset,with_fof_linking_length,fragment_count_min_particles,gradient_boosting,spin_axis,x,4,-81.70090073775788,-74.86378574806808,81.70090073775788
clean_subset,with_fof_linking_length,fragment_count_min_particles,gradient_boosting,spin_axis,y,4,490.5923278282003,195.44483798927726,490.5923278282003
clean_subset,with_fof_linking_length,fragment_count_min_particles,gradient_boosting,spin_axis,z,15,60.74614625109098,47.308875182853654,99.94670641264462
clean_subset,with_fof_linking_length,fragment_count_min_particles,random_forest,spin_axis,mz,1,-3.946214886964981,-3.946214886964981,3.946214886964981
clean_subset,with_fof_linking_length,fragment_count_min_particles,random_forest,spin_axis,none,10,-31.940682142857177,-26.08851376863877,43.83221833814333
clean_subset,with_fof_linking_length,fragment_count_min_particles,random_forest,spin_axis,x,4,-166.97199735449732,-98.36752116402116,166.97199735449732
clean_subset,with_fof_linking_length,fragment_count_min_particles,random_forest,spin_axis,y,4,764.223208002646,246.54382539682535,803.4632635582014
clean_subset,with_fof_linking_length,fragment_count_min_particles,random_forest,spin_axis,z,15,15.944988343755004,10.561678571428558,37.21350184383514
clean_subset,with_fof_linking_length,fragment_count_min_particles,ridge,spin_axis,mz,1,-69.495871102053,-69.495871102053,69.495871102053
clean_subset,with_fof_linking_length,fragment_count_min_particles,ridge,spin_axis,none,10,-3.3548401928674365,4.009534952982733,39.34985791603973
clean_subset,with_fof_linking_length,fragment_count_min_particles,ridge,spin_axis,x,4,-602.7090552754562,-592.0147641669165,602.7090552754562
clean_subset,with_fof_linking_length,fragment_count_min_particles,ridge,spin_axis,y,4,766.6326939529724,237.46964640079045,1105.2723732380869
clean_subset,with_fof_linking_length,fragment_count_min_particles,ridge,spin_axis,z,15,45.91455330019265,21.728694157089876,199.00634357066713
clean_subset,with_fof_linking_length,largest_fragment_mass_kg,dummy_mean,spin_axis,mz,1,8.260056947194589e+18,8.260056947194589e+18,8.260056947194589e+18
clean_subset,with_fof_linking_length,largest_fragment_mass_kg,dummy_mean,spin_axis,none,10,1.1498018769079826e+19,-4.55040874524441e+18,2.2494510350477894e+19
clean_subset,with_fof_linking_length,largest_fragment_mass_kg,dummy_mean,spin_axis,x,4,1.1917574588370944e+19,3.6274588689505567e+18,1.1917574588370944e+19
clean_subset,with_fof_linking_length,largest_fragment_mass_kg,dummy_mean,spin_axis,y,4,6.436865740592097e+18,-7.731416289475903e+18,2.399280768892036e+19
clean_subset,with_fof_linking_length,largest_fragment_mass_kg,dummy_mean,spin_axis,z,15,1.796306048014515e+18,-2.49322287600948e+19,3.38356362383531e+19
clean_subset,with_fof_linking_length,largest_fragment_mass_kg,gradient_boosting,spin_axis,mz,1,-2.8959141042481046e+19,-2.8959141042481046e+19,2.8959141042481046e+19
clean_subset,with_fof_linking_length,largest_fragment_mass_kg,gradient_boosting,spin_axis,none,10,1.919009086640214e+18,1.4247076983120763e+18,5.864639256226692e+18
clean_subset,with_fof_linking_length,largest_fragment_mass_kg,gradient_boosting,spin_axis,x,4,5.937892552537511e+18,5.324507852155242e+18,5.937892552537511e+18
clean_subset,with_fof_linking_length,largest_fragment_mass_kg,gradient_boosting,spin_axis,y,4,-4.0128702314288133e+18,-3.755388478331908e+18,4.0128702314288133e+18
clean_subset,with_fof_linking_length,largest_fragment_mass_kg,gradient_boosting,spin_axis,z,15,-9.911106740052975e+17,7.111872764750561e+17,1.0212817438183842e+19
clean_subset,with_fof_linking_length,largest_fragment_mass_kg,random_forest,spin_axis,mz,1,-3.296779347719394e+19,-3.296779347719394e+19,3.296779347719394e+19
clean_subset,with_fof_linking_length,largest_fragment_mass_kg,random_forest,spin_axis,none,10,3.9748619694244465e+18,5.95335938116051e+18,5.806536292408378e+18
clean_subset,with_fof_linking_length,largest_fragment_mass_kg,random_forest,spin_axis,x,4,5.239753446192874e+18,5.831605095297317e+18,5.239753446192874e+18
clean_subset,with_fof_linking_length,largest_fragment_mass_kg,random_forest,spin_axis,y,4,-1.8607710561786604e+18,-7.715276245419172e+17,2.2866304995595418e+18
clean_subset,with_fof_linking_length,largest_fragment_mass_kg,random_forest,spin_axis,z,15,3.840545981573896e+18,8.25681565210624e+16,1.0709655235286692e+19
clean_subset,with_fof_linking_length,largest_fragment_mass_kg,ridge,spin_axis,mz,1,-2.1469255430906577e+19,-2.1469255430906577e+19,2.1469255430906577e+19
clean_subset,with_fof_linking_length,largest_fragment_mass_kg,ridge,spin_axis,none,10,-8.376559960464073e+17,-7.610444239889189e+18,1.6411450492450413e+19
clean_subset,with_fof_linking_length,largest_fragment_mass_kg,ridge,spin_axis,x,4,3.060852725451131e+17,-1.6580193595267953e+18,4.817397852010212e+18
clean_subset,with_fof_linking_length,largest_fragment_mass_kg,ridge,spin_axis,y,4,-4.960050033753434e+18,-1.2894382267898438e+19,2.0321795202695758e+19
clean_subset,with_fof_linking_length,largest_fragment_mass_kg,ridge,spin_axis,z,15,3.412974527224284e+18,1.552001465914155e+19,1.888836486971601e+19
clean_subset,with_fof_linking_length,largest_fragment_particle_count,dummy_mean,spin_axis,mz,1,254977.88636363635,254977.88636363635,254977.88636363635
clean_subset,with_fof_linking_length,largest_fragment_particle_count,dummy_mean,spin_axis,none,10,384600.28636363626,-133587.11363636365,723656.6227272727
clean_subset,with_fof_linking_length,largest_fragment_particle_count,dummy_mean,spin_axis,x,4,372784.63636363624,107351.38636363635,372784.63636363624
clean_subset,with_fof_linking_length,largest_fragment_particle_count,dummy_mean,spin_axis,y,4,196985.63636363635,-251135.11363636365,762129.8068181818
clean_subset,with_fof_linking_length,largest_fragment_particle_count,dummy_mean,spin_axis,z,15,52022.686363636334,-794692.1136363636,1072701.1045454545
clean_subset,with_fof_linking_length,largest_fragment_particle_count,gradient_boosting,spin_axis,mz,1,-877725.5815504745,-877725.5815504745,877725.5815504745
clean_subset,with_fof_linking_length,largest_fragment_particle_count,gradient_boosting,spin_axis,none,10,71519.87989944531,106920.94713688553,211096.91363789924
clean_subset,with_fof_linking_length,largest_fragment_particle_count,gradient_boosting,spin_axis,x,4,222010.00680290416,220570.33171550033,222010.00680290416
clean_subset,with_fof_linking_length,largest_fragment_particle_count,gradient_boosting,spin_axis,y,4,-127547.62224059294,-134663.04061654472,127547.62224059294
clean_subset,with_fof_linking_length,largest_fragment_particle_count,gradient_boosting,spin_axis,z,15,-29004.092523695002,20745.333277808415,323814.4524258234
clean_subset,with_fof_linking_length,largest_fragment_particle_count,random_forest,spin_axis,mz,1,-1039432.4502344145,-1039432.4502344145,1039432.4502344145
clean_subset,with_fof_linking_length,largest_fragment_particle_count,random_forest,spin_axis,none,10,130066.5736076721,192098.1144490743,185250.3857243387
clean_subset,with_fof_linking_length,largest_fragment_particle_count,random_forest,spin_axis,x,4,157775.42711541022,183034.81162632274,157775.42711541022
clean_subset,with_fof_linking_length,largest_fragment_particle_count,random_forest,spin_axis,y,4,-59506.7545557656,-25471.433968854893,71833.38519880397
clean_subset,with_fof_linking_length,largest_fragment_particle_count,random_forest,spin_axis,z,15,119217.63257991029,2831.1021626984148,339059.0222355621
clean_subset,with_fof_linking_length,largest_fragment_particle_count,ridge,spin_axis,mz,1,-676691.3119100032,-676691.3119100032,676691.3119100032
clean_subset,with_fof_linking_length,largest_fragment_particle_count,ridge,spin_axis,none,10,-26583.34531410113,-246073.37436962384,531862.1893676171
clean_subset,with_fof_linking_length,largest_fragment_particle_count,ridge,spin_axis,x,4,9640.987576257205,-54232.48347922822,154576.6976196469
clean_subset,with_fof_linking_length,largest_fragment_particle_count,ridge,spin_axis,y,4,-159922.24752723082,-409461.90219154605,642189.7206931461
clean_subset,with_fof_linking_length,largest_fragment_particle_count,ridge,spin_axis,z,15,105984.88292222595,497113.0228997229,598295.9887456637
clean_subset,without_fof_linking_length,fragment_count_min_particles,dummy_mean,spin_axis,mz,1,-214.42424242424244,-214.42424242424244,214.42424242424244
clean_subset,without_fof_linking_length,fragment_count_min_particles,dummy_mean,spin_axis,none,10,-242.02424242424246,-216.92424242424244,242.02424242424246
clean_subset,without_fof_linking_length,fragment_count_min_particles,dummy_mean,spin_axis,x,4,-185.67424242424244,-223.42424242424244,245.46212121212125
clean_subset,without_fof_linking_length,fragment_count_min_particles,dummy_mean,spin_axis,y,4,1585.825757575758,1130.0757575757575,1670.537878787879
clean_subset,without_fof_linking_length,fragment_count_min_particles,dummy_mean,spin_axis,z,15,-168.5575757575758,-157.42424242424244,168.5575757575758
clean_subset,without_fof_linking_length,fragment_count_min_particles,gradient_boosting,spin_axis,mz,1,118.8137466974723,118.8137466974723,118.8137466974723
clean_subset,without_fof_linking_length,fragment_count_min_particles,gradient_boosting,spin_axis,none,10,-25.814820469440235,-26.161600963831432,42.425865471047096
clean_subset,without_fof_linking_length,fragment_count_min_particles,gradient_boosting,spin_axis,x,4,-81.70090073775779,-74.86378574806797,81.70090073775779
clean_subset,without_fof_linking_length,fragment_count_min_particles,gradient_boosting,spin_axis,y,4,490.59232782820027,195.44483798927723,490.59232782820027
clean_subset,without_fof_linking_length,fragment_count_min_particles,gradient_boosting,spin_axis,z,15,60.746146251090956,47.30887518285368,99.9467064126446
clean_subset,without_fof_linking_length,fragment_count_min_particles,random_forest,spin_axis,mz,1,-3.9687148869650173,-3.9687148869650173,3.9687148869650173
clean_subset,without_fof_linking_length,fragment_count_min_particles,random_forest,spin_axis,none,10,-32.02742579365084,-26.247680435305476,43.9240969095719
clean_subset,without_fof_linking_length,fragment_count_min_particles,random_forest,spin_axis,x,4,-167.72523346560848,-99.65754894179904,167.72523346560848
clean_subset,without_fof_linking_length,fragment_count_min_particles,random_forest,spin_axis,y,4,766.4709857804235,247.30943650793654,806.0218746693124
clean_subset,without_fof_linking_length,fragment_count_min_particles,random_forest,spin_axis,z,15,16.24570157126825,10.528345238095199,37.187871156004455
clean_subset,without_fof_linking_length,fragment_count_min_particles,ridge,spin_axis,mz,1,-69.49587110205289,-69.49587110205289,69.49587110205289
clean_subset,without_fof_linking_length,fragment_count_min_particles,ridge,spin_axis,none,10,-3.354840192867454,4.0095349529827615,39.34985791603971
clean_subset,without_fof_linking_length,fragment_count_min_particles,ridge,spin_axis,x,4,-602.709055275456,-592.0147641669165,602.709055275456
clean_subset,without_fof_linking_length,fragment_count_min_particles,ridge,spin_axis,y,4,766.6326939529724,237.46964640079045,1105.2723732380869
clean_subset,without_fof_linking_length,fragment_count_min_particles,ridge,spin_axis,z,15,45.91455330019274,21.72869415708999,199.00634357066718
clean_subset,without_fof_linking_length,largest_fragment_mass_kg,dummy_mean,spin_axis,mz,1,8.260056947194589e+18,8.260056947194589e+18,8.260056947194589e+18
clean_subset,without_fof_linking_length,largest_fragment_mass_kg,dummy_mean,spin_axis,none,10,1.1498018769079826e+19,-4.55040874524441e+18,2.2494510350477894e+19
clean_subset,without_fof_linking_length,largest_fragment_mass_kg,dummy_mean,spin_axis,x,4,1.1917574588370944e+19,3.6274588689505567e+18,1.1917574588370944e+19
clean_subset,without_fof_linking_length,largest_fragment_mass_kg,dummy_mean,spin_axis,y,4,6.436865740592097e+18,-7.731416289475903e+18,2.399280768892036e+19
clean_subset,without_fof_linking_length,largest_fragment_mass_kg,dummy_mean,spin_axis,z,15,1.796306048014515e+18,-2.49322287600948e+19,3.38356362383531e+19
clean_subset,without_fof_linking_length,largest_fragment_mass_kg,gradient_boosting,spin_axis,mz,1,-2.8959141042481046e+19,-2.8959141042481046e+19,2.8959141042481046e+19
clean_subset,without_fof_linking_length,largest_fragment_mass_kg,gradient_boosting,spin_axis,none,10,1.9190090866402107e+18,1.4247076983120804e+18,5.864639256226695e+18
clean_subset,without_fof_linking_length,largest_fragment_mass_kg,gradient_boosting,spin_axis,x,4,5.937892552537507e+18,5.324507852155242e+18,5.937892552537507e+18
clean_subset,without_fof_linking_length,largest_fragment_mass_kg,gradient_boosting,spin_axis,y,4,-4.012870231428815e+18,-3.7553884783319163e+18,4.012870231428815e+18
clean_subset,without_fof_linking_length,largest_fragment_mass_kg,gradient_boosting,spin_axis,z,15,-1.1139663375701987e+18,7.111872764810854e+17,1.0217317334017923e+19
clean_subset,without_fof_linking_length,largest_fragment_mass_kg,random_forest,spin_axis,mz,1,-3.2739619333537243e+19,-3.2739619333537243e+19,3.2739619333537243e+19
clean_subset,without_fof_linking_length,largest_fragment_mass_kg,random_forest,spin_axis,none,10,3.958055779522743e+18,5.952365446004313e+18,5.82566260238785e+18
clean_subset,without_fof_linking_length,largest_fragment_mass_kg,random_forest,spin_axis,x,4,5.131944270548419e+18,5.880003675536611e+18,5.131944270548419e+18
clean_subset,without_fof_linking_length,largest_fragment_mass_kg,random_forest,spin_axis,y,4,-1.86953377391563e+18,-7.940114056275436e+17,2.2569889798158505e+18
clean_subset,without_fof_linking_length,largest_fragment_mass_kg,random_forest,spin_axis,z,15,3.8257029054976645e+18,8.25681565210624e+16,1.0696060812837327e+19
clean_subset,without_fof_linking_length,largest_fragment_mass_kg,ridge,spin_axis,mz,1,-2.146925543090657e+19,-2.146925543090657e+19,2.146925543090657e+19
clean_subset,without_fof_linking_length,largest_fragment_mass_kg,ridge,spin_axis,none,10,-8.376559960464015e+17,-7.610444239889183e+18,1.6411450492450413e+19
clean_subset,without_fof_linking_length,largest_fragment_mass_kg,ridge,spin_axis,x,4,3.0608527254511e+17,-1.6580193595267973e+18,4.817397852010211e+18
clean_subset,without_fof_linking_length,largest_fragment_mass_kg,ridge,spin_axis,y,4,-4.960050033753436e+18,-1.289438226789844e+19,2.032179520269576e+19
clean_subset,without_fof_linking_length,largest_fragment_mass_kg,ridge,spin_axis,z,15,3.412974527224289e+18,1.5520014659141542e+19,1.888836486971601e+19
clean_subset,without_fof_linking_length,largest_fragment_particle_count,dummy_mean,spin_axis,mz,1,254977.88636363635,254977.88636363635,254977.88636363635
clean_subset,without_fof_linking_length,largest_fragment_particle_count,dummy_mean,spin_axis,none,10,384600.28636363626,-133587.11363636365,723656.6227272727
clean_subset,without_fof_linking_length,largest_fragment_particle_count,dummy_mean,spin_axis,x,4,372784.63636363624,107351.38636363635,372784.63636363624
clean_subset,without_fof_linking_length,largest_fragment_particle_count,dummy_mean,spin_axis,y,4,196985.63636363635,-251135.11363636365,762129.8068181818
clean_subset,without_fof_linking_length,largest_fragment_particle_count,dummy_mean,spin_axis,z,15,52022.686363636334,-794692.1136363636,1072701.1045454545
clean_subset,without_fof_linking_length,largest_fragment_particle_count,gradient_boosting,spin_axis,mz,1,-877725.5815504745,-877725.5815504745,877725.5815504745
clean_subset,without_fof_linking_length,largest_fragment_particle_count,gradient_boosting,spin_axis,none,10,71519.87989944541,106920.94713688554,211096.91363789924
clean_subset,without_fof_linking_length,largest_fragment_particle_count,gradient_boosting,spin_axis,x,4,222010.00680290413,220570.33171550027,222010.00680290413
clean_subset,without_fof_linking_length,largest_fragment_particle_count,gradient_boosting,spin_axis,y,4,-127547.62224059297,-134663.04061654472,127547.62224059297
clean_subset,without_fof_linking_length,largest_fragment_particle_count,gradient_boosting,spin_axis,z,15,-29112.64746998762,20745.3332778084,323519.1592217676
clean_subset,without_fof_linking_length,largest_fragment_particle_count,random_forest,spin_axis,mz,1,-1030904.8804010819,-1030904.8804010819,1030904.8804010819
clean_subset,without_fof_linking_length,largest_fragment_particle_count,random_forest,spin_axis,none,10,131328.4391076723,192551.04220634932,185542.691846561
clean_subset,without_fof_linking_length,largest_fragment_particle_count,random_forest,spin_axis,x,4,154604.28140707687,183698.0839358464,154604.28140707687
clean_subset,without_fof_linking_length,largest_fragment_particle_count,random_forest,spin_axis,y,4,-57888.692373225844,-22754.63946885499,71227.85338134374
clean_subset,without_fof_linking_length,largest_fragment_particle_count,random_forest,spin_axis,z,15,119425.37645768806,2831.1021626984148,339342.83112074726
clean_subset,without_fof_linking_length,largest_fragment_particle_count,ridge,spin_axis,mz,1,-676691.311910003,-676691.311910003,676691.311910003
clean_subset,without_fof_linking_length,largest_fragment_particle_count,ridge,spin_axis,none,10,-26583.345314101014,-246073.37436962384,531862.1893676172
clean_subset,without_fof_linking_length,largest_fragment_particle_count,ridge,spin_axis,x,4,9640.987576257263,-54232.48347922822,154576.69761964696
clean_subset,without_fof_linking_length,largest_fragment_particle_count,ridge,spin_axis,y,4,-159922.24752723082,-409461.90219154605,642189.7206931461
clean_subset,without_fof_linking_length,largest_fragment_particle_count,ridge,spin_axis,z,15,105984.88292222607,497113.02289972315,598295.9887456634
full,with_fof_linking_length,fragment_count_min_particles,dummy_mean,spin_axis,mz,3,-376.3384484228474,-444.00511508951405,376.3384484228474
full,with_fof_linking_length,fragment_count_min_particles,dummy_mean,spin_axis,none,55,-91.49602418042315,-247.00511508951405,400.2943501511277
full,with_fof_linking_length,fragment_count_min_particles,dummy_mean,spin_axis,x,4,729.9948849104858,257.994884910486,893.0
full,with_fof_linking_length,fragment_count_min_particles,dummy_mean,spin_axis,y,2,-325.50511508951405,-325.50511508951405,325.50511508951405
full,with_fof_linking_length,fragment_count_min_particles,dummy_mean,spin_axis,z,34,-163.53452685421993,-147.50511508951405,171.29833007371747
full,with_fof_linking_length,fragment_count_min_particles,gradient_boosting,spin_axis,mz,3,-83.85066504762868,-112.93145349410352,101.55753225716184
full,with_fof_linking_length,fragment_count_min_particles,gradient_boosting,spin_axis,none,55,-34.87021057749935,-31.32158150064049,183.92790068248968
full,with_fof_linking_length,fragment_count_min_particles,gradient_boosting,spin_axis,x,4,201.8192765703271,146.2103644169253,307.2881733529183
full,with_fof_linking_length,fragment_count_min_particles,gradient_boosting,spin_axis,y,2,-156.7836221316625,-156.7836221316625,185.60079916530233
full,with_fof_linking_length,fragment_count_min_particles,gradient_boosting,spin_axis,z,34,-7.9285369998213335,-9.803592001193039,66.27689701231022
full,with_fof_linking_length,fragment_count_min_particles,random_forest,spin_axis,mz,3,-91.34920723104058,-101.29375529100535,109.9577839506173
full,with_fof_linking_length,fragment_count_min_particles,random_forest,spin_axis,none,55,-12.258027680232242,-17.412231536981608,132.9995770920998
full,with_fof_linking_length,fragment_count_min_particles,random_forest,spin_axis,x,4,179.11202423039902,-164.79704431216936,509.70751611351614
full,with_fof_linking_length,fragment_count_min_particles,random_forest,spin_axis,y,2,-649.2224011544015,-649.2224011544015,649.2224011544015
full,with_fof_linking_length,fragment_count_min_particles,random_forest,spin_axis,z,34,-27.142664869716366,4.986872775372632,56.085076429289636
full,with_fof_linking_length,fragment_count_min_particles,ridge,spin_axis,mz,3,-310.9831210421693,-343.26899385952436,310.9831210421693
full,with_fof_linking_length,fragment_count_min_particles,ridge,spin_axis,none,55,-91.01420919585325,-154.48129569911725,351.0955269292068
full,with_fof_linking_length,fragment_count_min_particles,ridge,spin_axis,x,4,414.39817510032225,-2.6853797425268056,649.0579314753234
full,with_fof_linking_length,fragment_count_min_particles,ridge,spin_axis,y,2,-968.9680585557692,-968.9680585557692,968.9680585557692
full,with_fof_linking_length,fragment_count_min_particles,ridge,spin_axis,z,34,-35.59737941759263,-27.463373073562053,170.20088687012438
full,with_fof_linking_length,largest_fragment_mass_kg,dummy_mean,spin_axis,mz,3,2.57118114780645e+19,1.404478824456464e+19,3.469719500615438e+19
full,with_fof_linking_length,largest_fragment_mass_kg,dummy_mean,spin_axis,none,55,6.26727914575445e+18,-1.5469120066028222e+19,3.059084580644061e+19
full,with_fof_linking_length,largest_fragment_mass_kg,dummy_mean,spin_axis,x,4,-6.832941977348307e+18,-7.553460854183393e+18,1.2434988497121323e+19
full,with_fof_linking_length,largest_fragment_mass_kg,dummy_mean,spin_axis,y,2,2.2280010201823703e+19,2.2280010201823703e+19,4.514074267586132e+19
full,with_fof_linking_length,largest_fragment_mass_kg,dummy_mean,spin_axis,z,34,-3.8195354456605783e+18,-2.0237903242810864e+19,2.7608620674716664e+19
full,with_fof_linking_length,largest_fragment_mass_kg,gradient_boosting,spin_axis,mz,3,-1.3064427775047816e+18,-9.513907038608105e+18,1.1888710622098221e+19
full,with_fof_linking_length,largest_fragment_mass_kg,gradient_boosting,spin_axis,none,55,-4.381278162931907e+17,7.342057501980045e+17,7.007489005048975e+18
full,with_fof_linking_length,largest_fragment_mass_kg,gradient_boosting,spin_axis,x,4,6.671272137513861e+17,1.1988374959547837e+18,2.0333141402272292e+18
full,with_fof_linking_length,largest_fragment_mass_kg,gradient_boosting,spin_axis,y,2,2.932939073568008e+18,2.932939073568008e+18,2.932939073568008e+18
full,with_fof_linking_length,largest_fragment_mass_kg,gradient_boosting,spin_axis,z,34,5.20098978570934e+18,1.8112082612624525e+18,7.826014853235303e+18
full,with_fof_linking_length,largest_fragment_mass_kg,random_forest,spin_axis,mz,3,-9.172812646265848e+18,-6.732383511541768e+18,1.5414648206404878e+19
full,with_fof_linking_length,largest_fragment_mass_kg,random_forest,spin_axis,none,55,-8.525827839368497e+18,-2.0454013474833264e+17,1.4117372003479398e+19
full,with_fof_linking_length,largest_fragment_mass_kg,random_forest,spin_axis,x,4,4.524375610268136e+17,2.318653465696433e+17,1.2024023490673787e+18
full,with_fof_linking_length,largest_fragment_mass_kg,random_forest,spin_axis,y,2,3.891786881923249e+17,3.891786881923249e+17,5.648873665007193e+17
full,with_fof_linking_length,largest_fragment_mass_kg,random_forest,spin_axis,z,34,5.68268957291807e+18,-6.093879206702963e+16,7.573793152834066e+18
full,with_fof_linking_length,largest_fragment_mass_kg,ridge,spin_axis,mz,3,1.0215703907762968e+18,-1.4077637771846509e+19,2.0708231289581085e+19
full,with_fof_linking_length,largest_fragment_mass_kg,ridge,spin_axis,none,55,-4.075723503799394e+18,-3.7574322432110797e+18,2.207038090755954e+19
full,with_fof_linking_length,largest_fragment_mass_kg,ridge,spin_axis,x,4,-6.76012772122506e+18,-1.0310153615908436e+19,1.0105479734989658e+19
full,with_fof_linking_length,largest_fragment_mass_kg,ridge,spin_axis,y,2,2.3209790769228292e+19,2.3209790769228292e+19,2.3209790769228292e+19
full,with_fof_linking_length,largest_fragment_mass_kg,ridge,spin_axis,z,34,8.159854942667204e+18,5.779668706998188e+18,1.6436852927809393e+19
full,with_fof_linking_length,largest_fragment_particle_count,dummy_mean,spin_axis,mz,3,1673956.1219096333,2332296.455242967,1673956.1219096333
full,with_fof_linking_length,largest_fragment_particle_count,dummy_mean,spin_axis,none,55,381494.78251569386,-307804.54475703323,1060880.28914206
full,with_fof_linking_length,largest_fragment_particle_count,dummy_mean,spin_axis,x,4,-291950.54475703323,-323834.54475703323,425520.2723785166
full,with_fof_linking_length,largest_fragment_particle_count,dummy_mean,spin_axis,y,2,708032.9552429668,708032.9552429668,1335183.5
full,with_fof_linking_length,largest_fragment_particle_count,dummy_mean,spin_axis,z,34,-141105.69181585676,-710659.0447570332,869904.8419587784
full,with_fof_linking_length,largest_fragment_particle_count,gradient_boosting,spin_axis,mz,3,23541.790536766097,-43887.58749745041,109118.67322163268
full,with_fof_linking_length,largest_fragment_particle_count,gradient_boosting,spin_axis,none,55,-4725.8697074991205,-51093.76060514274,254199.84615477218
full,with_fof_linking_length,largest_fragment_particle_count,gradient_boosting,spin_axis,x,4,-25921.651083591205,-51935.17484064348,88202.54398998384
full,with_fof_linking_length,largest_fragment_particle_count,gradient_boosting,spin_axis,y,2,10571.604594779245,10571.604594779245,43343.02433264298
full,with_fof_linking_length,largest_fragment_particle_count,gradient_boosting,spin_axis,z,34,76293.60973815192,44456.34357027694,167366.00242633297
full,with_fof_linking_length,largest_fragment_particle_count,random_forest,spin_axis,mz,3,-20693.616018958546,77920.77035846608,145129.98000220535
full,with_fof_linking_length,largest_fragment_particle_count,random_forest,spin_axis,none,55,-27087.49826292696,-2240.8026179653534,289985.0077105308
full,with_fof_linking_length,largest_fragment_particle_count,random_forest,spin_axis,x,4,-13350.531454785698,-2406.058710166806,54127.473816047306
full,with_fof_linking_length,largest_fragment_particle_count,random_forest,spin_axis,y,2,-25092.872304232296,-25092.872304232296,36662.89470634979
full,with_fof_linking_length,largest_fragment_particle_count,random_forest,spin_axis,z,34,56206.59157307113,-11263.049031745992,182369.5794422782
full,with_fof_linking_length,largest_fragment_particle_count,ridge,spin_axis,mz,3,533750.6911268649,685616.3807859896,932207.8301085307
full,with_fof_linking_length,largest_fragment_particle_count,ridge,spin_axis,none,55,83815.3619530677,97881.26761771808,589013.9388246189
full,with_fof_linking_length,largest_fragment_particle_count,ridge,spin_axis,x,4,-279439.2779411201,-281609.7474265973,279439.2779411201
full,with_fof_linking_length,largest_fragment_particle_count,ridge,spin_axis,y,2,507788.51948889944,507788.51948889944,670304.6675527231
full,with_fof_linking_length,largest_fragment_particle_count,ridge,spin_axis,z,34,163667.6725450477,227001.47100349225,505606.3506217829
full,without_fof_linking_length,fragment_count_min_particles,dummy_mean,spin_axis,mz,3,-376.3384484228474,-444.00511508951405,376.3384484228474
full,without_fof_linking_length,fragment_count_min_particles,dummy_mean,spin_axis,none,55,-91.49602418042315,-247.00511508951405,400.2943501511277
full,without_fof_linking_length,fragment_count_min_particles,dummy_mean,spin_axis,x,4,729.9948849104858,257.994884910486,893.0
full,without_fof_linking_length,fragment_count_min_particles,dummy_mean,spin_axis,y,2,-325.50511508951405,-325.50511508951405,325.50511508951405
full,without_fof_linking_length,fragment_count_min_particles,dummy_mean,spin_axis,z,34,-163.53452685421993,-147.50511508951405,171.29833007371747
full,without_fof_linking_length,fragment_count_min_particles,gradient_boosting,spin_axis,mz,3,-143.85718856656598,-96.7150509368405,143.85718856656598
full,without_fof_linking_length,fragment_count_min_particles,gradient_boosting,spin_axis,none,55,-113.29358075891118,-112.37858149899225,259.10620801296477
full,without_fof_linking_length,fragment_count_min_particles,gradient_boosting,spin_axis,x,4,167.0801555703384,274.4755032389017,328.09557240721983
full,without_fof_linking_length,fragment_count_min_particles,gradient_boosting,spin_axis,y,2,-282.6467337466306,-282.6467337466306,282.6467337466306
full,without_fof_linking_length,fragment_count_min_particles,gradient_boosting,spin_axis,z,34,-33.3666135887936,-27.653357226293366,108.01061258964675
full,without_fof_linking_length,fragment_count_min_particles,random_forest,spin_axis,mz,3,-105.7150053449637,-95.49555158730162,105.7150053449637
full,without_fof_linking_length,fragment_count_min_particles,random_forest,spin_axis,none,55,-167.01686054182971,-77.26121190465305,353.44360102970694
full,without_fof_linking_length,fragment_count_min_particles,random_forest,spin_axis,x,4,139.32270731236378,-108.63547378547365,375.3068105447796
full,without_fof_linking_length,fragment_count_min_particles,random_forest,spin_axis,y,2,-590.4257372888551,-590.4257372888551,590.4257372888551
full,without_fof_linking_length,fragment_count_min_particles,random_forest,spin_axis,z,34,-28.575228189481344,-9.788116281866337,56.353040795376785
full,without_fof_linking_length,fragment_count_min_particles,ridge,spin_axis,mz,3,-314.59465331844245,-323.3160665813605,314.59465331844245
full,without_fof_linking_length,fragment_count_min_particles,ridge,spin_axis,none,55,-89.6733370542755,-226.59619719640295,350.7138172936946
full,without_fof_linking_length,fragment_count_min_particles,ridge,spin_axis,x,4,410.73964724499706,8.639103508728198,634.5587812717777
full,without_fof_linking_length,fragment_count_min_particles,ridge,spin_axis,y,2,-989.4293312752413,-989.4293312752413,989.4293312752413
full,without_fof_linking_length,fragment_count_min_particles,ridge,spin_axis,z,34,-32.34146209075025,-34.8399934253915,169.82128080484324
full,without_fof_linking_length,largest_fragment_mass_kg,dummy_mean,spin_axis,mz,3,2.57118114780645e+19,1.404478824456464e+19,3.469719500615438e+19
full,without_fof_linking_length,largest_fragment_mass_kg,dummy_mean,spin_axis,none,55,6.26727914575445e+18,-1.5469120066028222e+19,3.059084580644061e+19
full,without_fof_linking_length,largest_fragment_mass_kg,dummy_mean,spin_axis,x,4,-6.832941977348307e+18,-7.553460854183393e+18,1.2434988497121323e+19
full,without_fof_linking_length,largest_fragment_mass_kg,dummy_mean,spin_axis,y,2,2.2280010201823703e+19,2.2280010201823703e+19,4.514074267586132e+19
full,without_fof_linking_length,largest_fragment_mass_kg,dummy_mean,spin_axis,z,34,-3.8195354456605783e+18,-2.0237903242810864e+19,2.7608620674716664e+19
full,without_fof_linking_length,largest_fragment_mass_kg,gradient_boosting,spin_axis,mz,3,-4.56373874996517e+18,-1.0621207841387266e+19,1.2062392402897566e+19
full,without_fof_linking_length,largest_fragment_mass_kg,gradient_boosting,spin_axis,none,55,-2.8437129144780406e+18,1.1453948903955497e+18,1.3206026596800936e+19
full,without_fof_linking_length,largest_fragment_mass_kg,gradient_boosting,spin_axis,x,4,4.8631869161003776e+17,9.594336975767383e+17,3.042310059032787e+18
full,without_fof_linking_length,largest_fragment_mass_kg,gradient_boosting,spin_axis,y,2,7.566720124160182e+18,7.566720124160182e+18,7.566720124160182e+18
full,without_fof_linking_length,largest_fragment_mass_kg,gradient_boosting,spin_axis,z,34,5.789657715195864e+18,2.5686934167466455e+18,8.464695055789267e+18
full,without_fof_linking_length,largest_fragment_mass_kg,random_forest,spin_axis,mz,3,-9.067618532616245e+18,-7.078909482469552e+18,1.570537460121866e+19
full,without_fof_linking_length,largest_fragment_mass_kg,random_forest,spin_axis,none,55,-8.055877571994139e+18,9.640530000501094e+16,2.0847928211621237e+19
full,without_fof_linking_length,largest_fragment_mass_kg,random_forest,spin_axis,x,4,3.228184811243298e+17,2.956337034050894e+17,1.0726959530380147e+18
full,without_fof_linking_length,largest_fragment_mass_kg,random_forest,spin_axis,y,2,1.9947775466375747e+18,1.9947775466375747e+18,2.1705581123656576e+18
full,without_fof_linking_length,largest_fragment_mass_kg,random_forest,spin_axis,z,34,6.499424312088535e+18,-5.993457639309277e+16,8.134526739462396e+18
full,without_fof_linking_length,largest_fragment_mass_kg,ridge,spin_axis,mz,3,1.1964432796701532e+18,-1.3193562445346623e+19,1.988926871462888e+19
full,without_fof_linking_length,largest_fragment_mass_kg,ridge,spin_axis,none,55,-4.1406494596258084e+18,-5.704396092089781e+18,2.2049909185995346e+19
full,without_fof_linking_length,largest_fragment_mass_kg,ridge,spin_axis,x,4,-6.582979273912947e+18,-1.0858492921744749e+19,1.117910725243716e+19
full,without_fof_linking_length,largest_fragment_mass_kg,ridge,spin_axis,y,2,2.420053973592214e+19,2.420053973592214e+19,2.420053973592214e+19
full,without_fof_linking_length,largest_fragment_mass_kg,ridge,spin_axis,z,34,8.002201175404732e+18,4.693661449983894e+18,1.6557129036657291e+19
full,without_fof_linking_length,largest_fragment_particle_count,dummy_mean,spin_axis,mz,3,1673956.1219096333,2332296.455242967,1673956.1219096333
full,without_fof_linking_length,largest_fragment_particle_count,dummy_mean,spin_axis,none,55,381494.78251569386,-307804.54475703323,1060880.28914206
full,without_fof_linking_length,largest_fragment_particle_count,dummy_mean,spin_axis,x,4,-291950.54475703323,-323834.54475703323,425520.2723785166
full,without_fof_linking_length,largest_fragment_particle_count,dummy_mean,spin_axis,y,2,708032.9552429668,708032.9552429668,1335183.5
full,without_fof_linking_length,largest_fragment_particle_count,dummy_mean,spin_axis,z,34,-141105.69181585676,-710659.0447570332,869904.8419587784
full,without_fof_linking_length,largest_fragment_particle_count,gradient_boosting,spin_axis,mz,3,51050.29011596204,80455.95373989292,69307.6086168959
full,without_fof_linking_length,largest_fragment_particle_count,gradient_boosting,spin_axis,none,55,-35385.62720725594,11420.98278951412,352574.85248004535
full,without_fof_linking_length,largest_fragment_particle_count,gradient_boosting,spin_axis,x,4,-70536.37317208793,-77690.36882576926,91779.2983938899
full,without_fof_linking_length,largest_fragment_particle_count,gradient_boosting,spin_axis,y,2,120146.13409500911,120146.13409500911,120146.13409500911
full,without_fof_linking_length,largest_fragment_particle_count,gradient_boosting,spin_axis,z,34,69003.81154569343,37085.277147545174,139299.50794778668
full,without_fof_linking_length,largest_fragment_particle_count,random_forest,spin_axis,mz,3,-11661.874534831615,77920.77035846608,135258.66351807854
full,without_fof_linking_length,largest_fragment_particle_count,random_forest,spin_axis,none,55,-43893.05635644386,35708.32726115438,483098.88401907036
full,without_fof_linking_length,largest_fragment_particle_count,random_forest,spin_axis,x,4,-17099.363653274806,-18126.65112091365,50310.770956182736
full,without_fof_linking_length,largest_fragment_particle_count,random_forest,spin_axis,y,2,30951.540767248254,30951.540767248254,105808.30846169265
full,without_fof_linking_length,largest_fragment_particle_count,random_forest,spin_axis,z,34,44163.20101685088,-10039.882769586839,156549.68947266936
full,without_fof_linking_length,largest_fragment_particle_count,ridge,spin_axis,mz,3,537921.429465241,662573.9621127388,948590.4299962278
full,without_fof_linking_length,largest_fragment_particle_count,ridge,spin_axis,none,55,82266.87050402872,14234.587522165151,579882.1565528881
full,without_fof_linking_length,largest_fragment_particle_count,ridge,spin_axis,x,4,-275214.26727502025,-264338.53251505026,275214.26727502025
full,without_fof_linking_length,largest_fragment_particle_count,ridge,spin_axis,y,2,531417.9953054945,531417.9953054945,631936.0122863654
full,without_fof_linking_length,largest_fragment_particle_count,ridge,spin_axis,z,34,159907.61222083136,208627.65876111912,500528.4107915188
clean_subset,with_fof_linking_length,fragment_count_min_particles,dummy_mean,fof_linking_length,0.004,34,12.869875222816399,-167.42424242424244,377.2655971479501
clean_subset,with_fof_linking_length,fragment_count_min_particles,gradient_boosting,fof_linking_length,0.004,34,70.8065718862119,14.657683603523992,127.39546799592485
clean_subset,with_fof_linking_length,fragment_count_min_particles,random_forest,fof_linking_length,0.004,34,67.78901857157007,-1.8560465969215727,143.59446969343293
clean_subset,with_fof_linking_length,fragment_count_min_particles,ridge,fof_linking_length,0.004,34,36.510840623006715,1.1857988555195789,302.35339170225376
clean_subset,with_fof_linking_length,largest_fragment_mass_kg,dummy_mean,fof_linking_length,0.004,34,6.576546961001846e+18,-4.55040874524441e+18,2.6011212739306918e+19
clean_subset,with_fof_linking_length,largest_fragment_mass_kg,gradient_boosting,fof_linking_length,0.004,34,-4.9810650005069306e+17,8.075759457125651e+17,8.252966068040321e+18
clean_subset,with_fof_linking_length,largest_fragment_mass_kg,random_forest,fof_linking_length,0.004,34,2.291321926491641e+18,3.499172030821857e+17,8.287750609223169e+18
clean_subset,with_fof_linking_length,largest_fragment_mass_kg,ridge,fof_linking_length,0.004,34,8.038069035765688e+16,-2.1130305882735432e+18,1.6749000165293375e+19
clean_subset,with_fof_linking_length,largest_fragment_particle_count,dummy_mean,fof_linking_length,0.004,34,210600.06283422455,-134910.11363636365,827109.3663101604
clean_subset,with_fof_linking_length,largest_fragment_particle_count,gradient_boosting,fof_linking_length,0.004,34,-6462.900945947114,22764.691278081023,271886.5300144354
clean_subset,with_fof_linking_length,largest_fragment_particle_count,random_forest,fof_linking_length,0.004,34,71840.36661116293,11071.166949555045,261654.61441964968
clean_subset,with_fof_linking_length,largest_fragment_particle_count,ridge,fof_linking_length,0.004,34,1356.5717346611816,-70132.47312036844,534024.0797065381
clean_subset,without_fof_linking_length,fragment_count_min_particles,dummy_mean,fof_linking_length,,34,12.869875222816399,-167.42424242424244,377.2655971479501
clean_subset,without_fof_linking_length,fragment_count_min_particles,gradient_boosting,fof_linking_length,,34,70.8065718862119,14.65768360352402,127.39546799592485
clean_subset,without_fof_linking_length,fragment_count_min_particles,random_forest,fof_linking_length,,34,68.07134000014149,-1.8753045334295422,144.000475995954
clean_subset,without_fof_linking_length,fragment_count_min_particles,ridge,fof_linking_length,,34,36.51084062300676,1.1857988555196641,302.35339170225376
clean_subset,without_fof_linking_length,largest_fragment_mass_kg,dummy_mean,fof_linking_length,,34,6.576546961001846e+18,-4.55040874524441e+18,2.6011212739306918e+19
clean_subset,without_fof_linking_length,largest_fragment_mass_kg,gradient_boosting,fof_linking_length,,34,-5.5230752809403354e+17,8.075759457125673e+17,8.254951316202414e+18
clean_subset,without_fof_linking_length,largest_fragment_mass_kg,random_forest,fof_linking_length,,34,2.2728271773731264e+18,3.453712998667868e+17,8.264496780924493e+18
clean_subset,without_fof_linking_length,largest_fragment_mass_kg,ridge,fof_linking_length,,34,8.038069035766026e+16,-2.113030588273537e+18,1.6749000165293375e+19
clean_subset,without_fof_linking_length,largest_fragment_particle_count,dummy_mean,fof_linking_length,,34,210600.06283422455,-134910.11363636365,827109.3663101604
clean_subset,without_fof_linking_length,largest_fragment_particle_count,gradient_boosting,fof_linking_length,,34,-6510.792834017367,22764.69127808103,271756.25360088143
clean_subset,without_fof_linking_length,largest_fragment_particle_count,random_forest,fof_linking_length,,34,72371.25040224606,7850.540265572621,261170.67073034067
clean_subset,without_fof_linking_length,largest_fragment_particle_count,ridge,fof_linking_length,,34,1356.5717346612912,-70132.4731203682,534024.0797065381
full,with_fof_linking_length,fragment_count_min_particles,dummy_mean,fof_linking_length,0.0001,1,-445.00511508951405,-445.00511508951405,445.00511508951405
full,with_fof_linking_length,fragment_count_min_particles,dummy_mean,fof_linking_length,0.001,4,-57.75511508951402,-265.00511508951405,429.752557544757
full,with_fof_linking_length,fragment_count_min_particles,dummy_mean,fof_linking_length,0.0019,2,-347.00511508951405,-347.00511508951405,347.00511508951405
full,with_fof_linking_length,fragment_count_min_particles,dummy_mean,fof_linking_length,0.002,27,-36.63474471914372,-175.00511508951405,361.67026617410255
full,with_fof_linking_length,fragment_count_min_particles,dummy_mean,fof_linking_length,0.0027,1,-172.00511508951405,-172.00511508951405,172.00511508951405
full,with_fof_linking_length,fragment_count_min_particles,dummy_mean,fof_linking_length,0.003,4,-137.25511508951405,-118.50511508951405,203.25255754475705
full,with_fof_linking_length,fragment_count_min_particles,dummy_mean,fof_linking_length,0.0034,1,-172.00511508951405,-172.00511508951405,172.00511508951405
full,with_fof_linking_length,fragment_count_min_particles,dummy_mean,fof_linking_length,0.0035,1,-444.00511508951405,-444.00511508951405,444.00511508951405
full,with_fof_linking_length,fragment_count_min_particles,dummy_mean,fof_linking_length,0.004,40,-190.23011508951404,-218.50511508951405,245.12909207161118
full,with_fof_linking_length,fragment_count_min_particles,dummy_mean,fof_linking_length,0.0044,1,2530.994884910486,2530.994884910486,2530.994884910486
full,with_fof_linking_length,fragment_count_min_particles,dummy_mean,fof_linking_length,0.0045,3,-228.00511508951408,-260.00511508951405,228.00511508951408
full,with_fof_linking_length,fragment_count_min_particles,dummy_mean,fof_linking_length,0.005,4,-70.00511508951405,-136.50511508951405,316.5
full,with_fof_linking_length,fragment_count_min_particles,dummy_mean,fof_linking_length,0.0059,1,2483.994884910486,2483.994884910486,2483.994884910486
full,with_fof_linking_length,fragment_count_min_particles,dummy_mean,fof_linking_length,0.006,7,-276.8622579466569,-353.00511508951405,276.8622579466569
full,with_fof_linking_length,fragment_count_min_particles,dummy_mean,fof_linking_length,0.008,1,-260.00511508951405,-260.00511508951405,260.00511508951405
full,with_fof_linking_length,fragment_count_min_particles,gradient_boosting,fof_linking_length,0.0001,1,64.44337695507913,64.44337695507913,64.44337695507913
full,with_fof_linking_length,fragment_count_min_particles,gradient_boosting,fof_linking_length,0.001,4,537.9463668856881,426.4828405226343,634.5085265896355
full,with_fof_linking_length,fragment_count_min_particles,gradient_boosting,fof_linking_length,0.0019,2,-82.51603998066687,-82.51603998066687,82.51603998066687
full,with_fof_linking_length,fragment_count_min_particles,gradient_boosting,fof_linking_length,0.002,27,-124.84773018676485,-12.083398648854711,225.90852698403575
full,with_fof_linking_length,fragment_count_min_particles,gradient_boosting,fof_linking_length,0.0027,1,106.88174440024252,106.88174440024252,106.88174440024252
full,with_fof_linking_length,fragment_count_min_particles,gradient_boosting,fof_linking_length,0.003,4,-38.844034559277674,-57.52934614003743,60.01026202874368
full,with_fof_linking_length,fragment_count_min_particles,gradient_boosting,fof_linking_length,0.0034,1,113.42443372462233,113.42443372462233,113.42443372462233
full,with_fof_linking_length,fragment_count_min_particles,gradient_boosting,fof_linking_length,0.0035,1,42.332454938932,42.332454938932,42.332454938932
full,with_fof_linking_length,fragment_count_min_particles,gradient_boosting,fof_linking_length,0.004,40,-14.343457608427268,-13.035087966962486,90.71341335324739
full,with_fof_linking_length,fragment_count_min_particles,gradient_boosting,fof_linking_length,0.0044,1,254.45431007402658,254.45431007402658,254.45431007402658
full,with_fof_linking_length,fragment_count_min_particles,gradient_boosting,fof_linking_length,0.0045,3,-39.49864472343793,-45.563769642073595,39.49864472343793
full,with_fof_linking_length,fragment_count_min_particles,gradient_boosting,fof_linking_length,0.005,4,-100.12662624502806,-88.5306745795743,123.2996256670327
full,with_fof_linking_length,fragment_count_min_particles,gradient_boosting,fof_linking_length,0.0059,1,198.35232401339454,198.35232401339454,198.35232401339454
full,with_fof_linking_length,fragment_count_min_particles,gradient_boosting,fof_linking_length,0.006,7,-7.337168866390632,-10.930311863682288,24.30980295054232
full,with_fof_linking_length,fragment_count_min_particles,gradient_boosting,fof_linking_length,0.008,1,-41.55022573699634,-41.55022573699634,41.55022573699634
full,with_fof_linking_length,fragment_count_min_particles,random_forest,fof_linking_length,0.0001,1,-243.07435978835986,-243.07435978835986,243.07435978835986
full,with_fof_linking_length,fragment_count_min_particles,random_forest,fof_linking_length,0.001,4,97.64090121452621,34.94807058682059,384.91370081770077
full,with_fof_linking_length,fragment_count_min_particles,random_forest,fof_linking_length,0.0019,2,-37.68614417989417,-37.68614417989417,37.68614417989417
full,with_fof_linking_length,fragment_count_min_particles,random_forest,fof_linking_length,0.002,27,-59.34647392353873,-14.753338624338483,174.19541869755756
full,with_fof_linking_length,fragment_count_min_particles,random_forest,fof_linking_length,0.0027,1,-75.83845105820103,-75.83845105820103,75.83845105820103
full,with_fof_linking_length,fragment_count_min_particles,random_forest,fof_linking_length,0.003,4,-118.13829011729008,-49.23151475838969,118.13829011729008
full,with_fof_linking_length,fragment_count_min_particles,random_forest,fof_linking_length,0.0034,1,-38.74792989417983,-38.74792989417983,38.74792989417983
full,with_fof_linking_length,fragment_count_min_particles,random_forest,fof_linking_length,0.0035,1,-2.399247354497354,-2.399247354497354,2.399247354497354
full,with_fof_linking_length,fragment_count_min_particles,random_forest,fof_linking_length,0.004,40,-51.7121303943742,-14.289943019942996,89.64416961395088
full,with_fof_linking_length,fragment_count_min_particles,random_forest,fof_linking_length,0.0044,1,871.4561984126981,871.4561984126981,871.4561984126981
full,with_fof_linking_length,fragment_count_min_particles,random_forest,fof_linking_length,0.0045,3,-7.246367724867734,-6.833507936507942,8.981638447971761
full,with_fof_linking_length,fragment_count_min_particles,random_forest,fof_linking_length,0.005,4,24.41057374338618,1.760230820105793,85.33499041005305
full,with_fof_linking_length,fragment_count_min_particles,random_forest,fof_linking_length,0.0059,1,824.4941428571424,824.4941428571424,824.4941428571424
full,with_fof_linking_length,fragment_count_min_particles,random_forest,fof_linking_length,0.006,7,-1.0216848323634475,-0.13171428571428567,8.367522700844162
full,with_fof_linking_length,fragment_count_min_particles,random_forest,fof_linking_length,0.008,1,-29.52635052910054,-29.52635052910054,29.52635052910054
full,with_fof_linking_length,fragment_count_min_particles,ridge,fof_linking_length,0.0001,1,-350.61391283789476,-350.61391283789476,350.61391283789476
full,with_fof_linking_length,fragment_count_min_particles,ridge,fof_linking_length,0.001,4,-363.358579974788,-346.9313093874607,614.4355712016369
full,with_fof_linking_length,fragment_count_min_particles,ridge,fof_linking_length,0.0019,2,-124.13647460773791,-124.13647460773791,124.13647460773791
full,with_fof_linking_length,fragment_count_min_particles,ridge,fof_linking_length,0.002,27,84.7438958984019,-9.311540508420308,302.62406521384713
full,with_fof_linking_length,fragment_count_min_particles,ridge,fof_linking_length,0.0027,1,-470.427709723931,-470.427709723931,470.427709723931
full,with_fof_linking_length,fragment_count_min_particles,ridge,fof_linking_length,0.003,4,-470.754144480073,-463.5050971325076,470.754144480073
full,with_fof_linking_length,fragment_count_min_particles,ridge,fof_linking_length,0.0034,1,-352.9923058083032,-352.9923058083032,352.9923058083032
full,with_fof_linking_length,fragment_count_min_particles,ridge,fof_linking_length,0.0035,1,-304.92799418226514,-304.92799418226514,304.92799418226514
full,with_fof_linking_length,fragment_count_min_particles,ridge,fof_linking_length,0.004,40,-193.9054468273833,-180.22320114734725,257.1733644158826
full,with_fof_linking_length,fragment_count_min_particles,ridge,fof_linking_length,0.0044,1,1688.7701169270829,1688.7701169270829,1688.7701169270829
full,with_fof_linking_length,fragment_count_min_particles,ridge,fof_linking_length,0.0045,3,-278.7534864817441,-261.5567014697141,278.7534864817441
full,with_fof_linking_length,fragment_count_min_particles,ridge,fof_linking_length,0.005,4,-69.27858664725542,-83.17808071114729,102.23662911459613
full,with_fof_linking_length,fragment_count_min_particles,ridge,fof_linking_length,0.0059,1,1893.4174110319996,1893.4174110319996,1893.4174110319996
full,with_fof_linking_length,fragment_count_min_particles,ridge,fof_linking_length,0.006,7,42.514088584531414,67.56348145722063,125.0009770658506
full,with_fof_linking_length,fragment_count_min_particles,ridge,fof_linking_length,0.008,1,336.02192560240974,336.02192560240974,336.02192560240974
full,with_fof_linking_length,largest_fragment_mass_kg,dummy_mean,fof_linking_length,0.0001,1,-2.3501298632299635e+19,-2.3501298632299635e+19,2.3501298632299635e+19
full,with_fof_linking_length,largest_fragment_mass_kg,dummy_mean,fof_linking_length,0.001,4,-2.2868730894729437e+19,-2.324283870634718e+19,2.2868730894729437e+19
full,with_fof_linking_length,largest_fragment_mass_kg,dummy_mean,fof_linking_length,0.0019,2,-2.3082595016176284e+19,-2.3082595016176284e+19,2.3082595016176284e+19
full,with_fof_linking_length,largest_fragment_mass_kg,dummy_mean,fof_linking_length,0.002,27,-2.0918428978064413e+19,-2.3016749126794527e+19,2.0918428978064413e+19
full,with_fof_linking_length,largest_fragment_mass_kg,dummy_mean,fof_linking_length,0.0027,1,-2.1567822772352594e+19,-2.1567822772352594e+19,2.1567822772352594e+19
full,with_fof_linking_length,largest_fragment_mass_kg,dummy_mean,fof_linking_length,0.003,4,2.916499547256296e+19,2.9441018661519577e+19,4.25744927995468e+19
full,with_fof_linking_length,largest_fragment_mass_kg,dummy_mean,fof_linking_length,0.0034,1,-2.156779338580818e+19,-2.156779338580818e+19,2.156779338580818e+19
full,with_fof_linking_length,largest_fragment_mass_kg,dummy_mean,fof_linking_length,0.0035,1,7.646143890011488e+19,7.646143890011488e+19,7.646143890011488e+19
full,with_fof_linking_length,largest_fragment_mass_kg,dummy_mean,fof_linking_length,0.004,40,1.4046499215294478e+19,2.6336400072705434e+18,3.127083917174133e+19
full,with_fof_linking_length,largest_fragment_mass_kg,dummy_mean,fof_linking_length,0.0044,1,5.487716364987227e+19,5.487716364987227e+19,5.487716364987227e+19
full,with_fof_linking_length,largest_fragment_mass_kg,dummy_mean,fof_linking_length,0.0045,3,1.5893615953947716e+19,1.8535116878606148e+19,2.712134712966726e+19
full,with_fof_linking_length,largest_fragment_mass_kg,dummy_mean,fof_linking_length,0.005,4,4.628691074241651e+19,5.761298851954144e+19,4.955679722720979e+19
full,with_fof_linking_length,largest_fragment_mass_kg,dummy_mean,fof_linking_length,0.0059,1,5.4880136870895804e+19,5.4880136870895804e+19,5.4880136870895804e+19
full,with_fof_linking_length,largest_fragment_mass_kg,dummy_mean,fof_linking_length,0.006,7,-5.404027529240565e+18,-1.6949619918917345e+19,2.7250152929289064e+19
full,with_fof_linking_length,largest_fragment_mass_kg,dummy_mean,fof_linking_length,0.008,1,1.8535457552213533e+19,1.8535457552213533e+19,1.8535457552213533e+19
full,with_fof_linking_length,largest_fragment_mass_kg,gradient_boosting,fof_linking_length,0.0001,1,2.0958931729061494e+18,2.0958931729061494e+18,2.0958931729061494e+18
full,with_fof_linking_length,largest_fragment_mass_kg,gradient_boosting,fof_linking_length,0.001,4,-6.803227298637771e+18,-2.1687305712224937e+18,8.62689072284127e+18
full,with_fof_linking_length,largest_fragment_mass_kg,gradient_boosting,fof_linking_length,0.0019,2,1.3448216640794125e+18,1.3448216640794125e+18,1.3448216640794125e+18
full,with_fof_linking_length,largest_fragment_mass_kg,gradient_boosting,fof_linking_length,0.002,27,-2.236726449988158e+18,5.706181195845549e+17,6.219371078471555e+18
full,with_fof_linking_length,largest_fragment_mass_kg,gradient_boosting,fof_linking_length,0.0027,1,3.925698377433725e+18,3.925698377433725e+18,3.925698377433725e+18
full,with_fof_linking_length,largest_fragment_mass_kg,gradient_boosting,fof_linking_length,0.003,4,3.6670675361386813e+18,3.474767891599863e+18,5.862922691922399e+18
full,with_fof_linking_length,largest_fragment_mass_kg,gradient_boosting,fof_linking_length,0.0034,1,-3.48366656832119e+18,-3.48366656832119e+18,3.48366656832119e+18
full,with_fof_linking_length,largest_fragment_mass_kg,gradient_boosting,fof_linking_length,0.0035,1,7.755420332381815e+18,7.755420332381815e+18,7.755420332381815e+18
full,with_fof_linking_length,largest_fragment_mass_kg,gradient_boosting,fof_linking_length,0.004,40,5.718177360210306e+18,1.8112082612624525e+18,9.747376748197206e+18
full,with_fof_linking_length,largest_fragment_mass_kg,gradient_boosting,fof_linking_length,0.0044,1,8.083400186078839e+18,8.083400186078839e+18,8.083400186078839e+18
full,with_fof_linking_length,largest_fragment_mass_kg,gradient_boosting,fof_linking_length,0.0045,3,-1.4639856027430912e+16,1.3764727031382262e+18,2.8569938446934574e+18
full,with_fof_linking_length,largest_fragment_mass_kg,gradient_boosting,fof_linking_length,0.005,4,-3.980724575008942e+17,6.842263488173568e+17,3.407292817566078e+18
full,with_fof_linking_length,largest_fragment_mass_kg,gradient_boosting,fof_linking_length,0.0059,1,1.116422145338114e+18,1.116422145338114e+18,1.116422145338114e+18
full,with_fof_linking_length,largest_fragment_mass_kg,gradient_boosting,fof_linking_length,0.006,7,-3.124737178639271e+18,-4.3074505510813327e+18,4.4495183268467287e+18
full,with_fof_linking_length,largest_fragment_mass_kg,gradient_boosting,fof_linking_length,0.008,1,2.887398953468199e+18,2.887398953468199e+18,2.887398953468199e+18
full,with_fof_linking_length,largest_fragment_mass_kg,random_forest,fof_linking_length,0.0001,1,-6.714311180503526e+16,-6.714311180503526e+16,6.714311180503526e+16
full,with_fof_linking_length,largest_fragment_mass_kg,random_forest,fof_linking_length,0.001,4,-1.7798805901508637e+19,-1.8330698494881047e+19,1.7798805901508637e+19
full,with_fof_linking_length,largest_fragment_mass_kg,random_forest,fof_linking_length,0.0019,2,-2.2150296536539952e+17,-2.2150296536539952e+17,2.2150296536539952e+17
full,with_fof_linking_length,largest_fragment_mass_kg,random_forest,fof_linking_length,0.002,27,-4.5406777948397734e+17,-8.843940275052902e+16,1.1549746362060114e+18
full,with_fof_linking_length,largest_fragment_mass_kg,random_forest,fof_linking_length,0.0027,1,-2.1626332949135017e+18,-2.1626332949135017e+18,2.1626332949135017e+18
full,with_fof_linking_length,largest_fragment_mass_kg,random_forest,fof_linking_length,0.003,4,6.431026626929691e+18,1.0872675360980388e+18,7.938891336960486e+18
full,with_fof_linking_length,largest_fragment_mass_kg,random_forest,fof_linking_length,0.0034,1,-1.554504216383996e+18,-1.554504216383996e+18,1.554504216383996e+18
full,with_fof_linking_length,largest_fragment_mass_kg,random_forest,fof_linking_length,0.0035,1,-42215605305344.0,-42215605305344.0,42215605305344.0
full,with_fof_linking_length,largest_fragment_mass_kg,random_forest,fof_linking_length,0.004,40,5.335290081720323e+18,3553137555639552.0,1.0857123485872886e+19
full,with_fof_linking_length,largest_fragment_mass_kg,random_forest,fof_linking_length,0.0044,1,-2.2120039967713018e+20,-2.2120039967713018e+20,2.2120039967713018e+20
full,with_fof_linking_length,largest_fragment_mass_kg,random_forest,fof_linking_length,0.0045,3,-1.0650841537095066e+17,-2.6303487608121344e+16,9.060459646831692e+17
full,with_fof_linking_length,largest_fragment_mass_kg,random_forest,fof_linking_length,0.005,4,-1.268007843118971e+18,-7.915328339694756e+17,1.5482217980217575e+19
full,with_fof_linking_length,largest_fragment_mass_kg,random_forest,fof_linking_length,0.0059,1,-2.2121492406561066e+20,-2.2121492406561066e+20,2.2121492406561066e+20
full,with_fof_linking_length,largest_fragment_mass_kg,random_forest,fof_linking_length,0.006,7,-7.65993802912668e+17,-5.6446427619621504e+17,7.65993802912668e+17
full,with_fof_linking_length,largest_fragment_mass_kg,random_forest,fof_linking_length,0.008,1,1.0760936223684772e+18,1.0760936223684772e+18,1.0760936223684772e+18
full,with_fof_linking_length,largest_fragment_mass_kg,ridge,fof_linking_length,0.0001,1,4.689790306900197e+19,4.689790306900197e+19,4.689790306900197e+19
full,with_fof_linking_length,largest_fragment_mass_kg,ridge,fof_linking_length,0.001,4,-2.5433825272841634e+19,-2.25786040038118e+19,2.5433825272841634e+19
full,with_fof_linking_length,largest_fragment_mass_kg,ridge,fof_linking_length,0.0019,2,1.984174287964321e+19,1.984174287964321e+19,1.984174287964321e+19
full,with_fof_linking_length,largest_fragment_mass_kg,ridge,fof_linking_length,0.002,27,-4.058041165241548e+18,4.7256003862764314e+17,2.052850241399402e+19
full,with_fof_linking_length,largest_fragment_mass_kg,ridge,fof_linking_length,0.0027,1,-7.418643707250973e+18,-7.418643707250973e+18,7.418643707250973e+18
full,with_fof_linking_length,largest_fragment_mass_kg,ridge,fof_linking_length,0.003,4,1.0195565567905653e+19,1.168328657901413e+19,2.0325016113469686e+19
full,with_fof_linking_length,largest_fragment_mass_kg,ridge,fof_linking_length,0.0034,1,-1.3104917742680895e+19,-1.3104917742680895e+19,1.3104917742680895e+19
full,with_fof_linking_length,largest_fragment_mass_kg,ridge,fof_linking_length,0.0035,1,3.5892679821998342e+19,3.5892679821998342e+19,3.5892679821998342e+19
full,with_fof_linking_length,largest_fragment_mass_kg,ridge,fof_linking_length,0.004,40,5.78149285313382e+18,4.288754093730525e+18,1.6958806748757557e+19
full,with_fof_linking_length,largest_fragment_mass_kg,ridge,fof_linking_length,0.0044,1,2.0087281621312356e+19,2.0087281621312356e+19,2.0087281621312356e+19
full,with_fof_linking_length,largest_fragment_mass_kg,ridge,fof_linking_length,0.0045,3,-6.2736600215719e+18,-8.052954714483032e+18,1.6259300379010275e+19
full,with_fof_linking_length,largest_fragment_mass_kg,ridge,fof_linking_length,0.005,4,-1.2658801003497267e+17,1.2894100957848338e+19,2.096955192725137e+19
full,with_fof_linking_length,largest_fragment_mass_kg,ridge,fof_linking_length,0.0059,1,7.905318938105168e+18,7.905318938105168e+18,7.905318938105168e+18
full,with_fof_linking_length,largest_fragment_mass_kg,ridge,fof_linking_length,0.006,7,-8.451021597236145e+18,6.742862079862833e+18,2.3700353211235234e+19
full,with_fof_linking_length,largest_fragment_mass_kg,ridge,fof_linking_length,0.008,1,-3.6484131150747353e+19,-3.6484131150747353e+19,3.6484131150747353e+19
full,with_fof_linking_length,largest_fragment_particle_count,dummy_mean,fof_linking_length,0.0001,1,-829979.5447570332,-829979.5447570332,829979.5447570332
full,with_fof_linking_length,largest_fragment_particle_count,dummy_mean,fof_linking_length,0.001,4,-190981.04475703323,-568892.0447570332,792900.7723785166
full,with_fof_linking_length,largest_fragment_particle_count,dummy_mean,fof_linking_length,0.0019,2,-697154.0447570332,-697154.0447570332,697154.0447570332
full,with_fof_linking_length,largest_fragment_particle_count,dummy_mean,fof_linking_length,0.002,27,-11272.433645922121,-659290.5447570332,1000113.9289570902
full,with_fof_linking_length,largest_fragment_particle_count,dummy_mean,fof_linking_length,0.0027,1,-632595.5447570332,-632595.5447570332,632595.5447570332
full,with_fof_linking_length,largest_fragment_particle_count,dummy_mean,fof_linking_length,0.003,4,862407.7052429668,863166.4552429668,1366533.25
full,with_fof_linking_length,largest_fragment_particle_count,dummy_mean,fof_linking_length,0.0034,1,-632592.5447570332,-632592.5447570332,632592.5447570332
full,with_fof_linking_length,largest_fragment_particle_count,dummy_mean,fof_linking_length,0.0035,1,2397715.455242967,2397715.455242967,2397715.455242967
full,with_fof_linking_length,largest_fragment_particle_count,dummy_mean,fof_linking_length,0.004,40,364314.2552429668,-2001.0447570332326,994168.65
full,with_fof_linking_length,largest_fragment_particle_count,dummy_mean,fof_linking_length,0.0044,1,-39135.54475703323,-39135.54475703323,39135.54475703323
full,with_fof_linking_length,largest_fragment_particle_count,dummy_mean,fof_linking_length,0.0045,3,442042.12190963345,527333.4552429668,852005.1517476556
full,with_fof_linking_length,largest_fragment_particle_count,dummy_mean,fof_linking_length,0.005,4,1413529.4552429668,1772411.4552429668,1557739.7276214834
full,with_fof_linking_length,largest_fragment_particle_count,dummy_mean,fof_linking_length,0.0059,1,-39105.54475703323,-39105.54475703323,39105.54475703323
full,with_fof_linking_length,largest_fragment_particle_count,dummy_mean,fof_linking_length,0.006,7,-262393.830471319,-618432.5447570332,947455.3891121665
full,with_fof_linking_length,largest_fragment_particle_count,dummy_mean,fof_linking_length,0.008,1,527344.4552429668,527344.4552429668,527344.4552429668
full,with_fof_linking_length,largest_fragment_particle_count,gradient_boosting,fof_linking_length,0.0001,1,20343.155252351225,20343.155252351225,20343.155252351225
full,with_fof_linking_length,largest_fragment_particle_count,gradient_boosting,fof_linking_length,0.001,4,24811.92440266398,-33618.33401909986,256433.06893847196
full,with_fof_linking_length,largest_fragment_particle_count,gradient_boosting,fof_linking_length,0.0019,2,-20336.954144415282,-20336.954144415282,30756.80646072746
full,with_fof_linking_length,largest_fragment_particle_count,gradient_boosting,fof_linking_length,0.002,27,-58352.833155436085,29138.915703758394,258434.226641758
full,with_fof_linking_length,largest_fragment_particle_count,gradient_boosting,fof_linking_length,0.0027,1,-119670.0667750598,-119670.0667750598,119670.0667750598
full,with_fof_linking_length,largest_fragment_particle_count,gradient_boosting,fof_linking_length,0.003,4,33956.20016273169,37922.73626236792,106207.07966202893
full,with_fof_linking_length,largest_fragment_particle_count,gradient_boosting,fof_linking_length,0.0034,1,-119667.0667750598,-119667.0667750598,119667.0667750598
full,with_fof_linking_length,largest_fragment_particle_count,gradient_boosting,fof_linking_length,0.0035,1,205451.92935720598,205451.92935720598,205451.92935720598
full,with_fof_linking_length,largest_fragment_particle_count,gradient_boosting,fof_linking_length,0.004,40,119156.90257170385,13706.667627426534,218542.440338375
full,with_fof_linking_length,largest_fragment_particle_count,gradient_boosting,fof_linking_length,0.0044,1,-365918.8866137718,-365918.8866137718,365918.8866137718
full,with_fof_linking_length,largest_fragment_particle_count,gradient_boosting,fof_linking_length,0.0045,3,28051.878022738907,-92516.68325658125,177826.13872973132
full,with_fof_linking_length,largest_fragment_particle_count,gradient_boosting,fof_linking_length,0.005,4,-38573.430977642594,-116881.34958576923,149976.46585183503
full,with_fof_linking_length,largest_fragment_particle_count,gradient_boosting,fof_linking_length,0.0059,1,-330654.3261745081,-330654.3261745081,330654.3261745081
full,with_fof_linking_length,largest_fragment_particle_count,gradient_boosting,fof_linking_length,0.006,7,-85318.22764215877,-96004.68325658125,85318.22764215877
full,with_fof_linking_length,largest_fragment_particle_count,gradient_boosting,fof_linking_length,0.008,1,314474.62107238173,314474.62107238173,314474.62107238173
full,with_fof_linking_length,largest_fragment_particle_count,random_forest,fof_linking_length,0.0001,1,-68050.46613492064,-68050.46613492064,68050.46613492064
full,with_fof_linking_length,largest_fragment_particle_count,random_forest,fof_linking_length,0.001,4,52451.48859418581,-129089.2072738095,300370.66332578775
full,with_fof_linking_length,largest_fragment_particle_count,random_forest,fof_linking_length,0.0019,2,-13225.683861111083,-13225.683861111083,13225.683861111083
full,with_fof_linking_length,largest_fragment_particle_count,random_forest,fof_linking_length,0.002,27,-67016.96430225976,5413.3234510582115,208991.62581551415
full,with_fof_linking_length,largest_fragment_particle_count,random_forest,fof_linking_length,0.0027,1,-46880.00095009626,-46880.00095009626,46880.00095009626
full,with_fof_linking_length,largest_fragment_particle_count,random_forest,fof_linking_length,0.003,4,228952.11231138775,97408.13504960318,242851.44275871819
full,with_fof_linking_length,largest_fragment_particle_count,random_forest,fof_linking_length,0.0034,1,-18324.7799419192,-18324.7799419192,18324.7799419192
full,with_fof_linking_length,largest_fragment_particle_count,random_forest,fof_linking_length,0.0035,1,20334.21240476193,20334.21240476193,20334.21240476193
full,with_fof_linking_length,largest_fragment_particle_count,random_forest,fof_linking_length,0.004,40,115435.59183443342,-750.6092619649135,240856.45632812651
full,with_fof_linking_length,largest_fragment_particle_count,random_forest,fof_linking_length,0.0044,1,-1735168.1805873034,-1735168.1805873034,1735168.1805873034
full,with_fof_linking_length,largest_fragment_particle_count,random_forest,fof_linking_length,0.0045,3,-7570.072127425093,569.2429457672988,30535.587657407566
full,with_fof_linking_length,largest_fragment_particle_count,random_forest,fof_linking_length,0.005,4,12568.682706679974,-28084.542104497785,384534.2739540347
full,with_fof_linking_length,largest_fragment_particle_count,random_forest,fof_linking_length,0.0059,1,-1702023.4844484138,-1702023.4844484138,1702023.4844484138
full,with_fof_linking_length,largest_fragment_particle_count,random_forest,fof_linking_length,0.006,7,-21906.708875695706,-11016.364797619044,21965.76565347352
full,with_fof_linking_length,largest_fragment_particle_count,random_forest,fof_linking_length,0.008,1,24309.464765873272,24309.464765873272,24309.464765873272
full,with_fof_linking_length,largest_fragment_particle_count,ridge,fof_linking_length,0.0001,1,403051.38010212523,403051.38010212523,403051.38010212523
full,with_fof_linking_length,largest_fragment_particle_count,ridge,fof_linking_length,0.001,4,-468413.51510604843,-114448.0348394523,710631.8888639606
full,with_fof_linking_length,largest_fragment_particle_count,ridge,fof_linking_length,0.0019,2,-27011.784079956822,-27011.784079956822,309522.81604747544
full,with_fof_linking_length,largest_fragment_particle_count,ridge,fof_linking_length,0.002,27,38379.75634034018,97881.26761771808,654084.5046310248
full,with_fof_linking_length,largest_fragment_particle_count,ridge,fof_linking_length,0.0027,1,-68612.14006429003,-68612.14006429003,68612.14006429003
full,with_fof_linking_length,largest_fragment_particle_count,ridge,fof_linking_length,0.003,4,542390.6035450012,475884.75326056767,660235.5293850453
full,with_fof_linking_length,largest_fragment_particle_count,ridge,fof_linking_length,0.0034,1,-204228.12500629993,-204228.12500629993,204228.12500629993
full,with_fof_linking_length,largest_fragment_particle_count,ridge,fof_linking_length,0.0035,1,1044046.3386237407,1044046.3386237407,1044046.3386237407
full,with_fof_linking_length,largest_fragment_particle_count,ridge,fof_linking_length,0.004,40,246754.48482673522,238046.62659379793,547014.355210332
full,with_fof_linking_length,largest_fragment_particle_count,ridge,fof_linking_length,0.0044,1,30167.606123307953,30167.606123307953,30167.606123307953
full,with_fof_linking_length,largest_fragment_particle_count,ridge,fof_linking_length,0.0045,3,56010.546372819575,-52261.278317584656,371042.4960662988
full,with_fof_linking_length,largest_fragment_particle_count,ridge,fof_linking_length,0.005,4,384650.32366193115,455092.88605745754,638817.5350049911
full,with_fof_linking_length,largest_fragment_particle_count,ridge,fof_linking_length,0.0059,1,-260414.5044667134,-260414.5044667134,260414.5044667134
full,with_fof_linking_length,largest_fragment_particle_count,ridge,fof_linking_length,0.006,7,-199285.444480093,115115.45308462274,398391.20421646896
full,with_fof_linking_length,largest_fragment_particle_count,ridge,fof_linking_length,0.008,1,-730345.2030276346,-730345.2030276346,730345.2030276346
full,without_fof_linking_length,fragment_count_min_particles,dummy_mean,fof_linking_length,,98,-96.45409468135081,-200.50511508951405,338.6975311863876
full,without_fof_linking_length,fragment_count_min_particles,gradient_boosting,fof_linking_length,,98,-78.51179810888472,-67.36659288819496,206.45356726104987
full,without_fof_linking_length,fragment_count_min_particles,random_forest,fof_linking_length,,98,-113.24684438373619,-26.991802637421046,248.51658343335112
full,without_fof_linking_length,fragment_count_min_particles,ridge,fof_linking_length,,98,-74.60538043465802,-134.3550294334379,311.4700127154162
full,without_fof_linking_length,largest_fragment_mass_kg,dummy_mean,fof_linking_length,,98,3.1551003550253343e+18,-1.6904186462978834e+19,2.9237782108706853e+19
full,without_fof_linking_length,largest_fragment_mass_kg,gradient_boosting,fof_linking_length,,98,4.4726174270645075e+17,1.5880439718319357e+18,1.099613216749011e+19
full,without_fof_linking_length,largest_fragment_mass_kg,random_forest,fof_linking_length,,98,-2.4899476166198344e+18,-1.886679760044685e+16,1.509140800634111e+19
full,without_fof_linking_length,largest_fragment_mass_kg,ridge,fof_linking_length,,98,7.142613459137184e+17,2.968018670479483e+18,1.9678292929607873e+19
full,without_fof_linking_length,largest_fragment_particle_count,dummy_mean,fof_linking_length,,98,218926.0368756198,-558799.0447570332,993056.0916801506
full,without_fof_linking_length,largest_fragment_particle_count,gradient_boosting,fof_linking_length,,98,5216.507571469928,15976.373350250673,254521.7596351379
full,without_fof_linking_length,largest_fragment_particle_count,random_forest,fof_linking_length,,98,-9735.196548107964,4966.29478902118,333793.50769818353
full,without_fof_linking_length,largest_fragment_particle_count,ridge,fof_linking_length,,98,117727.34595037226,78593.39181125711,552265.1526630814
