fof_file,physical_file,mass_code,resolution_code,periapsis_code,velocity_code,spin_code,timestep,fof_linking_length,mass_log10_kg,periapsis_Rm,v_inf_kms,spin_period_hr,spin_axis,resolution_value,target_mass_kg,captured_mass_fraction,bound_mass_fraction,actual_bmf,predicted_bmf,predicted,residual,abs_error,fold_index,target,model,transform
Ma_xp_A1800_n60_r12_v00_90000_fof_0.0001_0000.hdf5,Ma_xp_A1800_n60_r12_v00_90000.hdf5,A1800,n60,r12,v00,,90000,0.0001,18.0,1.2,0.0,,none,60,9.9955702186e+17,0.314450049709,0.51607804736,0.51607804736,0.4888341353752696,0.4888341353752696,0.0272439119847303,0.0272439119847303,2,bound_mass_fraction,tuned_gradient_boosting,identity
Ma_xp_A1800_n60_r12_v00_90000_fof_0.0013_0000.hdf5,Ma_xp_A1800_n60_r12_v00_90000.hdf5,A1800,n60,r12,v00,,90000,0.0013,18.0,1.2,0.0,,none,60,9.9955702186e+17,0.314450049709,0.51607804736,0.51607804736,0.4888341353752696,0.4888341353752696,0.0272439119847303,0.0272439119847303,2,bound_mass_fraction,tuned_gradient_boosting,identity
Ma_xp_A1800_n60_r12_v00_90000_fof_0.0014_0000.hdf5,Ma_xp_A1800_n60_r12_v00_90000.hdf5,A1800,n60,r12,v00,,90000,0.0014,18.0,1.2,0.0,,none,60,9.9955702186e+17,0.314450049709,0.51607804736,0.51607804736,0.4887257057919053,0.4887257057919053,0.0273523415680946,0.0273523415680946,2,bound_mass_fraction,tuned_gradient_boosting,identity
Ma_xp_A1800_n60_r12_v00_90000_fof_0.0016_0000.hdf5,Ma_xp_A1800_n60_r12_v00_90000.hdf5,A1800,n60,r12,v00,,90000,0.0016,18.0,1.2,0.0,,none,60,9.9955702186e+17,0.314450049709,0.51607804736,0.51607804736,0.4887257057919053,0.4887257057919053,0.0273523415680946,0.0273523415680946,2,bound_mass_fraction,tuned_gradient_boosting,identity
Ma_xp_A1800_n60_r12_v00_90000_fof_0.002_0000.hdf5,Ma_xp_A1800_n60_r12_v00_90000.hdf5,A1800,n60,r12,v00,,90000,0.002,18.0,1.2,0.0,,none,60,9.9955702186e+17,0.314450049709,0.51607804736,0.51607804736,0.4886443206285141,0.4886443206285141,0.0274337267314858,0.0274337267314858,2,bound_mass_fraction,tuned_gradient_boosting,identity
Ma_xp_A1800_n60_r16_v00_90000_fof_0.0001_0000.hdf5,Ma_xp_A1800_n60_r16_v00_90000.hdf5,A1800,n60,r16,v00,,90000,0.0001,18.0,1.6,0.0,,none,60,9.9955702186e+17,0.267653343997,0.455085473367,0.455085473367,0.470674062832676,0.470674062832676,-0.015588589465676,0.015588589465676,4,bound_mass_fraction,tuned_gradient_boosting,identity
Ma_xp_A1800_n60_r16_v00_90000_fof_0.0013_0000.hdf5,Ma_xp_A1800_n60_r16_v00_90000.hdf5,A1800,n60,r16,v00,,90000,0.0013,18.0,1.6,0.0,,none,60,9.9955702186e+17,0.267653343997,0.455085473367,0.455085473367,0.470674062832676,0.470674062832676,-0.015588589465676,0.015588589465676,4,bound_mass_fraction,tuned_gradient_boosting,identity
Ma_xp_A1800_n60_r16_v00_90000_fof_0.0014_0000.hdf5,Ma_xp_A1800_n60_r16_v00_90000.hdf5,A1800,n60,r16,v00,,90000,0.0014,18.0,1.6,0.0,,none,60,9.9955702186e+17,0.267653343997,0.455085473367,0.455085473367,0.470674062832676,0.470674062832676,-0.015588589465676,0.015588589465676,4,bound_mass_fraction,tuned_gradient_boosting,identity
Ma_xp_A1800_n60_r16_v00_90000_fof_0.0016_0000.hdf5,Ma_xp_A1800_n60_r16_v00_90000.hdf5,A1800,n60,r16,v00,,90000,0.0016,18.0,1.6,0.0,,none,60,9.9955702186e+17,0.267653343997,0.455085473367,0.455085473367,0.470674062832676,0.470674062832676,-0.015588589465676,0.015588589465676,4,bound_mass_fraction,tuned_gradient_boosting,identity
Ma_xp_A1800_n60_r16_v00_90000_fof_0.002_0000.hdf5,Ma_xp_A1800_n60_r16_v00_90000.hdf5,A1800,n60,r16,v00,,90000,0.002,18.0,1.6,0.0,,none,60,9.9955702186e+17,0.267653343997,0.455085473367,0.455085473367,0.4699702293330239,0.4699702293330239,-0.0148847559660239,0.0148847559660239,4,bound_mass_fraction,tuned_gradient_boosting,identity
Ma_xp_A1850_n60_r12_v00_90000_fof_0.0014_0000.hdf5,Ma_xp_A1850_n60_r12_v00_90000.hdf5,A1850,n60,r12,v00,,90000,0.0014,18.5,1.2,0.0,,none,60,3.16119552817e+18,0.36421735753,0.495212035575,0.495212035575,0.5232340897654048,0.5232340897654048,-0.0280220541904047,0.0280220541904047,4,bound_mass_fraction,tuned_gradient_boosting,identity
Ma_xp_A1850_n60_r12_v00_90000_fof_0.0019_0000.hdf5,Ma_xp_A1850_n60_r12_v00_90000.hdf5,A1850,n60,r12,v00,,90000,0.0019,18.5,1.2,0.0,,none,60,3.16119552817e+18,0.36421735753,0.495212035575,0.495212035575,0.5232340897654048,0.5232340897654048,-0.0280220541904047,0.0280220541904047,4,bound_mass_fraction,tuned_gradient_boosting,identity
Ma_xp_A1850_n60_r12_v00_90000_fof_0.002_0000.hdf5,Ma_xp_A1850_n60_r12_v00_90000.hdf5,A1850,n60,r12,v00,,90000,0.002,18.5,1.2,0.0,,none,60,3.16119552817e+18,0.36421735753,0.495212035575,0.495212035575,0.5225302562657527,0.5225302562657527,-0.0273182206907526,0.0273182206907526,4,bound_mass_fraction,tuned_gradient_boosting,identity
Ma_xp_A1850_n60_r12_v00_90000_fof_0.0024_0000.hdf5,Ma_xp_A1850_n60_r12_v00_90000.hdf5,A1850,n60,r12,v00,,90000,0.0024,18.5,1.2,0.0,,none,60,3.16119552817e+18,0.36421735753,0.495212035575,0.495212035575,0.5232081611812949,0.5232081611812949,-0.0279961256062948,0.0279961256062948,4,bound_mass_fraction,tuned_gradient_boosting,identity
Ma_xp_A1850_n60_r16_v00_90000_fof_0.0014_0000.hdf5,Ma_xp_A1850_n60_r16_v00_90000.hdf5,A1850,n60,r16,v00,,90000,0.0014,18.5,1.6,0.0,,none,60,3.16119552817e+18,0.308643464925,0.477722478553,0.477722478553,0.4476860554475587,0.4476860554475587,0.0300364231054412,0.0300364231054412,3,bound_mass_fraction,tuned_gradient_boosting,identity
Ma_xp_A1850_n60_r16_v00_90000_fof_0.0019_0000.hdf5,Ma_xp_A1850_n60_r16_v00_90000.hdf5,A1850,n60,r16,v00,,90000,0.0019,18.5,1.6,0.0,,none,60,3.16119552817e+18,0.308643464925,0.477722478553,0.477722478553,0.4476860554475587,0.4476860554475587,0.0300364231054412,0.0300364231054412,3,bound_mass_fraction,tuned_gradient_boosting,identity
Ma_xp_A1850_n60_r16_v00_90000_fof_0.002_0000.hdf5,Ma_xp_A1850_n60_r16_v00_90000.hdf5,A1850,n60,r16,v00,,90000,0.002,18.5,1.6,0.0,,none,60,3.16119552817e+18,0.308643464925,0.477722478553,0.477722478553,0.4476860554475587,0.4476860554475587,0.0300364231054412,0.0300364231054412,3,bound_mass_fraction,tuned_gradient_boosting,identity
Ma_xp_A1850_n60_r16_v00_90000_fof_0.0024_0000.hdf5,Ma_xp_A1850_n60_r16_v00_90000.hdf5,A1850,n60,r16,v00,,90000,0.0024,18.5,1.6,0.0,,none,60,3.16119552817e+18,0.308643464925,0.477722478553,0.477722478553,0.4474346593126961,0.4474346593126961,0.0302878192403038,0.0302878192403038,3,bound_mass_fraction,tuned_gradient_boosting,identity
Ma_xp_A1900_s047z_n65_r11_v00_90000_fof_0.002_0000.hdf5,Ma_xp_A1900_s047z_n65_r11_v00_90000.hdf5,A1900,n65,r11,v00,s047z,90000,0.002,19.0,1.1,0.0,4.7,z,65,1.00103215294e+19,0.426623195922,0.498710424124,0.498710424124,0.517546130076124,0.517546130076124,-0.018835705952124,0.018835705952124,2,bound_mass_fraction,tuned_gradient_boosting,identity
Ma_xp_A1900_s086mz_n65_r12_v00_90000_fof_0.002_0000.hdf5,Ma_xp_A1900_s086mz_n65_r12_v00_90000.hdf5,A1900,n65,r12,v00,s086mz,90000,0.002,19.0,1.2,0.0,8.6,mz,65,1.00024537233e+19,0.316255027627,0.428576939971,0.428576939971,0.5383066698540523,0.5383066698540523,-0.1097297298830523,0.1097297298830523,0,bound_mass_fraction,tuned_gradient_boosting,identity
Ma_xp_A1900_s170mz_n65_r12_v00_90000_fof_0.002_0000.hdf5,Ma_xp_A1900_s170mz_n65_r12_v00_90000.hdf5,A1900,n65,r12,v00,s170mz,90000,0.002,19.0,1.2,0.0,17.0,mz,65,9.9870063321e+18,0.360167296696,0.525160595847,0.525160595847,0.4652596708630962,0.4652596708630962,0.0599009249839038,0.0599009249839038,1,bound_mass_fraction,tuned_gradient_boosting,identity
Ma_xp_A1900_n50_r12_v00_90000_fof_0.006_0000.hdf5,Ma_xp_A1900_n50_r12_v00_90000.hdf5,A1900,n50,r12,v00,,90000,0.006,19.0,1.2,0.0,,none,50,9.9974575774e+18,0.405570645919,0.5298651075,0.5298651075,0.4923894398589782,0.4923894398589782,0.0374756676410217,0.0374756676410217,3,bound_mass_fraction,tuned_gradient_boosting,identity
Ma_xp_A1900_n55_r12_v00_90000_fof_0.004_0000.hdf5,Ma_xp_A1900_n55_r12_v00_90000.hdf5,A1900,n55,r12,v00,,90000,0.004,19.0,1.2,0.0,,none,55,9.99785692444e+18,0.413593254409,0.497108451088,0.497108451088,0.5072081353469615,0.5072081353469615,-0.0100996842589615,0.0100996842589615,1,bound_mass_fraction,tuned_gradient_boosting,identity
Ma_xp_A1900_n60_r12_v00_90000_fof_0.003_0000.hdf5,Ma_xp_A1900_n60_r12_v00_90000.hdf5,A1900,n60,r12,v00,,90000,0.003,19.0,1.2,0.0,,none,60,9.9980287081e+18,0.394531659,0.497267225553,0.497267225553,0.5116427393375702,0.5116427393375702,-0.0143755137845701,0.0143755137845701,4,bound_mass_fraction,tuned_gradient_boosting,identity
Ma_xp_A1900_n65_r12_v00_90000_fof_0.0019_0000.hdf5,Ma_xp_A1900_n65_r12_v00_90000.hdf5,A1900,n65,r12,v00,,90000,0.0019,19.0,1.2,0.0,,none,65,9.99815726043e+18,0.396409015229,0.503325594062,0.503325594062,0.5034613686726706,0.5034613686726706,-0.0001357746106706,0.0001357746106706,2,bound_mass_fraction,tuned_gradient_boosting,identity
Ma_xp_A1900_n65_r12_v00_90000_fof_0.002_0000.hdf5,Ma_xp_A1900_n65_r12_v00_90000.hdf5,A1900,n65,r12,v00,,90000,0.002,19.0,1.2,0.0,,none,65,9.99815726043e+18,0.396409015229,0.503325594062,0.503325594062,0.503702978327737,0.503702978327737,-0.000377384265737,0.000377384265737,2,bound_mass_fraction,tuned_gradient_boosting,identity
Ma_xp_A1900_n70_r12_v00_90000_fof_0.001_0000.hdf5,Ma_xp_A1900_n70_r12_v00_90000.hdf5,A1900,n70,r12,v00,,90000,0.001,19.0,1.2,0.0,,none,70,9.99824174043e+18,0.403137006326,0.504204503735,0.504204503735,0.5069550384137655,0.5069550384137655,-0.0027505346787655,0.0027505346787655,4,bound_mass_fraction,tuned_gradient_boosting,identity
Ma_xp_A1900_s030x_n65_r12_v00_90000_fof_0.002_0000.hdf5,Ma_xp_A1900_s030x_n65_r12_v00_90000.hdf5,A1900,n65,r12,v00,s030x,90000,0.002,19.0,1.2,0.0,3.0,x,65,1.00232231692e+19,0.417093890603,0.503298573559,0.503298573559,0.4985057108516553,0.4985057108516553,0.0047928627073446,0.0047928627073446,3,bound_mass_fraction,tuned_gradient_boosting,identity
Ma_xp_A1900_s035x_n65_r12_v00_90000_fof_0.002_0000.hdf5,Ma_xp_A1900_s035x_n65_r12_v00_90000.hdf5,A1900,n65,r12,v00,s035x,90000,0.002,19.0,1.2,0.0,3.5,x,65,9.93116843808e+18,0.420366217244,0.505131114425,0.505131114425,0.4945756784452462,0.4945756784452462,0.0105554359797538,0.0105554359797538,4,bound_mass_fraction,tuned_gradient_boosting,identity
Ma_xp_A1900_s047x_n65_r12_v00_90000_fof_0.002_0000.hdf5,Ma_xp_A1900_s047x_n65_r12_v00_90000.hdf5,A1900,n65,r12,v00,s047x,90000,0.002,19.0,1.2,0.0,4.7,x,65,1.00103215294e+19,0.423957714054,0.498905852739,0.498905852739,0.4967716924844918,0.4967716924844918,0.0021341602545081,0.0021341602545081,4,bound_mass_fraction,tuned_gradient_boosting,identity
Ma_xp_A1900_s086x_n65_r12_v00_90000_fof_0.002_0000.hdf5,Ma_xp_A1900_s086x_n65_r12_v00_90000.hdf5,A1900,n65,r12,v00,s086x,90000,0.002,19.0,1.2,0.0,8.6,x,65,1.00024537233e+19,0.416073923948,0.521782247412,0.521782247412,0.4928713184737715,0.4928713184737715,0.0289109289382284,0.0289109289382284,4,bound_mass_fraction,tuned_gradient_boosting,identity
Ma_xp_A1900_s170x_n65_r12_v00_90000_fof_0.002_0000.hdf5,Ma_xp_A1900_s170x_n65_r12_v00_90000.hdf5,A1900,n65,r12,v00,s170x,90000,0.002,19.0,1.2,0.0,17.0,x,65,9.9870063321e+18,0.415758093986,0.521523037448,0.521523037448,0.5243504641421933,0.5243504641421933,-0.0028274266941933,0.0028274266941933,0,bound_mass_fraction,tuned_gradient_boosting,identity
Ma_xp_A1900_s035y_n65_r12_v00_90000_fof_0.002_0000.hdf5,Ma_xp_A1900_s035y_n65_r12_v00_90000.hdf5,A1900,n65,r12,v00,s035y,90000,0.002,19.0,1.2,0.0,3.5,y,65,9.93116843808e+18,0.414254163773,0.511167905648,0.511167905648,0.5099028458455416,0.5099028458455416,0.0012650598024583,0.0012650598024583,3,bound_mass_fraction,tuned_gradient_boosting,identity
Ma_xp_A1900_s047y_n65_r12_v00_90000_fof_0.002_0000.hdf5,Ma_xp_A1900_s047y_n65_r12_v00_90000.hdf5,A1900,n65,r12,v00,s047y,90000,0.002,19.0,1.2,0.0,4.7,y,65,1.00103215294e+19,0.41872667822,0.515273789797,0.515273789797,0.5109676920927079,0.5109676920927079,0.0043060977042921,0.0043060977042921,3,bound_mass_fraction,tuned_gradient_boosting,identity
Ma_xp_A1900_s170y_n65_r12_v00_90000_fof_0.002_0000.hdf5,Ma_xp_A1900_s170y_n65_r12_v00_90000.hdf5,A1900,n65,r12,v00,s170y,90000,0.002,19.0,1.2,0.0,17.0,y,65,9.9870063321e+18,0.395081596035,0.51471277424,0.51471277424,0.503790424385801,0.503790424385801,0.0109223498541989,0.0109223498541989,2,bound_mass_fraction,tuned_gradient_boosting,identity
Ma_xp_A1900_s030z_n65_r12_v00_90000_fof_0.002_0000.hdf5,Ma_xp_A1900_s030z_n65_r12_v00_90000.hdf5,A1900,n65,r12,v00,s030z,90000,0.002,19.0,1.2,0.0,3.0,z,65,1.00232199996e+19,0.439350151394,0.499130847254,0.499130847254,0.5023006936711032,0.5023006936711032,-0.0031698464171032,0.0031698464171032,2,bound_mass_fraction,tuned_gradient_boosting,identity
Ma_xp_A1900_s035z_n65_r12_v00_90000_fof_0.002_0000.hdf5,Ma_xp_A1900_s035z_n65_r12_v00_90000.hdf5,A1900,n65,r12,v00,s035z,90000,0.002,19.0,1.2,0.0,3.5,z,65,9.93116843808e+18,0.435509424225,0.502841624197,0.502841624197,0.5046310120705012,0.5046310120705012,-0.0017893878735012,0.0017893878735012,2,bound_mass_fraction,tuned_gradient_boosting,identity
Ma_xp_A1900_s047z_n65_r12_v00_90000_fof_0.002_0000.hdf5,Ma_xp_A1900_s047z_n65_r12_v00_90000.hdf5,A1900,n65,r12,v00,s047z,90000,0.002,19.0,1.2,0.0,4.7,z,65,1.00103215294e+19,0.43864490178,0.503819712359,0.503819712359,0.5079691221054261,0.5079691221054261,-0.004149409746426,0.004149409746426,1,bound_mass_fraction,tuned_gradient_boosting,identity
Ma_xp_A1900_s086z_n65_r12_v00_90000_fof_0.002_0000.hdf5,Ma_xp_A1900_s086z_n65_r12_v00_90000.hdf5,A1900,n65,r12,v00,s086z,90000,0.002,19.0,1.2,0.0,8.6,z,65,1.00024537233e+19,0.427325942667,0.506762057846,0.506762057846,0.504738845563685,0.504738845563685,0.002023212282315,0.002023212282315,3,bound_mass_fraction,tuned_gradient_boosting,identity
Ma_xp_A1900_s170z_n65_r12_v00_90000_fof_0.002_0000.hdf5,Ma_xp_A1900_s170z_n65_r12_v00_90000.hdf5,A1900,n65,r12,v00,s170z,90000,0.002,19.0,1.2,0.0,17.0,z,65,9.9870063321e+18,0.428216170201,0.500466434725,0.500466434725,0.5398549929803091,0.5398549929803091,-0.0393885582553091,0.0393885582553091,3,bound_mass_fraction,tuned_gradient_boosting,identity
Ma_xp_A1900_n65_r12_v02_90000_fof_0.002_0000.hdf5,Ma_xp_A1900_n65_r12_v02_90000.hdf5,A1900,n65,r12,v02,,90000,0.002,19.0,1.2,0.2,,none,65,9.99812922188e+18,0.355948923145,0.448918032584,0.448918032584,0.42999324482909,0.42999324482909,0.0189247877549099,0.0189247877549099,2,bound_mass_fraction,tuned_gradient_boosting,identity
Ma_xp_A1900_n65_r12_v04_90000_fof_0.002_0000.hdf5,Ma_xp_A1900_n65_r12_v04_90000.hdf5,A1900,n65,r12,v04,,90000,0.002,19.0,1.2,0.4,,none,65,9.99815710043e+18,0.231273162822,0.304732418872,0.304732418872,0.2809302174231105,0.2809302174231105,0.0238022014488894,0.0238022014488894,1,bound_mass_fraction,tuned_gradient_boosting,identity
Ma_xp_A1900_s030z_n65_r12_v04_90000_fof_0.002_0000.hdf5,Ma_xp_A1900_s030z_n65_r12_v04_90000.hdf5,A1900,n65,r12,v04,s030z,90000,0.002,19.0,1.2,0.4,3.0,z,65,1.00232104907e+19,0.311827066109,0.371964524241,0.371964524241,0.3761878860462644,0.3761878860462644,-0.0042233618052644,0.0042233618052644,0,bound_mass_fraction,tuned_gradient_boosting,identity
Ma_xp_A1900_s047z_n65_r12_v04_90000_fof_0.002_0000.hdf5,Ma_xp_A1900_s047z_n65_r12_v04_90000.hdf5,A1900,n65,r12,v04,s047z,90000,0.002,19.0,1.2,0.4,4.7,z,65,1.00103215294e+19,0.297792099371,0.368759565883,0.368759565883,0.3641254913859671,0.3641254913859671,0.0046340744970328,0.0046340744970328,0,bound_mass_fraction,tuned_gradient_boosting,identity
Ma_xp_A1900_s030z_n65_r12_v06_90000_fof_0.002_0000.hdf5,Ma_xp_A1900_s030z_n65_r12_v06_90000.hdf5,A1900,n65,r12,v06,s030z,90000,0.002,19.0,1.2,0.6,3.0,z,65,1.00232199996e+19,0.164374382367,0.211825979714,0.211825979714,0.2296834846443547,0.2296834846443547,-0.0178575049303547,0.0178575049303547,1,bound_mass_fraction,tuned_gradient_boosting,identity
Ma_xp_A1900_s047z_n65_r12_v06_90000_fof_0.002_0000.hdf5,Ma_xp_A1900_s047z_n65_r12_v06_90000.hdf5,A1900,n65,r12,v06,s047z,90000,0.002,19.0,1.2,0.6,4.7,z,65,1.00103215294e+19,0.152344510922,0.199046573991,0.199046573991,0.1976286550294015,0.1976286550294015,0.0014179189615985,0.0014179189615985,4,bound_mass_fraction,tuned_gradient_boosting,identity
Ma_xp_A1900_n65_r12_v08_90000_fof_0.002_0000.hdf5,Ma_xp_A1900_n65_r12_v08_90000.hdf5,A1900,n65,r12,v08,,90000,0.002,19.0,1.2,0.8,,none,65,9.99815710043e+18,0.0,0.0,0.0,0.0123205376369196,0.0123205376369196,-0.0123205376369196,0.0123205376369196,0,bound_mass_fraction,tuned_gradient_boosting,identity
Ma_xp_A1900_s030z_n65_r12_v08_90000_fof_0.002_0000.hdf5,Ma_xp_A1900_s030z_n65_r12_v08_90000.hdf5,A1900,n65,r12,v08,s030z,90000,0.002,19.0,1.2,0.8,3.0,z,65,1.00232231692e+19,0.0325370081549,0.0595637445941,0.0595637445941,0.0943707109929398,0.0943707109929398,-0.0348069663988398,0.0348069663988398,2,bound_mass_fraction,tuned_gradient_boosting,identity
Ma_xp_A1900_s047z_n65_r12_v08_90000_fof_0.002_0000.hdf5,Ma_xp_A1900_s047z_n65_r12_v08_90000.hdf5,A1900,n65,r12,v08,s047z,90000,0.002,19.0,1.2,0.8,4.7,z,65,1.00103215294e+19,0.018988514616,0.0420740731371,0.0420740731371,0.065748261377701,0.065748261377701,-0.023674188240601,0.023674188240601,3,bound_mass_fraction,tuned_gradient_boosting,identity
Ma_xp_A1900_n65_r12_v10_90000_fof_0.002_0000.hdf5,Ma_xp_A1900_n65_r12_v10_90000.hdf5,A1900,n65,r12,v10,,90000,0.002,19.0,1.2,1.0,,none,65,9.99813851473e+18,0.000107507293146,0.0001821737417,0.0001821737417,0.0,0.0,0.0001821737417,0.0001821737417,4,bound_mass_fraction,tuned_gradient_boosting,identity
Ma_xp_A1900_s047z_n65_r12_v15_90000_fof_0.002_0000.hdf5,Ma_xp_A1900_s047z_n65_r12_v15_90000.hdf5,A1900,n65,r12,v15,s047z,90000,0.002,19.0,1.2,1.5,4.7,z,65,1.00103215294e+19,0.0,0.0,0.0,0.0,0.0,0.0,0.0,2,bound_mass_fraction,tuned_gradient_boosting,identity
Ma_xp_A1900_s030z_n65_r12_v20_90000_fof_0.002_0000.hdf5,Ma_xp_A1900_s030z_n65_r12_v20_90000.hdf5,A1900,n65,r12,v20,s030z,90000,0.002,19.0,1.2,2.0,3.0,z,65,1.00232231692e+19,0.0,0.0,0.0,0.0,0.0,0.0,0.0,3,bound_mass_fraction,tuned_gradient_boosting,identity
Ma_xp_A1900_s047z_n65_r12_v20_90000_fof_0.002_0000.hdf5,Ma_xp_A1900_s047z_n65_r12_v20_90000.hdf5,A1900,n65,r12,v20,s047z,90000,0.002,19.0,1.2,2.0,4.7,z,65,1.00103215294e+19,0.0,0.0,0.0,0.0027908889405121,0.0027908889405121,-0.0027908889405121,0.0027908889405121,1,bound_mass_fraction,tuned_gradient_boosting,identity
Ma_xp_A1900_n65_r13_v00_90000_fof_0.002_0000.hdf5,Ma_xp_A1900_n65_r13_v00_90000.hdf5,A1900,n65,r13,v00,,90000,0.002,19.0,1.3,0.0,,none,65,9.99815710043e+18,0.404085083654,0.501368469254,0.501368469254,0.5060309065564933,0.5060309065564933,-0.0046624373024932,0.0046624373024932,3,bound_mass_fraction,tuned_gradient_boosting,identity
Ma_xp_A1900_s030z_n65_r13_v00_90000_fof_0.002_0000.hdf5,Ma_xp_A1900_s030z_n65_r13_v00_90000.hdf5,A1900,n65,r13,v00,s030z,90000,0.002,19.0,1.3,0.0,3.0,z,65,1.00231534375e+19,0.437923392618,0.504662180837,0.504662180837,0.5011712422218321,0.5011712422218321,0.0034909386151679,0.0034909386151679,0,bound_mass_fraction,tuned_gradient_boosting,identity
Ma_xp_A1900_n65_r14_v00_90000_fof_0.002_0000.hdf5,Ma_xp_A1900_n65_r14_v00_90000.hdf5,A1900,n65,r14,v00,,90000,0.002,19.0,1.4,0.0,,none,65,9.99815710043e+18,0.381723608248,0.513097586078,0.513097586078,0.5063730169730447,0.5063730169730447,0.0067245691049553,0.0067245691049553,2,bound_mass_fraction,tuned_gradient_boosting,identity
Ma_xp_A1900_s047z_n65_r14_v00_90000_fof_0.002_0000.hdf5,Ma_xp_A1900_s047z_n65_r14_v00_90000.hdf5,A1900,n65,r14,v00,s047z,90000,0.002,19.0,1.4,0.0,4.7,z,65,1.00102582186e+19,0.417642129363,0.505398670571,0.505398670571,0.5179281931390466,0.5179281931390466,-0.0125295225680466,0.0125295225680466,0,bound_mass_fraction,tuned_gradient_boosting,identity
Ma_xp_A1900_n65_r14_v02_90000_fof_0.002_0000.hdf5,Ma_xp_A1900_n65_r14_v02_90000.hdf5,A1900,n65,r14,v02,,90000,0.002,19.0,1.4,0.2,,none,65,9.99815400281e+18,0.341908601593,0.431708653828,0.431708653828,0.4428075391255711,0.4428075391255711,-0.011098885297571,0.011098885297571,0,bound_mass_fraction,tuned_gradient_boosting,identity
Ma_xp_A1900_n65_r14_v06_90000_fof_0.002_0000.hdf5,Ma_xp_A1900_n65_r14_v06_90000.hdf5,A1900,n65,r14,v06,,90000,0.002,19.0,1.4,0.6,,none,65,9.99815710043e+18,0.0529975889908,0.0991277363963,0.0991277363963,0.1088799246998398,0.1088799246998398,-0.0097521883035398,0.0097521883035398,1,bound_mass_fraction,tuned_gradient_boosting,identity
Ma_xp_A1900_n65_r15_v00_90000_fof_0.002_0000.hdf5,Ma_xp_A1900_n65_r15_v00_90000.hdf5,A1900,n65,r15,v00,,90000,0.002,19.0,1.5,0.0,,none,65,9.99815710043e+18,0.389439333468,0.510524231851,0.510524231851,0.4469046248418386,0.4469046248418386,0.0636196070091614,0.0636196070091614,4,bound_mass_fraction,tuned_gradient_boosting,identity
Ma_xp_A1900_s030z_n65_r15_v00_90000_fof_0.002_0000.hdf5,Ma_xp_A1900_s030z_n65_r15_v00_90000.hdf5,A1900,n65,r15,v00,s030z,90000,0.002,19.0,1.5,0.0,3.0,z,65,1.00232136603e+19,0.433195046727,0.505262512123,0.505262512123,0.4943401517483778,0.4943401517483778,0.0109223603746221,0.0109223603746221,4,bound_mass_fraction,tuned_gradient_boosting,identity
Ma_xp_A1900_s047z_n65_r15_v00_90000_fof_0.002_0000.hdf5,Ma_xp_A1900_s047z_n65_r15_v00_90000.hdf5,A1900,n65,r15,v00,s047z,90000,0.002,19.0,1.5,0.0,4.7,z,65,1.00103215294e+19,0.434130437532,0.501013825468,0.501013825468,0.4932206528172181,0.4932206528172181,0.0077931726507818,0.0077931726507818,4,bound_mass_fraction,tuned_gradient_boosting,identity
Ma_xp_A1900_n50_r16_v00_90000_fof_0.006_0000.hdf5,Ma_xp_A1900_n50_r16_v00_90000.hdf5,A1900,n50,r16,v00,,90000,0.006,19.0,1.6,0.0,,none,50,9.9974575774e+18,0.384466645182,0.438524929791,0.438524929791,0.4788891604171228,0.4788891604171228,-0.0403642306261228,0.0403642306261228,2,bound_mass_fraction,tuned_gradient_boosting,identity
Ma_xp_A1900_n55_r16_v00_90000_fof_0.004_0000.hdf5,Ma_xp_A1900_n55_r16_v00_90000.hdf5,A1900,n55,r16,v00,,90000,0.004,19.0,1.6,0.0,,none,55,9.99785692444e+18,0.376026601624,0.457274899101,0.457274899101,0.451062467999016,0.451062467999016,0.0062124311019839,0.0062124311019839,0,bound_mass_fraction,tuned_gradient_boosting,identity
Ma_xp_A1900_n60_r16_v00_90000_fof_0.003_0000.hdf5,Ma_xp_A1900_n60_r16_v00_90000.hdf5,A1900,n60,r16,v00,,90000,0.003,19.0,1.6,0.0,,none,60,9.9980287081e+18,0.344082279396,0.474331066076,0.474331066076,0.4474160663536205,0.4474160663536205,0.0269149997223794,0.0269149997223794,3,bound_mass_fraction,tuned_gradient_boosting,identity
Ma_xp_A1900_n65_r16_v00_90000_fof_0.0019_0000.hdf5,Ma_xp_A1900_n65_r16_v00_90000.hdf5,A1900,n65,r16,v00,,90000,0.0019,19.0,1.6,0.0,,none,65,9.99815726043e+18,0.35803889712,0.463697611979,0.463697611979,0.4636404070889044,0.4636404070889044,5.7204890095585714e-05,5.7204890095585714e-05,0,bound_mass_fraction,tuned_gradient_boosting,identity
Ma_xp_A1900_n65_r16_v00_90000_fof_0.002_0000.hdf5,Ma_xp_A1900_n65_r16_v00_90000.hdf5,A1900,n65,r16,v00,,90000,0.002,19.0,1.6,0.0,,none,65,9.99815726043e+18,0.35803889712,0.463697611979,0.463697611979,0.4629045463593273,0.4629045463593273,0.0007930656196726,0.0007930656196726,0,bound_mass_fraction,tuned_gradient_boosting,identity
Ma_xp_A1900_s030z_n65_r16_v00_90000_fof_0.002_0000.hdf5,Ma_xp_A1900_s030z_n65_r16_v00_90000.hdf5,A1900,n65,r16,v00,s030z,90000,0.002,19.0,1.6,0.0,3.0,z,65,1.00232231692e+19,0.434618293912,0.508084050855,0.508084050855,0.5010299688917584,0.5010299688917584,0.0070540819632415,0.0070540819632415,3,bound_mass_fraction,tuned_gradient_boosting,identity
Ma_xp_A1900_s035z_n65_r16_v00_90000_fof_0.002_0000.hdf5,Ma_xp_A1900_s035z_n65_r16_v00_90000.hdf5,A1900,n65,r16,v00,s035z,90000,0.002,19.0,1.6,0.0,3.5,z,65,9.93116843808e+18,0.428224797582,0.505271519627,0.505271519627,0.4981511353415127,0.4981511353415127,0.0071203842854873,0.0071203842854873,1,bound_mass_fraction,tuned_gradient_boosting,identity
Ma_xp_A1900_s047z_n65_r16_v00_90000_fof_0.002_0000.hdf5,Ma_xp_A1900_s047z_n65_r16_v00_90000.hdf5,A1900,n65,r16,v00,s047z,90000,0.002,19.0,1.6,0.0,4.7,z,65,1.00103215294e+19,0.438299265087,0.508967264126,0.508967264126,0.4998462088447163,0.4998462088447163,0.0091210552812836,0.0091210552812836,1,bound_mass_fraction,tuned_gradient_boosting,identity
Ma_xp_A1900_s086z_n65_r16_v00_90000_fof_0.002_0000.hdf5,Ma_xp_A1900_s086z_n65_r16_v00_90000.hdf5,A1900,n65,r16,v00,s086z,90000,0.002,19.0,1.6,0.0,8.6,z,65,1.00024505602e+19,0.435671649154,0.485612894004,0.485612894004,0.5023050687153486,0.5023050687153486,-0.0166921747113486,0.0166921747113486,2,bound_mass_fraction,tuned_gradient_boosting,identity
Ma_xp_A1900_s170z_n65_r16_v00_90000_fof_0.002_0000.hdf5,Ma_xp_A1900_s170z_n65_r16_v00_90000.hdf5,A1900,n65,r16,v00,s170z,90000,0.002,19.0,1.6,0.0,17.0,z,65,9.9870063321e+18,0.407437847178,0.518579280938,0.518579280938,0.4770532983604049,0.4770532983604049,0.041525982577595,0.041525982577595,0,bound_mass_fraction,tuned_gradient_boosting,identity
Ma_xp_A1900_n65_r16_v02_90000_fof_0.002_0000.hdf5,Ma_xp_A1900_n65_r16_v02_90000.hdf5,A1900,n65,r16,v02,,90000,0.002,19.0,1.6,0.2,,none,65,9.99815710043e+18,0.303708777846,0.415264272264,0.415264272264,0.3872247373880838,0.3872247373880838,0.0280395348759161,0.0280395348759161,3,bound_mass_fraction,tuned_gradient_boosting,identity
Ma_xp_A1900_s030z_n65_r16_v02_90000_fof_0.002_0000.hdf5,Ma_xp_A1900_s030z_n65_r16_v02_90000.hdf5,A1900,n65,r16,v02,s030z,90000,0.002,19.0,1.6,0.2,3.0,z,65,1.00232231692e+19,0.407750936351,0.466795118453,0.466795118453,0.4778374071576115,0.4778374071576115,-0.0110422887046115,0.0110422887046115,2,bound_mass_fraction,tuned_gradient_boosting,identity
Ma_xp_A1900_n65_r16_v04_90000_fof_0.002_0000.hdf5,Ma_xp_A1900_n65_r16_v04_90000.hdf5,A1900,n65,r16,v04,,90000,0.002,19.0,1.6,0.4,,none,65,9.99815710043e+18,0.173067831089,0.222504673615,0.222504673615,0.244514799831692,0.244514799831692,-0.022010126216692,0.022010126216692,2,bound_mass_fraction,tuned_gradient_boosting,identity
Ma_xp_A1900_s030z_n65_r16_v04_90000_fof_0.002_0000.hdf5,Ma_xp_A1900_s030z_n65_r16_v04_90000.hdf5,A1900,n65,r16,v04,s030z,90000,0.002,19.0,1.6,0.4,3.0,z,65,1.00232231692e+19,0.304290960055,0.364864104208,0.364864104208,0.3644267930910625,0.3644267930910625,0.0004373111169374,0.0004373111169374,1,bound_mass_fraction,tuned_gradient_boosting,identity
Ma_xp_A1900_s047z_n65_r16_v04_90000_fof_0.002_0000.hdf5,Ma_xp_A1900_s047z_n65_r16_v04_90000.hdf5,A1900,n65,r16,v04,s047z,90000,0.002,19.0,1.6,0.4,4.7,z,65,1.00103120328e+19,0.269572526379,0.352948207889,0.352948207889,0.3552390644854277,0.3552390644854277,-0.0022908565964276,0.0022908565964276,0,bound_mass_fraction,tuned_gradient_boosting,identity
Ma_xp_A1900_s047z_n65_r16_v06_90000_fof_0.002_0000.hdf5,Ma_xp_A1900_s047z_n65_r16_v06_90000.hdf5,A1900,n65,r16,v06,s047z,90000,0.002,19.0,1.6,0.6,4.7,z,65,1.00103215294e+19,0.119479299746,0.181024134485,0.181024134485,0.1884406016130074,0.1884406016130074,-0.0074164671280074,0.0074164671280074,0,bound_mass_fraction,tuned_gradient_boosting,identity
Ma_xp_A1900_n65_r17_v00_90000_fof_0.002_0000.hdf5,Ma_xp_A1900_n65_r17_v00_90000.hdf5,A1900,n65,r17,v00,,90000,0.002,19.0,1.7,0.0,,none,65,9.99815710043e+18,0.333210645123,0.365987296194,0.365987296194,0.4748507857462985,0.4748507857462985,-0.1088634895522985,0.1088634895522985,1,bound_mass_fraction,tuned_gradient_boosting,identity
Ma_xp_A1900_s030z_n65_r17_v00_90000_fof_0.002_0000.hdf5,Ma_xp_A1900_s030z_n65_r17_v00_90000.hdf5,A1900,n65,r17,v00,s030z,90000,0.002,19.0,1.7,0.0,3.0,z,65,1.00232231692e+19,0.444265143207,0.503346956433,0.503346956433,0.4682480118963955,0.4682480118963955,0.0350989445366044,0.0350989445366044,0,bound_mass_fraction,tuned_gradient_boosting,identity
Ma_xp_A1900_s047z_n65_r17_v00_90000_fof_0.002_0000.hdf5,Ma_xp_A1900_s047z_n65_r17_v00_90000.hdf5,A1900,n65,r17,v00,s047z,90000,0.002,19.0,1.7,0.0,4.7,z,65,1.00103215294e+19,0.419373047295,0.512435015242,0.512435015242,0.4630884553215383,0.4630884553215383,0.0493465599204616,0.0493465599204616,3,bound_mass_fraction,tuned_gradient_boosting,identity
Ma_xp_A1900_n65_r18_v00_90000_fof_0.002_0000.hdf5,Ma_xp_A1900_n65_r18_v00_90000.hdf5,A1900,n65,r18,v00,,90000,0.002,19.0,1.8,0.0,,none,65,9.99815710043e+18,0.098742012099,0.507103523444,0.507103523444,0.438977002639482,0.438977002639482,0.068126520804518,0.068126520804518,0,bound_mass_fraction,tuned_gradient_boosting,identity
Ma_xp_A1900_n65_r18_v02_90000_fof_0.002_0000.hdf5,Ma_xp_A1900_n65_r18_v02_90000.hdf5,A1900,n65,r18,v02,,90000,0.002,19.0,1.8,0.2,,none,65,9.99815710043e+18,1.33222046452e-05,0.313833343557,0.313833343557,0.3175192545270057,0.3175192545270057,-0.0036859109700057,0.0036859109700057,4,bound_mass_fraction,tuned_gradient_boosting,identity
Ma_xp_A1900_n65_r18_v04_90000_fof_0.002_0000.hdf5,Ma_xp_A1900_n65_r18_v04_90000.hdf5,A1900,n65,r18,v04,,90000,0.002,19.0,1.8,0.4,,none,65,9.99815710043e+18,0.0,0.0,0.0,0.1032151801688934,0.1032151801688934,-0.1032151801688934,0.1032151801688934,3,bound_mass_fraction,tuned_gradient_boosting,identity
Ma_xp_A1900_n65_r19_v00_90000_fof_0.002_0000.hdf5,Ma_xp_A1900_n65_r19_v00_90000.hdf5,A1900,n65,r19,v00,,90000,0.002,19.0,1.9,0.0,,none,65,9.99815710043e+18,0.0515445392283,0.534764138112,0.534764138112,0.5916284060997016,0.5916284060997016,-0.0568642679877016,0.0568642679877016,2,bound_mass_fraction,tuned_gradient_boosting,identity
Ma_xp_A1900_s030z_n65_r19_v00_90000_fof_0.002_0000.hdf5,Ma_xp_A1900_s030z_n65_r19_v00_90000.hdf5,A1900,n65,r19,v00,s030z,90000,0.002,19.0,1.9,0.0,3.0,z,65,1.00232231692e+19,0.433966864372,0.502618683505,0.502618683505,0.5010687713215183,0.5010687713215183,0.0015499121834817,0.0015499121834817,4,bound_mass_fraction,tuned_gradient_boosting,identity
Ma_xp_A1900_s030z_n65_r20_v00_90000_fof_0.002_0000.hdf5,Ma_xp_A1900_s030z_n65_r20_v00_90000.hdf5,A1900,n65,r20,v00,s030z,90000,0.002,19.0,2.0,0.0,3.0,z,65,1.00232231692e+19,0.421510329902,0.483950799993,0.483950799993,0.5173511698961636,0.5173511698961636,-0.0334003699031635,0.0334003699031635,3,bound_mass_fraction,tuned_gradient_boosting,identity
Ma_xp_A1900_s035z_n65_r20_v00_90000_fof_0.002_0000.hdf5,Ma_xp_A1900_s035z_n65_r20_v00_90000.hdf5,A1900,n65,r20,v00,s035z,90000,0.002,19.0,2.0,0.0,3.5,z,65,9.93116843808e+18,0.40439449308,0.50371441329,0.50371441329,0.5211688235363512,0.5211688235363512,-0.0174544102463511,0.0174544102463511,0,bound_mass_fraction,tuned_gradient_boosting,identity
Ma_xp_A1900_s047z_n65_r20_v00_90000_fof_0.002_0000.hdf5,Ma_xp_A1900_s047z_n65_r20_v00_90000.hdf5,A1900,n65,r20,v00,s047z,90000,0.002,19.0,2.0,0.0,4.7,z,65,1.00103215294e+19,0.378529731713,0.509125694119,0.509125694119,0.5223250154418129,0.5223250154418129,-0.0131993213228128,0.0131993213228128,1,bound_mass_fraction,tuned_gradient_boosting,identity
Ma_xp_A1900_s030z_n65_r20_v02_90000_fof_0.002_0000.hdf5,Ma_xp_A1900_s030z_n65_r20_v02_90000.hdf5,A1900,n65,r20,v02,s030z,90000,0.002,19.0,2.0,0.2,3.0,z,65,1.00232231692e+19,0.391927523088,0.46460429134,0.46460429134,0.4340865406475804,0.4340865406475804,0.0305177506924195,0.0305177506924195,2,bound_mass_fraction,tuned_gradient_boosting,identity
Ma_xp_A1900_s047z_n65_r20_v02_90000_fof_0.002_0000.hdf5,Ma_xp_A1900_s047z_n65_r20_v02_90000.hdf5,A1900,n65,r20,v02,s047z,90000,0.002,19.0,2.0,0.2,4.7,z,65,1.00103215294e+19,0.303659068773,0.415111881301,0.415111881301,0.4382131374146621,0.4382131374146621,-0.0231012561136621,0.0231012561136621,0,bound_mass_fraction,tuned_gradient_boosting,identity
Ma_xp_A1900_s030z_n65_r20_v04_90000_fof_0.002_0000.hdf5,Ma_xp_A1900_s030z_n65_r20_v04_90000.hdf5,A1900,n65,r20,v04,s030z,90000,0.002,19.0,2.0,0.4,3.0,z,65,1.00232231692e+19,0.275546789717,0.346901092757,0.346901092757,0.290872789882274,0.290872789882274,0.0560283028747259,0.0560283028747259,1,bound_mass_fraction,tuned_gradient_boosting,identity
Ma_xp_A1900_s047z_n65_r20_v04_90000_fof_0.002_0000.hdf5,Ma_xp_A1900_s047z_n65_r20_v04_90000.hdf5,A1900,n65,r20,v04,s047z,90000,0.002,19.0,2.0,0.4,4.7,z,65,1.00103215294e+19,0.174566135826,0.260563896935,0.260563896935,0.2743687789625863,0.2743687789625863,-0.0138048820275863,0.0138048820275863,4,bound_mass_fraction,tuned_gradient_boosting,identity
Ma_xp_A1900_n65_r20_v06_90000_fof_0.002_0000.hdf5,Ma_xp_A1900_n65_r20_v06_90000.hdf5,A1900,n65,r20,v06,,90000,0.002,19.0,2.0,0.6,,none,65,9.99815710043e+18,0.0,0.0,0.0,0.0,0.0,0.0,0.0,1,bound_mass_fraction,tuned_gradient_boosting,identity
Ma_xp_A1900_s047z_n65_r20_v06_90000_fof_0.002_0000.hdf5,Ma_xp_A1900_s047z_n65_r20_v06_90000.hdf5,A1900,n65,r20,v06,s047z,90000,0.002,19.0,2.0,0.6,4.7,z,65,1.00103215294e+19,0.0,0.0638472874002,0.0638472874002,0.2030952945083958,0.2030952945083958,-0.1392480071081958,0.1392480071081958,3,bound_mass_fraction,tuned_gradient_boosting,identity
Ma_xp_A1900_s030z_n65_r22_v00_90000_fof_0.002_0000.hdf5,Ma_xp_A1900_s030z_n65_r22_v00_90000.hdf5,A1900,n65,r22,v00,s030z,90000,0.002,19.0,2.2,0.0,3.0,z,65,1.00232231692e+19,0.408917184964,0.491339465625,0.491339465625,0.5129974745002638,0.5129974745002638,-0.0216580088752637,0.0216580088752637,0,bound_mass_fraction,tuned_gradient_boosting,identity
Ma_xp_A1900_s047z_n65_r22_v00_90000_fof_0.002_0000.hdf5,Ma_xp_A1900_s047z_n65_r22_v00_90000.hdf5,A1900,n65,r22,v00,s047z,90000,0.002,19.0,2.2,0.0,4.7,z,65,1.00103215294e+19,0.0,0.574830502043,0.574830502043,0.5011301968811034,0.5011301968811034,0.0737003051618966,0.0737003051618966,2,bound_mass_fraction,tuned_gradient_boosting,identity
Ma_xp_A1900_s047z_n65_r24_v00_90000_fof_0.002_0000.hdf5,Ma_xp_A1900_s047z_n65_r24_v00_90000.hdf5,A1900,n65,r24,v00,s047z,90000,0.002,19.0,2.4,0.0,4.7,z,65,1.00103215294e+19,0.0384965910672,0.51176777515,0.51176777515,0.5416697071582044,0.5416697071582044,-0.0299019320082043,0.0299019320082043,1,bound_mass_fraction,tuned_gradient_boosting,identity
Ma_xp_A1900_n65_r26_v00_90000_fof_0.002_0000.hdf5,Ma_xp_A1900_n65_r26_v00_90000.hdf5,A1900,n65,r26,v00,,90000,0.002,19.0,2.6,0.0,,none,65,9.99815710043e+18,0.0,0.518289218247,0.518289218247,0.5420301836980739,0.5420301836980739,-0.0237409654510738,0.0237409654510738,0,bound_mass_fraction,tuned_gradient_boosting,identity
Ma_xp_A1950_n65_r12_v00_90000_fof_0.0020_0000.hdf5,Ma_xp_A1950_n65_r12_v00_90000.hdf5,A1950,n65,r12,v00,,90000,0.002,19.5,1.2,0.0,,none,65,3.16168813624e+19,0.440595979668,0.496411060032,0.496411060032,0.4876418890850197,0.4876418890850197,0.0087691709469802,0.0087691709469802,3,bound_mass_fraction,tuned_gradient_boosting,identity
Ma_xp_A1950_n65_r12_v00_90000_fof_0.0020_0000.hdf5,Ma_xp_A1950_n65_r12_v00_90000.hdf5,A1950,n65,r12,v00,,90000,0.002,19.5,1.2,0.0,,none,65,3.16168813624e+19,0.440595979668,0.496411060032,0.496411060032,0.4876418890850197,0.4876418890850197,0.0087691709469802,0.0087691709469802,3,bound_mass_fraction,tuned_gradient_boosting,identity
Ma_xp_A1950_n65_r12_v00_90000_fof_0.0027_0000.hdf5,Ma_xp_A1950_n65_r12_v00_90000.hdf5,A1950,n65,r12,v00,,90000,0.0027,19.5,1.2,0.0,,none,65,3.16168813624e+19,0.440595979668,0.496411060032,0.496411060032,0.4873904929501571,0.4873904929501571,0.0090205670818429,0.0090205670818429,3,bound_mass_fraction,tuned_gradient_boosting,identity
Ma_xp_A1950_n65_r12_v00_90000_fof_0.003_0000.hdf5,Ma_xp_A1950_n65_r12_v00_90000.hdf5,A1950,n65,r12,v00,,90000,0.003,19.5,1.2,0.0,,none,65,3.16168813624e+19,0.440595979668,0.496411060032,0.496411060032,0.4873718999910815,0.4873718999910815,0.0090391600409184,0.0090391600409184,3,bound_mass_fraction,tuned_gradient_boosting,identity
Ma_xp_A1950_n65_r12_v00_90000_fof_0.0034_0000.hdf5,Ma_xp_A1950_n65_r12_v00_90000.hdf5,A1950,n65,r12,v00,,90000,0.0034,19.5,1.2,0.0,,none,65,3.16168813624e+19,0.440595979668,0.496411060032,0.496411060032,0.4872904380535657,0.4872904380535657,0.0091206219784342,0.0091206219784342,3,bound_mass_fraction,tuned_gradient_boosting,identity
Ma_xp_A1950_n65_r16_v00_90000_fof_0.0020_0000.hdf5,Ma_xp_A1950_n65_r16_v00_90000.hdf5,A1950,n65,r16,v00,,90000,0.002,19.5,1.6,0.0,,none,65,3.16168813624e+19,0.387820840513,0.426741196656,0.426741196656,0.4622829021127333,0.4622829021127333,-0.0355417054567333,0.0355417054567333,2,bound_mass_fraction,tuned_gradient_boosting,identity
Ma_xp_A1950_n65_r16_v00_90000_fof_0.0020_0000.hdf5,Ma_xp_A1950_n65_r16_v00_90000.hdf5,A1950,n65,r16,v00,,90000,0.002,19.5,1.6,0.0,,none,65,3.16168813624e+19,0.387820840513,0.426741196656,0.426741196656,0.4622829021127333,0.4622829021127333,-0.0355417054567333,0.0355417054567333,2,bound_mass_fraction,tuned_gradient_boosting,identity
Ma_xp_A1950_n65_r16_v00_90000_fof_0.0027_0000.hdf5,Ma_xp_A1950_n65_r16_v00_90000.hdf5,A1950,n65,r16,v00,,90000,0.0027,19.5,1.6,0.0,,none,65,3.16168813624e+19,0.387820840513,0.426741196656,0.426741196656,0.461388509568757,0.461388509568757,-0.034647312912757,0.034647312912757,2,bound_mass_fraction,tuned_gradient_boosting,identity
Ma_xp_A1950_n65_r16_v00_90000_fof_0.003_0000.hdf5,Ma_xp_A1950_n65_r16_v00_90000.hdf5,A1950,n65,r16,v00,,90000,0.003,19.5,1.6,0.0,,none,65,3.16168813624e+19,0.387820840513,0.426741196656,0.426741196656,0.4612671730563843,0.4612671730563843,-0.0345259764003843,0.0345259764003843,2,bound_mass_fraction,tuned_gradient_boosting,identity
Ma_xp_A1950_n65_r16_v00_90000_fof_0.0034_0000.hdf5,Ma_xp_A1950_n65_r16_v00_90000.hdf5,A1950,n65,r16,v00,,90000,0.0034,19.5,1.6,0.0,,none,65,3.16168813624e+19,0.387820840513,0.426741196656,0.426741196656,0.4604079728012551,0.4604079728012551,-0.0336667761452551,0.0336667761452551,2,bound_mass_fraction,tuned_gradient_boosting,identity
Ma_xp_A2000_n65_r11_v00_90000_fof_0.0010_0000.hdf5,Ma_xp_A2000_n65_r11_v00_90000.hdf5,A2000,n65,r11,v00,,90000,0.001,20.0,1.1,0.0,,none,65,9.99627375316e+19,0.478829009556,0.525918031289,0.525918031289,0.5017951797234608,0.5017951797234608,0.0241228515655392,0.0241228515655392,1,bound_mass_fraction,tuned_gradient_boosting,identity
Ma_xp_A2000_n65_r11_v00_90000_fof_0.0020_0000.hdf5,Ma_xp_A2000_n65_r11_v00_90000.hdf5,A2000,n65,r11,v00,,90000,0.002,20.0,1.1,0.0,,none,65,9.99627375316e+19,0.478829009556,0.525918031289,0.525918031289,0.502432247017525,0.502432247017525,0.023485784271475,0.023485784271475,1,bound_mass_fraction,tuned_gradient_boosting,identity
Ma_xp_A2000_n65_r11_v00_90000_fof_0.0030_0000.hdf5,Ma_xp_A2000_n65_r11_v00_90000.hdf5,A2000,n65,r11,v00,,90000,0.003,20.0,1.1,0.0,,none,65,9.99627375316e+19,0.478829009556,0.525918031289,0.525918031289,0.5012462860013432,0.5012462860013432,0.0246717452876568,0.0246717452876568,1,bound_mass_fraction,tuned_gradient_boosting,identity
Ma_xp_A2000_n65_r11_v00_90000_fof_0.0035_0000.hdf5,Ma_xp_A2000_n65_r11_v00_90000.hdf5,A2000,n65,r11,v00,,90000,0.0035,20.0,1.1,0.0,,none,65,9.99627375316e+19,0.478829009556,0.525918031289,0.525918031289,0.5028717810852639,0.5028717810852639,0.0230462502037361,0.0230462502037361,1,bound_mass_fraction,tuned_gradient_boosting,identity
Ma_xp_A2000_n65_r11_v00_90000_fof_0.0040_0000.hdf5,Ma_xp_A2000_n65_r11_v00_90000.hdf5,A2000,n65,r11,v00,,90000,0.004,20.0,1.1,0.0,,none,65,9.99627375316e+19,0.478829009556,0.525918031289,0.525918031289,0.5047556480021609,0.5047556480021609,0.0211623832868391,0.0211623832868391,1,bound_mass_fraction,tuned_gradient_boosting,identity
Ma_xp_A2000_n65_r11_v00_90000_fof_0.0045_0000.hdf5,Ma_xp_A2000_n65_r11_v00_90000.hdf5,A2000,n65,r11,v00,,90000,0.0045,20.0,1.1,0.0,,none,65,9.99627375316e+19,0.478829009556,0.525918031289,0.525918031289,0.5064222615709699,0.5064222615709699,0.0194957697180301,0.0194957697180301,1,bound_mass_fraction,tuned_gradient_boosting,identity
Ma_xp_A2000_n65_r11_v00_90000_fof_0.0050_0000.hdf5,Ma_xp_A2000_n65_r11_v00_90000.hdf5,A2000,n65,r11,v00,,90000,0.005,20.0,1.1,0.0,,none,65,9.99627375316e+19,0.478829009556,0.525918031289,0.525918031289,0.5067357700401572,0.5067357700401572,0.0191822612488428,0.0191822612488428,1,bound_mass_fraction,tuned_gradient_boosting,identity
Ma_xp_A2000_n65_r11_v00_90000_fof_0.0060_0000.hdf5,Ma_xp_A2000_n65_r11_v00_90000.hdf5,A2000,n65,r11,v00,,90000,0.006,20.0,1.1,0.0,,none,65,9.99627375316e+19,0.478829009556,0.525918031289,0.525918031289,0.5079667357673272,0.5079667357673272,0.0179512955216728,0.0179512955216728,1,bound_mass_fraction,tuned_gradient_boosting,identity
Ma_xp_A2000_n65_r11_v00_90000_fof_0.0080_0000.hdf5,Ma_xp_A2000_n65_r11_v00_90000.hdf5,A2000,n65,r11,v00,,90000,0.008,20.0,1.1,0.0,,none,65,9.99627375316e+19,0.478829009556,0.525918031289,0.525918031289,0.5086910904773966,0.5086910904773966,0.0172269408116034,0.0172269408116034,1,bound_mass_fraction,tuned_gradient_boosting,identity
Ma_xp_A2000_s030z_n65_r11_v00_90000_fof_0.0040_0000.hdf5,Ma_xp_A2000_s030z_n65_r11_v00_90000.hdf5,A2000,n65,r11,v00,s030z,90000,0.004,20.0,1.1,0.0,3.0,z,65,9.95093669258e+19,0.483913015843,0.510386977485,0.510386977485,0.5167466948526735,0.5167466948526735,-0.0063597173676736,0.0063597173676736,3,bound_mass_fraction,tuned_gradient_boosting,identity
Ma_xp_A2000_s047z_n65_r11_v00_90000_fof_0.0040_0000.hdf5,Ma_xp_A2000_s047z_n65_r11_v00_90000.hdf5,A2000,n65,r11,v00,s047z,90000,0.004,20.0,1.1,0.0,4.7,z,65,1.00070020115e+20,0.485837108565,0.515697860846,0.515697860846,0.5268319337932528,0.5268319337932528,-0.0111340729472527,0.0111340729472527,2,bound_mass_fraction,tuned_gradient_boosting,identity
Ma_xp_A2000_s030mz_n65_r12_v00_90000_fof_0.0040_0000.hdf5,Ma_xp_A2000_s030mz_n65_r12_v00_90000.hdf5,A2000,n65,r12,v00,s030mz,90000,0.004,20.0,1.2,0.0,3.0,mz,65,9.95093669258e+19,0.212123099906,0.484466730777,0.484466730777,0.5284645419378105,0.5284645419378105,-0.0439978111608104,0.0439978111608104,2,bound_mass_fraction,tuned_gradient_boosting,identity
Ma_xp_A2000_s036mz_n65_r12_v00_90000_fof_0.0040_0000.hdf5,Ma_xp_A2000_s036mz_n65_r12_v00_90000.hdf5,A2000,n65,r12,v00,s036mz,90000,0.004,20.0,1.2,0.0,3.6,mz,65,1.00161290787e+20,0.0,0.527640236109,0.527640236109,0.4937957299222878,0.4937957299222878,0.0338445061867122,0.0338445061867122,1,bound_mass_fraction,tuned_gradient_boosting,identity
Ma_xp_A2000_s047mz_n65_r12_v00_90000_fof_0.0040_0000.hdf5,Ma_xp_A2000_s047mz_n65_r12_v00_90000.hdf5,A2000,n65,r12,v00,s047mz,90000,0.004,20.0,1.2,0.0,4.7,mz,65,1.00070020115e+20,0.291759611268,0.535997467648,0.535997467648,0.4993956474489436,0.4993956474489436,0.0366018201990564,0.0366018201990564,3,bound_mass_fraction,tuned_gradient_boosting,identity
Ma_xp_A2000_s086mz_n65_r12_v00_90000_fof_0.0040_0000.hdf5,Ma_xp_A2000_s086mz_n65_r12_v00_90000.hdf5,A2000,n65,r12,v00,s086mz,90000,0.004,20.0,1.2,0.0,8.6,mz,65,1.00004962613e+20,0.315738527732,0.451783176558,0.451783176558,0.5291119491965172,0.5291119491965172,-0.0773287726385171,0.0773287726385171,4,bound_mass_fraction,tuned_gradient_boosting,identity
Ma_xp_A2000_s170mz_n65_r12_v00_90000_fof_0.0040_0000.hdf5,Ma_xp_A2000_s170mz_n65_r12_v00_90000.hdf5,A2000,n65,r12,v00,s170mz,90000,0.004,20.0,1.2,0.0,17.0,mz,65,9.98512966486e+19,0.414232475038,0.518351503269,0.518351503269,0.497457668526684,0.497457668526684,0.020893834742316,0.020893834742316,4,bound_mass_fraction,tuned_gradient_boosting,identity
Ma_xp_A2000_n50_r12_v00_90000_fof_0.0126_0000.hdf5,Ma_xp_A2000_n50_r12_v00_90000.hdf5,A2000,n50,r12,v00,,90000,0.0126,20.0,1.2,0.0,,none,50,9.99557408515e+19,0.464324846922,0.514746098246,0.514746098246,0.4950842837394529,0.4950842837394529,0.019661814506547,0.019661814506547,3,bound_mass_fraction,tuned_gradient_boosting,identity
Ma_xp_A2000_n55_r12_v00_90000_fof_0.0086_0000.hdf5,Ma_xp_A2000_n55_r12_v00_90000.hdf5,A2000,n55,r12,v00,,90000,0.0086,20.0,1.2,0.0,,none,55,9.99597377949e+19,0.465068147874,0.511877737735,0.511877737735,0.4992100491249676,0.4992100491249676,0.0126676886100323,0.0126676886100323,2,bound_mass_fraction,tuned_gradient_boosting,identity
Ma_xp_A2000_n60_r12_v00_90000_fof_0.0059_0000.hdf5,Ma_xp_A2000_n60_r12_v00_90000.hdf5,A2000,n60,r12,v00,,90000,0.0059,20.0,1.2,0.0,,none,60,9.99614526979e+19,0.471274706405,0.501305808479,0.501305808479,0.510986282614827,0.510986282614827,-0.009680474135827,0.009680474135827,1,bound_mass_fraction,tuned_gradient_boosting,identity
Ma_xp_A2000_n65_r12_v00_90000_fof_0.0010_0000.hdf5,Ma_xp_A2000_n65_r12_v00_90000.hdf5,A2000,n65,r12,v00,,90000,0.001,20.0,1.2,0.0,,none,65,9.99627375316e+19,0.443887046329,0.515661795802,0.515661795802,0.5085787029830188,0.5085787029830188,0.0070830928189812,0.0070830928189812,0,bound_mass_fraction,tuned_gradient_boosting,identity
Ma_xp_A2000_n65_r12_v00_90000_fof_0.0020_0000.hdf5,Ma_xp_A2000_n65_r12_v00_90000.hdf5,A2000,n65,r12,v00,,90000,0.002,20.0,1.2,0.0,,none,65,9.99627375316e+19,0.443887046329,0.515661795802,0.515661795802,0.5079366910828571,0.5079366910828571,0.0077251047191428,0.0077251047191428,0,bound_mass_fraction,tuned_gradient_boosting,identity
Ma_xp_A2000_n65_r12_v00_90000_fof_0.0030_0000.hdf5,Ma_xp_A2000_n65_r12_v00_90000.hdf5,A2000,n65,r12,v00,,90000,0.003,20.0,1.2,0.0,,none,65,9.99627375316e+19,0.443887046329,0.515661795802,0.515661795802,0.5078038855128449,0.5078038855128449,0.007857910289155,0.007857910289155,0,bound_mass_fraction,tuned_gradient_boosting,identity
Ma_xp_A2000_n65_r12_v00_90000_fof_0.0035_0000.hdf5,Ma_xp_A2000_n65_r12_v00_90000.hdf5,A2000,n65,r12,v00,,90000,0.0035,20.0,1.2,0.0,,none,65,9.99627375316e+19,0.443887046329,0.515661795802,0.515661795802,0.507731045611074,0.507731045611074,0.007930750190926,0.007930750190926,0,bound_mass_fraction,tuned_gradient_boosting,identity
Ma_xp_A2000_n65_r12_v00_90000_fof_0.0040_0000.hdf5,Ma_xp_A2000_n65_r12_v00_90000.hdf5,A2000,n65,r12,v00,,90000,0.004,20.0,1.2,0.0,,none,65,9.99627375316e+19,0.443887046329,0.515661795802,0.515661795802,0.5084253979491048,0.5084253979491048,0.0072363978528952,0.0072363978528952,0,bound_mass_fraction,tuned_gradient_boosting,identity
Ma_xp_A2000c30_n65_r12_v00_90000_fof_0.0040_0000.hdf5,Ma_xp_A2000c30_n65_r12_v00_90000.hdf5,A2000c30,n65,r12,v00,,90000,0.004,20.0,1.2,0.0,,none,65,9.99629741701e+19,0.430238529239,0.457320555447,0.457320555447,0.5190585240319295,0.5190585240319295,-0.0617379685849295,0.0617379685849295,3,bound_mass_fraction,tuned_gradient_boosting,identity
Ma_xp_A2000_n65_r12_v00_90000_fof_0.0045_0000.hdf5,Ma_xp_A2000_n65_r12_v00_90000.hdf5,A2000,n65,r12,v00,,90000,0.0045,20.0,1.2,0.0,,none,65,9.99627375316e+19,0.443887046329,0.515661795802,0.515661795802,0.510584960758803,0.510584960758803,0.005076835043197,0.005076835043197,0,bound_mass_fraction,tuned_gradient_boosting,identity
Ma_xp_A2000_n65_r12_v00_90000_fof_0.0050_0000.hdf5,Ma_xp_A2000_n65_r12_v00_90000.hdf5,A2000,n65,r12,v00,,90000,0.005,20.0,1.2,0.0,,none,65,9.99627375316e+19,0.443887046329,0.515661795802,0.515661795802,0.5111939160998706,0.5111939160998706,0.0044678797021293,0.0044678797021293,0,bound_mass_fraction,tuned_gradient_boosting,identity
Ma_xp_A2000_n65_r12_v00_90000_fof_0.0060_0000.hdf5,Ma_xp_A2000_n65_r12_v00_90000.hdf5,A2000,n65,r12,v00,,90000,0.006,20.0,1.2,0.0,,none,65,9.99627375316e+19,0.443887046329,0.515661795802,0.515661795802,0.5138348967732017,0.5138348967732017,0.0018268990287982,0.0018268990287982,0,bound_mass_fraction,tuned_gradient_boosting,identity
Ma_xp_A2000_n65_r12_v00_90000_fof_0.0080_0000.hdf5,Ma_xp_A2000_n65_r12_v00_90000.hdf5,A2000,n65,r12,v00,,90000,0.008,20.0,1.2,0.0,,none,65,9.99627375316e+19,0.443887046329,0.515661795802,0.515661795802,0.5150287405132737,0.5150287405132737,0.0006330552887262,0.0006330552887262,0,bound_mass_fraction,tuned_gradient_boosting,identity
Ma_xp_A2000_s030x_n65_r12_v00_90000_fof_0.0040_0000.hdf5,Ma_xp_A2000_s030x_n65_r12_v00_90000.hdf5,A2000,n65,r12,v00,s030x,90000,0.004,20.0,1.2,0.0,3.0,x,65,9.95093669258e+19,0.466714965198,0.507089986108,0.507089986108,0.5141353798685315,0.5141353798685315,-0.0070453937605314,0.0070453937605314,1,bound_mass_fraction,tuned_gradient_boosting,identity
Ma_xp_A2000_s036x_n65_r12_v00_90000_fof_0.0040_0000.hdf5,Ma_xp_A2000_s036x_n65_r12_v00_90000.hdf5,A2000,n65,r12,v00,s036x,90000,0.004,20.0,1.2,0.0,3.6,x,65,1.00161290787e+20,0.46528542435,0.510228082703,0.510228082703,0.5043934415137076,0.5043934415137076,0.0058346411892924,0.0058346411892924,0,bound_mass_fraction,tuned_gradient_boosting,identity
Ma_xp_A2000_s047x_n65_r12_v00_90000_fof_0.0040_0000.hdf5,Ma_xp_A2000_s047x_n65_r12_v00_90000.hdf5,A2000,n65,r12,v00,s047x,90000,0.004,20.0,1.2,0.0,4.7,x,65,1.00070020115e+20,0.470275225644,0.487913776082,0.487913776082,0.502372712711365,0.502372712711365,-0.0144589366293649,0.0144589366293649,0,bound_mass_fraction,tuned_gradient_boosting,identity
Ma_xp_A2000_s086x_n65_r12_v00_90000_fof_0.0040_0000.hdf5,Ma_xp_A2000_s086x_n65_r12_v00_90000.hdf5,A2000,n65,r12,v00,s086x,90000,0.004,20.0,1.2,0.0,8.6,x,65,1.00004962613e+20,0.471096152837,0.51090226729,0.51090226729,0.5080010861189017,0.5080010861189017,0.0029011811710982,0.0029011811710982,1,bound_mass_fraction,tuned_gradient_boosting,identity
Ma_xp_A2000_s170x_n65_r12_v00_90000_fof_0.0040_0000.hdf5,Ma_xp_A2000_s170x_n65_r12_v00_90000.hdf5,A2000,n65,r12,v00,s170x,90000,0.004,20.0,1.2,0.0,17.0,x,65,9.98512966486e+19,0.455224166146,0.521909701085,0.521909701085,0.5091061243144445,0.5091061243144445,0.0128035767705555,0.0128035767705555,1,bound_mass_fraction,tuned_gradient_boosting,identity
Ma_xp_A2000_s030y_n65_r12_v00_90000_fof_0.0040_0000.hdf5,Ma_xp_A2000_s030y_n65_r12_v00_90000.hdf5,A2000,n65,r12,v00,s030y,90000,0.004,20.0,1.2,0.0,3.0,y,65,9.95093669258e+19,0.47775511127,0.521478984921,0.521478984921,0.5233960172474137,0.5233960172474137,-0.0019170323264137,0.0019170323264137,2,bound_mass_fraction,tuned_gradient_boosting,identity
Ma_xp_A2000_s036y_n65_r12_v00_90000_fof_0.0040_0000.hdf5,Ma_xp_A2000_s036y_n65_r12_v00_90000.hdf5,A2000,n65,r12,v00,s036y,90000,0.004,20.0,1.2,0.0,3.6,y,65,1.00160055508e+20,0.4734739828,0.516546366731,0.516546366731,0.5248066377282742,0.5248066377282742,-0.0082602709972742,0.0082602709972742,2,bound_mass_fraction,tuned_gradient_boosting,identity
Ma_xp_A2000_s047y_n65_r12_v00_90000_fof_0.0040_0000.hdf5,Ma_xp_A2000_s047y_n65_r12_v00_90000.hdf5,A2000,n65,r12,v00,s047y,90000,0.004,20.0,1.2,0.0,4.7,y,65,1.00070020115e+20,0.466588642744,0.516131092839,0.516131092839,0.524804407255831,0.524804407255831,-0.0086733144168309,0.0086733144168309,2,bound_mass_fraction,tuned_gradient_boosting,identity
Ma_xp_A2000_s086y_n65_r12_v00_90000_fof_0.0040_0000.hdf5,Ma_xp_A2000_s086y_n65_r12_v00_90000.hdf5,A2000,n65,r12,v00,s086y,90000,0.004,20.0,1.2,0.0,8.6,y,65,1.00004962613e+20,0.464667559272,0.517472847106,0.517472847106,0.5042173726297586,0.5042173726297586,0.0132554744762413,0.0132554744762413,2,bound_mass_fraction,tuned_gradient_boosting,identity
Ma_xp_A2000_s170y_n65_r12_v00_90000_fof_0.0040_0000.hdf5,Ma_xp_A2000_s170y_n65_r12_v00_90000.hdf5,A2000,n65,r12,v00,s170y,90000,0.004,20.0,1.2,0.0,17.0,y,65,9.98512966486e+19,0.480013914033,0.50945253022,0.50945253022,0.499207417277157,0.499207417277157,0.010245112942843,0.010245112942843,2,bound_mass_fraction,tuned_gradient_boosting,identity
Ma_xp_A2000_s030z_n65_r12_v00_90000_fof_0.0040_0000.hdf5,Ma_xp_A2000_s030z_n65_r12_v00_90000.hdf5,A2000,n65,r12,v00,s030z,90000,0.004,20.0,1.2,0.0,3.0,z,65,9.95093669258e+19,0.484029071457,0.514438804697,0.514438804697,0.516549263014533,0.516549263014533,-0.0021104583175329,0.0021104583175329,2,bound_mass_fraction,tuned_gradient_boosting,identity
Ma_xp_A2000_s036z_n65_r12_v00_90000_fof_0.0040_0000.hdf5,Ma_xp_A2000_s036z_n65_r12_v00_90000.hdf5,A2000,n65,r12,v00,s036z,90000,0.004,20.0,1.2,0.0,3.6,z,65,1.00160942375e+20,0.486894353822,0.522356616132,0.522356616132,0.5187629285615978,0.5187629285615978,0.0035936875704022,0.0035936875704022,2,bound_mass_fraction,tuned_gradient_boosting,identity
Ma_xp_A2000_s047z_n65_r12_v00_90000_fof_0.0040_0000.hdf5,Ma_xp_A2000_s047z_n65_r12_v00_90000.hdf5,A2000,n65,r12,v00,s047z,90000,0.004,20.0,1.2,0.0,4.7,z,65,1.00070020115e+20,0.483442948406,0.516705994856,0.516705994856,0.5144300092050873,0.5144300092050873,0.0022759856509126,0.0022759856509126,1,bound_mass_fraction,tuned_gradient_boosting,identity
Ma_xp_A2000_s086z_n65_r12_v00_90000_fof_0.0040_0000.hdf5,Ma_xp_A2000_s086z_n65_r12_v00_90000.hdf5,A2000,n65,r12,v00,s086z,90000,0.004,20.0,1.2,0.0,8.6,z,65,1.00004899365e+20,0.481067117481,0.527257266602,0.527257266602,0.5082034462644358,0.5082034462644358,0.0190538203375641,0.0190538203375641,3,bound_mass_fraction,tuned_gradient_boosting,identity
Ma_xp_A2000_s170z_n65_r12_v00_90000_fof_0.0040_0000.hdf5,Ma_xp_A2000_s170z_n65_r12_v00_90000.hdf5,A2000,n65,r12,v00,s170z,90000,0.004,20.0,1.2,0.0,17.0,z,65,9.98512966486e+19,0.473277940723,0.513116031971,0.513116031971,0.5418943341281796,0.5418943341281796,-0.0287783021571795,0.0287783021571795,3,bound_mass_fraction,tuned_gradient_boosting,identity
Ma_xp_A2000_n65_r12_v02_90000_fof_0.0040_0000.hdf5,Ma_xp_A2000_n65_r12_v02_90000.hdf5,A2000,n65,r12,v02,,90000,0.004,20.0,1.2,0.2,,none,65,9.996258268e+19,0.442276364831,0.469858629546,0.469858629546,0.4524999420858162,0.4524999420858162,0.0173586874601838,0.0173586874601838,2,bound_mass_fraction,tuned_gradient_boosting,identity
Ma_xp_A2000c30_n65_r12_v02_90000_fof_0.0040_0000.hdf5,Ma_xp_A2000c30_n65_r12_v02_90000.hdf5,A2000c30,n65,r12,v02,,90000,0.004,20.0,1.2,0.2,,none,65,9.99628177641e+19,0.412715842309,0.419203472253,0.419203472253,0.4736378141619782,0.4736378141619782,-0.0544343419089782,0.0544343419089782,3,bound_mass_fraction,tuned_gradient_boosting,identity
Ma_xp_A2000_s030z_n65_r12_v02_90000_fof_0.0040_0000.hdf5,Ma_xp_A2000_s030z_n65_r12_v02_90000.hdf5,A2000,n65,r12,v02,s030z,90000,0.004,20.0,1.2,0.2,3.0,z,65,9.95093669258e+19,0.463459399667,0.509614749119,0.509614749119,0.4938594804743541,0.4938594804743541,0.0157552686446458,0.0157552686446458,1,bound_mass_fraction,tuned_gradient_boosting,identity
Ma_xp_A2000_s047z_n65_r12_v02_90000_fof_0.0040_0000.hdf5,Ma_xp_A2000_s047z_n65_r12_v02_90000.hdf5,A2000,n65,r12,v02,s047z,90000,0.004,20.0,1.2,0.2,4.7,z,65,1.00070020115e+20,0.466158889256,0.501083712438,0.501083712438,0.5088789245935207,0.5088789245935207,-0.0077952121555207,0.0077952121555207,0,bound_mass_fraction,tuned_gradient_boosting,identity
Ma_xp_A2000_n65_r12_v04_90000_fof_0.0040_0000.hdf5,Ma_xp_A2000_n65_r12_v04_90000.hdf5,A2000,n65,r12,v04,,90000,0.004,20.0,1.2,0.4,,none,65,9.99627375316e+19,0.364750386886,0.416401487749,0.416401487749,0.3861220121628002,0.3861220121628002,0.0302794755861997,0.0302794755861997,4,bound_mass_fraction,tuned_gradient_boosting,identity
Ma_xp_A2000c30_n65_r12_v04_90000_fof_0.0040_0000.hdf5,Ma_xp_A2000c30_n65_r12_v04_90000.hdf5,A2000c30,n65,r12,v04,,90000,0.004,20.0,1.2,0.4,,none,65,9.99629741701e+19,0.368378642676,0.377498924311,0.377498924311,0.3929998457865959,0.3929998457865959,-0.0155009214755958,0.0155009214755958,1,bound_mass_fraction,tuned_gradient_boosting,identity
Ma_xp_A2000_s030z_n65_r12_v04_90000_fof_0.0040_0000.hdf5,Ma_xp_A2000_s030z_n65_r12_v04_90000.hdf5,A2000,n65,r12,v04,s030z,90000,0.004,20.0,1.2,0.4,3.0,z,65,9.95093669258e+19,0.422249853507,0.45301945402,0.45301945402,0.4860531557470776,0.4860531557470776,-0.0330337017270776,0.0330337017270776,0,bound_mass_fraction,tuned_gradient_boosting,identity
Ma_xp_A2000_s047z_n65_r12_v04_90000_fof_0.0040_0000.hdf5,Ma_xp_A2000_s047z_n65_r12_v04_90000.hdf5,A2000,n65,r12,v04,s047z,90000,0.004,20.0,1.2,0.4,4.7,z,65,1.00068880898e+20,0.421823187473,0.446095523366,0.446095523366,0.4749859073954647,0.4749859073954647,-0.0288903840294647,0.0288903840294647,4,bound_mass_fraction,tuned_gradient_boosting,identity
Ma_xp_A2000_n65_r12_v06_90000_fof_0.0040_0000.hdf5,Ma_xp_A2000_n65_r12_v06_90000.hdf5,A2000,n65,r12,v06,,90000,0.004,20.0,1.2,0.6,,none,65,9.99627375316e+19,0.249531941525,0.320342225644,0.320342225644,0.2277928223046868,0.2277928223046868,0.0925494033393131,0.0925494033393131,4,bound_mass_fraction,tuned_gradient_boosting,identity
Ma_xp_A2000c30_n65_r12_v06_90000_fof_0.0040_0000.hdf5,Ma_xp_A2000c30_n65_r12_v06_90000.hdf5,A2000c30,n65,r12,v06,,90000,0.004,20.0,1.2,0.6,,none,65,9.99628177641e+19,0.168842352971,0.224497593581,0.224497593581,0.2698552351328999,0.2698552351328999,-0.0453576415518998,0.0453576415518998,2,bound_mass_fraction,tuned_gradient_boosting,identity
Ma_xp_A2000_s030z_n65_r12_v06_90000_fof_0.0040_0000.hdf5,Ma_xp_A2000_s030z_n65_r12_v06_90000.hdf5,A2000,n65,r12,v06,s030z,90000,0.004,20.0,1.2,0.6,3.0,z,65,9.95093669258e+19,0.345674967753,0.366959946899,0.366959946899,0.3616865567162024,0.3616865567162024,0.0052733901827975,0.0052733901827975,4,bound_mass_fraction,tuned_gradient_boosting,identity
Ma_xp_A2000_s047z_n65_r12_v06_90000_fof_0.0040_0000.hdf5,Ma_xp_A2000_s047z_n65_r12_v06_90000.hdf5,A2000,n65,r12,v06,s047z,90000,0.004,20.0,1.2,0.6,4.7,z,65,1.00070020115e+20,0.330127838223,0.368268697439,0.368268697439,0.3544859590328248,0.3544859590328248,0.0137827384061751,0.0137827384061751,3,bound_mass_fraction,tuned_gradient_boosting,identity
Ma_xp_A2000_n65_r12_v08_90000_fof_0.0040_0000.hdf5,Ma_xp_A2000_n65_r12_v08_90000.hdf5,A2000,n65,r12,v08,,90000,0.004,20.0,1.2,0.8,,none,65,9.99627375316e+19,0.139004459839,0.169043233639,0.169043233639,0.1564887779552857,0.1564887779552857,0.0125544556837142,0.0125544556837142,3,bound_mass_fraction,tuned_gradient_boosting,identity
Ma_xp_A2000c30_n65_r12_v08_90000_fof_0.0040_0000.hdf5,Ma_xp_A2000c30_n65_r12_v08_90000.hdf5,A2000c30,n65,r12,v08,,90000,0.004,20.0,1.2,0.8,,none,65,9.99629741701e+19,0.148312458439,0.151194210835,0.151194210835,0.1564887779552857,0.1564887779552857,-0.0052945671202857,0.0052945671202857,3,bound_mass_fraction,tuned_gradient_boosting,identity
Ma_xp_A2000_s030z_n65_r12_v08_90000_fof_0.0040_0000.hdf5,Ma_xp_A2000_s030z_n65_r12_v08_90000.hdf5,A2000,n65,r12,v08,s030z,90000,0.004,20.0,1.2,0.8,3.0,z,65,9.95093669258e+19,0.241555372916,0.273877019629,0.273877019629,0.2375657581109658,0.2375657581109658,0.0363112615180341,0.0363112615180341,3,bound_mass_fraction,tuned_gradient_boosting,identity
Ma_xp_A2000_s047z_n65_r12_v08_90000_fof_0.0040_0000.hdf5,Ma_xp_A2000_s047z_n65_r12_v08_90000.hdf5,A2000,n65,r12,v08,s047z,90000,0.004,20.0,1.2,0.8,4.7,z,65,1.00070020115e+20,0.227171678138,0.253053653094,0.253053653094,0.2212573691864129,0.2212573691864129,0.0317962839075871,0.0317962839075871,2,bound_mass_fraction,tuned_gradient_boosting,identity
Ma_xp_A2000_n65_r12_v10_90000_fof_0.0040_0000.hdf5,Ma_xp_A2000_n65_r12_v10_90000.hdf5,A2000,n65,r12,v10,,90000,0.004,20.0,1.2,1.0,,none,65,9.99627375316e+19,0.0262280048146,0.0406785647343,0.0406785647343,0.1037710612939741,0.1037710612939741,-0.0630924965596741,0.0630924965596741,2,bound_mass_fraction,tuned_gradient_boosting,identity
Ma_xp_A2000c30_n65_r12_v10_90000_fof_0.0040_0000.hdf5,Ma_xp_A2000c30_n65_r12_v10_90000.hdf5,A2000c30,n65,r12,v10,,90000,0.004,20.0,1.2,1.0,,none,65,9.99629741701e+19,0.0687339722277,0.104214042636,0.104214042636,0.0591872037004413,0.0591872037004413,0.0450268389355586,0.0450268389355586,4,bound_mass_fraction,tuned_gradient_boosting,identity
Ma_xp_A2000_s030z_n65_r12_v10_90000_fof_0.0040_0000.hdf5,Ma_xp_A2000_s030z_n65_r12_v10_90000.hdf5,A2000,n65,r12,v10,s030z,90000,0.004,20.0,1.2,1.0,3.0,z,65,9.95086746379e+19,0.129214120936,0.156054461136,0.156054461136,0.1582881839800869,0.1582881839800869,-0.0022337228440869,0.0022337228440869,2,bound_mass_fraction,tuned_gradient_boosting,identity
Ma_xp_A2000_s047z_n65_r12_v10_90000_fof_0.0040_0000.hdf5,Ma_xp_A2000_s047z_n65_r12_v10_90000.hdf5,A2000,n65,r12,v10,s047z,90000,0.004,20.0,1.2,1.0,4.7,z,65,1.00070020115e+20,0.109749680452,0.134662417409,0.134662417409,0.1059429473605097,0.1059429473605097,0.0287194700484902,0.0287194700484902,1,bound_mass_fraction,tuned_gradient_boosting,identity
Ma_xp_A2000_n65_r12_v12_90000_fof_0.0040_0000.hdf5,Ma_xp_A2000_n65_r12_v12_90000.hdf5,A2000,n65,r12,v12,,90000,0.004,20.0,1.2,1.2,,none,65,9.99627375316e+19,0.0,0.0,0.0,0.0186538153596346,0.0186538153596346,-0.0186538153596346,0.0186538153596346,1,bound_mass_fraction,tuned_gradient_boosting,identity
Ma_xp_A2000_s030z_n65_r12_v12_90000_fof_0.0040_0000.hdf5,Ma_xp_A2000_s030z_n65_r12_v12_90000.hdf5,A2000,n65,r12,v12,s030z,90000,0.004,20.0,1.2,1.2,3.0,z,65,9.95093669258e+19,0.0362615292715,0.0502090740311,0.0502090740311,0.0373410167377058,0.0373410167377058,0.0128680572933941,0.0128680572933941,1,bound_mass_fraction,tuned_gradient_boosting,identity
Ma_xp_A2000_s047z_n65_r12_v12_90000_fof_0.0040_0000.hdf5,Ma_xp_A2000_s047z_n65_r12_v12_90000.hdf5,A2000,n65,r12,v12,s047z,90000,0.004,20.0,1.2,1.2,4.7,z,65,1.00070020115e+20,0.0190697971526,0.0335144474964,0.0335144474964,0.0372505701167659,0.0372505701167659,-0.0037361226203659,0.0037361226203659,0,bound_mass_fraction,tuned_gradient_boosting,identity
Ma_xp_A2000_n65_r12_v14_90000_fof_0.0040_0000.hdf5,Ma_xp_A2000_n65_r12_v14_90000.hdf5,A2000,n65,r12,v14,,90000,0.004,20.0,1.2,1.4,,none,65,9.99627375316e+19,0.0,0.0,0.0,0.0,0.0,0.0,0.0,0,bound_mass_fraction,tuned_gradient_boosting,identity
Ma_xp_A2000_s030z_n65_r12_v14_90000_fof_0.0040_0000.hdf5,Ma_xp_A2000_s030z_n65_r12_v14_90000.hdf5,A2000,n65,r12,v14,s030z,90000,0.004,20.0,1.2,1.4,3.0,z,65,9.95093669258e+19,1.26491132813e-06,0.000615379361138,0.000615379361138,0.0169942738892657,0.0169942738892657,-0.0163788945281277,0.0163788945281277,0,bound_mass_fraction,tuned_gradient_boosting,identity
Ma_xp_A2000_s047z_n65_r12_v14_90000_fof_0.0040_0000.hdf5,Ma_xp_A2000_s047z_n65_r12_v14_90000.hdf5,A2000,n65,r12,v14,s047z,90000,0.004,20.0,1.2,1.4,4.7,z,65,1.00070020115e+20,0.0,0.0,0.0,0.0182273513971535,0.0182273513971535,-0.0182273513971535,0.0182273513971535,4,bound_mass_fraction,tuned_gradient_boosting,identity
Ma_xp_A2000_n65_r12_v16_90000_fof_0.0040_0000.hdf5,Ma_xp_A2000_n65_r12_v16_90000.hdf5,A2000,n65,r12,v16,,90000,0.004,20.0,1.2,1.6,,none,65,9.99627375316e+19,0.0,0.0,0.0,0.0,0.0,0.0,0.0,4,bound_mass_fraction,tuned_gradient_boosting,identity
Ma_xp_A2000_s030z_n65_r12_v16_90000_fof_0.0040_0000.hdf5,Ma_xp_A2000_s030z_n65_r12_v16_90000.hdf5,A2000,n65,r12,v16,s030z,90000,0.004,20.0,1.2,1.6,3.0,z,65,9.95092725229e+19,0.0,0.0,0.0,0.0100147557609342,0.0100147557609342,-0.0100147557609342,0.0100147557609342,4,bound_mass_fraction,tuned_gradient_boosting,identity
Ma_xp_A2000_s047z_n65_r12_v16_90000_fof_0.0040_0000.hdf5,Ma_xp_A2000_s047z_n65_r12_v16_90000.hdf5,A2000,n65,r12,v16,s047z,90000,0.004,20.0,1.2,1.6,4.7,z,65,1.00069672021e+20,0.0,0.0,0.0,0.0199833726734132,0.0199833726734132,-0.0199833726734132,0.0199833726734132,3,bound_mass_fraction,tuned_gradient_boosting,identity
Ma_xp_A2000_n65_r13_v00_90000_fof_0.0010_0000.hdf5,Ma_xp_A2000_n65_r13_v00_90000.hdf5,A2000,n65,r13,v00,,90000,0.001,20.0,1.3,0.0,,none,65,9.99627375316e+19,0.424007534789,0.515649093238,0.515649093238,0.4983798165951092,0.4983798165951092,0.0172692766428907,0.0172692766428907,0,bound_mass_fraction,tuned_gradient_boosting,identity
Ma_xp_A2000_n65_r13_v00_90000_fof_0.0020_0000.hdf5,Ma_xp_A2000_n65_r13_v00_90000.hdf5,A2000,n65,r13,v00,,90000,0.002,20.0,1.3,0.0,,none,65,9.99627375316e+19,0.424007534789,0.515649093238,0.515649093238,0.4977378046949472,0.4977378046949472,0.0179112885430527,0.0179112885430527,0,bound_mass_fraction,tuned_gradient_boosting,identity
Ma_xp_A2000_n65_r13_v00_90000_fof_0.0030_0000.hdf5,Ma_xp_A2000_n65_r13_v00_90000.hdf5,A2000,n65,r13,v00,,90000,0.003,20.0,1.3,0.0,,none,65,9.99627375316e+19,0.424007534789,0.515649093238,0.515649093238,0.4976049991249351,0.4976049991249351,0.0180440941130648,0.0180440941130648,0,bound_mass_fraction,tuned_gradient_boosting,identity
Ma_xp_A2000_n65_r13_v00_90000_fof_0.0035_0000.hdf5,Ma_xp_A2000_n65_r13_v00_90000.hdf5,A2000,n65,r13,v00,,90000,0.0035,20.0,1.3,0.0,,none,65,9.99627375316e+19,0.424007534789,0.515649093238,0.515649093238,0.4975321592231644,0.4975321592231644,0.0181169340148355,0.0181169340148355,0,bound_mass_fraction,tuned_gradient_boosting,identity
Ma_xp_A2000_n65_r13_v00_90000_fof_0.0040_0000.hdf5,Ma_xp_A2000_n65_r13_v00_90000.hdf5,A2000,n65,r13,v00,,90000,0.004,20.0,1.3,0.0,,none,65,9.99627375316e+19,0.424007534789,0.515649093238,0.515649093238,0.498226511561196,0.498226511561196,0.0174225816768039,0.0174225816768039,0,bound_mass_fraction,tuned_gradient_boosting,identity
Ma_xp_A2000_n65_r13_v00_90000_fof_0.0045_0000.hdf5,Ma_xp_A2000_n65_r13_v00_90000.hdf5,A2000,n65,r13,v00,,90000,0.0045,20.0,1.3,0.0,,none,65,9.99627375316e+19,0.424007534789,0.515649093238,0.515649093238,0.5003860743708946,0.5003860743708946,0.0152630188671054,0.0152630188671054,0,bound_mass_fraction,tuned_gradient_boosting,identity
Ma_xp_A2000_n65_r13_v00_90000_fof_0.0050_0000.hdf5,Ma_xp_A2000_n65_r13_v00_90000.hdf5,A2000,n65,r13,v00,,90000,0.005,20.0,1.3,0.0,,none,65,9.99627375316e+19,0.424007534789,0.515649093238,0.515649093238,0.5009950297119622,0.5009950297119622,0.0146540635260378,0.0146540635260378,0,bound_mass_fraction,tuned_gradient_boosting,identity
Ma_xp_A2000_n65_r13_v00_90000_fof_0.0060_0000.hdf5,Ma_xp_A2000_n65_r13_v00_90000.hdf5,A2000,n65,r13,v00,,90000,0.006,20.0,1.3,0.0,,none,65,9.99627375316e+19,0.424007534789,0.515649093238,0.515649093238,0.5036360103852933,0.5036360103852933,0.0120130828527067,0.0120130828527067,0,bound_mass_fraction,tuned_gradient_boosting,identity
Ma_xp_A2000_n65_r13_v00_90000_fof_0.0080_0000.hdf5,Ma_xp_A2000_n65_r13_v00_90000.hdf5,A2000,n65,r13,v00,,90000,0.008,20.0,1.3,0.0,,none,65,9.99627375316e+19,0.424007534789,0.515649093238,0.515649093238,0.5048298541253653,0.5048298541253653,0.0108192391126347,0.0108192391126347,0,bound_mass_fraction,tuned_gradient_boosting,identity
Ma_xp_A2000_s030z_n65_r13_v00_90000_fof_0.0040_0000.hdf5,Ma_xp_A2000_s030z_n65_r13_v00_90000.hdf5,A2000,n65,r13,v00,s030z,90000,0.004,20.0,1.3,0.0,3.0,z,65,9.95093669258e+19,0.482376781035,0.509361134398,0.509361134398,0.5181578883432943,0.5181578883432943,-0.0087967539452943,0.0087967539452943,3,bound_mass_fraction,tuned_gradient_boosting,identity
Ma_xp_A2000_s047z_n65_r13_v00_90000_fof_0.0040_0000.hdf5,Ma_xp_A2000_s047z_n65_r13_v00_90000.hdf5,A2000,n65,r13,v00,s047z,90000,0.004,20.0,1.3,0.0,4.7,z,65,1.00070020115e+20,0.475078408666,0.506621492481,0.506621492481,0.5186773994413448,0.5186773994413448,-0.0120559069603448,0.0120559069603448,2,bound_mass_fraction,tuned_gradient_boosting,identity
Ma_xp_A2000_n50_r14_v00_90000_fof_0.0126_0000.hdf5,Ma_xp_A2000_n50_r14_v00_90000.hdf5,A2000,n50,r14,v00,,90000,0.0126,20.0,1.4,0.0,,none,50,9.99557408515e+19,0.431766493255,0.486441692371,0.486441692371,0.5068849424419549,0.5068849424419549,-0.0204432500709549,0.0204432500709549,4,bound_mass_fraction,tuned_gradient_boosting,identity
Ma_xp_A2000_n55_r14_v00_90000_fof_0.0086_0000.hdf5,Ma_xp_A2000_n55_r14_v00_90000.hdf5,A2000,n55,r14,v00,,90000,0.0086,20.0,1.4,0.0,,none,55,9.99591118318e+19,0.470387660977,0.493683014118,0.493683014118,0.4999799611152383,0.4999799611152383,-0.0062969469972383,0.0062969469972383,4,bound_mass_fraction,tuned_gradient_boosting,identity
Ma_xp_A2000_n60_r14_v00_90000_fof_0.0059_0000.hdf5,Ma_xp_A2000_n60_r14_v00_90000.hdf5,A2000,n60,r14,v00,,90000,0.0059,20.0,1.4,0.0,,none,60,9.99610539792e+19,0.447797866623,0.490222103003,0.490222103003,0.5078479813117931,0.5078479813117931,-0.017625878308793,0.017625878308793,2,bound_mass_fraction,tuned_gradient_boosting,identity
Ma_xp_A2000_n65_r14_v00_90000_fof_0.0010_0000.hdf5,Ma_xp_A2000_n65_r14_v00_90000.hdf5,A2000,n65,r14,v00,,90000,0.001,20.0,1.4,0.0,,none,65,9.99627375316e+19,0.436544654932,0.512594281678,0.512594281678,0.4973231651526953,0.4973231651526953,0.0152711165253046,0.0152711165253046,1,bound_mass_fraction,tuned_gradient_boosting,identity
Ma_xp_A2000_n65_r14_v00_90000_fof_0.0020_0000.hdf5,Ma_xp_A2000_n65_r14_v00_90000.hdf5,A2000,n65,r14,v00,,90000,0.002,20.0,1.4,0.0,,none,65,9.99627375316e+19,0.436544654932,0.512594281678,0.512594281678,0.4981445605922087,0.4981445605922087,0.0144497210857913,0.0144497210857913,1,bound_mass_fraction,tuned_gradient_boosting,identity
Ma_xp_A2000_n65_r14_v00_90000_fof_0.0030_0000.hdf5,Ma_xp_A2000_n65_r14_v00_90000.hdf5,A2000,n65,r14,v00,,90000,0.003,20.0,1.4,0.0,,none,65,9.99627375316e+19,0.436544654932,0.512594281678,0.512594281678,0.4969585995760269,0.4969585995760269,0.0156356821019731,0.0156356821019731,1,bound_mass_fraction,tuned_gradient_boosting,identity
Ma_xp_A2000_n65_r14_v00_90000_fof_0.0035_0000.hdf5,Ma_xp_A2000_n65_r14_v00_90000.hdf5,A2000,n65,r14,v00,,90000,0.0035,20.0,1.4,0.0,,none,65,9.99627375316e+19,0.436544654932,0.512594281678,0.512594281678,0.4972566685304509,0.4972566685304509,0.0153376131475491,0.0153376131475491,1,bound_mass_fraction,tuned_gradient_boosting,identity
Ma_xp_A2000_n65_r14_v00_90000_fof_0.0040_0000.hdf5,Ma_xp_A2000_n65_r14_v00_90000.hdf5,A2000,n65,r14,v00,,90000,0.004,20.0,1.4,0.0,,none,65,9.99627375316e+19,0.436544654932,0.512594281678,0.512594281678,0.4997468739482496,0.4997468739482496,0.0128474077297504,0.0128474077297504,1,bound_mass_fraction,tuned_gradient_boosting,identity
Ma_xp_A2000c30_n65_r14_v00_90000_fof_0.0040_0000.hdf5,Ma_xp_A2000c30_n65_r14_v00_90000.hdf5,A2000c30,n65,r14,v00,,90000,0.004,20.0,1.4,0.0,,none,65,9.99629741701e+19,0.318772697047,0.518413142969,0.518413142969,0.5053206840904539,0.5053206840904539,0.013092458878546,0.013092458878546,0,bound_mass_fraction,tuned_gradient_boosting,identity
Ma_xp_A2000_n65_r14_v00_90000_fof_0.0045_0000.hdf5,Ma_xp_A2000_n65_r14_v00_90000.hdf5,A2000,n65,r14,v00,,90000,0.0045,20.0,1.4,0.0,,none,65,9.99627375316e+19,0.436544654932,0.512594281678,0.512594281678,0.4971176713108189,0.4971176713108189,0.015476610367181,0.015476610367181,1,bound_mass_fraction,tuned_gradient_boosting,identity
Ma_xp_A2000_n65_r14_v00_90000_fof_0.0050_0000.hdf5,Ma_xp_A2000_n65_r14_v00_90000.hdf5,A2000,n65,r14,v00,,90000,0.005,20.0,1.4,0.0,,none,65,9.99627375316e+19,0.436544654932,0.512594281678,0.512594281678,0.4974311797800062,0.4974311797800062,0.0151631018979938,0.0151631018979938,1,bound_mass_fraction,tuned_gradient_boosting,identity
Ma_xp_A2000_n65_r14_v00_90000_fof_0.0060_0000.hdf5,Ma_xp_A2000_n65_r14_v00_90000.hdf5,A2000,n65,r14,v00,,90000,0.006,20.0,1.4,0.0,,none,65,9.99627375316e+19,0.436544654932,0.512594281678,0.512594281678,0.4954529177423124,0.4954529177423124,0.0171413639356876,0.0171413639356876,1,bound_mass_fraction,tuned_gradient_boosting,identity
Ma_xp_A2000_n65_r14_v00_90000_fof_0.0080_0000.hdf5,Ma_xp_A2000_n65_r14_v00_90000.hdf5,A2000,n65,r14,v00,,90000,0.008,20.0,1.4,0.0,,none,65,9.99627375316e+19,0.436544654932,0.512594281678,0.512594281678,0.4937455284078459,0.4937455284078459,0.0188487532701541,0.0188487532701541,1,bound_mass_fraction,tuned_gradient_boosting,identity
Ma_xp_A2000_s030z_n65_r14_v00_90000_fof_0.0040_0000.hdf5,Ma_xp_A2000_s030z_n65_r14_v00_90000.hdf5,A2000,n65,r14,v00,s030z,90000,0.004,20.0,1.4,0.0,3.0,z,65,9.95013426798e+19,0.475166523193,0.511456277028,0.511456277028,0.5184649425427816,0.5184649425427816,-0.0070086655147816,0.0070086655147816,2,bound_mass_fraction,tuned_gradient_boosting,identity
Ma_xp_A2000_s047z_n65_r14_v00_90000_fof_0.0040_0000.hdf5,Ma_xp_A2000_s047z_n65_r14_v00_90000.hdf5,A2000,n65,r14,v00,s047z,90000,0.004,20.0,1.4,0.0,4.7,z,65,1.00070020115e+20,0.475469266143,0.511075243859,0.511075243859,0.5165211347892281,0.5165211347892281,-0.005445890930228,0.005445890930228,1,bound_mass_fraction,tuned_gradient_boosting,identity
Ma_xp_A2000_n65_r14_v02_90000_fof_0.0040_0000.hdf5,Ma_xp_A2000_n65_r14_v02_90000.hdf5,A2000,n65,r14,v02,,90000,0.004,20.0,1.4,0.2,,none,65,9.99627375316e+19,0.410504400199,0.451615781541,0.451615781541,0.4538855335291593,0.4538855335291593,-0.0022697519881593,0.0022697519881593,1,bound_mass_fraction,tuned_gradient_boosting,identity
Ma_xp_A2000_n65_r14_v04_90000_fof_0.0040_0000.hdf5,Ma_xp_A2000_n65_r14_v04_90000.hdf5,A2000,n65,r14,v04,,90000,0.004,20.0,1.4,0.4,,none,65,9.99627375316e+19,0.354067221345,0.379492176305,0.379492176305,0.3732532629792796,0.3732532629792796,0.0062389133257203,0.0062389133257203,0,bound_mass_fraction,tuned_gradient_boosting,identity
Ma_xp_A2000_n65_r14_v06_90000_fof_0.0040_0000.hdf5,Ma_xp_A2000_n65_r14_v06_90000.hdf5,A2000,n65,r14,v06,,90000,0.004,20.0,1.4,0.6,,none,65,9.99627375316e+19,0.248945454883,0.272817289118,0.272817289118,0.214902649203371,0.214902649203371,0.057914639914629,0.057914639914629,4,bound_mass_fraction,tuned_gradient_boosting,identity
Ma_xp_A2000_n65_r14_v08_90000_fof_0.0040_0000.hdf5,Ma_xp_A2000_n65_r14_v08_90000.hdf5,A2000,n65,r14,v08,,90000,0.004,20.0,1.4,0.8,,none,65,9.99627375316e+19,0.125678541498,0.150848825555,0.150848825555,0.138291951920125,0.138291951920125,0.0125568736348749,0.0125568736348749,3,bound_mass_fraction,tuned_gradient_boosting,identity
Ma_xp_A2000_n65_r14_v10_90000_fof_0.0040_0000.hdf5,Ma_xp_A2000_n65_r14_v10_90000.hdf5,A2000,n65,r14,v10,,90000,0.004,20.0,1.4,1.0,,none,65,9.99627375316e+19,0.00129318290607,0.0233268632879,0.0233268632879,0.0953599267143534,0.0953599267143534,-0.0720330634264534,0.0720330634264534,2,bound_mass_fraction,tuned_gradient_boosting,identity
Ma_xp_A2000_n65_r15_v00_90000_fof_0.0010_0000.hdf5,Ma_xp_A2000_n65_r15_v00_90000.hdf5,A2000,n65,r15,v00,,90000,0.001,20.0,1.5,0.0,,none,65,9.99627375316e+19,0.42799613966,0.440840909689,0.440840909689,0.5015938266833705,0.5015938266833705,-0.0607529169943704,0.0607529169943704,3,bound_mass_fraction,tuned_gradient_boosting,identity
Ma_xp_A2000_n65_r15_v00_90000_fof_0.0020_0000.hdf5,Ma_xp_A2000_n65_r15_v00_90000.hdf5,A2000,n65,r15,v00,,90000,0.002,20.0,1.5,0.0,,none,65,9.99627375316e+19,0.42799613966,0.440840909689,0.440840909689,0.5015938266833705,0.5015938266833705,-0.0607529169943704,0.0607529169943704,3,bound_mass_fraction,tuned_gradient_boosting,identity
Ma_xp_A2000_n65_r15_v00_90000_fof_0.0030_0000.hdf5,Ma_xp_A2000_n65_r15_v00_90000.hdf5,A2000,n65,r15,v00,,90000,0.003,20.0,1.5,0.0,,none,65,9.99627375316e+19,0.42799613966,0.440840909689,0.440840909689,0.5013238375894322,0.5013238375894322,-0.0604829279004321,0.0604829279004321,3,bound_mass_fraction,tuned_gradient_boosting,identity
Ma_xp_A2000_n65_r15_v00_90000_fof_0.0035_0000.hdf5,Ma_xp_A2000_n65_r15_v00_90000.hdf5,A2000,n65,r15,v00,,90000,0.0035,20.0,1.5,0.0,,none,65,9.99627375316e+19,0.42799613966,0.440840909689,0.440840909689,0.5021909063031754,0.5021909063031754,-0.0613499966141753,0.0613499966141753,3,bound_mass_fraction,tuned_gradient_boosting,identity
Ma_xp_A2000_n65_r15_v00_90000_fof_0.0040_0000.hdf5,Ma_xp_A2000_n65_r15_v00_90000.hdf5,A2000,n65,r15,v00,,90000,0.004,20.0,1.5,0.0,,none,65,9.99627375316e+19,0.42799613966,0.440840909689,0.440840909689,0.5043012324405374,0.5043012324405374,-0.0634603227515373,0.0634603227515373,3,bound_mass_fraction,tuned_gradient_boosting,identity
Ma_xp_A2000_n65_r15_v00_90000_fof_0.0045_0000.hdf5,Ma_xp_A2000_n65_r15_v00_90000.hdf5,A2000,n65,r15,v00,,90000,0.0045,20.0,1.5,0.0,,none,65,9.99627375316e+19,0.42799613966,0.440840909689,0.440840909689,0.5022931666702928,0.5022931666702928,-0.0614522569812927,0.0614522569812927,3,bound_mass_fraction,tuned_gradient_boosting,identity
Ma_xp_A2000_n65_r15_v00_90000_fof_0.0050_0000.hdf5,Ma_xp_A2000_n65_r15_v00_90000.hdf5,A2000,n65,r15,v00,,90000,0.005,20.0,1.5,0.0,,none,65,9.99627375316e+19,0.42799613966,0.440840909689,0.440840909689,0.5019867586323135,0.5019867586323135,-0.0611458489433134,0.0611458489433134,3,bound_mass_fraction,tuned_gradient_boosting,identity
Ma_xp_A2000_n65_r15_v00_90000_fof_0.0060_0000.hdf5,Ma_xp_A2000_n65_r15_v00_90000.hdf5,A2000,n65,r15,v00,,90000,0.006,20.0,1.5,0.0,,none,65,9.99627375316e+19,0.42799613966,0.440840909689,0.440840909689,0.5013383082714631,0.5013383082714631,-0.060497398582463,0.060497398582463,3,bound_mass_fraction,tuned_gradient_boosting,identity
Ma_xp_A2000_n65_r15_v00_90000_fof_0.0080_0000.hdf5,Ma_xp_A2000_n65_r15_v00_90000.hdf5,A2000,n65,r15,v00,,90000,0.008,20.0,1.5,0.0,,none,65,9.99627375316e+19,0.42799613966,0.440840909689,0.440840909689,0.5013383082714631,0.5013383082714631,-0.060497398582463,0.060497398582463,3,bound_mass_fraction,tuned_gradient_boosting,identity
Ma_xp_A2000_s030z_n65_r15_v00_90000_fof_0.0040_0000.hdf5,Ma_xp_A2000_s030z_n65_r15_v00_90000.hdf5,A2000,n65,r15,v00,s030z,90000,0.004,20.0,1.5,0.0,3.0,z,65,9.95093669258e+19,0.482518767331,0.508678398508,0.508678398508,0.5002631807808396,0.5002631807808396,0.0084152177271603,0.0084152177271603,1,bound_mass_fraction,tuned_gradient_boosting,identity
Ma_xp_A2000_s047z_n65_r15_v00_90000_fof_0.0040_0000.hdf5,Ma_xp_A2000_s047z_n65_r15_v00_90000.hdf5,A2000,n65,r15,v00,s047z,90000,0.004,20.0,1.5,0.0,4.7,z,65,1.00070020115e+20,0.473031782784,0.506431123386,0.506431123386,0.4928475158854655,0.4928475158854655,0.0135836075005345,0.0135836075005345,0,bound_mass_fraction,tuned_gradient_boosting,identity
Ma_xp_A2000_s047mz_n65_r16_v00_90000_fof_0.0040_0000.hdf5,Ma_xp_A2000_s047mz_n65_r16_v00_90000.hdf5,A2000,n65,r16,v00,s047mz,90000,0.004,20.0,1.6,0.0,4.7,mz,65,1.00070020115e+20,0.14251371954,0.528601217224,0.528601217224,0.5377804421408584,0.5377804421408584,-0.0091792249168584,0.0091792249168584,2,bound_mass_fraction,tuned_gradient_boosting,identity
Ma_xp_A2000_s086mz_n65_r16_v00_90000_fof_0.0040_0000.hdf5,Ma_xp_A2000_s086mz_n65_r16_v00_90000.hdf5,A2000,n65,r16,v00,s086mz,90000,0.004,20.0,1.6,0.0,8.6,mz,65,1.00004962613e+20,0.296149800871,0.596814701301,0.596814701301,0.4711966795577303,0.4711966795577303,0.1256180217432697,0.1256180217432697,3,bound_mass_fraction,tuned_gradient_boosting,identity
Ma_xp_A2000_s170mz_n65_r16_v00_90000_fof_0.0040_0000.hdf5,Ma_xp_A2000_s170mz_n65_r16_v00_90000.hdf5,A2000,n65,r16,v00,s170mz,90000,0.004,20.0,1.6,0.0,17.0,mz,65,9.98512966486e+19,0.286276177752,0.335212781937,0.335212781937,0.5510980700555055,0.5510980700555055,-0.2158852881185055,0.2158852881185055,3,bound_mass_fraction,tuned_gradient_boosting,identity
Ma_xp_A2000_n50_r16_v00_90000_fof_0.0126_0000.hdf5,Ma_xp_A2000_n50_r16_v00_90000.hdf5,A2000,n50,r16,v00,,90000,0.0126,20.0,1.6,0.0,,none,50,9.99557408515e+19,0.39802955665,0.426085355186,0.426085355186,0.422808929694126,0.422808929694126,0.0032764254918739,0.0032764254918739,1,bound_mass_fraction,tuned_gradient_boosting,identity
Ma_xp_A2000_n55_r16_v00_90000_fof_0.0086_0000.hdf5,Ma_xp_A2000_n55_r16_v00_90000.hdf5,A2000,n55,r16,v00,,90000,0.0086,20.0,1.6,0.0,,none,55,9.99597377949e+19,0.393112884692,0.415449982623,0.415449982623,0.4379747292889778,0.4379747292889778,-0.0225247466659778,0.0225247466659778,3,bound_mass_fraction,tuned_gradient_boosting,identity
Ma_xp_A2000_n60_r16_v00_90000_fof_0.0059_0000.hdf5,Ma_xp_A2000_n60_r16_v00_90000.hdf5,A2000,n60,r16,v00,,90000,0.0059,20.0,1.6,0.0,,none,60,9.99614526979e+19,0.382977323108,0.46191915455,0.46191915455,0.4420812216244171,0.4420812216244171,0.0198379329255828,0.0198379329255828,3,bound_mass_fraction,tuned_gradient_boosting,identity
Ma_xp_A2000_n65_r16_v00_90000_fof_0.0010_0000.hdf5,Ma_xp_A2000_n65_r16_v00_90000.hdf5,A2000,n65,r16,v00,,90000,0.001,20.0,1.6,0.0,,none,65,9.99627375316e+19,0.403766774742,0.446058255194,0.446058255194,0.4583939906859903,0.4583939906859903,-0.0123357354919903,0.0123357354919903,2,bound_mass_fraction,tuned_gradient_boosting,identity
Ma_xp_A2000_n65_r16_v00_90000_fof_0.0020_0000.hdf5,Ma_xp_A2000_n65_r16_v00_90000.hdf5,A2000,n65,r16,v00,,90000,0.002,20.0,1.6,0.0,,none,65,9.99627375316e+19,0.403766774742,0.446058255194,0.446058255194,0.4593559182087476,0.4593559182087476,-0.0132976630147476,0.0132976630147476,2,bound_mass_fraction,tuned_gradient_boosting,identity
Ma_xp_A2000_n65_r16_v00_90000_fof_0.0030_0000.hdf5,Ma_xp_A2000_n65_r16_v00_90000.hdf5,A2000,n65,r16,v00,,90000,0.003,20.0,1.6,0.0,,none,65,9.99627375316e+19,0.403766774742,0.446058255194,0.446058255194,0.4583401891523987,0.4583401891523987,-0.0122819339583987,0.0122819339583987,2,bound_mass_fraction,tuned_gradient_boosting,identity
Ma_xp_A2000_n65_r16_v00_90000_fof_0.0035_0000.hdf5,Ma_xp_A2000_n65_r16_v00_90000.hdf5,A2000,n65,r16,v00,,90000,0.0035,20.0,1.6,0.0,,none,65,9.99627375316e+19,0.403766774742,0.446058255194,0.446058255194,0.4575023789225435,0.4575023789225435,-0.0114441237285435,0.0114441237285435,2,bound_mass_fraction,tuned_gradient_boosting,identity
Ma_xp_A2000_n65_r16_v00_90000_fof_0.0040_0000.hdf5,Ma_xp_A2000_n65_r16_v00_90000.hdf5,A2000,n65,r16,v00,,90000,0.004,20.0,1.6,0.0,,none,65,9.99627375316e+19,0.403766774742,0.446058255194,0.446058255194,0.4561834399374129,0.4561834399374129,-0.0101251847434129,0.0101251847434129,2,bound_mass_fraction,tuned_gradient_boosting,identity
Ma_xp_A2000c30_n65_r16_v00_90000_fof_0.0040_0000.hdf5,Ma_xp_A2000c30_n65_r16_v00_90000.hdf5,A2000c30,n65,r16,v00,,90000,0.004,20.0,1.6,0.0,,none,65,9.99629741701e+19,0.235157128887,0.459161509877,0.459161509877,0.4522177283657919,0.4522177283657919,0.006943781511208,0.006943781511208,1,bound_mass_fraction,tuned_gradient_boosting,identity
Ma_xp_A2000_n65_r16_v00_90000_fof_0.0045_0000.hdf5,Ma_xp_A2000_n65_r16_v00_90000.hdf5,A2000,n65,r16,v00,,90000,0.0045,20.0,1.6,0.0,,none,65,9.99627375316e+19,0.403766774742,0.446058255194,0.446058255194,0.4562618727981681,0.4562618727981681,-0.0102036176041681,0.0102036176041681,2,bound_mass_fraction,tuned_gradient_boosting,identity
Ma_xp_A2000_n65_r16_v00_90000_fof_0.0050_0000.hdf5,Ma_xp_A2000_n65_r16_v00_90000.hdf5,A2000,n65,r16,v00,,90000,0.005,20.0,1.6,0.0,,none,65,9.99627375316e+19,0.403766774742,0.446058255194,0.446058255194,0.4564871575275783,0.4564871575275783,-0.0104289023335782,0.0104289023335782,2,bound_mass_fraction,tuned_gradient_boosting,identity
Ma_xp_A2000_n65_r16_v00_90000_fof_0.0060_0000.hdf5,Ma_xp_A2000_n65_r16_v00_90000.hdf5,A2000,n65,r16,v00,,90000,0.006,20.0,1.6,0.0,,none,65,9.99627375316e+19,0.403766774742,0.446058255194,0.446058255194,0.4562156008037026,0.4562156008037026,-0.0101573456097026,0.0101573456097026,2,bound_mass_fraction,tuned_gradient_boosting,identity
Ma_xp_A2000_n65_r16_v00_90000_fof_0.0080_0000.hdf5,Ma_xp_A2000_n65_r16_v00_90000.hdf5,A2000,n65,r16,v00,,90000,0.008,20.0,1.6,0.0,,none,65,9.99627375316e+19,0.403766774742,0.446058255194,0.446058255194,0.456220589902169,0.456220589902169,-0.010162334708169,0.010162334708169,2,bound_mass_fraction,tuned_gradient_boosting,identity
Ma_xp_A2000_s030x_n65_r16_v00_90000_fof_0.0040_0000.hdf5,Ma_xp_A2000_s030x_n65_r16_v00_90000.hdf5,A2000,n65,r16,v00,s030x,90000,0.004,20.0,1.6,0.0,3.0,x,65,9.95093669258e+19,0.397637525112,0.49920136661,0.49920136661,0.458148892144616,0.458148892144616,0.0410524744653839,0.0410524744653839,0,bound_mass_fraction,tuned_gradient_boosting,identity
Ma_xp_A2000_s036x_n65_r16_v00_90000_fof_0.0040_0000.hdf5,Ma_xp_A2000_s036x_n65_r16_v00_90000.hdf5,A2000,n65,r16,v00,s036x,90000,0.004,20.0,1.6,0.0,3.6,x,65,1.00161290787e+20,0.346797273102,0.458049808461,0.458049808461,0.4735424908846294,0.4735424908846294,-0.0154926824236294,0.0154926824236294,4,bound_mass_fraction,tuned_gradient_boosting,identity
Ma_xp_A2000_s047x_n65_r16_v00_90000_fof_0.0040_0000.hdf5,Ma_xp_A2000_s047x_n65_r16_v00_90000.hdf5,A2000,n65,r16,v00,s047x,90000,0.004,20.0,1.6,0.0,4.7,x,65,1.00070020115e+20,0.44543458861,0.446990429051,0.446990429051,0.4589941178168153,0.4589941178168153,-0.0120036887658153,0.0120036887658153,4,bound_mass_fraction,tuned_gradient_boosting,identity
Ma_xp_A2000_s086x_n65_r16_v00_90000_fof_0.0040_0000.hdf5,Ma_xp_A2000_s086x_n65_r16_v00_90000.hdf5,A2000,n65,r16,v00,s086x,90000,0.004,20.0,1.6,0.0,8.6,x,65,1.00004962613e+20,0.406975288068,0.419465651028,0.419465651028,0.4615276491619724,0.4615276491619724,-0.0420619981339724,0.0420619981339724,0,bound_mass_fraction,tuned_gradient_boosting,identity
Ma_xp_A2000_s170x_n65_r16_v00_90000_fof_0.0040_0000.hdf5,Ma_xp_A2000_s170x_n65_r16_v00_90000.hdf5,A2000,n65,r16,v00,s170x,90000,0.004,20.0,1.6,0.0,17.0,x,65,9.98512966486e+19,0.386023037212,0.455507822691,0.455507822691,0.4534961149449402,0.4534961149449402,0.0020117077460597,0.0020117077460597,0,bound_mass_fraction,tuned_gradient_boosting,identity
Ma_xp_A2000_s030y_n65_r16_v00_90000_fof_0.0040_0000.hdf5,Ma_xp_A2000_s030y_n65_r16_v00_90000.hdf5,A2000,n65,r16,v00,s030y,90000,0.004,20.0,1.6,0.0,3.0,y,65,9.95093669258e+19,0.455768738792,0.486096252795,0.486096252795,0.4812889128782727,0.4812889128782727,0.0048073399167272,0.0048073399167272,1,bound_mass_fraction,tuned_gradient_boosting,identity
Ma_xp_A2000_s036y_n65_r16_v00_90000_fof_0.0040_0000.hdf5,Ma_xp_A2000_s036y_n65_r16_v00_90000.hdf5,A2000,n65,r16,v00,s036y,90000,0.004,20.0,1.6,0.0,3.6,y,65,1.00161290787e+20,0.443083363428,0.492197070842,0.492197070842,0.4795500787824537,0.4795500787824537,0.0126469920595462,0.0126469920595462,0,bound_mass_fraction,tuned_gradient_boosting,identity
Ma_xp_A2000_s047y_n65_r16_v00_90000_fof_0.0040_0000.hdf5,Ma_xp_A2000_s047y_n65_r16_v00_90000.hdf5,A2000,n65,r16,v00,s047y,90000,0.004,20.0,1.6,0.0,4.7,y,65,1.00070020115e+20,0.452666084386,0.485217934666,0.485217934666,0.480125122979838,0.480125122979838,0.0050928116861619,0.0050928116861619,4,bound_mass_fraction,tuned_gradient_boosting,identity
Ma_xp_A2000_s086y_n65_r16_v00_90000_fof_0.0040_0000.hdf5,Ma_xp_A2000_s086y_n65_r16_v00_90000.hdf5,A2000,n65,r16,v00,s086y,90000,0.004,20.0,1.6,0.0,8.6,y,65,1.00004962613e+20,0.418332290836,0.443361715826,0.443361715826,0.4720471409929168,0.4720471409929168,-0.0286854251669168,0.0286854251669168,1,bound_mass_fraction,tuned_gradient_boosting,identity
Ma_xp_A2000_s170y_n65_r16_v00_90000_fof_0.0040_0000.hdf5,Ma_xp_A2000_s170y_n65_r16_v00_90000.hdf5,A2000,n65,r16,v00,s170y,90000,0.004,20.0,1.6,0.0,17.0,y,65,9.98512966486e+19,0.412559628748,0.459274098552,0.459274098552,0.4437420730730733,0.4437420730730733,0.0155320254789267,0.0155320254789267,1,bound_mass_fraction,tuned_gradient_boosting,identity
Ma_xp_A2000_s030z_n65_r16_v00_90000_fof_0.0040_0000.hdf5,Ma_xp_A2000_s030z_n65_r16_v00_90000.hdf5,A2000,n65,r16,v00,s030z,90000,0.004,20.0,1.6,0.0,3.0,z,65,9.95093354581e+19,0.472343021292,0.510513630056,0.510513630056,0.4972622466703209,0.4972622466703209,0.0132513833856791,0.0132513833856791,0,bound_mass_fraction,tuned_gradient_boosting,identity
Ma_xp_A2000_s036z_n65_r16_v00_90000_fof_0.0040_0000.hdf5,Ma_xp_A2000_s036z_n65_r16_v00_90000.hdf5,A2000,n65,r16,v00,s036z,90000,0.004,20.0,1.6,0.0,3.6,z,65,1.00161290787e+20,0.479929316688,0.514941146782,0.514941146782,0.4956092505135714,0.4956092505135714,0.0193318962684285,0.0193318962684285,1,bound_mass_fraction,tuned_gradient_boosting,identity
Ma_xp_A2000_s047z_n65_r16_v00_90000_fof_0.0040_0000.hdf5,Ma_xp_A2000_s047z_n65_r16_v00_90000.hdf5,A2000,n65,r16,v00,s047z,90000,0.004,20.0,1.6,0.0,4.7,z,65,1.00070020115e+20,0.472670018259,0.497570106107,0.497570106107,0.5013232672824653,0.5013232672824653,-0.0037531611754653,0.0037531611754653,4,bound_mass_fraction,tuned_gradient_boosting,identity
Ma_xp_A2000_s086z_n65_r16_v00_90000_fof_0.0040_0000.hdf5,Ma_xp_A2000_s086z_n65_r16_v00_90000.hdf5,A2000,n65,r16,v00,s086z,90000,0.004,20.0,1.6,0.0,8.6,z,65,1.00004962613e+20,0.456093676774,0.500753570685,0.500753570685,0.4847351571555213,0.4847351571555213,0.0160184135294786,0.0160184135294786,1,bound_mass_fraction,tuned_gradient_boosting,identity
Ma_xp_A2000_s170z_n65_r16_v00_90000_fof_0.0040_0000.hdf5,Ma_xp_A2000_s170z_n65_r16_v00_90000.hdf5,A2000,n65,r16,v00,s170z,90000,0.004,20.0,1.6,0.0,17.0,z,65,9.98512966486e+19,0.424871967176,0.495445525769,0.495445525769,0.513773118049366,0.513773118049366,-0.018327592280366,0.018327592280366,3,bound_mass_fraction,tuned_gradient_boosting,identity
Ma_xp_A2000_n65_r16_v02_90000_fof_0.0040_0000.hdf5,Ma_xp_A2000_n65_r16_v02_90000.hdf5,A2000,n65,r16,v02,,90000,0.004,20.0,1.6,0.2,,none,65,9.99627375316e+19,0.369745902262,0.406617725653,0.406617725653,0.4098250150396003,0.4098250150396003,-0.0032072893866003,0.0032072893866003,4,bound_mass_fraction,tuned_gradient_boosting,identity
Ma_xp_A2000c30_n65_r16_v02_90000_fof_0.0040_0000.hdf5,Ma_xp_A2000c30_n65_r16_v02_90000.hdf5,A2000c30,n65,r16,v02,,90000,0.004,20.0,1.6,0.2,,none,65,9.99629741701e+19,0.411102366517,0.423026794446,0.423026794446,0.4091082027808785,0.4091082027808785,0.0139185916651214,0.0139185916651214,2,bound_mass_fraction,tuned_gradient_boosting,identity
Ma_xp_A2000_s030z_n65_r16_v02_90000_fof_0.0040_0000.hdf5,Ma_xp_A2000_s030z_n65_r16_v02_90000.hdf5,A2000,n65,r16,v02,s030z,90000,0.004,20.0,1.6,0.2,3.0,z,65,9.95092410552e+19,0.457771672465,0.496777476201,0.496777476201,0.501501663777059,0.501501663777059,-0.0047241875760589,0.0047241875760589,4,bound_mass_fraction,tuned_gradient_boosting,identity
Ma_xp_A2000_s047z_n65_r16_v02_90000_fof_0.0040_0000.hdf5,Ma_xp_A2000_s047z_n65_r16_v02_90000.hdf5,A2000,n65,r16,v02,s047z,90000,0.004,20.0,1.6,0.2,4.7,z,65,1.0006992518e+20,0.454065190409,0.482401435675,0.482401435675,0.4783241247203075,0.4783241247203075,0.0040773109546924,0.0040773109546924,3,bound_mass_fraction,tuned_gradient_boosting,identity
Ma_xp_A2000_n65_r16_v04_90000_fof_0.0040_0000.hdf5,Ma_xp_A2000_n65_r16_v04_90000.hdf5,A2000,n65,r16,v04,,90000,0.004,20.0,1.6,0.4,,none,65,9.99627375316e+19,0.29842782543,0.334085469662,0.334085469662,0.2935907233569965,0.2935907233569965,0.0404947463050034,0.0404947463050034,3,bound_mass_fraction,tuned_gradient_boosting,identity
Ma_xp_A2000c30_n65_r16_v04_90000_fof_0.0040_0000.hdf5,Ma_xp_A2000c30_n65_r16_v04_90000.hdf5,A2000c30,n65,r16,v04,,90000,0.004,20.0,1.6,0.4,,none,65,9.99629741701e+19,0.347213142969,0.40778501858,0.40778501858,0.2935907233569965,0.2935907233569965,0.1141942952230034,0.1141942952230034,3,bound_mass_fraction,tuned_gradient_boosting,identity
Ma_xp_A2000_s047z_n65_r16_v04_90000_fof_0.0040_0000.hdf5,Ma_xp_A2000_s047z_n65_r16_v04_90000.hdf5,A2000,n65,r16,v04,s047z,90000,0.004,20.0,1.6,0.4,4.7,z,65,1.00070020115e+20,0.389432870861,0.429829698717,0.429829698717,0.4735102802635939,0.4735102802635939,-0.0436805815465938,0.0436805815465938,2,bound_mass_fraction,tuned_gradient_boosting,identity
Ma_xp_A2000_s047mz_n65_r16_v06_90000_fof_0.0040_0000.hdf5,Ma_xp_A2000_s047mz_n65_r16_v06_90000.hdf5,A2000,n65,r16,v06,s047mz,90000,0.004,20.0,1.6,0.6,4.7,mz,65,1.00070020115e+20,0.0,0.0,0.0,0.0047497237256115,0.0047497237256115,-0.0047497237256115,0.0047497237256115,1,bound_mass_fraction,tuned_gradient_boosting,identity
Ma_xp_A2000_s086mz_n65_r16_v06_90000_fof_0.0040_0000.hdf5,Ma_xp_A2000_s086mz_n65_r16_v06_90000.hdf5,A2000,n65,r16,v06,s086mz,90000,0.004,20.0,1.6,0.6,8.6,mz,65,1.00004962613e+20,0.0,0.0,0.0,0.034065684388784,0.034065684388784,-0.034065684388784,0.034065684388784,2,bound_mass_fraction,tuned_gradient_boosting,identity
Ma_xp_A2000_s170mz_n65_r16_v06_90000_fof_0.0040_0000.hdf5,Ma_xp_A2000_s170mz_n65_r16_v06_90000.hdf5,A2000,n65,r16,v06,s170mz,90000,0.004,20.0,1.6,0.6,17.0,mz,65,9.98512966486e+19,4.42719244847e-06,0.115056723403,0.115056723403,0.0,0.0,0.115056723403,0.115056723403,2,bound_mass_fraction,tuned_gradient_boosting,identity
Ma_xp_A2000_n65_r16_v06_90000_fof_0.0040_0000.hdf5,Ma_xp_A2000_n65_r16_v06_90000.hdf5,A2000,n65,r16,v06,,90000,0.004,20.0,1.6,0.6,,none,65,9.99627375316e+19,0.195892734599,0.231424902291,0.231424902291,0.1787243666838269,0.1787243666838269,0.052700535607173,0.052700535607173,2,bound_mass_fraction,tuned_gradient_boosting,identity
Ma_xp_A2000c30_n65_r16_v06_90000_fof_0.0040_0000.hdf5,Ma_xp_A2000c30_n65_r16_v06_90000.hdf5,A2000c30,n65,r16,v06,,90000,0.004,20.0,1.6,0.6,,none,65,9.99629741701e+19,0.106494973597,0.113606884412,0.113606884412,0.2251058230159962,0.2251058230159962,-0.1114989386039962,0.1114989386039962,0,bound_mass_fraction,tuned_gradient_boosting,identity
Ma_xp_A2000_s030x_n65_r16_v06_90000_fof_0.0040_0000.hdf5,Ma_xp_A2000_s030x_n65_r16_v06_90000.hdf5,A2000,n65,r16,v06,s030x,90000,0.004,20.0,1.6,0.6,3.0,x,65,9.95093669258e+19,0.192049905812,0.218661426561,0.218661426561,0.2060615653775695,0.2060615653775695,0.0125998611834304,0.0125998611834304,4,bound_mass_fraction,tuned_gradient_boosting,identity
Ma_xp_A2000_s036x_n65_r16_v06_90000_fof_0.0040_0000.hdf5,Ma_xp_A2000_s036x_n65_r16_v06_90000.hdf5,A2000,n65,r16,v06,s036x,90000,0.004,20.0,1.6,0.6,3.6,x,65,1.00161100744e+20,0.149011405738,0.174864053268,0.174864053268,0.2469288628235781,0.2469288628235781,-0.072064809555578,0.072064809555578,3,bound_mass_fraction,tuned_gradient_boosting,identity
Ma_xp_A2000_s047x_n65_r16_v06_90000_fof_0.0040_0000.hdf5,Ma_xp_A2000_s047x_n65_r16_v06_90000.hdf5,A2000,n65,r16,v06,s047x,90000,0.004,20.0,1.6,0.6,4.7,x,65,1.00070020115e+20,0.156144083474,0.190012073575,0.190012073575,0.2044817800539543,0.2044817800539543,-0.0144697064789543,0.0144697064789543,3,bound_mass_fraction,tuned_gradient_boosting,identity
Ma_xp_A2000_s086x_n65_r16_v06_90000_fof_0.0040_0000.hdf5,Ma_xp_A2000_s086x_n65_r16_v06_90000.hdf5,A2000,n65,r16,v06,s086x,90000,0.004,20.0,1.6,0.6,8.6,x,65,1.00004962613e+20,0.193923178165,0.213204847898,0.213204847898,0.1552311767329726,0.1552311767329726,0.0579736711650274,0.0579736711650274,4,bound_mass_fraction,tuned_gradient_boosting,identity
Ma_xp_A2000_s170x_n65_r16_v06_90000_fof_0.0040_0000.hdf5,Ma_xp_A2000_s170x_n65_r16_v06_90000.hdf5,A2000,n65,r16,v06,s170x,90000,0.004,20.0,1.6,0.6,17.0,x,65,9.98512650728e+19,0.187228241449,0.22977072828,0.22977072828,0.1615941805861717,0.1615941805861717,0.0681765476938282,0.0681765476938282,4,bound_mass_fraction,tuned_gradient_boosting,identity
Ma_xp_A2000_s030y_n65_r16_v06_90000_fof_0.0040_0000.hdf5,Ma_xp_A2000_s030y_n65_r16_v06_90000.hdf5,A2000,n65,r16,v06,s030y,90000,0.004,20.0,1.6,0.6,3.0,y,65,9.95093669258e+19,0.264224481284,0.301745862238,0.301745862238,0.2614178457685707,0.2614178457685707,0.0403280164694292,0.0403280164694292,1,bound_mass_fraction,tuned_gradient_boosting,identity
Ma_xp_A2000_s036y_n65_r16_v06_90000_fof_0.0040_0000.hdf5,Ma_xp_A2000_s036y_n65_r16_v06_90000.hdf5,A2000,n65,r16,v06,s036y,90000,0.004,20.0,1.6,0.6,3.6,y,65,1.00161290787e+20,0.239909950877,0.288225498486,0.288225498486,0.2887315489866056,0.2887315489866056,-0.0005060505006056,0.0005060505006056,4,bound_mass_fraction,tuned_gradient_boosting,identity
Ma_xp_A2000_s047y_n65_r16_v06_90000_fof_0.0040_0000.hdf5,Ma_xp_A2000_s047y_n65_r16_v06_90000.hdf5,A2000,n65,r16,v06,s047y,90000,0.004,20.0,1.6,0.6,4.7,y,65,1.00070020115e+20,0.208598674753,0.270599865034,0.270599865034,0.2354238328418461,0.2354238328418461,0.0351760321921538,0.0351760321921538,1,bound_mass_fraction,tuned_gradient_boosting,identity
Ma_xp_A2000_s086y_n65_r16_v06_90000_fof_0.0040_0000.hdf5,Ma_xp_A2000_s086y_n65_r16_v06_90000.hdf5,A2000,n65,r16,v06,s086y,90000,0.004,20.0,1.6,0.6,8.6,y,65,1.00004962613e+20,0.205480985543,0.213953358939,0.213953358939,0.2548693961166078,0.2548693961166078,-0.0409160371776078,0.0409160371776078,0,bound_mass_fraction,tuned_gradient_boosting,identity
Ma_xp_A2000_s170y_n65_r16_v06_90000_fof_0.0040_0000.hdf5,Ma_xp_A2000_s170y_n65_r16_v06_90000.hdf5,A2000,n65,r16,v06,s170y,90000,0.004,20.0,1.6,0.6,17.0,y,65,9.98512966486e+19,0.19204117289,0.204766821355,0.204766821355,0.2586639472644684,0.2586639472644684,-0.0538971259094684,0.0538971259094684,0,bound_mass_fraction,tuned_gradient_boosting,identity
Ma_xp_A2000_s030z_n65_r16_v06_90000_fof_0.0040_0000.hdf5,Ma_xp_A2000_s030z_n65_r16_v06_90000.hdf5,A2000,n65,r16,v06,s030z,90000,0.004,20.0,1.6,0.6,3.0,z,65,9.95090522494e+19,0.339942199694,0.36432723739,0.36432723739,0.3532757322952531,0.3532757322952531,0.0110515050947468,0.0110515050947468,3,bound_mass_fraction,tuned_gradient_boosting,identity
Ma_xp_A2000_s036z_n65_r16_v06_90000_fof_0.0040_0000.hdf5,Ma_xp_A2000_s036z_n65_r16_v06_90000.hdf5,A2000,n65,r16,v06,s036z,90000,0.004,20.0,1.6,0.6,3.6,z,65,1.00161290787e+20,0.323792941409,0.362175763391,0.362175763391,0.3448214820283757,0.3448214820283757,0.0173542813626242,0.0173542813626242,0,bound_mass_fraction,tuned_gradient_boosting,identity
Ma_xp_A2000_s047z_n65_r16_v06_90000_fof_0.0040_0000.hdf5,Ma_xp_A2000_s047z_n65_r16_v06_90000.hdf5,A2000,n65,r16,v06,s047z,90000,0.004,20.0,1.6,0.6,4.7,z,65,1.00069893535e+20,0.308562762114,0.345937448811,0.345937448811,0.3224976887008479,0.3224976887008479,0.0234397601101521,0.0234397601101521,1,bound_mass_fraction,tuned_gradient_boosting,identity
Ma_xp_A2000_s086z_n65_r16_v06_90000_fof_0.0040_0000.hdf5,Ma_xp_A2000_s086z_n65_r16_v06_90000.hdf5,A2000,n65,r16,v06,s086z,90000,0.004,20.0,1.6,0.6,8.6,z,65,1.00004962613e+20,0.277383266114,0.320709943908,0.320709943908,0.3081398510702962,0.3081398510702962,0.0125700928377038,0.0125700928377038,2,bound_mass_fraction,tuned_gradient_boosting,identity
Ma_xp_A2000_s170z_n65_r16_v06_90000_fof_0.0040_0000.hdf5,Ma_xp_A2000_s170z_n65_r16_v06_90000.hdf5,A2000,n65,r16,v06,s170z,90000,0.004,20.0,1.6,0.6,17.0,z,65,9.98511387697e+19,0.244033558172,0.285775408172,0.285775408172,0.3451116473475775,0.3451116473475775,-0.0593362391755775,0.0593362391755775,1,bound_mass_fraction,tuned_gradient_boosting,identity
Ma_xp_A2000_n65_r16_v08_90000_fof_0.0040_0000.hdf5,Ma_xp_A2000_n65_r16_v08_90000.hdf5,A2000,n65,r16,v08,,90000,0.004,20.0,1.6,0.8,,none,65,9.99627375316e+19,0.0625536179844,0.0764774862557,0.0764774862557,0.1406103724766692,0.1406103724766692,-0.0641328862209692,0.0641328862209692,1,bound_mass_fraction,tuned_gradient_boosting,identity
Ma_xp_A2000_s030z_n65_r16_v08_90000_fof_0.0040_0000.hdf5,Ma_xp_A2000_s030z_n65_r16_v08_90000.hdf5,A2000,n65,r16,v08,s030z,90000,0.004,20.0,1.6,0.8,3.0,z,65,9.95093669258e+19,0.233828978296,0.253169472504,0.253169472504,0.2703789187693692,0.2703789187693692,-0.0172094462653691,0.0172094462653691,2,bound_mass_fraction,tuned_gradient_boosting,identity
Ma_xp_A2000_s047z_n65_r16_v08_90000_fof_0.0040_0000.hdf5,Ma_xp_A2000_s047z_n65_r16_v08_90000.hdf5,A2000,n65,r16,v08,s047z,90000,0.004,20.0,1.6,0.8,4.7,z,65,1.00070020115e+20,0.202491368564,0.22875819267,0.22875819267,0.2009164524603985,0.2009164524603985,0.0278417402096014,0.0278417402096014,0,bound_mass_fraction,tuned_gradient_boosting,identity
Ma_xp_A2000_n65_r16_v10_90000_fof_0.0040_0000.hdf5,Ma_xp_A2000_n65_r16_v10_90000.hdf5,A2000,n65,r16,v10,,90000,0.004,20.0,1.6,1.0,,none,65,9.99627375316e+19,0.0,0.0,0.0,0.0822147025398333,0.0822147025398333,-0.0822147025398333,0.0822147025398333,0,bound_mass_fraction,tuned_gradient_boosting,identity
Ma_xp_A2000c30_n65_r16_v10_90000_fof_0.0040_0000.hdf5,Ma_xp_A2000c30_n65_r16_v10_90000.hdf5,A2000c30,n65,r16,v10,,90000,0.004,20.0,1.6,1.0,,none,65,9.99629741701e+19,0.0651590846861,0.109225894778,0.109225894778,0.0056666360461154,0.0056666360461154,0.1035592587318845,0.1035592587318845,4,bound_mass_fraction,tuned_gradient_boosting,identity
Ma_xp_A2000_s030z_n65_r16_v10_90000_fof_0.0040_0000.hdf5,Ma_xp_A2000_s030z_n65_r16_v10_90000.hdf5,A2000,n65,r16,v10,s030z,90000,0.004,20.0,1.6,1.0,3.0,z,65,9.95093669258e+19,0.122885503073,0.143952601243,0.143952601243,0.1423981821561981,0.1423981821561981,0.0015544190868018,0.0015544190868018,1,bound_mass_fraction,tuned_gradient_boosting,identity
Ma_xp_A2000_s047z_n65_r16_v10_90000_fof_0.0040_0000.hdf5,Ma_xp_A2000_s047z_n65_r16_v10_90000.hdf5,A2000,n65,r16,v10,s047z,90000,0.004,20.0,1.6,1.0,4.7,z,65,1.00070020115e+20,0.0883069103981,0.108900292764,0.108900292764,0.0902182297879361,0.0902182297879361,0.0186820629760638,0.0186820629760638,4,bound_mass_fraction,tuned_gradient_boosting,identity
Ma_xp_A2000_n65_r17_v00_90000_fof_0.0010_0000.hdf5,Ma_xp_A2000_n65_r17_v00_90000.hdf5,A2000,n65,r17,v00,,90000,0.001,20.0,1.7,0.0,,none,65,9.99627375316e+19,0.335943761725,0.388005682073,0.388005682073,0.4576296758349038,0.4576296758349038,-0.0696239937619038,0.0696239937619038,1,bound_mass_fraction,tuned_gradient_boosting,identity
Ma_xp_A2000_n65_r17_v00_90000_fof_0.0020_0000.hdf5,Ma_xp_A2000_n65_r17_v00_90000.hdf5,A2000,n65,r17,v00,,90000,0.002,20.0,1.7,0.0,,none,65,9.99627375316e+19,0.335943761725,0.388005682073,0.388005682073,0.4594596134909722,0.4594596134909722,-0.0714539314179722,0.0714539314179722,1,bound_mass_fraction,tuned_gradient_boosting,identity
Ma_xp_A2000_n65_r17_v00_90000_fof_0.0030_0000.hdf5,Ma_xp_A2000_n65_r17_v00_90000.hdf5,A2000,n65,r17,v00,,90000,0.003,20.0,1.7,0.0,,none,65,9.99627375316e+19,0.335943761725,0.388005682073,0.388005682073,0.4584865170534363,0.4584865170534363,-0.0704808349804363,0.0704808349804363,1,bound_mass_fraction,tuned_gradient_boosting,identity
Ma_xp_A2000_n65_r17_v00_90000_fof_0.0035_0000.hdf5,Ma_xp_A2000_n65_r17_v00_90000.hdf5,A2000,n65,r17,v00,,90000,0.0035,20.0,1.7,0.0,,none,65,9.99627375316e+19,0.335943761725,0.388005682073,0.388005682073,0.4598547117074232,0.4598547117074232,-0.0718490296344231,0.0718490296344231,1,bound_mass_fraction,tuned_gradient_boosting,identity
Ma_xp_A2000_n65_r17_v00_90000_fof_0.0040_0000.hdf5,Ma_xp_A2000_n65_r17_v00_90000.hdf5,A2000,n65,r17,v00,,90000,0.004,20.0,1.7,0.0,,none,65,9.99627375316e+19,0.335943761725,0.388005682073,0.388005682073,0.4625278854089797,0.4625278854089797,-0.0745222033359797,0.0745222033359797,1,bound_mass_fraction,tuned_gradient_boosting,identity
Ma_xp_A2000_n65_r17_v00_90000_fof_0.0045_0000.hdf5,Ma_xp_A2000_n65_r17_v00_90000.hdf5,A2000,n65,r17,v00,,90000,0.0045,20.0,1.7,0.0,,none,65,9.99627375316e+19,0.335943761725,0.388005682073,0.388005682073,0.4582862845655372,0.4582862845655372,-0.0702806024925372,0.0702806024925372,1,bound_mass_fraction,tuned_gradient_boosting,identity
Ma_xp_A2000_n65_r17_v00_90000_fof_0.0050_0000.hdf5,Ma_xp_A2000_n65_r17_v00_90000.hdf5,A2000,n65,r17,v00,,90000,0.005,20.0,1.7,0.0,,none,65,9.99627375316e+19,0.335943761725,0.388005682073,0.388005682073,0.4564462312010107,0.4564462312010107,-0.0684405491280106,0.0684405491280106,1,bound_mass_fraction,tuned_gradient_boosting,identity
Ma_xp_A2000_n65_r17_v00_90000_fof_0.0060_0000.hdf5,Ma_xp_A2000_n65_r17_v00_90000.hdf5,A2000,n65,r17,v00,,90000,0.006,20.0,1.7,0.0,,none,65,9.99627375316e+19,0.335943761725,0.388005682073,0.388005682073,0.4544679691633169,0.4544679691633169,-0.0664622870903168,0.0664622870903168,1,bound_mass_fraction,tuned_gradient_boosting,identity
Ma_xp_A2000_n65_r17_v00_90000_fof_0.0080_0000.hdf5,Ma_xp_A2000_n65_r17_v00_90000.hdf5,A2000,n65,r17,v00,,90000,0.008,20.0,1.7,0.0,,none,65,9.99627375316e+19,0.335943761725,0.388005682073,0.388005682073,0.4514848544611469,0.4514848544611469,-0.0634791723881469,0.0634791723881469,1,bound_mass_fraction,tuned_gradient_boosting,identity
Ma_xp_A2000_s030z_n65_r17_v00_90000_fof_0.0040_0000.hdf5,Ma_xp_A2000_s030z_n65_r17_v00_90000.hdf5,A2000,n65,r17,v00,s030z,90000,0.004,20.0,1.7,0.0,3.0,z,65,9.95091151847e+19,0.474395758236,0.514184277176,0.514184277176,0.4819243122812725,0.4819243122812725,0.0322599648947274,0.0322599648947274,0,bound_mass_fraction,tuned_gradient_boosting,identity
Ma_xp_A2000_s047z_n65_r17_v00_90000_fof_0.0040_0000.hdf5,Ma_xp_A2000_s047z_n65_r17_v00_90000.hdf5,A2000,n65,r17,v00,s047z,90000,0.004,20.0,1.7,0.0,4.7,z,65,1.00070020115e+20,0.472232359078,0.501777832309,0.501777832309,0.4724808767411534,0.4724808767411534,0.0292969555678465,0.0292969555678465,3,bound_mass_fraction,tuned_gradient_boosting,identity
Ma_xp_A2000_n65_r18_v00_90000_fof_0.0010_0000.hdf5,Ma_xp_A2000_n65_r18_v00_90000.hdf5,A2000,n65,r18,v00,,90000,0.001,20.0,1.8,0.0,,none,65,9.99627375316e+19,0.246237640174,0.415071436428,0.415071436428,0.4544066513961077,0.4544066513961077,-0.0393352149681077,0.0393352149681077,0,bound_mass_fraction,tuned_gradient_boosting,identity
Ma_xp_A2000_n65_r18_v00_90000_fof_0.0020_0000.hdf5,Ma_xp_A2000_n65_r18_v00_90000.hdf5,A2000,n65,r18,v00,,90000,0.002,20.0,1.8,0.0,,none,65,9.99627375316e+19,0.246237640174,0.415071436428,0.415071436428,0.4532484595451059,0.4532484595451059,-0.0381770231171059,0.0381770231171059,0,bound_mass_fraction,tuned_gradient_boosting,identity
Ma_xp_A2000_n65_r18_v00_90000_fof_0.0030_0000.hdf5,Ma_xp_A2000_n65_r18_v00_90000.hdf5,A2000,n65,r18,v00,,90000,0.003,20.0,1.8,0.0,,none,65,9.99627375316e+19,0.246237640174,0.415071436428,0.415071436428,0.4585189117534163,0.4585189117534163,-0.0434474753254163,0.0434474753254163,0,bound_mass_fraction,tuned_gradient_boosting,identity
Ma_xp_A2000_n65_r18_v00_90000_fof_0.0035_0000.hdf5,Ma_xp_A2000_n65_r18_v00_90000.hdf5,A2000,n65,r18,v00,,90000,0.0035,20.0,1.8,0.0,,none,65,9.99627375316e+19,0.246237640174,0.415071436428,0.415071436428,0.4590520708644263,0.4590520708644263,-0.0439806344364263,0.0439806344364263,0,bound_mass_fraction,tuned_gradient_boosting,identity
Ma_xp_A2000_n65_r18_v00_90000_fof_0.0040_0000.hdf5,Ma_xp_A2000_n65_r18_v00_90000.hdf5,A2000,n65,r18,v00,,90000,0.004,20.0,1.8,0.0,,none,65,9.99627375316e+19,0.246237640174,0.415071436428,0.415071436428,0.4593221661178349,0.4593221661178349,-0.0442507296898349,0.0442507296898349,0,bound_mass_fraction,tuned_gradient_boosting,identity
Ma_xp_A2000c30_n65_r18_v00_90000_fof_0.0040_0000.hdf5,Ma_xp_A2000c30_n65_r18_v00_90000.hdf5,A2000c30,n65,r18,v00,,90000,0.004,20.0,1.8,0.0,,none,65,9.99629741701e+19,0.171310150597,0.459062311754,0.459062311754,0.4218350781577716,0.4218350781577716,0.0372272335962283,0.0372272335962283,2,bound_mass_fraction,tuned_gradient_boosting,identity
Ma_xp_A2000_n65_r18_v00_90000_fof_0.0045_0000.hdf5,Ma_xp_A2000_n65_r18_v00_90000.hdf5,A2000,n65,r18,v00,,90000,0.0045,20.0,1.8,0.0,,none,65,9.99627375316e+19,0.246237640174,0.415071436428,0.415071436428,0.4586919196970041,0.4586919196970041,-0.0436204832690041,0.0436204832690041,0,bound_mass_fraction,tuned_gradient_boosting,identity
Ma_xp_A2000_n65_r18_v00_90000_fof_0.0050_0000.hdf5,Ma_xp_A2000_n65_r18_v00_90000.hdf5,A2000,n65,r18,v00,,90000,0.005,20.0,1.8,0.0,,none,65,9.99627375316e+19,0.246237640174,0.415071436428,0.415071436428,0.4586255541386895,0.4586255541386895,-0.0435541177106895,0.0435541177106895,0,bound_mass_fraction,tuned_gradient_boosting,identity
Ma_xp_A2000_n65_r18_v00_90000_fof_0.0060_0000.hdf5,Ma_xp_A2000_n65_r18_v00_90000.hdf5,A2000,n65,r18,v00,,90000,0.006,20.0,1.8,0.0,,none,65,9.99627375316e+19,0.246237640174,0.415071436428,0.415071436428,0.4583459518306723,0.4583459518306723,-0.0432745154026723,0.0432745154026723,0,bound_mass_fraction,tuned_gradient_boosting,identity
Ma_xp_A2000_n65_r18_v00_90000_fof_0.0080_0000.hdf5,Ma_xp_A2000_n65_r18_v00_90000.hdf5,A2000,n65,r18,v00,,90000,0.008,20.0,1.8,0.0,,none,65,9.99627375316e+19,0.246237640174,0.415071436428,0.415071436428,0.456159451362909,0.456159451362909,-0.0410880149349089,0.0410880149349089,0,bound_mass_fraction,tuned_gradient_boosting,identity
Ma_xp_A2000_s030z_n65_r18_v00_90000_fof_0.0040_0000.hdf5,Ma_xp_A2000_s030z_n65_r18_v00_90000.hdf5,A2000,n65,r18,v00,s030z,90000,0.004,20.0,1.8,0.0,3.0,z,65,9.95093669258e+19,0.472350461392,0.506989425658,0.506989425658,0.5020931760037227,0.5020931760037227,0.0048962496542772,0.0048962496542772,4,bound_mass_fraction,tuned_gradient_boosting,identity
Ma_xp_A2000_s047z_n65_r18_v00_90000_fof_0.0040_0000.hdf5,Ma_xp_A2000_s047z_n65_r18_v00_90000.hdf5,A2000,n65,r18,v00,s047z,90000,0.004,20.0,1.8,0.0,4.7,z,65,1.00070020115e+20,0.448643983862,0.510070272127,0.510070272127,0.4905141841820795,0.4905141841820795,0.0195560879449204,0.0195560879449204,2,bound_mass_fraction,tuned_gradient_boosting,identity
Ma_xp_A2000_n65_r18_v02_90000_fof_0.0040_0000.hdf5,Ma_xp_A2000_n65_r18_v02_90000.hdf5,A2000,n65,r18,v02,,90000,0.004,20.0,1.8,0.2,,none,65,9.99627375316e+19,0.188813379207,0.343828955338,0.343828955338,0.2996014567004728,0.2996014567004728,0.0442274986375272,0.0442274986375272,2,bound_mass_fraction,tuned_gradient_boosting,identity
Ma_xp_A2000_n65_r18_v04_90000_fof_0.0040_0000.hdf5,Ma_xp_A2000_n65_r18_v04_90000.hdf5,A2000,n65,r18,v04,,90000,0.004,20.0,1.8,0.4,,none,65,9.99627375316e+19,0.142868207808,0.16951787576,0.16951787576,0.1423449306346086,0.1423449306346086,0.0271729451253913,0.0271729451253913,1,bound_mass_fraction,tuned_gradient_boosting,identity
Ma_xp_A2000_n65_r18_v06_90000_fof_0.0040_0000.hdf5,Ma_xp_A2000_n65_r18_v06_90000.hdf5,A2000,n65,r18,v06,,90000,0.004,20.0,1.8,0.6,,none,65,9.99627375316e+19,0.0,0.0,0.0,0.0822027504148286,0.0822027504148286,-0.0822027504148286,0.0822027504148286,0,bound_mass_fraction,tuned_gradient_boosting,identity
Ma_xp_A2000_n65_r18_v08_90000_fof_0.0040_0000.hdf5,Ma_xp_A2000_n65_r18_v08_90000.hdf5,A2000,n65,r18,v08,,90000,0.004,20.0,1.8,0.8,,none,65,9.99627375316e+19,0.0,0.0,0.0,0.0,0.0,0.0,0.0,4,bound_mass_fraction,tuned_gradient_boosting,identity
Ma_xp_A2000_n65_r18_v10_90000_fof_0.0040_0000.hdf5,Ma_xp_A2000_n65_r18_v10_90000.hdf5,A2000,n65,r18,v10,,90000,0.004,20.0,1.8,1.0,,none,65,9.99627375316e+19,0.0,0.0,0.0,0.0,0.0,0.0,0.0,3,bound_mass_fraction,tuned_gradient_boosting,identity
Ma_xp_A2000_n65_r19_v00_90000_fof_0.0010_0000.hdf5,Ma_xp_A2000_n65_r19_v00_90000.hdf5,A2000,n65,r19,v00,,90000,0.001,20.0,1.9,0.0,,none,65,9.99627375316e+19,0.330645553561,0.575639271988,0.575639271988,0.517454921390055,0.517454921390055,0.058184350597945,0.058184350597945,4,bound_mass_fraction,tuned_gradient_boosting,identity
Ma_xp_A2000_n65_r19_v00_90000_fof_0.0020_0000.hdf5,Ma_xp_A2000_n65_r19_v00_90000.hdf5,A2000,n65,r19,v00,,90000,0.002,20.0,1.9,0.0,,none,65,9.99627375316e+19,0.330645553561,0.575639271988,0.575639271988,0.5154087638863073,0.5154087638863073,0.0602305081016927,0.0602305081016927,4,bound_mass_fraction,tuned_gradient_boosting,identity
Ma_xp_A2000_n65_r19_v00_90000_fof_0.0030_0000.hdf5,Ma_xp_A2000_n65_r19_v00_90000.hdf5,A2000,n65,r19,v00,,90000,0.003,20.0,1.9,0.0,,none,65,9.99627375316e+19,0.330645553561,0.575639271988,0.575639271988,0.5186212876546965,0.5186212876546965,0.0570179843333035,0.0570179843333035,4,bound_mass_fraction,tuned_gradient_boosting,identity
Ma_xp_A2000_n65_r19_v00_90000_fof_0.0035_0000.hdf5,Ma_xp_A2000_n65_r19_v00_90000.hdf5,A2000,n65,r19,v00,,90000,0.0035,20.0,1.9,0.0,,none,65,9.99627375316e+19,0.330645553561,0.575639271988,0.575639271988,0.5166552359364838,0.5166552359364838,0.0589840360515162,0.0589840360515162,4,bound_mass_fraction,tuned_gradient_boosting,identity
Ma_xp_A2000_n65_r19_v00_90000_fof_0.0040_0000.hdf5,Ma_xp_A2000_n65_r19_v00_90000.hdf5,A2000,n65,r19,v00,,90000,0.004,20.0,1.9,0.0,,none,65,9.99627375316e+19,0.330645553561,0.575639271988,0.575639271988,0.5151248037236551,0.5151248037236551,0.0605144682643449,0.0605144682643449,4,bound_mass_fraction,tuned_gradient_boosting,identity
Ma_xp_A2000_n65_r19_v00_90000_fof_0.0045_0000.hdf5,Ma_xp_A2000_n65_r19_v00_90000.hdf5,A2000,n65,r19,v00,,90000,0.0045,20.0,1.9,0.0,,none,65,9.99627375316e+19,0.330645553561,0.575639271988,0.575639271988,0.5199749799032525,0.5199749799032525,0.0556642920847475,0.0556642920847475,4,bound_mass_fraction,tuned_gradient_boosting,identity
Ma_xp_A2000_n65_r19_v00_90000_fof_0.0050_0000.hdf5,Ma_xp_A2000_n65_r19_v00_90000.hdf5,A2000,n65,r19,v00,,90000,0.005,20.0,1.9,0.0,,none,65,9.99627375316e+19,0.330645553561,0.575639271988,0.575639271988,0.5199749799032525,0.5199749799032525,0.0556642920847475,0.0556642920847475,4,bound_mass_fraction,tuned_gradient_boosting,identity
Ma_xp_A2000_n65_r19_v00_90000_fof_0.0060_0000.hdf5,Ma_xp_A2000_n65_r19_v00_90000.hdf5,A2000,n65,r19,v00,,90000,0.006,20.0,1.9,0.0,,none,65,9.99627375316e+19,0.330645553561,0.575639271988,0.575639271988,0.5189466337581624,0.5189466337581624,0.0566926382298376,0.0566926382298376,4,bound_mass_fraction,tuned_gradient_boosting,identity
Ma_xp_A2000_n65_r19_v00_90000_fof_0.0080_0000.hdf5,Ma_xp_A2000_n65_r19_v00_90000.hdf5,A2000,n65,r19,v00,,90000,0.008,20.0,1.9,0.0,,none,65,9.99627375316e+19,0.330645553561,0.575639271988,0.575639271988,0.5177684979749676,0.5177684979749676,0.0578707740130324,0.0578707740130324,4,bound_mass_fraction,tuned_gradient_boosting,identity
Ma_xp_A2000_s030z_n65_r19_v00_90000_fof_0.0040_0000.hdf5,Ma_xp_A2000_s030z_n65_r19_v00_90000.hdf5,A2000,n65,r19,v00,s030z,90000,0.004,20.0,1.9,0.0,3.0,z,65,9.95093669258e+19,0.473627389378,0.508836828652,0.508836828652,0.5365950402530894,0.5365950402530894,-0.0277582116010893,0.0277582116010893,0,bound_mass_fraction,tuned_gradient_boosting,identity
Ma_xp_A2000_s047z_n65_r19_v00_90000_fof_0.0040_0000.hdf5,Ma_xp_A2000_s047z_n65_r19_v00_90000.hdf5,A2000,n65,r19,v00,s047z,90000,0.004,20.0,1.9,0.0,4.7,z,65,1.00070020115e+20,0.428679894684,0.500751989547,0.500751989547,0.5399727051729085,0.5399727051729085,-0.0392207156259085,0.0392207156259085,1,bound_mass_fraction,tuned_gradient_boosting,identity
Ma_xp_A2000_n65_r20_v00_90000_fof_0.0010_0000.hdf5,Ma_xp_A2000_n65_r20_v00_90000.hdf5,A2000,n65,r20,v00,,90000,0.001,20.0,2.0,0.0,,none,65,9.99627375316e+19,0.166148908122,0.566699455804,0.566699455804,0.506024843558305,0.506024843558305,0.060674612245695,0.060674612245695,3,bound_mass_fraction,tuned_gradient_boosting,identity
Ma_xp_A2000_n65_r20_v00_90000_fof_0.0020_0000.hdf5,Ma_xp_A2000_n65_r20_v00_90000.hdf5,A2000,n65,r20,v00,,90000,0.002,20.0,2.0,0.0,,none,65,9.99627375316e+19,0.166148908122,0.566699455804,0.566699455804,0.506024843558305,0.506024843558305,0.060674612245695,0.060674612245695,3,bound_mass_fraction,tuned_gradient_boosting,identity
Ma_xp_A2000_n65_r20_v00_90000_fof_0.0030_0000.hdf5,Ma_xp_A2000_n65_r20_v00_90000.hdf5,A2000,n65,r20,v00,,90000,0.003,20.0,2.0,0.0,,none,65,9.99627375316e+19,0.166148908122,0.566699455804,0.566699455804,0.5056399618560266,0.5056399618560266,0.0610594939479735,0.0610594939479735,3,bound_mass_fraction,tuned_gradient_boosting,identity
Ma_xp_A2000_n65_r20_v00_90000_fof_0.0035_0000.hdf5,Ma_xp_A2000_n65_r20_v00_90000.hdf5,A2000,n65,r20,v00,,90000,0.0035,20.0,2.0,0.0,,none,65,9.99627375316e+19,0.166148908122,0.566699455804,0.566699455804,0.5069262838998203,0.5069262838998203,0.0597731719041797,0.0597731719041797,3,bound_mass_fraction,tuned_gradient_boosting,identity
Ma_xp_A2000_n65_r20_v00_90000_fof_0.0040_0000.hdf5,Ma_xp_A2000_n65_r20_v00_90000.hdf5,A2000,n65,r20,v00,,90000,0.004,20.0,2.0,0.0,,none,65,9.99627375316e+19,0.166148908122,0.566699455804,0.566699455804,0.5044624218523311,0.5044624218523311,0.0622370339516689,0.0622370339516689,3,bound_mass_fraction,tuned_gradient_boosting,identity
Ma_xp_A2000c30_n65_r20_v00_90000_fof_0.0040_0000.hdf5,Ma_xp_A2000c30_n65_r20_v00_90000.hdf5,A2000c30,n65,r20,v00,,90000,0.004,20.0,2.0,0.0,,none,65,9.99629741701e+19,0.117691218463,0.529835321729,0.529835321729,0.5519802712120391,0.5519802712120391,-0.022144949483039,0.022144949483039,1,bound_mass_fraction,tuned_gradient_boosting,identity
Ma_xp_A2000_n65_r20_v00_90000_fof_0.0045_0000.hdf5,Ma_xp_A2000_n65_r20_v00_90000.hdf5,A2000,n65,r20,v00,,90000,0.0045,20.0,2.0,0.0,,none,65,9.99627375316e+19,0.166148908122,0.566699455804,0.566699455804,0.5077455708508171,0.5077455708508171,0.0589538849531829,0.0589538849531829,3,bound_mass_fraction,tuned_gradient_boosting,identity
Ma_xp_A2000_n65_r20_v00_90000_fof_0.0050_0000.hdf5,Ma_xp_A2000_n65_r20_v00_90000.hdf5,A2000,n65,r20,v00,,90000,0.005,20.0,2.0,0.0,,none,65,9.99627375316e+19,0.166148908122,0.566699455804,0.566699455804,0.5090609949184718,0.5090609949184718,0.0576384608855282,0.0576384608855282,3,bound_mass_fraction,tuned_gradient_boosting,identity
Ma_xp_A2000_n65_r20_v00_90000_fof_0.0060_0000.hdf5,Ma_xp_A2000_n65_r20_v00_90000.hdf5,A2000,n65,r20,v00,,90000,0.006,20.0,2.0,0.0,,none,65,9.99627375316e+19,0.166148908122,0.566699455804,0.566699455804,0.5090609949184718,0.5090609949184718,0.0576384608855282,0.0576384608855282,3,bound_mass_fraction,tuned_gradient_boosting,identity
Ma_xp_A2000_n65_r20_v00_90000_fof_0.0080_0000.hdf5,Ma_xp_A2000_n65_r20_v00_90000.hdf5,A2000,n65,r20,v00,,90000,0.008,20.0,2.0,0.0,,none,65,9.99627375316e+19,0.166148908122,0.566699455804,0.566699455804,0.5090609949184718,0.5090609949184718,0.0576384608855282,0.0576384608855282,3,bound_mass_fraction,tuned_gradient_boosting,identity
Ma_xp_A2000_s030x_n65_r20_v00_90000_fof_0.0040_0000.hdf5,Ma_xp_A2000_s030x_n65_r20_v00_90000.hdf5,A2000,n65,r20,v00,s030x,90000,0.004,20.0,2.0,0.0,3.0,x,65,9.95093669258e+19,0.274134112856,0.545202713108,0.545202713108,0.5859166162961059,0.5859166162961059,-0.0407139031881059,0.0407139031881059,3,bound_mass_fraction,tuned_gradient_boosting,identity
Ma_xp_A2000_s036x_n65_r20_v00_90000_fof_0.0040_0000.hdf5,Ma_xp_A2000_s036x_n65_r20_v00_90000.hdf5,A2000,n65,r20,v00,s036x,90000,0.004,20.0,2.0,0.0,3.6,x,65,1.00161290787e+20,0.27993810783,0.577233977827,0.577233977827,0.53838600583548,0.53838600583548,0.03884797199152,0.03884797199152,1,bound_mass_fraction,tuned_gradient_boosting,identity
Ma_xp_A2000_s047x_n65_r20_v00_90000_fof_0.0040_0000.hdf5,Ma_xp_A2000_s047x_n65_r20_v00_90000.hdf5,A2000,n65,r20,v00,s047x,90000,0.004,20.0,2.0,0.0,4.7,x,65,1.00070020115e+20,0.232231321851,0.562640918983,0.562640918983,0.553951518563693,0.553951518563693,0.0086894004193069,0.0086894004193069,4,bound_mass_fraction,tuned_gradient_boosting,identity
Ma_xp_A2000_s086x_n65_r20_v00_90000_fof_0.0040_0000.hdf5,Ma_xp_A2000_s086x_n65_r20_v00_90000.hdf5,A2000,n65,r20,v00,s086x,90000,0.004,20.0,2.0,0.0,8.6,x,65,1.00004962613e+20,0.179995243935,0.536468963197,0.536468963197,0.5508236678308838,0.5508236678308838,-0.0143547046338837,0.0143547046338837,3,bound_mass_fraction,tuned_gradient_boosting,identity
Ma_xp_A2000_s170x_n65_r20_v00_90000_fof_0.0040_0000.hdf5,Ma_xp_A2000_s170x_n65_r20_v00_90000.hdf5,A2000,n65,r20,v00,s170x,90000,0.004,20.0,2.0,0.0,17.0,x,65,9.98512966486e+19,0.172611490146,0.542222608723,0.542222608723,0.5991775608133065,0.5991775608133065,-0.0569549520903065,0.0569549520903065,3,bound_mass_fraction,tuned_gradient_boosting,identity
Ma_xp_A2000_s030y_n65_r20_v00_90000_fof_0.0040_0000.hdf5,Ma_xp_A2000_s030y_n65_r20_v00_90000.hdf5,A2000,n65,r20,v00,s030y,90000,0.004,20.0,2.0,0.0,3.0,y,65,9.95093669258e+19,0.228208028582,0.527247296805,0.527247296805,0.5551026391647268,0.5551026391647268,-0.0278553423597267,0.0278553423597267,4,bound_mass_fraction,tuned_gradient_boosting,identity
Ma_xp_A2000_s036y_n65_r20_v00_90000_fof_0.0040_0000.hdf5,Ma_xp_A2000_s036y_n65_r20_v00_90000.hdf5,A2000,n65,r20,v00,s036y,90000,0.004,20.0,2.0,0.0,3.6,y,65,1.00161290787e+20,0.238005625066,0.546346711259,0.546346711259,0.5377003698955531,0.5377003698955531,0.0086463413634468,0.0086463413634468,3,bound_mass_fraction,tuned_gradient_boosting,identity
Ma_xp_A2000_s047y_n65_r20_v00_90000_fof_0.0040_0000.hdf5,Ma_xp_A2000_s047y_n65_r20_v00_90000.hdf5,A2000,n65,r20,v00,s047y,90000,0.004,20.0,2.0,0.0,4.7,y,65,1.00070020115e+20,0.167842928421,0.571898802066,0.571898802066,0.5292172092493913,0.5292172092493913,0.0426815928166086,0.0426815928166086,3,bound_mass_fraction,tuned_gradient_boosting,identity
Ma_xp_A2000_s086y_n65_r20_v00_90000_fof_0.0040_0000.hdf5,Ma_xp_A2000_s086y_n65_r20_v00_90000.hdf5,A2000,n65,r20,v00,s086y,90000,0.004,20.0,2.0,0.0,8.6,y,65,9.99921863789e+19,0.204912656229,0.551854374969,0.551854374969,0.4997320895325843,0.4997320895325843,0.0521222854364156,0.0521222854364156,4,bound_mass_fraction,tuned_gradient_boosting,identity
Ma_xp_A2000_s170y_n65_r20_v00_90000_fof_0.0040_0000.hdf5,Ma_xp_A2000_s170y_n65_r20_v00_90000.hdf5,A2000,n65,r20,v00,s170y,90000,0.004,20.0,2.0,0.0,17.0,y,65,9.98512966486e+19,0.198759121202,0.531398755643,0.531398755643,0.5649939366672672,0.5649939366672672,-0.0335951810242671,0.0335951810242671,4,bound_mass_fraction,tuned_gradient_boosting,identity
Ma_xp_A2000_s030z_n65_r20_v00_90000_fof_0.0040_0000.hdf5,Ma_xp_A2000_s030z_n65_r20_v00_90000.hdf5,A2000,n65,r20,v00,s030z,90000,0.004,20.0,2.0,0.0,3.0,z,65,9.95092410552e+19,0.468067747472,0.508562986181,0.508562986181,0.5130021441512498,0.5130021441512498,-0.0044391579702497,0.0044391579702497,1,bound_mass_fraction,tuned_gradient_boosting,identity
Ma_xp_A2000_s036z_n65_r20_v00_90000_fof_0.0040_0000.hdf5,Ma_xp_A2000_s036z_n65_r20_v00_90000.hdf5,A2000,n65,r20,v00,s036z,90000,0.004,20.0,2.0,0.0,3.6,z,65,1.00161290787e+20,0.465691461271,0.494201008515,0.494201008515,0.5174389053382363,0.5174389053382363,-0.0232378968232363,0.0232378968232363,4,bound_mass_fraction,tuned_gradient_boosting,identity
Ma_xp_A2000_s047z_n65_r20_v00_90000_fof_0.0040_0000.hdf5,Ma_xp_A2000_s047z_n65_r20_v00_90000.hdf5,A2000,n65,r20,v00,s047z,90000,0.004,20.0,2.0,0.0,4.7,z,65,1.00070020115e+20,0.401838801016,0.466187349752,0.466187349752,0.528479426160824,0.528479426160824,-0.062292076408824,0.062292076408824,0,bound_mass_fraction,tuned_gradient_boosting,identity
Ma_xp_A2000_s086z_n65_r20_v00_90000_fof_0.0040_0000.hdf5,Ma_xp_A2000_s086z_n65_r20_v00_90000.hdf5,A2000,n65,r20,v00,s086z,90000,0.004,20.0,2.0,0.0,8.6,z,65,1.00004962613e+20,0.227811090613,0.432060369139,0.432060369139,0.5229888981825803,0.5229888981825803,-0.0909285290435803,0.0909285290435803,0,bound_mass_fraction,tuned_gradient_boosting,identity
Ma_xp_A2000_s170z_n65_r20_v00_90000_fof_0.0040_0000.hdf5,Ma_xp_A2000_s170z_n65_r20_v00_90000.hdf5,A2000,n65,r20,v00,s170z,90000,0.004,20.0,2.0,0.0,17.0,z,65,9.98512650728e+19,0.336968902758,0.572434899696,0.572434899696,0.5039365205898858,0.5039365205898858,0.0684983791061142,0.0684983791061142,0,bound_mass_fraction,tuned_gradient_boosting,identity
Ma_xp_A2000_n65_r20_v02_90000_fof_0.0040_0000.hdf5,Ma_xp_A2000_n65_r20_v02_90000.hdf5,A2000,n65,r20,v02,,90000,0.004,20.0,2.0,0.2,,none,65,9.99627375316e+19,0.0501481707534,0.376890629381,0.376890629381,0.3748363065226157,0.3748363065226157,0.0020543228583843,0.0020543228583843,1,bound_mass_fraction,tuned_gradient_boosting,identity
Ma_xp_A2000_s030z_n65_r20_v02_90000_fof_0.0040_0000.hdf5,Ma_xp_A2000_s030z_n65_r20_v02_90000.hdf5,A2000,n65,r20,v02,s030z,90000,0.004,20.0,2.0,0.2,3.0,z,65,9.95092410552e+19,0.454958189884,0.480140392686,0.480140392686,0.4574815322135517,0.4574815322135517,0.0226588604724482,0.0226588604724482,2,bound_mass_fraction,tuned_gradient_boosting,identity
Ma_xp_A2000_s047z_n65_r20_v02_90000_fof_0.0040_0000.hdf5,Ma_xp_A2000_s047z_n65_r20_v02_90000.hdf5,A2000,n65,r20,v02,s047z,90000,0.004,20.0,2.0,0.2,4.7,z,65,1.00070020115e+20,0.380285351256,0.4436943874,0.4436943874,0.4406424219492358,0.4406424219492358,0.0030519654507641,0.0030519654507641,4,bound_mass_fraction,tuned_gradient_boosting,identity
Ma_xp_A2000_n65_r20_v04_90000_fof_0.0040_0000.hdf5,Ma_xp_A2000_n65_r20_v04_90000.hdf5,A2000,n65,r20,v04,,90000,0.004,20.0,2.0,0.4,,none,65,9.99627375316e+19,5.26691648374e-06,0.0231034840653,0.0231034840653,0.2428617983740245,0.2428617983740245,-0.2197583143087245,0.2197583143087245,4,bound_mass_fraction,tuned_gradient_boosting,identity
Ma_xp_A2000_s030z_n65_r20_v04_90000_fof_0.0040_0000.hdf5,Ma_xp_A2000_s030z_n65_r20_v04_90000.hdf5,A2000,n65,r20,v04,s030z,90000,0.004,20.0,2.0,0.4,3.0,z,65,9.95093669258e+19,0.393459206768,0.428499464152,0.428499464152,0.4030390673280506,0.4030390673280506,0.0254603968239493,0.0254603968239493,0,bound_mass_fraction,tuned_gradient_boosting,identity
Ma_xp_A2000_s047z_n65_r20_v04_90000_fof_0.0040_0000.hdf5,Ma_xp_A2000_s047z_n65_r20_v04_90000.hdf5,A2000,n65,r20,v04,s047z,90000,0.004,20.0,2.0,0.4,4.7,z,65,1.00070020115e+20,0.306331068932,0.37491106095,0.37491106095,0.308338277565118,0.308338277565118,0.0665727833848819,0.0665727833848819,3,bound_mass_fraction,tuned_gradient_boosting,identity
Ma_xp_A2000_n65_r20_v06_90000_fof_0.0040_0000.hdf5,Ma_xp_A2000_n65_r20_v06_90000.hdf5,A2000,n65,r20,v06,,90000,0.004,20.0,2.0,0.6,,none,65,9.99627375316e+19,0.0,0.0,0.0,0.0165705444460512,0.0165705444460512,-0.0165705444460512,0.0165705444460512,2,bound_mass_fraction,tuned_gradient_boosting,identity
Ma_xp_A2000_s030z_n65_r20_v06_90000_fof_0.0040_0000.hdf5,Ma_xp_A2000_s030z_n65_r20_v06_90000.hdf5,A2000,n65,r20,v06,s030z,90000,0.004,20.0,2.0,0.6,3.0,z,65,9.95093669258e+19,0.30627614216,0.339140435832,0.339140435832,0.2862117287804158,0.2862117287804158,0.0529287070515841,0.0529287070515841,4,bound_mass_fraction,tuned_gradient_boosting,identity
Ma_xp_A2000_s047z_n65_r20_v06_90000_fof_0.0040_0000.hdf5,Ma_xp_A2000_s047z_n65_r20_v06_90000.hdf5,A2000,n65,r20,v06,s047z,90000,0.004,20.0,2.0,0.6,4.7,z,65,1.00070020115e+20,0.220977409323,0.232183255236,0.232183255236,0.2149776515596689,0.2149776515596689,0.017205603676331,0.017205603676331,2,bound_mass_fraction,tuned_gradient_boosting,identity
Ma_xp_A2000_s030z_n65_r20_v08_90000_fof_0.0040_0000.hdf5,Ma_xp_A2000_s030z_n65_r20_v08_90000.hdf5,A2000,n65,r20,v08,s030z,90000,0.004,20.0,2.0,0.8,3.0,z,65,9.95093669258e+19,0.199261797749,0.2233612046,0.2233612046,0.2019343103870593,0.2019343103870593,0.0214268942129406,0.0214268942129406,3,bound_mass_fraction,tuned_gradient_boosting,identity
Ma_xp_A2000_s047z_n65_r20_v08_90000_fof_0.0040_0000.hdf5,Ma_xp_A2000_s047z_n65_r20_v08_90000.hdf5,A2000,n65,r20,v08,s047z,90000,0.004,20.0,2.0,0.8,4.7,z,65,1.0006998847e+20,0.0832574123013,0.10126880093,0.10126880093,0.1344974193157032,0.1344974193157032,-0.0332286183857032,0.0332286183857032,1,bound_mass_fraction,tuned_gradient_boosting,identity
Ma_xp_A2000_s030z_n65_r20_v10_90000_fof_0.0040_0000.hdf5,Ma_xp_A2000_s030z_n65_r20_v10_90000.hdf5,A2000,n65,r20,v10,s030z,90000,0.004,20.0,2.0,1.0,3.0,z,65,9.95093669258e+19,0.0879676258595,0.107791316194,0.107791316194,0.1263961482256739,0.1263961482256739,-0.0186048320316739,0.0186048320316739,2,bound_mass_fraction,tuned_gradient_boosting,identity
Ma_xp_A2000_s047z_n65_r20_v10_90000_fof_0.0040_0000.hdf5,Ma_xp_A2000_s047z_n65_r20_v10_90000.hdf5,A2000,n65,r20,v10,s047z,90000,0.004,20.0,2.0,1.0,4.7,z,65,1.00070020115e+20,0.0,0.0,0.0,0.0180457280461229,0.0180457280461229,-0.0180457280461229,0.0180457280461229,0,bound_mass_fraction,tuned_gradient_boosting,identity
Ma_xp_A2000_n65_r22_v00_90000_fof_0.0010_0000.hdf5,Ma_xp_A2000_n65_r22_v00_90000.hdf5,A2000,n65,r22,v00,,90000,0.001,20.0,2.2,0.0,,none,65,9.99627375316e+19,0.146226021975,0.515823830938,0.515823830938,0.5266073198964946,0.5266073198964946,-0.0107834889584945,0.0107834889584945,2,bound_mass_fraction,tuned_gradient_boosting,identity
Ma_xp_A2000_n65_r22_v00_90000_fof_0.0020_0000.hdf5,Ma_xp_A2000_n65_r22_v00_90000.hdf5,A2000,n65,r22,v00,,90000,0.002,20.0,2.2,0.0,,none,65,9.99627375316e+19,0.146226021975,0.515823830938,0.515823830938,0.5272352605535977,0.5272352605535977,-0.0114114296155977,0.0114114296155977,2,bound_mass_fraction,tuned_gradient_boosting,identity
Ma_xp_A2000_n65_r22_v00_90000_fof_0.0030_0000.hdf5,Ma_xp_A2000_n65_r22_v00_90000.hdf5,A2000,n65,r22,v00,,90000,0.003,20.0,2.2,0.0,,none,65,9.99627375316e+19,0.146226021975,0.515823830938,0.515823830938,0.5254471859303491,0.5254471859303491,-0.0096233549923491,0.0096233549923491,2,bound_mass_fraction,tuned_gradient_boosting,identity
Ma_xp_A2000_n65_r22_v00_90000_fof_0.0035_0000.hdf5,Ma_xp_A2000_n65_r22_v00_90000.hdf5,A2000,n65,r22,v00,,90000,0.0035,20.0,2.2,0.0,,none,65,9.99627375316e+19,0.146226021975,0.515823830938,0.515823830938,0.5246093757004939,0.5246093757004939,-0.0087855447624939,0.0087855447624939,2,bound_mass_fraction,tuned_gradient_boosting,identity
Ma_xp_A2000_n65_r22_v00_90000_fof_0.0040_0000.hdf5,Ma_xp_A2000_n65_r22_v00_90000.hdf5,A2000,n65,r22,v00,,90000,0.004,20.0,2.2,0.0,,none,65,9.99627375316e+19,0.146226021975,0.515823830938,0.515823830938,0.5197341992566042,0.5197341992566042,-0.0039103683186042,0.0039103683186042,2,bound_mass_fraction,tuned_gradient_boosting,identity
Ma_xp_A2000c30_n65_r22_v00_90000_fof_0.0040_0000.hdf5,Ma_xp_A2000c30_n65_r22_v00_90000.hdf5,A2000c30,n65,r22,v00,,90000,0.004,20.0,2.2,0.0,,none,65,9.99629741701e+19,0.00877856444358,0.511131625269,0.511131625269,0.5155840771689097,0.5155840771689097,-0.0044524518999097,0.0044524518999097,4,bound_mass_fraction,tuned_gradient_boosting,identity
Ma_xp_A2000_n65_r22_v00_90000_fof_0.0045_0000.hdf5,Ma_xp_A2000_n65_r22_v00_90000.hdf5,A2000,n65,r22,v00,,90000,0.0045,20.0,2.2,0.0,,none,65,9.99627375316e+19,0.146226021975,0.515823830938,0.515823830938,0.5244658657182858,0.5244658657182858,-0.0086420347802858,0.0086420347802858,2,bound_mass_fraction,tuned_gradient_boosting,identity
Ma_xp_A2000_n65_r22_v00_90000_fof_0.0050_0000.hdf5,Ma_xp_A2000_n65_r22_v00_90000.hdf5,A2000,n65,r22,v00,,90000,0.005,20.0,2.2,0.0,,none,65,9.99627375316e+19,0.146226021975,0.515823830938,0.515823830938,0.524691150447696,0.524691150447696,-0.0088673195096959,0.0088673195096959,2,bound_mass_fraction,tuned_gradient_boosting,identity
Ma_xp_A2000_n65_r22_v00_90000_fof_0.0060_0000.hdf5,Ma_xp_A2000_n65_r22_v00_90000.hdf5,A2000,n65,r22,v00,,90000,0.006,20.0,2.2,0.0,,none,65,9.99627375316e+19,0.146226021975,0.515823830938,0.515823830938,0.5248634042191508,0.5248634042191508,-0.0090395732811507,0.0090395732811507,2,bound_mass_fraction,tuned_gradient_boosting,identity
Ma_xp_A2000_n65_r22_v00_90000_fof_0.0080_0000.hdf5,Ma_xp_A2000_n65_r22_v00_90000.hdf5,A2000,n65,r22,v00,,90000,0.008,20.0,2.2,0.0,,none,65,9.99627375316e+19,0.146226021975,0.515823830938,0.515823830938,0.5256669720721843,0.5256669720721843,-0.0098431411341842,0.0098431411341842,2,bound_mass_fraction,tuned_gradient_boosting,identity
Ma_xp_A2000_s030z_n65_r22_v00_90000_fof_0.0040_0000.hdf5,Ma_xp_A2000_s030z_n65_r22_v00_90000.hdf5,A2000,n65,r22,v00,s030z,90000,0.004,20.0,2.2,0.0,3.0,z,65,9.95093669258e+19,0.469794075598,0.49803733196,0.49803733196,0.4776455306528225,0.4776455306528225,0.0203918013071774,0.0203918013071774,1,bound_mass_fraction,tuned_gradient_boosting,identity
Ma_xp_A2000_s047z_n65_r22_v00_90000_fof_0.0040_0000.hdf5,Ma_xp_A2000_s047z_n65_r22_v00_90000.hdf5,A2000,n65,r22,v00,s047z,90000,0.004,20.0,2.2,0.0,4.7,z,65,1.00070020115e+20,0.26538843201,0.488914953081,0.488914953081,0.5031106030917873,0.5031106030917873,-0.0141956500107873,0.0141956500107873,4,bound_mass_fraction,tuned_gradient_boosting,identity
Ma_xp_A2000_n65_r24_v00_90000_fof_0.0010_0000.hdf5,Ma_xp_A2000_n65_r24_v00_90000.hdf5,A2000,n65,r24,v00,,90000,0.001,20.0,2.4,0.0,,none,65,9.99627375316e+19,0.0635890318013,0.513014705541,0.513014705541,0.5126899917848157,0.5126899917848157,0.0003247137561843,0.0003247137561843,4,bound_mass_fraction,tuned_gradient_boosting,identity
Ma_xp_A2000_n65_r24_v00_90000_fof_0.0020_0000.hdf5,Ma_xp_A2000_n65_r24_v00_90000.hdf5,A2000,n65,r24,v00,,90000,0.002,20.0,2.4,0.0,,none,65,9.99627375316e+19,0.0635890318013,0.513014705541,0.513014705541,0.510643834281068,0.510643834281068,0.002370871259932,0.002370871259932,4,bound_mass_fraction,tuned_gradient_boosting,identity
Ma_xp_A2000_n65_r24_v00_90000_fof_0.0030_0000.hdf5,Ma_xp_A2000_n65_r24_v00_90000.hdf5,A2000,n65,r24,v00,,90000,0.003,20.0,2.4,0.0,,none,65,9.99627375316e+19,0.0635890318013,0.513014705541,0.513014705541,0.5100431262672144,0.5100431262672144,0.0029715792737856,0.0029715792737856,4,bound_mass_fraction,tuned_gradient_boosting,identity
Ma_xp_A2000_n65_r24_v00_90000_fof_0.0035_0000.hdf5,Ma_xp_A2000_n65_r24_v00_90000.hdf5,A2000,n65,r24,v00,,90000,0.0035,20.0,2.4,0.0,,none,65,9.99627375316e+19,0.0635890318013,0.513014705541,0.513014705541,0.509730079424435,0.509730079424435,0.0032846261165649,0.0032846261165649,4,bound_mass_fraction,tuned_gradient_boosting,identity
Ma_xp_A2000_n65_r24_v00_90000_fof_0.0040_0000.hdf5,Ma_xp_A2000_n65_r24_v00_90000.hdf5,A2000,n65,r24,v00,,90000,0.004,20.0,2.4,0.0,,none,65,9.99627375316e+19,0.0635890318013,0.513014705541,0.513014705541,0.5062837803352473,0.5062837803352473,0.0067309252057526,0.0067309252057526,4,bound_mass_fraction,tuned_gradient_boosting,identity
Ma_xp_A2000_n65_r24_v00_90000_fof_0.0045_0000.hdf5,Ma_xp_A2000_n65_r24_v00_90000.hdf5,A2000,n65,r24,v00,,90000,0.0045,20.0,2.4,0.0,,none,65,9.99627375316e+19,0.0635890318013,0.513014705541,0.513014705541,0.5098210760377333,0.5098210760377333,0.0031936295032667,0.0031936295032667,4,bound_mass_fraction,tuned_gradient_boosting,identity
Ma_xp_A2000_n65_r24_v00_90000_fof_0.0050_0000.hdf5,Ma_xp_A2000_n65_r24_v00_90000.hdf5,A2000,n65,r24,v00,,90000,0.005,20.0,2.4,0.0,,none,65,9.99627375316e+19,0.0635890318013,0.513014705541,0.513014705541,0.5098210760377333,0.5098210760377333,0.0031936295032667,0.0031936295032667,4,bound_mass_fraction,tuned_gradient_boosting,identity
Ma_xp_A2000_n65_r24_v00_90000_fof_0.0060_0000.hdf5,Ma_xp_A2000_n65_r24_v00_90000.hdf5,A2000,n65,r24,v00,,90000,0.006,20.0,2.4,0.0,,none,65,9.99627375316e+19,0.0635890318013,0.513014705541,0.513014705541,0.5087927298926432,0.5087927298926432,0.0042219756483568,0.0042219756483568,4,bound_mass_fraction,tuned_gradient_boosting,identity
Ma_xp_A2000_n65_r24_v00_90000_fof_0.0080_0000.hdf5,Ma_xp_A2000_n65_r24_v00_90000.hdf5,A2000,n65,r24,v00,,90000,0.008,20.0,2.4,0.0,,none,65,9.99627375316e+19,0.0635890318013,0.513014705541,0.513014705541,0.5076145941094484,0.5076145941094484,0.0054001114315516,0.0054001114315516,4,bound_mass_fraction,tuned_gradient_boosting,identity
Ma_xp_A2000_s030z_n65_r24_v00_90000_fof_0.0040_0000.hdf5,Ma_xp_A2000_s030z_n65_r24_v00_90000.hdf5,A2000,n65,r24,v00,s030z,90000,0.004,20.0,2.4,0.0,3.0,z,65,9.95093669258e+19,0.420455893016,0.472523754244,0.472523754244,0.4587368459665515,0.4587368459665515,0.0137869082774484,0.0137869082774484,0,bound_mass_fraction,tuned_gradient_boosting,identity
Ma_xp_A2000_s047z_n65_r24_v00_90000_fof_0.0040_0000.hdf5,Ma_xp_A2000_s047z_n65_r24_v00_90000.hdf5,A2000,n65,r24,v00,s047z,90000,0.004,20.0,2.4,0.0,4.7,z,65,1.00070020115e+20,0.184769966461,0.498798650846,0.498798650846,0.4919795840121637,0.4919795840121637,0.0068190668338362,0.0068190668338362,0,bound_mass_fraction,tuned_gradient_boosting,identity
Ma_xp_A2000_s030z_n65_r26_v00_90000_fof_0.0040_0000.hdf5,Ma_xp_A2000_s030z_n65_r26_v00_90000.hdf5,A2000,n65,r26,v00,s030z,90000,0.004,20.0,2.6,0.0,3.0,z,65,9.95093669258e+19,0.330654461959,0.370593404689,0.370593404689,0.4799107705082512,0.4799107705082512,-0.1093173658192512,0.1093173658192512,4,bound_mass_fraction,tuned_gradient_boosting,identity
Ma_xp_A2000_s047z_n65_r26_v00_90000_fof_0.0040_0000.hdf5,Ma_xp_A2000_s047z_n65_r26_v00_90000.hdf5,A2000,n65,r26,v00,s047z,90000,0.004,20.0,2.6,0.0,4.7,z,65,1.00070020115e+20,0.193676520534,0.49682791962,0.49682791962,0.4254548398843445,0.4254548398843445,0.0713730797356554,0.0713730797356554,1,bound_mass_fraction,tuned_gradient_boosting,identity
Ma_xp_A2000_s030z_n65_r28_v00_90000_fof_0.0040_0000.hdf5,Ma_xp_A2000_s030z_n65_r28_v00_90000.hdf5,A2000,n65,r28,v00,s030z,90000,0.004,20.0,2.8,0.0,3.0,z,65,9.95093669258e+19,0.222939040445,0.509431336976,0.509431336976,0.4022470225238542,0.4022470225238542,0.1071843144521457,0.1071843144521457,3,bound_mass_fraction,tuned_gradient_boosting,identity
Ma_xp_A2000_s047z_n65_r28_v00_90000_fof_0.0040_0000.hdf5,Ma_xp_A2000_s047z_n65_r28_v00_90000.hdf5,A2000,n65,r28,v00,s047z,90000,0.004,20.0,2.8,0.0,4.7,z,65,1.00070020115e+20,0.145414160298,0.491048225362,0.491048225362,0.5547415875854128,0.5547415875854128,-0.0636933622234128,0.0636933622234128,2,bound_mass_fraction,tuned_gradient_boosting,identity
Ma_xp_A2000_s030z_n65_r30_v00_90000_fof_0.0040_0000.hdf5,Ma_xp_A2000_s030z_n65_r30_v00_90000.hdf5,A2000,n65,r30,v00,s030z,90000,0.004,20.0,3.0,0.0,3.0,z,65,9.95093669258e+19,0.179240465019,0.48638433635,0.48638433635,0.4446181443553992,0.4446181443553992,0.0417661919946007,0.0417661919946007,2,bound_mass_fraction,tuned_gradient_boosting,identity
Ma_xp_A2000_s047z_n65_r30_v00_90000_fof_0.0040_0000.hdf5,Ma_xp_A2000_s047z_n65_r30_v00_90000.hdf5,A2000,n65,r30,v00,s047z,90000,0.004,20.0,3.0,0.0,4.7,z,65,1.00070020115e+20,0.12394134861,0.488388433907,0.488388433907,0.4734874179699022,0.4734874179699022,0.0149010159370978,0.0149010159370978,0,bound_mass_fraction,tuned_gradient_boosting,identity
Ma_xp_A2050_n70_r12_v00_90000_fof_0.0030_0000.hdf5,Ma_xp_A2050_n70_r12_v00_90000.hdf5,A2050,n70,r12,v00,,90000,0.003,20.5,1.2,0.0,,none,70,3.16155733352e+20,0.489041087205,0.525494252673,0.525494252673,0.5142197798069704,0.5142197798069704,0.0112744728660295,0.0112744728660295,4,bound_mass_fraction,tuned_gradient_boosting,identity
Ma_xp_A2050_n70_r12_v00_90000_fof_0.0040_0000.hdf5,Ma_xp_A2050_n70_r12_v00_90000.hdf5,A2050,n70,r12,v00,,90000,0.004,20.5,1.2,0.0,,none,70,3.16155733352e+20,0.489041087205,0.525494252673,0.525494252673,0.513856492322767,0.513856492322767,0.011637760350233,0.011637760350233,4,bound_mass_fraction,tuned_gradient_boosting,identity
Ma_xp_A2050_n70_r12_v00_90000_fof_0.0050_0000.hdf5,Ma_xp_A2050_n70_r12_v00_90000.hdf5,A2050,n70,r12,v00,,90000,0.005,20.5,1.2,0.0,,none,70,3.16155733352e+20,0.489041087205,0.525494252673,0.525494252673,0.5138257913158482,0.5138257913158482,0.0116684613571518,0.0116684613571518,4,bound_mass_fraction,tuned_gradient_boosting,identity
Ma_xp_A2050_n70_r16_v00_90000_fof_0.0030_0000.hdf5,Ma_xp_A2050_n70_r16_v00_90000.hdf5,A2050,n70,r16,v00,,90000,0.003,20.5,1.6,0.0,,none,70,3.16155733352e+20,0.404844076418,0.459185915562,0.459185915562,0.456059870217012,0.456059870217012,0.0031260453449879,0.0031260453449879,3,bound_mass_fraction,tuned_gradient_boosting,identity
Ma_xp_A2050_n70_r16_v00_90000_fof_0.0040_0000.hdf5,Ma_xp_A2050_n70_r16_v00_90000.hdf5,A2050,n70,r16,v00,,90000,0.004,20.5,1.6,0.0,,none,70,3.16155733352e+20,0.404844076418,0.459185915562,0.459185915562,0.460458569556228,0.460458569556228,-0.001272653994228,0.001272653994228,3,bound_mass_fraction,tuned_gradient_boosting,identity
Ma_xp_A2050_n70_r16_v00_90000_fof_0.0050_0000.hdf5,Ma_xp_A2050_n70_r16_v00_90000.hdf5,A2050,n70,r16,v00,,90000,0.005,20.5,1.6,0.0,,none,70,3.16155733352e+20,0.404844076418,0.459185915562,0.459185915562,0.4575485519599686,0.4575485519599686,0.0016373636020314,0.0016373636020314,3,bound_mass_fraction,tuned_gradient_boosting,identity
Ma_xp_A2100_n70_r12_v00_90000_fof_0.0044_0000.hdf5,Ma_xp_A2100_n70_r12_v00_90000.hdf5,A2100,n70,r12,v00,,90000,0.0044,21.0,1.2,0.0,,none,70,9.99782214736e+20,0.504068250654,0.510967623109,0.510967623109,0.523475081795651,0.523475081795651,-0.012507458686651,0.012507458686651,0,bound_mass_fraction,tuned_gradient_boosting,identity
Ma_xp_A2100_n70_r12_v00_90000_fof_0.0059_0000.hdf5,Ma_xp_A2100_n70_r12_v00_90000.hdf5,A2100,n70,r12,v00,,90000,0.0059,21.0,1.2,0.0,,none,70,9.99782214736e+20,0.504068250654,0.510967623109,0.510967623109,0.523105939111631,0.523105939111631,-0.0121383160026309,0.0121383160026309,0,bound_mass_fraction,tuned_gradient_boosting,identity
Ma_xp_A2100_n70_r12_v00_90000_fof_0.0074_0000.hdf5,Ma_xp_A2100_n70_r12_v00_90000.hdf5,A2100,n70,r12,v00,,90000,0.0074,21.0,1.2,0.0,,none,70,9.99782214736e+20,0.504068250654,0.510967623109,0.510967623109,0.5266443858899023,0.5266443858899023,-0.0156767627809022,0.0156767627809022,0,bound_mass_fraction,tuned_gradient_boosting,identity
Ma_xp_A2100_n70_r16_v00_90000_fof_0.0044_0000.hdf5,Ma_xp_A2100_n70_r16_v00_90000.hdf5,A2100,n70,r16,v00,,90000,0.0044,21.0,1.6,0.0,,none,70,9.99782214736e+20,0.429669125526,0.463221289243,0.463221289243,0.4533710834308136,0.4533710834308136,0.0098502058121863,0.0098502058121863,1,bound_mass_fraction,tuned_gradient_boosting,identity
Ma_xp_A2100_n70_r16_v00_90000_fof_0.0059_0000.hdf5,Ma_xp_A2100_n70_r16_v00_90000.hdf5,A2100,n70,r16,v00,,90000,0.0059,21.0,1.6,0.0,,none,70,9.99782214736e+20,0.429669125526,0.463221289243,0.463221289243,0.4516284532488043,0.4516284532488043,0.0115928359941956,0.0115928359941956,1,bound_mass_fraction,tuned_gradient_boosting,identity
Ma_xp_A2100_n70_r16_v00_90000_fof_0.0074_0000.hdf5,Ma_xp_A2100_n70_r16_v00_90000.hdf5,A2100,n70,r16,v00,,90000,0.0074,21.0,1.6,0.0,,none,70,9.99782214736e+20,0.429669125526,0.463221289243,0.463221289243,0.4501925351711552,0.4501925351711552,0.0130287540718447,0.0130287540718447,1,bound_mass_fraction,tuned_gradient_boosting,identity
