panel_title,parameter_name,mass_log10_kg,periapsis_Rm,v_inf_kms,spin_period_hr,spin_axis,resolution_value,fof_linking_length,predicted_bmf,in_observed_slice_range
Periapsis,periapsis_Rm,20.0,1.0,0.0,4.7,z,65,0.004,0.19752634881184594,False
Periapsis,periapsis_Rm,20.0,1.0055617352614015,0.0,4.7,z,65,0.004,0.19752634881184594,False
Periapsis,periapsis_Rm,20.0,1.0111234705228032,0.0,4.7,z,65,0.004,0.19616437380081858,False
Periapsis,periapsis_Rm,20.0,1.0166852057842046,0.0,4.7,z,65,0.004,0.19616437380081858,False
Periapsis,periapsis_Rm,20.0,1.0222469410456063,0.0,4.7,z,65,0.004,0.19616437380081858,False
Periapsis,periapsis_Rm,20.0,1.0278086763070078,0.0,4.7,z,65,0.004,0.19616437380081858,False
Periapsis,periapsis_Rm,20.0,1.0333704115684093,0.0,4.7,z,65,0.004,0.2261317063236275,False
Periapsis,periapsis_Rm,20.0,1.038932146829811,0.0,4.7,z,65,0.004,0.2261317063236275,False
Periapsis,periapsis_Rm,20.0,1.0444938820912124,0.0,4.7,z,65,0.004,0.2301156206924971,False
Periapsis,periapsis_Rm,20.0,1.050055617352614,0.0,4.7,z,65,0.004,0.2301156206924971,False
Periapsis,periapsis_Rm,20.0,1.0556173526140156,0.0,4.7,z,65,0.004,0.2301156206924971,False
Periapsis,periapsis_Rm,20.0,1.061179087875417,0.0,4.7,z,65,0.004,0.2301156206924971,False
Periapsis,periapsis_Rm,20.0,1.0667408231368187,0.0,4.7,z,65,0.004,0.26726091233788374,False
Periapsis,periapsis_Rm,20.0,1.0723025583982202,0.0,4.7,z,65,0.004,0.2659419539357282,False
Periapsis,periapsis_Rm,20.0,1.0778642936596219,0.0,4.7,z,65,0.004,0.2659419539357282,False
Periapsis,periapsis_Rm,20.0,1.0834260289210234,0.0,4.7,z,65,0.004,0.2659419539357282,False
Periapsis,periapsis_Rm,20.0,1.0889877641824248,0.0,4.7,z,65,0.004,0.2659419539357282,False
Periapsis,periapsis_Rm,20.0,1.0945494994438265,0.0,4.7,z,65,0.004,0.2659419539357282,False
Periapsis,periapsis_Rm,20.0,1.100111234705228,0.0,4.7,z,65,0.004,0.26935454903171685,True
Periapsis,periapsis_Rm,20.0,1.1056729699666297,0.0,4.7,z,65,0.004,0.26935454903171685,True
Periapsis,periapsis_Rm,20.0,1.1112347052280311,0.0,4.7,z,65,0.004,0.26769191263598996,True
Periapsis,periapsis_Rm,20.0,1.1167964404894326,0.0,4.7,z,65,0.004,0.26769191263598996,True
Periapsis,periapsis_Rm,20.0,1.1223581757508343,0.0,4.7,z,65,0.004,0.26769191263598996,True
Periapsis,periapsis_Rm,20.0,1.1279199110122358,0.0,4.7,z,65,0.004,0.26769191263598996,True
Periapsis,periapsis_Rm,20.0,1.1334816462736375,0.0,4.7,z,65,0.004,0.2658766359284127,True
Periapsis,periapsis_Rm,20.0,1.139043381535039,0.0,4.7,z,65,0.004,0.2653189589871533,True
Periapsis,periapsis_Rm,20.0,1.1446051167964404,0.0,4.7,z,65,0.004,0.2653189589871533,True
Periapsis,periapsis_Rm,20.0,1.150166852057842,0.0,4.7,z,65,0.004,0.25544851525251266,True
Periapsis,periapsis_Rm,20.0,1.1557285873192435,0.0,4.7,z,65,0.004,0.25544851525251266,True
Periapsis,periapsis_Rm,20.0,1.1612903225806452,0.0,4.7,z,65,0.004,0.260472929915374,True
Periapsis,periapsis_Rm,20.0,1.1668520578420467,0.0,4.7,z,65,0.004,0.2588293244365408,True
Periapsis,periapsis_Rm,20.0,1.1724137931034484,0.0,4.7,z,65,0.004,0.2588293244365408,True
Periapsis,periapsis_Rm,20.0,1.1779755283648499,0.0,4.7,z,65,0.004,0.2588293244365408,True
Periapsis,periapsis_Rm,20.0,1.1835372636262513,0.0,4.7,z,65,0.004,0.26741030328148635,True
Periapsis,periapsis_Rm,20.0,1.189098998887653,0.0,4.7,z,65,0.004,0.26741030328148635,True
Periapsis,periapsis_Rm,20.0,1.1946607341490545,0.0,4.7,z,65,0.004,0.26741030328148635,True
Periapsis,periapsis_Rm,20.0,1.200222469410456,0.0,4.7,z,65,0.004,0.26741030328148635,True
Periapsis,periapsis_Rm,20.0,1.2057842046718577,0.0,4.7,z,65,0.004,0.26741030328148635,True
Periapsis,periapsis_Rm,20.0,1.2113459399332591,0.0,4.7,z,65,0.004,0.2608112626258479,True
Periapsis,periapsis_Rm,20.0,1.2169076751946608,0.0,4.7,z,65,0.004,0.2608112626258479,True
Periapsis,periapsis_Rm,20.0,1.2224694104560623,0.0,4.7,z,65,0.004,0.2608112626258479,True
Periapsis,periapsis_Rm,20.0,1.228031145717464,0.0,4.7,z,65,0.004,0.2608112626258479,True
Periapsis,periapsis_Rm,20.0,1.2335928809788654,0.0,4.7,z,65,0.004,0.26218687401945273,True
Periapsis,periapsis_Rm,20.0,1.239154616240267,0.0,4.7,z,65,0.004,0.26218687401945273,True
Periapsis,periapsis_Rm,20.0,1.2447163515016686,0.0,4.7,z,65,0.004,0.26218687401945273,True
Periapsis,periapsis_Rm,20.0,1.25027808676307,0.0,4.7,z,65,0.004,0.26218687401945273,True
Periapsis,periapsis_Rm,20.0,1.2558398220244715,0.0,4.7,z,65,0.004,0.26218687401945273,True
Periapsis,periapsis_Rm,20.0,1.2614015572858732,0.0,4.7,z,65,0.004,0.26218687401945273,True
Periapsis,periapsis_Rm,20.0,1.2669632925472747,0.0,4.7,z,65,0.004,0.26362465498784854,True
Periapsis,periapsis_Rm,20.0,1.2725250278086764,0.0,4.7,z,65,0.004,0.26362465498784854,True
Periapsis,periapsis_Rm,20.0,1.2780867630700778,0.0,4.7,z,65,0.004,0.26362465498784854,True
Periapsis,periapsis_Rm,20.0,1.2836484983314795,0.0,4.7,z,65,0.004,0.2647297970652498,True
Periapsis,periapsis_Rm,20.0,1.289210233592881,0.0,4.7,z,65,0.004,0.2647297970652498,True
Periapsis,periapsis_Rm,20.0,1.2947719688542825,0.0,4.7,z,65,0.004,0.2672210454079405,True
Periapsis,periapsis_Rm,20.0,1.3003337041156842,0.0,4.7,z,65,0.004,0.2672210454079405,True
Periapsis,periapsis_Rm,20.0,1.3058954393770856,0.0,4.7,z,65,0.004,0.2672210454079405,True
Periapsis,periapsis_Rm,20.0,1.311457174638487,0.0,4.7,z,65,0.004,0.2672210454079405,True
Periapsis,periapsis_Rm,20.0,1.3170189098998888,0.0,4.7,z,65,0.004,0.2672210454079405,True
Periapsis,periapsis_Rm,20.0,1.3225806451612903,0.0,4.7,z,65,0.004,0.25637617364651977,True
Periapsis,periapsis_Rm,20.0,1.328142380422692,0.0,4.7,z,65,0.004,0.24985729534561885,True
Periapsis,periapsis_Rm,20.0,1.3337041156840934,0.0,4.7,z,65,0.004,0.24985729534561885,True
Periapsis,periapsis_Rm,20.0,1.339265850945495,0.0,4.7,z,65,0.004,0.24985729534561885,True
Periapsis,periapsis_Rm,20.0,1.3448275862068966,0.0,4.7,z,65,0.004,0.24985729534561885,True
Periapsis,periapsis_Rm,20.0,1.350389321468298,0.0,4.7,z,65,0.004,0.24897472097248083,True
Periapsis,periapsis_Rm,20.0,1.3559510567296997,0.0,4.7,z,65,0.004,0.24897472097248083,True
Periapsis,periapsis_Rm,20.0,1.3615127919911012,0.0,4.7,z,65,0.004,0.24897472097248083,True
Periapsis,periapsis_Rm,20.0,1.3670745272525027,0.0,4.7,z,65,0.004,0.24897472097248083,True
Periapsis,periapsis_Rm,20.0,1.3726362625139044,0.0,4.7,z,65,0.004,0.24897472097248083,True
Periapsis,periapsis_Rm,20.0,1.3781979977753058,0.0,4.7,z,65,0.004,0.24897472097248083,True
Periapsis,periapsis_Rm,20.0,1.3837597330367075,0.0,4.7,z,65,0.004,0.24897472097248083,True
Periapsis,periapsis_Rm,20.0,1.389321468298109,0.0,4.7,z,65,0.004,0.24897472097248083,True
Periapsis,periapsis_Rm,20.0,1.3948832035595107,0.0,4.7,z,65,0.004,0.24886289025278563,True
Periapsis,periapsis_Rm,20.0,1.4004449388209121,0.0,4.7,z,65,0.004,0.24886289025278563,True
Periapsis,periapsis_Rm,20.0,1.4060066740823136,0.0,4.7,z,65,0.004,0.2418859753805509,True
Periapsis,periapsis_Rm,20.0,1.4115684093437153,0.0,4.7,z,65,0.004,0.2418859753805509,True
Periapsis,periapsis_Rm,20.0,1.4171301446051168,0.0,4.7,z,65,0.004,0.24174416003079435,True
Periapsis,periapsis_Rm,20.0,1.4226918798665182,0.0,4.7,z,65,0.004,0.24174416003079435,True
Periapsis,periapsis_Rm,20.0,1.42825361512792,0.0,4.7,z,65,0.004,0.24174416003079435,True
Periapsis,periapsis_Rm,20.0,1.4338153503893216,0.0,4.7,z,65,0.004,0.24174416003079435,True
Periapsis,periapsis_Rm,20.0,1.439377085650723,0.0,4.7,z,65,0.004,0.24174416003079435,True
Periapsis,periapsis_Rm,20.0,1.4449388209121246,0.0,4.7,z,65,0.004,0.2482630383316952,True
Periapsis,periapsis_Rm,20.0,1.4505005561735262,0.0,4.7,z,65,0.004,0.2482630383316952,True
Periapsis,periapsis_Rm,20.0,1.4560622914349277,0.0,4.7,z,65,0.004,0.2482630383316952,True
Periapsis,periapsis_Rm,20.0,1.4616240266963292,0.0,4.7,z,65,0.004,0.2482630383316952,True
Periapsis,periapsis_Rm,20.0,1.4671857619577309,0.0,4.7,z,65,0.004,0.2482630383316952,True
Periapsis,periapsis_Rm,20.0,1.4727474972191323,0.0,4.7,z,65,0.004,0.2482630383316952,True
Periapsis,periapsis_Rm,20.0,1.4783092324805338,0.0,4.7,z,65,0.004,0.2482630383316952,True
Periapsis,periapsis_Rm,20.0,1.4838709677419355,0.0,4.7,z,65,0.004,0.24715789625429388,True
Periapsis,periapsis_Rm,20.0,1.4894327030033372,0.0,4.7,z,65,0.004,0.24715789625429388,True
Periapsis,periapsis_Rm,20.0,1.4949944382647387,0.0,4.7,z,65,0.004,0.24715789625429388,True
Periapsis,periapsis_Rm,20.0,1.5005561735261401,0.0,4.7,z,65,0.004,0.24797060912320443,True
Periapsis,periapsis_Rm,20.0,1.5061179087875418,0.0,4.7,z,65,0.004,0.2478210613687149,True
Periapsis,periapsis_Rm,20.0,1.5116796440489433,0.0,4.7,z,65,0.004,0.2478210613687149,True
Periapsis,periapsis_Rm,20.0,1.5172413793103448,0.0,4.7,z,65,0.004,0.2487666826026003,True
Periapsis,periapsis_Rm,20.0,1.5228031145717464,0.0,4.7,z,65,0.004,0.2487666826026003,True
Periapsis,periapsis_Rm,20.0,1.528364849833148,0.0,4.7,z,65,0.004,0.2487666826026003,True
Periapsis,periapsis_Rm,20.0,1.5339265850945494,0.0,4.7,z,65,0.004,0.24853491800662644,True
Periapsis,periapsis_Rm,20.0,1.539488320355951,0.0,4.7,z,65,0.004,0.24853491800662644,True
Periapsis,periapsis_Rm,20.0,1.5450500556173528,0.0,4.7,z,65,0.004,0.24853491800662644,True
Periapsis,periapsis_Rm,20.0,1.5506117908787542,0.0,4.7,z,65,0.004,0.24897029096127035,True
Periapsis,periapsis_Rm,20.0,1.5561735261401557,0.0,4.7,z,65,0.004,0.24897029096127035,True
Periapsis,periapsis_Rm,20.0,1.5617352614015574,0.0,4.7,z,65,0.004,0.24931965319800997,True
Periapsis,periapsis_Rm,20.0,1.5672969966629589,0.0,4.7,z,65,0.004,0.24931965319800997,True
Periapsis,periapsis_Rm,20.0,1.5728587319243603,0.0,4.7,z,65,0.004,0.24931965319800997,True
Periapsis,periapsis_Rm,20.0,1.578420467185762,0.0,4.7,z,65,0.004,0.2407386743530642,True
Periapsis,periapsis_Rm,20.0,1.5839822024471635,0.0,4.7,z,65,0.004,0.2407386743530642,True
Periapsis,periapsis_Rm,20.0,1.589543937708565,0.0,4.7,z,65,0.004,0.2407386743530642,True
Periapsis,periapsis_Rm,20.0,1.5951056729699666,0.0,4.7,z,65,0.004,0.23179698968654194,True
Periapsis,periapsis_Rm,20.0,1.6006674082313683,0.0,4.7,z,65,0.004,0.23179698968654194,True
Periapsis,periapsis_Rm,20.0,1.6062291434927698,0.0,4.7,z,65,0.004,0.23424053698829303,True
Periapsis,periapsis_Rm,20.0,1.6117908787541713,0.0,4.7,z,65,0.004,0.24492799432274998,True
Periapsis,periapsis_Rm,20.0,1.617352614015573,0.0,4.7,z,65,0.004,0.24548567126400944,True
Periapsis,periapsis_Rm,20.0,1.6229143492769744,0.0,4.7,z,65,0.004,0.23914456341654158,True
Periapsis,periapsis_Rm,20.0,1.628476084538376,0.0,4.7,z,65,0.004,0.23914456341654158,True
Periapsis,periapsis_Rm,20.0,1.6340378197997776,0.0,4.7,z,65,0.004,0.23914456341654158,True
Periapsis,periapsis_Rm,20.0,1.6395995550611793,0.0,4.7,z,65,0.004,0.24002288521403,True
Periapsis,periapsis_Rm,20.0,1.6451612903225805,0.0,4.7,z,65,0.004,0.24002288521403,True
Periapsis,periapsis_Rm,20.0,1.6507230255839822,0.0,4.7,z,65,0.004,0.2565160082530537,True
Periapsis,periapsis_Rm,20.0,1.656284760845384,0.0,4.7,z,65,0.004,0.253103413157065,True
Periapsis,periapsis_Rm,20.0,1.6618464961067854,0.0,4.7,z,65,0.004,0.253103413157065,True
Periapsis,periapsis_Rm,20.0,1.6674082313681868,0.0,4.7,z,65,0.004,0.253103413157065,True
Periapsis,periapsis_Rm,20.0,1.6729699666295885,0.0,4.7,z,65,0.004,0.253103413157065,True
Periapsis,periapsis_Rm,20.0,1.67853170189099,0.0,4.7,z,65,0.004,0.21727707991383352,True
Periapsis,periapsis_Rm,20.0,1.6840934371523915,0.0,4.7,z,65,0.004,0.21999358056633825,True
Periapsis,periapsis_Rm,20.0,1.6896551724137931,0.0,4.7,z,65,0.004,0.21999358056633825,True
Periapsis,periapsis_Rm,20.0,1.6952169076751948,0.0,4.7,z,65,0.004,0.21999358056633825,True
Periapsis,periapsis_Rm,20.0,1.700778642936596,0.0,4.7,z,65,0.004,0.2173835562969607,True
Periapsis,periapsis_Rm,20.0,1.7063403781979978,0.0,4.7,z,65,0.004,0.18741622377415176,True
Periapsis,periapsis_Rm,20.0,1.7119021134593995,0.0,4.7,z,65,0.004,0.18741622377415176,True
Periapsis,periapsis_Rm,20.0,1.717463848720801,0.0,4.7,z,65,0.004,0.18741622377415176,True
Periapsis,periapsis_Rm,20.0,1.7230255839822024,0.0,4.7,z,65,0.004,0.18741622377415176,True
Periapsis,periapsis_Rm,20.0,1.728587319243604,0.0,4.7,z,65,0.004,0.18877819878517912,True
Periapsis,periapsis_Rm,20.0,1.7341490545050056,0.0,4.7,z,65,0.004,0.18877819878517912,True
Periapsis,periapsis_Rm,20.0,1.739710789766407,0.0,4.7,z,65,0.004,0.18877819878517912,True
Periapsis,periapsis_Rm,20.0,1.7452725250278087,0.0,4.7,z,65,0.004,0.18877819878517912,True
Periapsis,periapsis_Rm,20.0,1.7508342602892104,0.0,4.7,z,65,0.004,0.20924700137207844,True
Periapsis,periapsis_Rm,20.0,1.7563959955506117,0.0,4.7,z,65,0.004,0.21734543031837097,True
Periapsis,periapsis_Rm,20.0,1.7619577308120133,0.0,4.7,z,65,0.004,0.17776418853555298,True
Periapsis,periapsis_Rm,20.0,1.767519466073415,0.0,4.7,z,65,0.004,0.17776418853555298,True
Periapsis,periapsis_Rm,20.0,1.7730812013348165,0.0,4.7,z,65,0.004,0.17776418853555298,True
Periapsis,periapsis_Rm,20.0,1.778642936596218,0.0,4.7,z,65,0.004,0.17776418853555298,True
Periapsis,periapsis_Rm,20.0,1.7842046718576197,0.0,4.7,z,65,0.004,0.17776418853555298,True
Periapsis,periapsis_Rm,20.0,1.7897664071190211,0.0,4.7,z,65,0.004,0.17776418853555298,True
Periapsis,periapsis_Rm,20.0,1.7953281423804226,0.0,4.7,z,65,0.004,0.17718742924748093,True
Periapsis,periapsis_Rm,20.0,1.8008898776418243,0.0,4.7,z,65,0.004,0.1811092542477321,True
Periapsis,periapsis_Rm,20.0,1.806451612903226,0.0,4.7,z,65,0.004,0.175543019243049,True
Periapsis,periapsis_Rm,20.0,1.8120133481646272,0.0,4.7,z,65,0.004,0.175543019243049,True
Periapsis,periapsis_Rm,20.0,1.817575083426029,0.0,4.7,z,65,0.004,0.175543019243049,True
Periapsis,periapsis_Rm,20.0,1.8231368186874306,0.0,4.7,z,65,0.004,0.175543019243049,True
Periapsis,periapsis_Rm,20.0,1.828698553948832,0.0,4.7,z,65,0.004,0.175543019243049,True
Periapsis,periapsis_Rm,20.0,1.8342602892102335,0.0,4.7,z,65,0.004,0.175543019243049,True
Periapsis,periapsis_Rm,20.0,1.8398220244716352,0.0,4.7,z,65,0.004,0.175543019243049,True
Periapsis,periapsis_Rm,20.0,1.8453837597330367,0.0,4.7,z,65,0.004,0.175543019243049,True
Periapsis,periapsis_Rm,20.0,1.8509454949944382,0.0,4.7,z,65,0.004,0.17110718095371671,True
Periapsis,periapsis_Rm,20.0,1.8565072302558399,0.0,4.7,z,65,0.004,0.17101797879156433,True
Periapsis,periapsis_Rm,20.0,1.8620689655172415,0.0,4.7,z,65,0.004,0.17101797879156433,True
Periapsis,periapsis_Rm,20.0,1.867630700778643,0.0,4.7,z,65,0.004,0.17088969974216903,True
Periapsis,periapsis_Rm,20.0,1.8731924360400445,0.0,4.7,z,65,0.004,0.17088969974216903,True
Periapsis,periapsis_Rm,20.0,1.8787541713014462,0.0,4.7,z,65,0.004,0.17088969974216903,True
Periapsis,periapsis_Rm,20.0,1.8843159065628476,0.0,4.7,z,65,0.004,0.17088969974216903,True
Periapsis,periapsis_Rm,20.0,1.889877641824249,0.0,4.7,z,65,0.004,0.17088969974216903,True
Periapsis,periapsis_Rm,20.0,1.8954393770856508,0.0,4.7,z,65,0.004,0.17088969974216903,True
Periapsis,periapsis_Rm,20.0,1.9010011123470523,0.0,4.7,z,65,0.004,0.1354422428737734,True
Periapsis,periapsis_Rm,20.0,1.9065628476084537,0.0,4.7,z,65,0.004,0.1354422428737734,True
Periapsis,periapsis_Rm,20.0,1.9121245828698554,0.0,4.7,z,65,0.004,0.13551702871790555,True
Periapsis,periapsis_Rm,20.0,1.9176863181312571,0.0,4.7,z,65,0.004,0.13551702871790555,True
Periapsis,periapsis_Rm,20.0,1.9232480533926586,0.0,4.7,z,65,0.004,0.13551702871790555,True
Periapsis,periapsis_Rm,20.0,1.92880978865406,0.0,4.7,z,65,0.004,0.13511535140621309,True
Periapsis,periapsis_Rm,20.0,1.9343715239154617,0.0,4.7,z,65,0.004,0.13474032562552335,True
Periapsis,periapsis_Rm,20.0,1.9399332591768632,0.0,4.7,z,65,0.004,0.13474032562552335,True
Periapsis,periapsis_Rm,20.0,1.9454949944382647,0.0,4.7,z,65,0.004,0.13474032562552335,True
Periapsis,periapsis_Rm,20.0,1.9510567296996664,0.0,4.7,z,65,0.004,0.132839279681837,True
Periapsis,periapsis_Rm,20.0,1.9566184649610678,0.0,4.7,z,65,0.004,0.132839279681837,True
Periapsis,periapsis_Rm,20.0,1.9621802002224693,0.0,4.7,z,65,0.004,0.132839279681837,True
Periapsis,periapsis_Rm,20.0,1.967741935483871,0.0,4.7,z,65,0.004,0.1317094528084991,True
Periapsis,periapsis_Rm,20.0,1.9733036707452727,0.0,4.7,z,65,0.004,0.1317094528084991,True
Periapsis,periapsis_Rm,20.0,1.9788654060066742,0.0,4.7,z,65,0.004,0.13274639709049862,True
Periapsis,periapsis_Rm,20.0,1.9844271412680756,0.0,4.7,z,65,0.004,0.13274639709049862,True
Periapsis,periapsis_Rm,20.0,1.9899888765294773,0.0,4.7,z,65,0.004,0.13285351758592132,True
Periapsis,periapsis_Rm,20.0,1.9955506117908788,0.0,4.7,z,65,0.004,0.13285351758592132,True
Periapsis,periapsis_Rm,20.0,2.0011123470522802,0.0,4.7,z,65,0.004,0.13285351758592132,True
Periapsis,periapsis_Rm,20.0,2.006674082313682,0.0,4.7,z,65,0.004,0.13452850632420216,True
Periapsis,periapsis_Rm,20.0,2.0122358175750836,0.0,4.7,z,65,0.004,0.13452850632420216,True
Periapsis,periapsis_Rm,20.0,2.017797552836485,0.0,4.7,z,65,0.004,0.13452850632420216,True
Periapsis,periapsis_Rm,20.0,2.0233592880978866,0.0,4.7,z,65,0.004,0.12768053872350466,True
Periapsis,periapsis_Rm,20.0,2.0289210233592883,0.0,4.7,z,65,0.004,0.12768053872350466,True
Periapsis,periapsis_Rm,20.0,2.0344827586206895,0.0,4.7,z,65,0.004,0.12768053872350466,True
Periapsis,periapsis_Rm,20.0,2.040044493882091,0.0,4.7,z,65,0.004,0.12768053872350466,True
Periapsis,periapsis_Rm,20.0,2.045606229143493,0.0,4.7,z,65,0.004,0.12565528921780877,True
Periapsis,periapsis_Rm,20.0,2.051167964404894,0.0,4.7,z,65,0.004,0.11432564751305367,True
Periapsis,periapsis_Rm,20.0,2.056729699666296,0.0,4.7,z,65,0.004,0.1139208697714335,True
Periapsis,periapsis_Rm,20.0,2.0622914349276975,0.0,4.7,z,65,0.004,0.1016434893309335,True
Periapsis,periapsis_Rm,20.0,2.0678531701890988,0.0,4.7,z,65,0.004,0.1016434893309335,True
Periapsis,periapsis_Rm,20.0,2.073414905450501,0.0,4.7,z,65,0.004,0.1016434893309335,True
Periapsis,periapsis_Rm,20.0,2.078976640711902,0.0,4.7,z,65,0.004,0.10450750694463001,True
Periapsis,periapsis_Rm,20.0,2.0845383759733034,0.0,4.7,z,65,0.004,0.10450750694463001,True
Periapsis,periapsis_Rm,20.0,2.0901001112347055,0.0,4.7,z,65,0.004,0.10450750694463001,True
Periapsis,periapsis_Rm,20.0,2.0956618464961068,0.0,4.7,z,65,0.004,0.07531679707969734,True
Periapsis,periapsis_Rm,20.0,2.1012235817575085,0.0,4.7,z,65,0.004,0.051637896383653396,True
Periapsis,periapsis_Rm,20.0,2.10678531701891,0.0,4.7,z,65,0.004,0.051637896383653396,True
Periapsis,periapsis_Rm,20.0,2.1123470522803114,0.0,4.7,z,65,0.004,0.051637896383653396,True
Periapsis,periapsis_Rm,20.0,2.117908787541713,0.0,4.7,z,65,0.004,0.042787806417198405,True
Periapsis,periapsis_Rm,20.0,2.1234705228031148,0.0,4.7,z,65,0.004,0.042787806417198405,True
Periapsis,periapsis_Rm,20.0,2.129032258064516,0.0,4.7,z,65,0.004,0.042787806417198405,True
Periapsis,periapsis_Rm,20.0,2.1345939933259177,0.0,4.7,z,65,0.004,0.042787806417198405,True
Periapsis,periapsis_Rm,20.0,2.1401557285873194,0.0,4.7,z,65,0.004,0.042787806417198405,True
Periapsis,periapsis_Rm,20.0,2.1457174638487206,0.0,4.7,z,65,0.004,0.042787806417198405,True
Periapsis,periapsis_Rm,20.0,2.1512791991101223,0.0,4.7,z,65,0.004,0.04100364863106958,True
Periapsis,periapsis_Rm,20.0,2.156840934371524,0.0,4.7,z,65,0.004,0.04100364863106958,True
Periapsis,periapsis_Rm,20.0,2.1624026696329253,0.0,4.7,z,65,0.004,0.04100364863106958,True
Periapsis,periapsis_Rm,20.0,2.167964404894327,0.0,4.7,z,65,0.004,0.04100364863106958,True
Periapsis,periapsis_Rm,20.0,2.1735261401557286,0.0,4.7,z,65,0.004,0.04100364863106958,True
Periapsis,periapsis_Rm,20.0,2.17908787541713,0.0,4.7,z,65,0.004,0.04100364863106958,True
Periapsis,periapsis_Rm,20.0,2.184649610678532,0.0,4.7,z,65,0.004,0.04100364863106958,True
Periapsis,periapsis_Rm,20.0,2.1902113459399333,0.0,4.7,z,65,0.004,0.03893715342270238,True
Periapsis,periapsis_Rm,20.0,2.195773081201335,0.0,4.7,z,65,0.004,0.03893715342270238,True
Periapsis,periapsis_Rm,20.0,2.2013348164627367,0.0,4.7,z,65,0.004,0.03893715342270238,True
Periapsis,periapsis_Rm,20.0,2.206896551724138,0.0,4.7,z,65,0.004,0.03893715342270238,True
Periapsis,periapsis_Rm,20.0,2.2124582869855396,0.0,4.7,z,65,0.004,0.041440476077733296,True
Periapsis,periapsis_Rm,20.0,2.2180200222469413,0.0,4.7,z,65,0.004,0.041440476077733296,True
Periapsis,periapsis_Rm,20.0,2.2235817575083425,0.0,4.7,z,65,0.004,0.041440476077733296,True
Periapsis,periapsis_Rm,20.0,2.229143492769744,0.0,4.7,z,65,0.004,0.041440476077733296,True
Periapsis,periapsis_Rm,20.0,2.234705228031146,0.0,4.7,z,65,0.004,0.041440476077733296,True
Periapsis,periapsis_Rm,20.0,2.240266963292547,0.0,4.7,z,65,0.004,0.041440476077733296,True
Periapsis,periapsis_Rm,20.0,2.245828698553949,0.0,4.7,z,65,0.004,0.041440476077733296,True
Periapsis,periapsis_Rm,20.0,2.2513904338153505,0.0,4.7,z,65,0.004,0.041440476077733296,True
Periapsis,periapsis_Rm,20.0,2.256952169076752,0.0,4.7,z,65,0.004,0.041440476077733296,True
Periapsis,periapsis_Rm,20.0,2.2625139043381535,0.0,4.7,z,65,0.004,0.041440476077733296,True
Periapsis,periapsis_Rm,20.0,2.268075639599555,0.0,4.7,z,65,0.004,0.041440476077733296,True
Periapsis,periapsis_Rm,20.0,2.2736373748609564,0.0,4.7,z,65,0.004,0.041440476077733296,True
Periapsis,periapsis_Rm,20.0,2.2791991101223585,0.0,4.7,z,65,0.004,0.041440476077733296,True
Periapsis,periapsis_Rm,20.0,2.28476084538376,0.0,4.7,z,65,0.004,0.041440476077733296,True
Periapsis,periapsis_Rm,20.0,2.290322580645161,0.0,4.7,z,65,0.004,0.041440476077733296,True
Periapsis,periapsis_Rm,20.0,2.295884315906563,0.0,4.7,z,65,0.004,0.03848728802913231,True
Periapsis,periapsis_Rm,20.0,2.3014460511679644,0.0,4.7,z,65,0.004,0.025842393855167012,True
Periapsis,periapsis_Rm,20.0,2.307007786429366,0.0,4.7,z,65,0.004,0.025842393855167012,True
Periapsis,periapsis_Rm,20.0,2.312569521690768,0.0,4.7,z,65,0.004,0.03002480883267585,True
Periapsis,periapsis_Rm,20.0,2.318131256952169,0.0,4.7,z,65,0.004,0.03002480883267585,True
Periapsis,periapsis_Rm,20.0,2.3236929922135707,0.0,4.7,z,65,0.004,0.031935736068454054,True
Periapsis,periapsis_Rm,20.0,2.3292547274749724,0.0,4.7,z,65,0.004,0.031935736068454054,True
Periapsis,periapsis_Rm,20.0,2.3348164627363737,0.0,4.7,z,65,0.004,0.031935736068454054,True
Periapsis,periapsis_Rm,20.0,2.3403781979977754,0.0,4.7,z,65,0.004,0.031935736068454054,True
Periapsis,periapsis_Rm,20.0,2.345939933259177,0.0,4.7,z,65,0.004,0.031935736068454054,True
Periapsis,periapsis_Rm,20.0,2.3515016685205783,0.0,4.7,z,65,0.004,0.031935736068454054,True
Periapsis,periapsis_Rm,20.0,2.35706340378198,0.0,4.7,z,65,0.004,0.031935736068454054,True
Periapsis,periapsis_Rm,20.0,2.3626251390433817,0.0,4.7,z,65,0.004,0.031935736068454054,True
Periapsis,periapsis_Rm,20.0,2.368186874304783,0.0,4.7,z,65,0.004,0.031935736068454054,True
Periapsis,periapsis_Rm,20.0,2.3737486095661846,0.0,4.7,z,65,0.004,0.031935736068454054,True
Periapsis,periapsis_Rm,20.0,2.3793103448275863,0.0,4.7,z,65,0.004,0.031935736068454054,True
Periapsis,periapsis_Rm,20.0,2.3848720800889875,0.0,4.7,z,65,0.004,0.031935736068454054,True
Periapsis,periapsis_Rm,20.0,2.3904338153503897,0.0,4.7,z,65,0.004,0.031935736068454054,True
Periapsis,periapsis_Rm,20.0,2.395995550611791,0.0,4.7,z,65,0.004,0.031935736068454054,True
Periapsis,periapsis_Rm,20.0,2.401557285873192,0.0,4.7,z,65,0.004,0.031935736068454054,True
Periapsis,periapsis_Rm,20.0,2.4071190211345943,0.0,4.7,z,65,0.004,0.031935736068454054,True
Periapsis,periapsis_Rm,20.0,2.4126807563959956,0.0,4.7,z,65,0.004,0.031935736068454054,True
Periapsis,periapsis_Rm,20.0,2.4182424916573972,0.0,4.7,z,65,0.004,0.031935736068454054,True
Periapsis,periapsis_Rm,20.0,2.423804226918799,0.0,4.7,z,65,0.004,0.031935736068454054,True
Periapsis,periapsis_Rm,20.0,2.4293659621802,0.0,4.7,z,65,0.004,0.031935736068454054,True
Periapsis,periapsis_Rm,20.0,2.434927697441602,0.0,4.7,z,65,0.004,0.031935736068454054,True
Periapsis,periapsis_Rm,20.0,2.4404894327030036,0.0,4.7,z,65,0.004,0.031935736068454054,True
Periapsis,periapsis_Rm,20.0,2.446051167964405,0.0,4.7,z,65,0.004,0.031935736068454054,True
Periapsis,periapsis_Rm,20.0,2.4516129032258065,0.0,4.7,z,65,0.004,0.031935736068454054,True
Periapsis,periapsis_Rm,20.0,2.457174638487208,0.0,4.7,z,65,0.004,0.031935736068454054,True
Periapsis,periapsis_Rm,20.0,2.4627363737486094,0.0,4.7,z,65,0.004,0.031935736068454054,True
Periapsis,periapsis_Rm,20.0,2.468298109010011,0.0,4.7,z,65,0.004,0.031935736068454054,True
Periapsis,periapsis_Rm,20.0,2.473859844271413,0.0,4.7,z,65,0.004,0.031935736068454054,True
Periapsis,periapsis_Rm,20.0,2.479421579532814,0.0,4.7,z,65,0.004,0.031935736068454054,True
Periapsis,periapsis_Rm,20.0,2.4849833147942157,0.0,4.7,z,65,0.004,0.031935736068454054,True
Periapsis,periapsis_Rm,20.0,2.4905450500556174,0.0,4.7,z,65,0.004,0.031935736068454054,True
Periapsis,periapsis_Rm,20.0,2.4961067853170187,0.0,4.7,z,65,0.004,0.022329587746191735,True
Periapsis,periapsis_Rm,20.0,2.501668520578421,0.0,4.7,z,65,0.004,0.007465341261116158,True
Periapsis,periapsis_Rm,20.0,2.507230255839822,0.0,4.7,z,65,0.004,0.007465341261116158,True
Periapsis,periapsis_Rm,20.0,2.5127919911012233,0.0,4.7,z,65,0.004,0.007465341261116158,True
Periapsis,periapsis_Rm,20.0,2.5183537263626254,0.0,4.7,z,65,0.004,0.0,True
Periapsis,periapsis_Rm,20.0,2.5239154616240267,0.0,4.7,z,65,0.004,0.0,True
Periapsis,periapsis_Rm,20.0,2.5294771968854284,0.0,4.7,z,65,0.004,0.0,True
Periapsis,periapsis_Rm,20.0,2.53503893214683,0.0,4.7,z,65,0.004,0.0,True
Periapsis,periapsis_Rm,20.0,2.5406006674082313,0.0,4.7,z,65,0.004,0.0,True
Periapsis,periapsis_Rm,20.0,2.546162402669633,0.0,4.7,z,65,0.004,0.0,True
Periapsis,periapsis_Rm,20.0,2.5517241379310347,0.0,4.7,z,65,0.004,0.0,True
Periapsis,periapsis_Rm,20.0,2.557285873192436,0.0,4.7,z,65,0.004,0.0,True
Periapsis,periapsis_Rm,20.0,2.5628476084538376,0.0,4.7,z,65,0.004,0.0,True
Periapsis,periapsis_Rm,20.0,2.5684093437152393,0.0,4.7,z,65,0.004,0.0,True
Periapsis,periapsis_Rm,20.0,2.5739710789766406,0.0,4.7,z,65,0.004,0.0,True
Periapsis,periapsis_Rm,20.0,2.5795328142380423,0.0,4.7,z,65,0.004,0.0,True
Periapsis,periapsis_Rm,20.0,2.585094549499444,0.0,4.7,z,65,0.004,0.0,True
Periapsis,periapsis_Rm,20.0,2.590656284760845,0.0,4.7,z,65,0.004,0.0,True
Periapsis,periapsis_Rm,20.0,2.596218020022247,0.0,4.7,z,65,0.004,0.0,True
Periapsis,periapsis_Rm,20.0,2.6017797552836486,0.0,4.7,z,65,0.004,0.0,True
Periapsis,periapsis_Rm,20.0,2.60734149054505,0.0,4.7,z,65,0.004,0.0,True
Periapsis,periapsis_Rm,20.0,2.612903225806452,0.0,4.7,z,65,0.004,0.0,True
Periapsis,periapsis_Rm,20.0,2.618464961067853,0.0,4.7,z,65,0.004,0.0,True
Periapsis,periapsis_Rm,20.0,2.6240266963292544,0.0,4.7,z,65,0.004,0.0,True
Periapsis,periapsis_Rm,20.0,2.6295884315906566,0.0,4.7,z,65,0.004,0.0,True
Periapsis,periapsis_Rm,20.0,2.635150166852058,0.0,4.7,z,65,0.004,0.0,True
Periapsis,periapsis_Rm,20.0,2.6407119021134595,0.0,4.7,z,65,0.004,0.0,True
Periapsis,periapsis_Rm,20.0,2.646273637374861,0.0,4.7,z,65,0.004,0.0,True
Periapsis,periapsis_Rm,20.0,2.6518353726362625,0.0,4.7,z,65,0.004,0.0,True
Periapsis,periapsis_Rm,20.0,2.657397107897664,0.0,4.7,z,65,0.004,0.0,True
Periapsis,periapsis_Rm,20.0,2.662958843159066,0.0,4.7,z,65,0.004,0.0,True
Periapsis,periapsis_Rm,20.0,2.668520578420467,0.0,4.7,z,65,0.004,0.0,True
Periapsis,periapsis_Rm,20.0,2.6740823136818688,0.0,4.7,z,65,0.004,0.0,True
Periapsis,periapsis_Rm,20.0,2.6796440489432705,0.0,4.7,z,65,0.004,0.0,True
Periapsis,periapsis_Rm,20.0,2.6852057842046717,0.0,4.7,z,65,0.004,0.0,True
Periapsis,periapsis_Rm,20.0,2.6907675194660734,0.0,4.7,z,65,0.004,0.0,True
Periapsis,periapsis_Rm,20.0,2.696329254727475,0.0,4.7,z,65,0.004,0.0,True
Periapsis,periapsis_Rm,20.0,2.7018909899888763,0.0,4.7,z,65,0.004,0.0,True
Periapsis,periapsis_Rm,20.0,2.7074527252502785,0.0,4.7,z,65,0.004,0.0,True
Periapsis,periapsis_Rm,20.0,2.7130144605116797,0.0,4.7,z,65,0.004,0.0,True
Periapsis,periapsis_Rm,20.0,2.718576195773081,0.0,4.7,z,65,0.004,0.0,True
Periapsis,periapsis_Rm,20.0,2.724137931034483,0.0,4.7,z,65,0.004,0.0,True
Periapsis,periapsis_Rm,20.0,2.7296996662958843,0.0,4.7,z,65,0.004,0.0,True
Periapsis,periapsis_Rm,20.0,2.735261401557286,0.0,4.7,z,65,0.004,0.0,True
Periapsis,periapsis_Rm,20.0,2.7408231368186877,0.0,4.7,z,65,0.004,0.0,True
Periapsis,periapsis_Rm,20.0,2.746384872080089,0.0,4.7,z,65,0.004,0.0,True
Periapsis,periapsis_Rm,20.0,2.7519466073414907,0.0,4.7,z,65,0.004,0.0,True
Periapsis,periapsis_Rm,20.0,2.7575083426028923,0.0,4.7,z,65,0.004,0.0,True
Periapsis,periapsis_Rm,20.0,2.7630700778642936,0.0,4.7,z,65,0.004,0.0,True
Periapsis,periapsis_Rm,20.0,2.7686318131256953,0.0,4.7,z,65,0.004,0.0,True
Periapsis,periapsis_Rm,20.0,2.774193548387097,0.0,4.7,z,65,0.004,0.0,True
Periapsis,periapsis_Rm,20.0,2.779755283648498,0.0,4.7,z,65,0.004,0.0,True
Periapsis,periapsis_Rm,20.0,2.7853170189099,0.0,4.7,z,65,0.004,0.0,True
Periapsis,periapsis_Rm,20.0,2.7908787541713016,0.0,4.7,z,65,0.004,0.0,True
Periapsis,periapsis_Rm,20.0,2.796440489432703,0.0,4.7,z,65,0.004,0.0,True
Periapsis,periapsis_Rm,20.0,2.8020022246941045,0.0,4.7,z,65,0.004,0.0,True
Periapsis,periapsis_Rm,20.0,2.8075639599555062,0.0,4.7,z,65,0.004,0.0,True
Periapsis,periapsis_Rm,20.0,2.8131256952169075,0.0,4.7,z,65,0.004,0.0,True
Periapsis,periapsis_Rm,20.0,2.8186874304783096,0.0,4.7,z,65,0.004,0.0,True
Periapsis,periapsis_Rm,20.0,2.824249165739711,0.0,4.7,z,65,0.004,0.0,True
Periapsis,periapsis_Rm,20.0,2.829810901001112,0.0,4.7,z,65,0.004,0.0,True
Periapsis,periapsis_Rm,20.0,2.8353726362625142,0.0,4.7,z,65,0.004,0.0,True
Periapsis,periapsis_Rm,20.0,2.8409343715239155,0.0,4.7,z,65,0.004,0.0,True
Periapsis,periapsis_Rm,20.0,2.846496106785317,0.0,4.7,z,65,0.004,0.0,True
Periapsis,periapsis_Rm,20.0,2.852057842046719,0.0,4.7,z,65,0.004,0.0,True
Periapsis,periapsis_Rm,20.0,2.85761957730812,0.0,4.7,z,65,0.004,0.0,True
Periapsis,periapsis_Rm,20.0,2.863181312569522,0.0,4.7,z,65,0.004,0.0,True
Periapsis,periapsis_Rm,20.0,2.8687430478309235,0.0,4.7,z,65,0.004,0.0,True
Periapsis,periapsis_Rm,20.0,2.8743047830923247,0.0,4.7,z,65,0.004,0.0,True
Periapsis,periapsis_Rm,20.0,2.8798665183537264,0.0,4.7,z,65,0.004,0.0,True
Periapsis,periapsis_Rm,20.0,2.885428253615128,0.0,4.7,z,65,0.004,0.0,True
Periapsis,periapsis_Rm,20.0,2.8909899888765294,0.0,4.7,z,65,0.004,0.0,True
Periapsis,periapsis_Rm,20.0,2.896551724137931,0.0,4.7,z,65,0.004,0.0,True
Periapsis,periapsis_Rm,20.0,2.9021134593993327,0.0,4.7,z,65,0.004,0.0,True
Periapsis,periapsis_Rm,20.0,2.907675194660734,0.0,4.7,z,65,0.004,0.0,True
Periapsis,periapsis_Rm,20.0,2.9132369299221357,0.0,4.7,z,65,0.004,0.0,True
Periapsis,periapsis_Rm,20.0,2.9187986651835374,0.0,4.7,z,65,0.004,0.0,True
Periapsis,periapsis_Rm,20.0,2.9243604004449386,0.0,4.7,z,65,0.004,0.0,True
Periapsis,periapsis_Rm,20.0,2.9299221357063407,0.0,4.7,z,65,0.004,0.0,True
Periapsis,periapsis_Rm,20.0,2.935483870967742,0.0,4.7,z,65,0.004,0.0,True
Periapsis,periapsis_Rm,20.0,2.9410456062291432,0.0,4.7,z,65,0.004,0.0,True
Periapsis,periapsis_Rm,20.0,2.9466073414905454,0.0,4.7,z,65,0.004,0.0,True
Periapsis,periapsis_Rm,20.0,2.9521690767519466,0.0,4.7,z,65,0.004,0.0,True
Periapsis,periapsis_Rm,20.0,2.9577308120133483,0.0,4.7,z,65,0.004,0.0,True
Periapsis,periapsis_Rm,20.0,2.96329254727475,0.0,4.7,z,65,0.004,0.0,True
Periapsis,periapsis_Rm,20.0,2.9688542825361512,0.0,4.7,z,65,0.004,0.0,True
Periapsis,periapsis_Rm,20.0,2.974416017797553,0.0,4.7,z,65,0.004,0.0,True
Periapsis,periapsis_Rm,20.0,2.9799777530589546,0.0,4.7,z,65,0.004,0.0,True
Periapsis,periapsis_Rm,20.0,2.985539488320356,0.0,4.7,z,65,0.004,0.0,True
Periapsis,periapsis_Rm,20.0,2.9911012235817576,0.0,4.7,z,65,0.004,0.0,True
Periapsis,periapsis_Rm,20.0,2.9966629588431593,0.0,4.7,z,65,0.004,0.0,True
Periapsis,periapsis_Rm,20.0,3.0022246941045605,0.0,4.7,z,65,0.004,0.0,False
Periapsis,periapsis_Rm,20.0,3.007786429365962,0.0,4.7,z,65,0.004,0.0,False
Periapsis,periapsis_Rm,20.0,3.013348164627364,0.0,4.7,z,65,0.004,0.0,False
Periapsis,periapsis_Rm,20.0,3.0189098998887656,0.0,4.7,z,65,0.004,0.0,False
Periapsis,periapsis_Rm,20.0,3.024471635150167,0.0,4.7,z,65,0.004,0.0,False
Periapsis,periapsis_Rm,20.0,3.0300333704115685,0.0,4.7,z,65,0.004,0.0,False
Periapsis,periapsis_Rm,20.0,3.03559510567297,0.0,4.7,z,65,0.004,0.0,False
Periapsis,periapsis_Rm,20.0,3.0411568409343714,0.0,4.7,z,65,0.004,0.0,False
Periapsis,periapsis_Rm,20.0,3.046718576195773,0.0,4.7,z,65,0.004,0.0,False
Periapsis,periapsis_Rm,20.0,3.052280311457175,0.0,4.7,z,65,0.004,0.0,False
Periapsis,periapsis_Rm,20.0,3.057842046718576,0.0,4.7,z,65,0.004,0.0,False
Periapsis,periapsis_Rm,20.0,3.0634037819799778,0.0,4.7,z,65,0.004,0.0,False
Periapsis,periapsis_Rm,20.0,3.0689655172413794,0.0,4.7,z,65,0.004,0.0,False
Periapsis,periapsis_Rm,20.0,3.074527252502781,0.0,4.7,z,65,0.004,0.0,False
Periapsis,periapsis_Rm,20.0,3.0800889877641824,0.0,4.7,z,65,0.004,0.0,False
Periapsis,periapsis_Rm,20.0,3.085650723025584,0.0,4.7,z,65,0.004,0.0,False
Periapsis,periapsis_Rm,20.0,3.0912124582869858,0.0,4.7,z,65,0.004,0.0,False
Periapsis,periapsis_Rm,20.0,3.096774193548387,0.0,4.7,z,65,0.004,0.0,False
Periapsis,periapsis_Rm,20.0,3.1023359288097887,0.0,4.7,z,65,0.004,0.0,False
Periapsis,periapsis_Rm,20.0,3.1078976640711904,0.0,4.7,z,65,0.004,0.0,False
Periapsis,periapsis_Rm,20.0,3.1134593993325916,0.0,4.7,z,65,0.004,0.0,False
Periapsis,periapsis_Rm,20.0,3.1190211345939933,0.0,4.7,z,65,0.004,0.0,False
Periapsis,periapsis_Rm,20.0,3.124582869855395,0.0,4.7,z,65,0.004,0.0,False
Periapsis,periapsis_Rm,20.0,3.1301446051167967,0.0,4.7,z,65,0.004,0.0,False
Periapsis,periapsis_Rm,20.0,3.135706340378198,0.0,4.7,z,65,0.004,0.0,False
Periapsis,periapsis_Rm,20.0,3.1412680756395996,0.0,4.7,z,65,0.004,0.0,False
Periapsis,periapsis_Rm,20.0,3.1468298109010013,0.0,4.7,z,65,0.004,0.0,False
Periapsis,periapsis_Rm,20.0,3.1523915461624026,0.0,4.7,z,65,0.004,0.0,False
Periapsis,periapsis_Rm,20.0,3.1579532814238043,0.0,4.7,z,65,0.004,0.0,False
Periapsis,periapsis_Rm,20.0,3.163515016685206,0.0,4.7,z,65,0.004,0.0,False
Periapsis,periapsis_Rm,20.0,3.169076751946607,0.0,4.7,z,65,0.004,0.0,False
Periapsis,periapsis_Rm,20.0,3.174638487208009,0.0,4.7,z,65,0.004,0.0,False
Periapsis,periapsis_Rm,20.0,3.1802002224694106,0.0,4.7,z,65,0.004,0.0,False
Periapsis,periapsis_Rm,20.0,3.1857619577308123,0.0,4.7,z,65,0.004,0.0,False
Periapsis,periapsis_Rm,20.0,3.1913236929922135,0.0,4.7,z,65,0.004,0.0,False
Periapsis,periapsis_Rm,20.0,3.196885428253615,0.0,4.7,z,65,0.004,0.0,False
Periapsis,periapsis_Rm,20.0,3.202447163515017,0.0,4.7,z,65,0.004,0.0,False
Periapsis,periapsis_Rm,20.0,3.208008898776418,0.0,4.7,z,65,0.004,0.0,False
Periapsis,periapsis_Rm,20.0,3.21357063403782,0.0,4.7,z,65,0.004,0.0,False
Periapsis,periapsis_Rm,20.0,3.2191323692992215,0.0,4.7,z,65,0.004,0.0,False
Periapsis,periapsis_Rm,20.0,3.2246941045606228,0.0,4.7,z,65,0.004,0.0,False
Periapsis,periapsis_Rm,20.0,3.2302558398220245,0.0,4.7,z,65,0.004,0.0,False
Periapsis,periapsis_Rm,20.0,3.235817575083426,0.0,4.7,z,65,0.004,0.0,False
Periapsis,periapsis_Rm,20.0,3.241379310344828,0.0,4.7,z,65,0.004,0.0,False
Periapsis,periapsis_Rm,20.0,3.246941045606229,0.0,4.7,z,65,0.004,0.0,False
Periapsis,periapsis_Rm,20.0,3.252502780867631,0.0,4.7,z,65,0.004,0.0,False
Periapsis,periapsis_Rm,20.0,3.2580645161290325,0.0,4.7,z,65,0.004,0.0,False
Periapsis,periapsis_Rm,20.0,3.2636262513904337,0.0,4.7,z,65,0.004,0.0,False
Periapsis,periapsis_Rm,20.0,3.2691879866518354,0.0,4.7,z,65,0.004,0.0,False
Periapsis,periapsis_Rm,20.0,3.274749721913237,0.0,4.7,z,65,0.004,0.0,False
Periapsis,periapsis_Rm,20.0,3.2803114571746383,0.0,4.7,z,65,0.004,0.0,False
Periapsis,periapsis_Rm,20.0,3.28587319243604,0.0,4.7,z,65,0.004,0.0,False
Periapsis,periapsis_Rm,20.0,3.2914349276974417,0.0,4.7,z,65,0.004,0.0,False
Periapsis,periapsis_Rm,20.0,3.2969966629588434,0.0,4.7,z,65,0.004,0.0,False
Periapsis,periapsis_Rm,20.0,3.3025583982202447,0.0,4.7,z,65,0.004,0.0,False
Periapsis,periapsis_Rm,20.0,3.3081201334816464,0.0,4.7,z,65,0.004,0.0,False
Periapsis,periapsis_Rm,20.0,3.313681868743048,0.0,4.7,z,65,0.004,0.0,False
Periapsis,periapsis_Rm,20.0,3.3192436040044493,0.0,4.7,z,65,0.004,0.0,False
Periapsis,periapsis_Rm,20.0,3.324805339265851,0.0,4.7,z,65,0.004,0.0,False
Periapsis,periapsis_Rm,20.0,3.3303670745272527,0.0,4.7,z,65,0.004,0.0,False
Periapsis,periapsis_Rm,20.0,3.335928809788654,0.0,4.7,z,65,0.004,0.0,False
Periapsis,periapsis_Rm,20.0,3.3414905450500556,0.0,4.7,z,65,0.004,0.0,False
Periapsis,periapsis_Rm,20.0,3.3470522803114573,0.0,4.7,z,65,0.004,0.0,False
Periapsis,periapsis_Rm,20.0,3.352614015572859,0.0,4.7,z,65,0.004,0.0,False
Periapsis,periapsis_Rm,20.0,3.3581757508342602,0.0,4.7,z,65,0.004,0.0,False
Periapsis,periapsis_Rm,20.0,3.363737486095662,0.0,4.7,z,65,0.004,0.0,False
Periapsis,periapsis_Rm,20.0,3.3692992213570636,0.0,4.7,z,65,0.004,0.0,False
Periapsis,periapsis_Rm,20.0,3.374860956618465,0.0,4.7,z,65,0.004,0.0,False
Periapsis,periapsis_Rm,20.0,3.3804226918798665,0.0,4.7,z,65,0.004,0.0,False
Periapsis,periapsis_Rm,20.0,3.3859844271412682,0.0,4.7,z,65,0.004,0.0,False
Periapsis,periapsis_Rm,20.0,3.39154616240267,0.0,4.7,z,65,0.004,0.0,False
Periapsis,periapsis_Rm,20.0,3.397107897664071,0.0,4.7,z,65,0.004,0.0,False
Periapsis,periapsis_Rm,20.0,3.402669632925473,0.0,4.7,z,65,0.004,0.0,False
Periapsis,periapsis_Rm,20.0,3.4082313681868746,0.0,4.7,z,65,0.004,0.0,False
Periapsis,periapsis_Rm,20.0,3.413793103448276,0.0,4.7,z,65,0.004,0.0,False
Periapsis,periapsis_Rm,20.0,3.4193548387096775,0.0,4.7,z,65,0.004,0.0,False
Periapsis,periapsis_Rm,20.0,3.424916573971079,0.0,4.7,z,65,0.004,0.0,False
Periapsis,periapsis_Rm,20.0,3.4304783092324804,0.0,4.7,z,65,0.004,0.0,False
Periapsis,periapsis_Rm,20.0,3.436040044493882,0.0,4.7,z,65,0.004,0.0,False
Periapsis,periapsis_Rm,20.0,3.441601779755284,0.0,4.7,z,65,0.004,0.0,False
Periapsis,periapsis_Rm,20.0,3.4471635150166855,0.0,4.7,z,65,0.004,0.0,False
Periapsis,periapsis_Rm,20.0,3.4527252502780867,0.0,4.7,z,65,0.004,0.0,False
Periapsis,periapsis_Rm,20.0,3.4582869855394884,0.0,4.7,z,65,0.004,0.0,False
Periapsis,periapsis_Rm,20.0,3.46384872080089,0.0,4.7,z,65,0.004,0.0,False
Periapsis,periapsis_Rm,20.0,3.4694104560622914,0.0,4.7,z,65,0.004,0.0,False
Periapsis,periapsis_Rm,20.0,3.474972191323693,0.0,4.7,z,65,0.004,0.0,False
Periapsis,periapsis_Rm,20.0,3.4805339265850948,0.0,4.7,z,65,0.004,0.0,False
Periapsis,periapsis_Rm,20.0,3.486095661846496,0.0,4.7,z,65,0.004,0.0,False
Periapsis,periapsis_Rm,20.0,3.4916573971078977,0.0,4.7,z,65,0.004,0.0,False
Periapsis,periapsis_Rm,20.0,3.4972191323692994,0.0,4.7,z,65,0.004,0.0,False
Periapsis,periapsis_Rm,20.0,3.502780867630701,0.0,4.7,z,65,0.004,0.0,False
Periapsis,periapsis_Rm,20.0,3.5083426028921023,0.0,4.7,z,65,0.004,0.0,False
Periapsis,periapsis_Rm,20.0,3.513904338153504,0.0,4.7,z,65,0.004,0.0,False
Periapsis,periapsis_Rm,20.0,3.5194660734149057,0.0,4.7,z,65,0.004,0.0,False
Periapsis,periapsis_Rm,20.0,3.525027808676307,0.0,4.7,z,65,0.004,0.0,False
Periapsis,periapsis_Rm,20.0,3.5305895439377086,0.0,4.7,z,65,0.004,0.0,False
Periapsis,periapsis_Rm,20.0,3.5361512791991103,0.0,4.7,z,65,0.004,0.0,False
Periapsis,periapsis_Rm,20.0,3.5417130144605116,0.0,4.7,z,65,0.004,0.0,False
Periapsis,periapsis_Rm,20.0,3.5472747497219133,0.0,4.7,z,65,0.004,0.0,False
Periapsis,periapsis_Rm,20.0,3.552836484983315,0.0,4.7,z,65,0.004,0.0,False
Periapsis,periapsis_Rm,20.0,3.5583982202447166,0.0,4.7,z,65,0.004,0.0,False
Periapsis,periapsis_Rm,20.0,3.563959955506118,0.0,4.7,z,65,0.004,0.0,False
Periapsis,periapsis_Rm,20.0,3.5695216907675196,0.0,4.7,z,65,0.004,0.0,False
Periapsis,periapsis_Rm,20.0,3.5750834260289213,0.0,4.7,z,65,0.004,0.0,False
Periapsis,periapsis_Rm,20.0,3.5806451612903225,0.0,4.7,z,65,0.004,0.0,False
Periapsis,periapsis_Rm,20.0,3.586206896551724,0.0,4.7,z,65,0.004,0.0,False
Periapsis,periapsis_Rm,20.0,3.591768631813126,0.0,4.7,z,65,0.004,0.0,False
Periapsis,periapsis_Rm,20.0,3.597330367074527,0.0,4.7,z,65,0.004,0.0,False
Periapsis,periapsis_Rm,20.0,3.602892102335929,0.0,4.7,z,65,0.004,0.0,False
Periapsis,periapsis_Rm,20.0,3.6084538375973305,0.0,4.7,z,65,0.004,0.0,False
Periapsis,periapsis_Rm,20.0,3.614015572858732,0.0,4.7,z,65,0.004,0.0,False
Periapsis,periapsis_Rm,20.0,3.6195773081201335,0.0,4.7,z,65,0.004,0.0,False
Periapsis,periapsis_Rm,20.0,3.625139043381535,0.0,4.7,z,65,0.004,0.0,False
Periapsis,periapsis_Rm,20.0,3.630700778642937,0.0,4.7,z,65,0.004,0.0,False
Periapsis,periapsis_Rm,20.0,3.636262513904338,0.0,4.7,z,65,0.004,0.0,False
Periapsis,periapsis_Rm,20.0,3.6418242491657398,0.0,4.7,z,65,0.004,0.0,False
Periapsis,periapsis_Rm,20.0,3.6473859844271415,0.0,4.7,z,65,0.004,0.0,False
Periapsis,periapsis_Rm,20.0,3.6529477196885427,0.0,4.7,z,65,0.004,0.0,False
Periapsis,periapsis_Rm,20.0,3.6585094549499444,0.0,4.7,z,65,0.004,0.0,False
Periapsis,periapsis_Rm,20.0,3.664071190211346,0.0,4.7,z,65,0.004,0.0,False
Periapsis,periapsis_Rm,20.0,3.6696329254727478,0.0,4.7,z,65,0.004,0.0,False
Periapsis,periapsis_Rm,20.0,3.675194660734149,0.0,4.7,z,65,0.004,0.0,False
Periapsis,periapsis_Rm,20.0,3.6807563959955507,0.0,4.7,z,65,0.004,0.0,False
Periapsis,periapsis_Rm,20.0,3.6863181312569524,0.0,4.7,z,65,0.004,0.0,False
Periapsis,periapsis_Rm,20.0,3.6918798665183536,0.0,4.7,z,65,0.004,0.0,False
Periapsis,periapsis_Rm,20.0,3.6974416017797553,0.0,4.7,z,65,0.004,0.0,False
Periapsis,periapsis_Rm,20.0,3.703003337041157,0.0,4.7,z,65,0.004,0.0,False
Periapsis,periapsis_Rm,20.0,3.7085650723025583,0.0,4.7,z,65,0.004,0.0,False
Periapsis,periapsis_Rm,20.0,3.71412680756396,0.0,4.7,z,65,0.004,0.0,False
Periapsis,periapsis_Rm,20.0,3.7196885428253617,0.0,4.7,z,65,0.004,0.0,False
Periapsis,periapsis_Rm,20.0,3.7252502780867633,0.0,4.7,z,65,0.004,0.0,False
Periapsis,periapsis_Rm,20.0,3.7308120133481646,0.0,4.7,z,65,0.004,0.0,False
Periapsis,periapsis_Rm,20.0,3.7363737486095663,0.0,4.7,z,65,0.004,0.0,False
Periapsis,periapsis_Rm,20.0,3.741935483870968,0.0,4.7,z,65,0.004,0.0,False
Periapsis,periapsis_Rm,20.0,3.747497219132369,0.0,4.7,z,65,0.004,0.0,False
Periapsis,periapsis_Rm,20.0,3.753058954393771,0.0,4.7,z,65,0.004,0.0,False
Periapsis,periapsis_Rm,20.0,3.7586206896551726,0.0,4.7,z,65,0.004,0.0,False
Periapsis,periapsis_Rm,20.0,3.764182424916574,0.0,4.7,z,65,0.004,0.0,False
Periapsis,periapsis_Rm,20.0,3.7697441601779755,0.0,4.7,z,65,0.004,0.0,False
Periapsis,periapsis_Rm,20.0,3.7753058954393772,0.0,4.7,z,65,0.004,0.0,False
Periapsis,periapsis_Rm,20.0,3.780867630700779,0.0,4.7,z,65,0.004,0.0,False
Periapsis,periapsis_Rm,20.0,3.78642936596218,0.0,4.7,z,65,0.004,0.0,False
Periapsis,periapsis_Rm,20.0,3.791991101223582,0.0,4.7,z,65,0.004,0.0,False
Periapsis,periapsis_Rm,20.0,3.7975528364849835,0.0,4.7,z,65,0.004,0.0,False
Periapsis,periapsis_Rm,20.0,3.803114571746385,0.0,4.7,z,65,0.004,0.0,False
Periapsis,periapsis_Rm,20.0,3.8086763070077865,0.0,4.7,z,65,0.004,0.0,False
Periapsis,periapsis_Rm,20.0,3.814238042269188,0.0,4.7,z,65,0.004,0.0,False
Periapsis,periapsis_Rm,20.0,3.8197997775305894,0.0,4.7,z,65,0.004,0.0,False
Periapsis,periapsis_Rm,20.0,3.825361512791991,0.0,4.7,z,65,0.004,0.0,False
Periapsis,periapsis_Rm,20.0,3.830923248053393,0.0,4.7,z,65,0.004,0.0,False
Periapsis,periapsis_Rm,20.0,3.8364849833147945,0.0,4.7,z,65,0.004,0.0,False
Periapsis,periapsis_Rm,20.0,3.8420467185761957,0.0,4.7,z,65,0.004,0.0,False
Periapsis,periapsis_Rm,20.0,3.8476084538375974,0.0,4.7,z,65,0.004,0.0,False
Periapsis,periapsis_Rm,20.0,3.853170189098999,0.0,4.7,z,65,0.004,0.0,False
Periapsis,periapsis_Rm,20.0,3.8587319243604004,0.0,4.7,z,65,0.004,0.0,False
Periapsis,periapsis_Rm,20.0,3.864293659621802,0.0,4.7,z,65,0.004,0.0,False
Periapsis,periapsis_Rm,20.0,3.8698553948832037,0.0,4.7,z,65,0.004,0.0,False
Periapsis,periapsis_Rm,20.0,3.8754171301446054,0.0,4.7,z,65,0.004,0.0,False
Periapsis,periapsis_Rm,20.0,3.8809788654060067,0.0,4.7,z,65,0.004,0.0,False
Periapsis,periapsis_Rm,20.0,3.8865406006674084,0.0,4.7,z,65,0.004,0.0,False
Periapsis,periapsis_Rm,20.0,3.89210233592881,0.0,4.7,z,65,0.004,0.0,False
Periapsis,periapsis_Rm,20.0,3.8976640711902113,0.0,4.7,z,65,0.004,0.0,False
Periapsis,periapsis_Rm,20.0,3.903225806451613,0.0,4.7,z,65,0.004,0.0,False
Periapsis,periapsis_Rm,20.0,3.9087875417130147,0.0,4.7,z,65,0.004,0.0,False
Periapsis,periapsis_Rm,20.0,3.914349276974416,0.0,4.7,z,65,0.004,0.0,False
Periapsis,periapsis_Rm,20.0,3.9199110122358176,0.0,4.7,z,65,0.004,0.0,False
Periapsis,periapsis_Rm,20.0,3.9254727474972193,0.0,4.7,z,65,0.004,0.0,False
Periapsis,periapsis_Rm,20.0,3.931034482758621,0.0,4.7,z,65,0.004,0.0,False
Periapsis,periapsis_Rm,20.0,3.9365962180200222,0.0,4.7,z,65,0.004,0.0,False
Periapsis,periapsis_Rm,20.0,3.942157953281424,0.0,4.7,z,65,0.004,0.0,False
Periapsis,periapsis_Rm,20.0,3.9477196885428256,0.0,4.7,z,65,0.004,0.0,False
Periapsis,periapsis_Rm,20.0,3.953281423804227,0.0,4.7,z,65,0.004,0.0,False
Periapsis,periapsis_Rm,20.0,3.9588431590656286,0.0,4.7,z,65,0.004,0.0,False
Periapsis,periapsis_Rm,20.0,3.9644048943270302,0.0,4.7,z,65,0.004,0.0,False
Periapsis,periapsis_Rm,20.0,3.9699666295884315,0.0,4.7,z,65,0.004,0.0,False
Periapsis,periapsis_Rm,20.0,3.975528364849833,0.0,4.7,z,65,0.004,0.0,False
Periapsis,periapsis_Rm,20.0,3.981090100111235,0.0,4.7,z,65,0.004,0.0,False
Periapsis,periapsis_Rm,20.0,3.9866518353726366,0.0,4.7,z,65,0.004,0.0,False
Periapsis,periapsis_Rm,20.0,3.992213570634038,0.0,4.7,z,65,0.004,0.0,False
Periapsis,periapsis_Rm,20.0,3.9977753058954395,0.0,4.7,z,65,0.004,0.0,False
Periapsis,periapsis_Rm,20.0,4.003337041156842,0.0,4.7,z,65,0.004,0.0,False
Periapsis,periapsis_Rm,20.0,4.008898776418242,0.0,4.7,z,65,0.004,0.0,False
Periapsis,periapsis_Rm,20.0,4.014460511679644,0.0,4.7,z,65,0.004,0.0,False
Periapsis,periapsis_Rm,20.0,4.020022246941046,0.0,4.7,z,65,0.004,0.0,False
Periapsis,periapsis_Rm,20.0,4.025583982202447,0.0,4.7,z,65,0.004,0.0,False
Periapsis,periapsis_Rm,20.0,4.031145717463849,0.0,4.7,z,65,0.004,0.0,False
Periapsis,periapsis_Rm,20.0,4.036707452725251,0.0,4.7,z,65,0.004,0.0,False
Periapsis,periapsis_Rm,20.0,4.042269187986652,0.0,4.7,z,65,0.004,0.0,False
Periapsis,periapsis_Rm,20.0,4.047830923248053,0.0,4.7,z,65,0.004,0.0,False
Periapsis,periapsis_Rm,20.0,4.0533926585094555,0.0,4.7,z,65,0.004,0.0,False
Periapsis,periapsis_Rm,20.0,4.058954393770857,0.0,4.7,z,65,0.004,0.0,False
Periapsis,periapsis_Rm,20.0,4.064516129032258,0.0,4.7,z,65,0.004,0.0,False
Periapsis,periapsis_Rm,20.0,4.07007786429366,0.0,4.7,z,65,0.004,0.0,False
Periapsis,periapsis_Rm,20.0,4.075639599555061,0.0,4.7,z,65,0.004,0.0,False
Periapsis,periapsis_Rm,20.0,4.081201334816463,0.0,4.7,z,65,0.004,0.0,False
Periapsis,periapsis_Rm,20.0,4.086763070077865,0.0,4.7,z,65,0.004,0.0,False
Periapsis,periapsis_Rm,20.0,4.092324805339266,0.0,4.7,z,65,0.004,0.0,False
Periapsis,periapsis_Rm,20.0,4.097886540600667,0.0,4.7,z,65,0.004,0.0,False
Periapsis,periapsis_Rm,20.0,4.103448275862069,0.0,4.7,z,65,0.004,0.0,False
Periapsis,periapsis_Rm,20.0,4.109010011123471,0.0,4.7,z,65,0.004,0.0,False
Periapsis,periapsis_Rm,20.0,4.114571746384872,0.0,4.7,z,65,0.004,0.0,False
Periapsis,periapsis_Rm,20.0,4.120133481646274,0.0,4.7,z,65,0.004,0.0,False
Periapsis,periapsis_Rm,20.0,4.125695216907675,0.0,4.7,z,65,0.004,0.0,False
Periapsis,periapsis_Rm,20.0,4.1312569521690765,0.0,4.7,z,65,0.004,0.0,False
Periapsis,periapsis_Rm,20.0,4.136818687430479,0.0,4.7,z,65,0.004,0.0,False
Periapsis,periapsis_Rm,20.0,4.14238042269188,0.0,4.7,z,65,0.004,0.0,False
Periapsis,periapsis_Rm,20.0,4.147942157953281,0.0,4.7,z,65,0.004,0.0,False
Periapsis,periapsis_Rm,20.0,4.153503893214683,0.0,4.7,z,65,0.004,0.0,False
Periapsis,periapsis_Rm,20.0,4.1590656284760845,0.0,4.7,z,65,0.004,0.0,False
Periapsis,periapsis_Rm,20.0,4.164627363737486,0.0,4.7,z,65,0.004,0.0,False
Periapsis,periapsis_Rm,20.0,4.170189098998888,0.0,4.7,z,65,0.004,0.0,False
Periapsis,periapsis_Rm,20.0,4.175750834260289,0.0,4.7,z,65,0.004,0.0,False
Periapsis,periapsis_Rm,20.0,4.18131256952169,0.0,4.7,z,65,0.004,0.0,False
Periapsis,periapsis_Rm,20.0,4.1868743047830925,0.0,4.7,z,65,0.004,0.0,False
Periapsis,periapsis_Rm,20.0,4.192436040044494,0.0,4.7,z,65,0.004,0.0,False
Periapsis,periapsis_Rm,20.0,4.197997775305895,0.0,4.7,z,65,0.004,0.0,False
Periapsis,periapsis_Rm,20.0,4.203559510567297,0.0,4.7,z,65,0.004,0.0,False
Periapsis,periapsis_Rm,20.0,4.209121245828699,0.0,4.7,z,65,0.004,0.0,False
Periapsis,periapsis_Rm,20.0,4.2146829810901,0.0,4.7,z,65,0.004,0.0,False
Periapsis,periapsis_Rm,20.0,4.220244716351502,0.0,4.7,z,65,0.004,0.0,False
Periapsis,periapsis_Rm,20.0,4.225806451612904,0.0,4.7,z,65,0.004,0.0,False
Periapsis,periapsis_Rm,20.0,4.231368186874304,0.0,4.7,z,65,0.004,0.0,False
Periapsis,periapsis_Rm,20.0,4.236929922135706,0.0,4.7,z,65,0.004,0.0,False
Periapsis,periapsis_Rm,20.0,4.2424916573971085,0.0,4.7,z,65,0.004,0.0,False
Periapsis,periapsis_Rm,20.0,4.248053392658509,0.0,4.7,z,65,0.004,0.0,False
Periapsis,periapsis_Rm,20.0,4.253615127919911,0.0,4.7,z,65,0.004,0.0,False
Periapsis,periapsis_Rm,20.0,4.259176863181313,0.0,4.7,z,65,0.004,0.0,False
Periapsis,periapsis_Rm,20.0,4.264738598442714,0.0,4.7,z,65,0.004,0.0,False
Periapsis,periapsis_Rm,20.0,4.270300333704116,0.0,4.7,z,65,0.004,0.0,False
Periapsis,periapsis_Rm,20.0,4.275862068965518,0.0,4.7,z,65,0.004,0.0,False
Periapsis,periapsis_Rm,20.0,4.281423804226919,0.0,4.7,z,65,0.004,0.0,False
Periapsis,periapsis_Rm,20.0,4.28698553948832,0.0,4.7,z,65,0.004,0.0,False
Periapsis,periapsis_Rm,20.0,4.292547274749722,0.0,4.7,z,65,0.004,0.0,False
Periapsis,periapsis_Rm,20.0,4.298109010011124,0.0,4.7,z,65,0.004,0.0,False
Periapsis,periapsis_Rm,20.0,4.303670745272525,0.0,4.7,z,65,0.004,0.0,False
Periapsis,periapsis_Rm,20.0,4.309232480533927,0.0,4.7,z,65,0.004,0.0,False
Periapsis,periapsis_Rm,20.0,4.314794215795328,0.0,4.7,z,65,0.004,0.0,False
Periapsis,periapsis_Rm,20.0,4.3203559510567295,0.0,4.7,z,65,0.004,0.0,False
Periapsis,periapsis_Rm,20.0,4.325917686318132,0.0,4.7,z,65,0.004,0.0,False
Periapsis,periapsis_Rm,20.0,4.331479421579533,0.0,4.7,z,65,0.004,0.0,False
Periapsis,periapsis_Rm,20.0,4.337041156840934,0.0,4.7,z,65,0.004,0.0,False
Periapsis,periapsis_Rm,20.0,4.342602892102336,0.0,4.7,z,65,0.004,0.0,False
Periapsis,periapsis_Rm,20.0,4.3481646273637375,0.0,4.7,z,65,0.004,0.0,False
Periapsis,periapsis_Rm,20.0,4.353726362625139,0.0,4.7,z,65,0.004,0.0,False
Periapsis,periapsis_Rm,20.0,4.359288097886541,0.0,4.7,z,65,0.004,0.0,False
Periapsis,periapsis_Rm,20.0,4.364849833147942,0.0,4.7,z,65,0.004,0.0,False
Periapsis,periapsis_Rm,20.0,4.370411568409343,0.0,4.7,z,65,0.004,0.0,False
Periapsis,periapsis_Rm,20.0,4.3759733036707456,0.0,4.7,z,65,0.004,0.0,False
Periapsis,periapsis_Rm,20.0,4.381535038932147,0.0,4.7,z,65,0.004,0.0,False
Periapsis,periapsis_Rm,20.0,4.387096774193548,0.0,4.7,z,65,0.004,0.0,False
Periapsis,periapsis_Rm,20.0,4.39265850945495,0.0,4.7,z,65,0.004,0.0,False
Periapsis,periapsis_Rm,20.0,4.398220244716351,0.0,4.7,z,65,0.004,0.0,False
Periapsis,periapsis_Rm,20.0,4.403781979977753,0.0,4.7,z,65,0.004,0.0,False
Periapsis,periapsis_Rm,20.0,4.409343715239155,0.0,4.7,z,65,0.004,0.0,False
Periapsis,periapsis_Rm,20.0,4.414905450500557,0.0,4.7,z,65,0.004,0.0,False
Periapsis,periapsis_Rm,20.0,4.420467185761957,0.0,4.7,z,65,0.004,0.0,False
Periapsis,periapsis_Rm,20.0,4.426028921023359,0.0,4.7,z,65,0.004,0.0,False
Periapsis,periapsis_Rm,20.0,4.431590656284762,0.0,4.7,z,65,0.004,0.0,False
Periapsis,periapsis_Rm,20.0,4.437152391546162,0.0,4.7,z,65,0.004,0.0,False
Periapsis,periapsis_Rm,20.0,4.442714126807564,0.0,4.7,z,65,0.004,0.0,False
Periapsis,periapsis_Rm,20.0,4.448275862068966,0.0,4.7,z,65,0.004,0.0,False
Periapsis,periapsis_Rm,20.0,4.4538375973303665,0.0,4.7,z,65,0.004,0.0,False
Periapsis,periapsis_Rm,20.0,4.459399332591769,0.0,4.7,z,65,0.004,0.0,False
Periapsis,periapsis_Rm,20.0,4.464961067853171,0.0,4.7,z,65,0.004,0.0,False
Periapsis,periapsis_Rm,20.0,4.470522803114572,0.0,4.7,z,65,0.004,0.0,False
Periapsis,periapsis_Rm,20.0,4.476084538375973,0.0,4.7,z,65,0.004,0.0,False
Periapsis,periapsis_Rm,20.0,4.481646273637375,0.0,4.7,z,65,0.004,0.0,False
Periapsis,periapsis_Rm,20.0,4.487208008898777,0.0,4.7,z,65,0.004,0.0,False
Periapsis,periapsis_Rm,20.0,4.492769744160178,0.0,4.7,z,65,0.004,0.0,False
Periapsis,periapsis_Rm,20.0,4.49833147942158,0.0,4.7,z,65,0.004,0.0,False
Periapsis,periapsis_Rm,20.0,4.503893214682981,0.0,4.7,z,65,0.004,0.0,False
Periapsis,periapsis_Rm,20.0,4.509454949944383,0.0,4.7,z,65,0.004,0.0,False
Periapsis,periapsis_Rm,20.0,4.515016685205785,0.0,4.7,z,65,0.004,0.0,False
Periapsis,periapsis_Rm,20.0,4.520578420467186,0.0,4.7,z,65,0.004,0.0,False
Periapsis,periapsis_Rm,20.0,4.526140155728587,0.0,4.7,z,65,0.004,0.0,False
Periapsis,periapsis_Rm,20.0,4.531701890989989,0.0,4.7,z,65,0.004,0.0,False
Periapsis,periapsis_Rm,20.0,4.537263626251391,0.0,4.7,z,65,0.004,0.0,False
Periapsis,periapsis_Rm,20.0,4.542825361512792,0.0,4.7,z,65,0.004,0.0,False
Periapsis,periapsis_Rm,20.0,4.548387096774194,0.0,4.7,z,65,0.004,0.0,False
Periapsis,periapsis_Rm,20.0,4.553948832035595,0.0,4.7,z,65,0.004,0.0,False
Periapsis,periapsis_Rm,20.0,4.559510567296996,0.0,4.7,z,65,0.004,0.0,False
Periapsis,periapsis_Rm,20.0,4.565072302558399,0.0,4.7,z,65,0.004,0.0,False
Periapsis,periapsis_Rm,20.0,4.5706340378198,0.0,4.7,z,65,0.004,0.0,False
Periapsis,periapsis_Rm,20.0,4.576195773081201,0.0,4.7,z,65,0.004,0.0,False
Periapsis,periapsis_Rm,20.0,4.581757508342603,0.0,4.7,z,65,0.004,0.0,False
Periapsis,periapsis_Rm,20.0,4.5873192436040044,0.0,4.7,z,65,0.004,0.0,False
Periapsis,periapsis_Rm,20.0,4.592880978865406,0.0,4.7,z,65,0.004,0.0,False
Periapsis,periapsis_Rm,20.0,4.598442714126808,0.0,4.7,z,65,0.004,0.0,False
Periapsis,periapsis_Rm,20.0,4.604004449388209,0.0,4.7,z,65,0.004,0.0,False
Periapsis,periapsis_Rm,20.0,4.60956618464961,0.0,4.7,z,65,0.004,0.0,False
Periapsis,periapsis_Rm,20.0,4.6151279199110125,0.0,4.7,z,65,0.004,0.0,False
Periapsis,periapsis_Rm,20.0,4.620689655172414,0.0,4.7,z,65,0.004,0.0,False
Periapsis,periapsis_Rm,20.0,4.626251390433815,0.0,4.7,z,65,0.004,0.0,False
Periapsis,periapsis_Rm,20.0,4.631813125695217,0.0,4.7,z,65,0.004,0.0,False
Periapsis,periapsis_Rm,20.0,4.637374860956619,0.0,4.7,z,65,0.004,0.0,False
Periapsis,periapsis_Rm,20.0,4.64293659621802,0.0,4.7,z,65,0.004,0.0,False
Periapsis,periapsis_Rm,20.0,4.648498331479422,0.0,4.7,z,65,0.004,0.0,False
Periapsis,periapsis_Rm,20.0,4.654060066740824,0.0,4.7,z,65,0.004,0.0,False
Periapsis,periapsis_Rm,20.0,4.659621802002224,0.0,4.7,z,65,0.004,0.0,False
Periapsis,periapsis_Rm,20.0,4.665183537263626,0.0,4.7,z,65,0.004,0.0,False
Periapsis,periapsis_Rm,20.0,4.6707452725250285,0.0,4.7,z,65,0.004,0.0,False
Periapsis,periapsis_Rm,20.0,4.676307007786429,0.0,4.7,z,65,0.004,0.0,False
Periapsis,periapsis_Rm,20.0,4.681868743047831,0.0,4.7,z,65,0.004,0.0,False
Periapsis,periapsis_Rm,20.0,4.687430478309233,0.0,4.7,z,65,0.004,0.0,False
Periapsis,periapsis_Rm,20.0,4.692992213570634,0.0,4.7,z,65,0.004,0.0,False
Periapsis,periapsis_Rm,20.0,4.698553948832036,0.0,4.7,z,65,0.004,0.0,False
Periapsis,periapsis_Rm,20.0,4.704115684093438,0.0,4.7,z,65,0.004,0.0,False
Periapsis,periapsis_Rm,20.0,4.709677419354839,0.0,4.7,z,65,0.004,0.0,False
Periapsis,periapsis_Rm,20.0,4.71523915461624,0.0,4.7,z,65,0.004,0.0,False
Periapsis,periapsis_Rm,20.0,4.720800889877642,0.0,4.7,z,65,0.004,0.0,False
Periapsis,periapsis_Rm,20.0,4.726362625139044,0.0,4.7,z,65,0.004,0.0,False
Periapsis,periapsis_Rm,20.0,4.731924360400445,0.0,4.7,z,65,0.004,0.0,False
Periapsis,periapsis_Rm,20.0,4.737486095661847,0.0,4.7,z,65,0.004,0.0,False
Periapsis,periapsis_Rm,20.0,4.743047830923248,0.0,4.7,z,65,0.004,0.0,False
Periapsis,periapsis_Rm,20.0,4.7486095661846495,0.0,4.7,z,65,0.004,0.0,False
Periapsis,periapsis_Rm,20.0,4.754171301446052,0.0,4.7,z,65,0.004,0.0,False
Periapsis,periapsis_Rm,20.0,4.759733036707453,0.0,4.7,z,65,0.004,0.0,False
Periapsis,periapsis_Rm,20.0,4.765294771968854,0.0,4.7,z,65,0.004,0.0,False
Periapsis,periapsis_Rm,20.0,4.770856507230256,0.0,4.7,z,65,0.004,0.0,False
Periapsis,periapsis_Rm,20.0,4.7764182424916575,0.0,4.7,z,65,0.004,0.0,False
Periapsis,periapsis_Rm,20.0,4.781979977753059,0.0,4.7,z,65,0.004,0.0,False
Periapsis,periapsis_Rm,20.0,4.787541713014461,0.0,4.7,z,65,0.004,0.0,False
Periapsis,periapsis_Rm,20.0,4.793103448275862,0.0,4.7,z,65,0.004,0.0,False
Periapsis,periapsis_Rm,20.0,4.798665183537263,0.0,4.7,z,65,0.004,0.0,False
Periapsis,periapsis_Rm,20.0,4.8042269187986655,0.0,4.7,z,65,0.004,0.0,False
Periapsis,periapsis_Rm,20.0,4.809788654060067,0.0,4.7,z,65,0.004,0.0,False
Periapsis,periapsis_Rm,20.0,4.815350389321468,0.0,4.7,z,65,0.004,0.0,False
Periapsis,periapsis_Rm,20.0,4.82091212458287,0.0,4.7,z,65,0.004,0.0,False
Periapsis,periapsis_Rm,20.0,4.826473859844271,0.0,4.7,z,65,0.004,0.0,False
Periapsis,periapsis_Rm,20.0,4.832035595105673,0.0,4.7,z,65,0.004,0.0,False
Periapsis,periapsis_Rm,20.0,4.837597330367075,0.0,4.7,z,65,0.004,0.0,False
Periapsis,periapsis_Rm,20.0,4.843159065628477,0.0,4.7,z,65,0.004,0.0,False
Periapsis,periapsis_Rm,20.0,4.848720800889877,0.0,4.7,z,65,0.004,0.0,False
Periapsis,periapsis_Rm,20.0,4.854282536151279,0.0,4.7,z,65,0.004,0.0,False
Periapsis,periapsis_Rm,20.0,4.8598442714126815,0.0,4.7,z,65,0.004,0.0,False
Periapsis,periapsis_Rm,20.0,4.865406006674082,0.0,4.7,z,65,0.004,0.0,False
Periapsis,periapsis_Rm,20.0,4.870967741935484,0.0,4.7,z,65,0.004,0.0,False
Periapsis,periapsis_Rm,20.0,4.876529477196886,0.0,4.7,z,65,0.004,0.0,False
Periapsis,periapsis_Rm,20.0,4.8820912124582865,0.0,4.7,z,65,0.004,0.0,False
Periapsis,periapsis_Rm,20.0,4.887652947719689,0.0,4.7,z,65,0.004,0.0,False
Periapsis,periapsis_Rm,20.0,4.893214682981091,0.0,4.7,z,65,0.004,0.0,False
Periapsis,periapsis_Rm,20.0,4.898776418242492,0.0,4.7,z,65,0.004,0.0,False
Periapsis,periapsis_Rm,20.0,4.904338153503893,0.0,4.7,z,65,0.004,0.0,False
Periapsis,periapsis_Rm,20.0,4.909899888765295,0.0,4.7,z,65,0.004,0.0,False
Periapsis,periapsis_Rm,20.0,4.915461624026697,0.0,4.7,z,65,0.004,0.0,False
Periapsis,periapsis_Rm,20.0,4.921023359288098,0.0,4.7,z,65,0.004,0.0,False
Periapsis,periapsis_Rm,20.0,4.9265850945495,0.0,4.7,z,65,0.004,0.0,False
Periapsis,periapsis_Rm,20.0,4.932146829810901,0.0,4.7,z,65,0.004,0.0,False
Periapsis,periapsis_Rm,20.0,4.9377085650723025,0.0,4.7,z,65,0.004,0.0,False
Periapsis,periapsis_Rm,20.0,4.943270300333705,0.0,4.7,z,65,0.004,0.0,False
Periapsis,periapsis_Rm,20.0,4.948832035595106,0.0,4.7,z,65,0.004,0.0,False
Periapsis,periapsis_Rm,20.0,4.954393770856507,0.0,4.7,z,65,0.004,0.0,False
Periapsis,periapsis_Rm,20.0,4.959955506117909,0.0,4.7,z,65,0.004,0.0,False
Periapsis,periapsis_Rm,20.0,4.9655172413793105,0.0,4.7,z,65,0.004,0.0,False
Periapsis,periapsis_Rm,20.0,4.971078976640712,0.0,4.7,z,65,0.004,0.0,False
Periapsis,periapsis_Rm,20.0,4.976640711902114,0.0,4.7,z,65,0.004,0.0,False
Periapsis,periapsis_Rm,20.0,4.982202447163515,0.0,4.7,z,65,0.004,0.0,False
Periapsis,periapsis_Rm,20.0,4.987764182424916,0.0,4.7,z,65,0.004,0.0,False
Periapsis,periapsis_Rm,20.0,4.9933259176863185,0.0,4.7,z,65,0.004,0.0,False
Periapsis,periapsis_Rm,20.0,4.99888765294772,0.0,4.7,z,65,0.004,0.0,False
Periapsis,periapsis_Rm,20.0,5.004449388209121,0.0,4.7,z,65,0.004,0.0,False
Periapsis,periapsis_Rm,20.0,5.010011123470523,0.0,4.7,z,65,0.004,0.0,False
Periapsis,periapsis_Rm,20.0,5.015572858731924,0.0,4.7,z,65,0.004,0.0,False
Periapsis,periapsis_Rm,20.0,5.021134593993326,0.0,4.7,z,65,0.004,0.0,False
Periapsis,periapsis_Rm,20.0,5.026696329254728,0.0,4.7,z,65,0.004,0.0,False
Periapsis,periapsis_Rm,20.0,5.032258064516129,0.0,4.7,z,65,0.004,0.0,False
Periapsis,periapsis_Rm,20.0,5.037819799777531,0.0,4.7,z,65,0.004,0.0,False
Periapsis,periapsis_Rm,20.0,5.043381535038932,0.0,4.7,z,65,0.004,0.0,False
Periapsis,periapsis_Rm,20.0,5.048943270300334,0.0,4.7,z,65,0.004,0.0,False
Periapsis,periapsis_Rm,20.0,5.054505005561736,0.0,4.7,z,65,0.004,0.0,False
Periapsis,periapsis_Rm,20.0,5.060066740823137,0.0,4.7,z,65,0.004,0.0,False
Periapsis,periapsis_Rm,20.0,5.065628476084538,0.0,4.7,z,65,0.004,0.0,False
Periapsis,periapsis_Rm,20.0,5.07119021134594,0.0,4.7,z,65,0.004,0.0,False
Periapsis,periapsis_Rm,20.0,5.076751946607342,0.0,4.7,z,65,0.004,0.0,False
Periapsis,periapsis_Rm,20.0,5.082313681868743,0.0,4.7,z,65,0.004,0.0,False
Periapsis,periapsis_Rm,20.0,5.087875417130145,0.0,4.7,z,65,0.004,0.0,False
Periapsis,periapsis_Rm,20.0,5.093437152391546,0.0,4.7,z,65,0.004,0.0,False
Periapsis,periapsis_Rm,20.0,5.0989988876529475,0.0,4.7,z,65,0.004,0.0,False
Periapsis,periapsis_Rm,20.0,5.10456062291435,0.0,4.7,z,65,0.004,0.0,False
Periapsis,periapsis_Rm,20.0,5.110122358175751,0.0,4.7,z,65,0.004,0.0,False
Periapsis,periapsis_Rm,20.0,5.115684093437152,0.0,4.7,z,65,0.004,0.0,False
Periapsis,periapsis_Rm,20.0,5.121245828698554,0.0,4.7,z,65,0.004,0.0,False
Periapsis,periapsis_Rm,20.0,5.1268075639599555,0.0,4.7,z,65,0.004,0.0,False
Periapsis,periapsis_Rm,20.0,5.132369299221357,0.0,4.7,z,65,0.004,0.0,False
Periapsis,periapsis_Rm,20.0,5.137931034482759,0.0,4.7,z,65,0.004,0.0,False
Periapsis,periapsis_Rm,20.0,5.14349276974416,0.0,4.7,z,65,0.004,0.0,False
Periapsis,periapsis_Rm,20.0,5.149054505005562,0.0,4.7,z,65,0.004,0.0,False
Periapsis,periapsis_Rm,20.0,5.1546162402669635,0.0,4.7,z,65,0.004,0.0,False
Periapsis,periapsis_Rm,20.0,5.160177975528365,0.0,4.7,z,65,0.004,0.0,False
Periapsis,periapsis_Rm,20.0,5.165739710789767,0.0,4.7,z,65,0.004,0.0,False
Periapsis,periapsis_Rm,20.0,5.171301446051168,0.0,4.7,z,65,0.004,0.0,False
Periapsis,periapsis_Rm,20.0,5.176863181312569,0.0,4.7,z,65,0.004,0.0,False
Periapsis,periapsis_Rm,20.0,5.1824249165739715,0.0,4.7,z,65,0.004,0.0,False
Periapsis,periapsis_Rm,20.0,5.187986651835373,0.0,4.7,z,65,0.004,0.0,False
Periapsis,periapsis_Rm,20.0,5.193548387096774,0.0,4.7,z,65,0.004,0.0,False
Periapsis,periapsis_Rm,20.0,5.199110122358176,0.0,4.7,z,65,0.004,0.0,False
Periapsis,periapsis_Rm,20.0,5.204671857619577,0.0,4.7,z,65,0.004,0.0,False
Periapsis,periapsis_Rm,20.0,5.210233592880979,0.0,4.7,z,65,0.004,0.0,False
Periapsis,periapsis_Rm,20.0,5.215795328142381,0.0,4.7,z,65,0.004,0.0,False
Periapsis,periapsis_Rm,20.0,5.221357063403782,0.0,4.7,z,65,0.004,0.0,False
Periapsis,periapsis_Rm,20.0,5.226918798665183,0.0,4.7,z,65,0.004,0.0,False
Periapsis,periapsis_Rm,20.0,5.232480533926585,0.0,4.7,z,65,0.004,0.0,False
Periapsis,periapsis_Rm,20.0,5.238042269187987,0.0,4.7,z,65,0.004,0.0,False
Periapsis,periapsis_Rm,20.0,5.243604004449388,0.0,4.7,z,65,0.004,0.0,False
Periapsis,periapsis_Rm,20.0,5.24916573971079,0.0,4.7,z,65,0.004,0.0,False
Periapsis,periapsis_Rm,20.0,5.254727474972191,0.0,4.7,z,65,0.004,0.0,False
Periapsis,periapsis_Rm,20.0,5.260289210233593,0.0,4.7,z,65,0.004,0.0,False
Periapsis,periapsis_Rm,20.0,5.265850945494995,0.0,4.7,z,65,0.004,0.0,False
Periapsis,periapsis_Rm,20.0,5.271412680756396,0.0,4.7,z,65,0.004,0.0,False
Periapsis,periapsis_Rm,20.0,5.276974416017798,0.0,4.7,z,65,0.004,0.0,False
Periapsis,periapsis_Rm,20.0,5.282536151279199,0.0,4.7,z,65,0.004,0.0,False
Periapsis,periapsis_Rm,20.0,5.2880978865406005,0.0,4.7,z,65,0.004,0.0,False
Periapsis,periapsis_Rm,20.0,5.293659621802003,0.0,4.7,z,65,0.004,0.0,False
Periapsis,periapsis_Rm,20.0,5.299221357063404,0.0,4.7,z,65,0.004,0.0,False
Periapsis,periapsis_Rm,20.0,5.304783092324805,0.0,4.7,z,65,0.004,0.0,False
Periapsis,periapsis_Rm,20.0,5.310344827586207,0.0,4.7,z,65,0.004,0.0,False
Periapsis,periapsis_Rm,20.0,5.3159065628476085,0.0,4.7,z,65,0.004,0.0,False
Periapsis,periapsis_Rm,20.0,5.32146829810901,0.0,4.7,z,65,0.004,0.0,False
Periapsis,periapsis_Rm,20.0,5.327030033370412,0.0,4.7,z,65,0.004,0.0,False
Periapsis,periapsis_Rm,20.0,5.332591768631813,0.0,4.7,z,65,0.004,0.0,False
Periapsis,periapsis_Rm,20.0,5.338153503893214,0.0,4.7,z,65,0.004,0.0,False
Periapsis,periapsis_Rm,20.0,5.3437152391546165,0.0,4.7,z,65,0.004,0.0,False
Periapsis,periapsis_Rm,20.0,5.349276974416018,0.0,4.7,z,65,0.004,0.0,False
Periapsis,periapsis_Rm,20.0,5.35483870967742,0.0,4.7,z,65,0.004,0.0,False
Periapsis,periapsis_Rm,20.0,5.360400444938821,0.0,4.7,z,65,0.004,0.0,False
Periapsis,periapsis_Rm,20.0,5.365962180200222,0.0,4.7,z,65,0.004,0.0,False
Periapsis,periapsis_Rm,20.0,5.3715239154616246,0.0,4.7,z,65,0.004,0.0,False
Periapsis,periapsis_Rm,20.0,5.377085650723026,0.0,4.7,z,65,0.004,0.0,False
Periapsis,periapsis_Rm,20.0,5.382647385984427,0.0,4.7,z,65,0.004,0.0,False
Periapsis,periapsis_Rm,20.0,5.388209121245829,0.0,4.7,z,65,0.004,0.0,False
Periapsis,periapsis_Rm,20.0,5.39377085650723,0.0,4.7,z,65,0.004,0.0,False
Periapsis,periapsis_Rm,20.0,5.399332591768632,0.0,4.7,z,65,0.004,0.0,False
Periapsis,periapsis_Rm,20.0,5.404894327030034,0.0,4.7,z,65,0.004,0.0,False
Periapsis,periapsis_Rm,20.0,5.410456062291435,0.0,4.7,z,65,0.004,0.0,False
Periapsis,periapsis_Rm,20.0,5.416017797552836,0.0,4.7,z,65,0.004,0.0,False
Periapsis,periapsis_Rm,20.0,5.421579532814238,0.0,4.7,z,65,0.004,0.0,False
Periapsis,periapsis_Rm,20.0,5.42714126807564,0.0,4.7,z,65,0.004,0.0,False
Periapsis,periapsis_Rm,20.0,5.432703003337041,0.0,4.7,z,65,0.004,0.0,False
Periapsis,periapsis_Rm,20.0,5.438264738598443,0.0,4.7,z,65,0.004,0.0,False
Periapsis,periapsis_Rm,20.0,5.443826473859844,0.0,4.7,z,65,0.004,0.0,False
Periapsis,periapsis_Rm,20.0,5.4493882091212456,0.0,4.7,z,65,0.004,0.0,False
Periapsis,periapsis_Rm,20.0,5.454949944382648,0.0,4.7,z,65,0.004,0.0,False
Periapsis,periapsis_Rm,20.0,5.460511679644049,0.0,4.7,z,65,0.004,0.0,False
Periapsis,periapsis_Rm,20.0,5.466073414905451,0.0,4.7,z,65,0.004,0.0,False
Periapsis,periapsis_Rm,20.0,5.471635150166852,0.0,4.7,z,65,0.004,0.0,False
Periapsis,periapsis_Rm,20.0,5.477196885428254,0.0,4.7,z,65,0.004,0.0,False
Periapsis,periapsis_Rm,20.0,5.482758620689656,0.0,4.7,z,65,0.004,0.0,False
Periapsis,periapsis_Rm,20.0,5.488320355951057,0.0,4.7,z,65,0.004,0.0,False
Periapsis,periapsis_Rm,20.0,5.493882091212458,0.0,4.7,z,65,0.004,0.0,False
Periapsis,periapsis_Rm,20.0,5.49944382647386,0.0,4.7,z,65,0.004,0.0,False
Periapsis,periapsis_Rm,20.0,5.505005561735262,0.0,4.7,z,65,0.004,0.0,False
Periapsis,periapsis_Rm,20.0,5.510567296996663,0.0,4.7,z,65,0.004,0.0,False
Periapsis,periapsis_Rm,20.0,5.516129032258065,0.0,4.7,z,65,0.004,0.0,False
Periapsis,periapsis_Rm,20.0,5.521690767519466,0.0,4.7,z,65,0.004,0.0,False
Periapsis,periapsis_Rm,20.0,5.527252502780867,0.0,4.7,z,65,0.004,0.0,False
Periapsis,periapsis_Rm,20.0,5.53281423804227,0.0,4.7,z,65,0.004,0.0,False
Periapsis,periapsis_Rm,20.0,5.538375973303671,0.0,4.7,z,65,0.004,0.0,False
Periapsis,periapsis_Rm,20.0,5.543937708565072,0.0,4.7,z,65,0.004,0.0,False
Periapsis,periapsis_Rm,20.0,5.549499443826474,0.0,4.7,z,65,0.004,0.0,False
Periapsis,periapsis_Rm,20.0,5.5550611790878754,0.0,4.7,z,65,0.004,0.0,False
Periapsis,periapsis_Rm,20.0,5.560622914349277,0.0,4.7,z,65,0.004,0.0,False
Periapsis,periapsis_Rm,20.0,5.566184649610679,0.0,4.7,z,65,0.004,0.0,False
Periapsis,periapsis_Rm,20.0,5.57174638487208,0.0,4.7,z,65,0.004,0.0,False
Periapsis,periapsis_Rm,20.0,5.577308120133482,0.0,4.7,z,65,0.004,0.0,False
Periapsis,periapsis_Rm,20.0,5.5828698553948835,0.0,4.7,z,65,0.004,0.0,False
Periapsis,periapsis_Rm,20.0,5.588431590656285,0.0,4.7,z,65,0.004,0.0,False
Periapsis,periapsis_Rm,20.0,5.593993325917687,0.0,4.7,z,65,0.004,0.0,False
Periapsis,periapsis_Rm,20.0,5.599555061179088,0.0,4.7,z,65,0.004,0.0,False
Periapsis,periapsis_Rm,20.0,5.605116796440489,0.0,4.7,z,65,0.004,0.0,False
Periapsis,periapsis_Rm,20.0,5.6106785317018915,0.0,4.7,z,65,0.004,0.0,False
Periapsis,periapsis_Rm,20.0,5.616240266963293,0.0,4.7,z,65,0.004,0.0,False
Periapsis,periapsis_Rm,20.0,5.621802002224694,0.0,4.7,z,65,0.004,0.0,False
Periapsis,periapsis_Rm,20.0,5.627363737486096,0.0,4.7,z,65,0.004,0.0,False
Periapsis,periapsis_Rm,20.0,5.632925472747497,0.0,4.7,z,65,0.004,0.0,False
Periapsis,periapsis_Rm,20.0,5.638487208008899,0.0,4.7,z,65,0.004,0.0,False
Periapsis,periapsis_Rm,20.0,5.644048943270301,0.0,4.7,z,65,0.004,0.0,False
Periapsis,periapsis_Rm,20.0,5.649610678531702,0.0,4.7,z,65,0.004,0.0,False
Periapsis,periapsis_Rm,20.0,5.655172413793103,0.0,4.7,z,65,0.004,0.0,False
Periapsis,periapsis_Rm,20.0,5.660734149054505,0.0,4.7,z,65,0.004,0.0,False
Periapsis,periapsis_Rm,20.0,5.666295884315907,0.0,4.7,z,65,0.004,0.0,False
Periapsis,periapsis_Rm,20.0,5.671857619577308,0.0,4.7,z,65,0.004,0.0,False
Periapsis,periapsis_Rm,20.0,5.67741935483871,0.0,4.7,z,65,0.004,0.0,False
Periapsis,periapsis_Rm,20.0,5.682981090100111,0.0,4.7,z,65,0.004,0.0,False
Periapsis,periapsis_Rm,20.0,5.688542825361513,0.0,4.7,z,65,0.004,0.0,False
Periapsis,periapsis_Rm,20.0,5.694104560622915,0.0,4.7,z,65,0.004,0.0,False
Periapsis,periapsis_Rm,20.0,5.699666295884316,0.0,4.7,z,65,0.004,0.0,False
Periapsis,periapsis_Rm,20.0,5.705228031145718,0.0,4.7,z,65,0.004,0.0,False
Periapsis,periapsis_Rm,20.0,5.710789766407119,0.0,4.7,z,65,0.004,0.0,False
Periapsis,periapsis_Rm,20.0,5.7163515016685205,0.0,4.7,z,65,0.004,0.0,False
Periapsis,periapsis_Rm,20.0,5.721913236929923,0.0,4.7,z,65,0.004,0.0,False
Periapsis,periapsis_Rm,20.0,5.727474972191324,0.0,4.7,z,65,0.004,0.0,False
Periapsis,periapsis_Rm,20.0,5.733036707452725,0.0,4.7,z,65,0.004,0.0,False
Periapsis,periapsis_Rm,20.0,5.738598442714127,0.0,4.7,z,65,0.004,0.0,False
Periapsis,periapsis_Rm,20.0,5.7441601779755285,0.0,4.7,z,65,0.004,0.0,False
Periapsis,periapsis_Rm,20.0,5.74972191323693,0.0,4.7,z,65,0.004,0.0,False
Periapsis,periapsis_Rm,20.0,5.755283648498332,0.0,4.7,z,65,0.004,0.0,False
Periapsis,periapsis_Rm,20.0,5.760845383759733,0.0,4.7,z,65,0.004,0.0,False
Periapsis,periapsis_Rm,20.0,5.766407119021134,0.0,4.7,z,65,0.004,0.0,False
Periapsis,periapsis_Rm,20.0,5.7719688542825365,0.0,4.7,z,65,0.004,0.0,False
Periapsis,periapsis_Rm,20.0,5.777530589543938,0.0,4.7,z,65,0.004,0.0,False
Periapsis,periapsis_Rm,20.0,5.78309232480534,0.0,4.7,z,65,0.004,0.0,False
Periapsis,periapsis_Rm,20.0,5.788654060066741,0.0,4.7,z,65,0.004,0.0,False
Periapsis,periapsis_Rm,20.0,5.794215795328142,0.0,4.7,z,65,0.004,0.0,False
Periapsis,periapsis_Rm,20.0,5.7997775305895445,0.0,4.7,z,65,0.004,0.0,False
Periapsis,periapsis_Rm,20.0,5.805339265850946,0.0,4.7,z,65,0.004,0.0,False
Periapsis,periapsis_Rm,20.0,5.810901001112347,0.0,4.7,z,65,0.004,0.0,False
Periapsis,periapsis_Rm,20.0,5.816462736373749,0.0,4.7,z,65,0.004,0.0,False
Periapsis,periapsis_Rm,20.0,5.82202447163515,0.0,4.7,z,65,0.004,0.0,False
Periapsis,periapsis_Rm,20.0,5.827586206896552,0.0,4.7,z,65,0.004,0.0,False
Periapsis,periapsis_Rm,20.0,5.833147942157954,0.0,4.7,z,65,0.004,0.0,False
Periapsis,periapsis_Rm,20.0,5.838709677419355,0.0,4.7,z,65,0.004,0.0,False
Periapsis,periapsis_Rm,20.0,5.844271412680756,0.0,4.7,z,65,0.004,0.0,False
Periapsis,periapsis_Rm,20.0,5.849833147942158,0.0,4.7,z,65,0.004,0.0,False
Periapsis,periapsis_Rm,20.0,5.85539488320356,0.0,4.7,z,65,0.004,0.0,False
Periapsis,periapsis_Rm,20.0,5.860956618464961,0.0,4.7,z,65,0.004,0.0,False
Periapsis,periapsis_Rm,20.0,5.866518353726363,0.0,4.7,z,65,0.004,0.0,False
Periapsis,periapsis_Rm,20.0,5.872080088987764,0.0,4.7,z,65,0.004,0.0,False
Periapsis,periapsis_Rm,20.0,5.8776418242491655,0.0,4.7,z,65,0.004,0.0,False
Periapsis,periapsis_Rm,20.0,5.883203559510568,0.0,4.7,z,65,0.004,0.0,False
Periapsis,periapsis_Rm,20.0,5.888765294771969,0.0,4.7,z,65,0.004,0.0,False
Periapsis,periapsis_Rm,20.0,5.894327030033371,0.0,4.7,z,65,0.004,0.0,False
Periapsis,periapsis_Rm,20.0,5.899888765294772,0.0,4.7,z,65,0.004,0.0,False
Periapsis,periapsis_Rm,20.0,5.9054505005561735,0.0,4.7,z,65,0.004,0.0,False
Periapsis,periapsis_Rm,20.0,5.911012235817576,0.0,4.7,z,65,0.004,0.0,False
Periapsis,periapsis_Rm,20.0,5.916573971078977,0.0,4.7,z,65,0.004,0.0,False
Periapsis,periapsis_Rm,20.0,5.922135706340378,0.0,4.7,z,65,0.004,0.0,False
Periapsis,periapsis_Rm,20.0,5.92769744160178,0.0,4.7,z,65,0.004,0.0,False
Periapsis,periapsis_Rm,20.0,5.9332591768631815,0.0,4.7,z,65,0.004,0.0,False
Periapsis,periapsis_Rm,20.0,5.938820912124583,0.0,4.7,z,65,0.004,0.0,False
Periapsis,periapsis_Rm,20.0,5.944382647385985,0.0,4.7,z,65,0.004,0.0,False
Periapsis,periapsis_Rm,20.0,5.949944382647386,0.0,4.7,z,65,0.004,0.0,False
Periapsis,periapsis_Rm,20.0,5.955506117908787,0.0,4.7,z,65,0.004,0.0,False
Periapsis,periapsis_Rm,20.0,5.9610678531701895,0.0,4.7,z,65,0.004,0.0,False
Periapsis,periapsis_Rm,20.0,5.966629588431591,0.0,4.7,z,65,0.004,0.0,False
Periapsis,periapsis_Rm,20.0,5.972191323692992,0.0,4.7,z,65,0.004,0.0,False
Periapsis,periapsis_Rm,20.0,5.977753058954394,0.0,4.7,z,65,0.004,0.0,False
Periapsis,periapsis_Rm,20.0,5.983314794215795,0.0,4.7,z,65,0.004,0.0,False
Periapsis,periapsis_Rm,20.0,5.988876529477197,0.0,4.7,z,65,0.004,0.0,False
Periapsis,periapsis_Rm,20.0,5.994438264738599,0.0,4.7,z,65,0.004,0.0,False
Periapsis,periapsis_Rm,20.0,6.0,0.0,4.7,z,65,0.004,0.0,False
Encounter velocity,v_inf_kms,20.0,1.2,0.0,4.7,z,65,0.004,0.26741030328148635,True
Encounter velocity,v_inf_kms,20.0,1.2,0.0055617352614015575,4.7,z,65,0.004,0.26741030328148635,True
Encounter velocity,v_inf_kms,20.0,1.2,0.011123470522803115,4.7,z,65,0.004,0.26741030328148635,True
Encounter velocity,v_inf_kms,20.0,1.2,0.01668520578420467,4.7,z,65,0.004,0.26741030328148635,True
Encounter velocity,v_inf_kms,20.0,1.2,0.02224694104560623,4.7,z,65,0.004,0.26741030328148635,True
Encounter velocity,v_inf_kms,20.0,1.2,0.027808676307007788,4.7,z,65,0.004,0.26741030328148635,True
Encounter velocity,v_inf_kms,20.0,1.2,0.03337041156840934,4.7,z,65,0.004,0.26741030328148635,True
Encounter velocity,v_inf_kms,20.0,1.2,0.0389321468298109,4.7,z,65,0.004,0.26741030328148635,True
Encounter velocity,v_inf_kms,20.0,1.2,0.04449388209121246,4.7,z,65,0.004,0.26741030328148635,True
Encounter velocity,v_inf_kms,20.0,1.2,0.05005561735261402,4.7,z,65,0.004,0.26741030328148635,True
Encounter velocity,v_inf_kms,20.0,1.2,0.055617352614015576,4.7,z,65,0.004,0.26741030328148635,True
Encounter velocity,v_inf_kms,20.0,1.2,0.061179087875417135,4.7,z,65,0.004,0.26741030328148635,True
Encounter velocity,v_inf_kms,20.0,1.2,0.06674082313681869,4.7,z,65,0.004,0.26741030328148635,True
Encounter velocity,v_inf_kms,20.0,1.2,0.07230255839822025,4.7,z,65,0.004,0.26741030328148635,True
Encounter velocity,v_inf_kms,20.0,1.2,0.0778642936596218,4.7,z,65,0.004,0.26741030328148635,True
Encounter velocity,v_inf_kms,20.0,1.2,0.08342602892102337,4.7,z,65,0.004,0.26741030328148635,True
Encounter velocity,v_inf_kms,20.0,1.2,0.08898776418242492,4.7,z,65,0.004,0.26741030328148635,True
Encounter velocity,v_inf_kms,20.0,1.2,0.09454949944382647,4.7,z,65,0.004,0.26741030328148635,True
Encounter velocity,v_inf_kms,20.0,1.2,0.10011123470522804,4.7,z,65,0.004,0.2617751239386208,True
Encounter velocity,v_inf_kms,20.0,1.2,0.10567296996662959,4.7,z,65,0.004,0.2617751239386208,True
Encounter velocity,v_inf_kms,20.0,1.2,0.11123470522803115,4.7,z,65,0.004,0.2617751239386208,True
Encounter velocity,v_inf_kms,20.0,1.2,0.1167964404894327,4.7,z,65,0.004,0.2617751239386208,True
Encounter velocity,v_inf_kms,20.0,1.2,0.12235817575083427,4.7,z,65,0.004,0.2617751239386208,True
Encounter velocity,v_inf_kms,20.0,1.2,0.12791991101223582,4.7,z,65,0.004,0.2617751239386208,True
Encounter velocity,v_inf_kms,20.0,1.2,0.13348164627363737,4.7,z,65,0.004,0.2617751239386208,True
Encounter velocity,v_inf_kms,20.0,1.2,0.13904338153503892,4.7,z,65,0.004,0.2617751239386208,True
Encounter velocity,v_inf_kms,20.0,1.2,0.1446051167964405,4.7,z,65,0.004,0.24315907782909982,True
Encounter velocity,v_inf_kms,20.0,1.2,0.15016685205784205,4.7,z,65,0.004,0.24315907782909982,True
Encounter velocity,v_inf_kms,20.0,1.2,0.1557285873192436,4.7,z,65,0.004,0.24315907782909982,True
Encounter velocity,v_inf_kms,20.0,1.2,0.16129032258064516,4.7,z,65,0.004,0.24315907782909982,True
Encounter velocity,v_inf_kms,20.0,1.2,0.16685205784204674,4.7,z,65,0.004,0.24315907782909982,True
Encounter velocity,v_inf_kms,20.0,1.2,0.1724137931034483,4.7,z,65,0.004,0.24315907782909982,True
Encounter velocity,v_inf_kms,20.0,1.2,0.17797552836484984,4.7,z,65,0.004,0.24315907782909982,True
Encounter velocity,v_inf_kms,20.0,1.2,0.1835372636262514,4.7,z,65,0.004,0.24315907782909982,True
Encounter velocity,v_inf_kms,20.0,1.2,0.18909899888765294,4.7,z,65,0.004,0.24315907782909982,True
Encounter velocity,v_inf_kms,20.0,1.2,0.19466073414905452,4.7,z,65,0.004,0.24315907782909982,True
Encounter velocity,v_inf_kms,20.0,1.2,0.20022246941045607,4.7,z,65,0.004,0.24315907782909982,True
Encounter velocity,v_inf_kms,20.0,1.2,0.20578420467185762,4.7,z,65,0.004,0.24315907782909982,True
Encounter velocity,v_inf_kms,20.0,1.2,0.21134593993325917,4.7,z,65,0.004,0.24315907782909982,True
Encounter velocity,v_inf_kms,20.0,1.2,0.21690767519466075,4.7,z,65,0.004,0.2431938626903457,True
Encounter velocity,v_inf_kms,20.0,1.2,0.2224694104560623,4.7,z,65,0.004,0.23425217802382323,True
Encounter velocity,v_inf_kms,20.0,1.2,0.22803114571746386,4.7,z,65,0.004,0.23273657307204984,True
Encounter velocity,v_inf_kms,20.0,1.2,0.2335928809788654,4.7,z,65,0.004,0.23261895850305045,True
Encounter velocity,v_inf_kms,20.0,1.2,0.23915461624026696,4.7,z,65,0.004,0.23519655449262247,True
Encounter velocity,v_inf_kms,20.0,1.2,0.24471635150166854,4.7,z,65,0.004,0.23519655449262247,True
Encounter velocity,v_inf_kms,20.0,1.2,0.25027808676307006,4.7,z,65,0.004,0.23487462026247613,True
Encounter velocity,v_inf_kms,20.0,1.2,0.25583982202447164,4.7,z,65,0.004,0.23210028826185247,True
Encounter velocity,v_inf_kms,20.0,1.2,0.2614015572858732,4.7,z,65,0.004,0.23210028826185247,True
Encounter velocity,v_inf_kms,20.0,1.2,0.26696329254727474,4.7,z,65,0.004,0.23210028826185247,True
Encounter velocity,v_inf_kms,20.0,1.2,0.2725250278086763,4.7,z,65,0.004,0.23210028826185247,True
Encounter velocity,v_inf_kms,20.0,1.2,0.27808676307007785,4.7,z,65,0.004,0.23210028826185247,True
Encounter velocity,v_inf_kms,20.0,1.2,0.2836484983314794,4.7,z,65,0.004,0.23279342287322966,True
Encounter velocity,v_inf_kms,20.0,1.2,0.289210233592881,4.7,z,65,0.004,0.23335109981448912,True
Encounter velocity,v_inf_kms,20.0,1.2,0.29477196885428253,4.7,z,65,0.004,0.23335109981448912,True
Encounter velocity,v_inf_kms,20.0,1.2,0.3003337041156841,4.7,z,65,0.004,0.2297802947295575,True
Encounter velocity,v_inf_kms,20.0,1.2,0.3058954393770857,4.7,z,65,0.004,0.2301242225899088,True
Encounter velocity,v_inf_kms,20.0,1.2,0.3114571746384872,4.7,z,65,0.004,0.2301242225899088,True
Encounter velocity,v_inf_kms,20.0,1.2,0.3170189098998888,4.7,z,65,0.004,0.22697862538483263,True
Encounter velocity,v_inf_kms,20.0,1.2,0.3225806451612903,4.7,z,65,0.004,0.22697862538483263,True
Encounter velocity,v_inf_kms,20.0,1.2,0.3281423804226919,4.7,z,65,0.004,0.22697862538483263,True
Encounter velocity,v_inf_kms,20.0,1.2,0.33370411568409347,4.7,z,65,0.004,0.22697862538483263,True
Encounter velocity,v_inf_kms,20.0,1.2,0.339265850945495,4.7,z,65,0.004,0.2251432519917401,True
Encounter velocity,v_inf_kms,20.0,1.2,0.3448275862068966,4.7,z,65,0.004,0.2251432519917401,True
Encounter velocity,v_inf_kms,20.0,1.2,0.3503893214682981,4.7,z,65,0.004,0.2251432519917401,True
Encounter velocity,v_inf_kms,20.0,1.2,0.3559510567296997,4.7,z,65,0.004,0.22680588838746704,True
Encounter velocity,v_inf_kms,20.0,1.2,0.36151279199110126,4.7,z,65,0.004,0.22680588838746704,True
Encounter velocity,v_inf_kms,20.0,1.2,0.3670745272525028,4.7,z,65,0.004,0.22095675014246494,True
Encounter velocity,v_inf_kms,20.0,1.2,0.37263626251390436,4.7,z,65,0.004,0.22095675014246494,True
Encounter velocity,v_inf_kms,20.0,1.2,0.3781979977753059,4.7,z,65,0.004,0.22095675014246494,True
Encounter velocity,v_inf_kms,20.0,1.2,0.38375973303670746,4.7,z,65,0.004,0.22095675014246494,True
Encounter velocity,v_inf_kms,20.0,1.2,0.38932146829810904,4.7,z,65,0.004,0.21754415504647634,True
Encounter velocity,v_inf_kms,20.0,1.2,0.39488320355951056,4.7,z,65,0.004,0.21754415504647634,True
Encounter velocity,v_inf_kms,20.0,1.2,0.40044493882091214,4.7,z,65,0.004,0.21754415504647634,True
Encounter velocity,v_inf_kms,20.0,1.2,0.40600667408231367,4.7,z,65,0.004,0.21754415504647634,True
Encounter velocity,v_inf_kms,20.0,1.2,0.41156840934371525,4.7,z,65,0.004,0.21754415504647634,True
Encounter velocity,v_inf_kms,20.0,1.2,0.4171301446051168,4.7,z,65,0.004,0.21539550262743057,True
Encounter velocity,v_inf_kms,20.0,1.2,0.42269187986651835,4.7,z,65,0.004,0.21539550262743057,True
Encounter velocity,v_inf_kms,20.0,1.2,0.42825361512791993,4.7,z,65,0.004,0.21539550262743057,True
Encounter velocity,v_inf_kms,20.0,1.2,0.4338153503893215,4.7,z,65,0.004,0.21449808424552522,True
Encounter velocity,v_inf_kms,20.0,1.2,0.43937708565072303,4.7,z,65,0.004,0.21449808424552522,True
Encounter velocity,v_inf_kms,20.0,1.2,0.4449388209121246,4.7,z,65,0.004,0.21449808424552522,True
Encounter velocity,v_inf_kms,20.0,1.2,0.45050055617352613,4.7,z,65,0.004,0.21713154838326457,True
Encounter velocity,v_inf_kms,20.0,1.2,0.4560622914349277,4.7,z,65,0.004,0.17998625673787785,True
Encounter velocity,v_inf_kms,20.0,1.2,0.4616240266963293,4.7,z,65,0.004,0.17998625673787785,True
Encounter velocity,v_inf_kms,20.0,1.2,0.4671857619577308,4.7,z,65,0.004,0.17975992630735335,True
Encounter velocity,v_inf_kms,20.0,1.2,0.4727474972191324,4.7,z,65,0.004,0.17975992630735335,True
Encounter velocity,v_inf_kms,20.0,1.2,0.4783092324805339,4.7,z,65,0.004,0.17991461612962764,True
Encounter velocity,v_inf_kms,20.0,1.2,0.4838709677419355,4.7,z,65,0.004,0.17991461612962764,True
Encounter velocity,v_inf_kms,20.0,1.2,0.4894327030033371,4.7,z,65,0.004,0.17991461612962764,True
Encounter velocity,v_inf_kms,20.0,1.2,0.4949944382647386,4.7,z,65,0.004,0.17991461612962764,True
Encounter velocity,v_inf_kms,20.0,1.2,0.5005561735261401,4.7,z,65,0.004,0.18156861870984203,True
Encounter velocity,v_inf_kms,20.0,1.2,0.5061179087875417,4.7,z,65,0.004,0.1771451146771396,True
Encounter velocity,v_inf_kms,20.0,1.2,0.5116796440489433,4.7,z,65,0.004,0.17749455866527866,True
Encounter velocity,v_inf_kms,20.0,1.2,0.5172413793103449,4.7,z,65,0.004,0.17749455866527866,True
Encounter velocity,v_inf_kms,20.0,1.2,0.5228031145717464,4.7,z,65,0.004,0.1486611505909707,True
Encounter velocity,v_inf_kms,20.0,1.2,0.5283648498331479,4.7,z,65,0.004,0.1486611505909707,True
Encounter velocity,v_inf_kms,20.0,1.2,0.5339265850945495,4.7,z,65,0.004,0.1486611505909707,True
Encounter velocity,v_inf_kms,20.0,1.2,0.5394883203559511,4.7,z,65,0.004,0.1486611505909707,True
Encounter velocity,v_inf_kms,20.0,1.2,0.5450500556173526,4.7,z,65,0.004,0.1486611505909707,True
Encounter velocity,v_inf_kms,20.0,1.2,0.5506117908787542,4.7,z,65,0.004,0.1486611505909707,True
Encounter velocity,v_inf_kms,20.0,1.2,0.5561735261401557,4.7,z,65,0.004,0.1486611505909707,True
Encounter velocity,v_inf_kms,20.0,1.2,0.5617352614015573,4.7,z,65,0.004,0.14613262889318124,True
Encounter velocity,v_inf_kms,20.0,1.2,0.5672969966629589,4.7,z,65,0.004,0.14428392062532766,True
Encounter velocity,v_inf_kms,20.0,1.2,0.5728587319243604,4.7,z,65,0.004,0.1463576482143294,True
Encounter velocity,v_inf_kms,20.0,1.2,0.578420467185762,4.7,z,65,0.004,0.1463576482143294,True
Encounter velocity,v_inf_kms,20.0,1.2,0.5839822024471635,4.7,z,65,0.004,0.1463576482143294,True
Encounter velocity,v_inf_kms,20.0,1.2,0.5895439377085651,4.7,z,65,0.004,0.1463576482143294,True
Encounter velocity,v_inf_kms,20.0,1.2,0.5951056729699666,4.7,z,65,0.004,0.1463576482143294,True
Encounter velocity,v_inf_kms,20.0,1.2,0.6006674082313682,4.7,z,65,0.004,0.1463576482143294,True
Encounter velocity,v_inf_kms,20.0,1.2,0.6062291434927698,4.7,z,65,0.004,0.1463576482143294,True
Encounter velocity,v_inf_kms,20.0,1.2,0.6117908787541714,4.7,z,65,0.004,0.1463576482143294,True
Encounter velocity,v_inf_kms,20.0,1.2,0.6173526140155728,4.7,z,65,0.004,0.1463576482143294,True
Encounter velocity,v_inf_kms,20.0,1.2,0.6229143492769744,4.7,z,65,0.004,0.1463576482143294,True
Encounter velocity,v_inf_kms,20.0,1.2,0.628476084538376,4.7,z,65,0.004,0.1502069114783522,True
Encounter velocity,v_inf_kms,20.0,1.2,0.6340378197997776,4.7,z,65,0.004,0.1506474196456854,True
Encounter velocity,v_inf_kms,20.0,1.2,0.6395995550611792,4.7,z,65,0.004,0.1506474196456854,True
Encounter velocity,v_inf_kms,20.0,1.2,0.6451612903225806,4.7,z,65,0.004,0.1506474196456854,True
Encounter velocity,v_inf_kms,20.0,1.2,0.6507230255839822,4.7,z,65,0.004,0.1506474196456854,True
Encounter velocity,v_inf_kms,20.0,1.2,0.6562847608453838,4.7,z,65,0.004,0.11279758980145144,True
Encounter velocity,v_inf_kms,20.0,1.2,0.6618464961067854,4.7,z,65,0.004,0.11279758980145144,True
Encounter velocity,v_inf_kms,20.0,1.2,0.6674082313681869,4.7,z,65,0.004,0.11279758980145144,True
Encounter velocity,v_inf_kms,20.0,1.2,0.6729699666295884,4.7,z,65,0.004,0.11279758980145144,True
Encounter velocity,v_inf_kms,20.0,1.2,0.67853170189099,4.7,z,65,0.004,0.11279758980145144,True
Encounter velocity,v_inf_kms,20.0,1.2,0.6840934371523916,4.7,z,65,0.004,0.11279758980145144,True
Encounter velocity,v_inf_kms,20.0,1.2,0.6896551724137931,4.7,z,65,0.004,0.11279758980145144,True
Encounter velocity,v_inf_kms,20.0,1.2,0.6952169076751947,4.7,z,65,0.004,0.11279758980145144,True
Encounter velocity,v_inf_kms,20.0,1.2,0.7007786429365962,4.7,z,65,0.004,0.11279758980145144,True
Encounter velocity,v_inf_kms,20.0,1.2,0.7063403781979978,4.7,z,65,0.004,0.11279758980145144,True
Encounter velocity,v_inf_kms,20.0,1.2,0.7119021134593994,4.7,z,65,0.004,0.10571023921497849,True
Encounter velocity,v_inf_kms,20.0,1.2,0.7174638487208009,4.7,z,65,0.004,0.10571023921497849,True
Encounter velocity,v_inf_kms,20.0,1.2,0.7230255839822025,4.7,z,65,0.004,0.10571023921497849,True
Encounter velocity,v_inf_kms,20.0,1.2,0.728587319243604,4.7,z,65,0.004,0.10513347992690646,True
Encounter velocity,v_inf_kms,20.0,1.2,0.7341490545050056,4.7,z,65,0.004,0.09428860816548572,True
Encounter velocity,v_inf_kms,20.0,1.2,0.7397107897664071,4.7,z,65,0.004,0.0884357495340614,True
Encounter velocity,v_inf_kms,20.0,1.2,0.7452725250278087,4.7,z,65,0.004,0.0884357495340614,True
Encounter velocity,v_inf_kms,20.0,1.2,0.7508342602892103,4.7,z,65,0.004,0.08818136936091996,True
Encounter velocity,v_inf_kms,20.0,1.2,0.7563959955506118,4.7,z,65,0.004,0.08569153162299765,True
Encounter velocity,v_inf_kms,20.0,1.2,0.7619577308120133,4.7,z,65,0.004,0.0805121217969524,True
Encounter velocity,v_inf_kms,20.0,1.2,0.7675194660734149,4.7,z,65,0.004,0.0805121217969524,True
Encounter velocity,v_inf_kms,20.0,1.2,0.7730812013348165,4.7,z,65,0.004,0.0805121217969524,True
Encounter velocity,v_inf_kms,20.0,1.2,0.7786429365962181,4.7,z,65,0.004,0.0805121217969524,True
Encounter velocity,v_inf_kms,20.0,1.2,0.7842046718576196,4.7,z,65,0.004,0.0805121217969524,True
Encounter velocity,v_inf_kms,20.0,1.2,0.7897664071190211,4.7,z,65,0.004,0.07377408734148119,True
Encounter velocity,v_inf_kms,20.0,1.2,0.7953281423804227,4.7,z,65,0.004,0.07377408734148119,True
Encounter velocity,v_inf_kms,20.0,1.2,0.8008898776418243,4.7,z,65,0.004,0.07377408734148119,True
Encounter velocity,v_inf_kms,20.0,1.2,0.8064516129032259,4.7,z,65,0.004,0.07377408734148119,True
Encounter velocity,v_inf_kms,20.0,1.2,0.8120133481646273,4.7,z,65,0.004,0.07377408734148119,True
Encounter velocity,v_inf_kms,20.0,1.2,0.8175750834260289,4.7,z,65,0.004,0.07377408734148119,True
Encounter velocity,v_inf_kms,20.0,1.2,0.8231368186874305,4.7,z,65,0.004,0.07377408734148119,True
Encounter velocity,v_inf_kms,20.0,1.2,0.8286985539488321,4.7,z,65,0.004,0.07377408734148119,True
Encounter velocity,v_inf_kms,20.0,1.2,0.8342602892102337,4.7,z,65,0.004,0.06148393867441912,True
Encounter velocity,v_inf_kms,20.0,1.2,0.8398220244716352,4.7,z,65,0.004,0.06148393867441912,True
Encounter velocity,v_inf_kms,20.0,1.2,0.8453837597330367,4.7,z,65,0.004,0.06148393867441912,True
Encounter velocity,v_inf_kms,20.0,1.2,0.8509454949944383,4.7,z,65,0.004,0.06148393867441912,True
Encounter velocity,v_inf_kms,20.0,1.2,0.8565072302558399,4.7,z,65,0.004,0.06148393867441912,True
Encounter velocity,v_inf_kms,20.0,1.2,0.8620689655172414,4.7,z,65,0.004,0.06148393867441912,True
Encounter velocity,v_inf_kms,20.0,1.2,0.867630700778643,4.7,z,65,0.004,0.06076310347051232,True
Encounter velocity,v_inf_kms,20.0,1.2,0.8731924360400445,4.7,z,65,0.004,0.06076310347051232,True
Encounter velocity,v_inf_kms,20.0,1.2,0.8787541713014461,4.7,z,65,0.004,0.06076310347051232,True
Encounter velocity,v_inf_kms,20.0,1.2,0.8843159065628476,4.7,z,65,0.004,0.06076310347051232,True
Encounter velocity,v_inf_kms,20.0,1.2,0.8898776418242492,4.7,z,65,0.004,0.06076310347051232,True
Encounter velocity,v_inf_kms,20.0,1.2,0.8954393770856508,4.7,z,65,0.004,0.06076310347051232,True
Encounter velocity,v_inf_kms,20.0,1.2,0.9010011123470523,4.7,z,65,0.004,0.05862931106753194,True
Encounter velocity,v_inf_kms,20.0,1.2,0.9065628476084538,4.7,z,65,0.004,0.05862931106753194,True
Encounter velocity,v_inf_kms,20.0,1.2,0.9121245828698554,4.7,z,65,0.004,0.05862931106753194,True
Encounter velocity,v_inf_kms,20.0,1.2,0.917686318131257,4.7,z,65,0.004,0.05376993089725325,True
Encounter velocity,v_inf_kms,20.0,1.2,0.9232480533926586,4.7,z,65,0.004,0.05376993089725325,True
Encounter velocity,v_inf_kms,20.0,1.2,0.92880978865406,4.7,z,65,0.004,0.05376993089725325,True
Encounter velocity,v_inf_kms,20.0,1.2,0.9343715239154616,4.7,z,65,0.004,0.05376993089725325,True
Encounter velocity,v_inf_kms,20.0,1.2,0.9399332591768632,4.7,z,65,0.004,0.05376993089725325,True
Encounter velocity,v_inf_kms,20.0,1.2,0.9454949944382648,4.7,z,65,0.004,0.05376993089725325,True
Encounter velocity,v_inf_kms,20.0,1.2,0.9510567296996664,4.7,z,65,0.004,0.05184507208599765,True
Encounter velocity,v_inf_kms,20.0,1.2,0.9566184649610678,4.7,z,65,0.004,0.05184507208599765,True
Encounter velocity,v_inf_kms,20.0,1.2,0.9621802002224694,4.7,z,65,0.004,0.05184507208599765,True
Encounter velocity,v_inf_kms,20.0,1.2,0.967741935483871,4.7,z,65,0.004,0.04654083701760808,True
Encounter velocity,v_inf_kms,20.0,1.2,0.9733036707452726,4.7,z,65,0.004,0.04654083701760808,True
Encounter velocity,v_inf_kms,20.0,1.2,0.9788654060066742,4.7,z,65,0.004,0.04654083701760808,True
Encounter velocity,v_inf_kms,20.0,1.2,0.9844271412680756,4.7,z,65,0.004,0.04654083701760808,True
Encounter velocity,v_inf_kms,20.0,1.2,0.9899888765294772,4.7,z,65,0.004,0.03601000437150178,True
Encounter velocity,v_inf_kms,20.0,1.2,0.9955506117908788,4.7,z,65,0.004,0.03601000437150178,True
Encounter velocity,v_inf_kms,20.0,1.2,1.0011123470522802,4.7,z,65,0.004,0.012190523471166972,True
Encounter velocity,v_inf_kms,20.0,1.2,1.006674082313682,4.7,z,65,0.004,0.012190523471166972,True
Encounter velocity,v_inf_kms,20.0,1.2,1.0122358175750834,4.7,z,65,0.004,0.012190523471166972,True
Encounter velocity,v_inf_kms,20.0,1.2,1.017797552836485,4.7,z,65,0.004,0.011328004914109195,True
Encounter velocity,v_inf_kms,20.0,1.2,1.0233592880978866,4.7,z,65,0.004,0.011328004914109195,True
Encounter velocity,v_inf_kms,20.0,1.2,1.028921023359288,4.7,z,65,0.004,0.011328004914109195,True
Encounter velocity,v_inf_kms,20.0,1.2,1.0344827586206897,4.7,z,65,0.004,0.011216174194413996,True
Encounter velocity,v_inf_kms,20.0,1.2,1.0400444938820912,4.7,z,65,0.004,0.011216174194413996,True
Encounter velocity,v_inf_kms,20.0,1.2,1.0456062291434929,4.7,z,65,0.004,0.011216174194413996,True
Encounter velocity,v_inf_kms,20.0,1.2,1.0511679644048944,4.7,z,65,0.004,0.011216174194413996,True
Encounter velocity,v_inf_kms,20.0,1.2,1.0567296996662958,4.7,z,65,0.004,0.011216174194413996,True
Encounter velocity,v_inf_kms,20.0,1.2,1.0622914349276975,4.7,z,65,0.004,0.011216174194413996,True
Encounter velocity,v_inf_kms,20.0,1.2,1.067853170189099,4.7,z,65,0.004,0.010814496882721516,True
Encounter velocity,v_inf_kms,20.0,1.2,1.0734149054505007,4.7,z,65,0.004,0.003995515111723176,True
Encounter velocity,v_inf_kms,20.0,1.2,1.0789766407119021,4.7,z,65,0.004,0.0036204893310334166,True
Encounter velocity,v_inf_kms,20.0,1.2,1.0845383759733036,4.7,z,65,0.004,0.0036204893310334166,True
Encounter velocity,v_inf_kms,20.0,1.2,1.0901001112347053,4.7,z,65,0.004,0.0036204893310334166,True
Encounter velocity,v_inf_kms,20.0,1.2,1.0956618464961068,4.7,z,65,0.004,0.0036204893310334166,True
Encounter velocity,v_inf_kms,20.0,1.2,1.1012235817575085,4.7,z,65,0.004,0.004244231465391948,True
Encounter velocity,v_inf_kms,20.0,1.2,1.10678531701891,4.7,z,65,0.004,0.004244231465391948,True
Encounter velocity,v_inf_kms,20.0,1.2,1.1123470522803114,4.7,z,65,0.004,0.004244231465391948,True
Encounter velocity,v_inf_kms,20.0,1.2,1.117908787541713,4.7,z,65,0.004,0.004244231465391948,True
Encounter velocity,v_inf_kms,20.0,1.2,1.1234705228031145,4.7,z,65,0.004,0.0041024161156353895,True
Encounter velocity,v_inf_kms,20.0,1.2,1.1290322580645162,4.7,z,65,0.004,0.0041024161156353895,True
Encounter velocity,v_inf_kms,20.0,1.2,1.1345939933259177,4.7,z,65,0.004,0.0041024161156353895,True
Encounter velocity,v_inf_kms,20.0,1.2,1.1401557285873192,4.7,z,65,0.004,0.0041024161156353895,True
Encounter velocity,v_inf_kms,20.0,1.2,1.1457174638487209,4.7,z,65,0.004,0.0041024161156353895,True
Encounter velocity,v_inf_kms,20.0,1.2,1.1512791991101223,4.7,z,65,0.004,0.0041024161156353895,True
Encounter velocity,v_inf_kms,20.0,1.2,1.156840934371524,4.7,z,65,0.004,0.0041024161156353895,True
Encounter velocity,v_inf_kms,20.0,1.2,1.1624026696329255,4.7,z,65,0.004,0.0041024161156353895,True
Encounter velocity,v_inf_kms,20.0,1.2,1.167964404894327,4.7,z,65,0.004,0.004664909868225839,True
Encounter velocity,v_inf_kms,20.0,1.2,1.1735261401557286,4.7,z,65,0.004,0.004664909868225839,True
Encounter velocity,v_inf_kms,20.0,1.2,1.1790878754171301,4.7,z,65,0.004,0.005758009773105693,True
Encounter velocity,v_inf_kms,20.0,1.2,1.1846496106785318,4.7,z,65,0.004,0.005758009773105693,True
Encounter velocity,v_inf_kms,20.0,1.2,1.1902113459399333,4.7,z,65,0.004,0.005758009773105693,True
Encounter velocity,v_inf_kms,20.0,1.2,1.195773081201335,4.7,z,65,0.004,0.005758009773105693,True
Encounter velocity,v_inf_kms,20.0,1.2,1.2013348164627364,4.7,z,65,0.004,0.005758009773105693,True
Encounter velocity,v_inf_kms,20.0,1.2,1.206896551724138,4.7,z,65,0.004,0.0072517747326301275,True
Encounter velocity,v_inf_kms,20.0,1.2,1.2124582869855396,4.7,z,65,0.004,0.007604322432379302,True
Encounter velocity,v_inf_kms,20.0,1.2,1.218020022246941,4.7,z,65,0.004,0.007604322432379302,True
Encounter velocity,v_inf_kms,20.0,1.2,1.2235817575083427,4.7,z,65,0.004,0.007604322432379302,True
Encounter velocity,v_inf_kms,20.0,1.2,1.2291434927697442,4.7,z,65,0.004,0.007604322432379302,True
Encounter velocity,v_inf_kms,20.0,1.2,1.2347052280311457,4.7,z,65,0.004,0.008191049927690694,True
Encounter velocity,v_inf_kms,20.0,1.2,1.2402669632925474,4.7,z,65,0.004,0.008191049927690694,True
Encounter velocity,v_inf_kms,20.0,1.2,1.2458286985539488,4.7,z,65,0.004,0.008191049927690694,True
Encounter velocity,v_inf_kms,20.0,1.2,1.2513904338153505,4.7,z,65,0.004,0.008191049927690694,True
Encounter velocity,v_inf_kms,20.0,1.2,1.256952169076752,4.7,z,65,0.004,0.008191049927690694,True
Encounter velocity,v_inf_kms,20.0,1.2,1.2625139043381535,4.7,z,65,0.004,0.009701045333766376,True
Encounter velocity,v_inf_kms,20.0,1.2,1.2680756395995552,4.7,z,65,0.004,0.01057085091317259,True
Encounter velocity,v_inf_kms,20.0,1.2,1.2736373748609566,4.7,z,65,0.004,0.01057085091317259,True
Encounter velocity,v_inf_kms,20.0,1.2,1.2791991101223583,4.7,z,65,0.004,0.012888816883981222,True
Encounter velocity,v_inf_kms,20.0,1.2,1.2847608453837598,4.7,z,65,0.004,0.012888816883981222,True
Encounter velocity,v_inf_kms,20.0,1.2,1.2903225806451613,4.7,z,65,0.004,0.012888816883981222,True
Encounter velocity,v_inf_kms,20.0,1.2,1.295884315906563,4.7,z,65,0.004,0.012888816883981222,True
Encounter velocity,v_inf_kms,20.0,1.2,1.3014460511679644,4.7,z,65,0.004,0.013247301184720834,True
Encounter velocity,v_inf_kms,20.0,1.2,1.307007786429366,4.7,z,65,0.004,0.01235956529168559,True
Encounter velocity,v_inf_kms,20.0,1.2,1.3125695216907676,4.7,z,65,0.004,0.01235956529168559,True
Encounter velocity,v_inf_kms,20.0,1.2,1.318131256952169,4.7,z,65,0.004,0.01235956529168559,True
Encounter velocity,v_inf_kms,20.0,1.2,1.3236929922135707,4.7,z,65,0.004,0.01235956529168559,True
Encounter velocity,v_inf_kms,20.0,1.2,1.3292547274749722,4.7,z,65,0.004,0.008104863215848803,True
Encounter velocity,v_inf_kms,20.0,1.2,1.3348164627363739,4.7,z,65,0.004,0.008104863215848803,True
Encounter velocity,v_inf_kms,20.0,1.2,1.3403781979977754,4.7,z,65,0.004,0.008104863215848803,True
Encounter velocity,v_inf_kms,20.0,1.2,1.3459399332591768,4.7,z,65,0.004,0.008104863215848803,True
Encounter velocity,v_inf_kms,20.0,1.2,1.3515016685205785,4.7,z,65,0.004,0.007561828906380834,True
Encounter velocity,v_inf_kms,20.0,1.2,1.35706340378198,4.7,z,65,0.004,0.007561828906380834,True
Encounter velocity,v_inf_kms,20.0,1.2,1.3626251390433817,4.7,z,65,0.004,0.007561828906380834,True
Encounter velocity,v_inf_kms,20.0,1.2,1.3681868743047831,4.7,z,65,0.004,0.008195996549067568,True
Encounter velocity,v_inf_kms,20.0,1.2,1.3737486095661846,4.7,z,65,0.004,0.008195996549067568,True
Encounter velocity,v_inf_kms,20.0,1.2,1.3793103448275863,4.7,z,65,0.004,0.008195996549067568,True
Encounter velocity,v_inf_kms,20.0,1.2,1.3848720800889878,4.7,z,65,0.004,0.007337745213541165,True
Encounter velocity,v_inf_kms,20.0,1.2,1.3904338153503895,4.7,z,65,0.004,0.007337745213541165,True
Encounter velocity,v_inf_kms,20.0,1.2,1.395995550611791,4.7,z,65,0.004,0.007337745213541165,True
Encounter velocity,v_inf_kms,20.0,1.2,1.4015572858731924,4.7,z,65,0.004,0.0,True
Encounter velocity,v_inf_kms,20.0,1.2,1.407119021134594,4.7,z,65,0.004,0.0,True
Encounter velocity,v_inf_kms,20.0,1.2,1.4126807563959956,4.7,z,65,0.004,0.0,True
Encounter velocity,v_inf_kms,20.0,1.2,1.4182424916573972,4.7,z,65,0.004,0.0,True
Encounter velocity,v_inf_kms,20.0,1.2,1.4238042269187987,4.7,z,65,0.004,0.0,True
Encounter velocity,v_inf_kms,20.0,1.2,1.4293659621802002,4.7,z,65,0.004,0.0,True
Encounter velocity,v_inf_kms,20.0,1.2,1.4349276974416019,4.7,z,65,0.004,0.0,True
Encounter velocity,v_inf_kms,20.0,1.2,1.4404894327030033,4.7,z,65,0.004,0.0,True
Encounter velocity,v_inf_kms,20.0,1.2,1.446051167964405,4.7,z,65,0.004,0.0,True
Encounter velocity,v_inf_kms,20.0,1.2,1.4516129032258065,4.7,z,65,0.004,0.0,True
Encounter velocity,v_inf_kms,20.0,1.2,1.457174638487208,4.7,z,65,0.004,0.0,True
Encounter velocity,v_inf_kms,20.0,1.2,1.4627363737486097,4.7,z,65,0.004,0.0,True
Encounter velocity,v_inf_kms,20.0,1.2,1.4682981090100111,4.7,z,65,0.004,0.0,True
Encounter velocity,v_inf_kms,20.0,1.2,1.4738598442714128,4.7,z,65,0.004,0.0,True
Encounter velocity,v_inf_kms,20.0,1.2,1.4794215795328143,4.7,z,65,0.004,0.0,True
Encounter velocity,v_inf_kms,20.0,1.2,1.4849833147942157,4.7,z,65,0.004,0.0,True
Encounter velocity,v_inf_kms,20.0,1.2,1.4905450500556174,4.7,z,65,0.004,0.0,True
Encounter velocity,v_inf_kms,20.0,1.2,1.496106785317019,4.7,z,65,0.004,0.0,True
Encounter velocity,v_inf_kms,20.0,1.2,1.5016685205784206,4.7,z,65,0.004,0.0,True
Encounter velocity,v_inf_kms,20.0,1.2,1.507230255839822,4.7,z,65,0.004,0.0,True
Encounter velocity,v_inf_kms,20.0,1.2,1.5127919911012235,4.7,z,65,0.004,0.0,True
Encounter velocity,v_inf_kms,20.0,1.2,1.5183537263626252,4.7,z,65,0.004,0.0,True
Encounter velocity,v_inf_kms,20.0,1.2,1.5239154616240267,4.7,z,65,0.004,0.0,True
Encounter velocity,v_inf_kms,20.0,1.2,1.5294771968854284,4.7,z,65,0.004,0.0,True
Encounter velocity,v_inf_kms,20.0,1.2,1.5350389321468298,4.7,z,65,0.004,0.0,True
Encounter velocity,v_inf_kms,20.0,1.2,1.5406006674082313,4.7,z,65,0.004,0.0,True
Encounter velocity,v_inf_kms,20.0,1.2,1.546162402669633,4.7,z,65,0.004,0.0,True
Encounter velocity,v_inf_kms,20.0,1.2,1.5517241379310345,4.7,z,65,0.004,0.0,True
Encounter velocity,v_inf_kms,20.0,1.2,1.5572858731924362,4.7,z,65,0.004,0.0,True
Encounter velocity,v_inf_kms,20.0,1.2,1.5628476084538376,4.7,z,65,0.004,0.0,True
Encounter velocity,v_inf_kms,20.0,1.2,1.568409343715239,4.7,z,65,0.004,0.0,True
Encounter velocity,v_inf_kms,20.0,1.2,1.5739710789766408,4.7,z,65,0.004,0.0,True
Encounter velocity,v_inf_kms,20.0,1.2,1.5795328142380423,4.7,z,65,0.004,0.0,True
Encounter velocity,v_inf_kms,20.0,1.2,1.585094549499444,4.7,z,65,0.004,0.0,True
Encounter velocity,v_inf_kms,20.0,1.2,1.5906562847608454,4.7,z,65,0.004,0.0,True
Encounter velocity,v_inf_kms,20.0,1.2,1.5962180200222469,4.7,z,65,0.004,0.0,True
Encounter velocity,v_inf_kms,20.0,1.2,1.6017797552836486,4.7,z,65,0.004,0.0,False
Encounter velocity,v_inf_kms,20.0,1.2,1.60734149054505,4.7,z,65,0.004,0.0,False
Encounter velocity,v_inf_kms,20.0,1.2,1.6129032258064517,4.7,z,65,0.004,0.0,False
Encounter velocity,v_inf_kms,20.0,1.2,1.6184649610678532,4.7,z,65,0.004,0.0,False
Encounter velocity,v_inf_kms,20.0,1.2,1.6240266963292547,4.7,z,65,0.004,0.0,False
Encounter velocity,v_inf_kms,20.0,1.2,1.6295884315906564,4.7,z,65,0.004,0.0,False
Encounter velocity,v_inf_kms,20.0,1.2,1.6351501668520578,4.7,z,65,0.004,0.0,False
Encounter velocity,v_inf_kms,20.0,1.2,1.6407119021134595,4.7,z,65,0.004,0.0,False
Encounter velocity,v_inf_kms,20.0,1.2,1.646273637374861,4.7,z,65,0.004,0.0,False
Encounter velocity,v_inf_kms,20.0,1.2,1.6518353726362625,4.7,z,65,0.004,0.0,False
Encounter velocity,v_inf_kms,20.0,1.2,1.6573971078976641,4.7,z,65,0.004,0.0,False
Encounter velocity,v_inf_kms,20.0,1.2,1.6629588431590656,4.7,z,65,0.004,0.0,False
Encounter velocity,v_inf_kms,20.0,1.2,1.6685205784204673,4.7,z,65,0.004,0.0,False
Encounter velocity,v_inf_kms,20.0,1.2,1.6740823136818688,4.7,z,65,0.004,0.0,False
Encounter velocity,v_inf_kms,20.0,1.2,1.6796440489432705,4.7,z,65,0.004,0.0,False
Encounter velocity,v_inf_kms,20.0,1.2,1.685205784204672,4.7,z,65,0.004,0.0,False
Encounter velocity,v_inf_kms,20.0,1.2,1.6907675194660734,4.7,z,65,0.004,0.0,False
Encounter velocity,v_inf_kms,20.0,1.2,1.696329254727475,4.7,z,65,0.004,0.0,False
Encounter velocity,v_inf_kms,20.0,1.2,1.7018909899888766,4.7,z,65,0.004,0.0,False
Encounter velocity,v_inf_kms,20.0,1.2,1.7074527252502782,4.7,z,65,0.004,0.0,False
Encounter velocity,v_inf_kms,20.0,1.2,1.7130144605116797,4.7,z,65,0.004,0.0,False
Encounter velocity,v_inf_kms,20.0,1.2,1.7185761957730812,4.7,z,65,0.004,0.0,False
Encounter velocity,v_inf_kms,20.0,1.2,1.7241379310344829,4.7,z,65,0.004,0.0,False
Encounter velocity,v_inf_kms,20.0,1.2,1.7296996662958843,4.7,z,65,0.004,0.0,False
Encounter velocity,v_inf_kms,20.0,1.2,1.735261401557286,4.7,z,65,0.004,0.0,False
Encounter velocity,v_inf_kms,20.0,1.2,1.7408231368186875,4.7,z,65,0.004,0.0,False
Encounter velocity,v_inf_kms,20.0,1.2,1.746384872080089,4.7,z,65,0.004,0.0,False
Encounter velocity,v_inf_kms,20.0,1.2,1.7519466073414907,4.7,z,65,0.004,0.0,False
Encounter velocity,v_inf_kms,20.0,1.2,1.7575083426028921,4.7,z,65,0.004,0.0,False
Encounter velocity,v_inf_kms,20.0,1.2,1.7630700778642938,4.7,z,65,0.004,0.0,False
Encounter velocity,v_inf_kms,20.0,1.2,1.7686318131256953,4.7,z,65,0.004,0.0,False
Encounter velocity,v_inf_kms,20.0,1.2,1.7741935483870968,4.7,z,65,0.004,0.0,False
Encounter velocity,v_inf_kms,20.0,1.2,1.7797552836484984,4.7,z,65,0.004,0.0,False
Encounter velocity,v_inf_kms,20.0,1.2,1.7853170189099,4.7,z,65,0.004,0.0,False
Encounter velocity,v_inf_kms,20.0,1.2,1.7908787541713016,4.7,z,65,0.004,0.0,False
Encounter velocity,v_inf_kms,20.0,1.2,1.796440489432703,4.7,z,65,0.004,0.0,False
Encounter velocity,v_inf_kms,20.0,1.2,1.8020022246941045,4.7,z,65,0.004,0.0,False
Encounter velocity,v_inf_kms,20.0,1.2,1.8075639599555062,4.7,z,65,0.004,0.0,False
Encounter velocity,v_inf_kms,20.0,1.2,1.8131256952169077,4.7,z,65,0.004,0.0,False
Encounter velocity,v_inf_kms,20.0,1.2,1.8186874304783094,4.7,z,65,0.004,0.0,False
Encounter velocity,v_inf_kms,20.0,1.2,1.8242491657397109,4.7,z,65,0.004,0.0,False
Encounter velocity,v_inf_kms,20.0,1.2,1.8298109010011123,4.7,z,65,0.004,0.0,False
Encounter velocity,v_inf_kms,20.0,1.2,1.835372636262514,4.7,z,65,0.004,0.0,False
Encounter velocity,v_inf_kms,20.0,1.2,1.8409343715239155,4.7,z,65,0.004,0.0,False
Encounter velocity,v_inf_kms,20.0,1.2,1.8464961067853172,4.7,z,65,0.004,0.0,False
Encounter velocity,v_inf_kms,20.0,1.2,1.8520578420467186,4.7,z,65,0.004,0.0,False
Encounter velocity,v_inf_kms,20.0,1.2,1.85761957730812,4.7,z,65,0.004,0.0,False
Encounter velocity,v_inf_kms,20.0,1.2,1.8631813125695218,4.7,z,65,0.004,0.0,False
Encounter velocity,v_inf_kms,20.0,1.2,1.8687430478309233,4.7,z,65,0.004,0.0,False
Encounter velocity,v_inf_kms,20.0,1.2,1.874304783092325,4.7,z,65,0.004,0.0,False
Encounter velocity,v_inf_kms,20.0,1.2,1.8798665183537264,4.7,z,65,0.004,0.0,False
Encounter velocity,v_inf_kms,20.0,1.2,1.885428253615128,4.7,z,65,0.004,0.0,False
Encounter velocity,v_inf_kms,20.0,1.2,1.8909899888765296,4.7,z,65,0.004,0.0,False
Encounter velocity,v_inf_kms,20.0,1.2,1.896551724137931,4.7,z,65,0.004,0.0,False
Encounter velocity,v_inf_kms,20.0,1.2,1.9021134593993327,4.7,z,65,0.004,0.0,False
Encounter velocity,v_inf_kms,20.0,1.2,1.9076751946607342,4.7,z,65,0.004,0.0,False
Encounter velocity,v_inf_kms,20.0,1.2,1.9132369299221357,4.7,z,65,0.004,0.0,False
Encounter velocity,v_inf_kms,20.0,1.2,1.9187986651835374,4.7,z,65,0.004,0.0,False
Encounter velocity,v_inf_kms,20.0,1.2,1.9243604004449388,4.7,z,65,0.004,0.0,False
Encounter velocity,v_inf_kms,20.0,1.2,1.9299221357063405,4.7,z,65,0.004,0.0,False
Encounter velocity,v_inf_kms,20.0,1.2,1.935483870967742,4.7,z,65,0.004,0.0,False
Encounter velocity,v_inf_kms,20.0,1.2,1.9410456062291435,4.7,z,65,0.004,0.0,False
Encounter velocity,v_inf_kms,20.0,1.2,1.9466073414905452,4.7,z,65,0.004,0.0,False
Encounter velocity,v_inf_kms,20.0,1.2,1.9521690767519466,4.7,z,65,0.004,0.0,False
Encounter velocity,v_inf_kms,20.0,1.2,1.9577308120133483,4.7,z,65,0.004,0.0,False
Encounter velocity,v_inf_kms,20.0,1.2,1.9632925472747498,4.7,z,65,0.004,0.0,False
Encounter velocity,v_inf_kms,20.0,1.2,1.9688542825361512,4.7,z,65,0.004,0.0,False
Encounter velocity,v_inf_kms,20.0,1.2,1.974416017797553,4.7,z,65,0.004,0.0,False
Encounter velocity,v_inf_kms,20.0,1.2,1.9799777530589544,4.7,z,65,0.004,0.0,False
Encounter velocity,v_inf_kms,20.0,1.2,1.985539488320356,4.7,z,65,0.004,0.0,False
Encounter velocity,v_inf_kms,20.0,1.2,1.9911012235817576,4.7,z,65,0.004,0.0,False
Encounter velocity,v_inf_kms,20.0,1.2,1.996662958843159,4.7,z,65,0.004,0.0,False
Encounter velocity,v_inf_kms,20.0,1.2,2.0022246941045605,4.7,z,65,0.004,0.0,False
Encounter velocity,v_inf_kms,20.0,1.2,2.007786429365962,4.7,z,65,0.004,0.0,False
Encounter velocity,v_inf_kms,20.0,1.2,2.013348164627364,4.7,z,65,0.004,0.0,False
Encounter velocity,v_inf_kms,20.0,1.2,2.0189098998887656,4.7,z,65,0.004,0.0,False
Encounter velocity,v_inf_kms,20.0,1.2,2.024471635150167,4.7,z,65,0.004,0.0,False
Encounter velocity,v_inf_kms,20.0,1.2,2.0300333704115685,4.7,z,65,0.004,0.0,False
Encounter velocity,v_inf_kms,20.0,1.2,2.03559510567297,4.7,z,65,0.004,0.0,False
Encounter velocity,v_inf_kms,20.0,1.2,2.0411568409343714,4.7,z,65,0.004,0.0,False
Encounter velocity,v_inf_kms,20.0,1.2,2.046718576195773,4.7,z,65,0.004,0.0,False
Encounter velocity,v_inf_kms,20.0,1.2,2.052280311457175,4.7,z,65,0.004,0.0,False
Encounter velocity,v_inf_kms,20.0,1.2,2.057842046718576,4.7,z,65,0.004,0.0008405754664679268,False
Encounter velocity,v_inf_kms,20.0,1.2,2.0634037819799778,4.7,z,65,0.004,0.0008405754664679268,False
Encounter velocity,v_inf_kms,20.0,1.2,2.0689655172413794,4.7,z,65,0.004,0.0008405754664679268,False
Encounter velocity,v_inf_kms,20.0,1.2,2.074527252502781,4.7,z,65,0.004,0.0008405754664679268,False
Encounter velocity,v_inf_kms,20.0,1.2,2.0800889877641824,4.7,z,65,0.004,0.0008405754664679268,False
Encounter velocity,v_inf_kms,20.0,1.2,2.085650723025584,4.7,z,65,0.004,0.0008405754664679268,False
Encounter velocity,v_inf_kms,20.0,1.2,2.0912124582869858,4.7,z,65,0.004,0.0008405754664679268,False
Encounter velocity,v_inf_kms,20.0,1.2,2.096774193548387,4.7,z,65,0.004,0.0008405754664679268,False
Encounter velocity,v_inf_kms,20.0,1.2,2.1023359288097887,4.7,z,65,0.004,0.0008405754664679268,False
Encounter velocity,v_inf_kms,20.0,1.2,2.1078976640711904,4.7,z,65,0.004,0.0008405754664679268,False
Encounter velocity,v_inf_kms,20.0,1.2,2.1134593993325916,4.7,z,65,0.004,0.0008405754664679268,False
Encounter velocity,v_inf_kms,20.0,1.2,2.1190211345939933,4.7,z,65,0.004,0.0008405754664679268,False
Encounter velocity,v_inf_kms,20.0,1.2,2.124582869855395,4.7,z,65,0.004,0.0,False
Encounter velocity,v_inf_kms,20.0,1.2,2.1301446051167967,4.7,z,65,0.004,0.0,False
Encounter velocity,v_inf_kms,20.0,1.2,2.135706340378198,4.7,z,65,0.004,0.0,False
Encounter velocity,v_inf_kms,20.0,1.2,2.1412680756395996,4.7,z,65,0.004,0.0,False
Encounter velocity,v_inf_kms,20.0,1.2,2.1468298109010013,4.7,z,65,0.004,0.0,False
Encounter velocity,v_inf_kms,20.0,1.2,2.1523915461624026,4.7,z,65,0.004,0.0,False
Encounter velocity,v_inf_kms,20.0,1.2,2.1579532814238043,4.7,z,65,0.004,0.0,False
Encounter velocity,v_inf_kms,20.0,1.2,2.163515016685206,4.7,z,65,0.004,0.0,False
Encounter velocity,v_inf_kms,20.0,1.2,2.169076751946607,4.7,z,65,0.004,0.0,False
Encounter velocity,v_inf_kms,20.0,1.2,2.174638487208009,4.7,z,65,0.004,0.0,False
Encounter velocity,v_inf_kms,20.0,1.2,2.1802002224694106,4.7,z,65,0.004,0.0,False
Encounter velocity,v_inf_kms,20.0,1.2,2.1857619577308123,4.7,z,65,0.004,0.0,False
Encounter velocity,v_inf_kms,20.0,1.2,2.1913236929922135,4.7,z,65,0.004,0.0,False
Encounter velocity,v_inf_kms,20.0,1.2,2.196885428253615,4.7,z,65,0.004,0.0,False
Encounter velocity,v_inf_kms,20.0,1.2,2.202447163515017,4.7,z,65,0.004,0.0,False
Encounter velocity,v_inf_kms,20.0,1.2,2.208008898776418,4.7,z,65,0.004,0.0,False
Encounter velocity,v_inf_kms,20.0,1.2,2.21357063403782,4.7,z,65,0.004,0.0,False
Encounter velocity,v_inf_kms,20.0,1.2,2.2191323692992215,4.7,z,65,0.004,0.0,False
Encounter velocity,v_inf_kms,20.0,1.2,2.2246941045606228,4.7,z,65,0.004,0.0,False
Encounter velocity,v_inf_kms,20.0,1.2,2.2302558398220245,4.7,z,65,0.004,0.0,False
Encounter velocity,v_inf_kms,20.0,1.2,2.235817575083426,4.7,z,65,0.004,0.0,False
Encounter velocity,v_inf_kms,20.0,1.2,2.241379310344828,4.7,z,65,0.004,0.0,False
Encounter velocity,v_inf_kms,20.0,1.2,2.246941045606229,4.7,z,65,0.004,0.0,False
Encounter velocity,v_inf_kms,20.0,1.2,2.252502780867631,4.7,z,65,0.004,0.0,False
Encounter velocity,v_inf_kms,20.0,1.2,2.2580645161290325,4.7,z,65,0.004,0.0,False
Encounter velocity,v_inf_kms,20.0,1.2,2.2636262513904337,4.7,z,65,0.004,0.0,False
Encounter velocity,v_inf_kms,20.0,1.2,2.2691879866518354,4.7,z,65,0.004,0.0,False
Encounter velocity,v_inf_kms,20.0,1.2,2.274749721913237,4.7,z,65,0.004,0.0,False
Encounter velocity,v_inf_kms,20.0,1.2,2.2803114571746383,4.7,z,65,0.004,0.0,False
Encounter velocity,v_inf_kms,20.0,1.2,2.28587319243604,4.7,z,65,0.004,0.0,False
Encounter velocity,v_inf_kms,20.0,1.2,2.2914349276974417,4.7,z,65,0.004,0.0,False
Encounter velocity,v_inf_kms,20.0,1.2,2.2969966629588434,4.7,z,65,0.004,0.0,False
Encounter velocity,v_inf_kms,20.0,1.2,2.3025583982202447,4.7,z,65,0.004,0.0,False
Encounter velocity,v_inf_kms,20.0,1.2,2.3081201334816464,4.7,z,65,0.004,0.0,False
Encounter velocity,v_inf_kms,20.0,1.2,2.313681868743048,4.7,z,65,0.004,0.0,False
Encounter velocity,v_inf_kms,20.0,1.2,2.3192436040044493,4.7,z,65,0.004,0.0,False
Encounter velocity,v_inf_kms,20.0,1.2,2.324805339265851,4.7,z,65,0.004,0.0,False
Encounter velocity,v_inf_kms,20.0,1.2,2.3303670745272527,4.7,z,65,0.004,0.0,False
Encounter velocity,v_inf_kms,20.0,1.2,2.335928809788654,4.7,z,65,0.004,0.0,False
Encounter velocity,v_inf_kms,20.0,1.2,2.3414905450500556,4.7,z,65,0.004,0.0,False
Encounter velocity,v_inf_kms,20.0,1.2,2.3470522803114573,4.7,z,65,0.004,0.0,False
Encounter velocity,v_inf_kms,20.0,1.2,2.352614015572859,4.7,z,65,0.004,0.0,False
Encounter velocity,v_inf_kms,20.0,1.2,2.3581757508342602,4.7,z,65,0.004,0.0,False
Encounter velocity,v_inf_kms,20.0,1.2,2.363737486095662,4.7,z,65,0.004,0.0,False
Encounter velocity,v_inf_kms,20.0,1.2,2.3692992213570636,4.7,z,65,0.004,0.0,False
Encounter velocity,v_inf_kms,20.0,1.2,2.374860956618465,4.7,z,65,0.004,0.0,False
Encounter velocity,v_inf_kms,20.0,1.2,2.3804226918798665,4.7,z,65,0.004,0.0,False
Encounter velocity,v_inf_kms,20.0,1.2,2.3859844271412682,4.7,z,65,0.004,0.0,False
Encounter velocity,v_inf_kms,20.0,1.2,2.39154616240267,4.7,z,65,0.004,0.0,False
Encounter velocity,v_inf_kms,20.0,1.2,2.397107897664071,4.7,z,65,0.004,0.0,False
Encounter velocity,v_inf_kms,20.0,1.2,2.402669632925473,4.7,z,65,0.004,0.0,False
Encounter velocity,v_inf_kms,20.0,1.2,2.4082313681868746,4.7,z,65,0.004,0.0,False
Encounter velocity,v_inf_kms,20.0,1.2,2.413793103448276,4.7,z,65,0.004,0.0,False
Encounter velocity,v_inf_kms,20.0,1.2,2.4193548387096775,4.7,z,65,0.004,0.0,False
Encounter velocity,v_inf_kms,20.0,1.2,2.424916573971079,4.7,z,65,0.004,0.0,False
Encounter velocity,v_inf_kms,20.0,1.2,2.4304783092324804,4.7,z,65,0.004,0.0,False
Encounter velocity,v_inf_kms,20.0,1.2,2.436040044493882,4.7,z,65,0.004,0.0,False
Encounter velocity,v_inf_kms,20.0,1.2,2.441601779755284,4.7,z,65,0.004,0.0,False
Encounter velocity,v_inf_kms,20.0,1.2,2.4471635150166855,4.7,z,65,0.004,0.0,False
Encounter velocity,v_inf_kms,20.0,1.2,2.4527252502780867,4.7,z,65,0.004,0.0,False
Encounter velocity,v_inf_kms,20.0,1.2,2.4582869855394884,4.7,z,65,0.004,0.0,False
Encounter velocity,v_inf_kms,20.0,1.2,2.46384872080089,4.7,z,65,0.004,0.0,False
Encounter velocity,v_inf_kms,20.0,1.2,2.4694104560622914,4.7,z,65,0.004,0.0,False
Encounter velocity,v_inf_kms,20.0,1.2,2.474972191323693,4.7,z,65,0.004,0.0,False
Encounter velocity,v_inf_kms,20.0,1.2,2.4805339265850948,4.7,z,65,0.004,0.0,False
Encounter velocity,v_inf_kms,20.0,1.2,2.486095661846496,4.7,z,65,0.004,0.0,False
Encounter velocity,v_inf_kms,20.0,1.2,2.4916573971078977,4.7,z,65,0.004,0.0,False
Encounter velocity,v_inf_kms,20.0,1.2,2.4972191323692994,4.7,z,65,0.004,0.0,False
Encounter velocity,v_inf_kms,20.0,1.2,2.502780867630701,4.7,z,65,0.004,0.0,False
Encounter velocity,v_inf_kms,20.0,1.2,2.5083426028921023,4.7,z,65,0.004,0.0,False
Encounter velocity,v_inf_kms,20.0,1.2,2.513904338153504,4.7,z,65,0.004,0.0,False
Encounter velocity,v_inf_kms,20.0,1.2,2.5194660734149057,4.7,z,65,0.004,0.0,False
Encounter velocity,v_inf_kms,20.0,1.2,2.525027808676307,4.7,z,65,0.004,0.0,False
Encounter velocity,v_inf_kms,20.0,1.2,2.5305895439377086,4.7,z,65,0.004,0.0,False
Encounter velocity,v_inf_kms,20.0,1.2,2.5361512791991103,4.7,z,65,0.004,0.0,False
Encounter velocity,v_inf_kms,20.0,1.2,2.5417130144605116,4.7,z,65,0.004,0.0,False
Encounter velocity,v_inf_kms,20.0,1.2,2.5472747497219133,4.7,z,65,0.004,0.0,False
Encounter velocity,v_inf_kms,20.0,1.2,2.552836484983315,4.7,z,65,0.004,0.0,False
Encounter velocity,v_inf_kms,20.0,1.2,2.5583982202447166,4.7,z,65,0.004,0.0,False
Encounter velocity,v_inf_kms,20.0,1.2,2.563959955506118,4.7,z,65,0.004,0.0,False
Encounter velocity,v_inf_kms,20.0,1.2,2.5695216907675196,4.7,z,65,0.004,0.0,False
Encounter velocity,v_inf_kms,20.0,1.2,2.5750834260289213,4.7,z,65,0.004,0.0,False
Encounter velocity,v_inf_kms,20.0,1.2,2.5806451612903225,4.7,z,65,0.004,0.0,False
Encounter velocity,v_inf_kms,20.0,1.2,2.586206896551724,4.7,z,65,0.004,0.0,False
Encounter velocity,v_inf_kms,20.0,1.2,2.591768631813126,4.7,z,65,0.004,0.0,False
Encounter velocity,v_inf_kms,20.0,1.2,2.597330367074527,4.7,z,65,0.004,0.0,False
Encounter velocity,v_inf_kms,20.0,1.2,2.602892102335929,4.7,z,65,0.004,0.0,False
Encounter velocity,v_inf_kms,20.0,1.2,2.6084538375973305,4.7,z,65,0.004,0.0,False
Encounter velocity,v_inf_kms,20.0,1.2,2.614015572858732,4.7,z,65,0.004,0.0,False
Encounter velocity,v_inf_kms,20.0,1.2,2.6195773081201335,4.7,z,65,0.004,0.0,False
Encounter velocity,v_inf_kms,20.0,1.2,2.625139043381535,4.7,z,65,0.004,0.0,False
Encounter velocity,v_inf_kms,20.0,1.2,2.630700778642937,4.7,z,65,0.004,0.0,False
Encounter velocity,v_inf_kms,20.0,1.2,2.636262513904338,4.7,z,65,0.004,0.0,False
Encounter velocity,v_inf_kms,20.0,1.2,2.6418242491657398,4.7,z,65,0.004,0.0,False
Encounter velocity,v_inf_kms,20.0,1.2,2.6473859844271415,4.7,z,65,0.004,0.0,False
Encounter velocity,v_inf_kms,20.0,1.2,2.6529477196885427,4.7,z,65,0.004,0.0,False
Encounter velocity,v_inf_kms,20.0,1.2,2.6585094549499444,4.7,z,65,0.004,0.0,False
Encounter velocity,v_inf_kms,20.0,1.2,2.664071190211346,4.7,z,65,0.004,0.0,False
Encounter velocity,v_inf_kms,20.0,1.2,2.6696329254727478,4.7,z,65,0.004,0.0,False
Encounter velocity,v_inf_kms,20.0,1.2,2.675194660734149,4.7,z,65,0.004,0.0,False
Encounter velocity,v_inf_kms,20.0,1.2,2.6807563959955507,4.7,z,65,0.004,0.0,False
Encounter velocity,v_inf_kms,20.0,1.2,2.6863181312569524,4.7,z,65,0.004,0.0,False
Encounter velocity,v_inf_kms,20.0,1.2,2.6918798665183536,4.7,z,65,0.004,0.0,False
Encounter velocity,v_inf_kms,20.0,1.2,2.6974416017797553,4.7,z,65,0.004,0.0,False
Encounter velocity,v_inf_kms,20.0,1.2,2.703003337041157,4.7,z,65,0.004,0.0,False
Encounter velocity,v_inf_kms,20.0,1.2,2.7085650723025583,4.7,z,65,0.004,0.0,False
Encounter velocity,v_inf_kms,20.0,1.2,2.71412680756396,4.7,z,65,0.004,0.0,False
Encounter velocity,v_inf_kms,20.0,1.2,2.7196885428253617,4.7,z,65,0.004,0.0,False
Encounter velocity,v_inf_kms,20.0,1.2,2.7252502780867633,4.7,z,65,0.004,0.0,False
Encounter velocity,v_inf_kms,20.0,1.2,2.7308120133481646,4.7,z,65,0.004,0.0,False
Encounter velocity,v_inf_kms,20.0,1.2,2.7363737486095663,4.7,z,65,0.004,0.0,False
Encounter velocity,v_inf_kms,20.0,1.2,2.741935483870968,4.7,z,65,0.004,0.0,False
Encounter velocity,v_inf_kms,20.0,1.2,2.747497219132369,4.7,z,65,0.004,0.0,False
Encounter velocity,v_inf_kms,20.0,1.2,2.753058954393771,4.7,z,65,0.004,0.0,False
Encounter velocity,v_inf_kms,20.0,1.2,2.7586206896551726,4.7,z,65,0.004,0.0,False
Encounter velocity,v_inf_kms,20.0,1.2,2.764182424916574,4.7,z,65,0.004,0.0,False
Encounter velocity,v_inf_kms,20.0,1.2,2.7697441601779755,4.7,z,65,0.004,0.0,False
Encounter velocity,v_inf_kms,20.0,1.2,2.7753058954393772,4.7,z,65,0.004,0.0,False
Encounter velocity,v_inf_kms,20.0,1.2,2.780867630700779,4.7,z,65,0.004,0.0,False
Encounter velocity,v_inf_kms,20.0,1.2,2.78642936596218,4.7,z,65,0.004,0.0,False
Encounter velocity,v_inf_kms,20.0,1.2,2.791991101223582,4.7,z,65,0.004,0.0,False
Encounter velocity,v_inf_kms,20.0,1.2,2.7975528364849835,4.7,z,65,0.004,0.0,False
Encounter velocity,v_inf_kms,20.0,1.2,2.803114571746385,4.7,z,65,0.004,0.0,False
Encounter velocity,v_inf_kms,20.0,1.2,2.8086763070077865,4.7,z,65,0.004,0.0,False
Encounter velocity,v_inf_kms,20.0,1.2,2.814238042269188,4.7,z,65,0.004,0.0,False
Encounter velocity,v_inf_kms,20.0,1.2,2.8197997775305894,4.7,z,65,0.004,0.0,False
Encounter velocity,v_inf_kms,20.0,1.2,2.825361512791991,4.7,z,65,0.004,0.0,False
Encounter velocity,v_inf_kms,20.0,1.2,2.830923248053393,4.7,z,65,0.004,0.0,False
Encounter velocity,v_inf_kms,20.0,1.2,2.8364849833147945,4.7,z,65,0.004,0.0,False
Encounter velocity,v_inf_kms,20.0,1.2,2.8420467185761957,4.7,z,65,0.004,0.0,False
Encounter velocity,v_inf_kms,20.0,1.2,2.8476084538375974,4.7,z,65,0.004,0.0,False
Encounter velocity,v_inf_kms,20.0,1.2,2.853170189098999,4.7,z,65,0.004,0.0,False
Encounter velocity,v_inf_kms,20.0,1.2,2.8587319243604004,4.7,z,65,0.004,0.0,False
Encounter velocity,v_inf_kms,20.0,1.2,2.864293659621802,4.7,z,65,0.004,0.0,False
Encounter velocity,v_inf_kms,20.0,1.2,2.8698553948832037,4.7,z,65,0.004,0.0,False
Encounter velocity,v_inf_kms,20.0,1.2,2.8754171301446054,4.7,z,65,0.004,0.0,False
Encounter velocity,v_inf_kms,20.0,1.2,2.8809788654060067,4.7,z,65,0.004,0.0,False
Encounter velocity,v_inf_kms,20.0,1.2,2.8865406006674084,4.7,z,65,0.004,0.0,False
Encounter velocity,v_inf_kms,20.0,1.2,2.89210233592881,4.7,z,65,0.004,0.0,False
Encounter velocity,v_inf_kms,20.0,1.2,2.8976640711902113,4.7,z,65,0.004,0.0,False
Encounter velocity,v_inf_kms,20.0,1.2,2.903225806451613,4.7,z,65,0.004,0.0,False
Encounter velocity,v_inf_kms,20.0,1.2,2.9087875417130147,4.7,z,65,0.004,0.0,False
Encounter velocity,v_inf_kms,20.0,1.2,2.914349276974416,4.7,z,65,0.004,0.0,False
Encounter velocity,v_inf_kms,20.0,1.2,2.9199110122358176,4.7,z,65,0.004,0.0,False
Encounter velocity,v_inf_kms,20.0,1.2,2.9254727474972193,4.7,z,65,0.004,0.0,False
Encounter velocity,v_inf_kms,20.0,1.2,2.931034482758621,4.7,z,65,0.004,0.0,False
Encounter velocity,v_inf_kms,20.0,1.2,2.9365962180200222,4.7,z,65,0.004,0.0,False
Encounter velocity,v_inf_kms,20.0,1.2,2.942157953281424,4.7,z,65,0.004,0.0,False
Encounter velocity,v_inf_kms,20.0,1.2,2.9477196885428256,4.7,z,65,0.004,0.0,False
Encounter velocity,v_inf_kms,20.0,1.2,2.953281423804227,4.7,z,65,0.004,0.0,False
Encounter velocity,v_inf_kms,20.0,1.2,2.9588431590656286,4.7,z,65,0.004,0.0,False
Encounter velocity,v_inf_kms,20.0,1.2,2.9644048943270302,4.7,z,65,0.004,0.0,False
Encounter velocity,v_inf_kms,20.0,1.2,2.9699666295884315,4.7,z,65,0.004,0.0,False
Encounter velocity,v_inf_kms,20.0,1.2,2.975528364849833,4.7,z,65,0.004,0.0,False
Encounter velocity,v_inf_kms,20.0,1.2,2.981090100111235,4.7,z,65,0.004,0.0,False
Encounter velocity,v_inf_kms,20.0,1.2,2.9866518353726366,4.7,z,65,0.004,0.0,False
Encounter velocity,v_inf_kms,20.0,1.2,2.992213570634038,4.7,z,65,0.004,0.0,False
Encounter velocity,v_inf_kms,20.0,1.2,2.9977753058954395,4.7,z,65,0.004,0.0,False
Encounter velocity,v_inf_kms,20.0,1.2,3.003337041156841,4.7,z,65,0.004,0.0,False
Encounter velocity,v_inf_kms,20.0,1.2,3.0088987764182424,4.7,z,65,0.004,0.0,False
Encounter velocity,v_inf_kms,20.0,1.2,3.014460511679644,4.7,z,65,0.004,0.0,False
Encounter velocity,v_inf_kms,20.0,1.2,3.020022246941046,4.7,z,65,0.004,0.0,False
Encounter velocity,v_inf_kms,20.0,1.2,3.025583982202447,4.7,z,65,0.004,0.0,False
Encounter velocity,v_inf_kms,20.0,1.2,3.0311457174638488,4.7,z,65,0.004,0.0,False
Encounter velocity,v_inf_kms,20.0,1.2,3.0367074527252504,4.7,z,65,0.004,0.0,False
Encounter velocity,v_inf_kms,20.0,1.2,3.042269187986652,4.7,z,65,0.004,0.0,False
Encounter velocity,v_inf_kms,20.0,1.2,3.0478309232480534,4.7,z,65,0.004,0.0,False
Encounter velocity,v_inf_kms,20.0,1.2,3.053392658509455,4.7,z,65,0.004,0.0,False
Encounter velocity,v_inf_kms,20.0,1.2,3.0589543937708568,4.7,z,65,0.004,0.0,False
Encounter velocity,v_inf_kms,20.0,1.2,3.064516129032258,4.7,z,65,0.004,0.0,False
Encounter velocity,v_inf_kms,20.0,1.2,3.0700778642936597,4.7,z,65,0.004,0.0,False
Encounter velocity,v_inf_kms,20.0,1.2,3.0756395995550614,4.7,z,65,0.004,0.0,False
Encounter velocity,v_inf_kms,20.0,1.2,3.0812013348164626,4.7,z,65,0.004,0.0,False
Encounter velocity,v_inf_kms,20.0,1.2,3.0867630700778643,4.7,z,65,0.004,0.0,False
Encounter velocity,v_inf_kms,20.0,1.2,3.092324805339266,4.7,z,65,0.004,0.0,False
Encounter velocity,v_inf_kms,20.0,1.2,3.0978865406006677,4.7,z,65,0.004,0.0,False
Encounter velocity,v_inf_kms,20.0,1.2,3.103448275862069,4.7,z,65,0.004,0.0,False
Encounter velocity,v_inf_kms,20.0,1.2,3.1090100111234706,4.7,z,65,0.004,0.0,False
Encounter velocity,v_inf_kms,20.0,1.2,3.1145717463848723,4.7,z,65,0.004,0.0,False
Encounter velocity,v_inf_kms,20.0,1.2,3.1201334816462736,4.7,z,65,0.004,0.0,False
Encounter velocity,v_inf_kms,20.0,1.2,3.1256952169076753,4.7,z,65,0.004,0.0,False
Encounter velocity,v_inf_kms,20.0,1.2,3.131256952169077,4.7,z,65,0.004,0.0,False
Encounter velocity,v_inf_kms,20.0,1.2,3.136818687430478,4.7,z,65,0.004,0.0,False
Encounter velocity,v_inf_kms,20.0,1.2,3.14238042269188,4.7,z,65,0.004,0.0,False
Encounter velocity,v_inf_kms,20.0,1.2,3.1479421579532816,4.7,z,65,0.004,0.0,False
Encounter velocity,v_inf_kms,20.0,1.2,3.1535038932146833,4.7,z,65,0.004,0.0,False
Encounter velocity,v_inf_kms,20.0,1.2,3.1590656284760845,4.7,z,65,0.004,0.0,False
Encounter velocity,v_inf_kms,20.0,1.2,3.164627363737486,4.7,z,65,0.004,0.0,False
Encounter velocity,v_inf_kms,20.0,1.2,3.170189098998888,4.7,z,65,0.004,0.0,False
Encounter velocity,v_inf_kms,20.0,1.2,3.175750834260289,4.7,z,65,0.004,0.0,False
Encounter velocity,v_inf_kms,20.0,1.2,3.181312569521691,4.7,z,65,0.004,0.0,False
Encounter velocity,v_inf_kms,20.0,1.2,3.1868743047830925,4.7,z,65,0.004,0.0,False
Encounter velocity,v_inf_kms,20.0,1.2,3.1924360400444938,4.7,z,65,0.004,0.0,False
Encounter velocity,v_inf_kms,20.0,1.2,3.1979977753058955,4.7,z,65,0.004,0.0,False
Encounter velocity,v_inf_kms,20.0,1.2,3.203559510567297,4.7,z,65,0.004,0.0,False
Encounter velocity,v_inf_kms,20.0,1.2,3.209121245828699,4.7,z,65,0.004,0.0,False
Encounter velocity,v_inf_kms,20.0,1.2,3.2146829810901,4.7,z,65,0.004,0.0,False
Encounter velocity,v_inf_kms,20.0,1.2,3.220244716351502,4.7,z,65,0.004,0.0,False
Encounter velocity,v_inf_kms,20.0,1.2,3.2258064516129035,4.7,z,65,0.004,0.0,False
Encounter velocity,v_inf_kms,20.0,1.2,3.2313681868743047,4.7,z,65,0.004,0.0,False
Encounter velocity,v_inf_kms,20.0,1.2,3.2369299221357064,4.7,z,65,0.004,0.0,False
Encounter velocity,v_inf_kms,20.0,1.2,3.242491657397108,4.7,z,65,0.004,0.0,False
Encounter velocity,v_inf_kms,20.0,1.2,3.2480533926585093,4.7,z,65,0.004,0.0,False
Encounter velocity,v_inf_kms,20.0,1.2,3.253615127919911,4.7,z,65,0.004,0.0,False
Encounter velocity,v_inf_kms,20.0,1.2,3.2591768631813127,4.7,z,65,0.004,0.0,False
Encounter velocity,v_inf_kms,20.0,1.2,3.2647385984427144,4.7,z,65,0.004,0.0,False
Encounter velocity,v_inf_kms,20.0,1.2,3.2703003337041157,4.7,z,65,0.004,0.0,False
Encounter velocity,v_inf_kms,20.0,1.2,3.2758620689655173,4.7,z,65,0.004,0.0,False
Encounter velocity,v_inf_kms,20.0,1.2,3.281423804226919,4.7,z,65,0.004,0.0,False
Encounter velocity,v_inf_kms,20.0,1.2,3.2869855394883203,4.7,z,65,0.004,0.0,False
Encounter velocity,v_inf_kms,20.0,1.2,3.292547274749722,4.7,z,65,0.004,0.0,False
Encounter velocity,v_inf_kms,20.0,1.2,3.2981090100111237,4.7,z,65,0.004,0.0,False
Encounter velocity,v_inf_kms,20.0,1.2,3.303670745272525,4.7,z,65,0.004,0.0,False
Encounter velocity,v_inf_kms,20.0,1.2,3.3092324805339266,4.7,z,65,0.004,0.0,False
Encounter velocity,v_inf_kms,20.0,1.2,3.3147942157953283,4.7,z,65,0.004,0.0,False
Encounter velocity,v_inf_kms,20.0,1.2,3.32035595105673,4.7,z,65,0.004,0.0,False
Encounter velocity,v_inf_kms,20.0,1.2,3.3259176863181312,4.7,z,65,0.004,0.0,False
Encounter velocity,v_inf_kms,20.0,1.2,3.331479421579533,4.7,z,65,0.004,0.0,False
Encounter velocity,v_inf_kms,20.0,1.2,3.3370411568409346,4.7,z,65,0.004,0.0,False
Encounter velocity,v_inf_kms,20.0,1.2,3.342602892102336,4.7,z,65,0.004,0.0,False
Encounter velocity,v_inf_kms,20.0,1.2,3.3481646273637375,4.7,z,65,0.004,0.0,False
Encounter velocity,v_inf_kms,20.0,1.2,3.3537263626251392,4.7,z,65,0.004,0.0,False
Encounter velocity,v_inf_kms,20.0,1.2,3.359288097886541,4.7,z,65,0.004,0.0,False
Encounter velocity,v_inf_kms,20.0,1.2,3.364849833147942,4.7,z,65,0.004,0.0,False
Encounter velocity,v_inf_kms,20.0,1.2,3.370411568409344,4.7,z,65,0.004,0.0,False
Encounter velocity,v_inf_kms,20.0,1.2,3.3759733036707456,4.7,z,65,0.004,0.0,False
Encounter velocity,v_inf_kms,20.0,1.2,3.381535038932147,4.7,z,65,0.004,0.0,False
Encounter velocity,v_inf_kms,20.0,1.2,3.3870967741935485,4.7,z,65,0.004,0.0,False
Encounter velocity,v_inf_kms,20.0,1.2,3.39265850945495,4.7,z,65,0.004,0.0,False
Encounter velocity,v_inf_kms,20.0,1.2,3.3982202447163514,4.7,z,65,0.004,0.0,False
Encounter velocity,v_inf_kms,20.0,1.2,3.403781979977753,4.7,z,65,0.004,0.0,False
Encounter velocity,v_inf_kms,20.0,1.2,3.409343715239155,4.7,z,65,0.004,0.0,False
Encounter velocity,v_inf_kms,20.0,1.2,3.4149054505005565,4.7,z,65,0.004,0.0,False
Encounter velocity,v_inf_kms,20.0,1.2,3.4204671857619577,4.7,z,65,0.004,0.0,False
Encounter velocity,v_inf_kms,20.0,1.2,3.4260289210233594,4.7,z,65,0.004,0.0,False
Encounter velocity,v_inf_kms,20.0,1.2,3.431590656284761,4.7,z,65,0.004,0.0,False
Encounter velocity,v_inf_kms,20.0,1.2,3.4371523915461624,4.7,z,65,0.004,0.0,False
Encounter velocity,v_inf_kms,20.0,1.2,3.442714126807564,4.7,z,65,0.004,0.0,False
Encounter velocity,v_inf_kms,20.0,1.2,3.4482758620689657,4.7,z,65,0.004,0.0,False
Encounter velocity,v_inf_kms,20.0,1.2,3.453837597330367,4.7,z,65,0.004,0.0,False
Encounter velocity,v_inf_kms,20.0,1.2,3.4593993325917687,4.7,z,65,0.004,0.0,False
Encounter velocity,v_inf_kms,20.0,1.2,3.4649610678531704,4.7,z,65,0.004,0.0,False
Encounter velocity,v_inf_kms,20.0,1.2,3.470522803114572,4.7,z,65,0.004,0.0,False
Encounter velocity,v_inf_kms,20.0,1.2,3.4760845383759733,4.7,z,65,0.004,0.0,False
Encounter velocity,v_inf_kms,20.0,1.2,3.481646273637375,4.7,z,65,0.004,0.0,False
Encounter velocity,v_inf_kms,20.0,1.2,3.4872080088987767,4.7,z,65,0.004,0.0,False
Encounter velocity,v_inf_kms,20.0,1.2,3.492769744160178,4.7,z,65,0.004,0.0,False
Encounter velocity,v_inf_kms,20.0,1.2,3.4983314794215796,4.7,z,65,0.004,0.0,False
Encounter velocity,v_inf_kms,20.0,1.2,3.5038932146829813,4.7,z,65,0.004,0.0,False
Encounter velocity,v_inf_kms,20.0,1.2,3.5094549499443826,4.7,z,65,0.004,0.0,False
Encounter velocity,v_inf_kms,20.0,1.2,3.5150166852057843,4.7,z,65,0.004,0.0,False
Encounter velocity,v_inf_kms,20.0,1.2,3.520578420467186,4.7,z,65,0.004,0.0,False
Encounter velocity,v_inf_kms,20.0,1.2,3.5261401557285876,4.7,z,65,0.004,0.0,False
Encounter velocity,v_inf_kms,20.0,1.2,3.531701890989989,4.7,z,65,0.004,0.0,False
Encounter velocity,v_inf_kms,20.0,1.2,3.5372636262513906,4.7,z,65,0.004,0.0,False
Encounter velocity,v_inf_kms,20.0,1.2,3.5428253615127923,4.7,z,65,0.004,0.0,False
Encounter velocity,v_inf_kms,20.0,1.2,3.5483870967741935,4.7,z,65,0.004,0.0,False
Encounter velocity,v_inf_kms,20.0,1.2,3.553948832035595,4.7,z,65,0.004,0.0,False
Encounter velocity,v_inf_kms,20.0,1.2,3.559510567296997,4.7,z,65,0.004,0.0,False
Encounter velocity,v_inf_kms,20.0,1.2,3.565072302558398,4.7,z,65,0.004,0.0,False
Encounter velocity,v_inf_kms,20.0,1.2,3.5706340378198,4.7,z,65,0.004,0.0,False
Encounter velocity,v_inf_kms,20.0,1.2,3.5761957730812015,4.7,z,65,0.004,0.0,False
Encounter velocity,v_inf_kms,20.0,1.2,3.581757508342603,4.7,z,65,0.004,0.0,False
Encounter velocity,v_inf_kms,20.0,1.2,3.5873192436040044,4.7,z,65,0.004,0.0,False
Encounter velocity,v_inf_kms,20.0,1.2,3.592880978865406,4.7,z,65,0.004,0.0,False
Encounter velocity,v_inf_kms,20.0,1.2,3.598442714126808,4.7,z,65,0.004,0.0,False
Encounter velocity,v_inf_kms,20.0,1.2,3.604004449388209,4.7,z,65,0.004,0.0,False
Encounter velocity,v_inf_kms,20.0,1.2,3.6095661846496108,4.7,z,65,0.004,0.0,False
Encounter velocity,v_inf_kms,20.0,1.2,3.6151279199110125,4.7,z,65,0.004,0.0,False
Encounter velocity,v_inf_kms,20.0,1.2,3.6206896551724137,4.7,z,65,0.004,0.0,False
Encounter velocity,v_inf_kms,20.0,1.2,3.6262513904338154,4.7,z,65,0.004,0.0,False
Encounter velocity,v_inf_kms,20.0,1.2,3.631813125695217,4.7,z,65,0.004,0.0,False
Encounter velocity,v_inf_kms,20.0,1.2,3.6373748609566188,4.7,z,65,0.004,0.0,False
Encounter velocity,v_inf_kms,20.0,1.2,3.64293659621802,4.7,z,65,0.004,0.0,False
Encounter velocity,v_inf_kms,20.0,1.2,3.6484983314794217,4.7,z,65,0.004,0.0,False
Encounter velocity,v_inf_kms,20.0,1.2,3.6540600667408234,4.7,z,65,0.004,0.0,False
Encounter velocity,v_inf_kms,20.0,1.2,3.6596218020022246,4.7,z,65,0.004,0.0,False
Encounter velocity,v_inf_kms,20.0,1.2,3.6651835372636263,4.7,z,65,0.004,0.0,False
Encounter velocity,v_inf_kms,20.0,1.2,3.670745272525028,4.7,z,65,0.004,0.0,False
Encounter velocity,v_inf_kms,20.0,1.2,3.6763070077864293,4.7,z,65,0.004,0.0,False
Encounter velocity,v_inf_kms,20.0,1.2,3.681868743047831,4.7,z,65,0.004,0.0,False
Encounter velocity,v_inf_kms,20.0,1.2,3.6874304783092327,4.7,z,65,0.004,0.0,False
Encounter velocity,v_inf_kms,20.0,1.2,3.6929922135706343,4.7,z,65,0.004,0.0,False
Encounter velocity,v_inf_kms,20.0,1.2,3.6985539488320356,4.7,z,65,0.004,0.0,False
Encounter velocity,v_inf_kms,20.0,1.2,3.7041156840934373,4.7,z,65,0.004,0.0,False
Encounter velocity,v_inf_kms,20.0,1.2,3.709677419354839,4.7,z,65,0.004,0.0,False
Encounter velocity,v_inf_kms,20.0,1.2,3.71523915461624,4.7,z,65,0.004,0.0,False
Encounter velocity,v_inf_kms,20.0,1.2,3.720800889877642,4.7,z,65,0.004,0.0,False
Encounter velocity,v_inf_kms,20.0,1.2,3.7263626251390436,4.7,z,65,0.004,0.0,False
Encounter velocity,v_inf_kms,20.0,1.2,3.731924360400445,4.7,z,65,0.004,0.0,False
Encounter velocity,v_inf_kms,20.0,1.2,3.7374860956618465,4.7,z,65,0.004,0.0,False
Encounter velocity,v_inf_kms,20.0,1.2,3.743047830923248,4.7,z,65,0.004,0.0,False
Encounter velocity,v_inf_kms,20.0,1.2,3.74860956618465,4.7,z,65,0.004,0.0,False
Encounter velocity,v_inf_kms,20.0,1.2,3.754171301446051,4.7,z,65,0.004,0.0,False
Encounter velocity,v_inf_kms,20.0,1.2,3.759733036707453,4.7,z,65,0.004,0.0,False
Encounter velocity,v_inf_kms,20.0,1.2,3.7652947719688545,4.7,z,65,0.004,0.0,False
Encounter velocity,v_inf_kms,20.0,1.2,3.770856507230256,4.7,z,65,0.004,0.0,False
Encounter velocity,v_inf_kms,20.0,1.2,3.7764182424916575,4.7,z,65,0.004,0.0,False
Encounter velocity,v_inf_kms,20.0,1.2,3.781979977753059,4.7,z,65,0.004,0.0,False
Encounter velocity,v_inf_kms,20.0,1.2,3.7875417130144604,4.7,z,65,0.004,0.0,False
Encounter velocity,v_inf_kms,20.0,1.2,3.793103448275862,4.7,z,65,0.004,0.0,False
Encounter velocity,v_inf_kms,20.0,1.2,3.798665183537264,4.7,z,65,0.004,0.0,False
Encounter velocity,v_inf_kms,20.0,1.2,3.8042269187986655,4.7,z,65,0.004,0.0,False
Encounter velocity,v_inf_kms,20.0,1.2,3.8097886540600667,4.7,z,65,0.004,0.0,False
Encounter velocity,v_inf_kms,20.0,1.2,3.8153503893214684,4.7,z,65,0.004,0.0,False
Encounter velocity,v_inf_kms,20.0,1.2,3.82091212458287,4.7,z,65,0.004,0.0,False
Encounter velocity,v_inf_kms,20.0,1.2,3.8264738598442714,4.7,z,65,0.004,0.0,False
Encounter velocity,v_inf_kms,20.0,1.2,3.832035595105673,4.7,z,65,0.004,0.0,False
Encounter velocity,v_inf_kms,20.0,1.2,3.8375973303670747,4.7,z,65,0.004,0.0,False
Encounter velocity,v_inf_kms,20.0,1.2,3.8431590656284764,4.7,z,65,0.004,0.0,False
Encounter velocity,v_inf_kms,20.0,1.2,3.8487208008898777,4.7,z,65,0.004,0.0,False
Encounter velocity,v_inf_kms,20.0,1.2,3.8542825361512794,4.7,z,65,0.004,0.0,False
Encounter velocity,v_inf_kms,20.0,1.2,3.859844271412681,4.7,z,65,0.004,0.0,False
Encounter velocity,v_inf_kms,20.0,1.2,3.8654060066740823,4.7,z,65,0.004,0.0,False
Encounter velocity,v_inf_kms,20.0,1.2,3.870967741935484,4.7,z,65,0.004,0.0,False
Encounter velocity,v_inf_kms,20.0,1.2,3.8765294771968857,4.7,z,65,0.004,0.0,False
Encounter velocity,v_inf_kms,20.0,1.2,3.882091212458287,4.7,z,65,0.004,0.0,False
Encounter velocity,v_inf_kms,20.0,1.2,3.8876529477196886,4.7,z,65,0.004,0.0,False
Encounter velocity,v_inf_kms,20.0,1.2,3.8932146829810903,4.7,z,65,0.004,0.0,False
Encounter velocity,v_inf_kms,20.0,1.2,3.898776418242492,4.7,z,65,0.004,0.0,False
Encounter velocity,v_inf_kms,20.0,1.2,3.9043381535038932,4.7,z,65,0.004,0.0,False
Encounter velocity,v_inf_kms,20.0,1.2,3.909899888765295,4.7,z,65,0.004,0.0,False
Encounter velocity,v_inf_kms,20.0,1.2,3.9154616240266966,4.7,z,65,0.004,0.0,False
Encounter velocity,v_inf_kms,20.0,1.2,3.921023359288098,4.7,z,65,0.004,0.0,False
Encounter velocity,v_inf_kms,20.0,1.2,3.9265850945494996,4.7,z,65,0.004,0.0,False
Encounter velocity,v_inf_kms,20.0,1.2,3.9321468298109012,4.7,z,65,0.004,0.0,False
Encounter velocity,v_inf_kms,20.0,1.2,3.9377085650723025,4.7,z,65,0.004,0.0,False
Encounter velocity,v_inf_kms,20.0,1.2,3.943270300333704,4.7,z,65,0.004,0.0,False
Encounter velocity,v_inf_kms,20.0,1.2,3.948832035595106,4.7,z,65,0.004,0.0,False
Encounter velocity,v_inf_kms,20.0,1.2,3.9543937708565076,4.7,z,65,0.004,0.0,False
Encounter velocity,v_inf_kms,20.0,1.2,3.959955506117909,4.7,z,65,0.004,0.0,False
Encounter velocity,v_inf_kms,20.0,1.2,3.9655172413793105,4.7,z,65,0.004,0.0,False
Encounter velocity,v_inf_kms,20.0,1.2,3.971078976640712,4.7,z,65,0.004,0.0,False
Encounter velocity,v_inf_kms,20.0,1.2,3.9766407119021134,4.7,z,65,0.004,0.0,False
Encounter velocity,v_inf_kms,20.0,1.2,3.982202447163515,4.7,z,65,0.004,0.0,False
Encounter velocity,v_inf_kms,20.0,1.2,3.987764182424917,4.7,z,65,0.004,0.0,False
Encounter velocity,v_inf_kms,20.0,1.2,3.993325917686318,4.7,z,65,0.004,0.0,False
Encounter velocity,v_inf_kms,20.0,1.2,3.9988876529477198,4.7,z,65,0.004,0.0,False
Encounter velocity,v_inf_kms,20.0,1.2,4.004449388209121,4.7,z,65,0.004,0.0,False
Encounter velocity,v_inf_kms,20.0,1.2,4.010011123470523,4.7,z,65,0.004,0.0,False
Encounter velocity,v_inf_kms,20.0,1.2,4.015572858731924,4.7,z,65,0.004,0.0,False
Encounter velocity,v_inf_kms,20.0,1.2,4.021134593993326,4.7,z,65,0.004,0.0,False
Encounter velocity,v_inf_kms,20.0,1.2,4.026696329254728,4.7,z,65,0.004,0.0,False
Encounter velocity,v_inf_kms,20.0,1.2,4.032258064516129,4.7,z,65,0.004,0.0,False
Encounter velocity,v_inf_kms,20.0,1.2,4.037819799777531,4.7,z,65,0.004,0.0,False
Encounter velocity,v_inf_kms,20.0,1.2,4.043381535038932,4.7,z,65,0.004,0.0,False
Encounter velocity,v_inf_kms,20.0,1.2,4.048943270300334,4.7,z,65,0.004,0.0,False
Encounter velocity,v_inf_kms,20.0,1.2,4.054505005561736,4.7,z,65,0.004,0.0,False
Encounter velocity,v_inf_kms,20.0,1.2,4.060066740823137,4.7,z,65,0.004,0.0,False
Encounter velocity,v_inf_kms,20.0,1.2,4.065628476084538,4.7,z,65,0.004,0.0,False
Encounter velocity,v_inf_kms,20.0,1.2,4.07119021134594,4.7,z,65,0.004,0.0,False
Encounter velocity,v_inf_kms,20.0,1.2,4.076751946607342,4.7,z,65,0.004,0.0,False
Encounter velocity,v_inf_kms,20.0,1.2,4.082313681868743,4.7,z,65,0.004,0.0,False
Encounter velocity,v_inf_kms,20.0,1.2,4.087875417130145,4.7,z,65,0.004,0.0,False
Encounter velocity,v_inf_kms,20.0,1.2,4.093437152391546,4.7,z,65,0.004,0.0,False
Encounter velocity,v_inf_kms,20.0,1.2,4.0989988876529475,4.7,z,65,0.004,0.0,False
Encounter velocity,v_inf_kms,20.0,1.2,4.10456062291435,4.7,z,65,0.004,0.0,False
Encounter velocity,v_inf_kms,20.0,1.2,4.110122358175751,4.7,z,65,0.004,0.0,False
Encounter velocity,v_inf_kms,20.0,1.2,4.115684093437152,4.7,z,65,0.004,0.0,False
Encounter velocity,v_inf_kms,20.0,1.2,4.121245828698554,4.7,z,65,0.004,0.0,False
Encounter velocity,v_inf_kms,20.0,1.2,4.1268075639599555,4.7,z,65,0.004,0.0,False
Encounter velocity,v_inf_kms,20.0,1.2,4.132369299221357,4.7,z,65,0.004,0.0,False
Encounter velocity,v_inf_kms,20.0,1.2,4.137931034482759,4.7,z,65,0.004,0.0,False
Encounter velocity,v_inf_kms,20.0,1.2,4.14349276974416,4.7,z,65,0.004,0.0,False
Encounter velocity,v_inf_kms,20.0,1.2,4.149054505005562,4.7,z,65,0.004,0.0,False
Encounter velocity,v_inf_kms,20.0,1.2,4.1546162402669635,4.7,z,65,0.004,0.0,False
Encounter velocity,v_inf_kms,20.0,1.2,4.160177975528365,4.7,z,65,0.004,0.0,False
Encounter velocity,v_inf_kms,20.0,1.2,4.165739710789767,4.7,z,65,0.004,0.0,False
Encounter velocity,v_inf_kms,20.0,1.2,4.171301446051168,4.7,z,65,0.004,0.0,False
Encounter velocity,v_inf_kms,20.0,1.2,4.176863181312569,4.7,z,65,0.004,0.0,False
Encounter velocity,v_inf_kms,20.0,1.2,4.1824249165739715,4.7,z,65,0.004,0.0,False
Encounter velocity,v_inf_kms,20.0,1.2,4.187986651835373,4.7,z,65,0.004,0.0,False
Encounter velocity,v_inf_kms,20.0,1.2,4.193548387096774,4.7,z,65,0.004,0.0,False
Encounter velocity,v_inf_kms,20.0,1.2,4.199110122358176,4.7,z,65,0.004,0.0,False
Encounter velocity,v_inf_kms,20.0,1.2,4.204671857619577,4.7,z,65,0.004,0.0,False
Encounter velocity,v_inf_kms,20.0,1.2,4.210233592880979,4.7,z,65,0.004,0.0,False
Encounter velocity,v_inf_kms,20.0,1.2,4.215795328142381,4.7,z,65,0.004,0.0,False
Encounter velocity,v_inf_kms,20.0,1.2,4.221357063403782,4.7,z,65,0.004,0.0,False
Encounter velocity,v_inf_kms,20.0,1.2,4.226918798665183,4.7,z,65,0.004,0.0,False
Encounter velocity,v_inf_kms,20.0,1.2,4.232480533926585,4.7,z,65,0.004,0.0,False
Encounter velocity,v_inf_kms,20.0,1.2,4.238042269187987,4.7,z,65,0.004,0.0,False
Encounter velocity,v_inf_kms,20.0,1.2,4.243604004449388,4.7,z,65,0.004,0.0,False
Encounter velocity,v_inf_kms,20.0,1.2,4.24916573971079,4.7,z,65,0.004,0.0,False
Encounter velocity,v_inf_kms,20.0,1.2,4.254727474972191,4.7,z,65,0.004,0.0,False
Encounter velocity,v_inf_kms,20.0,1.2,4.260289210233593,4.7,z,65,0.004,0.0,False
Encounter velocity,v_inf_kms,20.0,1.2,4.265850945494995,4.7,z,65,0.004,0.0,False
Encounter velocity,v_inf_kms,20.0,1.2,4.271412680756396,4.7,z,65,0.004,0.0,False
Encounter velocity,v_inf_kms,20.0,1.2,4.276974416017798,4.7,z,65,0.004,0.0,False
Encounter velocity,v_inf_kms,20.0,1.2,4.282536151279199,4.7,z,65,0.004,0.0,False
Encounter velocity,v_inf_kms,20.0,1.2,4.2880978865406005,4.7,z,65,0.004,0.0,False
Encounter velocity,v_inf_kms,20.0,1.2,4.293659621802003,4.7,z,65,0.004,0.0,False
Encounter velocity,v_inf_kms,20.0,1.2,4.299221357063404,4.7,z,65,0.004,0.0,False
Encounter velocity,v_inf_kms,20.0,1.2,4.304783092324805,4.7,z,65,0.004,0.0,False
Encounter velocity,v_inf_kms,20.0,1.2,4.310344827586207,4.7,z,65,0.004,0.0,False
Encounter velocity,v_inf_kms,20.0,1.2,4.3159065628476085,4.7,z,65,0.004,0.0,False
Encounter velocity,v_inf_kms,20.0,1.2,4.32146829810901,4.7,z,65,0.004,0.0,False
Encounter velocity,v_inf_kms,20.0,1.2,4.327030033370412,4.7,z,65,0.004,0.0,False
Encounter velocity,v_inf_kms,20.0,1.2,4.332591768631813,4.7,z,65,0.004,0.0,False
Encounter velocity,v_inf_kms,20.0,1.2,4.338153503893214,4.7,z,65,0.004,0.0,False
Encounter velocity,v_inf_kms,20.0,1.2,4.3437152391546165,4.7,z,65,0.004,0.0,False
Encounter velocity,v_inf_kms,20.0,1.2,4.349276974416018,4.7,z,65,0.004,0.0,False
Encounter velocity,v_inf_kms,20.0,1.2,4.35483870967742,4.7,z,65,0.004,0.0,False
Encounter velocity,v_inf_kms,20.0,1.2,4.360400444938821,4.7,z,65,0.004,0.0,False
Encounter velocity,v_inf_kms,20.0,1.2,4.365962180200222,4.7,z,65,0.004,0.0,False
Encounter velocity,v_inf_kms,20.0,1.2,4.3715239154616246,4.7,z,65,0.004,0.0,False
Encounter velocity,v_inf_kms,20.0,1.2,4.377085650723026,4.7,z,65,0.004,0.0,False
Encounter velocity,v_inf_kms,20.0,1.2,4.382647385984427,4.7,z,65,0.004,0.0,False
Encounter velocity,v_inf_kms,20.0,1.2,4.388209121245829,4.7,z,65,0.004,0.0,False
Encounter velocity,v_inf_kms,20.0,1.2,4.39377085650723,4.7,z,65,0.004,0.0,False
Encounter velocity,v_inf_kms,20.0,1.2,4.399332591768632,4.7,z,65,0.004,0.0,False
Encounter velocity,v_inf_kms,20.0,1.2,4.404894327030034,4.7,z,65,0.004,0.0,False
Encounter velocity,v_inf_kms,20.0,1.2,4.410456062291435,4.7,z,65,0.004,0.0,False
Encounter velocity,v_inf_kms,20.0,1.2,4.416017797552836,4.7,z,65,0.004,0.0,False
Encounter velocity,v_inf_kms,20.0,1.2,4.421579532814238,4.7,z,65,0.004,0.0,False
Encounter velocity,v_inf_kms,20.0,1.2,4.42714126807564,4.7,z,65,0.004,0.0,False
Encounter velocity,v_inf_kms,20.0,1.2,4.432703003337041,4.7,z,65,0.004,0.0,False
Encounter velocity,v_inf_kms,20.0,1.2,4.438264738598443,4.7,z,65,0.004,0.0,False
Encounter velocity,v_inf_kms,20.0,1.2,4.443826473859844,4.7,z,65,0.004,0.0,False
Encounter velocity,v_inf_kms,20.0,1.2,4.4493882091212456,4.7,z,65,0.004,0.0,False
Encounter velocity,v_inf_kms,20.0,1.2,4.454949944382648,4.7,z,65,0.004,0.0,False
Encounter velocity,v_inf_kms,20.0,1.2,4.460511679644049,4.7,z,65,0.004,0.0,False
Encounter velocity,v_inf_kms,20.0,1.2,4.466073414905451,4.7,z,65,0.004,0.0,False
Encounter velocity,v_inf_kms,20.0,1.2,4.471635150166852,4.7,z,65,0.004,0.0,False
Encounter velocity,v_inf_kms,20.0,1.2,4.477196885428254,4.7,z,65,0.004,0.0,False
Encounter velocity,v_inf_kms,20.0,1.2,4.482758620689656,4.7,z,65,0.004,0.0,False
Encounter velocity,v_inf_kms,20.0,1.2,4.488320355951057,4.7,z,65,0.004,0.0,False
Encounter velocity,v_inf_kms,20.0,1.2,4.493882091212458,4.7,z,65,0.004,0.0,False
Encounter velocity,v_inf_kms,20.0,1.2,4.49944382647386,4.7,z,65,0.004,0.0,False
Encounter velocity,v_inf_kms,20.0,1.2,4.505005561735262,4.7,z,65,0.004,0.0,False
Encounter velocity,v_inf_kms,20.0,1.2,4.510567296996663,4.7,z,65,0.004,0.0,False
Encounter velocity,v_inf_kms,20.0,1.2,4.516129032258065,4.7,z,65,0.004,0.0,False
Encounter velocity,v_inf_kms,20.0,1.2,4.521690767519466,4.7,z,65,0.004,0.0,False
Encounter velocity,v_inf_kms,20.0,1.2,4.527252502780867,4.7,z,65,0.004,0.0,False
Encounter velocity,v_inf_kms,20.0,1.2,4.53281423804227,4.7,z,65,0.004,0.0,False
Encounter velocity,v_inf_kms,20.0,1.2,4.538375973303671,4.7,z,65,0.004,0.0,False
Encounter velocity,v_inf_kms,20.0,1.2,4.543937708565072,4.7,z,65,0.004,0.0,False
Encounter velocity,v_inf_kms,20.0,1.2,4.549499443826474,4.7,z,65,0.004,0.0,False
Encounter velocity,v_inf_kms,20.0,1.2,4.5550611790878754,4.7,z,65,0.004,0.0,False
Encounter velocity,v_inf_kms,20.0,1.2,4.560622914349277,4.7,z,65,0.004,0.0,False
Encounter velocity,v_inf_kms,20.0,1.2,4.566184649610679,4.7,z,65,0.004,0.0,False
Encounter velocity,v_inf_kms,20.0,1.2,4.57174638487208,4.7,z,65,0.004,0.0,False
Encounter velocity,v_inf_kms,20.0,1.2,4.577308120133482,4.7,z,65,0.004,0.0,False
Encounter velocity,v_inf_kms,20.0,1.2,4.5828698553948835,4.7,z,65,0.004,0.0,False
Encounter velocity,v_inf_kms,20.0,1.2,4.588431590656285,4.7,z,65,0.004,0.0,False
Encounter velocity,v_inf_kms,20.0,1.2,4.593993325917687,4.7,z,65,0.004,0.0,False
Encounter velocity,v_inf_kms,20.0,1.2,4.599555061179088,4.7,z,65,0.004,0.0,False
Encounter velocity,v_inf_kms,20.0,1.2,4.605116796440489,4.7,z,65,0.004,0.0,False
Encounter velocity,v_inf_kms,20.0,1.2,4.6106785317018915,4.7,z,65,0.004,0.0,False
Encounter velocity,v_inf_kms,20.0,1.2,4.616240266963293,4.7,z,65,0.004,0.0,False
Encounter velocity,v_inf_kms,20.0,1.2,4.621802002224694,4.7,z,65,0.004,0.0,False
Encounter velocity,v_inf_kms,20.0,1.2,4.627363737486096,4.7,z,65,0.004,0.0,False
Encounter velocity,v_inf_kms,20.0,1.2,4.632925472747497,4.7,z,65,0.004,0.0,False
Encounter velocity,v_inf_kms,20.0,1.2,4.638487208008899,4.7,z,65,0.004,0.0,False
Encounter velocity,v_inf_kms,20.0,1.2,4.644048943270301,4.7,z,65,0.004,0.0,False
Encounter velocity,v_inf_kms,20.0,1.2,4.649610678531702,4.7,z,65,0.004,0.0,False
Encounter velocity,v_inf_kms,20.0,1.2,4.655172413793103,4.7,z,65,0.004,0.0,False
Encounter velocity,v_inf_kms,20.0,1.2,4.660734149054505,4.7,z,65,0.004,0.0,False
Encounter velocity,v_inf_kms,20.0,1.2,4.666295884315907,4.7,z,65,0.004,0.0,False
Encounter velocity,v_inf_kms,20.0,1.2,4.671857619577308,4.7,z,65,0.004,0.0,False
Encounter velocity,v_inf_kms,20.0,1.2,4.67741935483871,4.7,z,65,0.004,0.0,False
Encounter velocity,v_inf_kms,20.0,1.2,4.682981090100111,4.7,z,65,0.004,0.0,False
Encounter velocity,v_inf_kms,20.0,1.2,4.688542825361513,4.7,z,65,0.004,0.0,False
Encounter velocity,v_inf_kms,20.0,1.2,4.694104560622915,4.7,z,65,0.004,0.0,False
Encounter velocity,v_inf_kms,20.0,1.2,4.699666295884316,4.7,z,65,0.004,0.0,False
Encounter velocity,v_inf_kms,20.0,1.2,4.705228031145718,4.7,z,65,0.004,0.0,False
Encounter velocity,v_inf_kms,20.0,1.2,4.710789766407119,4.7,z,65,0.004,0.0,False
Encounter velocity,v_inf_kms,20.0,1.2,4.7163515016685205,4.7,z,65,0.004,0.0,False
Encounter velocity,v_inf_kms,20.0,1.2,4.721913236929923,4.7,z,65,0.004,0.0,False
Encounter velocity,v_inf_kms,20.0,1.2,4.727474972191324,4.7,z,65,0.004,0.0,False
Encounter velocity,v_inf_kms,20.0,1.2,4.733036707452725,4.7,z,65,0.004,0.0,False
Encounter velocity,v_inf_kms,20.0,1.2,4.738598442714127,4.7,z,65,0.004,0.0,False
Encounter velocity,v_inf_kms,20.0,1.2,4.7441601779755285,4.7,z,65,0.004,0.0,False
Encounter velocity,v_inf_kms,20.0,1.2,4.74972191323693,4.7,z,65,0.004,0.0,False
Encounter velocity,v_inf_kms,20.0,1.2,4.755283648498332,4.7,z,65,0.004,0.0,False
Encounter velocity,v_inf_kms,20.0,1.2,4.760845383759733,4.7,z,65,0.004,0.0,False
Encounter velocity,v_inf_kms,20.0,1.2,4.766407119021134,4.7,z,65,0.004,0.0,False
Encounter velocity,v_inf_kms,20.0,1.2,4.7719688542825365,4.7,z,65,0.004,0.0,False
Encounter velocity,v_inf_kms,20.0,1.2,4.777530589543938,4.7,z,65,0.004,0.0,False
Encounter velocity,v_inf_kms,20.0,1.2,4.78309232480534,4.7,z,65,0.004,0.0,False
Encounter velocity,v_inf_kms,20.0,1.2,4.788654060066741,4.7,z,65,0.004,0.0,False
Encounter velocity,v_inf_kms,20.0,1.2,4.794215795328142,4.7,z,65,0.004,0.0,False
Encounter velocity,v_inf_kms,20.0,1.2,4.7997775305895445,4.7,z,65,0.004,0.0,False
Encounter velocity,v_inf_kms,20.0,1.2,4.805339265850946,4.7,z,65,0.004,0.0,False
Encounter velocity,v_inf_kms,20.0,1.2,4.810901001112347,4.7,z,65,0.004,0.0,False
Encounter velocity,v_inf_kms,20.0,1.2,4.816462736373749,4.7,z,65,0.004,0.0,False
Encounter velocity,v_inf_kms,20.0,1.2,4.82202447163515,4.7,z,65,0.004,0.0,False
Encounter velocity,v_inf_kms,20.0,1.2,4.827586206896552,4.7,z,65,0.004,0.0,False
Encounter velocity,v_inf_kms,20.0,1.2,4.833147942157954,4.7,z,65,0.004,0.0,False
Encounter velocity,v_inf_kms,20.0,1.2,4.838709677419355,4.7,z,65,0.004,0.0,False
Encounter velocity,v_inf_kms,20.0,1.2,4.844271412680756,4.7,z,65,0.004,0.0,False
Encounter velocity,v_inf_kms,20.0,1.2,4.849833147942158,4.7,z,65,0.004,0.0,False
Encounter velocity,v_inf_kms,20.0,1.2,4.85539488320356,4.7,z,65,0.004,0.0,False
Encounter velocity,v_inf_kms,20.0,1.2,4.860956618464961,4.7,z,65,0.004,0.0,False
Encounter velocity,v_inf_kms,20.0,1.2,4.866518353726363,4.7,z,65,0.004,0.0,False
Encounter velocity,v_inf_kms,20.0,1.2,4.872080088987764,4.7,z,65,0.004,0.0,False
Encounter velocity,v_inf_kms,20.0,1.2,4.8776418242491655,4.7,z,65,0.004,0.0,False
Encounter velocity,v_inf_kms,20.0,1.2,4.883203559510568,4.7,z,65,0.004,0.0,False
Encounter velocity,v_inf_kms,20.0,1.2,4.888765294771969,4.7,z,65,0.004,0.0,False
Encounter velocity,v_inf_kms,20.0,1.2,4.894327030033371,4.7,z,65,0.004,0.0,False
Encounter velocity,v_inf_kms,20.0,1.2,4.899888765294772,4.7,z,65,0.004,0.0,False
Encounter velocity,v_inf_kms,20.0,1.2,4.9054505005561735,4.7,z,65,0.004,0.0,False
Encounter velocity,v_inf_kms,20.0,1.2,4.911012235817576,4.7,z,65,0.004,0.0,False
Encounter velocity,v_inf_kms,20.0,1.2,4.916573971078977,4.7,z,65,0.004,0.0,False
Encounter velocity,v_inf_kms,20.0,1.2,4.922135706340378,4.7,z,65,0.004,0.0,False
Encounter velocity,v_inf_kms,20.0,1.2,4.92769744160178,4.7,z,65,0.004,0.0,False
Encounter velocity,v_inf_kms,20.0,1.2,4.9332591768631815,4.7,z,65,0.004,0.0,False
Encounter velocity,v_inf_kms,20.0,1.2,4.938820912124583,4.7,z,65,0.004,0.0,False
Encounter velocity,v_inf_kms,20.0,1.2,4.944382647385985,4.7,z,65,0.004,0.0,False
Encounter velocity,v_inf_kms,20.0,1.2,4.949944382647386,4.7,z,65,0.004,0.0,False
Encounter velocity,v_inf_kms,20.0,1.2,4.955506117908787,4.7,z,65,0.004,0.0,False
Encounter velocity,v_inf_kms,20.0,1.2,4.9610678531701895,4.7,z,65,0.004,0.0,False
Encounter velocity,v_inf_kms,20.0,1.2,4.966629588431591,4.7,z,65,0.004,0.0,False
Encounter velocity,v_inf_kms,20.0,1.2,4.972191323692992,4.7,z,65,0.004,0.0,False
Encounter velocity,v_inf_kms,20.0,1.2,4.977753058954394,4.7,z,65,0.004,0.0,False
Encounter velocity,v_inf_kms,20.0,1.2,4.983314794215795,4.7,z,65,0.004,0.0,False
Encounter velocity,v_inf_kms,20.0,1.2,4.988876529477197,4.7,z,65,0.004,0.0,False
Encounter velocity,v_inf_kms,20.0,1.2,4.994438264738599,4.7,z,65,0.004,0.0,False
Encounter velocity,v_inf_kms,20.0,1.2,5.0,4.7,z,65,0.004,0.0,False
Asteroid mass,mass_log10_kg,16.0,1.2,0.0,4.7,z,65,0.004,0.07180481678403516,False
Asteroid mass,mass_log10_kg,16.008898776418242,1.2,0.0,4.7,z,65,0.004,0.07180481678403516,False
Asteroid mass,mass_log10_kg,16.017797552836484,1.2,0.0,4.7,z,65,0.004,0.07180481678403516,False
Asteroid mass,mass_log10_kg,16.026696329254726,1.2,0.0,4.7,z,65,0.004,0.07180481678403516,False
Asteroid mass,mass_log10_kg,16.03559510567297,1.2,0.0,4.7,z,65,0.004,0.07180481678403516,False
Asteroid mass,mass_log10_kg,16.044493882091214,1.2,0.0,4.7,z,65,0.004,0.07180481678403516,False
Asteroid mass,mass_log10_kg,16.053392658509456,1.2,0.0,4.7,z,65,0.004,0.07180481678403516,False
Asteroid mass,mass_log10_kg,16.062291434927698,1.2,0.0,4.7,z,65,0.004,0.07180481678403516,False
Asteroid mass,mass_log10_kg,16.07119021134594,1.2,0.0,4.7,z,65,0.004,0.07180481678403516,False
Asteroid mass,mass_log10_kg,16.08008898776418,1.2,0.0,4.7,z,65,0.004,0.07180481678403516,False
Asteroid mass,mass_log10_kg,16.088987764182423,1.2,0.0,4.7,z,65,0.004,0.07180481678403516,False
Asteroid mass,mass_log10_kg,16.09788654060067,1.2,0.0,4.7,z,65,0.004,0.07180481678403516,False
Asteroid mass,mass_log10_kg,16.10678531701891,1.2,0.0,4.7,z,65,0.004,0.07180481678403516,False
Asteroid mass,mass_log10_kg,16.115684093437153,1.2,0.0,4.7,z,65,0.004,0.07180481678403516,False
Asteroid mass,mass_log10_kg,16.124582869855395,1.2,0.0,4.7,z,65,0.004,0.07180481678403516,False
Asteroid mass,mass_log10_kg,16.133481646273637,1.2,0.0,4.7,z,65,0.004,0.07180481678403516,False
Asteroid mass,mass_log10_kg,16.14238042269188,1.2,0.0,4.7,z,65,0.004,0.07180481678403516,False
Asteroid mass,mass_log10_kg,16.15127919911012,1.2,0.0,4.7,z,65,0.004,0.07180481678403516,False
Asteroid mass,mass_log10_kg,16.160177975528367,1.2,0.0,4.7,z,65,0.004,0.07180481678403516,False
Asteroid mass,mass_log10_kg,16.16907675194661,1.2,0.0,4.7,z,65,0.004,0.07180481678403516,False
Asteroid mass,mass_log10_kg,16.17797552836485,1.2,0.0,4.7,z,65,0.004,0.07180481678403516,False
Asteroid mass,mass_log10_kg,16.186874304783093,1.2,0.0,4.7,z,65,0.004,0.07180481678403516,False
Asteroid mass,mass_log10_kg,16.195773081201335,1.2,0.0,4.7,z,65,0.004,0.07180481678403516,False
Asteroid mass,mass_log10_kg,16.204671857619577,1.2,0.0,4.7,z,65,0.004,0.07180481678403516,False
Asteroid mass,mass_log10_kg,16.21357063403782,1.2,0.0,4.7,z,65,0.004,0.07180481678403516,False
Asteroid mass,mass_log10_kg,16.222469410456064,1.2,0.0,4.7,z,65,0.004,0.07180481678403516,False
Asteroid mass,mass_log10_kg,16.231368186874306,1.2,0.0,4.7,z,65,0.004,0.07180481678403516,False
Asteroid mass,mass_log10_kg,16.240266963292548,1.2,0.0,4.7,z,65,0.004,0.07180481678403516,False
Asteroid mass,mass_log10_kg,16.24916573971079,1.2,0.0,4.7,z,65,0.004,0.07180481678403516,False
Asteroid mass,mass_log10_kg,16.258064516129032,1.2,0.0,4.7,z,65,0.004,0.07180481678403516,False
Asteroid mass,mass_log10_kg,16.266963292547274,1.2,0.0,4.7,z,65,0.004,0.07180481678403516,False
Asteroid mass,mass_log10_kg,16.275862068965516,1.2,0.0,4.7,z,65,0.004,0.07180481678403516,False
Asteroid mass,mass_log10_kg,16.284760845383758,1.2,0.0,4.7,z,65,0.004,0.07180481678403516,False
Asteroid mass,mass_log10_kg,16.293659621802004,1.2,0.0,4.7,z,65,0.004,0.07180481678403516,False
Asteroid mass,mass_log10_kg,16.302558398220246,1.2,0.0,4.7,z,65,0.004,0.07180481678403516,False
Asteroid mass,mass_log10_kg,16.311457174638488,1.2,0.0,4.7,z,65,0.004,0.07180481678403516,False
Asteroid mass,mass_log10_kg,16.32035595105673,1.2,0.0,4.7,z,65,0.004,0.07180481678403516,False
Asteroid mass,mass_log10_kg,16.32925472747497,1.2,0.0,4.7,z,65,0.004,0.07180481678403516,False
Asteroid mass,mass_log10_kg,16.338153503893214,1.2,0.0,4.7,z,65,0.004,0.07180481678403516,False
Asteroid mass,mass_log10_kg,16.347052280311456,1.2,0.0,4.7,z,65,0.004,0.07180481678403516,False
Asteroid mass,mass_log10_kg,16.3559510567297,1.2,0.0,4.7,z,65,0.004,0.07180481678403516,False
Asteroid mass,mass_log10_kg,16.364849833147943,1.2,0.0,4.7,z,65,0.004,0.07180481678403516,False
Asteroid mass,mass_log10_kg,16.373748609566185,1.2,0.0,4.7,z,65,0.004,0.07180481678403516,False
Asteroid mass,mass_log10_kg,16.382647385984427,1.2,0.0,4.7,z,65,0.004,0.07180481678403516,False
Asteroid mass,mass_log10_kg,16.39154616240267,1.2,0.0,4.7,z,65,0.004,0.07180481678403516,False
Asteroid mass,mass_log10_kg,16.40044493882091,1.2,0.0,4.7,z,65,0.004,0.07180481678403516,False
Asteroid mass,mass_log10_kg,16.409343715239153,1.2,0.0,4.7,z,65,0.004,0.07180481678403516,False
Asteroid mass,mass_log10_kg,16.4182424916574,1.2,0.0,4.7,z,65,0.004,0.07180481678403516,False
Asteroid mass,mass_log10_kg,16.42714126807564,1.2,0.0,4.7,z,65,0.004,0.07180481678403516,False
Asteroid mass,mass_log10_kg,16.436040044493883,1.2,0.0,4.7,z,65,0.004,0.07180481678403516,False
Asteroid mass,mass_log10_kg,16.444938820912125,1.2,0.0,4.7,z,65,0.004,0.07180481678403516,False
Asteroid mass,mass_log10_kg,16.453837597330367,1.2,0.0,4.7,z,65,0.004,0.07180481678403516,False
Asteroid mass,mass_log10_kg,16.46273637374861,1.2,0.0,4.7,z,65,0.004,0.07180481678403516,False
Asteroid mass,mass_log10_kg,16.47163515016685,1.2,0.0,4.7,z,65,0.004,0.07180481678403516,False
Asteroid mass,mass_log10_kg,16.480533926585096,1.2,0.0,4.7,z,65,0.004,0.07180481678403516,False
Asteroid mass,mass_log10_kg,16.489432703003338,1.2,0.0,4.7,z,65,0.004,0.07180481678403516,False
Asteroid mass,mass_log10_kg,16.49833147942158,1.2,0.0,4.7,z,65,0.004,0.07180481678403516,False
Asteroid mass,mass_log10_kg,16.507230255839822,1.2,0.0,4.7,z,65,0.004,0.07180481678403516,False
Asteroid mass,mass_log10_kg,16.516129032258064,1.2,0.0,4.7,z,65,0.004,0.07180481678403516,False
Asteroid mass,mass_log10_kg,16.525027808676306,1.2,0.0,4.7,z,65,0.004,0.07180481678403516,False
Asteroid mass,mass_log10_kg,16.533926585094548,1.2,0.0,4.7,z,65,0.004,0.07180481678403516,False
Asteroid mass,mass_log10_kg,16.542825361512794,1.2,0.0,4.7,z,65,0.004,0.07180481678403516,False
Asteroid mass,mass_log10_kg,16.551724137931036,1.2,0.0,4.7,z,65,0.004,0.07180481678403516,False
Asteroid mass,mass_log10_kg,16.560622914349278,1.2,0.0,4.7,z,65,0.004,0.07180481678403516,False
Asteroid mass,mass_log10_kg,16.56952169076752,1.2,0.0,4.7,z,65,0.004,0.07180481678403516,False
Asteroid mass,mass_log10_kg,16.57842046718576,1.2,0.0,4.7,z,65,0.004,0.07180481678403516,False
Asteroid mass,mass_log10_kg,16.587319243604004,1.2,0.0,4.7,z,65,0.004,0.07180481678403516,False
Asteroid mass,mass_log10_kg,16.596218020022246,1.2,0.0,4.7,z,65,0.004,0.07180481678403516,False
Asteroid mass,mass_log10_kg,16.60511679644049,1.2,0.0,4.7,z,65,0.004,0.07180481678403516,False
Asteroid mass,mass_log10_kg,16.614015572858733,1.2,0.0,4.7,z,65,0.004,0.07180481678403516,False
Asteroid mass,mass_log10_kg,16.622914349276975,1.2,0.0,4.7,z,65,0.004,0.07180481678403516,False
Asteroid mass,mass_log10_kg,16.631813125695217,1.2,0.0,4.7,z,65,0.004,0.07180481678403516,False
Asteroid mass,mass_log10_kg,16.64071190211346,1.2,0.0,4.7,z,65,0.004,0.07180481678403516,False
Asteroid mass,mass_log10_kg,16.6496106785317,1.2,0.0,4.7,z,65,0.004,0.07180481678403516,False
Asteroid mass,mass_log10_kg,16.658509454949943,1.2,0.0,4.7,z,65,0.004,0.07180481678403516,False
Asteroid mass,mass_log10_kg,16.667408231368185,1.2,0.0,4.7,z,65,0.004,0.07180481678403516,False
Asteroid mass,mass_log10_kg,16.67630700778643,1.2,0.0,4.7,z,65,0.004,0.07180481678403516,False
Asteroid mass,mass_log10_kg,16.685205784204673,1.2,0.0,4.7,z,65,0.004,0.07180481678403516,False
Asteroid mass,mass_log10_kg,16.694104560622915,1.2,0.0,4.7,z,65,0.004,0.07180481678403516,False
Asteroid mass,mass_log10_kg,16.703003337041157,1.2,0.0,4.7,z,65,0.004,0.07180481678403516,False
Asteroid mass,mass_log10_kg,16.7119021134594,1.2,0.0,4.7,z,65,0.004,0.07180481678403516,False
Asteroid mass,mass_log10_kg,16.72080088987764,1.2,0.0,4.7,z,65,0.004,0.07180481678403516,False
Asteroid mass,mass_log10_kg,16.729699666295886,1.2,0.0,4.7,z,65,0.004,0.07180481678403516,False
Asteroid mass,mass_log10_kg,16.738598442714128,1.2,0.0,4.7,z,65,0.004,0.07180481678403516,False
Asteroid mass,mass_log10_kg,16.74749721913237,1.2,0.0,4.7,z,65,0.004,0.07180481678403516,False
Asteroid mass,mass_log10_kg,16.756395995550612,1.2,0.0,4.7,z,65,0.004,0.07180481678403516,False
Asteroid mass,mass_log10_kg,16.765294771968854,1.2,0.0,4.7,z,65,0.004,0.07180481678403516,False
Asteroid mass,mass_log10_kg,16.774193548387096,1.2,0.0,4.7,z,65,0.004,0.07180481678403516,False
Asteroid mass,mass_log10_kg,16.783092324805338,1.2,0.0,4.7,z,65,0.004,0.07180481678403516,False
Asteroid mass,mass_log10_kg,16.79199110122358,1.2,0.0,4.7,z,65,0.004,0.07180481678403516,False
Asteroid mass,mass_log10_kg,16.800889877641826,1.2,0.0,4.7,z,65,0.004,0.07180481678403516,False
Asteroid mass,mass_log10_kg,16.809788654060068,1.2,0.0,4.7,z,65,0.004,0.07180481678403516,False
Asteroid mass,mass_log10_kg,16.81868743047831,1.2,0.0,4.7,z,65,0.004,0.07180481678403516,False
Asteroid mass,mass_log10_kg,16.82758620689655,1.2,0.0,4.7,z,65,0.004,0.07180481678403516,False
Asteroid mass,mass_log10_kg,16.836484983314794,1.2,0.0,4.7,z,65,0.004,0.07180481678403516,False
Asteroid mass,mass_log10_kg,16.845383759733036,1.2,0.0,4.7,z,65,0.004,0.07180481678403516,False
Asteroid mass,mass_log10_kg,16.854282536151278,1.2,0.0,4.7,z,65,0.004,0.07180481678403516,False
Asteroid mass,mass_log10_kg,16.863181312569523,1.2,0.0,4.7,z,65,0.004,0.07180481678403516,False
Asteroid mass,mass_log10_kg,16.872080088987765,1.2,0.0,4.7,z,65,0.004,0.07180481678403516,False
Asteroid mass,mass_log10_kg,16.880978865406007,1.2,0.0,4.7,z,65,0.004,0.07180481678403516,False
Asteroid mass,mass_log10_kg,16.88987764182425,1.2,0.0,4.7,z,65,0.004,0.07180481678403516,False
Asteroid mass,mass_log10_kg,16.89877641824249,1.2,0.0,4.7,z,65,0.004,0.07180481678403516,False
Asteroid mass,mass_log10_kg,16.907675194660733,1.2,0.0,4.7,z,65,0.004,0.07180481678403516,False
Asteroid mass,mass_log10_kg,16.916573971078975,1.2,0.0,4.7,z,65,0.004,0.07180481678403516,False
Asteroid mass,mass_log10_kg,16.92547274749722,1.2,0.0,4.7,z,65,0.004,0.07180481678403516,False
Asteroid mass,mass_log10_kg,16.934371523915463,1.2,0.0,4.7,z,65,0.004,0.07180481678403516,False
Asteroid mass,mass_log10_kg,16.943270300333705,1.2,0.0,4.7,z,65,0.004,0.07180481678403516,False
Asteroid mass,mass_log10_kg,16.952169076751947,1.2,0.0,4.7,z,65,0.004,0.07180481678403516,False
Asteroid mass,mass_log10_kg,16.96106785317019,1.2,0.0,4.7,z,65,0.004,0.07180481678403516,False
Asteroid mass,mass_log10_kg,16.96996662958843,1.2,0.0,4.7,z,65,0.004,0.07180481678403516,False
Asteroid mass,mass_log10_kg,16.978865406006673,1.2,0.0,4.7,z,65,0.004,0.07180481678403516,False
Asteroid mass,mass_log10_kg,16.987764182424918,1.2,0.0,4.7,z,65,0.004,0.07180481678403516,False
Asteroid mass,mass_log10_kg,16.99666295884316,1.2,0.0,4.7,z,65,0.004,0.07180481678403516,False
Asteroid mass,mass_log10_kg,17.005561735261402,1.2,0.0,4.7,z,65,0.004,0.07180481678403516,False
Asteroid mass,mass_log10_kg,17.014460511679644,1.2,0.0,4.7,z,65,0.004,0.07180481678403516,False
Asteroid mass,mass_log10_kg,17.023359288097886,1.2,0.0,4.7,z,65,0.004,0.07180481678403516,False
Asteroid mass,mass_log10_kg,17.032258064516128,1.2,0.0,4.7,z,65,0.004,0.07180481678403516,False
Asteroid mass,mass_log10_kg,17.04115684093437,1.2,0.0,4.7,z,65,0.004,0.07180481678403516,False
Asteroid mass,mass_log10_kg,17.050055617352616,1.2,0.0,4.7,z,65,0.004,0.07180481678403516,False
Asteroid mass,mass_log10_kg,17.058954393770858,1.2,0.0,4.7,z,65,0.004,0.07180481678403516,False
Asteroid mass,mass_log10_kg,17.0678531701891,1.2,0.0,4.7,z,65,0.004,0.07180481678403516,False
Asteroid mass,mass_log10_kg,17.07675194660734,1.2,0.0,4.7,z,65,0.004,0.07180481678403516,False
Asteroid mass,mass_log10_kg,17.085650723025584,1.2,0.0,4.7,z,65,0.004,0.07180481678403516,False
Asteroid mass,mass_log10_kg,17.094549499443826,1.2,0.0,4.7,z,65,0.004,0.07180481678403516,False
Asteroid mass,mass_log10_kg,17.103448275862068,1.2,0.0,4.7,z,65,0.004,0.07180481678403516,False
Asteroid mass,mass_log10_kg,17.112347052280313,1.2,0.0,4.7,z,65,0.004,0.07180481678403516,False
Asteroid mass,mass_log10_kg,17.121245828698555,1.2,0.0,4.7,z,65,0.004,0.07180481678403516,False
Asteroid mass,mass_log10_kg,17.130144605116797,1.2,0.0,4.7,z,65,0.004,0.07180481678403516,False
Asteroid mass,mass_log10_kg,17.13904338153504,1.2,0.0,4.7,z,65,0.004,0.07180481678403516,False
Asteroid mass,mass_log10_kg,17.14794215795328,1.2,0.0,4.7,z,65,0.004,0.07180481678403516,False
Asteroid mass,mass_log10_kg,17.156840934371523,1.2,0.0,4.7,z,65,0.004,0.07180481678403516,False
Asteroid mass,mass_log10_kg,17.165739710789765,1.2,0.0,4.7,z,65,0.004,0.07180481678403516,False
Asteroid mass,mass_log10_kg,17.174638487208007,1.2,0.0,4.7,z,65,0.004,0.07180481678403516,False
Asteroid mass,mass_log10_kg,17.183537263626253,1.2,0.0,4.7,z,65,0.004,0.07180481678403516,False
Asteroid mass,mass_log10_kg,17.192436040044495,1.2,0.0,4.7,z,65,0.004,0.07180481678403516,False
Asteroid mass,mass_log10_kg,17.201334816462737,1.2,0.0,4.7,z,65,0.004,0.07180481678403516,False
Asteroid mass,mass_log10_kg,17.21023359288098,1.2,0.0,4.7,z,65,0.004,0.07180481678403516,False
Asteroid mass,mass_log10_kg,17.21913236929922,1.2,0.0,4.7,z,65,0.004,0.07180481678403516,False
Asteroid mass,mass_log10_kg,17.228031145717463,1.2,0.0,4.7,z,65,0.004,0.07180481678403516,False
Asteroid mass,mass_log10_kg,17.236929922135708,1.2,0.0,4.7,z,65,0.004,0.07180481678403516,False
Asteroid mass,mass_log10_kg,17.24582869855395,1.2,0.0,4.7,z,65,0.004,0.07180481678403516,False
Asteroid mass,mass_log10_kg,17.254727474972192,1.2,0.0,4.7,z,65,0.004,0.07180481678403516,False
Asteroid mass,mass_log10_kg,17.263626251390434,1.2,0.0,4.7,z,65,0.004,0.07180481678403516,False
Asteroid mass,mass_log10_kg,17.272525027808676,1.2,0.0,4.7,z,65,0.004,0.07180481678403516,False
Asteroid mass,mass_log10_kg,17.281423804226918,1.2,0.0,4.7,z,65,0.004,0.07180481678403516,False
Asteroid mass,mass_log10_kg,17.29032258064516,1.2,0.0,4.7,z,65,0.004,0.07180481678403516,False
Asteroid mass,mass_log10_kg,17.299221357063402,1.2,0.0,4.7,z,65,0.004,0.07180481678403516,False
Asteroid mass,mass_log10_kg,17.308120133481648,1.2,0.0,4.7,z,65,0.004,0.07180481678403516,False
Asteroid mass,mass_log10_kg,17.31701890989989,1.2,0.0,4.7,z,65,0.004,0.07180481678403516,False
Asteroid mass,mass_log10_kg,17.32591768631813,1.2,0.0,4.7,z,65,0.004,0.07180481678403516,False
Asteroid mass,mass_log10_kg,17.334816462736374,1.2,0.0,4.7,z,65,0.004,0.07180481678403516,False
Asteroid mass,mass_log10_kg,17.343715239154616,1.2,0.0,4.7,z,65,0.004,0.07180481678403516,False
Asteroid mass,mass_log10_kg,17.352614015572858,1.2,0.0,4.7,z,65,0.004,0.07180481678403516,False
Asteroid mass,mass_log10_kg,17.3615127919911,1.2,0.0,4.7,z,65,0.004,0.07180481678403516,False
Asteroid mass,mass_log10_kg,17.370411568409345,1.2,0.0,4.7,z,65,0.004,0.07180481678403516,False
Asteroid mass,mass_log10_kg,17.379310344827587,1.2,0.0,4.7,z,65,0.004,0.07180481678403516,False
Asteroid mass,mass_log10_kg,17.38820912124583,1.2,0.0,4.7,z,65,0.004,0.07180481678403516,False
Asteroid mass,mass_log10_kg,17.39710789766407,1.2,0.0,4.7,z,65,0.004,0.07180481678403516,False
Asteroid mass,mass_log10_kg,17.406006674082313,1.2,0.0,4.7,z,65,0.004,0.07180481678403516,False
Asteroid mass,mass_log10_kg,17.414905450500555,1.2,0.0,4.7,z,65,0.004,0.07180481678403516,False
Asteroid mass,mass_log10_kg,17.423804226918797,1.2,0.0,4.7,z,65,0.004,0.07180481678403516,False
Asteroid mass,mass_log10_kg,17.432703003337043,1.2,0.0,4.7,z,65,0.004,0.07180481678403516,False
Asteroid mass,mass_log10_kg,17.441601779755285,1.2,0.0,4.7,z,65,0.004,0.07180481678403516,False
Asteroid mass,mass_log10_kg,17.450500556173527,1.2,0.0,4.7,z,65,0.004,0.07180481678403516,False
Asteroid mass,mass_log10_kg,17.45939933259177,1.2,0.0,4.7,z,65,0.004,0.07180481678403516,False
Asteroid mass,mass_log10_kg,17.46829810901001,1.2,0.0,4.7,z,65,0.004,0.07180481678403516,False
Asteroid mass,mass_log10_kg,17.477196885428253,1.2,0.0,4.7,z,65,0.004,0.07180481678403516,False
Asteroid mass,mass_log10_kg,17.486095661846495,1.2,0.0,4.7,z,65,0.004,0.07180481678403516,False
Asteroid mass,mass_log10_kg,17.49499443826474,1.2,0.0,4.7,z,65,0.004,0.07180481678403516,False
Asteroid mass,mass_log10_kg,17.503893214682982,1.2,0.0,4.7,z,65,0.004,0.07180481678403516,False
Asteroid mass,mass_log10_kg,17.512791991101224,1.2,0.0,4.7,z,65,0.004,0.07180481678403516,False
Asteroid mass,mass_log10_kg,17.521690767519466,1.2,0.0,4.7,z,65,0.004,0.07180481678403516,False
Asteroid mass,mass_log10_kg,17.530589543937708,1.2,0.0,4.7,z,65,0.004,0.07180481678403516,False
Asteroid mass,mass_log10_kg,17.53948832035595,1.2,0.0,4.7,z,65,0.004,0.07180481678403516,False
Asteroid mass,mass_log10_kg,17.548387096774192,1.2,0.0,4.7,z,65,0.004,0.07180481678403516,False
Asteroid mass,mass_log10_kg,17.557285873192434,1.2,0.0,4.7,z,65,0.004,0.07180481678403516,False
Asteroid mass,mass_log10_kg,17.56618464961068,1.2,0.0,4.7,z,65,0.004,0.07180481678403516,False
Asteroid mass,mass_log10_kg,17.57508342602892,1.2,0.0,4.7,z,65,0.004,0.07180481678403516,False
Asteroid mass,mass_log10_kg,17.583982202447164,1.2,0.0,4.7,z,65,0.004,0.07180481678403516,False
Asteroid mass,mass_log10_kg,17.592880978865406,1.2,0.0,4.7,z,65,0.004,0.07180481678403516,False
Asteroid mass,mass_log10_kg,17.601779755283648,1.2,0.0,4.7,z,65,0.004,0.07180481678403516,False
Asteroid mass,mass_log10_kg,17.61067853170189,1.2,0.0,4.7,z,65,0.004,0.07180481678403516,False
Asteroid mass,mass_log10_kg,17.619577308120135,1.2,0.0,4.7,z,65,0.004,0.07180481678403516,False
Asteroid mass,mass_log10_kg,17.628476084538377,1.2,0.0,4.7,z,65,0.004,0.07180481678403516,False
Asteroid mass,mass_log10_kg,17.63737486095662,1.2,0.0,4.7,z,65,0.004,0.07180481678403516,False
Asteroid mass,mass_log10_kg,17.64627363737486,1.2,0.0,4.7,z,65,0.004,0.07180481678403516,False
Asteroid mass,mass_log10_kg,17.655172413793103,1.2,0.0,4.7,z,65,0.004,0.07180481678403516,False
Asteroid mass,mass_log10_kg,17.664071190211345,1.2,0.0,4.7,z,65,0.004,0.07180481678403516,False
Asteroid mass,mass_log10_kg,17.672969966629587,1.2,0.0,4.7,z,65,0.004,0.07180481678403516,False
Asteroid mass,mass_log10_kg,17.68186874304783,1.2,0.0,4.7,z,65,0.004,0.07180481678403516,False
Asteroid mass,mass_log10_kg,17.690767519466075,1.2,0.0,4.7,z,65,0.004,0.07180481678403516,False
Asteroid mass,mass_log10_kg,17.699666295884317,1.2,0.0,4.7,z,65,0.004,0.07180481678403516,False
Asteroid mass,mass_log10_kg,17.70856507230256,1.2,0.0,4.7,z,65,0.004,0.07180481678403516,False
Asteroid mass,mass_log10_kg,17.7174638487208,1.2,0.0,4.7,z,65,0.004,0.07180481678403516,False
Asteroid mass,mass_log10_kg,17.726362625139043,1.2,0.0,4.7,z,65,0.004,0.07180481678403516,False
Asteroid mass,mass_log10_kg,17.735261401557285,1.2,0.0,4.7,z,65,0.004,0.07180481678403516,False
Asteroid mass,mass_log10_kg,17.744160177975527,1.2,0.0,4.7,z,65,0.004,0.07180481678403516,False
Asteroid mass,mass_log10_kg,17.753058954393772,1.2,0.0,4.7,z,65,0.004,0.07180481678403516,False
Asteroid mass,mass_log10_kg,17.761957730812014,1.2,0.0,4.7,z,65,0.004,0.07180481678403516,False
Asteroid mass,mass_log10_kg,17.770856507230256,1.2,0.0,4.7,z,65,0.004,0.07180481678403516,False
Asteroid mass,mass_log10_kg,17.779755283648498,1.2,0.0,4.7,z,65,0.004,0.07180481678403516,False
Asteroid mass,mass_log10_kg,17.78865406006674,1.2,0.0,4.7,z,65,0.004,0.07180481678403516,False
Asteroid mass,mass_log10_kg,17.797552836484982,1.2,0.0,4.7,z,65,0.004,0.07180481678403516,False
Asteroid mass,mass_log10_kg,17.806451612903224,1.2,0.0,4.7,z,65,0.004,0.07180481678403516,False
Asteroid mass,mass_log10_kg,17.81535038932147,1.2,0.0,4.7,z,65,0.004,0.07180481678403516,False
Asteroid mass,mass_log10_kg,17.82424916573971,1.2,0.0,4.7,z,65,0.004,0.07180481678403516,False
Asteroid mass,mass_log10_kg,17.833147942157954,1.2,0.0,4.7,z,65,0.004,0.07180481678403516,False
Asteroid mass,mass_log10_kg,17.842046718576196,1.2,0.0,4.7,z,65,0.004,0.07180481678403516,False
Asteroid mass,mass_log10_kg,17.850945494994438,1.2,0.0,4.7,z,65,0.004,0.07180481678403516,False
Asteroid mass,mass_log10_kg,17.85984427141268,1.2,0.0,4.7,z,65,0.004,0.07180481678403516,False
Asteroid mass,mass_log10_kg,17.86874304783092,1.2,0.0,4.7,z,65,0.004,0.07180481678403516,False
Asteroid mass,mass_log10_kg,17.877641824249167,1.2,0.0,4.7,z,65,0.004,0.07180481678403516,False
Asteroid mass,mass_log10_kg,17.88654060066741,1.2,0.0,4.7,z,65,0.004,0.07180481678403516,False
Asteroid mass,mass_log10_kg,17.89543937708565,1.2,0.0,4.7,z,65,0.004,0.07180481678403516,False
Asteroid mass,mass_log10_kg,17.904338153503893,1.2,0.0,4.7,z,65,0.004,0.07180481678403516,False
Asteroid mass,mass_log10_kg,17.913236929922135,1.2,0.0,4.7,z,65,0.004,0.07180481678403516,False
Asteroid mass,mass_log10_kg,17.922135706340377,1.2,0.0,4.7,z,65,0.004,0.07180481678403516,False
Asteroid mass,mass_log10_kg,17.93103448275862,1.2,0.0,4.7,z,65,0.004,0.07180481678403516,False
Asteroid mass,mass_log10_kg,17.939933259176865,1.2,0.0,4.7,z,65,0.004,0.07180481678403516,False
Asteroid mass,mass_log10_kg,17.948832035595107,1.2,0.0,4.7,z,65,0.004,0.07180481678403516,False
Asteroid mass,mass_log10_kg,17.95773081201335,1.2,0.0,4.7,z,65,0.004,0.07180481678403516,False
Asteroid mass,mass_log10_kg,17.96662958843159,1.2,0.0,4.7,z,65,0.004,0.07180481678403516,False
Asteroid mass,mass_log10_kg,17.975528364849833,1.2,0.0,4.7,z,65,0.004,0.07180481678403516,False
Asteroid mass,mass_log10_kg,17.984427141268075,1.2,0.0,4.7,z,65,0.004,0.07180481678403516,False
Asteroid mass,mass_log10_kg,17.993325917686317,1.2,0.0,4.7,z,65,0.004,0.07180481678403516,False
Asteroid mass,mass_log10_kg,18.002224694104562,1.2,0.0,4.7,z,65,0.004,0.07180481678403516,False
Asteroid mass,mass_log10_kg,18.011123470522804,1.2,0.0,4.7,z,65,0.004,0.07180481678403516,False
Asteroid mass,mass_log10_kg,18.020022246941046,1.2,0.0,4.7,z,65,0.004,0.07180481678403516,False
Asteroid mass,mass_log10_kg,18.02892102335929,1.2,0.0,4.7,z,65,0.004,0.07180481678403516,False
Asteroid mass,mass_log10_kg,18.03781979977753,1.2,0.0,4.7,z,65,0.004,0.07180481678403516,False
Asteroid mass,mass_log10_kg,18.046718576195772,1.2,0.0,4.7,z,65,0.004,0.07180481678403516,False
Asteroid mass,mass_log10_kg,18.055617352614014,1.2,0.0,4.7,z,65,0.004,0.07180481678403516,False
Asteroid mass,mass_log10_kg,18.064516129032256,1.2,0.0,4.7,z,65,0.004,0.07180481678403516,False
Asteroid mass,mass_log10_kg,18.073414905450502,1.2,0.0,4.7,z,65,0.004,0.07180481678403516,False
Asteroid mass,mass_log10_kg,18.082313681868744,1.2,0.0,4.7,z,65,0.004,0.07180481678403516,False
Asteroid mass,mass_log10_kg,18.091212458286986,1.2,0.0,4.7,z,65,0.004,0.07180481678403516,False
Asteroid mass,mass_log10_kg,18.100111234705228,1.2,0.0,4.7,z,65,0.004,0.07180481678403516,False
Asteroid mass,mass_log10_kg,18.10901001112347,1.2,0.0,4.7,z,65,0.004,0.07180481678403516,False
Asteroid mass,mass_log10_kg,18.11790878754171,1.2,0.0,4.7,z,65,0.004,0.07180481678403516,False
Asteroid mass,mass_log10_kg,18.126807563959957,1.2,0.0,4.7,z,65,0.004,0.07180481678403516,False
Asteroid mass,mass_log10_kg,18.1357063403782,1.2,0.0,4.7,z,65,0.004,0.07180481678403516,False
Asteroid mass,mass_log10_kg,18.14460511679644,1.2,0.0,4.7,z,65,0.004,0.07180481678403516,False
Asteroid mass,mass_log10_kg,18.153503893214683,1.2,0.0,4.7,z,65,0.004,0.07180481678403516,False
Asteroid mass,mass_log10_kg,18.162402669632925,1.2,0.0,4.7,z,65,0.004,0.07180481678403516,False
Asteroid mass,mass_log10_kg,18.171301446051167,1.2,0.0,4.7,z,65,0.004,0.07180481678403516,False
Asteroid mass,mass_log10_kg,18.18020022246941,1.2,0.0,4.7,z,65,0.004,0.07180481678403516,False
Asteroid mass,mass_log10_kg,18.18909899888765,1.2,0.0,4.7,z,65,0.004,0.07180481678403516,False
Asteroid mass,mass_log10_kg,18.197997775305897,1.2,0.0,4.7,z,65,0.004,0.07180481678403516,False
Asteroid mass,mass_log10_kg,18.20689655172414,1.2,0.0,4.7,z,65,0.004,0.07180481678403516,False
Asteroid mass,mass_log10_kg,18.21579532814238,1.2,0.0,4.7,z,65,0.004,0.07180481678403516,False
Asteroid mass,mass_log10_kg,18.224694104560623,1.2,0.0,4.7,z,65,0.004,0.07180481678403516,False
Asteroid mass,mass_log10_kg,18.233592880978865,1.2,0.0,4.7,z,65,0.004,0.07180481678403516,False
Asteroid mass,mass_log10_kg,18.242491657397107,1.2,0.0,4.7,z,65,0.004,0.07180481678403516,False
Asteroid mass,mass_log10_kg,18.251390433815352,1.2,0.0,4.7,z,65,0.004,0.07180481678403516,False
Asteroid mass,mass_log10_kg,18.260289210233594,1.2,0.0,4.7,z,65,0.004,0.07180481678403516,False
Asteroid mass,mass_log10_kg,18.269187986651836,1.2,0.0,4.7,z,65,0.004,0.07180481678403516,False
Asteroid mass,mass_log10_kg,18.27808676307008,1.2,0.0,4.7,z,65,0.004,0.07180481678403516,False
Asteroid mass,mass_log10_kg,18.28698553948832,1.2,0.0,4.7,z,65,0.004,0.07180481678403516,False
Asteroid mass,mass_log10_kg,18.295884315906562,1.2,0.0,4.7,z,65,0.004,0.07180481678403516,False
Asteroid mass,mass_log10_kg,18.304783092324804,1.2,0.0,4.7,z,65,0.004,0.07180481678403516,False
Asteroid mass,mass_log10_kg,18.313681868743046,1.2,0.0,4.7,z,65,0.004,0.07180481678403516,False
Asteroid mass,mass_log10_kg,18.322580645161292,1.2,0.0,4.7,z,65,0.004,0.07180481678403516,False
Asteroid mass,mass_log10_kg,18.331479421579534,1.2,0.0,4.7,z,65,0.004,0.07180481678403516,False
Asteroid mass,mass_log10_kg,18.340378197997776,1.2,0.0,4.7,z,65,0.004,0.07180481678403516,False
Asteroid mass,mass_log10_kg,18.349276974416018,1.2,0.0,4.7,z,65,0.004,0.07180481678403516,False
Asteroid mass,mass_log10_kg,18.35817575083426,1.2,0.0,4.7,z,65,0.004,0.07180481678403516,False
Asteroid mass,mass_log10_kg,18.367074527252502,1.2,0.0,4.7,z,65,0.004,0.07180481678403516,False
Asteroid mass,mass_log10_kg,18.375973303670744,1.2,0.0,4.7,z,65,0.004,0.07180481678403516,False
Asteroid mass,mass_log10_kg,18.38487208008899,1.2,0.0,4.7,z,65,0.004,0.07180481678403516,False
Asteroid mass,mass_log10_kg,18.39377085650723,1.2,0.0,4.7,z,65,0.004,0.07180481678403516,False
Asteroid mass,mass_log10_kg,18.402669632925473,1.2,0.0,4.7,z,65,0.004,0.07180481678403516,False
Asteroid mass,mass_log10_kg,18.411568409343715,1.2,0.0,4.7,z,65,0.004,0.07180481678403516,False
Asteroid mass,mass_log10_kg,18.420467185761957,1.2,0.0,4.7,z,65,0.004,0.07180481678403516,False
Asteroid mass,mass_log10_kg,18.4293659621802,1.2,0.0,4.7,z,65,0.004,0.07180481678403516,False
Asteroid mass,mass_log10_kg,18.43826473859844,1.2,0.0,4.7,z,65,0.004,0.07180481678403516,False
Asteroid mass,mass_log10_kg,18.447163515016683,1.2,0.0,4.7,z,65,0.004,0.07180481678403516,False
Asteroid mass,mass_log10_kg,18.45606229143493,1.2,0.0,4.7,z,65,0.004,0.07180481678403516,False
Asteroid mass,mass_log10_kg,18.46496106785317,1.2,0.0,4.7,z,65,0.004,0.07180481678403516,False
Asteroid mass,mass_log10_kg,18.473859844271413,1.2,0.0,4.7,z,65,0.004,0.07180481678403516,False
Asteroid mass,mass_log10_kg,18.482758620689655,1.2,0.0,4.7,z,65,0.004,0.07180481678403516,False
Asteroid mass,mass_log10_kg,18.491657397107897,1.2,0.0,4.7,z,65,0.004,0.07180481678403516,False
Asteroid mass,mass_log10_kg,18.50055617352614,1.2,0.0,4.7,z,65,0.004,0.07180481678403516,False
Asteroid mass,mass_log10_kg,18.509454949944384,1.2,0.0,4.7,z,65,0.004,0.07180481678403516,False
Asteroid mass,mass_log10_kg,18.518353726362626,1.2,0.0,4.7,z,65,0.004,0.07180481678403516,False
Asteroid mass,mass_log10_kg,18.52725250278087,1.2,0.0,4.7,z,65,0.004,0.07180481678403516,False
Asteroid mass,mass_log10_kg,18.53615127919911,1.2,0.0,4.7,z,65,0.004,0.07180481678403516,False
Asteroid mass,mass_log10_kg,18.545050055617352,1.2,0.0,4.7,z,65,0.004,0.07180481678403516,False
Asteroid mass,mass_log10_kg,18.553948832035594,1.2,0.0,4.7,z,65,0.004,0.07180481678403516,False
Asteroid mass,mass_log10_kg,18.562847608453836,1.2,0.0,4.7,z,65,0.004,0.07180481678403516,False
Asteroid mass,mass_log10_kg,18.57174638487208,1.2,0.0,4.7,z,65,0.004,0.07180481678403516,False
Asteroid mass,mass_log10_kg,18.580645161290324,1.2,0.0,4.7,z,65,0.004,0.07180481678403516,False
Asteroid mass,mass_log10_kg,18.589543937708566,1.2,0.0,4.7,z,65,0.004,0.07180481678403516,False
Asteroid mass,mass_log10_kg,18.598442714126808,1.2,0.0,4.7,z,65,0.004,0.07180481678403516,False
Asteroid mass,mass_log10_kg,18.60734149054505,1.2,0.0,4.7,z,65,0.004,0.07180481678403516,False
Asteroid mass,mass_log10_kg,18.616240266963292,1.2,0.0,4.7,z,65,0.004,0.07180481678403516,False
Asteroid mass,mass_log10_kg,18.625139043381534,1.2,0.0,4.7,z,65,0.004,0.07180481678403516,False
Asteroid mass,mass_log10_kg,18.63403781979978,1.2,0.0,4.7,z,65,0.004,0.07180481678403516,False
Asteroid mass,mass_log10_kg,18.64293659621802,1.2,0.0,4.7,z,65,0.004,0.07180481678403516,False
Asteroid mass,mass_log10_kg,18.651835372636263,1.2,0.0,4.7,z,65,0.004,0.07180481678403516,False
Asteroid mass,mass_log10_kg,18.660734149054505,1.2,0.0,4.7,z,65,0.004,0.07180481678403516,False
Asteroid mass,mass_log10_kg,18.669632925472747,1.2,0.0,4.7,z,65,0.004,0.07180481678403516,False
Asteroid mass,mass_log10_kg,18.67853170189099,1.2,0.0,4.7,z,65,0.004,0.07180481678403516,False
Asteroid mass,mass_log10_kg,18.68743047830923,1.2,0.0,4.7,z,65,0.004,0.07180481678403516,False
Asteroid mass,mass_log10_kg,18.696329254727473,1.2,0.0,4.7,z,65,0.004,0.07180481678403516,False
Asteroid mass,mass_log10_kg,18.70522803114572,1.2,0.0,4.7,z,65,0.004,0.07180481678403516,False
Asteroid mass,mass_log10_kg,18.71412680756396,1.2,0.0,4.7,z,65,0.004,0.07180481678403516,False
Asteroid mass,mass_log10_kg,18.723025583982203,1.2,0.0,4.7,z,65,0.004,0.07180481678403516,False
Asteroid mass,mass_log10_kg,18.731924360400445,1.2,0.0,4.7,z,65,0.004,0.07180481678403516,False
Asteroid mass,mass_log10_kg,18.740823136818687,1.2,0.0,4.7,z,65,0.004,0.07180481678403516,False
Asteroid mass,mass_log10_kg,18.74972191323693,1.2,0.0,4.7,z,65,0.004,0.07180481678403516,False
Asteroid mass,mass_log10_kg,18.758620689655174,1.2,0.0,4.7,z,65,0.004,0.07350754590207735,False
Asteroid mass,mass_log10_kg,18.767519466073416,1.2,0.0,4.7,z,65,0.004,0.07350754590207735,False
Asteroid mass,mass_log10_kg,18.77641824249166,1.2,0.0,4.7,z,65,0.004,0.07369906937321853,False
Asteroid mass,mass_log10_kg,18.7853170189099,1.2,0.0,4.7,z,65,0.004,0.07369906937321853,False
Asteroid mass,mass_log10_kg,18.794215795328142,1.2,0.0,4.7,z,65,0.004,0.07369906937321853,False
Asteroid mass,mass_log10_kg,18.803114571746384,1.2,0.0,4.7,z,65,0.004,0.07369906937321853,False
Asteroid mass,mass_log10_kg,18.812013348164626,1.2,0.0,4.7,z,65,0.004,0.07369906937321853,False
Asteroid mass,mass_log10_kg,18.82091212458287,1.2,0.0,4.7,z,65,0.004,0.07369906937321853,False
Asteroid mass,mass_log10_kg,18.829810901001114,1.2,0.0,4.7,z,65,0.004,0.07369906937321853,False
Asteroid mass,mass_log10_kg,18.838709677419356,1.2,0.0,4.7,z,65,0.004,0.07369906937321853,False
Asteroid mass,mass_log10_kg,18.847608453837598,1.2,0.0,4.7,z,65,0.004,0.07369906937321853,False
Asteroid mass,mass_log10_kg,18.85650723025584,1.2,0.0,4.7,z,65,0.004,0.07369906937321853,False
Asteroid mass,mass_log10_kg,18.865406006674082,1.2,0.0,4.7,z,65,0.004,0.07369906937321853,False
Asteroid mass,mass_log10_kg,18.874304783092324,1.2,0.0,4.7,z,65,0.004,0.07369906937321853,False
Asteroid mass,mass_log10_kg,18.883203559510566,1.2,0.0,4.7,z,65,0.004,0.07369906937321853,False
Asteroid mass,mass_log10_kg,18.89210233592881,1.2,0.0,4.7,z,65,0.004,0.07369906937321853,False
Asteroid mass,mass_log10_kg,18.901001112347053,1.2,0.0,4.7,z,65,0.004,0.07369906937321853,False
Asteroid mass,mass_log10_kg,18.909899888765295,1.2,0.0,4.7,z,65,0.004,0.07369906937321853,False
Asteroid mass,mass_log10_kg,18.918798665183537,1.2,0.0,4.7,z,65,0.004,0.07369906937321853,False
Asteroid mass,mass_log10_kg,18.92769744160178,1.2,0.0,4.7,z,65,0.004,0.07369906937321853,False
Asteroid mass,mass_log10_kg,18.93659621802002,1.2,0.0,4.7,z,65,0.004,0.07369906937321853,False
Asteroid mass,mass_log10_kg,18.945494994438263,1.2,0.0,4.7,z,65,0.004,0.07369906937321853,False
Asteroid mass,mass_log10_kg,18.954393770856505,1.2,0.0,4.7,z,65,0.004,0.07369906937321853,False
Asteroid mass,mass_log10_kg,18.96329254727475,1.2,0.0,4.7,z,65,0.004,0.07369906937321853,False
Asteroid mass,mass_log10_kg,18.972191323692993,1.2,0.0,4.7,z,65,0.004,0.07369906937321853,False
Asteroid mass,mass_log10_kg,18.981090100111235,1.2,0.0,4.7,z,65,0.004,0.07369906937321853,False
Asteroid mass,mass_log10_kg,18.989988876529477,1.2,0.0,4.7,z,65,0.004,0.07369906937321853,False
Asteroid mass,mass_log10_kg,18.99888765294772,1.2,0.0,4.7,z,65,0.004,0.07369906937321853,False
Asteroid mass,mass_log10_kg,19.00778642936596,1.2,0.0,4.7,z,65,0.004,0.07369906937321853,True
Asteroid mass,mass_log10_kg,19.016685205784206,1.2,0.0,4.7,z,65,0.004,0.07369906937321853,True
Asteroid mass,mass_log10_kg,19.02558398220245,1.2,0.0,4.7,z,65,0.004,0.07369906937321853,True
Asteroid mass,mass_log10_kg,19.03448275862069,1.2,0.0,4.7,z,65,0.004,0.07369906937321853,True
Asteroid mass,mass_log10_kg,19.043381535038932,1.2,0.0,4.7,z,65,0.004,0.07369906937321853,True
Asteroid mass,mass_log10_kg,19.052280311457174,1.2,0.0,4.7,z,65,0.004,0.07369906937321853,True
Asteroid mass,mass_log10_kg,19.061179087875416,1.2,0.0,4.7,z,65,0.004,0.07369906937321853,True
Asteroid mass,mass_log10_kg,19.07007786429366,1.2,0.0,4.7,z,65,0.004,0.07369906937321853,True
Asteroid mass,mass_log10_kg,19.0789766407119,1.2,0.0,4.7,z,65,0.004,0.07369906937321853,True
Asteroid mass,mass_log10_kg,19.087875417130146,1.2,0.0,4.7,z,65,0.004,0.07369906937321853,True
Asteroid mass,mass_log10_kg,19.096774193548388,1.2,0.0,4.7,z,65,0.004,0.07369906937321853,True
Asteroid mass,mass_log10_kg,19.10567296996663,1.2,0.0,4.7,z,65,0.004,0.07369906937321853,True
Asteroid mass,mass_log10_kg,19.114571746384872,1.2,0.0,4.7,z,65,0.004,0.07369906937321853,True
Asteroid mass,mass_log10_kg,19.123470522803114,1.2,0.0,4.7,z,65,0.004,0.07369906937321853,True
Asteroid mass,mass_log10_kg,19.132369299221356,1.2,0.0,4.7,z,65,0.004,0.07369906937321853,True
Asteroid mass,mass_log10_kg,19.1412680756396,1.2,0.0,4.7,z,65,0.004,0.07369906937321853,True
Asteroid mass,mass_log10_kg,19.150166852057843,1.2,0.0,4.7,z,65,0.004,0.07369906937321853,True
Asteroid mass,mass_log10_kg,19.159065628476085,1.2,0.0,4.7,z,65,0.004,0.07369906937321853,True
Asteroid mass,mass_log10_kg,19.167964404894327,1.2,0.0,4.7,z,65,0.004,0.07369906937321853,True
Asteroid mass,mass_log10_kg,19.17686318131257,1.2,0.0,4.7,z,65,0.004,0.07369906937321853,True
Asteroid mass,mass_log10_kg,19.18576195773081,1.2,0.0,4.7,z,65,0.004,0.07369906937321853,True
Asteroid mass,mass_log10_kg,19.194660734149053,1.2,0.0,4.7,z,65,0.004,0.07369906937321853,True
Asteroid mass,mass_log10_kg,19.203559510567295,1.2,0.0,4.7,z,65,0.004,0.07369906937321853,True
Asteroid mass,mass_log10_kg,19.21245828698554,1.2,0.0,4.7,z,65,0.004,0.07369906937321853,True
Asteroid mass,mass_log10_kg,19.221357063403783,1.2,0.0,4.7,z,65,0.004,0.07369906937321853,True
Asteroid mass,mass_log10_kg,19.230255839822025,1.2,0.0,4.7,z,65,0.004,0.07369906937321853,True
Asteroid mass,mass_log10_kg,19.239154616240267,1.2,0.0,4.7,z,65,0.004,0.07369906937321853,True
Asteroid mass,mass_log10_kg,19.24805339265851,1.2,0.0,4.7,z,65,0.004,0.07369906937321853,True
Asteroid mass,mass_log10_kg,19.25695216907675,1.2,0.0,4.7,z,65,0.004,0.09276219123914495,True
Asteroid mass,mass_log10_kg,19.265850945494993,1.2,0.0,4.7,z,65,0.004,0.09276219123914495,True
Asteroid mass,mass_log10_kg,19.27474972191324,1.2,0.0,4.7,z,65,0.004,0.13053458518237798,True
Asteroid mass,mass_log10_kg,19.28364849833148,1.2,0.0,4.7,z,65,0.004,0.13053458518237798,True
Asteroid mass,mass_log10_kg,19.292547274749722,1.2,0.0,4.7,z,65,0.004,0.13053458518237798,True
Asteroid mass,mass_log10_kg,19.301446051167964,1.2,0.0,4.7,z,65,0.004,0.13053458518237798,True
Asteroid mass,mass_log10_kg,19.310344827586206,1.2,0.0,4.7,z,65,0.004,0.13053458518237798,True
Asteroid mass,mass_log10_kg,19.31924360400445,1.2,0.0,4.7,z,65,0.004,0.13053458518237798,True
Asteroid mass,mass_log10_kg,19.32814238042269,1.2,0.0,4.7,z,65,0.004,0.13053458518237798,True
Asteroid mass,mass_log10_kg,19.337041156840932,1.2,0.0,4.7,z,65,0.004,0.13053458518237798,True
Asteroid mass,mass_log10_kg,19.345939933259178,1.2,0.0,4.7,z,65,0.004,0.13053458518237798,True
Asteroid mass,mass_log10_kg,19.35483870967742,1.2,0.0,4.7,z,65,0.004,0.13053458518237798,True
Asteroid mass,mass_log10_kg,19.363737486095662,1.2,0.0,4.7,z,65,0.004,0.13053458518237798,True
Asteroid mass,mass_log10_kg,19.372636262513904,1.2,0.0,4.7,z,65,0.004,0.13053458518237798,True
Asteroid mass,mass_log10_kg,19.381535038932146,1.2,0.0,4.7,z,65,0.004,0.13053458518237798,True
Asteroid mass,mass_log10_kg,19.390433815350388,1.2,0.0,4.7,z,65,0.004,0.13053458518237798,True
Asteroid mass,mass_log10_kg,19.399332591768633,1.2,0.0,4.7,z,65,0.004,0.13053458518237798,True
Asteroid mass,mass_log10_kg,19.408231368186875,1.2,0.0,4.7,z,65,0.004,0.13053458518237798,True
Asteroid mass,mass_log10_kg,19.417130144605117,1.2,0.0,4.7,z,65,0.004,0.13053458518237798,True
Asteroid mass,mass_log10_kg,19.42602892102336,1.2,0.0,4.7,z,65,0.004,0.13053458518237798,True
Asteroid mass,mass_log10_kg,19.4349276974416,1.2,0.0,4.7,z,65,0.004,0.13053458518237798,True
Asteroid mass,mass_log10_kg,19.443826473859843,1.2,0.0,4.7,z,65,0.004,0.13053458518237798,True
Asteroid mass,mass_log10_kg,19.452725250278085,1.2,0.0,4.7,z,65,0.004,0.13053458518237798,True
Asteroid mass,mass_log10_kg,19.461624026696327,1.2,0.0,4.7,z,65,0.004,0.13053458518237798,True
Asteroid mass,mass_log10_kg,19.470522803114573,1.2,0.0,4.7,z,65,0.004,0.13053458518237798,True
Asteroid mass,mass_log10_kg,19.479421579532815,1.2,0.0,4.7,z,65,0.004,0.13053458518237798,True
Asteroid mass,mass_log10_kg,19.488320355951057,1.2,0.0,4.7,z,65,0.004,0.13053458518237798,True
Asteroid mass,mass_log10_kg,19.4972191323693,1.2,0.0,4.7,z,65,0.004,0.13053458518237798,True
Asteroid mass,mass_log10_kg,19.50611790878754,1.2,0.0,4.7,z,65,0.004,0.14270155051563452,True
Asteroid mass,mass_log10_kg,19.515016685205783,1.2,0.0,4.7,z,65,0.004,0.14270155051563452,True
Asteroid mass,mass_log10_kg,19.52391546162403,1.2,0.0,4.7,z,65,0.004,0.14270155051563452,True
Asteroid mass,mass_log10_kg,19.53281423804227,1.2,0.0,4.7,z,65,0.004,0.14270155051563452,True
Asteroid mass,mass_log10_kg,19.541713014460512,1.2,0.0,4.7,z,65,0.004,0.14270155051563452,True
Asteroid mass,mass_log10_kg,19.550611790878754,1.2,0.0,4.7,z,65,0.004,0.14270155051563452,True
Asteroid mass,mass_log10_kg,19.559510567296996,1.2,0.0,4.7,z,65,0.004,0.14270155051563452,True
Asteroid mass,mass_log10_kg,19.56840934371524,1.2,0.0,4.7,z,65,0.004,0.14270155051563452,True
Asteroid mass,mass_log10_kg,19.57730812013348,1.2,0.0,4.7,z,65,0.004,0.14270155051563452,True
Asteroid mass,mass_log10_kg,19.586206896551722,1.2,0.0,4.7,z,65,0.004,0.14270155051563452,True
Asteroid mass,mass_log10_kg,19.595105672969968,1.2,0.0,4.7,z,65,0.004,0.1444216831018898,True
Asteroid mass,mass_log10_kg,19.60400444938821,1.2,0.0,4.7,z,65,0.004,0.1444216831018898,True
Asteroid mass,mass_log10_kg,19.612903225806452,1.2,0.0,4.7,z,65,0.004,0.1444216831018898,True
Asteroid mass,mass_log10_kg,19.621802002224694,1.2,0.0,4.7,z,65,0.004,0.1444216831018898,True
Asteroid mass,mass_log10_kg,19.630700778642936,1.2,0.0,4.7,z,65,0.004,0.1444216831018898,True
Asteroid mass,mass_log10_kg,19.639599555061178,1.2,0.0,4.7,z,65,0.004,0.1444216831018898,True
Asteroid mass,mass_log10_kg,19.648498331479423,1.2,0.0,4.7,z,65,0.004,0.1444216831018898,True
Asteroid mass,mass_log10_kg,19.657397107897665,1.2,0.0,4.7,z,65,0.004,0.1444216831018898,True
Asteroid mass,mass_log10_kg,19.666295884315907,1.2,0.0,4.7,z,65,0.004,0.1444216831018898,True
Asteroid mass,mass_log10_kg,19.67519466073415,1.2,0.0,4.7,z,65,0.004,0.1444216831018898,True
Asteroid mass,mass_log10_kg,19.68409343715239,1.2,0.0,4.7,z,65,0.004,0.1444216831018898,True
Asteroid mass,mass_log10_kg,19.692992213570633,1.2,0.0,4.7,z,65,0.004,0.1444216831018898,True
Asteroid mass,mass_log10_kg,19.701890989988875,1.2,0.0,4.7,z,65,0.004,0.1444216831018898,True
Asteroid mass,mass_log10_kg,19.710789766407117,1.2,0.0,4.7,z,65,0.004,0.1444216831018898,True
Asteroid mass,mass_log10_kg,19.719688542825363,1.2,0.0,4.7,z,65,0.004,0.1444216831018898,True
Asteroid mass,mass_log10_kg,19.728587319243605,1.2,0.0,4.7,z,65,0.004,0.1444216831018898,True
Asteroid mass,mass_log10_kg,19.737486095661847,1.2,0.0,4.7,z,65,0.004,0.1444216831018898,True
Asteroid mass,mass_log10_kg,19.74638487208009,1.2,0.0,4.7,z,65,0.004,0.1444216831018898,True
Asteroid mass,mass_log10_kg,19.75528364849833,1.2,0.0,4.7,z,65,0.004,0.20499572019288095,True
Asteroid mass,mass_log10_kg,19.764182424916573,1.2,0.0,4.7,z,65,0.004,0.20499572019288095,True
Asteroid mass,mass_log10_kg,19.773081201334815,1.2,0.0,4.7,z,65,0.004,0.20499572019288095,True
Asteroid mass,mass_log10_kg,19.78197997775306,1.2,0.0,4.7,z,65,0.004,0.26741030328148635,True
Asteroid mass,mass_log10_kg,19.790878754171302,1.2,0.0,4.7,z,65,0.004,0.26741030328148635,True
Asteroid mass,mass_log10_kg,19.799777530589544,1.2,0.0,4.7,z,65,0.004,0.26741030328148635,True
Asteroid mass,mass_log10_kg,19.808676307007786,1.2,0.0,4.7,z,65,0.004,0.26741030328148635,True
Asteroid mass,mass_log10_kg,19.81757508342603,1.2,0.0,4.7,z,65,0.004,0.26741030328148635,True
Asteroid mass,mass_log10_kg,19.82647385984427,1.2,0.0,4.7,z,65,0.004,0.26741030328148635,True
Asteroid mass,mass_log10_kg,19.835372636262512,1.2,0.0,4.7,z,65,0.004,0.26741030328148635,True
Asteroid mass,mass_log10_kg,19.844271412680754,1.2,0.0,4.7,z,65,0.004,0.26741030328148635,True
Asteroid mass,mass_log10_kg,19.853170189099,1.2,0.0,4.7,z,65,0.004,0.26741030328148635,True
Asteroid mass,mass_log10_kg,19.862068965517242,1.2,0.0,4.7,z,65,0.004,0.26741030328148635,True
Asteroid mass,mass_log10_kg,19.870967741935484,1.2,0.0,4.7,z,65,0.004,0.26741030328148635,True
Asteroid mass,mass_log10_kg,19.879866518353726,1.2,0.0,4.7,z,65,0.004,0.26741030328148635,True
Asteroid mass,mass_log10_kg,19.888765294771968,1.2,0.0,4.7,z,65,0.004,0.26741030328148635,True
Asteroid mass,mass_log10_kg,19.89766407119021,1.2,0.0,4.7,z,65,0.004,0.26741030328148635,True
Asteroid mass,mass_log10_kg,19.906562847608456,1.2,0.0,4.7,z,65,0.004,0.26741030328148635,True
Asteroid mass,mass_log10_kg,19.915461624026698,1.2,0.0,4.7,z,65,0.004,0.26741030328148635,True
Asteroid mass,mass_log10_kg,19.92436040044494,1.2,0.0,4.7,z,65,0.004,0.26741030328148635,True
Asteroid mass,mass_log10_kg,19.93325917686318,1.2,0.0,4.7,z,65,0.004,0.26741030328148635,True
Asteroid mass,mass_log10_kg,19.942157953281423,1.2,0.0,4.7,z,65,0.004,0.26741030328148635,True
Asteroid mass,mass_log10_kg,19.951056729699665,1.2,0.0,4.7,z,65,0.004,0.26741030328148635,True
Asteroid mass,mass_log10_kg,19.959955506117907,1.2,0.0,4.7,z,65,0.004,0.26741030328148635,True
Asteroid mass,mass_log10_kg,19.96885428253615,1.2,0.0,4.7,z,65,0.004,0.26741030328148635,True
Asteroid mass,mass_log10_kg,19.977753058954395,1.2,0.0,4.7,z,65,0.004,0.26741030328148635,True
Asteroid mass,mass_log10_kg,19.986651835372637,1.2,0.0,4.7,z,65,0.004,0.26741030328148635,True
Asteroid mass,mass_log10_kg,19.99555061179088,1.2,0.0,4.7,z,65,0.004,0.26741030328148635,True
Asteroid mass,mass_log10_kg,20.00444938820912,1.2,0.0,4.7,z,65,0.004,0.26741030328148635,False
Asteroid mass,mass_log10_kg,20.013348164627363,1.2,0.0,4.7,z,65,0.004,0.26741030328148635,False
Asteroid mass,mass_log10_kg,20.022246941045605,1.2,0.0,4.7,z,65,0.004,0.26741030328148635,False
Asteroid mass,mass_log10_kg,20.03114571746385,1.2,0.0,4.7,z,65,0.004,0.26741030328148635,False
Asteroid mass,mass_log10_kg,20.040044493882093,1.2,0.0,4.7,z,65,0.004,0.26741030328148635,False
Asteroid mass,mass_log10_kg,20.048943270300335,1.2,0.0,4.7,z,65,0.004,0.26741030328148635,False
Asteroid mass,mass_log10_kg,20.057842046718577,1.2,0.0,4.7,z,65,0.004,0.26741030328148635,False
Asteroid mass,mass_log10_kg,20.06674082313682,1.2,0.0,4.7,z,65,0.004,0.26741030328148635,False
Asteroid mass,mass_log10_kg,20.07563959955506,1.2,0.0,4.7,z,65,0.004,0.26741030328148635,False
Asteroid mass,mass_log10_kg,20.084538375973302,1.2,0.0,4.7,z,65,0.004,0.26741030328148635,False
Asteroid mass,mass_log10_kg,20.093437152391544,1.2,0.0,4.7,z,65,0.004,0.26741030328148635,False
Asteroid mass,mass_log10_kg,20.102335928809786,1.2,0.0,4.7,z,65,0.004,0.26741030328148635,False
Asteroid mass,mass_log10_kg,20.111234705228032,1.2,0.0,4.7,z,65,0.004,0.26741030328148635,False
Asteroid mass,mass_log10_kg,20.120133481646274,1.2,0.0,4.7,z,65,0.004,0.26741030328148635,False
Asteroid mass,mass_log10_kg,20.129032258064516,1.2,0.0,4.7,z,65,0.004,0.26741030328148635,False
Asteroid mass,mass_log10_kg,20.137931034482758,1.2,0.0,4.7,z,65,0.004,0.26741030328148635,False
Asteroid mass,mass_log10_kg,20.146829810901,1.2,0.0,4.7,z,65,0.004,0.26741030328148635,False
Asteroid mass,mass_log10_kg,20.155728587319246,1.2,0.0,4.7,z,65,0.004,0.26741030328148635,False
Asteroid mass,mass_log10_kg,20.164627363737488,1.2,0.0,4.7,z,65,0.004,0.26741030328148635,False
Asteroid mass,mass_log10_kg,20.17352614015573,1.2,0.0,4.7,z,65,0.004,0.26741030328148635,False
Asteroid mass,mass_log10_kg,20.18242491657397,1.2,0.0,4.7,z,65,0.004,0.26741030328148635,False
Asteroid mass,mass_log10_kg,20.191323692992214,1.2,0.0,4.7,z,65,0.004,0.26741030328148635,False
Asteroid mass,mass_log10_kg,20.200222469410456,1.2,0.0,4.7,z,65,0.004,0.26741030328148635,False
Asteroid mass,mass_log10_kg,20.209121245828698,1.2,0.0,4.7,z,65,0.004,0.26741030328148635,False
Asteroid mass,mass_log10_kg,20.21802002224694,1.2,0.0,4.7,z,65,0.004,0.26741030328148635,False
Asteroid mass,mass_log10_kg,20.22691879866518,1.2,0.0,4.7,z,65,0.004,0.26741030328148635,False
Asteroid mass,mass_log10_kg,20.235817575083427,1.2,0.0,4.7,z,65,0.004,0.26741030328148635,False
Asteroid mass,mass_log10_kg,20.24471635150167,1.2,0.0,4.7,z,65,0.004,0.26741030328148635,False
Asteroid mass,mass_log10_kg,20.25361512791991,1.2,0.0,4.7,z,65,0.004,0.2754545260453708,False
Asteroid mass,mass_log10_kg,20.262513904338153,1.2,0.0,4.7,z,65,0.004,0.2754545260453708,False
Asteroid mass,mass_log10_kg,20.271412680756395,1.2,0.0,4.7,z,65,0.004,0.2754545260453708,False
Asteroid mass,mass_log10_kg,20.28031145717464,1.2,0.0,4.7,z,65,0.004,0.29909040108052615,False
Asteroid mass,mass_log10_kg,20.289210233592883,1.2,0.0,4.7,z,65,0.004,0.29909040108052615,False
Asteroid mass,mass_log10_kg,20.298109010011125,1.2,0.0,4.7,z,65,0.004,0.29909040108052615,False
Asteroid mass,mass_log10_kg,20.307007786429367,1.2,0.0,4.7,z,65,0.004,0.29909040108052615,False
Asteroid mass,mass_log10_kg,20.31590656284761,1.2,0.0,4.7,z,65,0.004,0.29909040108052615,False
Asteroid mass,mass_log10_kg,20.32480533926585,1.2,0.0,4.7,z,65,0.004,0.29909040108052615,False
Asteroid mass,mass_log10_kg,20.333704115684093,1.2,0.0,4.7,z,65,0.004,0.29909040108052615,False
Asteroid mass,mass_log10_kg,20.342602892102335,1.2,0.0,4.7,z,65,0.004,0.29909040108052615,False
Asteroid mass,mass_log10_kg,20.351501668520577,1.2,0.0,4.7,z,65,0.004,0.29909040108052615,False
Asteroid mass,mass_log10_kg,20.360400444938822,1.2,0.0,4.7,z,65,0.004,0.29909040108052615,False
Asteroid mass,mass_log10_kg,20.369299221357064,1.2,0.0,4.7,z,65,0.004,0.29909040108052615,False
Asteroid mass,mass_log10_kg,20.378197997775306,1.2,0.0,4.7,z,65,0.004,0.29909040108052615,False
Asteroid mass,mass_log10_kg,20.387096774193548,1.2,0.0,4.7,z,65,0.004,0.29909040108052615,False
Asteroid mass,mass_log10_kg,20.39599555061179,1.2,0.0,4.7,z,65,0.004,0.29909040108052615,False
Asteroid mass,mass_log10_kg,20.404894327030032,1.2,0.0,4.7,z,65,0.004,0.29909040108052615,False
Asteroid mass,mass_log10_kg,20.413793103448278,1.2,0.0,4.7,z,65,0.004,0.29909040108052615,False
Asteroid mass,mass_log10_kg,20.42269187986652,1.2,0.0,4.7,z,65,0.004,0.29909040108052615,False
Asteroid mass,mass_log10_kg,20.43159065628476,1.2,0.0,4.7,z,65,0.004,0.29909040108052615,False
Asteroid mass,mass_log10_kg,20.440489432703004,1.2,0.0,4.7,z,65,0.004,0.29909040108052615,False
Asteroid mass,mass_log10_kg,20.449388209121246,1.2,0.0,4.7,z,65,0.004,0.29909040108052615,False
Asteroid mass,mass_log10_kg,20.458286985539488,1.2,0.0,4.7,z,65,0.004,0.29909040108052615,False
Asteroid mass,mass_log10_kg,20.46718576195773,1.2,0.0,4.7,z,65,0.004,0.29909040108052615,False
Asteroid mass,mass_log10_kg,20.47608453837597,1.2,0.0,4.7,z,65,0.004,0.29909040108052615,False
Asteroid mass,mass_log10_kg,20.484983314794217,1.2,0.0,4.7,z,65,0.004,0.29909040108052615,False
Asteroid mass,mass_log10_kg,20.49388209121246,1.2,0.0,4.7,z,65,0.004,0.29909040108052615,False
Asteroid mass,mass_log10_kg,20.5027808676307,1.2,0.0,4.7,z,65,0.004,0.29909040108052615,False
Asteroid mass,mass_log10_kg,20.511679644048943,1.2,0.0,4.7,z,65,0.004,0.29909040108052615,False
Asteroid mass,mass_log10_kg,20.520578420467185,1.2,0.0,4.7,z,65,0.004,0.29909040108052615,False
Asteroid mass,mass_log10_kg,20.529477196885427,1.2,0.0,4.7,z,65,0.004,0.29909040108052615,False
Asteroid mass,mass_log10_kg,20.538375973303673,1.2,0.0,4.7,z,65,0.004,0.29909040108052615,False
Asteroid mass,mass_log10_kg,20.547274749721915,1.2,0.0,4.7,z,65,0.004,0.29909040108052615,False
Asteroid mass,mass_log10_kg,20.556173526140157,1.2,0.0,4.7,z,65,0.004,0.29909040108052615,False
Asteroid mass,mass_log10_kg,20.5650723025584,1.2,0.0,4.7,z,65,0.004,0.29909040108052615,False
Asteroid mass,mass_log10_kg,20.57397107897664,1.2,0.0,4.7,z,65,0.004,0.29909040108052615,False
Asteroid mass,mass_log10_kg,20.582869855394883,1.2,0.0,4.7,z,65,0.004,0.29909040108052615,False
Asteroid mass,mass_log10_kg,20.591768631813125,1.2,0.0,4.7,z,65,0.004,0.29909040108052615,False
Asteroid mass,mass_log10_kg,20.600667408231367,1.2,0.0,4.7,z,65,0.004,0.29909040108052615,False
Asteroid mass,mass_log10_kg,20.60956618464961,1.2,0.0,4.7,z,65,0.004,0.29909040108052615,False
Asteroid mass,mass_log10_kg,20.618464961067854,1.2,0.0,4.7,z,65,0.004,0.29909040108052615,False
Asteroid mass,mass_log10_kg,20.627363737486096,1.2,0.0,4.7,z,65,0.004,0.29909040108052615,False
Asteroid mass,mass_log10_kg,20.636262513904338,1.2,0.0,4.7,z,65,0.004,0.29909040108052615,False
Asteroid mass,mass_log10_kg,20.64516129032258,1.2,0.0,4.7,z,65,0.004,0.29909040108052615,False
Asteroid mass,mass_log10_kg,20.654060066740822,1.2,0.0,4.7,z,65,0.004,0.29909040108052615,False
Asteroid mass,mass_log10_kg,20.662958843159068,1.2,0.0,4.7,z,65,0.004,0.29909040108052615,False
Asteroid mass,mass_log10_kg,20.67185761957731,1.2,0.0,4.7,z,65,0.004,0.29909040108052615,False
Asteroid mass,mass_log10_kg,20.68075639599555,1.2,0.0,4.7,z,65,0.004,0.29909040108052615,False
Asteroid mass,mass_log10_kg,20.689655172413794,1.2,0.0,4.7,z,65,0.004,0.29909040108052615,False
Asteroid mass,mass_log10_kg,20.698553948832036,1.2,0.0,4.7,z,65,0.004,0.29909040108052615,False
Asteroid mass,mass_log10_kg,20.707452725250278,1.2,0.0,4.7,z,65,0.004,0.29909040108052615,False
Asteroid mass,mass_log10_kg,20.71635150166852,1.2,0.0,4.7,z,65,0.004,0.29909040108052615,False
Asteroid mass,mass_log10_kg,20.72525027808676,1.2,0.0,4.7,z,65,0.004,0.29909040108052615,False
Asteroid mass,mass_log10_kg,20.734149054505004,1.2,0.0,4.7,z,65,0.004,0.29909040108052615,False
Asteroid mass,mass_log10_kg,20.74304783092325,1.2,0.0,4.7,z,65,0.004,0.29909040108052615,False
Asteroid mass,mass_log10_kg,20.75194660734149,1.2,0.0,4.7,z,65,0.004,0.296245863149415,False
Asteroid mass,mass_log10_kg,20.760845383759733,1.2,0.0,4.7,z,65,0.004,0.296245863149415,False
Asteroid mass,mass_log10_kg,20.769744160177975,1.2,0.0,4.7,z,65,0.004,0.296245863149415,False
Asteroid mass,mass_log10_kg,20.778642936596217,1.2,0.0,4.7,z,65,0.004,0.2934048202821893,False
Asteroid mass,mass_log10_kg,20.787541713014463,1.2,0.0,4.7,z,65,0.004,0.2934048202821893,False
Asteroid mass,mass_log10_kg,20.796440489432705,1.2,0.0,4.7,z,65,0.004,0.2934048202821893,False
Asteroid mass,mass_log10_kg,20.805339265850947,1.2,0.0,4.7,z,65,0.004,0.2934048202821893,False
Asteroid mass,mass_log10_kg,20.81423804226919,1.2,0.0,4.7,z,65,0.004,0.2934048202821893,False
Asteroid mass,mass_log10_kg,20.82313681868743,1.2,0.0,4.7,z,65,0.004,0.2934048202821893,False
Asteroid mass,mass_log10_kg,20.832035595105673,1.2,0.0,4.7,z,65,0.004,0.2934048202821893,False
Asteroid mass,mass_log10_kg,20.840934371523915,1.2,0.0,4.7,z,65,0.004,0.2934048202821893,False
Asteroid mass,mass_log10_kg,20.849833147942157,1.2,0.0,4.7,z,65,0.004,0.2934048202821893,False
Asteroid mass,mass_log10_kg,20.8587319243604,1.2,0.0,4.7,z,65,0.004,0.2934048202821893,False
Asteroid mass,mass_log10_kg,20.867630700778644,1.2,0.0,4.7,z,65,0.004,0.2934048202821893,False
Asteroid mass,mass_log10_kg,20.876529477196886,1.2,0.0,4.7,z,65,0.004,0.2934048202821893,False
Asteroid mass,mass_log10_kg,20.885428253615128,1.2,0.0,4.7,z,65,0.004,0.2934048202821893,False
Asteroid mass,mass_log10_kg,20.89432703003337,1.2,0.0,4.7,z,65,0.004,0.2934048202821893,False
Asteroid mass,mass_log10_kg,20.903225806451612,1.2,0.0,4.7,z,65,0.004,0.2934048202821893,False
Asteroid mass,mass_log10_kg,20.912124582869854,1.2,0.0,4.7,z,65,0.004,0.2934048202821893,False
Asteroid mass,mass_log10_kg,20.9210233592881,1.2,0.0,4.7,z,65,0.004,0.2934048202821893,False
Asteroid mass,mass_log10_kg,20.92992213570634,1.2,0.0,4.7,z,65,0.004,0.2934048202821893,False
Asteroid mass,mass_log10_kg,20.938820912124584,1.2,0.0,4.7,z,65,0.004,0.2934048202821893,False
Asteroid mass,mass_log10_kg,20.947719688542826,1.2,0.0,4.7,z,65,0.004,0.2934048202821893,False
Asteroid mass,mass_log10_kg,20.956618464961068,1.2,0.0,4.7,z,65,0.004,0.2934048202821893,False
Asteroid mass,mass_log10_kg,20.96551724137931,1.2,0.0,4.7,z,65,0.004,0.2934048202821893,False
Asteroid mass,mass_log10_kg,20.97441601779755,1.2,0.0,4.7,z,65,0.004,0.2934048202821893,False
Asteroid mass,mass_log10_kg,20.983314794215794,1.2,0.0,4.7,z,65,0.004,0.2934048202821893,False
Asteroid mass,mass_log10_kg,20.992213570634036,1.2,0.0,4.7,z,65,0.004,0.2934048202821893,False
Asteroid mass,mass_log10_kg,21.00111234705228,1.2,0.0,4.7,z,65,0.004,0.2934048202821893,False
Asteroid mass,mass_log10_kg,21.010011123470523,1.2,0.0,4.7,z,65,0.004,0.2934048202821893,False
Asteroid mass,mass_log10_kg,21.018909899888765,1.2,0.0,4.7,z,65,0.004,0.2934048202821893,False
Asteroid mass,mass_log10_kg,21.027808676307007,1.2,0.0,4.7,z,65,0.004,0.2934048202821893,False
Asteroid mass,mass_log10_kg,21.03670745272525,1.2,0.0,4.7,z,65,0.004,0.2934048202821893,False
Asteroid mass,mass_log10_kg,21.045606229143495,1.2,0.0,4.7,z,65,0.004,0.2934048202821893,False
Asteroid mass,mass_log10_kg,21.054505005561737,1.2,0.0,4.7,z,65,0.004,0.2934048202821893,False
Asteroid mass,mass_log10_kg,21.06340378197998,1.2,0.0,4.7,z,65,0.004,0.2934048202821893,False
Asteroid mass,mass_log10_kg,21.07230255839822,1.2,0.0,4.7,z,65,0.004,0.2934048202821893,False
Asteroid mass,mass_log10_kg,21.081201334816463,1.2,0.0,4.7,z,65,0.004,0.2934048202821893,False
Asteroid mass,mass_log10_kg,21.090100111234705,1.2,0.0,4.7,z,65,0.004,0.2934048202821893,False
Asteroid mass,mass_log10_kg,21.098998887652947,1.2,0.0,4.7,z,65,0.004,0.2934048202821893,False
Asteroid mass,mass_log10_kg,21.10789766407119,1.2,0.0,4.7,z,65,0.004,0.2934048202821893,False
Asteroid mass,mass_log10_kg,21.11679644048943,1.2,0.0,4.7,z,65,0.004,0.2934048202821893,False
Asteroid mass,mass_log10_kg,21.125695216907676,1.2,0.0,4.7,z,65,0.004,0.2934048202821893,False
Asteroid mass,mass_log10_kg,21.134593993325918,1.2,0.0,4.7,z,65,0.004,0.2934048202821893,False
Asteroid mass,mass_log10_kg,21.14349276974416,1.2,0.0,4.7,z,65,0.004,0.2934048202821893,False
Asteroid mass,mass_log10_kg,21.152391546162402,1.2,0.0,4.7,z,65,0.004,0.2934048202821893,False
Asteroid mass,mass_log10_kg,21.161290322580644,1.2,0.0,4.7,z,65,0.004,0.2934048202821893,False
Asteroid mass,mass_log10_kg,21.17018909899889,1.2,0.0,4.7,z,65,0.004,0.2934048202821893,False
Asteroid mass,mass_log10_kg,21.17908787541713,1.2,0.0,4.7,z,65,0.004,0.2934048202821893,False
Asteroid mass,mass_log10_kg,21.187986651835374,1.2,0.0,4.7,z,65,0.004,0.2934048202821893,False
Asteroid mass,mass_log10_kg,21.196885428253616,1.2,0.0,4.7,z,65,0.004,0.2934048202821893,False
Asteroid mass,mass_log10_kg,21.205784204671858,1.2,0.0,4.7,z,65,0.004,0.2934048202821893,False
Asteroid mass,mass_log10_kg,21.2146829810901,1.2,0.0,4.7,z,65,0.004,0.2934048202821893,False
Asteroid mass,mass_log10_kg,21.22358175750834,1.2,0.0,4.7,z,65,0.004,0.2934048202821893,False
Asteroid mass,mass_log10_kg,21.232480533926584,1.2,0.0,4.7,z,65,0.004,0.2934048202821893,False
Asteroid mass,mass_log10_kg,21.241379310344826,1.2,0.0,4.7,z,65,0.004,0.2934048202821893,False
Asteroid mass,mass_log10_kg,21.25027808676307,1.2,0.0,4.7,z,65,0.004,0.2934048202821893,False
Asteroid mass,mass_log10_kg,21.259176863181313,1.2,0.0,4.7,z,65,0.004,0.2934048202821893,False
Asteroid mass,mass_log10_kg,21.268075639599555,1.2,0.0,4.7,z,65,0.004,0.2934048202821893,False
Asteroid mass,mass_log10_kg,21.276974416017797,1.2,0.0,4.7,z,65,0.004,0.2934048202821893,False
Asteroid mass,mass_log10_kg,21.28587319243604,1.2,0.0,4.7,z,65,0.004,0.2934048202821893,False
Asteroid mass,mass_log10_kg,21.294771968854285,1.2,0.0,4.7,z,65,0.004,0.2934048202821893,False
Asteroid mass,mass_log10_kg,21.303670745272527,1.2,0.0,4.7,z,65,0.004,0.2934048202821893,False
Asteroid mass,mass_log10_kg,21.31256952169077,1.2,0.0,4.7,z,65,0.004,0.2934048202821893,False
Asteroid mass,mass_log10_kg,21.32146829810901,1.2,0.0,4.7,z,65,0.004,0.2934048202821893,False
Asteroid mass,mass_log10_kg,21.330367074527253,1.2,0.0,4.7,z,65,0.004,0.2934048202821893,False
Asteroid mass,mass_log10_kg,21.339265850945495,1.2,0.0,4.7,z,65,0.004,0.2934048202821893,False
Asteroid mass,mass_log10_kg,21.348164627363737,1.2,0.0,4.7,z,65,0.004,0.2934048202821893,False
Asteroid mass,mass_log10_kg,21.35706340378198,1.2,0.0,4.7,z,65,0.004,0.2934048202821893,False
Asteroid mass,mass_log10_kg,21.36596218020022,1.2,0.0,4.7,z,65,0.004,0.2934048202821893,False
Asteroid mass,mass_log10_kg,21.374860956618466,1.2,0.0,4.7,z,65,0.004,0.2934048202821893,False
Asteroid mass,mass_log10_kg,21.383759733036708,1.2,0.0,4.7,z,65,0.004,0.2934048202821893,False
Asteroid mass,mass_log10_kg,21.39265850945495,1.2,0.0,4.7,z,65,0.004,0.2934048202821893,False
Asteroid mass,mass_log10_kg,21.401557285873192,1.2,0.0,4.7,z,65,0.004,0.2934048202821893,False
Asteroid mass,mass_log10_kg,21.410456062291434,1.2,0.0,4.7,z,65,0.004,0.2934048202821893,False
Asteroid mass,mass_log10_kg,21.419354838709676,1.2,0.0,4.7,z,65,0.004,0.2934048202821893,False
Asteroid mass,mass_log10_kg,21.42825361512792,1.2,0.0,4.7,z,65,0.004,0.2934048202821893,False
Asteroid mass,mass_log10_kg,21.437152391546164,1.2,0.0,4.7,z,65,0.004,0.2934048202821893,False
Asteroid mass,mass_log10_kg,21.446051167964406,1.2,0.0,4.7,z,65,0.004,0.2934048202821893,False
Asteroid mass,mass_log10_kg,21.454949944382648,1.2,0.0,4.7,z,65,0.004,0.2934048202821893,False
Asteroid mass,mass_log10_kg,21.46384872080089,1.2,0.0,4.7,z,65,0.004,0.2934048202821893,False
Asteroid mass,mass_log10_kg,21.47274749721913,1.2,0.0,4.7,z,65,0.004,0.2934048202821893,False
Asteroid mass,mass_log10_kg,21.481646273637374,1.2,0.0,4.7,z,65,0.004,0.2934048202821893,False
Asteroid mass,mass_log10_kg,21.490545050055616,1.2,0.0,4.7,z,65,0.004,0.2934048202821893,False
Asteroid mass,mass_log10_kg,21.499443826473858,1.2,0.0,4.7,z,65,0.004,0.2934048202821893,False
Asteroid mass,mass_log10_kg,21.508342602892103,1.2,0.0,4.7,z,65,0.004,0.2934048202821893,False
Asteroid mass,mass_log10_kg,21.517241379310345,1.2,0.0,4.7,z,65,0.004,0.2934048202821893,False
Asteroid mass,mass_log10_kg,21.526140155728587,1.2,0.0,4.7,z,65,0.004,0.2934048202821893,False
Asteroid mass,mass_log10_kg,21.53503893214683,1.2,0.0,4.7,z,65,0.004,0.2934048202821893,False
Asteroid mass,mass_log10_kg,21.54393770856507,1.2,0.0,4.7,z,65,0.004,0.2934048202821893,False
Asteroid mass,mass_log10_kg,21.552836484983317,1.2,0.0,4.7,z,65,0.004,0.2934048202821893,False
Asteroid mass,mass_log10_kg,21.56173526140156,1.2,0.0,4.7,z,65,0.004,0.2934048202821893,False
Asteroid mass,mass_log10_kg,21.5706340378198,1.2,0.0,4.7,z,65,0.004,0.2934048202821893,False
Asteroid mass,mass_log10_kg,21.579532814238043,1.2,0.0,4.7,z,65,0.004,0.2934048202821893,False
Asteroid mass,mass_log10_kg,21.588431590656285,1.2,0.0,4.7,z,65,0.004,0.2934048202821893,False
Asteroid mass,mass_log10_kg,21.597330367074527,1.2,0.0,4.7,z,65,0.004,0.2934048202821893,False
Asteroid mass,mass_log10_kg,21.60622914349277,1.2,0.0,4.7,z,65,0.004,0.2934048202821893,False
Asteroid mass,mass_log10_kg,21.61512791991101,1.2,0.0,4.7,z,65,0.004,0.2934048202821893,False
Asteroid mass,mass_log10_kg,21.624026696329253,1.2,0.0,4.7,z,65,0.004,0.2934048202821893,False
Asteroid mass,mass_log10_kg,21.632925472747498,1.2,0.0,4.7,z,65,0.004,0.2934048202821893,False
Asteroid mass,mass_log10_kg,21.64182424916574,1.2,0.0,4.7,z,65,0.004,0.2934048202821893,False
Asteroid mass,mass_log10_kg,21.650723025583982,1.2,0.0,4.7,z,65,0.004,0.2934048202821893,False
Asteroid mass,mass_log10_kg,21.659621802002224,1.2,0.0,4.7,z,65,0.004,0.2934048202821893,False
Asteroid mass,mass_log10_kg,21.668520578420466,1.2,0.0,4.7,z,65,0.004,0.2934048202821893,False
Asteroid mass,mass_log10_kg,21.67741935483871,1.2,0.0,4.7,z,65,0.004,0.2934048202821893,False
Asteroid mass,mass_log10_kg,21.686318131256954,1.2,0.0,4.7,z,65,0.004,0.2934048202821893,False
Asteroid mass,mass_log10_kg,21.695216907675196,1.2,0.0,4.7,z,65,0.004,0.2934048202821893,False
Asteroid mass,mass_log10_kg,21.704115684093438,1.2,0.0,4.7,z,65,0.004,0.2934048202821893,False
Asteroid mass,mass_log10_kg,21.71301446051168,1.2,0.0,4.7,z,65,0.004,0.2934048202821893,False
Asteroid mass,mass_log10_kg,21.72191323692992,1.2,0.0,4.7,z,65,0.004,0.2934048202821893,False
Asteroid mass,mass_log10_kg,21.730812013348164,1.2,0.0,4.7,z,65,0.004,0.2934048202821893,False
Asteroid mass,mass_log10_kg,21.739710789766406,1.2,0.0,4.7,z,65,0.004,0.2934048202821893,False
Asteroid mass,mass_log10_kg,21.748609566184648,1.2,0.0,4.7,z,65,0.004,0.2934048202821893,False
Asteroid mass,mass_log10_kg,21.757508342602893,1.2,0.0,4.7,z,65,0.004,0.2934048202821893,False
Asteroid mass,mass_log10_kg,21.766407119021135,1.2,0.0,4.7,z,65,0.004,0.2934048202821893,False
Asteroid mass,mass_log10_kg,21.775305895439377,1.2,0.0,4.7,z,65,0.004,0.2934048202821893,False
Asteroid mass,mass_log10_kg,21.78420467185762,1.2,0.0,4.7,z,65,0.004,0.2934048202821893,False
Asteroid mass,mass_log10_kg,21.79310344827586,1.2,0.0,4.7,z,65,0.004,0.2934048202821893,False
Asteroid mass,mass_log10_kg,21.802002224694103,1.2,0.0,4.7,z,65,0.004,0.2934048202821893,False
Asteroid mass,mass_log10_kg,21.81090100111235,1.2,0.0,4.7,z,65,0.004,0.2934048202821893,False
Asteroid mass,mass_log10_kg,21.81979977753059,1.2,0.0,4.7,z,65,0.004,0.2934048202821893,False
Asteroid mass,mass_log10_kg,21.828698553948833,1.2,0.0,4.7,z,65,0.004,0.2934048202821893,False
Asteroid mass,mass_log10_kg,21.837597330367075,1.2,0.0,4.7,z,65,0.004,0.2934048202821893,False
Asteroid mass,mass_log10_kg,21.846496106785317,1.2,0.0,4.7,z,65,0.004,0.2934048202821893,False
Asteroid mass,mass_log10_kg,21.85539488320356,1.2,0.0,4.7,z,65,0.004,0.2934048202821893,False
Asteroid mass,mass_log10_kg,21.8642936596218,1.2,0.0,4.7,z,65,0.004,0.2934048202821893,False
Asteroid mass,mass_log10_kg,21.873192436040043,1.2,0.0,4.7,z,65,0.004,0.2934048202821893,False
Asteroid mass,mass_log10_kg,21.88209121245829,1.2,0.0,4.7,z,65,0.004,0.2934048202821893,False
Asteroid mass,mass_log10_kg,21.89098998887653,1.2,0.0,4.7,z,65,0.004,0.2934048202821893,False
Asteroid mass,mass_log10_kg,21.899888765294772,1.2,0.0,4.7,z,65,0.004,0.2934048202821893,False
Asteroid mass,mass_log10_kg,21.908787541713014,1.2,0.0,4.7,z,65,0.004,0.2934048202821893,False
Asteroid mass,mass_log10_kg,21.917686318131256,1.2,0.0,4.7,z,65,0.004,0.2934048202821893,False
Asteroid mass,mass_log10_kg,21.926585094549498,1.2,0.0,4.7,z,65,0.004,0.2934048202821893,False
Asteroid mass,mass_log10_kg,21.935483870967744,1.2,0.0,4.7,z,65,0.004,0.2934048202821893,False
Asteroid mass,mass_log10_kg,21.944382647385986,1.2,0.0,4.7,z,65,0.004,0.2934048202821893,False
Asteroid mass,mass_log10_kg,21.953281423804228,1.2,0.0,4.7,z,65,0.004,0.2934048202821893,False
Asteroid mass,mass_log10_kg,21.96218020022247,1.2,0.0,4.7,z,65,0.004,0.2934048202821893,False
Asteroid mass,mass_log10_kg,21.97107897664071,1.2,0.0,4.7,z,65,0.004,0.2934048202821893,False
Asteroid mass,mass_log10_kg,21.979977753058954,1.2,0.0,4.7,z,65,0.004,0.2934048202821893,False
Asteroid mass,mass_log10_kg,21.988876529477196,1.2,0.0,4.7,z,65,0.004,0.2934048202821893,False
Asteroid mass,mass_log10_kg,21.997775305895438,1.2,0.0,4.7,z,65,0.004,0.2934048202821893,False
Asteroid mass,mass_log10_kg,22.00667408231368,1.2,0.0,4.7,z,65,0.004,0.2934048202821893,False
Asteroid mass,mass_log10_kg,22.015572858731925,1.2,0.0,4.7,z,65,0.004,0.2934048202821893,False
Asteroid mass,mass_log10_kg,22.024471635150167,1.2,0.0,4.7,z,65,0.004,0.2934048202821893,False
Asteroid mass,mass_log10_kg,22.03337041156841,1.2,0.0,4.7,z,65,0.004,0.2934048202821893,False
Asteroid mass,mass_log10_kg,22.04226918798665,1.2,0.0,4.7,z,65,0.004,0.2934048202821893,False
Asteroid mass,mass_log10_kg,22.051167964404893,1.2,0.0,4.7,z,65,0.004,0.2934048202821893,False
Asteroid mass,mass_log10_kg,22.06006674082314,1.2,0.0,4.7,z,65,0.004,0.2934048202821893,False
Asteroid mass,mass_log10_kg,22.06896551724138,1.2,0.0,4.7,z,65,0.004,0.2934048202821893,False
Asteroid mass,mass_log10_kg,22.077864293659623,1.2,0.0,4.7,z,65,0.004,0.2934048202821893,False
Asteroid mass,mass_log10_kg,22.086763070077865,1.2,0.0,4.7,z,65,0.004,0.2934048202821893,False
Asteroid mass,mass_log10_kg,22.095661846496107,1.2,0.0,4.7,z,65,0.004,0.2934048202821893,False
Asteroid mass,mass_log10_kg,22.10456062291435,1.2,0.0,4.7,z,65,0.004,0.2934048202821893,False
Asteroid mass,mass_log10_kg,22.11345939933259,1.2,0.0,4.7,z,65,0.004,0.2934048202821893,False
Asteroid mass,mass_log10_kg,22.122358175750833,1.2,0.0,4.7,z,65,0.004,0.2934048202821893,False
Asteroid mass,mass_log10_kg,22.131256952169075,1.2,0.0,4.7,z,65,0.004,0.2934048202821893,False
Asteroid mass,mass_log10_kg,22.14015572858732,1.2,0.0,4.7,z,65,0.004,0.2934048202821893,False
Asteroid mass,mass_log10_kg,22.149054505005562,1.2,0.0,4.7,z,65,0.004,0.2934048202821893,False
Asteroid mass,mass_log10_kg,22.157953281423804,1.2,0.0,4.7,z,65,0.004,0.2934048202821893,False
Asteroid mass,mass_log10_kg,22.166852057842046,1.2,0.0,4.7,z,65,0.004,0.2934048202821893,False
Asteroid mass,mass_log10_kg,22.17575083426029,1.2,0.0,4.7,z,65,0.004,0.2934048202821893,False
Asteroid mass,mass_log10_kg,22.184649610678534,1.2,0.0,4.7,z,65,0.004,0.2934048202821893,False
Asteroid mass,mass_log10_kg,22.193548387096776,1.2,0.0,4.7,z,65,0.004,0.2934048202821893,False
Asteroid mass,mass_log10_kg,22.202447163515018,1.2,0.0,4.7,z,65,0.004,0.2934048202821893,False
Asteroid mass,mass_log10_kg,22.21134593993326,1.2,0.0,4.7,z,65,0.004,0.2934048202821893,False
Asteroid mass,mass_log10_kg,22.220244716351502,1.2,0.0,4.7,z,65,0.004,0.2934048202821893,False
Asteroid mass,mass_log10_kg,22.229143492769744,1.2,0.0,4.7,z,65,0.004,0.2934048202821893,False
Asteroid mass,mass_log10_kg,22.238042269187986,1.2,0.0,4.7,z,65,0.004,0.2934048202821893,False
Asteroid mass,mass_log10_kg,22.246941045606228,1.2,0.0,4.7,z,65,0.004,0.2934048202821893,False
Asteroid mass,mass_log10_kg,22.25583982202447,1.2,0.0,4.7,z,65,0.004,0.2934048202821893,False
Asteroid mass,mass_log10_kg,22.264738598442715,1.2,0.0,4.7,z,65,0.004,0.2934048202821893,False
Asteroid mass,mass_log10_kg,22.273637374860957,1.2,0.0,4.7,z,65,0.004,0.2934048202821893,False
Asteroid mass,mass_log10_kg,22.2825361512792,1.2,0.0,4.7,z,65,0.004,0.2934048202821893,False
Asteroid mass,mass_log10_kg,22.29143492769744,1.2,0.0,4.7,z,65,0.004,0.2934048202821893,False
Asteroid mass,mass_log10_kg,22.300333704115683,1.2,0.0,4.7,z,65,0.004,0.2934048202821893,False
Asteroid mass,mass_log10_kg,22.309232480533925,1.2,0.0,4.7,z,65,0.004,0.2934048202821893,False
Asteroid mass,mass_log10_kg,22.31813125695217,1.2,0.0,4.7,z,65,0.004,0.2934048202821893,False
Asteroid mass,mass_log10_kg,22.327030033370413,1.2,0.0,4.7,z,65,0.004,0.2934048202821893,False
Asteroid mass,mass_log10_kg,22.335928809788655,1.2,0.0,4.7,z,65,0.004,0.2934048202821893,False
Asteroid mass,mass_log10_kg,22.344827586206897,1.2,0.0,4.7,z,65,0.004,0.2934048202821893,False
Asteroid mass,mass_log10_kg,22.35372636262514,1.2,0.0,4.7,z,65,0.004,0.2934048202821893,False
Asteroid mass,mass_log10_kg,22.36262513904338,1.2,0.0,4.7,z,65,0.004,0.2934048202821893,False
Asteroid mass,mass_log10_kg,22.371523915461623,1.2,0.0,4.7,z,65,0.004,0.2934048202821893,False
Asteroid mass,mass_log10_kg,22.380422691879865,1.2,0.0,4.7,z,65,0.004,0.2934048202821893,False
Asteroid mass,mass_log10_kg,22.389321468298107,1.2,0.0,4.7,z,65,0.004,0.2934048202821893,False
Asteroid mass,mass_log10_kg,22.398220244716352,1.2,0.0,4.7,z,65,0.004,0.2934048202821893,False
Asteroid mass,mass_log10_kg,22.407119021134594,1.2,0.0,4.7,z,65,0.004,0.2934048202821893,False
Asteroid mass,mass_log10_kg,22.416017797552836,1.2,0.0,4.7,z,65,0.004,0.2934048202821893,False
Asteroid mass,mass_log10_kg,22.42491657397108,1.2,0.0,4.7,z,65,0.004,0.2934048202821893,False
Asteroid mass,mass_log10_kg,22.43381535038932,1.2,0.0,4.7,z,65,0.004,0.2934048202821893,False
Asteroid mass,mass_log10_kg,22.442714126807566,1.2,0.0,4.7,z,65,0.004,0.2934048202821893,False
Asteroid mass,mass_log10_kg,22.451612903225808,1.2,0.0,4.7,z,65,0.004,0.2934048202821893,False
Asteroid mass,mass_log10_kg,22.46051167964405,1.2,0.0,4.7,z,65,0.004,0.2934048202821893,False
Asteroid mass,mass_log10_kg,22.469410456062292,1.2,0.0,4.7,z,65,0.004,0.2934048202821893,False
Asteroid mass,mass_log10_kg,22.478309232480534,1.2,0.0,4.7,z,65,0.004,0.2934048202821893,False
Asteroid mass,mass_log10_kg,22.487208008898776,1.2,0.0,4.7,z,65,0.004,0.2934048202821893,False
Asteroid mass,mass_log10_kg,22.496106785317018,1.2,0.0,4.7,z,65,0.004,0.2934048202821893,False
Asteroid mass,mass_log10_kg,22.50500556173526,1.2,0.0,4.7,z,65,0.004,0.2934048202821893,False
Asteroid mass,mass_log10_kg,22.513904338153502,1.2,0.0,4.7,z,65,0.004,0.2934048202821893,False
Asteroid mass,mass_log10_kg,22.522803114571747,1.2,0.0,4.7,z,65,0.004,0.2934048202821893,False
Asteroid mass,mass_log10_kg,22.53170189098999,1.2,0.0,4.7,z,65,0.004,0.2934048202821893,False
Asteroid mass,mass_log10_kg,22.54060066740823,1.2,0.0,4.7,z,65,0.004,0.2934048202821893,False
Asteroid mass,mass_log10_kg,22.549499443826473,1.2,0.0,4.7,z,65,0.004,0.2934048202821893,False
Asteroid mass,mass_log10_kg,22.558398220244715,1.2,0.0,4.7,z,65,0.004,0.2934048202821893,False
Asteroid mass,mass_log10_kg,22.56729699666296,1.2,0.0,4.7,z,65,0.004,0.2934048202821893,False
Asteroid mass,mass_log10_kg,22.576195773081203,1.2,0.0,4.7,z,65,0.004,0.2934048202821893,False
Asteroid mass,mass_log10_kg,22.585094549499445,1.2,0.0,4.7,z,65,0.004,0.2934048202821893,False
Asteroid mass,mass_log10_kg,22.593993325917687,1.2,0.0,4.7,z,65,0.004,0.2934048202821893,False
Asteroid mass,mass_log10_kg,22.60289210233593,1.2,0.0,4.7,z,65,0.004,0.2934048202821893,False
Asteroid mass,mass_log10_kg,22.61179087875417,1.2,0.0,4.7,z,65,0.004,0.2934048202821893,False
Asteroid mass,mass_log10_kg,22.620689655172413,1.2,0.0,4.7,z,65,0.004,0.2934048202821893,False
Asteroid mass,mass_log10_kg,22.629588431590655,1.2,0.0,4.7,z,65,0.004,0.2934048202821893,False
Asteroid mass,mass_log10_kg,22.638487208008897,1.2,0.0,4.7,z,65,0.004,0.2934048202821893,False
Asteroid mass,mass_log10_kg,22.647385984427142,1.2,0.0,4.7,z,65,0.004,0.2934048202821893,False
Asteroid mass,mass_log10_kg,22.656284760845384,1.2,0.0,4.7,z,65,0.004,0.2934048202821893,False
Asteroid mass,mass_log10_kg,22.665183537263626,1.2,0.0,4.7,z,65,0.004,0.2934048202821893,False
Asteroid mass,mass_log10_kg,22.67408231368187,1.2,0.0,4.7,z,65,0.004,0.2934048202821893,False
Asteroid mass,mass_log10_kg,22.68298109010011,1.2,0.0,4.7,z,65,0.004,0.2934048202821893,False
Asteroid mass,mass_log10_kg,22.691879866518356,1.2,0.0,4.7,z,65,0.004,0.2934048202821893,False
Asteroid mass,mass_log10_kg,22.700778642936598,1.2,0.0,4.7,z,65,0.004,0.2934048202821893,False
Asteroid mass,mass_log10_kg,22.70967741935484,1.2,0.0,4.7,z,65,0.004,0.2934048202821893,False
Asteroid mass,mass_log10_kg,22.718576195773082,1.2,0.0,4.7,z,65,0.004,0.2934048202821893,False
Asteroid mass,mass_log10_kg,22.727474972191324,1.2,0.0,4.7,z,65,0.004,0.2934048202821893,False
Asteroid mass,mass_log10_kg,22.736373748609566,1.2,0.0,4.7,z,65,0.004,0.2934048202821893,False
Asteroid mass,mass_log10_kg,22.745272525027808,1.2,0.0,4.7,z,65,0.004,0.2934048202821893,False
Asteroid mass,mass_log10_kg,22.75417130144605,1.2,0.0,4.7,z,65,0.004,0.2934048202821893,False
Asteroid mass,mass_log10_kg,22.763070077864292,1.2,0.0,4.7,z,65,0.004,0.2934048202821893,False
Asteroid mass,mass_log10_kg,22.771968854282537,1.2,0.0,4.7,z,65,0.004,0.2934048202821893,False
Asteroid mass,mass_log10_kg,22.78086763070078,1.2,0.0,4.7,z,65,0.004,0.2934048202821893,False
Asteroid mass,mass_log10_kg,22.78976640711902,1.2,0.0,4.7,z,65,0.004,0.2934048202821893,False
Asteroid mass,mass_log10_kg,22.798665183537263,1.2,0.0,4.7,z,65,0.004,0.2934048202821893,False
Asteroid mass,mass_log10_kg,22.807563959955505,1.2,0.0,4.7,z,65,0.004,0.2934048202821893,False
Asteroid mass,mass_log10_kg,22.816462736373747,1.2,0.0,4.7,z,65,0.004,0.2934048202821893,False
Asteroid mass,mass_log10_kg,22.825361512791993,1.2,0.0,4.7,z,65,0.004,0.2934048202821893,False
Asteroid mass,mass_log10_kg,22.834260289210235,1.2,0.0,4.7,z,65,0.004,0.2934048202821893,False
Asteroid mass,mass_log10_kg,22.843159065628477,1.2,0.0,4.7,z,65,0.004,0.2934048202821893,False
Asteroid mass,mass_log10_kg,22.85205784204672,1.2,0.0,4.7,z,65,0.004,0.2934048202821893,False
Asteroid mass,mass_log10_kg,22.86095661846496,1.2,0.0,4.7,z,65,0.004,0.2934048202821893,False
Asteroid mass,mass_log10_kg,22.869855394883203,1.2,0.0,4.7,z,65,0.004,0.2934048202821893,False
Asteroid mass,mass_log10_kg,22.878754171301445,1.2,0.0,4.7,z,65,0.004,0.2934048202821893,False
Asteroid mass,mass_log10_kg,22.887652947719687,1.2,0.0,4.7,z,65,0.004,0.2934048202821893,False
Asteroid mass,mass_log10_kg,22.89655172413793,1.2,0.0,4.7,z,65,0.004,0.2934048202821893,False
Asteroid mass,mass_log10_kg,22.905450500556174,1.2,0.0,4.7,z,65,0.004,0.2934048202821893,False
Asteroid mass,mass_log10_kg,22.914349276974416,1.2,0.0,4.7,z,65,0.004,0.2934048202821893,False
Asteroid mass,mass_log10_kg,22.92324805339266,1.2,0.0,4.7,z,65,0.004,0.2934048202821893,False
Asteroid mass,mass_log10_kg,22.9321468298109,1.2,0.0,4.7,z,65,0.004,0.2934048202821893,False
Asteroid mass,mass_log10_kg,22.941045606229142,1.2,0.0,4.7,z,65,0.004,0.2934048202821893,False
Asteroid mass,mass_log10_kg,22.949944382647388,1.2,0.0,4.7,z,65,0.004,0.2934048202821893,False
Asteroid mass,mass_log10_kg,22.95884315906563,1.2,0.0,4.7,z,65,0.004,0.2934048202821893,False
Asteroid mass,mass_log10_kg,22.967741935483872,1.2,0.0,4.7,z,65,0.004,0.2934048202821893,False
Asteroid mass,mass_log10_kg,22.976640711902114,1.2,0.0,4.7,z,65,0.004,0.2934048202821893,False
Asteroid mass,mass_log10_kg,22.985539488320356,1.2,0.0,4.7,z,65,0.004,0.2934048202821893,False
Asteroid mass,mass_log10_kg,22.994438264738598,1.2,0.0,4.7,z,65,0.004,0.2934048202821893,False
Asteroid mass,mass_log10_kg,23.00333704115684,1.2,0.0,4.7,z,65,0.004,0.2934048202821893,False
Asteroid mass,mass_log10_kg,23.012235817575082,1.2,0.0,4.7,z,65,0.004,0.2934048202821893,False
Asteroid mass,mass_log10_kg,23.021134593993324,1.2,0.0,4.7,z,65,0.004,0.2934048202821893,False
Asteroid mass,mass_log10_kg,23.03003337041157,1.2,0.0,4.7,z,65,0.004,0.2934048202821893,False
Asteroid mass,mass_log10_kg,23.03893214682981,1.2,0.0,4.7,z,65,0.004,0.2934048202821893,False
Asteroid mass,mass_log10_kg,23.047830923248053,1.2,0.0,4.7,z,65,0.004,0.2934048202821893,False
Asteroid mass,mass_log10_kg,23.056729699666295,1.2,0.0,4.7,z,65,0.004,0.2934048202821893,False
Asteroid mass,mass_log10_kg,23.065628476084537,1.2,0.0,4.7,z,65,0.004,0.2934048202821893,False
Asteroid mass,mass_log10_kg,23.074527252502783,1.2,0.0,4.7,z,65,0.004,0.2934048202821893,False
Asteroid mass,mass_log10_kg,23.083426028921025,1.2,0.0,4.7,z,65,0.004,0.2934048202821893,False
Asteroid mass,mass_log10_kg,23.092324805339267,1.2,0.0,4.7,z,65,0.004,0.2934048202821893,False
Asteroid mass,mass_log10_kg,23.10122358175751,1.2,0.0,4.7,z,65,0.004,0.2934048202821893,False
Asteroid mass,mass_log10_kg,23.11012235817575,1.2,0.0,4.7,z,65,0.004,0.2934048202821893,False
Asteroid mass,mass_log10_kg,23.119021134593993,1.2,0.0,4.7,z,65,0.004,0.2934048202821893,False
Asteroid mass,mass_log10_kg,23.127919911012235,1.2,0.0,4.7,z,65,0.004,0.2934048202821893,False
Asteroid mass,mass_log10_kg,23.136818687430477,1.2,0.0,4.7,z,65,0.004,0.2934048202821893,False
Asteroid mass,mass_log10_kg,23.14571746384872,1.2,0.0,4.7,z,65,0.004,0.2934048202821893,False
Asteroid mass,mass_log10_kg,23.154616240266964,1.2,0.0,4.7,z,65,0.004,0.2934048202821893,False
Asteroid mass,mass_log10_kg,23.163515016685206,1.2,0.0,4.7,z,65,0.004,0.2934048202821893,False
Asteroid mass,mass_log10_kg,23.17241379310345,1.2,0.0,4.7,z,65,0.004,0.2934048202821893,False
Asteroid mass,mass_log10_kg,23.18131256952169,1.2,0.0,4.7,z,65,0.004,0.2934048202821893,False
Asteroid mass,mass_log10_kg,23.190211345939932,1.2,0.0,4.7,z,65,0.004,0.2934048202821893,False
Asteroid mass,mass_log10_kg,23.199110122358174,1.2,0.0,4.7,z,65,0.004,0.2934048202821893,False
Asteroid mass,mass_log10_kg,23.20800889877642,1.2,0.0,4.7,z,65,0.004,0.2934048202821893,False
Asteroid mass,mass_log10_kg,23.216907675194662,1.2,0.0,4.7,z,65,0.004,0.2934048202821893,False
Asteroid mass,mass_log10_kg,23.225806451612904,1.2,0.0,4.7,z,65,0.004,0.2934048202821893,False
Asteroid mass,mass_log10_kg,23.234705228031146,1.2,0.0,4.7,z,65,0.004,0.2934048202821893,False
Asteroid mass,mass_log10_kg,23.243604004449388,1.2,0.0,4.7,z,65,0.004,0.2934048202821893,False
Asteroid mass,mass_log10_kg,23.25250278086763,1.2,0.0,4.7,z,65,0.004,0.2934048202821893,False
Asteroid mass,mass_log10_kg,23.261401557285872,1.2,0.0,4.7,z,65,0.004,0.2934048202821893,False
Asteroid mass,mass_log10_kg,23.270300333704114,1.2,0.0,4.7,z,65,0.004,0.2934048202821893,False
Asteroid mass,mass_log10_kg,23.27919911012236,1.2,0.0,4.7,z,65,0.004,0.2934048202821893,False
Asteroid mass,mass_log10_kg,23.2880978865406,1.2,0.0,4.7,z,65,0.004,0.2934048202821893,False
Asteroid mass,mass_log10_kg,23.296996662958843,1.2,0.0,4.7,z,65,0.004,0.2934048202821893,False
Asteroid mass,mass_log10_kg,23.305895439377085,1.2,0.0,4.7,z,65,0.004,0.2934048202821893,False
Asteroid mass,mass_log10_kg,23.314794215795327,1.2,0.0,4.7,z,65,0.004,0.2934048202821893,False
Asteroid mass,mass_log10_kg,23.32369299221357,1.2,0.0,4.7,z,65,0.004,0.2934048202821893,False
Asteroid mass,mass_log10_kg,23.332591768631815,1.2,0.0,4.7,z,65,0.004,0.2934048202821893,False
Asteroid mass,mass_log10_kg,23.341490545050057,1.2,0.0,4.7,z,65,0.004,0.2934048202821893,False
Asteroid mass,mass_log10_kg,23.3503893214683,1.2,0.0,4.7,z,65,0.004,0.2934048202821893,False
Asteroid mass,mass_log10_kg,23.35928809788654,1.2,0.0,4.7,z,65,0.004,0.2934048202821893,False
Asteroid mass,mass_log10_kg,23.368186874304783,1.2,0.0,4.7,z,65,0.004,0.2934048202821893,False
Asteroid mass,mass_log10_kg,23.377085650723025,1.2,0.0,4.7,z,65,0.004,0.2934048202821893,False
Asteroid mass,mass_log10_kg,23.385984427141267,1.2,0.0,4.7,z,65,0.004,0.2934048202821893,False
Asteroid mass,mass_log10_kg,23.39488320355951,1.2,0.0,4.7,z,65,0.004,0.2934048202821893,False
Asteroid mass,mass_log10_kg,23.40378197997775,1.2,0.0,4.7,z,65,0.004,0.2934048202821893,False
Asteroid mass,mass_log10_kg,23.412680756395996,1.2,0.0,4.7,z,65,0.004,0.2934048202821893,False
Asteroid mass,mass_log10_kg,23.42157953281424,1.2,0.0,4.7,z,65,0.004,0.2934048202821893,False
Asteroid mass,mass_log10_kg,23.43047830923248,1.2,0.0,4.7,z,65,0.004,0.2934048202821893,False
Asteroid mass,mass_log10_kg,23.439377085650722,1.2,0.0,4.7,z,65,0.004,0.2934048202821893,False
Asteroid mass,mass_log10_kg,23.448275862068964,1.2,0.0,4.7,z,65,0.004,0.2934048202821893,False
Asteroid mass,mass_log10_kg,23.45717463848721,1.2,0.0,4.7,z,65,0.004,0.2934048202821893,False
Asteroid mass,mass_log10_kg,23.466073414905452,1.2,0.0,4.7,z,65,0.004,0.2934048202821893,False
Asteroid mass,mass_log10_kg,23.474972191323694,1.2,0.0,4.7,z,65,0.004,0.2934048202821893,False
Asteroid mass,mass_log10_kg,23.483870967741936,1.2,0.0,4.7,z,65,0.004,0.2934048202821893,False
Asteroid mass,mass_log10_kg,23.492769744160178,1.2,0.0,4.7,z,65,0.004,0.2934048202821893,False
Asteroid mass,mass_log10_kg,23.50166852057842,1.2,0.0,4.7,z,65,0.004,0.2934048202821893,False
Asteroid mass,mass_log10_kg,23.510567296996662,1.2,0.0,4.7,z,65,0.004,0.2934048202821893,False
Asteroid mass,mass_log10_kg,23.519466073414904,1.2,0.0,4.7,z,65,0.004,0.2934048202821893,False
Asteroid mass,mass_log10_kg,23.528364849833146,1.2,0.0,4.7,z,65,0.004,0.2934048202821893,False
Asteroid mass,mass_log10_kg,23.53726362625139,1.2,0.0,4.7,z,65,0.004,0.2934048202821893,False
Asteroid mass,mass_log10_kg,23.546162402669633,1.2,0.0,4.7,z,65,0.004,0.2934048202821893,False
Asteroid mass,mass_log10_kg,23.555061179087875,1.2,0.0,4.7,z,65,0.004,0.2934048202821893,False
Asteroid mass,mass_log10_kg,23.563959955506117,1.2,0.0,4.7,z,65,0.004,0.2934048202821893,False
Asteroid mass,mass_log10_kg,23.57285873192436,1.2,0.0,4.7,z,65,0.004,0.2934048202821893,False
Asteroid mass,mass_log10_kg,23.581757508342605,1.2,0.0,4.7,z,65,0.004,0.2934048202821893,False
Asteroid mass,mass_log10_kg,23.590656284760847,1.2,0.0,4.7,z,65,0.004,0.2934048202821893,False
Asteroid mass,mass_log10_kg,23.59955506117909,1.2,0.0,4.7,z,65,0.004,0.2934048202821893,False
Asteroid mass,mass_log10_kg,23.60845383759733,1.2,0.0,4.7,z,65,0.004,0.2934048202821893,False
Asteroid mass,mass_log10_kg,23.617352614015573,1.2,0.0,4.7,z,65,0.004,0.2934048202821893,False
Asteroid mass,mass_log10_kg,23.626251390433815,1.2,0.0,4.7,z,65,0.004,0.2934048202821893,False
Asteroid mass,mass_log10_kg,23.635150166852057,1.2,0.0,4.7,z,65,0.004,0.2934048202821893,False
Asteroid mass,mass_log10_kg,23.6440489432703,1.2,0.0,4.7,z,65,0.004,0.2934048202821893,False
Asteroid mass,mass_log10_kg,23.65294771968854,1.2,0.0,4.7,z,65,0.004,0.2934048202821893,False
Asteroid mass,mass_log10_kg,23.661846496106786,1.2,0.0,4.7,z,65,0.004,0.2934048202821893,False
Asteroid mass,mass_log10_kg,23.67074527252503,1.2,0.0,4.7,z,65,0.004,0.2934048202821893,False
Asteroid mass,mass_log10_kg,23.67964404894327,1.2,0.0,4.7,z,65,0.004,0.2934048202821893,False
Asteroid mass,mass_log10_kg,23.688542825361512,1.2,0.0,4.7,z,65,0.004,0.2934048202821893,False
Asteroid mass,mass_log10_kg,23.697441601779754,1.2,0.0,4.7,z,65,0.004,0.2934048202821893,False
Asteroid mass,mass_log10_kg,23.706340378197996,1.2,0.0,4.7,z,65,0.004,0.2934048202821893,False
Asteroid mass,mass_log10_kg,23.715239154616242,1.2,0.0,4.7,z,65,0.004,0.2934048202821893,False
Asteroid mass,mass_log10_kg,23.724137931034484,1.2,0.0,4.7,z,65,0.004,0.2934048202821893,False
Asteroid mass,mass_log10_kg,23.733036707452726,1.2,0.0,4.7,z,65,0.004,0.2934048202821893,False
Asteroid mass,mass_log10_kg,23.741935483870968,1.2,0.0,4.7,z,65,0.004,0.2934048202821893,False
Asteroid mass,mass_log10_kg,23.75083426028921,1.2,0.0,4.7,z,65,0.004,0.2934048202821893,False
Asteroid mass,mass_log10_kg,23.759733036707452,1.2,0.0,4.7,z,65,0.004,0.2934048202821893,False
Asteroid mass,mass_log10_kg,23.768631813125694,1.2,0.0,4.7,z,65,0.004,0.2934048202821893,False
Asteroid mass,mass_log10_kg,23.777530589543936,1.2,0.0,4.7,z,65,0.004,0.2934048202821893,False
Asteroid mass,mass_log10_kg,23.786429365962178,1.2,0.0,4.7,z,65,0.004,0.2934048202821893,False
Asteroid mass,mass_log10_kg,23.795328142380423,1.2,0.0,4.7,z,65,0.004,0.2934048202821893,False
Asteroid mass,mass_log10_kg,23.804226918798665,1.2,0.0,4.7,z,65,0.004,0.2934048202821893,False
Asteroid mass,mass_log10_kg,23.813125695216907,1.2,0.0,4.7,z,65,0.004,0.2934048202821893,False
Asteroid mass,mass_log10_kg,23.82202447163515,1.2,0.0,4.7,z,65,0.004,0.2934048202821893,False
Asteroid mass,mass_log10_kg,23.83092324805339,1.2,0.0,4.7,z,65,0.004,0.2934048202821893,False
Asteroid mass,mass_log10_kg,23.839822024471637,1.2,0.0,4.7,z,65,0.004,0.2934048202821893,False
Asteroid mass,mass_log10_kg,23.84872080088988,1.2,0.0,4.7,z,65,0.004,0.2934048202821893,False
Asteroid mass,mass_log10_kg,23.85761957730812,1.2,0.0,4.7,z,65,0.004,0.2934048202821893,False
Asteroid mass,mass_log10_kg,23.866518353726363,1.2,0.0,4.7,z,65,0.004,0.2934048202821893,False
Asteroid mass,mass_log10_kg,23.875417130144605,1.2,0.0,4.7,z,65,0.004,0.2934048202821893,False
Asteroid mass,mass_log10_kg,23.884315906562847,1.2,0.0,4.7,z,65,0.004,0.2934048202821893,False
Asteroid mass,mass_log10_kg,23.89321468298109,1.2,0.0,4.7,z,65,0.004,0.2934048202821893,False
Asteroid mass,mass_log10_kg,23.90211345939933,1.2,0.0,4.7,z,65,0.004,0.2934048202821893,False
Asteroid mass,mass_log10_kg,23.911012235817573,1.2,0.0,4.7,z,65,0.004,0.2934048202821893,False
Asteroid mass,mass_log10_kg,23.91991101223582,1.2,0.0,4.7,z,65,0.004,0.2934048202821893,False
Asteroid mass,mass_log10_kg,23.92880978865406,1.2,0.0,4.7,z,65,0.004,0.2934048202821893,False
Asteroid mass,mass_log10_kg,23.937708565072302,1.2,0.0,4.7,z,65,0.004,0.2934048202821893,False
Asteroid mass,mass_log10_kg,23.946607341490544,1.2,0.0,4.7,z,65,0.004,0.2934048202821893,False
Asteroid mass,mass_log10_kg,23.955506117908786,1.2,0.0,4.7,z,65,0.004,0.2934048202821893,False
Asteroid mass,mass_log10_kg,23.964404894327032,1.2,0.0,4.7,z,65,0.004,0.2934048202821893,False
Asteroid mass,mass_log10_kg,23.973303670745274,1.2,0.0,4.7,z,65,0.004,0.2934048202821893,False
Asteroid mass,mass_log10_kg,23.982202447163516,1.2,0.0,4.7,z,65,0.004,0.2934048202821893,False
Asteroid mass,mass_log10_kg,23.991101223581758,1.2,0.0,4.7,z,65,0.004,0.2934048202821893,False
Asteroid mass,mass_log10_kg,24.0,1.2,0.0,4.7,z,65,0.004,0.2934048202821893,False
Spin period (z-axis),spin_period_hr,20.0,1.2,0.0,0.5,z,65,0.004,0.2806092910475038,False
Spin period (z-axis),spin_period_hr,20.0,1.2,0.0,0.5439377085650723,z,65,0.004,0.2806092910475038,False
Spin period (z-axis),spin_period_hr,20.0,1.2,0.0,0.5878754171301446,z,65,0.004,0.2806092910475038,False
Spin period (z-axis),spin_period_hr,20.0,1.2,0.0,0.6318131256952169,z,65,0.004,0.2806092910475038,False
Spin period (z-axis),spin_period_hr,20.0,1.2,0.0,0.6757508342602891,z,65,0.004,0.2806092910475038,False
Spin period (z-axis),spin_period_hr,20.0,1.2,0.0,0.7196885428253614,z,65,0.004,0.2806092910475038,False
Spin period (z-axis),spin_period_hr,20.0,1.2,0.0,0.7636262513904338,z,65,0.004,0.2806092910475038,False
Spin period (z-axis),spin_period_hr,20.0,1.2,0.0,0.8075639599555061,z,65,0.004,0.2806092910475038,False
Spin period (z-axis),spin_period_hr,20.0,1.2,0.0,0.8515016685205784,z,65,0.004,0.2806092910475038,False
Spin period (z-axis),spin_period_hr,20.0,1.2,0.0,0.8954393770856507,z,65,0.004,0.2806092910475038,False
Spin period (z-axis),spin_period_hr,20.0,1.2,0.0,0.939377085650723,z,65,0.004,0.2806092910475038,False
Spin period (z-axis),spin_period_hr,20.0,1.2,0.0,0.9833147942157954,z,65,0.004,0.2806092910475038,False
Spin period (z-axis),spin_period_hr,20.0,1.2,0.0,1.0272525027808677,z,65,0.004,0.2806092910475038,False
Spin period (z-axis),spin_period_hr,20.0,1.2,0.0,1.07119021134594,z,65,0.004,0.2806092910475038,False
Spin period (z-axis),spin_period_hr,20.0,1.2,0.0,1.1151279199110122,z,65,0.004,0.2806092910475038,False
Spin period (z-axis),spin_period_hr,20.0,1.2,0.0,1.1590656284760845,z,65,0.004,0.2806092910475038,False
Spin period (z-axis),spin_period_hr,20.0,1.2,0.0,1.2030033370411568,z,65,0.004,0.2806092910475038,False
Spin period (z-axis),spin_period_hr,20.0,1.2,0.0,1.246941045606229,z,65,0.004,0.2806092910475038,False
Spin period (z-axis),spin_period_hr,20.0,1.2,0.0,1.2908787541713014,z,65,0.004,0.2806092910475038,False
Spin period (z-axis),spin_period_hr,20.0,1.2,0.0,1.3348164627363737,z,65,0.004,0.2806092910475038,False
Spin period (z-axis),spin_period_hr,20.0,1.2,0.0,1.378754171301446,z,65,0.004,0.2806092910475038,False
Spin period (z-axis),spin_period_hr,20.0,1.2,0.0,1.4226918798665182,z,65,0.004,0.2806092910475038,False
Spin period (z-axis),spin_period_hr,20.0,1.2,0.0,1.4666295884315907,z,65,0.004,0.2806092910475038,False
Spin period (z-axis),spin_period_hr,20.0,1.2,0.0,1.5105672969966628,z,65,0.004,0.2806092910475038,False
Spin period (z-axis),spin_period_hr,20.0,1.2,0.0,1.5545050055617353,z,65,0.004,0.2806092910475038,False
Spin period (z-axis),spin_period_hr,20.0,1.2,0.0,1.5984427141268076,z,65,0.004,0.2806092910475038,False
Spin period (z-axis),spin_period_hr,20.0,1.2,0.0,1.64238042269188,z,65,0.004,0.2806092910475038,False
Spin period (z-axis),spin_period_hr,20.0,1.2,0.0,1.6863181312569522,z,65,0.004,0.2806092910475038,False
Spin period (z-axis),spin_period_hr,20.0,1.2,0.0,1.7302558398220245,z,65,0.004,0.2806092910475038,False
Spin period (z-axis),spin_period_hr,20.0,1.2,0.0,1.7741935483870968,z,65,0.004,0.2806092910475038,False
Spin period (z-axis),spin_period_hr,20.0,1.2,0.0,1.818131256952169,z,65,0.004,0.2806092910475038,False
Spin period (z-axis),spin_period_hr,20.0,1.2,0.0,1.8620689655172413,z,65,0.004,0.2806092910475038,False
Spin period (z-axis),spin_period_hr,20.0,1.2,0.0,1.9060066740823136,z,65,0.004,0.2806092910475038,False
Spin period (z-axis),spin_period_hr,20.0,1.2,0.0,1.949944382647386,z,65,0.004,0.2806092910475038,False
Spin period (z-axis),spin_period_hr,20.0,1.2,0.0,1.9938820912124582,z,65,0.004,0.2806092910475038,False
Spin period (z-axis),spin_period_hr,20.0,1.2,0.0,2.0378197997775302,z,65,0.004,0.2806092910475038,False
Spin period (z-axis),spin_period_hr,20.0,1.2,0.0,2.0817575083426028,z,65,0.004,0.2806092910475038,False
Spin period (z-axis),spin_period_hr,20.0,1.2,0.0,2.1256952169076753,z,65,0.004,0.2806092910475038,False
Spin period (z-axis),spin_period_hr,20.0,1.2,0.0,2.1696329254727473,z,65,0.004,0.2806092910475038,False
Spin period (z-axis),spin_period_hr,20.0,1.2,0.0,2.2135706340378194,z,65,0.004,0.2806092910475038,False
Spin period (z-axis),spin_period_hr,20.0,1.2,0.0,2.257508342602892,z,65,0.004,0.2806092910475038,False
Spin period (z-axis),spin_period_hr,20.0,1.2,0.0,2.3014460511679644,z,65,0.004,0.2806092910475038,False
Spin period (z-axis),spin_period_hr,20.0,1.2,0.0,2.3453837597330365,z,65,0.004,0.2806092910475038,False
Spin period (z-axis),spin_period_hr,20.0,1.2,0.0,2.389321468298109,z,65,0.004,0.2806092910475038,False
Spin period (z-axis),spin_period_hr,20.0,1.2,0.0,2.4332591768631815,z,65,0.004,0.2806092910475038,False
Spin period (z-axis),spin_period_hr,20.0,1.2,0.0,2.4771968854282536,z,65,0.004,0.2806092910475038,False
Spin period (z-axis),spin_period_hr,20.0,1.2,0.0,2.5211345939933256,z,65,0.004,0.2806092910475038,False
Spin period (z-axis),spin_period_hr,20.0,1.2,0.0,2.565072302558398,z,65,0.004,0.2806092910475038,False
Spin period (z-axis),spin_period_hr,20.0,1.2,0.0,2.6090100111234706,z,65,0.004,0.2806092910475038,False
Spin period (z-axis),spin_period_hr,20.0,1.2,0.0,2.6529477196885427,z,65,0.004,0.2806092910475038,False
Spin period (z-axis),spin_period_hr,20.0,1.2,0.0,2.696885428253615,z,65,0.004,0.2806092910475038,False
Spin period (z-axis),spin_period_hr,20.0,1.2,0.0,2.7408231368186873,z,65,0.004,0.2806092910475038,False
Spin period (z-axis),spin_period_hr,20.0,1.2,0.0,2.78476084538376,z,65,0.004,0.2806092910475038,False
Spin period (z-axis),spin_period_hr,20.0,1.2,0.0,2.828698553948832,z,65,0.004,0.2806092910475038,False
Spin period (z-axis),spin_period_hr,20.0,1.2,0.0,2.8726362625139044,z,65,0.004,0.2806092910475038,False
Spin period (z-axis),spin_period_hr,20.0,1.2,0.0,2.9165739710789764,z,65,0.004,0.2806092910475038,False
Spin period (z-axis),spin_period_hr,20.0,1.2,0.0,2.960511679644049,z,65,0.004,0.2806092910475038,False
Spin period (z-axis),spin_period_hr,20.0,1.2,0.0,3.004449388209121,z,65,0.004,0.2806092910475038,True
Spin period (z-axis),spin_period_hr,20.0,1.2,0.0,3.0483870967741935,z,65,0.004,0.2806092910475038,True
Spin period (z-axis),spin_period_hr,20.0,1.2,0.0,3.0923248053392656,z,65,0.004,0.2806092910475038,True
Spin period (z-axis),spin_period_hr,20.0,1.2,0.0,3.136262513904338,z,65,0.004,0.2806092910475038,True
Spin period (z-axis),spin_period_hr,20.0,1.2,0.0,3.18020022246941,z,65,0.004,0.2806092910475038,True
Spin period (z-axis),spin_period_hr,20.0,1.2,0.0,3.2241379310344827,z,65,0.004,0.2806092910475038,True
Spin period (z-axis),spin_period_hr,20.0,1.2,0.0,3.2680756395995547,z,65,0.004,0.276712151539432,True
Spin period (z-axis),spin_period_hr,20.0,1.2,0.0,3.3120133481646272,z,65,0.004,0.2769279646953757,True
Spin period (z-axis),spin_period_hr,20.0,1.2,0.0,3.3559510567296997,z,65,0.004,0.2769279646953757,True
Spin period (z-axis),spin_period_hr,20.0,1.2,0.0,3.399888765294772,z,65,0.004,0.2769279646953757,True
Spin period (z-axis),spin_period_hr,20.0,1.2,0.0,3.4438264738598443,z,65,0.004,0.2769279646953757,True
Spin period (z-axis),spin_period_hr,20.0,1.2,0.0,3.4877641824249164,z,65,0.004,0.2769279646953757,True
Spin period (z-axis),spin_period_hr,20.0,1.2,0.0,3.531701890989989,z,65,0.004,0.2769279646953757,True
Spin period (z-axis),spin_period_hr,20.0,1.2,0.0,3.575639599555061,z,65,0.004,0.28370803265672484,True
Spin period (z-axis),spin_period_hr,20.0,1.2,0.0,3.6195773081201335,z,65,0.004,0.28370803265672484,True
Spin period (z-axis),spin_period_hr,20.0,1.2,0.0,3.6635150166852055,z,65,0.004,0.28370803265672484,True
Spin period (z-axis),spin_period_hr,20.0,1.2,0.0,3.707452725250278,z,65,0.004,0.28370803265672484,True
Spin period (z-axis),spin_period_hr,20.0,1.2,0.0,3.75139043381535,z,65,0.004,0.28370803265672484,True
Spin period (z-axis),spin_period_hr,20.0,1.2,0.0,3.7953281423804226,z,65,0.004,0.28370803265672484,True
Spin period (z-axis),spin_period_hr,20.0,1.2,0.0,3.8392658509454947,z,65,0.004,0.28370803265672484,True
Spin period (z-axis),spin_period_hr,20.0,1.2,0.0,3.883203559510567,z,65,0.004,0.28370803265672484,True
Spin period (z-axis),spin_period_hr,20.0,1.2,0.0,3.9271412680756392,z,65,0.004,0.28370803265672484,True
Spin period (z-axis),spin_period_hr,20.0,1.2,0.0,3.9710789766407117,z,65,0.004,0.28370803265672484,True
Spin period (z-axis),spin_period_hr,20.0,1.2,0.0,4.015016685205784,z,65,0.004,0.28370803265672484,True
Spin period (z-axis),spin_period_hr,20.0,1.2,0.0,4.058954393770856,z,65,0.004,0.28370803265672484,True
Spin period (z-axis),spin_period_hr,20.0,1.2,0.0,4.102892102335929,z,65,0.004,0.2724673004297912,True
Spin period (z-axis),spin_period_hr,20.0,1.2,0.0,4.146829810901001,z,65,0.004,0.2724673004297912,True
Spin period (z-axis),spin_period_hr,20.0,1.2,0.0,4.190767519466073,z,65,0.004,0.26741030328148635,True
Spin period (z-axis),spin_period_hr,20.0,1.2,0.0,4.234705228031146,z,65,0.004,0.26741030328148635,True
Spin period (z-axis),spin_period_hr,20.0,1.2,0.0,4.278642936596218,z,65,0.004,0.26741030328148635,True
Spin period (z-axis),spin_period_hr,20.0,1.2,0.0,4.32258064516129,z,65,0.004,0.26741030328148635,True
Spin period (z-axis),spin_period_hr,20.0,1.2,0.0,4.366518353726363,z,65,0.004,0.26741030328148635,True
Spin period (z-axis),spin_period_hr,20.0,1.2,0.0,4.410456062291434,z,65,0.004,0.26741030328148635,True
Spin period (z-axis),spin_period_hr,20.0,1.2,0.0,4.454393770856507,z,65,0.004,0.26741030328148635,True
Spin period (z-axis),spin_period_hr,20.0,1.2,0.0,4.498331479421579,z,65,0.004,0.26741030328148635,True
Spin period (z-axis),spin_period_hr,20.0,1.2,0.0,4.542269187986651,z,65,0.004,0.26741030328148635,True
Spin period (z-axis),spin_period_hr,20.0,1.2,0.0,4.586206896551724,z,65,0.004,0.26741030328148635,True
Spin period (z-axis),spin_period_hr,20.0,1.2,0.0,4.630144605116796,z,65,0.004,0.26741030328148635,True
Spin period (z-axis),spin_period_hr,20.0,1.2,0.0,4.674082313681868,z,65,0.004,0.26741030328148635,True
Spin period (z-axis),spin_period_hr,20.0,1.2,0.0,4.718020022246941,z,65,0.004,0.26741030328148635,True
Spin period (z-axis),spin_period_hr,20.0,1.2,0.0,4.761957730812013,z,65,0.004,0.26741030328148635,True
Spin period (z-axis),spin_period_hr,20.0,1.2,0.0,4.805895439377085,z,65,0.004,0.26741030328148635,True
Spin period (z-axis),spin_period_hr,20.0,1.2,0.0,4.8498331479421575,z,65,0.004,0.26741030328148635,True
Spin period (z-axis),spin_period_hr,20.0,1.2,0.0,4.89377085650723,z,65,0.004,0.26741030328148635,True
Spin period (z-axis),spin_period_hr,20.0,1.2,0.0,4.9377085650723025,z,65,0.004,0.26741030328148635,True
Spin period (z-axis),spin_period_hr,20.0,1.2,0.0,4.9816462736373746,z,65,0.004,0.26741030328148635,True
Spin period (z-axis),spin_period_hr,20.0,1.2,0.0,5.025583982202447,z,65,0.004,0.26741030328148635,True
Spin period (z-axis),spin_period_hr,20.0,1.2,0.0,5.06952169076752,z,65,0.004,0.26741030328148635,True
Spin period (z-axis),spin_period_hr,20.0,1.2,0.0,5.113459399332592,z,65,0.004,0.26741030328148635,True
Spin period (z-axis),spin_period_hr,20.0,1.2,0.0,5.157397107897664,z,65,0.004,0.26741030328148635,True
Spin period (z-axis),spin_period_hr,20.0,1.2,0.0,5.201334816462736,z,65,0.004,0.26741030328148635,True
Spin period (z-axis),spin_period_hr,20.0,1.2,0.0,5.245272525027809,z,65,0.004,0.26741030328148635,True
Spin period (z-axis),spin_period_hr,20.0,1.2,0.0,5.289210233592881,z,65,0.004,0.26741030328148635,True
Spin period (z-axis),spin_period_hr,20.0,1.2,0.0,5.333147942157953,z,65,0.004,0.26741030328148635,True
Spin period (z-axis),spin_period_hr,20.0,1.2,0.0,5.377085650723025,z,65,0.004,0.26741030328148635,True
Spin period (z-axis),spin_period_hr,20.0,1.2,0.0,5.421023359288098,z,65,0.004,0.26741030328148635,True
Spin period (z-axis),spin_period_hr,20.0,1.2,0.0,5.46496106785317,z,65,0.004,0.26741030328148635,True
Spin period (z-axis),spin_period_hr,20.0,1.2,0.0,5.508898776418242,z,65,0.004,0.26741030328148635,True
Spin period (z-axis),spin_period_hr,20.0,1.2,0.0,5.552836484983315,z,65,0.004,0.26741030328148635,True
Spin period (z-axis),spin_period_hr,20.0,1.2,0.0,5.596774193548387,z,65,0.004,0.26741030328148635,True
Spin period (z-axis),spin_period_hr,20.0,1.2,0.0,5.640711902113459,z,65,0.004,0.26741030328148635,True
Spin period (z-axis),spin_period_hr,20.0,1.2,0.0,5.684649610678531,z,65,0.004,0.26741030328148635,True
Spin period (z-axis),spin_period_hr,20.0,1.2,0.0,5.728587319243604,z,65,0.004,0.26741030328148635,True
Spin period (z-axis),spin_period_hr,20.0,1.2,0.0,5.772525027808676,z,65,0.004,0.26741030328148635,True
Spin period (z-axis),spin_period_hr,20.0,1.2,0.0,5.816462736373748,z,65,0.004,0.26741030328148635,True
Spin period (z-axis),spin_period_hr,20.0,1.2,0.0,5.86040044493882,z,65,0.004,0.26741030328148635,True
Spin period (z-axis),spin_period_hr,20.0,1.2,0.0,5.904338153503893,z,65,0.004,0.26741030328148635,True
Spin period (z-axis),spin_period_hr,20.0,1.2,0.0,5.948275862068965,z,65,0.004,0.26741030328148635,True
Spin period (z-axis),spin_period_hr,20.0,1.2,0.0,5.992213570634037,z,65,0.004,0.26741030328148635,True
Spin period (z-axis),spin_period_hr,20.0,1.2,0.0,6.036151279199109,z,65,0.004,0.26741030328148635,True
Spin period (z-axis),spin_period_hr,20.0,1.2,0.0,6.080088987764182,z,65,0.004,0.256989156387711,True
Spin period (z-axis),spin_period_hr,20.0,1.2,0.0,6.1240266963292544,z,65,0.004,0.256989156387711,True
Spin period (z-axis),spin_period_hr,20.0,1.2,0.0,6.1679644048943265,z,65,0.004,0.256989156387711,True
Spin period (z-axis),spin_period_hr,20.0,1.2,0.0,6.2119021134593995,z,65,0.004,0.256989156387711,True
Spin period (z-axis),spin_period_hr,20.0,1.2,0.0,6.2558398220244715,z,65,0.004,0.256989156387711,True
Spin period (z-axis),spin_period_hr,20.0,1.2,0.0,6.299777530589544,z,65,0.004,0.256989156387711,True
Spin period (z-axis),spin_period_hr,20.0,1.2,0.0,6.343715239154616,z,65,0.004,0.256989156387711,True
Spin period (z-axis),spin_period_hr,20.0,1.2,0.0,6.387652947719689,z,65,0.004,0.256989156387711,True
Spin period (z-axis),spin_period_hr,20.0,1.2,0.0,6.431590656284761,z,65,0.004,0.256989156387711,True
Spin period (z-axis),spin_period_hr,20.0,1.2,0.0,6.475528364849833,z,65,0.004,0.256989156387711,True
Spin period (z-axis),spin_period_hr,20.0,1.2,0.0,6.519466073414905,z,65,0.004,0.256989156387711,True
Spin period (z-axis),spin_period_hr,20.0,1.2,0.0,6.563403781979978,z,65,0.004,0.256989156387711,True
Spin period (z-axis),spin_period_hr,20.0,1.2,0.0,6.60734149054505,z,65,0.004,0.256989156387711,True
Spin period (z-axis),spin_period_hr,20.0,1.2,0.0,6.651279199110122,z,65,0.004,0.24271936810328643,True
Spin period (z-axis),spin_period_hr,20.0,1.2,0.0,6.695216907675194,z,65,0.004,0.24271936810328643,True
Spin period (z-axis),spin_period_hr,20.0,1.2,0.0,6.739154616240267,z,65,0.004,0.24271936810328643,True
Spin period (z-axis),spin_period_hr,20.0,1.2,0.0,6.783092324805339,z,65,0.004,0.24271936810328643,True
Spin period (z-axis),spin_period_hr,20.0,1.2,0.0,6.827030033370411,z,65,0.004,0.24271936810328643,True
Spin period (z-axis),spin_period_hr,20.0,1.2,0.0,6.870967741935484,z,65,0.004,0.24271936810328643,True
Spin period (z-axis),spin_period_hr,20.0,1.2,0.0,6.914905450500556,z,65,0.004,0.24271936810328643,True
Spin period (z-axis),spin_period_hr,20.0,1.2,0.0,6.958843159065628,z,65,0.004,0.24271936810328643,True
Spin period (z-axis),spin_period_hr,20.0,1.2,0.0,7.0027808676307,z,65,0.004,0.24271936810328643,True
Spin period (z-axis),spin_period_hr,20.0,1.2,0.0,7.046718576195773,z,65,0.004,0.24271936810328643,True
Spin period (z-axis),spin_period_hr,20.0,1.2,0.0,7.090656284760845,z,65,0.004,0.24271936810328643,True
Spin period (z-axis),spin_period_hr,20.0,1.2,0.0,7.134593993325917,z,65,0.004,0.24271936810328643,True
Spin period (z-axis),spin_period_hr,20.0,1.2,0.0,7.178531701890989,z,65,0.004,0.24271936810328643,True
Spin period (z-axis),spin_period_hr,20.0,1.2,0.0,7.222469410456062,z,65,0.004,0.24271936810328643,True
Spin period (z-axis),spin_period_hr,20.0,1.2,0.0,7.266407119021134,z,65,0.004,0.24271936810328643,True
Spin period (z-axis),spin_period_hr,20.0,1.2,0.0,7.310344827586206,z,65,0.004,0.24271936810328643,True
Spin period (z-axis),spin_period_hr,20.0,1.2,0.0,7.3542825361512785,z,65,0.004,0.24271936810328643,True
Spin period (z-axis),spin_period_hr,20.0,1.2,0.0,7.398220244716351,z,65,0.004,0.24271936810328643,True
Spin period (z-axis),spin_period_hr,20.0,1.2,0.0,7.4421579532814235,z,65,0.004,0.24271936810328643,True
Spin period (z-axis),spin_period_hr,20.0,1.2,0.0,7.4860956618464956,z,65,0.004,0.24271936810328643,True
Spin period (z-axis),spin_period_hr,20.0,1.2,0.0,7.530033370411568,z,65,0.004,0.24271936810328643,True
Spin period (z-axis),spin_period_hr,20.0,1.2,0.0,7.573971078976641,z,65,0.004,0.24271936810328643,True
Spin period (z-axis),spin_period_hr,20.0,1.2,0.0,7.617908787541713,z,65,0.004,0.24271936810328643,True
Spin period (z-axis),spin_period_hr,20.0,1.2,0.0,7.661846496106785,z,65,0.004,0.24271936810328643,True
Spin period (z-axis),spin_period_hr,20.0,1.2,0.0,7.705784204671858,z,65,0.004,0.24271936810328643,True
Spin period (z-axis),spin_period_hr,20.0,1.2,0.0,7.74972191323693,z,65,0.004,0.24271936810328643,True
Spin period (z-axis),spin_period_hr,20.0,1.2,0.0,7.793659621802002,z,65,0.004,0.24271936810328643,True
Spin period (z-axis),spin_period_hr,20.0,1.2,0.0,7.837597330367074,z,65,0.004,0.24271936810328643,True
Spin period (z-axis),spin_period_hr,20.0,1.2,0.0,7.881535038932147,z,65,0.004,0.24271936810328643,True
Spin period (z-axis),spin_period_hr,20.0,1.2,0.0,7.925472747497219,z,65,0.004,0.24271936810328643,True
Spin period (z-axis),spin_period_hr,20.0,1.2,0.0,7.969410456062291,z,65,0.004,0.24271936810328643,True
Spin period (z-axis),spin_period_hr,20.0,1.2,0.0,8.013348164627363,z,65,0.004,0.24271936810328643,True
Spin period (z-axis),spin_period_hr,20.0,1.2,0.0,8.057285873192436,z,65,0.004,0.24271936810328643,True
Spin period (z-axis),spin_period_hr,20.0,1.2,0.0,8.101223581757509,z,65,0.004,0.24271936810328643,True
Spin period (z-axis),spin_period_hr,20.0,1.2,0.0,8.14516129032258,z,65,0.004,0.24271936810328643,True
Spin period (z-axis),spin_period_hr,20.0,1.2,0.0,8.189098998887651,z,65,0.004,0.24271936810328643,True
Spin period (z-axis),spin_period_hr,20.0,1.2,0.0,8.233036707452726,z,65,0.004,0.24271936810328643,True
Spin period (z-axis),spin_period_hr,20.0,1.2,0.0,8.276974416017797,z,65,0.004,0.24271936810328643,True
Spin period (z-axis),spin_period_hr,20.0,1.2,0.0,8.320912124582868,z,65,0.004,0.24271936810328643,True
Spin period (z-axis),spin_period_hr,20.0,1.2,0.0,8.364849833147943,z,65,0.004,0.24271936810328643,True
Spin period (z-axis),spin_period_hr,20.0,1.2,0.0,8.408787541713014,z,65,0.004,0.24271936810328643,True
Spin period (z-axis),spin_period_hr,20.0,1.2,0.0,8.452725250278085,z,65,0.004,0.24271936810328643,True
Spin period (z-axis),spin_period_hr,20.0,1.2,0.0,8.496662958843158,z,65,0.004,0.24271936810328643,True
Spin period (z-axis),spin_period_hr,20.0,1.2,0.0,8.540600667408231,z,65,0.004,0.24271936810328643,True
Spin period (z-axis),spin_period_hr,20.0,1.2,0.0,8.584538375973302,z,65,0.004,0.24271936810328643,True
Spin period (z-axis),spin_period_hr,20.0,1.2,0.0,8.628476084538375,z,65,0.004,0.24271936810328643,True
Spin period (z-axis),spin_period_hr,20.0,1.2,0.0,8.672413793103448,z,65,0.004,0.24271936810328643,True
Spin period (z-axis),spin_period_hr,20.0,1.2,0.0,8.71635150166852,z,65,0.004,0.24271936810328643,True
Spin period (z-axis),spin_period_hr,20.0,1.2,0.0,8.760289210233593,z,65,0.004,0.24271936810328643,True
Spin period (z-axis),spin_period_hr,20.0,1.2,0.0,8.804226918798665,z,65,0.004,0.24271936810328643,True
Spin period (z-axis),spin_period_hr,20.0,1.2,0.0,8.848164627363737,z,65,0.004,0.24271936810328643,True
Spin period (z-axis),spin_period_hr,20.0,1.2,0.0,8.89210233592881,z,65,0.004,0.24271936810328643,True
Spin period (z-axis),spin_period_hr,20.0,1.2,0.0,8.936040044493883,z,65,0.004,0.24271936810328643,True
Spin period (z-axis),spin_period_hr,20.0,1.2,0.0,8.979977753058954,z,65,0.004,0.24271936810328643,True
Spin period (z-axis),spin_period_hr,20.0,1.2,0.0,9.023915461624027,z,65,0.004,0.24271936810328643,True
Spin period (z-axis),spin_period_hr,20.0,1.2,0.0,9.067853170189098,z,65,0.004,0.24271936810328643,True
Spin period (z-axis),spin_period_hr,20.0,1.2,0.0,9.11179087875417,z,65,0.004,0.24271936810328643,True
Spin period (z-axis),spin_period_hr,20.0,1.2,0.0,9.155728587319244,z,65,0.004,0.24271936810328643,True
Spin period (z-axis),spin_period_hr,20.0,1.2,0.0,9.199666295884315,z,65,0.004,0.24271936810328643,True
Spin period (z-axis),spin_period_hr,20.0,1.2,0.0,9.243604004449388,z,65,0.004,0.24271936810328643,True
Spin period (z-axis),spin_period_hr,20.0,1.2,0.0,9.28754171301446,z,65,0.004,0.24271936810328643,True
Spin period (z-axis),spin_period_hr,20.0,1.2,0.0,9.331479421579532,z,65,0.004,0.24271936810328643,True
Spin period (z-axis),spin_period_hr,20.0,1.2,0.0,9.375417130144605,z,65,0.004,0.24271936810328643,True
Spin period (z-axis),spin_period_hr,20.0,1.2,0.0,9.419354838709676,z,65,0.004,0.24271936810328643,True
Spin period (z-axis),spin_period_hr,20.0,1.2,0.0,9.463292547274749,z,65,0.004,0.24271936810328643,True
Spin period (z-axis),spin_period_hr,20.0,1.2,0.0,9.507230255839822,z,65,0.004,0.24271936810328643,True
Spin period (z-axis),spin_period_hr,20.0,1.2,0.0,9.551167964404893,z,65,0.004,0.24271936810328643,True
Spin period (z-axis),spin_period_hr,20.0,1.2,0.0,9.595105672969966,z,65,0.004,0.24271936810328643,True
Spin period (z-axis),spin_period_hr,20.0,1.2,0.0,9.63904338153504,z,65,0.004,0.24271936810328643,True
Spin period (z-axis),spin_period_hr,20.0,1.2,0.0,9.68298109010011,z,65,0.004,0.24271936810328643,True
Spin period (z-axis),spin_period_hr,20.0,1.2,0.0,9.726918798665183,z,65,0.004,0.24271936810328643,True
Spin period (z-axis),spin_period_hr,20.0,1.2,0.0,9.770856507230256,z,65,0.004,0.24271936810328643,True
Spin period (z-axis),spin_period_hr,20.0,1.2,0.0,9.814794215795327,z,65,0.004,0.24271936810328643,True
Spin period (z-axis),spin_period_hr,20.0,1.2,0.0,9.8587319243604,z,65,0.004,0.24271936810328643,True
Spin period (z-axis),spin_period_hr,20.0,1.2,0.0,9.902669632925472,z,65,0.004,0.24271936810328643,True
Spin period (z-axis),spin_period_hr,20.0,1.2,0.0,9.946607341490544,z,65,0.004,0.24271936810328643,True
Spin period (z-axis),spin_period_hr,20.0,1.2,0.0,9.990545050055617,z,65,0.004,0.24271936810328643,True
Spin period (z-axis),spin_period_hr,20.0,1.2,0.0,10.034482758620689,z,65,0.004,0.24271936810328643,True
Spin period (z-axis),spin_period_hr,20.0,1.2,0.0,10.078420467185762,z,65,0.004,0.24271936810328643,True
Spin period (z-axis),spin_period_hr,20.0,1.2,0.0,10.122358175750835,z,65,0.004,0.24271936810328643,True
Spin period (z-axis),spin_period_hr,20.0,1.2,0.0,10.166295884315906,z,65,0.004,0.24271936810328643,True
Spin period (z-axis),spin_period_hr,20.0,1.2,0.0,10.210233592880979,z,65,0.004,0.24271936810328643,True
Spin period (z-axis),spin_period_hr,20.0,1.2,0.0,10.25417130144605,z,65,0.004,0.24271936810328643,True
Spin period (z-axis),spin_period_hr,20.0,1.2,0.0,10.298109010011123,z,65,0.004,0.24271936810328643,True
Spin period (z-axis),spin_period_hr,20.0,1.2,0.0,10.342046718576196,z,65,0.004,0.24271936810328643,True
Spin period (z-axis),spin_period_hr,20.0,1.2,0.0,10.385984427141267,z,65,0.004,0.24271936810328643,True
Spin period (z-axis),spin_period_hr,20.0,1.2,0.0,10.42992213570634,z,65,0.004,0.24271936810328643,True
Spin period (z-axis),spin_period_hr,20.0,1.2,0.0,10.473859844271413,z,65,0.004,0.24271936810328643,True
Spin period (z-axis),spin_period_hr,20.0,1.2,0.0,10.517797552836484,z,65,0.004,0.24271936810328643,True
Spin period (z-axis),spin_period_hr,20.0,1.2,0.0,10.561735261401557,z,65,0.004,0.24271936810328643,True
Spin period (z-axis),spin_period_hr,20.0,1.2,0.0,10.60567296996663,z,65,0.004,0.24271936810328643,True
Spin period (z-axis),spin_period_hr,20.0,1.2,0.0,10.649610678531701,z,65,0.004,0.24271936810328643,True
Spin period (z-axis),spin_period_hr,20.0,1.2,0.0,10.693548387096774,z,65,0.004,0.24271936810328643,True
Spin period (z-axis),spin_period_hr,20.0,1.2,0.0,10.737486095661845,z,65,0.004,0.24271936810328643,True
Spin period (z-axis),spin_period_hr,20.0,1.2,0.0,10.781423804226918,z,65,0.004,0.24271936810328643,True
Spin period (z-axis),spin_period_hr,20.0,1.2,0.0,10.825361512791991,z,65,0.004,0.24271936810328643,True
Spin period (z-axis),spin_period_hr,20.0,1.2,0.0,10.869299221357062,z,65,0.004,0.24271936810328643,True
Spin period (z-axis),spin_period_hr,20.0,1.2,0.0,10.913236929922135,z,65,0.004,0.24271936810328643,True
Spin period (z-axis),spin_period_hr,20.0,1.2,0.0,10.957174638487208,z,65,0.004,0.24271936810328643,True
Spin period (z-axis),spin_period_hr,20.0,1.2,0.0,11.00111234705228,z,65,0.004,0.24271936810328643,True
Spin period (z-axis),spin_period_hr,20.0,1.2,0.0,11.045050055617352,z,65,0.004,0.24271936810328643,True
Spin period (z-axis),spin_period_hr,20.0,1.2,0.0,11.088987764182425,z,65,0.004,0.24271936810328643,True
Spin period (z-axis),spin_period_hr,20.0,1.2,0.0,11.132925472747496,z,65,0.004,0.24271936810328643,True
Spin period (z-axis),spin_period_hr,20.0,1.2,0.0,11.17686318131257,z,65,0.004,0.24271936810328643,True
Spin period (z-axis),spin_period_hr,20.0,1.2,0.0,11.22080088987764,z,65,0.004,0.24271936810328643,True
Spin period (z-axis),spin_period_hr,20.0,1.2,0.0,11.264738598442714,z,65,0.004,0.24271936810328643,True
Spin period (z-axis),spin_period_hr,20.0,1.2,0.0,11.308676307007786,z,65,0.004,0.24271936810328643,True
Spin period (z-axis),spin_period_hr,20.0,1.2,0.0,11.352614015572858,z,65,0.004,0.24271936810328643,True
Spin period (z-axis),spin_period_hr,20.0,1.2,0.0,11.39655172413793,z,65,0.004,0.24271936810328643,True
Spin period (z-axis),spin_period_hr,20.0,1.2,0.0,11.440489432703004,z,65,0.004,0.23710790139138221,True
Spin period (z-axis),spin_period_hr,20.0,1.2,0.0,11.484427141268075,z,65,0.004,0.23710790139138221,True
Spin period (z-axis),spin_period_hr,20.0,1.2,0.0,11.528364849833148,z,65,0.004,0.23710790139138221,True
Spin period (z-axis),spin_period_hr,20.0,1.2,0.0,11.572302558398219,z,65,0.004,0.23710790139138221,True
Spin period (z-axis),spin_period_hr,20.0,1.2,0.0,11.616240266963292,z,65,0.004,0.23710790139138221,True
Spin period (z-axis),spin_period_hr,20.0,1.2,0.0,11.660177975528365,z,65,0.004,0.23710790139138221,True
Spin period (z-axis),spin_period_hr,20.0,1.2,0.0,11.704115684093436,z,65,0.004,0.23710790139138221,True
Spin period (z-axis),spin_period_hr,20.0,1.2,0.0,11.748053392658509,z,65,0.004,0.23710790139138221,True
Spin period (z-axis),spin_period_hr,20.0,1.2,0.0,11.791991101223582,z,65,0.004,0.23710790139138221,True
Spin period (z-axis),spin_period_hr,20.0,1.2,0.0,11.835928809788653,z,65,0.004,0.23710790139138221,True
Spin period (z-axis),spin_period_hr,20.0,1.2,0.0,11.879866518353726,z,65,0.004,0.23710790139138221,True
Spin period (z-axis),spin_period_hr,20.0,1.2,0.0,11.923804226918799,z,65,0.004,0.23710790139138221,True
Spin period (z-axis),spin_period_hr,20.0,1.2,0.0,11.96774193548387,z,65,0.004,0.23710790139138221,True
Spin period (z-axis),spin_period_hr,20.0,1.2,0.0,12.011679644048943,z,65,0.004,0.23710790139138221,True
Spin period (z-axis),spin_period_hr,20.0,1.2,0.0,12.055617352614014,z,65,0.004,0.23710790139138221,True
Spin period (z-axis),spin_period_hr,20.0,1.2,0.0,12.099555061179087,z,65,0.004,0.23710790139138221,True
Spin period (z-axis),spin_period_hr,20.0,1.2,0.0,12.14349276974416,z,65,0.004,0.23710790139138221,True
Spin period (z-axis),spin_period_hr,20.0,1.2,0.0,12.187430478309231,z,65,0.004,0.23710790139138221,True
Spin period (z-axis),spin_period_hr,20.0,1.2,0.0,12.231368186874304,z,65,0.004,0.23710790139138221,True
Spin period (z-axis),spin_period_hr,20.0,1.2,0.0,12.275305895439377,z,65,0.004,0.23710790139138221,True
Spin period (z-axis),spin_period_hr,20.0,1.2,0.0,12.319243604004448,z,65,0.004,0.23710790139138221,True
Spin period (z-axis),spin_period_hr,20.0,1.2,0.0,12.363181312569521,z,65,0.004,0.23710790139138221,True
Spin period (z-axis),spin_period_hr,20.0,1.2,0.0,12.407119021134593,z,65,0.004,0.23710790139138221,True
Spin period (z-axis),spin_period_hr,20.0,1.2,0.0,12.451056729699665,z,65,0.004,0.23710790139138221,True
Spin period (z-axis),spin_period_hr,20.0,1.2,0.0,12.494994438264738,z,65,0.004,0.23710790139138221,True
Spin period (z-axis),spin_period_hr,20.0,1.2,0.0,12.53893214682981,z,65,0.004,0.23710790139138221,True
Spin period (z-axis),spin_period_hr,20.0,1.2,0.0,12.582869855394883,z,65,0.004,0.23710790139138221,True
Spin period (z-axis),spin_period_hr,20.0,1.2,0.0,12.626807563959956,z,65,0.004,0.23710790139138221,True
Spin period (z-axis),spin_period_hr,20.0,1.2,0.0,12.670745272525027,z,65,0.004,0.23710790139138221,True
Spin period (z-axis),spin_period_hr,20.0,1.2,0.0,12.7146829810901,z,65,0.004,0.23710790139138221,True
Spin period (z-axis),spin_period_hr,20.0,1.2,0.0,12.758620689655173,z,65,0.004,0.23710790139138221,True
Spin period (z-axis),spin_period_hr,20.0,1.2,0.0,12.802558398220244,z,65,0.004,0.23652897625809913,True
Spin period (z-axis),spin_period_hr,20.0,1.2,0.0,12.846496106785317,z,65,0.004,0.23652897625809913,True
Spin period (z-axis),spin_period_hr,20.0,1.2,0.0,12.890433815350388,z,65,0.004,0.23652897625809913,True
Spin period (z-axis),spin_period_hr,20.0,1.2,0.0,12.93437152391546,z,65,0.004,0.23652897625809913,True
Spin period (z-axis),spin_period_hr,20.0,1.2,0.0,12.978309232480534,z,65,0.004,0.23652897625809913,True
Spin period (z-axis),spin_period_hr,20.0,1.2,0.0,13.022246941045605,z,65,0.004,0.23652897625809913,True
Spin period (z-axis),spin_period_hr,20.0,1.2,0.0,13.066184649610678,z,65,0.004,0.23652897625809913,True
Spin period (z-axis),spin_period_hr,20.0,1.2,0.0,13.110122358175751,z,65,0.004,0.23652897625809913,True
Spin period (z-axis),spin_period_hr,20.0,1.2,0.0,13.154060066740822,z,65,0.004,0.23652897625809913,True
Spin period (z-axis),spin_period_hr,20.0,1.2,0.0,13.197997775305895,z,65,0.004,0.23652897625809913,True
Spin period (z-axis),spin_period_hr,20.0,1.2,0.0,13.241935483870968,z,65,0.004,0.23652897625809913,True
Spin period (z-axis),spin_period_hr,20.0,1.2,0.0,13.28587319243604,z,65,0.004,0.23652897625809913,True
Spin period (z-axis),spin_period_hr,20.0,1.2,0.0,13.329810901001112,z,65,0.004,0.23652897625809913,True
Spin period (z-axis),spin_period_hr,20.0,1.2,0.0,13.373748609566183,z,65,0.004,0.23652897625809913,True
Spin period (z-axis),spin_period_hr,20.0,1.2,0.0,13.417686318131256,z,65,0.004,0.23652897625809913,True
Spin period (z-axis),spin_period_hr,20.0,1.2,0.0,13.46162402669633,z,65,0.004,0.23652897625809913,True
Spin period (z-axis),spin_period_hr,20.0,1.2,0.0,13.5055617352614,z,65,0.004,0.23652897625809913,True
Spin period (z-axis),spin_period_hr,20.0,1.2,0.0,13.549499443826473,z,65,0.004,0.23652897625809913,True
Spin period (z-axis),spin_period_hr,20.0,1.2,0.0,13.593437152391546,z,65,0.004,0.23652897625809913,True
Spin period (z-axis),spin_period_hr,20.0,1.2,0.0,13.637374860956617,z,65,0.004,0.23652897625809913,True
Spin period (z-axis),spin_period_hr,20.0,1.2,0.0,13.68131256952169,z,65,0.004,0.23652897625809913,True
Spin period (z-axis),spin_period_hr,20.0,1.2,0.0,13.725250278086762,z,65,0.004,0.23652897625809913,True
Spin period (z-axis),spin_period_hr,20.0,1.2,0.0,13.769187986651835,z,65,0.004,0.23652897625809913,True
Spin period (z-axis),spin_period_hr,20.0,1.2,0.0,13.813125695216907,z,65,0.004,0.23652897625809913,True
Spin period (z-axis),spin_period_hr,20.0,1.2,0.0,13.857063403781979,z,65,0.004,0.23652897625809913,True
Spin period (z-axis),spin_period_hr,20.0,1.2,0.0,13.901001112347052,z,65,0.004,0.23652897625809913,True
Spin period (z-axis),spin_period_hr,20.0,1.2,0.0,13.944938820912125,z,65,0.004,0.23652897625809913,True
Spin period (z-axis),spin_period_hr,20.0,1.2,0.0,13.988876529477196,z,65,0.004,0.23652897625809913,True
Spin period (z-axis),spin_period_hr,20.0,1.2,0.0,14.032814238042269,z,65,0.004,0.23652897625809913,True
Spin period (z-axis),spin_period_hr,20.0,1.2,0.0,14.076751946607342,z,65,0.004,0.23652897625809913,True
Spin period (z-axis),spin_period_hr,20.0,1.2,0.0,14.120689655172413,z,65,0.004,0.23652897625809913,True
Spin period (z-axis),spin_period_hr,20.0,1.2,0.0,14.164627363737486,z,65,0.004,0.23652897625809913,True
Spin period (z-axis),spin_period_hr,20.0,1.2,0.0,14.208565072302557,z,65,0.004,0.23652897625809913,True
Spin period (z-axis),spin_period_hr,20.0,1.2,0.0,14.25250278086763,z,65,0.004,0.23652897625809913,True
Spin period (z-axis),spin_period_hr,20.0,1.2,0.0,14.296440489432703,z,65,0.004,0.23652897625809913,True
Spin period (z-axis),spin_period_hr,20.0,1.2,0.0,14.340378197997774,z,65,0.004,0.23652897625809913,True
Spin period (z-axis),spin_period_hr,20.0,1.2,0.0,14.384315906562847,z,65,0.004,0.23652897625809913,True
Spin period (z-axis),spin_period_hr,20.0,1.2,0.0,14.42825361512792,z,65,0.004,0.23652897625809913,True
Spin period (z-axis),spin_period_hr,20.0,1.2,0.0,14.472191323692991,z,65,0.004,0.23652897625809913,True
Spin period (z-axis),spin_period_hr,20.0,1.2,0.0,14.516129032258064,z,65,0.004,0.23652897625809913,True
Spin period (z-axis),spin_period_hr,20.0,1.2,0.0,14.560066740823135,z,65,0.004,0.23652897625809913,True
Spin period (z-axis),spin_period_hr,20.0,1.2,0.0,14.604004449388208,z,65,0.004,0.23652897625809913,True
Spin period (z-axis),spin_period_hr,20.0,1.2,0.0,14.647942157953281,z,65,0.004,0.23652897625809913,True
Spin period (z-axis),spin_period_hr,20.0,1.2,0.0,14.691879866518352,z,65,0.004,0.23652897625809913,True
Spin period (z-axis),spin_period_hr,20.0,1.2,0.0,14.735817575083425,z,65,0.004,0.23652897625809913,True
Spin period (z-axis),spin_period_hr,20.0,1.2,0.0,14.779755283648498,z,65,0.004,0.23652897625809913,True
Spin period (z-axis),spin_period_hr,20.0,1.2,0.0,14.82369299221357,z,65,0.004,0.23652897625809913,True
Spin period (z-axis),spin_period_hr,20.0,1.2,0.0,14.867630700778642,z,65,0.004,0.23652897625809913,True
Spin period (z-axis),spin_period_hr,20.0,1.2,0.0,14.911568409343715,z,65,0.004,0.23652897625809913,True
Spin period (z-axis),spin_period_hr,20.0,1.2,0.0,14.955506117908786,z,65,0.004,0.23652897625809913,True
Spin period (z-axis),spin_period_hr,20.0,1.2,0.0,14.99944382647386,z,65,0.004,0.23652897625809913,True
Spin period (z-axis),spin_period_hr,20.0,1.2,0.0,15.04338153503893,z,65,0.004,0.23652897625809913,True
Spin period (z-axis),spin_period_hr,20.0,1.2,0.0,15.087319243604004,z,65,0.004,0.23652897625809913,True
Spin period (z-axis),spin_period_hr,20.0,1.2,0.0,15.131256952169077,z,65,0.004,0.23652897625809913,True
Spin period (z-axis),spin_period_hr,20.0,1.2,0.0,15.175194660734148,z,65,0.004,0.23652897625809913,True
Spin period (z-axis),spin_period_hr,20.0,1.2,0.0,15.21913236929922,z,65,0.004,0.23652897625809913,True
Spin period (z-axis),spin_period_hr,20.0,1.2,0.0,15.263070077864294,z,65,0.004,0.23652897625809913,True
Spin period (z-axis),spin_period_hr,20.0,1.2,0.0,15.307007786429365,z,65,0.004,0.23652897625809913,True
Spin period (z-axis),spin_period_hr,20.0,1.2,0.0,15.350945494994438,z,65,0.004,0.23652897625809913,True
Spin period (z-axis),spin_period_hr,20.0,1.2,0.0,15.39488320355951,z,65,0.004,0.23652897625809913,True
Spin period (z-axis),spin_period_hr,20.0,1.2,0.0,15.438820912124582,z,65,0.004,0.23652897625809913,True
Spin period (z-axis),spin_period_hr,20.0,1.2,0.0,15.482758620689655,z,65,0.004,0.23652897625809913,True
Spin period (z-axis),spin_period_hr,20.0,1.2,0.0,15.526696329254726,z,65,0.004,0.23652897625809913,True
Spin period (z-axis),spin_period_hr,20.0,1.2,0.0,15.570634037819799,z,65,0.004,0.23652897625809913,True
Spin period (z-axis),spin_period_hr,20.0,1.2,0.0,15.614571746384872,z,65,0.004,0.23652897625809913,True
Spin period (z-axis),spin_period_hr,20.0,1.2,0.0,15.658509454949943,z,65,0.004,0.23652897625809913,True
Spin period (z-axis),spin_period_hr,20.0,1.2,0.0,15.702447163515016,z,65,0.004,0.23652897625809913,True
Spin period (z-axis),spin_period_hr,20.0,1.2,0.0,15.746384872080089,z,65,0.004,0.23652897625809913,True
Spin period (z-axis),spin_period_hr,20.0,1.2,0.0,15.79032258064516,z,65,0.004,0.23652897625809913,True
Spin period (z-axis),spin_period_hr,20.0,1.2,0.0,15.834260289210233,z,65,0.004,0.23652897625809913,True
Spin period (z-axis),spin_period_hr,20.0,1.2,0.0,15.878197997775304,z,65,0.004,0.23652897625809913,True
Spin period (z-axis),spin_period_hr,20.0,1.2,0.0,15.922135706340377,z,65,0.004,0.23652897625809913,True
Spin period (z-axis),spin_period_hr,20.0,1.2,0.0,15.96607341490545,z,65,0.004,0.23652897625809913,True
Spin period (z-axis),spin_period_hr,20.0,1.2,0.0,16.01001112347052,z,65,0.004,0.23652897625809913,True
Spin period (z-axis),spin_period_hr,20.0,1.2,0.0,16.053948832035594,z,65,0.004,0.23652897625809913,True
Spin period (z-axis),spin_period_hr,20.0,1.2,0.0,16.09788654060067,z,65,0.004,0.23652897625809913,True
Spin period (z-axis),spin_period_hr,20.0,1.2,0.0,16.141824249165737,z,65,0.004,0.23652897625809913,True
Spin period (z-axis),spin_period_hr,20.0,1.2,0.0,16.18576195773081,z,65,0.004,0.23652897625809913,True
Spin period (z-axis),spin_period_hr,20.0,1.2,0.0,16.229699666295886,z,65,0.004,0.23652897625809913,True
Spin period (z-axis),spin_period_hr,20.0,1.2,0.0,16.273637374860954,z,65,0.004,0.23652897625809913,True
Spin period (z-axis),spin_period_hr,20.0,1.2,0.0,16.31757508342603,z,65,0.004,0.23652897625809913,True
Spin period (z-axis),spin_period_hr,20.0,1.2,0.0,16.3615127919911,z,65,0.004,0.23652897625809913,True
Spin period (z-axis),spin_period_hr,20.0,1.2,0.0,16.40545050055617,z,65,0.004,0.23652897625809913,True
Spin period (z-axis),spin_period_hr,20.0,1.2,0.0,16.449388209121246,z,65,0.004,0.23652897625809913,True
Spin period (z-axis),spin_period_hr,20.0,1.2,0.0,16.493325917686317,z,65,0.004,0.23652897625809913,True
Spin period (z-axis),spin_period_hr,20.0,1.2,0.0,16.537263626251388,z,65,0.004,0.23652897625809913,True
Spin period (z-axis),spin_period_hr,20.0,1.2,0.0,16.581201334816463,z,65,0.004,0.23652897625809913,True
Spin period (z-axis),spin_period_hr,20.0,1.2,0.0,16.625139043381534,z,65,0.004,0.23652897625809913,True
Spin period (z-axis),spin_period_hr,20.0,1.2,0.0,16.669076751946605,z,65,0.004,0.23652897625809913,True
Spin period (z-axis),spin_period_hr,20.0,1.2,0.0,16.71301446051168,z,65,0.004,0.23652897625809913,True
Spin period (z-axis),spin_period_hr,20.0,1.2,0.0,16.75695216907675,z,65,0.004,0.23652897625809913,True
Spin period (z-axis),spin_period_hr,20.0,1.2,0.0,16.800889877641822,z,65,0.004,0.23652897625809913,True
Spin period (z-axis),spin_period_hr,20.0,1.2,0.0,16.844827586206897,z,65,0.004,0.23652897625809913,True
Spin period (z-axis),spin_period_hr,20.0,1.2,0.0,16.888765294771968,z,65,0.004,0.23652897625809913,True
Spin period (z-axis),spin_period_hr,20.0,1.2,0.0,16.93270300333704,z,65,0.004,0.23652897625809913,True
Spin period (z-axis),spin_period_hr,20.0,1.2,0.0,16.976640711902114,z,65,0.004,0.23652897625809913,True
Spin period (z-axis),spin_period_hr,20.0,1.2,0.0,17.020578420467185,z,65,0.004,0.23652897625809913,False
Spin period (z-axis),spin_period_hr,20.0,1.2,0.0,17.064516129032256,z,65,0.004,0.23652897625809913,False
Spin period (z-axis),spin_period_hr,20.0,1.2,0.0,17.10845383759733,z,65,0.004,0.23652897625809913,False
Spin period (z-axis),spin_period_hr,20.0,1.2,0.0,17.152391546162402,z,65,0.004,0.23652897625809913,False
Spin period (z-axis),spin_period_hr,20.0,1.2,0.0,17.196329254727473,z,65,0.004,0.23652897625809913,False
Spin period (z-axis),spin_period_hr,20.0,1.2,0.0,17.240266963292548,z,65,0.004,0.23652897625809913,False
Spin period (z-axis),spin_period_hr,20.0,1.2,0.0,17.28420467185762,z,65,0.004,0.23652897625809913,False
Spin period (z-axis),spin_period_hr,20.0,1.2,0.0,17.32814238042269,z,65,0.004,0.23652897625809913,False
Spin period (z-axis),spin_period_hr,20.0,1.2,0.0,17.372080088987765,z,65,0.004,0.23652897625809913,False
Spin period (z-axis),spin_period_hr,20.0,1.2,0.0,17.416017797552836,z,65,0.004,0.23652897625809913,False
Spin period (z-axis),spin_period_hr,20.0,1.2,0.0,17.459955506117907,z,65,0.004,0.23652897625809913,False
Spin period (z-axis),spin_period_hr,20.0,1.2,0.0,17.50389321468298,z,65,0.004,0.23652897625809913,False
Spin period (z-axis),spin_period_hr,20.0,1.2,0.0,17.547830923248053,z,65,0.004,0.23652897625809913,False
Spin period (z-axis),spin_period_hr,20.0,1.2,0.0,17.591768631813125,z,65,0.004,0.23652897625809913,False
Spin period (z-axis),spin_period_hr,20.0,1.2,0.0,17.635706340378196,z,65,0.004,0.23652897625809913,False
Spin period (z-axis),spin_period_hr,20.0,1.2,0.0,17.67964404894327,z,65,0.004,0.23652897625809913,False
Spin period (z-axis),spin_period_hr,20.0,1.2,0.0,17.72358175750834,z,65,0.004,0.23652897625809913,False
Spin period (z-axis),spin_period_hr,20.0,1.2,0.0,17.767519466073413,z,65,0.004,0.23652897625809913,False
Spin period (z-axis),spin_period_hr,20.0,1.2,0.0,17.811457174638488,z,65,0.004,0.23652897625809913,False
Spin period (z-axis),spin_period_hr,20.0,1.2,0.0,17.85539488320356,z,65,0.004,0.23652897625809913,False
Spin period (z-axis),spin_period_hr,20.0,1.2,0.0,17.89933259176863,z,65,0.004,0.23652897625809913,False
Spin period (z-axis),spin_period_hr,20.0,1.2,0.0,17.943270300333705,z,65,0.004,0.23652897625809913,False
Spin period (z-axis),spin_period_hr,20.0,1.2,0.0,17.987208008898776,z,65,0.004,0.23652897625809913,False
Spin period (z-axis),spin_period_hr,20.0,1.2,0.0,18.031145717463847,z,65,0.004,0.23652897625809913,False
Spin period (z-axis),spin_period_hr,20.0,1.2,0.0,18.07508342602892,z,65,0.004,0.23652897625809913,False
Spin period (z-axis),spin_period_hr,20.0,1.2,0.0,18.119021134593993,z,65,0.004,0.23652897625809913,False
Spin period (z-axis),spin_period_hr,20.0,1.2,0.0,18.162958843159064,z,65,0.004,0.23652897625809913,False
Spin period (z-axis),spin_period_hr,20.0,1.2,0.0,18.20689655172414,z,65,0.004,0.23652897625809913,False
Spin period (z-axis),spin_period_hr,20.0,1.2,0.0,18.25083426028921,z,65,0.004,0.23652897625809913,False
Spin period (z-axis),spin_period_hr,20.0,1.2,0.0,18.29477196885428,z,65,0.004,0.23652897625809913,False
Spin period (z-axis),spin_period_hr,20.0,1.2,0.0,18.338709677419352,z,65,0.004,0.23652897625809913,False
Spin period (z-axis),spin_period_hr,20.0,1.2,0.0,18.382647385984427,z,65,0.004,0.23652897625809913,False
Spin period (z-axis),spin_period_hr,20.0,1.2,0.0,18.426585094549498,z,65,0.004,0.23652897625809913,False
Spin period (z-axis),spin_period_hr,20.0,1.2,0.0,18.47052280311457,z,65,0.004,0.23652897625809913,False
Spin period (z-axis),spin_period_hr,20.0,1.2,0.0,18.514460511679644,z,65,0.004,0.23652897625809913,False
Spin period (z-axis),spin_period_hr,20.0,1.2,0.0,18.558398220244715,z,65,0.004,0.23652897625809913,False
Spin period (z-axis),spin_period_hr,20.0,1.2,0.0,18.602335928809786,z,65,0.004,0.23652897625809913,False
Spin period (z-axis),spin_period_hr,20.0,1.2,0.0,18.64627363737486,z,65,0.004,0.23652897625809913,False
Spin period (z-axis),spin_period_hr,20.0,1.2,0.0,18.690211345939932,z,65,0.004,0.23652897625809913,False
Spin period (z-axis),spin_period_hr,20.0,1.2,0.0,18.734149054505004,z,65,0.004,0.23652897625809913,False
Spin period (z-axis),spin_period_hr,20.0,1.2,0.0,18.77808676307008,z,65,0.004,0.23652897625809913,False
Spin period (z-axis),spin_period_hr,20.0,1.2,0.0,18.82202447163515,z,65,0.004,0.23652897625809913,False
Spin period (z-axis),spin_period_hr,20.0,1.2,0.0,18.86596218020022,z,65,0.004,0.23652897625809913,False
Spin period (z-axis),spin_period_hr,20.0,1.2,0.0,18.909899888765295,z,65,0.004,0.23652897625809913,False
Spin period (z-axis),spin_period_hr,20.0,1.2,0.0,18.953837597330367,z,65,0.004,0.23652897625809913,False
Spin period (z-axis),spin_period_hr,20.0,1.2,0.0,18.997775305895438,z,65,0.004,0.23652897625809913,False
Spin period (z-axis),spin_period_hr,20.0,1.2,0.0,19.041713014460512,z,65,0.004,0.23652897625809913,False
Spin period (z-axis),spin_period_hr,20.0,1.2,0.0,19.085650723025584,z,65,0.004,0.23652897625809913,False
Spin period (z-axis),spin_period_hr,20.0,1.2,0.0,19.129588431590655,z,65,0.004,0.23652897625809913,False
Spin period (z-axis),spin_period_hr,20.0,1.2,0.0,19.173526140155726,z,65,0.004,0.23652897625809913,False
Spin period (z-axis),spin_period_hr,20.0,1.2,0.0,19.2174638487208,z,65,0.004,0.23652897625809913,False
Spin period (z-axis),spin_period_hr,20.0,1.2,0.0,19.261401557285872,z,65,0.004,0.23652897625809913,False
Spin period (z-axis),spin_period_hr,20.0,1.2,0.0,19.305339265850943,z,65,0.004,0.23652897625809913,False
Spin period (z-axis),spin_period_hr,20.0,1.2,0.0,19.349276974416018,z,65,0.004,0.23652897625809913,False
Spin period (z-axis),spin_period_hr,20.0,1.2,0.0,19.39321468298109,z,65,0.004,0.23652897625809913,False
Spin period (z-axis),spin_period_hr,20.0,1.2,0.0,19.43715239154616,z,65,0.004,0.23652897625809913,False
Spin period (z-axis),spin_period_hr,20.0,1.2,0.0,19.481090100111235,z,65,0.004,0.23652897625809913,False
Spin period (z-axis),spin_period_hr,20.0,1.2,0.0,19.525027808676306,z,65,0.004,0.23652897625809913,False
Spin period (z-axis),spin_period_hr,20.0,1.2,0.0,19.568965517241377,z,65,0.004,0.23652897625809913,False
Spin period (z-axis),spin_period_hr,20.0,1.2,0.0,19.612903225806452,z,65,0.004,0.23652897625809913,False
Spin period (z-axis),spin_period_hr,20.0,1.2,0.0,19.656840934371523,z,65,0.004,0.23652897625809913,False
Spin period (z-axis),spin_period_hr,20.0,1.2,0.0,19.700778642936594,z,65,0.004,0.23652897625809913,False
Spin period (z-axis),spin_period_hr,20.0,1.2,0.0,19.74471635150167,z,65,0.004,0.23652897625809913,False
Spin period (z-axis),spin_period_hr,20.0,1.2,0.0,19.78865406006674,z,65,0.004,0.23652897625809913,False
Spin period (z-axis),spin_period_hr,20.0,1.2,0.0,19.83259176863181,z,65,0.004,0.23652897625809913,False
Spin period (z-axis),spin_period_hr,20.0,1.2,0.0,19.876529477196886,z,65,0.004,0.23652897625809913,False
Spin period (z-axis),spin_period_hr,20.0,1.2,0.0,19.920467185761957,z,65,0.004,0.23652897625809913,False
Spin period (z-axis),spin_period_hr,20.0,1.2,0.0,19.96440489432703,z,65,0.004,0.23652897625809913,False
Spin period (z-axis),spin_period_hr,20.0,1.2,0.0,20.0083426028921,z,65,0.004,0.23652897625809913,False
Spin period (z-axis),spin_period_hr,20.0,1.2,0.0,20.052280311457174,z,65,0.004,0.23652897625809913,False
Spin period (z-axis),spin_period_hr,20.0,1.2,0.0,20.096218020022246,z,65,0.004,0.23652897625809913,False
Spin period (z-axis),spin_period_hr,20.0,1.2,0.0,20.140155728587317,z,65,0.004,0.23652897625809913,False
Spin period (z-axis),spin_period_hr,20.0,1.2,0.0,20.18409343715239,z,65,0.004,0.23652897625809913,False
Spin period (z-axis),spin_period_hr,20.0,1.2,0.0,20.228031145717463,z,65,0.004,0.23652897625809913,False
Spin period (z-axis),spin_period_hr,20.0,1.2,0.0,20.271968854282534,z,65,0.004,0.23652897625809913,False
Spin period (z-axis),spin_period_hr,20.0,1.2,0.0,20.31590656284761,z,65,0.004,0.23652897625809913,False
Spin period (z-axis),spin_period_hr,20.0,1.2,0.0,20.35984427141268,z,65,0.004,0.23652897625809913,False
Spin period (z-axis),spin_period_hr,20.0,1.2,0.0,20.40378197997775,z,65,0.004,0.23652897625809913,False
Spin period (z-axis),spin_period_hr,20.0,1.2,0.0,20.447719688542826,z,65,0.004,0.23652897625809913,False
Spin period (z-axis),spin_period_hr,20.0,1.2,0.0,20.491657397107897,z,65,0.004,0.23652897625809913,False
Spin period (z-axis),spin_period_hr,20.0,1.2,0.0,20.535595105672968,z,65,0.004,0.23652897625809913,False
Spin period (z-axis),spin_period_hr,20.0,1.2,0.0,20.579532814238043,z,65,0.004,0.23652897625809913,False
Spin period (z-axis),spin_period_hr,20.0,1.2,0.0,20.623470522803114,z,65,0.004,0.23652897625809913,False
Spin period (z-axis),spin_period_hr,20.0,1.2,0.0,20.667408231368185,z,65,0.004,0.23652897625809913,False
Spin period (z-axis),spin_period_hr,20.0,1.2,0.0,20.71134593993326,z,65,0.004,0.23652897625809913,False
Spin period (z-axis),spin_period_hr,20.0,1.2,0.0,20.75528364849833,z,65,0.004,0.23652897625809913,False
Spin period (z-axis),spin_period_hr,20.0,1.2,0.0,20.799221357063402,z,65,0.004,0.23652897625809913,False
Spin period (z-axis),spin_period_hr,20.0,1.2,0.0,20.843159065628473,z,65,0.004,0.23652897625809913,False
Spin period (z-axis),spin_period_hr,20.0,1.2,0.0,20.887096774193548,z,65,0.004,0.23652897625809913,False
Spin period (z-axis),spin_period_hr,20.0,1.2,0.0,20.93103448275862,z,65,0.004,0.23652897625809913,False
Spin period (z-axis),spin_period_hr,20.0,1.2,0.0,20.97497219132369,z,65,0.004,0.23652897625809913,False
Spin period (z-axis),spin_period_hr,20.0,1.2,0.0,21.018909899888765,z,65,0.004,0.23652897625809913,False
Spin period (z-axis),spin_period_hr,20.0,1.2,0.0,21.062847608453836,z,65,0.004,0.23652897625809913,False
Spin period (z-axis),spin_period_hr,20.0,1.2,0.0,21.106785317018907,z,65,0.004,0.23652897625809913,False
Spin period (z-axis),spin_period_hr,20.0,1.2,0.0,21.150723025583982,z,65,0.004,0.23652897625809913,False
Spin period (z-axis),spin_period_hr,20.0,1.2,0.0,21.194660734149053,z,65,0.004,0.23652897625809913,False
Spin period (z-axis),spin_period_hr,20.0,1.2,0.0,21.238598442714125,z,65,0.004,0.23652897625809913,False
Spin period (z-axis),spin_period_hr,20.0,1.2,0.0,21.2825361512792,z,65,0.004,0.23652897625809913,False
Spin period (z-axis),spin_period_hr,20.0,1.2,0.0,21.32647385984427,z,65,0.004,0.23652897625809913,False
Spin period (z-axis),spin_period_hr,20.0,1.2,0.0,21.37041156840934,z,65,0.004,0.23652897625809913,False
Spin period (z-axis),spin_period_hr,20.0,1.2,0.0,21.414349276974416,z,65,0.004,0.23652897625809913,False
Spin period (z-axis),spin_period_hr,20.0,1.2,0.0,21.458286985539488,z,65,0.004,0.23652897625809913,False
Spin period (z-axis),spin_period_hr,20.0,1.2,0.0,21.50222469410456,z,65,0.004,0.23652897625809913,False
Spin period (z-axis),spin_period_hr,20.0,1.2,0.0,21.546162402669633,z,65,0.004,0.23652897625809913,False
Spin period (z-axis),spin_period_hr,20.0,1.2,0.0,21.590100111234705,z,65,0.004,0.23652897625809913,False
Spin period (z-axis),spin_period_hr,20.0,1.2,0.0,21.634037819799776,z,65,0.004,0.23652897625809913,False
Spin period (z-axis),spin_period_hr,20.0,1.2,0.0,21.67797552836485,z,65,0.004,0.23652897625809913,False
Spin period (z-axis),spin_period_hr,20.0,1.2,0.0,21.72191323692992,z,65,0.004,0.23652897625809913,False
Spin period (z-axis),spin_period_hr,20.0,1.2,0.0,21.765850945494993,z,65,0.004,0.23652897625809913,False
Spin period (z-axis),spin_period_hr,20.0,1.2,0.0,21.809788654060064,z,65,0.004,0.23652897625809913,False
Spin period (z-axis),spin_period_hr,20.0,1.2,0.0,21.85372636262514,z,65,0.004,0.23652897625809913,False
Spin period (z-axis),spin_period_hr,20.0,1.2,0.0,21.89766407119021,z,65,0.004,0.23652897625809913,False
Spin period (z-axis),spin_period_hr,20.0,1.2,0.0,21.94160177975528,z,65,0.004,0.23652897625809913,False
Spin period (z-axis),spin_period_hr,20.0,1.2,0.0,21.985539488320356,z,65,0.004,0.23652897625809913,False
Spin period (z-axis),spin_period_hr,20.0,1.2,0.0,22.029477196885427,z,65,0.004,0.23652897625809913,False
Spin period (z-axis),spin_period_hr,20.0,1.2,0.0,22.0734149054505,z,65,0.004,0.23652897625809913,False
Spin period (z-axis),spin_period_hr,20.0,1.2,0.0,22.117352614015573,z,65,0.004,0.23652897625809913,False
Spin period (z-axis),spin_period_hr,20.0,1.2,0.0,22.161290322580644,z,65,0.004,0.23652897625809913,False
Spin period (z-axis),spin_period_hr,20.0,1.2,0.0,22.205228031145715,z,65,0.004,0.23652897625809913,False
Spin period (z-axis),spin_period_hr,20.0,1.2,0.0,22.24916573971079,z,65,0.004,0.23652897625809913,False
Spin period (z-axis),spin_period_hr,20.0,1.2,0.0,22.29310344827586,z,65,0.004,0.23652897625809913,False
Spin period (z-axis),spin_period_hr,20.0,1.2,0.0,22.337041156840932,z,65,0.004,0.23652897625809913,False
Spin period (z-axis),spin_period_hr,20.0,1.2,0.0,22.380978865406007,z,65,0.004,0.23652897625809913,False
Spin period (z-axis),spin_period_hr,20.0,1.2,0.0,22.42491657397108,z,65,0.004,0.23652897625809913,False
Spin period (z-axis),spin_period_hr,20.0,1.2,0.0,22.46885428253615,z,65,0.004,0.23652897625809913,False
Spin period (z-axis),spin_period_hr,20.0,1.2,0.0,22.512791991101224,z,65,0.004,0.23652897625809913,False
Spin period (z-axis),spin_period_hr,20.0,1.2,0.0,22.556729699666295,z,65,0.004,0.23652897625809913,False
Spin period (z-axis),spin_period_hr,20.0,1.2,0.0,22.600667408231367,z,65,0.004,0.23652897625809913,False
Spin period (z-axis),spin_period_hr,20.0,1.2,0.0,22.644605116796438,z,65,0.004,0.23652897625809913,False
Spin period (z-axis),spin_period_hr,20.0,1.2,0.0,22.688542825361512,z,65,0.004,0.23652897625809913,False
Spin period (z-axis),spin_period_hr,20.0,1.2,0.0,22.732480533926584,z,65,0.004,0.23652897625809913,False
Spin period (z-axis),spin_period_hr,20.0,1.2,0.0,22.776418242491655,z,65,0.004,0.23652897625809913,False
Spin period (z-axis),spin_period_hr,20.0,1.2,0.0,22.82035595105673,z,65,0.004,0.23652897625809913,False
Spin period (z-axis),spin_period_hr,20.0,1.2,0.0,22.8642936596218,z,65,0.004,0.23652897625809913,False
Spin period (z-axis),spin_period_hr,20.0,1.2,0.0,22.908231368186872,z,65,0.004,0.23652897625809913,False
Spin period (z-axis),spin_period_hr,20.0,1.2,0.0,22.952169076751947,z,65,0.004,0.23652897625809913,False
Spin period (z-axis),spin_period_hr,20.0,1.2,0.0,22.996106785317018,z,65,0.004,0.23652897625809913,False
Spin period (z-axis),spin_period_hr,20.0,1.2,0.0,23.04004449388209,z,65,0.004,0.23652897625809913,False
Spin period (z-axis),spin_period_hr,20.0,1.2,0.0,23.083982202447164,z,65,0.004,0.23652897625809913,False
Spin period (z-axis),spin_period_hr,20.0,1.2,0.0,23.127919911012235,z,65,0.004,0.23652897625809913,False
Spin period (z-axis),spin_period_hr,20.0,1.2,0.0,23.171857619577306,z,65,0.004,0.23652897625809913,False
Spin period (z-axis),spin_period_hr,20.0,1.2,0.0,23.21579532814238,z,65,0.004,0.23652897625809913,False
Spin period (z-axis),spin_period_hr,20.0,1.2,0.0,23.259733036707452,z,65,0.004,0.23652897625809913,False
Spin period (z-axis),spin_period_hr,20.0,1.2,0.0,23.303670745272523,z,65,0.004,0.23652897625809913,False
Spin period (z-axis),spin_period_hr,20.0,1.2,0.0,23.347608453837598,z,65,0.004,0.23652897625809913,False
Spin period (z-axis),spin_period_hr,20.0,1.2,0.0,23.39154616240267,z,65,0.004,0.23652897625809913,False
Spin period (z-axis),spin_period_hr,20.0,1.2,0.0,23.43548387096774,z,65,0.004,0.23652897625809913,False
Spin period (z-axis),spin_period_hr,20.0,1.2,0.0,23.47942157953281,z,65,0.004,0.23652897625809913,False
Spin period (z-axis),spin_period_hr,20.0,1.2,0.0,23.523359288097886,z,65,0.004,0.23652897625809913,False
Spin period (z-axis),spin_period_hr,20.0,1.2,0.0,23.567296996662957,z,65,0.004,0.23652897625809913,False
Spin period (z-axis),spin_period_hr,20.0,1.2,0.0,23.61123470522803,z,65,0.004,0.23652897625809913,False
Spin period (z-axis),spin_period_hr,20.0,1.2,0.0,23.655172413793103,z,65,0.004,0.23652897625809913,False
Spin period (z-axis),spin_period_hr,20.0,1.2,0.0,23.699110122358174,z,65,0.004,0.23652897625809913,False
Spin period (z-axis),spin_period_hr,20.0,1.2,0.0,23.743047830923246,z,65,0.004,0.23652897625809913,False
Spin period (z-axis),spin_period_hr,20.0,1.2,0.0,23.78698553948832,z,65,0.004,0.23652897625809913,False
Spin period (z-axis),spin_period_hr,20.0,1.2,0.0,23.83092324805339,z,65,0.004,0.23652897625809913,False
Spin period (z-axis),spin_period_hr,20.0,1.2,0.0,23.874860956618463,z,65,0.004,0.23652897625809913,False
Spin period (z-axis),spin_period_hr,20.0,1.2,0.0,23.918798665183537,z,65,0.004,0.23652897625809913,False
Spin period (z-axis),spin_period_hr,20.0,1.2,0.0,23.96273637374861,z,65,0.004,0.23652897625809913,False
Spin period (z-axis),spin_period_hr,20.0,1.2,0.0,24.00667408231368,z,65,0.004,0.23652897625809913,False
Spin period (z-axis),spin_period_hr,20.0,1.2,0.0,24.050611790878754,z,65,0.004,0.23652897625809913,False
Spin period (z-axis),spin_period_hr,20.0,1.2,0.0,24.094549499443826,z,65,0.004,0.23652897625809913,False
Spin period (z-axis),spin_period_hr,20.0,1.2,0.0,24.138487208008897,z,65,0.004,0.23652897625809913,False
Spin period (z-axis),spin_period_hr,20.0,1.2,0.0,24.18242491657397,z,65,0.004,0.23652897625809913,False
Spin period (z-axis),spin_period_hr,20.0,1.2,0.0,24.226362625139043,z,65,0.004,0.23652897625809913,False
Spin period (z-axis),spin_period_hr,20.0,1.2,0.0,24.270300333704114,z,65,0.004,0.23652897625809913,False
Spin period (z-axis),spin_period_hr,20.0,1.2,0.0,24.314238042269185,z,65,0.004,0.23652897625809913,False
Spin period (z-axis),spin_period_hr,20.0,1.2,0.0,24.35817575083426,z,65,0.004,0.23652897625809913,False
Spin period (z-axis),spin_period_hr,20.0,1.2,0.0,24.40211345939933,z,65,0.004,0.23652897625809913,False
Spin period (z-axis),spin_period_hr,20.0,1.2,0.0,24.446051167964402,z,65,0.004,0.23652897625809913,False
Spin period (z-axis),spin_period_hr,20.0,1.2,0.0,24.489988876529477,z,65,0.004,0.23652897625809913,False
Spin period (z-axis),spin_period_hr,20.0,1.2,0.0,24.533926585094548,z,65,0.004,0.23652897625809913,False
Spin period (z-axis),spin_period_hr,20.0,1.2,0.0,24.57786429365962,z,65,0.004,0.23652897625809913,False
Spin period (z-axis),spin_period_hr,20.0,1.2,0.0,24.621802002224694,z,65,0.004,0.23652897625809913,False
Spin period (z-axis),spin_period_hr,20.0,1.2,0.0,24.665739710789765,z,65,0.004,0.23652897625809913,False
Spin period (z-axis),spin_period_hr,20.0,1.2,0.0,24.709677419354836,z,65,0.004,0.23652897625809913,False
Spin period (z-axis),spin_period_hr,20.0,1.2,0.0,24.75361512791991,z,65,0.004,0.23652897625809913,False
Spin period (z-axis),spin_period_hr,20.0,1.2,0.0,24.797552836484982,z,65,0.004,0.23652897625809913,False
Spin period (z-axis),spin_period_hr,20.0,1.2,0.0,24.841490545050053,z,65,0.004,0.23652897625809913,False
Spin period (z-axis),spin_period_hr,20.0,1.2,0.0,24.885428253615128,z,65,0.004,0.23652897625809913,False
Spin period (z-axis),spin_period_hr,20.0,1.2,0.0,24.9293659621802,z,65,0.004,0.23652897625809913,False
Spin period (z-axis),spin_period_hr,20.0,1.2,0.0,24.97330367074527,z,65,0.004,0.23652897625809913,False
Spin period (z-axis),spin_period_hr,20.0,1.2,0.0,25.017241379310345,z,65,0.004,0.23652897625809913,False
Spin period (z-axis),spin_period_hr,20.0,1.2,0.0,25.061179087875416,z,65,0.004,0.23652897625809913,False
Spin period (z-axis),spin_period_hr,20.0,1.2,0.0,25.105116796440488,z,65,0.004,0.23652897625809913,False
Spin period (z-axis),spin_period_hr,20.0,1.2,0.0,25.149054505005562,z,65,0.004,0.23652897625809913,False
Spin period (z-axis),spin_period_hr,20.0,1.2,0.0,25.192992213570633,z,65,0.004,0.23652897625809913,False
Spin period (z-axis),spin_period_hr,20.0,1.2,0.0,25.236929922135705,z,65,0.004,0.23652897625809913,False
Spin period (z-axis),spin_period_hr,20.0,1.2,0.0,25.280867630700776,z,65,0.004,0.23652897625809913,False
Spin period (z-axis),spin_period_hr,20.0,1.2,0.0,25.32480533926585,z,65,0.004,0.23652897625809913,False
Spin period (z-axis),spin_period_hr,20.0,1.2,0.0,25.36874304783092,z,65,0.004,0.23652897625809913,False
Spin period (z-axis),spin_period_hr,20.0,1.2,0.0,25.412680756395993,z,65,0.004,0.23652897625809913,False
Spin period (z-axis),spin_period_hr,20.0,1.2,0.0,25.456618464961068,z,65,0.004,0.23652897625809913,False
Spin period (z-axis),spin_period_hr,20.0,1.2,0.0,25.50055617352614,z,65,0.004,0.23652897625809913,False
Spin period (z-axis),spin_period_hr,20.0,1.2,0.0,25.54449388209121,z,65,0.004,0.23652897625809913,False
Spin period (z-axis),spin_period_hr,20.0,1.2,0.0,25.588431590656285,z,65,0.004,0.23652897625809913,False
Spin period (z-axis),spin_period_hr,20.0,1.2,0.0,25.632369299221356,z,65,0.004,0.23652897625809913,False
Spin period (z-axis),spin_period_hr,20.0,1.2,0.0,25.676307007786427,z,65,0.004,0.23652897625809913,False
Spin period (z-axis),spin_period_hr,20.0,1.2,0.0,25.720244716351502,z,65,0.004,0.23652897625809913,False
Spin period (z-axis),spin_period_hr,20.0,1.2,0.0,25.764182424916573,z,65,0.004,0.23652897625809913,False
Spin period (z-axis),spin_period_hr,20.0,1.2,0.0,25.808120133481644,z,65,0.004,0.23652897625809913,False
Spin period (z-axis),spin_period_hr,20.0,1.2,0.0,25.85205784204672,z,65,0.004,0.23652897625809913,False
Spin period (z-axis),spin_period_hr,20.0,1.2,0.0,25.89599555061179,z,65,0.004,0.23652897625809913,False
Spin period (z-axis),spin_period_hr,20.0,1.2,0.0,25.93993325917686,z,65,0.004,0.23652897625809913,False
Spin period (z-axis),spin_period_hr,20.0,1.2,0.0,25.983870967741936,z,65,0.004,0.23652897625809913,False
Spin period (z-axis),spin_period_hr,20.0,1.2,0.0,26.027808676307007,z,65,0.004,0.23652897625809913,False
Spin period (z-axis),spin_period_hr,20.0,1.2,0.0,26.07174638487208,z,65,0.004,0.23652897625809913,False
Spin period (z-axis),spin_period_hr,20.0,1.2,0.0,26.11568409343715,z,65,0.004,0.23652897625809913,False
Spin period (z-axis),spin_period_hr,20.0,1.2,0.0,26.159621802002224,z,65,0.004,0.23652897625809913,False
Spin period (z-axis),spin_period_hr,20.0,1.2,0.0,26.203559510567295,z,65,0.004,0.23652897625809913,False
Spin period (z-axis),spin_period_hr,20.0,1.2,0.0,26.247497219132367,z,65,0.004,0.23652897625809913,False
Spin period (z-axis),spin_period_hr,20.0,1.2,0.0,26.29143492769744,z,65,0.004,0.23652897625809913,False
Spin period (z-axis),spin_period_hr,20.0,1.2,0.0,26.335372636262512,z,65,0.004,0.23652897625809913,False
Spin period (z-axis),spin_period_hr,20.0,1.2,0.0,26.379310344827584,z,65,0.004,0.23652897625809913,False
Spin period (z-axis),spin_period_hr,20.0,1.2,0.0,26.42324805339266,z,65,0.004,0.23652897625809913,False
Spin period (z-axis),spin_period_hr,20.0,1.2,0.0,26.46718576195773,z,65,0.004,0.23652897625809913,False
Spin period (z-axis),spin_period_hr,20.0,1.2,0.0,26.5111234705228,z,65,0.004,0.23652897625809913,False
Spin period (z-axis),spin_period_hr,20.0,1.2,0.0,26.555061179087875,z,65,0.004,0.23652897625809913,False
Spin period (z-axis),spin_period_hr,20.0,1.2,0.0,26.598998887652947,z,65,0.004,0.23652897625809913,False
Spin period (z-axis),spin_period_hr,20.0,1.2,0.0,26.642936596218018,z,65,0.004,0.23652897625809913,False
Spin period (z-axis),spin_period_hr,20.0,1.2,0.0,26.686874304783093,z,65,0.004,0.23652897625809913,False
Spin period (z-axis),spin_period_hr,20.0,1.2,0.0,26.730812013348164,z,65,0.004,0.23652897625809913,False
Spin period (z-axis),spin_period_hr,20.0,1.2,0.0,26.774749721913235,z,65,0.004,0.23652897625809913,False
Spin period (z-axis),spin_period_hr,20.0,1.2,0.0,26.81868743047831,z,65,0.004,0.23652897625809913,False
Spin period (z-axis),spin_period_hr,20.0,1.2,0.0,26.86262513904338,z,65,0.004,0.23652897625809913,False
Spin period (z-axis),spin_period_hr,20.0,1.2,0.0,26.906562847608452,z,65,0.004,0.23652897625809913,False
Spin period (z-axis),spin_period_hr,20.0,1.2,0.0,26.950500556173523,z,65,0.004,0.23652897625809913,False
Spin period (z-axis),spin_period_hr,20.0,1.2,0.0,26.994438264738598,z,65,0.004,0.23652897625809913,False
Spin period (z-axis),spin_period_hr,20.0,1.2,0.0,27.03837597330367,z,65,0.004,0.23652897625809913,False
Spin period (z-axis),spin_period_hr,20.0,1.2,0.0,27.08231368186874,z,65,0.004,0.23652897625809913,False
Spin period (z-axis),spin_period_hr,20.0,1.2,0.0,27.126251390433815,z,65,0.004,0.23652897625809913,False
Spin period (z-axis),spin_period_hr,20.0,1.2,0.0,27.170189098998886,z,65,0.004,0.23652897625809913,False
Spin period (z-axis),spin_period_hr,20.0,1.2,0.0,27.214126807563957,z,65,0.004,0.23652897625809913,False
Spin period (z-axis),spin_period_hr,20.0,1.2,0.0,27.258064516129032,z,65,0.004,0.23652897625809913,False
Spin period (z-axis),spin_period_hr,20.0,1.2,0.0,27.302002224694103,z,65,0.004,0.23652897625809913,False
Spin period (z-axis),spin_period_hr,20.0,1.2,0.0,27.345939933259174,z,65,0.004,0.23652897625809913,False
Spin period (z-axis),spin_period_hr,20.0,1.2,0.0,27.38987764182425,z,65,0.004,0.23652897625809913,False
Spin period (z-axis),spin_period_hr,20.0,1.2,0.0,27.43381535038932,z,65,0.004,0.23652897625809913,False
Spin period (z-axis),spin_period_hr,20.0,1.2,0.0,27.47775305895439,z,65,0.004,0.23652897625809913,False
Spin period (z-axis),spin_period_hr,20.0,1.2,0.0,27.521690767519466,z,65,0.004,0.23652897625809913,False
Spin period (z-axis),spin_period_hr,20.0,1.2,0.0,27.565628476084537,z,65,0.004,0.23652897625809913,False
Spin period (z-axis),spin_period_hr,20.0,1.2,0.0,27.60956618464961,z,65,0.004,0.23652897625809913,False
Spin period (z-axis),spin_period_hr,20.0,1.2,0.0,27.653503893214683,z,65,0.004,0.23652897625809913,False
Spin period (z-axis),spin_period_hr,20.0,1.2,0.0,27.697441601779754,z,65,0.004,0.23652897625809913,False
Spin period (z-axis),spin_period_hr,20.0,1.2,0.0,27.741379310344826,z,65,0.004,0.23652897625809913,False
Spin period (z-axis),spin_period_hr,20.0,1.2,0.0,27.785317018909897,z,65,0.004,0.23652897625809913,False
Spin period (z-axis),spin_period_hr,20.0,1.2,0.0,27.82925472747497,z,65,0.004,0.23652897625809913,False
Spin period (z-axis),spin_period_hr,20.0,1.2,0.0,27.873192436040043,z,65,0.004,0.23652897625809913,False
Spin period (z-axis),spin_period_hr,20.0,1.2,0.0,27.917130144605114,z,65,0.004,0.23652897625809913,False
Spin period (z-axis),spin_period_hr,20.0,1.2,0.0,27.96106785317019,z,65,0.004,0.23652897625809913,False
Spin period (z-axis),spin_period_hr,20.0,1.2,0.0,28.00500556173526,z,65,0.004,0.23652897625809913,False
Spin period (z-axis),spin_period_hr,20.0,1.2,0.0,28.04894327030033,z,65,0.004,0.23652897625809913,False
Spin period (z-axis),spin_period_hr,20.0,1.2,0.0,28.092880978865406,z,65,0.004,0.23652897625809913,False
Spin period (z-axis),spin_period_hr,20.0,1.2,0.0,28.136818687430477,z,65,0.004,0.23652897625809913,False
Spin period (z-axis),spin_period_hr,20.0,1.2,0.0,28.180756395995548,z,65,0.004,0.23652897625809913,False
Spin period (z-axis),spin_period_hr,20.0,1.2,0.0,28.224694104560623,z,65,0.004,0.23652897625809913,False
Spin period (z-axis),spin_period_hr,20.0,1.2,0.0,28.268631813125694,z,65,0.004,0.23652897625809913,False
Spin period (z-axis),spin_period_hr,20.0,1.2,0.0,28.312569521690765,z,65,0.004,0.23652897625809913,False
Spin period (z-axis),spin_period_hr,20.0,1.2,0.0,28.35650723025584,z,65,0.004,0.23652897625809913,False
Spin period (z-axis),spin_period_hr,20.0,1.2,0.0,28.40044493882091,z,65,0.004,0.23652897625809913,False
Spin period (z-axis),spin_period_hr,20.0,1.2,0.0,28.444382647385982,z,65,0.004,0.23652897625809913,False
Spin period (z-axis),spin_period_hr,20.0,1.2,0.0,28.488320355951057,z,65,0.004,0.23652897625809913,False
Spin period (z-axis),spin_period_hr,20.0,1.2,0.0,28.532258064516128,z,65,0.004,0.23652897625809913,False
Spin period (z-axis),spin_period_hr,20.0,1.2,0.0,28.5761957730812,z,65,0.004,0.23652897625809913,False
Spin period (z-axis),spin_period_hr,20.0,1.2,0.0,28.62013348164627,z,65,0.004,0.23652897625809913,False
Spin period (z-axis),spin_period_hr,20.0,1.2,0.0,28.664071190211345,z,65,0.004,0.23652897625809913,False
Spin period (z-axis),spin_period_hr,20.0,1.2,0.0,28.708008898776416,z,65,0.004,0.23652897625809913,False
Spin period (z-axis),spin_period_hr,20.0,1.2,0.0,28.751946607341488,z,65,0.004,0.23652897625809913,False
Spin period (z-axis),spin_period_hr,20.0,1.2,0.0,28.795884315906562,z,65,0.004,0.23652897625809913,False
Spin period (z-axis),spin_period_hr,20.0,1.2,0.0,28.839822024471633,z,65,0.004,0.23652897625809913,False
Spin period (z-axis),spin_period_hr,20.0,1.2,0.0,28.883759733036705,z,65,0.004,0.23652897625809913,False
Spin period (z-axis),spin_period_hr,20.0,1.2,0.0,28.92769744160178,z,65,0.004,0.23652897625809913,False
Spin period (z-axis),spin_period_hr,20.0,1.2,0.0,28.97163515016685,z,65,0.004,0.23652897625809913,False
Spin period (z-axis),spin_period_hr,20.0,1.2,0.0,29.01557285873192,z,65,0.004,0.23652897625809913,False
Spin period (z-axis),spin_period_hr,20.0,1.2,0.0,29.059510567296996,z,65,0.004,0.23652897625809913,False
Spin period (z-axis),spin_period_hr,20.0,1.2,0.0,29.103448275862068,z,65,0.004,0.23652897625809913,False
Spin period (z-axis),spin_period_hr,20.0,1.2,0.0,29.14738598442714,z,65,0.004,0.23652897625809913,False
Spin period (z-axis),spin_period_hr,20.0,1.2,0.0,29.191323692992214,z,65,0.004,0.23652897625809913,False
Spin period (z-axis),spin_period_hr,20.0,1.2,0.0,29.235261401557285,z,65,0.004,0.23652897625809913,False
Spin period (z-axis),spin_period_hr,20.0,1.2,0.0,29.279199110122356,z,65,0.004,0.23652897625809913,False
Spin period (z-axis),spin_period_hr,20.0,1.2,0.0,29.32313681868743,z,65,0.004,0.23652897625809913,False
Spin period (z-axis),spin_period_hr,20.0,1.2,0.0,29.367074527252502,z,65,0.004,0.23652897625809913,False
Spin period (z-axis),spin_period_hr,20.0,1.2,0.0,29.411012235817573,z,65,0.004,0.23652897625809913,False
Spin period (z-axis),spin_period_hr,20.0,1.2,0.0,29.454949944382648,z,65,0.004,0.23652897625809913,False
Spin period (z-axis),spin_period_hr,20.0,1.2,0.0,29.49888765294772,z,65,0.004,0.23652897625809913,False
Spin period (z-axis),spin_period_hr,20.0,1.2,0.0,29.54282536151279,z,65,0.004,0.23652897625809913,False
Spin period (z-axis),spin_period_hr,20.0,1.2,0.0,29.58676307007786,z,65,0.004,0.23652897625809913,False
Spin period (z-axis),spin_period_hr,20.0,1.2,0.0,29.630700778642936,z,65,0.004,0.23652897625809913,False
Spin period (z-axis),spin_period_hr,20.0,1.2,0.0,29.674638487208007,z,65,0.004,0.23652897625809913,False
Spin period (z-axis),spin_period_hr,20.0,1.2,0.0,29.71857619577308,z,65,0.004,0.23652897625809913,False
Spin period (z-axis),spin_period_hr,20.0,1.2,0.0,29.762513904338153,z,65,0.004,0.23652897625809913,False
Spin period (z-axis),spin_period_hr,20.0,1.2,0.0,29.806451612903224,z,65,0.004,0.23652897625809913,False
Spin period (z-axis),spin_period_hr,20.0,1.2,0.0,29.850389321468295,z,65,0.004,0.23652897625809913,False
Spin period (z-axis),spin_period_hr,20.0,1.2,0.0,29.89432703003337,z,65,0.004,0.23652897625809913,False
Spin period (z-axis),spin_period_hr,20.0,1.2,0.0,29.93826473859844,z,65,0.004,0.23652897625809913,False
Spin period (z-axis),spin_period_hr,20.0,1.2,0.0,29.982202447163512,z,65,0.004,0.23652897625809913,False
Spin period (z-axis),spin_period_hr,20.0,1.2,0.0,30.026140155728587,z,65,0.004,0.23652897625809913,False
Spin period (z-axis),spin_period_hr,20.0,1.2,0.0,30.07007786429366,z,65,0.004,0.23652897625809913,False
Spin period (z-axis),spin_period_hr,20.0,1.2,0.0,30.11401557285873,z,65,0.004,0.23652897625809913,False
Spin period (z-axis),spin_period_hr,20.0,1.2,0.0,30.157953281423804,z,65,0.004,0.23652897625809913,False
Spin period (z-axis),spin_period_hr,20.0,1.2,0.0,30.201890989988875,z,65,0.004,0.23652897625809913,False
Spin period (z-axis),spin_period_hr,20.0,1.2,0.0,30.245828698553947,z,65,0.004,0.23652897625809913,False
Spin period (z-axis),spin_period_hr,20.0,1.2,0.0,30.28976640711902,z,65,0.004,0.23652897625809913,False
Spin period (z-axis),spin_period_hr,20.0,1.2,0.0,30.333704115684093,z,65,0.004,0.23652897625809913,False
Spin period (z-axis),spin_period_hr,20.0,1.2,0.0,30.377641824249164,z,65,0.004,0.23652897625809913,False
Spin period (z-axis),spin_period_hr,20.0,1.2,0.0,30.421579532814235,z,65,0.004,0.23652897625809913,False
Spin period (z-axis),spin_period_hr,20.0,1.2,0.0,30.46551724137931,z,65,0.004,0.23652897625809913,False
Spin period (z-axis),spin_period_hr,20.0,1.2,0.0,30.50945494994438,z,65,0.004,0.23652897625809913,False
Spin period (z-axis),spin_period_hr,20.0,1.2,0.0,30.553392658509452,z,65,0.004,0.23652897625809913,False
Spin period (z-axis),spin_period_hr,20.0,1.2,0.0,30.597330367074527,z,65,0.004,0.23652897625809913,False
Spin period (z-axis),spin_period_hr,20.0,1.2,0.0,30.641268075639598,z,65,0.004,0.23652897625809913,False
Spin period (z-axis),spin_period_hr,20.0,1.2,0.0,30.68520578420467,z,65,0.004,0.23652897625809913,False
Spin period (z-axis),spin_period_hr,20.0,1.2,0.0,30.729143492769744,z,65,0.004,0.23652897625809913,False
Spin period (z-axis),spin_period_hr,20.0,1.2,0.0,30.773081201334815,z,65,0.004,0.23652897625809913,False
Spin period (z-axis),spin_period_hr,20.0,1.2,0.0,30.817018909899886,z,65,0.004,0.23652897625809913,False
Spin period (z-axis),spin_period_hr,20.0,1.2,0.0,30.86095661846496,z,65,0.004,0.23652897625809913,False
Spin period (z-axis),spin_period_hr,20.0,1.2,0.0,30.904894327030032,z,65,0.004,0.23652897625809913,False
Spin period (z-axis),spin_period_hr,20.0,1.2,0.0,30.948832035595103,z,65,0.004,0.23652897625809913,False
Spin period (z-axis),spin_period_hr,20.0,1.2,0.0,30.992769744160178,z,65,0.004,0.23652897625809913,False
Spin period (z-axis),spin_period_hr,20.0,1.2,0.0,31.03670745272525,z,65,0.004,0.23652897625809913,False
Spin period (z-axis),spin_period_hr,20.0,1.2,0.0,31.08064516129032,z,65,0.004,0.23652897625809913,False
Spin period (z-axis),spin_period_hr,20.0,1.2,0.0,31.124582869855395,z,65,0.004,0.23652897625809913,False
Spin period (z-axis),spin_period_hr,20.0,1.2,0.0,31.168520578420466,z,65,0.004,0.23652897625809913,False
Spin period (z-axis),spin_period_hr,20.0,1.2,0.0,31.212458286985537,z,65,0.004,0.23652897625809913,False
Spin period (z-axis),spin_period_hr,20.0,1.2,0.0,31.25639599555061,z,65,0.004,0.23652897625809913,False
Spin period (z-axis),spin_period_hr,20.0,1.2,0.0,31.300333704115683,z,65,0.004,0.23652897625809913,False
Spin period (z-axis),spin_period_hr,20.0,1.2,0.0,31.344271412680754,z,65,0.004,0.23652897625809913,False
Spin period (z-axis),spin_period_hr,20.0,1.2,0.0,31.388209121245826,z,65,0.004,0.23652897625809913,False
Spin period (z-axis),spin_period_hr,20.0,1.2,0.0,31.4321468298109,z,65,0.004,0.23652897625809913,False
Spin period (z-axis),spin_period_hr,20.0,1.2,0.0,31.47608453837597,z,65,0.004,0.23652897625809913,False
Spin period (z-axis),spin_period_hr,20.0,1.2,0.0,31.520022246941043,z,65,0.004,0.23652897625809913,False
Spin period (z-axis),spin_period_hr,20.0,1.2,0.0,31.563959955506117,z,65,0.004,0.23652897625809913,False
Spin period (z-axis),spin_period_hr,20.0,1.2,0.0,31.60789766407119,z,65,0.004,0.23652897625809913,False
Spin period (z-axis),spin_period_hr,20.0,1.2,0.0,31.65183537263626,z,65,0.004,0.23652897625809913,False
Spin period (z-axis),spin_period_hr,20.0,1.2,0.0,31.695773081201335,z,65,0.004,0.23652897625809913,False
Spin period (z-axis),spin_period_hr,20.0,1.2,0.0,31.739710789766406,z,65,0.004,0.23652897625809913,False
Spin period (z-axis),spin_period_hr,20.0,1.2,0.0,31.783648498331477,z,65,0.004,0.23652897625809913,False
Spin period (z-axis),spin_period_hr,20.0,1.2,0.0,31.82758620689655,z,65,0.004,0.23652897625809913,False
Spin period (z-axis),spin_period_hr,20.0,1.2,0.0,31.871523915461623,z,65,0.004,0.23652897625809913,False
Spin period (z-axis),spin_period_hr,20.0,1.2,0.0,31.915461624026694,z,65,0.004,0.23652897625809913,False
Spin period (z-axis),spin_period_hr,20.0,1.2,0.0,31.95939933259177,z,65,0.004,0.23652897625809913,False
Spin period (z-axis),spin_period_hr,20.0,1.2,0.0,32.00333704115684,z,65,0.004,0.23652897625809913,False
Spin period (z-axis),spin_period_hr,20.0,1.2,0.0,32.04727474972191,z,65,0.004,0.23652897625809913,False
Spin period (z-axis),spin_period_hr,20.0,1.2,0.0,32.09121245828698,z,65,0.004,0.23652897625809913,False
Spin period (z-axis),spin_period_hr,20.0,1.2,0.0,32.13515016685206,z,65,0.004,0.23652897625809913,False
Spin period (z-axis),spin_period_hr,20.0,1.2,0.0,32.179087875417125,z,65,0.004,0.23652897625809913,False
Spin period (z-axis),spin_period_hr,20.0,1.2,0.0,32.2230255839822,z,65,0.004,0.23652897625809913,False
Spin period (z-axis),spin_period_hr,20.0,1.2,0.0,32.266963292547274,z,65,0.004,0.23652897625809913,False
Spin period (z-axis),spin_period_hr,20.0,1.2,0.0,32.31090100111234,z,65,0.004,0.23652897625809913,False
Spin period (z-axis),spin_period_hr,20.0,1.2,0.0,32.354838709677416,z,65,0.004,0.23652897625809913,False
Spin period (z-axis),spin_period_hr,20.0,1.2,0.0,32.39877641824249,z,65,0.004,0.23652897625809913,False
Spin period (z-axis),spin_period_hr,20.0,1.2,0.0,32.44271412680756,z,65,0.004,0.23652897625809913,False
Spin period (z-axis),spin_period_hr,20.0,1.2,0.0,32.48665183537263,z,65,0.004,0.23652897625809913,False
Spin period (z-axis),spin_period_hr,20.0,1.2,0.0,32.53058954393771,z,65,0.004,0.23652897625809913,False
Spin period (z-axis),spin_period_hr,20.0,1.2,0.0,32.574527252502776,z,65,0.004,0.23652897625809913,False
Spin period (z-axis),spin_period_hr,20.0,1.2,0.0,32.61846496106785,z,65,0.004,0.23652897625809913,False
Spin period (z-axis),spin_period_hr,20.0,1.2,0.0,32.662402669632925,z,65,0.004,0.23652897625809913,False
Spin period (z-axis),spin_period_hr,20.0,1.2,0.0,32.70634037819799,z,65,0.004,0.23652897625809913,False
Spin period (z-axis),spin_period_hr,20.0,1.2,0.0,32.75027808676307,z,65,0.004,0.23652897625809913,False
Spin period (z-axis),spin_period_hr,20.0,1.2,0.0,32.79421579532814,z,65,0.004,0.23652897625809913,False
Spin period (z-axis),spin_period_hr,20.0,1.2,0.0,32.83815350389321,z,65,0.004,0.23652897625809913,False
Spin period (z-axis),spin_period_hr,20.0,1.2,0.0,32.882091212458285,z,65,0.004,0.23652897625809913,False
Spin period (z-axis),spin_period_hr,20.0,1.2,0.0,32.92602892102336,z,65,0.004,0.23652897625809913,False
Spin period (z-axis),spin_period_hr,20.0,1.2,0.0,32.96996662958843,z,65,0.004,0.23652897625809913,False
Spin period (z-axis),spin_period_hr,20.0,1.2,0.0,33.0139043381535,z,65,0.004,0.23652897625809913,False
Spin period (z-axis),spin_period_hr,20.0,1.2,0.0,33.05784204671858,z,65,0.004,0.23652897625809913,False
Spin period (z-axis),spin_period_hr,20.0,1.2,0.0,33.101779755283644,z,65,0.004,0.23652897625809913,False
Spin period (z-axis),spin_period_hr,20.0,1.2,0.0,33.14571746384872,z,65,0.004,0.23652897625809913,False
Spin period (z-axis),spin_period_hr,20.0,1.2,0.0,33.189655172413794,z,65,0.004,0.23652897625809913,False
Spin period (z-axis),spin_period_hr,20.0,1.2,0.0,33.23359288097886,z,65,0.004,0.23652897625809913,False
Spin period (z-axis),spin_period_hr,20.0,1.2,0.0,33.277530589543936,z,65,0.004,0.23652897625809913,False
Spin period (z-axis),spin_period_hr,20.0,1.2,0.0,33.32146829810901,z,65,0.004,0.23652897625809913,False
Spin period (z-axis),spin_period_hr,20.0,1.2,0.0,33.36540600667408,z,65,0.004,0.23652897625809913,False
Spin period (z-axis),spin_period_hr,20.0,1.2,0.0,33.40934371523915,z,65,0.004,0.23652897625809913,False
Spin period (z-axis),spin_period_hr,20.0,1.2,0.0,33.45328142380423,z,65,0.004,0.23652897625809913,False
Spin period (z-axis),spin_period_hr,20.0,1.2,0.0,33.497219132369295,z,65,0.004,0.23652897625809913,False
Spin period (z-axis),spin_period_hr,20.0,1.2,0.0,33.54115684093437,z,65,0.004,0.23652897625809913,False
Spin period (z-axis),spin_period_hr,20.0,1.2,0.0,33.585094549499445,z,65,0.004,0.23652897625809913,False
Spin period (z-axis),spin_period_hr,20.0,1.2,0.0,33.62903225806451,z,65,0.004,0.23652897625809913,False
Spin period (z-axis),spin_period_hr,20.0,1.2,0.0,33.67296996662959,z,65,0.004,0.23652897625809913,False
Spin period (z-axis),spin_period_hr,20.0,1.2,0.0,33.71690767519466,z,65,0.004,0.23652897625809913,False
Spin period (z-axis),spin_period_hr,20.0,1.2,0.0,33.76084538375973,z,65,0.004,0.23652897625809913,False
Spin period (z-axis),spin_period_hr,20.0,1.2,0.0,33.804783092324804,z,65,0.004,0.23652897625809913,False
Spin period (z-axis),spin_period_hr,20.0,1.2,0.0,33.84872080088988,z,65,0.004,0.23652897625809913,False
Spin period (z-axis),spin_period_hr,20.0,1.2,0.0,33.89265850945495,z,65,0.004,0.23652897625809913,False
Spin period (z-axis),spin_period_hr,20.0,1.2,0.0,33.93659621802002,z,65,0.004,0.23652897625809913,False
Spin period (z-axis),spin_period_hr,20.0,1.2,0.0,33.980533926585096,z,65,0.004,0.23652897625809913,False
Spin period (z-axis),spin_period_hr,20.0,1.2,0.0,34.024471635150164,z,65,0.004,0.23652897625809913,False
Spin period (z-axis),spin_period_hr,20.0,1.2,0.0,34.06840934371524,z,65,0.004,0.23652897625809913,False
Spin period (z-axis),spin_period_hr,20.0,1.2,0.0,34.11234705228031,z,65,0.004,0.23652897625809913,False
Spin period (z-axis),spin_period_hr,20.0,1.2,0.0,34.15628476084538,z,65,0.004,0.23652897625809913,False
Spin period (z-axis),spin_period_hr,20.0,1.2,0.0,34.200222469410456,z,65,0.004,0.23652897625809913,False
Spin period (z-axis),spin_period_hr,20.0,1.2,0.0,34.24416017797553,z,65,0.004,0.23652897625809913,False
Spin period (z-axis),spin_period_hr,20.0,1.2,0.0,34.2880978865406,z,65,0.004,0.23652897625809913,False
Spin period (z-axis),spin_period_hr,20.0,1.2,0.0,34.33203559510567,z,65,0.004,0.23652897625809913,False
Spin period (z-axis),spin_period_hr,20.0,1.2,0.0,34.37597330367074,z,65,0.004,0.23652897625809913,False
Spin period (z-axis),spin_period_hr,20.0,1.2,0.0,34.419911012235815,z,65,0.004,0.23652897625809913,False
Spin period (z-axis),spin_period_hr,20.0,1.2,0.0,34.46384872080089,z,65,0.004,0.23652897625809913,False
Spin period (z-axis),spin_period_hr,20.0,1.2,0.0,34.50778642936596,z,65,0.004,0.23652897625809913,False
Spin period (z-axis),spin_period_hr,20.0,1.2,0.0,34.55172413793103,z,65,0.004,0.23652897625809913,False
Spin period (z-axis),spin_period_hr,20.0,1.2,0.0,34.59566184649611,z,65,0.004,0.23652897625809913,False
Spin period (z-axis),spin_period_hr,20.0,1.2,0.0,34.639599555061174,z,65,0.004,0.23652897625809913,False
Spin period (z-axis),spin_period_hr,20.0,1.2,0.0,34.68353726362625,z,65,0.004,0.23652897625809913,False
Spin period (z-axis),spin_period_hr,20.0,1.2,0.0,34.727474972191324,z,65,0.004,0.23652897625809913,False
Spin period (z-axis),spin_period_hr,20.0,1.2,0.0,34.77141268075639,z,65,0.004,0.23652897625809913,False
Spin period (z-axis),spin_period_hr,20.0,1.2,0.0,34.815350389321466,z,65,0.004,0.23652897625809913,False
Spin period (z-axis),spin_period_hr,20.0,1.2,0.0,34.85928809788654,z,65,0.004,0.23652897625809913,False
Spin period (z-axis),spin_period_hr,20.0,1.2,0.0,34.90322580645161,z,65,0.004,0.23652897625809913,False
Spin period (z-axis),spin_period_hr,20.0,1.2,0.0,34.94716351501668,z,65,0.004,0.23652897625809913,False
Spin period (z-axis),spin_period_hr,20.0,1.2,0.0,34.99110122358176,z,65,0.004,0.23652897625809913,False
Spin period (z-axis),spin_period_hr,20.0,1.2,0.0,35.035038932146826,z,65,0.004,0.23652897625809913,False
Spin period (z-axis),spin_period_hr,20.0,1.2,0.0,35.0789766407119,z,65,0.004,0.23652897625809913,False
Spin period (z-axis),spin_period_hr,20.0,1.2,0.0,35.122914349276975,z,65,0.004,0.23652897625809913,False
Spin period (z-axis),spin_period_hr,20.0,1.2,0.0,35.16685205784204,z,65,0.004,0.23652897625809913,False
Spin period (z-axis),spin_period_hr,20.0,1.2,0.0,35.21078976640712,z,65,0.004,0.23652897625809913,False
Spin period (z-axis),spin_period_hr,20.0,1.2,0.0,35.25472747497219,z,65,0.004,0.23652897625809913,False
Spin period (z-axis),spin_period_hr,20.0,1.2,0.0,35.29866518353726,z,65,0.004,0.23652897625809913,False
Spin period (z-axis),spin_period_hr,20.0,1.2,0.0,35.342602892102335,z,65,0.004,0.23652897625809913,False
Spin period (z-axis),spin_period_hr,20.0,1.2,0.0,35.38654060066741,z,65,0.004,0.23652897625809913,False
Spin period (z-axis),spin_period_hr,20.0,1.2,0.0,35.43047830923248,z,65,0.004,0.23652897625809913,False
Spin period (z-axis),spin_period_hr,20.0,1.2,0.0,35.47441601779755,z,65,0.004,0.23652897625809913,False
Spin period (z-axis),spin_period_hr,20.0,1.2,0.0,35.518353726362626,z,65,0.004,0.23652897625809913,False
Spin period (z-axis),spin_period_hr,20.0,1.2,0.0,35.562291434927694,z,65,0.004,0.23652897625809913,False
Spin period (z-axis),spin_period_hr,20.0,1.2,0.0,35.60622914349277,z,65,0.004,0.23652897625809913,False
Spin period (z-axis),spin_period_hr,20.0,1.2,0.0,35.65016685205784,z,65,0.004,0.23652897625809913,False
Spin period (z-axis),spin_period_hr,20.0,1.2,0.0,35.69410456062291,z,65,0.004,0.23652897625809913,False
Spin period (z-axis),spin_period_hr,20.0,1.2,0.0,35.738042269187986,z,65,0.004,0.23652897625809913,False
Spin period (z-axis),spin_period_hr,20.0,1.2,0.0,35.78197997775306,z,65,0.004,0.23652897625809913,False
Spin period (z-axis),spin_period_hr,20.0,1.2,0.0,35.82591768631813,z,65,0.004,0.23652897625809913,False
Spin period (z-axis),spin_period_hr,20.0,1.2,0.0,35.8698553948832,z,65,0.004,0.23652897625809913,False
Spin period (z-axis),spin_period_hr,20.0,1.2,0.0,35.91379310344828,z,65,0.004,0.23652897625809913,False
Spin period (z-axis),spin_period_hr,20.0,1.2,0.0,35.957730812013345,z,65,0.004,0.23652897625809913,False
Spin period (z-axis),spin_period_hr,20.0,1.2,0.0,36.00166852057842,z,65,0.004,0.23652897625809913,False
Spin period (z-axis),spin_period_hr,20.0,1.2,0.0,36.04560622914349,z,65,0.004,0.23652897625809913,False
Spin period (z-axis),spin_period_hr,20.0,1.2,0.0,36.08954393770856,z,65,0.004,0.23652897625809913,False
Spin period (z-axis),spin_period_hr,20.0,1.2,0.0,36.13348164627364,z,65,0.004,0.23652897625809913,False
Spin period (z-axis),spin_period_hr,20.0,1.2,0.0,36.177419354838705,z,65,0.004,0.23652897625809913,False
Spin period (z-axis),spin_period_hr,20.0,1.2,0.0,36.22135706340378,z,65,0.004,0.23652897625809913,False
Spin period (z-axis),spin_period_hr,20.0,1.2,0.0,36.265294771968854,z,65,0.004,0.23652897625809913,False
Spin period (z-axis),spin_period_hr,20.0,1.2,0.0,36.30923248053392,z,65,0.004,0.23652897625809913,False
Spin period (z-axis),spin_period_hr,20.0,1.2,0.0,36.353170189098996,z,65,0.004,0.23652897625809913,False
Spin period (z-axis),spin_period_hr,20.0,1.2,0.0,36.39710789766407,z,65,0.004,0.23652897625809913,False
Spin period (z-axis),spin_period_hr,20.0,1.2,0.0,36.44104560622914,z,65,0.004,0.23652897625809913,False
Spin period (z-axis),spin_period_hr,20.0,1.2,0.0,36.48498331479421,z,65,0.004,0.23652897625809913,False
Spin period (z-axis),spin_period_hr,20.0,1.2,0.0,36.52892102335929,z,65,0.004,0.23652897625809913,False
Spin period (z-axis),spin_period_hr,20.0,1.2,0.0,36.572858731924356,z,65,0.004,0.23652897625809913,False
Spin period (z-axis),spin_period_hr,20.0,1.2,0.0,36.61679644048943,z,65,0.004,0.23652897625809913,False
Spin period (z-axis),spin_period_hr,20.0,1.2,0.0,36.660734149054505,z,65,0.004,0.23652897625809913,False
Spin period (z-axis),spin_period_hr,20.0,1.2,0.0,36.70467185761957,z,65,0.004,0.23652897625809913,False
Spin period (z-axis),spin_period_hr,20.0,1.2,0.0,36.74860956618465,z,65,0.004,0.23652897625809913,False
Spin period (z-axis),spin_period_hr,20.0,1.2,0.0,36.79254727474972,z,65,0.004,0.23652897625809913,False
Spin period (z-axis),spin_period_hr,20.0,1.2,0.0,36.83648498331479,z,65,0.004,0.23652897625809913,False
Spin period (z-axis),spin_period_hr,20.0,1.2,0.0,36.880422691879865,z,65,0.004,0.23652897625809913,False
Spin period (z-axis),spin_period_hr,20.0,1.2,0.0,36.92436040044494,z,65,0.004,0.23652897625809913,False
Spin period (z-axis),spin_period_hr,20.0,1.2,0.0,36.96829810901001,z,65,0.004,0.23652897625809913,False
Spin period (z-axis),spin_period_hr,20.0,1.2,0.0,37.01223581757508,z,65,0.004,0.23652897625809913,False
Spin period (z-axis),spin_period_hr,20.0,1.2,0.0,37.05617352614016,z,65,0.004,0.23652897625809913,False
Spin period (z-axis),spin_period_hr,20.0,1.2,0.0,37.100111234705224,z,65,0.004,0.23652897625809913,False
Spin period (z-axis),spin_period_hr,20.0,1.2,0.0,37.1440489432703,z,65,0.004,0.23652897625809913,False
Spin period (z-axis),spin_period_hr,20.0,1.2,0.0,37.187986651835374,z,65,0.004,0.23652897625809913,False
Spin period (z-axis),spin_period_hr,20.0,1.2,0.0,37.23192436040044,z,65,0.004,0.23652897625809913,False
Spin period (z-axis),spin_period_hr,20.0,1.2,0.0,37.275862068965516,z,65,0.004,0.23652897625809913,False
Spin period (z-axis),spin_period_hr,20.0,1.2,0.0,37.31979977753059,z,65,0.004,0.23652897625809913,False
Spin period (z-axis),spin_period_hr,20.0,1.2,0.0,37.36373748609566,z,65,0.004,0.23652897625809913,False
Spin period (z-axis),spin_period_hr,20.0,1.2,0.0,37.40767519466073,z,65,0.004,0.23652897625809913,False
Spin period (z-axis),spin_period_hr,20.0,1.2,0.0,37.45161290322581,z,65,0.004,0.23652897625809913,False
Spin period (z-axis),spin_period_hr,20.0,1.2,0.0,37.495550611790875,z,65,0.004,0.23652897625809913,False
Spin period (z-axis),spin_period_hr,20.0,1.2,0.0,37.53948832035595,z,65,0.004,0.23652897625809913,False
Spin period (z-axis),spin_period_hr,20.0,1.2,0.0,37.583426028921025,z,65,0.004,0.23652897625809913,False
Spin period (z-axis),spin_period_hr,20.0,1.2,0.0,37.62736373748609,z,65,0.004,0.23652897625809913,False
Spin period (z-axis),spin_period_hr,20.0,1.2,0.0,37.67130144605117,z,65,0.004,0.23652897625809913,False
Spin period (z-axis),spin_period_hr,20.0,1.2,0.0,37.715239154616235,z,65,0.004,0.23652897625809913,False
Spin period (z-axis),spin_period_hr,20.0,1.2,0.0,37.75917686318131,z,65,0.004,0.23652897625809913,False
Spin period (z-axis),spin_period_hr,20.0,1.2,0.0,37.803114571746384,z,65,0.004,0.23652897625809913,False
Spin period (z-axis),spin_period_hr,20.0,1.2,0.0,37.84705228031145,z,65,0.004,0.23652897625809913,False
Spin period (z-axis),spin_period_hr,20.0,1.2,0.0,37.89098998887653,z,65,0.004,0.23652897625809913,False
Spin period (z-axis),spin_period_hr,20.0,1.2,0.0,37.9349276974416,z,65,0.004,0.23652897625809913,False
Spin period (z-axis),spin_period_hr,20.0,1.2,0.0,37.97886540600667,z,65,0.004,0.23652897625809913,False
Spin period (z-axis),spin_period_hr,20.0,1.2,0.0,38.022803114571744,z,65,0.004,0.23652897625809913,False
Spin period (z-axis),spin_period_hr,20.0,1.2,0.0,38.06674082313682,z,65,0.004,0.23652897625809913,False
Spin period (z-axis),spin_period_hr,20.0,1.2,0.0,38.110678531701886,z,65,0.004,0.23652897625809913,False
Spin period (z-axis),spin_period_hr,20.0,1.2,0.0,38.15461624026696,z,65,0.004,0.23652897625809913,False
Spin period (z-axis),spin_period_hr,20.0,1.2,0.0,38.198553948832036,z,65,0.004,0.23652897625809913,False
Spin period (z-axis),spin_period_hr,20.0,1.2,0.0,38.2424916573971,z,65,0.004,0.23652897625809913,False
Spin period (z-axis),spin_period_hr,20.0,1.2,0.0,38.28642936596218,z,65,0.004,0.23652897625809913,False
Spin period (z-axis),spin_period_hr,20.0,1.2,0.0,38.33036707452725,z,65,0.004,0.23652897625809913,False
Spin period (z-axis),spin_period_hr,20.0,1.2,0.0,38.37430478309232,z,65,0.004,0.23652897625809913,False
Spin period (z-axis),spin_period_hr,20.0,1.2,0.0,38.418242491657395,z,65,0.004,0.23652897625809913,False
Spin period (z-axis),spin_period_hr,20.0,1.2,0.0,38.46218020022247,z,65,0.004,0.23652897625809913,False
Spin period (z-axis),spin_period_hr,20.0,1.2,0.0,38.50611790878754,z,65,0.004,0.23652897625809913,False
Spin period (z-axis),spin_period_hr,20.0,1.2,0.0,38.55005561735261,z,65,0.004,0.23652897625809913,False
Spin period (z-axis),spin_period_hr,20.0,1.2,0.0,38.59399332591769,z,65,0.004,0.23652897625809913,False
Spin period (z-axis),spin_period_hr,20.0,1.2,0.0,38.637931034482754,z,65,0.004,0.23652897625809913,False
Spin period (z-axis),spin_period_hr,20.0,1.2,0.0,38.68186874304783,z,65,0.004,0.23652897625809913,False
Spin period (z-axis),spin_period_hr,20.0,1.2,0.0,38.725806451612904,z,65,0.004,0.23652897625809913,False
Spin period (z-axis),spin_period_hr,20.0,1.2,0.0,38.76974416017797,z,65,0.004,0.23652897625809913,False
Spin period (z-axis),spin_period_hr,20.0,1.2,0.0,38.813681868743046,z,65,0.004,0.23652897625809913,False
Spin period (z-axis),spin_period_hr,20.0,1.2,0.0,38.85761957730812,z,65,0.004,0.23652897625809913,False
Spin period (z-axis),spin_period_hr,20.0,1.2,0.0,38.90155728587319,z,65,0.004,0.23652897625809913,False
Spin period (z-axis),spin_period_hr,20.0,1.2,0.0,38.94549499443826,z,65,0.004,0.23652897625809913,False
Spin period (z-axis),spin_period_hr,20.0,1.2,0.0,38.98943270300334,z,65,0.004,0.23652897625809913,False
Spin period (z-axis),spin_period_hr,20.0,1.2,0.0,39.033370411568406,z,65,0.004,0.23652897625809913,False
Spin period (z-axis),spin_period_hr,20.0,1.2,0.0,39.07730812013348,z,65,0.004,0.23652897625809913,False
Spin period (z-axis),spin_period_hr,20.0,1.2,0.0,39.121245828698555,z,65,0.004,0.23652897625809913,False
Spin period (z-axis),spin_period_hr,20.0,1.2,0.0,39.16518353726362,z,65,0.004,0.23652897625809913,False
Spin period (z-axis),spin_period_hr,20.0,1.2,0.0,39.2091212458287,z,65,0.004,0.23652897625809913,False
Spin period (z-axis),spin_period_hr,20.0,1.2,0.0,39.25305895439377,z,65,0.004,0.23652897625809913,False
Spin period (z-axis),spin_period_hr,20.0,1.2,0.0,39.29699666295884,z,65,0.004,0.23652897625809913,False
Spin period (z-axis),spin_period_hr,20.0,1.2,0.0,39.340934371523915,z,65,0.004,0.23652897625809913,False
Spin period (z-axis),spin_period_hr,20.0,1.2,0.0,39.38487208008899,z,65,0.004,0.23652897625809913,False
Spin period (z-axis),spin_period_hr,20.0,1.2,0.0,39.42880978865406,z,65,0.004,0.23652897625809913,False
Spin period (z-axis),spin_period_hr,20.0,1.2,0.0,39.47274749721913,z,65,0.004,0.23652897625809913,False
Spin period (z-axis),spin_period_hr,20.0,1.2,0.0,39.5166852057842,z,65,0.004,0.23652897625809913,False
Spin period (z-axis),spin_period_hr,20.0,1.2,0.0,39.560622914349274,z,65,0.004,0.23652897625809913,False
Spin period (z-axis),spin_period_hr,20.0,1.2,0.0,39.60456062291435,z,65,0.004,0.23652897625809913,False
Spin period (z-axis),spin_period_hr,20.0,1.2,0.0,39.648498331479416,z,65,0.004,0.23652897625809913,False
Spin period (z-axis),spin_period_hr,20.0,1.2,0.0,39.69243604004449,z,65,0.004,0.23652897625809913,False
Spin period (z-axis),spin_period_hr,20.0,1.2,0.0,39.736373748609566,z,65,0.004,0.23652897625809913,False
Spin period (z-axis),spin_period_hr,20.0,1.2,0.0,39.78031145717463,z,65,0.004,0.23652897625809913,False
Spin period (z-axis),spin_period_hr,20.0,1.2,0.0,39.82424916573971,z,65,0.004,0.23652897625809913,False
Spin period (z-axis),spin_period_hr,20.0,1.2,0.0,39.86818687430478,z,65,0.004,0.23652897625809913,False
Spin period (z-axis),spin_period_hr,20.0,1.2,0.0,39.91212458286985,z,65,0.004,0.23652897625809913,False
Spin period (z-axis),spin_period_hr,20.0,1.2,0.0,39.956062291434925,z,65,0.004,0.23652897625809913,False
Spin period (z-axis),spin_period_hr,20.0,1.2,0.0,40.0,z,65,0.004,0.23652897625809913,False
