--2026-06-03 05:26:40--  https://virgodb.cosma.dur.ac.uk/downloads/kegerreisDownload/
Resolving virgodb.cosma.dur.ac.uk (virgodb.cosma.dur.ac.uk)... 2a0c:5bc0:4c:ff::81ea:c41b, 129.234.196.27
Connecting to virgodb.cosma.dur.ac.uk (virgodb.cosma.dur.ac.uk)|2a0c:5bc0:4c:ff::81ea:c41b|:443... connected.
HTTP request sent, awaiting response... 401 Unauthorized
Authentication selected: Basic realm="Restricted Files"
Reusing existing connection to [virgodb.cosma.dur.ac.uk]:443.
HTTP request sent, awaiting response... 200 OK
Length: unspecified [text/html]
Saving to: ‘index.html.tmp’

     0K .......... .......... .......... .......... .......... 2.56M
    50K .......... .......... .......... .......... .......... 5.12M
   100K .......... .......... .......... .......... .......... 73.8M
   150K .......... .......... .......... .......... ..          146M=0.03s

2026-06-03 05:26:41 (6.36 MB/s) - ‘index.html.tmp’ saved [197231]

Loading robots.txt; please ignore errors.
--2026-06-03 05:26:41--  https://virgodb.cosma.dur.ac.uk/robots.txt
Reusing existing connection to [virgodb.cosma.dur.ac.uk]:443.
HTTP request sent, awaiting response... 404 Not Found
2026-06-03 05:26:41 ERROR 404: Not Found.

Removing index.html.tmp since it should be rejected.

--2026-06-03 05:26:41--  https://virgodb.cosma.dur.ac.uk/downloads/kegerreisDownload/?C=N;O=D
Reusing existing connection to [virgodb.cosma.dur.ac.uk]:443.
HTTP request sent, awaiting response... 200 OK
Length: unspecified [text/html]
Saving to: ‘index.html?C=N;O=D.tmp’

     0K .......... .......... .......... .......... .......... 34.1M
    50K .......... .......... .......... .......... ..........  140M
   100K .......... .......... .......... .......... ..........  122M
   150K .......... .......... .......... .......... ..          146M=0.002s

2026-06-03 05:26:41 (76.2 MB/s) - ‘index.html?C=N;O=D.tmp’ saved [197231]

Removing index.html?C=N;O=D.tmp since it should be rejected.

--2026-06-03 05:26:41--  https://virgodb.cosma.dur.ac.uk/downloads/kegerreisDownload/?C=M;O=A
Reusing existing connection to [virgodb.cosma.dur.ac.uk]:443.
HTTP request sent, awaiting response... 200 OK
Length: unspecified [text/html]
Saving to: ‘index.html?C=M;O=A.tmp’

     0K .......... .......... .......... .......... .......... 34.0M
    50K .......... .......... .......... .......... ..........  137M
   100K .......... .......... .......... .......... ..........  121M
   150K .......... .......... .......... .......... ..          148M=0.002s

2026-06-03 05:26:41 (76.0 MB/s) - ‘index.html?C=M;O=A.tmp’ saved [197231]

Removing index.html?C=M;O=A.tmp since it should be rejected.

--2026-06-03 05:26:41--  https://virgodb.cosma.dur.ac.uk/downloads/kegerreisDownload/?C=S;O=A
Reusing existing connection to [virgodb.cosma.dur.ac.uk]:443.
HTTP request sent, awaiting response... 200 OK
Length: unspecified [text/html]
Saving to: ‘index.html?C=S;O=A.tmp’

     0K .......... .......... .......... .......... .......... 34.9M
    50K .......... .......... .......... .......... ..........  144M
   100K .......... .......... .......... .......... ..........  124M
   150K .......... .......... .......... .......... ..          151M=0.002s

2026-06-03 05:26:41 (78.1 MB/s) - ‘index.html?C=S;O=A.tmp’ saved [197231]

Removing index.html?C=S;O=A.tmp since it should be rejected.

--2026-06-03 05:26:41--  https://virgodb.cosma.dur.ac.uk/downloads/kegerreisDownload/?C=D;O=A
Reusing existing connection to [virgodb.cosma.dur.ac.uk]:443.
HTTP request sent, awaiting response... 200 OK
Length: unspecified [text/html]
Saving to: ‘index.html?C=D;O=A.tmp’

     0K .......... .......... .......... .......... .......... 35.6M
    50K .......... .......... .......... .......... ..........  145M
   100K .......... .......... .......... .......... ..........  126M
   150K .......... .......... .......... .......... ..         27.4M=0.004s

2026-06-03 05:26:41 (52.0 MB/s) - ‘index.html?C=D;O=A.tmp’ saved [197231]

Removing index.html?C=D;O=A.tmp since it should be rejected.

File ‘Ma_xp_A1800_n60_r12_v00_90000.hdf5’ already there; not retrieving.

File ‘Ma_xp_A1800_n60_r12_v00_90000_fof_0.0001_0000.hdf5’ already there; not retrieving.

File ‘Ma_xp_A1800_n60_r12_v00_90000_fof_0.0013_0000.hdf5’ already there; not retrieving.

File ‘Ma_xp_A1800_n60_r12_v00_90000_fof_0.0014_0000.hdf5’ already there; not retrieving.

File ‘Ma_xp_A1800_n60_r12_v00_90000_fof_0.0016_0000.hdf5’ already there; not retrieving.

File ‘Ma_xp_A1800_n60_r12_v00_90000_fof_0.002_0000.hdf5’ already there; not retrieving.

File ‘Ma_xp_A1800_n60_r16_v00_90000.hdf5’ already there; not retrieving.

File ‘Ma_xp_A1800_n60_r16_v00_90000_fof_0.0001_0000.hdf5’ already there; not retrieving.

File ‘Ma_xp_A1800_n60_r16_v00_90000_fof_0.0013_0000.hdf5’ already there; not retrieving.

File ‘Ma_xp_A1800_n60_r16_v00_90000_fof_0.0014_0000.hdf5’ already there; not retrieving.

File ‘Ma_xp_A1800_n60_r16_v00_90000_fof_0.0016_0000.hdf5’ already there; not retrieving.

File ‘Ma_xp_A1800_n60_r16_v00_90000_fof_0.002_0000.hdf5’ already there; not retrieving.

File ‘Ma_xp_A1850_n60_r12_v00_90000.hdf5’ already there; not retrieving.

File ‘Ma_xp_A1850_n60_r12_v00_90000_fof_0.0014_0000.hdf5’ already there; not retrieving.

File ‘Ma_xp_A1850_n60_r12_v00_90000_fof_0.0019_0000.hdf5’ already there; not retrieving.

File ‘Ma_xp_A1850_n60_r12_v00_90000_fof_0.002_0000.hdf5’ already there; not retrieving.

File ‘Ma_xp_A1850_n60_r12_v00_90000_fof_0.0024_0000.hdf5’ already there; not retrieving.

File ‘Ma_xp_A1850_n60_r16_v00_90000.hdf5’ already there; not retrieving.

File ‘Ma_xp_A1850_n60_r16_v00_90000_fof_0.0014_0000.hdf5’ already there; not retrieving.

File ‘Ma_xp_A1850_n60_r16_v00_90000_fof_0.0019_0000.hdf5’ already there; not retrieving.

File ‘Ma_xp_A1850_n60_r16_v00_90000_fof_0.002_0000.hdf5’ already there; not retrieving.

File ‘Ma_xp_A1850_n60_r16_v00_90000_fof_0.0024_0000.hdf5’ already there; not retrieving.

File ‘Ma_xp_A1900_n50_r12_v00_54000_fof_0.006_0000.hdf5’ already there; not retrieving.

File ‘Ma_xp_A1900_n50_r12_v00_56000_fof_0.006_0000.hdf5’ already there; not retrieving.

File ‘Ma_xp_A1900_n50_r12_v00_58000_fof_0.006_0000.hdf5’ already there; not retrieving.

File ‘Ma_xp_A1900_n50_r12_v00_60000_fof_0.006_0000.hdf5’ already there; not retrieving.

File ‘Ma_xp_A1900_n50_r12_v00_62000_fof_0.006_0000.hdf5’ already there; not retrieving.

File ‘Ma_xp_A1900_n50_r12_v00_64000_fof_0.006_0000.hdf5’ already there; not retrieving.

File ‘Ma_xp_A1900_n50_r12_v00_66000_fof_0.006_0000.hdf5’ already there; not retrieving.

File ‘Ma_xp_A1900_n50_r12_v00_68000_fof_0.006_0000.hdf5’ already there; not retrieving.

File ‘Ma_xp_A1900_n50_r12_v00_70000_fof_0.006_0000.hdf5’ already there; not retrieving.

File ‘Ma_xp_A1900_n50_r12_v00_72000_fof_0.006_0000.hdf5’ already there; not retrieving.

File ‘Ma_xp_A1900_n50_r12_v00_90000.hdf5’ already there; not retrieving.

File ‘Ma_xp_A1900_n50_r12_v00_90000_fof_0.006_0000.hdf5’ already there; not retrieving.

File ‘Ma_xp_A1900_n50_r16_v00_72000_fof_0.006_0000.hdf5’ already there; not retrieving.

File ‘Ma_xp_A1900_n50_r16_v00_90000.hdf5’ already there; not retrieving.

File ‘Ma_xp_A1900_n50_r16_v00_90000_fof_0.006_0000.hdf5’ already there; not retrieving.

File ‘Ma_xp_A1900_n55_r12_v00_72000_fof_0.004_0000.hdf5’ already there; not retrieving.

File ‘Ma_xp_A1900_n55_r12_v00_90000.hdf5’ already there; not retrieving.

File ‘Ma_xp_A1900_n55_r12_v00_90000_fof_0.004_0000.hdf5’ already there; not retrieving.

File ‘Ma_xp_A1900_n55_r16_v00_72000_fof_0.004_0000.hdf5’ already there; not retrieving.

File ‘Ma_xp_A1900_n55_r16_v00_90000.hdf5’ already there; not retrieving.

File ‘Ma_xp_A1900_n55_r16_v00_90000_fof_0.004_0000.hdf5’ already there; not retrieving.

File ‘Ma_xp_A1900_n60_r12_v00_72000_fof_0.003_0000.hdf5’ already there; not retrieving.

--2026-06-03 05:26:41--  https://virgodb.cosma.dur.ac.uk/downloads/kegerreisDownload/Ma_xp_A1900_n60_r12_v00_90000.hdf5
Reusing existing connection to [virgodb.cosma.dur.ac.uk]:443.
HTTP request sent, awaiting response... 200 OK
Length: 103309864 (99M)
Saving to: ‘Ma_xp_A1900_n60_r12_v00_90000.hdf5’

     0K .......... .......... .......... .......... ..........  0%  668K 2m31s
    50K .......... .......... .......... .......... ..........  0% 6.66M 83s
   100K .......... .......... .......... .......... ..........  0% 3.20M 65s
   150K .......... .......... .......... .......... ..........  0% 6.94M 53s
   200K .......... .......... .......... .......... ..........  0% 7.26M 45s
   250K .......... .......... .......... .......... ..........  0%  172M 37s
   300K .......... .......... .......... .......... ..........  0%  170M 32s
   350K .......... .......... .......... .......... ..........  0%  152M 28s
   400K .......... .......... .......... .......... ..........  0%  182M 25s
   450K .......... .......... .......... .......... ..........  0%  162M 23s
   500K .......... .......... .......... .......... ..........  0%  178M 21s
   550K .......... .......... .......... .......... ..........  0% 43.4M 19s
   600K .......... .......... .......... .......... ..........  0% 7.41M 19s
   650K .......... .......... .......... .......... ..........  0%  175M 17s
   700K .......... .......... .......... .......... ..........  0%  158M 16s
   750K .......... .......... .......... .......... ..........  0%  173M 15s
   800K .......... .......... .......... .......... ..........  0%  173M 14s
   850K .......... .......... .......... .......... ..........  0%  155M 14s
   900K .......... .......... .......... .......... ..........  0%  178M 13s
   950K .......... .......... .......... .......... ..........  0%  161M 12s
  1000K .......... .......... .......... .......... ..........  1%  177M 12s
  1050K .......... .......... .......... .......... ..........  1%  179M 11s
  1100K .......... .......... .......... .......... ..........  1%  158M 11s
  1150K .......... .......... .......... .......... ..........  1%  173M 10s
  1200K .......... .......... .......... .......... ..........  1%  163M 10s
  1250K .......... .......... .......... .......... ..........  1%  183M 10s
  1300K .......... .......... .......... .......... ..........  1%  186M 9s
  1350K .......... .......... .......... .......... ..........  1%  160M 9s
  1400K .......... .......... .......... .......... ..........  1%  184M 9s
  1450K .......... .......... .......... .......... ..........  1%  165M 8s
  1500K .......... .......... .......... .......... ..........  1% 10.5M 8s
  1550K .......... .......... .......... .......... ..........  1%  171M 8s
  1600K .......... .......... .......... .......... ..........  1%  153M 8s
  1650K .......... .......... .......... .......... ..........  1%  184M 8s
  1700K .......... .......... .......... .......... ..........  1%  154M 7s
  1750K .......... .......... .......... .......... ..........  1%  177M 7s
  1800K .......... .......... .......... .......... ..........  1%  172M 7s
  1850K .......... .......... .......... .......... ..........  1%  154M 7s
  1900K .......... .......... .......... .......... ..........  1%  172M 7s
  1950K .......... .......... .......... .......... ..........  1%  155M 7s
  2000K .......... .......... .......... .......... ..........  2%  179M 6s
  2050K .......... .......... .......... .......... ..........  2%  178M 6s
  2100K .......... .......... .......... .......... ..........  2%  153M 6s
  2150K .......... .......... .......... .......... ..........  2%  178M 6s
  2200K .......... .......... .......... .......... ..........  2%  163M 6s
  2250K .......... .......... .......... .......... ..........  2%  186M 6s
  2300K .......... .......... .......... .......... ..........  2%  178M 6s
  2350K .......... .......... .......... .......... ..........  2%  167M 6s
  2400K .......... .......... .......... .......... ..........  2%  212M 5s
  2450K .......... .......... .......... .......... ..........  2%  185M 5s
  2500K .......... .......... .......... .......... ..........  2%  208M 5s
  2550K .......... .......... .......... .......... ..........  2%  192M 5s
  2600K .......... .......... .......... .......... ..........  2%  162M 5s
  2650K .......... .......... .......... .......... ..........  2%  186M 5s
  2700K .......... .......... .......... .......... ..........  2%  159M 5s
  2750K .......... .......... .......... .......... ..........  2%  186M 5s
  2800K .......... .......... .......... .......... ..........  2%  186M 5s
  2850K .......... .......... .......... .......... ..........  2%  159M 5s
  2900K .......... .......... .......... .......... ..........  2%  181M 5s
  2950K .......... .......... .......... .......... ..........  2%  161M 5s
  3000K .......... .......... .......... .......... ..........  3%  185M 4s
  3050K .......... .......... .......... .......... ..........  3%  185M 4s
  3100K .......... .......... .......... .......... ..........  3%  162M 4s
  3150K .......... .......... .......... .......... ..........  3%  186M 4s
  3200K .......... .......... .......... .......... ..........  3%  156M 4s
  3250K .......... .......... .......... .......... ..........  3%  179M 4s
  3300K .......... .......... .......... .......... ..........  3%  179M 4s
  3350K .......... .......... .......... .......... ..........  3%  158M 4s
  3400K .......... .......... .......... .......... ..........  3%  177M 4s
  3450K .......... .......... .......... .......... ..........  3%  160M 4s
  3500K .......... .......... .......... .......... ..........  3%  185M 4s
  3550K .......... .......... .......... .......... ..........  3%  185M 4s
  3600K .......... .......... .......... .......... ..........  3%  164M 4s
  3650K .......... .......... .......... .......... ..........  3%  187M 4s
  3700K .......... .......... .......... .......... ..........  3%  165M 4s
  3750K .......... .......... .......... .......... ..........  3%  186M 4s
  3800K .......... .......... .......... .......... ..........  3%  187M 4s
  3850K .......... .......... .......... .......... ..........  3%  162M 4s
  3900K .......... .......... .......... .......... ..........  3%  187M 4s
  3950K .......... .......... .......... .......... ..........  3%  164M 3s
  4000K .......... .......... .......... .......... ..........  4%  187M 3s
  4050K .......... .......... .......... .......... ..........  4%  224K 9s
  4100K .......... .......... .......... .......... ..........  4%  140M 9s
  4150K .......... .......... .......... .......... ..........  4%  169M 8s
  4200K .......... .......... .......... .......... ..........  4%  153M 8s
  4250K .......... .......... .......... .......... ..........  4%  178M 8s
  4300K .......... .......... .......... .......... ..........  4%  172M 8s
  4350K .......... .......... .......... .......... ..........  4%  150M 8s
  4400K .......... .......... .......... .......... ..........  4%  178M 8s
  4450K .......... .......... .......... .......... ..........  4%  157M 8s
  4500K .......... .......... .......... .......... ..........  4%  172M 8s
  4550K .......... .......... .......... .......... ..........  4%  177M 8s
  4600K .......... .......... .......... .......... ..........  4%  155M 8s
  4650K .......... .......... .......... .......... ..........  4%  177M 8s
  4700K .......... .......... .......... .......... ..........  4%  155M 8s
  4750K .......... .......... .......... .......... ..........  4%  179M 7s
  4800K .......... .......... .......... .......... ..........  4%  176M 7s
  4850K .......... .......... .......... .......... ..........  4%  149M 7s
  4900K .......... .......... .......... .......... ..........  4%  179M 7s
  4950K .......... .......... .......... .......... ..........  4%  157M 7s
  5000K .......... .......... .......... .......... ..........  5%  181M 7s
  5050K .......... .......... .......... .......... ..........  5%  180M 7s
  5100K .......... .......... .......... .......... ..........  5%  156M 7s
  5150K .......... .......... .......... .......... ..........  5%  176M 7s
  5200K .......... .......... .......... .......... ..........  5%  153M 7s
  5250K .......... .......... .......... .......... ..........  5%  177M 7s
  5300K .......... .......... .......... .......... ..........  5%  186M 7s
  5350K .......... .......... .......... .......... ..........  5%  156M 7s
  5400K .......... .......... .......... .......... ..........  5%  183M 7s
  5450K .......... .......... .......... .......... ..........  5%  164M 7s
  5500K .......... .......... .......... .......... ..........  5%  182M 6s
  5550K .......... .......... .......... .......... ..........  5%  188M 6s
  5600K .......... .......... .......... .......... ..........  5%  161M 6s
  5650K .......... .......... .......... .......... ..........  5%  188M 6s
  5700K .......... .......... .......... .......... ..........  5%  159M 6s
  5750K .......... .......... .......... .......... ..........  5%  178M 6s
  5800K .......... .......... .......... .......... ..........  5%  177M 6s
  5850K .......... .......... .......... .......... ..........  5%  155M 6s
  5900K .......... .......... .......... .......... ..........  5%  182M 6s
  5950K .......... .......... .......... .......... ..........  5%  162M 6s
  6000K .......... .......... .......... .......... ..........  5%  181M 6s
  6050K .......... .......... .......... .......... ..........  6%  179M 6s
  6100K .......... .......... .......... .......... ..........  6%  155M 6s
  6150K .......... .......... .......... .......... ..........  6%  176M 6s
  6200K .......... .......... .......... .......... ..........  6%  158M 6s
  6250K .......... .......... .......... .......... ..........  6%  177M 6s
  6300K .......... .......... .......... .......... ..........  6%  181M 6s
  6350K .......... .......... .......... .......... ..........  6%  158M 6s
  6400K .......... .......... .......... .......... ..........  6%  178M 6s
  6450K .......... .......... .......... .......... ..........  6%  159M 6s
  6500K .......... .......... .......... .......... ..........  6%  181M 5s
  6550K .......... .......... .......... .......... ..........  6%  181M 5s
  6600K .......... .......... .......... .......... ..........  6%  160M 5s
  6650K .......... .......... .......... .......... ..........  6%  181M 5s
  6700K .......... .......... .......... .......... ..........  6%  162M 5s
  6750K .......... .......... .......... .......... ..........  6%  178M 5s
  6800K .......... .......... .......... .......... ..........  6%  183M 5s
  6850K .......... .......... .......... .......... ..........  6%  156M 5s
  6900K .......... .......... .......... .......... ..........  6%  175M 5s
  6950K .......... .......... .......... .......... ..........  6%  161M 5s
  7000K .......... .......... .......... .......... ..........  6%  179M 5s
  7050K .......... .......... .......... .......... ..........  7%  178M 5s
  7100K .......... .......... .......... .......... ..........  7%  159M 5s
  7150K .......... .......... .......... .......... ..........  7%  180M 5s
  7200K .......... .......... .......... .......... ..........  7%  161M 5s
  7250K .......... .......... .......... .......... ..........  7%  174M 5s
  7300K .......... .......... .......... .......... ..........  7%  182M 5s
  7350K .......... .......... .......... .......... ..........  7%  155M 5s
  7400K .......... .......... .......... .......... ..........  7%  178M 5s
  7450K .......... .......... .......... .......... ..........  7%  150M 5s
  7500K .......... .......... .......... .......... ..........  7%  179M 5s
  7550K .......... .......... .......... .......... ..........  7%  176M 5s
  7600K .......... .......... .......... .......... ..........  7%  155M 5s
  7650K .......... .......... .......... .......... ..........  7%  176M 5s
  7700K .......... .......... .......... .......... ..........  7%  158M 5s
  7750K .......... .......... .......... .......... ..........  7%  179M 5s
  7800K .......... .......... .......... .......... ..........  7%  174M 5s
  7850K .......... .......... .......... .......... ..........  7%  156M 5s
  7900K .......... .......... .......... .......... ..........  7%  176M 5s
  7950K .......... .......... .......... .......... ..........  7%  157M 5s
  8000K .......... .......... .......... .......... ..........  7%  178M 4s
  8050K .......... .......... .......... .......... ..........  8%  184M 4s
  8100K .......... .......... .......... .......... ..........  8%  156M 4s
  8150K .......... .......... .......... .......... ..........  8% 3.46M 5s
  8200K .......... .......... .......... .......... ..........  8%  155M 5s
  8250K .......... .......... .......... .......... ..........  8%  179M 5s
  8300K .......... .......... .......... .......... ..........  8%  184M 4s
  8350K .......... .......... .......... .......... ..........  8%  154M 4s
  8400K .......... .......... .......... .......... ..........  8%  185M 4s
  8450K .......... .......... .......... .......... ..........  8%  157M 4s
  8500K .......... .......... .......... .......... ..........  8%  182M 4s
  8550K .......... .......... .......... .......... ..........  8%  178M 4s
  8600K .......... .......... .......... .......... ..........  8%  156M 4s
  8650K .......... .......... .......... .......... ..........  8%  182M 4s
  8700K .......... .......... .......... .......... ..........  8%  156M 4s
  8750K .......... .......... .......... .......... ..........  8%  182M 4s
  8800K .......... .......... .......... .......... ..........  8%  180M 4s
  8850K .......... .......... .......... .......... ..........  8%  154M 4s
  8900K .......... .......... .......... .......... ..........  8%  183M 4s
  8950K .......... .......... .......... .......... ..........  8%  158M 4s
  9000K .......... .......... .......... .......... ..........  8%  181M 4s
  9050K .......... .......... .......... .......... ..........  9%  179M 4s
  9100K .......... .......... .......... .......... ..........  9%  159M 4s
  9150K .......... .......... .......... .......... ..........  9%  183M 4s
  9200K .......... .......... .......... .......... ..........  9%  154M 4s
  9250K .......... .......... .......... .......... ..........  9%  179M 4s
  9300K .......... .......... .......... .......... ..........  9%  184M 4s
  9350K .......... .......... .......... .......... ..........  9%  151M 4s
  9400K .......... .......... .......... .......... ..........  9%  179M 4s
  9450K .......... .......... .......... .......... ..........  9%  149M 4s
  9500K .......... .......... .......... .......... ..........  9%  165M 4s
  9550K .......... .......... .......... .......... ..........  9%  171M 4s
  9600K .......... .......... .......... .......... ..........  9%  156M 4s
  9650K .......... .......... .......... .......... ..........  9%  183M 4s
  9700K .......... .......... .......... .......... ..........  9%  151M 4s
  9750K .......... .......... .......... .......... ..........  9%  176M 4s
  9800K .......... .......... .......... .......... ..........  9%  171M 4s
  9850K .......... .......... .......... .......... ..........  9%  143M 4s
  9900K .......... .......... .......... .......... ..........  9%  158M 4s
  9950K .......... .......... .......... .......... ..........  9%  139M 4s
 10000K .......... .......... .......... .......... ..........  9%  159M 4s
 10050K .......... .......... .......... .......... .......... 10%  161M 4s
 10100K .......... .......... .......... .......... .......... 10%  140M 4s
 10150K .......... .......... .......... .......... .......... 10%  162M 4s
 10200K .......... .......... .......... .......... .......... 10%  137M 4s
 10250K .......... .......... .......... .......... .......... 10%  160M 4s
 10300K .......... .......... .......... .......... .......... 10%  162M 4s
 10350K .......... .......... .......... .......... .......... 10%  149M 4s
 10400K .......... .......... .......... .......... .......... 10%  179M 4s
 10450K .......... .......... .......... .......... .......... 10%  158M 4s
 10500K .......... .......... .......... .......... .......... 10%  175M 4s
 10550K .......... .......... .......... .......... .......... 10%  178M 4s
 10600K .......... .......... .......... .......... .......... 10%  155M 4s
 10650K .......... .......... .......... .......... .......... 10%  181M 4s
 10700K .......... .......... .......... .......... .......... 10%  154M 4s
 10750K .......... .......... .......... .......... .......... 10%  171M 4s
 10800K .......... .......... .......... .......... .......... 10%  167M 3s
 10850K .......... .......... .......... .......... .......... 10%  148M 3s
 10900K .......... .......... .......... .......... .......... 10%  170M 3s
 10950K .......... .......... .......... .......... .......... 10%  145M 3s
 11000K .......... .......... .......... .......... .......... 10%  164M 3s
 11050K .......... .......... .......... .......... .......... 11%  177M 3s
 11100K .......... .......... .......... .......... .......... 11%  152M 3s
 11150K .......... .......... .......... .......... .......... 11%  179M 3s
 11200K .......... .......... .......... .......... .......... 11%  156M 3s
 11250K .......... .......... .......... .......... .......... 11%  177M 3s
 11300K .......... .......... .......... .......... .......... 11%  179M 3s
 11350K .......... .......... .......... .......... .......... 11%  155M 3s
 11400K .......... .......... .......... .......... .......... 11%  182M 3s
 11450K .......... .......... .......... .......... .......... 11%  156M 3s
 11500K .......... .......... .......... .......... .......... 11%  166M 3s
 11550K .......... .......... .......... .......... .......... 11%  145M 3s
 11600K .......... .......... .......... .......... .......... 11%  135M 3s
 11650K .......... .......... .......... .......... .......... 11%  180M 3s
 11700K .......... .......... .......... .......... .......... 11%  156M 3s
 11750K .......... .......... .......... .......... .......... 11%  180M 3s
 11800K .......... .......... .......... .......... .......... 11%  177M 3s
 11850K .......... .......... .......... .......... .......... 11%  155M 3s
 11900K .......... .......... .......... .......... .......... 11%  179M 3s
 11950K .......... .......... .......... .......... .......... 11%  159M 3s
 12000K .......... .......... .......... .......... .......... 11%  175M 3s
 12050K .......... .......... .......... .......... .......... 11%  181M 3s
 12100K .......... .......... .......... .......... .......... 12%  158M 3s
 12150K .......... .......... .......... .......... .......... 12%  180M 3s
 12200K .......... .......... .......... .......... .......... 12%  158M 3s
 12250K .......... .......... .......... .......... .......... 12%  182M 3s
 12300K .......... .......... .......... .......... .......... 12%  182M 3s
 12350K .......... .......... .......... .......... .......... 12%  157M 3s
 12400K .......... .......... .......... .......... .......... 12%  184M 3s
 12450K .......... .......... .......... .......... .......... 12%  159M 3s
 12500K .......... .......... .......... .......... .......... 12%  181M 3s
 12550K .......... .......... .......... .......... .......... 12%  177M 3s
 12600K .......... .......... .......... .......... .......... 12%  155M 3s
 12650K .......... .......... .......... .......... .......... 12%  181M 3s
 12700K .......... .......... .......... .......... .......... 12%  154M 3s
 12750K .......... .......... .......... .......... .......... 12%  174M 3s
 12800K .......... .......... .......... .......... .......... 12%  175M 3s
 12850K .......... .......... .......... .......... .......... 12%  158M 3s
 12900K .......... .......... .......... .......... .......... 12%  176M 3s
 12950K .......... .......... .......... .......... .......... 12%  160M 3s
 13000K .......... .......... .......... .......... .......... 12%  181M 3s
 13050K .......... .......... .......... .......... .......... 12%  173M 3s
 13100K .......... .......... .......... .......... .......... 13%  150M 3s
 13150K .......... .......... .......... .......... .......... 13%  179M 3s
 13200K .......... .......... .......... .......... .......... 13%  156M 3s
 13250K .......... .......... .......... .......... .......... 13%  175M 3s
 13300K .......... .......... .......... .......... .......... 13%  183M 3s
 13350K .......... .......... .......... .......... .......... 13%  153M 3s
 13400K .......... .......... .......... .......... .......... 13%  178M 3s
 13450K .......... .......... .......... .......... .......... 13%  154M 3s
 13500K .......... .......... .......... .......... .......... 13%  181M 3s
 13550K .......... .......... .......... .......... .......... 13%  182M 3s
 13600K .......... .......... .......... .......... .......... 13%  158M 3s
 13650K .......... .......... .......... .......... .......... 13%  180M 3s
 13700K .......... .......... .......... .......... .......... 13%  162M 3s
 13750K .......... .......... .......... .......... .......... 13%  182M 3s
 13800K .......... .......... .......... .......... .......... 13%  184M 3s
 13850K .......... .......... .......... .......... .......... 13%  160M 3s
 13900K .......... .......... .......... .......... .......... 13%  184M 3s
 13950K .......... .......... .......... .......... .......... 13%  162M 3s
 14000K .......... .......... .......... .......... .......... 13%  184M 3s
 14050K .......... .......... .......... .......... .......... 13%  181M 3s
 14100K .......... .......... .......... .......... .......... 14%  159M 3s
 14150K .......... .......... .......... .......... .......... 14%  186M 3s
 14200K .......... .......... .......... .......... .......... 14%  156M 3s
 14250K .......... .......... .......... .......... .......... 14%  180M 3s
 14300K .......... .......... .......... .......... .......... 14%  178M 3s
 14350K .......... .......... .......... .......... .......... 14%  157M 3s
 14400K .......... .......... .......... .......... .......... 14%  180M 3s
 14450K .......... .......... .......... .......... .......... 14%  159M 3s
 14500K .......... .......... .......... .......... .......... 14%  182M 3s
 14550K .......... .......... .......... .......... .......... 14%  182M 3s
 14600K .......... .......... .......... .......... .......... 14%  161M 3s
 14650K .......... .......... .......... .......... .......... 14%  183M 3s
 14700K .......... .......... .......... .......... .......... 14%  161M 3s
 14750K .......... .......... .......... .......... .......... 14%  179M 3s
 14800K .......... .......... .......... .......... .......... 14%  178M 3s
 14850K .......... .......... .......... .......... .......... 14%  161M 3s
 14900K .......... .......... .......... .......... .......... 14%  183M 3s
 14950K .......... .......... .......... .......... .......... 14%  163M 3s
 15000K .......... .......... .......... .......... .......... 14%  179M 3s
 15050K .......... .......... .......... .......... .......... 14%  176M 3s
 15100K .......... .......... .......... .......... .......... 15%  159M 3s
 15150K .......... .......... .......... .......... .......... 15%  180M 3s
 15200K .......... .......... .......... .......... .......... 15%  162M 3s
 15250K .......... .......... .......... .......... .......... 15%  185M 2s
 15300K .......... .......... .......... .......... .......... 15%  180M 2s
 15350K .......... .......... .......... .......... .......... 15%  159M 2s
 15400K .......... .......... .......... .......... .......... 15%  183M 2s
 15450K .......... .......... .......... .......... .......... 15%  162M 2s
 15500K .......... .......... .......... .......... .......... 15%  183M 2s
 15550K .......... .......... .......... .......... .......... 15%  186M 2s
 15600K .......... .......... .......... .......... .......... 15%  161M 2s
 15650K .......... .......... .......... .......... .......... 15%  184M 2s
 15700K .......... .......... .......... .......... .......... 15%  159M 2s
 15750K .......... .......... .......... .......... .......... 15%  185M 2s
 15800K .......... .......... .......... .......... .......... 15%  183M 2s
 15850K .......... .......... .......... .......... .......... 15%  161M 2s
 15900K .......... .......... .......... .......... .......... 15%  179M 2s
 15950K .......... .......... .......... .......... .......... 15%  159M 2s
 16000K .......... .......... .......... .......... .......... 15%  179M 2s
 16050K .......... .......... .......... .......... .......... 15%  178M 2s
 16100K .......... .......... .......... .......... .......... 16%  154M 2s
 16150K .......... .......... .......... .......... .......... 16%  179M 2s
 16200K .......... .......... .......... .......... .......... 16%  158M 2s
 16250K .......... .......... .......... .......... .......... 16%  181M 2s
 16300K .......... .......... .......... .......... .......... 16%  183M 2s
 16350K .......... .......... .......... .......... .......... 16%  121M 2s
 16400K .......... .......... .......... .......... .......... 16%  174M 2s
 16450K .......... .......... .......... .......... .......... 16%  158M 2s
 16500K .......... .......... .......... .......... .......... 16%  177M 2s
 16550K .......... .......... .......... .......... .......... 16%  182M 2s
 16600K .......... .......... .......... .......... .......... 16%  159M 2s
 16650K .......... .......... .......... .......... .......... 16%  183M 2s
 16700K .......... .......... .......... .......... .......... 16%  154M 2s
 16750K .......... .......... .......... .......... .......... 16%  178M 2s
 16800K .......... .......... .......... .......... .......... 16%  181M 2s
 16850K .......... .......... .......... .......... .......... 16%  161M 2s
 16900K .......... .......... .......... .......... .......... 16%  183M 2s
 16950K .......... .......... .......... .......... .......... 16%  157M 2s
 17000K .......... .......... .......... .......... .......... 16%  182M 2s
 17050K .......... .......... .......... .......... .......... 16%  171M 2s
 17100K .......... .......... .......... .......... .......... 16%  158M 2s
 17150K .......... .......... .......... .......... .......... 17%  184M 2s
 17200K .......... .......... .......... .......... .......... 17%  162M 2s
 17250K .......... .......... .......... .......... .......... 17%  179M 2s
 17300K .......... .......... .......... .......... .......... 17%  182M 2s
 17350K .......... .......... .......... .......... .......... 17%  161M 2s
 17400K .......... .......... .......... .......... .......... 17%  183M 2s
 17450K .......... .......... .......... .......... .......... 17%  162M 2s
 17500K .......... .......... .......... .......... .......... 17%  183M 2s
 17550K .......... .......... .......... .......... .......... 17%  183M 2s
 17600K .......... .......... .......... .......... .......... 17%  153M 2s
 17650K .......... .......... .......... .......... .......... 17%  184M 2s
 17700K .......... .......... .......... .......... .......... 17%  161M 2s
 17750K .......... .......... .......... .......... .......... 17%  179M 2s
 17800K .......... .......... .......... .......... .......... 17%  175M 2s
 17850K .......... .......... .......... .......... .......... 17%  155M 2s
 17900K .......... .......... .......... .......... .......... 17%  185M 2s
 17950K .......... .......... .......... .......... .......... 17%  160M 2s
 18000K .......... .......... .......... .......... .......... 17%  185M 2s
 18050K .......... .......... .......... .......... .......... 17%  180M 2s
 18100K .......... .......... .......... .......... .......... 17%  159M 2s
 18150K .......... .......... .......... .......... .......... 18%  178M 2s
 18200K .......... .......... .......... .......... .......... 18%  162M 2s
 18250K .......... .......... .......... .......... .......... 18%  186M 2s
 18300K .......... .......... .......... .......... .......... 18%  183M 2s
 18350K .......... .......... .......... .......... .......... 18%  158M 2s
 18400K .......... .......... .......... .......... .......... 18%  180M 2s
 18450K .......... .......... .......... .......... .......... 18%  160M 2s
 18500K .......... .......... .......... .......... .......... 18%  184M 2s
 18550K .......... .......... .......... .......... .......... 18%  184M 2s
 18600K .......... .......... .......... .......... .......... 18%  157M 2s
 18650K .......... .......... .......... .......... .......... 18%  177M 2s
 18700K .......... .......... .......... .......... .......... 18%  157M 2s
 18750K .......... .......... .......... .......... .......... 18%  184M 2s
 18800K .......... .......... .......... .......... .......... 18%  189M 2s
 18850K .......... .......... .......... .......... .......... 18%  157M 2s
 18900K .......... .......... .......... .......... .......... 18%  184M 2s
 18950K .......... .......... .......... .......... .......... 18%  158M 2s
 19000K .......... .......... .......... .......... .......... 18%  184M 2s
 19050K .......... .......... .......... .......... .......... 18%  185M 2s
 19100K .......... .......... .......... .......... .......... 18%  163M 2s
 19150K .......... .......... .......... .......... .......... 19%  186M 2s
 19200K .......... .......... .......... .......... .......... 19%  161M 2s
 19250K .......... .......... .......... .......... .......... 19%  182M 2s
 19300K .......... .......... .......... .......... .......... 19%  177M 2s
 19350K .......... .......... .......... .......... .......... 19%  156M 2s
 19400K .......... .......... .......... .......... .......... 19%  178M 2s
 19450K .......... .......... .......... .......... .......... 19%  157M 2s
 19500K .......... .......... .......... .......... .......... 19%  181M 2s
 19550K .......... .......... .......... .......... .......... 19%  182M 2s
 19600K .......... .......... .......... .......... .......... 19%  162M 2s
 19650K .......... .......... .......... .......... .......... 19%  186M 2s
 19700K .......... .......... .......... .......... .......... 19%  153M 2s
 19750K .......... .......... .......... .......... .......... 19%  178M 2s
 19800K .......... .......... .......... .......... .......... 19%  183M 2s
 19850K .......... .......... .......... .......... .......... 19%  160M 2s
 19900K .......... .......... .......... .......... .......... 19%  185M 2s
 19950K .......... .......... .......... .......... .......... 19%  162M 2s
 20000K .......... .......... .......... .......... .......... 19%  182M 2s
 20050K .......... .......... .......... .......... .......... 19%  181M 2s
 20100K .......... .......... .......... .......... .......... 19%  152M 2s
 20150K .......... .......... .......... .......... .......... 20%  185M 2s
 20200K .......... .......... .......... .......... .......... 20%  162M 2s
 20250K .......... .......... .......... .......... .......... 20%  178M 2s
 20300K .......... .......... .......... .......... .......... 20%  180M 2s
 20350K .......... .......... .......... .......... .......... 20%  154M 2s
 20400K .......... .......... .......... .......... .......... 20%  183M 2s
 20450K .......... .......... .......... .......... .......... 20%  164M 2s
 20500K .......... .......... .......... .......... .......... 20%  186M 2s
 20550K .......... .......... .......... .......... .......... 20%  179M 2s
 20600K .......... .......... .......... .......... .......... 20%  152M 2s
 20650K .......... .......... .......... .......... .......... 20%  179M 2s
 20700K .......... .......... .......... .......... .......... 20%  162M 2s
 20750K .......... .......... .......... .......... .......... 20%  186M 2s
 20800K .......... .......... .......... .......... .......... 20%  184M 2s
 20850K .......... .......... .......... .......... .......... 20%  157M 2s
 20900K .......... .......... .......... .......... .......... 20%  177M 2s
 20950K .......... .......... .......... .......... .......... 20%  153M 2s
 21000K .......... .......... .......... .......... .......... 20%  179M 2s
 21050K .......... .......... .......... .......... .......... 20%  180M 2s
 21100K .......... .......... .......... .......... .......... 20%  155M 2s
 21150K .......... .......... .......... .......... .......... 21%  184M 2s
 21200K .......... .......... .......... .......... .......... 21%  158M 2s
 21250K .......... .......... .......... .......... .......... 21%  187M 2s
 21300K .......... .......... .......... .......... .......... 21%  183M 2s
 21350K .......... .......... .......... .......... .......... 21%  161M 2s
 21400K .......... .......... .......... .......... .......... 21%  185M 2s
 21450K .......... .......... .......... .......... .......... 21%  164M 2s
 21500K .......... .......... .......... .......... .......... 21%  177M 2s
 21550K .......... .......... .......... .......... .......... 21%  183M 2s
 21600K .......... .......... .......... .......... .......... 21%  162M 2s
 21650K .......... .......... .......... .......... .......... 21%  178M 2s
 21700K .......... .......... .......... .......... .......... 21%  155M 2s
 21750K .......... .......... .......... .......... .......... 21%  182M 2s
 21800K .......... .......... .......... .......... .......... 21%  184M 2s
 21850K .......... .......... .......... .......... .......... 21%  157M 2s
 21900K .......... .......... .......... .......... .......... 21%  183M 2s
 21950K .......... .......... .......... .......... .......... 21%  158M 2s
 22000K .......... .......... .......... .......... .......... 21%  178M 2s
 22050K .......... .......... .......... .......... .......... 21%  186M 2s
 22100K .......... .......... .......... .......... .......... 21%  163M 2s
 22150K .......... .......... .......... .......... .......... 22%  187M 2s
 22200K .......... .......... .......... .......... .......... 22%  156M 2s
 22250K .......... .......... .......... .......... .......... 22%  178M 2s
 22300K .......... .......... .......... .......... .......... 22%  184M 2s
 22350K .......... .......... .......... .......... .......... 22%  157M 2s
 22400K .......... .......... .......... .......... .......... 22%  183M 2s
 22450K .......... .......... .......... .......... .......... 22%  167M 2s
 22500K .......... .......... .......... .......... .......... 22%  177M 2s
 22550K .......... .......... .......... .......... .......... 22%  182M 2s
 22600K .......... .......... .......... .......... .......... 22%  158M 2s
 22650K .......... .......... .......... .......... .......... 22%  181M 2s
 22700K .......... .......... .......... .......... .......... 22%  161M 2s
 22750K .......... .......... .......... .......... .......... 22%  184M 2s
 22800K .......... .......... .......... .......... .......... 22%  211M 2s
 22850K .......... .......... .......... .......... .......... 22%  181M 2s
 22900K .......... .......... .......... .......... .......... 22%  199M 2s
 22950K .......... .......... .......... .......... .......... 22%  157M 2s
 23000K .......... .......... .......... .......... .......... 22%  183M 2s
 23050K .......... .......... .......... .......... .......... 22%  186M 2s
 23100K .......... .......... .......... .......... .......... 22%  159M 2s
 23150K .......... .......... .......... .......... .......... 22%  179M 2s
 23200K .......... .......... .......... .......... .......... 23%  155M 2s
 23250K .......... .......... .......... .......... .......... 23%  176M 2s
 23300K .......... .......... .......... .......... .......... 23%  186M 2s
 23350K .......... .......... .......... .......... .......... 23%  156M 2s
 23400K .......... .......... .......... .......... .......... 23%  179M 2s
 23450K .......... .......... .......... .......... .......... 23%  156M 2s
 23500K .......... .......... .......... .......... .......... 23%  182M 2s
 23550K .......... .......... .......... .......... .......... 23%  183M 2s
 23600K .......... .......... .......... .......... .......... 23%  152M 2s
 23650K .......... .......... .......... .......... .......... 23%  179M 2s
 23700K .......... .......... .......... .......... .......... 23%  162M 2s
 23750K .......... .......... .......... .......... .......... 23%  184M 2s
 23800K .......... .......... .......... .......... .......... 23%  177M 2s
 23850K .......... .......... .......... .......... .......... 23%  152M 2s
 23900K .......... .......... .......... .......... .......... 23%  174M 2s
 23950K .......... .......... .......... .......... .......... 23%  157M 2s
 24000K .......... .......... .......... .......... .......... 23%  178M 2s
 24050K .......... .......... .......... .......... .......... 23%  182M 2s
 24100K .......... .......... .......... .......... .......... 23%  156M 2s
 24150K .......... .......... .......... .......... .......... 23%  178M 2s
 24200K .......... .......... .......... .......... .......... 24%  156M 2s
 24250K .......... .......... .......... .......... .......... 24%  180M 2s
 24300K .......... .......... .......... .......... .......... 24%  175M 2s
 24350K .......... .......... .......... .......... .......... 24%  159M 2s
 24400K .......... .......... .......... .......... .......... 24%  182M 2s
 24450K .......... .......... .......... .......... .......... 24%  158M 2s
 24500K .......... .......... .......... .......... .......... 24%  177M 2s
 24550K .......... .......... .......... .......... .......... 24% 91.4M 2s
 24600K .......... .......... .......... .......... .......... 24%  155M 2s
 24650K .......... .......... .......... .......... .......... 24%  183M 2s
 24700K .......... .......... .......... .......... .......... 24%  162M 2s
 24750K .......... .......... .......... .......... .......... 24%  179M 2s
 24800K .......... .......... .......... .......... .......... 24%  182M 2s
 24850K .......... .......... .......... .......... .......... 24%  159M 2s
 24900K .......... .......... .......... .......... .......... 24%  182M 2s
 24950K .......... .......... .......... .......... .......... 24%  154M 2s
 25000K .......... .......... .......... .......... .......... 24%  180M 2s
 25050K .......... .......... .......... .......... .......... 24%  184M 2s
 25100K .......... .......... .......... .......... .......... 24%  152M 2s
 25150K .......... .......... .......... .......... .......... 24%  184M 2s
 25200K .......... .......... .......... .......... .......... 25%  160M 2s
 25250K .......... .......... .......... .......... .......... 25%  182M 2s
 25300K .......... .......... .......... .......... .......... 25%  184M 2s
 25350K .......... .......... .......... .......... .......... 25%  161M 1s
 25400K .......... .......... .......... .......... .......... 25%  185M 1s
 25450K .......... .......... .......... .......... .......... 25%  162M 1s
 25500K .......... .......... .......... .......... .......... 25%  184M 1s
 25550K .......... .......... .......... .......... .......... 25%  184M 1s
 25600K .......... .......... .......... .......... .......... 25%  161M 1s
 25650K .......... .......... .......... .......... .......... 25%  178M 1s
 25700K .......... .......... .......... .......... .......... 25%  162M 1s
 25750K .......... .......... .......... .......... .......... 25%  186M 1s
 25800K .......... .......... .......... .......... .......... 25%  184M 1s
 25850K .......... .......... .......... .......... .......... 25%  155M 1s
 25900K .......... .......... .......... .......... .......... 25%  181M 1s
 25950K .......... .......... .......... .......... .......... 25%  159M 1s
 26000K .......... .......... .......... .......... .......... 25%  181M 1s
 26050K .......... .......... .......... .......... .......... 25%  184M 1s
 26100K .......... .......... .......... .......... .......... 25%  161M 1s
 26150K .......... .......... .......... .......... .......... 25%  182M 1s
 26200K .......... .......... .......... .......... .......... 26%  158M 1s
 26250K .......... .......... .......... .......... .......... 26%  181M 1s
 26300K .......... .......... .......... .......... .......... 26%  182M 1s
 26350K .......... .......... .......... .......... .......... 26%  158M 1s
 26400K .......... .......... .......... .......... .......... 26%  185M 1s
 26450K .......... .......... .......... .......... .......... 26%  161M 1s
 26500K .......... .......... .......... .......... .......... 26%  178M 1s
 26550K .......... .......... .......... .......... .......... 26%  180M 1s
 26600K .......... .......... .......... .......... .......... 26%  156M 1s
 26650K .......... .......... .......... .......... .......... 26%  182M 1s
 26700K .......... .......... .......... .......... .......... 26%  158M 1s
 26750K .......... .......... .......... .......... .......... 26%  182M 1s
 26800K .......... .......... .......... .......... .......... 26%  185M 1s
 26850K .......... .......... .......... .......... .......... 26%  162M 1s
 26900K .......... .......... .......... .......... .......... 26%  180M 1s
 26950K .......... .......... .......... .......... .......... 26%  163M 1s
 27000K .......... .......... .......... .......... .......... 26%  185M 1s
 27050K .......... .......... .......... .......... .......... 26%  179M 1s
 27100K .......... .......... .......... .......... .......... 26%  158M 1s
 27150K .......... .......... .......... .......... .......... 26%  182M 1s
 27200K .......... .......... .......... .......... .......... 27%  164M 1s
 27250K .......... .......... .......... .......... .......... 27%  183M 1s
 27300K .......... .......... .......... .......... .......... 27%  186M 1s
 27350K .......... .......... .......... .......... .......... 27%  159M 1s
 27400K .......... .......... .......... .......... .......... 27%  178M 1s
 27450K .......... .......... .......... .......... .......... 27%  160M 1s
 27500K .......... .......... .......... .......... .......... 27%  182M 1s
 27550K .......... .......... .......... .......... .......... 27%  184M 1s
 27600K .......... .......... .......... .......... .......... 27%  160M 1s
 27650K .......... .......... .......... .......... .......... 27%  184M 1s
 27700K .......... .......... .......... .......... .......... 27%  162M 1s
 27750K .......... .......... .......... .......... .......... 27%  187M 1s
 27800K .......... .......... .......... .......... .......... 27%  179M 1s
 27850K .......... .......... .......... .......... .......... 27%  160M 1s
 27900K .......... .......... .......... .......... .......... 27%  182M 1s
 27950K .......... .......... .......... .......... .......... 27%  160M 1s
 28000K .......... .......... .......... .......... .......... 27%  186M 1s
 28050K .......... .......... .......... .......... .......... 27%  188M 1s
 28100K .......... .......... .......... .......... .......... 27%  160M 1s
 28150K .......... .......... .......... .......... .......... 27%  179M 1s
 28200K .......... .......... .......... .......... .......... 28%  162M 1s
 28250K .......... .......... .......... .......... .......... 28%  181M 1s
 28300K .......... .......... .......... .......... .......... 28%  181M 1s
 28350K .......... .......... .......... .......... .......... 28%  159M 1s
 28400K .......... .......... .......... .......... .......... 28%  186M 1s
 28450K .......... .......... .......... .......... .......... 28%  160M 1s
 28500K .......... .......... .......... .......... .......... 28%  181M 1s
 28550K .......... .......... .......... .......... .......... 28%  187M 1s
 28600K .......... .......... .......... .......... .......... 28%  161M 1s
 28650K .......... .......... .......... .......... .......... 28%  180M 1s
 28700K .......... .......... .......... .......... .......... 28%  162M 1s
 28750K .......... .......... .......... .......... .......... 28%  182M 1s
 28800K .......... .......... .......... .......... .......... 28%  186M 1s
 28850K .......... .......... .......... .......... .......... 28%  159M 1s
 28900K .......... .......... .......... .......... .......... 28%  184M 1s
 28950K .......... .......... .......... .......... .......... 28%  164M 1s
 29000K .......... .......... .......... .......... .......... 28%  180M 1s
 29050K .......... .......... .......... .......... .......... 28%  182M 1s
 29100K .......... .......... .......... .......... .......... 28%  160M 1s
 29150K .......... .......... .......... .......... .......... 28%  185M 1s
 29200K .......... .......... .......... .......... .......... 28%  155M 1s
 29250K .......... .......... .......... .......... .......... 29%  185M 1s
 29300K .......... .......... .......... .......... .......... 29%  183M 1s
 29350K .......... .......... .......... .......... .......... 29%  155M 1s
 29400K .......... .......... .......... .......... .......... 29%  182M 1s
 29450K .......... .......... .......... .......... .......... 29%  162M 1s
 29500K .......... .......... .......... .......... .......... 29%  181M 1s
 29550K .......... .......... .......... .......... .......... 29%  180M 1s
 29600K .......... .......... .......... .......... .......... 29%  157M 1s
 29650K .......... .......... .......... .......... .......... 29%  182M 1s
 29700K .......... .......... .......... .......... .......... 29%  157M 1s
 29750K .......... .......... .......... .......... .......... 29%  185M 1s
 29800K .......... .......... .......... .......... .......... 29%  185M 1s
 29850K .......... .......... .......... .......... .......... 29%  155M 1s
 29900K .......... .......... .......... .......... .......... 29%  180M 1s
 29950K .......... .......... .......... .......... .......... 29%  160M 1s
 30000K .......... .......... .......... .......... .......... 29%  182M 1s
 30050K .......... .......... .......... .......... .......... 29%  183M 1s
 30100K .......... .......... .......... .......... .......... 29%  158M 1s
 30150K .......... .......... .......... .......... .......... 29%  178M 1s
 30200K .......... .......... .......... .......... .......... 29%  160M 1s
 30250K .......... .......... .......... .......... .......... 30%  184M 1s
 30300K .......... .......... .......... .......... .......... 30%  184M 1s
 30350K .......... .......... .......... .......... .......... 30%  158M 1s
 30400K .......... .......... .......... .......... .......... 30%  181M 1s
 30450K .......... .......... .......... .......... .......... 30%  156M 1s
 30500K .......... .......... .......... .......... .......... 30%  181M 1s
 30550K .......... .......... .......... .......... .......... 30%  183M 1s
 30600K .......... .......... .......... .......... .......... 30%  160M 1s
 30650K .......... .......... .......... .......... .......... 30%  188M 1s
 30700K .......... .......... .......... .......... .......... 30%  159M 1s
 30750K .......... .......... .......... .......... .......... 30%  183M 1s
 30800K .......... .......... .......... .......... .......... 30%  180M 1s
 30850K .......... .......... .......... .......... .......... 30%  158M 1s
 30900K .......... .......... .......... .......... .......... 30%  182M 1s
 30950K .......... .......... .......... .......... .......... 30%  157M 1s
 31000K .......... .......... .......... .......... .......... 30%  185M 1s
 31050K .......... .......... .......... .......... .......... 30%  182M 1s
 31100K .......... .......... .......... .......... .......... 30%  159M 1s
 31150K .......... .......... .......... .......... .......... 30%  179M 1s
 31200K .......... .......... .......... .......... .......... 30%  159M 1s
 31250K .......... .......... .......... .......... .......... 31%  184M 1s
 31300K .......... .......... .......... .......... .......... 31%  184M 1s
 31350K .......... .......... .......... .......... .......... 31%  160M 1s
 31400K .......... .......... .......... .......... .......... 31%  183M 1s
 31450K .......... .......... .......... .......... .......... 31%  161M 1s
 31500K .......... .......... .......... .......... .......... 31%  180M 1s
 31550K .......... .......... .......... .......... .......... 31%  184M 1s
 31600K .......... .......... .......... .......... .......... 31%  160M 1s
 31650K .......... .......... .......... .......... .......... 31%  182M 1s
 31700K .......... .......... .......... .......... .......... 31%  161M 1s
 31750K .......... .......... .......... .......... .......... 31%  181M 1s
 31800K .......... .......... .......... .......... .......... 31%  184M 1s
 31850K .......... .......... .......... .......... .......... 31%  156M 1s
 31900K .......... .......... .......... .......... .......... 31%  185M 1s
 31950K .......... .......... .......... .......... .......... 31%  163M 1s
 32000K .......... .......... .......... .......... .......... 31%  180M 1s
 32050K .......... .......... .......... .......... .......... 31%  183M 1s
 32100K .......... .......... .......... .......... .......... 31%  160M 1s
 32150K .......... .......... .......... .......... .......... 31%  183M 1s
 32200K .......... .......... .......... .......... .......... 31%  161M 1s
 32250K .......... .......... .......... .......... .......... 32%  183M 1s
 32300K .......... .......... .......... .......... .......... 32%  188M 1s
 32350K .......... .......... .......... .......... .......... 32%  173M 1s
 32400K .......... .......... .......... .......... .......... 32%  190M 1s
 32450K .......... .......... .......... .......... .......... 32%  160M 1s
 32500K .......... .......... .......... .......... .......... 32%  182M 1s
 32550K .......... .......... .......... .......... .......... 32%  184M 1s
 32600K .......... .......... .......... .......... .......... 32%  160M 1s
 32650K .......... .......... .......... .......... .......... 32%  182M 1s
 32700K .......... .......... .......... .......... .......... 32%  159M 1s
 32750K .......... .......... .......... .......... .......... 32%  142M 1s
 32800K .......... .......... .......... .......... .......... 32%  183M 1s
 32850K .......... .......... .......... .......... .......... 32%  159M 1s
 32900K .......... .......... .......... .......... .......... 32%  176M 1s
 32950K .......... .......... .......... .......... .......... 32%  162M 1s
 33000K .......... .......... .......... .......... .......... 32%  185M 1s
 33050K .......... .......... .......... .......... .......... 32%  181M 1s
 33100K .......... .......... .......... .......... .......... 32%  161M 1s
 33150K .......... .......... .......... .......... .......... 32%  183M 1s
 33200K .......... .......... .......... .......... .......... 32%  163M 1s
 33250K .......... .......... .......... .......... .......... 33%  183M 1s
 33300K .......... .......... .......... .......... .......... 33%  186M 1s
 33350K .......... .......... .......... .......... .......... 33%  158M 1s
 33400K .......... .......... .......... .......... .......... 33%  182M 1s
 33450K .......... .......... .......... .......... .......... 33%  157M 1s
 33500K .......... .......... .......... .......... .......... 33%  185M 1s
 33550K .......... .......... .......... .......... .......... 33%  183M 1s
 33600K .......... .......... .......... .......... .......... 33%  157M 1s
 33650K .......... .......... .......... .......... .......... 33%  182M 1s
 33700K .......... .......... .......... .......... .......... 33%  161M 1s
 33750K .......... .......... .......... .......... .......... 33%  181M 1s
 33800K .......... .......... .......... .......... .......... 33%  178M 1s
 33850K .......... .......... .......... .......... .......... 33%  156M 1s
 33900K .......... .......... .......... .......... .......... 33%  183M 1s
 33950K .......... .......... .......... .......... .......... 33%  159M 1s
 34000K .......... .......... .......... .......... .......... 33%  181M 1s
 34050K .......... .......... .......... .......... .......... 33%  181M 1s
 34100K .......... .......... .......... .......... .......... 33%  159M 1s
 34150K .......... .......... .......... .......... .......... 33%  182M 1s
 34200K .......... .......... .......... .......... .......... 33%  162M 1s
 34250K .......... .......... .......... .......... .......... 33%  184M 1s
 34300K .......... .......... .......... .......... .......... 34%  179M 1s
 34350K .......... .......... .......... .......... .......... 34%  160M 1s
 34400K .......... .......... .......... .......... .......... 34%  183M 1s
 34450K .......... .......... .......... .......... .......... 34%  165M 1s
 34500K .......... .......... .......... .......... .......... 34%  179M 1s
 34550K .......... .......... .......... .......... .......... 34%  183M 1s
 34600K .......... .......... .......... .......... .......... 34%  158M 1s
 34650K .......... .......... .......... .......... .......... 34%  184M 1s
 34700K .......... .......... .......... .......... .......... 34%  161M 1s
 34750K .......... .......... .......... .......... .......... 34%  184M 1s
 34800K .......... .......... .......... .......... .......... 34%  186M 1s
 34850K .......... .......... .......... .......... .......... 34%  155M 1s
 34900K .......... .......... .......... .......... .......... 34%  180M 1s
 34950K .......... .......... .......... .......... .......... 34%  162M 1s
 35000K .......... .......... .......... .......... .......... 34%  180M 1s
 35050K .......... .......... .......... .......... .......... 34%  179M 1s
 35100K .......... .......... .......... .......... .......... 34%  160M 1s
 35150K .......... .......... .......... .......... .......... 34%  180M 1s
 35200K .......... .......... .......... .......... .......... 34%  160M 1s
 35250K .......... .......... .......... .......... .......... 34%  184M 1s
 35300K .......... .......... .......... .......... .......... 35%  185M 1s
 35350K .......... .......... .......... .......... .......... 35%  158M 1s
 35400K .......... .......... .......... .......... .......... 35%  181M 1s
 35450K .......... .......... .......... .......... .......... 35%  161M 1s
 35500K .......... .......... .......... .......... .......... 35%  184M 1s
 35550K .......... .......... .......... .......... .......... 35%  181M 1s
 35600K .......... .......... .......... .......... .......... 35%  160M 1s
 35650K .......... .......... .......... .......... .......... 35%  189M 1s
 35700K .......... .......... .......... .......... .......... 35%  158M 1s
 35750K .......... .......... .......... .......... .......... 35%  184M 1s
 35800K .......... .......... .......... .......... .......... 35%  181M 1s
 35850K .......... .......... .......... .......... .......... 35%  157M 1s
 35900K .......... .......... .......... .......... .......... 35%  179M 1s
 35950K .......... .......... .......... .......... .......... 35%  162M 1s
 36000K .......... .......... .......... .......... .......... 35%  183M 1s
 36050K .......... .......... .......... .......... .......... 35%  179M 1s
 36100K .......... .......... .......... .......... .......... 35%  155M 1s
 36150K .......... .......... .......... .......... .......... 35%  179M 1s
 36200K .......... .......... .......... .......... .......... 35%  159M 1s
 36250K .......... .......... .......... .......... .......... 35%  175M 1s
 36300K .......... .......... .......... .......... .......... 36%  179M 1s
 36350K .......... .......... .......... .......... .......... 36%  159M 1s
 36400K .......... .......... .......... .......... .......... 36%  180M 1s
 36450K .......... .......... .......... .......... .......... 36%  158M 1s
 36500K .......... .......... .......... .......... .......... 36%  181M 1s
 36550K .......... .......... .......... .......... .......... 36%  179M 1s
 36600K .......... .......... .......... .......... .......... 36%  155M 1s
 36650K .......... .......... .......... .......... .......... 36%  181M 1s
 36700K .......... .......... .......... .......... .......... 36%  159M 1s
 36750K .......... .......... .......... .......... .......... 36%  178M 1s
 36800K .......... .......... .......... .......... .......... 36%  183M 1s
 36850K .......... .......... .......... .......... .......... 36%  602K 1s
 36900K .......... .......... .......... .......... .......... 36%  178M 1s
 36950K .......... .......... .......... .......... .......... 36%  157M 1s
 37000K .......... .......... .......... .......... .......... 36%  180M 1s
 37050K .......... .......... .......... .......... .......... 36%  200M 1s
 37100K .......... .......... .......... .......... .......... 36%  161M 1s
 37150K .......... .......... .......... .......... .......... 36%  185M 1s
 37200K .......... .......... .......... .......... .......... 36%  160M 1s
 37250K .......... .......... .......... .......... .......... 36%  183M 1s
 37300K .......... .......... .......... .......... .......... 37%  184M 1s
 37350K .......... .......... .......... .......... .......... 37%  152M 1s
 37400K .......... .......... .......... .......... .......... 37%  182M 1s
 37450K .......... .......... .......... .......... .......... 37%  158M 1s
 37500K .......... .......... .......... .......... .......... 37%  184M 1s
 37550K .......... .......... .......... .......... .......... 37%  182M 1s
 37600K .......... .......... .......... .......... .......... 37%  157M 1s
 37650K .......... .......... .......... .......... .......... 37%  182M 1s
 37700K .......... .......... .......... .......... .......... 37%  158M 1s
 37750K .......... .......... .......... .......... .......... 37%  180M 1s
 37800K .......... .......... .......... .......... .......... 37%  185M 1s
 37850K .......... .......... .......... .......... .......... 37%  157M 1s
 37900K .......... .......... .......... .......... .......... 37%  204M 1s
 37950K .......... .......... .......... .......... .......... 37%  181M 1s
 38000K .......... .......... .......... .......... .......... 37%  203M 1s
 38050K .......... .......... .......... .......... .......... 37%  204M 1s
 38100K .......... .......... .......... .......... .......... 37%  171M 1s
 38150K .......... .......... .......... .......... .......... 37%  202M 1s
 38200K .......... .......... .......... .......... .......... 37%  181M 1s
 38250K .......... .......... .......... .......... .......... 37%  201M 1s
 38300K .......... .......... .......... .......... .......... 38%  209M 1s
 38350K .......... .......... .......... .......... .......... 38%  181M 1s
 38400K .......... .......... .......... .......... .......... 38%  210M 1s
 38450K .......... .......... .......... .......... .......... 38%  184M 1s
 38500K .......... .......... .......... .......... .......... 38%  207M 1s
 38550K .......... .......... .......... .......... .......... 38%  208M 1s
 38600K .......... .......... .......... .......... .......... 38%  177M 1s
 38650K .......... .......... .......... .......... .......... 38%  200M 1s
 38700K .......... .......... .......... .......... .......... 38%  169M 1s
 38750K .......... .......... .......... .......... .......... 38%  186M 1s
 38800K .......... .......... .......... .......... .......... 38%  179M 1s
 38850K .......... .......... .......... .......... .......... 38%  157M 1s
 38900K .......... .......... .......... .......... .......... 38%  178M 1s
 38950K .......... .......... .......... .......... .......... 38%  163M 1s
 39000K .......... .......... .......... .......... .......... 38%  180M 1s
 39050K .......... .......... .......... .......... .......... 38%  180M 1s
 39100K .......... .......... .......... .......... .......... 38%  158M 1s
 39150K .......... .......... .......... .......... .......... 38%  178M 1s
 39200K .......... .......... .......... .......... .......... 38%  157M 1s
 39250K .......... .......... .......... .......... .......... 38%  179M 1s
 39300K .......... .......... .......... .......... .......... 39%  182M 1s
 39350K .......... .......... .......... .......... .......... 39%  154M 1s
 39400K .......... .......... .......... .......... .......... 39%  184M 1s
 39450K .......... .......... .......... .......... .......... 39%  158M 1s
 39500K .......... .......... .......... .......... .......... 39%  180M 1s
 39550K .......... .......... .......... .......... .......... 39%  178M 1s
 39600K .......... .......... .......... .......... .......... 39%  154M 1s
 39650K .......... .......... .......... .......... .......... 39%  180M 1s
 39700K .......... .......... .......... .......... .......... 39%  157M 1s
 39750K .......... .......... .......... .......... .......... 39%  181M 1s
 39800K .......... .......... .......... .......... .......... 39%  183M 1s
 39850K .......... .......... .......... .......... .......... 39%  159M 1s
 39900K .......... .......... .......... .......... .......... 39%  182M 1s
 39950K .......... .......... .......... .......... .......... 39%  158M 1s
 40000K .......... .......... .......... .......... .......... 39%  183M 1s
 40050K .......... .......... .......... .......... .......... 39%  184M 1s
 40100K .......... .......... .......... .......... .......... 39%  155M 1s
 40150K .......... .......... .......... .......... .......... 39%  183M 1s
 40200K .......... .......... .......... .......... .......... 39%  158M 1s
 40250K .......... .......... .......... .......... .......... 39%  180M 1s
 40300K .......... .......... .......... .......... .......... 39%  180M 1s
 40350K .......... .......... .......... .......... .......... 40%  157M 1s
 40400K .......... .......... .......... .......... .......... 40%  179M 1s
 40450K .......... .......... .......... .......... .......... 40%  159M 1s
 40500K .......... .......... .......... .......... .......... 40%  184M 1s
 40550K .......... .......... .......... .......... .......... 40%  185M 1s
 40600K .......... .......... .......... .......... .......... 40%  157M 1s
 40650K .......... .......... .......... .......... .......... 40%  181M 1s
 40700K .......... .......... .......... .......... .......... 40%  158M 1s
 40750K .......... .......... .......... .......... .......... 40%  177M 1s
 40800K .......... .......... .......... .......... .......... 40%  181M 1s
 40850K .......... .......... .......... .......... .......... 40%  157M 1s
 40900K .......... .......... .......... .......... .......... 40%  179M 1s
 40950K .......... .......... .......... .......... .......... 40%  426K 1s
 41000K .......... .......... .......... .......... .......... 40%  174M 1s
 41050K .......... .......... .......... .......... .......... 40%  177M 1s
 41100K .......... .......... .......... .......... .......... 40%  142M 1s
 41150K .......... .......... .......... .......... .......... 40%  167M 1s
 41200K .......... .......... .......... .......... .......... 40%  147M 1s
 41250K .......... .......... .......... .......... .......... 40%  180M 1s
 41300K .......... .......... .......... .......... .......... 40%  178M 1s
 41350K .......... .......... .......... .......... .......... 41%  147M 1s
 41400K .......... .......... .......... .......... .......... 41%  174M 1s
 41450K .......... .......... .......... .......... .......... 41%  153M 1s
 41500K .......... .......... .......... .......... .......... 41%  170M 1s
 41550K .......... .......... .......... .......... .......... 41%  174M 1s
 41600K .......... .......... .......... .......... .......... 41%  147M 1s
 41650K .......... .......... .......... .......... .......... 41%  171M 1s
 41700K .......... .......... .......... .......... .......... 41%  149M 1s
 41750K .......... .......... .......... .......... .......... 41%  177M 1s
 41800K .......... .......... .......... .......... .......... 41%  171M 1s
 41850K .......... .......... .......... .......... .......... 41%  150M 1s
 41900K .......... .......... .......... .......... .......... 41%  179M 1s
 41950K .......... .......... .......... .......... .......... 41%  156M 1s
 42000K .......... .......... .......... .......... .......... 41%  182M 1s
 42050K .......... .......... .......... .......... .......... 41%  180M 1s
 42100K .......... .......... .......... .......... .......... 41%  162M 1s
 42150K .......... .......... .......... .......... .......... 41%  181M 1s
 42200K .......... .......... .......... .......... .......... 41%  161M 1s
 42250K .......... .......... .......... .......... .......... 41%  183M 1s
 42300K .......... .......... .......... .......... .......... 41%  181M 1s
 42350K .......... .......... .......... .......... .......... 42%  159M 1s
 42400K .......... .......... .......... .......... .......... 42%  182M 1s
 42450K .......... .......... .......... .......... .......... 42%  162M 1s
 42500K .......... .......... .......... .......... .......... 42%  178M 1s
 42550K .......... .......... .......... .......... .......... 42%  186M 1s
 42600K .......... .......... .......... .......... .......... 42%  158M 1s
 42650K .......... .......... .......... .......... .......... 42%  183M 1s
 42700K .......... .......... .......... .......... .......... 42%  156M 1s
 42750K .......... .......... .......... .......... .......... 42%  180M 1s
 42800K .......... .......... .......... .......... .......... 42%  183M 1s
 42850K .......... .......... .......... .......... .......... 42%  155M 1s
 42900K .......... .......... .......... .......... .......... 42%  177M 1s
 42950K .......... .......... .......... .......... .......... 42%  157M 1s
 43000K .......... .......... .......... .......... .......... 42%  175M 1s
 43050K .......... .......... .......... .......... .......... 42%  181M 1s
 43100K .......... .......... .......... .......... .......... 42%  158M 1s
 43150K .......... .......... .......... .......... .......... 42%  182M 1s
 43200K .......... .......... .......... .......... .......... 42%  160M 1s
 43250K .......... .......... .......... .......... .......... 42%  183M 1s
 43300K .......... .......... .......... .......... .......... 42%  184M 1s
 43350K .......... .......... .......... .......... .......... 43%  155M 1s
 43400K .......... .......... .......... .......... .......... 43%  180M 1s
 43450K .......... .......... .......... .......... .......... 43%  161M 1s
 43500K .......... .......... .......... .......... .......... 43%  180M 1s
 43550K .......... .......... .......... .......... .......... 43%  184M 1s
 43600K .......... .......... .......... .......... .......... 43%  157M 1s
 43650K .......... .......... .......... .......... .......... 43%  185M 1s
 43700K .......... .......... .......... .......... .......... 43%  174M 1s
 43750K .......... .......... .......... .......... .......... 43%  203M 1s
 43800K .......... .......... .......... .......... .......... 43%  206M 1s
 43850K .......... .......... .......... .......... .......... 43%  178M 1s
 43900K .......... .......... .......... .......... .......... 43%  208M 1s
 43950K .......... .......... .......... .......... .......... 43%  179M 1s
 44000K .......... .......... .......... .......... .......... 43%  184M 1s
 44050K .......... .......... .......... .......... .......... 43%  186M 1s
 44100K .......... .......... .......... .......... .......... 43%  159M 1s
 44150K .......... .......... .......... .......... .......... 43%  183M 1s
 44200K .......... .......... .......... .......... .......... 43%  160M 1s
 44250K .......... .......... .......... .......... .......... 43%  181M 1s
 44300K .......... .......... .......... .......... .......... 43%  179M 1s
 44350K .......... .......... .......... .......... .......... 44%  159M 1s
 44400K .......... .......... .......... .......... .......... 44%  184M 1s
 44450K .......... .......... .......... .......... .......... 44%  163M 1s
 44500K .......... .......... .......... .......... .......... 44%  180M 1s
 44550K .......... .......... .......... .......... .......... 44%  183M 1s
 44600K .......... .......... .......... .......... .......... 44%  159M 1s
 44650K .......... .......... .......... .......... .......... 44%  183M 1s
 44700K .......... .......... .......... .......... .......... 44%  162M 1s
 44750K .......... .......... .......... .......... .......... 44%  179M 1s
 44800K .......... .......... .......... .......... .......... 44%  177M 1s
 44850K .......... .......... .......... .......... .......... 44%  159M 1s
 44900K .......... .......... .......... .......... .......... 44%  179M 1s
 44950K .......... .......... .......... .......... .......... 44%  158M 1s
 45000K .......... .......... .......... .......... .......... 44%  185M 1s
 45050K .......... .......... .......... .......... .......... 44%  180M 1s
 45100K .......... .......... .......... .......... .......... 44%  161M 1s
 45150K .......... .......... .......... .......... .......... 44%  180M 1s
 45200K .......... .......... .......... .......... .......... 44%  160M 1s
 45250K .......... .......... .......... .......... .......... 44%  184M 1s
 45300K .......... .......... .......... .......... .......... 44%  182M 1s
 45350K .......... .......... .......... .......... .......... 45%  157M 1s
 45400K .......... .......... .......... .......... .......... 45%  182M 1s
 45450K .......... .......... .......... .......... .......... 45%  160M 1s
 45500K .......... .......... .......... .......... .......... 45%  181M 1s
 45550K .......... .......... .......... .......... .......... 45%  183M 1s
 45600K .......... .......... .......... .......... .......... 45%  157M 1s
 45650K .......... .......... .......... .......... .......... 45%  180M 1s
 45700K .......... .......... .......... .......... .......... 45%  157M 1s
 45750K .......... .......... .......... .......... .......... 45%  181M 1s
 45800K .......... .......... .......... .......... .......... 45%  182M 1s
 45850K .......... .......... .......... .......... .......... 45%  157M 1s
 45900K .......... .......... .......... .......... .......... 45%  180M 1s
 45950K .......... .......... .......... .......... .......... 45%  160M 1s
 46000K .......... .......... .......... .......... .......... 45%  181M 1s
 46050K .......... .......... .......... .......... .......... 45%  183M 1s
 46100K .......... .......... .......... .......... .......... 45%  159M 1s
 46150K .......... .......... .......... .......... .......... 45%  183M 1s
 46200K .......... .......... .......... .......... .......... 45%  158M 1s
 46250K .......... .......... .......... .......... .......... 45%  184M 1s
 46300K .......... .......... .......... .......... .......... 45%  180M 1s
 46350K .......... .......... .......... .......... .......... 45%  155M 1s
 46400K .......... .......... .......... .......... .......... 46%  181M 1s
 46450K .......... .......... .......... .......... .......... 46%  161M 1s
 46500K .......... .......... .......... .......... .......... 46%  180M 1s
 46550K .......... .......... .......... .......... .......... 46%  190M 1s
 46600K .......... .......... .......... .......... .......... 46%  173M 1s
 46650K .......... .......... .......... .......... .......... 46%  199M 1s
 46700K .......... .......... .......... .......... .......... 46%  162M 1s
 46750K .......... .......... .......... .......... .......... 46%  176M 1s
 46800K .......... .......... .......... .......... .......... 46%  176M 1s
 46850K .......... .......... .......... .......... .......... 46%  154M 1s
 46900K .......... .......... .......... .......... .......... 46%  175M 1s
 46950K .......... .......... .......... .......... .......... 46%  160M 1s
 47000K .......... .......... .......... .......... .......... 46%  176M 1s
 47050K .......... .......... .......... .......... .......... 46%  178M 1s
 47100K .......... .......... .......... .......... .......... 46%  149M 1s
 47150K .......... .......... .......... .......... .......... 46%  182M 1s
 47200K .......... .......... .......... .......... .......... 46%  156M 1s
 47250K .......... .......... .......... .......... .......... 46%  181M 1s
 47300K .......... .......... .......... .......... .......... 46%  180M 1s
 47350K .......... .......... .......... .......... .......... 46%  159M 1s
 47400K .......... .......... .......... .......... .......... 47%  183M 1s
 47450K .......... .......... .......... .......... .......... 47%  161M 1s
 47500K .......... .......... .......... .......... .......... 47%  179M 1s
 47550K .......... .......... .......... .......... .......... 47%  179M 1s
 47600K .......... .......... .......... .......... .......... 47%  154M 1s
 47650K .......... .......... .......... .......... .......... 47%  183M 1s
 47700K .......... .......... .......... .......... .......... 47%  156M 1s
 47750K .......... .......... .......... .......... .......... 47%  178M 1s
 47800K .......... .......... .......... .......... .......... 47%  175M 1s
 47850K .......... .......... .......... .......... .......... 47%  154M 1s
 47900K .......... .......... .......... .......... .......... 47%  183M 1s
 47950K .......... .......... .......... .......... .......... 47%  155M 1s
 48000K .......... .......... .......... .......... .......... 47%  183M 1s
 48050K .......... .......... .......... .......... .......... 47%  178M 1s
 48100K .......... .......... .......... .......... .......... 47%  154M 1s
 48150K .......... .......... .......... .......... .......... 47%  179M 1s
 48200K .......... .......... .......... .......... .......... 47%  157M 1s
 48250K .......... .......... .......... .......... .......... 47%  185M 1s
 48300K .......... .......... .......... .......... .......... 47%  201M 1s
 48350K .......... .......... .......... .......... .......... 47%  176M 1s
 48400K .......... .......... .......... .......... .......... 48%  189M 1s
 48450K .......... .......... .......... .......... .......... 48%  156M 1s
 48500K .......... .......... .......... .......... .......... 48%  176M 1s
 48550K .......... .......... .......... .......... .......... 48%  175M 1s
 48600K .......... .......... .......... .......... .......... 48%  157M 1s
 48650K .......... .......... .......... .......... .......... 48%  180M 1s
 48700K .......... .......... .......... .......... .......... 48%  159M 1s
 48750K .......... .......... .......... .......... .......... 48%  181M 1s
 48800K .......... .......... .......... .......... .......... 48%  174M 1s
 48850K .......... .......... .......... .......... .......... 48%  151M 1s
 48900K .......... .......... .......... .......... .......... 48%  175M 1s
 48950K .......... .......... .......... .......... .......... 48%  156M 1s
 49000K .......... .......... .......... .......... .......... 48%  175M 1s
 49050K .......... .......... .......... .......... .......... 48%  180M 1s
 49100K .......... .......... .......... .......... .......... 48%  155M 1s
 49150K .......... .......... .......... .......... .......... 48%  142M 1s
 49200K .......... .......... .......... .......... .......... 48%  160M 1s
 49250K .......... .......... .......... .......... .......... 48%  182M 1s
 49300K .......... .......... .......... .......... .......... 48%  180M 1s
 49350K .......... .......... .......... .......... .......... 48%  141M 1s
 49400K .......... .......... .......... .......... .......... 49%  180M 1s
 49450K .......... .......... .......... .......... .......... 49%  161M 1s
 49500K .......... .......... .......... .......... .......... 49%  178M 1s
 49550K .......... .......... .......... .......... .......... 49%  185M 1s
 49600K .......... .......... .......... .......... .......... 49%  160M 1s
 49650K .......... .......... .......... .......... .......... 49%  184M 1s
 49700K .......... .......... .......... .......... .......... 49%  155M 1s
 49750K .......... .......... .......... .......... .......... 49%  169M 1s
 49800K .......... .......... .......... .......... .......... 49%  182M 1s
 49850K .......... .......... .......... .......... .......... 49%  152M 1s
 49900K .......... .......... .......... .......... .......... 49%  179M 1s
 49950K .......... .......... .......... .......... .......... 49%  141M 1s
 50000K .......... .......... .......... .......... .......... 49%  181M 1s
 50050K .......... .......... .......... .......... .......... 49%  183M 1s
 50100K .......... .......... .......... .......... .......... 49%  155M 1s
 50150K .......... .......... .......... .......... .......... 49%  186M 1s
 50200K .......... .......... .......... .......... .......... 49%  153M 1s
 50250K .......... .......... .......... .......... .......... 49%  185M 1s
 50300K .......... .......... .......... .......... .......... 49%  181M 1s
 50350K .......... .......... .......... .......... .......... 49%  159M 1s
 50400K .......... .......... .......... .......... .......... 50%  181M 1s
 50450K .......... .......... .......... .......... .......... 50%  164M 1s
 50500K .......... .......... .......... .......... .......... 50%  183M 1s
 50550K .......... .......... .......... .......... .......... 50%  183M 1s
 50600K .......... .......... .......... .......... .......... 50%  158M 1s
 50650K .......... .......... .......... .......... .......... 50%  188M 1s
 50700K .......... .......... .......... .......... .......... 50%  160M 1s
 50750K .......... .......... .......... .......... .......... 50%  180M 1s
 50800K .......... .......... .......... .......... .......... 50%  186M 1s
 50850K .......... .......... .......... .......... .......... 50%  158M 1s
 50900K .......... .......... .......... .......... .......... 50%  172M 1s
 50950K .......... .......... .......... .......... .......... 50%  152M 1s
 51000K .......... .......... .......... .......... .......... 50%  182M 1s
 51050K .......... .......... .......... .......... .......... 50%  172M 1s
 51100K .......... .......... .......... .......... .......... 50%  149M 1s
 51150K .......... .......... .......... .......... .......... 50%  181M 1s
 51200K .......... .......... .......... .......... .......... 50%  156M 1s
 51250K .......... .......... .......... .......... .......... 50%  173M 1s
 51300K .......... .......... .......... .......... .......... 50%  177M 1s
 51350K .......... .......... .......... .......... .......... 50%  154M 1s
 51400K .......... .......... .......... .......... .......... 50%  182M 1s
 51450K .......... .......... .......... .......... .......... 51%  163M 1s
 51500K .......... .......... .......... .......... .......... 51%  184M 1s
 51550K .......... .......... .......... .......... .......... 51%  185M 1s
 51600K .......... .......... .......... .......... .......... 51%  158M 1s
 51650K .......... .......... .......... .......... .......... 51%  189M 1s
 51700K .......... .......... .......... .......... .......... 51%  160M 1s
 51750K .......... .......... .......... .......... .......... 51%  185M 1s
 51800K .......... .......... .......... .......... .......... 51%  185M 1s
 51850K .......... .......... .......... .......... .......... 51%  159M 1s
 51900K .......... .......... .......... .......... .......... 51%  185M 1s
 51950K .......... .......... .......... .......... .......... 51%  163M 1s
 52000K .......... .......... .......... .......... .......... 51%  184M 1s
 52050K .......... .......... .......... .......... .......... 51%  184M 1s
 52100K .......... .......... .......... .......... .......... 51%  161M 1s
 52150K .......... .......... .......... .......... .......... 51%  185M 1s
 52200K .......... .......... .......... .......... .......... 51%  160M 1s
 52250K .......... .......... .......... .......... .......... 51%  185M 1s
 52300K .......... .......... .......... .......... .......... 51%  178M 1s
 52350K .......... .......... .......... .......... .......... 51%  160M 1s
 52400K .......... .......... .......... .......... .......... 51%  182M 1s
 52450K .......... .......... .......... .......... .......... 52%  162M 1s
 52500K .......... .......... .......... .......... .......... 52%  180M 1s
 52550K .......... .......... .......... .......... .......... 52%  184M 1s
 52600K .......... .......... .......... .......... .......... 52%  160M 1s
 52650K .......... .......... .......... .......... .......... 52%  180M 1s
 52700K .......... .......... .......... .......... .......... 52%  163M 1s
 52750K .......... .......... .......... .......... .......... 52%  182M 1s
 52800K .......... .......... .......... .......... .......... 52%  196M 1s
 52850K .......... .......... .......... .......... .......... 52%  161M 1s
 52900K .......... .......... .......... .......... .......... 52%  184M 1s
 52950K .......... .......... .......... .......... .......... 52%  160M 1s
 53000K .......... .......... .......... .......... .......... 52%  181M 1s
 53050K .......... .......... .......... .......... .......... 52%  179M 1s
 53100K .......... .......... .......... .......... .......... 52%  160M 1s
 53150K .......... .......... .......... .......... .......... 52%  184M 1s
 53200K .......... .......... .......... .......... .......... 52%  154M 1s
 53250K .......... .......... .......... .......... .......... 52%  180M 1s
 53300K .......... .......... .......... .......... .......... 52%  178M 1s
 53350K .......... .......... .......... .......... .......... 52%  154M 1s
 53400K .......... .......... .......... .......... .......... 52%  174M 1s
 53450K .......... .......... .......... .......... .......... 53%  158M 1s
 53500K .......... .......... .......... .......... .......... 53%  179M 1s
 53550K .......... .......... .......... .......... .......... 53%  181M 1s
 53600K .......... .......... .......... .......... .......... 53%  154M 1s
 53650K .......... .......... .......... .......... .......... 53%  182M 1s
 53700K .......... .......... .......... .......... .......... 53%  157M 1s
 53750K .......... .......... .......... .......... .......... 53%  175M 1s
 53800K .......... .......... .......... .......... .......... 53%  181M 1s
 53850K .......... .......... .......... .......... .......... 53%  152M 1s
 53900K .......... .......... .......... .......... .......... 53%  177M 1s
 53950K .......... .......... .......... .......... .......... 53%  157M 1s
 54000K .......... .......... .......... .......... .......... 53%  181M 1s
 54050K .......... .......... .......... .......... .......... 53%  174M 1s
 54100K .......... .......... .......... .......... .......... 53%  156M 1s
 54150K .......... .......... .......... .......... .......... 53%  181M 1s
 54200K .......... .......... .......... .......... .......... 53%  157M 1s
 54250K .......... .......... .......... .......... .......... 53%  180M 1s
 54300K .......... .......... .......... .......... .......... 53%  178M 1s
 54350K .......... .......... .......... .......... .......... 53%  147M 1s
 54400K .......... .......... .......... .......... .......... 53%  174M 1s
 54450K .......... .......... .......... .......... .......... 54%  163M 1s
 54500K .......... .......... .......... .......... .......... 54%  176M 1s
 54550K .......... .......... .......... .......... .......... 54%  185M 1s
 54600K .......... .......... .......... .......... .......... 54%  157M 1s
 54650K .......... .......... .......... .......... .......... 54%  180M 1s
 54700K .......... .......... .......... .......... .......... 54%  159M 1s
 54750K .......... .......... .......... .......... .......... 54%  178M 1s
 54800K .......... .......... .......... .......... .......... 54%  182M 1s
 54850K .......... .......... .......... .......... .......... 54%  157M 1s
 54900K .......... .......... .......... .......... .......... 54%  179M 1s
 54950K .......... .......... .......... .......... .......... 54%  157M 1s
 55000K .......... .......... .......... .......... .......... 54%  182M 1s
 55050K .......... .......... .......... .......... .......... 54%  177M 1s
 55100K .......... .......... .......... .......... .......... 54%  155M 1s
 55150K .......... .......... .......... .......... .......... 54%  183M 1s
 55200K .......... .......... .......... .......... .......... 54%  161M 1s
 55250K .......... .......... .......... .......... .......... 54%  172M 1s
 55300K .......... .......... .......... .......... .......... 54%  184M 1s
 55350K .......... .......... .......... .......... .......... 54%  159M 1s
 55400K .......... .......... .......... .......... .......... 54%  181M 1s
 55450K .......... .......... .......... .......... .......... 55%  161M 1s
 55500K .......... .......... .......... .......... .......... 55%  179M 1s
 55550K .......... .......... .......... .......... .......... 55%  184M 1s
 55600K .......... .......... .......... .......... .......... 55%  154M 1s
 55650K .......... .......... .......... .......... .......... 55%  180M 1s
 55700K .......... .......... .......... .......... .......... 55%  162M 1s
 55750K .......... .......... .......... .......... .......... 55%  177M 1s
 55800K .......... .......... .......... .......... .......... 55%  181M 1s
 55850K .......... .......... .......... .......... .......... 55%  156M 1s
 55900K .......... .......... .......... .......... .......... 55%  183M 1s
 55950K .......... .......... .......... .......... .......... 55%  154M 1s
 56000K .......... .......... .......... .......... .......... 55%  180M 1s
 56050K .......... .......... .......... .......... .......... 55%  174M 1s
 56100K .......... .......... .......... .......... .......... 55%  158M 1s
 56150K .......... .......... .......... .......... .......... 55%  183M 1s
 56200K .......... .......... .......... .......... .......... 55%  157M 1s
 56250K .......... .......... .......... .......... .......... 55%  182M 1s
 56300K .......... .......... .......... .......... .......... 55%  177M 1s
 56350K .......... .......... .......... .......... .......... 55%  154M 1s
 56400K .......... .......... .......... .......... .......... 55%  182M 1s
 56450K .......... .......... .......... .......... .......... 56%  156M 1s
 56500K .......... .......... .......... .......... .......... 56%  180M 1s
 56550K .......... .......... .......... .......... .......... 56%  178M 1s
 56600K .......... .......... .......... .......... .......... 56%  159M 1s
 56650K .......... .......... .......... .......... .......... 56%  177M 1s
 56700K .......... .......... .......... .......... .......... 56%  154M 1s
 56750K .......... .......... .......... .......... .......... 56%  179M 1s
 56800K .......... .......... .......... .......... .......... 56%  181M 1s
 56850K .......... .......... .......... .......... .......... 56%  152M 1s
 56900K .......... .......... .......... .......... .......... 56%  182M 1s
 56950K .......... .......... .......... .......... .......... 56%  156M 1s
 57000K .......... .......... .......... .......... .......... 56%  175M 1s
 57050K .......... .......... .......... .......... .......... 56%  181M 1s
 57100K .......... .......... .......... .......... .......... 56%  154M 1s
 57150K .......... .......... .......... .......... .......... 56%  181M 1s
 57200K .......... .......... .......... .......... .......... 56%  154M 1s
 57250K .......... .......... .......... .......... .......... 56%  181M 1s
 57300K .......... .......... .......... .......... .......... 56%  179M 1s
 57350K .......... .......... .......... .......... .......... 56%  129M 1s
 57400K .......... .......... .......... .......... .......... 56%  185M 1s
 57450K .......... .......... .......... .......... .......... 56%  158M 1s
 57500K .......... .......... .......... .......... .......... 57%  181M 1s
 57550K .......... .......... .......... .......... .......... 57%  181M 1s
 57600K .......... .......... .......... .......... .......... 57%  158M 1s
 57650K .......... .......... .......... .......... .......... 57%  181M 1s
 57700K .......... .......... .......... .......... .......... 57%  155M 1s
 57750K .......... .......... .......... .......... .......... 57%  185M 1s
 57800K .......... .......... .......... .......... .......... 57%  180M 1s
 57850K .......... .......... .......... .......... .......... 57%  159M 1s
 57900K .......... .......... .......... .......... .......... 57%  181M 1s
 57950K .......... .......... .......... .......... .......... 57%  162M 1s
 58000K .......... .......... .......... .......... .......... 57%  179M 1s
 58050K .......... .......... .......... .......... .......... 57%  182M 1s
 58100K .......... .......... .......... .......... .......... 57%  156M 1s
 58150K .......... .......... .......... .......... .......... 57%  182M 1s
 58200K .......... .......... .......... .......... .......... 57%  157M 1s
 58250K .......... .......... .......... .......... .......... 57%  184M 1s
 58300K .......... .......... .......... .......... .......... 57%  183M 1s
 58350K .......... .......... .......... .......... .......... 57%  161M 1s
 58400K .......... .......... .......... .......... .......... 57%  178M 1s
 58450K .......... .......... .......... .......... .......... 57%  159M 1s
 58500K .......... .......... .......... .......... .......... 58%  185M 1s
 58550K .......... .......... .......... .......... .......... 58%  184M 1s
 58600K .......... .......... .......... .......... .......... 58%  156M 1s
 58650K .......... .......... .......... .......... .......... 58%  183M 1s
 58700K .......... .......... .......... .......... .......... 58%  163M 1s
 58750K .......... .......... .......... .......... .......... 58%  178M 1s
 58800K .......... .......... .......... .......... .......... 58%  186M 1s
 58850K .......... .......... .......... .......... .......... 58%  160M 1s
 58900K .......... .......... .......... .......... .......... 58%  185M 1s
 58950K .......... .......... .......... .......... .......... 58%  159M 1s
 59000K .......... .......... .......... .......... .......... 58%  183M 1s
 59050K .......... .......... .......... .......... .......... 58%  185M 1s
 59100K .......... .......... .......... .......... .......... 58%  158M 1s
 59150K .......... .......... .......... .......... .......... 58%  188M 1s
 59200K .......... .......... .......... .......... .......... 58%  159M 1s
 59250K .......... .......... .......... .......... .......... 58%  186M 1s
 59300K .......... .......... .......... .......... .......... 58%  176M 1s
 59350K .......... .......... .......... .......... .......... 58%  163M 1s
 59400K .......... .......... .......... .......... .......... 58%  181M 1s
 59450K .......... .......... .......... .......... .......... 58%  163M 1s
 59500K .......... .......... .......... .......... .......... 59%  181M 1s
 59550K .......... .......... .......... .......... .......... 59%  187M 1s
 59600K .......... .......... .......... .......... .......... 59%  159M 1s
 59650K .......... .......... .......... .......... .......... 59%  186M 1s
 59700K .......... .......... .......... .......... .......... 59%  160M 1s
 59750K .......... .......... .......... .......... .......... 59%  188M 1s
 59800K .......... .......... .......... .......... .......... 59%  182M 1s
 59850K .......... .......... .......... .......... .......... 59%  160M 1s
 59900K .......... .......... .......... .......... .......... 59%  182M 1s
 59950K .......... .......... .......... .......... .......... 59%  164M 1s
 60000K .......... .......... .......... .......... .......... 59%  179M 1s
 60050K .......... .......... .......... .......... .......... 59%  183M 1s
 60100K .......... .......... .......... .......... .......... 59%  160M 1s
 60150K .......... .......... .......... .......... .......... 59%  182M 1s
 60200K .......... .......... .......... .......... .......... 59%  160M 1s
 60250K .......... .......... .......... .......... .......... 59%  180M 1s
 60300K .......... .......... .......... .......... .......... 59%  183M 1s
 60350K .......... .......... .......... .......... .......... 59%  156M 1s
 60400K .......... .......... .......... .......... .......... 59%  183M 1s
 60450K .......... .......... .......... .......... .......... 59%  159M 1s
 60500K .......... .......... .......... .......... .......... 60%  178M 1s
 60550K .......... .......... .......... .......... .......... 60%  181M 1s
 60600K .......... .......... .......... .......... .......... 60%  156M 1s
 60650K .......... .......... .......... .......... .......... 60%  181M 1s
 60700K .......... .......... .......... .......... .......... 60%  155M 1s
 60750K .......... .......... .......... .......... .......... 60%  183M 1s
 60800K .......... .......... .......... .......... .......... 60%  178M 1s
 60850K .......... .......... .......... .......... .......... 60%  154M 1s
 60900K .......... .......... .......... .......... .......... 60%  175M 1s
 60950K .......... .......... .......... .......... .......... 60%  164M 1s
 61000K .......... .......... .......... .......... .......... 60%  182M 1s
 61050K .......... .......... .......... .......... .......... 60%  185M 1s
 61100K .......... .......... .......... .......... .......... 60%  158M 1s
 61150K .......... .......... .......... .......... .......... 60%  186M 1s
 61200K .......... .......... .......... .......... .......... 60%  161M 1s
 61250K .......... .......... .......... .......... .......... 60%  181M 1s
 61300K .......... .......... .......... .......... .......... 60%  186M 1s
 61350K .......... .......... .......... .......... .......... 60%  153M 1s
 61400K .......... .......... .......... .......... .......... 60%  182M 1s
 61450K .......... .......... .......... .......... .......... 60%  159M 1s
 61500K .......... .......... .......... .......... .......... 61%  185M 1s
 61550K .......... .......... .......... .......... .......... 61%  180M 1s
 61600K .......... .......... .......... .......... .......... 61%  158M 1s
 61650K .......... .......... .......... .......... .......... 61%  183M 1s
 61700K .......... .......... .......... .......... .......... 61%  159M 1s
 61750K .......... .......... .......... .......... .......... 61%  182M 1s
 61800K .......... .......... .......... .......... .......... 61%  182M 1s
 61850K .......... .......... .......... .......... .......... 61%  162M 1s
 61900K .......... .......... .......... .......... .......... 61%  182M 1s
 61950K .......... .......... .......... .......... .......... 61%  164M 1s
 62000K .......... .......... .......... .......... .......... 61%  184M 1s
 62050K .......... .......... .......... .......... .......... 61%  184M 1s
 62100K .......... .......... .......... .......... .......... 61%  157M 1s
 62150K .......... .......... .......... .......... .......... 61%  185M 1s
 62200K .......... .......... .......... .......... .......... 61%  158M 1s
 62250K .......... .......... .......... .......... .......... 61%  182M 1s
 62300K .......... .......... .......... .......... .......... 61%  182M 1s
 62350K .......... .......... .......... .......... .......... 61%  159M 1s
 62400K .......... .......... .......... .......... .......... 61%  183M 1s
 62450K .......... .......... .......... .......... .......... 61%  160M 1s
 62500K .......... .......... .......... .......... .......... 61%  184M 1s
 62550K .......... .......... .......... .......... .......... 62%  182M 1s
 62600K .......... .......... .......... .......... .......... 62%  162M 1s
 62650K .......... .......... .......... .......... .......... 62%  180M 1s
 62700K .......... .......... .......... .......... .......... 62%  164M 1s
 62750K .......... .......... .......... .......... .......... 62%  182M 1s
 62800K .......... .......... .......... .......... .......... 62%  184M 1s
 62850K .......... .......... .......... .......... .......... 62%  160M 1s
 62900K .......... .......... .......... .......... .......... 62%  189M 1s
 62950K .......... .......... .......... .......... .......... 62%  160M 1s
 63000K .......... .......... .......... .......... .......... 62%  184M 1s
 63050K .......... .......... .......... .......... .......... 62%  183M 1s
 63100K .......... .......... .......... .......... .......... 62%  161M 1s
 63150K .......... .......... .......... .......... .......... 62%  182M 1s
 63200K .......... .......... .......... .......... .......... 62%  160M 1s
 63250K .......... .......... .......... .......... .......... 62%  185M 1s
 63300K .......... .......... .......... .......... .......... 62%  185M 1s
 63350K .......... .......... .......... .......... .......... 62%  158M 1s
 63400K .......... .......... .......... .......... .......... 62%  181M 1s
 63450K .......... .......... .......... .......... .......... 62%  163M 1s
 63500K .......... .......... .......... .......... .......... 62%  185M 1s
 63550K .......... .......... .......... .......... .......... 63%  183M 1s
 63600K .......... .......... .......... .......... .......... 63%  156M 1s
 63650K .......... .......... .......... .......... .......... 63%  184M 1s
 63700K .......... .......... .......... .......... .......... 63%  153M 1s
 63750K .......... .......... .......... .......... .......... 63%  171M 1s
 63800K .......... .......... .......... .......... .......... 63%  177M 1s
 63850K .......... .......... .......... .......... .......... 63%  156M 1s
 63900K .......... .......... .......... .......... .......... 63%  183M 1s
 63950K .......... .......... .......... .......... .......... 63%  151M 1s
 64000K .......... .......... .......... .......... .......... 63%  177M 1s
 64050K .......... .......... .......... .......... .......... 63%  197M 1s
 64100K .......... .......... .......... .......... .......... 63%  168M 1s
 64150K .......... .......... .......... .......... .......... 63%  166M 1s
 64200K .......... .......... .......... .......... .......... 63%  141M 1s
 64250K .......... .......... .......... .......... .......... 63%  159M 1s
 64300K .......... .......... .......... .......... .......... 63%  156M 1s
 64350K .......... .......... .......... .......... .......... 63%  141M 1s
 64400K .......... .......... .......... .......... .......... 63%  162M 1s
 64450K .......... .......... .......... .......... .......... 63%  140M 1s
 64500K .......... .......... .......... .......... .......... 63%  161M 1s
 64550K .......... .......... .......... .......... .......... 64%  161M 1s
 64600K .......... .......... .......... .......... .......... 64%  153M 1s
 64650K .......... .......... .......... .......... .......... 64%  184M 1s
 64700K .......... .......... .......... .......... .......... 64%  157M 1s
 64750K .......... .......... .......... .......... .......... 64%  181M 1s
 64800K .......... .......... .......... .......... .......... 64%  181M 1s
 64850K .......... .......... .......... .......... .......... 64%  155M 1s
 64900K .......... .......... .......... .......... .......... 64%  181M 1s
 64950K .......... .......... .......... .......... .......... 64%  159M 1s
 65000K .......... .......... .......... .......... .......... 64%  183M 1s
 65050K .......... .......... .......... .......... .......... 64%  180M 1s
 65100K .......... .......... .......... .......... .......... 64%  156M 1s
 65150K .......... .......... .......... .......... .......... 64%  170M 1s
 65200K .......... .......... .......... .......... .......... 64%  149M 1s
 65250K .......... .......... .......... .......... .......... 64%  183M 1s
 65300K .......... .......... .......... .......... .......... 64%  181M 1s
 65350K .......... .......... .......... .......... .......... 64%  161M 1s
 65400K .......... .......... .......... .......... .......... 64%  179M 1s
 65450K .......... .......... .......... .......... .......... 64%  162M 1s
 65500K .......... .......... .......... .......... .......... 64%  151M 1s
 65550K .......... .......... .......... .......... .......... 65%  178M 1s
 65600K .......... .......... .......... .......... .......... 65%  159M 1s
 65650K .......... .......... .......... .......... .......... 65%  183M 0s
 65700K .......... .......... .......... .......... .......... 65%  164M 0s
 65750K .......... .......... .......... .......... .......... 65%  175M 0s
 65800K .......... .......... .......... .......... .......... 65%  151M 0s
 65850K .......... .......... .......... .......... .......... 65%  134M 0s
 65900K .......... .......... .......... .......... .......... 65%  177M 0s
 65950K .......... .......... .......... .......... .......... 65%  162M 0s
 66000K .......... .......... .......... .......... .......... 65%  187M 0s
 66050K .......... .......... .......... .......... .......... 65%  177M 0s
 66100K .......... .......... .......... .......... .......... 65%  160M 0s
 66150K .......... .......... .......... .......... .......... 65%  177M 0s
 66200K .......... .......... .......... .......... .......... 65%  160M 0s
 66250K .......... .......... .......... .......... .......... 65%  182M 0s
 66300K .......... .......... .......... .......... .......... 65%  180M 0s
 66350K .......... .......... .......... .......... .......... 65%  161M 0s
 66400K .......... .......... .......... .......... .......... 65%  179M 0s
 66450K .......... .......... .......... .......... .......... 65%  164M 0s
 66500K .......... .......... .......... .......... .......... 65%  186M 0s
 66550K .......... .......... .......... .......... .......... 66%  181M 0s
 66600K .......... .......... .......... .......... .......... 66%  159M 0s
 66650K .......... .......... .......... .......... .......... 66%  185M 0s
 66700K .......... .......... .......... .......... .......... 66%  162M 0s
 66750K .......... .......... .......... .......... .......... 66%  180M 0s
 66800K .......... .......... .......... .......... .......... 66%  180M 0s
 66850K .......... .......... .......... .......... .......... 66%  160M 0s
 66900K .......... .......... .......... .......... .......... 66%  182M 0s
 66950K .......... .......... .......... .......... .......... 66%  163M 0s
 67000K .......... .......... .......... .......... .......... 66%  181M 0s
 67050K .......... .......... .......... .......... .......... 66%  186M 0s
 67100K .......... .......... .......... .......... .......... 66%  158M 0s
 67150K .......... .......... .......... .......... .......... 66%  188M 0s
 67200K .......... .......... .......... .......... .......... 66%  159M 0s
 67250K .......... .......... .......... .......... .......... 66%  186M 0s
 67300K .......... .......... .......... .......... .......... 66%  179M 0s
 67350K .......... .......... .......... .......... .......... 66%  163M 0s
 67400K .......... .......... .......... .......... .......... 66%  183M 0s
 67450K .......... .......... .......... .......... .......... 66%  165M 0s
 67500K .......... .......... .......... .......... .......... 66%  182M 0s
 67550K .......... .......... .......... .......... .......... 67%  187M 0s
 67600K .......... .......... .......... .......... .......... 67%  159M 0s
 67650K .......... .......... .......... .......... .......... 67%  183M 0s
 67700K .......... .......... .......... .......... .......... 67%  161M 0s
 67750K .......... .......... .......... .......... .......... 67%  186M 0s
 67800K .......... .......... .......... .......... .......... 67%  181M 0s
 67850K .......... .......... .......... .......... .......... 67%  160M 0s
 67900K .......... .......... .......... .......... .......... 67%  184M 0s
 67950K .......... .......... .......... .......... .......... 67%  164M 0s
 68000K .......... .......... .......... .......... .......... 67%  182M 0s
 68050K .......... .......... .......... .......... .......... 67%  183M 0s
 68100K .......... .......... .......... .......... .......... 67%  159M 0s
 68150K .......... .......... .......... .......... .......... 67%  182M 0s
 68200K .......... .......... .......... .......... .......... 67%  162M 0s
 68250K .......... .......... .......... .......... .......... 67%  184M 0s
 68300K .......... .......... .......... .......... .......... 67%  188M 0s
 68350K .......... .......... .......... .......... .......... 67%  156M 0s
 68400K .......... .......... .......... .......... .......... 67%  185M 0s
 68450K .......... .......... .......... .......... .......... 67%  160M 0s
 68500K .......... .......... .......... .......... .......... 67%  183M 0s
 68550K .......... .......... .......... .......... .......... 67%  183M 0s
 68600K .......... .......... .......... .......... .......... 68%  157M 0s
 68650K .......... .......... .......... .......... .......... 68%  186M 0s
 68700K .......... .......... .......... .......... .......... 68%  157M 0s
 68750K .......... .......... .......... .......... .......... 68%  185M 0s
 68800K .......... .......... .......... .......... .......... 68%  182M 0s
 68850K .......... .......... .......... .......... .......... 68%  161M 0s
 68900K .......... .......... .......... .......... .......... 68%  177M 0s
 68950K .......... .......... .......... .......... .......... 68%  165M 0s
 69000K .......... .......... .......... .......... .......... 68%  180M 0s
 69050K .......... .......... .......... .......... .......... 68%  184M 0s
 69100K .......... .......... .......... .......... .......... 68%  155M 0s
 69150K .......... .......... .......... .......... .......... 68%  183M 0s
 69200K .......... .......... .......... .......... .......... 68%  159M 0s
 69250K .......... .......... .......... .......... .......... 68%  181M 0s
 69300K .......... .......... .......... .......... .......... 68%  181M 0s
 69350K .......... .......... .......... .......... .......... 68%  157M 0s
 69400K .......... .......... .......... .......... .......... 68%  180M 0s
 69450K .......... .......... .......... .......... .......... 68%  156M 0s
 69500K .......... .......... .......... .......... .......... 68%  185M 0s
 69550K .......... .......... .......... .......... .......... 68%  181M 0s
 69600K .......... .......... .......... .......... .......... 69%  157M 0s
 69650K .......... .......... .......... .......... .......... 69%  180M 0s
 69700K .......... .......... .......... .......... .......... 69%  164M 0s
 69750K .......... .......... .......... .......... .......... 69%  182M 0s
 69800K .......... .......... .......... .......... .......... 69%  182M 0s
 69850K .......... .......... .......... .......... .......... 69%  155M 0s
 69900K .......... .......... .......... .......... .......... 69%  183M 0s
 69950K .......... .......... .......... .......... .......... 69%  158M 0s
 70000K .......... .......... .......... .......... .......... 69%  185M 0s
 70050K .......... .......... .......... .......... .......... 69%  177M 0s
 70100K .......... .......... .......... .......... .......... 69%  157M 0s
 70150K .......... .......... .......... .......... .......... 69%  184M 0s
 70200K .......... .......... .......... .......... .......... 69%  158M 0s
 70250K .......... .......... .......... .......... .......... 69%  187M 0s
 70300K .......... .......... .......... .......... .......... 69%  179M 0s
 70350K .......... .......... .......... .......... .......... 69%  162M 0s
 70400K .......... .......... .......... .......... .......... 69%  184M 0s
 70450K .......... .......... .......... .......... .......... 69%  159M 0s
 70500K .......... .......... .......... .......... .......... 69%  179M 0s
 70550K .......... .......... .......... .......... .......... 69%  186M 0s
 70600K .......... .......... .......... .......... .......... 70%  157M 0s
 70650K .......... .......... .......... .......... .......... 70%  180M 0s
 70700K .......... .......... .......... .......... .......... 70%  162M 0s
 70750K .......... .......... .......... .......... .......... 70%  177M 0s
 70800K .......... .......... .......... .......... .......... 70%  186M 0s
 70850K .......... .......... .......... .......... .......... 70%  156M 0s
 70900K .......... .......... .......... .......... .......... 70%  184M 0s
 70950K .......... .......... .......... .......... .......... 70%  161M 0s
 71000K .......... .......... .......... .......... .......... 70%  178M 0s
 71050K .......... .......... .......... .......... .......... 70%  183M 0s
 71100K .......... .......... .......... .......... .......... 70%  157M 0s
 71150K .......... .......... .......... .......... .......... 70%  186M 0s
 71200K .......... .......... .......... .......... .......... 70%  158M 0s
 71250K .......... .......... .......... .......... .......... 70%  181M 0s
 71300K .......... .......... .......... .......... .......... 70%  185M 0s
 71350K .......... .......... .......... .......... .......... 70%  157M 0s
 71400K .......... .......... .......... .......... .......... 70%  185M 0s
 71450K .......... .......... .......... .......... .......... 70%  159M 0s
 71500K .......... .......... .......... .......... .......... 70%  179M 0s
 71550K .......... .......... .......... .......... .......... 70%  183M 0s
 71600K .......... .......... .......... .......... .......... 71%  156M 0s
 71650K .......... .......... .......... .......... .......... 71%  186M 0s
 71700K .......... .......... .......... .......... .......... 71%  157M 0s
 71750K .......... .......... .......... .......... .......... 71%  182M 0s
 71800K .......... .......... .......... .......... .......... 71%  184M 0s
 71850K .......... .......... .......... .......... .......... 71%  157M 0s
 71900K .......... .......... .......... .......... .......... 71%  174M 0s
 71950K .......... .......... .......... .......... .......... 71%  155M 0s
 72000K .......... .......... .......... .......... .......... 71%  183M 0s
 72050K .......... .......... .......... .......... .......... 71%  172M 0s
 72100K .......... .......... .......... .......... .......... 71%  155M 0s
 72150K .......... .......... .......... .......... .......... 71%  181M 0s
 72200K .......... .......... .......... .......... .......... 71%  156M 0s
 72250K .......... .......... .......... .......... .......... 71%  182M 0s
 72300K .......... .......... .......... .......... .......... 71%  177M 0s
 72350K .......... .......... .......... .......... .......... 71%  159M 0s
 72400K .......... .......... .......... .......... .......... 71%  178M 0s
 72450K .......... .......... .......... .......... .......... 71%  158M 0s
 72500K .......... .......... .......... .......... .......... 71%  183M 0s
 72550K .......... .......... .......... .......... .......... 71%  178M 0s
 72600K .......... .......... .......... .......... .......... 72%  154M 0s
 72650K .......... .......... .......... .......... .......... 72%  178M 0s
 72700K .......... .......... .......... .......... .......... 72%  163M 0s
 72750K .......... .......... .......... .......... .......... 72%  174M 0s
 72800K .......... .......... .......... .......... .......... 72%  179M 0s
 72850K .......... .......... .......... .......... .......... 72%  156M 0s
 72900K .......... .......... .......... .......... .......... 72%  181M 0s
 72950K .......... .......... .......... .......... .......... 72%  155M 0s
 73000K .......... .......... .......... .......... .......... 72%  183M 0s
 73050K .......... .......... .......... .......... .......... 72%  178M 0s
 73100K .......... .......... .......... .......... .......... 72%  156M 0s
 73150K .......... .......... .......... .......... .......... 72%  178M 0s
 73200K .......... .......... .......... .......... .......... 72%  160M 0s
 73250K .......... .......... .......... .......... .......... 72%  176M 0s
 73300K .......... .......... .......... .......... .......... 72%  179M 0s
 73350K .......... .......... .......... .......... .......... 72%  154M 0s
 73400K .......... .......... .......... .......... .......... 72%  183M 0s
 73450K .......... .......... .......... .......... .......... 72%  154M 0s
 73500K .......... .......... .......... .......... .......... 72%  180M 0s
 73550K .......... .......... .......... .......... .......... 72%  183M 0s
 73600K .......... .......... .......... .......... .......... 73%  153M 0s
 73650K .......... .......... .......... .......... .......... 73%  179M 0s
 73700K .......... .......... .......... .......... .......... 73%  126M 0s
 73750K .......... .......... .......... .......... .......... 73%  163M 0s
 73800K .......... .......... .......... .......... .......... 73%  176M 0s
 73850K .......... .......... .......... .......... .......... 73%  159M 0s
 73900K .......... .......... .......... .......... .......... 73%  181M 0s
 73950K .......... .......... .......... .......... .......... 73%  156M 0s
 74000K .......... .......... .......... .......... .......... 73%  182M 0s
 74050K .......... .......... .......... .......... .......... 73%  180M 0s
 74100K .......... .......... .......... .......... .......... 73%  162M 0s
 74150K .......... .......... .......... .......... .......... 73%  176M 0s
 74200K .......... .......... .......... .......... .......... 73%  159M 0s
 74250K .......... .......... .......... .......... .......... 73%  180M 0s
 74300K .......... .......... .......... .......... .......... 73%  180M 0s
 74350K .......... .......... .......... .......... .......... 73%  158M 0s
 74400K .......... .......... .......... .......... .......... 73%  186M 0s
 74450K .......... .......... .......... .......... .......... 73%  157M 0s
 74500K .......... .......... .......... .......... .......... 73%  176M 0s
 74550K .......... .......... .......... .......... .......... 73%  181M 0s
 74600K .......... .......... .......... .......... .......... 73%  158M 0s
 74650K .......... .......... .......... .......... .......... 74%  181M 0s
 74700K .......... .......... .......... .......... .......... 74%  158M 0s
 74750K .......... .......... .......... .......... .......... 74%  183M 0s
 74800K .......... .......... .......... .......... .......... 74%  179M 0s
 74850K .......... .......... .......... .......... .......... 74%  157M 0s
 74900K .......... .......... .......... .......... .......... 74%  179M 0s
 74950K .......... .......... .......... .......... .......... 74%  160M 0s
 75000K .......... .......... .......... .......... .......... 74%  178M 0s
 75050K .......... .......... .......... .......... .......... 74%  178M 0s
 75100K .......... .......... .......... .......... .......... 74%  160M 0s
 75150K .......... .......... .......... .......... .......... 74%  181M 0s
 75200K .......... .......... .......... .......... .......... 74%  160M 0s
 75250K .......... .......... .......... .......... .......... 74%  180M 0s
 75300K .......... .......... .......... .......... .......... 74%  184M 0s
 75350K .......... .......... .......... .......... .......... 74%  155M 0s
 75400K .......... .......... .......... .......... .......... 74%  182M 0s
 75450K .......... .......... .......... .......... .......... 74%  160M 0s
 75500K .......... .......... .......... .......... .......... 74%  184M 0s
 75550K .......... .......... .......... .......... .......... 74%  178M 0s
 75600K .......... .......... .......... .......... .......... 74%  153M 0s
 75650K .......... .......... .......... .......... .......... 75%  184M 0s
 75700K .......... .......... .......... .......... .......... 75%  160M 0s
 75750K .......... .......... .......... .......... .......... 75%  181M 0s
 75800K .......... .......... .......... .......... .......... 75%  178M 0s
 75850K .......... .......... .......... .......... .......... 75%  159M 0s
 75900K .......... .......... .......... .......... .......... 75%  178M 0s
 75950K .......... .......... .......... .......... .......... 75%  163M 0s
 76000K .......... .......... .......... .......... .......... 75%  179M 0s
 76050K .......... .......... .......... .......... .......... 75%  181M 0s
 76100K .......... .......... .......... .......... .......... 75%  156M 0s
 76150K .......... .......... .......... .......... .......... 75%  186M 0s
 76200K .......... .......... .......... .......... .......... 75%  159M 0s
 76250K .......... .......... .......... .......... .......... 75%  179M 0s
 76300K .......... .......... .......... .......... .......... 75%  184M 0s
 76350K .......... .......... .......... .......... .......... 75%  152M 0s
 76400K .......... .......... .......... .......... .......... 75%  180M 0s
 76450K .......... .......... .......... .......... .......... 75%  155M 0s
 76500K .......... .......... .......... .......... .......... 75%  179M 0s
 76550K .......... .......... .......... .......... .......... 75%  180M 0s
 76600K .......... .......... .......... .......... .......... 75%  163M 0s
 76650K .......... .......... .......... .......... .......... 76%  187M 0s
 76700K .......... .......... .......... .......... .......... 76%  164M 0s
 76750K .......... .......... .......... .......... .......... 76%  182M 0s
 76800K .......... .......... .......... .......... .......... 76%  181M 0s
 76850K .......... .......... .......... .......... .......... 76%  159M 0s
 76900K .......... .......... .......... .......... .......... 76%  179M 0s
 76950K .......... .......... .......... .......... .......... 76%  155M 0s
 77000K .......... .......... .......... .......... .......... 76%  180M 0s
 77050K .......... .......... .......... .......... .......... 76%  180M 0s
 77100K .......... .......... .......... .......... .......... 76%  157M 0s
 77150K .......... .......... .......... .......... .......... 76%  179M 0s
 77200K .......... .......... .......... .......... .......... 76%  161M 0s
 77250K .......... .......... .......... .......... .......... 76%  178M 0s
 77300K .......... .......... .......... .......... .......... 76%  181M 0s
 77350K .......... .......... .......... .......... .......... 76%  156M 0s
 77400K .......... .......... .......... .......... .......... 76%  181M 0s
 77450K .......... .......... .......... .......... .......... 76%  158M 0s
 77500K .......... .......... .......... .......... .......... 76%  181M 0s
 77550K .......... .......... .......... .......... .......... 76%  183M 0s
 77600K .......... .......... .......... .......... .......... 76%  159M 0s
 77650K .......... .......... .......... .......... .......... 77%  183M 0s
 77700K .......... .......... .......... .......... .......... 77%  158M 0s
 77750K .......... .......... .......... .......... .......... 77%  183M 0s
 77800K .......... .......... .......... .......... .......... 77%  176M 0s
 77850K .......... .......... .......... .......... .......... 77%  156M 0s
 77900K .......... .......... .......... .......... .......... 77%  180M 0s
 77950K .......... .......... .......... .......... .......... 77%  157M 0s
 78000K .......... .......... .......... .......... .......... 77%  179M 0s
 78050K .......... .......... .......... .......... .......... 77%  178M 0s
 78100K .......... .......... .......... .......... .......... 77%  157M 0s
 78150K .......... .......... .......... .......... .......... 77%  176M 0s
 78200K .......... .......... .......... .......... .......... 77%  158M 0s
 78250K .......... .......... .......... .......... .......... 77%  176M 0s
 78300K .......... .......... .......... .......... .......... 77%  184M 0s
 78350K .......... .......... .......... .......... .......... 77%  151M 0s
 78400K .......... .......... .......... .......... .......... 77%  176M 0s
 78450K .......... .......... .......... .......... .......... 77%  156M 0s
 78500K .......... .......... .......... .......... .......... 77%  174M 0s
 78550K .......... .......... .......... .......... .......... 77%  178M 0s
 78600K .......... .......... .......... .......... .......... 77%  153M 0s
 78650K .......... .......... .......... .......... .......... 78%  175M 0s
 78700K .......... .......... .......... .......... .......... 78%  155M 0s
 78750K .......... .......... .......... .......... .......... 78%  179M 0s
 78800K .......... .......... .......... .......... .......... 78%  176M 0s
 78850K .......... .......... .......... .......... .......... 78%  155M 0s
 78900K .......... .......... .......... .......... .......... 78%  180M 0s
 78950K .......... .......... .......... .......... .......... 78%  157M 0s
 79000K .......... .......... .......... .......... .......... 78%  175M 0s
 79050K .......... .......... .......... .......... .......... 78%  177M 0s
 79100K .......... .......... .......... .......... .......... 78%  158M 0s
 79150K .......... .......... .......... .......... .......... 78%  179M 0s
 79200K .......... .......... .......... .......... .......... 78%  157M 0s
 79250K .......... .......... .......... .......... .......... 78%  180M 0s
 79300K .......... .......... .......... .......... .......... 78%  178M 0s
 79350K .......... .......... .......... .......... .......... 78%  154M 0s
 79400K .......... .......... .......... .......... .......... 78%  175M 0s
 79450K .......... .......... .......... .......... .......... 78%  156M 0s
 79500K .......... .......... .......... .......... .......... 78%  178M 0s
 79550K .......... .......... .......... .......... .......... 78%  180M 0s
 79600K .......... .......... .......... .......... .......... 78%  157M 0s
 79650K .......... .......... .......... .......... .......... 78%  181M 0s
 79700K .......... .......... .......... .......... .......... 79%  156M 0s
 79750K .......... .......... .......... .......... .......... 79%  180M 0s
 79800K .......... .......... .......... .......... .......... 79%  183M 0s
 79850K .......... .......... .......... .......... .......... 79%  149M 0s
 79900K .......... .......... .......... .......... .......... 79%  178M 0s
 79950K .......... .......... .......... .......... .......... 79%  155M 0s
 80000K .......... .......... .......... .......... .......... 79%  176M 0s
 80050K .......... .......... .......... .......... .......... 79%  174M 0s
 80100K .......... .......... .......... .......... .......... 79%  152M 0s
 80150K .......... .......... .......... .......... .......... 79%  182M 0s
 80200K .......... .......... .......... .......... .......... 79%  155M 0s
 80250K .......... .......... .......... .......... .......... 79%  182M 0s
 80300K .......... .......... .......... .......... .......... 79%  177M 0s
 80350K .......... .......... .......... .......... .......... 79%  155M 0s
 80400K .......... .......... .......... .......... .......... 79%  179M 0s
 80450K .......... .......... .......... .......... .......... 79%  159M 0s
 80500K .......... .......... .......... .......... .......... 79%  180M 0s
 80550K .......... .......... .......... .......... .......... 79%  181M 0s
 80600K .......... .......... .......... .......... .......... 79%  153M 0s
 80650K .......... .......... .......... .......... .......... 79%  181M 0s
 80700K .......... .......... .......... .......... .......... 80%  154M 0s
 80750K .......... .......... .......... .......... .......... 80%  180M 0s
 80800K .......... .......... .......... .......... .......... 80%  181M 0s
 80850K .......... .......... .......... .......... .......... 80%  154M 0s
 80900K .......... .......... .......... .......... .......... 80%  180M 0s
 80950K .......... .......... .......... .......... .......... 80%  158M 0s
 81000K .......... .......... .......... .......... .......... 80%  182M 0s
 81050K .......... .......... .......... .......... .......... 80%  177M 0s
 81100K .......... .......... .......... .......... .......... 80%  155M 0s
 81150K .......... .......... .......... .......... .......... 80%  179M 0s
 81200K .......... .......... .......... .......... .......... 80%  158M 0s
 81250K .......... .......... .......... .......... .......... 80%  182M 0s
 81300K .......... .......... .......... .......... .......... 80%  179M 0s
 81350K .......... .......... .......... .......... .......... 80%  157M 0s
 81400K .......... .......... .......... .......... .......... 80%  177M 0s
 81450K .......... .......... .......... .......... .......... 80%  159M 0s
 81500K .......... .......... .......... .......... .......... 80%  178M 0s
 81550K .......... .......... .......... .......... .......... 80%  179M 0s
 81600K .......... .......... .......... .......... .......... 80%  155M 0s
 81650K .......... .......... .......... .......... .......... 80%  180M 0s
 81700K .......... .......... .......... .......... .......... 81%  158M 0s
 81750K .......... .......... .......... .......... .......... 81%  180M 0s
 81800K .......... .......... .......... .......... .......... 81%  183M 0s
 81850K .......... .......... .......... .......... .......... 81%  154M 0s
 81900K .......... .......... .......... .......... .......... 81%  146M 0s
 81950K .......... .......... .......... .......... .......... 81%  154M 0s
 82000K .......... .......... .......... .......... .......... 81%  181M 0s
 82050K .......... .......... .......... .......... .......... 81%  181M 0s
 82100K .......... .......... .......... .......... .......... 81%  156M 0s
 82150K .......... .......... .......... .......... .......... 81%  183M 0s
 82200K .......... .......... .......... .......... .......... 81%  159M 0s
 82250K .......... .......... .......... .......... .......... 81%  182M 0s
 82300K .......... .......... .......... .......... .......... 81%  180M 0s
 82350K .......... .......... .......... .......... .......... 81%  157M 0s
 82400K .......... .......... .......... .......... .......... 81%  180M 0s
 82450K .......... .......... .......... .......... .......... 81%  158M 0s
 82500K .......... .......... .......... .......... .......... 81%  183M 0s
 82550K .......... .......... .......... .......... .......... 81%  184M 0s
 82600K .......... .......... .......... .......... .......... 81%  160M 0s
 82650K .......... .......... .......... .......... .......... 81%  178M 0s
 82700K .......... .......... .......... .......... .......... 82%  162M 0s
 82750K .......... .......... .......... .......... .......... 82%  180M 0s
 82800K .......... .......... .......... .......... .......... 82%  181M 0s
 82850K .......... .......... .......... .......... .......... 82%  154M 0s
 82900K .......... .......... .......... .......... .......... 82%  180M 0s
 82950K .......... .......... .......... .......... .......... 82%  161M 0s
 83000K .......... .......... .......... .......... .......... 82%  180M 0s
 83050K .......... .......... .......... .......... .......... 82%  182M 0s
 83100K .......... .......... .......... .......... .......... 82%  159M 0s
 83150K .......... .......... .......... .......... .......... 82%  183M 0s
 83200K .......... .......... .......... .......... .......... 82%  157M 0s
 83250K .......... .......... .......... .......... .......... 82%  183M 0s
 83300K .......... .......... .......... .......... .......... 82%  182M 0s
 83350K .......... .......... .......... .......... .......... 82%  155M 0s
 83400K .......... .......... .......... .......... .......... 82%  181M 0s
 83450K .......... .......... .......... .......... .......... 82%  161M 0s
 83500K .......... .......... .......... .......... .......... 82%  179M 0s
 83550K .......... .......... .......... .......... .......... 82%  186M 0s
 83600K .......... .......... .......... .......... .......... 82%  179M 0s
 83650K .......... .......... .......... .......... .......... 82%  201M 0s
 83700K .......... .......... .......... .......... .......... 83%  179M 0s
 83750K .......... .......... .......... .......... .......... 83%  197M 0s
 83800K .......... .......... .......... .......... .......... 83%  180M 0s
 83850K .......... .......... .......... .......... .......... 83%  158M 0s
 83900K .......... .......... .......... .......... .......... 83%  179M 0s
 83950K .......... .......... .......... .......... .......... 83%  160M 0s
 84000K .......... .......... .......... .......... .......... 83%  181M 0s
 84050K .......... .......... .......... .......... .......... 83%  179M 0s
 84100K .......... .......... .......... .......... .......... 83%  154M 0s
 84150K .......... .......... .......... .......... .......... 83%  183M 0s
 84200K .......... .......... .......... .......... .......... 83%  161M 0s
 84250K .......... .......... .......... .......... .......... 83%  178M 0s
 84300K .......... .......... .......... .......... .......... 83%  184M 0s
 84350K .......... .......... .......... .......... .......... 83%  156M 0s
 84400K .......... .......... .......... .......... .......... 83%  180M 0s
 84450K .......... .......... .......... .......... .......... 83%  159M 0s
 84500K .......... .......... .......... .......... .......... 83%  176M 0s
 84550K .......... .......... .......... .......... .......... 83%  183M 0s
 84600K .......... .......... .......... .......... .......... 83%  150M 0s
 84650K .......... .......... .......... .......... .......... 83%  174M 0s
 84700K .......... .......... .......... .......... .......... 84%  158M 0s
 84750K .......... .......... .......... .......... .......... 84%  177M 0s
 84800K .......... .......... .......... .......... .......... 84%  183M 0s
 84850K .......... .......... .......... .......... .......... 84%  155M 0s
 84900K .......... .......... .......... .......... .......... 84%  180M 0s
 84950K .......... .......... .......... .......... .......... 84%  160M 0s
 85000K .......... .......... .......... .......... .......... 84%  182M 0s
 85050K .......... .......... .......... .......... .......... 84%  178M 0s
 85100K .......... .......... .......... .......... .......... 84%  157M 0s
 85150K .......... .......... .......... .......... .......... 84%  178M 0s
 85200K .......... .......... .......... .......... .......... 84%  158M 0s
 85250K .......... .......... .......... .......... .......... 84%  181M 0s
 85300K .......... .......... .......... .......... .......... 84%  176M 0s
 85350K .......... .......... .......... .......... .......... 84%  156M 0s
 85400K .......... .......... .......... .......... .......... 84%  179M 0s
 85450K .......... .......... .......... .......... .......... 84%  159M 0s
 85500K .......... .......... .......... .......... .......... 84%  175M 0s
 85550K .......... .......... .......... .......... .......... 84%  181M 0s
 85600K .......... .......... .......... .......... .......... 84%  155M 0s
 85650K .......... .......... .......... .......... .......... 84%  178M 0s
 85700K .......... .......... .......... .......... .......... 84%  160M 0s
 85750K .......... .......... .......... .......... .......... 85%  178M 0s
 85800K .......... .......... .......... .......... .......... 85%  180M 0s
 85850K .......... .......... .......... .......... .......... 85%  154M 0s
 85900K .......... .......... .......... .......... .......... 85%  180M 0s
 85950K .......... .......... .......... .......... .......... 85%  160M 0s
 86000K .......... .......... .......... .......... .......... 85%  178M 0s
 86050K .......... .......... .......... .......... .......... 85%  184M 0s
 86100K .......... .......... .......... .......... .......... 85%  155M 0s
 86150K .......... .......... .......... .......... .......... 85%  178M 0s
 86200K .......... .......... .......... .......... .......... 85%  160M 0s
 86250K .......... .......... .......... .......... .......... 85%  180M 0s
 86300K .......... .......... .......... .......... .......... 85%  177M 0s
 86350K .......... .......... .......... .......... .......... 85%  153M 0s
 86400K .......... .......... .......... .......... .......... 85%  182M 0s
 86450K .......... .......... .......... .......... .......... 85%  158M 0s
 86500K .......... .......... .......... .......... .......... 85%  174M 0s
 86550K .......... .......... .......... .......... .......... 85%  182M 0s
 86600K .......... .......... .......... .......... .......... 85%  159M 0s
 86650K .......... .......... .......... .......... .......... 85%  179M 0s
 86700K .......... .......... .......... .......... .......... 85%  161M 0s
 86750K .......... .......... .......... .......... .......... 86%  180M 0s
 86800K .......... .......... .......... .......... .......... 86%  181M 0s
 86850K .......... .......... .......... .......... .......... 86%  157M 0s
 86900K .......... .......... .......... .......... .......... 86%  180M 0s
 86950K .......... .......... .......... .......... .......... 86%  159M 0s
 87000K .......... .......... .......... .......... .......... 86%  177M 0s
 87050K .......... .......... .......... .......... .......... 86%  183M 0s
 87100K .......... .......... .......... .......... .......... 86%  158M 0s
 87150K .......... .......... .......... .......... .......... 86%  182M 0s
 87200K .......... .......... .......... .......... .......... 86%  160M 0s
 87250K .......... .......... .......... .......... .......... 86%  177M 0s
 87300K .......... .......... .......... .......... .......... 86%  184M 0s
 87350K .......... .......... .......... .......... .......... 86%  157M 0s
 87400K .......... .......... .......... .......... .......... 86%  181M 0s
 87450K .......... .......... .......... .......... .......... 86%  160M 0s
 87500K .......... .......... .......... .......... .......... 86%  184M 0s
 87550K .......... .......... .......... .......... .......... 86%  179M 0s
 87600K .......... .......... .......... .......... .......... 86%  159M 0s
 87650K .......... .......... .......... .......... .......... 86%  181M 0s
 87700K .......... .......... .......... .......... .......... 86%  159M 0s
 87750K .......... .......... .......... .......... .......... 87%  181M 0s
 87800K .......... .......... .......... .......... .......... 87%  180M 0s
 87850K .......... .......... .......... .......... .......... 87%  155M 0s
 87900K .......... .......... .......... .......... .......... 87%  191M 0s
 87950K .......... .......... .......... .......... .......... 87%  171M 0s
 88000K .......... .......... .......... .......... .......... 87%  186M 0s
 88050K .......... .......... .......... .......... .......... 87%  179M 0s
 88100K .......... .......... .......... .......... .......... 87%  155M 0s
 88150K .......... .......... .......... .......... .......... 87%  179M 0s
 88200K .......... .......... .......... .......... .......... 87%  159M 0s
 88250K .......... .......... .......... .......... .......... 87%  182M 0s
 88300K .......... .......... .......... .......... .......... 87%  181M 0s
 88350K .......... .......... .......... .......... .......... 87%  157M 0s
 88400K .......... .......... .......... .......... .......... 87%  181M 0s
 88450K .......... .......... .......... .......... .......... 87%  154M 0s
 88500K .......... .......... .......... .......... .......... 87%  181M 0s
 88550K .......... .......... .......... .......... .......... 87%  181M 0s
 88600K .......... .......... .......... .......... .......... 87%  157M 0s
 88650K .......... .......... .......... .......... .......... 87%  180M 0s
 88700K .......... .......... .......... .......... .......... 87%  156M 0s
 88750K .......... .......... .......... .......... .......... 88%  174M 0s
 88800K .......... .......... .......... .......... .......... 88%  178M 0s
 88850K .......... .......... .......... .......... .......... 88%  157M 0s
 88900K .......... .......... .......... .......... .......... 88%  180M 0s
 88950K .......... .......... .......... .......... .......... 88%  157M 0s
 89000K .......... .......... .......... .......... .......... 88%  177M 0s
 89050K .......... .......... .......... .......... .......... 88%  183M 0s
 89100K .......... .......... .......... .......... .......... 88%  155M 0s
 89150K .......... .......... .......... .......... .......... 88%  179M 0s
 89200K .......... .......... .......... .......... .......... 88%  157M 0s
 89250K .......... .......... .......... .......... .......... 88%  178M 0s
 89300K .......... .......... .......... .......... .......... 88%  175M 0s
 89350K .......... .......... .......... .......... .......... 88%  154M 0s
 89400K .......... .......... .......... .......... .......... 88%  180M 0s
 89450K .......... .......... .......... .......... .......... 88%  157M 0s
 89500K .......... .......... .......... .......... .......... 88%  179M 0s
 89550K .......... .......... .......... .......... .......... 88%  180M 0s
 89600K .......... .......... .......... .......... .......... 88%  155M 0s
 89650K .......... .......... .......... .......... .......... 88%  180M 0s
 89700K .......... .......... .......... .......... .......... 88%  157M 0s
 89750K .......... .......... .......... .......... .......... 89%  178M 0s
 89800K .......... .......... .......... .......... .......... 89%  179M 0s
 89850K .......... .......... .......... .......... .......... 89%  153M 0s
 89900K .......... .......... .......... .......... .......... 89%  183M 0s
 89950K .......... .......... .......... .......... .......... 89%  158M 0s
 90000K .......... .......... .......... .......... .......... 89%  178M 0s
 90050K .......... .......... .......... .......... .......... 89%  179M 0s
 90100K .......... .......... .......... .......... .......... 89%  130M 0s
 90150K .......... .......... .......... .......... .......... 89%  178M 0s
 90200K .......... .......... .......... .......... .......... 89%  158M 0s
 90250K .......... .......... .......... .......... .......... 89%  181M 0s
 90300K .......... .......... .......... .......... .......... 89%  184M 0s
 90350K .......... .......... .......... .......... .......... 89%  156M 0s
 90400K .......... .......... .......... .......... .......... 89%  187M 0s
 90450K .......... .......... .......... .......... .......... 89%  160M 0s
 90500K .......... .......... .......... .......... .......... 89%  180M 0s
 90550K .......... .......... .......... .......... .......... 89%  183M 0s
 90600K .......... .......... .......... .......... .......... 89%  157M 0s
 90650K .......... .......... .......... .......... .......... 89%  179M 0s
 90700K .......... .......... .......... .......... .......... 89%  158M 0s
 90750K .......... .......... .......... .......... .......... 90%  181M 0s
 90800K .......... .......... .......... .......... .......... 90%  181M 0s
 90850K .......... .......... .......... .......... .......... 90%  154M 0s
 90900K .......... .......... .......... .......... .......... 90%  186M 0s
 90950K .......... .......... .......... .......... .......... 90%  158M 0s
 91000K .......... .......... .......... .......... .......... 90%  181M 0s
 91050K .......... .......... .......... .......... .......... 90%  180M 0s
 91100K .......... .......... .......... .......... .......... 90%  160M 0s
 91150K .......... .......... .......... .......... .......... 90%  183M 0s
 91200K .......... .......... .......... .......... .......... 90%  158M 0s
 91250K .......... .......... .......... .......... .......... 90%  182M 0s
 91300K .......... .......... .......... .......... .......... 90%  180M 0s
 91350K .......... .......... .......... .......... .......... 90%  157M 0s
 91400K .......... .......... .......... .......... .......... 90%  181M 0s
 91450K .......... .......... .......... .......... .......... 90%  161M 0s
 91500K .......... .......... .......... .......... .......... 90%  179M 0s
 91550K .......... .......... .......... .......... .......... 90%  177M 0s
 91600K .......... .......... .......... .......... .......... 90%  158M 0s
 91650K .......... .......... .......... .......... .......... 90%  184M 0s
 91700K .......... .......... .......... .......... .......... 90%  158M 0s
 91750K .......... .......... .......... .......... .......... 90%  178M 0s
 91800K .......... .......... .......... .......... .......... 91%  184M 0s
 91850K .......... .......... .......... .......... .......... 91%  160M 0s
 91900K .......... .......... .......... .......... .......... 91%  178M 0s
 91950K .......... .......... .......... .......... .......... 91%  160M 0s
 92000K .......... .......... .......... .......... .......... 91%  179M 0s
 92050K .......... .......... .......... .......... .......... 91%  178M 0s
 92100K .......... .......... .......... .......... .......... 91%  171M 0s
 92150K .......... .......... .......... .......... .......... 91%  188M 0s
 92200K .......... .......... .......... .......... .......... 91%  161M 0s
 92250K .......... .......... .......... .......... .......... 91%  179M 0s
 92300K .......... .......... .......... .......... .......... 91%  178M 0s
 92350K .......... .......... .......... .......... .......... 91%  158M 0s
 92400K .......... .......... .......... .......... .......... 91%  181M 0s
 92450K .......... .......... .......... .......... .......... 91%  157M 0s
 92500K .......... .......... .......... .......... .......... 91%  182M 0s
 92550K .......... .......... .......... .......... .......... 91%  180M 0s
 92600K .......... .......... .......... .......... .......... 91%  156M 0s
 92650K .......... .......... .......... .......... .......... 91%  178M 0s
 92700K .......... .......... .......... .......... .......... 91%  159M 0s
 92750K .......... .......... .......... .......... .......... 91%  181M 0s
 92800K .......... .......... .......... .......... .......... 92%  181M 0s
 92850K .......... .......... .......... .......... .......... 92%  158M 0s
 92900K .......... .......... .......... .......... .......... 92%  180M 0s
 92950K .......... .......... .......... .......... .......... 92%  159M 0s
 93000K .......... .......... .......... .......... .......... 92%  183M 0s
 93050K .......... .......... .......... .......... .......... 92%  183M 0s
 93100K .......... .......... .......... .......... .......... 92%  157M 0s
 93150K .......... .......... .......... .......... .......... 92%  181M 0s
 93200K .......... .......... .......... .......... .......... 92%  159M 0s
 93250K .......... .......... .......... .......... .......... 92%  179M 0s
 93300K .......... .......... .......... .......... .......... 92%  179M 0s
 93350K .......... .......... .......... .......... .......... 92%  156M 0s
 93400K .......... .......... .......... .......... .......... 92%  184M 0s
 93450K .......... .......... .......... .......... .......... 92%  160M 0s
 93500K .......... .......... .......... .......... .......... 92%  179M 0s
 93550K .......... .......... .......... .......... .......... 92%  183M 0s
 93600K .......... .......... .......... .......... .......... 92%  157M 0s
 93650K .......... .......... .......... .......... .......... 92%  181M 0s
 93700K .......... .......... .......... .......... .......... 92%  161M 0s
 93750K .......... .......... .......... .......... .......... 92%  179M 0s
 93800K .......... .......... .......... .......... .......... 93%  182M 0s
 93850K .......... .......... .......... .......... .......... 93%  159M 0s
 93900K .......... .......... .......... .......... .......... 93%  183M 0s
 93950K .......... .......... .......... .......... .......... 93%  159M 0s
 94000K .......... .......... .......... .......... .......... 93%  180M 0s
 94050K .......... .......... .......... .......... .......... 93%  178M 0s
 94100K .......... .......... .......... .......... .......... 93%  155M 0s
 94150K .......... .......... .......... .......... .......... 93%  183M 0s
 94200K .......... .......... .......... .......... .......... 93%  158M 0s
 94250K .......... .......... .......... .......... .......... 93%  183M 0s
 94300K .......... .......... .......... .......... .......... 93%  179M 0s
 94350K .......... .......... .......... .......... .......... 93%  157M 0s
 94400K .......... .......... .......... .......... .......... 93%  187M 0s
 94450K .......... .......... .......... .......... .......... 93%  162M 0s
 94500K .......... .......... .......... .......... .......... 93%  183M 0s
 94550K .......... .......... .......... .......... .......... 93%  179M 0s
 94600K .......... .......... .......... .......... .......... 93%  162M 0s
 94650K .......... .......... .......... .......... .......... 93%  185M 0s
 94700K .......... .......... .......... .......... .......... 93%  159M 0s
 94750K .......... .......... .......... .......... .......... 93%  183M 0s
 94800K .......... .......... .......... .......... .......... 94%  187M 0s
 94850K .......... .......... .......... .......... .......... 94%  159M 0s
 94900K .......... .......... .......... .......... .......... 94%  183M 0s
 94950K .......... .......... .......... .......... .......... 94%  162M 0s
 95000K .......... .......... .......... .......... .......... 94%  181M 0s
 95050K .......... .......... .......... .......... .......... 94%  181M 0s
 95100K .......... .......... .......... .......... .......... 94%  160M 0s
 95150K .......... .......... .......... .......... .......... 94%  187M 0s
 95200K .......... .......... .......... .......... .......... 94%  160M 0s
 95250K .......... .......... .......... .......... .......... 94%  181M 0s
 95300K .......... .......... .......... .......... .......... 94%  185M 0s
 95350K .......... .......... .......... .......... .......... 94%  161M 0s
 95400K .......... .......... .......... .......... .......... 94%  184M 0s
 95450K .......... .......... .......... .......... .......... 94%  159M 0s
 95500K .......... .......... .......... .......... .......... 94%  184M 0s
 95550K .......... .......... .......... .......... .......... 94%  182M 0s
 95600K .......... .......... .......... .......... .......... 94%  157M 0s
 95650K .......... .......... .......... .......... .......... 94%  185M 0s
 95700K .......... .......... .......... .......... .......... 94%  161M 0s
 95750K .......... .......... .......... .......... .......... 94%  183M 0s
 95800K .......... .......... .......... .......... .......... 95%  182M 0s
 95850K .......... .......... .......... .......... .......... 95%  160M 0s
 95900K .......... .......... .......... .......... .......... 95%  183M 0s
 95950K .......... .......... .......... .......... .......... 95%  159M 0s
 96000K .......... .......... .......... .......... .......... 95%  183M 0s
 96050K .......... .......... .......... .......... .......... 95%  183M 0s
 96100K .......... .......... .......... .......... .......... 95%  160M 0s
 96150K .......... .......... .......... .......... .......... 95%  181M 0s
 96200K .......... .......... .......... .......... .......... 95%  164M 0s
 96250K .......... .......... .......... .......... .......... 95%  181M 0s
 96300K .......... .......... .......... .......... .......... 95%  183M 0s
 96350K .......... .......... .......... .......... .......... 95%  161M 0s
 96400K .......... .......... .......... .......... .......... 95%  185M 0s
 96450K .......... .......... .......... .......... .......... 95%  162M 0s
 96500K .......... .......... .......... .......... .......... 95%  181M 0s
 96550K .......... .......... .......... .......... .......... 95%  182M 0s
 96600K .......... .......... .......... .......... .......... 95%  161M 0s
 96650K .......... .......... .......... .......... .......... 95%  182M 0s
 96700K .......... .......... .......... .......... .......... 95%  162M 0s
 96750K .......... .......... .......... .......... .......... 95%  177M 0s
 96800K .......... .......... .......... .......... .......... 95%  181M 0s
 96850K .......... .......... .......... .......... .......... 96%  161M 0s
 96900K .......... .......... .......... .......... .......... 96%  182M 0s
 96950K .......... .......... .......... .......... .......... 96%  160M 0s
 97000K .......... .......... .......... .......... .......... 96%  183M 0s
 97050K .......... .......... .......... .......... .......... 96%  185M 0s
 97100K .......... .......... .......... .......... .......... 96%  159M 0s
 97150K .......... .......... .......... .......... .......... 96%  185M 0s
 97200K .......... .......... .......... .......... .......... 96%  159M 0s
 97250K .......... .......... .......... .......... .......... 96%  183M 0s
 97300K .......... .......... .......... .......... .......... 96%  182M 0s
 97350K .......... .......... .......... .......... .......... 96%  160M 0s
 97400K .......... .......... .......... .......... .......... 96%  184M 0s
 97450K .......... .......... .......... .......... .......... 96%  162M 0s
 97500K .......... .......... .......... .......... .......... 96%  179M 0s
 97550K .......... .......... .......... .......... .......... 96%  180M 0s
 97600K .......... .......... .......... .......... .......... 96%  163M 0s
 97650K .......... .......... .......... .......... .......... 96%  183M 0s
 97700K .......... .......... .......... .......... .......... 96%  162M 0s
 97750K .......... .......... .......... .......... .......... 96%  183M 0s
 97800K .......... .......... .......... .......... .......... 96%  184M 0s
 97850K .......... .......... .......... .......... .......... 97%  159M 0s
 97900K .......... .......... .......... .......... .......... 97%  180M 0s
 97950K .......... .......... .......... .......... .......... 97%  161M 0s
 98000K .......... .......... .......... .......... .......... 97%  185M 0s
 98050K .......... .......... .......... .......... .......... 97%  181M 0s
 98100K .......... .......... .......... .......... .......... 97%  159M 0s
 98150K .......... .......... .......... .......... .......... 97%  185M 0s
 98200K .......... .......... .......... .......... .......... 97%  158M 0s
 98250K .......... .......... .......... .......... .......... 97%  181M 0s
 98300K .......... .......... .......... .......... .......... 97%  147M 0s
 98350K .......... .......... .......... .......... .......... 97%  159M 0s
 98400K .......... .......... .......... .......... .......... 97%  179M 0s
 98450K .......... .......... .......... .......... .......... 97%  162M 0s
 98500K .......... .......... .......... .......... .......... 97%  181M 0s
 98550K .......... .......... .......... .......... .......... 97%  180M 0s
 98600K .......... .......... .......... .......... .......... 97%  155M 0s
 98650K .......... .......... .......... .......... .......... 97%  182M 0s
 98700K .......... .......... .......... .......... .......... 97%  161M 0s
 98750K .......... .......... .......... .......... .......... 97%  177M 0s
 98800K .......... .......... .......... .......... .......... 97%  182M 0s
 98850K .......... .......... .......... .......... .......... 98%  159M 0s
 98900K .......... .......... .......... .......... .......... 98%  181M 0s
 98950K .......... .......... .......... .......... .......... 98%  158M 0s
 99000K .......... .......... .......... .......... .......... 98%  181M 0s
 99050K .......... .......... .......... .......... .......... 98%  182M 0s
 99100K .......... .......... .......... .......... .......... 98%  159M 0s
 99150K .......... .......... .......... .......... .......... 98%  180M 0s
 99200K .......... .......... .......... .......... .......... 98%  160M 0s
 99250K .......... .......... .......... .......... .......... 98%  181M 0s
 99300K .......... .......... .......... .......... .......... 98%  180M 0s
 99350K .......... .......... .......... .......... .......... 98%  159M 0s
 99400K .......... .......... .......... .......... .......... 98%  185M 0s
 99450K .......... .......... .......... .......... .......... 98%  160M 0s
 99500K .......... .......... .......... .......... .......... 98%  182M 0s
 99550K .......... .......... .......... .......... .......... 98%  183M 0s
 99600K .......... .......... .......... .......... .......... 98%  159M 0s
 99650K .......... .......... .......... .......... .......... 98%  184M 0s
 99700K .......... .......... .......... .......... .......... 98%  158M 0s
 99750K .......... .......... .......... .......... .......... 98%  185M 0s
 99800K .......... .......... .......... .......... .......... 98%  183M 0s
 99850K .......... .......... .......... .......... .......... 99%  158M 0s
 99900K .......... .......... .......... .......... .......... 99%  183M 0s
 99950K .......... .......... .......... .......... .......... 99%  159M 0s
100000K .......... .......... .......... .......... .......... 99%  179M 0s
100050K .......... .......... .......... .......... .......... 99%  182M 0s
100100K .......... .......... .......... .......... .......... 99%  158M 0s
100150K .......... .......... .......... .......... .......... 99%  180M 0s
100200K .......... .......... .......... .......... .......... 99%  160M 0s
100250K .......... .......... .......... .......... .......... 99%  182M 0s
100300K .......... .......... .......... .......... .......... 99%  181M 0s
100350K .......... .......... .......... .......... .......... 99%  155M 0s
100400K .......... .......... .......... .......... .......... 99%  182M 0s
100450K .......... .......... .......... .......... .......... 99%  161M 0s
100500K .......... .......... .......... .......... .......... 99%  181M 0s
100550K .......... .......... .......... .......... .......... 99%  179M 0s
100600K .......... .......... .......... .......... .......... 99%  159M 0s
100650K .......... .......... .......... .......... .......... 99%  183M 0s
100700K .......... .......... .......... .......... .......... 99%  156M 0s
100750K .......... .......... .......... .......... .......... 99%  182M 0s
100800K .......... .......... .......... .......... .......... 99%  183M 0s
100850K .......... .......... .......... ........             100%  165M=1.1s

2026-06-03 05:26:42 (86.8 MB/s) - ‘Ma_xp_A1900_n60_r12_v00_90000.hdf5’ saved [103309864/103309864]

File ‘Ma_xp_A1900_n60_r12_v00_90000_fof_0.003_0000.hdf5’ already there; not retrieving.

File ‘Ma_xp_A1900_n60_r16_v00_72000_fof_0.003_0000.hdf5’ already there; not retrieving.

--2026-06-03 05:26:42--  https://virgodb.cosma.dur.ac.uk/downloads/kegerreisDownload/Ma_xp_A1900_n60_r16_v00_90000.hdf5
Reusing existing connection to [virgodb.cosma.dur.ac.uk]:443.
HTTP request sent, awaiting response... 200 OK
Length: 103309864 (99M)
Saving to: ‘Ma_xp_A1900_n60_r16_v00_90000.hdf5’

     0K .......... .......... .......... .......... ..........  0%  680K 2m28s
    50K .......... .......... .......... .......... ..........  0% 6.39M 82s
   100K .......... .......... .......... .......... ..........  0% 3.23M 65s
   150K .......... .......... .......... .......... ..........  0% 6.30M 52s
   200K .......... .......... .......... .......... ..........  0% 7.24M 45s
   250K .......... .......... .......... .......... ..........  0%  172M 37s
   300K .......... .......... .......... .......... ..........  0%  177M 32s
   350K .......... .......... .......... .......... ..........  0%  156M 28s
   400K .......... .......... .......... .......... ..........  0%  176M 25s
   450K .......... .......... .......... .......... ..........  0%  156M 23s
   500K .......... .......... .......... .......... ..........  0%  175M 21s
   550K .......... .......... .......... .......... ..........  0%  179M 19s
   600K .......... .......... .......... .......... ..........  0%  155M 17s
   650K .......... .......... .......... .......... ..........  0%  181M 16s
   700K .......... .......... .......... .......... ..........  0%  161M 15s
   750K .......... .......... .......... .......... ..........  0%  184M 14s
   800K .......... .......... .......... .......... ..........  0%  180M 13s
   850K .......... .......... .......... .......... ..........  0%  158M 13s
   900K .......... .......... .......... .......... ..........  0%  184M 12s
   950K .......... .......... .......... .......... ..........  0%  160M 11s
  1000K .......... .......... .......... .......... ..........  1%  180M 11s
  1050K .......... .......... .......... .......... ..........  1%  182M 10s
  1100K .......... .......... .......... .......... ..........  1%  157M 10s
  1150K .......... .......... .......... .......... ..........  1%  181M 10s
  1200K .......... .......... .......... .......... ..........  1%  160M 9s
  1250K .......... .......... .......... .......... ..........  1%  183M 9s
  1300K .......... .......... .......... .......... ..........  1%  179M 9s
  1350K .......... .......... .......... .......... ..........  1%  158M 8s
  1400K .......... .......... .......... .......... ..........  1%  182M 8s
  1450K .......... .......... .......... .......... ..........  1%  158M 8s
  1500K .......... .......... .......... .......... ..........  1%  180M 8s
  1550K .......... .......... .......... .......... ..........  1%  180M 7s
  1600K .......... .......... .......... .......... ..........  1%  158M 7s
  1650K .......... .......... .......... .......... ..........  1%  176M 7s
  1700K .......... .......... .......... .......... ..........  1%  161M 7s
  1750K .......... .......... .......... .......... ..........  1%  183M 7s
  1800K .......... .......... .......... .......... ..........  1%  180M 6s
  1850K .......... .......... .......... .......... ..........  1%  172M 6s
  1900K .......... .......... .......... .......... ..........  1%  207M 6s
  1950K .......... .......... .......... .......... ..........  1%  175M 6s
  2000K .......... .......... .......... .......... ..........  2%  179M 6s
  2050K .......... .......... .......... .......... ..........  2%  183M 6s
  2100K .......... .......... .......... .......... ..........  2%  158M 6s
  2150K .......... .......... .......... .......... ..........  2%  186M 5s
  2200K .......... .......... .......... .......... ..........  2%  153M 5s
  2250K .......... .......... .......... .......... ..........  2%  176M 5s
  2300K .......... .......... .......... .......... ..........  2%  181M 5s
  2350K .......... .......... .......... .......... ..........  2%  157M 5s
  2400K .......... .......... .......... .......... ..........  2%  178M 5s
  2450K .......... .......... .......... .......... ..........  2%  160M 5s
  2500K .......... .......... .......... .......... ..........  2%  180M 5s
  2550K .......... .......... .......... .......... ..........  2%  180M 5s
  2600K .......... .......... .......... .......... ..........  2%  156M 5s
  2650K .......... .......... .......... .......... ..........  2%  182M 5s
  2700K .......... .......... .......... .......... ..........  2%  160M 4s
  2750K .......... .......... .......... .......... ..........  2%  182M 4s
  2800K .......... .......... .......... .......... ..........  2%  177M 4s
  2850K .......... .......... .......... .......... ..........  2%  155M 4s
  2900K .......... .......... .......... .......... ..........  2%  181M 4s
  2950K .......... .......... .......... .......... ..........  2%  160M 4s
  3000K .......... .......... .......... .......... ..........  3%  185M 4s
  3050K .......... .......... .......... .......... ..........  3%  182M 4s
  3100K .......... .......... .......... .......... ..........  3%  161M 4s
  3150K .......... .......... .......... .......... ..........  3%  183M 4s
  3200K .......... .......... .......... .......... ..........  3%  161M 4s
  3250K .......... .......... .......... .......... ..........  3%  180M 4s
  3300K .......... .......... .......... .......... ..........  3%  183M 4s
  3350K .......... .......... .......... .......... ..........  3%  162M 4s
  3400K .......... .......... .......... .......... ..........  3%  181M 4s
  3450K .......... .......... .......... .......... ..........  3%  160M 4s
  3500K .......... .......... .......... .......... ..........  3%  182M 4s
  3550K .......... .......... .......... .......... ..........  3%  184M 4s
  3600K .......... .......... .......... .......... ..........  3%  158M 3s
  3650K .......... .......... .......... .......... ..........  3%  181M 3s
  3700K .......... .......... .......... .......... ..........  3%  162M 3s
  3750K .......... .......... .......... .......... ..........  3%  178M 3s
  3800K .......... .......... .......... .......... ..........  3%  182M 3s
  3850K .......... .......... .......... .......... ..........  3%  173M 3s
  3900K .......... .......... .......... .......... ..........  3%  199M 3s
  3950K .......... .......... .......... .......... ..........  3%  161M 3s
  4000K .......... .......... .......... .......... ..........  4%  181M 3s
  4050K .......... .......... .......... .......... ..........  4%  215K 9s
  4100K .......... .......... .......... .......... ..........  4%  100M 9s
  4150K .......... .......... .......... .......... ..........  4%  180M 8s
  4200K .......... .......... .......... .......... ..........  4%  155M 8s
  4250K .......... .......... .......... .......... ..........  4%  181M 8s
  4300K .......... .......... .......... .......... ..........  4%  180M 8s
  4350K .......... .......... .......... .......... ..........  4%  153M 8s
  4400K .......... .......... .......... .......... ..........  4%  181M 8s
  4450K .......... .......... .......... .......... ..........  4%  163M 8s
  4500K .......... .......... .......... .......... ..........  4%  182M 8s
  4550K .......... .......... .......... .......... ..........  4%  182M 8s
  4600K .......... .......... .......... .......... ..........  4%  154M 8s
  4650K .......... .......... .......... .......... ..........  4%  178M 8s
  4700K .......... .......... .......... .......... ..........  4%  158M 7s
  4750K .......... .......... .......... .......... ..........  4%  177M 7s
  4800K .......... .......... .......... .......... ..........  4%  178M 7s
  4850K .......... .......... .......... .......... ..........  4%  154M 7s
  4900K .......... .......... .......... .......... ..........  4%  177M 7s
  4950K .......... .......... .......... .......... ..........  4%  156M 7s
  5000K .......... .......... .......... .......... ..........  5%  186M 7s
  5050K .......... .......... .......... .......... ..........  5%  180M 7s
  5100K .......... .......... .......... .......... ..........  5%  158M 7s
  5150K .......... .......... .......... .......... ..........  5%  180M 7s
  5200K .......... .......... .......... .......... ..........  5%  159M 7s
  5250K .......... .......... .......... .......... ..........  5%  180M 7s
  5300K .......... .......... .......... .......... ..........  5%  188M 7s
  5350K .......... .......... .......... .......... ..........  5%  161M 7s
  5400K .......... .......... .......... .......... ..........  5%  184M 7s
  5450K .......... .......... .......... .......... ..........  5%  164M 6s
  5500K .......... .......... .......... .......... ..........  5%  186M 6s
  5550K .......... .......... .......... .......... ..........  5%  185M 6s
  5600K .......... .......... .......... .......... ..........  5%  160M 6s
  5650K .......... .......... .......... .......... ..........  5%  189M 6s
  5700K .......... .......... .......... .......... ..........  5%  162M 6s
  5750K .......... .......... .......... .......... ..........  5%  184M 6s
  5800K .......... .......... .......... .......... ..........  5%  182M 6s
  5850K .......... .......... .......... .......... ..........  5%  161M 6s
  5900K .......... .......... .......... .......... ..........  5%  183M 6s
  5950K .......... .......... .......... .......... ..........  5%  150M 6s
  6000K .......... .......... .......... .......... ..........  5%  182M 6s
  6050K .......... .......... .......... .......... ..........  6%  180M 6s
  6100K .......... .......... .......... .......... ..........  6%  156M 6s
  6150K .......... .......... .......... .......... ..........  6%  177M 6s
  6200K .......... .......... .......... .......... ..........  6%  162M 6s
  6250K .......... .......... .......... .......... ..........  6%  184M 6s
  6300K .......... .......... .......... .......... ..........  6%  183M 6s
  6350K .......... .......... .......... .......... ..........  6%  157M 6s
  6400K .......... .......... .......... .......... ..........  6%  177M 6s
  6450K .......... .......... .......... .......... ..........  6%  159M 6s
  6500K .......... .......... .......... .......... ..........  6%  182M 5s
  6550K .......... .......... .......... .......... ..........  6%  183M 5s
  6600K .......... .......... .......... .......... ..........  6%  163M 5s
  6650K .......... .......... .......... .......... ..........  6%  183M 5s
  6700K .......... .......... .......... .......... ..........  6%  162M 5s
  6750K .......... .......... .......... .......... ..........  6%  183M 5s
  6800K .......... .......... .......... .......... ..........  6%  185M 5s
  6850K .......... .......... .......... .......... ..........  6%  161M 5s
  6900K .......... .......... .......... .......... ..........  6%  186M 5s
  6950K .......... .......... .......... .......... ..........  6%  163M 5s
  7000K .......... .......... .......... .......... ..........  6%  183M 5s
  7050K .......... .......... .......... .......... ..........  7%  186M 5s
  7100K .......... .......... .......... .......... ..........  7%  161M 5s
  7150K .......... .......... .......... .......... ..........  7%  187M 5s
  7200K .......... .......... .......... .......... ..........  7%  164M 5s
  7250K .......... .......... .......... .......... ..........  7%  186M 5s
  7300K .......... .......... .......... .......... ..........  7%  186M 5s
  7350K .......... .......... .......... .......... ..........  7%  163M 5s
  7400K .......... .......... .......... .......... ..........  7%  184M 5s
  7450K .......... .......... .......... .......... ..........  7%  157M 5s
  7500K .......... .......... .......... .......... ..........  7%  180M 5s
  7550K .......... .......... .......... .......... ..........  7%  180M 5s
  7600K .......... .......... .......... .......... ..........  7%  158M 5s
  7650K .......... .......... .......... .......... ..........  7%  181M 5s
  7700K .......... .......... .......... .......... ..........  7%  157M 5s
  7750K .......... .......... .......... .......... ..........  7%  183M 5s
  7800K .......... .......... .......... .......... ..........  7%  183M 5s
  7850K .......... .......... .......... .......... ..........  7%  160M 5s
  7900K .......... .......... .......... .......... ..........  7%  181M 5s
  7950K .......... .......... .......... .......... ..........  7%  159M 4s
  8000K .......... .......... .......... .......... ..........  7%  182M 4s
  8050K .......... .......... .......... .......... ..........  8%  182M 4s
  8100K .......... .......... .......... .......... ..........  8%  161M 4s
  8150K .......... .......... .......... .......... ..........  8% 1.95M 5s
  8200K .......... .......... .......... .......... ..........  8%  154M 5s
  8250K .......... .......... .......... .......... ..........  8%  184M 5s
  8300K .......... .......... .......... .......... ..........  8%  179M 5s
  8350K .......... .......... .......... .......... ..........  8%  161M 5s
  8400K .......... .......... .......... .......... ..........  8%  178M 5s
  8450K .......... .......... .......... .......... ..........  8%  159M 5s
  8500K .......... .......... .......... .......... ..........  8%  182M 4s
  8550K .......... .......... .......... .......... ..........  8%  179M 4s
  8600K .......... .......... .......... .......... ..........  8%  159M 4s
  8650K .......... .......... .......... .......... ..........  8%  179M 4s
  8700K .......... .......... .......... .......... ..........  8%  157M 4s
  8750K .......... .......... .......... .......... ..........  8%  180M 4s
  8800K .......... .......... .......... .......... ..........  8%  179M 4s
  8850K .......... .......... .......... .......... ..........  8%  159M 4s
  8900K .......... .......... .......... .......... ..........  8%  184M 4s
  8950K .......... .......... .......... .......... ..........  8%  160M 4s
  9000K .......... .......... .......... .......... ..........  8%  181M 4s
  9050K .......... .......... .......... .......... ..........  9%  184M 4s
  9100K .......... .......... .......... .......... ..........  9%  158M 4s
  9150K .......... .......... .......... .......... ..........  9%  180M 4s
  9200K .......... .......... .......... .......... ..........  9%  157M 4s
  9250K .......... .......... .......... .......... ..........  9%  181M 4s
  9300K .......... .......... .......... .......... ..........  9%  184M 4s
  9350K .......... .......... .......... .......... ..........  9%  155M 4s
  9400K .......... .......... .......... .......... ..........  9%  185M 4s
  9450K .......... .......... .......... .......... ..........  9%  157M 4s
  9500K .......... .......... .......... .......... ..........  9%  180M 4s
  9550K .......... .......... .......... .......... ..........  9%  183M 4s
  9600K .......... .......... .......... .......... ..........  9%  159M 4s
  9650K .......... .......... .......... .......... ..........  9%  184M 4s
  9700K .......... .......... .......... .......... ..........  9%  158M 4s
  9750K .......... .......... .......... .......... ..........  9%  179M 4s
  9800K .......... .......... .......... .......... ..........  9%  178M 4s
  9850K .......... .......... .......... .......... ..........  9%  156M 4s
  9900K .......... .......... .......... .......... ..........  9%  175M 4s
  9950K .......... .......... .......... .......... ..........  9%  148M 4s
 10000K .......... .......... .......... .......... ..........  9%  175M 4s
 10050K .......... .......... .......... .......... .......... 10%  196M 4s
 10100K .......... .......... .......... .......... .......... 10%  157M 4s
 10150K .......... .......... .......... .......... .......... 10%  179M 4s
 10200K .......... .......... .......... .......... .......... 10%  155M 4s
 10250K .......... .......... .......... .......... .......... 10%  173M 4s
 10300K .......... .......... .......... .......... .......... 10%  169M 4s
 10350K .......... .......... .......... .......... .......... 10%  148M 4s
 10400K .......... .......... .......... .......... .......... 10%  180M 4s
 10450K .......... .......... .......... .......... .......... 10%  159M 4s
 10500K .......... .......... .......... .......... .......... 10%  178M 4s
 10550K .......... .......... .......... .......... .......... 10%  177M 4s
 10600K .......... .......... .......... .......... .......... 10%  159M 4s
 10650K .......... .......... .......... .......... .......... 10%  181M 4s
 10700K .......... .......... .......... .......... .......... 10%  159M 4s
 10750K .......... .......... .......... .......... .......... 10%  180M 4s
 10800K .......... .......... .......... .......... .......... 10%  180M 4s
 10850K .......... .......... .......... .......... .......... 10%  157M 4s
 10900K .......... .......... .......... .......... .......... 10%  180M 4s
 10950K .......... .......... .......... .......... .......... 10%  159M 4s
 11000K .......... .......... .......... .......... .......... 10%  179M 3s
 11050K .......... .......... .......... .......... .......... 11%  179M 3s
 11100K .......... .......... .......... .......... .......... 11%  152M 3s
 11150K .......... .......... .......... .......... .......... 11%  171M 3s
 11200K .......... .......... .......... .......... .......... 11%  151M 3s
 11250K .......... .......... .......... .......... .......... 11%  173M 3s
 11300K .......... .......... .......... .......... .......... 11%  177M 3s
 11350K .......... .......... .......... .......... .......... 11%  156M 3s
 11400K .......... .......... .......... .......... .......... 11%  179M 3s
 11450K .......... .......... .......... .......... .......... 11%  159M 3s
 11500K .......... .......... .......... .......... .......... 11%  178M 3s
 11550K .......... .......... .......... .......... .......... 11%  184M 3s
 11600K .......... .......... .......... .......... .......... 11%  153M 3s
 11650K .......... .......... .......... .......... .......... 11%  175M 3s
 11700K .......... .......... .......... .......... .......... 11%  156M 3s
 11750K .......... .......... .......... .......... .......... 11%  182M 3s
 11800K .......... .......... .......... .......... .......... 11%  184M 3s
 11850K .......... .......... .......... .......... .......... 11%  159M 3s
 11900K .......... .......... .......... .......... .......... 11%  180M 3s
 11950K .......... .......... .......... .......... .......... 11%  154M 3s
 12000K .......... .......... .......... .......... .......... 11%  179M 3s
 12050K .......... .......... .......... .......... .......... 11%  180M 3s
 12100K .......... .......... .......... .......... .......... 12%  157M 3s
 12150K .......... .......... .......... .......... .......... 12%  184M 3s
 12200K .......... .......... .......... .......... .......... 12%  158M 3s
 12250K .......... .......... .......... .......... .......... 12%  181M 3s
 12300K .......... .......... .......... .......... .......... 12%  185M 3s
 12350K .......... .......... .......... .......... .......... 12%  159M 3s
 12400K .......... .......... .......... .......... .......... 12%  184M 3s
 12450K .......... .......... .......... .......... .......... 12%  159M 3s
 12500K .......... .......... .......... .......... .......... 12%  182M 3s
 12550K .......... .......... .......... .......... .......... 12%  182M 3s
 12600K .......... .......... .......... .......... .......... 12%  155M 3s
 12650K .......... .......... .......... .......... .......... 12%  181M 3s
 12700K .......... .......... .......... .......... .......... 12%  159M 3s
 12750K .......... .......... .......... .......... .......... 12%  177M 3s
 12800K .......... .......... .......... .......... .......... 12%  178M 3s
 12850K .......... .......... .......... .......... .......... 12%  153M 3s
 12900K .......... .......... .......... .......... .......... 12%  179M 3s
 12950K .......... .......... .......... .......... .......... 12%  151M 3s
 13000K .......... .......... .......... .......... .......... 12%  176M 3s
 13050K .......... .......... .......... .......... .......... 12%  178M 3s
 13100K .......... .......... .......... .......... .......... 13%  160M 3s
 13150K .......... .......... .......... .......... .......... 13%  179M 3s
 13200K .......... .......... .......... .......... .......... 13%  158M 3s
 13250K .......... .......... .......... .......... .......... 13%  180M 3s
 13300K .......... .......... .......... .......... .......... 13%  179M 3s
 13350K .......... .......... .......... .......... .......... 13%  155M 3s
 13400K .......... .......... .......... .......... .......... 13%  175M 3s
 13450K .......... .......... .......... .......... .......... 13%  159M 3s
 13500K .......... .......... .......... .......... .......... 13%  179M 3s
 13550K .......... .......... .......... .......... .......... 13%  179M 3s
 13600K .......... .......... .......... .......... .......... 13%  155M 3s
 13650K .......... .......... .......... .......... .......... 13%  180M 3s
 13700K .......... .......... .......... .......... .......... 13%  160M 3s
 13750K .......... .......... .......... .......... .......... 13%  184M 3s
 13800K .......... .......... .......... .......... .......... 13%  185M 3s
 13850K .......... .......... .......... .......... .......... 13%  156M 3s
 13900K .......... .......... .......... .......... .......... 13%  185M 3s
 13950K .......... .......... .......... .......... .......... 13%  160M 3s
 14000K .......... .......... .......... .......... .......... 13%  179M 3s
 14050K .......... .......... .......... .......... .......... 13%  181M 3s
 14100K .......... .......... .......... .......... .......... 14%  160M 3s
 14150K .......... .......... .......... .......... .......... 14%  183M 3s
 14200K .......... .......... .......... .......... .......... 14%  161M 3s
 14250K .......... .......... .......... .......... .......... 14%  182M 3s
 14300K .......... .......... .......... .......... .......... 14%  184M 3s
 14350K .......... .......... .......... .......... .......... 14%  156M 3s
 14400K .......... .......... .......... .......... .......... 14%  182M 3s
 14450K .......... .......... .......... .......... .......... 14%  160M 3s
 14500K .......... .......... .......... .......... .......... 14%  178M 3s
 14550K .......... .......... .......... .......... .......... 14%  175M 3s
 14600K .......... .......... .......... .......... .......... 14%  157M 3s
 14650K .......... .......... .......... .......... .......... 14%  179M 3s
 14700K .......... .......... .......... .......... .......... 14%  156M 3s
 14750K .......... .......... .......... .......... .......... 14%  178M 3s
 14800K .......... .......... .......... .......... .......... 14%  182M 3s
 14850K .......... .......... .......... .......... .......... 14%  155M 3s
 14900K .......... .......... .......... .......... .......... 14%  175M 3s
 14950K .......... .......... .......... .......... .......... 14%  158M 3s
 15000K .......... .......... .......... .......... .......... 14%  180M 3s
 15050K .......... .......... .......... .......... .......... 14%  180M 3s
 15100K .......... .......... .......... .......... .......... 15%  157M 3s
 15150K .......... .......... .......... .......... .......... 15%  183M 3s
 15200K .......... .......... .......... .......... .......... 15%  160M 3s
 15250K .......... .......... .......... .......... .......... 15%  179M 3s
 15300K .......... .......... .......... .......... .......... 15%  179M 3s
 15350K .......... .......... .......... .......... .......... 15%  155M 3s
 15400K .......... .......... .......... .......... .......... 15%  181M 3s
 15450K .......... .......... .......... .......... .......... 15%  162M 3s
 15500K .......... .......... .......... .......... .......... 15%  183M 2s
 15550K .......... .......... .......... .......... .......... 15%  182M 2s
 15600K .......... .......... .......... .......... .......... 15%  155M 2s
 15650K .......... .......... .......... .......... .......... 15%  187M 2s
 15700K .......... .......... .......... .......... .......... 15%  159M 2s
 15750K .......... .......... .......... .......... .......... 15%  182M 2s
 15800K .......... .......... .......... .......... .......... 15%  184M 2s
 15850K .......... .......... .......... .......... .......... 15%  161M 2s
 15900K .......... .......... .......... .......... .......... 15%  185M 2s
 15950K .......... .......... .......... .......... .......... 15%  158M 2s
 16000K .......... .......... .......... .......... .......... 15%  185M 2s
 16050K .......... .......... .......... .......... .......... 15%  184M 2s
 16100K .......... .......... .......... .......... .......... 16%  158M 2s
 16150K .......... .......... .......... .......... .......... 16%  185M 2s
 16200K .......... .......... .......... .......... .......... 16%  161M 2s
 16250K .......... .......... .......... .......... .......... 16%  182M 2s
 16300K .......... .......... .......... .......... .......... 16%  179M 2s
 16350K .......... .......... .......... .......... .......... 16%  128M 2s
 16400K .......... .......... .......... .......... .......... 16%  177M 2s
 16450K .......... .......... .......... .......... .......... 16%  157M 2s
 16500K .......... .......... .......... .......... .......... 16%  181M 2s
 16550K .......... .......... .......... .......... .......... 16%  186M 2s
 16600K .......... .......... .......... .......... .......... 16%  158M 2s
 16650K .......... .......... .......... .......... .......... 16%  175M 2s
 16700K .......... .......... .......... .......... .......... 16%  155M 2s
 16750K .......... .......... .......... .......... .......... 16%  176M 2s
 16800K .......... .......... .......... .......... .......... 16%  179M 2s
 16850K .......... .......... .......... .......... .......... 16%  159M 2s
 16900K .......... .......... .......... .......... .......... 16%  179M 2s
 16950K .......... .......... .......... .......... .......... 16%  154M 2s
 17000K .......... .......... .......... .......... .......... 16%  176M 2s
 17050K .......... .......... .......... .......... .......... 16%  183M 2s
 17100K .......... .......... .......... .......... .......... 16%  157M 2s
 17150K .......... .......... .......... .......... .......... 17%  182M 2s
 17200K .......... .......... .......... .......... .......... 17%  156M 2s
 17250K .......... .......... .......... .......... .......... 17%  179M 2s
 17300K .......... .......... .......... .......... .......... 17%  180M 2s
 17350K .......... .......... .......... .......... .......... 17%  158M 2s
 17400K .......... .......... .......... .......... .......... 17%  179M 2s
 17450K .......... .......... .......... .......... .......... 17%  160M 2s
 17500K .......... .......... .......... .......... .......... 17%  177M 2s
 17550K .......... .......... .......... .......... .......... 17%  180M 2s
 17600K .......... .......... .......... .......... .......... 17%  161M 2s
 17650K .......... .......... .......... .......... .......... 17%  186M 2s
 17700K .......... .......... .......... .......... .......... 17%  162M 2s
 17750K .......... .......... .......... .......... .......... 17%  186M 2s
 17800K .......... .......... .......... .......... .......... 17%  187M 2s
 17850K .......... .......... .......... .......... .......... 17%  157M 2s
 17900K .......... .......... .......... .......... .......... 17%  179M 2s
 17950K .......... .......... .......... .......... .......... 17%  160M 2s
 18000K .......... .......... .......... .......... .......... 17%  181M 2s
 18050K .......... .......... .......... .......... .......... 17%  181M 2s
 18100K .......... .......... .......... .......... .......... 17%  157M 2s
 18150K .......... .......... .......... .......... .......... 18%  183M 2s
 18200K .......... .......... .......... .......... .......... 18%  160M 2s
 18250K .......... .......... .......... .......... .......... 18%  186M 2s
 18300K .......... .......... .......... .......... .......... 18%  186M 2s
 18350K .......... .......... .......... .......... .......... 18%  160M 2s
 18400K .......... .......... .......... .......... .......... 18%  183M 2s
 18450K .......... .......... .......... .......... .......... 18%  163M 2s
 18500K .......... .......... .......... .......... .......... 18%  187M 2s
 18550K .......... .......... .......... .......... .......... 18%  186M 2s
 18600K .......... .......... .......... .......... .......... 18%  159M 2s
 18650K .......... .......... .......... .......... .......... 18%  180M 2s
 18700K .......... .......... .......... .......... .......... 18%  162M 2s
 18750K .......... .......... .......... .......... .......... 18%  183M 2s
 18800K .......... .......... .......... .......... .......... 18%  189M 2s
 18850K .......... .......... .......... .......... .......... 18%  158M 2s
 18900K .......... .......... .......... .......... .......... 18%  179M 2s
 18950K .......... .......... .......... .......... .......... 18%  163M 2s
 19000K .......... .......... .......... .......... .......... 18%  187M 2s
 19050K .......... .......... .......... .......... .......... 18%  186M 2s
 19100K .......... .......... .......... .......... .......... 18%  160M 2s
 19150K .......... .......... .......... .......... .......... 19%  186M 2s
 19200K .......... .......... .......... .......... .......... 19%  163M 2s
 19250K .......... .......... .......... .......... .......... 19%  181M 2s
 19300K .......... .......... .......... .......... .......... 19%  185M 2s
 19350K .......... .......... .......... .......... .......... 19%  162M 2s
 19400K .......... .......... .......... .......... .......... 19%  184M 2s
 19450K .......... .......... .......... .......... .......... 19%  161M 2s
 19500K .......... .......... .......... .......... .......... 19%  183M 2s
 19550K .......... .......... .......... .......... .......... 19%  188M 2s
 19600K .......... .......... .......... .......... .......... 19%  160M 2s
 19650K .......... .......... .......... .......... .......... 19%  180M 2s
 19700K .......... .......... .......... .......... .......... 19%  157M 2s
 19750K .......... .......... .......... .......... .......... 19%  182M 2s
 19800K .......... .......... .......... .......... .......... 19%  181M 2s
 19850K .......... .......... .......... .......... .......... 19%  161M 2s
 19900K .......... .......... .......... .......... .......... 19%  182M 2s
 19950K .......... .......... .......... .......... .......... 19%  162M 2s
 20000K .......... .......... .......... .......... .......... 19%  182M 2s
 20050K .......... .......... .......... .......... .......... 19%  189M 2s
 20100K .......... .......... .......... .......... .......... 19%  160M 2s
 20150K .......... .......... .......... .......... .......... 20%  183M 2s
 20200K .......... .......... .......... .......... .......... 20%  161M 2s
 20250K .......... .......... .......... .......... .......... 20%  191M 2s
 20300K .......... .......... .......... .......... .......... 20%  203M 2s
 20350K .......... .......... .......... .......... .......... 20%  164M 2s
 20400K .......... .......... .......... .......... .......... 20%  185M 2s
 20450K .......... .......... .......... .......... .......... 20%  162M 2s
 20500K .......... .......... .......... .......... .......... 20%  185M 2s
 20550K .......... .......... .......... .......... .......... 20%  181M 2s
 20600K .......... .......... .......... .......... .......... 20%  156M 2s
 20650K .......... .......... .......... .......... .......... 20%  186M 2s
 20700K .......... .......... .......... .......... .......... 20%  161M 2s
 20750K .......... .......... .......... .......... .......... 20%  186M 2s
 20800K .......... .......... .......... .......... .......... 20%  184M 2s
 20850K .......... .......... .......... .......... .......... 20%  161M 2s
 20900K .......... .......... .......... .......... .......... 20%  184M 2s
 20950K .......... .......... .......... .......... .......... 20%  157M 2s
 21000K .......... .......... .......... .......... .......... 20%  184M 2s
 21050K .......... .......... .......... .......... .......... 20%  186M 2s
 21100K .......... .......... .......... .......... .......... 20%  168M 2s
 21150K .......... .......... .......... .......... .......... 21%  208M 2s
 21200K .......... .......... .......... .......... .......... 21%  172M 2s
 21250K .......... .......... .......... .......... .......... 21%  183M 2s
 21300K .......... .......... .......... .......... .......... 21%  182M 2s
 21350K .......... .......... .......... .......... .......... 21%  160M 2s
 21400K .......... .......... .......... .......... .......... 21%  183M 2s
 21450K .......... .......... .......... .......... .......... 21%  158M 2s
 21500K .......... .......... .......... .......... .......... 21%  181M 2s
 21550K .......... .......... .......... .......... .......... 21%  187M 2s
 21600K .......... .......... .......... .......... .......... 21%  159M 2s
 21650K .......... .......... .......... .......... .......... 21%  182M 2s
 21700K .......... .......... .......... .......... .......... 21%  161M 2s
 21750K .......... .......... .......... .......... .......... 21%  185M 2s
 21800K .......... .......... .......... .......... .......... 21%  186M 2s
 21850K .......... .......... .......... .......... .......... 21%  163M 2s
 21900K .......... .......... .......... .......... .......... 21%  184M 2s
 21950K .......... .......... .......... .......... .......... 21%  162M 2s
 22000K .......... .......... .......... .......... .......... 21%  181M 2s
 22050K .......... .......... .......... .......... .......... 21%  183M 2s
 22100K .......... .......... .......... .......... .......... 21%  157M 2s
 22150K .......... .......... .......... .......... .......... 22%  180M 2s
 22200K .......... .......... .......... .......... .......... 22%  161M 2s
 22250K .......... .......... .......... .......... .......... 22%  179M 2s
 22300K .......... .......... .......... .......... .......... 22%  181M 2s
 22350K .......... .......... .......... .......... .......... 22%  159M 2s
 22400K .......... .......... .......... .......... .......... 22%  183M 2s
 22450K .......... .......... .......... .......... .......... 22%  159M 2s
 22500K .......... .......... .......... .......... .......... 22%  175M 2s
 22550K .......... .......... .......... .......... .......... 22%  181M 2s
 22600K .......... .......... .......... .......... .......... 22%  157M 2s
 22650K .......... .......... .......... .......... .......... 22%  177M 2s
 22700K .......... .......... .......... .......... .......... 22%  159M 2s
 22750K .......... .......... .......... .......... .......... 22%  183M 2s
 22800K .......... .......... .......... .......... .......... 22%  181M 2s
 22850K .......... .......... .......... .......... .......... 22%  159M 2s
 22900K .......... .......... .......... .......... .......... 22%  182M 2s
 22950K .......... .......... .......... .......... .......... 22%  161M 2s
 23000K .......... .......... .......... .......... .......... 22%  180M 2s
 23050K .......... .......... .......... .......... .......... 22%  183M 2s
 23100K .......... .......... .......... .......... .......... 22%  159M 2s
 23150K .......... .......... .......... .......... .......... 22%  182M 2s
 23200K .......... .......... .......... .......... .......... 23%  159M 2s
 23250K .......... .......... .......... .......... .......... 23%  178M 2s
 23300K .......... .......... .......... .......... .......... 23%  183M 2s
 23350K .......... .......... .......... .......... .......... 23%  156M 2s
 23400K .......... .......... .......... .......... .......... 23%  182M 2s
 23450K .......... .......... .......... .......... .......... 23%  163M 2s
 23500K .......... .......... .......... .......... .......... 23%  181M 2s
 23550K .......... .......... .......... .......... .......... 23%  193M 2s
 23600K .......... .......... .......... .......... .......... 23%  182M 2s
 23650K .......... .......... .......... .......... .......... 23%  207M 2s
 23700K .......... .......... .......... .......... .......... 23%  169M 2s
 23750K .......... .......... .......... .......... .......... 23%  180M 2s
 23800K .......... .......... .......... .......... .......... 23%  183M 2s
 23850K .......... .......... .......... .......... .......... 23%  161M 2s
 23900K .......... .......... .......... .......... .......... 23%  182M 2s
 23950K .......... .......... .......... .......... .......... 23%  165M 2s
 24000K .......... .......... .......... .......... .......... 23%  183M 2s
 24050K .......... .......... .......... .......... .......... 23%  185M 2s
 24100K .......... .......... .......... .......... .......... 23%  160M 2s
 24150K .......... .......... .......... .......... .......... 23%  183M 2s
 24200K .......... .......... .......... .......... .......... 24%  159M 2s
 24250K .......... .......... .......... .......... .......... 24%  185M 2s
 24300K .......... .......... .......... .......... .......... 24%  182M 2s
 24350K .......... .......... .......... .......... .......... 24%  161M 2s
 24400K .......... .......... .......... .......... .......... 24%  183M 2s
 24450K .......... .......... .......... .......... .......... 24%  161M 2s
 24500K .......... .......... .......... .......... .......... 24%  184M 2s
 24550K .......... .......... .......... .......... .......... 24%  151M 2s
 24600K .......... .......... .......... .......... .......... 24%  154M 2s
 24650K .......... .......... .......... .......... .......... 24%  181M 2s
 24700K .......... .......... .......... .......... .......... 24%  159M 2s
 24750K .......... .......... .......... .......... .......... 24%  183M 2s
 24800K .......... .......... .......... .......... .......... 24%  187M 2s
 24850K .......... .......... .......... .......... .......... 24%  161M 2s
 24900K .......... .......... .......... .......... .......... 24%  192M 2s
 24950K .......... .......... .......... .......... .......... 24%  171M 2s
 25000K .......... .......... .......... .......... .......... 24%  192M 2s
 25050K .......... .......... .......... .......... .......... 24%  187M 2s
 25100K .......... .......... .......... .......... .......... 24%  167M 2s
 25150K .......... .......... .......... .......... .......... 24%  192M 2s
 25200K .......... .......... .......... .......... .......... 25%  166M 2s
 25250K .......... .......... .......... .......... .......... 25%  196M 2s
 25300K .......... .......... .......... .......... .......... 25%  194M 2s
 25350K .......... .......... .......... .......... .......... 25%  164M 2s
 25400K .......... .......... .......... .......... .......... 25%  191M 2s
 25450K .......... .......... .......... .......... .......... 25%  169M 2s
 25500K .......... .......... .......... .......... .......... 25%  193M 2s
 25550K .......... .......... .......... .......... .......... 25%  192M 2s
 25600K .......... .......... .......... .......... .......... 25%  166M 2s
 25650K .......... .......... .......... .......... .......... 25%  183M 1s
 25700K .......... .......... .......... .......... .......... 25%  164M 1s
 25750K .......... .......... .......... .......... .......... 25%  195M 1s
 25800K .......... .......... .......... .......... .......... 25%  196M 1s
 25850K .......... .......... .......... .......... .......... 25%  166M 1s
 25900K .......... .......... .......... .......... .......... 25%  192M 1s
 25950K .......... .......... .......... .......... .......... 25%  170M 1s
 26000K .......... .......... .......... .......... .......... 25%  192M 1s
 26050K .......... .......... .......... .......... .......... 25%  190M 1s
 26100K .......... .......... .......... .......... .......... 25%  162M 1s
 26150K .......... .......... .......... .......... .......... 25%  194M 1s
 26200K .......... .......... .......... .......... .......... 26%  167M 1s
 26250K .......... .......... .......... .......... .......... 26%  193M 1s
 26300K .......... .......... .......... .......... .......... 26%  190M 1s
 26350K .......... .......... .......... .......... .......... 26%  167M 1s
 26400K .......... .......... .......... .......... .......... 26%  195M 1s
 26450K .......... .......... .......... .......... .......... 26%  162M 1s
 26500K .......... .......... .......... .......... .......... 26%  191M 1s
 26550K .......... .......... .......... .......... .......... 26%  192M 1s
 26600K .......... .......... .......... .......... .......... 26%  168M 1s
 26650K .......... .......... .......... .......... .......... 26%  183M 1s
 26700K .......... .......... .......... .......... .......... 26%  168M 1s
 26750K .......... .......... .......... .......... .......... 26%  193M 1s
 26800K .......... .......... .......... .......... .......... 26%  184M 1s
 26850K .......... .......... .......... .......... .......... 26%  162M 1s
 26900K .......... .......... .......... .......... .......... 26%  188M 1s
 26950K .......... .......... .......... .......... .......... 26%  163M 1s
 27000K .......... .......... .......... .......... .......... 26%  190M 1s
 27050K .......... .......... .......... .......... .......... 26%  191M 1s
 27100K .......... .......... .......... .......... .......... 26%  166M 1s
 27150K .......... .......... .......... .......... .......... 26%  191M 1s
 27200K .......... .......... .......... .......... .......... 27%  168M 1s
 27250K .......... .......... .......... .......... .......... 27%  191M 1s
 27300K .......... .......... .......... .......... .......... 27%  194M 1s
 27350K .......... .......... .......... .......... .......... 27%  162M 1s
 27400K .......... .......... .......... .......... .......... 27%  179M 1s
 27450K .......... .......... .......... .......... .......... 27%  161M 1s
 27500K .......... .......... .......... .......... .......... 27%  183M 1s
 27550K .......... .......... .......... .......... .......... 27%  181M 1s
 27600K .......... .......... .......... .......... .......... 27%  158M 1s
 27650K .......... .......... .......... .......... .......... 27%  183M 1s
 27700K .......... .......... .......... .......... .......... 27%  159M 1s
 27750K .......... .......... .......... .......... .......... 27%  183M 1s
 27800K .......... .......... .......... .......... .......... 27%  183M 1s
 27850K .......... .......... .......... .......... .......... 27%  160M 1s
 27900K .......... .......... .......... .......... .......... 27%  178M 1s
 27950K .......... .......... .......... .......... .......... 27%  161M 1s
 28000K .......... .......... .......... .......... .......... 27%  182M 1s
 28050K .......... .......... .......... .......... .......... 27%  182M 1s
 28100K .......... .......... .......... .......... .......... 27%  160M 1s
 28150K .......... .......... .......... .......... .......... 27%  183M 1s
 28200K .......... .......... .......... .......... .......... 28%  161M 1s
 28250K .......... .......... .......... .......... .......... 28%  179M 1s
 28300K .......... .......... .......... .......... .......... 28%  180M 1s
 28350K .......... .......... .......... .......... .......... 28%  158M 1s
 28400K .......... .......... .......... .......... .......... 28%  181M 1s
 28450K .......... .......... .......... .......... .......... 28%  160M 1s
 28500K .......... .......... .......... .......... .......... 28%  186M 1s
 28550K .......... .......... .......... .......... .......... 28%  186M 1s
 28600K .......... .......... .......... .......... .......... 28%  157M 1s
 28650K .......... .......... .......... .......... .......... 28%  185M 1s
 28700K .......... .......... .......... .......... .......... 28%  162M 1s
 28750K .......... .......... .......... .......... .......... 28%  186M 1s
 28800K .......... .......... .......... .......... .......... 28%  180M 1s
 28850K .......... .......... .......... .......... .......... 28%  159M 1s
 28900K .......... .......... .......... .......... .......... 28%  177M 1s
 28950K .......... .......... .......... .......... .......... 28%  161M 1s
 29000K .......... .......... .......... .......... .......... 28%  185M 1s
 29050K .......... .......... .......... .......... .......... 28%  184M 1s
 29100K .......... .......... .......... .......... .......... 28%  160M 1s
 29150K .......... .......... .......... .......... .......... 28%  181M 1s
 29200K .......... .......... .......... .......... .......... 28%  161M 1s
 29250K .......... .......... .......... .......... .......... 29%  189M 1s
 29300K .......... .......... .......... .......... .......... 29%  185M 1s
 29350K .......... .......... .......... .......... .......... 29%  160M 1s
 29400K .......... .......... .......... .......... .......... 29%  185M 1s
 29450K .......... .......... .......... .......... .......... 29%  163M 1s
 29500K .......... .......... .......... .......... .......... 29%  183M 1s
 29550K .......... .......... .......... .......... .......... 29%  185M 1s
 29600K .......... .......... .......... .......... .......... 29%  160M 1s
 29650K .......... .......... .......... .......... .......... 29%  180M 1s
 29700K .......... .......... .......... .......... .......... 29%  156M 1s
 29750K .......... .......... .......... .......... .......... 29%  184M 1s
 29800K .......... .......... .......... .......... .......... 29%  180M 1s
 29850K .......... .......... .......... .......... .......... 29%  158M 1s
 29900K .......... .......... .......... .......... .......... 29%  184M 1s
 29950K .......... .......... .......... .......... .......... 29%  161M 1s
 30000K .......... .......... .......... .......... .......... 29%  179M 1s
 30050K .......... .......... .......... .......... .......... 29%  182M 1s
 30100K .......... .......... .......... .......... .......... 29%  159M 1s
 30150K .......... .......... .......... .......... .......... 29%  181M 1s
 30200K .......... .......... .......... .......... .......... 29%  159M 1s
 30250K .......... .......... .......... .......... .......... 30%  181M 1s
 30300K .......... .......... .......... .......... .......... 30%  181M 1s
 30350K .......... .......... .......... .......... .......... 30%  159M 1s
 30400K .......... .......... .......... .......... .......... 30%  179M 1s
 30450K .......... .......... .......... .......... .......... 30%  160M 1s
 30500K .......... .......... .......... .......... .......... 30%  186M 1s
 30550K .......... .......... .......... .......... .......... 30%  183M 1s
 30600K .......... .......... .......... .......... .......... 30%  162M 1s
 30650K .......... .......... .......... .......... .......... 30%  181M 1s
 30700K .......... .......... .......... .......... .......... 30%  161M 1s
 30750K .......... .......... .......... .......... .......... 30%  179M 1s
 30800K .......... .......... .......... .......... .......... 30%  182M 1s
 30850K .......... .......... .......... .......... .......... 30%  156M 1s
 30900K .......... .......... .......... .......... .......... 30%  181M 1s
 30950K .......... .......... .......... .......... .......... 30%  160M 1s
 31000K .......... .......... .......... .......... .......... 30%  183M 1s
 31050K .......... .......... .......... .......... .......... 30%  180M 1s
 31100K .......... .......... .......... .......... .......... 30%  157M 1s
 31150K .......... .......... .......... .......... .......... 30%  182M 1s
 31200K .......... .......... .......... .......... .......... 30%  158M 1s
 31250K .......... .......... .......... .......... .......... 31%  179M 1s
 31300K .......... .......... .......... .......... .......... 31%  180M 1s
 31350K .......... .......... .......... .......... .......... 31%  159M 1s
 31400K .......... .......... .......... .......... .......... 31%  182M 1s
 31450K .......... .......... .......... .......... .......... 31%  156M 1s
 31500K .......... .......... .......... .......... .......... 31%  181M 1s
 31550K .......... .......... .......... .......... .......... 31%  181M 1s
 31600K .......... .......... .......... .......... .......... 31%  156M 1s
 31650K .......... .......... .......... .......... .......... 31%  178M 1s
 31700K .......... .......... .......... .......... .......... 31%  155M 1s
 31750K .......... .......... .......... .......... .......... 31%  183M 1s
 31800K .......... .......... .......... .......... .......... 31%  172M 1s
 31850K .......... .......... .......... .......... .......... 31%  149M 1s
 31900K .......... .......... .......... .......... .......... 31%  166M 1s
 31950K .......... .......... .......... .......... .......... 31%  145M 1s
 32000K .......... .......... .......... .......... .......... 31%  171M 1s
 32050K .......... .......... .......... .......... .......... 31%  175M 1s
 32100K .......... .......... .......... .......... .......... 31%  156M 1s
 32150K .......... .......... .......... .......... .......... 31%  182M 1s
 32200K .......... .......... .......... .......... .......... 31%  157M 1s
 32250K .......... .......... .......... .......... .......... 32%  182M 1s
 32300K .......... .......... .......... .......... .......... 32%  178M 1s
 32350K .......... .......... .......... .......... .......... 32%  157M 1s
 32400K .......... .......... .......... .......... .......... 32%  181M 1s
 32450K .......... .......... .......... .......... .......... 32%  156M 1s
 32500K .......... .......... .......... .......... .......... 32%  168M 1s
 32550K .......... .......... .......... .......... .......... 32%  181M 1s
 32600K .......... .......... .......... .......... .......... 32%  158M 1s
 32650K .......... .......... .......... .......... .......... 32%  178M 1s
 32700K .......... .......... .......... .......... .......... 32%  158M 1s
 32750K .......... .......... .......... .......... .......... 32%  150M 1s
 32800K .......... .......... .......... .......... .......... 32%  174M 1s
 32850K .......... .......... .......... .......... .......... 32%  155M 1s
 32900K .......... .......... .......... .......... .......... 32%  179M 1s
 32950K .......... .......... .......... .......... .......... 32%  158M 1s
 33000K .......... .......... .......... .......... .......... 32%  184M 1s
 33050K .......... .......... .......... .......... .......... 32%  178M 1s
 33100K .......... .......... .......... .......... .......... 32%  158M 1s
 33150K .......... .......... .......... .......... .......... 32%  181M 1s
 33200K .......... .......... .......... .......... .......... 32%  162M 1s
 33250K .......... .......... .......... .......... .......... 33%  181M 1s
 33300K .......... .......... .......... .......... .......... 33%  183M 1s
 33350K .......... .......... .......... .......... .......... 33%  157M 1s
 33400K .......... .......... .......... .......... .......... 33%  182M 1s
 33450K .......... .......... .......... .......... .......... 33%  160M 1s
 33500K .......... .......... .......... .......... .......... 33%  182M 1s
 33550K .......... .......... .......... .......... .......... 33%  175M 1s
 33600K .......... .......... .......... .......... .......... 33%  156M 1s
 33650K .......... .......... .......... .......... .......... 33%  177M 1s
 33700K .......... .......... .......... .......... .......... 33%  157M 1s
 33750K .......... .......... .......... .......... .......... 33%  178M 1s
 33800K .......... .......... .......... .......... .......... 33%  179M 1s
 33850K .......... .......... .......... .......... .......... 33%  154M 1s
 33900K .......... .......... .......... .......... .......... 33%  178M 1s
 33950K .......... .......... .......... .......... .......... 33%  159M 1s
 34000K .......... .......... .......... .......... .......... 33%  178M 1s
 34050K .......... .......... .......... .......... .......... 33%  176M 1s
 34100K .......... .......... .......... .......... .......... 33%  159M 1s
 34150K .......... .......... .......... .......... .......... 33%  177M 1s
 34200K .......... .......... .......... .......... .......... 33%  157M 1s
 34250K .......... .......... .......... .......... .......... 33%  182M 1s
 34300K .......... .......... .......... .......... .......... 34%  182M 1s
 34350K .......... .......... .......... .......... .......... 34%  155M 1s
 34400K .......... .......... .......... .......... .......... 34%  179M 1s
 34450K .......... .......... .......... .......... .......... 34%  160M 1s
 34500K .......... .......... .......... .......... .......... 34%  181M 1s
 34550K .......... .......... .......... .......... .......... 34%  180M 1s
 34600K .......... .......... .......... .......... .......... 34%  157M 1s
 34650K .......... .......... .......... .......... .......... 34%  182M 1s
 34700K .......... .......... .......... .......... .......... 34%  154M 1s
 34750K .......... .......... .......... .......... .......... 34%  180M 1s
 34800K .......... .......... .......... .......... .......... 34%  181M 1s
 34850K .......... .......... .......... .......... .......... 34%  158M 1s
 34900K .......... .......... .......... .......... .......... 34%  179M 1s
 34950K .......... .......... .......... .......... .......... 34%  159M 1s
 35000K .......... .......... .......... .......... .......... 34%  182M 1s
 35050K .......... .......... .......... .......... .......... 34%  179M 1s
 35100K .......... .......... .......... .......... .......... 34%  157M 1s
 35150K .......... .......... .......... .......... .......... 34%  180M 1s
 35200K .......... .......... .......... .......... .......... 34%  159M 1s
 35250K .......... .......... .......... .......... .......... 34%  181M 1s
 35300K .......... .......... .......... .......... .......... 35%  183M 1s
 35350K .......... .......... .......... .......... .......... 35%  159M 1s
 35400K .......... .......... .......... .......... .......... 35%  183M 1s
 35450K .......... .......... .......... .......... .......... 35%  161M 1s
 35500K .......... .......... .......... .......... .......... 35%  180M 1s
 35550K .......... .......... .......... .......... .......... 35%  181M 1s
 35600K .......... .......... .......... .......... .......... 35%  158M 1s
 35650K .......... .......... .......... .......... .......... 35%  182M 1s
 35700K .......... .......... .......... .......... .......... 35%  159M 1s
 35750K .......... .......... .......... .......... .......... 35%  183M 1s
 35800K .......... .......... .......... .......... .......... 35%  180M 1s
 35850K .......... .......... .......... .......... .......... 35%  158M 1s
 35900K .......... .......... .......... .......... .......... 35%  185M 1s
 35950K .......... .......... .......... .......... .......... 35%  157M 1s
 36000K .......... .......... .......... .......... .......... 35%  186M 1s
 36050K .......... .......... .......... .......... .......... 35%  183M 1s
 36100K .......... .......... .......... .......... .......... 35%  157M 1s
 36150K .......... .......... .......... .......... .......... 35%  182M 1s
 36200K .......... .......... .......... .......... .......... 35%  161M 1s
 36250K .......... .......... .......... .......... .......... 35%  182M 1s
 36300K .......... .......... .......... .......... .......... 36%  180M 1s
 36350K .......... .......... .......... .......... .......... 36%  158M 1s
 36400K .......... .......... .......... .......... .......... 36%  181M 1s
 36450K .......... .......... .......... .......... .......... 36%  159M 1s
 36500K .......... .......... .......... .......... .......... 36%  181M 1s
 36550K .......... .......... .......... .......... .......... 36%  183M 1s
 36600K .......... .......... .......... .......... .......... 36%  158M 1s
 36650K .......... .......... .......... .......... .......... 36%  181M 1s
 36700K .......... .......... .......... .......... .......... 36%  160M 1s
 36750K .......... .......... .......... .......... .......... 36%  181M 1s
 36800K .......... .......... .......... .......... .......... 36%  183M 1s
 36850K .......... .......... .......... .......... .......... 36% 1.35M 1s
 36900K .......... .......... .......... .......... .......... 36%  176M 1s
 36950K .......... .......... .......... .......... .......... 36%  155M 1s
 37000K .......... .......... .......... .......... .......... 36%  180M 1s
 37050K .......... .......... .......... .......... .......... 36%  174M 1s
 37100K .......... .......... .......... .......... .......... 36%  156M 1s
 37150K .......... .......... .......... .......... .......... 36%  184M 1s
 37200K .......... .......... .......... .......... .......... 36%  157M 1s
 37250K .......... .......... .......... .......... .......... 36%  181M 1s
 37300K .......... .......... .......... .......... .......... 37%  180M 1s
 37350K .......... .......... .......... .......... .......... 37%  157M 1s
 37400K .......... .......... .......... .......... .......... 37%  180M 1s
 37450K .......... .......... .......... .......... .......... 37%  157M 1s
 37500K .......... .......... .......... .......... .......... 37%  180M 1s
 37550K .......... .......... .......... .......... .......... 37%  180M 1s
 37600K .......... .......... .......... .......... .......... 37%  156M 1s
 37650K .......... .......... .......... .......... .......... 37%  181M 1s
 37700K .......... .......... .......... .......... .......... 37%  161M 1s
 37750K .......... .......... .......... .......... .......... 37%  177M 1s
 37800K .......... .......... .......... .......... .......... 37%  179M 1s
 37850K .......... .......... .......... .......... .......... 37%  159M 1s
 37900K .......... .......... .......... .......... .......... 37%  181M 1s
 37950K .......... .......... .......... .......... .......... 37%  159M 1s
 38000K .......... .......... .......... .......... .......... 37%  185M 1s
 38050K .......... .......... .......... .......... .......... 37%  181M 1s
 38100K .......... .......... .......... .......... .......... 37%  160M 1s
 38150K .......... .......... .......... .......... .......... 37%  184M 1s
 38200K .......... .......... .......... .......... .......... 37%  160M 1s
 38250K .......... .......... .......... .......... .......... 37%  184M 1s
 38300K .......... .......... .......... .......... .......... 38%  186M 1s
 38350K .......... .......... .......... .......... .......... 38%  159M 1s
 38400K .......... .......... .......... .......... .......... 38%  181M 1s
 38450K .......... .......... .......... .......... .......... 38%  159M 1s
 38500K .......... .......... .......... .......... .......... 38%  179M 1s
 38550K .......... .......... .......... .......... .......... 38%  179M 1s
 38600K .......... .......... .......... .......... .......... 38%  153M 1s
 38650K .......... .......... .......... .......... .......... 38%  180M 1s
 38700K .......... .......... .......... .......... .......... 38%  158M 1s
 38750K .......... .......... .......... .......... .......... 38%  184M 1s
 38800K .......... .......... .......... .......... .......... 38%  177M 1s
 38850K .......... .......... .......... .......... .......... 38%  151M 1s
 38900K .......... .......... .......... .......... .......... 38%  176M 1s
 38950K .......... .......... .......... .......... .......... 38%  155M 1s
 39000K .......... .......... .......... .......... .......... 38%  178M 1s
 39050K .......... .......... .......... .......... .......... 38%  177M 1s
 39100K .......... .......... .......... .......... .......... 38%  157M 1s
 39150K .......... .......... .......... .......... .......... 38%  205M 1s
 39200K .......... .......... .......... .......... .......... 38%  182M 1s
 39250K .......... .......... .......... .......... .......... 38%  187M 1s
 39300K .......... .......... .......... .......... .......... 39%  177M 1s
 39350K .......... .......... .......... .......... .......... 39%  155M 1s
 39400K .......... .......... .......... .......... .......... 39%  178M 1s
 39450K .......... .......... .......... .......... .......... 39%  154M 1s
 39500K .......... .......... .......... .......... .......... 39%  179M 1s
 39550K .......... .......... .......... .......... .......... 39%  177M 1s
 39600K .......... .......... .......... .......... .......... 39%  159M 1s
 39650K .......... .......... .......... .......... .......... 39%  178M 1s
 39700K .......... .......... .......... .......... .......... 39%  161M 1s
 39750K .......... .......... .......... .......... .......... 39%  184M 1s
 39800K .......... .......... .......... .......... .......... 39%  182M 1s
 39850K .......... .......... .......... .......... .......... 39%  158M 1s
 39900K .......... .......... .......... .......... .......... 39%  183M 1s
 39950K .......... .......... .......... .......... .......... 39%  161M 1s
 40000K .......... .......... .......... .......... .......... 39%  181M 1s
 40050K .......... .......... .......... .......... .......... 39%  187M 1s
 40100K .......... .......... .......... .......... .......... 39%  158M 1s
 40150K .......... .......... .......... .......... .......... 39%  184M 1s
 40200K .......... .......... .......... .......... .......... 39%  160M 1s
 40250K .......... .......... .......... .......... .......... 39%  184M 1s
 40300K .......... .......... .......... .......... .......... 39%  186M 1s
 40350K .......... .......... .......... .......... .......... 40%  157M 1s
 40400K .......... .......... .......... .......... .......... 40%  186M 1s
 40450K .......... .......... .......... .......... .......... 40%  160M 1s
 40500K .......... .......... .......... .......... .......... 40%  183M 1s
 40550K .......... .......... .......... .......... .......... 40%  181M 1s
 40600K .......... .......... .......... .......... .......... 40%  159M 1s
 40650K .......... .......... .......... .......... .......... 40%  184M 1s
 40700K .......... .......... .......... .......... .......... 40%  160M 1s
 40750K .......... .......... .......... .......... .......... 40%  182M 1s
 40800K .......... .......... .......... .......... .......... 40%  186M 1s
 40850K .......... .......... .......... .......... .......... 40%  160M 1s
 40900K .......... .......... .......... .......... .......... 40%  181M 1s
 40950K .......... .......... .......... .......... .......... 40%  322K 1s
 41000K .......... .......... .......... .......... .......... 40%  176M 1s
 41050K .......... .......... .......... .......... .......... 40%  179M 1s
 41100K .......... .......... .......... .......... .......... 40%  154M 1s
 41150K .......... .......... .......... .......... .......... 40%  184M 1s
 41200K .......... .......... .......... .......... .......... 40%  157M 1s
 41250K .......... .......... .......... .......... .......... 40%  180M 1s
 41300K .......... .......... .......... .......... .......... 40%  181M 1s
 41350K .......... .......... .......... .......... .......... 41%  154M 1s
 41400K .......... .......... .......... .......... .......... 41%  182M 1s
 41450K .......... .......... .......... .......... .......... 41%  158M 1s
 41500K .......... .......... .......... .......... .......... 41%  180M 1s
 41550K .......... .......... .......... .......... .......... 41%  183M 1s
 41600K .......... .......... .......... .......... .......... 41%  155M 1s
 41650K .......... .......... .......... .......... .......... 41%  182M 1s
 41700K .......... .......... .......... .......... .......... 41%  160M 1s
 41750K .......... .......... .......... .......... .......... 41%  178M 1s
 41800K .......... .......... .......... .......... .......... 41%  184M 1s
 41850K .......... .......... .......... .......... .......... 41%  158M 1s
 41900K .......... .......... .......... .......... .......... 41%  185M 1s
 41950K .......... .......... .......... .......... .......... 41%  158M 1s
 42000K .......... .......... .......... .......... .......... 41%  182M 1s
 42050K .......... .......... .......... .......... .......... 41%  186M 1s
 42100K .......... .......... .......... .......... .......... 41%  159M 1s
 42150K .......... .......... .......... .......... .......... 41%  184M 1s
 42200K .......... .......... .......... .......... .......... 41%  162M 1s
 42250K .......... .......... .......... .......... .......... 41%  187M 1s
 42300K .......... .......... .......... .......... .......... 41%  184M 1s
 42350K .......... .......... .......... .......... .......... 42%  162M 1s
 42400K .......... .......... .......... .......... .......... 42%  186M 1s
 42450K .......... .......... .......... .......... .......... 42%  162M 1s
 42500K .......... .......... .......... .......... .......... 42%  184M 1s
 42550K .......... .......... .......... .......... .......... 42%  185M 1s
 42600K .......... .......... .......... .......... .......... 42%  159M 1s
 42650K .......... .......... .......... .......... .......... 42%  183M 1s
 42700K .......... .......... .......... .......... .......... 42%  161M 1s
 42750K .......... .......... .......... .......... .......... 42%  183M 1s
 42800K .......... .......... .......... .......... .......... 42%  185M 1s
 42850K .......... .......... .......... .......... .......... 42%  157M 1s
 42900K .......... .......... .......... .......... .......... 42%  183M 1s
 42950K .......... .......... .......... .......... .......... 42%  161M 1s
 43000K .......... .......... .......... .......... .......... 42%  179M 1s
 43050K .......... .......... .......... .......... .......... 42%  180M 1s
 43100K .......... .......... .......... .......... .......... 42%  157M 1s
 43150K .......... .......... .......... .......... .......... 42%  183M 1s
 43200K .......... .......... .......... .......... .......... 42%  157M 1s
 43250K .......... .......... .......... .......... .......... 42%  187M 1s
 43300K .......... .......... .......... .......... .......... 42%  186M 1s
 43350K .......... .......... .......... .......... .......... 43%  158M 1s
 43400K .......... .......... .......... .......... .......... 43%  188M 1s
 43450K .......... .......... .......... .......... .......... 43%  163M 1s
 43500K .......... .......... .......... .......... .......... 43%  183M 1s
 43550K .......... .......... .......... .......... .......... 43%  183M 1s
 43600K .......... .......... .......... .......... .......... 43%  161M 1s
 43650K .......... .......... .......... .......... .......... 43%  182M 1s
 43700K .......... .......... .......... .......... .......... 43%  160M 1s
 43750K .......... .......... .......... .......... .......... 43%  185M 1s
 43800K .......... .......... .......... .......... .......... 43%  181M 1s
 43850K .......... .......... .......... .......... .......... 43%  158M 1s
 43900K .......... .......... .......... .......... .......... 43%  181M 1s
 43950K .......... .......... .......... .......... .......... 43%  161M 1s
 44000K .......... .......... .......... .......... .......... 43%  184M 1s
 44050K .......... .......... .......... .......... .......... 43%  169M 1s
 44100K .......... .......... .......... .......... .......... 43%  158M 1s
 44150K .......... .......... .......... .......... .......... 43%  185M 1s
 44200K .......... .......... .......... .......... .......... 43%  165M 1s
 44250K .......... .......... .......... .......... .......... 43%  183M 1s
 44300K .......... .......... .......... .......... .......... 43%  182M 1s
 44350K .......... .......... .......... .......... .......... 44%  159M 1s
 44400K .......... .......... .......... .......... .......... 44%  180M 1s
 44450K .......... .......... .......... .......... .......... 44%  159M 1s
 44500K .......... .......... .......... .......... .......... 44%  183M 1s
 44550K .......... .......... .......... .......... .......... 44%  184M 1s
 44600K .......... .......... .......... .......... .......... 44%  159M 1s
 44650K .......... .......... .......... .......... .......... 44%  178M 1s
 44700K .......... .......... .......... .......... .......... 44%  160M 1s
 44750K .......... .......... .......... .......... .......... 44%  176M 1s
 44800K .......... .......... .......... .......... .......... 44%  183M 1s
 44850K .......... .......... .......... .......... .......... 44%  159M 1s
 44900K .......... .......... .......... .......... .......... 44%  180M 1s
 44950K .......... .......... .......... .......... .......... 44%  158M 1s
 45000K .......... .......... .......... .......... .......... 44%  180M 1s
 45050K .......... .......... .......... .......... .......... 44%  181M 1s
 45100K .......... .......... .......... .......... .......... 44%  156M 1s
 45150K .......... .......... .......... .......... .......... 44%  185M 1s
 45200K .......... .......... .......... .......... .......... 44%  158M 1s
 45250K .......... .......... .......... .......... .......... 44%  182M 1s
 45300K .......... .......... .......... .......... .......... 44%  180M 1s
 45350K .......... .......... .......... .......... .......... 45%  158M 1s
 45400K .......... .......... .......... .......... .......... 45%  184M 1s
 45450K .......... .......... .......... .......... .......... 45%  158M 1s
 45500K .......... .......... .......... .......... .......... 45%  181M 1s
 45550K .......... .......... .......... .......... .......... 45%  186M 1s
 45600K .......... .......... .......... .......... .......... 45%  157M 1s
 45650K .......... .......... .......... .......... .......... 45%  180M 1s
 45700K .......... .......... .......... .......... .......... 45%  161M 1s
 45750K .......... .......... .......... .......... .......... 45%  183M 1s
 45800K .......... .......... .......... .......... .......... 45%  186M 1s
 45850K .......... .......... .......... .......... .......... 45%  159M 1s
 45900K .......... .......... .......... .......... .......... 45%  182M 1s
 45950K .......... .......... .......... .......... .......... 45%  162M 1s
 46000K .......... .......... .......... .......... .......... 45%  181M 1s
 46050K .......... .......... .......... .......... .......... 45%  185M 1s
 46100K .......... .......... .......... .......... .......... 45%  158M 1s
 46150K .......... .......... .......... .......... .......... 45%  185M 1s
 46200K .......... .......... .......... .......... .......... 45%  161M 1s
 46250K .......... .......... .......... .......... .......... 45%  182M 1s
 46300K .......... .......... .......... .......... .......... 45%  182M 1s
 46350K .......... .......... .......... .......... .......... 45%  159M 1s
 46400K .......... .......... .......... .......... .......... 46%  184M 1s
 46450K .......... .......... .......... .......... .......... 46%  163M 1s
 46500K .......... .......... .......... .......... .......... 46%  184M 1s
 46550K .......... .......... .......... .......... .......... 46%  181M 1s
 46600K .......... .......... .......... .......... .......... 46%  157M 1s
 46650K .......... .......... .......... .......... .......... 46%  182M 1s
 46700K .......... .......... .......... .......... .......... 46%  162M 1s
 46750K .......... .......... .......... .......... .......... 46%  184M 1s
 46800K .......... .......... .......... .......... .......... 46%  184M 1s
 46850K .......... .......... .......... .......... .......... 46%  159M 1s
 46900K .......... .......... .......... .......... .......... 46%  189M 1s
 46950K .......... .......... .......... .......... .......... 46%  165M 1s
 47000K .......... .......... .......... .......... .......... 46%  187M 1s
 47050K .......... .......... .......... .......... .......... 46%  180M 1s
 47100K .......... .......... .......... .......... .......... 46%  158M 1s
 47150K .......... .......... .......... .......... .......... 46%  179M 1s
 47200K .......... .......... .......... .......... .......... 46%  162M 1s
 47250K .......... .......... .......... .......... .......... 46%  184M 1s
 47300K .......... .......... .......... .......... .......... 46%  183M 1s
 47350K .......... .......... .......... .......... .......... 46%  159M 1s
 47400K .......... .......... .......... .......... .......... 47%  183M 1s
 47450K .......... .......... .......... .......... .......... 47%  160M 1s
 47500K .......... .......... .......... .......... .......... 47%  187M 1s
 47550K .......... .......... .......... .......... .......... 47%  186M 1s
 47600K .......... .......... .......... .......... .......... 47%  160M 1s
 47650K .......... .......... .......... .......... .......... 47%  181M 1s
 47700K .......... .......... .......... .......... .......... 47%  159M 1s
 47750K .......... .......... .......... .......... .......... 47%  183M 1s
 47800K .......... .......... .......... .......... .......... 47%  182M 1s
 47850K .......... .......... .......... .......... .......... 47%  158M 1s
 47900K .......... .......... .......... .......... .......... 47%  180M 1s
 47950K .......... .......... .......... .......... .......... 47%  156M 1s
 48000K .......... .......... .......... .......... .......... 47%  181M 1s
 48050K .......... .......... .......... .......... .......... 47%  182M 1s
 48100K .......... .......... .......... .......... .......... 47%  157M 1s
 48150K .......... .......... .......... .......... .......... 47%  181M 1s
 48200K .......... .......... .......... .......... .......... 47%  158M 1s
 48250K .......... .......... .......... .......... .......... 47%  184M 1s
 48300K .......... .......... .......... .......... .......... 47%  177M 1s
 48350K .......... .......... .......... .......... .......... 47%  155M 1s
 48400K .......... .......... .......... .......... .......... 48%  184M 1s
 48450K .......... .......... .......... .......... .......... 48%  161M 1s
 48500K .......... .......... .......... .......... .......... 48%  183M 1s
 48550K .......... .......... .......... .......... .......... 48%  184M 1s
 48600K .......... .......... .......... .......... .......... 48%  157M 1s
 48650K .......... .......... .......... .......... .......... 48%  183M 1s
 48700K .......... .......... .......... .......... .......... 48%  159M 1s
 48750K .......... .......... .......... .......... .......... 48%  182M 1s
 48800K .......... .......... .......... .......... .......... 48%  182M 1s
 48850K .......... .......... .......... .......... .......... 48%  156M 1s
 48900K .......... .......... .......... .......... .......... 48%  186M 1s
 48950K .......... .......... .......... .......... .......... 48%  160M 1s
 49000K .......... .......... .......... .......... .......... 48%  185M 1s
 49050K .......... .......... .......... .......... .......... 48%  182M 1s
 49100K .......... .......... .......... .......... .......... 48%  157M 1s
 49150K .......... .......... .......... .......... .......... 48%  154M 1s
 49200K .......... .......... .......... .......... .......... 48%  160M 1s
 49250K .......... .......... .......... .......... .......... 48%  186M 1s
 49300K .......... .......... .......... .......... .......... 48%  182M 1s
 49350K .......... .......... .......... .......... .......... 48%  155M 1s
 49400K .......... .......... .......... .......... .......... 49%  182M 1s
 49450K .......... .......... .......... .......... .......... 49%  162M 1s
 49500K .......... .......... .......... .......... .......... 49%  187M 1s
 49550K .......... .......... .......... .......... .......... 49%  197M 1s
 49600K .......... .......... .......... .......... .......... 49%  183M 1s
 49650K .......... .......... .......... .......... .......... 49%  204M 1s
 49700K .......... .......... .......... .......... .......... 49%  160M 1s
 49750K .......... .......... .......... .......... .......... 49%  187M 1s
 49800K .......... .......... .......... .......... .......... 49%  186M 1s
 49850K .......... .......... .......... .......... .......... 49%  160M 1s
 49900K .......... .......... .......... .......... .......... 49%  180M 1s
 49950K .......... .......... .......... .......... .......... 49%  160M 1s
 50000K .......... .......... .......... .......... .......... 49%  187M 1s
 50050K .......... .......... .......... .......... .......... 49%  184M 1s
 50100K .......... .......... .......... .......... .......... 49%  158M 1s
 50150K .......... .......... .......... .......... .......... 49%  182M 1s
 50200K .......... .......... .......... .......... .......... 49%  162M 1s
 50250K .......... .......... .......... .......... .......... 49%  183M 1s
 50300K .......... .......... .......... .......... .......... 49%  183M 1s
 50350K .......... .......... .......... .......... .......... 49%  160M 1s
 50400K .......... .......... .......... .......... .......... 50%  184M 1s
 50450K .......... .......... .......... .......... .......... 50%  159M 1s
 50500K .......... .......... .......... .......... .......... 50%  183M 1s
 50550K .......... .......... .......... .......... .......... 50%  183M 1s
 50600K .......... .......... .......... .......... .......... 50%  158M 1s
 50650K .......... .......... .......... .......... .......... 50%  183M 1s
 50700K .......... .......... .......... .......... .......... 50%  160M 1s
 50750K .......... .......... .......... .......... .......... 50%  185M 1s
 50800K .......... .......... .......... .......... .......... 50%  182M 1s
 50850K .......... .......... .......... .......... .......... 50%  159M 1s
 50900K .......... .......... .......... .......... .......... 50%  184M 1s
 50950K .......... .......... .......... .......... .......... 50%  163M 1s
 51000K .......... .......... .......... .......... .......... 50%  187M 1s
 51050K .......... .......... .......... .......... .......... 50%  180M 1s
 51100K .......... .......... .......... .......... .......... 50%  159M 1s
 51150K .......... .......... .......... .......... .......... 50%  183M 1s
 51200K .......... .......... .......... .......... .......... 50%  163M 1s
 51250K .......... .......... .......... .......... .......... 50%  186M 1s
 51300K .......... .......... .......... .......... .......... 50%  183M 1s
 51350K .......... .......... .......... .......... .......... 50%  158M 1s
 51400K .......... .......... .......... .......... .......... 50%  183M 1s
 51450K .......... .......... .......... .......... .......... 51%  161M 1s
 51500K .......... .......... .......... .......... .......... 51%  183M 1s
 51550K .......... .......... .......... .......... .......... 51%  182M 1s
 51600K .......... .......... .......... .......... .......... 51%  160M 1s
 51650K .......... .......... .......... .......... .......... 51%  181M 1s
 51700K .......... .......... .......... .......... .......... 51%  158M 1s
 51750K .......... .......... .......... .......... .......... 51%  184M 1s
 51800K .......... .......... .......... .......... .......... 51%  182M 1s
 51850K .......... .......... .......... .......... .......... 51%  157M 1s
 51900K .......... .......... .......... .......... .......... 51%  183M 1s
 51950K .......... .......... .......... .......... .......... 51%  160M 1s
 52000K .......... .......... .......... .......... .......... 51%  184M 1s
 52050K .......... .......... .......... .......... .......... 51%  181M 1s
 52100K .......... .......... .......... .......... .......... 51%  159M 1s
 52150K .......... .......... .......... .......... .......... 51%  183M 1s
 52200K .......... .......... .......... .......... .......... 51%  156M 1s
 52250K .......... .......... .......... .......... .......... 51%  184M 1s
 52300K .......... .......... .......... .......... .......... 51%  182M 1s
 52350K .......... .......... .......... .......... .......... 51%  156M 1s
 52400K .......... .......... .......... .......... .......... 51%  181M 1s
 52450K .......... .......... .......... .......... .......... 52%  158M 1s
 52500K .......... .......... .......... .......... .......... 52%  181M 1s
 52550K .......... .......... .......... .......... .......... 52%  176M 1s
 52600K .......... .......... .......... .......... .......... 52%  158M 1s
 52650K .......... .......... .......... .......... .......... 52%  183M 1s
 52700K .......... .......... .......... .......... .......... 52%  157M 1s
 52750K .......... .......... .......... .......... .......... 52%  182M 1s
 52800K .......... .......... .......... .......... .......... 52%  182M 1s
 52850K .......... .......... .......... .......... .......... 52%  157M 1s
 52900K .......... .......... .......... .......... .......... 52%  176M 1s
 52950K .......... .......... .......... .......... .......... 52%  159M 1s
 53000K .......... .......... .......... .......... .......... 52%  180M 1s
 53050K .......... .......... .......... .......... .......... 52%  180M 1s
 53100K .......... .......... .......... .......... .......... 52%  154M 1s
 53150K .......... .......... .......... .......... .......... 52%  180M 1s
 53200K .......... .......... .......... .......... .......... 52%  159M 1s
 53250K .......... .......... .......... .......... .......... 52%  178M 1s
 53300K .......... .......... .......... .......... .......... 52%  179M 1s
 53350K .......... .......... .......... .......... .......... 52%  155M 1s
 53400K .......... .......... .......... .......... .......... 52%  180M 1s
 53450K .......... .......... .......... .......... .......... 53%  157M 1s
 53500K .......... .......... .......... .......... .......... 53%  181M 1s
 53550K .......... .......... .......... .......... .......... 53%  181M 1s
 53600K .......... .......... .......... .......... .......... 53%  157M 1s
 53650K .......... .......... .......... .......... .......... 53%  178M 1s
 53700K .......... .......... .......... .......... .......... 53%  157M 1s
 53750K .......... .......... .......... .......... .......... 53%  179M 1s
 53800K .......... .......... .......... .......... .......... 53%  179M 1s
 53850K .......... .......... .......... .......... .......... 53%  158M 1s
 53900K .......... .......... .......... .......... .......... 53%  179M 1s
 53950K .......... .......... .......... .......... .......... 53%  159M 1s
 54000K .......... .......... .......... .......... .......... 53%  183M 1s
 54050K .......... .......... .......... .......... .......... 53%  182M 1s
 54100K .......... .......... .......... .......... .......... 53%  161M 1s
 54150K .......... .......... .......... .......... .......... 53%  197M 1s
 54200K .......... .......... .......... .......... .......... 53%  161M 1s
 54250K .......... .......... .......... .......... .......... 53%  180M 1s
 54300K .......... .......... .......... .......... .......... 53%  182M 1s
 54350K .......... .......... .......... .......... .......... 53%  161M 1s
 54400K .......... .......... .......... .......... .......... 53%  181M 1s
 54450K .......... .......... .......... .......... .......... 54%  162M 1s
 54500K .......... .......... .......... .......... .......... 54%  184M 1s
 54550K .......... .......... .......... .......... .......... 54%  182M 1s
 54600K .......... .......... .......... .......... .......... 54%  161M 1s
 54650K .......... .......... .......... .......... .......... 54%  182M 1s
 54700K .......... .......... .......... .......... .......... 54%  159M 1s
 54750K .......... .......... .......... .......... .......... 54%  186M 1s
 54800K .......... .......... .......... .......... .......... 54%  185M 1s
 54850K .......... .......... .......... .......... .......... 54%  159M 1s
 54900K .......... .......... .......... .......... .......... 54%  184M 1s
 54950K .......... .......... .......... .......... .......... 54%  163M 1s
 55000K .......... .......... .......... .......... .......... 54%  183M 1s
 55050K .......... .......... .......... .......... .......... 54%  181M 1s
 55100K .......... .......... .......... .......... .......... 54%  155M 1s
 55150K .......... .......... .......... .......... .......... 54%  185M 1s
 55200K .......... .......... .......... .......... .......... 54%  158M 1s
 55250K .......... .......... .......... .......... .......... 54%  181M 1s
 55300K .......... .......... .......... .......... .......... 54%  182M 1s
 55350K .......... .......... .......... .......... .......... 54%  158M 1s
 55400K .......... .......... .......... .......... .......... 54%  182M 1s
 55450K .......... .......... .......... .......... .......... 55%  159M 1s
 55500K .......... .......... .......... .......... .......... 55%  184M 1s
 55550K .......... .......... .......... .......... .......... 55%  177M 1s
 55600K .......... .......... .......... .......... .......... 55%  159M 1s
 55650K .......... .......... .......... .......... .......... 55%  186M 1s
 55700K .......... .......... .......... .......... .......... 55%  158M 1s
 55750K .......... .......... .......... .......... .......... 55%  184M 1s
 55800K .......... .......... .......... .......... .......... 55%  185M 1s
 55850K .......... .......... .......... .......... .......... 55%  159M 1s
 55900K .......... .......... .......... .......... .......... 55%  183M 1s
 55950K .......... .......... .......... .......... .......... 55%  163M 1s
 56000K .......... .......... .......... .......... .......... 55%  186M 1s
 56050K .......... .......... .......... .......... .......... 55%  180M 1s
 56100K .......... .......... .......... .......... .......... 55%  161M 1s
 56150K .......... .......... .......... .......... .......... 55%  181M 1s
 56200K .......... .......... .......... .......... .......... 55%  163M 1s
 56250K .......... .......... .......... .......... .......... 55%  183M 1s
 56300K .......... .......... .......... .......... .......... 55%  181M 1s
 56350K .......... .......... .......... .......... .......... 55%  159M 1s
 56400K .......... .......... .......... .......... .......... 55%  182M 1s
 56450K .......... .......... .......... .......... .......... 56%  163M 1s
 56500K .......... .......... .......... .......... .......... 56%  186M 1s
 56550K .......... .......... .......... .......... .......... 56%  182M 1s
 56600K .......... .......... .......... .......... .......... 56%  159M 1s
 56650K .......... .......... .......... .......... .......... 56%  181M 1s
 56700K .......... .......... .......... .......... .......... 56%  162M 1s
 56750K .......... .......... .......... .......... .......... 56%  186M 1s
 56800K .......... .......... .......... .......... .......... 56%  180M 1s
 56850K .......... .......... .......... .......... .......... 56%  160M 1s
 56900K .......... .......... .......... .......... .......... 56%  183M 1s
 56950K .......... .......... .......... .......... .......... 56%  161M 1s
 57000K .......... .......... .......... .......... .......... 56%  183M 1s
 57050K .......... .......... .......... .......... .......... 56%  182M 1s
 57100K .......... .......... .......... .......... .......... 56%  160M 1s
 57150K .......... .......... .......... .......... .......... 56%  183M 1s
 57200K .......... .......... .......... .......... .......... 56%  162M 1s
 57250K .......... .......... .......... .......... .......... 56%  186M 1s
 57300K .......... .......... .......... .......... .......... 56%  183M 1s
 57350K .......... .......... .......... .......... .......... 56%  133M 1s
 57400K .......... .......... .......... .......... .......... 56%  183M 1s
 57450K .......... .......... .......... .......... .......... 56%  159M 1s
 57500K .......... .......... .......... .......... .......... 57%  185M 1s
 57550K .......... .......... .......... .......... .......... 57%  185M 1s
 57600K .......... .......... .......... .......... .......... 57%  161M 1s
 57650K .......... .......... .......... .......... .......... 57%  184M 1s
 57700K .......... .......... .......... .......... .......... 57%  163M 1s
 57750K .......... .......... .......... .......... .......... 57%  187M 1s
 57800K .......... .......... .......... .......... .......... 57%  185M 1s
 57850K .......... .......... .......... .......... .......... 57%  161M 1s
 57900K .......... .......... .......... .......... .......... 57%  185M 1s
 57950K .......... .......... .......... .......... .......... 57%  161M 1s
 58000K .......... .......... .......... .......... .......... 57%  185M 1s
 58050K .......... .......... .......... .......... .......... 57%  186M 1s
 58100K .......... .......... .......... .......... .......... 57%  161M 1s
 58150K .......... .......... .......... .......... .......... 57%  182M 1s
 58200K .......... .......... .......... .......... .......... 57%  161M 1s
 58250K .......... .......... .......... .......... .......... 57%  185M 1s
 58300K .......... .......... .......... .......... .......... 57%  183M 1s
 58350K .......... .......... .......... .......... .......... 57%  159M 1s
 58400K .......... .......... .......... .......... .......... 57%  179M 1s
 58450K .......... .......... .......... .......... .......... 57%  161M 1s
 58500K .......... .......... .......... .......... .......... 58%  184M 1s
 58550K .......... .......... .......... .......... .......... 58%  182M 1s
 58600K .......... .......... .......... .......... .......... 58%  158M 1s
 58650K .......... .......... .......... .......... .......... 58%  181M 1s
 58700K .......... .......... .......... .......... .......... 58%  164M 1s
 58750K .......... .......... .......... .......... .......... 58%  183M 1s
 58800K .......... .......... .......... .......... .......... 58%  186M 1s
 58850K .......... .......... .......... .......... .......... 58%  158M 1s
 58900K .......... .......... .......... .......... .......... 58%  183M 1s
 58950K .......... .......... .......... .......... .......... 58%  160M 1s
 59000K .......... .......... .......... .......... .......... 58%  183M 1s
 59050K .......... .......... .......... .......... .......... 58%  184M 1s
 59100K .......... .......... .......... .......... .......... 58%  155M 1s
 59150K .......... .......... .......... .......... .......... 58%  176M 1s
 59200K .......... .......... .......... .......... .......... 58%  155M 1s
 59250K .......... .......... .......... .......... .......... 58%  182M 1s
 59300K .......... .......... .......... .......... .......... 58%  182M 1s
 59350K .......... .......... .......... .......... .......... 58%  153M 1s
 59400K .......... .......... .......... .......... .......... 58%  177M 1s
 59450K .......... .......... .......... .......... .......... 58%  160M 1s
 59500K .......... .......... .......... .......... .......... 59%  181M 1s
 59550K .......... .......... .......... .......... .......... 59%  180M 1s
 59600K .......... .......... .......... .......... .......... 59%  153M 1s
 59650K .......... .......... .......... .......... .......... 59%  180M 1s
 59700K .......... .......... .......... .......... .......... 59%  161M 1s
 59750K .......... .......... .......... .......... .......... 59%  176M 1s
 59800K .......... .......... .......... .......... .......... 59%  176M 1s
 59850K .......... .......... .......... .......... .......... 59%  157M 1s
 59900K .......... .......... .......... .......... .......... 59%  178M 1s
 59950K .......... .......... .......... .......... .......... 59%  157M 1s
 60000K .......... .......... .......... .......... .......... 59%  178M 1s
 60050K .......... .......... .......... .......... .......... 59%  177M 1s
 60100K .......... .......... .......... .......... .......... 59%  157M 1s
 60150K .......... .......... .......... .......... .......... 59%  177M 1s
 60200K .......... .......... .......... .......... .......... 59%  161M 1s
 60250K .......... .......... .......... .......... .......... 59%  182M 1s
 60300K .......... .......... .......... .......... .......... 59%  179M 1s
 60350K .......... .......... .......... .......... .......... 59%  158M 1s
 60400K .......... .......... .......... .......... .......... 59%  175M 1s
 60450K .......... .......... .......... .......... .......... 59%  161M 1s
 60500K .......... .......... .......... .......... .......... 60%  185M 1s
 60550K .......... .......... .......... .......... .......... 60%  182M 1s
 60600K .......... .......... .......... .......... .......... 60%  156M 1s
 60650K .......... .......... .......... .......... .......... 60%  180M 1s
 60700K .......... .......... .......... .......... .......... 60%  160M 1s
 60750K .......... .......... .......... .......... .......... 60%  185M 1s
 60800K .......... .......... .......... .......... .......... 60%  182M 1s
 60850K .......... .......... .......... .......... .......... 60%  157M 1s
 60900K .......... .......... .......... .......... .......... 60%  185M 1s
 60950K .......... .......... .......... .......... .......... 60%  187M 1s
 61000K .......... .......... .......... .......... .......... 60%  207M 1s
 61050K .......... .......... .......... .......... .......... 60%  182M 1s
 61100K .......... .......... .......... .......... .......... 60%  159M 1s
 61150K .......... .......... .......... .......... .......... 60%  178M 1s
 61200K .......... .......... .......... .......... .......... 60%  159M 1s
 61250K .......... .......... .......... .......... .......... 60%  185M 1s
 61300K .......... .......... .......... .......... .......... 60%  182M 1s
 61350K .......... .......... .......... .......... .......... 60%  154M 1s
 61400K .......... .......... .......... .......... .......... 60%  178M 1s
 61450K .......... .......... .......... .......... .......... 60%  160M 1s
 61500K .......... .......... .......... .......... .......... 61%  181M 1s
 61550K .......... .......... .......... .......... .......... 61%  180M 1s
 61600K .......... .......... .......... .......... .......... 61%  154M 1s
 61650K .......... .......... .......... .......... .......... 61%  182M 1s
 61700K .......... .......... .......... .......... .......... 61%  159M 1s
 61750K .......... .......... .......... .......... .......... 61%  179M 1s
 61800K .......... .......... .......... .......... .......... 61%  186M 1s
 61850K .......... .......... .......... .......... .......... 61%  156M 1s
 61900K .......... .......... .......... .......... .......... 61%  177M 1s
 61950K .......... .......... .......... .......... .......... 61%  160M 1s
 62000K .......... .......... .......... .......... .......... 61%  182M 1s
 62050K .......... .......... .......... .......... .......... 61%  177M 1s
 62100K .......... .......... .......... .......... .......... 61%  157M 1s
 62150K .......... .......... .......... .......... .......... 61%  179M 1s
 62200K .......... .......... .......... .......... .......... 61%  156M 1s
 62250K .......... .......... .......... .......... .......... 61%  176M 1s
 62300K .......... .......... .......... .......... .......... 61%  179M 1s
 62350K .......... .......... .......... .......... .......... 61%  157M 1s
 62400K .......... .......... .......... .......... .......... 61%  176M 1s
 62450K .......... .......... .......... .......... .......... 61%  159M 1s
 62500K .......... .......... .......... .......... .......... 61%  179M 1s
 62550K .......... .......... .......... .......... .......... 62%  176M 1s
 62600K .......... .......... .......... .......... .......... 62%  158M 1s
 62650K .......... .......... .......... .......... .......... 62%  182M 1s
 62700K .......... .......... .......... .......... .......... 62%  157M 1s
 62750K .......... .......... .......... .......... .......... 62%  179M 1s
 62800K .......... .......... .......... .......... .......... 62%  181M 1s
 62850K .......... .......... .......... .......... .......... 62%  159M 1s
 62900K .......... .......... .......... .......... .......... 62%  180M 1s
 62950K .......... .......... .......... .......... .......... 62%  158M 1s
 63000K .......... .......... .......... .......... .......... 62%  178M 1s
 63050K .......... .......... .......... .......... .......... 62%  178M 1s
 63100K .......... .......... .......... .......... .......... 62%  154M 1s
 63150K .......... .......... .......... .......... .......... 62%  181M 1s
 63200K .......... .......... .......... .......... .......... 62%  154M 1s
 63250K .......... .......... .......... .......... .......... 62%  176M 1s
 63300K .......... .......... .......... .......... .......... 62%  181M 1s
 63350K .......... .......... .......... .......... .......... 62%  157M 1s
 63400K .......... .......... .......... .......... .......... 62%  180M 1s
 63450K .......... .......... .......... .......... .......... 62%  159M 1s
 63500K .......... .......... .......... .......... .......... 62%  178M 1s
 63550K .......... .......... .......... .......... .......... 63%  180M 1s
 63600K .......... .......... .......... .......... .......... 63%  155M 1s
 63650K .......... .......... .......... .......... .......... 63%  178M 1s
 63700K .......... .......... .......... .......... .......... 63%  159M 1s
 63750K .......... .......... .......... .......... .......... 63%  181M 1s
 63800K .......... .......... .......... .......... .......... 63%  180M 1s
 63850K .......... .......... .......... .......... .......... 63%  155M 1s
 63900K .......... .......... .......... .......... .......... 63%  180M 1s
 63950K .......... .......... .......... .......... .......... 63%  160M 1s
 64000K .......... .......... .......... .......... .......... 63%  181M 1s
 64050K .......... .......... .......... .......... .......... 63%  181M 1s
 64100K .......... .......... .......... .......... .......... 63%  157M 1s
 64150K .......... .......... .......... .......... .......... 63%  176M 1s
 64200K .......... .......... .......... .......... .......... 63%  159M 1s
 64250K .......... .......... .......... .......... .......... 63%  179M 1s
 64300K .......... .......... .......... .......... .......... 63%  175M 1s
 64350K .......... .......... .......... .......... .......... 63%  158M 1s
 64400K .......... .......... .......... .......... .......... 63%  181M 1s
 64450K .......... .......... .......... .......... .......... 63%  164M 1s
 64500K .......... .......... .......... .......... .......... 63%  176M 1s
 64550K .......... .......... .......... .......... .......... 64%  179M 1s
 64600K .......... .......... .......... .......... .......... 64%  158M 1s
 64650K .......... .......... .......... .......... .......... 64%  177M 1s
 64700K .......... .......... .......... .......... .......... 64%  159M 1s
 64750K .......... .......... .......... .......... .......... 64%  179M 1s
 64800K .......... .......... .......... .......... .......... 64%  185M 1s
 64850K .......... .......... .......... .......... .......... 64%  154M 1s
 64900K .......... .......... .......... .......... .......... 64%  183M 1s
 64950K .......... .......... .......... .......... .......... 64%  159M 1s
 65000K .......... .......... .......... .......... .......... 64%  179M 1s
 65050K .......... .......... .......... .......... .......... 64%  180M 1s
 65100K .......... .......... .......... .......... .......... 64%  156M 1s
 65150K .......... .......... .......... .......... .......... 64%  182M 1s
 65200K .......... .......... .......... .......... .......... 64%  157M 1s
 65250K .......... .......... .......... .......... .......... 64%  179M 1s
 65300K .......... .......... .......... .......... .......... 64%  180M 1s
 65350K .......... .......... .......... .......... .......... 64%  155M 1s
 65400K .......... .......... .......... .......... .......... 64%  183M 1s
 65450K .......... .......... .......... .......... .......... 64%  160M 1s
 65500K .......... .......... .......... .......... .......... 64%  147M 1s
 65550K .......... .......... .......... .......... .......... 65%  173M 1s
 65600K .......... .......... .......... .......... .......... 65%  156M 0s
 65650K .......... .......... .......... .......... .......... 65%  181M 0s
 65700K .......... .......... .......... .......... .......... 65%  160M 0s
 65750K .......... .......... .......... .......... .......... 65%  181M 0s
 65800K .......... .......... .......... .......... .......... 65%  181M 0s
 65850K .......... .......... .......... .......... .......... 65%  154M 0s
 65900K .......... .......... .......... .......... .......... 65%  182M 0s
 65950K .......... .......... .......... .......... .......... 65%  160M 0s
 66000K .......... .......... .......... .......... .......... 65%  183M 0s
 66050K .......... .......... .......... .......... .......... 65%  177M 0s
 66100K .......... .......... .......... .......... .......... 65%  156M 0s
 66150K .......... .......... .......... .......... .......... 65%  184M 0s
 66200K .......... .......... .......... .......... .......... 65%  157M 0s
 66250K .......... .......... .......... .......... .......... 65%  182M 0s
 66300K .......... .......... .......... .......... .......... 65%  184M 0s
 66350K .......... .......... .......... .......... .......... 65%  159M 0s
 66400K .......... .......... .......... .......... .......... 65%  179M 0s
 66450K .......... .......... .......... .......... .......... 65%  158M 0s
 66500K .......... .......... .......... .......... .......... 65%  177M 0s
 66550K .......... .......... .......... .......... .......... 66%  176M 0s
 66600K .......... .......... .......... .......... .......... 66%  159M 0s
 66650K .......... .......... .......... .......... .......... 66%  181M 0s
 66700K .......... .......... .......... .......... .......... 66%  160M 0s
 66750K .......... .......... .......... .......... .......... 66%  182M 0s
 66800K .......... .......... .......... .......... .......... 66%  180M 0s
 66850K .......... .......... .......... .......... .......... 66%  157M 0s
 66900K .......... .......... .......... .......... .......... 66%  182M 0s
 66950K .......... .......... .......... .......... .......... 66%  161M 0s
 67000K .......... .......... .......... .......... .......... 66%  183M 0s
 67050K .......... .......... .......... .......... .......... 66%  181M 0s
 67100K .......... .......... .......... .......... .......... 66%  158M 0s
 67150K .......... .......... .......... .......... .......... 66%  185M 0s
 67200K .......... .......... .......... .......... .......... 66%  161M 0s
 67250K .......... .......... .......... .......... .......... 66%  182M 0s
 67300K .......... .......... .......... .......... .......... 66%  178M 0s
 67350K .......... .......... .......... .......... .......... 66%  162M 0s
 67400K .......... .......... .......... .......... .......... 66%  184M 0s
 67450K .......... .......... .......... .......... .......... 66%  159M 0s
 67500K .......... .......... .......... .......... .......... 66%  179M 0s
 67550K .......... .......... .......... .......... .......... 67%  178M 0s
 67600K .......... .......... .......... .......... .......... 67%  161M 0s
 67650K .......... .......... .......... .......... .......... 67%  181M 0s
 67700K .......... .......... .......... .......... .......... 67%  160M 0s
 67750K .......... .......... .......... .......... .......... 67%  184M 0s
 67800K .......... .......... .......... .......... .......... 67%  180M 0s
 67850K .......... .......... .......... .......... .......... 67%  158M 0s
 67900K .......... .......... .......... .......... .......... 67%  180M 0s
 67950K .......... .......... .......... .......... .......... 67%  157M 0s
 68000K .......... .......... .......... .......... .......... 67%  179M 0s
 68050K .......... .......... .......... .......... .......... 67%  182M 0s
 68100K .......... .......... .......... .......... .......... 67%  156M 0s
 68150K .......... .......... .......... .......... .......... 67%  181M 0s
 68200K .......... .......... .......... .......... .......... 67%  161M 0s
 68250K .......... .......... .......... .......... .......... 67%  181M 0s
 68300K .......... .......... .......... .......... .......... 67%  182M 0s
 68350K .......... .......... .......... .......... .......... 67%  159M 0s
 68400K .......... .......... .......... .......... .......... 67%  181M 0s
 68450K .......... .......... .......... .......... .......... 67%  160M 0s
 68500K .......... .......... .......... .......... .......... 67%  179M 0s
 68550K .......... .......... .......... .......... .......... 67%  184M 0s
 68600K .......... .......... .......... .......... .......... 68%  155M 0s
 68650K .......... .......... .......... .......... .......... 68%  184M 0s
 68700K .......... .......... .......... .......... .......... 68%  160M 0s
 68750K .......... .......... .......... .......... .......... 68%  179M 0s
 68800K .......... .......... .......... .......... .......... 68%  185M 0s
 68850K .......... .......... .......... .......... .......... 68%  158M 0s
 68900K .......... .......... .......... .......... .......... 68%  185M 0s
 68950K .......... .......... .......... .......... .......... 68%  159M 0s
 69000K .......... .......... .......... .......... .......... 68%  180M 0s
 69050K .......... .......... .......... .......... .......... 68%  178M 0s
 69100K .......... .......... .......... .......... .......... 68%  156M 0s
 69150K .......... .......... .......... .......... .......... 68%  184M 0s
 69200K .......... .......... .......... .......... .......... 68%  162M 0s
 69250K .......... .......... .......... .......... .......... 68%  180M 0s
 69300K .......... .......... .......... .......... .......... 68%  181M 0s
 69350K .......... .......... .......... .......... .......... 68%  159M 0s
 69400K .......... .......... .......... .......... .......... 68%  181M 0s
 69450K .......... .......... .......... .......... .......... 68%  161M 0s
 69500K .......... .......... .......... .......... .......... 68%  184M 0s
 69550K .......... .......... .......... .......... .......... 68%  181M 0s
 69600K .......... .......... .......... .......... .......... 69%  156M 0s
 69650K .......... .......... .......... .......... .......... 69%  184M 0s
 69700K .......... .......... .......... .......... .......... 69%  162M 0s
 69750K .......... .......... .......... .......... .......... 69%  178M 0s
 69800K .......... .......... .......... .......... .......... 69%  181M 0s
 69850K .......... .......... .......... .......... .......... 69%  159M 0s
 69900K .......... .......... .......... .......... .......... 69%  180M 0s
 69950K .......... .......... .......... .......... .......... 69%  161M 0s
 70000K .......... .......... .......... .......... .......... 69%  183M 0s
 70050K .......... .......... .......... .......... .......... 69%  180M 0s
 70100K .......... .......... .......... .......... .......... 69%  157M 0s
 70150K .......... .......... .......... .......... .......... 69%  180M 0s
 70200K .......... .......... .......... .......... .......... 69%  160M 0s
 70250K .......... .......... .......... .......... .......... 69%  178M 0s
 70300K .......... .......... .......... .......... .......... 69%  181M 0s
 70350K .......... .......... .......... .......... .......... 69%  159M 0s
 70400K .......... .......... .......... .......... .......... 69%  180M 0s
 70450K .......... .......... .......... .......... .......... 69%  156M 0s
 70500K .......... .......... .......... .......... .......... 69%  181M 0s
 70550K .......... .......... .......... .......... .......... 69%  185M 0s
 70600K .......... .......... .......... .......... .......... 70%  158M 0s
 70650K .......... .......... .......... .......... .......... 70%  183M 0s
 70700K .......... .......... .......... .......... .......... 70%  159M 0s
 70750K .......... .......... .......... .......... .......... 70%  180M 0s
 70800K .......... .......... .......... .......... .......... 70%  183M 0s
 70850K .......... .......... .......... .......... .......... 70%  159M 0s
 70900K .......... .......... .......... .......... .......... 70%  180M 0s
 70950K .......... .......... .......... .......... .......... 70%  160M 0s
 71000K .......... .......... .......... .......... .......... 70%  183M 0s
 71050K .......... .......... .......... .......... .......... 70%  182M 0s
 71100K .......... .......... .......... .......... .......... 70%  160M 0s
 71150K .......... .......... .......... .......... .......... 70%  179M 0s
 71200K .......... .......... .......... .......... .......... 70%  161M 0s
 71250K .......... .......... .......... .......... .......... 70%  183M 0s
 71300K .......... .......... .......... .......... .......... 70%  180M 0s
 71350K .......... .......... .......... .......... .......... 70%  159M 0s
 71400K .......... .......... .......... .......... .......... 70%  182M 0s
 71450K .......... .......... .......... .......... .......... 70%  161M 0s
 71500K .......... .......... .......... .......... .......... 70%  182M 0s
 71550K .......... .......... .......... .......... .......... 70%  180M 0s
 71600K .......... .......... .......... .......... .......... 71%  160M 0s
 71650K .......... .......... .......... .......... .......... 71%  181M 0s
 71700K .......... .......... .......... .......... .......... 71%  160M 0s
 71750K .......... .......... .......... .......... .......... 71%  182M 0s
 71800K .......... .......... .......... .......... .......... 71%  184M 0s
 71850K .......... .......... .......... .......... .......... 71%  159M 0s
 71900K .......... .......... .......... .......... .......... 71%  182M 0s
 71950K .......... .......... .......... .......... .......... 71%  159M 0s
 72000K .......... .......... .......... .......... .......... 71%  177M 0s
 72050K .......... .......... .......... .......... .......... 71%  179M 0s
 72100K .......... .......... .......... .......... .......... 71%  157M 0s
 72150K .......... .......... .......... .......... .......... 71%  181M 0s
 72200K .......... .......... .......... .......... .......... 71%  157M 0s
 72250K .......... .......... .......... .......... .......... 71%  184M 0s
 72300K .......... .......... .......... .......... .......... 71%  181M 0s
 72350K .......... .......... .......... .......... .......... 71%  156M 0s
 72400K .......... .......... .......... .......... .......... 71%  186M 0s
 72450K .......... .......... .......... .......... .......... 71%  160M 0s
 72500K .......... .......... .......... .......... .......... 71%  182M 0s
 72550K .......... .......... .......... .......... .......... 71%  184M 0s
 72600K .......... .......... .......... .......... .......... 72%  159M 0s
 72650K .......... .......... .......... .......... .......... 72%  185M 0s
 72700K .......... .......... .......... .......... .......... 72%  157M 0s
 72750K .......... .......... .......... .......... .......... 72%  182M 0s
 72800K .......... .......... .......... .......... .......... 72%  184M 0s
 72850K .......... .......... .......... .......... .......... 72%  159M 0s
 72900K .......... .......... .......... .......... .......... 72%  181M 0s
 72950K .......... .......... .......... .......... .......... 72%  162M 0s
 73000K .......... .......... .......... .......... .......... 72%  185M 0s
 73050K .......... .......... .......... .......... .......... 72%  181M 0s
 73100K .......... .......... .......... .......... .......... 72%  157M 0s
 73150K .......... .......... .......... .......... .......... 72%  186M 0s
 73200K .......... .......... .......... .......... .......... 72%  163M 0s
 73250K .......... .......... .......... .......... .......... 72%  181M 0s
 73300K .......... .......... .......... .......... .......... 72%  186M 0s
 73350K .......... .......... .......... .......... .......... 72%  158M 0s
 73400K .......... .......... .......... .......... .......... 72%  181M 0s
 73450K .......... .......... .......... .......... .......... 72%  158M 0s
 73500K .......... .......... .......... .......... .......... 72%  182M 0s
 73550K .......... .......... .......... .......... .......... 72%  184M 0s
 73600K .......... .......... .......... .......... .......... 73%  154M 0s
 73650K .......... .......... .......... .......... .......... 73%  187M 0s
 73700K .......... .......... .......... .......... .......... 73%  138M 0s
 73750K .......... .......... .......... .......... .......... 73%  180M 0s
 73800K .......... .......... .......... .......... .......... 73%  180M 0s
 73850K .......... .......... .......... .......... .......... 73%  159M 0s
 73900K .......... .......... .......... .......... .......... 73%  190M 0s
 73950K .......... .......... .......... .......... .......... 73%  159M 0s
 74000K .......... .......... .......... .......... .......... 73%  179M 0s
 74050K .......... .......... .......... .......... .......... 73%  182M 0s
 74100K .......... .......... .......... .......... .......... 73%  159M 0s
 74150K .......... .......... .......... .......... .......... 73%  181M 0s
 74200K .......... .......... .......... .......... .......... 73%  162M 0s
 74250K .......... .......... .......... .......... .......... 73%  182M 0s
 74300K .......... .......... .......... .......... .......... 73%  186M 0s
 74350K .......... .......... .......... .......... .......... 73%  159M 0s
 74400K .......... .......... .......... .......... .......... 73%  185M 0s
 74450K .......... .......... .......... .......... .......... 73%  162M 0s
 74500K .......... .......... .......... .......... .......... 73%  184M 0s
 74550K .......... .......... .......... .......... .......... 73%  183M 0s
 74600K .......... .......... .......... .......... .......... 73%  160M 0s
 74650K .......... .......... .......... .......... .......... 74%  183M 0s
 74700K .......... .......... .......... .......... .......... 74%  161M 0s
 74750K .......... .......... .......... .......... .......... 74%  182M 0s
 74800K .......... .......... .......... .......... .......... 74%  186M 0s
 74850K .......... .......... .......... .......... .......... 74%  159M 0s
 74900K .......... .......... .......... .......... .......... 74%  184M 0s
 74950K .......... .......... .......... .......... .......... 74%  163M 0s
 75000K .......... .......... .......... .......... .......... 74%  183M 0s
 75050K .......... .......... .......... .......... .......... 74%  186M 0s
 75100K .......... .......... .......... .......... .......... 74%  161M 0s
 75150K .......... .......... .......... .......... .......... 74%  184M 0s
 75200K .......... .......... .......... .......... .......... 74%  160M 0s
 75250K .......... .......... .......... .......... .......... 74%  179M 0s
 75300K .......... .......... .......... .......... .......... 74%  183M 0s
 75350K .......... .......... .......... .......... .......... 74%  158M 0s
 75400K .......... .......... .......... .......... .......... 74%  181M 0s
 75450K .......... .......... .......... .......... .......... 74%  163M 0s
 75500K .......... .......... .......... .......... .......... 74%  179M 0s
 75550K .......... .......... .......... .......... .......... 74%  176M 0s
 75600K .......... .......... .......... .......... .......... 74%  158M 0s
 75650K .......... .......... .......... .......... .......... 75%  185M 0s
 75700K .......... .......... .......... .......... .......... 75%  161M 0s
 75750K .......... .......... .......... .......... .......... 75%  181M 0s
 75800K .......... .......... .......... .......... .......... 75%  181M 0s
 75850K .......... .......... .......... .......... .......... 75%  160M 0s
 75900K .......... .......... .......... .......... .......... 75%  183M 0s
 75950K .......... .......... .......... .......... .......... 75%  160M 0s
 76000K .......... .......... .......... .......... .......... 75%  184M 0s
 76050K .......... .......... .......... .......... .......... 75%  180M 0s
 76100K .......... .......... .......... .......... .......... 75%  158M 0s
 76150K .......... .......... .......... .......... .......... 75%  183M 0s
 76200K .......... .......... .......... .......... .......... 75%  158M 0s
 76250K .......... .......... .......... .......... .......... 75%  180M 0s
 76300K .......... .......... .......... .......... .......... 75%  183M 0s
 76350K .......... .......... .......... .......... .......... 75%  160M 0s
 76400K .......... .......... .......... .......... .......... 75%  185M 0s
 76450K .......... .......... .......... .......... .......... 75%  158M 0s
 76500K .......... .......... .......... .......... .......... 75%  185M 0s
 76550K .......... .......... .......... .......... .......... 75%  183M 0s
 76600K .......... .......... .......... .......... .......... 75%  157M 0s
 76650K .......... .......... .......... .......... .......... 76%  187M 0s
 76700K .......... .......... .......... .......... .......... 76%  161M 0s
 76750K .......... .......... .......... .......... .......... 76%  181M 0s
 76800K .......... .......... .......... .......... .......... 76%  180M 0s
 76850K .......... .......... .......... .......... .......... 76%  159M 0s
 76900K .......... .......... .......... .......... .......... 76%  183M 0s
 76950K .......... .......... .......... .......... .......... 76%  161M 0s
 77000K .......... .......... .......... .......... .......... 76%  181M 0s
 77050K .......... .......... .......... .......... .......... 76%  180M 0s
 77100K .......... .......... .......... .......... .......... 76%  161M 0s
 77150K .......... .......... .......... .......... .......... 76%  184M 0s
 77200K .......... .......... .......... .......... .......... 76%  161M 0s
 77250K .......... .......... .......... .......... .......... 76%  185M 0s
 77300K .......... .......... .......... .......... .......... 76%  178M 0s
 77350K .......... .......... .......... .......... .......... 76%  163M 0s
 77400K .......... .......... .......... .......... .......... 76%  184M 0s
 77450K .......... .......... .......... .......... .......... 76%  161M 0s
 77500K .......... .......... .......... .......... .......... 76%  179M 0s
 77550K .......... .......... .......... .......... .......... 76%  180M 0s
 77600K .......... .......... .......... .......... .......... 76%  159M 0s
 77650K .......... .......... .......... .......... .......... 77%  180M 0s
 77700K .......... .......... .......... .......... .......... 77%  157M 0s
 77750K .......... .......... .......... .......... .......... 77%  179M 0s
 77800K .......... .......... .......... .......... .......... 77%  181M 0s
 77850K .......... .......... .......... .......... .......... 77%  158M 0s
 77900K .......... .......... .......... .......... .......... 77%  178M 0s
 77950K .......... .......... .......... .......... .......... 77%  159M 0s
 78000K .......... .......... .......... .......... .......... 77%  178M 0s
 78050K .......... .......... .......... .......... .......... 77%  180M 0s
 78100K .......... .......... .......... .......... .......... 77%  154M 0s
 78150K .......... .......... .......... .......... .......... 77%  181M 0s
 78200K .......... .......... .......... .......... .......... 77%  154M 0s
 78250K .......... .......... .......... .......... .......... 77%  183M 0s
 78300K .......... .......... .......... .......... .......... 77%  184M 0s
 78350K .......... .......... .......... .......... .......... 77%  160M 0s
 78400K .......... .......... .......... .......... .......... 77%  181M 0s
 78450K .......... .......... .......... .......... .......... 77%  162M 0s
 78500K .......... .......... .......... .......... .......... 77%  183M 0s
 78550K .......... .......... .......... .......... .......... 77%  182M 0s
 78600K .......... .......... .......... .......... .......... 77%  157M 0s
 78650K .......... .......... .......... .......... .......... 78%  183M 0s
 78700K .......... .......... .......... .......... .......... 78%  158M 0s
 78750K .......... .......... .......... .......... .......... 78%  183M 0s
 78800K .......... .......... .......... .......... .......... 78%  185M 0s
 78850K .......... .......... .......... .......... .......... 78%  160M 0s
 78900K .......... .......... .......... .......... .......... 78%  184M 0s
 78950K .......... .......... .......... .......... .......... 78%  163M 0s
 79000K .......... .......... .......... .......... .......... 78%  186M 0s
 79050K .......... .......... .......... .......... .......... 78%  184M 0s
 79100K .......... .......... .......... .......... .......... 78%  160M 0s
 79150K .......... .......... .......... .......... .......... 78%  180M 0s
 79200K .......... .......... .......... .......... .......... 78%  162M 0s
 79250K .......... .......... .......... .......... .......... 78%  178M 0s
 79300K .......... .......... .......... .......... .......... 78%  177M 0s
 79350K .......... .......... .......... .......... .......... 78%  157M 0s
 79400K .......... .......... .......... .......... .......... 78%  184M 0s
 79450K .......... .......... .......... .......... .......... 78%  160M 0s
 79500K .......... .......... .......... .......... .......... 78%  182M 0s
 79550K .......... .......... .......... .......... .......... 78%  184M 0s
 79600K .......... .......... .......... .......... .......... 78%  157M 0s
 79650K .......... .......... .......... .......... .......... 78%  186M 0s
 79700K .......... .......... .......... .......... .......... 79%  163M 0s
 79750K .......... .......... .......... .......... .......... 79%  184M 0s
 79800K .......... .......... .......... .......... .......... 79%  177M 0s
 79850K .......... .......... .......... .......... .......... 79%  154M 0s
 79900K .......... .......... .......... .......... .......... 79%  182M 0s
 79950K .......... .......... .......... .......... .......... 79%  156M 0s
 80000K .......... .......... .......... .......... .......... 79%  183M 0s
 80050K .......... .......... .......... .......... .......... 79%  180M 0s
 80100K .......... .......... .......... .......... .......... 79%  159M 0s
 80150K .......... .......... .......... .......... .......... 79%  179M 0s
 80200K .......... .......... .......... .......... .......... 79%  157M 0s
 80250K .......... .......... .......... .......... .......... 79%  183M 0s
 80300K .......... .......... .......... .......... .......... 79%  176M 0s
 80350K .......... .......... .......... .......... .......... 79%  160M 0s
 80400K .......... .......... .......... .......... .......... 79%  177M 0s
 80450K .......... .......... .......... .......... .......... 79%  159M 0s
 80500K .......... .......... .......... .......... .......... 79%  179M 0s
 80550K .......... .......... .......... .......... .......... 79%  181M 0s
 80600K .......... .......... .......... .......... .......... 79%  160M 0s
 80650K .......... .......... .......... .......... .......... 79%  179M 0s
 80700K .......... .......... .......... .......... .......... 80%  159M 0s
 80750K .......... .......... .......... .......... .......... 80%  184M 0s
 80800K .......... .......... .......... .......... .......... 80%  182M 0s
 80850K .......... .......... .......... .......... .......... 80%  155M 0s
 80900K .......... .......... .......... .......... .......... 80%  185M 0s
 80950K .......... .......... .......... .......... .......... 80%  159M 0s
 81000K .......... .......... .......... .......... .......... 80%  176M 0s
 81050K .......... .......... .......... .......... .......... 80%  183M 0s
 81100K .......... .......... .......... .......... .......... 80%  160M 0s
 81150K .......... .......... .......... .......... .......... 80%  203M 0s
 81200K .......... .......... .......... .......... .......... 80%  180M 0s
 81250K .......... .......... .......... .......... .......... 80%  187M 0s
 81300K .......... .......... .......... .......... .......... 80%  181M 0s
 81350K .......... .......... .......... .......... .......... 80%  159M 0s
 81400K .......... .......... .......... .......... .......... 80%  182M 0s
 81450K .......... .......... .......... .......... .......... 80%  161M 0s
 81500K .......... .......... .......... .......... .......... 80%  181M 0s
 81550K .......... .......... .......... .......... .......... 80%  179M 0s
 81600K .......... .......... .......... .......... .......... 80%  158M 0s
 81650K .......... .......... .......... .......... .......... 80%  184M 0s
 81700K .......... .......... .......... .......... .......... 81%  162M 0s
 81750K .......... .......... .......... .......... .......... 81%  181M 0s
 81800K .......... .......... .......... .......... .......... 81%  183M 0s
 81850K .......... .......... .......... .......... .......... 81%  161M 0s
 81900K .......... .......... .......... .......... .......... 81%  146M 0s
 81950K .......... .......... .......... .......... .......... 81%  162M 0s
 82000K .......... .......... .......... .......... .......... 81%  185M 0s
 82050K .......... .......... .......... .......... .......... 81%  183M 0s
 82100K .......... .......... .......... .......... .......... 81%  162M 0s
 82150K .......... .......... .......... .......... .......... 81%  183M 0s
 82200K .......... .......... .......... .......... .......... 81%  164M 0s
 82250K .......... .......... .......... .......... .......... 81%  184M 0s
 82300K .......... .......... .......... .......... .......... 81%  189M 0s
 82350K .......... .......... .......... .......... .......... 81%  162M 0s
 82400K .......... .......... .......... .......... .......... 81%  182M 0s
 82450K .......... .......... .......... .......... .......... 81%  160M 0s
 82500K .......... .......... .......... .......... .......... 81%  186M 0s
 82550K .......... .......... .......... .......... .......... 81%  186M 0s
 82600K .......... .......... .......... .......... .......... 81%  160M 0s
 82650K .......... .......... .......... .......... .......... 81%  185M 0s
 82700K .......... .......... .......... .......... .......... 82%  161M 0s
 82750K .......... .......... .......... .......... .......... 82%  182M 0s
 82800K .......... .......... .......... .......... .......... 82%  186M 0s
 82850K .......... .......... .......... .......... .......... 82%  158M 0s
 82900K .......... .......... .......... .......... .......... 82%  180M 0s
 82950K .......... .......... .......... .......... .......... 82%  156M 0s
 83000K .......... .......... .......... .......... .......... 82%  185M 0s
 83050K .......... .......... .......... .......... .......... 82%  183M 0s
 83100K .......... .......... .......... .......... .......... 82%  159M 0s
 83150K .......... .......... .......... .......... .......... 82%  182M 0s
 83200K .......... .......... .......... .......... .......... 82%  163M 0s
 83250K .......... .......... .......... .......... .......... 82%  186M 0s
 83300K .......... .......... .......... .......... .......... 82%  183M 0s
 83350K .......... .......... .......... .......... .......... 82%  158M 0s
 83400K .......... .......... .......... .......... .......... 82%  183M 0s
 83450K .......... .......... .......... .......... .......... 82%  161M 0s
 83500K .......... .......... .......... .......... .......... 82%  182M 0s
 83550K .......... .......... .......... .......... .......... 82%  186M 0s
 83600K .......... .......... .......... .......... .......... 82%  161M 0s
 83650K .......... .......... .......... .......... .......... 82%  181M 0s
 83700K .......... .......... .......... .......... .......... 83%  163M 0s
 83750K .......... .......... .......... .......... .......... 83%  183M 0s
 83800K .......... .......... .......... .......... .......... 83%  186M 0s
 83850K .......... .......... .......... .......... .......... 83%  158M 0s
 83900K .......... .......... .......... .......... .......... 83%  181M 0s
 83950K .......... .......... .......... .......... .......... 83%  161M 0s
 84000K .......... .......... .......... .......... .......... 83%  181M 0s
 84050K .......... .......... .......... .......... .......... 83%  181M 0s
 84100K .......... .......... .......... .......... .......... 83%  160M 0s
 84150K .......... .......... .......... .......... .......... 83%  181M 0s
 84200K .......... .......... .......... .......... .......... 83%  162M 0s
 84250K .......... .......... .......... .......... .......... 83%  183M 0s
 84300K .......... .......... .......... .......... .......... 83%  187M 0s
 84350K .......... .......... .......... .......... .......... 83%  160M 0s
 84400K .......... .......... .......... .......... .......... 83%  183M 0s
 84450K .......... .......... .......... .......... .......... 83%  162M 0s
 84500K .......... .......... .......... .......... .......... 83%  182M 0s
 84550K .......... .......... .......... .......... .......... 83%  181M 0s
 84600K .......... .......... .......... .......... .......... 83%  161M 0s
 84650K .......... .......... .......... .......... .......... 83%  182M 0s
 84700K .......... .......... .......... .......... .......... 84%  160M 0s
 84750K .......... .......... .......... .......... .......... 84%  180M 0s
 84800K .......... .......... .......... .......... .......... 84%  184M 0s
 84850K .......... .......... .......... .......... .......... 84%  162M 0s
 84900K .......... .......... .......... .......... .......... 84%  181M 0s
 84950K .......... .......... .......... .......... .......... 84%  160M 0s
 85000K .......... .......... .......... .......... .......... 84%  180M 0s
 85050K .......... .......... .......... .......... .......... 84%  187M 0s
 85100K .......... .......... .......... .......... .......... 84%  159M 0s
 85150K .......... .......... .......... .......... .......... 84%  180M 0s
 85200K .......... .......... .......... .......... .......... 84%  162M 0s
 85250K .......... .......... .......... .......... .......... 84%  180M 0s
 85300K .......... .......... .......... .......... .......... 84%  185M 0s
 85350K .......... .......... .......... .......... .......... 84%  161M 0s
 85400K .......... .......... .......... .......... .......... 84%  185M 0s
 85450K .......... .......... .......... .......... .......... 84%  162M 0s
 85500K .......... .......... .......... .......... .......... 84%  184M 0s
 85550K .......... .......... .......... .......... .......... 84%  185M 0s
 85600K .......... .......... .......... .......... .......... 84%  158M 0s
 85650K .......... .......... .......... .......... .......... 84%  185M 0s
 85700K .......... .......... .......... .......... .......... 84%  164M 0s
 85750K .......... .......... .......... .......... .......... 85%  183M 0s
 85800K .......... .......... .......... .......... .......... 85%  185M 0s
 85850K .......... .......... .......... .......... .......... 85%  159M 0s
 85900K .......... .......... .......... .......... .......... 85%  184M 0s
 85950K .......... .......... .......... .......... .......... 85%  162M 0s
 86000K .......... .......... .......... .......... .......... 85%  181M 0s
 86050K .......... .......... .......... .......... .......... 85%  183M 0s
 86100K .......... .......... .......... .......... .......... 85%  161M 0s
 86150K .......... .......... .......... .......... .......... 85%  182M 0s
 86200K .......... .......... .......... .......... .......... 85%  161M 0s
 86250K .......... .......... .......... .......... .......... 85%  181M 0s
 86300K .......... .......... .......... .......... .......... 85%  184M 0s
 86350K .......... .......... .......... .......... .......... 85%  159M 0s
 86400K .......... .......... .......... .......... .......... 85%  181M 0s
 86450K .......... .......... .......... .......... .......... 85%  161M 0s
 86500K .......... .......... .......... .......... .......... 85%  181M 0s
 86550K .......... .......... .......... .......... .......... 85%  186M 0s
 86600K .......... .......... .......... .......... .......... 85%  158M 0s
 86650K .......... .......... .......... .......... .......... 85%  182M 0s
 86700K .......... .......... .......... .......... .......... 85%  159M 0s
 86750K .......... .......... .......... .......... .......... 86%  181M 0s
 86800K .......... .......... .......... .......... .......... 86%  185M 0s
 86850K .......... .......... .......... .......... .......... 86%  158M 0s
 86900K .......... .......... .......... .......... .......... 86%  180M 0s
 86950K .......... .......... .......... .......... .......... 86%  161M 0s
 87000K .......... .......... .......... .......... .......... 86%  182M 0s
 87050K .......... .......... .......... .......... .......... 86%  179M 0s
 87100K .......... .......... .......... .......... .......... 86%  160M 0s
 87150K .......... .......... .......... .......... .......... 86%  183M 0s
 87200K .......... .......... .......... .......... .......... 86%  158M 0s
 87250K .......... .......... .......... .......... .......... 86%  179M 0s
 87300K .......... .......... .......... .......... .......... 86%  179M 0s
 87350K .......... .......... .......... .......... .......... 86%  159M 0s
 87400K .......... .......... .......... .......... .......... 86%  179M 0s
 87450K .......... .......... .......... .......... .......... 86%  160M 0s
 87500K .......... .......... .......... .......... .......... 86%  183M 0s
 87550K .......... .......... .......... .......... .......... 86%  178M 0s
 87600K .......... .......... .......... .......... .......... 86%  158M 0s
 87650K .......... .......... .......... .......... .......... 86%  183M 0s
 87700K .......... .......... .......... .......... .......... 86%  159M 0s
 87750K .......... .......... .......... .......... .......... 87%  178M 0s
 87800K .......... .......... .......... .......... .......... 87%  185M 0s
 87850K .......... .......... .......... .......... .......... 87%  160M 0s
 87900K .......... .......... .......... .......... .......... 87%  179M 0s
 87950K .......... .......... .......... .......... .......... 87%  159M 0s
 88000K .......... .......... .......... .......... .......... 87%  185M 0s
 88050K .......... .......... .......... .......... .......... 87%  181M 0s
 88100K .......... .......... .......... .......... .......... 87%  159M 0s
 88150K .......... .......... .......... .......... .......... 87%  183M 0s
 88200K .......... .......... .......... .......... .......... 87%  157M 0s
 88250K .......... .......... .......... .......... .......... 87%  179M 0s
 88300K .......... .......... .......... .......... .......... 87%  183M 0s
 88350K .......... .......... .......... .......... .......... 87%  160M 0s
 88400K .......... .......... .......... .......... .......... 87%  182M 0s
 88450K .......... .......... .......... .......... .......... 87%  162M 0s
 88500K .......... .......... .......... .......... .......... 87%  181M 0s
 88550K .......... .......... .......... .......... .......... 87%  178M 0s
 88600K .......... .......... .......... .......... .......... 87%  158M 0s
 88650K .......... .......... .......... .......... .......... 87%  182M 0s
 88700K .......... .......... .......... .......... .......... 87%  160M 0s
 88750K .......... .......... .......... .......... .......... 88%  184M 0s
 88800K .......... .......... .......... .......... .......... 88%  178M 0s
 88850K .......... .......... .......... .......... .......... 88%  158M 0s
 88900K .......... .......... .......... .......... .......... 88%  178M 0s
 88950K .......... .......... .......... .......... .......... 88%  154M 0s
 89000K .......... .......... .......... .......... .......... 88%  180M 0s
 89050K .......... .......... .......... .......... .......... 88%  180M 0s
 89100K .......... .......... .......... .......... .......... 88%  158M 0s
 89150K .......... .......... .......... .......... .......... 88%  176M 0s
 89200K .......... .......... .......... .......... .......... 88%  155M 0s
 89250K .......... .......... .......... .......... .......... 88%  178M 0s
 89300K .......... .......... .......... .......... .......... 88%  179M 0s
 89350K .......... .......... .......... .......... .......... 88%  155M 0s
 89400K .......... .......... .......... .......... .......... 88%  178M 0s
 89450K .......... .......... .......... .......... .......... 88%  161M 0s
 89500K .......... .......... .......... .......... .......... 88%  177M 0s
 89550K .......... .......... .......... .......... .......... 88%  180M 0s
 89600K .......... .......... .......... .......... .......... 88%  155M 0s
 89650K .......... .......... .......... .......... .......... 88%  180M 0s
 89700K .......... .......... .......... .......... .......... 88%  157M 0s
 89750K .......... .......... .......... .......... .......... 89%  183M 0s
 89800K .......... .......... .......... .......... .......... 89%  183M 0s
 89850K .......... .......... .......... .......... .......... 89%  155M 0s
 89900K .......... .......... .......... .......... .......... 89%  185M 0s
 89950K .......... .......... .......... .......... .......... 89%  160M 0s
 90000K .......... .......... .......... .......... .......... 89%  178M 0s
 90050K .......... .......... .......... .......... .......... 89%  182M 0s
 90100K .......... .......... .......... .......... .......... 89%  133M 0s
 90150K .......... .......... .......... .......... .......... 89%  180M 0s
 90200K .......... .......... .......... .......... .......... 89%  161M 0s
 90250K .......... .......... .......... .......... .......... 89%  173M 0s
 90300K .......... .......... .......... .......... .......... 89%  180M 0s
 90350K .......... .......... .......... .......... .......... 89%  147M 0s
 90400K .......... .......... .......... .......... .......... 89%  170M 0s
 90450K .......... .......... .......... .......... .......... 89%  142M 0s
 90500K .......... .......... .......... .......... .......... 89%  171M 0s
 90550K .......... .......... .......... .......... .......... 89%  171M 0s
 90600K .......... .......... .......... .......... .......... 89%  151M 0s
 90650K .......... .......... .......... .......... .......... 89%  170M 0s
 90700K .......... .......... .......... .......... .......... 89%  149M 0s
 90750K .......... .......... .......... .......... .......... 90%  171M 0s
 90800K .......... .......... .......... .......... .......... 90%  175M 0s
 90850K .......... .......... .......... .......... .......... 90%  148M 0s
 90900K .......... .......... .......... .......... .......... 90%  178M 0s
 90950K .......... .......... .......... .......... .......... 90%  160M 0s
 91000K .......... .......... .......... .......... .......... 90%  186M 0s
 91050K .......... .......... .......... .......... .......... 90%  186M 0s
 91100K .......... .......... .......... .......... .......... 90%  160M 0s
 91150K .......... .......... .......... .......... .......... 90%  182M 0s
 91200K .......... .......... .......... .......... .......... 90%  158M 0s
 91250K .......... .......... .......... .......... .......... 90%  183M 0s
 91300K .......... .......... .......... .......... .......... 90%  186M 0s
 91350K .......... .......... .......... .......... .......... 90%  158M 0s
 91400K .......... .......... .......... .......... .......... 90%  183M 0s
 91450K .......... .......... .......... .......... .......... 90%  165M 0s
 91500K .......... .......... .......... .......... .......... 90%  181M 0s
 91550K .......... .......... .......... .......... .......... 90%  182M 0s
 91600K .......... .......... .......... .......... .......... 90%  161M 0s
 91650K .......... .......... .......... .......... .......... 90%  180M 0s
 91700K .......... .......... .......... .......... .......... 90%  159M 0s
 91750K .......... .......... .......... .......... .......... 90%  183M 0s
 91800K .......... .......... .......... .......... .......... 91%  182M 0s
 91850K .......... .......... .......... .......... .......... 91%  156M 0s
 91900K .......... .......... .......... .......... .......... 91%  174M 0s
 91950K .......... .......... .......... .......... .......... 91%  159M 0s
 92000K .......... .......... .......... .......... .......... 91%  181M 0s
 92050K .......... .......... .......... .......... .......... 91%  184M 0s
 92100K .......... .......... .......... .......... .......... 91%  161M 0s
 92150K .......... .......... .......... .......... .......... 91%  181M 0s
 92200K .......... .......... .......... .......... .......... 91%  161M 0s
 92250K .......... .......... .......... .......... .......... 91%  183M 0s
 92300K .......... .......... .......... .......... .......... 91%  179M 0s
 92350K .......... .......... .......... .......... .......... 91%  158M 0s
 92400K .......... .......... .......... .......... .......... 91%  179M 0s
 92450K .......... .......... .......... .......... .......... 91%  161M 0s
 92500K .......... .......... .......... .......... .......... 91%  180M 0s
 92550K .......... .......... .......... .......... .......... 91%  184M 0s
 92600K .......... .......... .......... .......... .......... 91%  159M 0s
 92650K .......... .......... .......... .......... .......... 91%  180M 0s
 92700K .......... .......... .......... .......... .......... 91%  158M 0s
 92750K .......... .......... .......... .......... .......... 91%  179M 0s
 92800K .......... .......... .......... .......... .......... 92%  183M 0s
 92850K .......... .......... .......... .......... .......... 92%  160M 0s
 92900K .......... .......... .......... .......... .......... 92%  179M 0s
 92950K .......... .......... .......... .......... .......... 92%  159M 0s
 93000K .......... .......... .......... .......... .......... 92%  185M 0s
 93050K .......... .......... .......... .......... .......... 92%  184M 0s
 93100K .......... .......... .......... .......... .......... 92%  157M 0s
 93150K .......... .......... .......... .......... .......... 92%  181M 0s
 93200K .......... .......... .......... .......... .......... 92%  162M 0s
 93250K .......... .......... .......... .......... .......... 92%  182M 0s
 93300K .......... .......... .......... .......... .......... 92%  183M 0s
 93350K .......... .......... .......... .......... .......... 92%  161M 0s
 93400K .......... .......... .......... .......... .......... 92%  183M 0s
 93450K .......... .......... .......... .......... .......... 92%  161M 0s
 93500K .......... .......... .......... .......... .......... 92%  182M 0s
 93550K .......... .......... .......... .......... .......... 92%  182M 0s
 93600K .......... .......... .......... .......... .......... 92%  160M 0s
 93650K .......... .......... .......... .......... .......... 92%  180M 0s
 93700K .......... .......... .......... .......... .......... 92%  162M 0s
 93750K .......... .......... .......... .......... .......... 92%  183M 0s
 93800K .......... .......... .......... .......... .......... 93%  186M 0s
 93850K .......... .......... .......... .......... .......... 93%  155M 0s
 93900K .......... .......... .......... .......... .......... 93%  183M 0s
 93950K .......... .......... .......... .......... .......... 93%  161M 0s
 94000K .......... .......... .......... .......... .......... 93%  181M 0s
 94050K .......... .......... .......... .......... .......... 93%  186M 0s
 94100K .......... .......... .......... .......... .......... 93%  159M 0s
 94150K .......... .......... .......... .......... .......... 93%  178M 0s
 94200K .......... .......... .......... .......... .......... 93%  155M 0s
 94250K .......... .......... .......... .......... .......... 93%  179M 0s
 94300K .......... .......... .......... .......... .......... 93%  180M 0s
 94350K .......... .......... .......... .......... .......... 93%  157M 0s
 94400K .......... .......... .......... .......... .......... 93%  154M 0s
 94450K .......... .......... .......... .......... .......... 93%  154M 0s
 94500K .......... .......... .......... .......... .......... 93%  180M 0s
 94550K .......... .......... .......... .......... .......... 93%  178M 0s
 94600K .......... .......... .......... .......... .......... 93%  158M 0s
 94650K .......... .......... .......... .......... .......... 93%  180M 0s
 94700K .......... .......... .......... .......... .......... 93%  160M 0s
 94750K .......... .......... .......... .......... .......... 93%  182M 0s
 94800K .......... .......... .......... .......... .......... 94%  178M 0s
 94850K .......... .......... .......... .......... .......... 94%  158M 0s
 94900K .......... .......... .......... .......... .......... 94%  181M 0s
 94950K .......... .......... .......... .......... .......... 94%  157M 0s
 95000K .......... .......... .......... .......... .......... 94%  182M 0s
 95050K .......... .......... .......... .......... .......... 94%  176M 0s
 95100K .......... .......... .......... .......... .......... 94%  156M 0s
 95150K .......... .......... .......... .......... .......... 94%  181M 0s
 95200K .......... .......... .......... .......... .......... 94%  155M 0s
 95250K .......... .......... .......... .......... .......... 94%  178M 0s
 95300K .......... .......... .......... .......... .......... 94%  184M 0s
 95350K .......... .......... .......... .......... .......... 94%  156M 0s
 95400K .......... .......... .......... .......... .......... 94%  180M 0s
 95450K .......... .......... .......... .......... .......... 94%  157M 0s
 95500K .......... .......... .......... .......... .......... 94%  184M 0s
 95550K .......... .......... .......... .......... .......... 94%  181M 0s
 95600K .......... .......... .......... .......... .......... 94%  156M 0s
 95650K .......... .......... .......... .......... .......... 94%  182M 0s
 95700K .......... .......... .......... .......... .......... 94%  161M 0s
 95750K .......... .......... .......... .......... .......... 94%  177M 0s
 95800K .......... .......... .......... .......... .......... 95%  183M 0s
 95850K .......... .......... .......... .......... .......... 95%  160M 0s
 95900K .......... .......... .......... .......... .......... 95%  178M 0s
 95950K .......... .......... .......... .......... .......... 95%  157M 0s
 96000K .......... .......... .......... .......... .......... 95%  178M 0s
 96050K .......... .......... .......... .......... .......... 95%  181M 0s
 96100K .......... .......... .......... .......... .......... 95%  154M 0s
 96150K .......... .......... .......... .......... .......... 95%  183M 0s
 96200K .......... .......... .......... .......... .......... 95%  157M 0s
 96250K .......... .......... .......... .......... .......... 95%  178M 0s
 96300K .......... .......... .......... .......... .......... 95%  181M 0s
 96350K .......... .......... .......... .......... .......... 95%  157M 0s
 96400K .......... .......... .......... .......... .......... 95%  178M 0s
 96450K .......... .......... .......... .......... .......... 95%  153M 0s
 96500K .......... .......... .......... .......... .......... 95%  180M 0s
 96550K .......... .......... .......... .......... .......... 95%  182M 0s
 96600K .......... .......... .......... .......... .......... 95%  155M 0s
 96650K .......... .......... .......... .......... .......... 95%  179M 0s
 96700K .......... .......... .......... .......... .......... 95%  157M 0s
 96750K .......... .......... .......... .......... .......... 95%  182M 0s
 96800K .......... .......... .......... .......... .......... 95%  177M 0s
 96850K .......... .......... .......... .......... .......... 96%  154M 0s
 96900K .......... .......... .......... .......... .......... 96%  177M 0s
 96950K .......... .......... .......... .......... .......... 96%  154M 0s
 97000K .......... .......... .......... .......... .......... 96%  179M 0s
 97050K .......... .......... .......... .......... .......... 96%  179M 0s
 97100K .......... .......... .......... .......... .......... 96%  153M 0s
 97150K .......... .......... .......... .......... .......... 96%  177M 0s
 97200K .......... .......... .......... .......... .......... 96%  154M 0s
 97250K .......... .......... .......... .......... .......... 96%  178M 0s
 97300K .......... .......... .......... .......... .......... 96%  175M 0s
 97350K .......... .......... .......... .......... .......... 96%  151M 0s
 97400K .......... .......... .......... .......... .......... 96%  179M 0s
 97450K .......... .......... .......... .......... .......... 96%  156M 0s
 97500K .......... .......... .......... .......... .......... 96%  177M 0s
 97550K .......... .......... .......... .......... .......... 96%  175M 0s
 97600K .......... .......... .......... .......... .......... 96%  157M 0s
 97650K .......... .......... .......... .......... .......... 96%  176M 0s
 97700K .......... .......... .......... .......... .......... 96%  156M 0s
 97750K .......... .......... .......... .......... .......... 96%  179M 0s
 97800K .......... .......... .......... .......... .......... 96%  177M 0s
 97850K .......... .......... .......... .......... .......... 97%  154M 0s
 97900K .......... .......... .......... .......... .......... 97%  177M 0s
 97950K .......... .......... .......... .......... .......... 97%  160M 0s
 98000K .......... .......... .......... .......... .......... 97%  179M 0s
 98050K .......... .......... .......... .......... .......... 97%  177M 0s
 98100K .......... .......... .......... .......... .......... 97%  156M 0s
 98150K .......... .......... .......... .......... .......... 97%  177M 0s
 98200K .......... .......... .......... .......... .......... 97%  156M 0s
 98250K .......... .......... .......... .......... .......... 97%  176M 0s
 98300K .......... .......... .......... .......... .......... 97%  143M 0s
 98350K .......... .......... .......... .......... .......... 97%  151M 0s
 98400K .......... .......... .......... .......... .......... 97%  179M 0s
 98450K .......... .......... .......... .......... .......... 97%  157M 0s
 98500K .......... .......... .......... .......... .......... 97%  181M 0s
 98550K .......... .......... .......... .......... .......... 97%  179M 0s
 98600K .......... .......... .......... .......... .......... 97%  155M 0s
 98650K .......... .......... .......... .......... .......... 97%  179M 0s
 98700K .......... .......... .......... .......... .......... 97%  160M 0s
 98750K .......... .......... .......... .......... .......... 97%  183M 0s
 98800K .......... .......... .......... .......... .......... 97%  181M 0s
 98850K .......... .......... .......... .......... .......... 98%  159M 0s
 98900K .......... .......... .......... .......... .......... 98%  179M 0s
 98950K .......... .......... .......... .......... .......... 98%  160M 0s
 99000K .......... .......... .......... .......... .......... 98%  182M 0s
 99050K .......... .......... .......... .......... .......... 98%  181M 0s
 99100K .......... .......... .......... .......... .......... 98%  157M 0s
 99150K .......... .......... .......... .......... .......... 98%  184M 0s
 99200K .......... .......... .......... .......... .......... 98%  157M 0s
 99250K .......... .......... .......... .......... .......... 98%  183M 0s
 99300K .......... .......... .......... .......... .......... 98%  179M 0s
 99350K .......... .......... .......... .......... .......... 98%  159M 0s
 99400K .......... .......... .......... .......... .......... 98%  182M 0s
 99450K .......... .......... .......... .......... .......... 98%  164M 0s
 99500K .......... .......... .......... .......... .......... 98%  186M 0s
 99550K .......... .......... .......... .......... .......... 98%  178M 0s
 99600K .......... .......... .......... .......... .......... 98%  159M 0s
 99650K .......... .......... .......... .......... .......... 98%  184M 0s
 99700K .......... .......... .......... .......... .......... 98%  158M 0s
 99750K .......... .......... .......... .......... .......... 98%  186M 0s
 99800K .......... .......... .......... .......... .......... 98%  186M 0s
 99850K .......... .......... .......... .......... .......... 99%  159M 0s
 99900K .......... .......... .......... .......... .......... 99%  180M 0s
 99950K .......... .......... .......... .......... .......... 99%  160M 0s
100000K .......... .......... .......... .......... .......... 99%  185M 0s
100050K .......... .......... .......... .......... .......... 99%  181M 0s
100100K .......... .......... .......... .......... .......... 99%  158M 0s
100150K .......... .......... .......... .......... .......... 99%  182M 0s
100200K .......... .......... .......... .......... .......... 99%  162M 0s
100250K .......... .......... .......... .......... .......... 99%  186M 0s
100300K .......... .......... .......... .......... .......... 99%  186M 0s
100350K .......... .......... .......... .......... .......... 99%  162M 0s
100400K .......... .......... .......... .......... .......... 99%  186M 0s
100450K .......... .......... .......... .......... .......... 99%  161M 0s
100500K .......... .......... .......... .......... .......... 99%  187M 0s
100550K .......... .......... .......... .......... .......... 99%  184M 0s
100600K .......... .......... .......... .......... .......... 99%  159M 0s
100650K .......... .......... .......... .......... .......... 99%  184M 0s
100700K .......... .......... .......... .......... .......... 99%  163M 0s
100750K .......... .......... .......... .......... .......... 99%  185M 0s
100800K .......... .......... .......... .......... .......... 99%  184M 0s
100850K .......... .......... .......... ........             100%  168M=1.1s

2026-06-03 05:26:43 (87.1 MB/s) - ‘Ma_xp_A1900_n60_r16_v00_90000.hdf5’ saved [103309864/103309864]

File ‘Ma_xp_A1900_n60_r16_v00_90000_fof_0.003_0000.hdf5’ already there; not retrieving.

File ‘Ma_xp_A1900_n65_r11_v00_89000_fof_0.002_0000.hdf5’ already there; not retrieving.

--2026-06-03 05:26:44--  https://virgodb.cosma.dur.ac.uk/downloads/kegerreisDownload/Ma_xp_A1900_n65_r12_v00_90000.hdf5
Reusing existing connection to [virgodb.cosma.dur.ac.uk]:443.
HTTP request sent, awaiting response... 200 OK
Length: 307564536 (293M)
Saving to: ‘Ma_xp_A1900_n65_r12_v00_90000.hdf5’

     0K .......... .......... .......... .......... ..........  0%  660K 7m35s
    50K .......... .......... .......... .......... ..........  0% 6.53M 4m10s
   100K .......... .......... .......... .......... ..........  0% 3.35M 3m16s
   150K .......... .......... .......... .......... ..........  0% 6.76M 2m38s
   200K .......... .......... .......... .......... ..........  0% 3.22M 2m24s
   250K .......... .......... .......... .......... ..........  0%  178M 2m1s
   300K .......... .......... .......... .......... ..........  0%  170M 1m44s
   350K .......... .......... .......... .......... ..........  0%  151M 91s
   400K .......... .......... .......... .......... ..........  0%  173M 81s
   450K .......... .......... .......... .......... ..........  0%  156M 73s
   500K .......... .......... .......... .......... ..........  0%  169M 67s
   550K .......... .......... .......... .......... ..........  0%  181M 61s
   600K .......... .......... .......... .......... ..........  0%  157M 57s
   650K .......... .......... .......... .......... ..........  0%  177M 53s
   700K .......... .......... .......... .......... ..........  0%  162M 49s
   750K .......... .......... .......... .......... ..........  0%  205M 46s
   800K .......... .......... .......... .......... ..........  0%  194M 44s
   850K .......... .......... .......... .......... ..........  0%  152M 41s
   900K .......... .......... .......... .......... ..........  0%  174M 39s
   950K .......... .......... .......... .......... ..........  0%  158M 37s
  1000K .......... .......... .......... .......... ..........  0%  176M 36s
  1050K .......... .......... .......... .......... ..........  0%  179M 34s
  1100K .......... .......... .......... .......... ..........  0%  156M 33s
  1150K .......... .......... .......... .......... ..........  0%  174M 31s
  1200K .......... .......... .......... .......... ..........  0%  156M 30s
  1250K .......... .......... .......... .......... ..........  0%  182M 29s
  1300K .......... .......... .......... .......... ..........  0%  181M 28s
  1350K .......... .......... .......... .......... ..........  0%  155M 27s
  1400K .......... .......... .......... .......... ..........  0%  181M 26s
  1450K .......... .......... .......... .......... ..........  0%  162M 25s
  1500K .......... .......... .......... .......... ..........  0%  182M 25s
  1550K .......... .......... .......... .......... ..........  0%  181M 24s
  1600K .......... .......... .......... .......... ..........  0%  158M 23s
  1650K .......... .......... .......... .......... ..........  0%  181M 23s
  1700K .......... .......... .......... .......... ..........  0%  158M 22s
  1750K .......... .......... .......... .......... ..........  0%  181M 21s
  1800K .......... .......... .......... .......... ..........  0%  181M 21s
  1850K .......... .......... .......... .......... ..........  0%  157M 20s
  1900K .......... .......... .......... .......... ..........  0%  181M 20s
  1950K .......... .......... .......... .......... ..........  0%  157M 19s
  2000K .......... .......... .......... .......... ..........  0%  180M 19s
  2050K .......... .......... .......... .......... ..........  0%  177M 19s
  2100K .......... .......... .......... .......... ..........  0%  156M 18s
  2150K .......... .......... .......... .......... ..........  0%  180M 18s
  2200K .......... .......... .......... .......... ..........  0%  160M 17s
  2250K .......... .......... .......... .......... ..........  0%  178M 17s
  2300K .......... .......... .......... .......... ..........  0%  180M 17s
  2350K .......... .......... .......... .......... ..........  0%  153M 16s
  2400K .......... .......... .......... .......... ..........  0%  182M 16s
  2450K .......... .......... .......... .......... ..........  0%  158M 16s
  2500K .......... .......... .......... .......... ..........  0%  179M 16s
  2550K .......... .......... .......... .......... ..........  0%  183M 15s
  2600K .......... .......... .......... .......... ..........  0%  160M 15s
  2650K .......... .......... .......... .......... ..........  0%  185M 15s
  2700K .......... .......... .......... .......... ..........  0%  169M 15s
  2750K .......... .......... .......... .......... ..........  0%  189M 14s
  2800K .......... .......... .......... .......... ..........  0%  183M 14s
  2850K .......... .......... .......... .......... ..........  0%  162M 14s
  2900K .......... .......... .......... .......... ..........  0%  182M 14s
  2950K .......... .......... .......... .......... ..........  0%  161M 13s
  3000K .......... .......... .......... .......... ..........  1%  183M 13s
  3050K .......... .......... .......... .......... ..........  1%  184M 13s
  3100K .......... .......... .......... .......... ..........  1%  160M 13s
  3150K .......... .......... .......... .......... ..........  1%  182M 13s
  3200K .......... .......... .......... .......... ..........  1%  160M 13s
  3250K .......... .......... .......... .......... ..........  1%  181M 12s
  3300K .......... .......... .......... .......... ..........  1%  182M 12s
  3350K .......... .......... .......... .......... ..........  1%  161M 12s
  3400K .......... .......... .......... .......... ..........  1%  184M 12s
  3450K .......... .......... .......... .......... ..........  1%  159M 12s
  3500K .......... .......... .......... .......... ..........  1%  183M 12s
  3550K .......... .......... .......... .......... ..........  1%  186M 11s
  3600K .......... .......... .......... .......... ..........  1%  161M 11s
  3650K .......... .......... .......... .......... ..........  1%  178M 11s
  3700K .......... .......... .......... .......... ..........  1%  164M 11s
  3750K .......... .......... .......... .......... ..........  1%  186M 11s
  3800K .......... .......... .......... .......... ..........  1%  183M 11s
  3850K .......... .......... .......... .......... ..........  1%  156M 11s
  3900K .......... .......... .......... .......... ..........  1%  183M 11s
  3950K .......... .......... .......... .......... ..........  1%  162M 10s
  4000K .......... .......... .......... .......... ..........  1%  182M 10s
  4050K .......... .......... .......... .......... ...