mass_code,spin_code,spin_orientation,spin_period_hr,resolution_code,periapsis_code,periapsis_rm,velocity_code,v_inf_kms,v_inf_source,timestep,fof_linking_length,physical_output_type,physical_snapshot_date,physical_file,scenario_name,fof_file,row_count_aggregated,physical_file_count,n_fragments,n_fragments_min,n_fragments_max,total_fragment_mass_kg,total_fragment_mass_kg_min,total_fragment_mass_kg_max,bound_fragment_count,bound_fragment_count_min,bound_fragment_count_max,bound_mass_kg,bound_mass_kg_min,bound_mass_kg_max,bound_mass_fraction,bound_mass_fraction_min,bound_mass_fraction_max,largest_bound_fragment_mass_kg,largest_bound_fragment_mass_kg_min,largest_bound_fragment_mass_kg_max,unbound_fragment_count,unbound_fragment_count_min,unbound_fragment_count_max,unbound_mass_kg,unbound_mass_kg_min,unbound_mass_kg_max,unbound_mass_fraction,unbound_mass_fraction_min,unbound_mass_fraction_max,largest_unbound_fragment_mass_kg,largest_unbound_fragment_mass_kg_min,largest_unbound_fragment_mass_kg_max
A1800,,no_spin,,n60,r12,1.2,v00,0.0,physical_snapshot_filename,90000,0.0001,FullVolume,12:37:53 2022-05-03 BST,Ma_xp_A1800_n60_r12_v00_90000.hdf5,Ma_xp_A1800_n60_r12_v00_90000,Ma_xp_A1800_n60_r12_v00_90000_fof_0.0001_0000.hdf5,1,1,0,0,0,0,0,0,0,0,0,0,0,0,0,0,0,0,0,0,0,0,0,0,0,0,0,0,0,0,0,0
A1800,,no_spin,,n60,r12,1.2,v00,0.0,physical_snapshot_filename,90000,0.0013,FullVolume,12:37:53 2022-05-03 BST,Ma_xp_A1800_n60_r12_v00_90000.hdf5,Ma_xp_A1800_n60_r12_v00_90000,Ma_xp_A1800_n60_r12_v00_90000_fof_0.0013_0000.hdf5,1,1,265,265,265,9.90705977409e+17,9.90705977409e+17,9.90705977409e+17,0,0,0,0,0,0,0,0,0,0,0,0,265,265,265,9.90705977409e+17,9.90705977409e+17,9.90705977409e+17,1,1,1,6.91268565138e+16,6.91268565138e+16,6.91268565138e+16
A1800,,no_spin,,n60,r12,1.2,v00,0.0,physical_snapshot_filename,90000,0.0014,FullVolume,12:37:53 2022-05-03 BST,Ma_xp_A1800_n60_r12_v00_90000.hdf5,Ma_xp_A1800_n60_r12_v00_90000,Ma_xp_A1800_n60_r12_v00_90000_fof_0.0014_0000.hdf5,1,1,265,265,265,9.90898348082e+17,9.90898348082e+17,9.90898348082e+17,0,0,0,0,0,0,0,0,0,0,0,0,265,265,265,9.90898348082e+17,9.90898348082e+17,9.90898348082e+17,1,1,1,6.91268565138e+16,6.91268565138e+16,6.91268565138e+16
A1800,,no_spin,,n60,r12,1.2,v00,0.0,physical_snapshot_filename,90000,0.0016,FullVolume,12:37:53 2022-05-03 BST,Ma_xp_A1800_n60_r12_v00_90000.hdf5,Ma_xp_A1800_n60_r12_v00_90000,Ma_xp_A1800_n60_r12_v00_90000_fof_0.0016_0000.hdf5,1,1,264,264,264,9.912163079e+17,9.912163079e+17,9.912163079e+17,0,0,0,0,0,0,0,0,0,0,0,0,264,264,264,9.912163079e+17,9.912163079e+17,9.912163079e+17,1,1,1,6.91268565138e+16,6.91268565138e+16,6.91268565138e+16
A1800,,no_spin,,n60,r12,1.2,v00,0.0,physical_snapshot_filename,90000,0.002,FullVolume,12:37:53 2022-05-03 BST,Ma_xp_A1800_n60_r12_v00_90000.hdf5,Ma_xp_A1800_n60_r12_v00_90000,Ma_xp_A1800_n60_r12_v00_90000_fof_0.002_0000.hdf5,1,1,265,265,265,9.90898348082e+17,9.90898348082e+17,9.90898348082e+17,0,0,0,0,0,0,0,0,0,0,0,0,265,265,265,9.90898348082e+17,9.90898348082e+17,9.90898348082e+17,1,1,1,6.91268565138e+16,6.91268565138e+16,6.91268565138e+16
A1800,,no_spin,,n60,r16,1.6,v00,0.0,physical_snapshot_filename,90000,0.0001,FullVolume,04:23:16 2022-04-25 BST,Ma_xp_A1800_n60_r16_v00_90000.hdf5,Ma_xp_A1800_n60_r16_v00_90000,Ma_xp_A1800_n60_r16_v00_90000_fof_0.0001_0000.hdf5,1,1,0,0,0,0,0,0,0,0,0,0,0,0,0,0,0,0,0,0,0,0,0,0,0,0,0,0,0,0,0,0
A1800,,no_spin,,n60,r16,1.6,v00,0.0,physical_snapshot_filename,90000,0.0013,FullVolume,04:23:16 2022-04-25 BST,Ma_xp_A1800_n60_r16_v00_90000.hdf5,Ma_xp_A1800_n60_r16_v00_90000,Ma_xp_A1800_n60_r16_v00_90000_fof_0.0013_0000.hdf5,1,1,88,88,88,9.97134945509e+17,9.97134945509e+17,9.97134945509e+17,0,0,0,0,0,0,0,0,0,0,0,0,88,88,88,9.97134945509e+17,9.97134945509e+17,9.97134945509e+17,1,1,1,2.78003531655e+17,2.78003531655e+17,2.78003531655e+17
A1800,,no_spin,,n60,r16,1.6,v00,0.0,physical_snapshot_filename,90000,0.0014,FullVolume,04:23:16 2022-04-25 BST,Ma_xp_A1800_n60_r16_v00_90000.hdf5,Ma_xp_A1800_n60_r16_v00_90000,Ma_xp_A1800_n60_r16_v00_90000_fof_0.0014_0000.hdf5,1,1,88,88,88,9.97234619433e+17,9.97234619433e+17,9.97234619433e+17,0,0,0,0,0,0,0,0,0,0,0,0,88,88,88,9.97234619433e+17,9.97234619433e+17,9.97234619433e+17,1,1,1,2.78003531655e+17,2.78003531655e+17,2.78003531655e+17
A1800,,no_spin,,n60,r16,1.6,v00,0.0,physical_snapshot_filename,90000,0.0016,FullVolume,04:23:16 2022-04-25 BST,Ma_xp_A1800_n60_r16_v00_90000.hdf5,Ma_xp_A1800_n60_r16_v00_90000,Ma_xp_A1800_n60_r16_v00_90000_fof_0.0016_0000.hdf5,1,1,88,88,88,9.97344260749e+17,9.97344260749e+17,9.97344260749e+17,0,0,0,0,0,0,0,0,0,0,0,0,88,88,88,9.97344260749e+17,9.97344260749e+17,9.97344260749e+17,1,1,1,2.78003531655e+17,2.78003531655e+17,2.78003531655e+17
A1800,,no_spin,,n60,r16,1.6,v00,0.0,physical_snapshot_filename,90000,0.002,FullVolume,04:23:16 2022-04-25 BST,Ma_xp_A1800_n60_r16_v00_90000.hdf5,Ma_xp_A1800_n60_r16_v00_90000,Ma_xp_A1800_n60_r16_v00_90000_fof_0.002_0000.hdf5,1,1,88,88,88,9.97496761853e+17,9.97496761853e+17,9.97496761853e+17,0,0,0,0,0,0,0,0,0,0,0,0,88,88,88,9.97496761853e+17,9.97496761853e+17,9.97496761853e+17,1,1,1,2.78003531655e+17,2.78003531655e+17,2.78003531655e+17
A1850,,no_spin,,n60,r12,1.2,v00,0.0,physical_snapshot_filename,90000,0.0014,FullVolume,18:58:31 2022-04-21 BST,Ma_xp_A1850_n60_r12_v00_90000.hdf5,Ma_xp_A1850_n60_r12_v00_90000,Ma_xp_A1850_n60_r12_v00_90000_fof_0.0014_0000.hdf5,1,1,132,132,132,3.15259924965e+18,3.15259924965e+18,3.15259924965e+18,0,0,0,0,0,0,0,0,0,0,0,0,132,132,132,3.15259924965e+18,3.15259924965e+18,3.15259924965e+18,1,1,1,1.74053362233e+17,1.74053362233e+17,1.74053362233e+17
A1850,,no_spin,,n60,r12,1.2,v00,0.0,physical_snapshot_filename,90000,0.0019,FullVolume,18:58:31 2022-04-21 BST,Ma_xp_A1850_n60_r12_v00_90000.hdf5,Ma_xp_A1850_n60_r12_v00_90000,Ma_xp_A1850_n60_r12_v00_90000_fof_0.0019_0000.hdf5,1,1,135,135,135,3.15458834086e+18,3.15458834086e+18,3.15458834086e+18,0,0,0,0,0,0,0,0,0,0,0,0,135,135,135,3.15458834086e+18,3.15458834086e+18,3.15458834086e+18,1,1,1,1.74075428221e+17,1.74075428221e+17,1.74075428221e+17
A1850,,no_spin,,n60,r12,1.2,v00,0.0,physical_snapshot_filename,90000,0.002,FullVolume,18:58:31 2022-04-21 BST,Ma_xp_A1850_n60_r12_v00_90000.hdf5,Ma_xp_A1850_n60_r12_v00_90000,Ma_xp_A1850_n60_r12_v00_90000_fof_0.002_0000.hdf5,1,1,135,135,135,3.15474910735e+18,3.15474910735e+18,3.15474910735e+18,0,0,0,0,0,0,0,0,0,0,0,0,135,135,135,3.15474910735e+18,3.15474910735e+18,3.15474910735e+18,1,1,1,1.74075428221e+17,1.74075428221e+17,1.74075428221e+17
A1850,,no_spin,,n60,r12,1.2,v00,0.0,physical_snapshot_filename,90000,0.0024,FullVolume,18:58:31 2022-04-21 BST,Ma_xp_A1850_n60_r12_v00_90000.hdf5,Ma_xp_A1850_n60_r12_v00_90000,Ma_xp_A1850_n60_r12_v00_90000_fof_0.0024_0000.hdf5,1,1,135,135,135,3.15520934082e+18,3.15520934082e+18,3.15520934082e+18,0,0,0,0,0,0,0,0,0,0,0,0,135,135,135,3.15520934082e+18,3.15520934082e+18,3.15520934082e+18,1,1,1,1.74084885073e+17,1.74084885073e+17,1.74084885073e+17
A1850,,no_spin,,n60,r16,1.6,v00,0.0,physical_snapshot_filename,90000,0.0014,FullVolume,04:04:06 2022-04-25 BST,Ma_xp_A1850_n60_r16_v00_90000.hdf5,Ma_xp_A1850_n60_r16_v00_90000,Ma_xp_A1850_n60_r16_v00_90000_fof_0.0014_0000.hdf5,1,1,61,61,61,3.15722049802e+18,3.15722049802e+18,3.15722049802e+18,0,0,0,0,0,0,0,0,0,0,0,0,61,61,61,3.15722049802e+18,3.15722049802e+18,3.15722049802e+18,1,1,1,6.63322517455e+17,6.63322517455e+17,6.63322517455e+17
A1850,,no_spin,,n60,r16,1.6,v00,0.0,physical_snapshot_filename,90000,0.0019,FullVolume,04:04:06 2022-04-25 BST,Ma_xp_A1850_n60_r16_v00_90000.hdf5,Ma_xp_A1850_n60_r16_v00_90000,Ma_xp_A1850_n60_r16_v00_90000_fof_0.0019_0000.hdf5,1,1,61,61,61,3.15805900557e+18,3.15805900557e+18,3.15805900557e+18,0,0,0,0,0,0,0,0,0,0,0,0,61,61,61,3.15805900557e+18,3.15805900557e+18,3.15805900557e+18,1,1,1,6.63331974307e+17,6.63331974307e+17,6.63331974307e+17
A1850,,no_spin,,n60,r16,1.6,v00,0.0,physical_snapshot_filename,90000,0.002,FullVolume,04:04:06 2022-04-25 BST,Ma_xp_A1850_n60_r16_v00_90000.hdf5,Ma_xp_A1850_n60_r16_v00_90000,Ma_xp_A1850_n60_r16_v00_90000_fof_0.002_0000.hdf5,1,1,61,61,61,3.15809998527e+18,3.15809998527e+18,3.15809998527e+18,0,0,0,0,0,0,0,0,0,0,0,0,61,61,61,3.15809998527e+18,3.15809998527e+18,3.15809998527e+18,1,1,1,6.63331974307e+17,6.63331974307e+17,6.63331974307e+17
A1850,,no_spin,,n60,r16,1.6,v00,0.0,physical_snapshot_filename,90000,0.0024,FullVolume,04:04:06 2022-04-25 BST,Ma_xp_A1850_n60_r16_v00_90000.hdf5,Ma_xp_A1850_n60_r16_v00_90000,Ma_xp_A1850_n60_r16_v00_90000_fof_0.0024_0000.hdf5,1,1,61,61,61,3.1581724878e+18,3.1581724878e+18,3.1581724878e+18,0,0,0,0,0,0,0,0,0,0,0,0,61,61,61,3.1581724878e+18,3.1581724878e+18,3.1581724878e+18,1,1,1,6.63331974307e+17,6.63331974307e+17,6.63331974307e+17
A1900,,no_spin,,n50,r12,1.2,v00,0.0,physical_snapshot_filename,90000,0.006,FullVolume,22:56:43 2022-03-06 GMT,Ma_xp_A1900_n50_r12_v00_90000.hdf5,Ma_xp_A1900_n50_r12_v00_90000,Ma_xp_A1900_n50_r12_v00_90000_fof_0.006_0000.hdf5,1,1,47,47,47,9.97711377992e+18,9.97711377992e+18,9.97711377992e+18,0,0,0,0,0,0,0,0,0,0,0,0,47,47,47,9.97711377992e+18,9.97711377992e+18,9.97711377992e+18,1,1,1,9.54593573754e+17,9.54593573754e+17,9.54593573754e+17
A1900,,no_spin,,n55,r12,1.2,v00,0.0,physical_snapshot_filename,90000,0.004,FullVolume,07:30:32 2022-03-07 GMT,Ma_xp_A1900_n55_r12_v00_90000.hdf5,Ma_xp_A1900_n55_r12_v00_90000,Ma_xp_A1900_n55_r12_v00_90000_fof_0.004_0000.hdf5,1,1,72,72,72,9.98386401306e+18,9.98386401306e+18,9.98386401306e+18,0,0,0,0,0,0,0,0,0,0,0,0,72,72,72,9.98386401306e+18,9.98386401306e+18,9.98386401306e+18,1,1,1,9.02370612044e+17,9.02370612044e+17,9.02370612044e+17
A1900,,no_spin,,n60,r12,1.2,v00,0.0,physical_snapshot_filename,90000,0.003,FullVolume,15:11:00 2022-03-10 GMT,Ma_xp_A1900_n60_r12_v00_90000.hdf5,Ma_xp_A1900_n60_r12_v00_90000,Ma_xp_A1900_n60_r12_v00_90000_fof_0.003_0000.hdf5,1,1,123,123,123,9.98848756743e+18,9.98848756743e+18,9.98848756743e+18,1,1,1,1.83544827289e+17,1.83544827289e+17,1.83544827289e+17,0.0183756375578,0.0183756375578,0.0183756375578,1.83544827289e+17,1.83544827289e+17,1.83544827289e+17,122,122,122,9.80494274015e+18,9.80494274015e+18,9.80494274015e+18,0.981624362442,0.981624362442,0.981624362442,6.40303258437e+17,6.40303258437e+17,6.40303258437e+17
A1900,,no_spin,,n65,r12,1.2,v00,0.0,physical_snapshot_filename,90000,0.0019,FullVolume,09:29:32 2022-04-30 BST,Ma_xp_A1900_n65_r12_v00_90000.hdf5,Ma_xp_A1900_n65_r12_v00_90000,Ma_xp_A1900_n65_r12_v00_90000_fof_0.0019_0000.hdf5,1,1,219,219,219,9.98850818593e+18,9.98850818593e+18,9.98850818593e+18,0,0,0,0,0,0,0,0,0,0,0,0,219,219,219,9.98850818593e+18,9.98850818593e+18,9.98850818593e+18,1,1,1,7.12715026042e+17,7.12715026042e+17,7.12715026042e+17
A1900,,no_spin,,n65,r12,1.2,v00,0.0,physical_snapshot_filename,90000,0.002,FullVolume,09:29:32 2022-04-30 BST,Ma_xp_A1900_n65_r12_v00_90000.hdf5,Ma_xp_A1900_n65_r12_v00_90000,Ma_xp_A1900_n65_r12_v00_90000_fof_0.002_0000.hdf5,1,1,219,219,219,9.98878387378e+18,9.98878387378e+18,9.98878387378e+18,0,0,0,0,0,0,0,0,0,0,0,0,219,219,219,9.98878387378e+18,9.98878387378e+18,9.98878387378e+18,1,1,1,7.12715026042e+17,7.12715026042e+17,7.12715026042e+17
A1900,,no_spin,,n70,r12,1.2,v00,0.0,physical_snapshot_filename,90000,0.001,FullVolume,21:34:33 2023-01-08 GMT,Ma_xp_A1900_n70_r12_v00_90000.hdf5,Ma_xp_A1900_n70_r12_v00_90000,Ma_xp_A1900_n70_r12_v00_90000_fof_0.001_0000.hdf5,1,1,1189,1189,1189,9.75248906539e+18,9.75248906539e+18,9.75248906539e+18,2,2,2,1.18375592143e+17,1.18375592143e+17,1.18375592143e+17,0.0121379876818,0.0121379876818,0.0121379876818,1.18355793417e+17,1.18355793417e+17,1.18355793417e+17,1187,1187,1187,9.63411347325e+18,9.63411347325e+18,9.63411347325e+18,0.987862012318,0.987862012318,0.987862012318,5.16919984502e+17,5.16919984502e+17,5.16919984502e+17
A1900,,no_spin,,n65,r13,1.3,v00,0.0,physical_snapshot_filename,90000,0.002,FullVolume,10:41:40 2022-07-08 BST,Ma_xp_A1900_n65_r13_v00_90000.hdf5,Ma_xp_A1900_n65_r13_v00_90000,Ma_xp_A1900_n65_r13_v00_90000_fof_0.002_0000.hdf5,1,1,252,252,252,9.98557148596e+18,9.98557148596e+18,9.98557148596e+18,0,0,0,0,0,0,0,0,0,0,0,0,252,252,252,9.98557148596e+18,9.98557148596e+18,9.98557148596e+18,1,1,1,7.1849826401e+17,7.1849826401e+17,7.1849826401e+17
A1900,,no_spin,,n65,r14,1.4,v00,0.0,physical_snapshot_filename,90000,0.002,FullVolume,10:42:54 2022-07-18 BST,Ma_xp_A1900_n65_r14_v00_90000.hdf5,Ma_xp_A1900_n65_r14_v00_90000,Ma_xp_A1900_n65_r14_v00_90000_fof_0.002_0000.hdf5,1,1,248,248,248,9.98832836434e+18,9.98832836434e+18,9.98832836434e+18,0,0,0,0,0,0,0,0,0,0,0,0,248,248,248,9.98832836434e+18,9.98832836434e+18,9.98832836434e+18,1,1,1,8.00894853921e+17,8.00894853921e+17,8.00894853921e+17
A1900,,no_spin,,n65,r15,1.5,v00,0.0,physical_snapshot_filename,90000,0.002,FullVolume,14:32:03 2022-07-11 BST,Ma_xp_A1900_n65_r15_v00_90000.hdf5,Ma_xp_A1900_n65_r15_v00_90000,Ma_xp_A1900_n65_r15_v00_90000_fof_0.002_0000.hdf5,1,1,198,198,198,9.98777079343e+18,9.98777079343e+18,9.98777079343e+18,0,0,0,0,0,0,0,0,0,0,0,0,198,198,198,9.98777079343e+18,9.98777079343e+18,9.98777079343e+18,1,1,1,9.76436761824e+17,9.76436761824e+17,9.76436761824e+17
A1900,,no_spin,,n50,r16,1.6,v00,0.0,physical_snapshot_filename,90000,0.006,FullVolume,00:16:41 2022-03-07 GMT,Ma_xp_A1900_n50_r16_v00_90000.hdf5,Ma_xp_A1900_n50_r16_v00_90000,Ma_xp_A1900_n50_r16_v00_90000_fof_0.006_0000.hdf5,1,1,17,17,17,9.99018536021e+18,9.99018536021e+18,9.99018536021e+18,0,0,0,0,0,0,0,0,0,0,0,0,17,17,17,9.99018536021e+18,9.99018536021e+18,9.99018536021e+18,1,1,1,4.20996938304e+18,4.20996938304e+18,4.20996938304e+18
A1900,,no_spin,,n55,r16,1.6,v00,0.0,physical_snapshot_filename,90000,0.004,FullVolume,09:47:42 2022-03-07 GMT,Ma_xp_A1900_n55_r16_v00_90000.hdf5,Ma_xp_A1900_n55_r16_v00_90000,Ma_xp_A1900_n55_r16_v00_90000_fof_0.004_0000.hdf5,1,1,36,36,36,9.99037525594e+18,9.99037525594e+18,9.99037525594e+18,0,0,0,0,0,0,0,0,0,0,0,0,36,36,36,9.99037525594e+18,9.99037525594e+18,9.99037525594e+18,1,1,1,2.83755582213e+18,2.83755582213e+18,2.83755582213e+18
A1900,,no_spin,,n60,r16,1.6,v00,0.0,physical_snapshot_filename,90000,0.003,FullVolume,01:09:47 2022-03-11 GMT,Ma_xp_A1900_n60_r16_v00_90000.hdf5,Ma_xp_A1900_n60_r16_v00_90000,Ma_xp_A1900_n60_r16_v00_90000_fof_0.003_0000.hdf5,1,1,63,63,63,9.99075072201e+18,9.99075072201e+18,9.99075072201e+18,0,0,0,0,0,0,0,0,0,0,0,0,63,63,63,9.99075072201e+18,9.99075072201e+18,9.99075072201e+18,1,1,1,2.64180925232e+18,2.64180925232e+18,2.64180925232e+18
A1900,,no_spin,,n65,r16,1.6,v00,0.0,physical_snapshot_filename,90000,0.0019,FullVolume,04:16:54 2022-05-06 BST,Ma_xp_A1900_n65_r16_v00_90000.hdf5,Ma_xp_A1900_n65_r16_v00_90000,Ma_xp_A1900_n65_r16_v00_90000_fof_0.0019_0000.hdf5,1,1,147,147,147,9.99098008363e+18,9.99098008363e+18,9.99098008363e+18,0,0,0,0,0,0,0,0,0,0,0,0,147,147,147,9.99098008363e+18,9.99098008363e+18,9.99098008363e+18,1,1,1,2.01614856121e+18,2.01614856121e+18,2.01614856121e+18
A1900,,no_spin,,n65,r16,1.6,v00,0.0,physical_snapshot_filename,90000,0.002,FullVolume,04:16:54 2022-05-06 BST,Ma_xp_A1900_n65_r16_v00_90000.hdf5,Ma_xp_A1900_n65_r16_v00_90000,Ma_xp_A1900_n65_r16_v00_90000_fof_0.002_0000.hdf5,1,1,146,146,146,9.99115664776e+18,9.99115664776e+18,9.99115664776e+18,0,0,0,0,0,0,0,0,0,0,0,0,146,146,146,9.99115664776e+18,9.99115664776e+18,9.99115664776e+18,1,1,1,2.01615165883e+18,2.01615165883e+18,2.01615165883e+18
A1900,,no_spin,,n65,r17,1.7,v00,0.0,physical_snapshot_filename,90000,0.002,FullVolume,10:03:14 2022-07-24 BST,Ma_xp_A1900_n65_r17_v00_90000.hdf5,Ma_xp_A1900_n65_r17_v00_90000,Ma_xp_A1900_n65_r17_v00_90000_fof_0.002_0000.hdf5,1,1,116,116,116,9.99355404279e+18,9.99355404279e+18,9.99355404279e+18,0,0,0,0,0,0,0,0,0,0,0,0,116,116,116,9.99355404279e+18,9.99355404279e+18,9.99355404279e+18,1,1,1,3.06677629547e+18,3.06677629547e+18,3.06677629547e+18
A1900,,no_spin,,n65,r18,1.8,v00,0.0,physical_snapshot_filename,90000,0.002,FullVolume,21:25:04 2022-08-12 BST,Ma_xp_A1900_n65_r18_v00_90000.hdf5,Ma_xp_A1900_n65_r18_v00_90000,Ma_xp_A1900_n65_r18_v00_90000_fof_0.002_0000.hdf5,1,1,36,36,36,9.99609408773e+18,9.99609408773e+18,9.99609408773e+18,0,0,0,0,0,0,0,0,0,0,0,0,36,36,36,9.99609408773e+18,9.99609408773e+18,9.99609408773e+18,1,1,1,7.49210818461e+18,7.49210818461e+18,7.49210818461e+18
A1900,,no_spin,,n65,r19,1.9,v00,0.0,physical_snapshot_filename,90000,0.002,FullVolume,07:02:51 2022-08-08 BST,Ma_xp_A1900_n65_r19_v00_90000.hdf5,Ma_xp_A1900_n65_r19_v00_90000,Ma_xp_A1900_n65_r19_v00_90000_fof_0.002_0000.hdf5,1,1,2,2,2,9.99815710008e+18,9.99815710008e+18,9.99815710008e+18,0,0,0,0,0,0,0,0,0,0,0,0,2,2,2,9.99815710008e+18,9.99815710008e+18,9.99815710008e+18,1,1,1,6.59510359409e+18,6.59510359409e+18,6.59510359409e+18
A1900,,no_spin,,n65,r26,2.6,v00,0.0,physical_snapshot_filename,90000,0.002,FullVolume,06:56:19 2022-08-08 BST,Ma_xp_A1900_n65_r26_v00_90000.hdf5,Ma_xp_A1900_n65_r26_v00_90000,Ma_xp_A1900_n65_r26_v00_90000_fof_0.002_0000.hdf5,1,1,1,1,1,9.99815710016e+18,9.99815710016e+18,9.99815710016e+18,0,0,0,0,0,0,0,0,0,0,0,0,1,1,1,9.99815710016e+18,9.99815710016e+18,9.99815710016e+18,1,1,1,9.99815710016e+18,9.99815710016e+18,9.99815710016e+18
A1900,s030x,equatorial,3.0,n65,r12,1.2,v00,0.0,physical_snapshot_filename,90000,0.002,FullVolume,22:27:24 2022-07-31 BST,Ma_xp_A1900_s030x_n65_r12_v00_90000.hdf5,Ma_xp_A1900_s030x_n65_r12_v00_90000,Ma_xp_A1900_s030x_n65_r12_v00_90000_fof_0.002_0000.hdf5,1,1,3162,3162,3162,9.48148386142e+18,9.48148386142e+18,9.48148386142e+18,75,75,75,1.41352513333e+17,1.41352513333e+17,1.41352513333e+17,0.0149082691485,0.0149082691485,0.0149082691485,7.91486593066e+16,7.91486593066e+16,7.91486593066e+16,3087,3087,3087,9.34013134808e+18,9.34013134808e+18,9.34013134808e+18,0.985091730852,0.985091730852,0.985091730852,1.35365095231e+17,1.35365095231e+17,1.35365095231e+17
A1900,s030z,prograde_z,3.0,n65,r12,1.2,v00,0.0,physical_snapshot_filename,90000,0.002,FullVolume,14:29:26 2022-05-07 BST,Ma_xp_A1900_s030z_n65_r12_v00_90000.hdf5,Ma_xp_A1900_s030z_n65_r12_v00_90000,Ma_xp_A1900_s030z_n65_r12_v00_90000_fof_0.002_0000.hdf5,1,1,398,398,398,1.00002497407e+19,1.00002497407e+19,1.00002497407e+19,65,65,65,7.33995968642e+17,7.33995968642e+17,7.33995968642e+17,0.0733977638233,0.0733977638233,0.0733977638233,1.28582101722e+17,1.28582101722e+17,1.28582101722e+17,333,333,333,9.26625377206e+18,9.26625377206e+18,9.26625377206e+18,0.926602236177,0.926602236177,0.926602236177,3.31552088801e+17,3.31552088801e+17,3.31552088801e+17
A1900,s030z,prograde_z,3.0,n65,r13,1.3,v00,0.0,physical_snapshot_filename,90000,0.002,FullVolume,17:51:14 2022-06-23 BST,Ma_xp_A1900_s030z_n65_r13_v00_90000.hdf5,Ma_xp_A1900_s030z_n65_r13_v00_90000,Ma_xp_A1900_s030z_n65_r13_v00_90000_fof_0.002_0000.hdf5,1,1,394,394,394,9.81144796903e+18,9.81144796903e+18,9.81144796903e+18,57,57,57,6.86077606085e+17,6.86077606085e+17,6.86077606085e+17,0.0699262339515,0.0699262339515,0.0699262339515,1.01253611051e+17,1.01253611051e+17,1.01253611051e+17,337,337,337,9.12537036295e+18,9.12537036295e+18,9.12537036295e+18,0.930073766049,0.930073766049,0.930073766049,2.581721436e+17,2.581721436e+17,2.581721436e+17
A1900,s030z,prograde_z,3.0,n65,r15,1.5,v00,0.0,physical_snapshot_filename,90000,0.002,FullVolume,12:38:56 2022-06-30 BST,Ma_xp_A1900_s030z_n65_r15_v00_90000.hdf5,Ma_xp_A1900_s030z_n65_r15_v00_90000,Ma_xp_A1900_s030z_n65_r15_v00_90000_fof_0.002_0000.hdf5,1,1,407,407,407,9.9983321187e+18,9.9983321187e+18,9.9983321187e+18,44,44,44,6.15356974695e+17,6.15356974695e+17,6.15356974695e+17,0.0615459626055,0.0615459626055,0.0615459626055,8.7579856846e+16,8.7579856846e+16,8.7579856846e+16,363,363,363,9.38297514401e+18,9.38297514401e+18,9.38297514401e+18,0.938454037395,0.938454037395,0.938454037395,3.27200196237e+17,3.27200196237e+17,3.27200196237e+17
A1900,s030z,prograde_z,3.0,n65,r16,1.6,v00,0.0,physical_snapshot_filename,90000,0.002,FullVolume,02:06:59 2022-06-30 BST,Ma_xp_A1900_s030z_n65_r16_v00_90000.hdf5,Ma_xp_A1900_s030z_n65_r16_v00_90000,Ma_xp_A1900_s030z_n65_r16_v00_90000_fof_0.002_0000.hdf5,1,1,393,393,393,1.00006586221e+19,1.00006586221e+19,1.00006586221e+19,36,36,36,5.24566289613e+17,5.24566289613e+17,5.24566289613e+17,0.0524531742794,0.0524531742794,0.0524531742794,5.78170956074e+16,5.78170956074e+16,5.78170956074e+16,357,357,357,9.47609233247e+18,9.47609233247e+18,9.47609233247e+18,0.947546825721,0.947546825721,0.947546825721,3.32921365996e+17,3.32921365996e+17,3.32921365996e+17
A1900,s030z,prograde_z,3.0,n65,r17,1.7,v00,0.0,physical_snapshot_filename,90000,0.002,FullVolume,00:06:31 2022-07-01 BST,Ma_xp_A1900_s030z_n65_r17_v00_90000.hdf5,Ma_xp_A1900_s030z_n65_r17_v00_90000,Ma_xp_A1900_s030z_n65_r17_v00_90000_fof_0.002_0000.hdf5,1,1,368,368,368,1.00021990589e+19,1.00021990589e+19,1.00021990589e+19,38,38,38,4.44958034952e+17,4.44958034952e+17,4.44958034952e+17,0.0444860207571,0.0444860207571,0.0444860207571,1.01973115503e+17,1.01973115503e+17,1.01973115503e+17,330,330,330,9.55724102397e+18,9.55724102397e+18,9.55724102397e+18,0.955513979243,0.955513979243,0.955513979243,3.80899951392e+17,3.80899951392e+17,3.80899951392e+17
A1900,s030z,prograde_z,3.0,n65,r19,1.9,v00,0.0,physical_snapshot_filename,90000,0.002,FullVolume,13:26:37 2022-07-02 BST,Ma_xp_A1900_s030z_n65_r19_v00_90000.hdf5,Ma_xp_A1900_s030z_n65_r19_v00_90000,Ma_xp_A1900_s030z_n65_r19_v00_90000_fof_0.002_0000.hdf5,1,1,360,360,360,1.00047474359e+19,1.00047474359e+19,1.00047474359e+19,27,27,27,3.31713739581e+17,3.31713739581e+17,3.31713739581e+17,0.0331556335335,0.0331556335335,0.0331556335335,5.87965091561e+16,5.87965091561e+16,5.87965091561e+16,333,333,333,9.67303369635e+18,9.67303369635e+18,9.67303369635e+18,0.966844366466,0.966844366466,0.966844366466,4.04966899857e+17,4.04966899857e+17,4.04966899857e+17
A1900,s030z,prograde_z,3.0,n65,r20,2.0,v00,0.0,physical_snapshot_filename,90000,0.002,FullVolume,18:16:00 2022-07-02 BST,Ma_xp_A1900_s030z_n65_r20_v00_90000.hdf5,Ma_xp_A1900_s030z_n65_r20_v00_90000,Ma_xp_A1900_s030z_n65_r20_v00_90000_fof_0.002_0000.hdf5,1,1,317,317,317,1.00031372674e+19,1.00031372674e+19,1.00031372674e+19,10,10,10,2.02408963784e+17,2.02408963784e+17,2.02408963784e+17,0.0202345482596,0.0202345482596,0.0202345482596,8.70790563907e+16,8.70790563907e+16,8.70790563907e+16,307,307,307,9.80072830359e+18,9.80072830359e+18,9.80072830359e+18,0.97976545174,0.97976545174,0.97976545174,4.03629318894e+17,4.03629318894e+17,4.03629318894e+17
A1900,s030z,prograde_z,3.0,n65,r22,2.2,v00,0.0,physical_snapshot_filename,90000,0.002,FullVolume,05:37:56 2022-07-08 BST,Ma_xp_A1900_s030z_n65_r22_v00_90000.hdf5,Ma_xp_A1900_s030z_n65_r22_v00_90000,Ma_xp_A1900_s030z_n65_r22_v00_90000_fof_0.002_0000.hdf5,1,1,264,264,264,1.00084273684e+19,1.00084273684e+19,1.00084273684e+19,0,0,0,0,0,0,0,0,0,0,0,0,264,264,264,1.00084273684e+19,1.00084273684e+19,1.00084273684e+19,1,1,1,5.05998637288e+17,5.05998637288e+17,5.05998637288e+17
A1900,s035x,equatorial,3.5,n65,r12,1.2,v00,0.0,physical_snapshot_filename,90000,0.002,FullVolume,06:16:45 2022-07-18 BST,Ma_xp_A1900_s035x_n65_r12_v00_90000.hdf5,Ma_xp_A1900_s035x_n65_r12_v00_90000,Ma_xp_A1900_s035x_n65_r12_v00_90000_fof_0.002_0000.hdf5,1,1,2111,2111,2111,9.49187664004e+18,9.49187664004e+18,9.49187664004e+18,27,27,27,1.5197883873e+17,1.5197883873e+17,1.5197883873e+17,0.0160114637488,0.0160114637488,0.0160114637488,1.40487702183e+17,1.40487702183e+17,1.40487702183e+17,2084,2084,2084,9.33989780131e+18,9.33989780131e+18,9.33989780131e+18,0.983988536251,0.983988536251,0.983988536251,3.3903406557e+17,3.3903406557e+17,3.3903406557e+17
A1900,s035y,equatorial,3.5,n65,r12,1.2,v00,0.0,physical_snapshot_filename,90000,0.002,FullVolume,19:57:14 2022-08-11 BST,Ma_xp_A1900_s035y_n65_r12_v00_90000.hdf5,Ma_xp_A1900_s035y_n65_r12_v00_90000,Ma_xp_A1900_s035y_n65_r12_v00_90000_fof_0.002_0000.hdf5,1,1,1537,1537,1537,9.50985607615e+18,9.50985607615e+18,9.50985607615e+18,27,27,27,2.45069920863e+17,2.45069920863e+17,2.45069920863e+17,0.0257700977702,0.0257700977702,0.0257700977702,1.54252570039e+17,1.54252570039e+17,1.54252570039e+17,1510,1510,1510,9.26478615529e+18,9.26478615529e+18,9.26478615529e+18,0.97422990223,0.97422990223,0.97422990223,6.53747999568e+17,6.53747999568e+17,6.53747999568e+17
A1900,s035z,prograde_z,3.5,n65,r12,1.2,v00,0.0,physical_snapshot_filename,90000,0.002,FullVolume,15:09:40 2022-07-01 BST,Ma_xp_A1900_s035z_n65_r12_v00_90000.hdf5,Ma_xp_A1900_s035z_n65_r12_v00_90000,Ma_xp_A1900_s035z_n65_r12_v00_90000_fof_0.002_0000.hdf5,1,1,392,392,392,9.90931674962e+18,9.90931674962e+18,9.90931674962e+18,55,55,55,7.01132057567e+17,7.01132057567e+17,7.01132057567e+17,0.0707548335857,0.0707548335857,0.0707548335857,9.63006862733e+16,9.63006862733e+16,9.63006862733e+16,337,337,337,9.20818469205e+18,9.20818469205e+18,9.20818469205e+18,0.929245166414,0.929245166414,0.929245166414,4.4656208531e+17,4.4656208531e+17,4.4656208531e+17
A1900,s035z,prograde_z,3.5,n65,r16,1.6,v00,0.0,physical_snapshot_filename,90000,0.002,FullVolume,09:26:19 2022-07-02 BST,Ma_xp_A1900_s035z_n65_r16_v00_90000.hdf5,Ma_xp_A1900_s035z_n65_r16_v00_90000,Ma_xp_A1900_s035z_n65_r16_v00_90000_fof_0.002_0000.hdf5,1,1,375,375,375,9.90673838856e+18,9.90673838856e+18,9.90673838856e+18,29,29,29,4.76667041565e+17,4.76667041565e+17,4.76667041565e+17,0.0481154364705,0.0481154364705,0.0481154364705,4.75724887708e+16,4.75724887708e+16,4.75724887708e+16,346,346,346,9.430071347e+18,9.430071347e+18,9.430071347e+18,0.951884563529,0.951884563529,0.951884563529,3.68005296684e+17,3.68005296684e+17,3.68005296684e+17
A1900,s035z,prograde_z,3.5,n65,r20,2.0,v00,0.0,physical_snapshot_filename,90000,0.002,FullVolume,05:36:57 2022-06-30 BST,Ma_xp_A1900_s035z_n65_r20_v00_90000.hdf5,Ma_xp_A1900_s035z_n65_r20_v00_90000,Ma_xp_A1900_s035z_n65_r20_v00_90000_fof_0.002_0000.hdf5,1,1,279,279,279,9.91685712099e+18,9.91685712099e+18,9.91685712099e+18,0,0,0,0,0,0,0,0,0,0,0,0,279,279,279,9.91685712099e+18,9.91685712099e+18,9.91685712099e+18,1,1,1,4.42491980646e+17,4.42491980646e+17,4.42491980646e+17
A1900,s047x,equatorial,4.7,n65,r12,1.2,v00,0.0,physical_snapshot_filename,90000,0.002,FullVolume,01:16:31 2022-07-24 BST,Ma_xp_A1900_s047x_n65_r12_v00_90000.hdf5,Ma_xp_A1900_s047x_n65_r12_v00_90000,Ma_xp_A1900_s047x_n65_r12_v00_90000_fof_0.002_0000.hdf5,1,1,2309,2309,2309,9.39744147095e+18,9.39744147095e+18,9.39744147095e+18,11,11,11,1.50654345038e+17,1.50654345038e+17,1.50654345038e+17,0.0160314214783,0.0160314214783,0.0160314214783,1.48498612794e+17,1.48498612794e+17,1.48498612794e+17,2298,2298,2298,9.24678712592e+18,9.24678712592e+18,9.24678712592e+18,0.983968578522,0.983968578522,0.983968578522,7.67038655486e+17,7.67038655486e+17,7.67038655486e+17
A1900,s047y,equatorial,4.7,n65,r12,1.2,v00,0.0,physical_snapshot_filename,90000,0.002,FullVolume,20:04:20 2022-08-04 BST,Ma_xp_A1900_s047y_n65_r12_v00_90000.hdf5,Ma_xp_A1900_s047y_n65_r12_v00_90000,Ma_xp_A1900_s047y_n65_r12_v00_90000_fof_0.002_0000.hdf5,1,1,1743,1743,1743,9.56798173371e+18,9.56798173371e+18,9.56798173371e+18,13,13,13,1.92290683085e+17,1.92290683085e+17,1.92290683085e+17,0.0200973087571,0.0200973087571,0.0200973087571,1.19011614474e+17,1.19011614474e+17,1.19011614474e+17,1730,1730,1730,9.37569105062e+18,9.37569105062e+18,9.37569105062e+18,0.979902691243,0.979902691243,0.979902691243,5.9664084201e+17,5.9664084201e+17,5.9664084201e+17
A1900,s047z,prograde_z,4.7,n65,r11,1.1,v00,0.0,physical_snapshot_filename,90000,0.002,FullVolume,05:27:45 2022-07-22 BST,Ma_xp_A1900_s047z_n65_r11_v00_90000.hdf5,Ma_xp_A1900_s047z_n65_r11_v00_90000,Ma_xp_A1900_s047z_n65_r11_v00_90000_fof_0.002_0000.hdf5,1,1,373,373,373,9.99107188512e+18,9.99107188512e+18,9.99107188512e+18,48,48,48,5.96618683233e+17,5.96618683233e+17,5.96618683233e+17,0.0597151827245,0.0597151827245,0.0597151827245,8.52194827446e+16,8.52194827446e+16,8.52194827446e+16,325,325,325,9.39445320188e+18,9.39445320188e+18,9.39445320188e+18,0.940284817276,0.940284817276,0.940284817276,3.76414274848e+17,3.76414274848e+17,3.76414274848e+17
A1900,s047z,prograde_z,4.7,n65,r12,1.2,v00,0.0,physical_snapshot_filename,90000,0.002,FullVolume,22:57:59 2022-05-08 BST,Ma_xp_A1900_s047z_n65_r12_v00_90000.hdf5,Ma_xp_A1900_s047z_n65_r12_v00_90000,Ma_xp_A1900_s047z_n65_r12_v00_90000_fof_0.002_0000.hdf5,1,1,386,386,386,9.98684905572e+18,9.98684905572e+18,9.98684905572e+18,40,40,40,5.99876023144e+17,5.99876023144e+17,5.99876023144e+17,0.0600665955595,0.0600665955595,0.0600665955595,7.46750714292e+16,7.46750714292e+16,7.46750714292e+16,346,346,346,9.38697303258e+18,9.38697303258e+18,9.38697303258e+18,0.93993340444,0.93993340444,0.93993340444,3.810612865e+17,3.810612865e+17,3.810612865e+17
A1900,s047z,prograde_z,4.7,n65,r14,1.4,v00,0.0,physical_snapshot_filename,90000,0.002,FullVolume,03:23:17 2022-07-03 BST,Ma_xp_A1900_s047z_n65_r14_v00_90000.hdf5,Ma_xp_A1900_s047z_n65_r14_v00_90000,Ma_xp_A1900_s047z_n65_r14_v00_90000_fof_0.002_0000.hdf5,1,1,347,347,347,9.81955030519e+18,9.81955030519e+18,9.81955030519e+18,24,24,24,5.03235274706e+17,5.03235274706e+17,5.03235274706e+17,0.0512483015072,0.0512483015072,0.0512483015072,6.74734695851e+16,6.74734695851e+16,6.74734695851e+16,323,323,323,9.31631503049e+18,9.31631503049e+18,9.31631503049e+18,0.948751698493,0.948751698493,0.948751698493,3.21887860886e+17,3.21887860886e+17,3.21887860886e+17
A1900,s047z,prograde_z,4.7,n65,r15,1.5,v00,0.0,physical_snapshot_filename,90000,0.002,FullVolume,00:08:05 2022-07-03 BST,Ma_xp_A1900_s047z_n65_r15_v00_90000.hdf5,Ma_xp_A1900_s047z_n65_r15_v00_90000,Ma_xp_A1900_s047z_n65_r15_v00_90000_fof_0.002_0000.hdf5,1,1,314,314,314,9.99229694881e+18,9.99229694881e+18,9.99229694881e+18,25,25,25,4.64283313962e+17,4.64283313962e+17,4.64283313962e+17,0.046464122948,0.046464122948,0.046464122948,9.92491527986e+16,9.92491527986e+16,9.92491527986e+16,289,289,289,9.52801363485e+18,9.52801363485e+18,9.52801363485e+18,0.953535877052,0.953535877052,0.953535877052,3.12413401844e+17,3.12413401844e+17,3.12413401844e+17
A1900,s047z,prograde_z,4.7,n65,r16,1.6,v00,0.0,physical_snapshot_filename,90000,0.002,FullVolume,00:53:49 2022-07-07 BST,Ma_xp_A1900_s047z_n65_r16_v00_90000.hdf5,Ma_xp_A1900_s047z_n65_r16_v00_90000,Ma_xp_A1900_s047z_n65_r16_v00_90000_fof_0.002_0000.hdf5,1,1,306,306,306,9.99194873949e+18,9.99194873949e+18,9.99194873949e+18,15,15,15,3.07563795679e+17,3.07563795679e+17,3.07563795679e+17,0.0307811622835,0.0307811622835,0.0307811622835,1.09793564114e+17,1.09793564114e+17,1.09793564114e+17,291,291,291,9.68438494381e+18,9.68438494381e+18,9.68438494381e+18,0.969218837717,0.969218837717,0.969218837717,3.53166554434e+17,3.53166554434e+17,3.53166554434e+17
A1900,s047z,prograde_z,4.7,n65,r17,1.7,v00,0.0,physical_snapshot_filename,90000,0.002,FullVolume,03:26:10 2022-06-30 BST,Ma_xp_A1900_s047z_n65_r17_v00_90000.hdf5,Ma_xp_A1900_s047z_n65_r17_v00_90000,Ma_xp_A1900_s047z_n65_r17_v00_90000_fof_0.002_0000.hdf5,1,1,281,281,281,9.9959468156e+18,9.9959468156e+18,9.9959468156e+18,9,9,9,2.42559446726e+17,2.42559446726e+17,2.42559446726e+17,0.0242657800407,0.0242657800407,0.0242657800407,1.48824663339e+17,1.48824663339e+17,1.48824663339e+17,272,272,272,9.75338736887e+18,9.75338736887e+18,9.75338736887e+18,0.975734219959,0.975734219959,0.975734219959,4.0336884175e+17,4.0336884175e+17,4.0336884175e+17
A1900,s047z,prograde_z,4.7,n65,r20,2.0,v00,0.0,physical_snapshot_filename,90000,0.002,FullVolume,15:38:30 2022-07-16 BST,Ma_xp_A1900_s047z_n65_r20_v00_90000.hdf5,Ma_xp_A1900_s047z_n65_r20_v00_90000,Ma_xp_A1900_s047z_n65_r20_v00_90000_fof_0.002_0000.hdf5,1,1,202,202,202,9.99773217975e+18,9.99773217975e+18,9.99773217975e+18,0,0,0,0,0,0,0,0,0,0,0,0,202,202,202,9.99773217975e+18,9.99773217975e+18,9.99773217975e+18,1,1,1,2.06501105433e+18,2.06501105433e+18,2.06501105433e+18
A1900,s047z,prograde_z,4.7,n65,r22,2.2,v00,0.0,physical_snapshot_filename,90000,0.002,FullVolume,11:07:24 2022-08-11 BST,Ma_xp_A1900_s047z_n65_r22_v00_90000.hdf5,Ma_xp_A1900_s047z_n65_r22_v00_90000,Ma_xp_A1900_s047z_n65_r22_v00_90000_fof_0.002_0000.hdf5,1,1,2,2,2,1.00103215292e+19,1.00103215292e+19,1.00103215292e+19,0,0,0,0,0,0,0,0,0,0,0,0,2,2,2,1.00103215292e+19,1.00103215292e+19,1.00103215292e+19,1,1,1,7.34902733874e+18,7.34902733874e+18,7.34902733874e+18
A1900,s047z,prograde_z,4.7,n65,r24,2.4,v00,0.0,physical_snapshot_filename,90000,0.002,FullVolume,02:16:29 2022-08-23 BST,Ma_xp_A1900_s047z_n65_r24_v00_90000.hdf5,Ma_xp_A1900_s047z_n65_r24_v00_90000,Ma_xp_A1900_s047z_n65_r24_v00_90000_fof_0.002_0000.hdf5,1,1,175,175,175,1.00017049311e+19,1.00017049311e+19,1.00017049311e+19,0,0,0,0,0,0,0,0,0,0,0,0,175,175,175,1.00017049311e+19,1.00017049311e+19,1.00017049311e+19,1,1,1,9.75826546442e+18,9.75826546442e+18,9.75826546442e+18
A1900,s086mz,retrograde_z,8.6,n65,r12,1.2,v00,0.0,physical_snapshot_filename,90000,0.002,FullVolume,18:58:55 2022-07-30 BST,Ma_xp_A1900_s086mz_n65_r12_v00_90000.hdf5,Ma_xp_A1900_s086mz_n65_r12_v00_90000,Ma_xp_A1900_s086mz_n65_r12_v00_90000_fof_0.002_0000.hdf5,1,1,146,146,146,9.994043162e+18,9.994043162e+18,9.994043162e+18,0,0,0,0,0,0,0,0,0,0,0,0,146,146,146,9.994043162e+18,9.994043162e+18,9.994043162e+18,1,1,1,3.11101885038e+18,3.11101885038e+18,3.11101885038e+18
A1900,s086x,equatorial,8.6,n65,r12,1.2,v00,0.0,physical_snapshot_filename,90000,0.002,FullVolume,11:27:29 2022-08-14 BST,Ma_xp_A1900_s086x_n65_r12_v00_90000.hdf5,Ma_xp_A1900_s086x_n65_r12_v00_90000,Ma_xp_A1900_s086x_n65_r12_v00_90000_fof_0.002_0000.hdf5,1,1,750,750,750,9.74725217978e+18,9.74725217978e+18,9.74725217978e+18,0,0,0,0,0,0,0,0,0,0,0,0,750,750,750,9.74725217978e+18,9.74725217978e+18,9.74725217978e+18,1,1,1,8.86455444382e+17,8.86455444382e+17,8.86455444382e+17
A1900,s086z,prograde_z,8.6,n65,r12,1.2,v00,0.0,physical_snapshot_filename,90000,0.002,FullVolume,20:22:20 2022-07-06 BST,Ma_xp_A1900_s086z_n65_r12_v00_90000.hdf5,Ma_xp_A1900_s086z_n65_r12_v00_90000,Ma_xp_A1900_s086z_n65_r12_v00_90000_fof_0.002_0000.hdf5,1,1,349,349,349,9.98360508296e+18,9.98360508296e+18,9.98360508296e+18,21,21,21,3.2398848438e+17,3.2398848438e+17,3.2398848438e+17,0.0324520533102,0.0324520533102,0.0324520533102,6.5269624571e+16,6.5269624571e+16,6.5269624571e+16,328,328,328,9.65961659858e+18,9.65961659858e+18,9.65961659858e+18,0.96754794669,0.96754794669,0.96754794669,5.0723370659e+17,5.0723370659e+17,5.0723370659e+17
A1900,s086z,prograde_z,8.6,n65,r16,1.6,v00,0.0,physical_snapshot_filename,90000,0.002,FullVolume,13:07:13 2022-07-11 BST,Ma_xp_A1900_s086z_n65_r16_v00_90000.hdf5,Ma_xp_A1900_s086z_n65_r16_v00_90000,Ma_xp_A1900_s086z_n65_r16_v00_90000_fof_0.002_0000.hdf5,1,1,253,253,253,9.98749247664e+18,9.98749247664e+18,9.98749247664e+18,0,0,0,0,0,0,0,0,0,0,0,0,253,253,253,9.98749247664e+18,9.98749247664e+18,9.98749247664e+18,1,1,1,6.04105406232e+17,6.04105406232e+17,6.04105406232e+17
A1900,s170mz,retrograde_z,17.0,n65,r12,1.2,v00,0.0,physical_snapshot_filename,90000,0.002,FullVolume,23:19:24 2022-07-11 BST,Ma_xp_A1900_s170mz_n65_r12_v00_90000.hdf5,Ma_xp_A1900_s170mz_n65_r12_v00_90000,Ma_xp_A1900_s170mz_n65_r12_v00_90000_fof_0.002_0000.hdf5,1,1,228,228,228,9.97517586332e+18,9.97517586332e+18,9.97517586332e+18,0,0,0,0,0,0,0,0,0,0,0,0,228,228,228,9.97517586332e+18,9.97517586332e+18,9.97517586332e+18,1,1,1,1.09864188146e+18,1.09864188146e+18,1.09864188146e+18
A1900,s170x,equatorial,17.0,n65,r12,1.2,v00,0.0,physical_snapshot_filename,90000,0.002,FullVolume,02:44:13 2022-08-06 BST,Ma_xp_A1900_s170x_n65_r12_v00_90000.hdf5,Ma_xp_A1900_s170x_n65_r12_v00_90000,Ma_xp_A1900_s170x_n65_r12_v00_90000_fof_0.002_0000.hdf5,1,1,119,119,119,9.93558516489e+18,9.93558516489e+18,9.93558516489e+18,0,0,0,0,0,0,0,0,0,0,0,0,119,119,119,9.93558516489e+18,9.93558516489e+18,9.93558516489e+18,1,1,1,8.7012371322e+17,8.7012371322e+17,8.7012371322e+17
A1900,s170y,equatorial,17.0,n65,r12,1.2,v00,0.0,physical_snapshot_filename,90000,0.002,FullVolume,00:17:50 2022-08-03 BST,Ma_xp_A1900_s170y_n65_r12_v00_90000.hdf5,Ma_xp_A1900_s170y_n65_r12_v00_90000,Ma_xp_A1900_s170y_n65_r12_v00_90000_fof_0.002_0000.hdf5,1,1,122,122,122,9.90172652754e+18,9.90172652754e+18,9.90172652754e+18,1,1,1,1.43475225728e+16,1.43475225728e+16,1.43475225728e+16,0.00144899200487,0.00144899200487,0.00144899200487,1.43475225728e+16,1.43475225728e+16,1.43475225728e+16,121,121,121,9.88737900496e+18,9.88737900496e+18,9.88737900496e+18,0.998551007995,0.998551007995,0.998551007995,6.40566510216e+17,6.40566510216e+17,6.40566510216e+17
A1900,s170z,prograde_z,17.0,n65,r12,1.2,v00,0.0,physical_snapshot_filename,90000,0.002,FullVolume,14:56:10 2022-07-18 BST,Ma_xp_A1900_s170z_n65_r12_v00_90000.hdf5,Ma_xp_A1900_s170z_n65_r12_v00_90000,Ma_xp_A1900_s170z_n65_r12_v00_90000_fof_0.002_0000.hdf5,1,1,304,304,304,9.96854056839e+18,9.96854056839e+18,9.96854056839e+18,12,12,12,2.03107609884e+17,2.03107609884e+17,2.03107609884e+17,0.0203748591372,0.0203748591372,0.0203748591372,8.99001931671e+16,8.99001931671e+16,8.99001931671e+16,292,292,292,9.7654329585e+18,9.7654329585e+18,9.7654329585e+18,0.979625140863,0.979625140863,0.979625140863,4.95360612605e+17,4.95360612605e+17,4.95360612605e+17
A1900,s170z,prograde_z,17.0,n65,r16,1.6,v00,0.0,physical_snapshot_filename,90000,0.002,FullVolume,04:03:11 2022-07-14 BST,Ma_xp_A1900_s170z_n65_r16_v00_90000.hdf5,Ma_xp_A1900_s170z_n65_r16_v00_90000,Ma_xp_A1900_s170z_n65_r16_v00_90000_fof_0.002_0000.hdf5,1,1,228,228,228,9.97716234619e+18,9.97716234619e+18,9.97716234619e+18,0,0,0,0,0,0,0,0,0,0,0,0,228,228,228,9.97716234619e+18,9.97716234619e+18,9.97716234619e+18,1,1,1,9.29402383414e+17,9.29402383414e+17,9.29402383414e+17
A1900,,no_spin,,n65,r12,1.2,v02,0.2,physical_snapshot_filename,90000,0.002,FullVolume,05:44:30 2022-07-08 BST,Ma_xp_A1900_n65_r12_v02_90000.hdf5,Ma_xp_A1900_n65_r12_v02_90000,Ma_xp_A1900_n65_r12_v02_90000_fof_0.002_0000.hdf5,1,1,268,268,268,9.65587980737e+18,9.65587980737e+18,9.65587980737e+18,1,1,1,3.81006787927e+14,3.81006787927e+14,3.81006787927e+14,3.9458526362e-05,3.9458526362e-05,3.9458526362e-05,3.81006787927e+14,3.81006787927e+14,3.81006787927e+14,267,267,267,9.65549880058e+18,9.65549880058e+18,9.65549880058e+18,0.999960541474,0.999960541474,0.999960541474,6.28376219392e+17,6.28376219392e+17,6.28376219392e+17
A1900,,no_spin,,n65,r14,1.4,v02,0.2,physical_snapshot_filename,90000,0.002,FullVolume,15:18:46 2022-07-11 BST,Ma_xp_A1900_n65_r14_v02_90000.hdf5,Ma_xp_A1900_n65_r14_v02_90000,Ma_xp_A1900_n65_r14_v02_90000_fof_0.002_0000.hdf5,1,1,245,245,245,9.98572017153e+18,9.98572017153e+18,9.98572017153e+18,0,0,0,0,0,0,0,0,0,0,0,0,245,245,245,9.98572017153e+18,9.98572017153e+18,9.98572017153e+18,1,1,1,1.09051886746e+18,1.09051886746e+18,1.09051886746e+18
A1900,,no_spin,,n65,r16,1.6,v02,0.2,physical_snapshot_filename,90000,0.002,FullVolume,18:40:47 2022-07-18 BST,Ma_xp_A1900_n65_r16_v02_90000.hdf5,Ma_xp_A1900_n65_r16_v02_90000,Ma_xp_A1900_n65_r16_v02_90000_fof_0.002_0000.hdf5,1,1,189,189,189,9.98986168437e+18,9.98986168437e+18,9.98986168437e+18,0,0,0,0,0,0,0,0,0,0,0,0,189,189,189,9.98986168437e+18,9.98986168437e+18,9.98986168437e+18,1,1,1,2.10264326509e+18,2.10264326509e+18,2.10264326509e+18
A1900,,no_spin,,n65,r18,1.8,v02,0.2,physical_snapshot_filename,90000,0.002,FullVolume,13:46:41 2022-08-08 BST,Ma_xp_A1900_n65_r18_v02_90000.hdf5,Ma_xp_A1900_n65_r18_v02_90000,Ma_xp_A1900_n65_r18_v02_90000_fof_0.002_0000.hdf5,1,1,42,42,42,9.99392885404e+18,9.99392885404e+18,9.99392885404e+18,0,0,0,0,0,0,0,0,0,0,0,0,42,42,42,9.99392885404e+18,9.99392885404e+18,9.99392885404e+18,1,1,1,7.37158613498e+18,7.37158613498e+18,7.37158613498e+18
A1900,s030z,prograde_z,3.0,n65,r16,1.6,v02,0.2,physical_snapshot_filename,90000,0.002,FullVolume,16:23:59 2022-06-30 BST,Ma_xp_A1900_s030z_n65_r16_v02_90000.hdf5,Ma_xp_A1900_s030z_n65_r16_v02_90000,Ma_xp_A1900_s030z_n65_r16_v02_90000_fof_0.002_0000.hdf5,1,1,363,363,363,1.00042276177e+19,1.00042276177e+19,1.00042276177e+19,32,32,32,3.97746498354e+17,3.97746498354e+17,3.97746498354e+17,0.0397578417398,0.0397578417398,0.0397578417398,6.12402885933e+16,6.12402885933e+16,6.12402885933e+16,331,331,331,9.60648111938e+18,9.60648111938e+18,9.60648111938e+18,0.96024215826,0.96024215826,0.96024215826,3.34398410377e+17,3.34398410377e+17,3.34398410377e+17
A1900,s030z,prograde_z,3.0,n65,r20,2.0,v02,0.2,physical_snapshot_filename,90000,0.002,FullVolume,01:10:26 2022-06-27 BST,Ma_xp_A1900_s030z_n65_r20_v02_90000.hdf5,Ma_xp_A1900_s030z_n65_r20_v02_90000,Ma_xp_A1900_s030z_n65_r20_v02_90000_fof_0.002_0000.hdf5,1,1,313,313,313,1.00054162264e+19,1.00054162264e+19,1.00054162264e+19,6,6,6,1.36575891268e+17,1.36575891268e+17,1.36575891268e+17,0.0136501958717,0.0136501958717,0.0136501958717,8.47081782856e+16,8.47081782856e+16,8.47081782856e+16,307,307,307,9.86884033514e+18,9.86884033514e+18,9.86884033514e+18,0.986349804128,0.986349804128,0.986349804128,3.95771823142e+17,3.95771823142e+17,3.95771823142e+17
A1900,s047z,prograde_z,4.7,n65,r20,2.0,v02,0.2,physical_snapshot_filename,90000,0.002,FullVolume,08:43:38 2022-08-02 BST,Ma_xp_A1900_s047z_n65_r20_v02_90000.hdf5,Ma_xp_A1900_s047z_n65_r20_v02_90000,Ma_xp_A1900_s047z_n65_r20_v02_90000_fof_0.002_0000.hdf5,1,1,178,178,178,1.00022620664e+19,1.00022620664e+19,1.00022620664e+19,0,0,0,0,0,0,0,0,0,0,0,0,178,178,178,1.00022620664e+19,1.00022620664e+19,1.00022620664e+19,1,1,1,1.90529377035e+18,1.90529377035e+18,1.90529377035e+18
A1900,,no_spin,,n65,r12,1.2,v04,0.4,physical_snapshot_filename,90000,0.002,FullVolume,21:40:44 2022-07-14 BST,Ma_xp_A1900_n65_r12_v04_90000.hdf5,Ma_xp_A1900_n65_r12_v04_90000,Ma_xp_A1900_n65_r12_v04_90000_fof_0.002_0000.hdf5,1,1,255,255,255,9.98417755868e+18,9.98417755868e+18,9.98417755868e+18,0,0,0,0,0,0,0,0,0,0,0,0,255,255,255,9.98417755868e+18,9.98417755868e+18,9.98417755868e+18,1,1,1,7.23259300051e+17,7.23259300051e+17,7.23259300051e+17
A1900,,no_spin,,n65,r16,1.6,v04,0.4,physical_snapshot_filename,90000,0.002,FullVolume,21:06:43 2022-07-20 BST,Ma_xp_A1900_n65_r16_v04_90000.hdf5,Ma_xp_A1900_n65_r16_v04_90000,Ma_xp_A1900_n65_r16_v04_90000_fof_0.002_0000.hdf5,1,1,152,152,152,9.99145695669e+18,9.99145695669e+18,9.99145695669e+18,0,0,0,0,0,0,0,0,0,0,0,0,152,152,152,9.99145695669e+18,9.99145695669e+18,9.99145695669e+18,1,1,1,2.04426868852e+18,2.04426868852e+18,2.04426868852e+18
A1900,,no_spin,,n65,r18,1.8,v04,0.4,physical_snapshot_filename,90000,0.002,FullVolume,23:24:46 2022-08-14 BST,Ma_xp_A1900_n65_r18_v04_90000.hdf5,Ma_xp_A1900_n65_r18_v04_90000,Ma_xp_A1900_n65_r18_v04_90000_fof_0.002_0000.hdf5,1,1,16,16,16,9.99704195827e+18,9.99704195827e+18,9.99704195827e+18,0,0,0,0,0,0,0,0,0,0,0,0,16,16,16,9.99704195827e+18,9.99704195827e+18,9.99704195827e+18,1,1,1,7.33318808504e+18,7.33318808504e+18,7.33318808504e+18
A1900,s030z,prograde_z,3.0,n65,r12,1.2,v04,0.4,physical_snapshot_filename,90000,0.002,FullVolume,22:16:45 2022-06-26 BST,Ma_xp_A1900_s030z_n65_r12_v04_90000.hdf5,Ma_xp_A1900_s030z_n65_r12_v04_90000,Ma_xp_A1900_s030z_n65_r12_v04_90000_fof_0.002_0000.hdf5,1,1,413,413,413,9.99795176392e+18,9.99795176392e+18,9.99795176392e+18,25,25,25,1.60655518226e+17,1.60655518226e+17,1.60655518226e+17,0.016068843101,0.016068843101,0.016068843101,3.97756007224e+16,3.97756007224e+16,3.97756007224e+16,388,388,388,9.8372962457e+18,9.8372962457e+18,9.8372962457e+18,0.983931156899,0.983931156899,0.983931156899,3.2906393464e+17,3.2906393464e+17,3.2906393464e+17
A1900,s030z,prograde_z,3.0,n65,r16,1.6,v04,0.4,physical_snapshot_filename,90000,0.002,FullVolume,23:47:49 2022-06-30 BST,Ma_xp_A1900_s030z_n65_r16_v04_90000.hdf5,Ma_xp_A1900_s030z_n65_r16_v04_90000,Ma_xp_A1900_s030z_n65_r16_v04_90000_fof_0.002_0000.hdf5,1,1,369,369,369,9.99962215532e+18,9.99962215532e+18,9.99962215532e+18,9,9,9,8.44355906959e+16,8.44355906959e+16,8.44355906959e+16,0.00844387811704,0.00844387811704,0.00844387811704,2.5807071566e+16,2.5807071566e+16,2.5807071566e+16,360,360,360,9.91518656462e+18,9.91518656462e+18,9.91518656462e+18,0.991556121883,0.991556121883,0.991556121883,2.88679766276e+17,2.88679766276e+17,2.88679766276e+17
A1900,s030z,prograde_z,3.0,n65,r20,2.0,v04,0.4,physical_snapshot_filename,90000,0.002,FullVolume,17:52:56 2022-07-03 BST,Ma_xp_A1900_s030z_n65_r20_v04_90000.hdf5,Ma_xp_A1900_s030z_n65_r20_v04_90000,Ma_xp_A1900_s030z_n65_r20_v04_90000_fof_0.002_0000.hdf5,1,1,326,326,326,1.0005200692e+19,1.0005200692e+19,1.0005200692e+19,0,0,0,0,0,0,0,0,0,0,0,0,326,326,326,1.0005200692e+19,1.0005200692e+19,1.0005200692e+19,1,1,1,3.58611161506e+17,3.58611161506e+17,3.58611161506e+17
A1900,s047z,prograde_z,4.7,n65,r12,1.2,v04,0.4,physical_snapshot_filename,90000,0.002,FullVolume,09:07:58 2022-08-19 BST,Ma_xp_A1900_s047z_n65_r12_v04_90000.hdf5,Ma_xp_A1900_s047z_n65_r12_v04_90000,Ma_xp_A1900_s047z_n65_r12_v04_90000_fof_0.002_0000.hdf5,1,1,356,356,356,9.98604184321e+18,9.98604184321e+18,9.98604184321e+18,7,7,7,9.48173978176e+16,9.48173978176e+16,9.48173978176e+16,0.00949499304193,0.00949499304193,0.00949499304193,3.38016283476e+16,3.38016283476e+16,3.38016283476e+16,349,349,349,9.89122444539e+18,9.89122444539e+18,9.89122444539e+18,0.990505006958,0.990505006958,0.990505006958,3.44296713393e+17,3.44296713393e+17,3.44296713393e+17
A1900,s047z,prograde_z,4.7,n65,r16,1.6,v04,0.4,physical_snapshot_filename,90000,0.002,FullVolume,11:56:06 2022-08-22 BST,Ma_xp_A1900_s047z_n65_r16_v04_90000.hdf5,Ma_xp_A1900_s047z_n65_r16_v04_90000,Ma_xp_A1900_s047z_n65_r16_v04_90000_fof_0.002_0000.hdf5,1,1,316,316,316,9.98180635167e+18,9.98180635167e+18,9.98180635167e+18,0,0,0,0,0,0,0,0,0,0,0,0,316,316,316,9.98180635167e+18,9.98180635167e+18,9.98180635167e+18,1,1,1,4.12020260581e+17,4.12020260581e+17,4.12020260581e+17
A1900,s047z,prograde_z,4.7,n65,r20,2.0,v04,0.4,physical_snapshot_filename,90000,0.002,FullVolume,02:41:21 2022-08-05 BST,Ma_xp_A1900_s047z_n65_r20_v04_90000.hdf5,Ma_xp_A1900_s047z_n65_r20_v04_90000,Ma_xp_A1900_s047z_n65_r20_v04_90000_fof_0.002_0000.hdf5,1,1,156,156,156,1.00012649216e+19,1.00012649216e+19,1.00012649216e+19,0,0,0,0,0,0,0,0,0,0,0,0,156,156,156,1.00012649216e+19,1.00012649216e+19,1.00012649216e+19,1,1,1,2.28749148545e+18,2.28749148545e+18,2.28749148545e+18
A1900,,no_spin,,n65,r14,1.4,v06,0.6,physical_snapshot_filename,90000,0.002,FullVolume,04:37:12 2022-07-11 BST,Ma_xp_A1900_n65_r14_v06_90000.hdf5,Ma_xp_A1900_n65_r14_v06_90000,Ma_xp_A1900_n65_r14_v06_90000_fof_0.002_0000.hdf5,1,1,230,230,230,9.98440058705e+18,9.98440058705e+18,9.98440058705e+18,0,0,0,0,0,0,0,0,0,0,0,0,230,230,230,9.98440058705e+18,9.98440058705e+18,9.98440058705e+18,1,1,1,1.16026789058e+18,1.16026789058e+18,1.16026789058e+18
A1900,,no_spin,,n65,r20,2.0,v06,0.6,physical_snapshot_filename,90000,0.002,FullVolume,13:37:50 2022-09-04 BST,Ma_xp_A1900_n65_r20_v06_90000.hdf5,Ma_xp_A1900_n65_r20_v06_90000,Ma_xp_A1900_n65_r20_v06_90000_fof_0.002_0000.hdf5,1,1,197,197,197,9.93831425336e+18,9.93831425336e+18,9.93831425336e+18,0,0,0,0,0,0,0,0,0,0,0,0,197,197,197,9.93831425336e+18,9.93831425336e+18,9.93831425336e+18,1,1,1,9.37516143987e+18,9.37516143987e+18,9.37516143987e+18
A1900,s030z,prograde_z,3.0,n65,r12,1.2,v06,0.6,physical_snapshot_filename,90000,0.002,FullVolume,22:29:21 2022-07-14 BST,Ma_xp_A1900_s030z_n65_r12_v06_90000.hdf5,Ma_xp_A1900_s030z_n65_r12_v06_90000,Ma_xp_A1900_s030z_n65_r12_v06_90000_fof_0.002_0000.hdf5,1,1,402,402,402,9.99614507874e+18,9.99614507874e+18,9.99614507874e+18,0,0,0,0,0,0,0,0,0,0,0,0,402,402,402,9.99614507874e+18,9.99614507874e+18,9.99614507874e+18,1,1,1,3.11307705837e+17,3.11307705837e+17,3.11307705837e+17
A1900,s047z,prograde_z,4.7,n65,r12,1.2,v06,0.6,physical_snapshot_filename,90000,0.002,FullVolume,13:27:27 2022-06-27 BST,Ma_xp_A1900_s047z_n65_r12_v06_90000.hdf5,Ma_xp_A1900_s047z_n65_r12_v06_90000,Ma_xp_A1900_s047z_n65_r12_v06_90000_fof_0.002_0000.hdf5,1,1,341,341,341,9.71580925217e+18,9.71580925217e+18,9.71580925217e+18,0,0,0,0,0,0,0,0,0,0,0,0,341,341,341,9.71580925217e+18,9.71580925217e+18,9.71580925217e+18,1,1,1,4.76179410548e+17,4.76179410548e+17,4.76179410548e+17
A1900,s047z,prograde_z,4.7,n65,r16,1.6,v06,0.6,physical_snapshot_filename,90000,0.002,FullVolume,02:46:02 2022-06-30 BST,Ma_xp_A1900_s047z_n65_r16_v06_90000.hdf5,Ma_xp_A1900_s047z_n65_r16_v06_90000,Ma_xp_A1900_s047z_n65_r16_v06_90000_fof_0.002_0000.hdf5,1,1,272,272,272,9.99367712394e+18,9.99367712394e+18,9.99367712394e+18,0,0,0,0,0,0,0,0,0,0,0,0,272,272,272,9.99367712394e+18,9.99367712394e+18,9.99367712394e+18,1,1,1,4.03004804734e+17,4.03004804734e+17,4.03004804734e+17
A1900,s047z,prograde_z,4.7,n65,r20,2.0,v06,0.6,physical_snapshot_filename,90000,0.002,FullVolume,13:05:59 2022-09-05 BST,Ma_xp_A1900_s047z_n65_r20_v06_90000.hdf5,Ma_xp_A1900_s047z_n65_r20_v06_90000,Ma_xp_A1900_s047z_n65_r20_v06_90000_fof_0.002_0000.hdf5,1,1,140,140,140,1.0001619462e+19,1.0001619462e+19,1.0001619462e+19,0,0,0,0,0,0,0,0,0,0,0,0,140,140,140,1.0001619462e+19,1.0001619462e+19,1.0001619462e+19,1,1,1,2.32313545766e+18,2.32313545766e+18,2.32313545766e+18
A1900,,no_spin,,n65,r12,1.2,v08,0.8,physical_snapshot_filename,90000,0.002,FullVolume,00:37:25 2022-07-12 BST,Ma_xp_A1900_n65_r12_v08_90000.hdf5,Ma_xp_A1900_n65_r12_v08_90000,Ma_xp_A1900_n65_r12_v08_90000_fof_0.002_0000.hdf5,1,1,241,241,241,9.98118526147e+18,9.98118526147e+18,9.98118526147e+18,0,0,0,0,0,0,0,0,0,0,0,0,241,241,241,9.98118526147e+18,9.98118526147e+18,9.98118526147e+18,1,1,1,7.75311642038e+17,7.75311642038e+17,7.75311642038e+17
A1900,s030z,prograde_z,3.0,n65,r12,1.2,v08,0.8,physical_snapshot_filename,90000,0.002,FullVolume,00:27:46 2022-06-25 BST,Ma_xp_A1900_s030z_n65_r12_v08_90000.hdf5,Ma_xp_A1900_s030z_n65_r12_v08_90000,Ma_xp_A1900_s030z_n65_r12_v08_90000_fof_0.002_0000.hdf5,1,1,350,350,350,1.00003575079e+19,1.00003575079e+19,1.00003575079e+19,0,0,0,0,0,0,0,0,0,0,0,0,350,350,350,1.00003575079e+19,1.00003575079e+19,1.00003575079e+19,1,1,1,3.49777421828e+17,3.49777421828e+17,3.49777421828e+17
A1900,s047z,prograde_z,4.7,n65,r12,1.2,v08,0.8,physical_snapshot_filename,90000,0.002,FullVolume,12:19:31 2022-08-20 BST,Ma_xp_A1900_s047z_n65_r12_v08_90000.hdf5,Ma_xp_A1900_s047z_n65_r12_v08_90000,Ma_xp_A1900_s047z_n65_r12_v08_90000_fof_0.002_0000.hdf5,1,1,314,314,314,9.99140426674e+18,9.99140426674e+18,9.99140426674e+18,0,0,0,0,0,0,0,0,0,0,0,0,314,314,314,9.99140426674e+18,9.99140426674e+18,9.99140426674e+18,1,1,1,3.67205721105e+17,3.67205721105e+17,3.67205721105e+17
A1900,,no_spin,,n65,r12,1.2,v10,1.0,physical_snapshot_filename,90000,0.002,FullVolume,21:30:21 2022-07-10 BST,Ma_xp_A1900_n65_r12_v10_90000.hdf5,Ma_xp_A1900_n65_r12_v10_90000,Ma_xp_A1900_n65_r12_v10_90000_fof_0.002_0000.hdf5,1,1,284,284,284,9.50598306368e+18,9.50598306368e+18,9.50598306368e+18,0,0,0,0,0,0,0,0,0,0,0,0,284,284,284,9.50598306368e+18,9.50598306368e+18,9.50598306368e+18,1,1,1,9.5819180263e+17,9.5819180263e+17,9.5819180263e+17
A1900,s047z,prograde_z,4.7,n65,r12,1.2,v15,1.5,physical_snapshot_filename,90000,0.002,FullVolume,18:20:22 2022-08-23 BST,Ma_xp_A1900_s047z_n65_r12_v15_90000.hdf5,Ma_xp_A1900_s047z_n65_r12_v15_90000,Ma_xp_A1900_s047z_n65_r12_v15_90000_fof_0.002_0000.hdf5,1,1,207,207,207,9.99638049448e+18,9.99638049448e+18,9.99638049448e+18,0,0,0,0,0,0,0,0,0,0,0,0,207,207,207,9.99638049448e+18,9.99638049448e+18,9.99638049448e+18,1,1,1,5.34976136989e+17,5.34976136989e+17,5.34976136989e+17
A1900,s030z,prograde_z,3.0,n65,r12,1.2,v20,2.0,physical_snapshot_filename,90000,0.002,FullVolume,18:43:02 2022-07-07 BST,Ma_xp_A1900_s030z_n65_r12_v20_90000.hdf5,Ma_xp_A1900_s030z_n65_r12_v20_90000,Ma_xp_A1900_s030z_n65_r12_v20_90000_fof_0.002_0000.hdf5,1,1,201,201,201,1.00103323119e+19,1.00103323119e+19,1.00103323119e+19,0,0,0,0,0,0,0,0,0,0,0,0,201,201,201,1.00103323119e+19,1.00103323119e+19,1.00103323119e+19,1,1,1,4.95944592703e+17,4.95944592703e+17,4.95944592703e+17
A1900,s047z,prograde_z,4.7,n65,r12,1.2,v20,2.0,physical_snapshot_filename,90000,0.002,FullVolume,18:57:46 2022-08-28 BST,Ma_xp_A1900_s047z_n65_r12_v20_90000.hdf5,Ma_xp_A1900_s047z_n65_r12_v20_90000,Ma_xp_A1900_s047z_n65_r12_v20_90000_fof_0.002_0000.hdf5,1,1,129,129,129,9.99940358449e+18,9.99940358449e+18,9.99940358449e+18,0,0,0,0,0,0,0,0,0,0,0,0,129,129,129,9.99940358449e+18,9.99940358449e+18,9.99940358449e+18,1,1,1,7.12524903681e+17,7.12524903681e+17,7.12524903681e+17
A1950,,no_spin,,n65,r12,1.2,v00,0.0,physical_snapshot_filename,90000,0.002,FullVolume,08:21:47 2022-04-27 BST,Ma_xp_A1950_n65_r12_v00_90000.hdf5,Ma_xp_A1950_n65_r12_v00_90000,Ma_xp_A1950_n65_r12_v00_90000_fof_0.002_0000.hdf5,1,1,272,272,272,3.1587886678e+19,3.1587886678e+19,3.1587886678e+19,38,38,38,2.88493191465e+18,2.88493191465e+18,2.88493191465e+18,0.0913303236795,0.0913303236795,0.0913303236795,6.76105103333e+17,6.76105103333e+17,6.76105103333e+17,234,234,234,2.87029547634e+19,2.87029547634e+19,2.87029547634e+19,0.908669676321,0.908669676321,0.908669676321,1.93348506014e+18,1.93348506014e+18,1.93348506014e+18
A1950,,no_spin,,n65,r12,1.2,v00,0.0,physical_snapshot_filename,90000,0.0020,FullVolume,08:21:47 2022-04-27 BST,Ma_xp_A1950_n65_r12_v00_90000.hdf5,Ma_xp_A1950_n65_r12_v00_90000,Ma_xp_A1950_n65_r12_v00_90000_fof_0.0020_0000.hdf5,1,1,273,273,273,3.15770430579e+19,3.15770430579e+19,3.15770430579e+19,38,38,38,2.8838935915e+18,2.8838935915e+18,2.8838935915e+18,0.0913288044802,0.0913288044802,0.0913288044802,6.75723078776e+17,6.75723078776e+17,6.75723078776e+17,235,235,235,2.86931494664e+19,2.86931494664e+19,2.86931494664e+19,0.90867119552,0.90867119552,0.90867119552,1.93328915011e+18,1.93328915011e+18,1.93328915011e+18
A1950,,no_spin,,n65,r12,1.2,v00,0.0,physical_snapshot_filename,90000,0.0027,FullVolume,08:21:47 2022-04-27 BST,Ma_xp_A1950_n65_r12_v00_90000.hdf5,Ma_xp_A1950_n65_r12_v00_90000,Ma_xp_A1950_n65_r12_v00_90000_fof_0.0027_0000.hdf5,1,1,273,273,273,3.15862508293e+19,3.15862508293e+19,3.15862508293e+19,38,38,38,2.88478498213e+18,2.88478498213e+18,2.88478498213e+18,0.0913304018804,0.0913304018804,0.0913304018804,6.76095307832e+17,6.76095307832e+17,6.76095307832e+17,235,235,235,2.87014658472e+19,2.87014658472e+19,2.87014658472e+19,0.90866959812,0.90866959812,0.90866959812,1.93347526464e+18,1.93347526464e+18,1.93347526464e+18
A1950,,no_spin,,n65,r12,1.2,v00,0.0,physical_snapshot_filename,90000,0.003,FullVolume,08:21:47 2022-04-27 BST,Ma_xp_A1950_n65_r12_v00_90000.hdf5,Ma_xp_A1950_n65_r12_v00_90000,Ma_xp_A1950_n65_r12_v00_90000_fof_0.003_0000.hdf5,1,1,272,272,272,3.1587886678e+19,3.1587886678e+19,3.1587886678e+19,38,38,38,2.88493191465e+18,2.88493191465e+18,2.88493191465e+18,0.0913303236795,0.0913303236795,0.0913303236795,6.76105103333e+17,6.76105103333e+17,6.76105103333e+17,234,234,234,2.87029547634e+19,2.87029547634e+19,2.87029547634e+19,0.908669676321,0.908669676321,0.908669676321,1.93348506014e+18,1.93348506014e+18,1.93348506014e+18
A1950,,no_spin,,n65,r12,1.2,v00,0.0,physical_snapshot_filename,90000,0.0034,FullVolume,08:21:47 2022-04-27 BST,Ma_xp_A1950_n65_r12_v00_90000.hdf5,Ma_xp_A1950_n65_r12_v00_90000,Ma_xp_A1950_n65_r12_v00_90000_fof_0.0034_0000.hdf5,1,1,273,273,273,3.15898457783e+19,3.15898457783e+19,3.15898457783e+19,38,38,38,2.88503966517e+18,2.88503966517e+18,2.88503966517e+18,0.09132807059,0.09132807059,0.09132807059,6.76144285339e+17,6.76144285339e+17,6.76144285339e+17,235,235,235,2.87048061132e+19,2.87048061132e+19,2.87048061132e+19,0.90867192941,0.90867192941,0.90867192941,1.93350465114e+18,1.93350465114e+18,1.93350465114e+18
A1950,,no_spin,,n65,r16,1.6,v00,0.0,physical_snapshot_filename,90000,0.002,FullVolume,05:34:57 2022-05-01 BST,Ma_xp_A1950_n65_r16_v00_90000.hdf5,Ma_xp_A1950_n65_r16_v00_90000,Ma_xp_A1950_n65_r16_v00_90000_fof_0.002_0000.hdf5,1,1,200,200,200,3.15765924648e+19,3.15765924648e+19,3.15765924648e+19,2,2,2,6.44543997556e+15,6.44543997556e+15,6.44543997556e+15,0.000204120820913,0.000204120820913,0.000204120820913,3.50678953078e+15,3.50678953078e+15,3.50678953078e+15,198,198,198,3.15701470249e+19,3.15701470249e+19,3.15701470249e+19,0.999795879179,0.999795879179,0.999795879179,7.59574530575e+18,7.59574530575e+18,7.59574530575e+18
A1950,,no_spin,,n65,r16,1.6,v00,0.0,physical_snapshot_filename,90000,0.0020,FullVolume,05:34:57 2022-05-01 BST,Ma_xp_A1950_n65_r16_v00_90000.hdf5,Ma_xp_A1950_n65_r16_v00_90000,Ma_xp_A1950_n65_r16_v00_90000_fof_0.0020_0000.hdf5,1,1,200,200,200,3.15765924648e+19,3.15765924648e+19,3.15765924648e+19,2,2,2,6.44543997556e+15,6.44543997556e+15,6.44543997556e+15,0.000204120820913,0.000204120820913,0.000204120820913,3.50678953078e+15,3.50678953078e+15,3.50678953078e+15,198,198,198,3.15701470249e+19,3.15701470249e+19,3.15701470249e+19,0.999795879179,0.999795879179,0.999795879179,7.59574530575e+18,7.59574530575e+18,7.59574530575e+18
A1950,,no_spin,,n65,r16,1.6,v00,0.0,physical_snapshot_filename,90000,0.0027,FullVolume,05:34:57 2022-05-01 BST,Ma_xp_A1950_n65_r16_v00_90000.hdf5,Ma_xp_A1950_n65_r16_v00_90000,Ma_xp_A1950_n65_r16_v00_90000_fof_0.0027_0000.hdf5,1,1,204,204,204,3.15872891525e+19,3.15872891525e+19,3.15872891525e+19,2,2,2,6.44543997556e+15,6.44543997556e+15,6.44543997556e+15,0.000204051697645,0.000204051697645,0.000204051697645,3.50678953078e+15,3.50678953078e+15,3.50678953078e+15,202,202,202,3.15808437125e+19,3.15808437125e+19,3.15808437125e+19,0.999795948302,0.999795948302,0.999795948302,7.59762604203e+18,7.59762604203e+18,7.59762604203e+18
A1950,,no_spin,,n65,r16,1.6,v00,0.0,physical_snapshot_filename,90000,0.003,FullVolume,05:34:57 2022-05-01 BST,Ma_xp_A1950_n65_r16_v00_90000.hdf5,Ma_xp_A1950_n65_r16_v00_90000,Ma_xp_A1950_n65_r16_v00_90000_fof_0.003_0000.hdf5,1,1,205,205,205,3.15899535289e+19,3.15899535289e+19,3.15899535289e+19,2,2,2,6.44543997556e+15,6.44543997556e+15,6.44543997556e+15,0.00020403448741,0.00020403448741,0.00020403448741,3.50678953078e+15,3.50678953078e+15,3.50678953078e+15,203,203,203,3.15835080889e+19,3.15835080889e+19,3.15835080889e+19,0.999795965513,0.999795965513,0.999795965513,7.59798847559e+18,7.59798847559e+18,7.59798847559e+18
A1950,,no_spin,,n65,r16,1.6,v00,0.0,physical_snapshot_filename,90000,0.0034,FullVolume,05:34:57 2022-05-01 BST,Ma_xp_A1950_n65_r16_v00_90000.hdf5,Ma_xp_A1950_n65_r16_v00_90000,Ma_xp_A1950_n65_r16_v00_90000_fof_0.0034_0000.hdf5,1,1,204,204,204,3.15916285596e+19,3.15916285596e+19,3.15916285596e+19,2,2,2,6.44543997556e+15,6.44543997556e+15,6.44543997556e+15,0.000204023669226,0.000204023669226,0.000204023669226,3.50678953078e+15,3.50678953078e+15,3.50678953078e+15,202,202,202,3.15851831196e+19,3.15851831196e+19,3.15851831196e+19,0.999795976331,0.999795976331,0.999795976331,7.59837050014e+18,7.59837050014e+18,7.59837050014e+18
A2000,,no_spin,,n65,r11,1.1,v00,0.0,physical_snapshot_filename,90000,0.0010,FullVolume,17:35:13 2023-04-09 BST,Ma_xp_A2000_n65_r11_v00_90000.hdf5,Ma_xp_A2000_n65_r11_v00_90000,Ma_xp_A2000_n65_r11_v00_90000_fof_0.0010_0000.hdf5,1,1,0,0,0,0,0,0,0,0,0,0,0,0,0,0,0,0,0,0,0,0,0,0,0,0,0,0,0,0,0,0
A2000,,no_spin,,n65,r11,1.1,v00,0.0,physical_snapshot_filename,90000,0.0020,FullVolume,17:35:13 2023-04-09 BST,Ma_xp_A2000_n65_r11_v00_90000.hdf5,Ma_xp_A2000_n65_r11_v00_90000,Ma_xp_A2000_n65_r11_v00_90000_fof_0.0020_0000.hdf5,1,1,6441,6441,6441,1.30727566541e+19,1.30727566541e+19,1.30727566541e+19,1650,1650,1650,3.10505301839e+18,3.10505301839e+18,3.10505301839e+18,0.237520907071,0.237520907071,0.237520907071,5.24637171042e+16,5.24637171042e+16,5.24637171042e+16,4791,4791,4791,9.96770363567e+18,9.96770363567e+18,9.96770363567e+18,0.762479092929,0.762479092929,0.762479092929,4.02273448327e+17,4.02273448327e+17,4.02273448327e+17
A2000,,no_spin,,n65,r11,1.1,v00,0.0,physical_snapshot_filename,90000,0.0030,FullVolume,17:35:13 2023-04-09 BST,Ma_xp_A2000_n65_r11_v00_90000.hdf5,Ma_xp_A2000_n65_r11_v00_90000,Ma_xp_A2000_n65_r11_v00_90000_fof_0.0030_0000.hdf5,1,1,359,359,359,9.9848983557e+19,9.9848983557e+19,9.9848983557e+19,106,106,106,1.99203247269e+19,1.99203247269e+19,1.99203247269e+19,0.199504531917,0.199504531917,0.199504531917,1.88680462641e+18,1.88680462641e+18,1.88680462641e+18,253,253,253,7.99286588301e+19,7.99286588301e+19,7.99286588301e+19,0.800495468083,0.800495468083,0.800495468083,4.8178044629e+18,4.8178044629e+18,4.8178044629e+18
A2000,,no_spin,,n65,r11,1.1,v00,0.0,physical_snapshot_filename,90000,0.0035,FullVolume,17:35:13 2023-04-09 BST,Ma_xp_A2000_n65_r11_v00_90000.hdf5,Ma_xp_A2000_n65_r11_v00_90000,Ma_xp_A2000_n65_r11_v00_90000_fof_0.0035_0000.hdf5,1,1,360,360,360,9.98671321628e+19,9.98671321628e+19,9.98671321628e+19,106,106,106,1.99245676604e+19,1.99245676604e+19,1.99245676604e+19,0.199510762238,0.199510762238,0.199510762238,1.88686656704e+18,1.88686656704e+18,1.88686656704e+18,254,254,254,7.99425645024e+19,7.99425645024e+19,7.99425645024e+19,0.800489237762,0.800489237762,0.800489237762,4.81826901766e+18,4.81826901766e+18,4.81826901766e+18
A2000,,no_spin,,n65,r11,1.1,v00,0.0,physical_snapshot_filename,90000,0.0040,FullVolume,17:35:13 2023-04-09 BST,Ma_xp_A2000_n65_r11_v00_90000.hdf5,Ma_xp_A2000_n65_r11_v00_90000,Ma_xp_A2000_n65_r11_v00_90000_fof_0.0040_0000.hdf5,1,1,361,361,361,9.98769497533e+19,9.98769497533e+19,9.98769497533e+19,106,106,106,1.99267665529e+19,1.99267665529e+19,1.99267665529e+19,0.199513166973,0.199513166973,0.199513166973,1.88686656704e+18,1.88686656704e+18,1.88686656704e+18,255,255,255,7.99501832004e+19,7.99501832004e+19,7.99501832004e+19,0.800486833027,0.800486833027,0.800486833027,4.81829998798e+18,4.81829998798e+18,4.81829998798e+18
A2000,,no_spin,,n65,r11,1.1,v00,0.0,physical_snapshot_filename,90000,0.0045,FullVolume,17:35:13 2023-04-09 BST,Ma_xp_A2000_n65_r11_v00_90000.hdf5,Ma_xp_A2000_n65_r11_v00_90000,Ma_xp_A2000_n65_r11_v00_90000_fof_0.0045_0000.hdf5,1,1,361,361,361,9.98820288853e+19,9.98820288853e+19,9.98820288853e+19,106,106,106,1.99280053656e+19,1.99280053656e+19,1.99280053656e+19,0.199515424226,0.199515424226,0.199515424226,1.88686656704e+18,1.88686656704e+18,1.88686656704e+18,255,255,255,7.99540235197e+19,7.99540235197e+19,7.99540235197e+19,0.800484575774,0.800484575774,0.800484575774,4.81836192861e+18,4.81836192861e+18,4.81836192861e+18
A2000,,no_spin,,n65,r11,1.1,v00,0.0,physical_snapshot_filename,90000,0.0050,FullVolume,17:35:13 2023-04-09 BST,Ma_xp_A2000_n65_r11_v00_90000.hdf5,Ma_xp_A2000_n65_r11_v00_90000,Ma_xp_A2000_n65_r11_v00_90000_fof_0.0050_0000.hdf5,1,1,362,362,362,9.98863337594e+19,9.98863337594e+19,9.98863337594e+19,107,107,107,1.99295538814e+19,1.99295538814e+19,1.99295538814e+19,0.199522328344,0.199522328344,0.199522328344,1.88686656704e+18,1.88686656704e+18,1.88686656704e+18,255,255,255,7.9956779878e+19,7.9956779878e+19,7.9956779878e+19,0.800477671656,0.800477671656,0.800477671656,4.81839289893e+18,4.81839289893e+18,4.81839289893e+18
A2000,,no_spin,,n65,r11,1.1,v00,0.0,physical_snapshot_filename,90000,0.0060,FullVolume,17:35:13 2023-04-09 BST,Ma_xp_A2000_n65_r11_v00_90000.hdf5,Ma_xp_A2000_n65_r11_v00_90000,Ma_xp_A2000_n65_r11_v00_90000_fof_0.0060_0000.hdf5,1,1,361,361,361,9.98919703571e+19,9.98919703571e+19,9.98919703571e+19,106,106,106,1.99305449316e+19,1.99305449316e+19,1.99305449316e+19,0.19952099113,0.19952099113,0.19952099113,1.88686656704e+18,1.88686656704e+18,1.88686656704e+18,255,255,255,7.99614254255e+19,7.99614254255e+19,7.99614254255e+19,0.80047900887,0.80047900887,0.80047900887,4.81839289893e+18,4.81839289893e+18,4.81839289893e+18
A2000,,no_spin,,n65,r11,1.1,v00,0.0,physical_snapshot_filename,90000,0.0080,FullVolume,17:35:13 2023-04-09 BST,Ma_xp_A2000_n65_r11_v00_90000.hdf5,Ma_xp_A2000_n65_r11_v00_90000,Ma_xp_A2000_n65_r11_v00_90000_fof_0.0080_0000.hdf5,1,1,361,361,361,9.98994032332e+19,9.98994032332e+19,9.98994032332e+19,105,105,105,1.99317837442e+19,1.99317837442e+19,1.99317837442e+19,0.19951854665,0.19951854665,0.19951854665,1.88686656704e+18,1.88686656704e+18,1.88686656704e+18,256,256,256,7.99676194889e+19,7.99676194889e+19,7.99676194889e+19,0.80048145335,0.80048145335,0.80048145335,4.81839289893e+18,4.81839289893e+18,4.81839289893e+18
A2000,,no_spin,,n50,r12,1.2,v00,0.0,physical_snapshot_filename,90000,0.0126,FullVolume,20:37:52 2023-03-03 GMT,Ma_xp_A2000_n50_r12_v00_90000.hdf5,Ma_xp_A2000_n50_r12_v00_90000,Ma_xp_A2000_n50_r12_v00_90000_fof_0.0126_0000.hdf5,1,1,57,57,57,9.97955981426e+19,9.97955981426e+19,9.97955981426e+19,19,19,19,2.24043331297e+19,2.24043331297e+19,2.24043331297e+19,0.224502218,0.224502218,0.224502218,3.83238069063e+18,3.83238069063e+18,3.83238069063e+18,38,38,38,7.73912650129e+19,7.73912650129e+19,7.73912650129e+19,0.775497782,0.775497782,0.775497782,9.78343101378e+18,9.78343101378e+18,9.78343101378e+18
A2000,,no_spin,,n55,r12,1.2,v00,0.0,physical_snapshot_filename,90000,0.0086,FullVolume,14:33:01 2023-03-05 GMT,Ma_xp_A2000_n55_r12_v00_90000.hdf5,Ma_xp_A2000_n55_r12_v00_90000,Ma_xp_A2000_n55_r12_v00_90000_fof_0.0086_0000.hdf5,1,1,89,89,89,9.97750786743e+19,9.97750786743e+19,9.97750786743e+19,26,26,26,2.11212476254e+19,2.11212476254e+19,2.11212476254e+19,0.21168860908,0.21168860908,0.21168860908,3.72166373531e+18,3.72166373531e+18,3.72166373531e+18,63,63,63,7.86538310489e+19,7.86538310489e+19,7.86538310489e+19,0.78831139092,0.78831139092,0.78831139092,9.28553693543e+18,9.28553693543e+18,9.28553693543e+18
A2000,,no_spin,,n60,r12,1.2,v00,0.0,physical_snapshot_filename,90000,0.0059,FullVolume,18:36:50 2023-03-07 GMT,Ma_xp_A2000_n60_r12_v00_90000.hdf5,Ma_xp_A2000_n60_r12_v00_90000,Ma_xp_A2000_n60_r12_v00_90000_fof_0.0059_0000.hdf5,1,1,153,153,153,9.98655608666e+19,9.98655608666e+19,9.98655608666e+19,57,57,57,2.05632157505e+19,2.05632157505e+19,2.05632157505e+19,0.205908979753,0.205908979753,0.205908979753,3.08618190075e+18,3.08618190075e+18,3.08618190075e+18,96,96,96,7.93023451161e+19,7.93023451161e+19,7.93023451161e+19,0.794091020247,0.794091020247,0.794091020247,7.90559370007e+18,7.90559370007e+18,7.90559370007e+18
A2000,,no_spin,,n65,r12,1.2,v00,0.0,physical_snapshot_filename,90000,0.0010,FullVolume,01:22:00 2023-03-29 BST,Ma_xp_A2000_n65_r12_v00_90000.hdf5,Ma_xp_A2000_n65_r12_v00_90000,Ma_xp_A2000_n65_r12_v00_90000_fof_0.0010_0000.hdf5,1,1,0,0,0,0,0,0,0,0,0,0,0,0,0,0,0,0,0,0,0,0,0,0,0,0,0,0,0,0,0,0
A2000,,no_spin,,n65,r12,1.2,v00,0.0,physical_snapshot_filename,90000,0.0020,FullVolume,01:22:00 2023-03-29 BST,Ma_xp_A2000_n65_r12_v00_90000.hdf5,Ma_xp_A2000_n65_r12_v00_90000,Ma_xp_A2000_n65_r12_v00_90000_fof_0.0020_0000.hdf5,1,1,6136,6136,6136,1.27317734632e+19,1.27317734632e+19,1.27317734632e+19,1632,1632,1632,2.99848415737e+18,2.99848415737e+18,2.99848415737e+18,0.235511899897,0.235511899897,0.235511899897,7.43907015845e+16,7.43907015845e+16,7.43907015845e+16,4504,4504,4504,9.73328930582e+18,9.73328930582e+18,9.73328930582e+18,0.764488100103,0.764488100103,0.764488100103,2.20694479389e+17,2.20694479389e+17,2.20694479389e+17
A2000,,no_spin,,n65,r12,1.2,v00,0.0,physical_snapshot_filename,90000,0.0030,FullVolume,01:22:00 2023-03-29 BST,Ma_xp_A2000_n65_r12_v00_90000.hdf5,Ma_xp_A2000_n65_r12_v00_90000,Ma_xp_A2000_n65_r12_v00_90000_fof_0.0030_0000.hdf5,1,1,330,330,330,9.98411790371e+19,9.98411790371e+19,9.98411790371e+19,107,107,107,1.87545090817e+19,1.87545090817e+19,1.87545090817e+19,0.187843425554,0.187843425554,0.187843425554,2.43435983208e+18,2.43435983208e+18,2.43435983208e+18,223,223,223,8.10866699554e+19,8.10866699554e+19,8.10866699554e+19,0.812156574446,0.812156574446,0.812156574446,6.54910712737e+18,6.54910712737e+18,6.54910712737e+18
A2000,,no_spin,,n65,r12,1.2,v00,0.0,physical_snapshot_filename,90000,0.0035,FullVolume,01:22:00 2023-03-29 BST,Ma_xp_A2000_n65_r12_v00_90000.hdf5,Ma_xp_A2000_n65_r12_v00_90000,Ma_xp_A2000_n65_r12_v00_90000_fof_0.0035_0000.hdf5,1,1,332,332,332,9.98618981792e+19,9.98618981792e+19,9.98618981792e+19,106,106,106,1.87593094809e+19,1.87593094809e+19,1.87593094809e+19,0.187852522563,0.187852522563,0.187852522563,2.43445274303e+18,2.43445274303e+18,2.43445274303e+18,226,226,226,8.11025886984e+19,8.11025886984e+19,8.11025886984e+19,0.812147477437,0.812147477437,0.812147477437,6.55034594005e+18,6.55034594005e+18,6.55034594005e+18
A2000,,no_spin,,n65,r12,1.2,v00,0.0,physical_snapshot_filename,90000,0.0040,FullVolume,01:22:00 2023-03-29 BST,Ma_xp_A2000_n65_r12_v00_90000.hdf5,Ma_xp_A2000_n65_r12_v00_90000,Ma_xp_A2000_n65_r12_v00_90000_fof_0.0040_0000.hdf5,1,1,334,334,334,9.98719015917e+19,9.98719015917e+19,9.98719015917e+19,108,108,108,1.87625303939e+19,1.87625303939e+19,1.87625303939e+19,0.18786595724,0.18786595724,0.18786595724,2.43448371334e+18,2.43448371334e+18,2.43448371334e+18,226,226,226,8.11093711978e+19,8.11093711978e+19,8.11093711978e+19,0.81213404276,0.81213404276,0.81213404276,6.55090340576e+18,6.55090340576e+18,6.55090340576e+18
A2000,,no_spin,,n65,r12,1.2,v00,0.0,physical_snapshot_filename,90000,0.0045,FullVolume,01:22:00 2023-03-29 BST,Ma_xp_A2000_n65_r12_v00_90000.hdf5,Ma_xp_A2000_n65_r12_v00_90000,Ma_xp_A2000_n65_r12_v00_90000_fof_0.0045_0000.hdf5,1,1,336,336,336,9.98782195363e+19,9.98782195363e+19,9.98782195363e+19,110,110,110,1.87652557818e+19,1.87652557818e+19,1.87652557818e+19,0.18788136061,0.18788136061,0.18788136061,2.43451468366e+18,2.43451468366e+18,2.43451468366e+18,226,226,226,8.11129637546e+19,8.11129637546e+19,8.11129637546e+19,0.81211863939,0.81211863939,0.81211863939,6.55130601988e+18,6.55130601988e+18,6.55130601988e+18
A2000,,no_spin,,n65,r12,1.2,v00,0.0,physical_snapshot_filename,90000,0.0050,FullVolume,01:22:00 2023-03-29 BST,Ma_xp_A2000_n65_r12_v00_90000.hdf5,Ma_xp_A2000_n65_r12_v00_90000,Ma_xp_A2000_n65_r12_v00_90000_fof_0.0050_0000.hdf5,1,1,335,335,335,9.98819669447e+19,9.98819669447e+19,9.98819669447e+19,110,110,110,1.87667113867e+19,1.87667113867e+19,1.87667113867e+19,0.187888884858,0.187888884858,0.187888884858,2.43451468366e+18,2.43451468366e+18,2.43451468366e+18,225,225,225,8.11152555581e+19,8.11152555581e+19,8.11152555581e+19,0.812111115142,0.812111115142,0.812111115142,6.55139893083e+18,6.55139893083e+18,6.55139893083e+18
A2000,,no_spin,,n65,r12,1.2,v00,0.0,physical_snapshot_filename,90000,0.0060,FullVolume,01:22:00 2023-03-29 BST,Ma_xp_A2000_n65_r12_v00_90000.hdf5,Ma_xp_A2000_n65_r12_v00_90000,Ma_xp_A2000_n65_r12_v00_90000_fof_0.0060_0000.hdf5,1,1,335,335,335,9.98888733254e+19,9.98888733254e+19,9.98888733254e+19,110,110,110,1.87682908728e+19,1.87682908728e+19,1.87682908728e+19,0.187891706534,0.187891706534,0.187891706534,2.43454565398e+18,2.43454565398e+18,2.43454565398e+18,225,225,225,8.11205824526e+19,8.11205824526e+19,8.11205824526e+19,0.812108293466,0.812108293466,0.812108293466,6.55167766369e+18,6.55167766369e+18,6.55167766369e+18
A2000,,no_spin,,n65,r12,1.2,v00,0.0,physical_snapshot_filename,90000,0.0080,FullVolume,01:22:00 2023-03-29 BST,Ma_xp_A2000_n65_r12_v00_90000.hdf5,Ma_xp_A2000_n65_r12_v00_90000,Ma_xp_A2000_n65_r12_v00_90000_fof_0.0080_0000.hdf5,1,1,335,335,335,9.98963371718e+19,9.98963371718e+19,9.98963371718e+19,110,110,110,1.87699013293e+19,1.87699013293e+19,1.87699013293e+19,0.187893789309,0.187893789309,0.187893789309,2.43454565398e+18,2.43454565398e+18,2.43454565398e+18,225,225,225,8.11264358425e+19,8.11264358425e+19,8.11264358425e+19,0.812106210691,0.812106210691,0.812106210691,6.55214221844e+18,6.55214221844e+18,6.55214221844e+18
A2000,,no_spin,,n65,r13,1.3,v00,0.0,physical_snapshot_filename,90000,0.0010,FullVolume,05:28:22 2023-04-10 BST,Ma_xp_A2000_n65_r13_v00_90000.hdf5,Ma_xp_A2000_n65_r13_v00_90000,Ma_xp_A2000_n65_r13_v00_90000_fof_0.0010_0000.hdf5,1,1,0,0,0,0,0,0,0,0,0,0,0,0,0,0,0,0,0,0,0,0,0,0,0,0,0,0,0,0,0,0
A2000,,no_spin,,n65,r13,1.3,v00,0.0,physical_snapshot_filename,90000,0.0020,FullVolume,05:28:22 2023-04-10 BST,Ma_xp_A2000_n65_r13_v00_90000.hdf5,Ma_xp_A2000_n65_r13_v00_90000,Ma_xp_A2000_n65_r13_v00_90000_fof_0.0020_0000.hdf5,1,1,6178,6178,6178,1.23595102521e+19,1.23595102521e+19,1.23595102521e+19,1496,1496,1496,2.89337090126e+18,2.89337090126e+18,2.89337090126e+18,0.234100772785,0.234100772785,0.234100772785,1.51785523924e+17,1.51785523924e+17,1.51785523924e+17,4682,4682,4682,9.46613935084e+18,9.46613935084e+18,9.46613935084e+18,0.765899227215,0.765899227215,0.765899227215,3.58357538732e+17,3.58357538732e+17,3.58357538732e+17
A2000,,no_spin,,n65,r13,1.3,v00,0.0,physical_snapshot_filename,90000,0.0030,FullVolume,05:28:22 2023-04-10 BST,Ma_xp_A2000_n65_r13_v00_90000.hdf5,Ma_xp_A2000_n65_r13_v00_90000,Ma_xp_A2000_n65_r13_v00_90000_fof_0.0030_0000.hdf5,1,1,354,354,354,9.98419532951e+19,9.98419532951e+19,9.98419532951e+19,110,110,110,2.02719617069e+19,2.02719617069e+19,2.02719617069e+19,0.203040515914,0.203040515914,0.203040515914,3.43764325332e+18,3.43764325332e+18,3.43764325332e+18,244,244,244,7.95699915882e+19,7.95699915882e+19,7.95699915882e+19,0.796959484086,0.796959484086,0.796959484086,6.65954727802e+18,6.65954727802e+18,6.65954727802e+18
A2000,,no_spin,,n65,r13,1.3,v00,0.0,physical_snapshot_filename,90000,0.0035,FullVolume,05:28:22 2023-04-10 BST,Ma_xp_A2000_n65_r13_v00_90000.hdf5,Ma_xp_A2000_n65_r13_v00_90000,Ma_xp_A2000_n65_r13_v00_90000_fof_0.0035_0000.hdf5,1,1,350,350,350,9.98590179398e+19,9.98590179398e+19,9.98590179398e+19,109,109,109,2.02764524028e+19,2.02764524028e+19,2.02764524028e+19,0.203050789214,0.203050789214,0.203050789214,3.43764325332e+18,3.43764325332e+18,3.43764325332e+18,241,241,241,7.95825655369e+19,7.95825655369e+19,7.95825655369e+19,0.796949210786,0.796949210786,0.796949210786,6.65964018897e+18,6.65964018897e+18,6.65964018897e+18
A2000,,no_spin,,n65,r13,1.3,v00,0.0,physical_snapshot_filename,90000,0.0040,FullVolume,05:28:22 2023-04-10 BST,Ma_xp_A2000_n65_r13_v00_90000.hdf5,Ma_xp_A2000_n65_r13_v00_90000,Ma_xp_A2000_n65_r13_v00_90000_fof_0.0040_0000.hdf5,1,1,350,350,350,9.98671631331e+19,9.98671631331e+19,9.98671631331e+19,109,109,109,2.02787442063e+19,2.02787442063e+19,2.02787442063e+19,0.203057176855,0.203057176855,0.203057176855,3.43773616427e+18,3.43773616427e+18,3.43773616427e+18,241,241,241,7.95884189269e+19,7.95884189269e+19,7.95884189269e+19,0.796942823145,0.796942823145,0.796942823145,6.6597021296e+18,6.6597021296e+18,6.6597021296e+18
A2000,,no_spin,,n65,r13,1.3,v00,0.0,physical_snapshot_filename,90000,0.0045,FullVolume,05:28:22 2023-04-10 BST,Ma_xp_A2000_n65_r13_v00_90000.hdf5,Ma_xp_A2000_n65_r13_v00_90000,Ma_xp_A2000_n65_r13_v00_90000_fof_0.0045_0000.hdf5,1,1,351,351,351,9.98727687605e+19,9.98727687605e+19,9.98727687605e+19,109,109,109,2.02805095144e+19,2.02805095144e+19,2.02805095144e+19,0.203063455295,0.203063455295,0.203063455295,3.43773616427e+18,3.43773616427e+18,3.43773616427e+18,242,242,242,7.95922592462e+19,7.95922592462e+19,7.95922592462e+19,0.796936544705,0.796936544705,0.796936544705,6.6597021296e+18,6.6597021296e+18,6.6597021296e+18
A2000,,no_spin,,n65,r13,1.3,v00,0.0,physical_snapshot_filename,90000,0.0050,FullVolume,05:28:22 2023-04-10 BST,Ma_xp_A2000_n65_r13_v00_90000.hdf5,Ma_xp_A2000_n65_r13_v00_90000,Ma_xp_A2000_n65_r13_v00_90000_fof_0.0050_0000.hdf5,1,1,351,351,351,9.98761445251e+19,9.98761445251e+19,9.98761445251e+19,109,109,109,2.02810669801e+19,2.02810669801e+19,2.02810669801e+19,0.20306217342,0.20306217342,0.20306217342,3.43773616427e+18,3.43773616427e+18,3.43773616427e+18,242,242,242,7.9595077545e+19,7.9595077545e+19,7.9595077545e+19,0.79693782658,0.79693782658,0.79693782658,6.6597021296e+18,6.6597021296e+18,6.6597021296e+18
A2000,,no_spin,,n65,r13,1.3,v00,0.0,physical_snapshot_filename,90000,0.0060,FullVolume,05:28:22 2023-04-10 BST,Ma_xp_A2000_n65_r13_v00_90000.hdf5,Ma_xp_A2000_n65_r13_v00_90000,Ma_xp_A2000_n65_r13_v00_90000_fof_0.0060_0000.hdf5,1,1,353,353,353,9.98837012825e+19,9.98837012825e+19,9.98837012825e+19,110,110,110,2.02834826648e+19,2.02834826648e+19,2.02834826648e+19,0.203070995612,0.203070995612,0.203070995612,3.43807683776e+18,3.43807683776e+18,3.43807683776e+18,243,243,243,7.96002186177e+19,7.96002186177e+19,7.96002186177e+19,0.796929004388,0.796929004388,0.796929004388,6.6597021296e+18,6.6597021296e+18,6.6597021296e+18
A2000,,no_spin,,n65,r13,1.3,v00,0.0,physical_snapshot_filename,90000,0.0080,FullVolume,05:28:22 2023-04-10 BST,Ma_xp_A2000_n65_r13_v00_90000.hdf5,Ma_xp_A2000_n65_r13_v00_90000,Ma_xp_A2000_n65_r13_v00_90000_fof_0.0080_0000.hdf5,1,1,353,353,353,9.98898643756e+19,9.98898643756e+19,9.98898643756e+19,110,110,110,2.02847524478e+19,2.02847524478e+19,2.02847524478e+19,0.203071178188,0.203071178188,0.203071178188,3.43807683776e+18,3.43807683776e+18,3.43807683776e+18,243,243,243,7.96051119278e+19,7.96051119278e+19,7.96051119278e+19,0.796928821812,0.796928821812,0.796928821812,6.65973309992e+18,6.65973309992e+18,6.65973309992e+18
A2000,,no_spin,,n50,r14,1.4,v00,0.0,physical_snapshot_filename,90000,0.0126,FullVolume,20:58:22 2023-03-03 GMT,Ma_xp_A2000_n50_r14_v00_90000.hdf5,Ma_xp_A2000_n50_r14_v00_90000,Ma_xp_A2000_n50_r14_v00_90000_fof_0.0126_0000.hdf5,1,1,52,52,52,9.96777920118e+19,9.96777920118e+19,9.96777920118e+19,20,20,20,1.75577152822e+19,1.75577152822e+19,1.75577152822e+19,0.176144705133,0.176144705133,0.176144705133,5.9639353687e+18,5.9639353687e+18,5.9639353687e+18,32,32,32,8.21200767296e+19,8.21200767296e+19,8.21200767296e+19,0.823855294867,0.823855294867,0.823855294867,1.3867990453e+19,1.3867990453e+19,1.3867990453e+19
A2000,,no_spin,,n55,r14,1.4,v00,0.0,physical_snapshot_filename,90000,0.0086,FullVolume,15:43:06 2023-03-05 GMT,Ma_xp_A2000_n55_r14_v00_90000.hdf5,Ma_xp_A2000_n55_r14_v00_90000,Ma_xp_A2000_n55_r14_v00_90000_fof_0.0086_0000.hdf5,1,1,73,73,73,9.98016821069e+19,9.98016821069e+19,9.98016821069e+19,24,24,24,1.95316142799e+19,1.95316142799e+19,1.95316142799e+19,0.195704259363,0.195704259363,0.195704259363,4.02462988583e+18,4.02462988583e+18,4.02462988583e+18,49,49,49,8.0270067827e+19,8.0270067827e+19,8.0270067827e+19,0.804295740637,0.804295740637,0.804295740637,1.25295908095e+19,1.25295908095e+19,1.25295908095e+19
A2000,,no_spin,,n60,r14,1.4,v00,0.0,physical_snapshot_filename,90000,0.0059,FullVolume,22:03:03 2023-03-07 GMT,Ma_xp_A2000_n60_r14_v00_90000.hdf5,Ma_xp_A2000_n60_r14_v00_90000,Ma_xp_A2000_n60_r14_v00_90000_fof_0.0059_0000.hdf5,1,1,131,131,131,9.98635672734e+19,9.98635672734e+19,9.98635672734e+19,47,47,47,1.77884331023e+19,1.77884331023e+19,1.77884331023e+19,0.17812735503,0.17812735503,0.17812735503,2.57990891622e+18,2.57990891622e+18,2.57990891622e+18,84,84,84,8.20751341711e+19,8.20751341711e+19,8.20751341711e+19,0.82187264497,0.82187264497,0.82187264497,1.05633524294e+19,1.05633524294e+19,1.05633524294e+19
A2000,,no_spin,,n65,r14,1.4,v00,0.0,physical_snapshot_filename,90000,0.0010,FullVolume,12:55:03 2023-03-29 BST,Ma_xp_A2000_n65_r14_v00_90000.hdf5,Ma_xp_A2000_n65_r14_v00_90000,Ma_xp_A2000_n65_r14_v00_90000_fof_0.0010_0000.hdf5,1,1,0,0,0,0,0,0,0,0,0,0,0,0,0,0,0,0,0,0,0,0,0,0,0,0,0,0,0,0,0,0
A2000,,no_spin,,n65,r14,1.4,v00,0.0,physical_snapshot_filename,90000,0.0020,FullVolume,12:55:03 2023-03-29 BST,Ma_xp_A2000_n65_r14_v00_90000.hdf5,Ma_xp_A2000_n65_r14_v00_90000,Ma_xp_A2000_n65_r14_v00_90000_fof_0.0020_0000.hdf5,1,1,5849,5849,5849,1.20858565305e+19,1.20858565305e+19,1.20858565305e+19,1443,1443,1443,2.70092135104e+18,2.70092135104e+18,2.70092135104e+18,0.223477859779,0.223477859779,0.223477859779,5.22469248847e+16,5.22469248847e+16,5.22469248847e+16,4406,4406,4406,9.3849351795e+18,9.3849351795e+18,9.3849351795e+18,0.776522140221,0.776522140221,0.776522140221,4.58081959674e+17,4.58081959674e+17,4.58081959674e+17
A2000,,no_spin,,n65,r14,1.4,v00,0.0,physical_snapshot_filename,90000,0.0030,FullVolume,12:55:03 2023-03-29 BST,Ma_xp_A2000_n65_r14_v00_90000.hdf5,Ma_xp_A2000_n65_r14_v00_90000,Ma_xp_A2000_n65_r14_v00_90000_fof_0.0030_0000.hdf5,1,1,294,294,294,9.98573145724e+19,9.98573145724e+19,9.98573145724e+19,92,92,92,1.83350780778e+19,1.83350780778e+19,1.83350780778e+19,0.183612769443,0.183612769443,0.183612769443,2.72043265078e+18,2.72043265078e+18,2.72043265078e+18,202,202,202,8.15222364946e+19,8.15222364946e+19,8.15222364946e+19,0.816387230557,0.816387230557,0.816387230557,8.03159426455e+18,8.03159426455e+18,8.03159426455e+18
A2000,,no_spin,,n65,r14,1.4,v00,0.0,physical_snapshot_filename,90000,0.0035,FullVolume,12:55:03 2023-03-29 BST,Ma_xp_A2000_n65_r14_v00_90000.hdf5,Ma_xp_A2000_n65_r14_v00_90000,Ma_xp_A2000_n65_r14_v00_90000_fof_0.0035_0000.hdf5,1,1,292,292,292,9.98706627791e+19,9.98706627791e+19,9.98706627791e+19,91,91,91,1.83391661596e+19,1.83391661596e+19,1.83391661596e+19,0.183629162452,0.183629162452,0.183629162452,2.72077332427e+18,2.72077332427e+18,2.72077332427e+18,201,201,201,8.15314966195e+19,8.15314966195e+19,8.15314966195e+19,0.816370837548,0.816370837548,0.816370837548,8.0316871755e+18,8.0316871755e+18,8.0316871755e+18
A2000,,no_spin,,n65,r14,1.4,v00,0.0,physical_snapshot_filename,90000,0.0040,FullVolume,12:55:03 2023-03-29 BST,Ma_xp_A2000_n65_r14_v00_90000.hdf5,Ma_xp_A2000_n65_r14_v00_90000,Ma_xp_A2000_n65_r14_v00_90000_fof_0.0040_0000.hdf5,1,1,291,291,291,9.98782195364e+19,9.98782195364e+19,9.98782195364e+19,91,91,91,1.83411482599e+19,1.83411482599e+19,1.83411482599e+19,0.183635114292,0.183635114292,0.183635114292,2.72157855252e+18,2.72157855252e+18,2.72157855252e+18,200,200,200,8.15370712765e+19,8.15370712765e+19,8.15370712765e+19,0.816364885708,0.816364885708,0.816364885708,8.03202784899e+18,8.03202784899e+18,8.03202784899e+18
A2000,,no_spin,,n65,r14,1.4,v00,0.0,physical_snapshot_filename,90000,0.0045,FullVolume,12:55:03 2023-03-29 BST,Ma_xp_A2000_n65_r14_v00_90000.hdf5,Ma_xp_A2000_n65_r14_v00_90000,Ma_xp_A2000_n65_r14_v00_90000_fof_0.0045_0000.hdf5,1,1,293,293,293,9.98837012825e+19,9.98837012825e+19,9.98837012825e+19,91,91,91,1.83427896867e+19,1.83427896867e+19,1.83427896867e+19,0.183641469541,0.183641469541,0.183641469541,2.7217334041e+18,2.7217334041e+18,2.7217334041e+18,202,202,202,8.15409115958e+19,8.15409115958e+19,8.15409115958e+19,0.816358530459,0.816358530459,0.816358530459,8.03202784899e+18,8.03202784899e+18,8.03202784899e+18
A2000,,no_spin,,n65,r14,1.4,v00,0.0,physical_snapshot_filename,90000,0.0050,FullVolume,12:55:03 2023-03-29 BST,Ma_xp_A2000_n65_r14_v00_90000.hdf5,Ma_xp_A2000_n65_r14_v00_90000,Ma_xp_A2000_n65_r14_v00_90000_fof_0.0050_0000.hdf5,1,1,293,293,293,9.9887262869e+19,9.9887262869e+19,9.9887262869e+19,91,91,91,1.83436258853e+19,1.83436258853e+19,1.83436258853e+19,0.183643293032,0.183643293032,0.183643293032,2.72182631505e+18,2.72182631505e+18,2.72182631505e+18,202,202,202,8.15436369837e+19,8.15436369837e+19,8.15436369837e+19,0.816356706968,0.816356706968,0.816356706968,8.03218270057e+18,8.03218270057e+18,8.03218270057e+18
A2000,,no_spin,,n65,r14,1.4,v00,0.0,physical_snapshot_filename,90000,0.0060,FullVolume,12:55:03 2023-03-29 BST,Ma_xp_A2000_n65_r14_v00_90000.hdf5,Ma_xp_A2000_n65_r14_v00_90000,Ma_xp_A2000_n65_r14_v00_90000_fof_0.0060_0000.hdf5,1,1,292,292,292,9.98901431085e+19,9.98901431085e+19,9.98901431085e+19,91,91,91,1.8344678876e+19,1.8344678876e+19,1.8344678876e+19,0.183648539337,0.183648539337,0.183648539337,2.72204310727e+18,2.72204310727e+18,2.72204310727e+18,201,201,201,8.15454642324e+19,8.15454642324e+19,8.15454642324e+19,0.816351460663,0.816351460663,0.816351460663,8.03218270057e+18,8.03218270057e+18,8.03218270057e+18
A2000,,no_spin,,n65,r14,1.4,v00,0.0,physical_snapshot_filename,90000,0.0080,FullVolume,12:55:03 2023-03-29 BST,Ma_xp_A2000_n65_r14_v00_90000.hdf5,Ma_xp_A2000_n65_r14_v00_90000,Ma_xp_A2000_n65_r14_v00_90000_fof_0.0080_0000.hdf5,1,1,290,290,290,9.98960274687e+19,9.98960274687e+19,9.98960274687e+19,90,90,90,1.83458867184e+19,1.83458867184e+19,1.83458867184e+19,0.183649812543,0.183649812543,0.183649812543,2.72229086981e+18,2.72229086981e+18,2.72229086981e+18,200,200,200,8.15501407503e+19,8.15501407503e+19,8.15501407503e+19,0.816350187457,0.816350187457,0.816350187457,8.03218270057e+18,8.03218270057e+18,8.03218270057e+18
A2000,,no_spin,,n65,r15,1.5,v00,0.0,physical_snapshot_filename,90000,0.0010,FullVolume,15:16:14 2023-04-11 BST,Ma_xp_A2000_n65_r15_v00_90000.hdf5,Ma_xp_A2000_n65_r15_v00_90000,Ma_xp_A2000_n65_r15_v00_90000_fof_0.0010_0000.hdf5,1,1,0,0,0,0,0,0,0,0,0,0,0,0,0,0,0,0,0,0,0,0,0,0,0,0,0,0,0,0,0,0
A2000,,no_spin,,n65,r15,1.5,v00,0.0,physical_snapshot_filename,90000,0.0020,FullVolume,15:16:14 2023-04-11 BST,Ma_xp_A2000_n65_r15_v00_90000.hdf5,Ma_xp_A2000_n65_r15_v00_90000,Ma_xp_A2000_n65_r15_v00_90000_fof_0.0020_0000.hdf5,1,1,4797,4797,4797,1.10735297767e+19,1.10735297767e+19,1.10735297767e+19,1185,1185,1185,2.36678260025e+18,2.36678260025e+18,2.36678260025e+18,0.213733348622,0.213733348622,0.213733348622,1.06444979744e+17,1.06444979744e+17,1.06444979744e+17,3612,3612,3612,8.70674717646e+18,8.70674717646e+18,8.70674717646e+18,0.786266651378,0.786266651378,0.786266651378,5.19774831263e+17,5.19774831263e+17,5.19774831263e+17
A2000,,no_spin,,n65,r15,1.5,v00,0.0,physical_snapshot_filename,90000,0.0030,FullVolume,15:16:14 2023-04-11 BST,Ma_xp_A2000_n65_r15_v00_90000.hdf5,Ma_xp_A2000_n65_r15_v00_90000,Ma_xp_A2000_n65_r15_v00_90000_fof_0.0030_0000.hdf5,1,1,294,294,294,9.98544653032e+19,9.98544653032e+19,9.98544653032e+19,72,72,72,1.6012397209e+19,1.6012397209e+19,1.6012397209e+19,0.16035734767,0.16035734767,0.16035734767,2.6865201536e+18,2.6865201536e+18,2.6865201536e+18,222,222,222,8.38420680942e+19,8.38420680942e+19,8.38420680942e+19,0.83964265233,0.83964265233,0.83964265233,1.53657989293e+19,1.53657989293e+19,1.53657989293e+19
A2000,,no_spin,,n65,r15,1.5,v00,0.0,physical_snapshot_filename,90000,0.0035,FullVolume,15:16:14 2023-04-11 BST,Ma_xp_A2000_n65_r15_v00_90000.hdf5,Ma_xp_A2000_n65_r15_v00_90000,Ma_xp_A2000_n65_r15_v00_90000_fof_0.0035_0000.hdf5,1,1,295,295,295,9.98688665006e+19,9.98688665006e+19,9.98688665006e+19,72,72,72,1.60150916266e+19,1.60150916266e+19,1.60150916266e+19,0.160361203524,0.160361203524,0.160361203524,2.68655112392e+18,2.68655112392e+18,2.68655112392e+18,223,223,223,8.3853774874e+19,8.3853774874e+19,8.3853774874e+19,0.839638796476,0.839638796476,0.839638796476,1.53658298997e+19,1.53658298997e+19,1.53658298997e+19
A2000,,no_spin,,n65,r15,1.5,v00,0.0,physical_snapshot_filename,90000,0.0040,FullVolume,15:16:14 2023-04-11 BST,Ma_xp_A2000_n65_r15_v00_90000.hdf5,Ma_xp_A2000_n65_r15_v00_90000,Ma_xp_A2000_n65_r15_v00_90000_fof_0.0040_0000.hdf5,1,1,293,293,293,9.98753392969e+19,9.98753392969e+19,9.98753392969e+19,72,72,72,1.60165472315e+19,1.60165472315e+19,1.60165472315e+19,0.160365384931,0.160365384931,0.160365384931,2.6867059755e+18,2.6867059755e+18,2.6867059755e+18,221,221,221,8.38587920654e+19,8.38587920654e+19,8.38587920654e+19,0.839634615069,0.839634615069,0.839634615069,1.53658298997e+19,1.53658298997e+19,1.53658298997e+19
A2000,,no_spin,,n65,r15,1.5,v00,0.0,physical_snapshot_filename,90000,0.0045,FullVolume,15:16:14 2023-04-11 BST,Ma_xp_A2000_n65_r15_v00_90000.hdf5,Ma_xp_A2000_n65_r15_v00_90000,Ma_xp_A2000_n65_r15_v00_90000_fof_0.0045_0000.hdf5,1,1,292,292,292,9.98805423101e+19,9.98805423101e+19,9.98805423101e+19,72,72,72,1.60177241035e+19,1.60177241035e+19,1.60177241035e+19,0.160368813916,0.160368813916,0.160368813916,2.68682985677e+18,2.68682985677e+18,2.68682985677e+18,220,220,220,8.38628182066e+19,8.38628182066e+19,8.38628182066e+19,0.839631186084,0.839631186084,0.839631186084,1.53658298997e+19,1.53658298997e+19,1.53658298997e+19
A2000,,no_spin,,n65,r15,1.5,v00,0.0,physical_snapshot_filename,90000,0.0050,FullVolume,15:16:14 2023-04-11 BST,Ma_xp_A2000_n65_r15_v00_90000.hdf5,Ma_xp_A2000_n65_r15_v00_90000,Ma_xp_A2000_n65_r15_v00_90000_fof_0.0050_0000.hdf5,1,1,291,291,291,9.98837632231e+19,9.98837632231e+19,9.98837632231e+19,72,72,72,1.60183744802e+19,1.60183744802e+19,1.60183744802e+19,0.1603701539,0.1603701539,0.1603701539,2.68692276772e+18,2.68692276772e+18,2.68692276772e+18,219,219,219,8.38653887429e+19,8.38653887429e+19,8.38653887429e+19,0.8396298461,0.8396298461,0.8396298461,1.53659228106e+19,1.53659228106e+19,1.53659228106e+19
A2000,,no_spin,,n65,r15,1.5,v00,0.0,physical_snapshot_filename,90000,0.0060,FullVolume,15:16:14 2023-04-11 BST,Ma_xp_A2000_n65_r15_v00_90000.hdf5,Ma_xp_A2000_n65_r15_v00_90000,Ma_xp_A2000_n65_r15_v00_90000_fof_0.0060_0000.hdf5,1,1,290,290,290,9.98900811678e+19,9.98900811678e+19,9.98900811678e+19,73,73,73,1.60201707586e+19,1.60201707586e+19,1.60201707586e+19,0.160377993203,0.160377993203,0.160377993203,2.68695373804e+18,2.68695373804e+18,2.68695373804e+18,217,217,217,8.38699104092e+19,8.38699104092e+19,8.38699104092e+19,0.839622006797,0.839622006797,0.839622006797,1.53659228106e+19,1.53659228106e+19,1.53659228106e+19
A2000,,no_spin,,n65,r15,1.5,v00,0.0,physical_snapshot_filename,90000,0.0080,FullVolume,15:16:14 2023-04-11 BST,Ma_xp_A2000_n65_r15_v00_90000.hdf5,Ma_xp_A2000_n65_r15_v00_90000,Ma_xp_A2000_n65_r15_v00_90000_fof_0.0080_0000.hdf5,1,1,289,289,289,9.98949125373e+19,9.98949125373e+19,9.98949125373e+19,73,73,73,1.60212237494e+19,1.60212237494e+19,1.60212237494e+19,0.160380777584,0.160380777584,0.160380777584,2.68704664899e+18,2.68704664899e+18,2.68704664899e+18,216,216,216,8.38736887879e+19,8.38736887879e+19,8.38736887879e+19,0.839619222416,0.839619222416,0.839619222416,1.53659228106e+19,1.53659228106e+19,1.53659228106e+19
A2000,,no_spin,,n50,r16,1.6,v00,0.0,physical_snapshot_filename,90000,0.0126,FullVolume,21:40:18 2023-03-03 GMT,Ma_xp_A2000_n50_r16_v00_90000.hdf5,Ma_xp_A2000_n50_r16_v00_90000,Ma_xp_A2000_n50_r16_v00_90000_fof_0.0126_0000.hdf5,1,1,29,29,29,9.9826890396e+19,9.9826890396e+19,9.9826890396e+19,6,6,6,1.59544474717e+19,1.59544474717e+19,1.59544474717e+19,0.15982114046,0.15982114046,0.15982114046,6.4508060184e+18,6.4508060184e+18,6.4508060184e+18,23,23,23,8.38724429243e+19,8.38724429243e+19,8.38724429243e+19,0.84017885954,0.84017885954,0.84017885954,3.39456525006e+19,3.39456525006e+19,3.39456525006e+19
A2000,,no_spin,,n55,r16,1.6,v00,0.0,physical_snapshot_filename,90000,0.0086,FullVolume,19:58:40 2023-03-05 GMT,Ma_xp_A2000_n55_r16_v00_90000.hdf5,Ma_xp_A2000_n55_r16_v00_90000,Ma_xp_A2000_n55_r16_v00_90000_fof_0.0086_0000.hdf5,1,1,60,60,60,9.98783625892e+19,9.98783625892e+19,9.98783625892e+19,11,11,11,1.41104606713e+19,1.41104606713e+19,1.41104606713e+19,0.141276451731,0.141276451731,0.141276451731,4.38111588318e+18,4.38111588318e+18,4.38111588318e+18,49,49,49,8.57679019179e+19,8.57679019179e+19,8.57679019179e+19,0.858723548269,0.858723548269,0.858723548269,3.24674551549e+19,3.24674551549e+19,3.24674551549e+19
A2000,,no_spin,,n60,r16,1.6,v00,0.0,physical_snapshot_filename,90000,0.0059,FullVolume,07:47:33 2023-03-08 GMT,Ma_xp_A2000_n60_r16_v00_90000.hdf5,Ma_xp_A2000_n60_r16_v00_90000,Ma_xp_A2000_n60_r16_v00_90000_fof_0.0059_0000.hdf5,1,1,87,87,87,9.98883875082e+19,9.98883875082e+19,9.98883875082e+19,24,24,24,1.42314641754e+19,1.42314641754e+19,1.42314641754e+19,0.142473660156,0.142473660156,0.142473660156,4.13700485859e+18,4.13700485859e+18,4.13700485859e+18,63,63,63,8.56569233329e+19,8.56569233329e+19,8.56569233329e+19,0.857526339844,0.857526339844,0.857526339844,2.75928246133e+19,2.75928246133e+19,2.75928246133e+19
A2000,,no_spin,,n65,r16,1.6,v00,0.0,physical_snapshot_filename,90000,0.0010,FullVolume,03:15:50 2023-04-30 BST,Ma_xp_A2000_n65_r16_v00_90000.hdf5,Ma_xp_A2000_n65_r16_v00_90000,Ma_xp_A2000_n65_r16_v00_90000_fof_0.0010_0000.hdf5,1,1,0,0,0,0,0,0,0,0,0,0,0,0,0,0,0,0,0,0,0,0,0,0,0,0,0,0,0,0,0,0
A2000,,no_spin,,n65,r16,1.6,v00,0.0,physical_snapshot_filename,90000,0.0020,FullVolume,03:15:50 2023-04-30 BST,Ma_xp_A2000_n65_r16_v00_90000.hdf5,Ma_xp_A2000_n65_r16_v00_90000,Ma_xp_A2000_n65_r16_v00_90000_fof_0.0020_0000.hdf5,1,1,6319,6319,6319,1.22634403286e+19,1.22634403286e+19,1.22634403286e+19,1541,1541,1541,2.54845448014e+18,2.54845448014e+18,2.54845448014e+18,0.207809098577,0.207809098577,0.207809098577,2.34228507945e+17,2.34228507945e+17,2.34228507945e+17,4778,4778,4778,9.71498584844e+18,9.71498584844e+18,9.71498584844e+18,0.792190901423,0.792190901423,0.792190901423,4.71368225694e+17,4.71368225694e+17,4.71368225694e+17
A2000,,no_spin,,n65,r16,1.6,v00,0.0,physical_snapshot_filename,90000,0.0030,FullVolume,03:15:50 2023-04-30 BST,Ma_xp_A2000_n65_r16_v00_90000.hdf5,Ma_xp_A2000_n65_r16_v00_90000,Ma_xp_A2000_n65_r16_v00_90000_fof_0.0030_0000.hdf5,1,1,263,263,263,9.98502533399e+19,9.98502533399e+19,9.98502533399e+19,56,56,56,1.41716454441e+19,1.41716454441e+19,1.41716454441e+19,0.14192898836,0.14192898836,0.14192898836,2.8832745779e+18,2.8832745779e+18,2.8832745779e+18,207,207,207,8.56786078958e+19,8.56786078958e+19,8.56786078958e+19,0.85807101164,0.85807101164,0.85807101164,2.39821127798e+19,2.39821127798e+19,2.39821127798e+19
A2000,,no_spin,,n65,r16,1.6,v00,0.0,physical_snapshot_filename,90000,0.0035,FullVolume,03:15:50 2023-04-30 BST,Ma_xp_A2000_n65_r16_v00_90000.hdf5,Ma_xp_A2000_n65_r16_v00_90000,Ma_xp_A2000_n65_r16_v00_90000_fof_0.0035_0000.hdf5,1,1,261,261,261,9.98660172313e+19,9.98660172313e+19,9.98660172313e+19,55,55,55,1.41744018023e+19,1.41744018023e+19,1.41744018023e+19,0.141934185374,0.141934185374,0.141934185374,2.88339845917e+18,2.88339845917e+18,2.88339845917e+18,206,206,206,8.5691615429e+19,8.5691615429e+19,8.5691615429e+19,0.858065814626,0.858065814626,0.858065814626,2.39822056908e+19,2.39822056908e+19,2.39822056908e+19
A2000,,no_spin,,n65,r16,1.6,v00,0.0,physical_snapshot_filename,90000,0.0040,FullVolume,03:15:50 2023-04-30 BST,Ma_xp_A2000_n65_r16_v00_90000.hdf5,Ma_xp_A2000_n65_r16_v00_90000,Ma_xp_A2000_n65_r16_v00_90000_fof_0.0040_0000.hdf5,1,1,265,265,265,9.9878684091e+19,9.9878684091e+19,9.9878684091e+19,56,56,56,1.41768794277e+19,1.41768794277e+19,1.41768794277e+19,0.14194099128,0.14194099128,0.14194099128,2.88339845917e+18,2.88339845917e+18,2.88339845917e+18,209,209,209,8.57018046633e+19,8.57018046633e+19,8.57018046633e+19,0.85805900872,0.85805900872,0.85805900872,2.39823915127e+19,2.39823915127e+19,2.39823915127e+19
A2000,,no_spin,,n65,r16,1.6,v00,0.0,physical_snapshot_filename,90000,0.0045,FullVolume,03:15:50 2023-04-30 BST,Ma_xp_A2000_n65_r16_v00_90000.hdf5,Ma_xp_A2000_n65_r16_v00_90000,Ma_xp_A2000_n65_r16_v00_90000_fof_0.0045_0000.hdf5,1,1,266,266,266,9.98850020357e+19,9.98850020357e+19,9.98850020357e+19,56,56,56,1.41776227153e+19,1.41776227153e+19,1.41776227153e+19,0.141939454636,0.141939454636,0.141939454636,2.88339845917e+18,2.88339845917e+18,2.88339845917e+18,210,210,210,8.57073793204e+19,8.57073793204e+19,8.57073793204e+19,0.858060545364,0.858060545364,0.858060545364,2.3982422483e+19,2.3982422483e+19,2.3982422483e+19
A2000,,no_spin,,n65,r16,1.6,v00,0.0,physical_snapshot_filename,90000,0.0050,FullVolume,03:15:50 2023-04-30 BST,Ma_xp_A2000_n65_r16_v00_90000.hdf5,Ma_xp_A2000_n65_r16_v00_90000,Ma_xp_A2000_n65_r16_v00_90000_fof_0.0050_0000.hdf5,1,1,267,267,267,9.98880990674e+19,9.98880990674e+19,9.98880990674e+19,56,56,56,1.41780253294e+19,1.41780253294e+19,1.41780253294e+19,0.141939084453,0.141939084453,0.141939084453,2.88339845917e+18,2.88339845917e+18,2.88339845917e+18,211,211,211,8.5710073738e+19,8.5710073738e+19,8.5710073738e+19,0.858060915547,0.858060915547,0.858060915547,2.39824534533e+19,2.39824534533e+19,2.39824534533e+19
A2000,,no_spin,,n65,r16,1.6,v00,0.0,physical_snapshot_filename,90000,0.0060,FullVolume,03:15:50 2023-04-30 BST,Ma_xp_A2000_n65_r16_v00_90000.hdf5,Ma_xp_A2000_n65_r16_v00_90000,Ma_xp_A2000_n65_r16_v00_90000_fof_0.0060_0000.hdf5,1,1,265,265,265,9.98933330509e+19,9.98933330509e+19,9.98933330509e+19,56,56,56,1.4178675706e+19,1.4178675706e+19,1.4178675706e+19,0.141938158163,0.141938158163,0.141938158163,2.88339845917e+18,2.88339845917e+18,2.88339845917e+18,209,209,209,8.57146573449e+19,8.57146573449e+19,8.57146573449e+19,0.858061841837,0.858061841837,0.858061841837,2.39824534533e+19,2.39824534533e+19,2.39824534533e+19
A2000,,no_spin,,n65,r16,1.6,v00,0.0,physical_snapshot_filename,90000,0.0080,FullVolume,03:15:50 2023-04-30 BST,Ma_xp_A2000_n65_r16_v00_90000.hdf5,Ma_xp_A2000_n65_r16_v00_90000,Ma_xp_A2000_n65_r16_v00_90000_fof_0.0080_0000.hdf5,1,1,258,258,258,9.9901540185e+19,9.9901540185e+19,9.9901540185e+19,55,55,55,1.41796048156e+19,1.41796048156e+19,1.41796048156e+19,0.14193579788,0.14193579788,0.14193579788,2.88339845917e+18,2.88339845917e+18,2.88339845917e+18,203,203,203,8.57219353694e+19,8.57219353694e+19,8.57219353694e+19,0.85806420212,0.85806420212,0.85806420212,2.3982515394e+19,2.3982515394e+19,2.3982515394e+19
A2000,,no_spin,,n65,r17,1.7,v00,0.0,physical_snapshot_filename,90000,0.0010,FullVolume,14:23:36 2023-04-17 BST,Ma_xp_A2000_n65_r17_v00_90000.hdf5,Ma_xp_A2000_n65_r17_v00_90000,Ma_xp_A2000_n65_r17_v00_90000_fof_0.0010_0000.hdf5,1,1,0,0,0,0,0,0,0,0,0,0,0,0,0,0,0,0,0,0,0,0,0,0,0,0,0,0,0,0,0,0
A2000,,no_spin,,n65,r17,1.7,v00,0.0,physical_snapshot_filename,90000,0.0020,FullVolume,14:23:36 2023-04-17 BST,Ma_xp_A2000_n65_r17_v00_90000.hdf5,Ma_xp_A2000_n65_r17_v00_90000,Ma_xp_A2000_n65_r17_v00_90000_fof_0.0020_0000.hdf5,1,1,4140,4140,4140,9.50153842324e+18,9.50153842324e+18,9.50153842324e+18,377,377,377,1.02713056538e+18,1.02713056538e+18,1.02713056538e+18,0.108101501002,0.108101501002,0.108101501002,4.22682887271e+17,4.22682887271e+17,4.22682887271e+17,3763,3763,3763,8.47440785786e+18,8.47440785786e+18,8.47440785786e+18,0.891898498998,0.891898498998,0.891898498998,5.88405053873e+17,5.88405053873e+17,5.88405053873e+17
A2000,,no_spin,,n65,r17,1.7,v00,0.0,physical_snapshot_filename,90000,0.0030,FullVolume,14:23:36 2023-04-17 BST,Ma_xp_A2000_n65_r17_v00_90000.hdf5,Ma_xp_A2000_n65_r17_v00_90000,Ma_xp_A2000_n65_r17_v00_90000_fof_0.0030_0000.hdf5,1,1,190,190,190,9.98691142627e+19,9.98691142627e+19,9.98691142627e+19,22,22,22,8.92580022905e+18,8.92580022905e+18,8.92580022905e+18,0.0893749813939,0.0893749813939,0.0893749813939,5.08015401875e+18,5.08015401875e+18,5.08015401875e+18,168,168,168,9.09433140337e+19,9.09433140337e+19,9.09433140337e+19,0.910625018606,0.910625018606,0.910625018606,4.20352061204e+19,4.20352061204e+19,4.20352061204e+19
A2000,,no_spin,,n65,r17,1.7,v00,0.0,physical_snapshot_filename,90000,0.0035,FullVolume,14:23:36 2023-04-17 BST,Ma_xp_A2000_n65_r17_v00_90000.hdf5,Ma_xp_A2000_n65_r17_v00_90000,Ma_xp_A2000_n65_r17_v00_90000_fof_0.0035_0000.hdf5,1,1,189,189,189,9.98819669443e+19,9.98819669443e+19,9.98819669443e+19,22,22,22,8.92629575412e+18,8.92629575412e+18,8.92629575412e+18,0.089368441844,0.089368441844,0.089368441844,5.08015401875e+18,5.08015401875e+18,5.08015401875e+18,167,167,167,9.09556711902e+19,9.09556711902e+19,9.09556711902e+19,0.910631558156,0.910631558156,0.910631558156,4.20358255268e+19,4.20358255268e+19,4.20358255268e+19
A2000,,no_spin,,n65,r17,1.7,v00,0.0,physical_snapshot_filename,90000,0.0040,FullVolume,14:23:36 2023-04-17 BST,Ma_xp_A2000_n65_r17_v00_90000.hdf5,Ma_xp_A2000_n65_r17_v00_90000,Ma_xp_A2000_n65_r17_v00_90000_fof_0.0040_0000.hdf5,1,1,187,187,187,9.98886565328e+19,9.98886565328e+19,9.98886565328e+19,23,23,23,8.92722486364e+18,8.92722486364e+18,8.92722486364e+18,0.0893717582507,0.0893717582507,0.0893717582507,5.08015401875e+18,5.08015401875e+18,5.08015401875e+18,164,164,164,9.09614316691e+19,9.09614316691e+19,9.09614316691e+19,0.910628241749,0.910628241749,0.910628241749,4.20362281409e+19,4.20362281409e+19,4.20362281409e+19
A2000,,no_spin,,n65,r17,1.7,v00,0.0,physical_snapshot_filename,90000,0.0045,FullVolume,14:23:36 2023-04-17 BST,Ma_xp_A2000_n65_r17_v00_90000.hdf5,Ma_xp_A2000_n65_r17_v00_90000,Ma_xp_A2000_n65_r17_v00_90000_fof_0.0045_0000.hdf5,1,1,185,185,185,9.98924658818e+19,9.98924658818e+19,9.98924658818e+19,23,23,23,8.92753456681e+18,8.92753456681e+18,8.92753456681e+18,0.0893714504693,0.0893714504693,0.0893714504693,5.08021595938e+18,5.08021595938e+18,5.08021595938e+18,162,162,162,9.0964931315e+19,9.0964931315e+19,9.0964931315e+19,0.910628549531,0.910628549531,0.910628549531,4.20364139628e+19,4.20364139628e+19,4.20364139628e+19
A2000,,no_spin,,n65,r17,1.7,v00,0.0,physical_snapshot_filename,90000,0.0050,FullVolume,14:23:36 2023-04-17 BST,Ma_xp_A2000_n65_r17_v00_90000.hdf5,Ma_xp_A2000_n65_r17_v00_90000,Ma_xp_A2000_n65_r17_v00_90000_fof_0.0050_0000.hdf5,1,1,186,186,186,9.98964610527e+19,9.98964610527e+19,9.98964610527e+19,24,24,24,8.92858755759e+18,8.92858755759e+18,8.92858755759e+18,0.089378417048,0.089378417048,0.089378417048,5.08021595938e+18,5.08021595938e+18,5.08021595938e+18,162,162,162,9.09678734951e+19,9.09678734951e+19,9.09678734951e+19,0.910621582952,0.910621582952,0.910621582952,4.20365997847e+19,4.20365997847e+19,4.20365997847e+19
A2000,,no_spin,,n65,r17,1.7,v00,0.0,physical_snapshot_filename,90000,0.0060,FullVolume,14:23:36 2023-04-17 BST,Ma_xp_A2000_n65_r17_v00_90000.hdf5,Ma_xp_A2000_n65_r17_v00_90000,Ma_xp_A2000_n65_r17_v00_90000_fof_0.0060_0000.hdf5,1,1,186,186,186,9.98998368172e+19,9.98998368172e+19,9.98998368172e+19,24,24,24,8.92908308266e+18,8.92908308266e+18,8.92908308266e+18,0.089380357037,0.089380357037,0.089380357037,5.08030887033e+18,5.08030887033e+18,5.08030887033e+18,162,162,162,9.09707537346e+19,9.09707537346e+19,9.09707537346e+19,0.910619642963,0.910619642963,0.910619642963,4.20366617253e+19,4.20366617253e+19,4.20366617253e+19
A2000,,no_spin,,n65,r17,1.7,v00,0.0,physical_snapshot_filename,90000,0.0080,FullVolume,14:23:36 2023-04-17 BST,Ma_xp_A2000_n65_r17_v00_90000.hdf5,Ma_xp_A2000_n65_r17_v00_90000,Ma_xp_A2000_n65_r17_v00_90000_fof_0.0080_0000.hdf5,1,1,185,185,185,9.9904792068e+19,9.9904792068e+19,9.9904792068e+19,24,24,24,8.92929987488e+18,8.92929987488e+18,8.92929987488e+18,0.0893780937836,0.0893780937836,0.0893780937836,5.08030887033e+18,5.08030887033e+18,5.08030887033e+18,161,161,161,9.09754921931e+19,9.09754921931e+19,9.09754921931e+19,0.910621906216,0.910621906216,0.910621906216,4.20367546363e+19,4.20367546363e+19,4.20367546363e+19
A2000,,no_spin,,n65,r18,1.8,v00,0.0,physical_snapshot_filename,90000,0.0010,FullVolume,05:44:10 2023-04-09 BST,Ma_xp_A2000_n65_r18_v00_90000.hdf5,Ma_xp_A2000_n65_r18_v00_90000,Ma_xp_A2000_n65_r18_v00_90000_fof_0.0010_0000.hdf5,1,1,0,0,0,0,0,0,0,0,0,0,0,0,0,0,0,0,0,0,0,0,0,0,0,0,0,0,0,0,0,0
A2000,,no_spin,,n65,r18,1.8,v00,0.0,physical_snapshot_filename,90000,0.0020,FullVolume,05:44:10 2023-04-09 BST,Ma_xp_A2000_n65_r18_v00_90000.hdf5,Ma_xp_A2000_n65_r18_v00_90000,Ma_xp_A2000_n65_r18_v00_90000_fof_0.0020_0000.hdf5,1,1,3714,3714,3714,6.64880057797e+18,6.64880057797e+18,6.64880057797e+18,0,0,0,0,0,0,0,0,0,0,0,0,3714,3714,3714,6.64880057797e+18,6.64880057797e+18,6.64880057797e+18,1,1,1,6.46257606147e+17,6.46257606147e+17,6.46257606147e+17
A2000,,no_spin,,n65,r18,1.8,v00,0.0,physical_snapshot_filename,90000,0.0030,FullVolume,05:44:10 2023-04-09 BST,Ma_xp_A2000_n65_r18_v00_90000.hdf5,Ma_xp_A2000_n65_r18_v00_90000,Ma_xp_A2000_n65_r18_v00_90000_fof_0.0030_0000.hdf5,1,1,114,114,114,9.98485499717e+19,9.98485499717e+19,9.98485499717e+19,0,0,0,0,0,0,0,0,0,0,0,0,114,114,114,9.98485499717e+19,9.98485499717e+19,9.98485499717e+19,1,1,1,6.94691155882e+19,6.94691155882e+19,6.94691155882e+19
A2000,,no_spin,,n65,r18,1.8,v00,0.0,physical_snapshot_filename,90000,0.0035,FullVolume,05:44:10 2023-04-09 BST,Ma_xp_A2000_n65_r18_v00_90000.hdf5,Ma_xp_A2000_n65_r18_v00_90000,Ma_xp_A2000_n65_r18_v00_90000_fof_0.0035_0000.hdf5,1,1,115,115,115,9.98633847536e+19,9.98633847536e+19,9.98633847536e+19,0,0,0,0,0,0,0,0,0,0,0,0,115,115,115,9.98633847536e+19,9.98633847536e+19,9.98633847536e+19,1,1,1,6.94766104049e+19,6.94766104049e+19,6.94766104049e+19
A2000,,no_spin,,n65,r18,1.8,v00,0.0,physical_snapshot_filename,90000,0.0040,FullVolume,05:44:10 2023-04-09 BST,Ma_xp_A2000_n65_r18_v00_90000.hdf5,Ma_xp_A2000_n65_r18_v00_90000,Ma_xp_A2000_n65_r18_v00_90000_fof_0.0040_0000.hdf5,1,1,117,117,117,9.98760206429e+19,9.98760206429e+19,9.98760206429e+19,0,0,0,0,0,0,0,0,0,0,0,0,117,117,117,9.98760206429e+19,9.98760206429e+19,9.98760206429e+19,1,1,1,6.94838574591e+19,6.94838574591e+19,6.94838574591e+19
A2000,,no_spin,,n65,r18,1.8,v00,0.0,physical_snapshot_filename,90000,0.0045,FullVolume,05:44:10 2023-04-09 BST,Ma_xp_A2000_n65_r18_v00_90000.hdf5,Ma_xp_A2000_n65_r18_v00_90000,Ma_xp_A2000_n65_r18_v00_90000_fof_0.0045_0000.hdf5,1,1,115,115,115,9.98832367268e+19,9.98832367268e+19,9.98832367268e+19,0,0,0,0,0,0,0,0,0,0,0,0,115,115,115,9.98832367268e+19,9.98832367268e+19,9.98832367268e+19,1,1,1,6.9488626888e+19,6.9488626888e+19,6.9488626888e+19
A2000,,no_spin,,n65,r18,1.8,v00,0.0,physical_snapshot_filename,90000,0.0050,FullVolume,05:44:10 2023-04-09 BST,Ma_xp_A2000_n65_r18_v00_90000.hdf5,Ma_xp_A2000_n65_r18_v00_90000,Ma_xp_A2000_n65_r18_v00_90000_fof_0.0050_0000.hdf5,1,1,116,116,116,9.98896785528e+19,9.98896785528e+19,9.98896785528e+19,0,0,0,0,0,0,0,0,0,0,0,0,116,116,116,9.98896785528e+19,9.98896785528e+19,9.98896785528e+19,1,1,1,6.94938608715e+19,6.94938608715e+19,6.94938608715e+19
A2000,,no_spin,,n65,r18,1.8,v00,0.0,physical_snapshot_filename,90000,0.0060,FullVolume,05:44:10 2023-04-09 BST,Ma_xp_A2000_n65_r18_v00_90000.hdf5,Ma_xp_A2000_n65_r18_v00_90000,Ma_xp_A2000_n65_r18_v00_90000_fof_0.0060_0000.hdf5,1,1,114,114,114,9.98987528557e+19,9.98987528557e+19,9.98987528557e+19,0,0,0,0,0,0,0,0,0,0,0,0,114,114,114,9.98987528557e+19,9.98987528557e+19,9.98987528557e+19,1,1,1,6.94995903802e+19,6.94995903802e+19,6.94995903802e+19
A2000,,no_spin,,n65,r18,1.8,v00,0.0,physical_snapshot_filename,90000,0.0080,FullVolume,05:44:10 2023-04-09 BST,Ma_xp_A2000_n65_r18_v00_90000.hdf5,Ma_xp_A2000_n65_r18_v00_90000,Ma_xp_A2000_n65_r18_v00_90000_fof_0.0080_0000.hdf5,1,1,110,110,110,9.99093137338e+19,9.99093137338e+19,9.99093137338e+19,0,0,0,0,0,0,0,0,0,0,0,0,110,110,110,9.99093137338e+19,9.99093137338e+19,9.99093137338e+19,1,1,1,6.95061560874e+19,6.95061560874e+19,6.95061560874e+19
A2000,,no_spin,,n65,r19,1.9,v00,0.0,physical_snapshot_filename,90000,0.0010,FullVolume,08:27:32 2023-04-23 BST,Ma_xp_A2000_n65_r19_v00_90000.hdf5,Ma_xp_A2000_n65_r19_v00_90000,Ma_xp_A2000_n65_r19_v00_90000_fof_0.0010_0000.hdf5,1,1,0,0,0,0,0,0,0,0,0,0,0,0,0,0,0,0,0,0,0,0,0,0,0,0,0,0,0,0,0,0
A2000,,no_spin,,n65,r19,1.9,v00,0.0,physical_snapshot_filename,90000,0.0020,FullVolume,08:27:32 2023-04-23 BST,Ma_xp_A2000_n65_r19_v00_90000.hdf5,Ma_xp_A2000_n65_r19_v00_90000,Ma_xp_A2000_n65_r19_v00_90000_fof_0.0020_0000.hdf5,1,1,1388,1388,1388,3.46031352541e+18,3.46031352541e+18,3.46031352541e+18,0,0,0,0,0,0,0,0,0,0,0,0,1388,1388,1388,3.46031352541e+18,3.46031352541e+18,3.46031352541e+18,1,1,1,1.60952737775e+17,1.60952737775e+17,1.60952737775e+17
A2000,,no_spin,,n65,r19,1.9,v00,0.0,physical_snapshot_filename,90000,0.0030,FullVolume,08:27:32 2023-04-23 BST,Ma_xp_A2000_n65_r19_v00_90000.hdf5,Ma_xp_A2000_n65_r19_v00_90000,Ma_xp_A2000_n65_r19_v00_90000_fof_0.0030_0000.hdf5,1,1,2,2,2,9.99627375304e+19,9.99627375304e+19,9.99627375304e+19,0,0,0,0,0,0,0,0,0,0,0,0,2,2,2,9.99627375304e+19,9.99627375304e+19,9.99627375304e+19,1,1,1,8.18425005421e+19,8.18425005421e+19,8.18425005421e+19
A2000,,no_spin,,n65,r19,1.9,v00,0.0,physical_snapshot_filename,90000,0.0035,FullVolume,08:27:32 2023-04-23 BST,Ma_xp_A2000_n65_r19_v00_90000.hdf5,Ma_xp_A2000_n65_r19_v00_90000,Ma_xp_A2000_n65_r19_v00_90000_fof_0.0035_0000.hdf5,1,1,2,2,2,9.99627375304e+19,9.99627375304e+19,9.99627375304e+19,0,0,0,0,0,0,0,0,0,0,0,0,2,2,2,9.99627375304e+19,9.99627375304e+19,9.99627375304e+19,1,1,1,8.18425005421e+19,8.18425005421e+19,8.18425005421e+19
A2000,,no_spin,,n65,r19,1.9,v00,0.0,physical_snapshot_filename,90000,0.0040,FullVolume,08:27:32 2023-04-23 BST,Ma_xp_A2000_n65_r19_v00_90000.hdf5,Ma_xp_A2000_n65_r19_v00_90000,Ma_xp_A2000_n65_r19_v00_90000_fof_0.0040_0000.hdf5,1,1,2,2,2,9.99627375304e+19,9.99627375304e+19,9.99627375304e+19,0,0,0,0,0,0,0,0,0,0,0,0,2,2,2,9.99627375304e+19,9.99627375304e+19,9.99627375304e+19,1,1,1,8.18425005421e+19,8.18425005421e+19,8.18425005421e+19
A2000,,no_spin,,n65,r19,1.9,v00,0.0,physical_snapshot_filename,90000,0.0045,FullVolume,08:27:32 2023-04-23 BST,Ma_xp_A2000_n65_r19_v00_90000.hdf5,Ma_xp_A2000_n65_r19_v00_90000,Ma_xp_A2000_n65_r19_v00_90000_fof_0.0045_0000.hdf5,1,1,2,2,2,9.99627375304e+19,9.99627375304e+19,9.99627375304e+19,0,0,0,0,0,0,0,0,0,0,0,0,2,2,2,9.99627375304e+19,9.99627375304e+19,9.99627375304e+19,1,1,1,8.18425005421e+19,8.18425005421e+19,8.18425005421e+19
A2000,,no_spin,,n65,r19,1.9,v00,0.0,physical_snapshot_filename,90000,0.0050,FullVolume,08:27:32 2023-04-23 BST,Ma_xp_A2000_n65_r19_v00_90000.hdf5,Ma_xp_A2000_n65_r19_v00_90000,Ma_xp_A2000_n65_r19_v00_90000_fof_0.0050_0000.hdf5,1,1,2,2,2,9.99627375304e+19,9.99627375304e+19,9.99627375304e+19,0,0,0,0,0,0,0,0,0,0,0,0,2,2,2,9.99627375304e+19,9.99627375304e+19,9.99627375304e+19,1,1,1,8.18425005421e+19,8.18425005421e+19,8.18425005421e+19
A2000,,no_spin,,n65,r19,1.9,v00,0.0,physical_snapshot_filename,90000,0.0060,FullVolume,08:27:32 2023-04-23 BST,Ma_xp_A2000_n65_r19_v00_90000.hdf5,Ma_xp_A2000_n65_r19_v00_90000,Ma_xp_A2000_n65_r19_v00_90000_fof_0.0060_0000.hdf5,1,1,2,2,2,9.99627375304e+19,9.99627375304e+19,9.99627375304e+19,0,0,0,0,0,0,0,0,0,0,0,0,2,2,2,9.99627375304e+19,9.99627375304e+19,9.99627375304e+19,1,1,1,8.18425005421e+19,8.18425005421e+19,8.18425005421e+19
A2000,,no_spin,,n65,r19,1.9,v00,0.0,physical_snapshot_filename,90000,0.0080,FullVolume,08:27:32 2023-04-23 BST,Ma_xp_A2000_n65_r19_v00_90000.hdf5,Ma_xp_A2000_n65_r19_v00_90000,Ma_xp_A2000_n65_r19_v00_90000_fof_0.0080_0000.hdf5,1,1,2,2,2,9.99627375304e+19,9.99627375304e+19,9.99627375304e+19,0,0,0,0,0,0,0,0,0,0,0,0,2,2,2,9.99627375304e+19,9.99627375304e+19,9.99627375304e+19,1,1,1,8.18425005421e+19,8.18425005421e+19,8.18425005421e+19
A2000,,no_spin,,n65,r20,2.0,v00,0.0,physical_snapshot_filename,90000,0.0010,FullVolume,06:18:01 2023-04-24 BST,Ma_xp_A2000_n65_r20_v00_90000.hdf5,Ma_xp_A2000_n65_r20_v00_90000,Ma_xp_A2000_n65_r20_v00_90000_fof_0.0010_0000.hdf5,1,1,0,0,0,0,0,0,0,0,0,0,0,0,0,0,0,0,0,0,0,0,0,0,0,0,0,0,0,0,0,0
A2000,,no_spin,,n65,r20,2.0,v00,0.0,physical_snapshot_filename,90000,0.0020,FullVolume,06:18:01 2023-04-24 BST,Ma_xp_A2000_n65_r20_v00_90000.hdf5,Ma_xp_A2000_n65_r20_v00_90000,Ma_xp_A2000_n65_r20_v00_90000_fof_0.0020_0000.hdf5,1,1,1296,1296,1296,3.13137778789e+18,3.13137778789e+18,3.13137778789e+18,0,0,0,0,0,0,0,0,0,0,0,0,1296,1296,1296,3.13137778789e+18,3.13137778789e+18,3.13137778789e+18,1,1,1,1.04060265331e+17,1.04060265331e+17,1.04060265331e+17
A2000,,no_spin,,n65,r20,2.0,v00,0.0,physical_snapshot_filename,90000,0.0030,FullVolume,06:18:01 2023-04-24 BST,Ma_xp_A2000_n65_r20_v00_90000.hdf5,Ma_xp_A2000_n65_r20_v00_90000,Ma_xp_A2000_n65_r20_v00_90000_fof_0.0030_0000.hdf5,1,1,5,5,5,9.99607864004e+19,9.99607864004e+19,9.99607864004e+19,0,0,0,0,0,0,0,0,0,0,0,0,5,5,5,9.99607864004e+19,9.99607864004e+19,9.99607864004e+19,1,1,1,8.72443742144e+19,8.72443742144e+19,8.72443742144e+19
A2000,,no_spin,,n65,r20,2.0,v00,0.0,physical_snapshot_filename,90000,0.0035,FullVolume,06:18:01 2023-04-24 BST,Ma_xp_A2000_n65_r20_v00_90000.hdf5,Ma_xp_A2000_n65_r20_v00_90000,Ma_xp_A2000_n65_r20_v00_90000_fof_0.0035_0000.hdf5,1,1,5,5,5,9.99610961036e+19,9.99610961036e+19,9.99610961036e+19,0,0,0,0,0,0,0,0,0,0,0,0,5,5,5,9.99610961036e+19,9.99610961036e+19,9.99610961036e+19,1,1,1,8.72443742144e+19,8.72443742144e+19,8.72443742144e+19
A2000,,no_spin,,n65,r20,2.0,v00,0.0,physical_snapshot_filename,90000,0.0040,FullVolume,06:18:01 2023-04-24 BST,Ma_xp_A2000_n65_r20_v00_90000.hdf5,Ma_xp_A2000_n65_r20_v00_90000,Ma_xp_A2000_n65_r20_v00_90000_fof_0.0040_0000.hdf5,1,1,5,5,5,9.99611270739e+19,9.99611270739e+19,9.99611270739e+19,0,0,0,0,0,0,0,0,0,0,0,0,5,5,5,9.99611270739e+19,9.99611270739e+19,9.99611270739e+19,1,1,1,8.72444051848e+19,8.72444051848e+19,8.72444051848e+19
A2000,,no_spin,,n65,r20,2.0,v00,0.0,physical_snapshot_filename,90000,0.0045,FullVolume,06:18:01 2023-04-24 BST,Ma_xp_A2000_n65_r20_v00_90000.hdf5,Ma_xp_A2000_n65_r20_v00_90000,Ma_xp_A2000_n65_r20_v00_90000_fof_0.0045_0000.hdf5,1,1,5,5,5,9.99612199848e+19,9.99612199848e+19,9.99612199848e+19,0,0,0,0,0,0,0,0,0,0,0,0,5,5,5,9.99612199848e+19,9.99612199848e+19,9.99612199848e+19,1,1,1,8.72444051848e+19,8.72444051848e+19,8.72444051848e+19
A2000,,no_spin,,n65,r20,2.0,v00,0.0,physical_snapshot_filename,90000,0.0050,FullVolume,06:18:01 2023-04-24 BST,Ma_xp_A2000_n65_r20_v00_90000.hdf5,Ma_xp_A2000_n65_r20_v00_90000,Ma_xp_A2000_n65_r20_v00_90000_fof_0.0050_0000.hdf5,1,1,5,5,5,9.99612509551e+19,9.99612509551e+19,9.99612509551e+19,0,0,0,0,0,0,0,0,0,0,0,0,5,5,5,9.99612509551e+19,9.99612509551e+19,9.99612509551e+19,1,1,1,8.72444051848e+19,8.72444051848e+19,8.72444051848e+19
A2000,,no_spin,,n65,r20,2.0,v00,0.0,physical_snapshot_filename,90000,0.0060,FullVolume,06:18:01 2023-04-24 BST,Ma_xp_A2000_n65_r20_v00_90000.hdf5,Ma_xp_A2000_n65_r20_v00_90000,Ma_xp_A2000_n65_r20_v00_90000_fof_0.0060_0000.hdf5,1,1,5,5,5,9.99613128958e+19,9.99613128958e+19,9.99613128958e+19,0,0,0,0,0,0,0,0,0,0,0,0,5,5,5,9.99613128958e+19,9.99613128958e+19,9.99613128958e+19,1,1,1,8.72444051848e+19,8.72444051848e+19,8.72444051848e+19
A2000,,no_spin,,n65,r20,2.0,v00,0.0,physical_snapshot_filename,90000,0.0080,FullVolume,06:18:01 2023-04-24 BST,Ma_xp_A2000_n65_r20_v00_90000.hdf5,Ma_xp_A2000_n65_r20_v00_90000,Ma_xp_A2000_n65_r20_v00_90000_fof_0.0080_0000.hdf5,1,1,5,5,5,9.99613438661e+19,9.99613438661e+19,9.99613438661e+19,0,0,0,0,0,0,0,0,0,0,0,0,5,5,5,9.99613438661e+19,9.99613438661e+19,9.99613438661e+19,1,1,1,8.72444361551e+19,8.72444361551e+19,8.72444361551e+19
A2000,,no_spin,,n65,r22,2.2,v00,0.0,physical_snapshot_filename,90000,0.0010,FullVolume,13:44:38 2023-04-22 BST,Ma_xp_A2000_n65_r22_v00_90000.hdf5,Ma_xp_A2000_n65_r22_v00_90000,Ma_xp_A2000_n65_r22_v00_90000_fof_0.0010_0000.hdf5,1,1,0,0,0,0,0,0,0,0,0,0,0,0,0,0,0,0,0,0,0,0,0,0,0,0,0,0,0,0,0,0
A2000,,no_spin,,n65,r22,2.2,v00,0.0,physical_snapshot_filename,90000,0.0020,FullVolume,13:44:38 2023-04-22 BST,Ma_xp_A2000_n65_r22_v00_90000.hdf5,Ma_xp_A2000_n65_r22_v00_90000,Ma_xp_A2000_n65_r22_v00_90000_fof_0.0020_0000.hdf5,1,1,1015,1015,1015,2.77859490623e+18,2.77859490623e+18,2.77859490623e+18,0,0,0,0,0,0,0,0,0,0,0,0,1015,1015,1015,2.77859490623e+18,2.77859490623e+18,2.77859490623e+18,1,1,1,4.96640004417e+17,4.96640004417e+17,4.96640004417e+17
A2000,,no_spin,,n65,r22,2.2,v00,0.0,physical_snapshot_filename,90000,0.0030,FullVolume,13:44:38 2023-04-22 BST,Ma_xp_A2000_n65_r22_v00_90000.hdf5,Ma_xp_A2000_n65_r22_v00_90000,Ma_xp_A2000_n65_r22_v00_90000_fof_0.0030_0000.hdf5,1,1,1,1,1,9.99627375301e+19,9.99627375301e+19,9.99627375301e+19,0,0,0,0,0,0,0,0,0,0,0,0,1,1,1,9.99627375301e+19,9.99627375301e+19,9.99627375301e+19,1,1,1,9.99627375301e+19,9.99627375301e+19,9.99627375301e+19
A2000,,no_spin,,n65,r22,2.2,v00,0.0,physical_snapshot_filename,90000,0.0035,FullVolume,13:44:38 2023-04-22 BST,Ma_xp_A2000_n65_r22_v00_90000.hdf5,Ma_xp_A2000_n65_r22_v00_90000,Ma_xp_A2000_n65_r22_v00_90000_fof_0.0035_0000.hdf5,1,1,1,1,1,9.99627375301e+19,9.99627375301e+19,9.99627375301e+19,0,0,0,0,0,0,0,0,0,0,0,0,1,1,1,9.99627375301e+19,9.99627375301e+19,9.99627375301e+19,1,1,1,9.99627375301e+19,9.99627375301e+19,9.99627375301e+19
A2000,,no_spin,,n65,r22,2.2,v00,0.0,physical_snapshot_filename,90000,0.0040,FullVolume,13:44:38 2023-04-22 BST,Ma_xp_A2000_n65_r22_v00_90000.hdf5,Ma_xp_A2000_n65_r22_v00_90000,Ma_xp_A2000_n65_r22_v00_90000_fof_0.0040_0000.hdf5,1,1,1,1,1,9.99627375301e+19,9.99627375301e+19,9.99627375301e+19,0,0,0,0,0,0,0,0,0,0,0,0,1,1,1,9.99627375301e+19,9.99627375301e+19,9.99627375301e+19,1,1,1,9.99627375301e+19,9.99627375301e+19,9.99627375301e+19
A2000,,no_spin,,n65,r22,2.2,v00,0.0,physical_snapshot_filename,90000,0.0045,FullVolume,13:44:38 2023-04-22 BST,Ma_xp_A2000_n65_r22_v00_90000.hdf5,Ma_xp_A2000_n65_r22_v00_90000,Ma_xp_A2000_n65_r22_v00_90000_fof_0.0045_0000.hdf5,1,1,1,1,1,9.99627375301e+19,9.99627375301e+19,9.99627375301e+19,0,0,0,0,0,0,0,0,0,0,0,0,1,1,1,9.99627375301e+19,9.99627375301e+19,9.99627375301e+19,1,1,1,9.99627375301e+19,9.99627375301e+19,9.99627375301e+19
A2000,,no_spin,,n65,r22,2.2,v00,0.0,physical_snapshot_filename,90000,0.0050,FullVolume,13:44:38 2023-04-22 BST,Ma_xp_A2000_n65_r22_v00_90000.hdf5,Ma_xp_A2000_n65_r22_v00_90000,Ma_xp_A2000_n65_r22_v00_90000_fof_0.0050_0000.hdf5,1,1,1,1,1,9.99627375301e+19,9.99627375301e+19,9.99627375301e+19,0,0,0,0,0,0,0,0,0,0,0,0,1,1,1,9.99627375301e+19,9.99627375301e+19,9.99627375301e+19,1,1,1,9.99627375301e+19,9.99627375301e+19,9.99627375301e+19
A2000,,no_spin,,n65,r22,2.2,v00,0.0,physical_snapshot_filename,90000,0.0060,FullVolume,13:44:38 2023-04-22 BST,Ma_xp_A2000_n65_r22_v00_90000.hdf5,Ma_xp_A2000_n65_r22_v00_90000,Ma_xp_A2000_n65_r22_v00_90000_fof_0.0060_0000.hdf5,1,1,1,1,1,9.99627375301e+19,9.99627375301e+19,9.99627375301e+19,0,0,0,0,0,0,0,0,0,0,0,0,1,1,1,9.99627375301e+19,9.99627375301e+19,9.99627375301e+19,1,1,1,9.99627375301e+19,9.99627375301e+19,9.99627375301e+19
A2000,,no_spin,,n65,r22,2.2,v00,0.0,physical_snapshot_filename,90000,0.0080,FullVolume,13:44:38 2023-04-22 BST,Ma_xp_A2000_n65_r22_v00_90000.hdf5,Ma_xp_A2000_n65_r22_v00_90000,Ma_xp_A2000_n65_r22_v00_90000_fof_0.0080_0000.hdf5,1,1,1,1,1,9.99627375301e+19,9.99627375301e+19,9.99627375301e+19,0,0,0,0,0,0,0,0,0,0,0,0,1,1,1,9.99627375301e+19,9.99627375301e+19,9.99627375301e+19,1,1,1,9.99627375301e+19,9.99627375301e+19,9.99627375301e+19
A2000,,no_spin,,n65,r24,2.4,v00,0.0,physical_snapshot_filename,90000,0.0010,FullVolume,10:03:43 2023-04-22 BST,Ma_xp_A2000_n65_r24_v00_90000.hdf5,Ma_xp_A2000_n65_r24_v00_90000,Ma_xp_A2000_n65_r24_v00_90000_fof_0.0010_0000.hdf5,1,1,0,0,0,0,0,0,0,0,0,0,0,0,0,0,0,0,0,0,0,0,0,0,0,0,0,0,0,0,0,0
A2000,,no_spin,,n65,r24,2.4,v00,0.0,physical_snapshot_filename,90000,0.0020,FullVolume,10:03:43 2023-04-22 BST,Ma_xp_A2000_n65_r24_v00_90000.hdf5,Ma_xp_A2000_n65_r24_v00_90000,Ma_xp_A2000_n65_r24_v00_90000_fof_0.0020_0000.hdf5,1,1,1235,1235,1235,1.79609256773e+18,1.79609256773e+18,1.79609256773e+18,0,0,0,0,0,0,0,0,0,0,0,0,1235,1235,1235,1.79609256773e+18,1.79609256773e+18,1.79609256773e+18,1,1,1,1.36579098246e+16,1.36579098246e+16,1.36579098246e+16
A2000,,no_spin,,n65,r24,2.4,v00,0.0,physical_snapshot_filename,90000,0.0030,FullVolume,10:03:43 2023-04-22 BST,Ma_xp_A2000_n65_r24_v00_90000.hdf5,Ma_xp_A2000_n65_r24_v00_90000,Ma_xp_A2000_n65_r24_v00_90000_fof_0.0030_0000.hdf5,1,1,1,1,1,9.99627375301e+19,9.99627375301e+19,9.99627375301e+19,0,0,0,0,0,0,0,0,0,0,0,0,1,1,1,9.99627375301e+19,9.99627375301e+19,9.99627375301e+19,1,1,1,9.99627375301e+19,9.99627375301e+19,9.99627375301e+19
A2000,,no_spin,,n65,r24,2.4,v00,0.0,physical_snapshot_filename,90000,0.0035,FullVolume,10:03:43 2023-04-22 BST,Ma_xp_A2000_n65_r24_v00_90000.hdf5,Ma_xp_A2000_n65_r24_v00_90000,Ma_xp_A2000_n65_r24_v00_90000_fof_0.0035_0000.hdf5,1,1,1,1,1,9.99627375301e+19,9.99627375301e+19,9.99627375301e+19,0,0,0,0,0,0,0,0,0,0,0,0,1,1,1,9.99627375301e+19,9.99627375301e+19,9.99627375301e+19,1,1,1,9.99627375301e+19,9.99627375301e+19,9.99627375301e+19
A2000,,no_spin,,n65,r24,2.4,v00,0.0,physical_snapshot_filename,90000,0.0040,FullVolume,10:03:43 2023-04-22 BST,Ma_xp_A2000_n65_r24_v00_90000.hdf5,Ma_xp_A2000_n65_r24_v00_90000,Ma_xp_A2000_n65_r24_v00_90000_fof_0.0040_0000.hdf5,1,1,1,1,1,9.99627375301e+19,9.99627375301e+19,9.99627375301e+19,0,0,0,0,0,0,0,0,0,0,0,0,1,1,1,9.99627375301e+19,9.99627375301e+19,9.99627375301e+19,1,1,1,9.99627375301e+19,9.99627375301e+19,9.99627375301e+19
A2000,,no_spin,,n65,r24,2.4,v00,0.0,physical_snapshot_filename,90000,0.0045,FullVolume,10:03:43 2023-04-22 BST,Ma_xp_A2000_n65_r24_v00_90000.hdf5,Ma_xp_A2000_n65_r24_v00_90000,Ma_xp_A2000_n65_r24_v00_90000_fof_0.0045_0000.hdf5,1,1,1,1,1,9.99627375301e+19,9.99627375301e+19,9.99627375301e+19,0,0,0,0,0,0,0,0,0,0,0,0,1,1,1,9.99627375301e+19,9.99627375301e+19,9.99627375301e+19,1,1,1,9.99627375301e+19,9.99627375301e+19,9.99627375301e+19
A2000,,no_spin,,n65,r24,2.4,v00,0.0,physical_snapshot_filename,90000,0.0050,FullVolume,10:03:43 2023-04-22 BST,Ma_xp_A2000_n65_r24_v00_90000.hdf5,Ma_xp_A2000_n65_r24_v00_90000,Ma_xp_A2000_n65_r24_v00_90000_fof_0.0050_0000.hdf5,1,1,1,1,1,9.99627375301e+19,9.99627375301e+19,9.99627375301e+19,0,0,0,0,0,0,0,0,0,0,0,0,1,1,1,9.99627375301e+19,9.99627375301e+19,9.99627375301e+19,1,1,1,9.99627375301e+19,9.99627375301e+19,9.99627375301e+19
A2000,,no_spin,,n65,r24,2.4,v00,0.0,physical_snapshot_filename,90000,0.0060,FullVolume,10:03:43 2023-04-22 BST,Ma_xp_A2000_n65_r24_v00_90000.hdf5,Ma_xp_A2000_n65_r24_v00_90000,Ma_xp_A2000_n65_r24_v00_90000_fof_0.0060_0000.hdf5,1,1,1,1,1,9.99627375301e+19,9.99627375301e+19,9.99627375301e+19,0,0,0,0,0,0,0,0,0,0,0,0,1,1,1,9.99627375301e+19,9.99627375301e+19,9.99627375301e+19,1,1,1,9.99627375301e+19,9.99627375301e+19,9.99627375301e+19
A2000,,no_spin,,n65,r24,2.4,v00,0.0,physical_snapshot_filename,90000,0.0080,FullVolume,10:03:43 2023-04-22 BST,Ma_xp_A2000_n65_r24_v00_90000.hdf5,Ma_xp_A2000_n65_r24_v00_90000,Ma_xp_A2000_n65_r24_v00_90000_fof_0.0080_0000.hdf5,1,1,1,1,1,9.99627375301e+19,9.99627375301e+19,9.99627375301e+19,0,0,0,0,0,0,0,0,0,0,0,0,1,1,1,9.99627375301e+19,9.99627375301e+19,9.99627375301e+19,1,1,1,9.99627375301e+19,9.99627375301e+19,9.99627375301e+19
A2000,s030mz,retrograde_z,3.0,n65,r12,1.2,v00,0.0,physical_snapshot_filename,90000,0.0040,FullVolume,15:25:45 2023-05-30 BST,Ma_xp_A2000_s030mz_n65_r12_v00_90000.hdf5,Ma_xp_A2000_s030mz_n65_r12_v00_90000,Ma_xp_A2000_s030mz_n65_r12_v00_90000_fof_0.0040_0000.hdf5,1,1,1,1,1,9.95093669198e+19,9.95093669198e+19,9.95093669198e+19,0,0,0,0,0,0,0,0,0,0,0,0,1,1,1,9.95093669198e+19,9.95093669198e+19,9.95093669198e+19,1,1,1,9.95093669198e+19,9.95093669198e+19,9.95093669198e+19
A2000,s030x,equatorial,3.0,n65,r12,1.2,v00,0.0,physical_snapshot_filename,90000,0.0040,FullVolume,13:33:34 2023-03-28 BST,Ma_xp_A2000_s030x_n65_r12_v00_90000.hdf5,Ma_xp_A2000_s030x_n65_r12_v00_90000,Ma_xp_A2000_s030x_n65_r12_v00_90000_fof_0.0040_0000.hdf5,1,1,4145,4145,4145,9.45497850132e+19,9.45497850132e+19,9.45497850132e+19,1950,1950,1950,1.99425484455e+19,1.99425484455e+19,1.99425484455e+19,0.210921140039,0.210921140039,0.210921140039,3.07596096642e+17,3.07596096642e+17,3.07596096642e+17,2195,2195,2195,7.46072365677e+19,7.46072365677e+19,7.46072365677e+19,0.789078859961,0.789078859961,0.789078859961,1.37142231037e+18,1.37142231037e+18,1.37142231037e+18
A2000,s030x,equatorial,3.0,n65,r16,1.6,v00,0.0,physical_snapshot_filename,90000,0.0040,FullVolume,04:46:33 2023-06-17 BST,Ma_xp_A2000_s030x_n65_r16_v00_90000.hdf5,Ma_xp_A2000_s030x_n65_r16_v00_90000,Ma_xp_A2000_s030x_n65_r16_v00_90000_fof_0.0040_0000.hdf5,1,1,522,522,522,9.80352657346e+19,9.80352657346e+19,9.80352657346e+19,66,66,66,6.12772332429e+18,6.12772332429e+18,6.12772332429e+18,0.0625052962154,0.0625052962154,0.0625052962154,3.93357979176e+18,3.93357979176e+18,3.93357979176e+18,456,456,456,9.19075424103e+19,9.19075424103e+19,9.19075424103e+19,0.937494703785,0.937494703785,0.937494703785,2.30739239109e+19,2.30739239109e+19,2.30739239109e+19
A2000,s030x,equatorial,3.0,n65,r20,2.0,v00,0.0,physical_snapshot_filename,90000,0.0040,FullVolume,21:45:04 2023-07-03 BST,Ma_xp_A2000_s030x_n65_r20_v00_90000.hdf5,Ma_xp_A2000_s030x_n65_r20_v00_90000,Ma_xp_A2000_s030x_n65_r20_v00_90000_fof_0.0040_0000.hdf5,1,1,3,3,3,9.94908324916e+19,9.94908324916e+19,9.94908324916e+19,0,0,0,0,0,0,0,0,0,0,0,0,3,3,3,9.94908324916e+19,9.94908324916e+19,9.94908324916e+19,1,1,1,6.91070407487e+19,6.91070407487e+19,6.91070407487e+19
A2000,s030y,equatorial,3.0,n65,r12,1.2,v00,0.0,physical_snapshot_filename,90000,0.0040,FullVolume,21:42:02 2023-04-02 BST,Ma_xp_A2000_s030y_n65_r12_v00_90000.hdf5,Ma_xp_A2000_s030y_n65_r12_v00_90000,Ma_xp_A2000_s030y_n65_r12_v00_90000_fof_0.0040_0000.hdf5,1,1,820,820,820,9.73427890382e+19,9.73427890382e+19,9.73427890382e+19,208,208,208,2.36543443713e+19,2.36543443713e+19,2.36543443713e+19,0.243000479081,0.243000479081,0.243000479081,2.6765108538e+18,2.6765108538e+18,2.6765108538e+18,612,612,612,7.36884446668e+19,7.36884446668e+19,7.36884446668e+19,0.756999520919,0.756999520919,0.756999520919,6.31136842098e+18,6.31136842098e+18,6.31136842098e+18
A2000,s030y,equatorial,3.0,n65,r16,1.6,v00,0.0,physical_snapshot_filename,90000,0.0040,FullVolume,17:09:32 2023-06-09 BST,Ma_xp_A2000_s030y_n65_r16_v00_90000.hdf5,Ma_xp_A2000_s030y_n65_r16_v00_90000,Ma_xp_A2000_s030y_n65_r16_v00_90000_fof_0.0040_0000.hdf5,1,1,4583,4583,4583,9.19492370215e+19,9.19492370215e+19,9.19492370215e+19,1755,1755,1755,1.95176095514e+19,1.95176095514e+19,1.95176095514e+19,0.212265051714,0.212265051714,0.212265051714,1.25892552822e+18,1.25892552822e+18,1.25892552822e+18,2828,2828,2828,7.243162747e+19,7.243162747e+19,7.243162747e+19,0.787734948286,0.787734948286,0.787734948286,5.53704441585e+18,5.53704441585e+18,5.53704441585e+18
A2000,s030y,equatorial,3.0,n65,r20,2.0,v00,0.0,physical_snapshot_filename,90000,0.0040,FullVolume,12:33:14 2023-06-30 BST,Ma_xp_A2000_s030y_n65_r20_v00_90000.hdf5,Ma_xp_A2000_s030y_n65_r20_v00_90000,Ma_xp_A2000_s030y_n65_r20_v00_90000_fof_0.0040_0000.hdf5,1,1,60,60,60,9.94074747352e+19,9.94074747352e+19,9.94074747352e+19,0,0,0,0,0,0,0,0,0,0,0,0,60,60,60,9.94074747352e+19,9.94074747352e+19,9.94074747352e+19,1,1,1,7.69797701022e+19,7.69797701022e+19,7.69797701022e+19
A2000,s030z,prograde_z,3.0,n65,r11,1.1,v00,0.0,physical_snapshot_filename,90000,0.0040,FullVolume,02:05:58 2023-04-08 BST,Ma_xp_A2000_s030z_n65_r11_v00_90000.hdf5,Ma_xp_A2000_s030z_n65_r11_v00_90000,Ma_xp_A2000_s030z_n65_r11_v00_90000_fof_0.0040_0000.hdf5,1,1,424,424,424,9.93166591513e+19,9.93166591513e+19,9.93166591513e+19,179,179,179,2.72080469172e+19,2.72080469172e+19,2.72080469172e+19,0.273952498501,0.273952498501,0.273952498501,2.22142596893e+18,2.22142596893e+18,2.22142596893e+18,245,245,245,7.2108612234e+19,7.2108612234e+19,7.2108612234e+19,0.726047501499,0.726047501499,0.726047501499,2.44261194983e+18,2.44261194983e+18,2.44261194983e+18
A2000,s030z,prograde_z,3.0,n65,r12,1.2,v00,0.0,physical_snapshot_filename,90000,0.0040,FullVolume,07:20:49 2023-03-26 BST,Ma_xp_A2000_s030z_n65_r12_v00_90000.hdf5,Ma_xp_A2000_s030z_n65_r12_v00_90000,Ma_xp_A2000_s030z_n65_r12_v00_90000_fof_0.0040_0000.hdf5,1,1,370,370,370,9.939120597e+19,9.939120597e+19,9.939120597e+19,128,128,128,2.73981114107e+19,2.73981114107e+19,2.73981114107e+19,0.275659311539,0.275659311539,0.275659311539,2.07063307941e+18,2.07063307941e+18,2.07063307941e+18,242,242,242,7.19930945593e+19,7.19930945593e+19,7.19930945593e+19,0.724340688461,0.724340688461,0.724340688461,3.15632929693e+18,3.15632929693e+18,3.15632929693e+18
A2000,s030z,prograde_z,3.0,n65,r13,1.3,v00,0.0,physical_snapshot_filename,90000,0.0040,FullVolume,05:16:50 2023-04-08 BST,Ma_xp_A2000_s030z_n65_r13_v00_90000.hdf5,Ma_xp_A2000_s030z_n65_r13_v00_90000,Ma_xp_A2000_s030z_n65_r13_v00_90000_fof_0.0040_0000.hdf5,1,1,400,400,400,9.93805069753e+19,9.93805069753e+19,9.93805069753e+19,134,134,134,2.65902429105e+19,2.65902429105e+19,2.65902429105e+19,0.267559944297,0.267559944297,0.267559944297,1.99580305201e+18,1.99580305201e+18,1.99580305201e+18,266,266,266,7.27902640648e+19,7.27902640648e+19,7.27902640648e+19,0.732440055703,0.732440055703,0.732440055703,2.82107315231e+18,2.82107315231e+18,2.82107315231e+18
A2000,s030z,prograde_z,3.0,n65,r14,1.4,v00,0.0,physical_snapshot_filename,90000,0.0040,FullVolume,19:49:02 2023-04-08 BST,Ma_xp_A2000_s030z_n65_r14_v00_90000.hdf5,Ma_xp_A2000_s030z_n65_r14_v00_90000,Ma_xp_A2000_s030z_n65_r14_v00_90000_fof_0.0040_0000.hdf5,1,1,391,391,391,9.80297588987e+19,9.80297588987e+19,9.80297588987e+19,146,146,146,2.36545017095e+19,2.36545017095e+19,2.36545017095e+19,0.241299192972,0.241299192972,0.241299192972,1.85161836507e+18,1.85161836507e+18,1.85161836507e+18,245,245,245,7.43752571892e+19,7.43752571892e+19,7.43752571892e+19,0.758700807028,0.758700807028,0.758700807028,2.92790576082e+18,2.92790576082e+18,2.92790576082e+18
A2000,s030z,prograde_z,3.0,n65,r15,1.5,v00,0.0,physical_snapshot_filename,90000,0.0040,FullVolume,06:37:59 2023-04-08 BST,Ma_xp_A2000_s030z_n65_r15_v00_90000.hdf5,Ma_xp_A2000_s030z_n65_r15_v00_90000,Ma_xp_A2000_s030z_n65_r15_v00_90000_fof_0.0040_0000.hdf5,1,1,369,369,369,9.94105900309e+19,9.94105900309e+19,9.94105900309e+19,131,131,131,2.54298425361e+19,2.54298425361e+19,2.54298425361e+19,0.255806172443,0.255806172443,0.255806172443,1.86011462554e+18,1.86011462554e+18,1.86011462554e+18,238,238,238,7.39807474948e+19,7.39807474948e+19,7.39807474948e+19,0.744193827557,0.744193827557,0.744193827557,3.15582581483e+18,3.15582581483e+18,3.15582581483e+18
A2000,s030z,prograde_z,3.0,n65,r16,1.6,v00,0.0,physical_snapshot_filename,90000,0.0040,FullVolume,09:18:06 2023-03-26 BST,Ma_xp_A2000_s030z_n65_r16_v00_90000.hdf5,Ma_xp_A2000_s030z_n65_r16_v00_90000,Ma_xp_A2000_s030z_n65_r16_v00_90000_fof_0.0040_0000.hdf5,1,1,377,377,377,9.93493225526e+19,9.93493225526e+19,9.93493225526e+19,156,156,156,2.51067014296e+19,2.51067014296e+19,2.51067014296e+19,0.252711350058,0.252711350058,0.252711350058,2.29609865817e+18,2.29609865817e+18,2.29609865817e+18,221,221,221,7.4242621123e+19,7.4242621123e+19,7.4242621123e+19,0.747288649942,0.747288649942,0.747288649942,3.19808684376e+18,3.19808684376e+18,3.19808684376e+18
A2000,s030z,prograde_z,3.0,n65,r17,1.7,v00,0.0,physical_snapshot_filename,90000,0.0040,FullVolume,22:22:47 2023-04-08 BST,Ma_xp_A2000_s030z_n65_r17_v00_90000.hdf5,Ma_xp_A2000_s030z_n65_r17_v00_90000,Ma_xp_A2000_s030z_n65_r17_v00_90000_fof_0.0040_0000.hdf5,1,1,382,382,382,9.91766911269e+19,9.91766911269e+19,9.91766911269e+19,147,147,147,2.50402732598e+19,2.50402732598e+19,2.50402732598e+19,0.252481434652,0.252481434652,0.252481434652,1.80838183957e+18,1.80838183957e+18,1.80838183957e+18,235,235,235,7.41364178672e+19,7.41364178672e+19,7.41364178672e+19,0.747518565348,0.747518565348,0.747518565348,2.66707056439e+18,2.66707056439e+18,2.66707056439e+18
A2000,s030z,prograde_z,3.0,n65,r18,1.8,v00,0.0,physical_snapshot_filename,90000,0.0040,FullVolume,15:15:59 2023-04-08 BST,Ma_xp_A2000_s030z_n65_r18_v00_90000.hdf5,Ma_xp_A2000_s030z_n65_r18_v00_90000,Ma_xp_A2000_s030z_n65_r18_v00_90000_fof_0.0040_0000.hdf5,1,1,347,347,347,9.9417324104e+19,9.9417324104e+19,9.9417324104e+19,126,126,126,2.4089132634e+19,2.4089132634e+19,2.4089132634e+19,0.242303168498,0.242303168498,0.242303168498,1.94007387685e+18,1.94007387685e+18,1.94007387685e+18,221,221,221,7.532819147e+19,7.532819147e+19,7.532819147e+19,0.757696831502,0.757696831502,0.757696831502,3.34570150251e+18,3.34570150251e+18,3.34570150251e+18
A2000,s030z,prograde_z,3.0,n65,r19,1.9,v00,0.0,physical_snapshot_filename,90000,0.0040,FullVolume,01:13:59 2023-04-09 BST,Ma_xp_A2000_s030z_n65_r19_v00_90000.hdf5,Ma_xp_A2000_s030z_n65_r19_v00_90000,Ma_xp_A2000_s030z_n65_r19_v00_90000_fof_0.0040_0000.hdf5,1,1,350,350,350,9.93967128054e+19,9.93967128054e+19,9.93967128054e+19,129,129,129,2.32504573227e+19,2.32504573227e+19,2.32504573227e+19,0.233915757035,0.233915757035,0.233915757035,1.90747341075e+18,1.90747341075e+18,1.90747341075e+18,221,221,221,7.61462554827e+19,7.61462554827e+19,7.61462554827e+19,0.766084242965,0.766084242965,0.766084242965,4.17704485567e+18,4.17704485567e+18,4.17704485567e+18
A2000,s030z,prograde_z,3.0,n65,r20,2.0,v00,0.0,physical_snapshot_filename,90000,0.0040,FullVolume,04:04:38 2023-03-27 BST,Ma_xp_A2000_s030z_n65_r20_v00_90000.hdf5,Ma_xp_A2000_s030z_n65_r20_v00_90000,Ma_xp_A2000_s030z_n65_r20_v00_90000_fof_0.0040_0000.hdf5,1,1,354,354,354,9.93020896379e+19,9.93020896379e+19,9.93020896379e+19,146,146,146,2.19344809788e+19,2.19344809788e+19,2.19344809788e+19,0.220886398854,0.220886398854,0.220886398854,1.61545379164e+18,1.61545379164e+18,1.61545379164e+18,208,208,208,7.73676086591e+19,7.73676086591e+19,7.73676086591e+19,0.779113601146,0.779113601146,0.779113601146,3.20944665868e+18,3.20944665868e+18,3.20944665868e+18
A2000,s030z,prograde_z,3.0,n65,r22,2.2,v00,0.0,physical_snapshot_filename,90000,0.0040,FullVolume,03:29:35 2023-04-10 BST,Ma_xp_A2000_s030z_n65_r22_v00_90000.hdf5,Ma_xp_A2000_s030z_n65_r22_v00_90000,Ma_xp_A2000_s030z_n65_r22_v00_90000_fof_0.0040_0000.hdf5,1,1,307,307,307,9.94167891542e+19,9.94167891542e+19,9.94167891542e+19,112,112,112,2.06896844171e+19,2.06896844171e+19,2.06896844171e+19,0.208110567572,0.208110567572,0.208110567572,1.92456033459e+18,1.92456033459e+18,1.92456033459e+18,195,195,195,7.87271047371e+19,7.87271047371e+19,7.87271047371e+19,0.791889432428,0.791889432428,0.791889432428,6.2436815459e+18,6.2436815459e+18,6.2436815459e+18
A2000,s030z,prograde_z,3.0,n65,r24,2.4,v00,0.0,physical_snapshot_filename,90000,0.0040,FullVolume,02:30:14 2023-04-12 BST,Ma_xp_A2000_s030z_n65_r24_v00_90000.hdf5,Ma_xp_A2000_s030z_n65_r24_v00_90000,Ma_xp_A2000_s030z_n65_r24_v00_90000_fof_0.0040_0000.hdf5,1,1,261,261,261,9.94192750971e+19,9.94192750971e+19,9.94192750971e+19,74,74,74,1.41991393031e+19,1.41991393031e+19,1.41991393031e+19,0.142820788919,0.142820788919,0.142820788919,1.59163279469e+18,1.59163279469e+18,1.59163279469e+18,187,187,187,8.5220135794e+19,8.5220135794e+19,8.5220135794e+19,0.857179211081,0.857179211081,0.857179211081,1.70949795476e+19,1.70949795476e+19,1.70949795476e+19
A2000,s030z,prograde_z,3.0,n65,r26,2.6,v00,0.0,physical_snapshot_filename,90000,0.0040,FullVolume,00:39:27 2023-04-18 BST,Ma_xp_A2000_s030z_n65_r26_v00_90000.hdf5,Ma_xp_A2000_s030z_n65_r26_v00_90000,Ma_xp_A2000_s030z_n65_r26_v00_90000_fof_0.0040_0000.hdf5,1,1,164,164,164,9.94222645225e+19,9.94222645225e+19,9.94222645225e+19,6,6,6,7.24734164845e+18,7.24734164845e+18,7.24734164845e+18,0.0728945541852,0.0728945541852,0.0728945541852,6.69325959529e+18,6.69325959529e+18,6.69325959529e+18,158,158,158,9.2174922874e+19,9.2174922874e+19,9.2174922874e+19,0.927105445815,0.927105445815,0.927105445815,4.32657903998e+19,4.32657903998e+19,4.32657903998e+19
A2000,s030z,prograde_z,3.0,n65,r28,2.8,v00,0.0,physical_snapshot_filename,90000,0.0040,FullVolume,20:48:40 2023-04-26 BST,Ma_xp_A2000_s030z_n65_r28_v00_90000.hdf5,Ma_xp_A2000_s030z_n65_r28_v00_90000,Ma_xp_A2000_s030z_n65_r28_v00_90000_fof_0.0040_0000.hdf5,1,1,2,2,2,9.9509272522e+19,9.9509272522e+19,9.9509272522e+19,0,0,0,0,0,0,0,0,0,0,0,0,2,2,2,9.9509272522e+19,9.9509272522e+19,9.9509272522e+19,1,1,1,7.97581102105e+19,7.97581102105e+19,7.97581102105e+19
A2000,s030z,prograde_z,3.0,n65,r30,3.0,v00,0.0,physical_snapshot_filename,90000,0.0040,FullVolume,01:23:00 2023-04-28 BST,Ma_xp_A2000_s030z_n65_r30_v00_90000.hdf5,Ma_xp_A2000_s030z_n65_r30_v00_90000,Ma_xp_A2000_s030z_n65_r30_v00_90000_fof_0.0040_0000.hdf5,1,1,132,132,132,9.94103382851e+19,9.94103382851e+19,9.94103382851e+19,0,0,0,0,0,0,0,0,0,0,0,0,132,132,132,9.94103382851e+19,9.94103382851e+19,9.94103382851e+19,1,1,1,9.47477164098e+19,9.47477164098e+19,9.47477164098e+19
A2000,s036mz,retrograde_z,3.6,n65,r12,1.2,v00,0.0,physical_snapshot_filename,90000,0.0040,FullVolume,09:49:05 2023-04-23 BST,Ma_xp_A2000_s036mz_n65_r12_v00_90000.hdf5,Ma_xp_A2000_s036mz_n65_r12_v00_90000,Ma_xp_A2000_s036mz_n65_r12_v00_90000_fof_0.0040_0000.hdf5,1,1,1,1,1,1.00161290793e+20,1.00161290793e+20,1.00161290793e+20,0,0,0,0,0,0,0,0,0,0,0,0,1,1,1,1.00161290793e+20,1.00161290793e+20,1.00161290793e+20,1,1,1,1.00161290793e+20,1.00161290793e+20,1.00161290793e+20
A2000,s036x,equatorial,3.6,n65,r12,1.2,v00,0.0,physical_snapshot_filename,90000,0.0040,FullVolume,17:23:07 2023-03-30 BST,Ma_xp_A2000_s036x_n65_r12_v00_90000.hdf5,Ma_xp_A2000_s036x_n65_r12_v00_90000,Ma_xp_A2000_s036x_n65_r12_v00_90000_fof_0.0040_0000.hdf5,1,1,2250,2250,2250,9.67525861799e+19,9.67525861799e+19,9.67525861799e+19,830,830,830,2.14105823514e+19,2.14105823514e+19,2.14105823514e+19,0.221292093542,0.221292093542,0.221292093542,7.83705275996e+17,7.83705275996e+17,7.83705275996e+17,1420,1420,1420,7.53420038285e+19,7.53420038285e+19,7.53420038285e+19,0.778707906458,0.778707906458,0.778707906458,4.45805819388e+18,4.45805819388e+18,4.45805819388e+18
A2000,s036x,equatorial,3.6,n65,r16,1.6,v00,0.0,physical_snapshot_filename,90000,0.0040,FullVolume,13:54:53 2023-06-17 BST,Ma_xp_A2000_s036x_n65_r16_v00_90000.hdf5,Ma_xp_A2000_s036x_n65_r16_v00_90000,Ma_xp_A2000_s036x_n65_r16_v00_90000_fof_0.0040_0000.hdf5,1,1,492,492,492,9.86285313923e+19,9.86285313923e+19,9.86285313923e+19,120,120,120,1.26792510172e+19,1.26792510172e+19,1.26792510172e+19,0.128555610007,0.128555610007,0.128555610007,5.15820793829e+18,5.15820793829e+18,5.15820793829e+18,372,372,372,8.59492803751e+19,8.59492803751e+19,8.59492803751e+19,0.871444389993,0.871444389993,0.871444389993,2.54873194518e+19,2.54873194518e+19,2.54873194518e+19
A2000,s036x,equatorial,3.6,n65,r20,2.0,v00,0.0,physical_snapshot_filename,90000,0.0040,FullVolume,07:45:59 2023-07-04 BST,Ma_xp_A2000_s036x_n65_r20_v00_90000.hdf5,Ma_xp_A2000_s036x_n65_r20_v00_90000,Ma_xp_A2000_s036x_n65_r20_v00_90000_fof_0.0040_0000.hdf5,1,1,6,6,6,1.00146942551e+20,1.00146942551e+20,1.00146942551e+20,0,0,0,0,0,0,0,0,0,0,0,0,6,6,6,1.00146942551e+20,1.00146942551e+20,1.00146942551e+20,1,1,1,7.69004823674e+19,7.69004823674e+19,7.69004823674e+19
A2000,s036y,equatorial,3.6,n65,r12,1.2,v00,0.0,physical_snapshot_filename,90000,0.0040,FullVolume,04:36:50 2023-04-03 BST,Ma_xp_A2000_s036y_n65_r12_v00_90000.hdf5,Ma_xp_A2000_s036y_n65_r12_v00_90000,Ma_xp_A2000_s036y_n65_r12_v00_90000_fof_0.0040_0000.hdf5,1,1,2223,2223,2223,9.45736175521e+19,9.45736175521e+19,9.45736175521e+19,614,614,614,2.35225291805e+19,2.35225291805e+19,2.35225291805e+19,0.248721892948,0.248721892948,0.248721892948,3.06532874754e+18,3.06532874754e+18,3.06532874754e+18,1609,1609,1609,7.10510883716e+19,7.10510883716e+19,7.10510883716e+19,0.751278107052,0.751278107052,0.751278107052,4.11879993049e+18,4.11879993049e+18,4.11879993049e+18
A2000,s036y,equatorial,3.6,n65,r16,1.6,v00,0.0,physical_snapshot_filename,90000,0.0040,FullVolume,22:04:00 2023-06-09 BST,Ma_xp_A2000_s036y_n65_r16_v00_90000.hdf5,Ma_xp_A2000_s036y_n65_r16_v00_90000,Ma_xp_A2000_s036y_n65_r16_v00_90000_fof_0.0040_0000.hdf5,1,1,4671,4671,4671,9.06097659388e+19,9.06097659388e+19,9.06097659388e+19,2006,2006,2006,1.57194307533e+19,1.57194307533e+19,1.57194307533e+19,0.173484950441,0.173484950441,0.173484950441,1.37749433994e+18,1.37749433994e+18,1.37749433994e+18,2665,2665,2665,7.48903351854e+19,7.48903351854e+19,7.48903351854e+19,0.826515049559,0.826515049559,0.826515049559,9.63698080908e+18,9.63698080908e+18,9.63698080908e+18
A2000,s036y,equatorial,3.6,n65,r20,2.0,v00,0.0,physical_snapshot_filename,90000,0.0040,FullVolume,01:15:46 2023-07-06 BST,Ma_xp_A2000_s036y_n65_r20_v00_90000.hdf5,Ma_xp_A2000_s036y_n65_r20_v00_90000,Ma_xp_A2000_s036y_n65_r20_v00_90000_fof_0.0040_0000.hdf5,1,1,86,86,86,1.00008844707e+20,1.00008844707e+20,1.00008844707e+20,0,0,0,0,0,0,0,0,0,0,0,0,86,86,86,1.00008844707e+20,1.00008844707e+20,1.00008844707e+20,1,1,1,9.60854088853e+19,9.60854088853e+19,9.60854088853e+19
A2000,s036z,prograde_z,3.6,n65,r12,1.2,v00,0.0,physical_snapshot_filename,90000,0.0040,FullVolume,13:34:00 2023-03-26 BST,Ma_xp_A2000_s036z_n65_r12_v00_90000.hdf5,Ma_xp_A2000_s036z_n65_r12_v00_90000,Ma_xp_A2000_s036z_n65_r12_v00_90000_fof_0.0040_0000.hdf5,1,1,451,451,451,9.94515438759e+19,9.94515438759e+19,9.94515438759e+19,218,218,218,2.59823178777e+19,2.59823178777e+19,2.59823178777e+19,0.261256053602,0.261256053602,0.261256053602,1.59541020701e+18,1.59541020701e+18,1.59541020701e+18,233,233,233,7.34692259982e+19,7.34692259982e+19,7.34692259982e+19,0.738743946398,0.738743946398,0.738743946398,2.92814944227e+18,2.92814944227e+18,2.92814944227e+18
A2000,s036z,prograde_z,3.6,n65,r16,1.6,v00,0.0,physical_snapshot_filename,90000,0.0040,FullVolume,21:11:50 2023-03-26 BST,Ma_xp_A2000_s036z_n65_r16_v00_90000.hdf5,Ma_xp_A2000_s036z_n65_r16_v00_90000,Ma_xp_A2000_s036z_n65_r16_v00_90000_fof_0.0040_0000.hdf5,1,1,346,346,346,1.00063513711e+20,1.00063513711e+20,1.00063513711e+20,125,125,125,2.54192524171e+19,2.54192524171e+19,2.54192524171e+19,0.254031179541,0.254031179541,0.254031179541,2.11064820259e+18,2.11064820259e+18,2.11064820259e+18,221,221,221,7.46442612942e+19,7.46442612942e+19,7.46442612942e+19,0.745968820459,0.745968820459,0.745968820459,3.64201394982e+18,3.64201394982e+18,3.64201394982e+18
A2000,s036z,prograde_z,3.6,n65,r20,2.0,v00,0.0,physical_snapshot_filename,90000,0.0040,FullVolume,00:19:11 2023-03-28 BST,Ma_xp_A2000_s036z_n65_r20_v00_90000.hdf5,Ma_xp_A2000_s036z_n65_r20_v00_90000,Ma_xp_A2000_s036z_n65_r20_v00_90000_fof_0.0040_0000.hdf5,1,1,296,296,296,1.00075486414e+20,1.00075486414e+20,1.00075486414e+20,116,116,116,2.04354721939e+19,2.04354721939e+19,2.04354721939e+19,0.204200578244,0.204200578244,0.204200578244,2.30423857752e+18,2.30423857752e+18,2.30423857752e+18,180,180,180,7.96400142206e+19,7.96400142206e+19,7.96400142206e+19,0.795799421756,0.795799421756,0.795799421756,6.10373474988e+18,6.10373474988e+18,6.10373474988e+18
A2000,s047mz,retrograde_z,4.7,n65,r12,1.2,v00,0.0,physical_snapshot_filename,90000,0.0040,FullVolume,14:24:30 2023-04-27 BST,Ma_xp_A2000_s047mz_n65_r12_v00_90000.hdf5,Ma_xp_A2000_s047mz_n65_r12_v00_90000,Ma_xp_A2000_s047mz_n65_r12_v00_90000_fof_0.0040_0000.hdf5,1,1,318,318,318,9.98341072681e+19,9.98341072681e+19,9.98341072681e+19,0,0,0,0,0,0,0,0,0,0,0,0,318,318,318,9.98341072681e+19,9.98341072681e+19,9.98341072681e+19,1,1,1,9.60664319831e+19,9.60664319831e+19,9.60664319831e+19
A2000,s047mz,retrograde_z,4.7,n65,r16,1.6,v00,0.0,physical_snapshot_filename,90000,0.0040,FullVolume,17:46:36 2023-06-15 BST,Ma_xp_A2000_s047mz_n65_r16_v00_90000.hdf5,Ma_xp_A2000_s047mz_n65_r16_v00_90000,Ma_xp_A2000_s047mz_n65_r16_v00_90000_fof_0.0040_0000.hdf5,1,1,1,1,1,1.00070020112e+20,1.00070020112e+20,1.00070020112e+20,0,0,0,0,0,0,0,0,0,0,0,0,1,1,1,1.00070020112e+20,1.00070020112e+20,1.00070020112e+20,1,1,1,1.00070020112e+20,1.00070020112e+20,1.00070020112e+20
A2000,s047x,equatorial,4.7,n65,r12,1.2,v00,0.0,physical_snapshot_filename,90000,0.0040,FullVolume,06:04:14 2023-04-02 BST,Ma_xp_A2000_s047x_n65_r12_v00_90000.hdf5,Ma_xp_A2000_s047x_n65_r12_v00_90000,Ma_xp_A2000_s047x_n65_r12_v00_90000_fof_0.0040_0000.hdf5,1,1,2124,2124,2124,9.54314134654e+19,9.54314134654e+19,9.54314134654e+19,752,752,752,1.92562158894e+19,1.92562158894e+19,1.92562158894e+19,0.201780684055,0.201780684055,0.201780684055,2.11093737862e+18,2.11093737862e+18,2.11093737862e+18,1372,1372,1372,7.6175197576e+19,7.6175197576e+19,7.6175197576e+19,0.798219315945,0.798219315945,0.798219315945,5.72586265648e+18,5.72586265648e+18,5.72586265648e+18
A2000,s047x,equatorial,4.7,n65,r16,1.6,v00,0.0,physical_snapshot_filename,90000,0.0040,FullVolume,08:32:44 2023-06-21 BST,Ma_xp_A2000_s047x_n65_r16_v00_90000.hdf5,Ma_xp_A2000_s047x_n65_r16_v00_90000,Ma_xp_A2000_s047x_n65_r16_v00_90000_fof_0.0040_0000.hdf5,1,1,469,469,469,9.88145080918e+19,9.88145080918e+19,9.88145080918e+19,137,137,137,1.08561996481e+19,1.08561996481e+19,1.08561996481e+19,0.109864430413,0.109864430413,0.109864430413,3.36575321317e+18,3.36575321317e+18,3.36575321317e+18,332,332,332,8.79583084437e+19,8.79583084437e+19,8.79583084437e+19,0.890135569587,0.890135569587,0.890135569587,1.83850630102e+19,1.83850630102e+19,1.83850630102e+19
A2000,s047x,equatorial,4.7,n65,r20,2.0,v00,0.0,physical_snapshot_filename,90000,0.0040,FullVolume,21:03:10 2023-07-07 BST,Ma_xp_A2000_s047x_n65_r20_v00_90000.hdf5,Ma_xp_A2000_s047x_n65_r20_v00_90000,Ma_xp_A2000_s047x_n65_r20_v00_90000_fof_0.0040_0000.hdf5,1,1,2,2,2,9.99943571232e+19,9.99943571232e+19,9.99943571232e+19,0,0,0,0,0,0,0,0,0,0,0,0,2,2,2,9.99943571232e+19,9.99943571232e+19,9.99943571232e+19,1,1,1,8.07163378872e+19,8.07163378872e+19,8.07163378872e+19
A2000,s047y,equatorial,4.7,n65,r12,1.2,v00,0.0,physical_snapshot_filename,90000,0.0040,FullVolume,04:09:01 2023-04-03 BST,Ma_xp_A2000_s047y_n65_r12_v00_90000.hdf5,Ma_xp_A2000_s047y_n65_r12_v00_90000,Ma_xp_A2000_s047y_n65_r12_v00_90000_fof_0.0040_0000.hdf5,1,1,1739,1739,1739,9.6252883827e+19,9.6252883827e+19,9.6252883827e+19,466,466,466,2.03931860585e+19,2.03931860585e+19,2.03931860585e+19,0.211870909709,0.211870909709,0.211870909709,3.00607710353e+18,3.00607710353e+18,3.00607710353e+18,1273,1273,1273,7.58596977685e+19,7.58596977685e+19,7.58596977685e+19,0.788129090291,0.788129090291,0.788129090291,5.18299413099e+18,5.18299413099e+18,5.18299413099e+18
A2000,s047y,equatorial,4.7,n65,r16,1.6,v00,0.0,physical_snapshot_filename,90000,0.0040,FullVolume,13:07:18 2023-06-14 BST,Ma_xp_A2000_s047y_n65_r16_v00_90000.hdf5,Ma_xp_A2000_s047y_n65_r16_v00_90000,Ma_xp_A2000_s047y_n65_r16_v00_90000_fof_0.0040_0000.hdf5,1,1,1635,1635,1635,9.64787968786e+19,9.64787968786e+19,9.64787968786e+19,578,578,578,1.6811867681e+19,1.6811867681e+19,1.6811867681e+19,0.17425453286,0.17425453286,0.17425453286,1.87749283694e+18,1.87749283694e+18,1.87749283694e+18,1057,1057,1057,7.96669291976e+19,7.96669291976e+19,7.96669291976e+19,0.82574546714,0.82574546714,0.82574546714,1.71489176759e+19,1.71489176759e+19,1.71489176759e+19
A2000,s047y,equatorial,4.7,n65,r20,2.0,v00,0.0,physical_snapshot_filename,90000,0.0040,FullVolume,18:02:09 2023-06-29 BST,Ma_xp_A2000_s047y_n65_r20_v00_90000.hdf5,Ma_xp_A2000_s047y_n65_r20_v00_90000,Ma_xp_A2000_s047y_n65_r20_v00_90000_fof_0.0040_0000.hdf5,1,1,117,117,117,9.96598387194e+19,9.96598387194e+19,9.96598387194e+19,0,0,0,0,0,0,0,0,0,0,0,0,117,117,117,9.96598387194e+19,9.96598387194e+19,9.96598387194e+19,1,1,1,9.09220446501e+19,9.09220446501e+19,9.09220446501e+19
A2000,s047z,prograde_z,4.7,n65,r11,1.1,v00,0.0,physical_snapshot_filename,90000,0.0040,FullVolume,10:58:14 2023-04-08 BST,Ma_xp_A2000_s047z_n65_r11_v00_90000.hdf5,Ma_xp_A2000_s047z_n65_r11_v00_90000,Ma_xp_A2000_s047z_n65_r11_v00_90000_fof_0.0040_0000.hdf5,1,1,369,369,369,9.99559085496e+19,9.99559085496e+19,9.99559085496e+19,148,148,148,2.67687821202e+19,2.67687821202e+19,2.67687821202e+19,0.267805900708,0.267805900708,0.267805900708,1.94711165105e+18,1.94711165105e+18,1.94711165105e+18,221,221,221,7.31871264294e+19,7.31871264294e+19,7.31871264294e+19,0.732194099292,0.732194099292,0.732194099292,3.47859898186e+18,3.47859898186e+18,3.47859898186e+18
A2000,s047z,prograde_z,4.7,n65,r12,1.2,v00,0.0,physical_snapshot_filename,90000,0.0040,FullVolume,19:15:00 2023-03-26 BST,Ma_xp_A2000_s047z_n65_r12_v00_90000.hdf5,Ma_xp_A2000_s047z_n65_r12_v00_90000,Ma_xp_A2000_s047z_n65_r12_v00_90000_fof_0.0040_0000.hdf5,1,1,348,348,348,9.99846421329e+19,9.99846421329e+19,9.99846421329e+19,136,136,136,2.57710812241e+19,2.57710812241e+19,2.57710812241e+19,0.257750397205,0.257750397205,0.257750397205,2.00264847776e+18,2.00264847776e+18,2.00264847776e+18,212,212,212,7.42135609088e+19,7.42135609088e+19,7.42135609088e+19,0.742249602795,0.742249602795,0.742249602795,3.78514327836e+18,3.78514327836e+18,3.78514327836e+18
A2000,s047z,prograde_z,4.7,n65,r13,1.3,v00,0.0,physical_snapshot_filename,90000,0.0040,FullVolume,19:57:22 2023-04-08 BST,Ma_xp_A2000_s047z_n65_r13_v00_90000.hdf5,Ma_xp_A2000_s047z_n65_r13_v00_90000,Ma_xp_A2000_s047z_n65_r13_v00_90000_fof_0.0040_0000.hdf5,1,1,371,371,371,9.99725221303e+19,9.99725221303e+19,9.99725221303e+19,141,141,141,2.57771886928e+19,2.57771886928e+19,2.57771886928e+19,0.25784273662,0.25784273662,0.25784273662,2.25805459081e+18,2.25805459081e+18,2.25805459081e+18,230,230,230,7.41953334374e+19,7.41953334374e+19,7.41953334374e+19,0.74215726338,0.74215726338,0.74215726338,3.46128921308e+18,3.46128921308e+18,3.46128921308e+18
A2000,s047z,prograde_z,4.7,n65,r14,1.4,v00,0.0,physical_snapshot_filename,90000,0.0040,FullVolume,01:06:46 2023-04-09 BST,Ma_xp_A2000_s047z_n65_r14_v00_90000.hdf5,Ma_xp_A2000_s047z_n65_r14_v00_90000,Ma_xp_A2000_s047z_n65_r14_v00_90000_fof_0.0040_0000.hdf5,1,1,345,345,345,9.99781549252e+19,9.99781549252e+19,9.99781549252e+19,139,139,139,2.47643931721e+19,2.47643931721e+19,2.47643931721e+19,0.247698041543,0.247698041543,0.247698041543,1.90109994391e+18,1.90109994391e+18,1.90109994391e+18,206,206,206,7.52137617531e+19,7.52137617531e+19,7.52137617531e+19,0.752301958457,0.752301958457,0.752301958457,2.91199676973e+18,2.91199676973e+18,2.91199676973e+18
A2000,s047z,prograde_z,4.7,n65,r15,1.5,v00,0.0,physical_snapshot_filename,90000,0.0040,FullVolume,11:47:34 2023-04-09 BST,Ma_xp_A2000_s047z_n65_r15_v00_90000.hdf5,Ma_xp_A2000_s047z_n65_r15_v00_90000,Ma_xp_A2000_s047z_n65_r15_v00_90000_fof_0.0040_0000.hdf5,1,1,358,358,358,9.99684082912e+19,9.99684082912e+19,9.99684082912e+19,142,142,142,2.48872070891e+19,2.48872070891e+19,2.48872070891e+19,0.248950718677,0.248950718677,0.248950718677,2.33302139564e+18,2.33302139564e+18,2.33302139564e+18,216,216,216,7.50812012021e+19,7.50812012021e+19,7.50812012021e+19,0.751049281323,0.751049281323,0.751049281323,4.50057152812e+18,4.50057152812e+18,4.50057152812e+18
A2000,s047z,prograde_z,4.7,n65,r16,1.6,v00,0.0,physical_snapshot_filename,90000,0.0040,FullVolume,05:58:18 2023-03-27 BST,Ma_xp_A2000_s047z_n65_r16_v00_90000.hdf5,Ma_xp_A2000_s047z_n65_r16_v00_90000,Ma_xp_A2000_s047z_n65_r16_v00_90000_fof_0.0040_0000.hdf5,1,1,356,356,356,9.99710664641e+19,9.99710664641e+19,9.99710664641e+19,140,140,140,2.36304609148e+19,2.36304609148e+19,2.36304609148e+19,0.236373000214,0.236373000214,0.236373000214,2.2709024265e+18,2.2709024265e+18,2.2709024265e+18,216,216,216,7.63406055494e+19,7.63406055494e+19,7.63406055494e+19,0.763626999786,0.763626999786,0.763626999786,3.07496808459e+18,3.07496808459e+18,3.07496808459e+18
A2000,s047z,prograde_z,4.7,n65,r17,1.7,v00,0.0,physical_snapshot_filename,90000,0.0040,FullVolume,22:41:10 2023-04-09 BST,Ma_xp_A2000_s047z_n65_r17_v00_90000.hdf5,Ma_xp_A2000_s047z_n65_r17_v00_90000,Ma_xp_A2000_s047z_n65_r17_v00_90000_fof_0.0040_0000.hdf5,1,1,329,329,329,9.99749271439e+19,9.99749271439e+19,9.99749271439e+19,125,125,125,2.34546417642e+19,2.34546417642e+19,2.34546417642e+19,0.234605239876,0.234605239876,0.234605239876,1.75657761479e+18,1.75657761479e+18,1.75657761479e+18,204,204,204,7.65202853796e+19,7.65202853796e+19,7.65202853796e+19,0.765394760124,0.765394760124,0.765394760124,4.13576894217e+18,4.13576894217e+18,4.13576894217e+18
A2000,s047z,prograde_z,4.7,n65,r18,1.8,v00,0.0,physical_snapshot_filename,90000,0.0040,FullVolume,10:08:46 2023-04-10 BST,Ma_xp_A2000_s047z_n65_r18_v00_90000.hdf5,Ma_xp_A2000_s047z_n65_r18_v00_90000,Ma_xp_A2000_s047z_n65_r18_v00_90000_fof_0.0040_0000.hdf5,1,1,322,322,322,9.99796422363e+19,9.99796422363e+19,9.99796422363e+19,121,121,121,2.16402172439e+19,2.16402172439e+19,2.16402172439e+19,0.216446236052,0.216446236052,0.216446236052,2.70984904948e+18,2.70984904948e+18,2.70984904948e+18,201,201,201,7.83394249924e+19,7.83394249924e+19,7.83394249924e+19,0.783553763948,0.783553763948,0.783553763948,5.84718926253e+18,5.84718926253e+18,5.84718926253e+18
A2000,s047z,prograde_z,4.7,n65,r19,1.9,v00,0.0,physical_snapshot_filename,90000,0.0040,FullVolume,10:50:44 2023-04-11 BST,Ma_xp_A2000_s047z_n65_r19_v00_90000.hdf5,Ma_xp_A2000_s047z_n65_r19_v00_90000,Ma_xp_A2000_s047z_n65_r19_v00_90000_fof_0.0040_0000.hdf5,1,1,292,292,292,9.99866990524e+19,9.99866990524e+19,9.99866990524e+19,101,101,101,1.91438447944e+19,1.91438447944e+19,1.91438447944e+19,0.191463914459,0.191463914459,0.191463914459,2.96503364812e+18,2.96503364812e+18,2.96503364812e+18,191,191,191,8.0842854258e+19,8.0842854258e+19,8.0842854258e+19,0.808536085541,0.808536085541,0.808536085541,9.99444530897e+18,9.99444530897e+18,9.99444530897e+18
A2000,s047z,prograde_z,4.7,n65,r20,2.0,v00,0.0,physical_snapshot_filename,90000,0.0040,FullVolume,07:28:14 2023-03-31 BST,Ma_xp_A2000_s047z_n65_r20_v00_90000.hdf5,Ma_xp_A2000_s047z_n65_r20_v00_90000,Ma_xp_A2000_s047z_n65_r20_v00_90000_fof_0.0040_0000.hdf5,1,1,239,239,239,9.99793574324e+19,9.99793574324e+19,9.99793574324e+19,79,79,79,1.51043080403e+19,1.51043080403e+19,1.51043080403e+19,0.15107426601,0.15107426601,0.15107426601,2.10963993709e+18,2.10963993709e+18,2.10963993709e+18,160,160,160,8.48750493921e+19,8.48750493921e+19,8.48750493921e+19,0.84892573399,0.84892573399,0.84892573399,2.87055775292e+19,2.87055775292e+19,2.87055775292e+19
A2000,s047z,prograde_z,4.7,n65,r22,2.2,v00,0.0,physical_snapshot_filename,90000,0.0040,FullVolume,18:25:13 2023-04-23 BST,Ma_xp_A2000_s047z_n65_r22_v00_90000.hdf5,Ma_xp_A2000_s047z_n65_r22_v00_90000,Ma_xp_A2000_s047z_n65_r22_v00_90000_fof_0.0040_0000.hdf5,1,1,75,75,75,1.00040115671e+20,1.00040115671e+20,1.00040115671e+20,0,0,0,0,0,0,0,0,0,0,0,0,75,75,75,1.00040115671e+20,1.00040115671e+20,1.00040115671e+20,1,1,1,8.13280973936e+19,8.13280973936e+19,8.13280973936e+19
A2000,s047z,prograde_z,4.7,n65,r24,2.4,v00,0.0,physical_snapshot_filename,90000,0.0040,FullVolume,17:12:56 2023-04-29 BST,Ma_xp_A2000_s047z_n65_r24_v00_90000.hdf5,Ma_xp_A2000_s047z_n65_r24_v00_90000,Ma_xp_A2000_s047z_n65_r24_v00_90000_fof_0.0040_0000.hdf5,1,1,225,225,225,9.96243331236e+19,9.96243331236e+19,9.96243331236e+19,0,0,0,0,0,0,0,0,0,0,0,0,225,225,225,9.96243331236e+19,9.96243331236e+19,9.96243331236e+19,1,1,1,9.42580832869e+19,9.42580832869e+19,9.42580832869e+19
A2000,s047z,prograde_z,4.7,n65,r26,2.6,v00,0.0,physical_snapshot_filename,90000,0.0040,FullVolume,11:09:37 2023-04-23 BST,Ma_xp_A2000_s047z_n65_r26_v00_90000.hdf5,Ma_xp_A2000_s047z_n65_r26_v00_90000,Ma_xp_A2000_s047z_n65_r26_v00_90000_fof_0.0040_0000.hdf5,1,1,1,1,1,1.00070020112e+20,1.00070020112e+20,1.00070020112e+20,0,0,0,0,0,0,0,0,0,0,0,0,1,1,1,1.00070020112e+20,1.00070020112e+20,1.00070020112e+20,1,1,1,1.00070020112e+20,1.00070020112e+20,1.00070020112e+20
A2000,s047z,prograde_z,4.7,n65,r28,2.8,v00,0.0,physical_snapshot_filename,90000,0.0040,FullVolume,23:27:51 2023-04-22 BST,Ma_xp_A2000_s047z_n65_r28_v00_90000.hdf5,Ma_xp_A2000_s047z_n65_r28_v00_90000,Ma_xp_A2000_s047z_n65_r28_v00_90000_fof_0.0040_0000.hdf5,1,1,1,1,1,1.00070020112e+20,1.00070020112e+20,1.00070020112e+20,0,0,0,0,0,0,0,0,0,0,0,0,1,1,1,1.00070020112e+20,1.00070020112e+20,1.00070020112e+20,1,1,1,1.00070020112e+20,1.00070020112e+20,1.00070020112e+20
A2000,s047z,prograde_z,4.7,n65,r30,3.0,v00,0.0,physical_snapshot_filename,90000,0.0040,FullVolume,17:49:31 2023-04-23 BST,Ma_xp_A2000_s047z_n65_r30_v00_90000.hdf5,Ma_xp_A2000_s047z_n65_r30_v00_90000,Ma_xp_A2000_s047z_n65_r30_v00_90000_fof_0.0040_0000.hdf5,1,1,1,1,1,1.00070020112e+20,1.00070020112e+20,1.00070020112e+20,0,0,0,0,0,0,0,0,0,0,0,0,1,1,1,1.00070020112e+20,1.00070020112e+20,1.00070020112e+20,1,1,1,1.00070020112e+20,1.00070020112e+20,1.00070020112e+20
A2000,s086mz,retrograde_z,8.6,n65,r12,1.2,v00,0.0,physical_snapshot_filename,90000,0.0040,FullVolume,11:45:09 2023-04-17 BST,Ma_xp_A2000_s086mz_n65_r12_v00_90000.hdf5,Ma_xp_A2000_s086mz_n65_r12_v00_90000,Ma_xp_A2000_s086mz_n65_r12_v00_90000_fof_0.0040_0000.hdf5,1,1,204,204,204,9.98906722398e+19,9.98906722398e+19,9.98906722398e+19,31,31,31,5.24467583643e+18,5.24467583643e+18,5.24467583643e+18,0.0525041599864,0.0525041599864,0.0525041599864,1.89878877354e+18,1.89878877354e+18,1.89878877354e+18,173,173,173,9.46459964034e+19,9.46459964034e+19,9.46459964034e+19,0.947495840014,0.947495840014,0.947495840014,3.75460955294e+19,3.75460955294e+19,3.75460955294e+19
A2000,s086mz,retrograde_z,8.6,n65,r16,1.6,v00,0.0,physical_snapshot_filename,90000,0.0040,FullVolume,14:37:03 2023-06-15 BST,Ma_xp_A2000_s086mz_n65_r16_v00_90000.hdf5,Ma_xp_A2000_s086mz_n65_r16_v00_90000,Ma_xp_A2000_s086mz_n65_r16_v00_90000_fof_0.0040_0000.hdf5,1,1,2,2,2,1.00004962614e+20,1.00004962614e+20,1.00004962614e+20,0,0,0,0,0,0,0,0,0,0,0,0,2,2,2,1.00004962614e+20,1.00004962614e+20,1.00004962614e+20,1,1,1,7.16358717921e+19,7.16358717921e+19,7.16358717921e+19
A2000,s086x,equatorial,8.6,n65,r12,1.2,v00,0.0,physical_snapshot_filename,90000,0.0040,FullVolume,13:37:03 2023-04-03 BST,Ma_xp_A2000_s086x_n65_r12_v00_90000.hdf5,Ma_xp_A2000_s086x_n65_r12_v00_90000,Ma_xp_A2000_s086x_n65_r12_v00_90000_fof_0.0040_0000.hdf5,1,1,974,974,974,9.72898230617e+19,9.72898230617e+19,9.72898230617e+19,315,315,315,1.79657257365e+19,1.79657257365e+19,1.79657257365e+19,0.184661922194,0.184661922194,0.184661922194,4.12871603761e+18,4.12871603761e+18,4.12871603761e+18,659,659,659,7.93240973252e+19,7.93240973252e+19,7.93240973252e+19,0.815338077806,0.815338077806,0.815338077806,8.33136978796e+18,8.33136978796e+18,8.33136978796e+18
A2000,s086x,equatorial,8.6,n65,r16,1.6,v00,0.0,physical_snapshot_filename,90000,0.0040,FullVolume,13:47:53 2023-06-14 BST,Ma_xp_A2000_s086x_n65_r16_v00_90000.hdf5,Ma_xp_A2000_s086x_n65_r16_v00_90000,Ma_xp_A2000_s086x_n65_r16_v00_90000_fof_0.0040_0000.hdf5,1,1,107,107,107,9.95486233507e+19,9.95486233507e+19,9.95486233507e+19,48,48,48,1.23425065201e+19,1.23425065201e+19,1.23425065201e+19,0.1239847032,0.1239847032,0.1239847032,2.91288656511e+18,2.91288656511e+18,2.91288656511e+18,59,59,59,8.72061168306e+19,8.72061168306e+19,8.72061168306e+19,0.8760152968,0.8760152968,0.8760152968,2.98804181513e+19,2.98804181513e+19,2.98804181513e+19
A2000,s086x,equatorial,8.6,n65,r20,2.0,v00,0.0,physical_snapshot_filename,90000,0.0040,FullVolume,14:35:24 2023-07-03 BST,Ma_xp_A2000_s086x_n65_r20_v00_90000.hdf5,Ma_xp_A2000_s086x_n65_r20_v00_90000,Ma_xp_A2000_s086x_n65_r20_v00_90000_fof_0.0040_0000.hdf5,1,1,20,20,20,9.99553756453e+19,9.99553756453e+19,9.99553756453e+19,0,0,0,0,0,0,0,0,0,0,0,0,20,20,20,9.99553756453e+19,9.99553756453e+19,9.99553756453e+19,1,1,1,8.50946227304e+19,8.50946227304e+19,8.50946227304e+19
A2000,s086y,equatorial,8.6,n65,r12,1.2,v00,0.0,physical_snapshot_filename,90000,0.0040,FullVolume,09:42:41 2023-04-03 BST,Ma_xp_A2000_s086y_n65_r12_v00_90000.hdf5,Ma_xp_A2000_s086y_n65_r12_v00_90000,Ma_xp_A2000_s086y_n65_r12_v00_90000_fof_0.0040_0000.hdf5,1,1,710,710,710,9.8132074176e+19,9.8132074176e+19,9.8132074176e+19,243,243,243,1.95170894832e+19,1.95170894832e+19,1.95170894832e+19,0.198885936602,0.198885936602,0.198885936602,3.54179986479e+18,3.54179986479e+18,3.54179986479e+18,467,467,467,7.86149846928e+19,7.86149846928e+19,7.86149846928e+19,0.801114063398,0.801114063398,0.801114063398,9.11985951998e+18,9.11985951998e+18,9.11985951998e+18
A2000,s086y,equatorial,8.6,n65,r16,1.6,v00,0.0,physical_snapshot_filename,90000,0.0040,FullVolume,17:47:05 2023-06-16 BST,Ma_xp_A2000_s086y_n65_r16_v00_90000.hdf5,Ma_xp_A2000_s086y_n65_r16_v00_90000,Ma_xp_A2000_s086y_n65_r16_v00_90000_fof_0.0040_0000.hdf5,1,1,645,645,645,9.85011935021e+19,9.85011935021e+19,9.85011935021e+19,241,241,241,1.58622325939e+19,1.58622325939e+19,1.58622325939e+19,0.161035943118,0.161035943118,0.161035943118,4.44590819308e+18,4.44590819308e+18,4.44590819308e+18,404,404,404,8.26389609082e+19,8.26389609082e+19,8.26389609082e+19,0.838964056882,0.838964056882,0.838964056882,1.97190425346e+19,1.97190425346e+19,1.97190425346e+19
A2000,s086y,equatorial,8.6,n65,r20,2.0,v00,0.0,physical_snapshot_filename,90000,0.0040,FullVolume,06:22:46 2023-07-14 BST,Ma_xp_A2000_s086y_n65_r20_v00_90000.hdf5,Ma_xp_A2000_s086y_n65_r20_v00_90000,Ma_xp_A2000_s086y_n65_r20_v00_90000_fof_0.0040_0000.hdf5,1,1,249,249,249,9.86874925051e+19,9.86874925051e+19,9.86874925051e+19,0,0,0,0,0,0,0,0,0,0,0,0,249,249,249,9.86874925051e+19,9.86874925051e+19,9.86874925051e+19,1,1,1,9.01453780985e+19,9.01453780985e+19,9.01453780985e+19
A2000,s086z,prograde_z,8.6,n65,r12,1.2,v00,0.0,physical_snapshot_filename,90000,0.0040,FullVolume,08:00:01 2023-03-27 BST,Ma_xp_A2000_s086z_n65_r12_v00_90000.hdf5,Ma_xp_A2000_s086z_n65_r12_v00_90000,Ma_xp_A2000_s086z_n65_r12_v00_90000_fof_0.0040_0000.hdf5,1,1,337,337,337,9.98977244678e+19,9.98977244678e+19,9.98977244678e+19,118,118,118,2.52111472268e+19,2.52111472268e+19,2.52111472268e+19,0.252369584604,0.252369584604,0.252369584604,2.14340306293e+18,2.14340306293e+18,2.14340306293e+18,219,219,219,7.4686577241e+19,7.4686577241e+19,7.4686577241e+19,0.747630415396,0.747630415396,0.747630415396,3.49654543065e+18,3.49654543065e+18,3.49654543065e+18
A2000,s086z,prograde_z,8.6,n65,r16,1.6,v00,0.0,physical_snapshot_filename,90000,0.0040,FullVolume,02:19:37 2023-03-28 BST,Ma_xp_A2000_s086z_n65_r16_v00_90000.hdf5,Ma_xp_A2000_s086z_n65_r16_v00_90000,Ma_xp_A2000_s086z_n65_r16_v00_90000_fof_0.0040_0000.hdf5,1,1,334,334,334,9.99227076983e+19,9.99227076983e+19,9.99227076983e+19,103,103,103,2.00568853856e+19,2.00568853856e+19,2.00568853856e+19,0.200723998054,0.200723998054,0.200723998054,2.1583297526e+18,2.1583297526e+18,2.1583297526e+18,231,231,231,7.98658223127e+19,7.98658223127e+19,7.98658223127e+19,0.799276001946,0.799276001946,0.799276001946,5.91887519458e+18,5.91887519458e+18,5.91887519458e+18
A2000,s086z,prograde_z,8.6,n65,r20,2.0,v00,0.0,physical_snapshot_filename,90000,0.0040,FullVolume,03:30:46 2023-04-09 BST,Ma_xp_A2000_s086z_n65_r20_v00_90000.hdf5,Ma_xp_A2000_s086z_n65_r20_v00_90000,Ma_xp_A2000_s086z_n65_r20_v00_90000_fof_0.0040_0000.hdf5,1,1,85,85,85,9.99706185782e+19,9.99706185782e+19,9.99706185782e+19,0,0,0,0,0,0,0,0,0,0,0,0,85,85,85,9.99706185782e+19,9.99706185782e+19,9.99706185782e+19,1,1,1,7.15190514708e+19,7.15190514708e+19,7.15190514708e+19
A2000,s170mz,retrograde_z,17.0,n65,r12,1.2,v00,0.0,physical_snapshot_filename,90000,0.0040,FullVolume,08:11:20 2023-04-12 BST,Ma_xp_A2000_s170mz_n65_r12_v00_90000.hdf5,Ma_xp_A2000_s170mz_n65_r12_v00_90000,Ma_xp_A2000_s170mz_n65_r12_v00_90000_fof_0.0040_0000.hdf5,1,1,275,275,275,9.97585585854e+19,9.97585585854e+19,9.97585585854e+19,59,59,59,1.46144072655e+19,1.46144072655e+19,1.46144072655e+19,0.146497778965,0.146497778965,0.146497778965,2.07468656151e+18,2.07468656151e+18,2.07468656151e+18,216,216,216,8.51441513199e+19,8.51441513199e+19,8.51441513199e+19,0.853502221035,0.853502221035,0.853502221035,1.39784395e+19,1.39784395e+19,1.39784395e+19
A2000,s170mz,retrograde_z,17.0,n65,r16,1.6,v00,0.0,physical_snapshot_filename,90000,0.0040,FullVolume,04:20:15 2023-06-19 BST,Ma_xp_A2000_s170mz_n65_r16_v00_90000.hdf5,Ma_xp_A2000_s170mz_n65_r16_v00_90000,Ma_xp_A2000_s170mz_n65_r16_v00_90000_fof_0.0040_0000.hdf5,1,1,177,177,177,9.96408125051e+19,9.96408125051e+19,9.96408125051e+19,6,6,6,6.72122032542e+18,6.72122032542e+18,6.72122032542e+18,0.0674544913519,0.0674544913519,0.0674544913519,6.68456084596e+18,6.68456084596e+18,6.68456084596e+18,171,171,171,9.29195921796e+19,9.29195921796e+19,9.29195921796e+19,0.932545508648,0.932545508648,0.932545508648,5.97429211474e+19,5.97429211474e+19,5.97429211474e+19
A2000,s170x,equatorial,17.0,n65,r12,1.2,v00,0.0,physical_snapshot_filename,90000,0.0040,FullVolume,21:13:55 2023-04-01 BST,Ma_xp_A2000_s170x_n65_r12_v00_90000.hdf5,Ma_xp_A2000_s170x_n65_r12_v00_90000,Ma_xp_A2000_s170x_n65_r12_v00_90000_fof_0.0040_0000.hdf5,1,1,251,251,251,9.88648693114e+19,9.88648693114e+19,9.88648693114e+19,59,59,59,2.17086322687e+19,2.17086322687e+19,2.17086322687e+19,0.219578829365,0.219578829365,0.219578829365,3.40494255648e+18,3.40494255648e+18,3.40494255648e+18,192,192,192,7.71562370427e+19,7.71562370427e+19,7.71562370427e+19,0.780421170635,0.780421170635,0.780421170635,7.95384401162e+18,7.95384401162e+18,7.95384401162e+18
A2000,s170x,equatorial,17.0,n65,r16,1.6,v00,0.0,physical_snapshot_filename,90000,0.0040,FullVolume,16:15:21 2023-06-12 BST,Ma_xp_A2000_s170x_n65_r16_v00_90000.hdf5,Ma_xp_A2000_s170x_n65_r16_v00_90000,Ma_xp_A2000_s170x_n65_r16_v00_90000_fof_0.0040_0000.hdf5,1,1,117,117,117,9.95514530511e+19,9.95514530511e+19,9.95514530511e+19,24,24,24,1.31694996169e+19,1.31694996169e+19,1.31694996169e+19,0.132288371624,0.132288371624,0.132288371624,3.10453059474e+18,3.10453059474e+18,3.10453059474e+18,93,93,93,8.63819534342e+19,8.63819534342e+19,8.63819534342e+19,0.867711628376,0.867711628376,0.867711628376,2.39974026124e+19,2.39974026124e+19,2.39974026124e+19
A2000,s170x,equatorial,17.0,n65,r20,2.0,v00,0.0,physical_snapshot_filename,90000,0.0040,FullVolume,22:15:14 2023-06-26 BST,Ma_xp_A2000_s170x_n65_r20_v00_90000.hdf5,Ma_xp_A2000_s170x_n65_r20_v00_90000,Ma_xp_A2000_s170x_n65_r20_v00_90000_fof_0.0040_0000.hdf5,1,1,10,10,10,9.98293514799e+19,9.98293514799e+19,9.98293514799e+19,0,0,0,0,0,0,0,0,0,0,0,0,10,10,10,9.98293514799e+19,9.98293514799e+19,9.98293514799e+19,1,1,1,8.58064848589e+19,8.58064848589e+19,8.58064848589e+19
A2000,s170y,equatorial,17.0,n65,r12,1.2,v00,0.0,physical_snapshot_filename,90000,0.0040,FullVolume,06:41:41 2023-04-02 BST,Ma_xp_A2000_s170y_n65_r12_v00_90000.hdf5,Ma_xp_A2000_s170y_n65_r12_v00_90000,Ma_xp_A2000_s170y_n65_r12_v00_90000_fof_0.0040_0000.hdf5,1,1,231,231,231,9.89983717051e+19,9.89983717051e+19,9.89983717051e+19,66,66,66,1.86527283737e+19,1.86527283737e+19,1.86527283737e+19,0.188414496647,0.188414496647,0.188414496647,3.43320287871e+18,3.43320287871e+18,3.43320287871e+18,165,165,165,8.03456433315e+19,8.03456433315e+19,8.03456433315e+19,0.811585503353,0.811585503353,0.811585503353,9.6143826553e+18,9.6143826553e+18,9.6143826553e+18
A2000,s170y,equatorial,17.0,n65,r16,1.6,v00,0.0,physical_snapshot_filename,90000,0.0040,FullVolume,06:59:54 2023-06-14 BST,Ma_xp_A2000_s170y_n65_r16_v00_90000.hdf5,Ma_xp_A2000_s170y_n65_r16_v00_90000,Ma_xp_A2000_s170y_n65_r16_v00_90000_fof_0.0040_0000.hdf5,1,1,120,120,120,9.95427065601e+19,9.95427065601e+19,9.95427065601e+19,44,44,44,1.23861992664e+19,1.23861992664e+19,1.23861992664e+19,0.124431007498,0.124431007498,0.124431007498,2.92038065141e+18,2.92038065141e+18,2.92038065141e+18,76,76,76,8.71565072937e+19,8.71565072937e+19,8.71565072937e+19,0.875568992502,0.875568992502,0.875568992502,2.16367973716e+19,2.16367973716e+19,2.16367973716e+19
A2000,s170y,equatorial,17.0,n65,r20,2.0,v00,0.0,physical_snapshot_filename,90000,0.0040,FullVolume,10:42:22 2023-06-28 BST,Ma_xp_A2000_s170y_n65_r20_v00_90000.hdf5,Ma_xp_A2000_s170y_n65_r20_v00_90000,Ma_xp_A2000_s170y_n65_r20_v00_90000_fof_0.0040_0000.hdf5,1,1,21,21,21,9.97216464975e+19,9.97216464975e+19,9.97216464975e+19,0,0,0,0,0,0,0,0,0,0,0,0,21,21,21,9.97216464975e+19,9.97216464975e+19,9.97216464975e+19,1,1,1,8.86844592388e+19,8.86844592388e+19,8.86844592388e+19
A2000,s170z,prograde_z,17.0,n65,r12,1.2,v00,0.0,physical_snapshot_filename,90000,0.0040,FullVolume,19:38:57 2023-03-27 BST,Ma_xp_A2000_s170z_n65_r12_v00_90000.hdf5,Ma_xp_A2000_s170z_n65_r12_v00_90000,Ma_xp_A2000_s170z_n65_r12_v00_90000_fof_0.0040_0000.hdf5,1,1,323,323,323,9.97480122753e+19,9.97480122753e+19,9.97480122753e+19,99,99,99,2.33740335824e+19,2.33740335824e+19,2.33740335824e+19,0.234330820727,0.234330820727,0.234330820727,2.96689177392e+18,2.96689177392e+18,2.96689177392e+18,224,224,224,7.63739786929e+19,7.63739786929e+19,7.63739786929e+19,0.765669179273,0.765669179273,0.765669179273,5.56668354078e+18,5.56668354078e+18,5.56668354078e+18
A2000,s170z,prograde_z,17.0,n65,r16,1.6,v00,0.0,physical_snapshot_filename,90000,0.0040,FullVolume,08:57:25 2023-03-29 BST,Ma_xp_A2000_s170z_n65_r16_v00_90000.hdf5,Ma_xp_A2000_s170z_n65_r16_v00_90000,Ma_xp_A2000_s170z_n65_r16_v00_90000_fof_0.0040_0000.hdf5,1,1,270,270,270,9.97739675656e+19,9.97739675656e+19,9.97739675656e+19,82,82,82,1.78307792696e+19,1.78307792696e+19,1.78307792696e+19,0.178711739191,0.178711739191,0.178711739191,1.71023891988e+18,1.71023891988e+18,1.71023891988e+18,188,188,188,8.1943188296e+19,8.1943188296e+19,8.1943188296e+19,0.821288260809,0.821288260809,0.821288260809,1.25279429384e+19,1.25279429384e+19,1.25279429384e+19
A2000,s170z,prograde_z,17.0,n65,r20,2.0,v00,0.0,physical_snapshot_filename,90000,0.0040,FullVolume,12:20:19 2023-04-18 BST,Ma_xp_A2000_s170z_n65_r20_v00_90000.hdf5,Ma_xp_A2000_s170z_n65_r20_v00_90000,Ma_xp_A2000_s170z_n65_r20_v00_90000_fof_0.0040_0000.hdf5,1,1,8,8,8,9.98009332789e+19,9.98009332789e+19,9.98009332789e+19,0,0,0,0,0,0,0,0,0,0,0,0,8,8,8,9.98009332789e+19,9.98009332789e+19,9.98009332789e+19,1,1,1,8.50098279539e+19,8.50098279539e+19,8.50098279539e+19
A2000,,no_spin,,n65,r12,1.2,v02,0.2,physical_snapshot_filename,90000,0.0040,FullVolume,15:36:55 2023-04-09 BST,Ma_xp_A2000_n65_r12_v02_90000.hdf5,Ma_xp_A2000_n65_r12_v02_90000,Ma_xp_A2000_n65_r12_v02_90000_fof_0.0040_0000.hdf5,1,1,356,356,356,9.98618672089e+19,9.98618672089e+19,9.98618672089e+19,99,99,99,1.73471559338e+19,1.73471559338e+19,1.73471559338e+19,0.173711511898,0.173711511898,0.173711511898,2.38025468817e+18,2.38025468817e+18,2.38025468817e+18,257,257,257,8.25147112751e+19,8.25147112751e+19,8.25147112751e+19,0.826288488102,0.826288488102,0.826288488102,5.49413424693e+18,5.49413424693e+18,5.49413424693e+18
A2000,,no_spin,,n65,r14,1.4,v02,0.2,physical_snapshot_filename,90000,0.0040,FullVolume,13:52:26 2023-04-10 BST,Ma_xp_A2000_n65_r14_v02_90000.hdf5,Ma_xp_A2000_n65_r14_v02_90000,Ma_xp_A2000_n65_r14_v02_90000_fof_0.0040_0000.hdf5,1,1,322,322,322,9.98703530759e+19,9.98703530759e+19,9.98703530759e+19,88,88,88,1.58757251998e+19,1.58757251998e+19,1.58757251998e+19,0.158963343083,0.158963343083,0.158963343083,1.95165647034e+18,1.95165647034e+18,1.95165647034e+18,234,234,234,8.39946278761e+19,8.39946278761e+19,8.39946278761e+19,0.841036656917,0.841036656917,0.841036656917,1.10128589256e+19,1.10128589256e+19,1.10128589256e+19
A2000,,no_spin,,n65,r16,1.6,v02,0.2,physical_snapshot_filename,90000,0.0040,FullVolume,07:13:33 2023-04-13 BST,Ma_xp_A2000_n65_r16_v02_90000.hdf5,Ma_xp_A2000_n65_r16_v02_90000,Ma_xp_A2000_n65_r16_v02_90000_fof_0.0040_0000.hdf5,1,1,253,253,253,9.9882400529e+19,9.9882400529e+19,9.9882400529e+19,42,42,42,1.31903819183e+19,1.31903819183e+19,1.31903819183e+19,0.132059120009,0.132059120009,0.132059120009,2.97228326914e+18,2.97228326914e+18,2.97228326914e+18,211,211,211,8.66920186107e+19,8.66920186107e+19,8.66920186107e+19,0.867940879991,0.867940879991,0.867940879991,2.54888496752e+19,2.54888496752e+19,2.54888496752e+19
A2000,,no_spin,,n65,r18,1.8,v02,0.2,physical_snapshot_filename,90000,0.0040,FullVolume,01:06:47 2023-04-21 BST,Ma_xp_A2000_n65_r18_v02_90000.hdf5,Ma_xp_A2000_n65_r18_v02_90000,Ma_xp_A2000_n65_r18_v02_90000_fof_0.0040_0000.hdf5,1,1,97,97,97,9.98811617155e+19,9.98811617155e+19,9.98811617155e+19,0,0,0,0,0,0,0,0,0,0,0,0,97,97,97,9.98811617155e+19,9.98811617155e+19,9.98811617155e+19,1,1,1,7.20689807946e+19,7.20689807946e+19,7.20689807946e+19
A2000,,no_spin,,n65,r20,2.0,v02,0.2,physical_snapshot_filename,90000,0.0040,FullVolume,11:20:47 2023-04-24 BST,Ma_xp_A2000_n65_r20_v02_90000.hdf5,Ma_xp_A2000_n65_r20_v02_90000,Ma_xp_A2000_n65_r20_v02_90000_fof_0.0040_0000.hdf5,1,1,5,5,5,9.99613128958e+19,9.99613128958e+19,9.99613128958e+19,0,0,0,0,0,0,0,0,0,0,0,0,5,5,5,9.99613128958e+19,9.99613128958e+19,9.99613128958e+19,1,1,1,8.78673421421e+19,8.78673421421e+19,8.78673421421e+19
A2000,s030z,prograde_z,3.0,n65,r12,1.2,v02,0.2,physical_snapshot_filename,90000,0.0040,FullVolume,20:58:28 2023-04-07 BST,Ma_xp_A2000_s030z_n65_r12_v02_90000.hdf5,Ma_xp_A2000_s030z_n65_r12_v02_90000,Ma_xp_A2000_s030z_n65_r12_v02_90000_fof_0.0040_0000.hdf5,1,1,367,367,367,9.93814824719e+19,9.93814824719e+19,9.93814824719e+19,132,132,132,2.47608092256e+19,2.47608092256e+19,2.47608092256e+19,0.249149123254,0.249149123254,0.249149123254,1.92981542903e+18,1.92981542903e+18,1.92981542903e+18,235,235,235,7.46206732463e+19,7.46206732463e+19,7.46206732463e+19,0.750850876746,0.750850876746,0.750850876746,3.17036386052e+18,3.17036386052e+18,3.17036386052e+18
A2000,s030z,prograde_z,3.0,n65,r16,1.6,v02,0.2,physical_snapshot_filename,90000,0.0040,FullVolume,13:39:36 2023-04-08 BST,Ma_xp_A2000_s030z_n65_r16_v02_90000.hdf5,Ma_xp_A2000_s030z_n65_r16_v02_90000,Ma_xp_A2000_s030z_n65_r16_v02_90000_fof_0.0040_0000.hdf5,1,1,366,366,366,9.93919926608e+19,9.93919926608e+19,9.93919926608e+19,129,129,129,2.28550035993e+19,2.28550035993e+19,2.28550035993e+19,0.229948137546,0.229948137546,0.229948137546,1.59597532782e+18,1.59597532782e+18,1.59597532782e+18,237,237,237,7.65369890615e+19,7.65369890615e+19,7.65369890615e+19,0.770051862454,0.770051862454,0.770051862454,2.92101434955e+18,2.92101434955e+18,2.92101434955e+18
A2000,s030z,prograde_z,3.0,n65,r20,2.0,v02,0.2,physical_snapshot_filename,90000,0.0040,FullVolume,13:05:47 2023-04-09 BST,Ma_xp_A2000_s030z_n65_r20_v02_90000.hdf5,Ma_xp_A2000_s030z_n65_r20_v02_90000,Ma_xp_A2000_s030z_n65_r20_v02_90000_fof_0.0040_0000.hdf5,1,1,346,346,346,9.94047999867e+19,9.94047999867e+19,9.94047999867e+19,130,130,130,2.19673017183e+19,2.19673017183e+19,2.19673017183e+19,0.220988339811,0.220988339811,0.220988339811,1.69361938796e+18,1.69361938796e+18,1.69361938796e+18,216,216,216,7.74374982683e+19,7.74374982683e+19,7.74374982683e+19,0.779011660189,0.779011660189,0.779011660189,3.76142038054e+18,3.76142038054e+18,3.76142038054e+18
A2000,s047z,prograde_z,4.7,n65,r12,1.2,v02,0.2,physical_snapshot_filename,90000,0.0040,FullVolume,01:10:38 2023-04-09 BST,Ma_xp_A2000_s047z_n65_r12_v02_90000.hdf5,Ma_xp_A2000_s047z_n65_r12_v02_90000,Ma_xp_A2000_s047z_n65_r12_v02_90000_fof_0.0040_0000.hdf5,1,1,343,343,343,9.99749904337e+19,9.99749904337e+19,9.99749904337e+19,125,125,125,2.51237844775e+19,2.51237844775e+19,2.51237844775e+19,0.251300693988,0.251300693988,0.251300693988,2.07979878177e+18,2.07979878177e+18,2.07979878177e+18,218,218,218,7.48512059562e+19,7.48512059562e+19,7.48512059562e+19,0.748699306012,0.748699306012,0.748699306012,3.41148011607e+18,3.41148011607e+18,3.41148011607e+18
A2000,s047z,prograde_z,4.7,n65,r16,1.6,v02,0.2,physical_snapshot_filename,90000,0.0040,FullVolume,08:27:43 2023-04-09 BST,Ma_xp_A2000_s047z_n65_r16_v02_90000.hdf5,Ma_xp_A2000_s047z_n65_r16_v02_90000,Ma_xp_A2000_s047z_n65_r16_v02_90000_fof_0.0040_0000.hdf5,1,1,339,339,339,9.99027767365e+19,9.99027767365e+19,9.99027767365e+19,131,131,131,2.24339350146e+19,2.24339350146e+19,2.24339350146e+19,0.224557672443,0.224557672443,0.224557672443,2.18321436564e+18,2.18321436564e+18,2.18321436564e+18,208,208,208,7.74688417219e+19,7.74688417219e+19,7.74688417219e+19,0.775442327557,0.775442327557,0.775442327557,4.2684877178e+18,4.2684877178e+18,4.2684877178e+18
A2000,s047z,prograde_z,4.7,n65,r20,2.0,v02,0.2,physical_snapshot_filename,90000,0.0040,FullVolume,23:24:36 2023-04-14 BST,Ma_xp_A2000_s047z_n65_r20_v02_90000.hdf5,Ma_xp_A2000_s047z_n65_r20_v02_90000,Ma_xp_A2000_s047z_n65_r20_v02_90000_fof_0.0040_0000.hdf5,1,1,272,272,272,9.99303078134e+19,9.99303078134e+19,9.99303078134e+19,79,79,79,1.47636188799e+19,1.47636188799e+19,1.47636188799e+19,0.147739151445,0.147739151445,0.147739151445,2.08340630213e+18,2.08340630213e+18,2.08340630213e+18,193,193,193,8.51666889335e+19,8.51666889335e+19,8.51666889335e+19,0.852260848555,0.852260848555,0.852260848555,2.95303073171e+19,2.95303073171e+19,2.95303073171e+19
A2000,,no_spin,,n65,r12,1.2,v04,0.4,physical_snapshot_filename,90000,0.0040,FullVolume,23:56:03 2023-04-09 BST,Ma_xp_A2000_n65_r12_v04_90000.hdf5,Ma_xp_A2000_n65_r12_v04_90000,Ma_xp_A2000_n65_r12_v04_90000_fof_0.0040_0000.hdf5,1,1,328,328,328,9.98756799704e+19,9.98756799704e+19,9.98756799704e+19,70,70,70,1.43775051416e+19,1.43775051416e+19,1.43775051416e+19,0.14395401509,0.14395401509,0.14395401509,2.1626882108e+18,2.1626882108e+18,2.1626882108e+18,258,258,258,8.54981748288e+19,8.54981748288e+19,8.54981748288e+19,0.85604598491,0.85604598491,0.85604598491,7.90461596459e+18,7.90461596459e+18,7.90461596459e+18
A2000,,no_spin,,n65,r14,1.4,v04,0.4,physical_snapshot_filename,90000,0.0040,FullVolume,02:57:43 2023-04-11 BST,Ma_xp_A2000_n65_r14_v04_90000.hdf5,Ma_xp_A2000_n65_r14_v04_90000,Ma_xp_A2000_n65_r14_v04_90000_fof_0.0040_0000.hdf5,1,1,294,294,294,9.98799848445e+19,9.98799848445e+19,9.98799848445e+19,67,67,67,1.11883367421e+19,1.11883367421e+19,1.11883367421e+19,0.112017805764,0.112017805764,0.112017805764,2.58109719432e+18,2.58109719432e+18,2.58109719432e+18,227,227,227,8.86916481025e+19,8.86916481025e+19,8.86916481025e+19,0.887982194236,0.887982194236,0.887982194236,8.12469103764e+18,8.12469103764e+18,8.12469103764e+18
A2000,,no_spin,,n65,r16,1.6,v04,0.4,physical_snapshot_filename,90000,0.0040,FullVolume,03:02:43 2023-04-14 BST,Ma_xp_A2000_n65_r16_v04_90000.hdf5,Ma_xp_A2000_n65_r16_v04_90000,Ma_xp_A2000_n65_r16_v04_90000_fof_0.0040_0000.hdf5,1,1,209,209,209,9.98832057572e+19,9.98832057572e+19,9.98832057572e+19,23,23,23,7.17188923315e+18,7.17188923315e+18,7.17188923315e+18,0.0718027538141,0.0718027538141,0.0718027538141,3.19059303411e+18,3.19059303411e+18,3.19059303411e+18,186,186,186,9.27113165241e+19,9.27113165241e+19,9.27113165241e+19,0.928197246186,0.928197246186,0.928197246186,2.8642588032e+19,2.8642588032e+19,2.8642588032e+19
A2000,,no_spin,,n65,r18,1.8,v04,0.4,physical_snapshot_filename,90000,0.0040,FullVolume,05:46:27 2023-04-23 BST,Ma_xp_A2000_n65_r18_v04_90000.hdf5,Ma_xp_A2000_n65_r18_v04_90000,Ma_xp_A2000_n65_r18_v04_90000_fof_0.0040_0000.hdf5,1,1,85,85,85,9.99283295083e+19,9.99283295083e+19,9.99283295083e+19,0,0,0,0,0,0,0,0,0,0,0,0,85,85,85,9.99283295083e+19,9.99283295083e+19,9.99283295083e+19,1,1,1,7.47499262911e+19,7.47499262911e+19,7.47499262911e+19
A2000,,no_spin,,n65,r20,2.0,v04,0.4,physical_snapshot_filename,90000,0.0040,FullVolume,17:52:29 2023-04-27 BST,Ma_xp_A2000_n65_r20_v04_90000.hdf5,Ma_xp_A2000_n65_r20_v04_90000,Ma_xp_A2000_n65_r20_v04_90000_fof_0.0040_0000.hdf5,1,1,2,2,2,9.99575035468e+19,9.99575035468e+19,9.99575035468e+19,0,0,0,0,0,0,0,0,0,0,0,0,2,2,2,9.99575035468e+19,9.99575035468e+19,9.99575035468e+19,1,1,1,8.94111195367e+19,8.94111195367e+19,8.94111195367e+19
A2000,s030z,prograde_z,3.0,n65,r12,1.2,v04,0.4,physical_snapshot_filename,90000,0.0040,FullVolume,16:20:13 2023-04-07 BST,Ma_xp_A2000_s030z_n65_r12_v04_90000.hdf5,Ma_xp_A2000_s030z_n65_r12_v04_90000,Ma_xp_A2000_s030z_n65_r12_v04_90000_fof_0.0040_0000.hdf5,1,1,374,374,374,9.93959890499e+19,9.93959890499e+19,9.93959890499e+19,139,139,139,2.17436927298e+19,2.17436927298e+19,2.17436927298e+19,0.218758251089,0.218758251089,0.218758251089,1.92043807488e+18,1.92043807488e+18,1.92043807488e+18,235,235,235,7.76522963201e+19,7.76522963201e+19,7.76522963201e+19,0.781241748911,0.781241748911,0.781241748911,3.68662182077e+18,3.68662182077e+18,3.68662182077e+18
A2000,s030z,prograde_z,3.0,n65,r20,2.0,v04,0.4,physical_snapshot_filename,90000,0.0040,FullVolume,18:20:12 2023-04-09 BST,Ma_xp_A2000_s030z_n65_r20_v04_90000.hdf5,Ma_xp_A2000_s030z_n65_r20_v04_90000,Ma_xp_A2000_s030z_n65_r20_v04_90000_fof_0.0040_0000.hdf5,1,1,315,315,315,9.94061216272e+19,9.94061216272e+19,9.94061216272e+19,100,100,100,1.66474468942e+19,1.66474468942e+19,1.66474468942e+19,0.1674690313,0.1674690313,0.1674690313,1.64424667434e+18,1.64424667434e+18,1.64424667434e+18,215,215,215,8.2758674733e+19,8.2758674733e+19,8.2758674733e+19,0.8325309687,0.8325309687,0.8325309687,4.22940699427e+18,4.22940699427e+18,4.22940699427e+18
A2000,s047z,prograde_z,4.7,n65,r12,1.2,v04,0.4,physical_snapshot_filename,90000,0.0040,FullVolume,20:12:07 2023-04-08 BST,Ma_xp_A2000_s047z_n65_r12_v04_90000.hdf5,Ma_xp_A2000_s047z_n65_r12_v04_90000,Ma_xp_A2000_s047z_n65_r12_v04_90000_fof_0.0040_0000.hdf5,1,1,342,342,342,9.9429210576e+19,9.9429210576e+19,9.9429210576e+19,124,124,124,2.18109099181e+19,2.18109099181e+19,2.18109099181e+19,0.219361189652,0.219361189652,0.219361189652,2.12732944486e+18,2.12732944486e+18,2.12732944486e+18,218,218,218,7.76183006578e+19,7.76183006578e+19,7.76183006578e+19,0.780638810348,0.780638810348,0.780638810348,3.2945837982e+18,3.2945837982e+18,3.2945837982e+18
A2000,s047z,prograde_z,4.7,n65,r16,1.6,v04,0.4,physical_snapshot_filename,90000,0.0040,FullVolume,10:43:28 2023-04-10 BST,Ma_xp_A2000_s047z_n65_r16_v04_90000.hdf5,Ma_xp_A2000_s047z_n65_r16_v04_90000,Ma_xp_A2000_s047z_n65_r16_v04_90000_fof_0.0040_0000.hdf5,1,1,349,349,349,9.99844206185e+19,9.99844206185e+19,9.99844206185e+19,117,117,117,1.84593969169e+19,1.84593969169e+19,1.84593969169e+19,0.184622732249,0.184622732249,0.184622732249,1.94416867391e+18,1.94416867391e+18,1.94416867391e+18,232,232,232,8.15250237016e+19,8.15250237016e+19,8.15250237016e+19,0.815377267751,0.815377267751,0.815377267751,4.15453437706e+18,4.15453437706e+18,4.15453437706e+18
A2000,s047z,prograde_z,4.7,n65,r20,2.0,v04,0.4,physical_snapshot_filename,90000,0.0040,FullVolume,11:18:24 2023-04-15 BST,Ma_xp_A2000_s047z_n65_r20_v04_90000.hdf5,Ma_xp_A2000_s047z_n65_r20_v04_90000,Ma_xp_A2000_s047z_n65_r20_v04_90000_fof_0.0040_0000.hdf5,1,1,220,220,220,9.99903382181e+19,9.99903382181e+19,9.99903382181e+19,46,46,46,9.20636033327e+18,9.20636033327e+18,9.20636033327e+18,0.0920724991768,0.0920724991768,0.0920724991768,2.16182240276e+18,2.16182240276e+18,2.16182240276e+18,174,174,174,9.07839778848e+19,9.07839778848e+19,9.07839778848e+19,0.907927500823,0.907927500823,0.907927500823,2.95010357703e+19,2.95010357703e+19,2.95010357703e+19
A2000,,no_spin,,n65,r12,1.2,v06,0.6,physical_snapshot_filename,90000,0.0040,FullVolume,10:26:43 2023-04-10 BST,Ma_xp_A2000_n65_r12_v06_90000.hdf5,Ma_xp_A2000_n65_r12_v06_90000,Ma_xp_A2000_n65_r12_v06_90000_fof_0.0040_0000.hdf5,1,1,294,294,294,9.98761445252e+19,9.98761445252e+19,9.98761445252e+19,43,43,43,7.38744263991e+18,7.38744263991e+18,7.38744263991e+18,0.0739660373859,0.0739660373859,0.0739660373859,1.85905522232e+18,1.85905522232e+18,1.85905522232e+18,251,251,251,9.24887018853e+19,9.24887018853e+19,9.24887018853e+19,0.926033962614,0.926033962614,0.926033962614,8.29691697083e+18,8.29691697083e+18,8.29691697083e+18
A2000,,no_spin,,n65,r14,1.4,v06,0.6,physical_snapshot_filename,90000,0.0040,FullVolume,12:20:47 2023-04-11 BST,Ma_xp_A2000_n65_r14_v06_90000.hdf5,Ma_xp_A2000_n65_r14_v06_90000,Ma_xp_A2000_n65_r14_v06_90000_fof_0.0040_0000.hdf5,1,1,273,273,273,9.98763303471e+19,9.98763303471e+19,9.98763303471e+19,29,29,29,5.42203534879e+18,5.42203534879e+18,5.42203534879e+18,0.0542874906392,0.0542874906392,0.0542874906392,1.54514008857e+18,1.54514008857e+18,1.54514008857e+18,244,244,244,9.44542949983e+19,9.44542949983e+19,9.44542949983e+19,0.945712509361,0.945712509361,0.945712509361,1.37527409355e+19,1.37527409355e+19,1.37527409355e+19
A2000,,no_spin,,n65,r16,1.6,v06,0.6,physical_snapshot_filename,90000,0.0040,FullVolume,04:33:04 2023-04-17 BST,Ma_xp_A2000_n65_r16_v06_90000.hdf5,Ma_xp_A2000_n65_r16_v06_90000,Ma_xp_A2000_n65_r16_v06_90000_fof_0.0040_0000.hdf5,1,1,191,191,191,9.98892759393e+19,9.98892759393e+19,9.98892759393e+19,0,0,0,0,0,0,0,0,0,0,0,0,191,191,191,9.98892759393e+19,9.98892759393e+19,9.98892759393e+19,1,1,1,3.20790544132e+19,3.20790544132e+19,3.20790544132e+19
A2000,,no_spin,,n65,r18,1.8,v06,0.6,physical_snapshot_filename,90000,0.0040,FullVolume,23:52:35 2023-04-23 BST,Ma_xp_A2000_n65_r18_v06_90000.hdf5,Ma_xp_A2000_n65_r18_v06_90000,Ma_xp_A2000_n65_r18_v06_90000_fof_0.0040_0000.hdf5,1,1,111,111,111,9.98488287043e+19,9.98488287043e+19,9.98488287043e+19,0,0,0,0,0,0,0,0,0,0,0,0,111,111,111,9.98488287043e+19,9.98488287043e+19,9.98488287043e+19,1,1,1,8.1283765052e+19,8.1283765052e+19,8.1283765052e+19
A2000,,no_spin,,n65,r20,2.0,v06,0.6,physical_snapshot_filename,90000,0.0040,FullVolume,05:34:06 2023-04-28 BST,Ma_xp_A2000_n65_r20_v06_90000.hdf5,Ma_xp_A2000_n65_r20_v06_90000,Ma_xp_A2000_n65_r20_v06_90000_fof_0.0040_0000.hdf5,1,1,82,82,82,9.95568715252e+19,9.95568715252e+19,9.95568715252e+19,0,0,0,0,0,0,0,0,0,0,0,0,82,82,82,9.95568715252e+19,9.95568715252e+19,9.95568715252e+19,1,1,1,9.01262860983e+19,9.01262860983e+19,9.01262860983e+19
A2000,s030x,equatorial,3.0,n65,r16,1.6,v06,0.6,physical_snapshot_filename,90000,0.0040,FullVolume,09:34:36 2023-06-19 BST,Ma_xp_A2000_s030x_n65_r16_v06_90000.hdf5,Ma_xp_A2000_s030x_n65_r16_v06_90000,Ma_xp_A2000_s030x_n65_r16_v06_90000_fof_0.0040_0000.hdf5,1,1,432,432,432,9.81153193888e+19,9.81153193888e+19,9.81153193888e+19,0,0,0,0,0,0,0,0,0,0,0,0,432,432,432,9.81153193888e+19,9.81153193888e+19,9.81153193888e+19,1,1,1,2.35642840105e+19,2.35642840105e+19,2.35642840105e+19
A2000,s030y,equatorial,3.0,n65,r16,1.6,v06,0.6,physical_snapshot_filename,90000,0.0040,FullVolume,22:43:50 2023-06-12 BST,Ma_xp_A2000_s030y_n65_r16_v06_90000.hdf5,Ma_xp_A2000_s030y_n65_r16_v06_90000,Ma_xp_A2000_s030y_n65_r16_v06_90000_fof_0.0040_0000.hdf5,1,1,3754,3754,3754,9.32008935269e+19,9.32008935269e+19,9.32008935269e+19,586,586,586,7.59474429878e+18,7.59474429878e+18,7.59474429878e+18,0.0814878914931,0.0814878914931,0.0814878914931,1.53200163325e+18,1.53200163325e+18,1.53200163325e+18,3168,3168,3168,8.56061492281e+19,8.56061492281e+19,8.56061492281e+19,0.918512108507,0.918512108507,0.918512108507,1.18292490494e+19,1.18292490494e+19,1.18292490494e+19
A2000,s030z,prograde_z,3.0,n65,r12,1.2,v06,0.6,physical_snapshot_filename,90000,0.0040,FullVolume,13:35:18 2023-04-06 BST,Ma_xp_A2000_s030z_n65_r12_v06_90000.hdf5,Ma_xp_A2000_s030z_n65_r12_v06_90000,Ma_xp_A2000_s030z_n65_r12_v06_90000_fof_0.0040_0000.hdf5,1,1,366,366,366,9.9372765938e+19,9.9372765938e+19,9.9372765938e+19,131,131,131,1.58811786027e+19,1.58811786027e+19,1.58811786027e+19,0.159814195095,0.159814195095,0.159814195095,1.54270062791e+18,1.54270062791e+18,1.54270062791e+18,235,235,235,8.34915873353e+19,8.34915873353e+19,8.34915873353e+19,0.840185804905,0.840185804905,0.840185804905,2.88315878901e+18,2.88315878901e+18,2.88315878901e+18
A2000,s030z,prograde_z,3.0,n65,r16,1.6,v06,0.6,physical_snapshot_filename,90000,0.0040,FullVolume,18:47:16 2023-04-08 BST,Ma_xp_A2000_s030z_n65_r16_v06_90000.hdf5,Ma_xp_A2000_s030z_n65_r16_v06_90000,Ma_xp_A2000_s030z_n65_r16_v06_90000_fof_0.0040_0000.hdf5,1,1,341,341,341,9.91317868169e+19,9.91317868169e+19,9.91317868169e+19,112,112,112,1.4313366805e+19,1.4313366805e+19,1.4313366805e+19,0.144387257252,0.144387257252,0.144387257252,1.11093325789e+18,1.11093325789e+18,1.11093325789e+18,229,229,229,8.4818420012e+19,8.4818420012e+19,8.4818420012e+19,0.855612742748,0.855612742748,0.855612742748,3.4590479107e+18,3.4590479107e+18,3.4590479107e+18
A2000,s030z,prograde_z,3.0,n65,r20,2.0,v06,0.6,physical_snapshot_filename,90000,0.0040,FullVolume,16:26:28 2023-04-09 BST,Ma_xp_A2000_s030z_n65_r20_v06_90000.hdf5,Ma_xp_A2000_s030z_n65_r20_v06_90000,Ma_xp_A2000_s030z_n65_r20_v06_90000_fof_0.0040_0000.hdf5,1,1,299,299,299,9.9425253947e+19,9.9425253947e+19,9.9425253947e+19,72,72,72,1.07354027153e+19,1.07354027153e+19,1.07354027153e+19,0.107974606945,0.107974606945,0.107974606945,1.07147284815e+18,1.07147284815e+18,1.07147284815e+18,227,227,227,8.86898512317e+19,8.86898512317e+19,8.86898512317e+19,0.892025393055,0.892025393055,0.892025393055,4.67344674053e+18,4.67344674053e+18,4.67344674053e+18
A2000,s036x,equatorial,3.6,n65,r16,1.6,v06,0.6,physical_snapshot_filename,90000,0.0040,FullVolume,16:41:57 2023-06-23 BST,Ma_xp_A2000_s036x_n65_r16_v06_90000.hdf5,Ma_xp_A2000_s036x_n65_r16_v06_90000,Ma_xp_A2000_s036x_n65_r16_v06_90000_fof_0.0040_0000.hdf5,1,1,538,538,538,9.86025905355e+19,9.86025905355e+19,9.86025905355e+19,0,0,0,0,0,0,0,0,0,0,0,0,538,538,538,9.86025905355e+19,9.86025905355e+19,9.86025905355e+19,1,1,1,3.20151032753e+19,3.20151032753e+19,3.20151032753e+19
A2000,s036y,equatorial,3.6,n65,r16,1.6,v06,0.6,physical_snapshot_filename,90000,0.0040,FullVolume,07:11:22 2023-06-17 BST,Ma_xp_A2000_s036y_n65_r16_v06_90000.hdf5,Ma_xp_A2000_s036y_n65_r16_v06_90000,Ma_xp_A2000_s036y_n65_r16_v06_90000_fof_0.0040_0000.hdf5,1,1,3299,3299,3299,9.36062991541e+19,9.36062991541e+19,9.36062991541e+19,566,566,566,5.42379290128e+18,5.42379290128e+18,5.42379290128e+18,0.0579426058961,0.0579426058961,0.0579426058961,1.59879930552e+18,1.59879930552e+18,1.59879930552e+18,2733,2733,2733,8.81825062528e+19,8.81825062528e+19,8.81825062528e+19,0.942057394104,0.942057394104,0.942057394104,1.67245043428e+19,1.67245043428e+19,1.67245043428e+19
A2000,s036z,prograde_z,3.6,n65,r16,1.6,v06,0.6,physical_snapshot_filename,90000,0.0040,FullVolume,19:20:12 2023-05-30 BST,Ma_xp_A2000_s036z_n65_r16_v06_90000.hdf5,Ma_xp_A2000_s036z_n65_r16_v06_90000,Ma_xp_A2000_s036z_n65_r16_v06_90000_fof_0.0040_0000.hdf5,1,1,348,348,348,1.00073015857e+20,1.00073015857e+20,1.00073015857e+20,94,94,94,1.30877799203e+19,1.30877799203e+19,1.30877799203e+19,0.130782307381,0.130782307381,0.130782307381,1.23401194491e+18,1.23401194491e+18,1.23401194491e+18,254,254,254,8.69852359364e+19,8.69852359364e+19,8.69852359364e+19,0.869217692619,0.869217692619,0.869217692619,3.3352846974e+18,3.3352846974e+18,3.3352846974e+18
A2000,s047mz,retrograde_z,4.7,n65,r16,1.6,v06,0.6,physical_snapshot_filename,90000,0.0040,FullVolume,20:56:44 2023-06-15 BST,Ma_xp_A2000_s047mz_n65_r16_v06_90000.hdf5,Ma_xp_A2000_s047mz_n65_r16_v06_90000,Ma_xp_A2000_s047mz_n65_r16_v06_90000_fof_0.0040_0000.hdf5,1,1,1,1,1,1.00070020112e+20,1.00070020112e+20,1.00070020112e+20,0,0,0,0,0,0,0,0,0,0,0,0,1,1,1,1.00070020112e+20,1.00070020112e+20,1.00070020112e+20,1,1,1,1.00070020112e+20,1.00070020112e+20,1.00070020112e+20
A2000,s047x,equatorial,4.7,n65,r16,1.6,v06,0.6,physical_snapshot_filename,90000,0.0040,FullVolume,22:05:15 2023-06-22 BST,Ma_xp_A2000_s047x_n65_r16_v06_90000.hdf5,Ma_xp_A2000_s047x_n65_r16_v06_90000,Ma_xp_A2000_s047x_n65_r16_v06_90000_fof_0.0040_0000.hdf5,1,1,283,283,283,9.92689923692e+19,9.92689923692e+19,9.92689923692e+19,0,0,0,0,0,0,0,0,0,0,0,0,283,283,283,9.92689923692e+19,9.92689923692e+19,9.92689923692e+19,1,1,1,3.38118960302e+19,3.38118960302e+19,3.38118960302e+19
A2000,s047y,equatorial,4.7,n65,r16,1.6,v06,0.6,physical_snapshot_filename,90000,0.0040,FullVolume,18:30:52 2023-06-18 BST,Ma_xp_A2000_s047y_n65_r16_v06_90000.hdf5,Ma_xp_A2000_s047y_n65_r16_v06_90000,Ma_xp_A2000_s047y_n65_r16_v06_90000_fof_0.0040_0000.hdf5,1,1,1462,1462,1462,9.70232160053e+19,9.70232160053e+19,9.70232160053e+19,147,147,147,4.02140421752e+18,4.02140421752e+18,4.02140421752e+18,0.0414478552979,0.0414478552979,0.0414478552979,2.00527500575e+18,2.00527500575e+18,2.00527500575e+18,1315,1315,1315,9.30018117878e+19,9.30018117878e+19,9.30018117878e+19,0.958552144702,0.958552144702,0.958552144702,2.59603178191e+19,2.59603178191e+19,2.59603178191e+19
A2000,s047z,prograde_z,4.7,n65,r12,1.2,v06,0.6,physical_snapshot_filename,90000,0.0040,FullVolume,04:08:38 2023-04-09 BST,Ma_xp_A2000_s047z_n65_r12_v06_90000.hdf5,Ma_xp_A2000_s047z_n65_r12_v06_90000,Ma_xp_A2000_s047z_n65_r12_v06_90000_fof_0.0040_0000.hdf5,1,1,319,319,319,9.99906546668e+19,9.99906546668e+19,9.99906546668e+19,89,89,89,1.54251558386e+19,1.54251558386e+19,1.54251558386e+19,0.154265975055,0.154265975055,0.154265975055,1.6451558673e+18,1.6451558673e+18,1.6451558673e+18,230,230,230,8.45654988282e+19,8.45654988282e+19,8.45654988282e+19,0.845734024945,0.845734024945,0.845734024945,3.65938638415e+18,3.65938638415e+18,3.65938638415e+18
A2000,s047z,prograde_z,4.7,n65,r16,1.6,v06,0.6,physical_snapshot_filename,90000,0.0040,FullVolume,17:37:45 2023-04-10 BST,Ma_xp_A2000_s047z_n65_r16_v06_90000.hdf5,Ma_xp_A2000_s047z_n65_r16_v06_90000,Ma_xp_A2000_s047z_n65_r16_v06_90000_fof_0.0040_0000.hdf5,1,1,319,319,319,9.99860028643e+19,9.99860028643e+19,9.99860028643e+19,72,72,72,1.2043453588e+19,1.2043453588e+19,1.2043453588e+19,0.120451395625,0.120451395625,0.120451395625,1.36867424053e+18,1.36867424053e+18,1.36867424053e+18,247,247,247,8.79425492763e+19,8.79425492763e+19,8.79425492763e+19,0.879548604375,0.879548604375,0.879548604375,4.15231923298e+18,4.15231923298e+18,4.15231923298e+18
A2000,s047z,prograde_z,4.7,n65,r20,2.0,v06,0.6,physical_snapshot_filename,90000,0.0040,FullVolume,03:01:07 2023-04-16 BST,Ma_xp_A2000_s047z_n65_r20_v06_90000.hdf5,Ma_xp_A2000_s047z_n65_r20_v06_90000,Ma_xp_A2000_s047z_n65_r20_v06_90000_fof_0.0040_0000.hdf5,1,1,215,215,215,1.00005084749e+20,1.00005084749e+20,1.00005084749e+20,11,11,11,3.08148693718e+18,3.08148693718e+18,3.08148693718e+18,0.0308133025927,0.0308133025927,0.0308133025927,1.83768353323e+18,1.83768353323e+18,1.83768353323e+18,204,204,204,9.69235978118e+19,9.69235978118e+19,9.69235978118e+19,0.969186697407,0.969186697407,0.969186697407,3.39787596696e+19,3.39787596696e+19,3.39787596696e+19
A2000,s086mz,retrograde_z,8.6,n65,r16,1.6,v06,0.6,physical_snapshot_filename,90000,0.0040,FullVolume,04:11:29 2023-06-15 BST,Ma_xp_A2000_s086mz_n65_r16_v06_90000.hdf5,Ma_xp_A2000_s086mz_n65_r16_v06_90000,Ma_xp_A2000_s086mz_n65_r16_v06_90000_fof_0.0040_0000.hdf5,1,1,2,2,2,1.00004962614e+20,1.00004962614e+20,1.00004962614e+20,0,0,0,0,0,0,0,0,0,0,0,0,2,2,2,1.00004962614e+20,1.00004962614e+20,1.00004962614e+20,1,1,1,6.65613349183e+19,6.65613349183e+19,6.65613349183e+19
A2000,s086x,equatorial,8.6,n65,r16,1.6,v06,0.6,physical_snapshot_filename,90000,0.0040,FullVolume,07:30:26 2023-06-16 BST,Ma_xp_A2000_s086x_n65_r16_v06_90000.hdf5,Ma_xp_A2000_s086x_n65_r16_v06_90000,Ma_xp_A2000_s086x_n65_r16_v06_90000_fof_0.0040_0000.hdf5,1,1,111,111,111,9.96909328921e+19,9.96909328921e+19,9.96909328921e+19,0,0,0,0,0,0,0,0,0,0,0,0,111,111,111,9.96909328921e+19,9.96909328921e+19,9.96909328921e+19,1,1,1,3.10323348276e+19,3.10323348276e+19,3.10323348276e+19
A2000,s086y,equatorial,8.6,n65,r16,1.6,v06,0.6,physical_snapshot_filename,90000,0.0040,FullVolume,12:31:06 2023-06-24 BST,Ma_xp_A2000_s086y_n65_r16_v06_90000.hdf5,Ma_xp_A2000_s086y_n65_r16_v06_90000,Ma_xp_A2000_s086y_n65_r16_v06_90000_fof_0.0040_0000.hdf5,1,1,634,634,634,9.83224527183e+19,9.83224527183e+19,9.83224527183e+19,11,11,11,3.67063743621e+18,3.67063743621e+18,3.67063743621e+18,0.0373326471699,0.0373326471699,0.0373326471699,1.35130815585e+18,1.35130815585e+18,1.35130815585e+18,623,623,623,9.46518152821e+19,9.46518152821e+19,9.46518152821e+19,0.96266735283,0.96266735283,0.96266735283,3.6782778774e+19,3.6782778774e+19,3.6782778774e+19
A2000,s086z,prograde_z,8.6,n65,r16,1.6,v06,0.6,physical_snapshot_filename,90000,0.0040,FullVolume,17:46:29 2023-06-01 BST,Ma_xp_A2000_s086z_n65_r16_v06_90000.hdf5,Ma_xp_A2000_s086z_n65_r16_v06_90000,Ma_xp_A2000_s086z_n65_r16_v06_90000_fof_0.0040_0000.hdf5,1,1,266,266,266,9.99222965817e+19,9.99222965817e+19,9.99222965817e+19,37,37,37,8.13795530918e+18,8.13795530918e+18,8.13795530918e+18,0.08144283696,0.08144283696,0.08144283696,1.85489418613e+18,1.85489418613e+18,1.85489418613e+18,229,229,229,9.17843412726e+19,9.17843412726e+19,9.17843412726e+19,0.91855716304,0.91855716304,0.91855716304,7.35288100609e+18,7.35288100609e+18,7.35288100609e+18
A2000,s170mz,retrograde_z,17.0,n65,r16,1.6,v06,0.6,physical_snapshot_filename,90000,0.0040,FullVolume,15:59:43 2023-06-14 BST,Ma_xp_A2000_s170mz_n65_r16_v06_90000.hdf5,Ma_xp_A2000_s170mz_n65_r16_v06_90000,Ma_xp_A2000_s170mz_n65_r16_v06_90000_fof_0.0040_0000.hdf5,1,1,77,77,77,9.98143214103e+19,9.98143214103e+19,9.98143214103e+19,0,0,0,0,0,0,0,0,0,0,0,0,77,77,77,9.98143214103e+19,9.98143214103e+19,9.98143214103e+19,1,1,1,6.85579629558e+19,6.85579629558e+19,6.85579629558e+19
A2000,s170x,equatorial,17.0,n65,r16,1.6,v06,0.6,physical_snapshot_filename,90000,0.0040,FullVolume,13:51:54 2023-06-13 BST,Ma_xp_A2000_s170x_n65_r16_v06_90000.hdf5,Ma_xp_A2000_s170x_n65_r16_v06_90000,Ma_xp_A2000_s170x_n65_r16_v06_90000_fof_0.0040_0000.hdf5,1,1,132,132,132,9.96003323577e+19,9.96003323577e+19,9.96003323577e+19,0,0,0,0,0,0,0,0,0,0,0,0,132,132,132,9.96003323577e+19,9.96003323577e+19,9.96003323577e+19,1,1,1,3.46423871203e+19,3.46423871203e+19,3.46423871203e+19
A2000,s170y,equatorial,17.0,n65,r16,1.6,v06,0.6,physical_snapshot_filename,90000,0.0040,FullVolume,22:51:26 2023-06-22 BST,Ma_xp_A2000_s170y_n65_r16_v06_90000.hdf5,Ma_xp_A2000_s170y_n65_r16_v06_90000,Ma_xp_A2000_s170y_n65_r16_v06_90000_fof_0.0040_0000.hdf5,1,1,67,67,67,9.96350025628e+19,9.96350025628e+19,9.96350025628e+19,3,3,3,4.54691218107e+15,4.54691218107e+15,4.54691218107e+15,4.5635690913e-05,4.5635690913e-05,4.5635690913e-05,1.54721317273e+15,1.54721317273e+15,1.54721317273e+15,64,64,64,9.96304556506e+19,9.96304556506e+19,9.96304556506e+19,0.999954364309,0.999954364309,0.999954364309,3.06793426691e+19,3.06793426691e+19,3.06793426691e+19
A2000,s170z,prograde_z,17.0,n65,r16,1.6,v06,0.6,physical_snapshot_filename,90000,0.0040,FullVolume,05:56:55 2023-06-03 BST,Ma_xp_A2000_s170z_n65_r16_v06_90000.hdf5,Ma_xp_A2000_s170z_n65_r16_v06_90000,Ma_xp_A2000_s170z_n65_r16_v06_90000_fof_0.0040_0000.hdf5,1,1,229,229,229,9.97773461739e+19,9.97773461739e+19,9.97773461739e+19,20,20,20,5.51521502096e+18,5.51521502096e+18,5.51521502096e+18,0.0552752226076,0.0552752226076,0.0552752226076,2.01443997511e+18,2.01443997511e+18,2.01443997511e+18,209,209,209,9.4262131153e+19,9.4262131153e+19,9.4262131153e+19,0.944724777392,0.944724777392,0.944724777392,1.69167236181e+19,1.69167236181e+19,1.69167236181e+19
A2000,,no_spin,,n65,r12,1.2,v08,0.8,physical_snapshot_filename,90000,0.0040,FullVolume,22:07:51 2023-04-10 BST,Ma_xp_A2000_n65_r12_v08_90000.hdf5,Ma_xp_A2000_n65_r12_v08_90000,Ma_xp_A2000_n65_r12_v08_90000_fof_0.0040_0000.hdf5,1,1,314,314,314,9.98793344679e+19,9.98793344679e+19,9.98793344679e+19,4,4,4,8.90768259356e+17,8.90768259356e+17,8.90768259356e+17,0.00891844408156,0.00891844408156,0.00891844408156,8.00830458606e+17,8.00830458606e+17,8.00830458606e+17,310,310,310,9.89885662086e+19,9.89885662086e+19,9.89885662086e+19,0.991081555918,0.991081555918,0.991081555918,8.63638261616e+18,8.63638261616e+18,8.63638261616e+18
A2000,,no_spin,,n65,r14,1.4,v08,0.8,physical_snapshot_filename,90000,0.0040,FullVolume,19:17:45 2023-06-03 BST,Ma_xp_A2000_n65_r14_v08_90000.hdf5,Ma_xp_A2000_n65_r14_v08_90000,Ma_xp_A2000_n65_r14_v08_90000_fof_0.0040_0000.hdf5,1,1,239,239,239,9.98845684514e+19,9.98845684514e+19,9.98845684514e+19,0,0,0,0,0,0,0,0,0,0,0,0,239,239,239,9.98845684514e+19,9.98845684514e+19,9.98845684514e+19,1,1,1,1.61218153391e+19,1.61218153391e+19,1.61218153391e+19
A2000,,no_spin,,n65,r16,1.6,v08,0.8,physical_snapshot_filename,90000,0.0040,FullVolume,04:03:31 2023-06-11 BST,Ma_xp_A2000_n65_r16_v08_90000.hdf5,Ma_xp_A2000_n65_r16_v08_90000,Ma_xp_A2000_n65_r16_v08_90000_fof_0.0040_0000.hdf5,1,1,152,152,152,9.98941382788e+19,9.98941382788e+19,9.98941382788e+19,0,0,0,0,0,0,0,0,0,0,0,0,152,152,152,9.98941382788e+19,9.98941382788e+19,9.98941382788e+19,1,1,1,3.87639973511e+19,3.87639973511e+19,3.87639973511e+19
A2000,,no_spin,,n65,r18,1.8,v08,0.8,physical_snapshot_filename,90000,0.0040,FullVolume,14:53:06 2023-06-21 BST,Ma_xp_A2000_n65_r18_v08_90000.hdf5,Ma_xp_A2000_n65_r18_v08_90000,Ma_xp_A2000_n65_r18_v08_90000_fof_0.0040_0000.hdf5,1,1,107,107,107,9.95071641664e+19,9.95071641664e+19,9.95071641664e+19,0,0,0,0,0,0,0,0,0,0,0,0,107,107,107,9.95071641664e+19,9.95071641664e+19,9.95071641664e+19,1,1,1,8.25599279369e+19,8.25599279369e+19,8.25599279369e+19
A2000,s030z,prograde_z,3.0,n65,r12,1.2,v08,0.8,physical_snapshot_filename,90000,0.0040,FullVolume,07:18:47 2023-04-08 BST,Ma_xp_A2000_s030z_n65_r12_v08_90000.hdf5,Ma_xp_A2000_s030z_n65_r12_v08_90000,Ma_xp_A2000_s030z_n65_r12_v08_90000_fof_0.0040_0000.hdf5,1,1,319,319,319,9.94174185069e+19,9.94174185069e+19,9.94174185069e+19,72,72,72,8.69359398622e+18,8.69359398622e+18,8.69359398622e+18,0.0874453804653,0.0874453804653,0.0874453804653,1.03528507207e+18,1.03528507207e+18,1.03528507207e+18,247,247,247,9.07238245207e+19,9.07238245207e+19,9.07238245207e+19,0.912554619535,0.912554619535,0.912554619535,3.08209715453e+18,3.08209715453e+18,3.08209715453e+18
A2000,s030z,prograde_z,3.0,n65,r16,1.6,v08,0.8,physical_snapshot_filename,90000,0.0040,FullVolume,20:14:19 2023-04-08 BST,Ma_xp_A2000_s030z_n65_r16_v08_90000.hdf5,Ma_xp_A2000_s030z_n65_r16_v08_90000,Ma_xp_A2000_s030z_n65_r16_v08_90000_fof_0.0040_0000.hdf5,1,1,303,303,303,9.9431578941e+19,9.9431578941e+19,9.9431578941e+19,62,62,62,7.38737260805e+18,7.38737260805e+18,7.38737260805e+18,0.0742960404202,0.0742960404202,0.0742960404202,7.31528026458e+17,7.31528026458e+17,7.31528026458e+17,241,241,241,9.20442063329e+19,9.20442063329e+19,9.20442063329e+19,0.92570395958,0.92570395958,0.92570395958,3.20878583842e+18,3.20878583842e+18,3.20878583842e+18
A2000,s030z,prograde_z,3.0,n65,r20,2.0,v08,0.8,physical_snapshot_filename,90000,0.0040,FullVolume,19:03:42 2023-04-10 BST,Ma_xp_A2000_s030z_n65_r20_v08_90000.hdf5,Ma_xp_A2000_s030z_n65_r20_v08_90000,Ma_xp_A2000_s030z_n65_r20_v08_90000_fof_0.0040_0000.hdf5,1,1,272,272,272,9.94411136333e+19,9.94411136333e+19,9.94411136333e+19,33,33,33,4.02590582221e+18,4.02590582221e+18,4.02590582221e+18,0.0404853251851,0.0404853251851,0.0404853251851,7.46978633461e+17,7.46978633461e+17,7.46978633461e+17,239,239,239,9.5415207811e+19,9.5415207811e+19,9.5415207811e+19,0.959514674815,0.959514674815,0.959514674815,3.85154367678e+18,3.85154367678e+18,3.85154367678e+18
A2000,s047z,prograde_z,4.7,n65,r12,1.2,v08,0.8,physical_snapshot_filename,90000,0.0040,FullVolume,04:22:04 2023-04-10 BST,Ma_xp_A2000_s047z_n65_r12_v08_90000.hdf5,Ma_xp_A2000_s047z_n65_r12_v08_90000,Ma_xp_A2000_s047z_n65_r12_v08_90000_fof_0.0040_0000.hdf5,1,1,305,305,305,9.998571806e+19,9.998571806e+19,9.998571806e+19,52,52,52,7.27541923405e+18,7.27541923405e+18,7.27541923405e+18,0.0727645845347,0.0727645845347,0.0727645845347,1.05640221432e+18,1.05640221432e+18,1.05640221432e+18,253,253,253,9.2710298826e+19,9.2710298826e+19,9.2710298826e+19,0.927235415465,0.927235415465,0.927235415465,4.35380241e+18,4.35380241e+18,4.35380241e+18
A2000,s047z,prograde_z,4.7,n65,r16,1.6,v08,0.8,physical_snapshot_filename,90000,0.0040,FullVolume,22:24:58 2023-04-10 BST,Ma_xp_A2000_s047z_n65_r16_v08_90000.hdf5,Ma_xp_A2000_s047z_n65_r16_v08_90000,Ma_xp_A2000_s047z_n65_r16_v08_90000_fof_0.0040_0000.hdf5,1,1,285,285,285,9.99935027093e+19,9.99935027093e+19,9.99935027093e+19,34,34,34,4.69423841101e+18,4.69423841101e+18,4.69423841101e+18,0.0469454342914,0.0469454342914,0.0469454342914,5.88816942812e+17,5.88816942812e+17,5.88816942812e+17,251,251,251,9.52992642983e+19,9.52992642983e+19,9.52992642983e+19,0.953054565709,0.953054565709,0.953054565709,4.37763103138e+18,4.37763103138e+18,4.37763103138e+18
A2000,s047z,prograde_z,4.7,n65,r20,2.0,v08,0.8,physical_snapshot_filename,90000,0.0040,FullVolume,19:55:04 2023-04-17 BST,Ma_xp_A2000_s047z_n65_r20_v08_90000.hdf5,Ma_xp_A2000_s047z_n65_r20_v08_90000,Ma_xp_A2000_s047z_n65_r20_v08_90000_fof_0.0040_0000.hdf5,1,1,171,171,171,1.00003945532e+20,1.00003945532e+20,1.00003945532e+20,0,0,0,0,0,0,0,0,0,0,0,0,171,171,171,1.00003945532e+20,1.00003945532e+20,1.00003945532e+20,1,1,1,3.86574920723e+19,3.86574920723e+19,3.86574920723e+19
A2000,,no_spin,,n65,r12,1.2,v10,1.0,physical_snapshot_filename,90000,0.0040,FullVolume,08:25:06 2023-04-13 BST,Ma_xp_A2000_n65_r12_v10_90000.hdf5,Ma_xp_A2000_n65_r12_v10_90000,Ma_xp_A2000_n65_r12_v10_90000_fof_0.0040_0000.hdf5,1,1,274,274,274,9.98925897637e+19,9.98925897637e+19,9.98925897637e+19,0,0,0,0,0,0,0,0,0,0,0,0,274,274,274,9.98925897637e+19,9.98925897637e+19,9.98925897637e+19,1,1,1,1.0685967229e+19,1.0685967229e+19,1.0685967229e+19
A2000,,no_spin,,n65,r14,1.4,v10,1.0,physical_snapshot_filename,90000,0.0040,FullVolume,13:06:57 2023-06-10 BST,Ma_xp_A2000_n65_r14_v10_90000.hdf5,Ma_xp_A2000_n65_r14_v10_90000,Ma_xp_A2000_n65_r14_v10_90000_fof_0.0040_0000.hdf5,1,1,216,216,216,9.98942621605e+19,9.98942621605e+19,9.98942621605e+19,0,0,0,0,0,0,0,0,0,0,0,0,216,216,216,9.98942621605e+19,9.98942621605e+19,9.98942621605e+19,1,1,1,2.24149527959e+19,2.24149527959e+19,2.24149527959e+19
A2000,,no_spin,,n65,r16,1.6,v10,1.0,physical_snapshot_filename,90000,0.0040,FullVolume,20:10:30 2023-06-15 BST,Ma_xp_A2000_n65_r16_v10_90000.hdf5,Ma_xp_A2000_n65_r16_v10_90000,Ma_xp_A2000_n65_r16_v10_90000_fof_0.0040_0000.hdf5,1,1,232,232,232,9.94459668204e+19,9.94459668204e+19,9.94459668204e+19,0,0,0,0,0,0,0,0,0,0,0,0,232,232,232,9.94459668204e+19,9.94459668204e+19,9.94459668204e+19,1,1,1,5.66315784925e+19,5.66315784925e+19,5.66315784925e+19
A2000,,no_spin,,n65,r18,1.8,v10,1.0,physical_snapshot_filename,90000,0.0040,FullVolume,11:46:10 2023-06-25 BST,Ma_xp_A2000_n65_r18_v10_90000.hdf5,Ma_xp_A2000_n65_r18_v10_90000,Ma_xp_A2000_n65_r18_v10_90000_fof_0.0040_0000.hdf5,1,1,8,8,8,9.99000226383e+19,9.99000226383e+19,9.99000226383e+19,0,0,0,0,0,0,0,0,0,0,0,0,8,8,8,9.99000226383e+19,9.99000226383e+19,9.99000226383e+19,1,1,1,8.06681061191e+19,8.06681061191e+19,8.06681061191e+19
A2000,s030z,prograde_z,3.0,n65,r12,1.2,v10,1.0,physical_snapshot_filename,90000,0.0040,FullVolume,21:25:47 2023-04-08 BST,Ma_xp_A2000_s030z_n65_r12_v10_90000.hdf5,Ma_xp_A2000_s030z_n65_r12_v10_90000,Ma_xp_A2000_s030z_n65_r12_v10_90000_fof_0.0040_0000.hdf5,1,1,278,278,278,9.92197388466e+19,9.92197388466e+19,9.92197388466e+19,28,28,28,2.27671459725e+18,2.27671459725e+18,2.27671459725e+18,0.0229461861492,0.0229461861492,0.0229461861492,3.63073530747e+17,3.63073530747e+17,3.63073530747e+17,250,250,250,9.69430242494e+19,9.69430242494e+19,9.69430242494e+19,0.977053813851,0.977053813851,0.977053813851,3.58985885431e+18,3.58985885431e+18,3.58985885431e+18
A2000,s030z,prograde_z,3.0,n65,r16,1.6,v10,1.0,physical_snapshot_filename,90000,0.0040,FullVolume,01:38:51 2023-04-09 BST,Ma_xp_A2000_s030z_n65_r16_v10_90000.hdf5,Ma_xp_A2000_s030z_n65_r16_v10_90000,Ma_xp_A2000_s030z_n65_r16_v10_90000_fof_0.0040_0000.hdf5,1,1,280,280,280,9.94299740918e+19,9.94299740918e+19,9.94299740918e+19,21,21,21,1.63911745043e+18,1.63911745043e+18,1.63911745043e+18,0.0164851440967,0.0164851440967,0.0164851440967,3.27326301511e+17,3.27326301511e+17,3.27326301511e+17,259,259,259,9.77908566413e+19,9.77908566413e+19,9.77908566413e+19,0.983514855903,0.983514855903,0.983514855903,3.79430405532e+18,3.79430405532e+18,3.79430405532e+18
A2000,s030z,prograde_z,3.0,n65,r20,2.0,v10,1.0,physical_snapshot_filename,90000,0.0040,FullVolume,04:32:53 2023-04-10 BST,Ma_xp_A2000_s030z_n65_r20_v10_90000.hdf5,Ma_xp_A2000_s030z_n65_r20_v10_90000,Ma_xp_A2000_s030z_n65_r20_v10_90000_fof_0.0040_0000.hdf5,1,1,225,225,225,9.9441900324e+19,9.9441900324e+19,9.9441900324e+19,0,0,0,0,0,0,0,0,0,0,0,0,225,225,225,9.9441900324e+19,9.9441900324e+19,9.9441900324e+19,1,1,1,5.00838820883e+18,5.00838820883e+18,5.00838820883e+18
A2000,s047z,prograde_z,4.7,n65,r12,1.2,v10,1.0,physical_snapshot_filename,90000,0.0040,FullVolume,18:04:25 2023-04-09 BST,Ma_xp_A2000_s047z_n65_r12_v10_90000.hdf5,Ma_xp_A2000_s047z_n65_r12_v10_90000,Ma_xp_A2000_s047z_n65_r12_v10_90000_fof_0.0040_0000.hdf5,1,1,260,260,260,9.99986608305e+19,9.99986608305e+19,9.99986608305e+19,14,14,14,1.2686130177e+18,1.2686130177e+18,1.2686130177e+18,0.0126863000681,0.0126863000681,0.0126863000681,2.49994832494e+17,2.49994832494e+17,2.49994832494e+17,246,246,246,9.87300478128e+19,9.87300478128e+19,9.87300478128e+19,0.987313699932,0.987313699932,0.987313699932,4.71480760609e+18,4.71480760609e+18,4.71480760609e+18
A2000,s047z,prograde_z,4.7,n65,r16,1.6,v10,1.0,physical_snapshot_filename,90000,0.0040,FullVolume,11:08:37 2023-04-11 BST,Ma_xp_A2000_s047z_n65_r16_v10_90000.hdf5,Ma_xp_A2000_s047z_n65_r16_v10_90000,Ma_xp_A2000_s047z_n65_r16_v10_90000_fof_0.0040_0000.hdf5,1,1,265,265,265,9.99985658957e+19,9.99985658957e+19,9.99985658957e+19,1,1,1,1.71831891195e+16,1.71831891195e+16,1.71831891195e+16,0.000171834355479,0.000171834355479,0.000171834355479,1.71831891195e+16,1.71831891195e+16,1.71831891195e+16,264,264,264,9.99813827066e+19,9.99813827066e+19,9.99813827066e+19,0.999828165645,0.999828165645,0.999828165645,5.92433956653e+18,5.92433956653e+18,5.92433956653e+18
A2000,s047z,prograde_z,4.7,n65,r20,2.0,v10,1.0,physical_snapshot_filename,90000,0.0040,FullVolume,22:12:21 2023-04-19 BST,Ma_xp_A2000_s047z_n65_r20_v10_90000.hdf5,Ma_xp_A2000_s047z_n65_r20_v10_90000,Ma_xp_A2000_s047z_n65_r20_v10_90000_fof_0.0040_0000.hdf5,1,1,142,142,142,9.99944837031e+19,9.99944837031e+19,9.99944837031e+19,0,0,0,0,0,0,0,0,0,0,0,0,142,142,142,9.99944837031e+19,9.99944837031e+19,9.99944837031e+19,1,1,1,5.06789207997e+19,5.06789207997e+19,5.06789207997e+19
A2000,,no_spin,,n65,r12,1.2,v12,1.2,physical_snapshot_filename,90000,0.0040,FullVolume,19:48:31 2023-04-11 BST,Ma_xp_A2000_n65_r12_v12_90000.hdf5,Ma_xp_A2000_n65_r12_v12_90000,Ma_xp_A2000_n65_r12_v12_90000_fof_0.0040_0000.hdf5,1,1,225,225,225,9.98993412927e+19,9.98993412927e+19,9.98993412927e+19,0,0,0,0,0,0,0,0,0,0,0,0,225,225,225,9.98993412927e+19,9.98993412927e+19,9.98993412927e+19,1,1,1,1.09402645024e+19,1.09402645024e+19,1.09402645024e+19
A2000,s030z,prograde_z,3.0,n65,r12,1.2,v12,1.2,physical_snapshot_filename,90000,0.0040,FullVolume,17:50:56 2023-04-06 BST,Ma_xp_A2000_s030z_n65_r12_v12_90000.hdf5,Ma_xp_A2000_s030z_n65_r12_v12_90000,Ma_xp_A2000_s030z_n65_r12_v12_90000_fof_0.0040_0000.hdf5,1,1,275,275,275,9.9442844353e+19,9.9442844353e+19,9.9442844353e+19,0,0,0,0,0,0,0,0,0,0,0,0,275,275,275,9.9442844353e+19,9.9442844353e+19,9.9442844353e+19,1,1,1,3.1915101088e+18,3.1915101088e+18,3.1915101088e+18
A2000,s047z,prograde_z,4.7,n65,r12,1.2,v12,1.2,physical_snapshot_filename,90000,0.0040,FullVolume,20:52:59 2023-04-09 BST,Ma_xp_A2000_s047z_n65_r12_v12_90000.hdf5,Ma_xp_A2000_s047z_n65_r12_v12_90000,Ma_xp_A2000_s047z_n65_r12_v12_90000_fof_0.0040_0000.hdf5,1,1,228,228,228,1.00008882138e+20,1.00008882138e+20,1.00008882138e+20,0,0,0,0,0,0,0,0,0,0,0,0,228,228,228,1.00008882138e+20,1.00008882138e+20,1.00008882138e+20,1,1,1,3.71074608201e+18,3.71074608201e+18,3.71074608201e+18
A2000,,no_spin,,n65,r12,1.2,v14,1.4,physical_snapshot_filename,90000,0.0040,FullVolume,08:56:17 2023-04-14 BST,Ma_xp_A2000_n65_r12_v14_90000.hdf5,Ma_xp_A2000_n65_r12_v14_90000,Ma_xp_A2000_n65_r12_v14_90000_fof_0.0040_0000.hdf5,1,1,211,211,211,9.98869531657e+19,9.98869531657e+19,9.98869531657e+19,0,0,0,0,0,0,0,0,0,0,0,0,211,211,211,9.98869531657e+19,9.98869531657e+19,9.98869531657e+19,1,1,1,2.34386146857e+19,2.34386146857e+19,2.34386146857e+19
A2000,s030z,prograde_z,3.0,n65,r12,1.2,v14,1.4,physical_snapshot_filename,90000,0.0040,FullVolume,01:16:30 2023-04-09 BST,Ma_xp_A2000_s030z_n65_r12_v14_90000.hdf5,Ma_xp_A2000_s030z_n65_r12_v14_90000,Ma_xp_A2000_s030z_n65_r12_v14_90000_fof_0.0040_0000.hdf5,1,1,257,257,257,9.94397290575e+19,9.94397290575e+19,9.94397290575e+19,0,0,0,0,0,0,0,0,0,0,0,0,257,257,257,9.94397290575e+19,9.94397290575e+19,9.94397290575e+19,1,1,1,3.75600794794e+18,3.75600794794e+18,3.75600794794e+18
A2000,s047z,prograde_z,4.7,n65,r12,1.2,v14,1.4,physical_snapshot_filename,90000,0.0040,FullVolume,20:36:24 2023-04-09 BST,Ma_xp_A2000_s047z_n65_r12_v14_90000.hdf5,Ma_xp_A2000_s047z_n65_r12_v14_90000,Ma_xp_A2000_s047z_n65_r12_v14_90000_fof_0.0040_0000.hdf5,1,1,178,178,178,1.00007964436e+20,1.00007964436e+20,1.00007964436e+20,0,0,0,0,0,0,0,0,0,0,0,0,178,178,178,1.00007964436e+20,1.00007964436e+20,1.00007964436e+20,1,1,1,4.45626864641e+18,4.45626864641e+18,4.45626864641e+18
A2000,,no_spin,,n65,r12,1.2,v16,1.6,physical_snapshot_filename,90000,0.0040,FullVolume,17:17:59 2023-04-15 BST,Ma_xp_A2000_n65_r12_v16_90000.hdf5,Ma_xp_A2000_n65_r12_v16_90000,Ma_xp_A2000_n65_r12_v16_90000_fof_0.0040_0000.hdf5,1,1,165,165,165,9.99087562688e+19,9.99087562688e+19,9.99087562688e+19,0,0,0,0,0,0,0,0,0,0,0,0,165,165,165,9.99087562688e+19,9.99087562688e+19,9.99087562688e+19,1,1,1,2.17128557081e+19,2.17128557081e+19,2.17128557081e+19
A2000,s030z,prograde_z,3.0,n65,r12,1.2,v16,1.6,physical_snapshot_filename,90000,0.0040,FullVolume,04:36:30 2023-04-09 BST,Ma_xp_A2000_s030z_n65_r12_v16_90000.hdf5,Ma_xp_A2000_s030z_n65_r12_v16_90000,Ma_xp_A2000_s030z_n65_r12_v16_90000_fof_0.0040_0000.hdf5,1,1,245,245,245,9.94501448435e+19,9.94501448435e+19,9.94501448435e+19,0,0,0,0,0,0,0,0,0,0,0,0,245,245,245,9.94501448435e+19,9.94501448435e+19,9.94501448435e+19,1,1,1,3.59810337373e+18,3.59810337373e+18,3.59810337373e+18
A2000,s047z,prograde_z,4.7,n65,r12,1.2,v16,1.6,physical_snapshot_filename,90000,0.0040,FullVolume,20:30:52 2023-04-10 BST,Ma_xp_A2000_s047z_n65_r12_v16_90000.hdf5,Ma_xp_A2000_s047z_n65_r12_v16_90000,Ma_xp_A2000_s047z_n65_r12_v16_90000_fof_0.0040_0000.hdf5,1,1,136,136,136,9.99802751346e+19,9.99802751346e+19,9.99802751346e+19,0,0,0,0,0,0,0,0,0,0,0,0,136,136,136,9.99802751346e+19,9.99802751346e+19,9.99802751346e+19,1,1,1,5.27802381225e+18,5.27802381225e+18,5.27802381225e+18
A2000c30,,no_spin,,n65,r12,1.2,v00,0.0,physical_snapshot_filename,90000,0.0040,FullVolume,10:55:57 2023-06-21 BST,Ma_xp_A2000c30_n65_r12_v00_90000.hdf5,Ma_xp_A2000c30_n65_r12_v00_90000,Ma_xp_A2000c30_n65_r12_v00_90000_fof_0.0040_0000.hdf5,1,1,220,220,220,9.98934360693e+19,9.98934360693e+19,9.98934360693e+19,102,102,102,1.61407533985e+19,1.61407533985e+19,1.61407533985e+19,0.161579719685,0.161579719685,0.161579719685,1.86145017139e+18,1.86145017139e+18,1.86145017139e+18,118,118,118,8.37526826709e+19,8.37526826709e+19,8.37526826709e+19,0.838420280315,0.838420280315,0.838420280315,2.9588446011e+19,2.9588446011e+19,2.9588446011e+19
A2000c30,,no_spin,,n65,r14,1.4,v00,0.0,physical_snapshot_filename,90000,0.0040,FullVolume,06:16:15 2023-07-10 BST,Ma_xp_A2000c30_n65_r14_v00_90000.hdf5,Ma_xp_A2000c30_n65_r14_v00_90000,Ma_xp_A2000c30_n65_r14_v00_90000_fof_0.0040_0000.hdf5,1,1,299,299,299,9.94097036417e+19,9.94097036417e+19,9.94097036417e+19,99,99,99,1.55262968519e+19,1.55262968519e+19,1.55262968519e+19,0.156184922428,0.156184922428,0.156184922428,1.92416897075e+18,1.92416897075e+18,1.92416897075e+18,200,200,200,8.38834067898e+19,8.38834067898e+19,8.38834067898e+19,0.843815077572,0.843815077572,0.843815077572,6.16594303523e+19,6.16594303523e+19,6.16594303523e+19
A2000c30,,no_spin,,n65,r16,1.6,v00,0.0,physical_snapshot_filename,90000,0.0040,FullVolume,10:05:33 2023-07-07 BST,Ma_xp_A2000c30_n65_r16_v00_90000.hdf5,Ma_xp_A2000c30_n65_r16_v00_90000,Ma_xp_A2000c30_n65_r16_v00_90000_fof_0.0040_0000.hdf5,1,1,214,214,214,9.97494799996e+19,9.97494799996e+19,9.97494799996e+19,67,67,67,1.05955356614e+19,1.05955356614e+19,1.05955356614e+19,0.106221462622,0.106221462622,0.106221462622,2.31133634217e+18,2.31133634217e+18,2.31133634217e+18,147,147,147,8.91539443382e+19,8.91539443382e+19,8.91539443382e+19,0.893778537378,0.893778537378,0.893778537378,7.44439928762e+19,7.44439928762e+19,7.44439928762e+19
A2000c30,,no_spin,,n65,r18,1.8,v00,0.0,physical_snapshot_filename,90000,0.0040,FullVolume,04:47:12 2023-07-14 BST,Ma_xp_A2000c30_n65_r18_v00_90000.hdf5,Ma_xp_A2000c30_n65_r18_v00_90000,Ma_xp_A2000c30_n65_r18_v00_90000_fof_0.0040_0000.hdf5,1,1,121,121,121,9.96826320858e+19,9.96826320858e+19,9.96826320858e+19,3,3,3,2.1938754486e+18,2.1938754486e+18,2.1938754486e+18,0.0220086027294,0.0220086027294,0.0220086027294,2.18148809471e+18,2.18148809471e+18,2.18148809471e+18,118,118,118,9.74887566372e+19,9.74887566372e+19,9.74887566372e+19,0.977991397271,0.977991397271,0.977991397271,9.22300433806e+19,9.22300433806e+19,9.22300433806e+19
A2000c30,,no_spin,,n65,r20,2.0,v00,0.0,physical_snapshot_filename,90000,0.0040,FullVolume,01:26:25 2023-07-14 BST,Ma_xp_A2000c30_n65_r20_v00_90000.hdf5,Ma_xp_A2000c30_n65_r20_v00_90000,Ma_xp_A2000c30_n65_r20_v00_90000_fof_0.0040_0000.hdf5,1,1,174,174,174,9.9510241412e+19,9.9510241412e+19,9.9510241412e+19,0,0,0,0,0,0,0,0,0,0,0,0,174,174,174,9.9510241412e+19,9.9510241412e+19,9.9510241412e+19,1,1,1,9.77332504716e+19,9.77332504716e+19,9.77332504716e+19
A2000c30,,no_spin,,n65,r22,2.2,v00,0.0,physical_snapshot_filename,90000,0.0040,FullVolume,00:16:55 2023-06-30 BST,Ma_xp_A2000c30_n65_r22_v00_90000.hdf5,Ma_xp_A2000c30_n65_r22_v00_90000,Ma_xp_A2000c30_n65_r22_v00_90000_fof_0.0040_0000.hdf5,1,1,1,1,1,9.99629741721e+19,9.99629741721e+19,9.99629741721e+19,0,0,0,0,0,0,0,0,0,0,0,0,1,1,1,9.99629741721e+19,9.99629741721e+19,9.99629741721e+19,1,1,1,9.99629741721e+19,9.99629741721e+19,9.99629741721e+19
A2000c30,,no_spin,,n65,r12,1.2,v02,0.2,physical_snapshot_filename,90000,0.0040,FullVolume,06:05:40 2023-06-28 BST,Ma_xp_A2000c30_n65_r12_v02_90000.hdf5,Ma_xp_A2000c30_n65_r12_v02_90000,Ma_xp_A2000c30_n65_r12_v02_90000_fof_0.0040_0000.hdf5,1,1,201,201,201,9.98223651905e+19,9.98223651905e+19,9.98223651905e+19,94,94,94,1.56897723858e+19,1.56897723858e+19,1.56897723858e+19,0.157176924789,0.157176924789,0.157176924789,2.7078880726e+18,2.7078880726e+18,2.7078880726e+18,107,107,107,8.41325928047e+19,8.41325928047e+19,8.41325928047e+19,0.842823075211,0.842823075211,0.842823075211,2.87515488748e+19,2.87515488748e+19,2.87515488748e+19
A2000c30,,no_spin,,n65,r16,1.6,v02,0.2,physical_snapshot_filename,90000,0.0040,FullVolume,00:32:53 2023-08-03 BST,Ma_xp_A2000c30_n65_r16_v02_90000.hdf5,Ma_xp_A2000c30_n65_r16_v02_90000,Ma_xp_A2000c30_n65_r16_v02_90000_fof_0.0040_0000.hdf5,1,1,217,217,217,9.98863352378e+19,9.98863352378e+19,9.98863352378e+19,115,115,115,1.60043360997e+19,1.60043360997e+19,1.60043360997e+19,0.160225480909,0.160225480909,0.160225480909,3.10331367995e+18,3.10331367995e+18,3.10331367995e+18,102,102,102,8.38819991381e+19,8.38819991381e+19,8.38819991381e+19,0.839774519091,0.839774519091,0.839774519091,2.76916168063e+19,2.76916168063e+19,2.76916168063e+19
A2000c30,,no_spin,,n65,r12,1.2,v04,0.4,physical_snapshot_filename,90000,0.0040,FullVolume,19:21:00 2023-06-21 BST,Ma_xp_A2000c30_n65_r12_v04_90000.hdf5,Ma_xp_A2000c30_n65_r12_v04_90000,Ma_xp_A2000c30_n65_r12_v04_90000_fof_0.0040_0000.hdf5,1,1,212,212,212,9.98912776665e+19,9.98912776665e+19,9.98912776665e+19,84,84,84,1.4759907533e+19,1.4759907533e+19,1.4759907533e+19,0.147759723149,0.147759723149,0.147759723149,2.25036928982e+18,2.25036928982e+18,2.25036928982e+18,128,128,128,8.51313701335e+19,8.51313701335e+19,8.51313701335e+19,0.852240276851,0.852240276851,0.852240276851,3.36381097342e+19,3.36381097342e+19,3.36381097342e+19
A2000c30,,no_spin,,n65,r16,1.6,v04,0.4,physical_snapshot_filename,90000,0.0040,FullVolume,14:51:22 2023-08-05 BST,Ma_xp_A2000c30_n65_r16_v04_90000.hdf5,Ma_xp_A2000c30_n65_r16_v04_90000,Ma_xp_A2000c30_n65_r16_v04_90000_fof_0.0040_0000.hdf5,1,1,281,281,281,9.97901768388e+19,9.97901768388e+19,9.97901768388e+19,79,79,79,1.48186849016e+19,1.48186849016e+19,1.48186849016e+19,0.148498433123,0.148498433123,0.148498433123,2.76913665572e+18,2.76913665572e+18,2.76913665572e+18,202,202,202,8.49714919372e+19,8.49714919372e+19,8.49714919372e+19,0.851501566877,0.851501566877,0.851501566877,3.37256970849e+19,3.37256970849e+19,3.37256970849e+19
A2000c30,,no_spin,,n65,r12,1.2,v06,0.6,physical_snapshot_filename,90000,0.0040,FullVolume,14:38:13 2023-07-02 BST,Ma_xp_A2000c30_n65_r12_v06_90000.hdf5,Ma_xp_A2000c30_n65_r12_v06_90000,Ma_xp_A2000c30_n65_r12_v06_90000_fof_0.0040_0000.hdf5,1,1,294,294,294,9.96730600382e+19,9.96730600382e+19,9.96730600382e+19,42,42,42,1.22088008182e+19,1.22088008182e+19,1.22088008182e+19,0.122488471946,0.122488471946,0.122488471946,2.45056894863e+18,2.45056894863e+18,2.45056894863e+18,252,252,252,8.74642592199e+19,8.74642592199e+19,8.74642592199e+19,0.877511528054,0.877511528054,0.877511528054,3.7520575461e+19,3.7520575461e+19,3.7520575461e+19
A2000c30,,no_spin,,n65,r16,1.6,v06,0.6,physical_snapshot_filename,90000,0.0040,FullVolume,05:53:54 2023-08-31 BST,Ma_xp_A2000c30_n65_r16_v06_90000.hdf5,Ma_xp_A2000c30_n65_r16_v06_90000,Ma_xp_A2000c30_n65_r16_v06_90000_fof_0.0040_0000.hdf5,1,1,290,290,290,9.94987612103e+19,9.94987612103e+19,9.94987612103e+19,25,25,25,3.51691366257e+18,3.51691366257e+18,3.51691366257e+18,0.0353463060223,0.0353463060223,0.0353463060223,6.75705129684e+17,6.75705129684e+17,6.75705129684e+17,265,265,265,9.59818475477e+19,9.59818475477e+19,9.59818475477e+19,0.964653693978,0.964653693978,0.964653693978,3.63743072896e+19,3.63743072896e+19,3.63743072896e+19
A2000c30,,no_spin,,n65,r12,1.2,v08,0.8,physical_snapshot_filename,90000,0.0040,FullVolume,12:27:18 2023-06-23 BST,Ma_xp_A2000c30_n65_r12_v08_90000.hdf5,Ma_xp_A2000c30_n65_r12_v08_90000,Ma_xp_A2000c30_n65_r12_v08_90000_fof_0.0040_0000.hdf5,1,1,313,313,313,9.96982726824e+19,9.96982726824e+19,9.96982726824e+19,10,10,10,2.33479723969e+18,2.33479723969e+18,2.33479723969e+18,0.0234186328095,0.0234186328095,0.0234186328095,8.56979664499e+17,8.56979664499e+17,8.56979664499e+17,303,303,303,9.73634754427e+19,9.73634754427e+19,9.73634754427e+19,0.976581367191,0.976581367191,0.976581367191,4.11916115795e+19,4.11916115795e+19,4.11916115795e+19
A2000c30,,no_spin,,n65,r12,1.2,v10,1.0,physical_snapshot_filename,90000,0.0040,FullVolume,05:41:48 2023-07-04 BST,Ma_xp_A2000c30_n65_r12_v10_90000.hdf5,Ma_xp_A2000c30_n65_r12_v10_90000,Ma_xp_A2000c30_n65_r12_v10_90000_fof_0.0040_0000.hdf5,1,1,206,206,206,9.98476403964e+19,9.98476403964e+19,9.98476403964e+19,0,0,0,0,0,0,0,0,0,0,0,0,206,206,206,9.98476403964e+19,9.98476403964e+19,9.98476403964e+19,1,1,1,4.36865998272e+19,4.36865998272e+19,4.36865998272e+19
A2000c30,,no_spin,,n65,r16,1.6,v10,1.0,physical_snapshot_filename,90000,0.0040,FullVolume,04:56:37 2023-08-09 BST,Ma_xp_A2000c30_n65_r16_v10_90000.hdf5,Ma_xp_A2000c30_n65_r16_v10_90000,Ma_xp_A2000c30_n65_r16_v10_90000_fof_0.0040_0000.hdf5,1,1,169,169,169,9.99158334051e+19,9.99158334051e+19,9.99158334051e+19,0,0,0,0,0,0,0,0,0,0,0,0,169,169,169,9.99158334051e+19,9.99158334051e+19,9.99158334051e+19,1,1,1,4.39630630436e+19,4.39630630436e+19,4.39630630436e+19
A2050,,no_spin,,n70,r12,1.2,v00,0.0,physical_snapshot_filename,90000,0.0030,FullVolume,22:51:04 2023-06-23 BST,Ma_xp_A2050_n70_r12_v00_90000.hdf5,Ma_xp_A2050_n70_r12_v00_90000,Ma_xp_A2050_n70_r12_v00_90000_fof_0.0030_0000.hdf5,1,1,930,930,930,3.15678043547e+20,3.15678043547e+20,3.15678043547e+20,385,385,385,8.55815485373e+19,8.55815485373e+19,8.55815485373e+19,0.271103899326,0.271103899326,0.271103899326,8.6292978114e+18,8.6292978114e+18,8.6292978114e+18,545,545,545,2.3009649501e+20,2.3009649501e+20,2.3009649501e+20,0.728896100674,0.728896100674,0.728896100674,1.69600238351e+19,1.69600238351e+19,1.69600238351e+19
A2050,,no_spin,,n70,r12,1.2,v00,0.0,physical_snapshot_filename,90000,0.0040,FullVolume,22:51:04 2023-06-23 BST,Ma_xp_A2050_n70_r12_v00_90000.hdf5,Ma_xp_A2050_n70_r12_v00_90000,Ma_xp_A2050_n70_r12_v00_90000_fof_0.0040_0000.hdf5,1,1,912,912,912,3.1578879041e+20,3.1578879041e+20,3.1578879041e+20,385,385,385,8.56229533315e+19,8.56229533315e+19,8.56229533315e+19,0.271139938882,0.271139938882,0.271139938882,8.62998684731e+18,8.62998684731e+18,8.62998684731e+18,527,527,527,2.30165837079e+20,2.30165837079e+20,2.30165837079e+20,0.728860061118,0.728860061118,0.728860061118,1.69614019069e+19,1.69614019069e+19,1.69614019069e+19
A2050,,no_spin,,n70,r12,1.2,v00,0.0,physical_snapshot_filename,90000,0.0050,FullVolume,22:51:04 2023-06-23 BST,Ma_xp_A2050_n70_r12_v00_90000.hdf5,Ma_xp_A2050_n70_r12_v00_90000,Ma_xp_A2050_n70_r12_v00_90000_fof_0.0050_0000.hdf5,1,1,882,882,882,3.15844101202e+20,3.15844101202e+20,3.15844101202e+20,387,387,387,8.56439376069e+19,8.56439376069e+19,8.56439376069e+19,0.271158895421,0.271158895421,0.271158895421,8.63026872564e+18,8.63026872564e+18,8.63026872564e+18,495,495,495,2.30200163595e+20,2.30200163595e+20,2.30200163595e+20,0.728841104579,0.728841104579,0.728841104579,1.69615271861e+19,1.69615271861e+19,1.69615271861e+19
A2050,,no_spin,,n70,r16,1.6,v00,0.0,physical_snapshot_filename,90000,0.0030,FullVolume,04:53:31 2023-07-08 BST,Ma_xp_A2050_n70_r16_v00_90000.hdf5,Ma_xp_A2050_n70_r16_v00_90000,Ma_xp_A2050_n70_r16_v00_90000_fof_0.0030_0000.hdf5,1,1,577,577,577,3.1582759566e+20,3.1582759566e+20,3.1582759566e+20,320,320,320,6.87707322962e+19,6.87707322962e+19,6.87707322962e+19,0.217747699192,0.217747699192,0.217747699192,7.55205280656e+18,7.55205280656e+18,7.55205280656e+18,257,257,257,2.47056863363e+20,2.47056863363e+20,2.47056863363e+20,0.782252300808,0.782252300808,0.782252300808,9.0518835347e+19,9.0518835347e+19,9.0518835347e+19
A2050,,no_spin,,n70,r16,1.6,v00,0.0,physical_snapshot_filename,90000,0.0040,FullVolume,04:53:31 2023-07-08 BST,Ma_xp_A2050_n70_r16_v00_90000.hdf5,Ma_xp_A2050_n70_r16_v00_90000,Ma_xp_A2050_n70_r16_v00_90000_fof_0.0040_0000.hdf5,1,1,534,534,534,3.15923684849e+20,3.15923684849e+20,3.15923684849e+20,317,317,317,6.88088798298e+19,6.88088798298e+19,6.88088798298e+19,0.217802219744,0.217802219744,0.217802219744,7.55390067559e+18,7.55390067559e+18,7.55390067559e+18,217,217,217,2.47114805019e+20,2.47114805019e+20,2.47114805019e+20,0.782197780256,0.782197780256,0.782197780256,9.27344616334e+19,9.27344616334e+19,9.27344616334e+19
A2050,,no_spin,,n70,r16,1.6,v00,0.0,physical_snapshot_filename,90000,0.0050,FullVolume,04:53:31 2023-07-08 BST,Ma_xp_A2050_n70_r16_v00_90000.hdf5,Ma_xp_A2050_n70_r16_v00_90000,Ma_xp_A2050_n70_r16_v00_90000_fof_0.0050_0000.hdf5,1,1,501,501,501,3.15962584058e+20,3.15962584058e+20,3.15962584058e+20,314,314,314,6.88237880613e+19,6.88237880613e+19,6.88237880613e+19,0.21782258892,0.21782258892,0.21782258892,7.55411991429e+18,7.55411991429e+18,7.55411991429e+18,187,187,187,2.47138795997e+20,2.47138795997e+20,2.47138795997e+20,0.78217741108,0.78217741108,0.78217741108,9.27347121919e+19,9.27347121919e+19,9.27347121919e+19
A2100,,no_spin,,n70,r12,1.2,v00,0.0,physical_snapshot_filename,90000,0.0044,FullVolume,12:11:02 2023-04-23 BST,Ma_xp_A2100_n70_r12_v00_90000.hdf5,Ma_xp_A2100_n70_r12_v00_90000,Ma_xp_A2100_n70_r12_v00_90000_fof_0.0044_0000.hdf5,1,1,2976,2976,2976,9.8822184072e+20,9.8822184072e+20,9.8822184072e+20,887,887,887,2.55742688044e+20,2.55742688044e+20,2.55742688044e+20,0.258790766917,0.258790766917,0.258790766917,3.51490077245e+19,3.51490077245e+19,3.51490077245e+19,2089,2089,2089,7.32479152677e+20,7.32479152677e+20,7.32479152677e+20,0.741209233083,0.741209233083,0.741209233083,7.83784339312e+19,7.83784339312e+19,7.83784339312e+19
A2100,,no_spin,,n70,r12,1.2,v00,0.0,physical_snapshot_filename,90000,0.0059,FullVolume,12:11:02 2023-04-23 BST,Ma_xp_A2100_n70_r12_v00_90000.hdf5,Ma_xp_A2100_n70_r12_v00_90000,Ma_xp_A2100_n70_r12_v00_90000_fof_0.0059_0000.hdf5,1,1,2929,2929,2929,9.89776636447e+20,9.89776636447e+20,9.89776636447e+20,879,879,879,2.56045857353e+20,2.56045857353e+20,2.56045857353e+20,0.258690544841,0.258690544841,0.258690544841,3.52547552411e+19,3.52547552411e+19,3.52547552411e+19,2050,2050,2050,7.33730779094e+20,7.33730779094e+20,7.33730779094e+20,0.741309455159,0.741309455159,0.741309455159,7.8381407151e+19,7.8381407151e+19,7.8381407151e+19
A2100,,no_spin,,n70,r12,1.2,v00,0.0,physical_snapshot_filename,90000,0.0074,FullVolume,12:11:02 2023-04-23 BST,Ma_xp_A2100_n70_r12_v00_90000.hdf5,Ma_xp_A2100_n70_r12_v00_90000,Ma_xp_A2100_n70_r12_v00_90000_fof_0.0074_0000.hdf5,1,1,2893,2893,2893,9.90688324736e+20,9.90688324736e+20,9.90688324736e+20,866,866,866,2.56242783609e+20,2.56242783609e+20,2.56242783609e+20,0.25865126015,0.25865126015,0.25865126015,3.52560436364e+19,3.52560436364e+19,3.52560436364e+19,2027,2027,2027,7.34445541127e+20,7.34445541127e+20,7.34445541127e+20,0.74134873985,0.74134873985,0.74134873985,7.83818035803e+19,7.83818035803e+19,7.83818035803e+19
A2100,,no_spin,,n70,r16,1.6,v00,0.0,physical_snapshot_filename,90000,0.0044,FullVolume,09:54:56 2023-05-02 BST,Ma_xp_A2100_n70_r16_v00_90000.hdf5,Ma_xp_A2100_n70_r16_v00_90000,Ma_xp_A2100_n70_r16_v00_90000_fof_0.0044_0000.hdf5,1,1,2116,2116,2116,9.91825977726e+20,9.91825977726e+20,9.91825977726e+20,387,387,387,2.10974224174e+20,2.10974224174e+20,2.10974224174e+20,0.21271294452,0.21271294452,0.21271294452,2.3405086944e+19,2.3405086944e+19,2.3405086944e+19,1729,1729,1729,7.80851753553e+20,7.80851753553e+20,7.80851753553e+20,0.78728705548,0.78728705548,0.78728705548,3.88637683296e+20,3.88637683296e+20,3.88637683296e+20
A2100,,no_spin,,n70,r16,1.6,v00,0.0,physical_snapshot_filename,90000,0.0059,FullVolume,09:54:56 2023-05-02 BST,Ma_xp_A2100_n70_r16_v00_90000.hdf5,Ma_xp_A2100_n70_r16_v00_90000,Ma_xp_A2100_n70_r16_v00_90000_fof_0.0059_0000.hdf5,1,1,2101,2101,2101,9.92812987584e+20,9.92812987584e+20,9.92812987584e+20,386,386,386,2.11070655602e+20,2.11070655602e+20,2.11070655602e+20,0.212598604411,0.212598604411,0.212598604411,2.34104387396e+19,2.34104387396e+19,2.34104387396e+19,1715,1715,1715,7.81742331982e+20,7.81742331982e+20,7.81742331982e+20,0.787401395589,0.787401395589,0.787401395589,3.88705670921e+20,3.88705670921e+20,3.88705670921e+20
A2100,,no_spin,,n70,r16,1.6,v00,0.0,physical_snapshot_filename,90000,0.0074,FullVolume,09:54:56 2023-05-02 BST,Ma_xp_A2100_n70_r16_v00_90000.hdf5,Ma_xp_A2100_n70_r16_v00_90000,Ma_xp_A2100_n70_r16_v00_90000_fof_0.0074_0000.hdf5,1,1,2085,2085,2085,9.93482655784e+20,9.93482655784e+20,9.93482655784e+20,382,382,382,2.11141814661e+20,2.11141814661e+20,2.11141814661e+20,0.212526925792,0.212526925792,0.212526925792,2.34134119594e+19,2.34134119594e+19,2.34134119594e+19,1703,1703,1703,7.82340841122e+20,7.82340841122e+20,7.82340841122e+20,0.787473074208,0.787473074208,0.787473074208,3.88787533572e+20,3.88787533572e+20,3.88787533572e+20
