physical_file,raw_hdf5_path,mass_code,resolution_code,periapsis_code,velocity_code,spin_code,timestep,fof_linking_length,target_mass_kg,bound_mass_kg,captured_mass_kg,f_bnd_parent,f_capt_parent,particle_count,bound_particle_count,captured_particle_count,mars_mass_kg,mars_hill_radius_m,method,unresolved_handling,notes
Ma_xp_A1800_n60_r12_v00_90000.hdf5,/rds/general/user/nny124/home/irp-nny124/martian_moon_data/Ma_xp_A1800_n60_r12_v00_90000.hdf5,A1800,n60,r12,v00,,90000,0.002,9.995570218601747e+17,5.1584943606669037e+17,3.1431075521138406e+17,0.5160780473601146,0.3144500497094723,1002827,517537,315339,6.414e+23,1080000000.0,particle_level_raw_snapshot_parent_normalized,All raw asteroid particles in the physical snapshot are included in the denominator; all raw bound/captured asteroid particles are included in the numerator. No FoF background or unresolved material is discarded for the particle-level metrics.,Particle-level Mars-centric energy and apoapsis classification from raw SPH snapshot. FoF-group diagnostics are preserved from existing CSV outputs only because FoF HDF5 catalogues are not available locally.
Ma_xp_A1800_n60_r16_v00_90000.hdf5,/rds/general/user/nny124/home/irp-nny124/martian_moon_data/Ma_xp_A1800_n60_r16_v00_90000.hdf5,A1800,n60,r16,v00,,90000,0.002,9.995570218601747e+17,4.5488388045034003e+17,2.675347794160811e+17,0.45508547336679356,0.2676533439965227,1002827,456372,268410,6.414e+23,1080000000.0,particle_level_raw_snapshot_parent_normalized,All raw asteroid particles in the physical snapshot are included in the denominator; all raw bound/captured asteroid particles are included in the numerator. No FoF background or unresolved material is discarded for the particle-level metrics.,Particle-level Mars-centric energy and apoapsis classification from raw SPH snapshot. FoF-group diagnostics are preserved from existing CSV outputs only because FoF HDF5 catalogues are not available locally.
Ma_xp_A1850_n60_r12_v00_90000.hdf5,/rds/general/user/nny124/home/irp-nny124/martian_moon_data/Ma_xp_A1850_n60_r12_v00_90000.hdf5,A1850,n60,r12,v00,,90000,0.0024,3.161195528171134e+18,1.5654620723575695e+18,1.1513622819069706e+18,0.49521203557542864,0.3642173575302618,1002827,496612,365247,6.414e+23,1080000000.0,particle_level_raw_snapshot_parent_normalized,All raw asteroid particles in the physical snapshot are included in the denominator; all raw bound/captured asteroid particles are included in the numerator. No FoF background or unresolved material is discarded for the particle-level metrics.,Particle-level Mars-centric energy and apoapsis classification from raw SPH snapshot. FoF-group diagnostics are preserved from existing CSV outputs only because FoF HDF5 catalogues are not available locally.
Ma_xp_A1850_n60_r16_v00_90000.hdf5,/rds/general/user/nny124/home/irp-nny124/martian_moon_data/Ma_xp_A1850_n60_r16_v00_90000.hdf5,A1850,n60,r16,v00,,90000,0.0024,3.161195528171134e+18,1.510174162908987e+18,9.756823411190726e+17,0.4777224785531306,0.30864346492465783,1002827,479073,309516,6.414e+23,1080000000.0,particle_level_raw_snapshot_parent_normalized,All raw asteroid particles in the physical snapshot are included in the denominator; all raw bound/captured asteroid particles are included in the numerator. No FoF background or unresolved material is discarded for the particle-level metrics.,Particle-level Mars-centric energy and apoapsis classification from raw SPH snapshot. FoF-group diagnostics are preserved from existing CSV outputs only because FoF HDF5 catalogues are not available locally.
Ma_xp_A1900_n50_r12_v00_90000.hdf5,/rds/general/user/nny124/home/irp-nny124/martian_moon_data/Ma_xp_A1900_n50_r12_v00_90000.hdf5,A1900,n50,r12,v00,,90000,0.006,9.997457577397287e+18,5.297303933970852e+18,4.054675327209781e+18,0.5298651074996548,0.4055706459186962,108605,57546,44047,6.414e+23,1080000000.0,particle_level_raw_snapshot_parent_normalized,All raw asteroid particles in the physical snapshot are included in the denominator; all raw bound/captured asteroid particles are included in the numerator. No FoF background or unresolved material is discarded for the particle-level metrics.,Particle-level Mars-centric energy and apoapsis classification from raw SPH snapshot. FoF-group diagnostics are preserved from existing CSV outputs only because FoF HDF5 catalogues are not available locally.
Ma_xp_A1900_n50_r16_v00_90000.hdf5,/rds/general/user/nny124/home/irp-nny124/martian_moon_data/Ma_xp_A1900_n50_r16_v00_90000.hdf5,A1900,n50,r16,v00,,90000,0.006,9.997457577397287e+18,4.3841343822211057e+18,3.8436889751321185e+18,0.4385249297914461,0.38446664518208185,108605,47626,41755,6.414e+23,1080000000.0,particle_level_raw_snapshot_parent_normalized,All raw asteroid particles in the physical snapshot are included in the denominator; all raw bound/captured asteroid particles are included in the numerator. No FoF background or unresolved material is discarded for the particle-level metrics.,Particle-level Mars-centric energy and apoapsis classification from raw SPH snapshot. FoF-group diagnostics are preserved from existing CSV outputs only because FoF HDF5 catalogues are not available locally.
Ma_xp_A1900_n55_r12_v00_90000.hdf5,/rds/general/user/nny124/home/irp-nny124/martian_moon_data/Ma_xp_A1900_n55_r12_v00_90000.hdf5,A1900,n55,r12,v00,,90000,0.004,9.997856924442294e+18,4.970019169907869e+18,4.1350461824990244e+18,0.4971084510878924,0.4135932544093381,319379,158766,132093,6.414e+23,1080000000.0,particle_level_raw_snapshot_parent_normalized,All raw asteroid particles in the physical snapshot are included in the denominator; all raw bound/captured asteroid particles are included in the numerator. No FoF background or unresolved material is discarded for the particle-level metrics.,Particle-level Mars-centric energy and apoapsis classification from raw SPH snapshot. FoF-group diagnostics are preserved from existing CSV outputs only because FoF HDF5 catalogues are not available locally.
Ma_xp_A1900_n55_r16_v00_90000.hdf5,/rds/general/user/nny124/home/irp-nny124/martian_moon_data/Ma_xp_A1900_n55_r16_v00_90000.hdf5,A1900,n55,r16,v00,,90000,0.004,9.997856924442294e+18,4.5717690163512643e+18,3.7594601628187745e+18,0.457274899101068,0.37602660162377616,319379,146044,120095,6.414e+23,1080000000.0,particle_level_raw_snapshot_parent_normalized,All raw asteroid particles in the physical snapshot are included in the denominator; all raw bound/captured asteroid particles are included in the numerator. No FoF background or unresolved material is discarded for the particle-level metrics.,Particle-level Mars-centric energy and apoapsis classification from raw SPH snapshot. FoF-group diagnostics are preserved from existing CSV outputs only because FoF HDF5 catalogues are not available locally.
Ma_xp_A1900_n60_r12_v00_90000.hdf5,/rds/general/user/nny124/home/irp-nny124/martian_moon_data/Ma_xp_A1900_n60_r12_v00_90000.hdf5,A1900,n60,r12,v00,,90000,0.003,9.998028708102498e+18,4.971691996680984e+18,3.944538852937379e+18,0.497267225553361,0.39453165900000736,1002827,498673,395647,6.414e+23,1080000000.0,particle_level_raw_snapshot_parent_normalized,All raw asteroid particles in the physical snapshot are included in the denominator; all raw bound/captured asteroid particles are included in the numerator. No FoF background or unresolved material is discarded for the particle-level metrics.,Particle-level Mars-centric energy and apoapsis classification from raw SPH snapshot. FoF-group diagnostics are preserved from existing CSV outputs only because FoF HDF5 catalogues are not available locally.
Ma_xp_A1900_n60_r16_v00_90000.hdf5,/rds/general/user/nny124/home/irp-nny124/martian_moon_data/Ma_xp_A1900_n60_r16_v00_90000.hdf5,A1900,n60,r16,v00,,90000,0.003,9.998028708102498e+18,4.742375615774739e+18,3.440144507352027e+18,0.4743310660762029,0.3440822793961475,1002827,475672,345055,6.414e+23,1080000000.0,particle_level_raw_snapshot_parent_normalized,All raw asteroid particles in the physical snapshot are included in the denominator; all raw bound/captured asteroid particles are included in the numerator. No FoF background or unresolved material is discarded for the particle-level metrics.,Particle-level Mars-centric energy and apoapsis classification from raw SPH snapshot. FoF-group diagnostics are preserved from existing CSV outputs only because FoF HDF5 catalogues are not available locally.
Ma_xp_A1900_n65_r12_v00_90000.hdf5,/rds/general/user/nny124/home/irp-nny124/martian_moon_data/Ma_xp_A1900_n65_r12_v00_90000.hdf5,A1900,n65,r12,v00,,90000,0.002,9.998157260428001e+18,5.032328442629114e+18,3.963359673709219e+18,0.5033255940618891,0.3964090152288278,3227694,1624581,1279487,6.414e+23,1080000000.0,particle_level_raw_snapshot_parent_normalized,All raw asteroid particles in the physical snapshot are included in the denominator; all raw bound/captured asteroid particles are included in the numerator. No FoF background or unresolved material is discarded for the particle-level metrics.,Particle-level Mars-centric energy and apoapsis classification from raw SPH snapshot. FoF-group diagnostics are preserved from existing CSV outputs only because FoF HDF5 catalogues are not available locally.
Ma_xp_A1900_n65_r12_v02_90000.hdf5,/rds/general/user/nny124/home/irp-nny124/martian_moon_data/Ma_xp_A1900_n65_r12_v02_90000.hdf5,A1900,n65,r12,v02,,90000,0.002,9.99812922188077e+18,4.4883404998045394e+18,3.5588233299890693e+18,0.4489180325837225,0.35594892314460513,3227685,1448966,1148891,6.414e+23,1080000000.0,particle_level_raw_snapshot_parent_normalized,All raw asteroid particles in the physical snapshot are included in the denominator; all raw bound/captured asteroid particles are included in the numerator. No FoF background or unresolved material is discarded for the particle-level metrics.,Particle-level Mars-centric energy and apoapsis classification from raw SPH snapshot. FoF-group diagnostics are preserved from existing CSV outputs only because FoF HDF5 catalogues are not available locally.
Ma_xp_A1900_n65_r12_v04_90000.hdf5,/rds/general/user/nny124/home/irp-nny124/martian_moon_data/Ma_xp_A1900_n65_r12_v04_90000.hdf5,A1900,n65,r12,v04,,90000,0.002,9.99815710042623e+18,3.0467625974793446e+18,2.312305415001874e+18,0.30473241887241986,0.23127316282150623,3227694,983583,746479,6.414e+23,1080000000.0,particle_level_raw_snapshot_parent_normalized,All raw asteroid particles in the physical snapshot are included in the denominator; all raw bound/captured asteroid particles are included in the numerator. No FoF background or unresolved material is discarded for the particle-level metrics.,Particle-level Mars-centric energy and apoapsis classification from raw SPH snapshot. FoF-group diagnostics are preserved from existing CSV outputs only because FoF HDF5 catalogues are not available locally.
Ma_xp_A1900_n65_r12_v08_90000.hdf5,/rds/general/user/nny124/home/irp-nny124/martian_moon_data/Ma_xp_A1900_n65_r12_v08_90000.hdf5,A1900,n65,r12,v08,,90000,0.002,9.99815710042623e+18,0.0,0.0,0.0,0.0,3227694,0,0,6.414e+23,1080000000.0,particle_level_raw_snapshot_parent_normalized,All raw asteroid particles in the physical snapshot are included in the denominator; all raw bound/captured asteroid particles are included in the numerator. No FoF background or unresolved material is discarded for the particle-level metrics.,Particle-level Mars-centric energy and apoapsis classification from raw SPH snapshot. FoF-group diagnostics are preserved from existing CSV outputs only because FoF HDF5 catalogues are not available locally.
Ma_xp_A1900_n65_r12_v10_90000.hdf5,/rds/general/user/nny124/home/irp-nny124/martian_moon_data/Ma_xp_A1900_n65_r12_v10_90000.hdf5,A1900,n65,r12,v10,,90000,0.002,9.998138514729257e+18,1821398303262516.0,1074872808217845.4,0.00018217374169994066,0.00010750729314605342,3227688,588,347,6.414e+23,1080000000.0,particle_level_raw_snapshot_parent_normalized,All raw asteroid particles in the physical snapshot are included in the denominator; all raw bound/captured asteroid particles are included in the numerator. No FoF background or unresolved material is discarded for the particle-level metrics.,Particle-level Mars-centric energy and apoapsis classification from raw SPH snapshot. FoF-group diagnostics are preserved from existing CSV outputs only because FoF HDF5 catalogues are not available locally.
Ma_xp_A1900_n65_r12_v25_90000.hdf5,/rds/general/user/nny124/home/irp-nny124/martian_moon_data/Ma_xp_A1900_n65_r12_v25_90000.hdf5,A1900,n65,r12,v25,,90000,,,,,,,,,,,1080000000.0,particle_level_raw_snapshot_parent_normalized_failed,Raw particle-level extraction failed before classification.,Particle-level extraction failed: 'Neither PartType0 nor GasParticles exists in snapshot.'
Ma_xp_A1900_n65_r12_v30_90000.hdf5,/rds/general/user/nny124/home/irp-nny124/martian_moon_data/Ma_xp_A1900_n65_r12_v30_90000.hdf5,A1900,n65,r12,v30,,90000,,,,,,,,,,,1080000000.0,particle_level_raw_snapshot_parent_normalized_failed,Raw particle-level extraction failed before classification.,Particle-level extraction failed: 'Neither PartType0 nor GasParticles exists in snapshot.'
Ma_xp_A1900_n65_r13_v00_90000.hdf5,/rds/general/user/nny124/home/irp-nny124/martian_moon_data/Ma_xp_A1900_n65_r13_v00_90000.hdf5,A1900,n65,r13,v00,,90000,0.002,9.99815710042623e+18,5.012760720800696e+18,4.040106148313052e+18,0.5013684692538987,0.4040850836541485,3227694,1618264,1304263,6.414e+23,1080000000.0,particle_level_raw_snapshot_parent_normalized,All raw asteroid particles in the physical snapshot are included in the denominator; all raw bound/captured asteroid particles are included in the numerator. No FoF background or unresolved material is discarded for the particle-level metrics.,Particle-level Mars-centric energy and apoapsis classification from raw SPH snapshot. FoF-group diagnostics are preserved from existing CSV outputs only because FoF HDF5 catalogues are not available locally.
Ma_xp_A1900_n65_r14_v00_90000.hdf5,/rds/general/user/nny124/home/irp-nny124/martian_moon_data/Ma_xp_A1900_n65_r14_v00_90000.hdf5,A1900,n65,r14,v00,,90000,0.002,9.99815710042623e+18,5.130030273462113e+18,3.8165326042037417e+18,0.51309758607848,0.381723608247868,3227694,1656122,1232087,6.414e+23,1080000000.0,particle_level_raw_snapshot_parent_normalized,All raw asteroid particles in the physical snapshot are included in the denominator; all raw bound/captured asteroid particles are included in the numerator. No FoF background or unresolved material is discarded for the particle-level metrics.,Particle-level Mars-centric energy and apoapsis classification from raw SPH snapshot. FoF-group diagnostics are preserved from existing CSV outputs only because FoF HDF5 catalogues are not available locally.
Ma_xp_A1900_n65_r14_v02_90000.hdf5,/rds/general/user/nny124/home/irp-nny124/martian_moon_data/Ma_xp_A1900_n65_r14_v02_90000.hdf5,A1900,n65,r14,v02,,90000,0.002,9.998154002810067e+18,4.3162896053179587e+18,3.418454853607538e+18,0.4317086538279795,0.34190860159252917,3227693,1393423,1103576,6.414e+23,1080000000.0,particle_level_raw_snapshot_parent_normalized,All raw asteroid particles in the physical snapshot are included in the denominator; all raw bound/captured asteroid particles are included in the numerator. No FoF background or unresolved material is discarded for the particle-level metrics.,Particle-level Mars-centric energy and apoapsis classification from raw SPH snapshot. FoF-group diagnostics are preserved from existing CSV outputs only because FoF HDF5 catalogues are not available locally.
Ma_xp_A1900_n65_r14_v06_90000.hdf5,/rds/general/user/nny124/home/irp-nny124/martian_moon_data/Ma_xp_A1900_n65_r14_v06_90000.hdf5,A1900,n65,r14,v06,,90000,0.002,9.99815710042623e+18,9.910946815000929e+17,5.2987822067361536e+17,0.09912773639632465,0.05299758899077773,3227694,319954,171060,6.414e+23,1080000000.0,particle_level_raw_snapshot_parent_normalized,All raw asteroid particles in the physical snapshot are included in the denominator; all raw bound/captured asteroid particles are included in the numerator. No FoF background or unresolved material is discarded for the particle-level metrics.,Particle-level Mars-centric energy and apoapsis classification from raw SPH snapshot. FoF-group diagnostics are preserved from existing CSV outputs only because FoF HDF5 catalogues are not available locally.
Ma_xp_A1900_n65_r15_v00_90000.hdf5,/rds/general/user/nny124/home/irp-nny124/martian_moon_data/Ma_xp_A1900_n65_r15_v00_90000.hdf5,A1900,n65,r15,v00,,90000,0.002,9.99815710042623e+18,5.104301473620449e+18,3.8936756371024655e+18,0.5105242318509727,0.38943933346841236,3227694,1647816,1256991,6.414e+23,1080000000.0,particle_level_raw_snapshot_parent_normalized,All raw asteroid particles in the physical snapshot are included in the denominator; all raw bound/captured asteroid particles are included in the numerator. No FoF background or unresolved material is discarded for the particle-level metrics.,Particle-level Mars-centric energy and apoapsis classification from raw SPH snapshot. FoF-group diagnostics are preserved from existing CSV outputs only because FoF HDF5 catalogues are not available locally.
Ma_xp_A1900_n65_r16_v00_90000.hdf5,/rds/general/user/nny124/home/irp-nny124/martian_moon_data/Ma_xp_A1900_n65_r16_v00_90000.hdf5,A1900,n65,r16,v00,,90000,0.002,9.998157260428001e+18,4.636121645854215e+18,3.579729198753345e+18,0.4636976119793251,0.35803889711973824,3227694,1496674,1155640,6.414e+23,1080000000.0,particle_level_raw_snapshot_parent_normalized,All raw asteroid particles in the physical snapshot are included in the denominator; all raw bound/captured asteroid particles are included in the numerator. No FoF background or unresolved material is discarded for the particle-level metrics.,Particle-level Mars-centric energy and apoapsis classification from raw SPH snapshot. FoF-group diagnostics are preserved from existing CSV outputs only because FoF HDF5 catalogues are not available locally.
Ma_xp_A1900_n65_r16_v02_90000.hdf5,/rds/general/user/nny124/home/irp-nny124/martian_moon_data/Ma_xp_A1900_n65_r16_v02_90000.hdf5,A1900,n65,r16,v02,,90000,0.002,9.99815710042623e+18,4.1518774322868977e+18,3.0365280736800604e+18,0.4152642722637255,0.30370877784573025,3227694,1340346,980279,6.414e+23,1080000000.0,particle_level_raw_snapshot_parent_normalized,All raw asteroid particles in the physical snapshot are included in the denominator; all raw bound/captured asteroid particles are included in the numerator. No FoF background or unresolved material is discarded for the particle-level metrics.,Particle-level Mars-centric energy and apoapsis classification from raw SPH snapshot. FoF-group diagnostics are preserved from existing CSV outputs only because FoF HDF5 catalogues are not available locally.
Ma_xp_A1900_n65_r16_v04_90000.hdf5,/rds/general/user/nny124/home/irp-nny124/martian_moon_data/Ma_xp_A1900_n65_r16_v04_90000.hdf5,A1900,n65,r16,v04,,90000,0.002,9.99815710042623e+18,2.224636682384636e+18,1.7303593642610117e+18,0.22250467361528034,0.17306783108931595,3227694,718177,558610,6.414e+23,1080000000.0,particle_level_raw_snapshot_parent_normalized,All raw asteroid particles in the physical snapshot are included in the denominator; all raw bound/captured asteroid particles are included in the numerator. No FoF background or unresolved material is discarded for the particle-level metrics.,Particle-level Mars-centric energy and apoapsis classification from raw SPH snapshot. FoF-group diagnostics are preserved from existing CSV outputs only because FoF HDF5 catalogues are not available locally.
Ma_xp_A1900_n65_r17_v00_90000.hdf5,/rds/general/user/nny124/home/irp-nny124/martian_moon_data/Ma_xp_A1900_n65_r17_v00_90000.hdf5,A1900,n65,r17,v00,,90000,0.002,9.99815710042623e+18,3.659198484102876e+18,3.33149237747524e+18,0.3659872961935037,0.3332106451231113,3227694,1181295,1075502,6.414e+23,1080000000.0,particle_level_raw_snapshot_parent_normalized,All raw asteroid particles in the physical snapshot are included in the denominator; all raw bound/captured asteroid particles are included in the numerator. No FoF background or unresolved material is discarded for the particle-level metrics.,Particle-level Mars-centric energy and apoapsis classification from raw SPH snapshot. FoF-group diagnostics are preserved from existing CSV outputs only because FoF HDF5 catalogues are not available locally.
Ma_xp_A1900_n65_r18_v00_90000.hdf5,/rds/general/user/nny124/home/irp-nny124/martian_moon_data/Ma_xp_A1900_n65_r18_v00_90000.hdf5,A1900,n65,r18,v00,,90000,0.002,9.99815710042623e+18,5.070100693575684e+18,9.872381493783891e+17,0.5071035234442897,0.09874201209903996,3227694,1636775,318709,6.414e+23,1080000000.0,particle_level_raw_snapshot_parent_normalized,All raw asteroid particles in the physical snapshot are included in the denominator; all raw bound/captured asteroid particles are included in the numerator. No FoF background or unresolved material is discarded for the particle-level metrics.,Particle-level Mars-centric energy and apoapsis classification from raw SPH snapshot. FoF-group diagnostics are preserved from existing CSV outputs only because FoF HDF5 catalogues are not available locally.
Ma_xp_A1900_n65_r18_v02_90000.hdf5,/rds/general/user/nny124/home/irp-nny124/martian_moon_data/Ma_xp_A1900_n65_r18_v02_90000.hdf5,A1900,n65,r18,v02,,90000,0.002,9.99815710042623e+18,3.13775507223842e+18,133197494966476.5,0.31383334355734965,1.3322204645173876e-05,3227694,1012958,43,6.414e+23,1080000000.0,particle_level_raw_snapshot_parent_normalized,All raw asteroid particles in the physical snapshot are included in the denominator; all raw bound/captured asteroid particles are included in the numerator. No FoF background or unresolved material is discarded for the particle-level metrics.,Particle-level Mars-centric energy and apoapsis classification from raw SPH snapshot. FoF-group diagnostics are preserved from existing CSV outputs only because FoF HDF5 catalogues are not available locally.
Ma_xp_A1900_n65_r18_v04_90000.hdf5,/rds/general/user/nny124/home/irp-nny124/martian_moon_data/Ma_xp_A1900_n65_r18_v04_90000.hdf5,A1900,n65,r18,v04,,90000,0.002,9.99815710042623e+18,0.0,0.0,0.0,0.0,3227694,0,0,6.414e+23,1080000000.0,particle_level_raw_snapshot_parent_normalized,All raw asteroid particles in the physical snapshot are included in the denominator; all raw bound/captured asteroid particles are included in the numerator. No FoF background or unresolved material is discarded for the particle-level metrics.,Particle-level Mars-centric energy and apoapsis classification from raw SPH snapshot. FoF-group diagnostics are preserved from existing CSV outputs only because FoF HDF5 catalogues are not available locally.
Ma_xp_A1900_n65_r19_v00_90000.hdf5,/rds/general/user/nny124/home/irp-nny124/martian_moon_data/Ma_xp_A1900_n65_r19_v00_90000.hdf5,A1900,n65,r19,v00,,90000,0.002,9.99815710042623e+18,5.346655864520037e+18,5.153504008737834e+17,0.5347641381122232,0.05154453922831575,3227694,1726055,166370,6.414e+23,1080000000.0,particle_level_raw_snapshot_parent_normalized,All raw asteroid particles in the physical snapshot are included in the denominator; all raw bound/captured asteroid particles are included in the numerator. No FoF background or unresolved material is discarded for the particle-level metrics.,Particle-level Mars-centric energy and apoapsis classification from raw SPH snapshot. FoF-group diagnostics are preserved from existing CSV outputs only because FoF HDF5 catalogues are not available locally.
Ma_xp_A1900_n65_r20_v06_90000.hdf5,/rds/general/user/nny124/home/irp-nny124/martian_moon_data/Ma_xp_A1900_n65_r20_v06_90000.hdf5,A1900,n65,r20,v06,,90000,0.002,9.99815710042623e+18,0.0,0.0,0.0,0.0,3227694,0,0,6.414e+23,1080000000.0,particle_level_raw_snapshot_parent_normalized,All raw asteroid particles in the physical snapshot are included in the denominator; all raw bound/captured asteroid particles are included in the numerator. No FoF background or unresolved material is discarded for the particle-level metrics.,Particle-level Mars-centric energy and apoapsis classification from raw SPH snapshot. FoF-group diagnostics are preserved from existing CSV outputs only because FoF HDF5 catalogues are not available locally.
Ma_xp_A1900_n65_r26_v00_90000.hdf5,/rds/general/user/nny124/home/irp-nny124/martian_moon_data/Ma_xp_A1900_n65_r26_v00_90000.hdf5,A1900,n65,r26,v00,,90000,0.002,9.99815710042623e+18,5.181937027488934e+18,0.0,0.518289218246833,0.0,3227694,1672879,0,6.414e+23,1080000000.0,particle_level_raw_snapshot_parent_normalized,All raw asteroid particles in the physical snapshot are included in the denominator; all raw bound/captured asteroid particles are included in the numerator. No FoF background or unresolved material is discarded for the particle-level metrics.,Particle-level Mars-centric energy and apoapsis classification from raw SPH snapshot. FoF-group diagnostics are preserved from existing CSV outputs only because FoF HDF5 catalogues are not available locally.
Ma_xp_A1900_n70_r12_v00_90000.hdf5,/rds/general/user/nny124/home/irp-nny124/martian_moon_data/Ma_xp_A1900_n70_r12_v00_90000.hdf5,A1900,n70,r12,v00,,90000,0.001,9.99824174042562e+18,5.041158514952692e+18,4.0306612437588716e+18,0.5042045037348829,0.40313700632600313,10099884,5092407,4071637,6.414e+23,1080000000.0,particle_level_raw_snapshot_parent_normalized,All raw asteroid particles in the physical snapshot are included in the denominator; all raw bound/captured asteroid particles are included in the numerator. No FoF background or unresolved material is discarded for the particle-level metrics.,Particle-level Mars-centric energy and apoapsis classification from raw SPH snapshot. FoF-group diagnostics are preserved from existing CSV outputs only because FoF HDF5 catalogues are not available locally.
Ma_xp_A1900_s030x_n65_r12_v00_90000.hdf5,/rds/general/user/nny124/home/irp-nny124/martian_moon_data/Ma_xp_A1900_s030x_n65_r12_v00_90000.hdf5,A1900,n65,r12,v00,s030x,90000,0.002,1.00232231691742e+19,5.044673923509343e+18,4.1806251480114396e+18,0.5032985735590448,0.4170938906028444,3162276,1591569,1318966,6.414e+23,1080000000.0,particle_level_raw_snapshot_parent_normalized,All raw asteroid particles in the physical snapshot are included in the denominator; all raw bound/captured asteroid particles are included in the numerator. No FoF background or unresolved material is discarded for the particle-level metrics.,Particle-level Mars-centric energy and apoapsis classification from raw SPH snapshot. FoF-group diagnostics are preserved from existing CSV outputs only because FoF HDF5 catalogues are not available locally.
Ma_xp_A1900_s030z_n65_r12_v00_90000.hdf5,/rds/general/user/nny124/home/irp-nny124/martian_moon_data/Ma_xp_A1900_s030z_n65_r12_v00_90000.hdf5,A1900,n65,r12,v00,s030z,90000,0.002,1.0023219999551066e+19,5.002898290588713e+18,4.403703224259839e+18,0.4991308472539553,0.43935015139417055,3162275,1578389,1389346,6.414e+23,1080000000.0,particle_level_raw_snapshot_parent_normalized,All raw asteroid particles in the physical snapshot are included in the denominator; all raw bound/captured asteroid particles are included in the numerator. No FoF background or unresolved material is discarded for the particle-level metrics.,Particle-level Mars-centric energy and apoapsis classification from raw SPH snapshot. FoF-group diagnostics are preserved from existing CSV outputs only because FoF HDF5 catalogues are not available locally.
Ma_xp_A1900_s030z_n65_r12_v04_90000.hdf5,/rds/general/user/nny124/home/irp-nny124/martian_moon_data/Ma_xp_A1900_s030z_n65_r12_v04_90000.hdf5,A1900,n65,r12,v04,s030z,90000,0.002,1.0023210490681661e+19,3.7282787215317883e+18,3.12550832030652e+18,0.37196452424079884,0.31182706610942973,3162272,1176253,986082,6.414e+23,1080000000.0,particle_level_raw_snapshot_parent_normalized,All raw asteroid particles in the physical snapshot are included in the denominator; all raw bound/captured asteroid particles are included in the numerator. No FoF background or unresolved material is discarded for the particle-level metrics.,Particle-level Mars-centric energy and apoapsis classification from raw SPH snapshot. FoF-group diagnostics are preserved from existing CSV outputs only because FoF HDF5 catalogues are not available locally.
Ma_xp_A1900_s030z_n65_r12_v06_90000.hdf5,/rds/general/user/nny124/home/irp-nny124/martian_moon_data/Ma_xp_A1900_s030z_n65_r12_v06_90000.hdf5,A1900,n65,r12,v06,s030z,90000,0.002,1.0023219999551066e+19,2.123178396293572e+18,1.6475605967560148e+18,0.21182597971397096,0.16437438236712434,3162275,669852,519797,6.414e+23,1080000000.0,particle_level_raw_snapshot_parent_normalized,All raw asteroid particles in the physical snapshot are included in the denominator; all raw bound/captured asteroid particles are included in the numerator. No FoF background or unresolved material is discarded for the particle-level metrics.,Particle-level Mars-centric energy and apoapsis classification from raw SPH snapshot. FoF-group diagnostics are preserved from existing CSV outputs only because FoF HDF5 catalogues are not available locally.
Ma_xp_A1900_s030z_n65_r12_v08_90000.hdf5,/rds/general/user/nny124/home/irp-nny124/martian_moon_data/Ma_xp_A1900_s030z_n65_r12_v08_90000.hdf5,A1900,n65,r12,v08,s030z,90000,0.002,1.00232231691742e+19,5.97020704858191e+17,3.2612569399366163e+17,0.059563744594083375,0.03253700815488584,3162276,188357,102891,6.414e+23,1080000000.0,particle_level_raw_snapshot_parent_normalized,All raw asteroid particles in the physical snapshot are included in the denominator; all raw bound/captured asteroid particles are included in the numerator. No FoF background or unresolved material is discarded for the particle-level metrics.,Particle-level Mars-centric energy and apoapsis classification from raw SPH snapshot. FoF-group diagnostics are preserved from existing CSV outputs only because FoF HDF5 catalogues are not available locally.
Ma_xp_A1900_s030z_n65_r12_v20_90000.hdf5,/rds/general/user/nny124/home/irp-nny124/martian_moon_data/Ma_xp_A1900_s030z_n65_r12_v20_90000.hdf5,A1900,n65,r12,v20,s030z,90000,0.002,1.00232231691742e+19,0.0,0.0,0.0,0.0,3162276,0,0,6.414e+23,1080000000.0,particle_level_raw_snapshot_parent_normalized,All raw asteroid particles in the physical snapshot are included in the denominator; all raw bound/captured asteroid particles are included in the numerator. No FoF background or unresolved material is discarded for the particle-level metrics.,Particle-level Mars-centric energy and apoapsis classification from raw SPH snapshot. FoF-group diagnostics are preserved from existing CSV outputs only because FoF HDF5 catalogues are not available locally.
Ma_xp_A1900_s030z_n65_r13_v00_90000.hdf5,/rds/general/user/nny124/home/irp-nny124/martian_moon_data/Ma_xp_A1900_s030z_n65_r13_v00_90000.hdf5,A1900,n65,r13,v00,s030z,90000,0.002,1.002315343746523e+19,5.058306472613412e+18,4.389373358066048e+18,0.504662180836834,0.43792339261805047,3162254,1595870,1384825,6.414e+23,1080000000.0,particle_level_raw_snapshot_parent_normalized,All raw asteroid particles in the physical snapshot are included in the denominator; all raw bound/captured asteroid particles are included in the numerator. No FoF background or unresolved material is discarded for the particle-level metrics.,Particle-level Mars-centric energy and apoapsis classification from raw SPH snapshot. FoF-group diagnostics are preserved from existing CSV outputs only because FoF HDF5 catalogues are not available locally.
Ma_xp_A1900_s030z_n65_r15_v00_90000.hdf5,/rds/general/user/nny124/home/irp-nny124/martian_moon_data/Ma_xp_A1900_s030z_n65_r15_v00_90000.hdf5,A1900,n65,r15,v00,s030z,90000,0.002,1.0023213660304796e+19,5.064354113555185e+18,4.342006509935101e+18,0.5052625121234005,0.43319504672746495,3162273,1597778,1369881,6.414e+23,1080000000.0,particle_level_raw_snapshot_parent_normalized,All raw asteroid particles in the physical snapshot are included in the denominator; all raw bound/captured asteroid particles are included in the numerator. No FoF background or unresolved material is discarded for the particle-level metrics.,Particle-level Mars-centric energy and apoapsis classification from raw SPH snapshot. FoF-group diagnostics are preserved from existing CSV outputs only because FoF HDF5 catalogues are not available locally.
Ma_xp_A1900_s030z_n65_r16_v00_90000.hdf5,/rds/general/user/nny124/home/irp-nny124/martian_moon_data/Ma_xp_A1900_s030z_n65_r16_v00_90000.hdf5,A1900,n65,r16,v00,s030z,90000,0.002,1.00232231691742e+19,5.092639830412825e+18,4.3562761532893245e+18,0.5080840508545117,0.43461829391235957,3162276,1606702,1374383,6.414e+23,1080000000.0,particle_level_raw_snapshot_parent_normalized,All raw asteroid particles in the physical snapshot are included in the denominator; all raw bound/captured asteroid particles are included in the numerator. No FoF background or unresolved material is discarded for the particle-level metrics.,Particle-level Mars-centric energy and apoapsis classification from raw SPH snapshot. FoF-group diagnostics are preserved from existing CSV outputs only because FoF HDF5 catalogues are not available locally.
Ma_xp_A1900_s030z_n65_r16_v02_90000.hdf5,/rds/general/user/nny124/home/irp-nny124/martian_moon_data/Ma_xp_A1900_s030z_n65_r16_v02_90000.hdf5,A1900,n65,r16,v02,s030z,90000,0.002,1.00232231691742e+19,4.678791646532108e+18,4.0869786324848845e+18,0.46679511845265914,0.40775093635090687,3162276,1476135,1289421,6.414e+23,1080000000.0,particle_level_raw_snapshot_parent_normalized,All raw asteroid particles in the physical snapshot are included in the denominator; all raw bound/captured asteroid particles are included in the numerator. No FoF background or unresolved material is discarded for the particle-level metrics.,Particle-level Mars-centric energy and apoapsis classification from raw SPH snapshot. FoF-group diagnostics are preserved from existing CSV outputs only because FoF HDF5 catalogues are not available locally.
Ma_xp_A1900_s030z_n65_r16_v04_90000.hdf5,/rds/general/user/nny124/home/irp-nny124/martian_moon_data/Ma_xp_A1900_s030z_n65_r16_v04_90000.hdf5,A1900,n65,r16,v04,s030z,90000,0.002,1.00232231691742e+19,3.6571143429025034e+18,3.049976200997066e+18,0.36486410420848764,0.3042909600553521,3162276,1153801,962252,6.414e+23,1080000000.0,particle_level_raw_snapshot_parent_normalized,All raw asteroid particles in the physical snapshot are included in the denominator; all raw bound/captured asteroid particles are included in the numerator. No FoF background or unresolved material is discarded for the particle-level metrics.,Particle-level Mars-centric energy and apoapsis classification from raw SPH snapshot. FoF-group diagnostics are preserved from existing CSV outputs only because FoF HDF5 catalogues are not available locally.
Ma_xp_A1900_s030z_n65_r17_v00_90000.hdf5,/rds/general/user/nny124/home/irp-nny124/martian_moon_data/Ma_xp_A1900_s030z_n65_r17_v00_90000.hdf5,A1900,n65,r17,v00,s030z,90000,0.002,1.00232231691742e+19,5.045158875849013e+18,4.452968676648712e+18,0.5033469564326459,0.4442651432069816,3162276,1591722,1404889,6.414e+23,1080000000.0,particle_level_raw_snapshot_parent_normalized,All raw asteroid particles in the physical snapshot are included in the denominator; all raw bound/captured asteroid particles are included in the numerator. No FoF background or unresolved material is discarded for the particle-level metrics.,Particle-level Mars-centric energy and apoapsis classification from raw SPH snapshot. FoF-group diagnostics are preserved from existing CSV outputs only because FoF HDF5 catalogues are not available locally.
Ma_xp_A1900_s030z_n65_r19_v00_90000.hdf5,/rds/general/user/nny124/home/irp-nny124/martian_moon_data/Ma_xp_A1900_s030z_n65_r19_v00_90000.hdf5,A1900,n65,r19,v00,s030z,90000,0.002,1.00232231691742e+19,5.037859233768876e+18,4.349746729631017e+18,0.5026186835051721,0.43396686437237003,3162276,1589419,1372323,6.414e+23,1080000000.0,particle_level_raw_snapshot_parent_normalized,All raw asteroid particles in the physical snapshot are included in the denominator; all raw bound/captured asteroid particles are included in the numerator. No FoF background or unresolved material is discarded for the particle-level metrics.,Particle-level Mars-centric energy and apoapsis classification from raw SPH snapshot. FoF-group diagnostics are preserved from existing CSV outputs only because FoF HDF5 catalogues are not available locally.
Ma_xp_A1900_s030z_n65_r20_v00_90000.hdf5,/rds/general/user/nny124/home/irp-nny124/martian_moon_data/Ma_xp_A1900_s030z_n65_r20_v00_90000.hdf5,A1900,n65,r20,v00,s030z,90000,0.002,1.00232231691742e+19,4.850746871234466e+18,4.2248921047162583e+18,0.4839507999934229,0.42151032990162796,3162276,1530386,1332932,6.414e+23,1080000000.0,particle_level_raw_snapshot_parent_normalized,All raw asteroid particles in the physical snapshot are included in the denominator; all raw bound/captured asteroid particles are included in the numerator. No FoF background or unresolved material is discarded for the particle-level metrics.,Particle-level Mars-centric energy and apoapsis classification from raw SPH snapshot. FoF-group diagnostics are preserved from existing CSV outputs only because FoF HDF5 catalogues are not available locally.
Ma_xp_A1900_s030z_n65_r20_v02_90000.hdf5,/rds/general/user/nny124/home/irp-nny124/martian_moon_data/Ma_xp_A1900_s030z_n65_r20_v02_90000.hdf5,A1900,n65,r20,v02,s030z,90000,0.002,1.00232231691742e+19,4.656832497452129e+18,3.928377030050707e+18,0.4646042913395292,0.3919275230878014,3162276,1469207,1239383,6.414e+23,1080000000.0,particle_level_raw_snapshot_parent_normalized,All raw asteroid particles in the physical snapshot are included in the denominator; all raw bound/captured asteroid particles are included in the numerator. No FoF background or unresolved material is discarded for the particle-level metrics.,Particle-level Mars-centric energy and apoapsis classification from raw SPH snapshot. FoF-group diagnostics are preserved from existing CSV outputs only because FoF HDF5 catalogues are not available locally.
Ma_xp_A1900_s030z_n65_r20_v04_90000.hdf5,/rds/general/user/nny124/home/irp-nny124/martian_moon_data/Ma_xp_A1900_s030z_n65_r20_v04_90000.hdf5,A1900,n65,r20,v04,s030z,90000,0.002,1.00232231691742e+19,3.4770670703362335e+18,2.761866966885802e+18,0.34690109275724174,0.275546789717279,3162276,1096997,871355,6.414e+23,1080000000.0,particle_level_raw_snapshot_parent_normalized,All raw asteroid particles in the physical snapshot are included in the denominator; all raw bound/captured asteroid particles are included in the numerator. No FoF background or unresolved material is discarded for the particle-level metrics.,Particle-level Mars-centric energy and apoapsis classification from raw SPH snapshot. FoF-group diagnostics are preserved from existing CSV outputs only because FoF HDF5 catalogues are not available locally.
Ma_xp_A1900_s030z_n65_r22_v00_90000.hdf5,/rds/general/user/nny124/home/irp-nny124/martian_moon_data/Ma_xp_A1900_s030z_n65_r22_v00_90000.hdf5,A1900,n65,r22,v00,s030z,90000,0.002,1.00232231691742e+19,4.924805115786098e+18,4.0986682026071363e+18,0.4913394656253918,0.4089171849642474,3162276,1553751,1293109,6.414e+23,1080000000.0,particle_level_raw_snapshot_parent_normalized,All raw asteroid particles in the physical snapshot are included in the denominator; all raw bound/captured asteroid particles are included in the numerator. No FoF background or unresolved material is discarded for the particle-level metrics.,Particle-level Mars-centric energy and apoapsis classification from raw SPH snapshot. FoF-group diagnostics are preserved from existing CSV outputs only because FoF HDF5 catalogues are not available locally.
Ma_xp_A1900_s035x_n65_r12_v00_90000.hdf5,/rds/general/user/nny124/home/irp-nny124/martian_moon_data/Ma_xp_A1900_s035x_n65_r12_v00_90000.hdf5,A1900,n65,r12,v00,s035x,90000,0.002,9.93116843807959e+18,5.016542180671305e+18,4.1747277091238415e+18,0.5051311144251787,0.4203662172435288,3162276,1597364,1329314,6.414e+23,1080000000.0,particle_level_raw_snapshot_parent_normalized,All raw asteroid particles in the physical snapshot are included in the denominator; all raw bound/captured asteroid particles are included in the numerator. No FoF background or unresolved material is discarded for the particle-level metrics.,Particle-level Mars-centric energy and apoapsis classification from raw SPH snapshot. FoF-group diagnostics are preserved from existing CSV outputs only because FoF HDF5 catalogues are not available locally.
Ma_xp_A1900_s035y_n65_r12_v00_90000.hdf5,/rds/general/user/nny124/home/irp-nny124/martian_moon_data/Ma_xp_A1900_s035y_n65_r12_v00_90000.hdf5,A1900,n65,r12,v00,s035y,90000,0.002,9.93116843807959e+18,5.076494571127716e+18,4.114027876607261e+18,0.5111679056477032,0.41425416377318025,3162276,1616454,1309986,6.414e+23,1080000000.0,particle_level_raw_snapshot_parent_normalized,All raw asteroid particles in the physical snapshot are included in the denominator; all raw bound/captured asteroid particles are included in the numerator. No FoF background or unresolved material is discarded for the particle-level metrics.,Particle-level Mars-centric energy and apoapsis classification from raw SPH snapshot. FoF-group diagnostics are preserved from existing CSV outputs only because FoF HDF5 catalogues are not available locally.
Ma_xp_A1900_s035z_n65_r12_v00_90000.hdf5,/rds/general/user/nny124/home/irp-nny124/martian_moon_data/Ma_xp_A1900_s035z_n65_r12_v00_90000.hdf5,A1900,n65,r12,v00,s035z,90000,0.002,9.93116843807959e+18,4.99380486758045e+18,4.325117448347842e+18,0.5028416241972542,0.4355094242248295,3162276,1590124,1377201,6.414e+23,1080000000.0,particle_level_raw_snapshot_parent_normalized,All raw asteroid particles in the physical snapshot are included in the denominator; all raw bound/captured asteroid particles are included in the numerator. No FoF background or unresolved material is discarded for the particle-level metrics.,Particle-level Mars-centric energy and apoapsis classification from raw SPH snapshot. FoF-group diagnostics are preserved from existing CSV outputs only because FoF HDF5 catalogues are not available locally.
Ma_xp_A1900_s035z_n65_r16_v00_90000.hdf5,/rds/general/user/nny124/home/irp-nny124/martian_moon_data/Ma_xp_A1900_s035z_n65_r16_v00_90000.hdf5,A1900,n65,r16,v00,s035z,90000,0.002,9.93116843807959e+18,5.017936568380192e+18,4.252772594154343e+18,0.5052715196270017,0.42822479758249976,3162276,1597808,1354165,6.414e+23,1080000000.0,particle_level_raw_snapshot_parent_normalized,All raw asteroid particles in the physical snapshot are included in the denominator; all raw bound/captured asteroid particles are included in the numerator. No FoF background or unresolved material is discarded for the particle-level metrics.,Particle-level Mars-centric energy and apoapsis classification from raw SPH snapshot. FoF-group diagnostics are preserved from existing CSV outputs only because FoF HDF5 catalogues are not available locally.
Ma_xp_A1900_s035z_n65_r20_v00_90000.hdf5,/rds/general/user/nny124/home/irp-nny124/martian_moon_data/Ma_xp_A1900_s035z_n65_r20_v00_90000.hdf5,A1900,n65,r20,v00,s035z,90000,0.002,9.93116843807959e+18,5.002472683068124e+18,4.016109826212266e+18,0.5037144132896675,0.4043944930802995,3162276,1592884,1278807,6.414e+23,1080000000.0,particle_level_raw_snapshot_parent_normalized,All raw asteroid particles in the physical snapshot are included in the denominator; all raw bound/captured asteroid particles are included in the numerator. No FoF background or unresolved material is discarded for the particle-level metrics.,Particle-level Mars-centric energy and apoapsis classification from raw SPH snapshot. FoF-group diagnostics are preserved from existing CSV outputs only because FoF HDF5 catalogues are not available locally.
Ma_xp_A1900_s047x_n65_r12_v00_90000.hdf5,/rds/general/user/nny124/home/irp-nny124/martian_moon_data/Ma_xp_A1900_s047x_n65_r12_v00_90000.hdf5,A1900,n65,r12,v00,s047x,90000,0.002,1.0010321529422236e+19,4.994207998829598e+18,4.2439530325635574e+18,0.4989058527391625,0.42395771405441607,3162280,1577680,1340673,6.414e+23,1080000000.0,particle_level_raw_snapshot_parent_normalized,All raw asteroid particles in the physical snapshot are included in the denominator; all raw bound/captured asteroid particles are included in the numerator. No FoF background or unresolved material is discarded for the particle-level metrics.,Particle-level Mars-centric energy and apoapsis classification from raw SPH snapshot. FoF-group diagnostics are preserved from existing CSV outputs only because FoF HDF5 catalogues are not available locally.
Ma_xp_A1900_s047y_n65_r12_v00_90000.hdf5,/rds/general/user/nny124/home/irp-nny124/martian_moon_data/Ma_xp_A1900_s047y_n65_r12_v00_90000.hdf5,A1900,n65,r12,v00,s047y,90000,0.002,1.0010321529422236e+19,5.158056311554245e+18,4.1915886819242394e+18,0.5152737897972346,0.41872667821951215,3162280,1629440,1324131,6.414e+23,1080000000.0,particle_level_raw_snapshot_parent_normalized,All raw asteroid particles in the physical snapshot are included in the denominator; all raw bound/captured asteroid particles are included in the numerator. No FoF background or unresolved material is discarded for the particle-level metrics.,Particle-level Mars-centric energy and apoapsis classification from raw SPH snapshot. FoF-group diagnostics are preserved from existing CSV outputs only because FoF HDF5 catalogues are not available locally.
Ma_xp_A1900_s047z_n65_r11_v00_90000.hdf5,/rds/general/user/nny124/home/irp-nny124/martian_moon_data/Ma_xp_A1900_s047z_n65_r11_v00_90000.hdf5,A1900,n65,r11,v00,s047z,90000,0.002,1.0010321529422236e+19,4.992251695559431e+18,4.2706353630882104e+18,0.4987104241243656,0.4266231959219294,3162280,1577062,1349102,6.414e+23,1080000000.0,particle_level_raw_snapshot_parent_normalized,All raw asteroid particles in the physical snapshot are included in the denominator; all raw bound/captured asteroid particles are included in the numerator. No FoF background or unresolved material is discarded for the particle-level metrics.,Particle-level Mars-centric energy and apoapsis classification from raw SPH snapshot. FoF-group diagnostics are preserved from existing CSV outputs only because FoF HDF5 catalogues are not available locally.
Ma_xp_A1900_s047z_n65_r12_v00_90000.hdf5,/rds/general/user/nny124/home/irp-nny124/martian_moon_data/Ma_xp_A1900_s047z_n65_r12_v00_90000.hdf5,A1900,n65,r12,v00,s047z,90000,0.002,1.0010321529422236e+19,5.043397313578985e+18,4.3909765040569155e+18,0.5038197123594366,0.43864490177972826,3162280,1593219,1387118,6.414e+23,1080000000.0,particle_level_raw_snapshot_parent_normalized,All raw asteroid particles in the physical snapshot are included in the denominator; all raw bound/captured asteroid particles are included in the numerator. No FoF background or unresolved material is discarded for the particle-level metrics.,Particle-level Mars-centric energy and apoapsis classification from raw SPH snapshot. FoF-group diagnostics are preserved from existing CSV outputs only because FoF HDF5 catalogues are not available locally.
Ma_xp_A1900_s047z_n65_r12_v04_90000.hdf5,/rds/general/user/nny124/home/irp-nny124/martian_moon_data/Ma_xp_A1900_s047z_n65_r12_v04_90000.hdf5,A1900,n65,r12,v04,s047z,90000,0.002,1.0010321529422236e+19,3.691401821537427e+18,2.980994663628763e+18,0.36875956588284364,0.29779209937133927,3162280,1166121,941702,6.414e+23,1080000000.0,particle_level_raw_snapshot_parent_normalized,All raw asteroid particles in the physical snapshot are included in the denominator; all raw bound/captured asteroid particles are included in the numerator. No FoF background or unresolved material is discarded for the particle-level metrics.,Particle-level Mars-centric energy and apoapsis classification from raw SPH snapshot. FoF-group diagnostics are preserved from existing CSV outputs only because FoF HDF5 catalogues are not available locally.
Ma_xp_A1900_s047z_n65_r12_v06_90000.hdf5,/rds/general/user/nny124/home/irp-nny124/martian_moon_data/Ma_xp_A1900_s047z_n65_r12_v06_90000.hdf5,A1900,n65,r12,v06,s047z,90000,0.002,1.0010321529422236e+19,1.9925202049790172e+18,1.5250175375767875e+18,0.19904657399091746,0.15234451092249848,3162280,629441,481756,6.414e+23,1080000000.0,particle_level_raw_snapshot_parent_normalized,All raw asteroid particles in the physical snapshot are included in the denominator; all raw bound/captured asteroid particles are included in the numerator. No FoF background or unresolved material is discarded for the particle-level metrics.,Particle-level Mars-centric energy and apoapsis classification from raw SPH snapshot. FoF-group diagnostics are preserved from existing CSV outputs only because FoF HDF5 catalogues are not available locally.
Ma_xp_A1900_s047z_n65_r12_v08_90000.hdf5,/rds/general/user/nny124/home/irp-nny124/martian_moon_data/Ma_xp_A1900_s047z_n65_r12_v08_90000.hdf5,A1900,n65,r12,v08,s047z,90000,0.002,1.0010321529422236e+19,4.211750001548322e+17,1.9008113667265846e+17,0.04207407313710343,0.01898851461603645,3162280,133050,60047,6.414e+23,1080000000.0,particle_level_raw_snapshot_parent_normalized,All raw asteroid particles in the physical snapshot are included in the denominator; all raw bound/captured asteroid particles are included in the numerator. No FoF background or unresolved material is discarded for the particle-level metrics.,Particle-level Mars-centric energy and apoapsis classification from raw SPH snapshot. FoF-group diagnostics are preserved from existing CSV outputs only because FoF HDF5 catalogues are not available locally.
Ma_xp_A1900_s047z_n65_r12_v15_90000.hdf5,/rds/general/user/nny124/home/irp-nny124/martian_moon_data/Ma_xp_A1900_s047z_n65_r12_v15_90000.hdf5,A1900,n65,r12,v15,s047z,90000,0.002,1.0010321529422236e+19,0.0,0.0,0.0,0.0,3162280,0,0,6.414e+23,1080000000.0,particle_level_raw_snapshot_parent_normalized,All raw asteroid particles in the physical snapshot are included in the denominator; all raw bound/captured asteroid particles are included in the numerator. No FoF background or unresolved material is discarded for the particle-level metrics.,Particle-level Mars-centric energy and apoapsis classification from raw SPH snapshot. FoF-group diagnostics are preserved from existing CSV outputs only because FoF HDF5 catalogues are not available locally.
Ma_xp_A1900_s047z_n65_r12_v20_90000.hdf5,/rds/general/user/nny124/home/irp-nny124/martian_moon_data/Ma_xp_A1900_s047z_n65_r12_v20_90000.hdf5,A1900,n65,r12,v20,s047z,90000,0.002,1.0010321529422236e+19,0.0,0.0,0.0,0.0,3162280,0,0,6.414e+23,1080000000.0,particle_level_raw_snapshot_parent_normalized,All raw asteroid particles in the physical snapshot are included in the denominator; all raw bound/captured asteroid particles are included in the numerator. No FoF background or unresolved material is discarded for the particle-level metrics.,Particle-level Mars-centric energy and apoapsis classification from raw SPH snapshot. FoF-group diagnostics are preserved from existing CSV outputs only because FoF HDF5 catalogues are not available locally.
Ma_xp_A1900_s047z_n65_r14_v00_90000.hdf5,/rds/general/user/nny124/home/irp-nny124/martian_moon_data/Ma_xp_A1900_s047z_n65_r14_v00_90000.hdf5,A1900,n65,r14,v00,s047z,90000,0.002,1.0010258218636792e+19,5.059171195771932e+18,4.1807055579067095e+18,0.505398670571047,0.4176421293631767,3162260,1598202,1320693,6.414e+23,1080000000.0,particle_level_raw_snapshot_parent_normalized,All raw asteroid particles in the physical snapshot are included in the denominator; all raw bound/captured asteroid particles are included in the numerator. No FoF background or unresolved material is discarded for the particle-level metrics.,Particle-level Mars-centric energy and apoapsis classification from raw SPH snapshot. FoF-group diagnostics are preserved from existing CSV outputs only because FoF HDF5 catalogues are not available locally.
Ma_xp_A1900_s047z_n65_r15_v00_90000.hdf5,/rds/general/user/nny124/home/irp-nny124/martian_moon_data/Ma_xp_A1900_s047z_n65_r15_v00_90000.hdf5,A1900,n65,r15,v00,s047z,90000,0.002,1.0010321529422236e+19,5.015309483617513e+18,4.345785265408209e+18,0.5010138254677001,0.434130437532413,3162280,1584346,1372842,6.414e+23,1080000000.0,particle_level_raw_snapshot_parent_normalized,All raw asteroid particles in the physical snapshot are included in the denominator; all raw bound/captured asteroid particles are included in the numerator. No FoF background or unresolved material is discarded for the particle-level metrics.,Particle-level Mars-centric energy and apoapsis classification from raw SPH snapshot. FoF-group diagnostics are preserved from existing CSV outputs only because FoF HDF5 catalogues are not available locally.
Ma_xp_A1900_s047z_n65_r16_v00_90000.hdf5,/rds/general/user/nny124/home/irp-nny124/martian_moon_data/Ma_xp_A1900_s047z_n65_r16_v00_90000.hdf5,A1900,n65,r16,v00,s047z,90000,0.002,1.0010321529422236e+19,5.094925961850465e+18,4.387516569632494e+18,0.5089672641258836,0.43829926508721523,3162280,1609497,1386025,6.414e+23,1080000000.0,particle_level_raw_snapshot_parent_normalized,All raw asteroid particles in the physical snapshot are included in the denominator; all raw bound/captured asteroid particles are included in the numerator. No FoF background or unresolved material is discarded for the particle-level metrics.,Particle-level Mars-centric energy and apoapsis classification from raw SPH snapshot. FoF-group diagnostics are preserved from existing CSV outputs only because FoF HDF5 catalogues are not available locally.
Ma_xp_A1900_s047z_n65_r16_v04_90000.hdf5,/rds/general/user/nny124/home/irp-nny124/martian_moon_data/Ma_xp_A1900_s047z_n65_r16_v04_90000.hdf5,A1900,n65,r16,v04,s047z,90000,0.002,1.001031203280442e+19,3.53312169239243e+18,2.6985051045245373e+18,0.3529482078894413,0.26957252637893475,3162277,1116120,852463,6.414e+23,1080000000.0,particle_level_raw_snapshot_parent_normalized,All raw asteroid particles in the physical snapshot are included in the denominator; all raw bound/captured asteroid particles are included in the numerator. No FoF background or unresolved material is discarded for the particle-level metrics.,Particle-level Mars-centric energy and apoapsis classification from raw SPH snapshot. FoF-group diagnostics are preserved from existing CSV outputs only because FoF HDF5 catalogues are not available locally.
Ma_xp_A1900_s047z_n65_r16_v06_90000.hdf5,/rds/general/user/nny124/home/irp-nny124/martian_moon_data/Ma_xp_A1900_s047z_n65_r16_v06_90000.hdf5,A1900,n65,r16,v06,s047z,90000,0.002,1.0010321529422236e+19,1.8121097907826678e+18,1.1960262065651996e+18,0.18102413448524435,0.11947929974575257,3162280,572449,377827,6.414e+23,1080000000.0,particle_level_raw_snapshot_parent_normalized,All raw asteroid particles in the physical snapshot are included in the denominator; all raw bound/captured asteroid particles are included in the numerator. No FoF background or unresolved material is discarded for the particle-level metrics.,Particle-level Mars-centric energy and apoapsis classification from raw SPH snapshot. FoF-group diagnostics are preserved from existing CSV outputs only because FoF HDF5 catalogues are not available locally.
Ma_xp_A1900_s047z_n65_r17_v00_90000.hdf5,/rds/general/user/nny124/home/irp-nny124/martian_moon_data/Ma_xp_A1900_s047z_n65_r17_v00_90000.hdf5,A1900,n65,r17,v00,s047z,90000,0.002,1.0010321529422236e+19,5.129639265508473e+18,4.198059044196441e+18,0.5124350152421667,0.4193730472949893,3162280,1620463,1326175,6.414e+23,1080000000.0,particle_level_raw_snapshot_parent_normalized,All raw asteroid particles in the physical snapshot are included in the denominator; all raw bound/captured asteroid particles are included in the numerator. No FoF background or unresolved material is discarded for the particle-level metrics.,Particle-level Mars-centric energy and apoapsis classification from raw SPH snapshot. FoF-group diagnostics are preserved from existing CSV outputs only because FoF HDF5 catalogues are not available locally.
Ma_xp_A1900_s047z_n65_r20_v00_90000.hdf5,/rds/general/user/nny124/home/irp-nny124/martian_moon_data/Ma_xp_A1900_s047z_n65_r20_v00_90000.hdf5,A1900,n65,r20,v00,s047z,90000,0.002,1.0010321529422236e+19,5.096511897025794e+18,3.789204322888677e+18,0.5091256941194324,0.3785297317125615,3162280,1609998,1197017,6.414e+23,1080000000.0,particle_level_raw_snapshot_parent_normalized,All raw asteroid particles in the physical snapshot are included in the denominator; all raw bound/captured asteroid particles are included in the numerator. No FoF background or unresolved material is discarded for the particle-level metrics.,Particle-level Mars-centric energy and apoapsis classification from raw SPH snapshot. FoF-group diagnostics are preserved from existing CSV outputs only because FoF HDF5 catalogues are not available locally.
Ma_xp_A1900_s047z_n65_r20_v02_90000.hdf5,/rds/general/user/nny124/home/irp-nny124/martian_moon_data/Ma_xp_A1900_s047z_n65_r20_v02_90000.hdf5,A1900,n65,r20,v02,s047z,90000,0.002,1.0010321529422236e+19,4.1554034025046984e+18,3.0397249137443036e+18,0.4151118813008332,0.3036590687731633,3162280,1312700,960255,6.414e+23,1080000000.0,particle_level_raw_snapshot_parent_normalized,All raw asteroid particles in the physical snapshot are included in the denominator; all raw bound/captured asteroid particles are included in the numerator. No FoF background or unresolved material is discarded for the particle-level metrics.,Particle-level Mars-centric energy and apoapsis classification from raw SPH snapshot. FoF-group diagnostics are preserved from existing CSV outputs only because FoF HDF5 catalogues are not available locally.
Ma_xp_A1900_s047z_n65_r20_v04_90000.hdf5,/rds/general/user/nny124/home/irp-nny124/martian_moon_data/Ma_xp_A1900_s047z_n65_r20_v04_90000.hdf5,A1900,n65,r20,v04,s047z,90000,0.002,1.0010321529422236e+19,2.6083283872798116e+18,1.7474631477675453e+18,0.26056389693512233,0.17456613582604907,3162280,823976,552027,6.414e+23,1080000000.0,particle_level_raw_snapshot_parent_normalized,All raw asteroid particles in the physical snapshot are included in the denominator; all raw bound/captured asteroid particles are included in the numerator. No FoF background or unresolved material is discarded for the particle-level metrics.,Particle-level Mars-centric energy and apoapsis classification from raw SPH snapshot. FoF-group diagnostics are preserved from existing CSV outputs only because FoF HDF5 catalogues are not available locally.
Ma_xp_A1900_s047z_n65_r20_v06_90000.hdf5,/rds/general/user/nny124/home/irp-nny124/martian_moon_data/Ma_xp_A1900_s047z_n65_r20_v06_90000.hdf5,A1900,n65,r20,v06,s047z,90000,0.002,1.0010321529422236e+19,6.391318756577308e+17,0.0,0.06384728740022994,0.0,3162280,201903,0,6.414e+23,1080000000.0,particle_level_raw_snapshot_parent_normalized,All raw asteroid particles in the physical snapshot are included in the denominator; all raw bound/captured asteroid particles are included in the numerator. No FoF background or unresolved material is discarded for the particle-level metrics.,Particle-level Mars-centric energy and apoapsis classification from raw SPH snapshot. FoF-group diagnostics are preserved from existing CSV outputs only because FoF HDF5 catalogues are not available locally.
Ma_xp_A1900_s047z_n65_r22_v00_90000.hdf5,/rds/general/user/nny124/home/irp-nny124/martian_moon_data/Ma_xp_A1900_s047z_n65_r22_v00_90000.hdf5,A1900,n65,r22,v00,s047z,90000,0.002,1.0010321529422236e+19,5.754238150367929e+18,0.0,0.5748305020428296,0.0,3162280,1817775,0,6.414e+23,1080000000.0,particle_level_raw_snapshot_parent_normalized,All raw asteroid particles in the physical snapshot are included in the denominator; all raw bound/captured asteroid particles are included in the numerator. No FoF background or unresolved material is discarded for the particle-level metrics.,Particle-level Mars-centric energy and apoapsis classification from raw SPH snapshot. FoF-group diagnostics are preserved from existing CSV outputs only because FoF HDF5 catalogues are not available locally.
Ma_xp_A1900_s047z_n65_r24_v00_90000.hdf5,/rds/general/user/nny124/home/irp-nny124/martian_moon_data/Ma_xp_A1900_s047z_n65_r24_v00_90000.hdf5,A1900,n65,r24,v00,s047z,90000,0.002,1.0010321529422236e+19,5.122959977644312e+18,3.853632543694011e+17,0.5117677751495753,0.038496591067204516,3162280,1618353,121737,6.414e+23,1080000000.0,particle_level_raw_snapshot_parent_normalized,All raw asteroid particles in the physical snapshot are included in the denominator; all raw bound/captured asteroid particles are included in the numerator. No FoF background or unresolved material is discarded for the particle-level metrics.,Particle-level Mars-centric energy and apoapsis classification from raw SPH snapshot. FoF-group diagnostics are preserved from existing CSV outputs only because FoF HDF5 catalogues are not available locally.
Ma_xp_A1900_s086mz_n65_r12_v00_90000.hdf5,/rds/general/user/nny124/home/irp-nny124/martian_moon_data/Ma_xp_A1900_s086mz_n65_r12_v00_90000.hdf5,A1900,n65,r12,v00,s086mz,90000,0.002,1.0002453723261028e+19,4.286821008914614e+18,3.163326278590156e+18,0.4285769399707867,0.31625502762724494,3162277,1355279,1000086,6.414e+23,1080000000.0,particle_level_raw_snapshot_parent_normalized,All raw asteroid particles in the physical snapshot are included in the denominator; all raw bound/captured asteroid particles are included in the numerator. No FoF background or unresolved material is discarded for the particle-level metrics.,Particle-level Mars-centric energy and apoapsis classification from raw SPH snapshot. FoF-group diagnostics are preserved from existing CSV outputs only because FoF HDF5 catalogues are not available locally.
Ma_xp_A1900_s086x_n65_r12_v00_90000.hdf5,/rds/general/user/nny124/home/irp-nny124/martian_moon_data/Ma_xp_A1900_s086x_n65_r12_v00_90000.hdf5,A1900,n65,r12,v00,s086x,90000,0.002,1.0002453723261028e+19,5.219102783359947e+18,4.161760169743886e+18,0.521782247412228,0.41607392394783876,3162277,1650020,1315741,6.414e+23,1080000000.0,particle_level_raw_snapshot_parent_normalized,All raw asteroid particles in the physical snapshot are included in the denominator; all raw bound/captured asteroid particles are included in the numerator. No FoF background or unresolved material is discarded for the particle-level metrics.,Particle-level Mars-centric energy and apoapsis classification from raw SPH snapshot. FoF-group diagnostics are preserved from existing CSV outputs only because FoF HDF5 catalogues are not available locally.
Ma_xp_A1900_s086y_n65_r12_v00_90000.hdf5,/rds/general/user/nny124/home/irp-nny124/martian_moon_data/Ma_xp_A1900_s086y_n65_r12_v00_90000.hdf5,A1900,n65,r12,v00,s086y,90000,,,,,,,,,,,1080000000.0,particle_level_raw_snapshot_parent_normalized_failed,Raw particle-level extraction failed before classification.,"Particle-level extraction failed: ""Unable to open object (object 'Velocities' doesn't exist)"""
Ma_xp_A1900_s086z_n65_r12_v00_90000.hdf5,/rds/general/user/nny124/home/irp-nny124/martian_moon_data/Ma_xp_A1900_s086z_n65_r12_v00_90000.hdf5,A1900,n65,r12,v00,s086z,90000,0.002,1.0002453723261028e+19,5.068864032312062e+18,4.2743079662781783e+18,0.5067620578462918,0.4273259426672615,3162277,1602522,1351323,6.414e+23,1080000000.0,particle_level_raw_snapshot_parent_normalized,All raw asteroid particles in the physical snapshot are included in the denominator; all raw bound/captured asteroid particles are included in the numerator. No FoF background or unresolved material is discarded for the particle-level metrics.,Particle-level Mars-centric energy and apoapsis classification from raw SPH snapshot. FoF-group diagnostics are preserved from existing CSV outputs only because FoF HDF5 catalogues are not available locally.
Ma_xp_A1900_s086z_n65_r16_v00_90000.hdf5,/rds/general/user/nny124/home/irp-nny124/martian_moon_data/Ma_xp_A1900_s086z_n65_r16_v00_90000.hdf5,A1900,n65,r16,v00,s086z,90000,0.002,1.0002450560206772e+19,4.857318963675857e+18,4.357784131146272e+18,0.4856128940041915,0.4356716491539636,3162276,1535642,1377714,6.414e+23,1080000000.0,particle_level_raw_snapshot_parent_normalized,All raw asteroid particles in the physical snapshot are included in the denominator; all raw bound/captured asteroid particles are included in the numerator. No FoF background or unresolved material is discarded for the particle-level metrics.,Particle-level Mars-centric energy and apoapsis classification from raw SPH snapshot. FoF-group diagnostics are preserved from existing CSV outputs only because FoF HDF5 catalogues are not available locally.
Ma_xp_A1900_s170mz_n65_r12_v00_90000.hdf5,/rds/general/user/nny124/home/irp-nny124/martian_moon_data/Ma_xp_A1900_s170mz_n65_r12_v00_90000.hdf5,A1900,n65,r12,v00,s170mz,90000,0.002,9.987006332101372e+18,5.244782196098499e+18,3.5969930727200614e+18,0.5251605958474386,0.36016729669612774,3162286,1660708,1138952,6.414e+23,1080000000.0,particle_level_raw_snapshot_parent_normalized,All raw asteroid particles in the physical snapshot are included in the denominator; all raw bound/captured asteroid particles are included in the numerator. No FoF background or unresolved material is discarded for the particle-level metrics.,Particle-level Mars-centric energy and apoapsis classification from raw SPH snapshot. FoF-group diagnostics are preserved from existing CSV outputs only because FoF HDF5 catalogues are not available locally.
Ma_xp_A1900_s170x_n65_r12_v00_90000.hdf5,/rds/general/user/nny124/home/irp-nny124/martian_moon_data/Ma_xp_A1900_s170x_n65_r12_v00_90000.hdf5,A1900,n65,r12,v00,s170x,90000,0.002,9.987006332101372e+18,5.208453877332213e+18,4.152178717265004e+18,0.5215230374482299,0.41575809398644303,3162286,1649205,1314746,6.414e+23,1080000000.0,particle_level_raw_snapshot_parent_normalized,All raw asteroid particles in the physical snapshot are included in the denominator; all raw bound/captured asteroid particles are included in the numerator. No FoF background or unresolved material is discarded for the particle-level metrics.,Particle-level Mars-centric energy and apoapsis classification from raw SPH snapshot. FoF-group diagnostics are preserved from existing CSV outputs only because FoF HDF5 catalogues are not available locally.
Ma_xp_A1900_s170y_n65_r12_v00_90000.hdf5,/rds/general/user/nny124/home/irp-nny124/martian_moon_data/Ma_xp_A1900_s170y_n65_r12_v00_90000.hdf5,A1900,n65,r12,v00,s170y,90000,0.002,9.987006332101372e+18,5.140439735547399e+18,3.945682401301029e+18,0.5147127742399054,0.3950815960352771,3162286,1627669,1249361,6.414e+23,1080000000.0,particle_level_raw_snapshot_parent_normalized,All raw asteroid particles in the physical snapshot are included in the denominator; all raw bound/captured asteroid particles are included in the numerator. No FoF background or unresolved material is discarded for the particle-level metrics.,Particle-level Mars-centric energy and apoapsis classification from raw SPH snapshot. FoF-group diagnostics are preserved from existing CSV outputs only because FoF HDF5 catalogues are not available locally.
Ma_xp_A1900_s170z_n65_r12_v00_90000.hdf5,/rds/general/user/nny124/home/irp-nny124/martian_moon_data/Ma_xp_A1900_s170z_n65_r12_v00_90000.hdf5,A1900,n65,r12,v00,s170z,90000,0.002,9.987006332101372e+18,4.998161452600349e+18,4.276597603304872e+18,0.5004664347247573,0.4282161702009285,3162286,1582618,1354142,6.414e+23,1080000000.0,particle_level_raw_snapshot_parent_normalized,All raw asteroid particles in the physical snapshot are included in the denominator; all raw bound/captured asteroid particles are included in the numerator. No FoF background or unresolved material is discarded for the particle-level metrics.,Particle-level Mars-centric energy and apoapsis classification from raw SPH snapshot. FoF-group diagnostics are preserved from existing CSV outputs only because FoF HDF5 catalogues are not available locally.
Ma_xp_A1900_s170z_n65_r16_v00_90000.hdf5,/rds/general/user/nny124/home/irp-nny124/martian_moon_data/Ma_xp_A1900_s170z_n65_r16_v00_90000.hdf5,A1900,n65,r16,v00,s170z,90000,0.002,9.987006332101372e+18,5.179054562423463e+18,4.069084359700912e+18,0.518579280937908,0.40743784717764703,3162286,1639896,1288435,6.414e+23,1080000000.0,particle_level_raw_snapshot_parent_normalized,All raw asteroid particles in the physical snapshot are included in the denominator; all raw bound/captured asteroid particles are included in the numerator. No FoF background or unresolved material is discarded for the particle-level metrics.,Particle-level Mars-centric energy and apoapsis classification from raw SPH snapshot. FoF-group diagnostics are preserved from existing CSV outputs only because FoF HDF5 catalogues are not available locally.
Ma_xp_A1950_n65_r12_v00_90000.hdf5,/rds/general/user/nny124/home/irp-nny124/martian_moon_data/Ma_xp_A1950_n65_r12_v00_90000.hdf5,A1950,n65,r12,v00,,90000,0.0034,3.1616881362429153e+19,1.5694969592039959e+19,1.3930270817940847e+19,0.49641106003233265,0.4405959796684568,3227694,1602263,1422109,6.414e+23,1080000000.0,particle_level_raw_snapshot_parent_normalized,All raw asteroid particles in the physical snapshot are included in the denominator; all raw bound/captured asteroid particles are included in the numerator. No FoF background or unresolved material is discarded for the particle-level metrics.,Particle-level Mars-centric energy and apoapsis classification from raw SPH snapshot. FoF-group diagnostics are preserved from existing CSV outputs only because FoF HDF5 catalogues are not available locally.
Ma_xp_A1950_n65_r16_v00_90000.hdf5,/rds/general/user/nny124/home/irp-nny124/martian_moon_data/Ma_xp_A1950_n65_r16_v00_90000.hdf5,A1950,n65,r16,v00,,90000,0.0034,3.1616881362429153e+19,1.3492225787139764e+19,1.2261685504389157e+19,0.42674119665618865,0.387820840513382,3227694,1377390,1251767,6.414e+23,1080000000.0,particle_level_raw_snapshot_parent_normalized,All raw asteroid particles in the physical snapshot are included in the denominator; all raw bound/captured asteroid particles are included in the numerator. No FoF background or unresolved material is discarded for the particle-level metrics.,Particle-level Mars-centric energy and apoapsis classification from raw SPH snapshot. FoF-group diagnostics are preserved from existing CSV outputs only because FoF HDF5 catalogues are not available locally.
Ma_xp_A2000_n50_r12_v00_90000.hdf5,/rds/general/user/nny124/home/irp-nny124/martian_moon_data/Ma_xp_A2000_n50_r12_v00_90000.hdf5,A2000,n50,r12,v00,,90000,0.0126,9.995574085153178e+19,5.145182760060799e+19,4.641193406989589e+19,0.514746098245937,0.4643248469223331,108605,55904,50428,6.414e+23,1080000000.0,particle_level_raw_snapshot_parent_normalized,All raw asteroid particles in the physical snapshot are included in the denominator; all raw bound/captured asteroid particles are included in the numerator. No FoF background or unresolved material is discarded for the particle-level metrics.,Particle-level Mars-centric energy and apoapsis classification from raw SPH snapshot. FoF-group diagnostics are preserved from existing CSV outputs only because FoF HDF5 catalogues are not available locally.
Ma_xp_A2000_n50_r14_v00_90000.hdf5,/rds/general/user/nny124/home/irp-nny124/martian_moon_data/Ma_xp_A2000_n50_r14_v00_90000.hdf5,A2000,n50,r14,v00,,90000,0.0126,9.995574085153178e+19,4.862263974205996e+19,4.315753970820889e+19,0.48644169237143764,0.43176649325537486,108605,52830,46892,6.414e+23,1080000000.0,particle_level_raw_snapshot_parent_normalized,All raw asteroid particles in the physical snapshot are included in the denominator; all raw bound/captured asteroid particles are included in the numerator. No FoF background or unresolved material is discarded for the particle-level metrics.,Particle-level Mars-centric energy and apoapsis classification from raw SPH snapshot. FoF-group diagnostics are preserved from existing CSV outputs only because FoF HDF5 catalogues are not available locally.
Ma_xp_A2000_n50_r16_v00_90000.hdf5,/rds/general/user/nny124/home/irp-nny124/martian_moon_data/Ma_xp_A2000_n50_r16_v00_90000.hdf5,A2000,n50,r16,v00,,90000,0.0126,9.995574085153178e+19,4.25896773436272e+19,3.978533921578209e+19,0.4260853551862252,0.3980295566502462,108605,46275,43228,6.414e+23,1080000000.0,particle_level_raw_snapshot_parent_normalized,All raw asteroid particles in the physical snapshot are included in the denominator; all raw bound/captured asteroid particles are included in the numerator. No FoF background or unresolved material is discarded for the particle-level metrics.,Particle-level Mars-centric energy and apoapsis classification from raw SPH snapshot. FoF-group diagnostics are preserved from existing CSV outputs only because FoF HDF5 catalogues are not available locally.
Ma_xp_A2000_n55_r12_v00_90000.hdf5,/rds/general/user/nny124/home/irp-nny124/martian_moon_data/Ma_xp_A2000_n55_r12_v00_90000.hdf5,A2000,n55,r12,v00,,90000,0.0086,9.995973779491906e+19,5.11671644470261e+19,4.648809011830055e+19,0.5118777377347915,0.4650681478744689,319379,163483,148533,6.414e+23,1080000000.0,particle_level_raw_snapshot_parent_normalized,All raw asteroid particles in the physical snapshot are included in the denominator; all raw bound/captured asteroid particles are included in the numerator. No FoF background or unresolved material is discarded for the particle-level metrics.,Particle-level Mars-centric energy and apoapsis classification from raw SPH snapshot. FoF-group diagnostics are preserved from existing CSV outputs only because FoF HDF5 catalogues are not available locally.
Ma_xp_A2000_n55_r14_v00_90000.hdf5,/rds/general/user/nny124/home/irp-nny124/martian_moon_data/Ma_xp_A2000_n55_r14_v00_90000.hdf5,A2000,n55,r14,v00,,90000,0.0086,9.995911183179815e+19,4.934811561769146e+19,4.701953280794443e+19,0.49368301411811116,0.4703876609774655,319377,157671,150231,6.414e+23,1080000000.0,particle_level_raw_snapshot_parent_normalized,All raw asteroid particles in the physical snapshot are included in the denominator; all raw bound/captured asteroid particles are included in the numerator. No FoF background or unresolved material is discarded for the particle-level metrics.,Particle-level Mars-centric energy and apoapsis classification from raw SPH snapshot. FoF-group diagnostics are preserved from existing CSV outputs only because FoF HDF5 catalogues are not available locally.
Ma_xp_A2000_n55_r16_v00_90000.hdf5,/rds/general/user/nny124/home/irp-nny124/martian_moon_data/Ma_xp_A2000_n55_r16_v00_90000.hdf5,A2000,n55,r16,v00,,90000,0.0086,9.995973779491906e+19,4.152827132985146e+19,3.929546087760209e+19,0.4154499826225268,0.3931128846918551,319379,132686,125552,6.414e+23,1080000000.0,particle_level_raw_snapshot_parent_normalized,All raw asteroid particles in the physical snapshot are included in the denominator; all raw bound/captured asteroid particles are included in the numerator. No FoF background or unresolved material is discarded for the particle-level metrics.,Particle-level Mars-centric energy and apoapsis classification from raw SPH snapshot. FoF-group diagnostics are preserved from existing CSV outputs only because FoF HDF5 catalogues are not available locally.
Ma_xp_A2000_n60_r12_v00_90000.hdf5,/rds/general/user/nny124/home/irp-nny124/martian_moon_data/Ma_xp_A2000_n60_r12_v00_90000.hdf5,A2000,n60,r12,v00,,90000,0.0059,9.996145269787494e+19,5.011125686148634e+19,4.710930427200759e+19,0.5013058084794285,0.47127470640499286,1002827,502723,472607,6.414e+23,1080000000.0,particle_level_raw_snapshot_parent_normalized,All raw asteroid particles in the physical snapshot are included in the denominator; all raw bound/captured asteroid particles are included in the numerator. No FoF background or unresolved material is discarded for the particle-level metrics.,Particle-level Mars-centric energy and apoapsis classification from raw SPH snapshot. FoF-group diagnostics are preserved from existing CSV outputs only because FoF HDF5 catalogues are not available locally.
Ma_xp_A2000_n60_r14_v00_90000.hdf5,/rds/general/user/nny124/home/irp-nny124/martian_moon_data/Ma_xp_A2000_n60_r14_v00_90000.hdf5,A2000,n60,r14,v00,,90000,0.0059,9.996105397924173e+19,4.900311810012244e+19,4.476234671724345e+19,0.4902221030032217,0.4477978666225244,1002823,491606,449062,6.414e+23,1080000000.0,particle_level_raw_snapshot_parent_normalized,All raw asteroid particles in the physical snapshot are included in the denominator; all raw bound/captured asteroid particles are included in the numerator. No FoF background or unresolved material is discarded for the particle-level metrics.,Particle-level Mars-centric energy and apoapsis classification from raw SPH snapshot. FoF-group diagnostics are preserved from existing CSV outputs only because FoF HDF5 catalogues are not available locally.
Ma_xp_A2000_n60_r16_v00_90000.hdf5,/rds/general/user/nny124/home/irp-nny124/martian_moon_data/Ma_xp_A2000_n60_r16_v00_90000.hdf5,A2000,n60,r16,v00,,90000,0.0059,9.996145269787494e+19,4.617410971780088e+19,3.828296956817659e+19,0.46191915455008675,0.3829773231075746,1002827,463225,384060,6.414e+23,1080000000.0,particle_level_raw_snapshot_parent_normalized,All raw asteroid particles in the physical snapshot are included in the denominator; all raw bound/captured asteroid particles are included in the numerator. No FoF background or unresolved material is discarded for the particle-level metrics.,Particle-level Mars-centric energy and apoapsis classification from raw SPH snapshot. FoF-group diagnostics are preserved from existing CSV outputs only because FoF HDF5 catalogues are not available locally.
Ma_xp_A2000_n65_r11_v00_90000.hdf5,/rds/general/user/nny124/home/irp-nny124/martian_moon_data/Ma_xp_A2000_n65_r11_v00_90000.hdf5,A2000,n65,r11,v00,,90000,0.004,9.996273753160096e+19,5.257220612483676e+19,4.7865058604798304e+19,0.5259180312885813,0.47882900955635443,3227695,1697503,1545514,6.414e+23,1080000000.0,particle_level_raw_snapshot_parent_normalized,All raw asteroid particles in the physical snapshot are included in the denominator; all raw bound/captured asteroid particles are included in the numerator. No FoF background or unresolved material is discarded for the particle-level metrics.,Particle-level Mars-centric energy and apoapsis classification from raw SPH snapshot. FoF-group diagnostics are preserved from existing CSV outputs only because FoF HDF5 catalogues are not available locally.
Ma_xp_A2000_n65_r12_v00_90000.hdf5,/rds/general/user/nny124/home/irp-nny124/martian_moon_data/Ma_xp_A2000_n65_r12_v00_90000.hdf5,A2000,n65,r12,v00,,90000,0.004,9.996273753160096e+19,5.154696474879407e+19,4.437216430583603e+19,0.5156617958016472,0.443887046328726,3227695,1664399,1432732,6.414e+23,1080000000.0,particle_level_raw_snapshot_parent_normalized,All raw asteroid particles in the physical snapshot are included in the denominator; all raw bound/captured asteroid particles are included in the numerator. No FoF background or unresolved material is discarded for the particle-level metrics.,Particle-level Mars-centric energy and apoapsis classification from raw SPH snapshot. FoF-group diagnostics are preserved from existing CSV outputs only because FoF HDF5 catalogues are not available locally.
Ma_xp_A2000_n65_r12_v02_90000.hdf5,/rds/general/user/nny124/home/irp-nny124/martian_moon_data/Ma_xp_A2000_n65_r12_v02_90000.hdf5,A2000,n65,r12,v02,,90000,0.004,9.996258268001563e+19,4.696828210393158e+19,4.421108768679308e+19,0.4698586295462072,0.44227636483057464,3227690,1516558,1427531,6.414e+23,1080000000.0,particle_level_raw_snapshot_parent_normalized,All raw asteroid particles in the physical snapshot are included in the denominator; all raw bound/captured asteroid particles are included in the numerator. No FoF background or unresolved material is discarded for the particle-level metrics.,Particle-level Mars-centric energy and apoapsis classification from raw SPH snapshot. FoF-group diagnostics are preserved from existing CSV outputs only because FoF HDF5 catalogues are not available locally.
Ma_xp_A2000_n65_r12_v04_90000.hdf5,/rds/general/user/nny124/home/irp-nny124/martian_moon_data/Ma_xp_A2000_n65_r12_v04_90000.hdf5,A2000,n65,r12,v04,,90000,0.004,9.996273753160096e+19,4.1624632627621085e+19,3.6461447188834783e+19,0.41640148774899644,0.3647503868859966,3227695,1344017,1177303,6.414e+23,1080000000.0,particle_level_raw_snapshot_parent_normalized,All raw asteroid particles in the physical snapshot are included in the denominator; all raw bound/captured asteroid particles are included in the numerator. No FoF background or unresolved material is discarded for the particle-level metrics.,Particle-level Mars-centric energy and apoapsis classification from raw SPH snapshot. FoF-group diagnostics are preserved from existing CSV outputs only because FoF HDF5 catalogues are not available locally.
Ma_xp_A2000_n65_r12_v06_90000.hdf5,/rds/general/user/nny124/home/irp-nny124/martian_moon_data/Ma_xp_A2000_n65_r12_v06_90000.hdf5,A2000,n65,r12,v06,,90000,0.004,9.996273753160096e+19,3.2022285822339633e+19,2.4943895976397697e+19,0.3203422256439957,0.24953194152483316,3227695,1033967,805413,6.414e+23,1080000000.0,particle_level_raw_snapshot_parent_normalized,All raw asteroid particles in the physical snapshot are included in the denominator; all raw bound/captured asteroid particles are included in the numerator. No FoF background or unresolved material is discarded for the particle-level metrics.,Particle-level Mars-centric energy and apoapsis classification from raw SPH snapshot. FoF-group diagnostics are preserved from existing CSV outputs only because FoF HDF5 catalogues are not available locally.
Ma_xp_A2000_n65_r12_v08_90000.hdf5,/rds/general/user/nny124/home/irp-nny124/martian_moon_data/Ma_xp_A2000_n65_r12_v08_90000.hdf5,A2000,n65,r12,v08,,90000,0.004,9.996273753160096e+19,1.6898024395734962e+19,1.389526633460656e+19,0.169043233638865,0.13900445983898635,3227695,545620,448664,6.414e+23,1080000000.0,particle_level_raw_snapshot_parent_normalized,All raw asteroid particles in the physical snapshot are included in the denominator; all raw bound/captured asteroid particles are included in the numerator. No FoF background or unresolved material is discarded for the particle-level metrics.,Particle-level Mars-centric energy and apoapsis classification from raw SPH snapshot. FoF-group diagnostics are preserved from existing CSV outputs only because FoF HDF5 catalogues are not available locally.
Ma_xp_A2000_n65_r12_v10_90000.hdf5,/rds/general/user/nny124/home/irp-nny124/martian_moon_data/Ma_xp_A2000_n65_r12_v10_90000.hdf5,A2000,n65,r12,v10,,90000,0.004,9.996273753160096e+19,4.066340689694676e+18,2.62182316125754e+18,0.04067856473427605,0.02622800481458113,3227695,131298,84656,6.414e+23,1080000000.0,particle_level_raw_snapshot_parent_normalized,All raw asteroid particles in the physical snapshot are included in the denominator; all raw bound/captured asteroid particles are included in the numerator. No FoF background or unresolved material is discarded for the particle-level metrics.,Particle-level Mars-centric energy and apoapsis classification from raw SPH snapshot. FoF-group diagnostics are preserved from existing CSV outputs only because FoF HDF5 catalogues are not available locally.
Ma_xp_A2000_n65_r12_v12_90000.hdf5,/rds/general/user/nny124/home/irp-nny124/martian_moon_data/Ma_xp_A2000_n65_r12_v12_90000.hdf5,A2000,n65,r12,v12,,90000,0.004,9.996273753160096e+19,0.0,0.0,0.0,0.0,3227695,0,0,6.414e+23,1080000000.0,particle_level_raw_snapshot_parent_normalized,All raw asteroid particles in the physical snapshot are included in the denominator; all raw bound/captured asteroid particles are included in the numerator. No FoF background or unresolved material is discarded for the particle-level metrics.,Particle-level Mars-centric energy and apoapsis classification from raw SPH snapshot. FoF-group diagnostics are preserved from existing CSV outputs only because FoF HDF5 catalogues are not available locally.
Ma_xp_A2000_n65_r12_v14_90000.hdf5,/rds/general/user/nny124/home/irp-nny124/martian_moon_data/Ma_xp_A2000_n65_r12_v14_90000.hdf5,A2000,n65,r12,v14,,90000,0.004,9.996273753160096e+19,0.0,0.0,0.0,0.0,3227695,0,0,6.414e+23,1080000000.0,particle_level_raw_snapshot_parent_normalized,All raw asteroid particles in the physical snapshot are included in the denominator; all raw bound/captured asteroid particles are included in the numerator. No FoF background or unresolved material is discarded for the particle-level metrics.,Particle-level Mars-centric energy and apoapsis classification from raw SPH snapshot. FoF-group diagnostics are preserved from existing CSV outputs only because FoF HDF5 catalogues are not available locally.
Ma_xp_A2000_n65_r12_v16_90000.hdf5,/rds/general/user/nny124/home/irp-nny124/martian_moon_data/Ma_xp_A2000_n65_r12_v16_90000.hdf5,A2000,n65,r12,v16,,90000,0.004,9.996273753160096e+19,0.0,0.0,0.0,0.0,3227695,0,0,6.414e+23,1080000000.0,particle_level_raw_snapshot_parent_normalized,All raw asteroid particles in the physical snapshot are included in the denominator; all raw bound/captured asteroid particles are included in the numerator. No FoF background or unresolved material is discarded for the particle-level metrics.,Particle-level Mars-centric energy and apoapsis classification from raw SPH snapshot. FoF-group diagnostics are preserved from existing CSV outputs only because FoF HDF5 catalogues are not available locally.
Ma_xp_A2000_n65_r13_v00_90000.hdf5,/rds/general/user/nny124/home/irp-nny124/martian_moon_data/Ma_xp_A2000_n65_r13_v00_90000.hdf5,A2000,n65,r13,v00,,90000,0.004,9.996273753160096e+19,5.15456949657945e+19,4.238495391150968e+19,0.5156490932383628,0.424007534788757,3227695,1664358,1368567,6.414e+23,1080000000.0,particle_level_raw_snapshot_parent_normalized,All raw asteroid particles in the physical snapshot are included in the denominator; all raw bound/captured asteroid particles are included in the numerator. No FoF background or unresolved material is discarded for the particle-level metrics.,Particle-level Mars-centric energy and apoapsis classification from raw SPH snapshot. FoF-group diagnostics are preserved from existing CSV outputs only because FoF HDF5 catalogues are not available locally.
Ma_xp_A2000_n65_r14_v00_90000.hdf5,/rds/general/user/nny124/home/irp-nny124/martian_moon_data/Ma_xp_A2000_n65_r14_v00_90000.hdf5,A2000,n65,r14,v00,,90000,0.004,9.996273753160096e+19,5.124032763955655e+19,4.363819876176777e+19,0.512594281677791,0.43654465493176936,3227695,1654498,1409033,6.414e+23,1080000000.0,particle_level_raw_snapshot_parent_normalized,All raw asteroid particles in the physical snapshot are included in the denominator; all raw bound/captured asteroid particles are included in the numerator. No FoF background or unresolved material is discarded for the particle-level metrics.,Particle-level Mars-centric energy and apoapsis classification from raw SPH snapshot. FoF-group diagnostics are preserved from existing CSV outputs only because FoF HDF5 catalogues are not available locally.
Ma_xp_A2000_n65_r14_v02_90000.hdf5,/rds/general/user/nny124/home/irp-nny124/martian_moon_data/Ma_xp_A2000_n65_r14_v02_90000.hdf5,A2000,n65,r14,v02,,90000,0.004,9.996273753160096e+19,4.514474983528145e+19,4.1035143612650185e+19,0.45161578154069615,0.4105044001989026,3227695,1457678,1324983,6.414e+23,1080000000.0,particle_level_raw_snapshot_parent_normalized,All raw asteroid particles in the physical snapshot are included in the denominator; all raw bound/captured asteroid particles are included in the numerator. No FoF background or unresolved material is discarded for the particle-level metrics.,Particle-level Mars-centric energy and apoapsis classification from raw SPH snapshot. FoF-group diagnostics are preserved from existing CSV outputs only because FoF HDF5 catalogues are not available locally.
Ma_xp_A2000_n65_r14_v04_90000.hdf5,/rds/general/user/nny124/home/irp-nny124/martian_moon_data/Ma_xp_A2000_n65_r14_v04_90000.hdf5,A2000,n65,r14,v04,,90000,0.004,9.996273753160096e+19,3.793507681531085e+19,3.539352871587973e+19,0.3794921763053811,0.3540672213452624,3227695,1224885,1142821,6.414e+23,1080000000.0,particle_level_raw_snapshot_parent_normalized,All raw asteroid particles in the physical snapshot are included in the denominator; all raw bound/captured asteroid particles are included in the numerator. No FoF background or unresolved material is discarded for the particle-level metrics.,Particle-level Mars-centric energy and apoapsis classification from raw SPH snapshot. FoF-group diagnostics are preserved from existing CSV outputs only because FoF HDF5 catalogues are not available locally.
Ma_xp_A2000_n65_r14_v06_90000.hdf5,/rds/general/user/nny124/home/irp-nny124/martian_moon_data/Ma_xp_A2000_n65_r14_v06_90000.hdf5,A2000,n65,r14,v06,,90000,0.004,9.996273753160096e+19,2.7271563066193998e+19,2.488526916619806e+19,0.2728172891180847,0.24894545488343736,3227695,880571,803520,6.414e+23,1080000000.0,particle_level_raw_snapshot_parent_normalized,All raw asteroid particles in the physical snapshot are included in the denominator; all raw bound/captured asteroid particles are included in the numerator. No FoF background or unresolved material is discarded for the particle-level metrics.,Particle-level Mars-centric energy and apoapsis classification from raw SPH snapshot. FoF-group diagnostics are preserved from existing CSV outputs only because FoF HDF5 catalogues are not available locally.
Ma_xp_A2000_n65_r14_v08_90000.hdf5,/rds/general/user/nny124/home/irp-nny124/martian_moon_data/Ma_xp_A2000_n65_r14_v08_90000.hdf5,A2000,n65,r14,v08,,90000,0.004,9.996273753160096e+19,1.5079261555912501e+19,1.2563171057106924e+19,0.15084882555507778,0.12567854149787924,3227695,486894,405652,6.414e+23,1080000000.0,particle_level_raw_snapshot_parent_normalized,All raw asteroid particles in the physical snapshot are included in the denominator; all raw bound/captured asteroid particles are included in the numerator. No FoF background or unresolved material is discarded for the particle-level metrics.,Particle-level Mars-centric energy and apoapsis classification from raw SPH snapshot. FoF-group diagnostics are preserved from existing CSV outputs only because FoF HDF5 catalogues are not available locally.
Ma_xp_A2000_n65_r14_v10_90000.hdf5,/rds/general/user/nny124/home/irp-nny124/martian_moon_data/Ma_xp_A2000_n65_r14_v10_90000.hdf5,A2000,n65,r14,v10,,90000,0.004,9.996273753160096e+19,2.331817112282682e+18,1.292701034195919e+17,0.023326863287887956,0.0012931829060676343,3227695,75292,4174,6.414e+23,1080000000.0,particle_level_raw_snapshot_parent_normalized,All raw asteroid particles in the physical snapshot are included in the denominator; all raw bound/captured asteroid particles are included in the numerator. No FoF background or unresolved material is discarded for the particle-level metrics.,Particle-level Mars-centric energy and apoapsis classification from raw SPH snapshot. FoF-group diagnostics are preserved from existing CSV outputs only because FoF HDF5 catalogues are not available locally.
Ma_xp_A2000_n65_r15_v00_90000.hdf5,/rds/general/user/nny124/home/irp-nny124/martian_moon_data/Ma_xp_A2000_n65_r15_v00_90000.hdf5,A2000,n65,r15,v00,,90000,0.004,9.996273753160096e+19,4.406766414847584e+19,4.278366577337452e+19,0.4408409096894214,0.42799613966003514,3227695,1422900,1381441,6.414e+23,1080000000.0,particle_level_raw_snapshot_parent_normalized,All raw asteroid particles in the physical snapshot are included in the denominator; all raw bound/captured asteroid particles are included in the numerator. No FoF background or unresolved material is discarded for the particle-level metrics.,Particle-level Mars-centric energy and apoapsis classification from raw SPH snapshot. FoF-group diagnostics are preserved from existing CSV outputs only because FoF HDF5 catalogues are not available locally.
Ma_xp_A2000_n65_r16_v00_90000.hdf5,/rds/general/user/nny124/home/irp-nny124/martian_moon_data/Ma_xp_A2000_n65_r16_v00_90000.hdf5,A2000,n65,r16,v00,,90000,0.004,9.996273753160096e+19,4.458920428781124e+19,4.036163212748826e+19,0.44605825519449555,0.40376677474172656,3227695,1439740,1303236,6.414e+23,1080000000.0,particle_level_raw_snapshot_parent_normalized,All raw asteroid particles in the physical snapshot are included in the denominator; all raw bound/captured asteroid particles are included in the numerator. No FoF background or unresolved material is discarded for the particle-level metrics.,Particle-level Mars-centric energy and apoapsis classification from raw SPH snapshot. FoF-group diagnostics are preserved from existing CSV outputs only because FoF HDF5 catalogues are not available locally.
Ma_xp_A2000_n65_r16_v02_90000.hdf5,/rds/general/user/nny124/home/irp-nny124/martian_moon_data/Ma_xp_A2000_n65_r16_v02_90000.hdf5,A2000,n65,r16,v02,,90000,0.004,9.996273753160096e+19,4.064662098509897e+19,3.696081258115331e+19,0.40661772565251586,0.36974590226152004,3227695,1312438,1193427,6.414e+23,1080000000.0,particle_level_raw_snapshot_parent_normalized,All raw asteroid particles in the physical snapshot are included in the denominator; all raw bound/captured asteroid particles are included in the numerator. No FoF background or unresolved material is discarded for the particle-level metrics.,Particle-level Mars-centric energy and apoapsis classification from raw SPH snapshot. FoF-group diagnostics are preserved from existing CSV outputs only because FoF HDF5 catalogues are not available locally.
Ma_xp_A2000_n65_r16_v04_90000.hdf5,/rds/general/user/nny124/home/irp-nny124/martian_moon_data/Ma_xp_A2000_n65_r16_v04_90000.hdf5,A2000,n65,r16,v04,,90000,0.004,9.996273753160096e+19,3.33960981169227e+19,2.9831662385545654e+19,0.3340854696617855,0.29842782542960117,3227695,1078326,963234,6.414e+23,1080000000.0,particle_level_raw_snapshot_parent_normalized,All raw asteroid particles in the physical snapshot are included in the denominator; all raw bound/captured asteroid particles are included in the numerator. No FoF background or unresolved material is discarded for the particle-level metrics.,Particle-level Mars-centric energy and apoapsis classification from raw SPH snapshot. FoF-group diagnostics are preserved from existing CSV outputs only because FoF HDF5 catalogues are not available locally.
Ma_xp_A2000_n65_r16_v06_90000.hdf5,/rds/general/user/nny124/home/irp-nny124/martian_moon_data/Ma_xp_A2000_n65_r16_v06_90000.hdf5,A2000,n65,r16,v06,,90000,0.004,9.996273753160096e+19,2.3133866765986894e+19,1.958197401302023e+19,0.2314249022909526,0.19589273459852807,3227695,746969,632282,6.414e+23,1080000000.0,particle_level_raw_snapshot_parent_normalized,All raw asteroid particles in the physical snapshot are included in the denominator; all raw bound/captured asteroid particles are included in the numerator. No FoF background or unresolved material is discarded for the particle-level metrics.,Particle-level Mars-centric energy and apoapsis classification from raw SPH snapshot. FoF-group diagnostics are preserved from existing CSV outputs only because FoF HDF5 catalogues are not available locally.
Ma_xp_A2000_n65_r16_v08_90000.hdf5,/rds/general/user/nny124/home/irp-nny124/martian_moon_data/Ma_xp_A2000_n65_r16_v08_90000.hdf5,A2000,n65,r16,v08,,90000,0.004,9.996273753160096e+19,7.644898885652272e+18,6.253030896221678e+18,0.07647748625567112,0.06255361798435065,3227695,246846,201904,6.414e+23,1080000000.0,particle_level_raw_snapshot_parent_normalized,All raw asteroid particles in the physical snapshot are included in the denominator; all raw bound/captured asteroid particles are included in the numerator. No FoF background or unresolved material is discarded for the particle-level metrics.,Particle-level Mars-centric energy and apoapsis classification from raw SPH snapshot. FoF-group diagnostics are preserved from existing CSV outputs only because FoF HDF5 catalogues are not available locally.
Ma_xp_A2000_n65_r16_v10_90000.hdf5,/rds/general/user/nny124/home/irp-nny124/martian_moon_data/Ma_xp_A2000_n65_r16_v10_90000.hdf5,A2000,n65,r16,v10,,90000,0.004,9.996273753160096e+19,0.0,0.0,0.0,0.0,3227695,0,0,6.414e+23,1080000000.0,particle_level_raw_snapshot_parent_normalized,All raw asteroid particles in the physical snapshot are included in the denominator; all raw bound/captured asteroid particles are included in the numerator. No FoF background or unresolved material is discarded for the particle-level metrics.,Particle-level Mars-centric energy and apoapsis classification from raw SPH snapshot. FoF-group diagnostics are preserved from existing CSV outputs only because FoF HDF5 catalogues are not available locally.
Ma_xp_A2000_n65_r17_v00_90000.hdf5,/rds/general/user/nny124/home/irp-nny124/martian_moon_data/Ma_xp_A2000_n65_r17_v00_90000.hdf5,A2000,n65,r17,v00,,90000,0.004,9.996273753160096e+19,3.878611015787601e+19,3.3581858078664606e+19,0.38800568207342917,0.33594376172469725,3227695,1252364,1084324,6.414e+23,1080000000.0,particle_level_raw_snapshot_parent_normalized,All raw asteroid particles in the physical snapshot are included in the denominator; all raw bound/captured asteroid particles are included in the numerator. No FoF background or unresolved material is discarded for the particle-level metrics.,Particle-level Mars-centric energy and apoapsis classification from raw SPH snapshot. FoF-group diagnostics are preserved from existing CSV outputs only because FoF HDF5 catalogues are not available locally.
Ma_xp_A2000_n65_r18_v00_90000.hdf5,/rds/general/user/nny124/home/irp-nny124/martian_moon_data/Ma_xp_A2000_n65_r18_v00_90000.hdf5,A2000,n65,r18,v00,,90000,0.004,9.996273753160096e+19,4.149167705647103e+19,2.4614588595070304e+19,0.4150714364275426,0.24623764017355926,3227695,1339724,794780,6.414e+23,1080000000.0,particle_level_raw_snapshot_parent_normalized,All raw asteroid particles in the physical snapshot are included in the denominator; all raw bound/captured asteroid particles are included in the numerator. No FoF background or unresolved material is discarded for the particle-level metrics.,Particle-level Mars-centric energy and apoapsis classification from raw SPH snapshot. FoF-group diagnostics are preserved from existing CSV outputs only because FoF HDF5 catalogues are not available locally.
Ma_xp_A2000_n65_r18_v02_90000.hdf5,/rds/general/user/nny124/home/irp-nny124/martian_moon_data/Ma_xp_A2000_n65_r18_v02_90000.hdf5,A2000,n65,r18,v02,,90000,0.004,9.996273753160096e+19,3.437008361822667e+19,1.8874302268138172e+19,0.3438289553380963,0.18881337920714195,3227695,1109775,609432,6.414e+23,1080000000.0,particle_level_raw_snapshot_parent_normalized,All raw asteroid particles in the physical snapshot are included in the denominator; all raw bound/captured asteroid particles are included in the numerator. No FoF background or unresolved material is discarded for the particle-level metrics.,Particle-level Mars-centric energy and apoapsis classification from raw SPH snapshot. FoF-group diagnostics are preserved from existing CSV outputs only because FoF HDF5 catalogues are not available locally.
Ma_xp_A2000_n65_r18_v04_90000.hdf5,/rds/general/user/nny124/home/irp-nny124/martian_moon_data/Ma_xp_A2000_n65_r18_v04_90000.hdf5,A2000,n65,r18,v04,,90000,0.004,9.996273753160096e+19,1.6945470921474976e+19,1.428149715869514e+19,0.16951787575963542,0.142868207807738,3227695,547152,461135,6.414e+23,1080000000.0,particle_level_raw_snapshot_parent_normalized,All raw asteroid particles in the physical snapshot are included in the denominator; all raw bound/captured asteroid particles are included in the numerator. No FoF background or unresolved material is discarded for the particle-level metrics.,Particle-level Mars-centric energy and apoapsis classification from raw SPH snapshot. FoF-group diagnostics are preserved from existing CSV outputs only because FoF HDF5 catalogues are not available locally.
Ma_xp_A2000_n65_r18_v06_90000.hdf5,/rds/general/user/nny124/home/irp-nny124/martian_moon_data/Ma_xp_A2000_n65_r18_v06_90000.hdf5,A2000,n65,r18,v06,,90000,0.004,9.996273753160096e+19,0.0,0.0,0.0,0.0,3227695,0,0,6.414e+23,1080000000.0,particle_level_raw_snapshot_parent_normalized,All raw asteroid particles in the physical snapshot are included in the denominator; all raw bound/captured asteroid particles are included in the numerator. No FoF background or unresolved material is discarded for the particle-level metrics.,Particle-level Mars-centric energy and apoapsis classification from raw SPH snapshot. FoF-group diagnostics are preserved from existing CSV outputs only because FoF HDF5 catalogues are not available locally.
Ma_xp_A2000_n65_r18_v08_90000.hdf5,/rds/general/user/nny124/home/irp-nny124/martian_moon_data/Ma_xp_A2000_n65_r18_v08_90000.hdf5,A2000,n65,r18,v08,,90000,0.004,9.996273753160096e+19,0.0,0.0,0.0,0.0,3227695,0,0,6.414e+23,1080000000.0,particle_level_raw_snapshot_parent_normalized,All raw asteroid particles in the physical snapshot are included in the denominator; all raw bound/captured asteroid particles are included in the numerator. No FoF background or unresolved material is discarded for the particle-level metrics.,Particle-level Mars-centric energy and apoapsis classification from raw SPH snapshot. FoF-group diagnostics are preserved from existing CSV outputs only because FoF HDF5 catalogues are not available locally.
Ma_xp_A2000_n65_r18_v10_90000.hdf5,/rds/general/user/nny124/home/irp-nny124/martian_moon_data/Ma_xp_A2000_n65_r18_v10_90000.hdf5,A2000,n65,r18,v10,,90000,0.004,9.996273753160096e+19,0.0,0.0,0.0,0.0,3227695,0,0,6.414e+23,1080000000.0,particle_level_raw_snapshot_parent_normalized,All raw asteroid particles in the physical snapshot are included in the denominator; all raw bound/captured asteroid particles are included in the numerator. No FoF background or unresolved material is discarded for the particle-level metrics.,Particle-level Mars-centric energy and apoapsis classification from raw SPH snapshot. FoF-group diagnostics are preserved from existing CSV outputs only because FoF HDF5 catalogues are not available locally.
Ma_xp_A2000_n65_r19_v00_90000.hdf5,/rds/general/user/nny124/home/irp-nny124/martian_moon_data/Ma_xp_A2000_n65_r19_v00_90000.hdf5,A2000,n65,r19,v00,,90000,0.004,9.996273753160096e+19,5.7542477458639675e+19,3.3052234686575854e+19,0.5756392719882139,0.3306455535606669,3227695,1857988,1067223,6.414e+23,1080000000.0,particle_level_raw_snapshot_parent_normalized,All raw asteroid particles in the physical snapshot are included in the denominator; all raw bound/captured asteroid particles are included in the numerator. No FoF background or unresolved material is discarded for the particle-level metrics.,Particle-level Mars-centric energy and apoapsis classification from raw SPH snapshot. FoF-group diagnostics are preserved from existing CSV outputs only because FoF HDF5 catalogues are not available locally.
Ma_xp_A2000_n65_r20_v00_90000.hdf5,/rds/general/user/nny124/home/irp-nny124/martian_moon_data/Ma_xp_A2000_n65_r20_v00_90000.hdf5,A2000,n65,r20,v00,,90000,0.004,9.996273753160096e+19,5.664882895979627e+19,1.6608699693735483e+19,0.566699455803599,0.16614890812173905,3227695,1829133,536278,6.414e+23,1080000000.0,particle_level_raw_snapshot_parent_normalized,All raw asteroid particles in the physical snapshot are included in the denominator; all raw bound/captured asteroid particles are included in the numerator. No FoF background or unresolved material is discarded for the particle-level metrics.,Particle-level Mars-centric energy and apoapsis classification from raw SPH snapshot. FoF-group diagnostics are preserved from existing CSV outputs only because FoF HDF5 catalogues are not available locally.
Ma_xp_A2000_n65_r20_v02_90000.hdf5,/rds/general/user/nny124/home/irp-nny124/martian_moon_data/Ma_xp_A2000_n65_r20_v02_90000.hdf5,A2000,n65,r20,v02,,90000,0.004,9.996273753160096e+19,3.7675019062935585e+19,5.012948430715238e+18,0.3768906293810279,0.05014817075343208,3227695,1216488,161863,6.414e+23,1080000000.0,particle_level_raw_snapshot_parent_normalized,All raw asteroid particles in the physical snapshot are included in the denominator; all raw bound/captured asteroid particles are included in the numerator. No FoF background or unresolved material is discarded for the particle-level metrics.,Particle-level Mars-centric energy and apoapsis classification from raw SPH snapshot. FoF-group diagnostics are preserved from existing CSV outputs only because FoF HDF5 catalogues are not available locally.
Ma_xp_A2000_n65_r20_v04_90000.hdf5,/rds/general/user/nny124/home/irp-nny124/martian_moon_data/Ma_xp_A2000_n65_r20_v04_90000.hdf5,A2000,n65,r20,v04,,90000,0.004,9.996273753160096e+19,2.309487513680495e+18,526495390065420.0,0.023103484065253845,5.266916483744559e-06,3227695,74571,17,6.414e+23,1080000000.0,particle_level_raw_snapshot_parent_normalized,All raw asteroid particles in the physical snapshot are included in the denominator; all raw bound/captured asteroid particles are included in the numerator. No FoF background or unresolved material is discarded for the particle-level metrics.,Particle-level Mars-centric energy and apoapsis classification from raw SPH snapshot. FoF-group diagnostics are preserved from existing CSV outputs only because FoF HDF5 catalogues are not available locally.
Ma_xp_A2000_n65_r20_v06_90000.hdf5,/rds/general/user/nny124/home/irp-nny124/martian_moon_data/Ma_xp_A2000_n65_r20_v06_90000.hdf5,A2000,n65,r20,v06,,90000,0.004,9.996273753160096e+19,0.0,0.0,0.0,0.0,3227695,0,0,6.414e+23,1080000000.0,particle_level_raw_snapshot_parent_normalized,All raw asteroid particles in the physical snapshot are included in the denominator; all raw bound/captured asteroid particles are included in the numerator. No FoF background or unresolved material is discarded for the particle-level metrics.,Particle-level Mars-centric energy and apoapsis classification from raw SPH snapshot. FoF-group diagnostics are preserved from existing CSV outputs only because FoF HDF5 catalogues are not available locally.
Ma_xp_A2000_n65_r22_v00_90000.hdf5,/rds/general/user/nny124/home/irp-nny124/martian_moon_data/Ma_xp_A2000_n65_r22_v00_90000.hdf5,A2000,n65,r22,v00,,90000,0.004,9.996273753160096e+19,5.156316222461784e+19,1.4617153455020376e+19,0.5158238309381764,0.14622602197543352,3227695,1664922,471973,6.414e+23,1080000000.0,particle_level_raw_snapshot_parent_normalized,All raw asteroid particles in the physical snapshot are included in the denominator; all raw bound/captured asteroid particles are included in the numerator. No FoF background or unresolved material is discarded for the particle-level metrics.,Particle-level Mars-centric energy and apoapsis classification from raw SPH snapshot. FoF-group diagnostics are preserved from existing CSV outputs only because FoF HDF5 catalogues are not available locally.
Ma_xp_A2000_n65_r24_v00_90000.hdf5,/rds/general/user/nny124/home/irp-nny124/martian_moon_data/Ma_xp_A2000_n65_r24_v00_90000.hdf5,A2000,n65,r24,v00,,90000,0.004,9.996273753160096e+19,5.12823543598106e+19,6.356533695845127e+18,0.5130147055406404,0.06358903180133149,3227695,1655855,205246,6.414e+23,1080000000.0,particle_level_raw_snapshot_parent_normalized,All raw asteroid particles in the physical snapshot are included in the denominator; all raw bound/captured asteroid particles are included in the numerator. No FoF background or unresolved material is discarded for the particle-level metrics.,Particle-level Mars-centric energy and apoapsis classification from raw SPH snapshot. FoF-group diagnostics are preserved from existing CSV outputs only because FoF HDF5 catalogues are not available locally.
Ma_xp_A2000_s030mz_n65_r12_v00_90000.hdf5,/rds/general/user/nny124/home/irp-nny124/martian_moon_data/Ma_xp_A2000_s030mz_n65_r12_v00_90000.hdf5,A2000,n65,r12,v00,s030mz,90000,0.004,9.950936692575407e+19,4.820897767616836e+19,2.1108235381929165e+19,0.4844667307765916,0.21212309990554398,3162277,1532018,670792,6.414e+23,1080000000.0,particle_level_raw_snapshot_parent_normalized,All raw asteroid particles in the physical snapshot are included in the denominator; all raw bound/captured asteroid particles are included in the numerator. No FoF background or unresolved material is discarded for the particle-level metrics.,Particle-level Mars-centric energy and apoapsis classification from raw SPH snapshot. FoF-group diagnostics are preserved from existing CSV outputs only because FoF HDF5 catalogues are not available locally.
Ma_xp_A2000_s030x_n65_r12_v00_90000.hdf5,/rds/general/user/nny124/home/irp-nny124/martian_moon_data/Ma_xp_A2000_s030x_n65_r12_v00_90000.hdf5,A2000,n65,r12,v00,s030x,90000,0.004,9.950936692575407e+19,5.046020349200782e+19,4.644251072158339e+19,0.5070899861081137,0.46671496519754846,3162277,1603559,1475882,6.414e+23,1080000000.0,particle_level_raw_snapshot_parent_normalized,All raw asteroid particles in the physical snapshot are included in the denominator; all raw bound/captured asteroid particles are included in the numerator. No FoF background or unresolved material is discarded for the particle-level metrics.,Particle-level Mars-centric energy and apoapsis classification from raw SPH snapshot. FoF-group diagnostics are preserved from existing CSV outputs only because FoF HDF5 catalogues are not available locally.
Ma_xp_A2000_s030x_n65_r16_v00_90000.hdf5,/rds/general/user/nny124/home/irp-nny124/martian_moon_data/Ma_xp_A2000_s030x_n65_r16_v00_90000.hdf5,A2000,n65,r16,v00,s030x,90000,0.004,9.950936692575407e+19,4.96752119598524e+19,3.95686583898631e+19,0.4992013666102013,0.3976375251124456,3162277,1578613,1257440,6.414e+23,1080000000.0,particle_level_raw_snapshot_parent_normalized,All raw asteroid particles in the physical snapshot are included in the denominator; all raw bound/captured asteroid particles are included in the numerator. No FoF background or unresolved material is discarded for the particle-level metrics.,Particle-level Mars-centric energy and apoapsis classification from raw SPH snapshot. FoF-group diagnostics are preserved from existing CSV outputs only because FoF HDF5 catalogues are not available locally.
Ma_xp_A2000_s030x_n65_r16_v06_90000.hdf5,/rds/general/user/nny124/home/irp-nny124/martian_moon_data/Ma_xp_A2000_s030x_n65_r16_v06_90000.hdf5,A2000,n65,r16,v06,s030x,90000,0.004,9.950936692575407e+19,2.17588601281348e+19,1.911076454545717e+19,0.2186614265606726,0.19204990581154124,3162277,691468,607315,6.414e+23,1080000000.0,particle_level_raw_snapshot_parent_normalized,All raw asteroid particles in the physical snapshot are included in the denominator; all raw bound/captured asteroid particles are included in the numerator. No FoF background or unresolved material is discarded for the particle-level metrics.,Particle-level Mars-centric energy and apoapsis classification from raw SPH snapshot. FoF-group diagnostics are preserved from existing CSV outputs only because FoF HDF5 catalogues are not available locally.
Ma_xp_A2000_s030x_n65_r20_v00_90000.hdf5,/rds/general/user/nny124/home/irp-nny124/martian_moon_data/Ma_xp_A2000_s030x_n65_r20_v00_90000.hdf5,A2000,n65,r20,v00,s030x,90000,0.004,9.950936692575407e+19,5.425277682761144e+19,2.7278912023056077e+19,0.5452027131083099,0.27413411285602307,3162277,1724082,866888,6.414e+23,1080000000.0,particle_level_raw_snapshot_parent_normalized,All raw asteroid particles in the physical snapshot are included in the denominator; all raw bound/captured asteroid particles are included in the numerator. No FoF background or unresolved material is discarded for the particle-level metrics.,Particle-level Mars-centric energy and apoapsis classification from raw SPH snapshot. FoF-group diagnostics are preserved from existing CSV outputs only because FoF HDF5 catalogues are not available locally.
Ma_xp_A2000_s030y_n65_r12_v00_90000.hdf5,/rds/general/user/nny124/home/irp-nny124/martian_moon_data/Ma_xp_A2000_s030y_n65_r12_v00_90000.hdf5,A2000,n65,r12,v00,s030y,90000,0.004,9.950936692575407e+19,5.189204365460447e+19,4.754110866797199e+19,0.5214789849213106,0.4777551112695086,3162277,1649061,1510794,6.414e+23,1080000000.0,particle_level_raw_snapshot_parent_normalized,All raw asteroid particles in the physical snapshot are included in the denominator; all raw bound/captured asteroid particles are included in the numerator. No FoF background or unresolved material is discarded for the particle-level metrics.,Particle-level Mars-centric energy and apoapsis classification from raw SPH snapshot. FoF-group diagnostics are preserved from existing CSV outputs only because FoF HDF5 catalogues are not available locally.
Ma_xp_A2000_s030y_n65_r16_v00_90000.hdf5,/rds/general/user/nny124/home/irp-nny124/martian_moon_data/Ma_xp_A2000_s030y_n65_r16_v00_90000.hdf5,A2000,n65,r16,v00,s030y,90000,0.004,9.950936692575407e+19,4.837113038061786e+19,4.5353258661711675e+19,0.48609625279506125,0.4557687387917024,3162277,1537171,1441267,6.414e+23,1080000000.0,particle_level_raw_snapshot_parent_normalized,All raw asteroid particles in the physical snapshot are included in the denominator; all raw bound/captured asteroid particles are included in the numerator. No FoF background or unresolved material is discarded for the particle-level metrics.,Particle-level Mars-centric energy and apoapsis classification from raw SPH snapshot. FoF-group diagnostics are preserved from existing CSV outputs only because FoF HDF5 catalogues are not available locally.
Ma_xp_A2000_s030y_n65_r16_v06_90000.hdf5,/rds/general/user/nny124/home/irp-nny124/martian_moon_data/Ma_xp_A2000_s030y_n65_r16_v06_90000.hdf5,A2000,n65,r16,v06,s030y,90000,0.004,9.950936692575407e+19,3.0026539723756945e+19,2.6292810858815123e+19,0.301745862237877,0.2642244812835832,3162277,954204,835551,6.414e+23,1080000000.0,particle_level_raw_snapshot_parent_normalized,All raw asteroid particles in the physical snapshot are included in the denominator; all raw bound/captured asteroid particles are included in the numerator. No FoF background or unresolved material is discarded for the particle-level metrics.,Particle-level Mars-centric energy and apoapsis classification from raw SPH snapshot. FoF-group diagnostics are preserved from existing CSV outputs only because FoF HDF5 catalogues are not available locally.
Ma_xp_A2000_s030y_n65_r20_v00_90000.hdf5,/rds/general/user/nny124/home/irp-nny124/martian_moon_data/Ma_xp_A2000_s030y_n65_r20_v00_90000.hdf5,A2000,n65,r20,v00,s030y,90000,0.004,9.950936692575407e+19,5.24660447184242e+19,2.270883645156302e+19,0.5272472968054371,0.22820802858193778,3162277,1667302,721657,6.414e+23,1080000000.0,particle_level_raw_snapshot_parent_normalized,All raw asteroid particles in the physical snapshot are included in the denominator; all raw bound/captured asteroid particles are included in the numerator. No FoF background or unresolved material is discarded for the particle-level metrics.,Particle-level Mars-centric energy and apoapsis classification from raw SPH snapshot. FoF-group diagnostics are preserved from existing CSV outputs only because FoF HDF5 catalogues are not available locally.
Ma_xp_A2000_s030z_n65_r11_v00_90000.hdf5,/rds/general/user/nny124/home/irp-nny124/martian_moon_data/Ma_xp_A2000_s030z_n65_r11_v00_90000.hdf5,A2000,n65,r11,v00,s030z,90000,0.004,9.950936692575407e+19,5.078828501667119e+19,4.815387785363954e+19,0.5103869774848969,0.48391301584270063,3162277,1613985,1530267,6.414e+23,1080000000.0,particle_level_raw_snapshot_parent_normalized,All raw asteroid particles in the physical snapshot are included in the denominator; all raw bound/captured asteroid particles are included in the numerator. No FoF background or unresolved material is discarded for the particle-level metrics.,Particle-level Mars-centric energy and apoapsis classification from raw SPH snapshot. FoF-group diagnostics are preserved from existing CSV outputs only because FoF HDF5 catalogues are not available locally.
Ma_xp_A2000_s030z_n65_r12_v00_90000.hdf5,/rds/general/user/nny124/home/irp-nny124/martian_moon_data/Ma_xp_A2000_s030z_n65_r12_v00_90000.hdf5,A2000,n65,r12,v00,s030z,90000,0.004,9.950936692575407e+19,5.119147977741469e+19,4.816542647435232e+19,0.5144388046967445,0.484029071457057,3162277,1626798,1530634,6.414e+23,1080000000.0,particle_level_raw_snapshot_parent_normalized,All raw asteroid particles in the physical snapshot are included in the denominator; all raw bound/captured asteroid particles are included in the numerator. No FoF background or unresolved material is discarded for the particle-level metrics.,Particle-level Mars-centric energy and apoapsis classification from raw SPH snapshot. FoF-group diagnostics are preserved from existing CSV outputs only because FoF HDF5 catalogues are not available locally.
Ma_xp_A2000_s030z_n65_r12_v02_90000.hdf5,/rds/general/user/nny124/home/irp-nny124/martian_moon_data/Ma_xp_A2000_s030z_n65_r12_v02_90000.hdf5,A2000,n65,r12,v02,s030z,90000,0.004,9.950936692575407e+19,5.071144106086571e+19,4.61185514566295e+19,0.5096147491190707,0.46345939966676175,3162277,1611543,1465587,6.414e+23,1080000000.0,particle_level_raw_snapshot_parent_normalized,All raw asteroid particles in the physical snapshot are included in the denominator; all raw bound/captured asteroid particles are included in the numerator. No FoF background or unresolved material is discarded for the particle-level metrics.,Particle-level Mars-centric energy and apoapsis classification from raw SPH snapshot. FoF-group diagnostics are preserved from existing CSV outputs only because FoF HDF5 catalogues are not available locally.
Ma_xp_A2000_s030z_n65_r12_v04_90000.hdf5,/rds/general/user/nny124/home/irp-nny124/martian_moon_data/Ma_xp_A2000_s030z_n65_r12_v04_90000.hdf5,A2000,n65,r12,v04,s030z,90000,0.004,9.950936692575407e+19,4.50796790745811e+19,4.20178156070197e+19,0.4530194540200015,0.4222498535074596,3162277,1432573,1335271,6.414e+23,1080000000.0,particle_level_raw_snapshot_parent_normalized,All raw asteroid particles in the physical snapshot are included in the denominator; all raw bound/captured asteroid particles are included in the numerator. No FoF background or unresolved material is discarded for the particle-level metrics.,Particle-level Mars-centric energy and apoapsis classification from raw SPH snapshot. FoF-group diagnostics are preserved from existing CSV outputs only because FoF HDF5 catalogues are not available locally.
Ma_xp_A2000_s030z_n65_r12_v06_90000.hdf5,/rds/general/user/nny124/home/irp-nny124/martian_moon_data/Ma_xp_A2000_s030z_n65_r12_v06_90000.hdf5,A2000,n65,r12,v06,s030z,90000,0.004,9.950936692575407e+19,3.6515952003030348e+19,3.43978972031486e+19,0.3669599468990254,0.34567496775266954,3162277,1160429,1093120,6.414e+23,1080000000.0,particle_level_raw_snapshot_parent_normalized,All raw asteroid particles in the physical snapshot are included in the denominator; all raw bound/captured asteroid particles are included in the numerator. No FoF background or unresolved material is discarded for the particle-level metrics.,Particle-level Mars-centric energy and apoapsis classification from raw SPH snapshot. FoF-group diagnostics are preserved from existing CSV outputs only because FoF HDF5 catalogues are not available locally.
Ma_xp_A2000_s030z_n65_r12_v08_90000.hdf5,/rds/general/user/nny124/home/irp-nny124/martian_moon_data/Ma_xp_A2000_s030z_n65_r12_v08_90000.hdf5,A2000,n65,r12,v08,s030z,90000,0.004,9.950936692575407e+19,2.7253328838752285e+19,2.403702223642699e+19,0.2738770196285797,0.24155537291641593,3162277,866075,763865,6.414e+23,1080000000.0,particle_level_raw_snapshot_parent_normalized,All raw asteroid particles in the physical snapshot are included in the denominator; all raw bound/captured asteroid particles are included in the numerator. No FoF background or unresolved material is discarded for the particle-level metrics.,Particle-level Mars-centric energy and apoapsis classification from raw SPH snapshot. FoF-group diagnostics are preserved from existing CSV outputs only because FoF HDF5 catalogues are not available locally.
Ma_xp_A2000_s030z_n65_r12_v10_90000.hdf5,/rds/general/user/nny124/home/irp-nny124/martian_moon_data/Ma_xp_A2000_s030z_n65_r12_v10_90000.hdf5,A2000,n65,r12,v10,s030z,90000,0.004,9.950867463786393e+19,1.5528772598981394e+19,1.285792591882329e+19,0.15605446113612048,0.12921412093585194,3162255,493484,408608,6.414e+23,1080000000.0,particle_level_raw_snapshot_parent_normalized,All raw asteroid particles in the physical snapshot are included in the denominator; all raw bound/captured asteroid particles are included in the numerator. No FoF background or unresolved material is discarded for the particle-level metrics.,Particle-level Mars-centric energy and apoapsis classification from raw SPH snapshot. FoF-group diagnostics are preserved from existing CSV outputs only because FoF HDF5 catalogues are not available locally.
Ma_xp_A2000_s030z_n65_r12_v12_90000.hdf5,/rds/general/user/nny124/home/irp-nny124/martian_moon_data/Ma_xp_A2000_s030z_n65_r12_v12_90000.hdf5,A2000,n65,r12,v12,s030z,90000,0.004,9.950936692575407e+19,4.996273170767998e+18,3.6083618215638205e+18,0.05020907403114942,0.036261529271471415,3162277,158775,114669,6.414e+23,1080000000.0,particle_level_raw_snapshot_parent_normalized,All raw asteroid particles in the physical snapshot are included in the denominator; all raw bound/captured asteroid particles are included in the numerator. No FoF background or unresolved material is discarded for the particle-level metrics.,Particle-level Mars-centric energy and apoapsis classification from raw SPH snapshot. FoF-group diagnostics are preserved from existing CSV outputs only because FoF HDF5 catalogues are not available locally.
Ma_xp_A2000_s030z_n65_r12_v14_90000.hdf5,/rds/general/user/nny124/home/irp-nny124/martian_moon_data/Ma_xp_A2000_s030z_n65_r12_v14_90000.hdf5,A2000,n65,r12,v14,s030z,90000,0.004,9.950936692575407e+19,6.123601064597402e+16,125870525479905.48,0.0006153793611375643,1.2649113281347674e-06,3162277,1946,4,6.414e+23,1080000000.0,particle_level_raw_snapshot_parent_normalized,All raw asteroid particles in the physical snapshot are included in the denominator; all raw bound/captured asteroid particles are included in the numerator. No FoF background or unresolved material is discarded for the particle-level metrics.,Particle-level Mars-centric energy and apoapsis classification from raw SPH snapshot. FoF-group diagnostics are preserved from existing CSV outputs only because FoF HDF5 catalogues are not available locally.
Ma_xp_A2000_s030z_n65_r12_v16_90000.hdf5,/rds/general/user/nny124/home/irp-nny124/martian_moon_data/Ma_xp_A2000_s030z_n65_r12_v16_90000.hdf5,A2000,n65,r12,v16,s030z,90000,0.004,9.950927252285995e+19,0.0,0.0,0.0,0.0,3162274,0,0,6.414e+23,1080000000.0,particle_level_raw_snapshot_parent_normalized,All raw asteroid particles in the physical snapshot are included in the denominator; all raw bound/captured asteroid particles are included in the numerator. No FoF background or unresolved material is discarded for the particle-level metrics.,Particle-level Mars-centric energy and apoapsis classification from raw SPH snapshot. FoF-group diagnostics are preserved from existing CSV outputs only because FoF HDF5 catalogues are not available locally.
Ma_xp_A2000_s030z_n65_r13_v00_90000.hdf5,/rds/general/user/nny124/home/irp-nny124/martian_moon_data/Ma_xp_A2000_s030z_n65_r13_v00_90000.hdf5,A2000,n65,r13,v00,s030z,90000,0.004,9.950936692575407e+19,5.068620402050699e+19,4.800100810044419e+19,0.5093611343977796,0.4823767810346809,3162277,1610741,1525409,6.414e+23,1080000000.0,particle_level_raw_snapshot_parent_normalized,All raw asteroid particles in the physical snapshot are included in the denominator; all raw bound/captured asteroid particles are included in the numerator. No FoF background or unresolved material is discarded for the particle-level metrics.,Particle-level Mars-centric energy and apoapsis classification from raw SPH snapshot. FoF-group diagnostics are preserved from existing CSV outputs only because FoF HDF5 catalogues are not available locally.
Ma_xp_A2000_s030z_n65_r14_v00_90000.hdf5,/rds/general/user/nny124/home/irp-nny124/martian_moon_data/Ma_xp_A2000_s030z_n65_r14_v00_90000.hdf5,A2000,n65,r14,v00,s030z,90000,0.004,9.950134267975474e+19,5.089058628625498e+19,4.7279707054181605e+19,0.5114562770278028,0.47516652319307323,3162022,1617236,1502487,6.414e+23,1080000000.0,particle_level_raw_snapshot_parent_normalized,All raw asteroid particles in the physical snapshot are included in the denominator; all raw bound/captured asteroid particles are included in the numerator. No FoF background or unresolved material is discarded for the particle-level metrics.,Particle-level Mars-centric energy and apoapsis classification from raw SPH snapshot. FoF-group diagnostics are preserved from existing CSV outputs only because FoF HDF5 catalogues are not available locally.
Ma_xp_A2000_s030z_n65_r15_v00_90000.hdf5,/rds/general/user/nny124/home/irp-nny124/martian_moon_data/Ma_xp_A2000_s030z_n65_r15_v00_90000.hdf5,A2000,n65,r15,v00,s030z,90000,0.004,9.950936692575407e+19,5.061826540437921e+19,4.8015137066929316e+19,0.5086783985084189,0.4825187673312641,3162277,1608582,1525858,6.414e+23,1080000000.0,particle_level_raw_snapshot_parent_normalized,All raw asteroid particles in the physical snapshot are included in the denominator; all raw bound/captured asteroid particles are included in the numerator. No FoF background or unresolved material is discarded for the particle-level metrics.,Particle-level Mars-centric energy and apoapsis classification from raw SPH snapshot. FoF-group diagnostics are preserved from existing CSV outputs only because FoF HDF5 catalogues are not available locally.
Ma_xp_A2000_s030z_n65_r16_v00_90000.hdf5,/rds/general/user/nny124/home/irp-nny124/martian_moon_data/Ma_xp_A2000_s030z_n65_r16_v00_90000.hdf5,A2000,n65,r16,v00,s030z,90000,0.004,9.95093354581227e+19,5.080087206921918e+19,4.700254015707486e+19,0.5105136300563289,0.4723430212922617,3162276,1614385,1493679,6.414e+23,1080000000.0,particle_level_raw_snapshot_parent_normalized,All raw asteroid particles in the physical snapshot are included in the denominator; all raw bound/captured asteroid particles are included in the numerator. No FoF background or unresolved material is discarded for the particle-level metrics.,Particle-level Mars-centric energy and apoapsis classification from raw SPH snapshot. FoF-group diagnostics are preserved from existing CSV outputs only because FoF HDF5 catalogues are not available locally.
Ma_xp_A2000_s030z_n65_r16_v02_90000.hdf5,/rds/general/user/nny124/home/irp-nny124/martian_moon_data/Ma_xp_A2000_s030z_n65_r16_v02_90000.hdf5,A2000,n65,r16,v02,s030z,90000,0.004,9.95092410552286e+19,4.943394963013879e+19,4.555251170354636e+19,0.49677747620145624,0.4577716724647139,3162273,1570946,1447599,6.414e+23,1080000000.0,particle_level_raw_snapshot_parent_normalized,All raw asteroid particles in the physical snapshot are included in the denominator; all raw bound/captured asteroid particles are included in the numerator. No FoF background or unresolved material is discarded for the particle-level metrics.,Particle-level Mars-centric energy and apoapsis classification from raw SPH snapshot. FoF-group diagnostics are preserved from existing CSV outputs only because FoF HDF5 catalogues are not available locally.
Ma_xp_A2000_s030z_n65_r16_v04_90000.hdf5,/rds/general/user/nny124/home/irp-nny124/martian_moon_data/Ma_xp_A2000_s030z_n65_r16_v04_90000.hdf5,A2000,n65,r16,v04,s030z,90000,,9.950936692575407e+19,4.479184465043993e+19,4.085496075737361e+19,0.45012691804038935,0.4105639702024867,3162277,1423426,1298317,6.414e+23,1080000000.0,particle_level_raw_snapshot_parent_normalized,All raw asteroid particles in the physical snapshot are included in the denominator; all raw bound/captured asteroid particles are included in the numerator. No FoF background or unresolved material is discarded for the particle-level metrics.,Particle-level Mars-centric energy and apoapsis classification from raw SPH snapshot. FoF-group diagnostics are preserved from existing CSV outputs only because FoF HDF5 catalogues are not available locally.
Ma_xp_A2000_s030z_n65_r16_v06_90000.hdf5,/rds/general/user/nny124/home/irp-nny124/martian_moon_data/Ma_xp_A2000_s030z_n65_r16_v06_90000.hdf5,A2000,n65,r16,v06,s030z,90000,0.004,9.950905224944037e+19,3.6253858101349814e+19,3.3827326111148188e+19,0.36432723739014106,0.3399421996940829,3162267,1152100,1074988,6.414e+23,1080000000.0,particle_level_raw_snapshot_parent_normalized,All raw asteroid particles in the physical snapshot are included in the denominator; all raw bound/captured asteroid particles are included in the numerator. No FoF background or unresolved material is discarded for the particle-level metrics.,Particle-level Mars-centric energy and apoapsis classification from raw SPH snapshot. FoF-group diagnostics are preserved from existing CSV outputs only because FoF HDF5 catalogues are not available locally.
Ma_xp_A2000_s030z_n65_r16_v08_90000.hdf5,/rds/general/user/nny124/home/irp-nny124/martian_moon_data/Ma_xp_A2000_s030z_n65_r16_v08_90000.hdf5,A2000,n65,r16,v08,s030z,90000,0.004,9.950936692575407e+19,2.5192733933752115e+19,2.326817359916435e+19,0.25316947250351735,0.23382897829633667,3162277,800592,739432,6.414e+23,1080000000.0,particle_level_raw_snapshot_parent_normalized,All raw asteroid particles in the physical snapshot are included in the denominator; all raw bound/captured asteroid particles are included in the numerator. No FoF background or unresolved material is discarded for the particle-level metrics.,Particle-level Mars-centric energy and apoapsis classification from raw SPH snapshot. FoF-group diagnostics are preserved from existing CSV outputs only because FoF HDF5 catalogues are not available locally.
Ma_xp_A2000_s030z_n65_r16_v10_90000.hdf5,/rds/general/user/nny124/home/irp-nny124/martian_moon_data/Ma_xp_A2000_s030z_n65_r16_v10_90000.hdf5,A2000,n65,r16,v10,s030z,90000,0.004,9.950936692575407e+19,1.4324632216977883e+19,1.2228258615110066e+19,0.14395260124271295,0.12288550307262847,3162277,455218,388598,6.414e+23,1080000000.0,particle_level_raw_snapshot_parent_normalized,All raw asteroid particles in the physical snapshot are included in the denominator; all raw bound/captured asteroid particles are included in the numerator. No FoF background or unresolved material is discarded for the particle-level metrics.,Particle-level Mars-centric energy and apoapsis classification from raw SPH snapshot. FoF-group diagnostics are preserved from existing CSV outputs only because FoF HDF5 catalogues are not available locally.
Ma_xp_A2000_s030z_n65_r17_v00_90000.hdf5,/rds/general/user/nny124/home/irp-nny124/martian_moon_data/Ma_xp_A2000_s030z_n65_r17_v00_90000.hdf5,A2000,n65,r17,v00,s030z,90000,0.004,9.950911518470311e+19,5.116602246363638e+19,4.720670214940326e+19,0.5141842771756632,0.47439575823562385,3162269,1625989,1500167,6.414e+23,1080000000.0,particle_level_raw_snapshot_parent_normalized,All raw asteroid particles in the physical snapshot are included in the denominator; all raw bound/captured asteroid particles are included in the numerator. No FoF background or unresolved material is discarded for the particle-level metrics.,Particle-level Mars-centric energy and apoapsis classification from raw SPH snapshot. FoF-group diagnostics are preserved from existing CSV outputs only because FoF HDF5 catalogues are not available locally.
Ma_xp_A2000_s030z_n65_r18_v00_90000.hdf5,/rds/general/user/nny124/home/irp-nny124/martian_moon_data/Ma_xp_A2000_s030z_n65_r18_v00_90000.hdf5,A2000,n65,r18,v00,s030z,90000,0.004,9.950936692575407e+19,5.045019678523217e+19,4.7003295380227736e+19,0.5069894256575269,0.4723504613922208,3162277,1603241,1493703,6.414e+23,1080000000.0,particle_level_raw_snapshot_parent_normalized,All raw asteroid particles in the physical snapshot are included in the denominator; all raw bound/captured asteroid particles are included in the numerator. No FoF background or unresolved material is discarded for the particle-level metrics.,Particle-level Mars-centric energy and apoapsis classification from raw SPH snapshot. FoF-group diagnostics are preserved from existing CSV outputs only because FoF HDF5 catalogues are not available locally.
Ma_xp_A2000_s030z_n65_r19_v00_90000.hdf5,/rds/general/user/nny124/home/irp-nny124/martian_moon_data/Ma_xp_A2000_s030z_n65_r19_v00_90000.hdf5,A2000,n65,r19,v00,s030z,90000,0.004,9.950936692575407e+19,5.063403068769557e+19,4.71303616756997e+19,0.5088368286522678,0.4736273893779729,3162277,1609083,1497741,6.414e+23,1080000000.0,particle_level_raw_snapshot_parent_normalized,All raw asteroid particles in the physical snapshot are included in the denominator; all raw bound/captured asteroid particles are included in the numerator. No FoF background or unresolved material is discarded for the particle-level metrics.,Particle-level Mars-centric energy and apoapsis classification from raw SPH snapshot. FoF-group diagnostics are preserved from existing CSV outputs only because FoF HDF5 catalogues are not available locally.
Ma_xp_A2000_s030z_n65_r20_v00_90000.hdf5,/rds/general/user/nny124/home/irp-nny124/martian_moon_data/Ma_xp_A2000_s030z_n65_r20_v00_90000.hdf5,A2000,n65,r20,v00,s030z,90000,0.004,9.95092410552286e+19,5.060671678366643e+19,4.6577066313321415e+19,0.5085629861811448,0.4680677474715207,3162273,1608215,1480158,6.414e+23,1080000000.0,particle_level_raw_snapshot_parent_normalized,All raw asteroid particles in the physical snapshot are included in the denominator; all raw bound/captured asteroid particles are included in the numerator. No FoF background or unresolved material is discarded for the particle-level metrics.,Particle-level Mars-centric energy and apoapsis classification from raw SPH snapshot. FoF-group diagnostics are preserved from existing CSV outputs only because FoF HDF5 catalogues are not available locally.
Ma_xp_A2000_s030z_n65_r20_v02_90000.hdf5,/rds/general/user/nny124/home/irp-nny124/martian_moon_data/Ma_xp_A2000_s030z_n65_r20_v02_90000.hdf5,A2000,n65,r20,v02,s030z,90000,0.004,9.95092410552286e+19,4.777840607613298e+19,4.527254418724769e+19,0.4801403926858964,0.4549581898843042,3162273,1518335,1438702,6.414e+23,1080000000.0,particle_level_raw_snapshot_parent_normalized,All raw asteroid particles in the physical snapshot are included in the denominator; all raw bound/captured asteroid particles are included in the numerator. No FoF background or unresolved material is discarded for the particle-level metrics.,Particle-level Mars-centric energy and apoapsis classification from raw SPH snapshot. FoF-group diagnostics are preserved from existing CSV outputs only because FoF HDF5 catalogues are not available locally.
Ma_xp_A2000_s030z_n65_r20_v04_90000.hdf5,/rds/general/user/nny124/home/irp-nny124/martian_moon_data/Ma_xp_A2000_s030z_n65_r20_v04_90000.hdf5,A2000,n65,r20,v04,s030z,90000,0.004,9.950936692575407e+19,4.2639710405784535e+19,3.9152876576571605e+19,0.42849946415194134,0.39345920676778445,3162277,1355034,1244227,6.414e+23,1080000000.0,particle_level_raw_snapshot_parent_normalized,All raw asteroid particles in the physical snapshot are included in the denominator; all raw bound/captured asteroid particles are included in the numerator. No FoF background or unresolved material is discarded for the particle-level metrics.,Particle-level Mars-centric energy and apoapsis classification from raw SPH snapshot. FoF-group diagnostics are preserved from existing CSV outputs only because FoF HDF5 catalogues are not available locally.
Ma_xp_A2000_s030z_n65_r20_v06_90000.hdf5,/rds/general/user/nny124/home/irp-nny124/martian_moon_data/Ma_xp_A2000_s030z_n65_r20_v06_90000.hdf5,A2000,n65,r20,v06,s030z,90000,0.004,9.950936692575407e+19,3.3747650068519408e+19,3.0477345010763227e+19,0.3391404358315253,0.3062761421595917,3162277,1072456,968530,6.414e+23,1080000000.0,particle_level_raw_snapshot_parent_normalized,All raw asteroid particles in the physical snapshot are included in the denominator; all raw bound/captured asteroid particles are included in the numerator. No FoF background or unresolved material is discarded for the particle-level metrics.,Particle-level Mars-centric energy and apoapsis classification from raw SPH snapshot. FoF-group diagnostics are preserved from existing CSV outputs only because FoF HDF5 catalogues are not available locally.
Ma_xp_A2000_s030z_n65_r20_v08_90000.hdf5,/rds/general/user/nny124/home/irp-nny124/martian_moon_data/Ma_xp_A2000_s030z_n65_r20_v08_90000.hdf5,A2000,n65,r20,v08,s030z,90000,0.004,9.950936692575407e+19,2.222653206555539e+19,1.982841534648085e+19,0.22336120460035738,0.19926179774890163,3162277,706330,630121,6.414e+23,1080000000.0,particle_level_raw_snapshot_parent_normalized,All raw asteroid particles in the physical snapshot are included in the denominator; all raw bound/captured asteroid particles are included in the numerator. No FoF background or unresolved material is discarded for the particle-level metrics.,Particle-level Mars-centric energy and apoapsis classification from raw SPH snapshot. FoF-group diagnostics are preserved from existing CSV outputs only because FoF HDF5 catalogues are not available locally.
Ma_xp_A2000_s030z_n65_r20_v10_90000.hdf5,/rds/general/user/nny124/home/irp-nny124/martian_moon_data/Ma_xp_A2000_s030z_n65_r20_v10_90000.hdf5,A2000,n65,r20,v10,s030z,90000,0.004,9.950936692575407e+19,1.072624563455836e+19,8.753602759237287e+18,0.10779131619399634,0.08796762585946834,3162277,340866,278178,6.414e+23,1080000000.0,particle_level_raw_snapshot_parent_normalized,All raw asteroid particles in the physical snapshot are included in the denominator; all raw bound/captured asteroid particles are included in the numerator. No FoF background or unresolved material is discarded for the particle-level metrics.,Particle-level Mars-centric energy and apoapsis classification from raw SPH snapshot. FoF-group diagnostics are preserved from existing CSV outputs only because FoF HDF5 catalogues are not available locally.
Ma_xp_A2000_s030z_n65_r22_v00_90000.hdf5,/rds/general/user/nny124/home/irp-nny124/martian_moon_data/Ma_xp_A2000_s030z_n65_r22_v00_90000.hdf5,A2000,n65,r22,v00,s030z,90000,0.004,9.950936692575407e+19,4.955937960877951e+19,4.674891104823285e+19,0.4980373319604853,0.4697940755980605,3162277,1574932,1485619,6.414e+23,1080000000.0,particle_level_raw_snapshot_parent_normalized,All raw asteroid particles in the physical snapshot are included in the denominator; all raw bound/captured asteroid particles are included in the numerator. No FoF background or unresolved material is discarded for the particle-level metrics.,Particle-level Mars-centric energy and apoapsis classification from raw SPH snapshot. FoF-group diagnostics are preserved from existing CSV outputs only because FoF HDF5 catalogues are not available locally.
Ma_xp_A2000_s030z_n65_r24_v00_90000.hdf5,/rds/general/user/nny124/home/irp-nny124/martian_moon_data/Ma_xp_A2000_s030z_n65_r24_v00_90000.hdf5,A2000,n65,r24,v00,s030z,90000,0.004,9.950936692575407e+19,4.702053964221849e+19,4.183929973425783e+19,0.47252375424417536,0.42045589301633246,3162277,1494251,1329598,6.414e+23,1080000000.0,particle_level_raw_snapshot_parent_normalized,All raw asteroid particles in the physical snapshot are included in the denominator; all raw bound/captured asteroid particles are included in the numerator. No FoF background or unresolved material is discarded for the particle-level metrics.,Particle-level Mars-centric energy and apoapsis classification from raw SPH snapshot. FoF-group diagnostics are preserved from existing CSV outputs only because FoF HDF5 catalogues are not available locally.
Ma_xp_A2000_s030z_n65_r26_v00_90000.hdf5,/rds/general/user/nny124/home/irp-nny124/martian_moon_data/Ma_xp_A2000_s030z_n65_r26_v00_90000.hdf5,A2000,n65,r26,v00,s030z,90000,0.004,9.950936692575407e+19,3.687751508747138e+19,3.2903216180706087e+19,0.3705934046890925,0.33065446195890114,3162277,1171919,1045621,6.414e+23,1080000000.0,particle_level_raw_snapshot_parent_normalized,All raw asteroid particles in the physical snapshot are included in the denominator; all raw bound/captured asteroid particles are included in the numerator. No FoF background or unresolved material is discarded for the particle-level metrics.,Particle-level Mars-centric energy and apoapsis classification from raw SPH snapshot. FoF-group diagnostics are preserved from existing CSV outputs only because FoF HDF5 catalogues are not available locally.
Ma_xp_A2000_s030z_n65_r28_v00_90000.hdf5,/rds/general/user/nny124/home/irp-nny124/martian_moon_data/Ma_xp_A2000_s030z_n65_r28_v00_90000.hdf5,A2000,n65,r28,v00,s030z,90000,0.004,9.950936692575407e+19,5.069318983467112e+19,2.2184522777676472e+19,0.5094313369764911,0.2229390404445924,3162277,1610963,704995,6.414e+23,1080000000.0,particle_level_raw_snapshot_parent_normalized,All raw asteroid particles in the physical snapshot are included in the denominator; all raw bound/captured asteroid particles are included in the numerator. No FoF background or unresolved material is discarded for the particle-level metrics.,Particle-level Mars-centric energy and apoapsis classification from raw SPH snapshot. FoF-group diagnostics are preserved from existing CSV outputs only because FoF HDF5 catalogues are not available locally.
Ma_xp_A2000_s030z_n65_r30_v00_90000.hdf5,/rds/general/user/nny124/home/irp-nny124/martian_moon_data/Ma_xp_A2000_s030z_n65_r30_v00_90000.hdf5,A2000,n65,r30,v00,s030z,90000,0.004,9.950936692575407e+19,4.83997973927959e+19,1.7836105201553533e+19,0.4863843363500439,0.17924046501935248,3162277,1538082,566808,6.414e+23,1080000000.0,particle_level_raw_snapshot_parent_normalized,All raw asteroid particles in the physical snapshot are included in the denominator; all raw bound/captured asteroid particles are included in the numerator. No FoF background or unresolved material is discarded for the particle-level metrics.,Particle-level Mars-centric energy and apoapsis classification from raw SPH snapshot. FoF-group diagnostics are preserved from existing CSV outputs only because FoF HDF5 catalogues are not available locally.
Ma_xp_A2000_s036mz_n65_r12_v00_90000.hdf5,/rds/general/user/nny124/home/irp-nny124/martian_moon_data/Ma_xp_A2000_s036mz_n65_r12_v00_90000.hdf5,A2000,n65,r12,v00,s036mz,90000,0.004,1.0016129078715353e+20,5.2849127119872795e+19,0.0,0.5276402361085697,0.0,3162274,1668543,0,6.414e+23,1080000000.0,particle_level_raw_snapshot_parent_normalized,All raw asteroid particles in the physical snapshot are included in the denominator; all raw bound/captured asteroid particles are included in the numerator. No FoF background or unresolved material is discarded for the particle-level metrics.,Particle-level Mars-centric energy and apoapsis classification from raw SPH snapshot. FoF-group diagnostics are preserved from existing CSV outputs only because FoF HDF5 catalogues are not available locally.
Ma_xp_A2000_s036x_n65_r12_v00_90000.hdf5,/rds/general/user/nny124/home/irp-nny124/martian_moon_data/Ma_xp_A2000_s036x_n65_r12_v00_90000.hdf5,A2000,n65,r12,v00,s036x,90000,0.004,1.0016129078715353e+20,5.110510335933773e+19,4.660358868731338e+19,0.5102280827025081,0.46528542434968956,3162274,1613481,1471360,6.414e+23,1080000000.0,particle_level_raw_snapshot_parent_normalized,All raw asteroid particles in the physical snapshot are included in the denominator; all raw bound/captured asteroid particles are included in the numerator. No FoF background or unresolved material is discarded for the particle-level metrics.,Particle-level Mars-centric energy and apoapsis classification from raw SPH snapshot. FoF-group diagnostics are preserved from existing CSV outputs only because FoF HDF5 catalogues are not available locally.
Ma_xp_A2000_s036x_n65_r16_v00_90000.hdf5,/rds/general/user/nny124/home/irp-nny124/martian_moon_data/Ma_xp_A2000_s036x_n65_r16_v00_90000.hdf5,A2000,n65,r16,v00,s036x,90000,0.004,1.0016129078715353e+20,4.5878860060223865e+19,3.473566251531809e+19,0.45804980846061727,0.34679727310156844,3162274,1448479,1096668,6.414e+23,1080000000.0,particle_level_raw_snapshot_parent_normalized,All raw asteroid particles in the physical snapshot are included in the denominator; all raw bound/captured asteroid particles are included in the numerator. No FoF background or unresolved material is discarded for the particle-level metrics.,Particle-level Mars-centric energy and apoapsis classification from raw SPH snapshot. FoF-group diagnostics are preserved from existing CSV outputs only because FoF HDF5 catalogues are not available locally.
Ma_xp_A2000_s036x_n65_r16_v06_90000.hdf5,/rds/general/user/nny124/home/irp-nny124/martian_moon_data/Ma_xp_A2000_s036x_n65_r16_v06_90000.hdf5,A2000,n65,r16,v06,s036x,90000,0.004,1.001611007442462e+20,1.7514576055932975e+19,1.4925146422156116e+19,0.1748640532680958,0.14901140573790567,3162268,552967,471214,6.414e+23,1080000000.0,particle_level_raw_snapshot_parent_normalized,All raw asteroid particles in the physical snapshot are included in the denominator; all raw bound/captured asteroid particles are included in the numerator. No FoF background or unresolved material is discarded for the particle-level metrics.,Particle-level Mars-centric energy and apoapsis classification from raw SPH snapshot. FoF-group diagnostics are preserved from existing CSV outputs only because FoF HDF5 catalogues are not available locally.
Ma_xp_A2000_s036x_n65_r20_v00_90000.hdf5,/rds/general/user/nny124/home/irp-nny124/martian_moon_data/Ma_xp_A2000_s036x_n65_r20_v00_90000.hdf5,A2000,n65,r20,v00,s036x,90000,0.004,1.0016129078715353e+20,5.781650030539012e+19,2.803896222076572e+19,0.5772339778273459,0.2799381078299955,3162274,1825372,885241,6.414e+23,1080000000.0,particle_level_raw_snapshot_parent_normalized,All raw asteroid particles in the physical snapshot are included in the denominator; all raw bound/captured asteroid particles are included in the numerator. No FoF background or unresolved material is discarded for the particle-level metrics.,Particle-level Mars-centric energy and apoapsis classification from raw SPH snapshot. FoF-group diagnostics are preserved from existing CSV outputs only because FoF HDF5 catalogues are not available locally.
Ma_xp_A2000_s036y_n65_r12_v00_90000.hdf5,/rds/general/user/nny124/home/irp-nny124/martian_moon_data/Ma_xp_A2000_s036y_n65_r12_v00_90000.hdf5,A2000,n65,r12,v00,s036y,90000,0.004,1.001600555082559e+20,5.173731276437714e+19,4.74231803989767e+19,0.5165463667311225,0.47347398280013675,3162235,1633441,1497236,6.414e+23,1080000000.0,particle_level_raw_snapshot_parent_normalized,All raw asteroid particles in the physical snapshot are included in the denominator; all raw bound/captured asteroid particles are included in the numerator. No FoF background or unresolved material is discarded for the particle-level metrics.,Particle-level Mars-centric energy and apoapsis classification from raw SPH snapshot. FoF-group diagnostics are preserved from existing CSV outputs only because FoF HDF5 catalogues are not available locally.
Ma_xp_A2000_s036y_n65_r16_v00_90000.hdf5,/rds/general/user/nny124/home/irp-nny124/martian_moon_data/Ma_xp_A2000_s036y_n65_r16_v00_90000.hdf5,A2000,n65,r16,v00,s036y,90000,0.004,1.0016129078715353e+20,4.9299093937196335e+19,4.437980160723262e+19,0.4921970708420556,0.4430833634277073,3162274,1556462,1401151,6.414e+23,1080000000.0,particle_level_raw_snapshot_parent_normalized,All raw asteroid particles in the physical snapshot are included in the denominator; all raw bound/captured asteroid particles are included in the numerator. No FoF background or unresolved material is discarded for the particle-level metrics.,Particle-level Mars-centric energy and apoapsis classification from raw SPH snapshot. FoF-group diagnostics are preserved from existing CSV outputs only because FoF HDF5 catalogues are not available locally.
Ma_xp_A2000_s036y_n65_r16_v06_90000.hdf5,/rds/general/user/nny124/home/irp-nny124/martian_moon_data/Ma_xp_A2000_s036y_n65_r16_v06_90000.hdf5,A2000,n65,r16,v06,s036y,90000,0.004,1.0016129078715353e+20,2.886903796614987e+19,2.4029690352534897e+19,0.2882254984862131,0.2399099508771196,3162274,911448,758661,6.414e+23,1080000000.0,particle_level_raw_snapshot_parent_normalized,All raw asteroid particles in the physical snapshot are included in the denominator; all raw bound/captured asteroid particles are included in the numerator. No FoF background or unresolved material is discarded for the particle-level metrics.,Particle-level Mars-centric energy and apoapsis classification from raw SPH snapshot. FoF-group diagnostics are preserved from existing CSV outputs only because FoF HDF5 catalogues are not available locally.
Ma_xp_A2000_s036y_n65_r20_v00_90000.hdf5,/rds/general/user/nny124/home/irp-nny124/martian_moon_data/Ma_xp_A2000_s036y_n65_r20_v00_90000.hdf5,A2000,n65,r20,v00,s036y,90000,0.004,1.0016129078715353e+20,5.4722791817022415e+19,2.383895062121489e+19,0.546346711259047,0.23800562506601028,3162274,1727698,752639,6.414e+23,1080000000.0,particle_level_raw_snapshot_parent_normalized,All raw asteroid particles in the physical snapshot are included in the denominator; all raw bound/captured asteroid particles are included in the numerator. No FoF background or unresolved material is discarded for the particle-level metrics.,Particle-level Mars-centric energy and apoapsis classification from raw SPH snapshot. FoF-group diagnostics are preserved from existing CSV outputs only because FoF HDF5 catalogues are not available locally.
Ma_xp_A2000_s036z_n65_r12_v00_90000.hdf5,/rds/general/user/nny124/home/irp-nny124/martian_moon_data/Ma_xp_A2000_s036z_n65_r12_v00_90000.hdf5,A2000,n65,r12,v00,s036z,90000,0.004,1.0016094237515676e+20,5.231973092769701e+19,4.876779731594728e+19,0.5223566161321785,0.48689435382192764,3162263,1651829,1539688,6.414e+23,1080000000.0,particle_level_raw_snapshot_parent_normalized,All raw asteroid particles in the physical snapshot are included in the denominator; all raw bound/captured asteroid particles are included in the numerator. No FoF background or unresolved material is discarded for the particle-level metrics.,Particle-level Mars-centric energy and apoapsis classification from raw SPH snapshot. FoF-group diagnostics are preserved from existing CSV outputs only because FoF HDF5 catalogues are not available locally.
Ma_xp_A2000_s036z_n65_r16_v00_90000.hdf5,/rds/general/user/nny124/home/irp-nny124/martian_moon_data/Ma_xp_A2000_s036z_n65_r16_v00_90000.hdf5,A2000,n65,r16,v00,s036z,90000,0.004,1.0016129078715353e+20,5.1577169941136695e+19,4.807033984605912e+19,0.5149411467823443,0.4799293166879247,3162274,1628385,1517668,6.414e+23,1080000000.0,particle_level_raw_snapshot_parent_normalized,All raw asteroid particles in the physical snapshot are included in the denominator; all raw bound/captured asteroid particles are included in the numerator. No FoF background or unresolved material is discarded for the particle-level metrics.,Particle-level Mars-centric energy and apoapsis classification from raw SPH snapshot. FoF-group diagnostics are preserved from existing CSV outputs only because FoF HDF5 catalogues are not available locally.
Ma_xp_A2000_s036z_n65_r16_v06_90000.hdf5,/rds/general/user/nny124/home/irp-nny124/martian_moon_data/Ma_xp_A2000_s036z_n65_r16_v06_90000.hdf5,A2000,n65,r16,v06,s036z,90000,0.004,1.0016129078715353e+20,3.627599195301704e+19,3.243151895925616e+19,0.36217576339051855,0.3237929414086161,3162274,1145299,1023922,6.414e+23,1080000000.0,particle_level_raw_snapshot_parent_normalized,All raw asteroid particles in the physical snapshot are included in the denominator; all raw bound/captured asteroid particles are included in the numerator. No FoF background or unresolved material is discarded for the particle-level metrics.,Particle-level Mars-centric energy and apoapsis classification from raw SPH snapshot. FoF-group diagnostics are preserved from existing CSV outputs only because FoF HDF5 catalogues are not available locally.
Ma_xp_A2000_s036z_n65_r20_v00_90000.hdf5,/rds/general/user/nny124/home/irp-nny124/martian_moon_data/Ma_xp_A2000_s036z_n65_r20_v00_90000.hdf5,A2000,n65,r20,v00,s036z,90000,0.004,1.0016129078715353e+20,4.949981092115099e+19,4.664425786948125e+19,0.4942010085147558,0.46569146127122135,3162274,1562799,1472644,6.414e+23,1080000000.0,particle_level_raw_snapshot_parent_normalized,All raw asteroid particles in the physical snapshot are included in the denominator; all raw bound/captured asteroid particles are included in the numerator. No FoF background or unresolved material is discarded for the particle-level metrics.,Particle-level Mars-centric energy and apoapsis classification from raw SPH snapshot. FoF-group diagnostics are preserved from existing CSV outputs only because FoF HDF5 catalogues are not available locally.
Ma_xp_A2000_s047mz_n65_r12_v00_90000.hdf5,/rds/general/user/nny124/home/irp-nny124/martian_moon_data/Ma_xp_A2000_s047mz_n65_r12_v00_90000.hdf5,A2000,n65,r12,v00,s047mz,90000,0.004,1.0007002011501493e+20,5.363727736916442e+19,2.9196390168294834e+19,0.5359974676483198,0.29175961126757166,3162278,1694973,922625,6.414e+23,1080000000.0,particle_level_raw_snapshot_parent_normalized,All raw asteroid particles in the physical snapshot are included in the denominator; all raw bound/captured asteroid particles are included in the numerator. No FoF background or unresolved material is discarded for the particle-level metrics.,Particle-level Mars-centric energy and apoapsis classification from raw SPH snapshot. FoF-group diagnostics are preserved from existing CSV outputs only because FoF HDF5 catalogues are not available locally.
Ma_xp_A2000_s047mz_n65_r16_v00_90000.hdf5,/rds/general/user/nny124/home/irp-nny124/martian_moon_data/Ma_xp_A2000_s047mz_n65_r16_v00_90000.hdf5,A2000,n65,r16,v00,s047mz,90000,0.004,1.0007002011501493e+20,5.289713444040544e+19,1.4261350781048783e+19,0.5286012172237841,0.14251371954015377,3162278,1671584,450668,6.414e+23,1080000000.0,particle_level_raw_snapshot_parent_normalized,All raw asteroid particles in the physical snapshot are included in the denominator; all raw bound/captured asteroid particles are included in the numerator. No FoF background or unresolved material is discarded for the particle-level metrics.,Particle-level Mars-centric energy and apoapsis classification from raw SPH snapshot. FoF-group diagnostics are preserved from existing CSV outputs only because FoF HDF5 catalogues are not available locally.
Ma_xp_A2000_s047mz_n65_r16_v06_90000.hdf5,/rds/general/user/nny124/home/irp-nny124/martian_moon_data/Ma_xp_A2000_s047mz_n65_r16_v06_90000.hdf5,A2000,n65,r16,v06,s047mz,90000,0.004,1.0007002011501493e+20,0.0,0.0,0.0,0.0,3162278,0,0,6.414e+23,1080000000.0,particle_level_raw_snapshot_parent_normalized,All raw asteroid particles in the physical snapshot are included in the denominator; all raw bound/captured asteroid particles are included in the numerator. No FoF background or unresolved material is discarded for the particle-level metrics.,Particle-level Mars-centric energy and apoapsis classification from raw SPH snapshot. FoF-group diagnostics are preserved from existing CSV outputs only because FoF HDF5 catalogues are not available locally.
Ma_xp_A2000_s047x_n65_r12_v00_90000.hdf5,/rds/general/user/nny124/home/irp-nny124/martian_moon_data/Ma_xp_A2000_s047x_n65_r12_v00_90000.hdf5,A2000,n65,r12,v00,s047x,90000,0.004,1.0007002011501493e+20,4.882554138688565e+19,4.706045128981787e+19,0.48791377608167047,0.4702752256442958,3162278,1542919,1487141,6.414e+23,1080000000.0,particle_level_raw_snapshot_parent_normalized,All raw asteroid particles in the physical snapshot are included in the denominator; all raw bound/captured asteroid particles are included in the numerator. No FoF background or unresolved material is discarded for the particle-level metrics.,Particle-level Mars-centric energy and apoapsis classification from raw SPH snapshot. FoF-group diagnostics are preserved from existing CSV outputs only because FoF HDF5 catalogues are not available locally.
Ma_xp_A2000_s047x_n65_r16_v00_90000.hdf5,/rds/general/user/nny124/home/irp-nny124/martian_moon_data/Ma_xp_A2000_s047x_n65_r16_v00_90000.hdf5,A2000,n65,r16,v00,s047x,90000,0.004,1.0007002011501493e+20,4.473034122639874e+19,4.45746482421115e+19,0.4469904290514598,0.4454345886098541,3162278,1413508,1408588,6.414e+23,1080000000.0,particle_level_raw_snapshot_parent_normalized,All raw asteroid particles in the physical snapshot are included in the denominator; all raw bound/captured asteroid particles are included in the numerator. No FoF background or unresolved material is discarded for the particle-level metrics.,Particle-level Mars-centric energy and apoapsis classification from raw SPH snapshot. FoF-group diagnostics are preserved from existing CSV outputs only because FoF HDF5 catalogues are not available locally.
Ma_xp_A2000_s047x_n65_r16_v06_90000.hdf5,/rds/general/user/nny124/home/irp-nny124/martian_moon_data/Ma_xp_A2000_s047x_n65_r16_v06_90000.hdf5,A2000,n65,r16,v06,s047x,90000,0.004,1.0007002011501493e+20,1.9014512024726766e+19,1.5625341574083891e+19,0.19001207357480832,0.1561440834740014,3162278,600871,493771,6.414e+23,1080000000.0,particle_level_raw_snapshot_parent_normalized,All raw asteroid particles in the physical snapshot are included in the denominator; all raw bound/captured asteroid particles are included in the numerator. No FoF background or unresolved material is discarded for the particle-level metrics.,Particle-level Mars-centric energy and apoapsis classification from raw SPH snapshot. FoF-group diagnostics are preserved from existing CSV outputs only because FoF HDF5 catalogues are not available locally.
Ma_xp_A2000_s047x_n65_r20_v00_90000.hdf5,/rds/general/user/nny124/home/irp-nny124/martian_moon_data/Ma_xp_A2000_s047x_n65_r20_v00_90000.hdf5,A2000,n65,r20,v00,s047x,90000,0.004,1.0007002011501493e+20,5.630348808016785e+19,2.3239393048955306e+19,0.5626409189830855,0.23223132185089237,3162278,1779227,734380,6.414e+23,1080000000.0,particle_level_raw_snapshot_parent_normalized,All raw asteroid particles in the physical snapshot are included in the denominator; all raw bound/captured asteroid particles are included in the numerator. No FoF background or unresolved material is discarded for the particle-level metrics.,Particle-level Mars-centric energy and apoapsis classification from raw SPH snapshot. FoF-group diagnostics are preserved from existing CSV outputs only because FoF HDF5 catalogues are not available locally.
Ma_xp_A2000_s047y_n65_r12_v00_90000.hdf5,/rds/general/user/nny124/home/irp-nny124/martian_moon_data/Ma_xp_A2000_s047y_n65_r12_v00_90000.hdf5,A2000,n65,r12,v00,s047y,90000,0.004,1.0007002011501493e+20,5.1649248842360136e+19,4.669153486485433e+19,0.5161310928387679,0.46658864274424716,3162278,1632150,1475483,6.414e+23,1080000000.0,particle_level_raw_snapshot_parent_normalized,All raw asteroid particles in the physical snapshot are included in the denominator; all raw bound/captured asteroid particles are included in the numerator. No FoF background or unresolved material is discarded for the particle-level metrics.,Particle-level Mars-centric energy and apoapsis classification from raw SPH snapshot. FoF-group diagnostics are preserved from existing CSV outputs only because FoF HDF5 catalogues are not available locally.
Ma_xp_A2000_s047y_n65_r16_v00_90000.hdf5,/rds/general/user/nny124/home/irp-nny124/martian_moon_data/Ma_xp_A2000_s047y_n65_r16_v00_90000.hdf5,A2000,n65,r16,v00,s047y,90000,0.004,1.0007002011501493e+20,4.855576848220096e+19,4.529830416989209e+19,0.4852179346660834,0.4526660843860003,3162278,1534394,1431456,6.414e+23,1080000000.0,particle_level_raw_snapshot_parent_normalized,All raw asteroid particles in the physical snapshot are included in the denominator; all raw bound/captured asteroid particles are included in the numerator. No FoF background or unresolved material is discarded for the particle-level metrics.,Particle-level Mars-centric energy and apoapsis classification from raw SPH snapshot. FoF-group diagnostics are preserved from existing CSV outputs only because FoF HDF5 catalogues are not available locally.
Ma_xp_A2000_s047y_n65_r16_v06_90000.hdf5,/rds/general/user/nny124/home/irp-nny124/martian_moon_data/Ma_xp_A2000_s047y_n65_r16_v06_90000.hdf5,A2000,n65,r16,v06,s047y,90000,0.004,1.0007002011501493e+20,2.707893393707294e+19,2.087447357848012e+19,0.27059986503400235,0.20859867475281965,3162278,855712,659647,6.414e+23,1080000000.0,particle_level_raw_snapshot_parent_normalized,All raw asteroid particles in the physical snapshot are included in the denominator; all raw bound/captured asteroid particles are included in the numerator. No FoF background or unresolved material is discarded for the particle-level metrics.,Particle-level Mars-centric energy and apoapsis classification from raw SPH snapshot. FoF-group diagnostics are preserved from existing CSV outputs only because FoF HDF5 catalogues are not available locally.
Ma_xp_A2000_s047y_n65_r20_v00_90000.hdf5,/rds/general/user/nny124/home/irp-nny124/martian_moon_data/Ma_xp_A2000_s047y_n65_r20_v00_90000.hdf5,A2000,n65,r20,v00,s047y,90000,0.004,1.0007002011501493e+20,5.722992462650793e+19,1.6796045223211186e+19,0.5718988020661037,0.16784292842058735,3162278,1808503,530766,6.414e+23,1080000000.0,particle_level_raw_snapshot_parent_normalized,All raw asteroid particles in the physical snapshot are included in the denominator; all raw bound/captured asteroid particles are included in the numerator. No FoF background or unresolved material is discarded for the particle-level metrics.,Particle-level Mars-centric energy and apoapsis classification from raw SPH snapshot. FoF-group diagnostics are preserved from existing CSV outputs only because FoF HDF5 catalogues are not available locally.
Ma_xp_A2000_s047z_n65_r11_v00_90000.hdf5,/rds/general/user/nny124/home/irp-nny124/martian_moon_data/Ma_xp_A2000_s047z_n65_r11_v00_90000.hdf5,A2000,n65,r11,v00,s047z,90000,0.004,1.0007002011501493e+20,5.160589530811756e+19,4.86177292267608e+19,0.5156978608458818,0.4858371085654053,3162278,1630780,1536352,6.414e+23,1080000000.0,particle_level_raw_snapshot_parent_normalized,All raw asteroid particles in the physical snapshot are included in the denominator; all raw bound/captured asteroid particles are included in the numerator. No FoF background or unresolved material is discarded for the particle-level metrics.,Particle-level Mars-centric energy and apoapsis classification from raw SPH snapshot. FoF-group diagnostics are preserved from existing CSV outputs only because FoF HDF5 catalogues are not available locally.
Ma_xp_A2000_s047z_n65_r12_v00_90000.hdf5,/rds/general/user/nny124/home/irp-nny124/martian_moon_data/Ma_xp_A2000_s047z_n65_r12_v00_90000.hdf5,A2000,n65,r12,v00,s047z,90000,0.004,1.0007002011501493e+20,5.17067792987492e+19,4.837814557146839e+19,0.5167059948556051,0.4834429484061783,3162278,1633968,1528781,6.414e+23,1080000000.0,particle_level_raw_snapshot_parent_normalized,All raw asteroid particles in the physical snapshot are included in the denominator; all raw bound/captured asteroid particles are included in the numerator. No FoF background or unresolved material is discarded for the particle-level metrics.,Particle-level Mars-centric energy and apoapsis classification from raw SPH snapshot. FoF-group diagnostics are preserved from existing CSV outputs only because FoF HDF5 catalogues are not available locally.
Ma_xp_A2000_s047z_n65_r12_v02_90000.hdf5,/rds/general/user/nny124/home/irp-nny124/martian_moon_data/Ma_xp_A2000_s047z_n65_r12_v02_90000.hdf5,A2000,n65,r12,v02,s047z,90000,0.004,1.0007002011501493e+20,5.0143457182944715e+19,4.66485294246823e+19,0.5010837124376772,0.4661588892564134,3162278,1584566,1474124,6.414e+23,1080000000.0,particle_level_raw_snapshot_parent_normalized,All raw asteroid particles in the physical snapshot are included in the denominator; all raw bound/captured asteroid particles are included in the numerator. No FoF background or unresolved material is discarded for the particle-level metrics.,Particle-level Mars-centric energy and apoapsis classification from raw SPH snapshot. FoF-group diagnostics are preserved from existing CSV outputs only because FoF HDF5 catalogues are not available locally.
Ma_xp_A2000_s047z_n65_r12_v04_90000.hdf5,/rds/general/user/nny124/home/irp-nny124/martian_moon_data/Ma_xp_A2000_s047z_n65_r12_v04_90000.hdf5,A2000,n65,r12,v04,s047z,90000,0.004,1.0006888089805673e+20,4.464027979686998e+19,4.2211374307242566e+19,0.44609552336601443,0.42182318747268294,3162242,1410662,1333907,6.414e+23,1080000000.0,particle_level_raw_snapshot_parent_normalized,All raw asteroid particles in the physical snapshot are included in the denominator; all raw bound/captured asteroid particles are included in the numerator. No FoF background or unresolved material is discarded for the particle-level metrics.,Particle-level Mars-centric energy and apoapsis classification from raw SPH snapshot. FoF-group diagnostics are preserved from existing CSV outputs only because FoF HDF5 catalogues are not available locally.
Ma_xp_A2000_s047z_n65_r12_v06_90000.hdf5,/rds/general/user/nny124/home/irp-nny124/martian_moon_data/Ma_xp_A2000_s047z_n65_r12_v06_90000.hdf5,A2000,n65,r12,v06,s047z,90000,0.004,1.0007002011501493e+20,3.685265596045061e+19,3.3035899411496964e+19,0.3682686974389953,0.33012783822294967,3162278,1164568,1043956,6.414e+23,1080000000.0,particle_level_raw_snapshot_parent_normalized,All raw asteroid particles in the physical snapshot are included in the denominator; all raw bound/captured asteroid particles are included in the numerator. No FoF background or unresolved material is discarded for the particle-level metrics.,Particle-level Mars-centric energy and apoapsis classification from raw SPH snapshot. FoF-group diagnostics are preserved from existing CSV outputs only because FoF HDF5 catalogues are not available locally.
Ma_xp_A2000_s047z_n65_r12_v08_90000.hdf5,/rds/general/user/nny124/home/irp-nny124/martian_moon_data/Ma_xp_A2000_s047z_n65_r12_v08_90000.hdf5,A2000,n65,r12,v08,s047z,90000,0.004,1.0007002011501493e+20,2.5323084155332796e+19,2.273307440086674e+19,0.2530536530943818,0.22717167813835357,3162278,800226,718380,6.414e+23,1080000000.0,particle_level_raw_snapshot_parent_normalized,All raw asteroid particles in the physical snapshot are included in the denominator; all raw bound/captured asteroid particles are included in the numerator. No FoF background or unresolved material is discarded for the particle-level metrics.,Particle-level Mars-centric energy and apoapsis classification from raw SPH snapshot. FoF-group diagnostics are preserved from existing CSV outputs only because FoF HDF5 catalogues are not available locally.
Ma_xp_A2000_s047z_n65_r12_v10_90000.hdf5,/rds/general/user/nny124/home/irp-nny124/martian_moon_data/Ma_xp_A2000_s047z_n65_r12_v10_90000.hdf5,A2000,n65,r12,v10,s047z,90000,0.004,1.0007002011501493e+20,1.3475670818877342e+19,1.098265273043573e+19,0.1346624174092216,0.10974968045187637,3162278,425840,347059,6.414e+23,1080000000.0,particle_level_raw_snapshot_parent_normalized,All raw asteroid particles in the physical snapshot are included in the denominator; all raw bound/captured asteroid particles are included in the numerator. No FoF background or unresolved material is discarded for the particle-level metrics.,Particle-level Mars-centric energy and apoapsis classification from raw SPH snapshot. FoF-group diagnostics are preserved from existing CSV outputs only because FoF HDF5 catalogues are not available locally.
Ma_xp_A2000_s047z_n65_r12_v12_90000.hdf5,/rds/general/user/nny124/home/irp-nny124/martian_moon_data/Ma_xp_A2000_s047z_n65_r12_v12_90000.hdf5,A2000,n65,r12,v12,s047z,90000,0.004,1.0007002011501493e+20,3.3537914351076895e+18,1.9083149846458276e+18,0.033514447496393304,0.01906979715255894,3162278,105982,60304,6.414e+23,1080000000.0,particle_level_raw_snapshot_parent_normalized,All raw asteroid particles in the physical snapshot are included in the denominator; all raw bound/captured asteroid particles are included in the numerator. No FoF background or unresolved material is discarded for the particle-level metrics.,Particle-level Mars-centric energy and apoapsis classification from raw SPH snapshot. FoF-group diagnostics are preserved from existing CSV outputs only because FoF HDF5 catalogues are not available locally.
Ma_xp_A2000_s047z_n65_r12_v14_90000.hdf5,/rds/general/user/nny124/home/irp-nny124/martian_moon_data/Ma_xp_A2000_s047z_n65_r12_v14_90000.hdf5,A2000,n65,r12,v14,s047z,90000,0.004,1.0007002011501493e+20,0.0,0.0,0.0,0.0,3162278,0,0,6.414e+23,1080000000.0,particle_level_raw_snapshot_parent_normalized,All raw asteroid particles in the physical snapshot are included in the denominator; all raw bound/captured asteroid particles are included in the numerator. No FoF background or unresolved material is discarded for the particle-level metrics.,Particle-level Mars-centric energy and apoapsis classification from raw SPH snapshot. FoF-group diagnostics are preserved from existing CSV outputs only because FoF HDF5 catalogues are not available locally.
Ma_xp_A2000_s047z_n65_r12_v16_90000.hdf5,/rds/general/user/nny124/home/irp-nny124/martian_moon_data/Ma_xp_A2000_s047z_n65_r12_v16_90000.hdf5,A2000,n65,r12,v16,s047z,90000,0.004,1.0006967202094437e+20,0.0,0.0,0.0,0.0,3162267,0,0,6.414e+23,1080000000.0,particle_level_raw_snapshot_parent_normalized,All raw asteroid particles in the physical snapshot are included in the denominator; all raw bound/captured asteroid particles are included in the numerator. No FoF background or unresolved material is discarded for the particle-level metrics.,Particle-level Mars-centric energy and apoapsis classification from raw SPH snapshot. FoF-group diagnostics are preserved from existing CSV outputs only because FoF HDF5 catalogues are not available locally.
Ma_xp_A2000_s047z_n65_r13_v00_90000.hdf5,/rds/general/user/nny124/home/irp-nny124/martian_moon_data/Ma_xp_A2000_s047z_n65_r13_v00_90000.hdf5,A2000,n65,r13,v00,s047z,90000,0.004,1.0007002011501493e+20,5.069762294327766e+19,4.7541105911431455e+19,0.506621492481051,0.4750784086661554,3162278,1602078,1502330,6.414e+23,1080000000.0,particle_level_raw_snapshot_parent_normalized,All raw asteroid particles in the physical snapshot are included in the denominator; all raw bound/captured asteroid particles are included in the numerator. No FoF background or unresolved material is discarded for the particle-level metrics.,Particle-level Mars-centric energy and apoapsis classification from raw SPH snapshot. FoF-group diagnostics are preserved from existing CSV outputs only because FoF HDF5 catalogues are not available locally.
Ma_xp_A2000_s047z_n65_r14_v00_90000.hdf5,/rds/general/user/nny124/home/irp-nny124/martian_moon_data/Ma_xp_A2000_s047z_n65_r14_v00_90000.hdf5,A2000,n65,r14,v00,s047z,90000,0.004,1.0007002011501493e+20,5.114330993325763e+19,4.75802190269963e+19,0.5110752438590134,0.47546926614294904,3162278,1616162,1503566,6.414e+23,1080000000.0,particle_level_raw_snapshot_parent_normalized,All raw asteroid particles in the physical snapshot are included in the denominator; all raw bound/captured asteroid particles are included in the numerator. No FoF background or unresolved material is discarded for the particle-level metrics.,Particle-level Mars-centric energy and apoapsis classification from raw SPH snapshot. FoF-group diagnostics are preserved from existing CSV outputs only because FoF HDF5 catalogues are not available locally.
Ma_xp_A2000_s047z_n65_r15_v00_90000.hdf5,/rds/general/user/nny124/home/irp-nny124/martian_moon_data/Ma_xp_A2000_s047z_n65_r15_v00_90000.hdf5,A2000,n65,r15,v00,s047z,90000,0.004,1.0007002011501493e+20,5.067857270414333e+19,4.733630001827963e+19,0.5064311233863668,0.4730317827844335,3162278,1601476,1495858,6.414e+23,1080000000.0,particle_level_raw_snapshot_parent_normalized,All raw asteroid particles in the physical snapshot are included in the denominator; all raw bound/captured asteroid particles are included in the numerator. No FoF background or unresolved material is discarded for the particle-level metrics.,Particle-level Mars-centric energy and apoapsis classification from raw SPH snapshot. FoF-group diagnostics are preserved from existing CSV outputs only because FoF HDF5 catalogues are not available locally.
Ma_xp_A2000_s047z_n65_r16_v00_90000.hdf5,/rds/general/user/nny124/home/irp-nny124/martian_moon_data/Ma_xp_A2000_s047z_n65_r16_v00_90000.hdf5,A2000,n65,r16,v00,s047z,90000,0.004,1.0007002011501493e+20,4.9791850526762705e+19,4.730009823494129e+19,0.497570106107051,0.4726700182589869,3162278,1573455,1494714,6.414e+23,1080000000.0,particle_level_raw_snapshot_parent_normalized,All raw asteroid particles in the physical snapshot are included in the denominator; all raw bound/captured asteroid particles are included in the numerator. No FoF background or unresolved material is discarded for the particle-level metrics.,Particle-level Mars-centric energy and apoapsis classification from raw SPH snapshot. FoF-group diagnostics are preserved from existing CSV outputs only because FoF HDF5 catalogues are not available locally.
Ma_xp_A2000_s047z_n65_r16_v02_90000.hdf5,/rds/general/user/nny124/home/irp-nny124/martian_moon_data/Ma_xp_A2000_s047z_n65_r16_v02_90000.hdf5,A2000,n65,r16,v02,s047z,90000,0.004,1.0006992518026841e+20,4.827387557487765e+19,4.543826963117308e+19,0.48240143567526317,0.4540651904088014,3162275,1525486,1435879,6.414e+23,1080000000.0,particle_level_raw_snapshot_parent_normalized,All raw asteroid particles in the physical snapshot are included in the denominator; all raw bound/captured asteroid particles are included in the numerator. No FoF background or unresolved material is discarded for the particle-level metrics.,Particle-level Mars-centric energy and apoapsis classification from raw SPH snapshot. FoF-group diagnostics are preserved from existing CSV outputs only because FoF HDF5 catalogues are not available locally.
Ma_xp_A2000_s047z_n65_r16_v04_90000.hdf5,/rds/general/user/nny124/home/irp-nny124/martian_moon_data/Ma_xp_A2000_s047z_n65_r16_v04_90000.hdf5,A2000,n65,r16,v04,s047z,90000,0.004,1.0007002011501493e+20,4.3013066596659814e+19,3.897055522048961e+19,0.42982969871718807,0.3894328708608134,3162278,1359241,1231495,6.414e+23,1080000000.0,particle_level_raw_snapshot_parent_normalized,All raw asteroid particles in the physical snapshot are included in the denominator; all raw bound/captured asteroid particles are included in the numerator. No FoF background or unresolved material is discarded for the particle-level metrics.,Particle-level Mars-centric energy and apoapsis classification from raw SPH snapshot. FoF-group diagnostics are preserved from existing CSV outputs only because FoF HDF5 catalogues are not available locally.
Ma_xp_A2000_s047z_n65_r16_v06_90000.hdf5,/rds/general/user/nny124/home/irp-nny124/martian_moon_data/Ma_xp_A2000_s047z_n65_r16_v06_90000.hdf5,A2000,n65,r16,v06,s047z,90000,0.004,1.0006989353535291e+20,3.46179236723652e+19,3.087784275368146e+19,0.3459374488105686,0.30856276211359085,3162274,1093949,975760,6.414e+23,1080000000.0,particle_level_raw_snapshot_parent_normalized,All raw asteroid particles in the physical snapshot are included in the denominator; all raw bound/captured asteroid particles are included in the numerator. No FoF background or unresolved material is discarded for the particle-level metrics.,Particle-level Mars-centric energy and apoapsis classification from raw SPH snapshot. FoF-group diagnostics are preserved from existing CSV outputs only because FoF HDF5 catalogues are not available locally.
Ma_xp_A2000_s047z_n65_r16_v08_90000.hdf5,/rds/general/user/nny124/home/irp-nny124/martian_moon_data/Ma_xp_A2000_s047z_n65_r16_v08_90000.hdf5,A2000,n65,r16,v08,s047z,90000,0.004,1.0007002011501493e+20,2.289183694195801e+19,2.026331532532171e+19,0.2287581926699665,0.20249136856405328,3162278,723397,640334,6.414e+23,1080000000.0,particle_level_raw_snapshot_parent_normalized,All raw asteroid particles in the physical snapshot are included in the denominator; all raw bound/captured asteroid particles are included in the numerator. No FoF background or unresolved material is discarded for the particle-level metrics.,Particle-level Mars-centric energy and apoapsis classification from raw SPH snapshot. FoF-group diagnostics are preserved from existing CSV outputs only because FoF HDF5 catalogues are not available locally.
Ma_xp_A2000_s047z_n65_r16_v10_90000.hdf5,/rds/general/user/nny124/home/irp-nny124/martian_moon_data/Ma_xp_A2000_s047z_n65_r16_v10_90000.hdf5,A2000,n65,r16,v10,s047z,90000,0.004,1.0007002011501493e+20,1.089765448738786e+19,8.836874299836363e+18,0.10890029276363392,0.08830691039813672,3162278,344373,279251,6.414e+23,1080000000.0,particle_level_raw_snapshot_parent_normalized,All raw asteroid particles in the physical snapshot are included in the denominator; all raw bound/captured asteroid particles are included in the numerator. No FoF background or unresolved material is discarded for the particle-level metrics.,Particle-level Mars-centric energy and apoapsis classification from raw SPH snapshot. FoF-group diagnostics are preserved from existing CSV outputs only because FoF HDF5 catalogues are not available locally.
Ma_xp_A2000_s047z_n65_r17_v00_90000.hdf5,/rds/general/user/nny124/home/irp-nny124/martian_moon_data/Ma_xp_A2000_s047z_n65_r17_v00_90000.hdf5,A2000,n65,r17,v00,s047z,90000,0.004,1.0007002011501493e+20,5.0212917772479365e+19,4.725630167188163e+19,0.5017778323094911,0.47223235907785227,3162278,1586761,1493330,6.414e+23,1080000000.0,particle_level_raw_snapshot_parent_normalized,All raw asteroid particles in the physical snapshot are included in the denominator; all raw bound/captured asteroid particles are included in the numerator. No FoF background or unresolved material is discarded for the particle-level metrics.,Particle-level Mars-centric energy and apoapsis classification from raw SPH snapshot. FoF-group diagnostics are preserved from existing CSV outputs only because FoF HDF5 catalogues are not available locally.
Ma_xp_A2000_s047z_n65_r18_v00_90000.hdf5,/rds/general/user/nny124/home/irp-nny124/martian_moon_data/Ma_xp_A2000_s047z_n65_r18_v00_90000.hdf5,A2000,n65,r18,v00,s047z,90000,0.004,1.0007002011501493e+20,5.104274239178103e+19,4.4895812489577185e+19,0.5100702721266103,0.44864398386226395,3162278,1612984,1418737,6.414e+23,1080000000.0,particle_level_raw_snapshot_parent_normalized,All raw asteroid particles in the physical snapshot are included in the denominator; all raw bound/captured asteroid particles are included in the numerator. No FoF background or unresolved material is discarded for the particle-level metrics.,Particle-level Mars-centric energy and apoapsis classification from raw SPH snapshot. FoF-group diagnostics are preserved from existing CSV outputs only because FoF HDF5 catalogues are not available locally.
Ma_xp_A2000_s047z_n65_r19_v00_90000.hdf5,/rds/general/user/nny124/home/irp-nny124/martian_moon_data/Ma_xp_A2000_s047z_n65_r19_v00_90000.hdf5,A2000,n65,r19,v00,s047z,90000,0.004,1.0007002011501493e+20,5.011026166657941e+19,4.289800568388169e+19,0.5007519895467739,0.42867989468351364,3162278,1583517,1355605,6.414e+23,1080000000.0,particle_level_raw_snapshot_parent_normalized,All raw asteroid particles in the physical snapshot are included in the denominator; all raw bound/captured asteroid particles are included in the numerator. No FoF background or unresolved material is discarded for the particle-level metrics.,Particle-level Mars-centric energy and apoapsis classification from raw SPH snapshot. FoF-group diagnostics are preserved from existing CSV outputs only because FoF HDF5 catalogues are not available locally.
Ma_xp_A2000_s047z_n65_r20_v00_90000.hdf5,/rds/general/user/nny124/home/irp-nny124/martian_moon_data/Ma_xp_A2000_s047z_n65_r20_v00_90000.hdf5,A2000,n65,r20,v00,s047z,90000,0.004,1.0007002011501493e+20,4.66513774670778e+19,4.02120169006873e+19,0.4661873497522964,0.4018388010162268,3162278,1474214,1270726,6.414e+23,1080000000.0,particle_level_raw_snapshot_parent_normalized,All raw asteroid particles in the physical snapshot are included in the denominator; all raw bound/captured asteroid particles are included in the numerator. No FoF background or unresolved material is discarded for the particle-level metrics.,Particle-level Mars-centric energy and apoapsis classification from raw SPH snapshot. FoF-group diagnostics are preserved from existing CSV outputs only because FoF HDF5 catalogues are not available locally.
Ma_xp_A2000_s047z_n65_r20_v02_90000.hdf5,/rds/general/user/nny124/home/irp-nny124/martian_moon_data/Ma_xp_A2000_s047z_n65_r20_v02_90000.hdf5,A2000,n65,r20,v02,s047z,90000,0.004,1.0007002011501493e+20,4.440050627208453e+19,3.805516274966097e+19,0.44369438740047273,0.38028535125627516,3162278,1403085,1202568,6.414e+23,1080000000.0,particle_level_raw_snapshot_parent_normalized,All raw asteroid particles in the physical snapshot are included in the denominator; all raw bound/captured asteroid particles are included in the numerator. No FoF background or unresolved material is discarded for the particle-level metrics.,Particle-level Mars-centric energy and apoapsis classification from raw SPH snapshot. FoF-group diagnostics are preserved from existing CSV outputs only because FoF HDF5 catalogues are not available locally.
Ma_xp_A2000_s047z_n65_r20_v04_90000.hdf5,/rds/general/user/nny124/home/irp-nny124/martian_moon_data/Ma_xp_A2000_s047z_n65_r20_v04_90000.hdf5,A2000,n65,r20,v04,s047z,90000,0.004,1.0007002011501493e+20,3.7517357410644386e+19,3.0654556229874405e+19,0.37491106095036275,0.30633106893195144,3162278,1185573,968704,6.414e+23,1080000000.0,particle_level_raw_snapshot_parent_normalized,All raw asteroid particles in the physical snapshot are included in the denominator; all raw bound/captured asteroid particles are included in the numerator. No FoF background or unresolved material is discarded for the particle-level metrics.,Particle-level Mars-centric energy and apoapsis classification from raw SPH snapshot. FoF-group diagnostics are preserved from existing CSV outputs only because FoF HDF5 catalogues are not available locally.
Ma_xp_A2000_s047z_n65_r20_v06_90000.hdf5,/rds/general/user/nny124/home/irp-nny124/martian_moon_data/Ma_xp_A2000_s047z_n65_r20_v06_90000.hdf5,A2000,n65,r20,v06,s047z,90000,0.004,1.0007002011501493e+20,2.3234583021798466e+19,2.211321379594431e+19,0.23218325523562328,0.22097740932327792,3162278,734228,698792,6.414e+23,1080000000.0,particle_level_raw_snapshot_parent_normalized,All raw asteroid particles in the physical snapshot are included in the denominator; all raw bound/captured asteroid particles are included in the numerator. No FoF background or unresolved material is discarded for the particle-level metrics.,Particle-level Mars-centric energy and apoapsis classification from raw SPH snapshot. FoF-group diagnostics are preserved from existing CSV outputs only because FoF HDF5 catalogues are not available locally.
Ma_xp_A2000_s047z_n65_r20_v08_90000.hdf5,/rds/general/user/nny124/home/irp-nny124/martian_moon_data/Ma_xp_A2000_s047z_n65_r20_v08_90000.hdf5,A2000,n65,r20,v08,s047z,90000,0.004,1.0006998847009943e+20,1.0133967741492767e+19,8.331568289043968e+18,0.1012688009304684,0.0832574123013256,3162277,320240,263283,6.414e+23,1080000000.0,particle_level_raw_snapshot_parent_normalized,All raw asteroid particles in the physical snapshot are included in the denominator; all raw bound/captured asteroid particles are included in the numerator. No FoF background or unresolved material is discarded for the particle-level metrics.,Particle-level Mars-centric energy and apoapsis classification from raw SPH snapshot. FoF-group diagnostics are preserved from existing CSV outputs only because FoF HDF5 catalogues are not available locally.
Ma_xp_A2000_s047z_n65_r20_v10_90000.hdf5,/rds/general/user/nny124/home/irp-nny124/martian_moon_data/Ma_xp_A2000_s047z_n65_r20_v10_90000.hdf5,A2000,n65,r20,v10,s047z,90000,0.004,1.0007002011501493e+20,0.0,0.0,0.0,0.0,3162278,0,0,6.414e+23,1080000000.0,particle_level_raw_snapshot_parent_normalized,All raw asteroid particles in the physical snapshot are included in the denominator; all raw bound/captured asteroid particles are included in the numerator. No FoF background or unresolved material is discarded for the particle-level metrics.,Particle-level Mars-centric energy and apoapsis classification from raw SPH snapshot. FoF-group diagnostics are preserved from existing CSV outputs only because FoF HDF5 catalogues are not available locally.
Ma_xp_A2000_s047z_n65_r22_v00_90000.hdf5,/rds/general/user/nny124/home/irp-nny124/martian_moon_data/Ma_xp_A2000_s047z_n65_r22_v00_90000.hdf5,A2000,n65,r22,v00,s047z,90000,0.004,1.0007002011501493e+20,4.892572918937618e+19,2.6557425729541714e+19,0.4889149530812891,0.2653884320100874,3162278,1546085,839232,6.414e+23,1080000000.0,particle_level_raw_snapshot_parent_normalized,All raw asteroid particles in the physical snapshot are included in the denominator; all raw bound/captured asteroid particles are included in the numerator. No FoF background or unresolved material is discarded for the particle-level metrics.,Particle-level Mars-centric energy and apoapsis classification from raw SPH snapshot. FoF-group diagnostics are preserved from existing CSV outputs only because FoF HDF5 catalogues are not available locally.
Ma_xp_A2000_s047z_n65_r24_v00_90000.hdf5,/rds/general/user/nny124/home/irp-nny124/martian_moon_data/Ma_xp_A2000_s047z_n65_r24_v00_90000.hdf5,A2000,n65,r24,v00,s047z,90000,0.004,1.0007002011501493e+20,4.991479102350171e+19,1.84899342603915e+19,0.4987986508460019,0.18476996646088606,3162278,1577340,584294,6.414e+23,1080000000.0,particle_level_raw_snapshot_parent_normalized,All raw asteroid particles in the physical snapshot are included in the denominator; all raw bound/captured asteroid particles are included in the numerator. No FoF background or unresolved material is discarded for the particle-level metrics.,Particle-level Mars-centric energy and apoapsis classification from raw SPH snapshot. FoF-group diagnostics are preserved from existing CSV outputs only because FoF HDF5 catalogues are not available locally.
Ma_xp_A2000_s047z_n65_r26_v00_90000.hdf5,/rds/general/user/nny124/home/irp-nny124/martian_moon_data/Ma_xp_A2000_s047z_n65_r26_v00_90000.hdf5,A2000,n65,r26,v00,s047z,90000,0.004,1.0007002011501493e+20,4.9717579910071206e+19,1.938121330560491e+19,0.4968279196199679,0.19367652053361456,3162278,1571108,612459,6.414e+23,1080000000.0,particle_level_raw_snapshot_parent_normalized,All raw asteroid particles in the physical snapshot are included in the denominator; all raw bound/captured asteroid particles are included in the numerator. No FoF background or unresolved material is discarded for the particle-level metrics.,Particle-level Mars-centric energy and apoapsis classification from raw SPH snapshot. FoF-group diagnostics are preserved from existing CSV outputs only because FoF HDF5 catalogues are not available locally.
Ma_xp_A2000_s047z_n65_r28_v00_90000.hdf5,/rds/general/user/nny124/home/irp-nny124/martian_moon_data/Ma_xp_A2000_s047z_n65_r28_v00_90000.hdf5,A2000,n65,r28,v00,s047z,90000,0.004,1.0007002011501493e+20,4.913920578937653e+19,1.4551597946065558e+19,0.4910482253615883,0.14541416029836668,3162278,1552831,459840,6.414e+23,1080000000.0,particle_level_raw_snapshot_parent_normalized,All raw asteroid particles in the physical snapshot are included in the denominator; all raw bound/captured asteroid particles are included in the numerator. No FoF background or unresolved material is discarded for the particle-level metrics.,Particle-level Mars-centric energy and apoapsis classification from raw SPH snapshot. FoF-group diagnostics are preserved from existing CSV outputs only because FoF HDF5 catalogues are not available locally.
Ma_xp_A2000_s047z_n65_r30_v00_90000.hdf5,/rds/general/user/nny124/home/irp-nny124/martian_moon_data/Ma_xp_A2000_s047z_n65_r30_v00_90000.hdf5,A2000,n65,r30,v00,s047z,90000,0.004,1.0007002011501493e+20,4.887304040505947e+19,1.2402813248493162e+19,0.4883884339074531,0.1239413486100838,3162278,1544420,391937,6.414e+23,1080000000.0,particle_level_raw_snapshot_parent_normalized,All raw asteroid particles in the physical snapshot are included in the denominator; all raw bound/captured asteroid particles are included in the numerator. No FoF background or unresolved material is discarded for the particle-level metrics.,Particle-level Mars-centric energy and apoapsis classification from raw SPH snapshot. FoF-group diagnostics are preserved from existing CSV outputs only because FoF HDF5 catalogues are not available locally.
Ma_xp_A2000_s086mz_n65_r12_v00_90000.hdf5,/rds/general/user/nny124/home/irp-nny124/martian_moon_data/Ma_xp_A2000_s086mz_n65_r12_v00_90000.hdf5,A2000,n65,r12,v00,s086mz,90000,0.004,1.0000496261323375e+20,4.518055968098692e+19,3.1575419661418164e+19,0.4517831765581615,0.3157385277322204,3162278,1428664,998453,6.414e+23,1080000000.0,particle_level_raw_snapshot_parent_normalized,All raw asteroid particles in the physical snapshot are included in the denominator; all raw bound/captured asteroid particles are included in the numerator. No FoF background or unresolved material is discarded for the particle-level metrics.,Particle-level Mars-centric energy and apoapsis classification from raw SPH snapshot. FoF-group diagnostics are preserved from existing CSV outputs only because FoF HDF5 catalogues are not available locally.
Ma_xp_A2000_s086mz_n65_r16_v00_90000.hdf5,/rds/general/user/nny124/home/irp-nny124/martian_moon_data/Ma_xp_A2000_s086mz_n65_r16_v00_90000.hdf5,A2000,n65,r16,v00,s086mz,90000,0.004,1.0000496261323375e+20,5.968443189061165e+19,2.96164497640604e+19,0.5968147013007689,0.29614980087139425,3162278,1887294,936508,6.414e+23,1080000000.0,particle_level_raw_snapshot_parent_normalized,All raw asteroid particles in the physical snapshot are included in the denominator; all raw bound/captured asteroid particles are included in the numerator. No FoF background or unresolved material is discarded for the particle-level metrics.,Particle-level Mars-centric energy and apoapsis classification from raw SPH snapshot. FoF-group diagnostics are preserved from existing CSV outputs only because FoF HDF5 catalogues are not available locally.
Ma_xp_A2000_s086mz_n65_r16_v06_90000.hdf5,/rds/general/user/nny124/home/irp-nny124/martian_moon_data/Ma_xp_A2000_s086mz_n65_r16_v06_90000.hdf5,A2000,n65,r16,v06,s086mz,90000,0.004,1.0000496261323375e+20,0.0,0.0,0.0,0.0,3162278,0,0,6.414e+23,1080000000.0,particle_level_raw_snapshot_parent_normalized,All raw asteroid particles in the physical snapshot are included in the denominator; all raw bound/captured asteroid particles are included in the numerator. No FoF background or unresolved material is discarded for the particle-level metrics.,Particle-level Mars-centric energy and apoapsis classification from raw SPH snapshot. FoF-group diagnostics are preserved from existing CSV outputs only because FoF HDF5 catalogues are not available locally.
Ma_xp_A2000_s086x_n65_r12_v00_90000.hdf5,/rds/general/user/nny124/home/irp-nny124/martian_moon_data/Ma_xp_A2000_s086x_n65_r12_v00_90000.hdf5,A2000,n65,r12,v00,s086x,90000,0.004,1.0000496261323375e+20,5.109276213931183e+19,4.711195315166789e+19,0.5109022672895903,0.47109615283665457,3162278,1615615,1489737,6.414e+23,1080000000.0,particle_level_raw_snapshot_parent_normalized,All raw asteroid particles in the physical snapshot are included in the denominator; all raw bound/captured asteroid particles are included in the numerator. No FoF background or unresolved material is discarded for the particle-level metrics.,Particle-level Mars-centric energy and apoapsis classification from raw SPH snapshot. FoF-group diagnostics are preserved from existing CSV outputs only because FoF HDF5 catalogues are not available locally.
Ma_xp_A2000_s086x_n65_r16_v00_90000.hdf5,/rds/general/user/nny124/home/irp-nny124/martian_moon_data/Ma_xp_A2000_s086x_n65_r16_v00_90000.hdf5,A2000,n65,r16,v00,s086x,90000,0.004,1.0000496261323375e+20,4.194864674854243e+19,4.069954846771528e+19,0.4194656510275154,0.40697528806764904,3162278,1326467,1286969,6.414e+23,1080000000.0,particle_level_raw_snapshot_parent_normalized,All raw asteroid particles in the physical snapshot are included in the denominator; all raw bound/captured asteroid particles are included in the numerator. No FoF background or unresolved material is discarded for the particle-level metrics.,Particle-level Mars-centric energy and apoapsis classification from raw SPH snapshot. FoF-group diagnostics are preserved from existing CSV outputs only because FoF HDF5 catalogues are not available locally.
Ma_xp_A2000_s086x_n65_r16_v06_90000.hdf5,/rds/general/user/nny124/home/irp-nny124/martian_moon_data/Ma_xp_A2000_s086x_n65_r16_v06_90000.hdf5,A2000,n65,r16,v06,s086x,90000,0.004,1.0000496261323375e+20,2.132154284296179e+19,1.9393280182190264e+19,0.21320484789762115,0.19392317816459975,3162278,674213,613239,6.414e+23,1080000000.0,particle_level_raw_snapshot_parent_normalized,All raw asteroid particles in the physical snapshot are included in the denominator; all raw bound/captured asteroid particles are included in the numerator. No FoF background or unresolved material is discarded for the particle-level metrics.,Particle-level Mars-centric energy and apoapsis classification from raw SPH snapshot. FoF-group diagnostics are preserved from existing CSV outputs only because FoF HDF5 catalogues are not available locally.
Ma_xp_A2000_s086x_n65_r20_v00_90000.hdf5,/rds/general/user/nny124/home/irp-nny124/martian_moon_data/Ma_xp_A2000_s086x_n65_r20_v00_90000.hdf5,A2000,n65,r20,v00,s086x,90000,0.004,1.0000496261323375e+20,5.3649558607654396e+19,1.8000417640270412e+19,0.5364689631967814,0.17999524393490848,3162278,1696464,569195,6.414e+23,1080000000.0,particle_level_raw_snapshot_parent_normalized,All raw asteroid particles in the physical snapshot are included in the denominator; all raw bound/captured asteroid particles are included in the numerator. No FoF background or unresolved material is discarded for the particle-level metrics.,Particle-level Mars-centric energy and apoapsis classification from raw SPH snapshot. FoF-group diagnostics are preserved from existing CSV outputs only because FoF HDF5 catalogues are not available locally.
Ma_xp_A2000_s086y_n65_r12_v00_90000.hdf5,/rds/general/user/nny124/home/irp-nny124/martian_moon_data/Ma_xp_A2000_s086y_n65_r12_v00_90000.hdf5,A2000,n65,r12,v00,s086y,90000,0.004,1.0000496261323375e+20,5.174985272817776e+19,4.646906189259312e+19,0.5174728471057861,0.4646675592721419,3162278,1636393,1469408,6.414e+23,1080000000.0,particle_level_raw_snapshot_parent_normalized,All raw asteroid particles in the physical snapshot are included in the denominator; all raw bound/captured asteroid particles are included in the numerator. No FoF background or unresolved material is discarded for the particle-level metrics.,Particle-level Mars-centric energy and apoapsis classification from raw SPH snapshot. FoF-group diagnostics are preserved from existing CSV outputs only because FoF HDF5 catalogues are not available locally.
Ma_xp_A2000_s086y_n65_r16_v00_90000.hdf5,/rds/general/user/nny124/home/irp-nny124/martian_moon_data/Ma_xp_A2000_s086y_n65_r16_v00_90000.hdf5,A2000,n65,r16,v00,s086y,90000,0.004,1.0000496261323375e+20,4.4338371815355556e+19,4.183530510495328e+19,0.44336171582637257,0.41833229083590673,3162278,1402033,1322883,6.414e+23,1080000000.0,particle_level_raw_snapshot_parent_normalized,All raw asteroid particles in the physical snapshot are included in the denominator; all raw bound/captured asteroid particles are included in the numerator. No FoF background or unresolved material is discarded for the particle-level metrics.,Particle-level Mars-centric energy and apoapsis classification from raw SPH snapshot. FoF-group diagnostics are preserved from existing CSV outputs only because FoF HDF5 catalogues are not available locally.
Ma_xp_A2000_s086y_n65_r16_v06_90000.hdf5,/rds/general/user/nny124/home/irp-nny124/martian_moon_data/Ma_xp_A2000_s086y_n65_r16_v06_90000.hdf5,A2000,n65,r16,v06,s086y,90000,0.004,1.0000496261323375e+20,2.139639766170496e+19,2.0549118276927996e+19,0.21395335893934486,0.20548098554269859,3162278,676580,649788,6.414e+23,1080000000.0,particle_level_raw_snapshot_parent_normalized,All raw asteroid particles in the physical snapshot are included in the denominator; all raw bound/captured asteroid particles are included in the numerator. No FoF background or unresolved material is discarded for the particle-level metrics.,Particle-level Mars-centric energy and apoapsis classification from raw SPH snapshot. FoF-group diagnostics are preserved from existing CSV outputs only because FoF HDF5 catalogues are not available locally.
Ma_xp_A2000_s086y_n65_r20_v00_90000.hdf5,/rds/general/user/nny124/home/irp-nny124/martian_moon_data/Ma_xp_A2000_s086y_n65_r20_v00_90000.hdf5,A2000,n65,r20,v00,s086y,90000,0.004,9.999218637885594e+19,5.51811255158639e+19,2.048966451299172e+19,0.551854374968766,0.20491265622855112,3161874,1744894,647908,6.414e+23,1080000000.0,particle_level_raw_snapshot_parent_normalized,All raw asteroid particles in the physical snapshot are included in the denominator; all raw bound/captured asteroid particles are included in the numerator. No FoF background or unresolved material is discarded for the particle-level metrics.,Particle-level Mars-centric energy and apoapsis classification from raw SPH snapshot. FoF-group diagnostics are preserved from existing CSV outputs only because FoF HDF5 catalogues are not available locally.
Ma_xp_A2000_s086z_n65_r12_v00_90000.hdf5,/rds/general/user/nny124/home/irp-nny124/martian_moon_data/Ma_xp_A2000_s086z_n65_r12_v00_90000.hdf5,A2000,n65,r12,v00,s086z,90000,0.004,1.000048993645487e+20,5.272830988572478e+19,4.81090686713013e+19,0.5272572666016474,0.4810671174812036,3162276,1667333,1521267,6.414e+23,1080000000.0,particle_level_raw_snapshot_parent_normalized,All raw asteroid particles in the physical snapshot are included in the denominator; all raw bound/captured asteroid particles are included in the numerator. No FoF background or unresolved material is discarded for the particle-level metrics.,Particle-level Mars-centric energy and apoapsis classification from raw SPH snapshot. FoF-group diagnostics are preserved from existing CSV outputs only because FoF HDF5 catalogues are not available locally.
Ma_xp_A2000_s086z_n65_r16_v00_90000.hdf5,/rds/general/user/nny124/home/irp-nny124/martian_moon_data/Ma_xp_A2000_s086z_n65_r16_v00_90000.hdf5,A2000,n65,r16,v00,s086z,90000,0.004,1.0000496261323375e+20,5.007784211484007e+19,4.5611631093867454e+19,0.5007535706854334,0.4560936767735127,3162278,1583522,1442295,6.414e+23,1080000000.0,particle_level_raw_snapshot_parent_normalized,All raw asteroid particles in the physical snapshot are included in the denominator; all raw bound/captured asteroid particles are included in the numerator. No FoF background or unresolved material is discarded for the particle-level metrics.,Particle-level Mars-centric energy and apoapsis classification from raw SPH snapshot. FoF-group diagnostics are preserved from existing CSV outputs only because FoF HDF5 catalogues are not available locally.
Ma_xp_A2000_s086z_n65_r16_v06_90000.hdf5,/rds/general/user/nny124/home/irp-nny124/martian_moon_data/Ma_xp_A2000_s086z_n65_r16_v06_90000.hdf5,A2000,n65,r16,v06,s086z,90000,0.004,1.0000496261323375e+20,3.207258595016401e+19,2.7739703157252813e+19,0.3207099439075218,0.2773832661138558,3162278,1014174,877163,6.414e+23,1080000000.0,particle_level_raw_snapshot_parent_normalized,All raw asteroid particles in the physical snapshot are included in the denominator; all raw bound/captured asteroid particles are included in the numerator. No FoF background or unresolved material is discarded for the particle-level metrics.,Particle-level Mars-centric energy and apoapsis classification from raw SPH snapshot. FoF-group diagnostics are preserved from existing CSV outputs only because FoF HDF5 catalogues are not available locally.
Ma_xp_A2000_s086z_n65_r20_v00_90000.hdf5,/rds/general/user/nny124/home/irp-nny124/martian_moon_data/Ma_xp_A2000_s086z_n65_r20_v00_90000.hdf5,A2000,n65,r20,v00,s086z,90000,0.004,1.0000496261323375e+20,4.320818106240095e+19,2.278223959958553e+19,0.43206036913895285,0.2278110906125246,3162278,1366295,720402,6.414e+23,1080000000.0,particle_level_raw_snapshot_parent_normalized,All raw asteroid particles in the physical snapshot are included in the denominator; all raw bound/captured asteroid particles are included in the numerator. No FoF background or unresolved material is discarded for the particle-level metrics.,Particle-level Mars-centric energy and apoapsis classification from raw SPH snapshot. FoF-group diagnostics are preserved from existing CSV outputs only because FoF HDF5 catalogues are not available locally.
Ma_xp_A2000_s170mz_n65_r12_v00_90000.hdf5,/rds/general/user/nny124/home/irp-nny124/martian_moon_data/Ma_xp_A2000_s170mz_n65_r12_v00_90000.hdf5,A2000,n65,r12,v00,s170mz,90000,0.004,9.985129664855029e+19,5.175806972113589e+19,4.136164974645787e+19,0.5183515032690099,0.41423247503775296,3162275,1639170,1309917,6.414e+23,1080000000.0,particle_level_raw_snapshot_parent_normalized,All raw asteroid particles in the physical snapshot are included in the denominator; all raw bound/captured asteroid particles are included in the numerator. No FoF background or unresolved material is discarded for the particle-level metrics.,Particle-level Mars-centric energy and apoapsis classification from raw SPH snapshot. FoF-group diagnostics are preserved from existing CSV outputs only because FoF HDF5 catalogues are not available locally.
Ma_xp_A2000_s170mz_n65_r16_v00_90000.hdf5,/rds/general/user/nny124/home/irp-nny124/martian_moon_data/Ma_xp_A2000_s170mz_n65_r16_v00_90000.hdf5,A2000,n65,r16,v00,s170mz,90000,0.004,9.985129664855029e+19,3.3471430929582965e+19,2.8585047548106035e+19,0.3352127819370579,0.2862761777517794,3162275,1060035,905284,6.414e+23,1080000000.0,particle_level_raw_snapshot_parent_normalized,All raw asteroid particles in the physical snapshot are included in the denominator; all raw bound/captured asteroid particles are included in the numerator. No FoF background or unresolved material is discarded for the particle-level metrics.,Particle-level Mars-centric energy and apoapsis classification from raw SPH snapshot. FoF-group diagnostics are preserved from existing CSV outputs only because FoF HDF5 catalogues are not available locally.
Ma_xp_A2000_s170mz_n65_r16_v06_90000.hdf5,/rds/general/user/nny124/home/irp-nny124/martian_moon_data/Ma_xp_A2000_s170mz_n65_r16_v06_90000.hdf5,A2000,n65,r16,v06,s170mz,90000,0.004,9.985129664855029e+19,1.1488563019947805e+19,442060906492861.44,0.11505672340324691,4.427192448474625e-06,3162275,363841,14,6.414e+23,1080000000.0,particle_level_raw_snapshot_parent_normalized,All raw asteroid particles in the physical snapshot are included in the denominator; all raw bound/captured asteroid particles are included in the numerator. No FoF background or unresolved material is discarded for the particle-level metrics.,Particle-level Mars-centric energy and apoapsis classification from raw SPH snapshot. FoF-group diagnostics are preserved from existing CSV outputs only because FoF HDF5 catalogues are not available locally.
Ma_xp_A2000_s170x_n65_r12_v00_90000.hdf5,/rds/general/user/nny124/home/irp-nny124/martian_moon_data/Ma_xp_A2000_s170x_n65_r12_v00_90000.hdf5,A2000,n65,r12,v00,s170x,90000,0.004,9.985129664855029e+19,5.211336038684e+19,4.545472325545426e+19,0.5219097010854553,0.45522416614621103,3162275,1650422,1439544,6.414e+23,1080000000.0,particle_level_raw_snapshot_parent_normalized,All raw asteroid particles in the physical snapshot are included in the denominator; all raw bound/captured asteroid particles are included in the numerator. No FoF background or unresolved material is discarded for the particle-level metrics.,Particle-level Mars-centric energy and apoapsis classification from raw SPH snapshot. FoF-group diagnostics are preserved from existing CSV outputs only because FoF HDF5 catalogues are not available locally.
Ma_xp_A2000_s170x_n65_r16_v00_90000.hdf5,/rds/general/user/nny124/home/irp-nny124/martian_moon_data/Ma_xp_A2000_s170x_n65_r16_v00_90000.hdf5,A2000,n65,r16,v00,s170x,90000,0.004,9.985129664855029e+19,4.548304672924883e+19,3.854490080184346e+19,0.4555078226909454,0.38602303721213704,3162275,1440441,1220711,6.414e+23,1080000000.0,particle_level_raw_snapshot_parent_normalized,All raw asteroid particles in the physical snapshot are included in the denominator; all raw bound/captured asteroid particles are included in the numerator. No FoF background or unresolved material is discarded for the particle-level metrics.,Particle-level Mars-centric energy and apoapsis classification from raw SPH snapshot. FoF-group diagnostics are preserved from existing CSV outputs only because FoF HDF5 catalogues are not available locally.
Ma_xp_A2000_s170x_n65_r16_v06_90000.hdf5,/rds/general/user/nny124/home/irp-nny124/martian_moon_data/Ma_xp_A2000_s170x_n65_r16_v06_90000.hdf5,A2000,n65,r16,v06,s170x,90000,0.004,9.985126507277125e+19,2.294289789542148e+19,1.8694976766036386e+19,0.22977072827971462,0.18722824144903474,3162274,726598,592067,6.414e+23,1080000000.0,particle_level_raw_snapshot_parent_normalized,All raw asteroid particles in the physical snapshot are included in the denominator; all raw bound/captured asteroid particles are included in the numerator. No FoF background or unresolved material is discarded for the particle-level metrics.,Particle-level Mars-centric energy and apoapsis classification from raw SPH snapshot. FoF-group diagnostics are preserved from existing CSV outputs only because FoF HDF5 catalogues are not available locally.
Ma_xp_A2000_s170x_n65_r20_v00_90000.hdf5,/rds/general/user/nny124/home/irp-nny124/martian_moon_data/Ma_xp_A2000_s170x_n65_r20_v00_90000.hdf5,A2000,n65,r20,v00,s170x,90000,0.004,9.985129664855029e+19,5.414163055316633e+19,1.7235481107471165e+19,0.5422226087231528,0.1726114901455454,3162275,1714657,545845,6.414e+23,1080000000.0,particle_level_raw_snapshot_parent_normalized,All raw asteroid particles in the physical snapshot are included in the denominator; all raw bound/captured asteroid particles are included in the numerator. No FoF background or unresolved material is discarded for the particle-level metrics.,Particle-level Mars-centric energy and apoapsis classification from raw SPH snapshot. FoF-group diagnostics are preserved from existing CSV outputs only because FoF HDF5 catalogues are not available locally.
Ma_xp_A2000_s170y_n65_r12_v00_90000.hdf5,/rds/general/user/nny124/home/irp-nny124/martian_moon_data/Ma_xp_A2000_s170y_n65_r12_v00_90000.hdf5,A2000,n65,r12,v00,s170y,90000,0.004,9.985129664855029e+19,5.086949572330621e+19,4.793001172558197e+19,0.509452530219544,0.4800139140334123,3162275,1611029,1517936,6.414e+23,1080000000.0,particle_level_raw_snapshot_parent_normalized,All raw asteroid particles in the physical snapshot are included in the denominator; all raw bound/captured asteroid particles are included in the numerator. No FoF background or unresolved material is discarded for the particle-level metrics.,Particle-level Mars-centric energy and apoapsis classification from raw SPH snapshot. FoF-group diagnostics are preserved from existing CSV outputs only because FoF HDF5 catalogues are not available locally.
Ma_xp_A2000_s170y_n65_r16_v00_90000.hdf5,/rds/general/user/nny124/home/irp-nny124/martian_moon_data/Ma_xp_A2000_s170y_n65_r16_v00_90000.hdf5,A2000,n65,r16,v00,s170y,90000,0.004,9.985129664855029e+19,4.585911425755812e+19,4.119461387536164e+19,0.45927409855246915,0.41255962874829355,3162275,1452351,1304627,6.414e+23,1080000000.0,particle_level_raw_snapshot_parent_normalized,All raw asteroid particles in the physical snapshot are included in the denominator; all raw bound/captured asteroid particles are included in the numerator. No FoF background or unresolved material is discarded for the particle-level metrics.,Particle-level Mars-centric energy and apoapsis classification from raw SPH snapshot. FoF-group diagnostics are preserved from existing CSV outputs only because FoF HDF5 catalogues are not available locally.
Ma_xp_A2000_s170y_n65_r16_v06_90000.hdf5,/rds/general/user/nny124/home/irp-nny124/martian_moon_data/Ma_xp_A2000_s170y_n65_r16_v06_90000.hdf5,A2000,n65,r16,v06,s170y,90000,0.004,9.985129664855029e+19,2.04462326228869e+19,1.91755601229522e+19,0.20476682135488075,0.19204117288977243,3162275,647529,607287,6.414e+23,1080000000.0,particle_level_raw_snapshot_parent_normalized,All raw asteroid particles in the physical snapshot are included in the denominator; all raw bound/captured asteroid particles are included in the numerator. No FoF background or unresolved material is discarded for the particle-level metrics.,Particle-level Mars-centric energy and apoapsis classification from raw SPH snapshot. FoF-group diagnostics are preserved from existing CSV outputs only because FoF HDF5 catalogues are not available locally.
Ma_xp_A2000_s170y_n65_r20_v00_90000.hdf5,/rds/general/user/nny124/home/irp-nny124/martian_moon_data/Ma_xp_A2000_s170y_n65_r20_v00_90000.hdf5,A2000,n65,r20,v00,s170y,90000,0.004,9.985129664855029e+19,5.306085478834937e+19,1.9846355972776083e+19,0.5313987556426965,0.19875912120230066,3162275,1680429,628531,6.414e+23,1080000000.0,particle_level_raw_snapshot_parent_normalized,All raw asteroid particles in the physical snapshot are included in the denominator; all raw bound/captured asteroid particles are included in the numerator. No FoF background or unresolved material is discarded for the particle-level metrics.,Particle-level Mars-centric energy and apoapsis classification from raw SPH snapshot. FoF-group diagnostics are preserved from existing CSV outputs only because FoF HDF5 catalogues are not available locally.
Ma_xp_A2000_s170z_n65_r12_v00_90000.hdf5,/rds/general/user/nny124/home/irp-nny124/martian_moon_data/Ma_xp_A2000_s170z_n65_r12_v00_90000.hdf5,A2000,n65,r12,v00,s170z,90000,0.004,9.985129664855029e+19,5.123530112342905e+19,4.725741605635309e+19,0.5131160319706567,0.47327794072305823,3162275,1622614,1496635,6.414e+23,1080000000.0,particle_level_raw_snapshot_parent_normalized,All raw asteroid particles in the physical snapshot are included in the denominator; all raw bound/captured asteroid particles are included in the numerator. No FoF background or unresolved material is discarded for the particle-level metrics.,Particle-level Mars-centric energy and apoapsis classification from raw SPH snapshot. FoF-group diagnostics are preserved from existing CSV outputs only because FoF HDF5 catalogues are not available locally.
Ma_xp_A2000_s170z_n65_r16_v00_90000.hdf5,/rds/general/user/nny124/home/irp-nny124/martian_moon_data/Ma_xp_A2000_s170z_n65_r16_v00_90000.hdf5,A2000,n65,r16,v00,s170z,90000,0.004,9.985129664855029e+19,4.947087816672089e+19,4.2424016832097305e+19,0.4954455257686345,0.4248719671755334,3162275,1566735,1343562,6.414e+23,1080000000.0,particle_level_raw_snapshot_parent_normalized,All raw asteroid particles in the physical snapshot are included in the denominator; all raw bound/captured asteroid particles are included in the numerator. No FoF background or unresolved material is discarded for the particle-level metrics.,Particle-level Mars-centric energy and apoapsis classification from raw SPH snapshot. FoF-group diagnostics are preserved from existing CSV outputs only because FoF HDF5 catalogues are not available locally.
Ma_xp_A2000_s170z_n65_r16_v06_90000.hdf5,/rds/general/user/nny124/home/irp-nny124/martian_moon_data/Ma_xp_A2000_s170z_n65_r16_v06_90000.hdf5,A2000,n65,r16,v06,s170z,90000,0.004,9.98511387696551e+19,2.8534999938335236e+19,2.4367028681467277e+19,0.2857754081719803,0.24403355817182176,3162270,903699,771700,6.414e+23,1080000000.0,particle_level_raw_snapshot_parent_normalized,All raw asteroid particles in the physical snapshot are included in the denominator; all raw bound/captured asteroid particles are included in the numerator. No FoF background or unresolved material is discarded for the particle-level metrics.,Particle-level Mars-centric energy and apoapsis classification from raw SPH snapshot. FoF-group diagnostics are preserved from existing CSV outputs only because FoF HDF5 catalogues are not available locally.
Ma_xp_A2000_s170z_n65_r20_v00_90000.hdf5,/rds/general/user/nny124/home/irp-nny124/martian_moon_data/Ma_xp_A2000_s170z_n65_r20_v00_90000.hdf5,A2000,n65,r20,v00,s170z,90000,0.004,9.985126507277125e+19,5.715834890641069e+19,3.3646771230565454e+19,0.5724348996956011,0.3369689027579551,3162274,1810196,1065588,6.414e+23,1080000000.0,particle_level_raw_snapshot_parent_normalized,All raw asteroid particles in the physical snapshot are included in the denominator; all raw bound/captured asteroid particles are included in the numerator. No FoF background or unresolved material is discarded for the particle-level metrics.,Particle-level Mars-centric energy and apoapsis classification from raw SPH snapshot. FoF-group diagnostics are preserved from existing CSV outputs only because FoF HDF5 catalogues are not available locally.
Ma_xp_A2000c30_n65_r12_v00_90000.hdf5,/rds/general/user/nny124/home/irp-nny124/martian_moon_data/Ma_xp_A2000c30_n65_r12_v00_90000.hdf5,A2000c30,n65,r12,v00,,90000,0.004,9.99629741700655e+19,4.571512287157856e+19,4.300792298530463e+19,0.45732055544690087,0.4302385292391951,3195625,1461425,1374881,6.414e+23,1080000000.0,particle_level_raw_snapshot_parent_normalized,All raw asteroid particles in the physical snapshot are included in the denominator; all raw bound/captured asteroid particles are included in the numerator. No FoF background or unresolved material is discarded for the particle-level metrics.,Particle-level Mars-centric energy and apoapsis classification from raw SPH snapshot. FoF-group diagnostics are preserved from existing CSV outputs only because FoF HDF5 catalogues are not available locally.
Ma_xp_A2000c30_n65_r12_v02_90000.hdf5,/rds/general/user/nny124/home/irp-nny124/martian_moon_data/Ma_xp_A2000c30_n65_r12_v02_90000.hdf5,A2000c30,n65,r12,v02,,90000,0.004,9.996281776408206e+19,4.190476030286175e+19,4.125623853310035e+19,0.41920347225264665,0.4127158423091616,3195620,1339615,1318883,6.414e+23,1080000000.0,particle_level_raw_snapshot_parent_normalized,All raw asteroid particles in the physical snapshot are included in the denominator; all raw bound/captured asteroid particles are included in the numerator. No FoF background or unresolved material is discarded for the particle-level metrics.,Particle-level Mars-centric energy and apoapsis classification from raw SPH snapshot. FoF-group diagnostics are preserved from existing CSV outputs only because FoF HDF5 catalogues are not available locally.
Ma_xp_A2000c30_n65_r12_v04_90000.hdf5,/rds/general/user/nny124/home/irp-nny124/martian_moon_data/Ma_xp_A2000c30_n65_r12_v04_90000.hdf5,A2000c30,n65,r12,v04,,90000,0.004,9.99629741700655e+19,3.77359152200862e+19,3.682422474257818e+19,0.3774989243105818,0.36837864267553383,3195625,1206345,1177200,6.414e+23,1080000000.0,particle_level_raw_snapshot_parent_normalized,All raw asteroid particles in the physical snapshot are included in the denominator; all raw bound/captured asteroid particles are included in the numerator. No FoF background or unresolved material is discarded for the particle-level metrics.,Particle-level Mars-centric energy and apoapsis classification from raw SPH snapshot. FoF-group diagnostics are preserved from existing CSV outputs only because FoF HDF5 catalogues are not available locally.
Ma_xp_A2000c30_n65_r12_v06_90000.hdf5,/rds/general/user/nny124/home/irp-nny124/martian_moon_data/Ma_xp_A2000c30_n65_r12_v06_90000.hdf5,A2000c30,n65,r12,v06,,90000,0.004,9.996281776408206e+19,2.244141203563399e+19,1.6877957360861868e+19,0.22449759358121538,0.16884235297062963,3195620,717409,539556,6.414e+23,1080000000.0,particle_level_raw_snapshot_parent_normalized,All raw asteroid particles in the physical snapshot are included in the denominator; all raw bound/captured asteroid particles are included in the numerator. No FoF background or unresolved material is discarded for the particle-level metrics.,Particle-level Mars-centric energy and apoapsis classification from raw SPH snapshot. FoF-group diagnostics are preserved from existing CSV outputs only because FoF HDF5 catalogues are not available locally.
Ma_xp_A2000c30_n65_r12_v08_90000.hdf5,/rds/general/user/nny124/home/irp-nny124/martian_moon_data/Ma_xp_A2000c30_n65_r12_v08_90000.hdf5,A2000c30,n65,r12,v08,,90000,0.004,9.99629741700655e+19,1.5113822992375249e+19,1.4825754452064e+19,0.1511942108351271,0.1483124584392734,3195625,483160,473951,6.414e+23,1080000000.0,particle_level_raw_snapshot_parent_normalized,All raw asteroid particles in the physical snapshot are included in the denominator; all raw bound/captured asteroid particles are included in the numerator. No FoF background or unresolved material is discarded for the particle-level metrics.,Particle-level Mars-centric energy and apoapsis classification from raw SPH snapshot. FoF-group diagnostics are preserved from existing CSV outputs only because FoF HDF5 catalogues are not available locally.
Ma_xp_A2000c30_n65_r12_v10_90000.hdf5,/rds/general/user/nny124/home/irp-nny124/martian_moon_data/Ma_xp_A2000c30_n65_r12_v10_90000.hdf5,A2000c30,n65,r12,v10,,90000,0.004,9.99629741700655e+19,1.041754565222232e+19,6.87085229039912e+18,0.10421404263641763,0.06873397222765544,3195625,333029,219648,6.414e+23,1080000000.0,particle_level_raw_snapshot_parent_normalized,All raw asteroid particles in the physical snapshot are included in the denominator; all raw bound/captured asteroid particles are included in the numerator. No FoF background or unresolved material is discarded for the particle-level metrics.,Particle-level Mars-centric energy and apoapsis classification from raw SPH snapshot. FoF-group diagnostics are preserved from existing CSV outputs only because FoF HDF5 catalogues are not available locally.
Ma_xp_A2000c30_n65_r14_v00_90000.hdf5,/rds/general/user/nny124/home/irp-nny124/martian_moon_data/Ma_xp_A2000c30_n65_r14_v00_90000.hdf5,A2000c30,n65,r14,v00,,90000,0.004,9.99629741700655e+19,5.182211962002298e+19,3.1865466881005842e+19,0.5184131429689035,0.31877269704674455,3195625,1656654,1018678,6.414e+23,1080000000.0,particle_level_raw_snapshot_parent_normalized,All raw asteroid particles in the physical snapshot are included in the denominator; all raw bound/captured asteroid particles are included in the numerator. No FoF background or unresolved material is discarded for the particle-level metrics.,Particle-level Mars-centric energy and apoapsis classification from raw SPH snapshot. FoF-group diagnostics are preserved from existing CSV outputs only because FoF HDF5 catalogues are not available locally.
Ma_xp_A2000c30_n65_r16_v00_90000.hdf5,/rds/general/user/nny124/home/irp-nny124/martian_moon_data/Ma_xp_A2000c30_n65_r16_v00_90000.hdf5,A2000c30,n65,r16,v00,,90000,0.004,9.99629741700655e+19,4.589915015170138e+19,2.350700600085309e+19,0.45916150987678545,0.2351571288871515,3195625,1467308,751474,6.414e+23,1080000000.0,particle_level_raw_snapshot_parent_normalized,All raw asteroid particles in the physical snapshot are included in the denominator; all raw bound/captured asteroid particles are included in the numerator. No FoF background or unresolved material is discarded for the particle-level metrics.,Particle-level Mars-centric energy and apoapsis classification from raw SPH snapshot. FoF-group diagnostics are preserved from existing CSV outputs only because FoF HDF5 catalogues are not available locally.
Ma_xp_A2000c30_n65_r16_v02_90000.hdf5,/rds/general/user/nny124/home/irp-nny124/martian_moon_data/Ma_xp_A2000c30_n65_r16_v02_90000.hdf5,A2000c30,n65,r16,v02,,90000,0.004,9.99629741700655e+19,4.228701652640431e+19,4.109501524536398e+19,0.4230267944455319,0.41110236651672294,3195625,1351835,1313729,6.414e+23,1080000000.0,particle_level_raw_snapshot_parent_normalized,All raw asteroid particles in the physical snapshot are included in the denominator; all raw bound/captured asteroid particles are included in the numerator. No FoF background or unresolved material is discarded for the particle-level metrics.,Particle-level Mars-centric energy and apoapsis classification from raw SPH snapshot. FoF-group diagnostics are preserved from existing CSV outputs only because FoF HDF5 catalogues are not available locally.
Ma_xp_A2000c30_n65_r16_v04_90000.hdf5,/rds/general/user/nny124/home/irp-nny124/martian_moon_data/Ma_xp_A2000c30_n65_r16_v04_90000.hdf5,A2000c30,n65,r16,v04,,90000,0.004,9.99629741700655e+19,4.07634032792613e+19,3.4708458442107785e+19,0.40778501858009086,0.34721314296890377,3195625,1303128,1109563,6.414e+23,1080000000.0,particle_level_raw_snapshot_parent_normalized,All raw asteroid particles in the physical snapshot are included in the denominator; all raw bound/captured asteroid particles are included in the numerator. No FoF background or unresolved material is discarded for the particle-level metrics.,Particle-level Mars-centric energy and apoapsis classification from raw SPH snapshot. FoF-group diagnostics are preserved from existing CSV outputs only because FoF HDF5 catalogues are not available locally.
Ma_xp_A2000c30_n65_r16_v06_90000.hdf5,/rds/general/user/nny124/home/irp-nny124/martian_moon_data/Ma_xp_A2000c30_n65_r16_v06_90000.hdf5,A2000c30,n65,r16,v06,,90000,0.004,9.99629741700655e+19,1.1356482052046676e+19,1.0645554294890222e+19,0.11360688441228313,0.10649497359671492,3195625,363045,340318,6.414e+23,1080000000.0,particle_level_raw_snapshot_parent_normalized,All raw asteroid particles in the physical snapshot are included in the denominator; all raw bound/captured asteroid particles are included in the numerator. No FoF background or unresolved material is discarded for the particle-level metrics.,Particle-level Mars-centric energy and apoapsis classification from raw SPH snapshot. FoF-group diagnostics are preserved from existing CSV outputs only because FoF HDF5 catalogues are not available locally.
Ma_xp_A2000c30_n65_r16_v08_90000.hdf5,/rds/general/user/nny124/home/irp-nny124/martian_moon_data/Ma_xp_A2000c30_n65_r16_v08_90000.hdf5,A2000c30,n65,r16,v08,,90000,,9.99629741700655e+19,7.84767021941415e+18,6.985372751478443e+18,0.07850576960688492,0.0698796010170159,3195625,250875,223309,6.414e+23,1080000000.0,particle_level_raw_snapshot_parent_normalized,All raw asteroid particles in the physical snapshot are included in the denominator; all raw bound/captured asteroid particles are included in the numerator. No FoF background or unresolved material is discarded for the particle-level metrics.,Particle-level Mars-centric energy and apoapsis classification from raw SPH snapshot. FoF-group diagnostics are preserved from existing CSV outputs only because FoF HDF5 catalogues are not available locally.
Ma_xp_A2000c30_n65_r16_v10_90000.hdf5,/rds/general/user/nny124/home/irp-nny124/martian_moon_data/Ma_xp_A2000c30_n65_r16_v10_90000.hdf5,A2000c30,n65,r16,v10,,90000,0.004,9.99629741700655e+19,1.0918545298397258e+19,6.513495899421193e+18,0.10922589477801752,0.06515908468609469,3195625,349045,208224,6.414e+23,1080000000.0,particle_level_raw_snapshot_parent_normalized,All raw asteroid particles in the physical snapshot are included in the denominator; all raw bound/captured asteroid particles are included in the numerator. No FoF background or unresolved material is discarded for the particle-level metrics.,Particle-level Mars-centric energy and apoapsis classification from raw SPH snapshot. FoF-group diagnostics are preserved from existing CSV outputs only because FoF HDF5 catalogues are not available locally.
Ma_xp_A2000c30_n65_r18_v00_90000.hdf5,/rds/general/user/nny124/home/irp-nny124/martian_moon_data/Ma_xp_A2000c30_n65_r18_v00_90000.hdf5,A2000c30,n65,r18,v00,,90000,0.004,9.99629741700655e+19,4.588923401235089e+19,1.7124672159149939e+19,0.4590623117543524,0.1713101505965198,3195625,1466991,547443,6.414e+23,1080000000.0,particle_level_raw_snapshot_parent_normalized,All raw asteroid particles in the physical snapshot are included in the denominator; all raw bound/captured asteroid particles are included in the numerator. No FoF background or unresolved material is discarded for the particle-level metrics.,Particle-level Mars-centric energy and apoapsis classification from raw SPH snapshot. FoF-group diagnostics are preserved from existing CSV outputs only because FoF HDF5 catalogues are not available locally.
Ma_xp_A2000c30_n65_r20_v00_90000.hdf5,/rds/general/user/nny124/home/irp-nny124/martian_moon_data/Ma_xp_A2000c30_n65_r20_v00_90000.hdf5,A2000c30,n65,r20,v00,,90000,0.004,9.99629741700655e+19,5.2963914580377076e+19,1.1764764231234693e+19,0.529835321728927,0.11769121846274279,3195625,1693155,376097,6.414e+23,1080000000.0,particle_level_raw_snapshot_parent_normalized,All raw asteroid particles in the physical snapshot are included in the denominator; all raw bound/captured asteroid particles are included in the numerator. No FoF background or unresolved material is discarded for the particle-level metrics.,Particle-level Mars-centric energy and apoapsis classification from raw SPH snapshot. FoF-group diagnostics are preserved from existing CSV outputs only because FoF HDF5 catalogues are not available locally.
Ma_xp_A2000c30_n65_r22_v00_90000.hdf5,/rds/general/user/nny124/home/irp-nny124/martian_moon_data/Ma_xp_A2000c30_n65_r22_v00_90000.hdf5,A2000c30,n65,r22,v00,,90000,0.004,9.99629741700655e+19,5.109423745426096e+19,8.775314107233688e+17,0.5111316252689231,0.008778564443575257,3195625,1633385,28053,6.414e+23,1080000000.0,particle_level_raw_snapshot_parent_normalized,All raw asteroid particles in the physical snapshot are included in the denominator; all raw bound/captured asteroid particles are included in the numerator. No FoF background or unresolved material is discarded for the particle-level metrics.,Particle-level Mars-centric energy and apoapsis classification from raw SPH snapshot. FoF-group diagnostics are preserved from existing CSV outputs only because FoF HDF5 catalogues are not available locally.
Ma_xp_A2050_n70_r12_v00_90000.hdf5,/rds/general/user/nny124/home/irp-nny124/martian_moon_data/Ma_xp_A2050_n70_r12_v00_90000.hdf5,A2050,n70,r12,v00,,90000,0.004,3.1615573335170384e+20,1.6613802082599023e+20,1.546131435645103e+20,0.5254942526731656,0.48904108720531303,10094432,5304566,4936592,6.414e+23,1080000000.0,particle_level_raw_snapshot_parent_normalized,All raw asteroid particles in the physical snapshot are included in the denominator; all raw bound/captured asteroid particles are included in the numerator. No FoF background or unresolved material is discarded for the particle-level metrics.,Particle-level Mars-centric energy and apoapsis classification from raw SPH snapshot. FoF-group diagnostics are preserved from existing CSV outputs only because FoF HDF5 catalogues are not available locally.
Ma_xp_A2050_n70_r16_v00_90000.hdf5,/rds/general/user/nny124/home/irp-nny124/martian_moon_data/Ma_xp_A2050_n70_r16_v00_90000.hdf5,A2050,n70,r16,v00,,90000,0.004,3.1615573335170384e+20,1.451742598793327e+20,1.279937758728941e+20,0.45918591556217403,0.40484407641758274,10094432,4635221,4086671,6.414e+23,1080000000.0,particle_level_raw_snapshot_parent_normalized,All raw asteroid particles in the physical snapshot are included in the denominator; all raw bound/captured asteroid particles are included in the numerator. No FoF background or unresolved material is discarded for the particle-level metrics.,Particle-level Mars-centric energy and apoapsis classification from raw SPH snapshot. FoF-group diagnostics are preserved from existing CSV outputs only because FoF HDF5 catalogues are not available locally.
Ma_xp_A2100_n70_r12_v00_90000.hdf5,/rds/general/user/nny124/home/irp-nny124/martian_moon_data/Ma_xp_A2100_n70_r12_v00_90000.hdf5,A2100,n70,r12,v00,,90000,0.0044,9.997822147355578e+20,5.108563418897591e+20,5.0395847201692044e+20,0.5109676231086793,0.504068250654186,10087874,5154577,5084977,6.414e+23,1080000000.0,particle_level_raw_snapshot_parent_normalized,All raw asteroid particles in the physical snapshot are included in the denominator; all raw bound/captured asteroid particles are included in the numerator. No FoF background or unresolved material is discarded for the particle-level metrics.,Particle-level Mars-centric energy and apoapsis classification from raw SPH snapshot. FoF-group diagnostics are preserved from existing CSV outputs only because FoF HDF5 catalogues are not available locally.
Ma_xp_A2100_n70_r16_v00_90000.hdf5,/rds/general/user/nny124/home/irp-nny124/martian_moon_data/Ma_xp_A2100_n70_r16_v00_90000.hdf5,A2100,n70,r16,v00,,90000,0.0044,9.997822147355578e+20,4.631204064719201e+20,4.2957554992221186e+20,0.46322128924289313,0.42966912552633724,10087874,4672918,4334448,6.414e+23,1080000000.0,particle_level_raw_snapshot_parent_normalized,All raw asteroid particles in the physical snapshot are included in the denominator; all raw bound/captured asteroid particles are included in the numerator. No FoF background or unresolved material is discarded for the particle-level metrics.,Particle-level Mars-centric energy and apoapsis classification from raw SPH snapshot. FoF-group diagnostics are preserved from existing CSV outputs only because FoF HDF5 catalogues are not available locally.
