fof_file,physical_file,mass_code,resolution_code,periapsis_code,velocity_code,spin_code,timestep,fof_linking_length,n_fragments,largest_fragment_particle_count,total_fragment_mass_kg,bound_fragment_count,bound_mass_kg,bound_mass_fraction,largest_bound_fragment_mass_kg,unbound_fragment_count,unbound_mass_kg,unbound_mass_fraction,largest_unbound_fragment_mass_kg,mass_value,special_case_code,spin_value,spin_axis,has_explicit_spin,resolution_value,periapsis_value,velocity_value,chunk_index,mass_log10_kg,target_mass_kg,particle_log10,periapsis_Rm,v_inf_kms,spin_period_hr,has_spin,bound_mass_fraction_ge_0_1,largest_fragment_mass_kg,largest_fragment_mass_fraction,encounter_eccentricity_proxy,v_inf_squared,periapsis_inverse,spin_frequency_hr_inv,angular_momentum_proxy,particle_mass_proxy,mass_resolution_interaction,row_index,fold_index,target,model,transform,predicted,residual,rf_full_prediction,gb_full_prediction,model_spread,fold_spread,bin_count,in_training_range,near_training_edge,sparse_bin_flag,extrapolation_flag,borderline_bmf,high_confidence,recommendation
Ma_xp_A1800_n60_r12_v00_90000_fof_0.0001_0000.hdf5,Ma_xp_A1800_n60_r12_v00_90000.hdf5,A1800,n60,r12,v00,,90000,0.0001,0,0,0.0,0,0.0,0.0,0.0,0,0.0,0.0,0.0,1800,none,,none,False,60,12,0,0,18.0,1e+18,1.7781512503836436,1.2,0.0,,0,False,0.0,0.0,1.0,0.0,0.8333333333333334,,0.0,1.6666666666666666e+16,16.221848749616356,0,2,bound_mass_fraction,random_forest,raw,0.007357963033822492,-0.007357963033822492,0.004704695187181999,-0.0013382986814615837,0.006042993868643582,0.030660771438038546,5,True,True,False,False,False,False,medium_confidence_screening
Ma_xp_A1800_n60_r12_v00_90000_fof_0.0013_0000.hdf5,Ma_xp_A1800_n60_r12_v00_90000.hdf5,A1800,n60,r12,v00,,90000,0.0013,265,69353,9.907059774086918e+17,0,0.0,0.0,0.0,265,9.907059774086918e+17,1.0,6.9126856513801624e+16,1800,none,,none,False,60,12,0,0,18.0,1e+18,1.7781512503836436,1.2,0.0,,0,False,6.9126856513801624e+16,0.06912685651380163,1.0,0.0,0.8333333333333334,,0.0,1.6666666666666666e+16,16.221848749616356,1,2,bound_mass_fraction,random_forest,raw,0.0016681060881901756,-0.0016681060881901756,0.00023529677813578112,0.0004871133804507184,0.00025181660231493727,0.030660771438038546,5,True,True,False,False,False,False,medium_confidence_screening
Ma_xp_A1800_n60_r12_v00_90000_fof_0.0014_0000.hdf5,Ma_xp_A1800_n60_r12_v00_90000.hdf5,A1800,n60,r12,v00,,90000,0.0014,265,69353,9.908983480820175e+17,0,0.0,0.0,0.0,265,9.908983480820175e+17,1.0,6.9126856513801624e+16,1800,none,,none,False,60,12,0,0,18.0,1e+18,1.7781512503836436,1.2,0.0,,0,False,6.9126856513801624e+16,0.06912685651380163,1.0,0.0,0.8333333333333334,,0.0,1.6666666666666666e+16,16.221848749616356,2,2,bound_mass_fraction,random_forest,raw,0.0015804428438214242,-0.0015804428438214242,9.705858509275027e-05,0.0004871133804507184,0.00039005479535796816,0.030660771438038546,5,True,True,False,False,False,False,medium_confidence_screening
Ma_xp_A1800_n60_r12_v00_90000_fof_0.0016_0000.hdf5,Ma_xp_A1800_n60_r12_v00_90000.hdf5,A1800,n60,r12,v00,,90000,0.0016,264,69353,9.912163078995868e+17,0,0.0,0.0,0.0,264,9.912163078995868e+17,1.0,6.9126856513801624e+16,1800,none,,none,False,60,12,0,0,18.0,1e+18,1.7781512503836436,1.2,0.0,,0,False,6.9126856513801624e+16,0.06912685651380163,1.0,0.0,0.8333333333333334,,0.0,1.6666666666666666e+16,16.221848749616356,3,2,bound_mass_fraction,random_forest,raw,0.0015534695378618085,-0.0015534695378618085,7.682860562303843e-05,0.0004871133804507184,0.00041028477482768,0.030660771438038546,5,True,True,False,False,False,False,medium_confidence_screening
Ma_xp_A1800_n60_r12_v00_90000_fof_0.002_0000.hdf5,Ma_xp_A1800_n60_r12_v00_90000.hdf5,A1800,n60,r12,v00,,90000,0.002,265,69353,9.908983480820175e+17,0,0.0,0.0,0.0,265,9.908983480820175e+17,1.0,6.9126856513801624e+16,1800,none,,none,False,60,12,0,0,18.0,1e+18,1.7781512503836436,1.2,0.0,,0,False,6.9126856513801624e+16,0.06912685651380163,1.0,0.0,0.8333333333333334,,0.0,1.6666666666666666e+16,16.221848749616356,4,2,bound_mass_fraction,random_forest,raw,0.0017361215693639956,-0.0017361215693639956,0.00027739706747610855,0.0039730044279724765,0.003695607360496368,0.030660771438038546,5,True,True,False,False,False,False,medium_confidence_screening
Ma_xp_A1800_n60_r16_v00_90000_fof_0.0001_0000.hdf5,Ma_xp_A1800_n60_r16_v00_90000.hdf5,A1800,n60,r16,v00,,90000,0.0001,0,0,0.0,0,0.0,0.0,0.0,0,0.0,0.0,0.0,1800,none,,none,False,60,16,0,0,18.0,1e+18,1.7781512503836436,1.6,0.0,,0,False,0.0,0.0,1.0,0.0,0.625,,0.0,1.6666666666666666e+16,16.221848749616356,5,4,bound_mass_fraction,random_forest,raw,0.012868938284454632,-0.012868938284454632,0.003573280711099115,-0.004198949904410245,0.00777223061550936,0.01826113719012749,5,True,True,False,False,False,False,medium_confidence_screening
Ma_xp_A1800_n60_r16_v00_90000_fof_0.0013_0000.hdf5,Ma_xp_A1800_n60_r16_v00_90000.hdf5,A1800,n60,r16,v00,,90000,0.0013,88,278913,9.971349455086552e+17,0,0.0,0.0,0.0,88,9.971349455086552e+17,1.0,2.7800353165490752e+17,1800,none,,none,False,60,16,0,0,18.0,1e+18,1.7781512503836436,1.6,0.0,,0,False,2.7800353165490752e+17,0.27800353165490754,1.0,0.0,0.625,,0.0,1.6666666666666666e+16,16.221848749616356,6,4,bound_mass_fraction,random_forest,raw,0.0005627138148073693,-0.0005627138148073693,9.809870423711606e-05,-0.0027516312414166745,0.0028497299456537906,0.01826113719012749,5,True,True,False,False,False,False,medium_confidence_screening
Ma_xp_A1800_n60_r16_v00_90000_fof_0.0014_0000.hdf5,Ma_xp_A1800_n60_r16_v00_90000.hdf5,A1800,n60,r16,v00,,90000,0.0014,88,278913,9.972346194326582e+17,0,0.0,0.0,0.0,88,9.972346194326582e+17,1.0,2.7800353165490752e+17,1800,none,,none,False,60,16,0,0,18.0,1e+18,1.7781512503836436,1.6,0.0,,0,False,2.7800353165490752e+17,0.27800353165490754,1.0,0.0,0.625,,0.0,1.6666666666666666e+16,16.221848749616356,7,4,bound_mass_fraction,random_forest,raw,0.0005627138148073693,-0.0005627138148073693,5.089541880778845e-05,-0.0027516312414166745,0.002802526660224463,0.01826113719012749,5,True,True,False,False,False,False,medium_confidence_screening
Ma_xp_A1800_n60_r16_v00_90000_fof_0.0016_0000.hdf5,Ma_xp_A1800_n60_r16_v00_90000.hdf5,A1800,n60,r16,v00,,90000,0.0016,88,278913,9.973442607490614e+17,0,0.0,0.0,0.0,88,9.973442607490614e+17,1.0,2.7800353165490752e+17,1800,none,,none,False,60,16,0,0,18.0,1e+18,1.7781512503836436,1.6,0.0,,0,False,2.7800353165490752e+17,0.27800353165490754,1.0,0.0,0.625,,0.0,1.6666666666666666e+16,16.221848749616356,8,4,bound_mass_fraction,random_forest,raw,0.0005627138148073693,-0.0005627138148073693,3.066543933807662e-05,-0.0027516312414166745,0.0027822966807547513,0.01826113719012749,5,True,True,False,False,False,False,medium_confidence_screening
Ma_xp_A1800_n60_r16_v00_90000_fof_0.002_0000.hdf5,Ma_xp_A1800_n60_r16_v00_90000.hdf5,A1800,n60,r16,v00,,90000,0.002,88,278913,9.974967618527858e+17,0,0.0,0.0,0.0,88,9.974967618527858e+17,1.0,2.7800353165490752e+17,1800,none,,none,False,60,16,0,0,18.0,1e+18,1.7781512503836436,1.6,0.0,,0,False,2.7800353165490752e+17,0.27800353165490754,1.0,0.0,0.625,,0.0,1.6666666666666666e+16,16.221848749616356,9,4,bound_mass_fraction,random_forest,raw,0.0005698786348168621,-0.0005698786348168621,8.285725614333924e-05,0.0007342598061050795,0.0006514025499617402,0.01826113719012749,5,True,True,False,False,False,False,medium_confidence_screening
Ma_xp_A1850_n60_r12_v00_90000_fof_0.0014_0000.hdf5,Ma_xp_A1850_n60_r12_v00_90000.hdf5,A1850,n60,r12,v00,,90000,0.0014,132,55215,3.152599249646037e+18,0,0.0,0.0,0.0,132,3.152599249646037e+18,1.0,1.7405336223306835e+17,1850,none,,none,False,60,12,0,0,18.5,3.1622776601683794e+18,1.7781512503836436,1.2,0.0,,0,False,1.7405336223306835e+17,0.05504050590668268,1.0,0.0,0.8333333333333334,,0.0,5.270462766947299e+16,16.721848749616356,10,4,bound_mass_fraction,random_forest,raw,0.012463587175445733,-0.012463587175445733,0.0011842401682851166,0.012810013409568156,0.01162577324128304,0.01826113719012749,4,True,True,True,False,False,False,low_confidence_sph_required
Ma_xp_A1850_n60_r12_v00_90000_fof_0.0019_0000.hdf5,Ma_xp_A1850_n60_r12_v00_90000.hdf5,A1850,n60,r12,v00,,90000,0.0019,135,55222,3.1545883408634404e+18,0,0.0,0.0,0.0,135,3.1545883408634404e+18,1.0,1.740754282212171e+17,1850,none,,none,False,60,12,0,0,18.5,3.1622776601683794e+18,1.7781512503836436,1.2,0.0,,0,False,1.740754282212171e+17,0.055047483784819905,1.0,0.0,0.8333333333333334,,0.0,5.270462766947299e+16,16.721848749616356,11,4,bound_mass_fraction,random_forest,raw,0.01287884869616728,-0.01287884869616728,0.0011567150232246433,0.012810013409568156,0.011653298386343512,0.01826113719012749,4,True,True,True,False,False,False,low_confidence_sph_required
Ma_xp_A1850_n60_r12_v00_90000_fof_0.0024_0000.hdf5,Ma_xp_A1850_n60_r12_v00_90000.hdf5,A1850,n60,r12,v00,,90000,0.0024,135,55225,3.1552093408156257e+18,0,0.0,0.0,0.0,135,3.1552093408156257e+18,1.0,1.7408488507328083e+17,1850,none,,none,False,60,12,0,0,18.5,3.1622776601683794e+18,1.7781512503836436,1.2,0.0,,0,False,1.7408488507328083e+17,0.055050474304021574,1.0,0.0,0.8333333333333334,,0.0,5.270462766947299e+16,16.721848749616356,12,4,bound_mass_fraction,random_forest,raw,0.015252376846135179,-0.015252376846135179,0.002658559323039698,0.009516402789610448,0.0068578434665707505,0.01826113719012749,4,True,True,True,False,False,False,medium_confidence_screening
Ma_xp_A1850_n60_r12_v00_90000_fof_0.002_0000.hdf5,Ma_xp_A1850_n60_r12_v00_90000.hdf5,A1850,n60,r12,v00,,90000,0.002,135,55222,3.1547491073485245e+18,0,0.0,0.0,0.0,135,3.1547491073485245e+18,1.0,1.740754282212171e+17,1850,none,,none,False,60,12,0,0,18.5,3.1622776601683794e+18,1.7781512503836436,1.2,0.0,,0,False,1.740754282212171e+17,0.055047483784819905,1.0,0.0,0.8333333333333334,,0.0,5.270462766947299e+16,16.721848749616356,13,4,bound_mass_fraction,random_forest,raw,0.014365352330643606,-0.014365352330643606,0.001807629035035866,0.01629590445708992,0.014488275422054055,0.01826113719012749,4,True,True,True,False,False,False,low_confidence_sph_required
Ma_xp_A1850_n60_r16_v00_90000_fof_0.0014_0000.hdf5,Ma_xp_A1850_n60_r16_v00_90000.hdf5,A1850,n60,r16,v00,,90000,0.0014,61,210426,3.1572204980234496e+18,0,0.0,0.0,0.0,61,3.1572204980234496e+18,1.0,6.633225174549916e+17,1850,none,,none,False,60,16,0,0,18.5,3.1622776601683794e+18,1.7781512503836436,1.6,0.0,,0,False,6.633225174549916e+17,0.20976099784345698,1.0,0.0,0.625,,0.0,5.270462766947299e+16,16.721848749616356,14,3,bound_mass_fraction,random_forest,raw,0.0008908017239443157,-0.0008908017239443157,6.639136186342946e-05,-0.0027516312414166745,0.0028180226032801037,0.028372849741956824,4,True,True,True,False,False,False,medium_confidence_screening
Ma_xp_A1850_n60_r16_v00_90000_fof_0.0019_0000.hdf5,Ma_xp_A1850_n60_r16_v00_90000.hdf5,A1850,n60,r16,v00,,90000,0.0019,61,210429,3.1580590055731005e+18,0,0.0,0.0,0.0,61,3.1580590055731005e+18,1.0,6.633319743070554e+17,1850,none,,none,False,60,16,0,0,18.5,3.1622776601683794e+18,1.7781512503836436,1.6,0.0,,0,False,6.633319743070554e+17,0.20976398836265864,1.0,0.0,0.625,,0.0,5.270462766947299e+16,16.721848749616356,15,3,bound_mass_fraction,random_forest,raw,0.0010423619625804673,-0.0010423619625804673,4.616138239371763e-05,-0.0027516312414166745,0.002797792623810392,0.028372849741956824,4,True,True,True,False,False,False,medium_confidence_screening
Ma_xp_A1850_n60_r16_v00_90000_fof_0.0024_0000.hdf5,Ma_xp_A1850_n60_r16_v00_90000.hdf5,A1850,n60,r16,v00,,90000,0.0024,61,210429,3.1581724877978655e+18,0,0.0,0.0,0.0,61,3.1581724877978655e+18,1.0,6.633319743070554e+17,1850,none,,none,False,60,16,0,0,18.5,3.1622776601683794e+18,1.7781512503836436,1.6,0.0,,0,False,6.633319743070554e+17,0.20976398836265864,1.0,0.0,0.625,,0.0,5.270462766947299e+16,16.721848749616356,16,3,bound_mass_fraction,random_forest,raw,0.0011870544464577318,-0.0011870544464577318,8.755838740524533e-05,-0.0006164746600384307,0.000704033047443676,0.028372849741956824,4,True,True,True,False,False,False,medium_confidence_screening
Ma_xp_A1850_n60_r16_v00_90000_fof_0.002_0000.hdf5,Ma_xp_A1850_n60_r16_v00_90000.hdf5,A1850,n60,r16,v00,,90000,0.002,61,210429,3.158099985265377e+18,0,0.0,0.0,0.0,61,3.158099985265377e+18,1.0,6.633319743070554e+17,1850,none,,none,False,60,16,0,0,18.5,3.1622776601683794e+18,1.7781512503836436,1.6,0.0,,0,False,6.633319743070554e+17,0.20976398836265864,1.0,0.0,0.625,,0.0,5.270462766947299e+16,16.721848749616356,17,3,bound_mass_fraction,random_forest,raw,0.0011517796030840592,-0.0011517796030840592,9.750271497941723e-05,0.0007342598061050795,0.0006367570911256623,0.028372849741956824,4,True,True,True,False,False,False,medium_confidence_screening
Ma_xp_A1900_n50_r12_v00_90000_fof_0.006_0000.hdf5,Ma_xp_A1900_n50_r12_v00_90000.hdf5,A1900,n50,r12,v00,,90000,0.006,47,10370,9.977113779923413e+18,0,0.0,0.0,0.0,47,9.977113779923413e+18,1.0,9.545935737544728e+17,1900,none,,none,False,50,12,0,0,19.0,1e+19,1.6989700043360187,1.2,0.0,,0,False,9.545935737544728e+17,0.09545935737544728,1.0,0.0,0.8333333333333334,,0.0,2e+17,17.30102999566398,18,3,bound_mass_fraction,random_forest,raw,0.025515586208645902,-0.025515586208645902,0.015544175076547227,0.018173668329728478,0.0026294932531812504,0.028372849741956824,34,True,True,False,False,False,False,medium_confidence_screening
Ma_xp_A1900_n50_r16_v00_90000_fof_0.006_0000.hdf5,Ma_xp_A1900_n50_r16_v00_90000.hdf5,A1900,n50,r16,v00,,90000,0.006,17,45734,9.99018536020568e+18,0,0.0,0.0,0.0,17,9.99018536020568e+18,1.0,4.2099693830416394e+18,1900,none,,none,False,50,16,0,0,19.0,1e+19,1.6989700043360187,1.6,0.0,,0,False,4.2099693830416394e+18,0.42099693830416396,1.0,0.0,0.625,,0.0,2e+17,17.30102999566398,19,2,bound_mass_fraction,random_forest,raw,0.01645158460362477,-0.01645158460362477,0.008727567428487282,-0.006057882149380858,0.014785449577868141,0.030660771438038546,16,True,True,False,False,False,False,low_confidence_sph_required
Ma_xp_A1900_n55_r12_v00_90000_fof_0.004_0000.hdf5,Ma_xp_A1900_n55_r12_v00_90000.hdf5,A1900,n55,r12,v00,,90000,0.004,72,28826,9.98386401305505e+18,0,0.0,0.0,0.0,72,9.98386401305505e+18,1.0,9.023706120435626e+17,1900,none,,none,False,55,12,0,0,19.0,1e+19,1.7403626894942439,1.2,0.0,,0,False,9.023706120435626e+17,0.09023706120435626,1.0,0.0,0.8333333333333334,,0.0,1.8181818181818182e+17,17.259637310505756,20,1,bound_mass_fraction,random_forest,raw,0.02156924910016272,-0.02156924910016272,0.012643782410469174,0.018173668329728478,0.005529885919259304,0.023219544997992527,34,True,True,False,False,False,False,medium_confidence_screening
Ma_xp_A1900_n55_r16_v00_90000_fof_0.004_0000.hdf5,Ma_xp_A1900_n55_r16_v00_90000.hdf5,A1900,n55,r16,v00,,90000,0.004,36,90645,9.99037525593954e+18,0,0.0,0.0,0.0,36,9.99037525593954e+18,1.0,2.837555822133129e+18,1900,none,,none,False,55,16,0,0,19.0,1e+19,1.7403626894942439,1.6,0.0,,0,False,2.837555822133129e+18,0.28375558221331293,1.0,0.0,0.625,,0.0,1.8181818181818182e+17,17.259637310505756,21,0,bound_mass_fraction,random_forest,raw,0.01070305649272597,-0.01070305649272597,0.007331280293586144,0.007094565504875476,0.0002367147887106678,0.026810536987400938,16,True,True,False,False,False,False,medium_confidence_screening
Ma_xp_A1900_n60_r12_v00_90000_fof_0.003_0000.hdf5,Ma_xp_A1900_n60_r12_v00_90000.hdf5,A1900,n60,r12,v00,,90000,0.003,123,64224,9.988487567434828e+18,1,1.835448272894502e+17,0.0183756375577676,1.835448272894502e+17,122,9.804942740145375e+18,0.9816243624422324,6.403032584372952e+17,1900,none,,none,False,60,12,0,0,19.0,1e+19,1.7781512503836436,1.2,0.0,,0,False,6.403032584372952e+17,0.06403032584372953,1.0,0.0,0.8333333333333334,,0.0,1.6666666666666666e+17,17.221848749616356,22,4,bound_mass_fraction,random_forest,raw,0.020732487852439335,-0.0023568502946717355,0.01663058690627085,0.028280894638765208,0.011650307732494359,0.01826113719012749,34,True,True,False,False,False,False,low_confidence_sph_required
Ma_xp_A1900_n60_r16_v00_90000_fof_0.003_0000.hdf5,Ma_xp_A1900_n60_r16_v00_90000.hdf5,A1900,n60,r16,v00,,90000,0.003,63,264980,9.990750722011933e+18,0,0.0,0.0,0.0,63,9.990750722011933e+18,1.0,2.6418092523231416e+18,1900,none,,none,False,60,16,0,0,19.0,1e+19,1.7781512503836436,1.6,0.0,,0,False,2.6418092523231416e+18,0.2641809252323142,1.0,0.0,0.625,,0.0,1.6666666666666666e+17,17.221848749616356,23,3,bound_mass_fraction,random_forest,raw,0.00448906072642838,-0.00448906072642838,0.0037704867094531637,0.004116019794424095,0.00034553308497093163,0.028372849741956824,16,True,True,False,False,False,False,medium_confidence_screening
Ma_xp_A1900_n65_r12_v00_90000_fof_0.0019_0000.hdf5,Ma_xp_A1900_n65_r12_v00_90000.hdf5,A1900,n65,r12,v00,,90000,0.0019,219,230085,9.988508185932618e+18,0,0.0,0.0,0.0,219,9.988508185932618e+18,1.0,7.127150260422953e+17,1900,none,,none,False,65,12,0,0,19.0,1e+19,1.8129133566428555,1.2,0.0,,0,False,7.127150260422953e+17,0.07127150260422953,1.0,0.0,0.8333333333333334,,0.0,1.5384615384615386e+17,17.187086643357144,24,2,bound_mass_fraction,random_forest,raw,0.006003565855043827,-0.006003565855043827,0.0032304060952559645,0.0004871133804507184,0.002743292714805246,0.030660771438038546,34,True,True,False,False,False,False,medium_confidence_screening
Ma_xp_A1900_n65_r12_v00_90000_fof_0.002_0000.hdf5,Ma_xp_A1900_n65_r12_v00_90000.hdf5,A1900,n65,r12,v00,,90000,0.002,219,230085,9.988783873775448e+18,0,0.0,0.0,0.0,219,9.988783873775448e+18,1.0,7.127150260422953e+17,1900,none,,none,False,65,12,0,0,19.0,1e+19,1.8129133566428555,1.2,0.0,,0,False,7.127150260422953e+17,0.07127150260422953,1.0,0.0,0.8333333333333334,,0.0,1.5384615384615386e+17,17.187086643357144,25,2,bound_mass_fraction,random_forest,raw,0.006066484587489293,-0.006066484587489293,0.004092221061757558,0.0039730044279724765,0.00011921663378508182,0.030660771438038546,34,True,True,False,False,False,False,medium_confidence_screening
Ma_xp_A1900_n65_r12_v02_90000_fof_0.002_0000.hdf5,Ma_xp_A1900_n65_r12_v02_90000.hdf5,A1900,n65,r12,v02,,90000,0.002,268,202858,9.655879807367002e+18,1,381006787927362.9,3.9458526362007095e-05,381006787927362.9,267,9.655498800579074e+18,0.999960541473638,6.28376219391658e+17,1900,none,,none,False,65,12,2,0,19.0,1e+19,1.8129133566428555,1.2,0.2,,0,False,6.28376219391658e+17,0.0628376219391658,1.0037987903812355,0.04000000000000001,0.8333333333333334,,0.24,1.5384615384615386e+17,17.187086643357144,26,2,bound_mass_fraction,random_forest,raw,0.00844098568524771,-0.008401527158885704,0.005986053067697478,0.0008682891955424321,0.005117763872155045,0.030660771438038546,34,True,True,False,False,False,False,medium_confidence_screening
Ma_xp_A1900_n65_r12_v04_90000_fof_0.002_0000.hdf5,Ma_xp_A1900_n65_r12_v04_90000.hdf5,A1900,n65,r12,v04,,90000,0.002,255,233489,9.984177558680467e+18,0,0.0,0.0,0.0,255,9.984177558680467e+18,1.0,7.232593000513503e+17,1900,none,,none,False,65,12,4,0,19.0,1e+19,1.8129133566428555,1.2,0.4,,0,False,7.232593000513503e+17,0.07232593000513503,1.0151951615249424,0.16000000000000003,0.8333333333333334,,0.48,1.5384615384615386e+17,17.187086643357144,27,1,bound_mass_fraction,random_forest,raw,0.0038135459063525137,-0.0038135459063525137,0.0023326347291896376,-0.00623126186471838,0.008563896593908018,0.023219544997992527,34,True,True,False,False,False,False,medium_confidence_screening
Ma_xp_A1900_n65_r12_v08_90000_fof_0.002_0000.hdf5,Ma_xp_A1900_n65_r12_v08_90000.hdf5,A1900,n65,r12,v08,,90000,0.002,241,250293,9.981185261472076e+18,0,0.0,0.0,0.0,241,9.981185261472076e+18,1.0,7.753116420384049e+17,1900,none,,none,False,65,12,8,0,19.0,1e+19,1.8129133566428555,1.2,0.8,,0,False,7.753116420384049e+17,0.07753116420384049,1.06078064609977,0.6400000000000001,0.8333333333333334,,0.96,1.5384615384615386e+17,17.187086643357144,28,0,bound_mass_fraction,random_forest,raw,0.0024839818318493846,-0.0024839818318493846,0.001610457522884907,-0.010960561459142364,0.01257101898202727,0.026810536987400938,34,True,True,False,False,False,False,low_confidence_sph_required
Ma_xp_A1900_n65_r12_v10_90000_fof_0.002_0000.hdf5,Ma_xp_A1900_n65_r12_v10_90000.hdf5,A1900,n65,r12,v10,,90000,0.002,284,309332,9.505983063680215e+18,0,0.0,0.0,0.0,284,9.505983063680215e+18,1.0,9.581918026295567e+17,1900,none,,none,False,65,12,10,0,19.0,1e+19,1.8129133566428555,1.2,1.0,,0,False,9.581918026295567e+17,0.09581918026295567,1.0949697595308905,1.0,0.8333333333333334,,1.2,1.5384615384615386e+17,17.187086643357144,29,4,bound_mass_fraction,random_forest,raw,0.0004759682352262634,-0.0004759682352262634,0.0005502647754166852,-0.007384503062375018,0.007934767837791703,0.01826113719012749,34,True,True,False,False,False,False,medium_confidence_screening
Ma_xp_A1900_n65_r13_v00_90000_fof_0.002_0000.hdf5,Ma_xp_A1900_n65_r13_v00_90000.hdf5,A1900,n65,r13,v00,,90000,0.002,252,231952,9.985571485955656e+18,0,0.0,0.0,0.0,252,9.985571485955656e+18,1.0,7.184982640102825e+17,1900,none,,none,False,65,13,0,0,19.0,1e+19,1.8129133566428555,1.3,0.0,,0,False,7.184982640102825e+17,0.07184982640102824,1.0,0.0,0.7692307692307692,,0.0,1.5384615384615386e+17,17.187086643357144,30,3,bound_mass_fraction,random_forest,raw,0.002541953236397414,-0.002541953236397414,0.0031175497495708536,0.0039730044279724765,0.0008554546784016229,0.028372849741956824,2,True,True,True,False,False,False,medium_confidence_screening
Ma_xp_A1900_n65_r14_v00_90000_fof_0.002_0000.hdf5,Ma_xp_A1900_n65_r14_v00_90000.hdf5,A1900,n65,r14,v00,,90000,0.002,248,258552,9.98832836433961e+18,0,0.0,0.0,0.0,248,9.98832836433961e+18,1.0,8.008948539207593e+17,1900,none,,none,False,65,14,0,0,19.0,1e+19,1.8129133566428555,1.4,0.0,,0,False,8.008948539207593e+17,0.08008948539207593,1.0,0.0,0.7142857142857143,,0.0,1.5384615384615386e+17,17.187086643357144,31,2,bound_mass_fraction,random_forest,raw,0.0036221303214252934,-0.0036221303214252934,0.0012025577680413854,0.0039730044279724765,0.002770446659931091,0.030660771438038546,4,True,True,True,False,False,False,medium_confidence_screening
Ma_xp_A1900_n65_r14_v02_90000_fof_0.002_0000.hdf5,Ma_xp_A1900_n65_r14_v02_90000.hdf5,A1900,n65,r14,v02,,90000,0.002,245,352051,9.985720171531235e+18,0,0.0,0.0,0.0,245,9.985720171531235e+18,1.0,1.0905188674560852e+18,1900,none,,none,False,65,14,2,0,19.0,1e+19,1.8129133566428555,1.4,0.2,,0,False,1.0905188674560852e+18,0.10905188674560852,1.0044319221114415,0.04000000000000001,0.7142857142857143,,0.27999999999999997,1.5384615384615386e+17,17.187086643357144,32,0,bound_mass_fraction,random_forest,raw,0.0021933392040083093,-0.0021933392040083093,0.0021342571503271263,0.0016277004957627446,0.0005065566545643817,0.026810536987400938,4,True,False,True,False,False,False,medium_confidence_screening
Ma_xp_A1900_n65_r14_v06_90000_fof_0.002_0000.hdf5,Ma_xp_A1900_n65_r14_v06_90000.hdf5,A1900,n65,r14,v06,,90000,0.002,230,374568,9.98440058705174e+18,0,0.0,0.0,0.0,230,9.98440058705174e+18,1.0,1.16026789057692e+18,1900,none,,none,False,65,14,6,0,19.0,1e+19,1.8129133566428555,1.4,0.6,,0,False,1.16026789057692e+18,0.11602678905769201,1.039887299002974,0.36,0.7142857142857143,,0.84,1.5384615384615386e+17,17.187086643357144,33,1,bound_mass_fraction,random_forest,raw,0.0020618049840040007,-0.0020618049840040007,0.0028613939287181673,-0.007604306885415894,0.010465700814134062,0.023219544997992527,4,True,False,True,False,False,False,low_confidence_sph_required
Ma_xp_A1900_n65_r15_v00_90000_fof_0.002_0000.hdf5,Ma_xp_A1900_n65_r15_v00_90000.hdf5,A1900,n65,r15,v00,,90000,0.002,198,315222,9.987770793431106e+18,0,0.0,0.0,0.0,198,9.987770793431106e+18,1.0,9.764367618240196e+17,1900,none,,none,False,65,15,0,0,19.0,1e+19,1.8129133566428555,1.5,0.0,,0,False,9.764367618240196e+17,0.09764367618240195,1.0,0.0,0.6666666666666666,,0.0,1.5384615384615386e+17,17.187086643357144,34,4,bound_mass_fraction,random_forest,raw,0.0018568091032950189,-0.0018568091032950189,0.0011088159421173583,0.003189507980460896,0.002080692038343538,0.01826113719012749,3,True,True,True,False,False,False,medium_confidence_screening
Ma_xp_A1900_n65_r16_v00_90000_fof_0.0019_0000.hdf5,Ma_xp_A1900_n65_r16_v00_90000.hdf5,A1900,n65,r16,v00,,90000,0.0019,147,650871,9.99098008363334e+18,0,0.0,0.0,0.0,147,9.99098008363334e+18,1.0,2.01614856121421e+18,1900,none,,none,False,65,16,0,0,19.0,1e+19,1.8129133566428555,1.6,0.0,,0,False,2.01614856121421e+18,0.201614856121421,1.0,0.0,0.625,,0.0,1.5384615384615386e+17,17.187086643357144,35,0,bound_mass_fraction,random_forest,raw,0.0008354247405769671,-0.0008354247405769671,0.0003285815279174471,-0.0027516312414166745,0.0030802127693341217,0.026810536987400938,16,True,True,False,False,False,False,medium_confidence_screening
Ma_xp_A1900_n65_r16_v00_90000_fof_0.002_0000.hdf5,Ma_xp_A1900_n65_r16_v00_90000.hdf5,A1900,n65,r16,v00,,90000,0.002,146,650872,9.9911566477574e+18,0,0.0,0.0,0.0,146,9.9911566477574e+18,1.0,2.0161516588304215e+18,1900,none,,none,False,65,16,0,0,19.0,1e+19,1.8129133566428555,1.6,0.0,,0,False,2.0161516588304215e+18,0.20161516588304215,1.0,0.0,0.625,,0.0,1.5384615384615386e+17,17.187086643357144,36,0,bound_mass_fraction,random_forest,raw,0.0007440200798380627,-0.0007440200798380627,0.0004076287779983945,0.0007342598061050795,0.000326631028106685,0.026810536987400938,16,True,True,False,False,False,False,medium_confidence_screening
Ma_xp_A1900_n65_r16_v02_90000_fof_0.002_0000.hdf5,Ma_xp_A1900_n65_r16_v02_90000.hdf5,A1900,n65,r16,v02,,90000,0.002,189,678794,9.989861684368222e+18,0,0.0,0.0,0.0,189,9.989861684368222e+18,1.0,2.102643265092135e+18,1900,none,,none,False,65,16,2,0,19.0,1e+19,1.8129133566428555,1.6,0.2,,0,False,2.102643265092135e+18,0.21026432650921348,1.0050650538416475,0.04000000000000001,0.625,,0.32000000000000006,1.5384615384615386e+17,17.187086643357144,37,3,bound_mass_fraction,random_forest,raw,0.003036281677405702,-0.003036281677405702,0.0009402784062435141,0.001038857213135511,9.85788068919969e-05,0.028372849741956824,16,True,False,False,False,False,True,high_confidence_screening
Ma_xp_A1900_n65_r16_v04_90000_fof_0.002_0000.hdf5,Ma_xp_A1900_n65_r16_v04_90000.hdf5,A1900,n65,r16,v04,,90000,0.002,152,659949,9.991456956693168e+18,0,0.0,0.0,0.0,152,9.991456956693168e+18,1.0,2.0442686885183404e+18,1900,none,,none,False,65,16,4,0,19.0,1e+19,1.8129133566428555,1.6,0.4,,0,False,2.0442686885183404e+18,0.20442686885183403,1.02026021536659,0.16000000000000003,0.625,,0.6400000000000001,1.5384615384615386e+17,17.187086643357144,38,2,bound_mass_fraction,random_forest,raw,0.0026731672364701843,-0.0026731672364701843,0.0009148746498153456,-0.005437115869662623,0.006351990519477969,0.030660771438038546,16,True,False,False,False,False,True,high_confidence_screening
Ma_xp_A1900_n65_r17_v00_90000_fof_0.002_0000.hdf5,Ma_xp_A1900_n65_r17_v00_90000.hdf5,A1900,n65,r17,v00,,90000,0.002,116,990044,9.993554042791508e+18,0,0.0,0.0,0.0,116,9.993554042791508e+18,1.0,3.066776295466688e+18,1900,none,,none,False,65,17,0,0,19.0,1e+19,1.8129133566428555,1.7,0.0,,0,False,3.066776295466688e+18,0.3066776295466688,1.0,0.0,0.5882352941176471,,0.0,1.5384615384615386e+17,17.187086643357144,39,1,bound_mass_fraction,random_forest,raw,0.0013788162243613537,-0.0013788162243613537,0.0026570731637606195,-0.0017619333703486123,0.004419006534109232,0.023219544997992527,3,True,True,True,False,False,False,medium_confidence_screening
Ma_xp_A1900_n65_r18_v00_90000_fof_0.002_0000.hdf5,Ma_xp_A1900_n65_r18_v00_90000.hdf5,A1900,n65,r18,v00,,90000,0.002,36,2418669,9.996094087732271e+18,0,0.0,0.0,0.0,36,9.996094087732271e+18,1.0,7.492108184606785e+18,1900,none,,none,False,65,18,0,0,19.0,1e+19,1.8129133566428555,1.8,0.0,,0,False,7.492108184606785e+18,0.7492108184606785,1.0,0.0,0.5555555555555556,,0.0,1.5384615384615386e+17,17.187086643357144,40,0,bound_mass_fraction,random_forest,raw,0.0021232860389970715,-0.0021232860389970715,0.000458450398493137,-0.006977571969481446,0.007436022367974583,0.026810536987400938,3,True,True,True,False,False,False,medium_confidence_screening
Ma_xp_A1900_n65_r18_v02_90000_fof_0.002_0000.hdf5,Ma_xp_A1900_n65_r18_v02_90000.hdf5,A1900,n65,r18,v02,,90000,0.002,42,2379761,9.993928854037864e+18,0,0.0,0.0,0.0,42,9.993928854037864e+18,1.0,7.371586134983781e+18,1900,none,,none,False,65,18,2,0,19.0,1e+19,1.8129133566428555,1.8,0.2,,0,False,7.371586134983781e+18,0.7371586134983782,1.0056981855718534,0.04000000000000001,0.5555555555555556,,0.36000000000000004,1.5384615384615386e+17,17.187086643357144,41,4,bound_mass_fraction,random_forest,raw,0.001551759119628901,-0.001551759119628901,0.0007998094234647047,-0.006233148009158722,0.007032957432623427,0.01826113719012749,3,True,False,True,False,False,False,medium_confidence_screening
Ma_xp_A1900_n65_r18_v04_90000_fof_0.002_0000.hdf5,Ma_xp_A1900_n65_r18_v04_90000.hdf5,A1900,n65,r18,v04,,90000,0.002,16,2367365,9.997041958267134e+18,0,0.0,0.0,0.0,16,9.997041958267134e+18,1.0,7.333188085042208e+18,1900,none,,none,False,65,18,4,0,19.0,1e+19,1.8129133566428555,1.8,0.4,,0,False,7.333188085042208e+18,0.7333188085042208,1.0227927422874137,0.16000000000000003,0.5555555555555556,,0.7200000000000001,1.5384615384615386e+17,17.187086643357144,42,3,bound_mass_fraction,random_forest,raw,0.0005905816202550516,-0.0005905816202550516,0.0005897083379648869,-0.005218723152883344,0.00580843149084823,0.028372849741956824,3,True,False,True,False,False,False,medium_confidence_screening
Ma_xp_A1900_n65_r19_v00_90000_fof_0.002_0000.hdf5,Ma_xp_A1900_n65_r19_v00_90000.hdf5,A1900,n65,r19,v00,,90000,0.002,2,2129090,9.99815710008205e+18,0,0.0,0.0,0.0,2,9.99815710008205e+18,1.0,6.595103594091219e+18,1900,none,,none,False,65,19,0,0,19.0,1e+19,1.8129133566428555,1.9,0.0,,0,False,6.595103594091219e+18,0.659510359409122,1.0,0.0,0.5263157894736842,,0.0,1.5384615384615386e+17,17.187086643357144,43,2,bound_mass_fraction,random_forest,raw,0.0010918854342227566,-0.0010918854342227566,0.0002812063509669432,-0.0065673274371280555,0.0068485337880949985,0.030660771438038546,2,True,True,True,False,False,False,medium_confidence_screening
Ma_xp_A1900_n65_r20_v06_90000_fof_0.002_0000.hdf5,Ma_xp_A1900_n65_r20_v06_90000.hdf5,A1900,n65,r20,v06,,90000,0.002,197,3026573,9.938314253361048e+18,0,0.0,0.0,0.0,197,9.938314253361048e+18,1.0,9.375161439874968e+18,1900,none,,none,False,65,20,6,0,19.0,1e+19,1.8129133566428555,2.0,0.6,,0,False,9.375161439874968e+18,0.9375161439874967,1.0569818557185342,0.36,0.5,,1.2,1.5384615384615386e+17,17.187086643357144,44,1,bound_mass_fraction,random_forest,raw,0.0012439845935158357,-0.0012439845935158357,0.00019676880774155664,-0.003841086285640529,0.004037855093382086,0.023219544997992527,9,True,False,False,False,False,True,high_confidence_screening
Ma_xp_A1900_n65_r26_v00_90000_fof_0.002_0000.hdf5,Ma_xp_A1900_n65_r26_v00_90000.hdf5,A1900,n65,r26,v00,,90000,0.002,1,3227694,9.998157100156684e+18,0,0.0,0.0,0.0,1,9.998157100156684e+18,1.0,9.998157100156684e+18,1900,none,,none,False,65,26,0,0,19.0,1e+19,1.8129133566428555,2.6,0.0,,0,False,9.998157100156684e+18,0.9998157100156684,1.0,0.0,0.3846153846153846,,0.0,1.5384615384615386e+17,17.187086643357144,45,0,bound_mass_fraction,random_forest,raw,0.0005298687932856634,-0.0005298687932856634,0.00023055051697011891,-0.006945368915355813,0.007175919432325932,0.026810536987400938,1,True,True,True,False,False,False,medium_confidence_screening
Ma_xp_A1900_n70_r12_v00_90000_fof_0.001_0000.hdf5,Ma_xp_A1900_n70_r12_v00_90000.hdf5,A1900,n70,r12,v00,,90000,0.001,1189,522175,9.752489065393467e+18,2,1.1837559214290026e+17,0.0121379876818271,1.1835579341701306e+17,1187,9.63411347325057e+18,0.9878620123181732,5.169199845024709e+17,1900,none,,none,False,70,12,0,0,19.0,1e+19,1.845098040014257,1.2,0.0,,0,False,5.169199845024709e+17,0.05169199845024709,1.0,0.0,0.8333333333333334,,0.0,1.4285714285714286e+17,17.154901959985743,46,4,bound_mass_fraction,random_forest,raw,0.026950578197617397,-0.014812590515790298,0.030137290922629234,0.012810013409568156,0.01732727751306108,0.01826113719012749,34,True,True,False,False,False,False,low_confidence_sph_required
Ma_xp_A1900_s030x_n65_r12_v00_90000_fof_0.002_0000.hdf5,Ma_xp_A1900_s030x_n65_r12_v00_90000.hdf5,A1900,n65,r12,v00,s030x,90000,0.002,3162,42707,9.481483861416243e+18,75,1.4135251333299302e+17,0.0149082691484831,7.914865930663922e+16,3087,9.34013134808325e+18,0.9850917308515168,1.3536509523084376e+17,1900,none,30.0,x,True,65,12,0,0,19.0,1e+19,1.8129133566428555,1.2,0.0,3.0,1,False,1.3536509523084376e+17,0.013536509523084377,1.0,0.0,0.8333333333333334,0.3333333333333333,0.0,1.5384615384615386e+17,17.187086643357144,47,3,bound_mass_fraction,random_forest,raw,0.04116246733051287,-0.026254198182029766,0.030431727695081446,0.023959548304296443,0.006472179390785003,0.028372849741956824,34,True,True,False,False,False,False,medium_confidence_screening
Ma_xp_A1900_s030z_n65_r12_v00_90000_fof_0.002_0000.hdf5,Ma_xp_A1900_s030z_n65_r12_v00_90000.hdf5,A1900,n65,r12,v00,s030z,90000,0.002,398,104603,1.0000249740696865e+19,65,7.339959686417402e+17,0.0733977638233054,1.285821017217212e+17,333,9.266253772055122e+18,0.9266022361766943,3.315520888012409e+17,1900,none,30.0,z,True,65,12,0,0,19.0,1e+19,1.8129133566428555,1.2,0.0,3.0,1,False,3.315520888012409e+17,0.03315520888012409,1.0,0.0,0.8333333333333334,0.3333333333333333,0.0,1.5384615384615386e+17,17.187086643357144,48,2,bound_mass_fraction,random_forest,raw,0.04215704443278422,0.031240719390521178,0.05120514459334624,0.055433437417737784,0.004228292824391543,0.030660771438038546,34,True,True,False,False,False,False,medium_confidence_screening
Ma_xp_A1900_s030z_n65_r12_v04_90000_fof_0.002_0000.hdf5,Ma_xp_A1900_s030z_n65_r12_v04_90000.hdf5,A1900,n65,r12,v04,s030z,90000,0.002,413,103818,9.997951763923614e+18,25,1.606555182257132e+17,0.0160688431009858,3.9775600722377336e+16,388,9.837296245697905e+18,0.9839311568990144,3.2906393464018426e+17,1900,none,30.0,z,True,65,12,4,0,19.0,1e+19,1.8129133566428555,1.2,0.4,3.0,1,False,3.2906393464018426e+17,0.03290639346401843,1.0151951615249424,0.16000000000000003,0.8333333333333334,0.3333333333333333,0.48,1.5384615384615386e+17,17.187086643357144,49,0,bound_mass_fraction,random_forest,raw,0.02160425396225325,-0.005535410861267451,0.018328610570860614,0.023707955100954265,0.005379344530093651,0.026810536987400938,34,True,True,False,False,False,False,medium_confidence_screening
Ma_xp_A1900_s030z_n65_r12_v06_90000_fof_0.002_0000.hdf5,Ma_xp_A1900_s030z_n65_r12_v06_90000.hdf5,A1900,n65,r12,v06,s030z,90000,0.002,402,98216,9.996145078736943e+18,0,0.0,0.0,0.0,402,9.996145078736943e+18,1.0,3.1130770583733165e+17,1900,none,30.0,z,True,65,12,6,0,19.0,1e+19,1.8129133566428555,1.2,0.6,3.0,1,False,3.1130770583733165e+17,0.031130770583733165,1.0341891134311205,0.36,0.8333333333333334,0.3333333333333333,0.72,1.5384615384615386e+17,17.187086643357144,50,1,bound_mass_fraction,random_forest,raw,0.027271150899333824,-0.027271150899333824,0.01183089170708948,0.013987597571450816,0.002156705864361336,0.023219544997992527,34,True,True,False,False,False,False,medium_confidence_screening
Ma_xp_A1900_s030z_n65_r12_v08_90000_fof_0.002_0000.hdf5,Ma_xp_A1900_s030z_n65_r12_v08_90000.hdf5,A1900,n65,r12,v08,s030z,90000,0.002,350,110353,1.0000357507883563e+19,0,0.0,0.0,0.0,350,1.0000357507883563e+19,1.0,3.497774218280889e+17,1900,none,30.0,z,True,65,12,8,0,19.0,1e+19,1.8129133566428555,1.2,0.8,3.0,1,False,3.497774218280889e+17,0.03497774218280889,1.06078064609977,0.6400000000000001,0.8333333333333334,0.3333333333333333,0.96,1.5384615384615386e+17,17.187086643357144,51,2,bound_mass_fraction,random_forest,raw,0.009743138781174311,-0.009743138781174311,0.008260315075850934,0.006759482696008098,0.0015008323798428357,0.030660771438038546,34,True,True,False,False,False,False,medium_confidence_screening
Ma_xp_A1900_s030z_n65_r12_v20_90000_fof_0.002_0000.hdf5,Ma_xp_A1900_s030z_n65_r12_v20_90000.hdf5,A1900,n65,r12,v20,s030z,90000,0.002,201,156468,1.0010332311890567e+19,0,0.0,0.0,0.0,201,1.0010332311890567e+19,1.0,4.9594459270340986e+17,1900,none,30.0,z,True,65,12,20,0,19.0,1e+19,1.8129133566428555,1.2,2.0,3.0,1,False,4.9594459270340986e+17,0.049594459270340986,1.3798790381235615,4.0,0.8333333333333334,0.3333333333333333,2.4,1.5384615384615386e+17,17.187086643357144,52,3,bound_mass_fraction,random_forest,raw,0.005066474425288203,-0.005066474425288203,0.0035355654024936604,-0.007893718491495595,0.011429283893989256,0.028372849741956824,34,True,True,False,False,False,False,low_confidence_sph_required
Ma_xp_A1900_s030z_n65_r13_v00_90000_fof_0.002_0000.hdf5,Ma_xp_A1900_s030z_n65_r13_v00_90000.hdf5,A1900,n65,r13,v00,s030z,90000,0.002,394,81452,9.811447969031e+18,57,6.860776060852138e+17,0.0699262339514778,1.0125361105085453e+17,337,9.125370362945786e+18,0.930073766048522,2.5817214360044826e+17,1900,none,30.0,z,True,65,13,0,0,19.0,1e+19,1.8129133566428555,1.3,0.0,3.0,1,False,2.5817214360044826e+17,0.025817214360044825,1.0,0.0,0.7692307692307692,0.3333333333333333,0.0,1.5384615384615386e+17,17.187086643357144,53,0,bound_mass_fraction,random_forest,raw,0.047161167955294465,0.022765065996183338,0.0536856610543362,0.055433437417737784,0.001747776363401586,0.026810536987400938,2,True,True,True,False,False,False,medium_confidence_screening
Ma_xp_A1900_s030z_n65_r15_v00_90000_fof_0.002_0000.hdf5,Ma_xp_A1900_s030z_n65_r15_v00_90000.hdf5,A1900,n65,r15,v00,s030z,90000,0.002,407,103230,9.998332118699958e+18,44,6.153569746947667e+17,0.0615459626054889,8.757985684601586e+16,363,9.382975144005192e+18,0.938454037394511,3.272001962367431e+17,1900,none,30.0,z,True,65,15,0,0,19.0,1e+19,1.8129133566428555,1.5,0.0,3.0,1,False,3.272001962367431e+17,0.03272001962367431,1.0,0.0,0.6666666666666666,0.3333333333333333,0.0,1.5384615384615386e+17,17.187086643357144,54,4,bound_mass_fraction,random_forest,raw,0.04665367097528917,0.014892291630199728,0.05207596213256837,0.055433437417737784,0.0033574752851694145,0.01826113719012749,3,True,True,True,False,False,False,medium_confidence_screening
Ma_xp_A1900_s030z_n65_r16_v00_90000_fof_0.002_0000.hdf5,Ma_xp_A1900_s030z_n65_r16_v00_90000.hdf5,A1900,n65,r16,v00,s030z,90000,0.002,393,105035,1.0000658622080864e+19,36,5.2456628961292486e+17,0.0524531742794133,5.7817095607389304e+16,357,9.47609233246794e+18,0.9475468257205868,3.329213659956058e+17,1900,none,30.0,z,True,65,16,0,0,19.0,1e+19,1.8129133566428555,1.6,0.0,3.0,1,False,3.329213659956058e+17,0.03329213659956058,1.0,0.0,0.625,0.3333333333333333,0.0,1.5384615384615386e+17,17.187086643357144,55,3,bound_mass_fraction,random_forest,raw,0.044650551394564496,0.0078026228848488074,0.04510982314272965,0.04755529547458002,0.0024454723318503707,0.028372849741956824,16,True,True,False,False,False,False,medium_confidence_screening
Ma_xp_A1900_s030z_n65_r16_v02_90000_fof_0.002_0000.hdf5,Ma_xp_A1900_s030z_n65_r16_v02_90000.hdf5,A1900,n65,r16,v02,s030z,90000,0.002,363,105501,1.0004227617731193e+19,32,3.9774649835438426e+17,0.0397578417397691,6.1240288593301624e+16,331,9.606481119376808e+18,0.9602421582602308,3.343984103765643e+17,1900,none,30.0,z,True,65,16,2,0,19.0,1e+19,1.8129133566428555,1.6,0.2,3.0,1,False,3.343984103765643e+17,0.03343984103765643,1.0050650538416475,0.04000000000000001,0.625,0.3333333333333333,0.32000000000000006,1.5384615384615386e+17,17.187086643357144,56,2,bound_mass_fraction,random_forest,raw,0.03570306868495886,0.004054773054810244,0.03550913938255222,0.04444568831744163,0.008936548934889411,0.030660771438038546,16,True,False,False,False,False,True,high_confidence_screening
Ma_xp_A1900_s030z_n65_r16_v04_90000_fof_0.002_0000.hdf5,Ma_xp_A1900_s030z_n65_r16_v04_90000.hdf5,A1900,n65,r16,v04,s030z,90000,0.002,369,91077,9.999622155316154e+18,9,8.443559069594187e+16,0.0084438781170399,2.5807071565986908e+16,360,9.91518656462021e+18,0.9915561218829598,2.886797662758242e+17,1900,none,30.0,z,True,65,16,4,0,19.0,1e+19,1.8129133566428555,1.6,0.4,3.0,1,False,2.886797662758242e+17,0.02886797662758242,1.02026021536659,0.16000000000000003,0.625,0.3333333333333333,0.6400000000000001,1.5384615384615386e+17,17.187086643357144,57,1,bound_mass_fraction,random_forest,raw,0.029689389738242977,-0.021245511621203077,0.014665990064058188,0.013416390159233921,0.0012495999048242664,0.023219544997992527,16,True,False,False,False,False,True,high_confidence_screening
Ma_xp_A1900_s030z_n65_r17_v00_90000_fof_0.002_0000.hdf5,Ma_xp_A1900_s030z_n65_r17_v00_90000.hdf5,A1900,n65,r17,v00,s030z,90000,0.002,368,120172,1.0002199058925015e+19,38,4.44958034951778e+17,0.0444860207570793,1.0197311550252312e+17,330,9.55724102397324e+18,0.955513979242921,3.808999513916751e+17,1900,none,30.0,z,True,65,17,0,0,19.0,1e+19,1.8129133566428555,1.7,0.0,3.0,1,False,3.808999513916751e+17,0.038089995139167505,1.0,0.0,0.5882352941176471,0.3333333333333333,0.0,1.5384615384615386e+17,17.187086643357144,58,0,bound_mass_fraction,random_forest,raw,0.0396411889405417,0.004844831816537602,0.041200500747774225,0.03803609478649081,0.003164405961283416,0.026810536987400938,3,True,True,True,False,False,False,medium_confidence_screening
Ma_xp_A1900_s030z_n65_r19_v00_90000_fof_0.002_0000.hdf5,Ma_xp_A1900_s030z_n65_r19_v00_90000.hdf5,A1900,n65,r19,v00,s030z,90000,0.002,360,127765,1.0004747435925938e+19,27,3.317137395808705e+17,0.0331556335335086,5.879650915613644e+16,333,9.673033696345068e+18,0.9668443664664914,4.0496689985651974e+17,1900,none,30.0,z,True,65,19,0,0,19.0,1e+19,1.8129133566428555,1.9,0.0,3.0,1,False,4.0496689985651974e+17,0.04049668998565197,1.0,0.0,0.5263157894736842,0.3333333333333333,0.0,1.5384615384615386e+17,17.187086643357144,59,4,bound_mass_fraction,random_forest,raw,0.030887000519792106,0.0022686330137164958,0.03539088284703307,0.0321426428372279,0.00324824000980517,0.01826113719012749,2,True,True,True,False,False,False,medium_confidence_screening
Ma_xp_A1900_s030z_n65_r20_v00_90000_fof_0.002_0000.hdf5,Ma_xp_A1900_s030z_n65_r20_v00_90000.hdf5,A1900,n65,r20,v00,s030z,90000,0.002,317,127343,1.0003137267373378e+19,10,2.024089637844355e+17,0.0202345482596365,8.707905639066942e+16,307,9.800728303588942e+18,0.9797654517403634,4.0362931889350586e+17,1900,none,30.0,z,True,65,20,0,0,19.0,1e+19,1.8129133566428555,2.0,0.0,3.0,1,False,4.0362931889350586e+17,0.040362931889350584,1.0,0.0,0.5,0.3333333333333333,0.0,1.5384615384615386e+17,17.187086643357144,60,3,bound_mass_fraction,random_forest,raw,0.03019268582908189,-0.009958137569445389,0.02282491178194222,0.024289319966442745,0.0014644081845005263,0.028372849741956824,9,True,True,False,False,False,False,medium_confidence_screening
Ma_xp_A1900_s030z_n65_r20_v02_90000_fof_0.002_0000.hdf5,Ma_xp_A1900_s030z_n65_r20_v02_90000.hdf5,A1900,n65,r20,v02,s030z,90000,0.002,313,124864,1.0005416226407647e+19,6,1.3657589126839752e+17,0.0136501958717047,8.470817828561163e+16,307,9.86884033513925e+18,0.9863498041282952,3.9577182314158304e+17,1900,none,30.0,z,True,65,20,2,0,19.0,1e+19,1.8129133566428555,2.0,0.2,3.0,1,False,3.9577182314158304e+17,0.039577182314158306,1.0063313173020594,0.04000000000000001,0.5,0.3333333333333333,0.4,1.5384615384615386e+17,17.187086643357144,61,2,bound_mass_fraction,random_forest,raw,0.020817898619808924,-0.007167702748104224,0.017599064086607587,0.014312220857687531,0.003286843228920056,0.030660771438038546,9,True,False,False,False,False,True,high_confidence_screening
Ma_xp_A1900_s030z_n65_r20_v04_90000_fof_0.002_0000.hdf5,Ma_xp_A1900_s030z_n65_r20_v04_90000.hdf5,A1900,n65,r20,v04,s030z,90000,0.002,326,113140,1.0005200692034791e+19,0,0.0,0.0,0.0,326,1.0005200692034791e+19,1.0,3.5861116150562374e+17,1900,none,30.0,z,True,65,20,4,0,19.0,1e+19,1.8129133566428555,2.0,0.4,3.0,1,False,3.5861116150562374e+17,0.035861116150562374,1.0253252692082375,0.16000000000000003,0.5,0.3333333333333333,0.8,1.5384615384615386e+17,17.187086643357144,62,1,bound_mass_fraction,random_forest,raw,0.024792632431493204,-0.024792632431493204,0.012657216888170035,0.008759356163154331,0.0038978607250157032,0.023219544997992527,9,True,False,False,False,False,True,high_confidence_screening
Ma_xp_A1900_s030z_n65_r22_v00_90000_fof_0.002_0000.hdf5,Ma_xp_A1900_s030z_n65_r22_v00_90000.hdf5,A1900,n65,r22,v00,s030z,90000,0.002,264,159640,1.0008427368386603e+19,0,0.0,0.0,0.0,264,1.0008427368386603e+19,1.0,5.0599863728795974e+17,1900,none,30.0,z,True,65,22,0,0,19.0,1e+19,1.8129133566428555,2.2,0.0,3.0,1,False,5.0599863728795974e+17,0.05059986372879598,1.0,0.0,0.45454545454545453,0.3333333333333333,0.0,1.5384615384615386e+17,17.187086643357144,63,0,bound_mass_fraction,random_forest,raw,0.03184246858283804,-0.03184246858283804,0.01849352636273215,0.018521068080799837,2.7541718067687626e-05,0.026810536987400938,2,True,True,True,False,False,False,medium_confidence_screening
Ma_xp_A1900_s035x_n65_r12_v00_90000_fof_0.002_0000.hdf5,Ma_xp_A1900_s035x_n65_r12_v00_90000.hdf5,A1900,n65,r12,v00,s035x,90000,0.002,2111,107955,9.491876640039338e+18,27,1.5197883873017107e+17,0.0160114637488105,1.4048770218328723e+17,2084,9.339897801309168e+18,0.9839885362511896,3.390340655698014e+17,1900,none,35.0,x,True,65,12,0,0,19.0,1e+19,1.8129133566428555,1.2,0.0,3.5,1,False,3.390340655698014e+17,0.03390340655698014,1.0,0.0,0.8333333333333334,0.2857142857142857,0.0,1.5384615384615386e+17,17.187086643357144,64,4,bound_mass_fraction,random_forest,raw,0.03822813079532468,-0.02221666704651418,0.027302875660746396,0.023113587784752473,0.004189287875993923,0.01826113719012749,34,True,True,False,False,False,False,medium_confidence_screening
Ma_xp_A1900_s035y_n65_r12_v00_90000_fof_0.002_0000.hdf5,Ma_xp_A1900_s035y_n65_r12_v00_90000.hdf5,A1900,n65,r12,v00,s035y,90000,0.002,1537,208166,9.509856076153717e+18,27,2.450699208627018e+17,0.0257700977701674,1.5425257003927008e+17,1510,9.264786155291011e+18,0.9742299022298324,6.53747999568409e+17,1900,none,35.0,y,True,65,12,0,0,19.0,1e+19,1.8129133566428555,1.2,0.0,3.5,1,False,6.53747999568409e+17,0.0653747999568409,1.0,0.0,0.8333333333333334,0.2857142857142857,0.0,1.5384615384615386e+17,17.187086643357144,65,3,bound_mass_fraction,random_forest,raw,0.028983602591005832,-0.003213504820838431,0.025424115303453367,0.018614293565164995,0.006809821738288372,0.028372849741956824,34,True,True,False,False,False,False,medium_confidence_screening
Ma_xp_A1900_s035z_n65_r12_v00_90000_fof_0.002_0000.hdf5,Ma_xp_A1900_s035z_n65_r12_v00_90000.hdf5,A1900,n65,r12,v00,s035z,90000,0.002,392,142194,9.9093167496204e+18,55,7.011320575671456e+17,0.0707548335856762,9.630068627325331e+16,337,9.208184692053256e+18,0.929245166414324,4.46562085309933e+17,1900,none,35.0,z,True,65,12,0,0,19.0,1e+19,1.8129133566428555,1.2,0.0,3.5,1,False,4.46562085309933e+17,0.0446562085309933,1.0,0.0,0.8333333333333334,0.2857142857142857,0.0,1.5384615384615386e+17,17.187086643357144,66,2,bound_mass_fraction,random_forest,raw,0.031133519816247054,0.03962131376942915,0.04318858287849695,0.040541159791002056,0.002647423087494896,0.030660771438038546,34,True,True,False,False,False,False,medium_confidence_screening
Ma_xp_A1900_s035z_n65_r16_v00_90000_fof_0.002_0000.hdf5,Ma_xp_A1900_s035z_n65_r16_v00_90000.hdf5,A1900,n65,r16,v00,s035z,90000,0.002,375,117180,9.90673838856427e+18,29,4.766670415648781e+17,0.048115436470505,4.7572488770759624e+16,346,9.430071346999392e+18,0.951884563529495,3.68005296683523e+17,1900,none,35.0,z,True,65,16,0,0,19.0,1e+19,1.8129133566428555,1.6,0.0,3.5,1,False,3.68005296683523e+17,0.0368005296683523,1.0,0.0,0.625,0.2857142857142857,0.0,1.5384615384615386e+17,17.187086643357144,67,1,bound_mass_fraction,random_forest,raw,0.03804137591139798,0.01007406055910702,0.041055505465556946,0.04214275434783185,0.001087248882274905,0.023219544997992527,16,True,True,False,False,False,False,medium_confidence_screening
Ma_xp_A1900_s035z_n65_r20_v00_90000_fof_0.002_0000.hdf5,Ma_xp_A1900_s035z_n65_r20_v00_90000.hdf5,A1900,n65,r20,v00,s035z,90000,0.002,279,140898,9.916857120993411e+18,0,0.0,0.0,0.0,279,9.916857120993411e+18,1.0,4.424919806461516e+17,1900,none,35.0,z,True,65,20,0,0,19.0,1e+19,1.8129133566428555,2.0,0.0,3.5,1,False,4.424919806461516e+17,0.044249198064615164,1.0,0.0,0.5,0.2857142857142857,0.0,1.5384615384615386e+17,17.187086643357144,68,0,bound_mass_fraction,random_forest,raw,0.034326402815622846,-0.034326402815622846,0.020159792844580984,0.024289319966442745,0.004129527121861761,0.026810536987400938,9,True,True,False,False,False,False,medium_confidence_screening
Ma_xp_A1900_s047x_n65_r12_v00_90000_fof_0.002_0000.hdf5,Ma_xp_A1900_s047x_n65_r12_v00_90000.hdf5,A1900,n65,r12,v00,s047x,90000,0.002,2309,242309,9.397441470954924e+18,11,1.50654345038413e+17,0.0160314214782871,1.4849861279410304e+17,2298,9.24678712591651e+18,0.9839685785217128,7.670386554855169e+17,1900,none,47.0,x,True,65,12,0,0,19.0,1e+19,1.8129133566428555,1.2,0.0,4.7,1,False,7.670386554855169e+17,0.07670386554855169,1.0,0.0,0.8333333333333334,0.2127659574468085,0.0,1.5384615384615386e+17,17.187086643357144,69,4,bound_mass_fraction,random_forest,raw,0.01490493133054915,0.0011264901477379512,0.012602706870027633,0.006556792317915431,0.006045914552112203,0.01826113719012749,34,True,True,False,False,False,False,medium_confidence_screening
Ma_xp_A1900_s047y_n65_r12_v00_90000_fof_0.002_0000.hdf5,Ma_xp_A1900_s047y_n65_r12_v00_90000.hdf5,A1900,n65,r12,v00,s047y,90000,0.002,1743,188480,9.567981733708192e+18,13,1.9229068308451555e+17,0.0200973087570884,1.1901161447435762e+17,1730,9.375691050623676e+18,0.9799026912429116,5.966408420095839e+17,1900,none,47.0,y,True,65,12,0,0,19.0,1e+19,1.8129133566428555,1.2,0.0,4.7,1,False,5.966408420095839e+17,0.05966408420095839,1.0,0.0,0.8333333333333334,0.2127659574468085,0.0,1.5384615384615386e+17,17.187086643357144,70,3,bound_mass_fraction,random_forest,raw,0.020277742350768523,-0.0001804335936801231,0.022034233723222097,0.025437475484450342,0.003403241761228245,0.028372849741956824,34,True,True,False,False,False,False,medium_confidence_screening
Ma_xp_A1900_s047z_n65_r11_v00_90000_fof_0.002_0000.hdf5,Ma_xp_A1900_s047z_n65_r11_v00_90000.hdf5,A1900,n65,r11,v00,s047z,90000,0.002,373,118910,9.99107188511563e+18,48,5.966186832331892e+17,0.0597151827244894,8.521948274456202e+16,325,9.394453201882444e+18,0.9402848172755108,3.764142748480469e+17,1900,none,47.0,z,True,65,11,0,0,19.0,1e+19,1.8129133566428555,1.1,0.0,4.7,1,False,3.764142748480469e+17,0.037641427484804695,1.0,0.0,0.9090909090909091,0.2127659574468085,0.0,1.5384615384615386e+17,17.187086643357144,71,2,bound_mass_fraction,random_forest,raw,0.042385166158390906,0.01733001656609849,0.05423124618727068,0.05086658163242522,0.0033646645548454646,0.030660771438038546,1,True,True,True,False,False,False,medium_confidence_screening
Ma_xp_A1900_s047z_n65_r12_v00_90000_fof_0.002_0000.hdf5,Ma_xp_A1900_s047z_n65_r12_v00_90000.hdf5,A1900,n65,r12,v00,s047z,90000,0.002,386,120378,9.98684905572412e+18,40,5.998760231441914e+17,0.0600665955595236,7.467507142915694e+16,346,9.386973032579928e+18,0.9399334044404762,3.810612864995308e+17,1900,none,47.0,z,True,65,12,0,0,19.0,1e+19,1.8129133566428555,1.2,0.0,4.7,1,False,3.810612864995308e+17,0.03810612864995308,1.0,0.0,0.8333333333333334,0.2127659574468085,0.0,1.5384615384615386e+17,17.187086643357144,72,1,bound_mass_fraction,random_forest,raw,0.03929163909582636,0.020774956463697244,0.04502515634799525,0.0444585234525186,0.0005666328954766486,0.023219544997992527,34,True,True,False,False,False,False,medium_confidence_screening
Ma_xp_A1900_s047z_n65_r12_v04_90000_fof_0.002_0000.hdf5,Ma_xp_A1900_s047z_n65_r12_v04_90000.hdf5,A1900,n65,r12,v04,s047z,90000,0.002,356,108764,9.986041843209622e+18,7,9.481739781764738e+16,0.009494993041925,3.3801628347643976e+16,349,9.891224445391974e+18,0.990505006958075,3.442967133930362e+17,1900,none,47.0,z,True,65,12,4,0,19.0,1e+19,1.8129133566428555,1.2,0.4,4.7,1,False,3.442967133930362e+17,0.03442967133930362,1.0151951615249424,0.16000000000000003,0.8333333333333334,0.2127659574468085,0.48,1.5384615384615386e+17,17.187086643357144,73,0,bound_mass_fraction,random_forest,raw,0.018798838646250045,-0.009303845604325045,0.014584280213511845,0.02140628130428032,0.006822001090768474,0.026810536987400938,34,True,True,False,False,False,False,medium_confidence_screening
Ma_xp_A1900_s047z_n65_r12_v06_90000_fof_0.002_0000.hdf5,Ma_xp_A1900_s047z_n65_r12_v06_90000.hdf5,A1900,n65,r12,v06,s047z,90000,0.002,341,150426,9.715809252167664e+18,0,0.0,0.0,0.0,341,9.715809252167664e+18,1.0,4.7617941054843296e+17,1900,none,47.0,z,True,65,12,6,0,19.0,1e+19,1.8129133566428555,1.2,0.6,4.7,1,False,4.7617941054843296e+17,0.047617941054843294,1.0341891134311205,0.36,0.8333333333333334,0.2127659574468085,0.72,1.5384615384615386e+17,17.187086643357144,74,4,bound_mass_fraction,random_forest,raw,0.008720887672354408,-0.008720887672354408,0.0067118859069969115,0.0010160751697759916,0.00569581073722092,0.01826113719012749,34,True,True,False,False,False,False,medium_confidence_screening
Ma_xp_A1900_s047z_n65_r12_v08_90000_fof_0.002_0000.hdf5,Ma_xp_A1900_s047z_n65_r12_v08_90000.hdf5,A1900,n65,r12,v08,s047z,90000,0.002,314,116001,9.991404266739606e+18,0,0.0,0.0,0.0,314,9.991404266739606e+18,1.0,3.6720572110542656e+17,1900,none,47.0,z,True,65,12,8,0,19.0,1e+19,1.8129133566428555,1.2,0.8,4.7,1,False,3.6720572110542656e+17,0.03672057211054266,1.06078064609977,0.6400000000000001,0.8333333333333334,0.2127659574468085,0.96,1.5384615384615386e+17,17.187086643357144,75,3,bound_mass_fraction,random_forest,raw,0.00857375733792833,-0.00857375733792833,0.006173086772056728,0.005303769418878126,0.0008693173531786023,0.028372849741956824,34,True,True,False,False,False,False,medium_confidence_screening
Ma_xp_A1900_s047z_n65_r12_v15_90000_fof_0.002_0000.hdf5,Ma_xp_A1900_s047z_n65_r12_v15_90000.hdf5,A1900,n65,r12,v15,s047z,90000,0.002,207,169000,9.996380494481265e+18,0,0.0,0.0,0.0,207,9.996380494481265e+18,1.0,5.349761369889384e+17,1900,none,47.0,z,True,65,12,15,0,19.0,1e+19,1.8129133566428555,1.2,1.5,4.7,1,False,5.349761369889384e+17,0.05349761369889384,1.2136819589445034,2.25,0.8333333333333334,0.2127659574468085,1.7999999999999998,1.5384615384615386e+17,17.187086643357144,76,2,bound_mass_fraction,random_forest,raw,0.0012055939500444741,-0.0012055939500444741,0.0011978247945140146,-0.007669154831991023,0.008866979626505038,0.030660771438038546,34,True,True,False,False,False,False,medium_confidence_screening
Ma_xp_A1900_s047z_n65_r12_v20_90000_fof_0.002_0000.hdf5,Ma_xp_A1900_s047z_n65_r12_v20_90000.hdf5,A1900,n65,r12,v20,s047z,90000,0.002,129,225088,9.99940358448657e+18,0,0.0,0.0,0.0,129,9.99940358448657e+18,1.0,7.125249036813028e+17,1900,none,47.0,z,True,65,12,20,0,19.0,1e+19,1.8129133566428555,1.2,2.0,4.7,1,False,7.125249036813028e+17,0.07125249036813028,1.3798790381235615,4.0,0.8333333333333334,0.2127659574468085,2.4,1.5384615384615386e+17,17.187086643357144,77,1,bound_mass_fraction,random_forest,raw,0.0013537401754636167,-0.0013537401754636167,0.001071328722581862,-0.00935578300163468,0.010427111724216542,0.023219544997992527,34,True,True,False,False,False,False,low_confidence_sph_required
Ma_xp_A1900_s047z_n65_r14_v00_90000_fof_0.002_0000.hdf5,Ma_xp_A1900_s047z_n65_r14_v00_90000.hdf5,A1900,n65,r14,v00,s047z,90000,0.002,347,101685,9.8195503051923e+18,24,5.032352747058096e+17,0.05124830150722,6.7473469585102136e+16,323,9.316315030486491e+18,0.94875169849278,3.218878608856421e+17,1900,none,47.0,z,True,65,14,0,0,19.0,1e+19,1.8129133566428555,1.4,0.0,4.7,1,False,3.218878608856421e+17,0.03218878608856421,1.0,0.0,0.7142857142857143,0.2127659574468085,0.0,1.5384615384615386e+17,17.187086643357144,78,0,bound_mass_fraction,random_forest,raw,0.040911903468552745,0.010336398038667254,0.04464057629148338,0.05397772414060781,0.009337147849124428,0.026810536987400938,4,True,True,True,False,False,False,medium_confidence_screening
Ma_xp_A1900_s047z_n65_r15_v00_90000_fof_0.002_0000.hdf5,Ma_xp_A1900_s047z_n65_r15_v00_90000.hdf5,A1900,n65,r15,v00,s047z,90000,0.002,314,98692,9.992296948811438e+18,25,4.6428331396238746e+17,0.0464641229479887,9.92491527985624e+16,289,9.528013634849049e+18,0.953535877052011,3.12413401844163e+17,1900,none,47.0,z,True,65,15,0,0,19.0,1e+19,1.8129133566428555,1.5,0.0,4.7,1,False,3.12413401844163e+17,0.0312413401844163,1.0,0.0,0.6666666666666666,0.2127659574468085,0.0,1.5384615384615386e+17,17.187086643357144,79,4,bound_mass_fraction,random_forest,raw,0.036309771474128665,0.010154351473860034,0.042107995902471024,0.05397772414060781,0.011869728238136784,0.01826113719012749,3,True,True,True,False,False,False,low_confidence_sph_required
Ma_xp_A1900_s047z_n65_r16_v00_90000_fof_0.002_0000.hdf5,Ma_xp_A1900_s047z_n65_r16_v00_90000.hdf5,A1900,n65,r16,v00,s047z,90000,0.002,306,111566,9.991948739493204e+18,15,3.075637956785839e+17,0.030781162283483,1.0979356411396749e+17,291,9.68438494381462e+18,0.9692188377165172,3.531665544335389e+17,1900,none,47.0,z,True,65,16,0,0,19.0,1e+19,1.8129133566428555,1.6,0.0,4.7,1,False,3.531665544335389e+17,0.03531665544335389,1.0,0.0,0.625,0.2127659574468085,0.0,1.5384615384615386e+17,17.187086643357144,80,1,bound_mass_fraction,random_forest,raw,0.027842079311691834,0.002939082971791164,0.032619481306581544,0.040687041070701875,0.008067559764120331,0.023219544997992527,16,True,True,False,False,False,False,medium_confidence_screening
Ma_xp_A1900_s047z_n65_r16_v04_90000_fof_0.002_0000.hdf5,Ma_xp_A1900_s047z_n65_r16_v04_90000.hdf5,A1900,n65,r16,v04,s047z,90000,0.002,316,130158,9.98180635166848e+18,0,0.0,0.0,0.0,316,9.98180635166848e+18,1.0,4.1202026058094266e+17,1900,none,47.0,z,True,65,16,4,0,19.0,1e+19,1.8129133566428555,1.6,0.4,4.7,1,False,4.1202026058094266e+17,0.04120202605809427,1.02026021536659,0.16000000000000003,0.625,0.2127659574468085,0.6400000000000001,1.5384615384615386e+17,17.187086643357144,81,0,bound_mass_fraction,random_forest,raw,0.01291237523809758,-0.01291237523809758,0.006659487196724183,0.006829781425123784,0.00017029422839960097,0.026810536987400938,16,True,False,False,False,False,True,high_confidence_screening
Ma_xp_A1900_s047z_n65_r16_v06_90000_fof_0.002_0000.hdf5,Ma_xp_A1900_s047z_n65_r16_v06_90000.hdf5,A1900,n65,r16,v06,s047z,90000,0.002,272,127310,9.993677123941466e+18,0,0.0,0.0,0.0,272,9.993677123941466e+18,1.0,4.030048047339221e+17,1900,none,47.0,z,True,65,16,6,0,19.0,1e+19,1.8129133566428555,1.6,0.6,4.7,1,False,4.030048047339221e+17,0.040300480473392214,1.0455854845748274,0.36,0.625,0.2127659574468085,0.96,1.5384615384615386e+17,17.187086643357144,82,0,bound_mass_fraction,random_forest,raw,0.01582615852031233,-0.01582615852031233,0.007451087965618989,0.009843874036229553,0.0023927860706105643,0.026810536987400938,16,True,False,False,False,False,True,high_confidence_screening
Ma_xp_A1900_s047z_n65_r17_v00_90000_fof_0.002_0000.hdf5,Ma_xp_A1900_s047z_n65_r17_v00_90000.hdf5,A1900,n65,r17,v00,s047z,90000,0.002,281,127425,9.995946815597509e+18,9,2.425594467257166e+17,0.0242657800406891,1.4882466333913222e+17,272,9.753387368871793e+18,0.9757342199593112,4.033688417502168e+17,1900,none,47.0,z,True,65,17,0,0,19.0,1e+19,1.8129133566428555,1.7,0.0,4.7,1,False,4.033688417502168e+17,0.04033688417502168,1.0,0.0,0.5882352941176471,0.2127659574468085,0.0,1.5384615384615386e+17,17.187086643357144,83,3,bound_mass_fraction,random_forest,raw,0.02876301339575059,-0.00449723335506149,0.028220147581597674,0.03120730457071434,0.002987156989116665,0.028372849741956824,3,True,True,True,False,False,False,medium_confidence_screening
Ma_xp_A1900_s047z_n65_r20_v00_90000_fof_0.002_0000.hdf5,Ma_xp_A1900_s047z_n65_r20_v00_90000.hdf5,A1900,n65,r20,v00,s047z,90000,0.002,202,652341,9.997732179748305e+18,0,0.0,0.0,0.0,202,9.997732179748305e+18,1.0,2.0650110543253435e+18,1900,none,47.0,z,True,65,20,0,0,19.0,1e+19,1.8129133566428555,2.0,0.0,4.7,1,False,2.0650110543253435e+18,0.20650110543253436,1.0,0.0,0.5,0.2127659574468085,0.0,1.5384615384615386e+17,17.187086643357144,84,1,bound_mass_fraction,random_forest,raw,0.01381078317795523,-0.01381078317795523,0.008566671167875087,0.008379302404612165,0.00018736876326292187,0.023219544997992527,9,True,True,False,False,False,False,medium_confidence_screening
Ma_xp_A1900_s047z_n65_r20_v02_90000_fof_0.002_0000.hdf5,Ma_xp_A1900_s047z_n65_r20_v02_90000.hdf5,A1900,n65,r20,v02,s047z,90000,0.002,178,601886,1.0002262066449392e+19,0,0.0,0.0,0.0,178,1.0002262066449392e+19,1.0,1.9052937703468964e+18,1900,none,47.0,z,True,65,20,2,0,19.0,1e+19,1.8129133566428555,2.0,0.2,4.7,1,False,1.9052937703468964e+18,0.19052937703468964,1.0063313173020594,0.04000000000000001,0.5,0.2127659574468085,0.4,1.5384615384615386e+17,17.187086643357144,85,0,bound_mass_fraction,random_forest,raw,0.011990938044370165,-0.011990938044370165,0.005284886020388449,0.00950058412632493,0.004215698105936482,0.026810536987400938,9,True,False,False,False,False,True,high_confidence_screening
Ma_xp_A1900_s047z_n65_r20_v04_90000_fof_0.002_0000.hdf5,Ma_xp_A1900_s047z_n65_r20_v04_90000.hdf5,A1900,n65,r20,v04,s047z,90000,0.002,156,722623,1.0001264921588773e+19,0,0.0,0.0,0.0,156,1.0001264921588773e+19,1.0,2.287491485453542e+18,1900,none,47.0,z,True,65,20,4,0,19.0,1e+19,1.8129133566428555,2.0,0.4,4.7,1,False,2.287491485453542e+18,0.2287491485453542,1.0253252692082375,0.16000000000000003,0.5,0.2127659574468085,0.8,1.5384615384615386e+17,17.187086643357144,86,4,bound_mass_fraction,random_forest,raw,0.007532910202799946,-0.007532910202799946,0.0036339142865170542,-0.004374501695859308,0.008008415982376362,0.01826113719012749,9,True,False,False,False,False,True,high_confidence_screening
Ma_xp_A1900_s047z_n65_r20_v06_90000_fof_0.002_0000.hdf5,Ma_xp_A1900_s047z_n65_r20_v06_90000.hdf5,A1900,n65,r20,v06,s047z,90000,0.002,140,733883,1.0001619461991789e+19,0,0.0,0.0,0.0,140,1.0001619461991789e+19,1.0,2.323135457658424e+18,1900,none,47.0,z,True,65,20,6,0,19.0,1e+19,1.8129133566428555,2.0,0.6,4.7,1,False,2.323135457658424e+18,0.23231354576584237,1.0569818557185342,0.36,0.5,0.2127659574468085,1.2,1.5384615384615386e+17,17.187086643357144,87,3,bound_mass_fraction,random_forest,raw,0.00480218751080284,-0.00480218751080284,0.003127804094677608,-0.0006538514572458147,0.0037816555519234224,0.028372849741956824,9,True,False,False,False,False,True,high_confidence_screening
Ma_xp_A1900_s047z_n65_r22_v00_90000_fof_0.002_0000.hdf5,Ma_xp_A1900_s047z_n65_r22_v00_90000.hdf5,A1900,n65,r22,v00,s047z,90000,0.002,2,2321572,1.001032152915326e+19,0,0.0,0.0,0.0,2,1.001032152915326e+19,1.0,7.349027338742925e+18,1900,none,47.0,z,True,65,22,0,0,19.0,1e+19,1.8129133566428555,2.2,0.0,4.7,1,False,7.349027338742925e+18,0.7349027338742925,1.0,0.0,0.45454545454545453,0.2127659574468085,0.0,1.5384615384615386e+17,17.187086643357144,88,2,bound_mass_fraction,random_forest,raw,0.004240059386869898,-0.004240059386869898,0.002359510239905009,0.0016868818511699766,0.0006726283887350324,0.030660771438038546,2,True,True,True,False,False,False,medium_confidence_screening
Ma_xp_A1900_s047z_n65_r24_v00_90000_fof_0.002_0000.hdf5,Ma_xp_A1900_s047z_n65_r24_v00_90000.hdf5,A1900,n65,r24,v00,s047z,90000,0.002,175,3082655,1.00017049310674e+19,0,0.0,0.0,0.0,175,1.00017049310674e+19,1.0,9.758265464423983e+18,1900,none,47.0,z,True,65,24,0,0,19.0,1e+19,1.8129133566428555,2.4,0.0,4.7,1,False,9.758265464423983e+18,0.9758265464423983,1.0,0.0,0.4166666666666667,0.2127659574468085,0.0,1.5384615384615386e+17,17.187086643357144,89,1,bound_mass_fraction,random_forest,raw,0.004814286494817329,-0.004814286494817329,0.0022876865419475694,-0.0017784787881618845,0.004066165330109454,0.023219544997992527,1,True,True,True,False,False,False,medium_confidence_screening
Ma_xp_A1900_s086mz_n65_r12_v00_90000_fof_0.002_0000.hdf5,Ma_xp_A1900_s086mz_n65_r12_v00_90000.hdf5,A1900,n65,r12,v00,s086mz,90000,0.002,146,983549,9.994043162004857e+18,0,0.0,0.0,0.0,146,9.994043162004857e+18,1.0,3.111018850384888e+18,1900,none,86.0,mz,True,65,12,0,0,19.0,1e+19,1.8129133566428555,1.2,0.0,8.6,1,False,3.111018850384888e+18,0.3111018850384888,1.0,0.0,0.8333333333333334,0.11627906976744186,0.0,1.5384615384615386e+17,17.187086643357144,90,0,bound_mass_fraction,random_forest,raw,0.010384515853428554,-0.010384515853428554,0.007345541667023537,-0.0016194707425859689,0.008965012409609506,0.026810536987400938,34,True,True,False,False,False,False,medium_confidence_screening
Ma_xp_A1900_s086x_n65_r12_v00_90000_fof_0.002_0000.hdf5,Ma_xp_A1900_s086x_n65_r12_v00_90000.hdf5,A1900,n65,r12,v00,s086x,90000,0.002,750,280253,9.74725217978432e+18,0,0.0,0.0,0.0,750,9.74725217978432e+18,1.0,8.864554443819674e+17,1900,none,86.0,x,True,65,12,0,0,19.0,1e+19,1.8129133566428555,1.2,0.0,8.6,1,False,8.864554443819674e+17,0.08864554443819674,1.0,0.0,0.8333333333333334,0.11627906976744186,0.0,1.5384615384615386e+17,17.187086643357144,91,4,bound_mass_fraction,random_forest,raw,0.010046516097341666,-0.010046516097341666,0.007099279251945017,0.0019446713716887163,0.0051546078802563,0.01826113719012749,34,True,True,False,False,False,False,medium_confidence_screening
Ma_xp_A1900_s086z_n65_r12_v00_90000_fof_0.002_0000.hdf5,Ma_xp_A1900_s086z_n65_r12_v00_90000.hdf5,A1900,n65,r12,v00,s086z,90000,0.002,349,160362,9.98360508296e+18,21,3.239884843801418e+17,0.032452053310194,6.5269624571028856e+16,328,9.659616598579855e+18,0.967547946689806,5.0723370658981664e+17,1900,none,86.0,z,True,65,12,0,0,19.0,1e+19,1.8129133566428555,1.2,0.0,8.6,1,False,5.0723370658981664e+17,0.050723370658981665,1.0,0.0,0.8333333333333334,0.11627906976744186,0.0,1.5384615384615386e+17,17.187086643357144,92,3,bound_mass_fraction,random_forest,raw,0.02031580874976785,0.012136244560426147,0.02526904427417342,0.03117841035852865,0.00590936608435523,0.028372849741956824,34,True,True,False,False,False,False,medium_confidence_screening
Ma_xp_A1900_s086z_n65_r16_v00_90000_fof_0.002_0000.hdf5,Ma_xp_A1900_s086z_n65_r16_v00_90000.hdf5,A1900,n65,r16,v00,s086z,90000,0.002,253,190988,9.987492476643766e+18,0,0.0,0.0,0.0,253,9.987492476643766e+18,1.0,6.041054062315533e+17,1900,none,86.0,z,True,65,16,0,0,19.0,1e+19,1.8129133566428555,1.6,0.0,8.6,1,False,6.041054062315533e+17,0.060410540623155325,1.0,0.0,0.625,0.11627906976744186,0.0,1.5384615384615386e+17,17.187086643357144,93,2,bound_mass_fraction,random_forest,raw,0.019631739962697424,-0.019631739962697424,0.012736761902599213,0.023300268415370914,0.0105635065127717,0.030660771438038546,16,True,True,False,False,False,False,low_confidence_sph_required
Ma_xp_A1900_s170mz_n65_r12_v00_90000_fof_0.002_0000.hdf5,Ma_xp_A1900_s170mz_n65_r12_v00_90000.hdf5,A1900,n65,r12,v00,s170mz,90000,0.002,228,347874,9.97517586331924e+18,0,0.0,0.0,0.0,228,9.97517586331924e+18,1.0,1.0986418814613632e+18,1900,none,170.0,mz,True,65,12,0,0,19.0,1e+19,1.8129133566428555,1.2,0.0,17.0,1,False,1.0986418814613632e+18,0.10986418814613633,1.0,0.0,0.8333333333333334,0.058823529411764705,0.0,1.5384615384615386e+17,17.187086643357144,94,1,bound_mass_fraction,random_forest,raw,0.008357121949838986,-0.008357121949838986,0.006734081372577383,0.0012925235089905097,0.0054415578635868735,0.023219544997992527,34,True,True,False,False,False,False,medium_confidence_screening
Ma_xp_A1900_s170x_n65_r12_v00_90000_fof_0.002_0000.hdf5,Ma_xp_A1900_s170x_n65_r12_v00_90000.hdf5,A1900,n65,r12,v00,s170x,90000,0.002,119,275516,9.935585164889352e+18,0,0.0,0.0,0.0,119,9.935585164889352e+18,1.0,8.701237132201935e+17,1900,none,170.0,x,True,65,12,0,0,19.0,1e+19,1.8129133566428555,1.2,0.0,17.0,1,False,8.701237132201935e+17,0.08701237132201935,1.0,0.0,0.8333333333333334,0.058823529411764705,0.0,1.5384615384615386e+17,17.187086643357144,95,0,bound_mass_fraction,random_forest,raw,0.009513919636665735,-0.009513919636665735,0.006672196819098355,0.0019446713716887163,0.004727525447409639,0.026810536987400938,34,True,True,False,False,False,False,medium_confidence_screening
Ma_xp_A1900_s170y_n65_r12_v00_90000_fof_0.002_0000.hdf5,Ma_xp_A1900_s170y_n65_r12_v00_90000.hdf5,A1900,n65,r12,v00,s170y,90000,0.002,122,202829,9.901726527537396e+18,1,1.4347522572828524e+16,0.0014489920048717,1.4347522572828524e+16,121,9.887379004964567e+18,0.9985510079951282,6.405665102164358e+17,1900,none,170.0,y,True,65,12,0,0,19.0,1e+19,1.8129133566428555,1.2,0.0,17.0,1,False,6.405665102164358e+17,0.06405665102164358,1.0,0.0,0.8333333333333334,0.058823529411764705,0.0,1.5384615384615386e+17,17.187086643357144,96,2,bound_mass_fraction,random_forest,raw,0.013995058010448199,-0.0125460660055765,0.011778348261541628,0.009292323950363411,0.0024860243111782167,0.030660771438038546,34,True,True,False,False,False,False,medium_confidence_screening
Ma_xp_A1900_s170z_n65_r12_v00_90000_fof_0.002_0000.hdf5,Ma_xp_A1900_s170z_n65_r12_v00_90000.hdf5,A1900,n65,r12,v00,s170z,90000,0.002,304,156851,9.968540568387428e+18,12,2.0310760988418368e+17,0.0203748591371825,8.990019316711246e+16,292,9.765432958503246e+18,0.9796251408628176,4.953606126046652e+17,1900,none,170.0,z,True,65,12,0,0,19.0,1e+19,1.8129133566428555,1.2,0.0,17.0,1,False,4.953606126046652e+17,0.04953606126046652,1.0,0.0,0.8333333333333334,0.058823529411764705,0.0,1.5384615384615386e+17,17.187086643357144,97,3,bound_mass_fraction,random_forest,raw,0.02049277121122991,-0.00011791207404740836,0.024544359058816148,0.03117841035852865,0.006634051299712503,0.028372849741956824,34,True,True,False,False,False,False,medium_confidence_screening
Ma_xp_A1900_s170z_n65_r16_v00_90000_fof_0.002_0000.hdf5,Ma_xp_A1900_s170z_n65_r16_v00_90000.hdf5,A1900,n65,r16,v00,s170z,90000,0.002,228,294286,9.97716234619345e+18,0,0.0,0.0,0.0,228,9.97716234619345e+18,1.0,9.294023834140456e+17,1900,none,170.0,z,True,65,16,0,0,19.0,1e+19,1.8129133566428555,1.6,0.0,17.0,1,False,9.294023834140456e+17,0.09294023834140455,1.0,0.0,0.625,0.058823529411764705,0.0,1.5384615384615386e+17,17.187086643357144,98,0,bound_mass_fraction,random_forest,raw,0.015078845922678316,-0.015078845922678316,0.00786414649362207,0.009258314835876302,0.001394168342254233,0.026810536987400938,16,True,True,False,False,False,False,medium_confidence_screening
Ma_xp_A1950_n65_r12_v00_90000_fof_0.0020_0000.hdf5,Ma_xp_A1950_n65_r12_v00_90000.hdf5,A1950,n65,r12,v00,,90000,0.002,273,197365,3.1577043057890193e+19,38,2.88389359149743e+18,0.0913288044802164,6.757230787756746e+17,235,2.8693149466392764e+19,0.9086711955197836,1.9332891501077115e+18,1950,none,,none,False,65,12,0,0,19.5,3.162277660168379e+19,1.8129133566428555,1.2,0.0,,0,False,1.9332891501077115e+18,0.061135970900315285,1.0,0.0,0.8333333333333334,,0.0,4.865042554105199e+17,17.687086643357144,99,3,bound_mass_fraction,random_forest,raw,0.0036081412836983756,0.08772066319651801,0.07966971287412847,0.05523628234875172,0.024433430525376748,0.028372849741956824,5,True,True,False,False,False,False,low_confidence_sph_required
Ma_xp_A1950_n65_r12_v00_90000_fof_0.0027_0000.hdf5,Ma_xp_A1950_n65_r12_v00_90000.hdf5,A1950,n65,r12,v00,,90000,0.0027,273,197384,3.158625082928384e+19,38,2.8847849821323484e+18,0.09133040188036,6.760953078320143e+17,235,2.8701465847151497e+19,0.90866959811964,1.9334752646358792e+18,1950,none,,none,False,65,12,0,0,19.5,3.162277660168379e+19,1.8129133566428555,1.2,0.0,,0,False,1.9334752646358792e+18,0.061141856358461866,1.0,0.0,0.8333333333333334,,0.0,4.865042554105199e+17,17.687086643357144,100,3,bound_mass_fraction,random_forest,raw,0.008067153194309533,0.08326324868605046,0.08102174314330494,0.07136217480914606,0.009659568334158888,0.028372849741956824,5,True,True,False,False,False,False,medium_confidence_screening
Ma_xp_A1950_n65_r12_v00_90000_fof_0.002_0000.hdf5,Ma_xp_A1950_n65_r12_v00_90000.hdf5,A1950,n65,r12,v00,,90000,0.002,272,197385,3.1587886678031434e+19,38,2.8849319146545874e+18,0.091330323679456,6.76105103333497e+17,234,2.8702954763376853e+19,0.9086696763205442,1.9334850601373617e+18,1950,none,,none,False,65,12,0,0,19.5,3.162277660168379e+19,1.8129133566428555,1.2,0.0,,0,False,1.9334850601373617e+18,0.061142166119416946,1.0,0.0,0.8333333333333334,,0.0,4.865042554105199e+17,17.687086643357144,101,3,bound_mass_fraction,random_forest,raw,0.0036081412836983756,0.08772218239575762,0.07956846507983163,0.05523628234875172,0.024332182731079913,0.028372849741956824,5,True,True,False,False,False,False,low_confidence_sph_required
Ma_xp_A1950_n65_r12_v00_90000_fof_0.0034_0000.hdf5,Ma_xp_A1950_n65_r12_v00_90000.hdf5,A1950,n65,r12,v00,,90000,0.0034,273,197387,3.158984577832796e+19,38,2.8850396651708964e+18,0.0913280705900173,6.761442853394275e+17,235,2.8704806113157067e+19,0.9086719294099828,1.933504651140327e+18,1950,none,,none,False,65,12,0,0,19.5,3.162277660168379e+19,1.8129133566428555,1.2,0.0,,0,False,1.933504651140327e+18,0.06114278564132712,1.0,0.0,0.8333333333333334,,0.0,4.865042554105199e+17,17.687086643357144,102,3,bound_mass_fraction,random_forest,raw,0.026153950351010306,0.06517412023900698,0.0812100377150957,0.11013381991744753,0.028923782202351825,0.028372849741956824,5,True,True,False,False,False,False,low_confidence_sph_required
Ma_xp_A1950_n65_r12_v00_90000_fof_0.003_0000.hdf5,Ma_xp_A1950_n65_r12_v00_90000.hdf5,A1950,n65,r12,v00,,90000,0.003,272,197385,3.1587886678031434e+19,38,2.8849319146545874e+18,0.091330323679456,6.76105103333497e+17,234,2.8702954763376853e+19,0.9086696763205442,1.9334850601373617e+18,1950,none,,none,False,65,12,0,0,19.5,3.162277660168379e+19,1.8129133566428555,1.2,0.0,,0,False,1.9334850601373617e+18,0.061142166119416946,1.0,0.0,0.8333333333333334,,0.0,4.865042554105199e+17,17.687086643357144,103,3,bound_mass_fraction,random_forest,raw,0.025693700921179435,0.06563662275827656,0.08186876166208794,0.11013381991744753,0.02826505825535959,0.028372849741956824,5,True,True,False,False,False,False,low_confidence_sph_required
Ma_xp_A1950_n65_r16_v00_90000_fof_0.0020_0000.hdf5,Ma_xp_A1950_n65_r16_v00_90000.hdf5,A1950,n65,r16,v00,,90000,0.002,200,775432,3.157659246483861e+19,2,6445439975561000.0,0.000204120820913,3506789530776349.5,198,3.157014702486305e+19,0.999795879179087,7.595745305745701e+18,1950,none,,none,False,65,16,0,0,19.5,3.162277660168379e+19,1.8129133566428555,1.6,0.0,,0,False,7.595745305745701e+18,0.24019855692688466,1.0,0.0,0.625,,0.0,4.865042554105199e+17,17.687086643357144,104,2,bound_mass_fraction,random_forest,raw,0.07868078495192046,-0.07847666413100746,0.007278117617277962,0.00747397826991702,0.0001958606526390582,0.030660771438038546,5,True,True,False,False,True,False,low_confidence_sph_required
Ma_xp_A1950_n65_r16_v00_90000_fof_0.0027_0000.hdf5,Ma_xp_A1950_n65_r16_v00_90000.hdf5,A1950,n65,r16,v00,,90000,0.0027,204,775624,3.158728915245769e+19,2,6445439975561000.0,0.0002040516976449,3506789530776349.5,202,3.1580843712482128e+19,0.999795948302355,7.597626042030438e+18,1950,none,,none,False,65,16,0,0,19.5,3.162277660168379e+19,1.8129133566428555,1.6,0.0,,0,False,7.597626042030438e+18,0.2402580310302636,1.0,0.0,0.625,,0.0,4.865042554105199e+17,17.687086643357144,105,2,bound_mass_fraction,random_forest,raw,0.0832831353138716,-0.0830790836162267,0.008766158575348869,0.00747397826991702,0.0012921803054318486,0.030660771438038546,5,True,True,False,False,True,False,low_confidence_sph_required
Ma_xp_A1950_n65_r16_v00_90000_fof_0.002_0000.hdf5,Ma_xp_A1950_n65_r16_v00_90000.hdf5,A1950,n65,r16,v00,,90000,0.002,200,775432,3.157659246483861e+19,2,6445439975561000.0,0.000204120820913,3506789530776349.5,198,3.157014702486305e+19,0.999795879179087,7.595745305745701e+18,1950,none,,none,False,65,16,0,0,19.5,3.162277660168379e+19,1.8129133566428555,1.6,0.0,,0,False,7.595745305745701e+18,0.24019855692688466,1.0,0.0,0.625,,0.0,4.865042554105199e+17,17.687086643357144,106,2,bound_mass_fraction,random_forest,raw,0.07868078495192046,-0.07847666413100746,0.007278117617277962,0.00747397826991702,0.0001958606526390582,0.030660771438038546,5,True,True,False,False,True,False,low_confidence_sph_required
Ma_xp_A1950_n65_r16_v00_90000_fof_0.0034_0000.hdf5,Ma_xp_A1950_n65_r16_v00_90000.hdf5,A1950,n65,r16,v00,,90000,0.0034,204,775700,3.159162855961451e+19,2,6445439975561000.0,0.0002040236692261,3506789530776349.5,202,3.1585183119638946e+19,0.9997959763307738,7.598370500143147e+18,1950,none,,none,False,65,16,0,0,19.5,3.162277660168379e+19,1.8129133566428555,1.6,0.0,,0,False,7.598370500143147e+18,0.2402815728628511,1.0,0.0,0.625,,0.0,4.865042554105199e+17,17.687086643357144,107,2,bound_mass_fraction,random_forest,raw,0.08652705935792077,-0.08632303568869466,0.01478024460289791,0.016217261731364858,0.0014370171284669477,0.030660771438038546,5,True,True,False,False,True,False,low_confidence_sph_required
Ma_xp_A1950_n65_r16_v00_90000_fof_0.003_0000.hdf5,Ma_xp_A1950_n65_r16_v00_90000.hdf5,A1950,n65,r16,v00,,90000,0.003,205,775661,3.1589953528860967e+19,2,6445439975561000.0,0.0002040344874098,3506789530776349.5,203,3.1583508088885404e+19,0.99979596551259,7.59798847558531e+18,1950,none,,none,False,65,16,0,0,19.5,3.162277660168379e+19,1.8129133566428555,1.6,0.0,,0,False,7.59798847558531e+18,0.24026949218560226,1.0,0.0,0.625,,0.0,4.865042554105199e+17,17.687086643357144,108,2,bound_mass_fraction,random_forest,raw,0.08639174923187883,-0.08618771474446903,0.013374030780493292,0.016217261731364858,0.002843230950871566,0.030660771438038546,5,True,True,False,False,True,False,low_confidence_sph_required
Ma_xp_A2000_n50_r12_v00_90000_fof_0.0126_0000.hdf5,Ma_xp_A2000_n50_r12_v00_90000.hdf5,A2000,n50,r12,v00,,90000,0.0126,57,10630,9.979559814256088e+19,19,2.240433312968013e+19,0.2245022180003861,3.832380690629288e+18,38,7.739126501288074e+19,0.7754977819996137,9.78343101378231e+18,2000,none,,none,False,50,12,0,0,20.0,1e+20,1.6989700043360187,1.2,0.0,,0,True,9.78343101378231e+18,0.09783431013782311,1.0,0.0,0.8333333333333334,,0.0,2e+18,18.30102999566398,109,3,bound_mass_fraction,random_forest,raw,0.19192707254353256,0.032575145456853555,0.20180848897497758,0.20407002837986332,0.002261539404885743,0.028372849741956824,62,True,True,False,False,False,False,medium_confidence_screening
Ma_xp_A2000_n50_r14_v00_90000_fof_0.0126_0000.hdf5,Ma_xp_A2000_n50_r14_v00_90000.hdf5,A2000,n50,r14,v00,,90000,0.0126,52,15068,9.96777920118212e+19,20,1.7557715282212858e+19,0.1761447051328205,5.963935368702657e+18,32,8.212007672960837e+19,0.8238552948671798,1.386799045302653e+19,2000,none,,none,False,50,14,0,0,20.0,1e+20,1.6989700043360187,1.4,0.0,,0,True,1.386799045302653e+19,0.1386799045302653,1.0,0.0,0.7142857142857143,,0.0,2e+18,18.30102999566398,110,4,bound_mass_fraction,random_forest,raw,0.1811223782656253,-0.004977673132804811,0.18498978541007455,0.18642697065061023,0.0014371852405356822,0.01826113719012749,20,True,True,False,False,False,False,medium_confidence_screening
Ma_xp_A2000_n50_r16_v00_90000_fof_0.0126_0000.hdf5,Ma_xp_A2000_n50_r16_v00_90000.hdf5,A2000,n50,r16,v00,,90000,0.0126,29,36883,9.98268903960046e+19,6,1.5954447471675963e+19,0.1598211404601111,6.450806018400762e+18,23,8.387244292432862e+19,0.8401788595398888,3.3945652500561355e+19,2000,none,,none,False,50,16,0,0,20.0,1e+20,1.6989700043360187,1.6,0.0,,0,True,3.3945652500561355e+19,0.3394565250056136,1.0,0.0,0.625,,0.0,2e+18,18.30102999566398,111,1,bound_mass_fraction,random_forest,raw,0.13962809317835964,0.020193047281751447,0.15592150391964207,0.16568421437925895,0.00976271045961688,0.023219544997992527,65,True,True,False,False,False,False,low_confidence_sph_required
Ma_xp_A2000_n55_r12_v00_90000_fof_0.0086_0000.hdf5,Ma_xp_A2000_n55_r12_v00_90000.hdf5,A2000,n55,r12,v00,,90000,0.0086,89,29668,9.977507867427522e+19,26,2.1121247625399984e+19,0.2116886090799508,3.721663735309995e+18,63,7.865383104887525e+19,0.7883113909200493,9.285536935430296e+18,2000,none,,none,False,55,12,0,0,20.0,1e+20,1.7403626894942439,1.2,0.0,,0,True,9.285536935430296e+18,0.09285536935430296,1.0,0.0,0.8333333333333334,,0.0,1.818181818181818e+18,18.259637310505756,112,2,bound_mass_fraction,random_forest,raw,0.19091241267827938,0.020776196401671415,0.1994631207965429,0.19734439713887095,0.0021187236576719615,0.030660771438038546,62,True,True,False,False,False,False,medium_confidence_screening
Ma_xp_A2000_n55_r14_v00_90000_fof_0.0086_0000.hdf5,Ma_xp_A2000_n55_r14_v00_90000.hdf5,A2000,n55,r14,v00,,90000,0.0086,73,40033,9.980168210690484e+19,24,1.9531614279874535e+19,0.1957042593626107,4.024629885825642e+18,49,8.027006782703033e+19,0.8042957406373893,1.252959080948443e+19,2000,none,,none,False,55,14,0,0,20.0,1e+20,1.7403626894942439,1.4,0.0,,0,True,1.252959080948443e+19,0.12529590809484428,1.0,0.0,0.7142857142857143,,0.0,1.818181818181818e+18,18.259637310505756,113,4,bound_mass_fraction,random_forest,raw,0.17786035050054502,0.01784390886206569,0.18533345032313997,0.18710696660997436,0.0017735162868343923,0.01826113719012749,20,True,True,False,False,False,False,medium_confidence_screening
Ma_xp_A2000_n55_r16_v00_90000_fof_0.0086_0000.hdf5,Ma_xp_A2000_n55_r16_v00_90000.hdf5,A2000,n55,r16,v00,,90000,0.0086,60,103736,9.987836258922732e+19,11,1.411046067132353e+19,0.1412764517311525,4.381115883178246e+18,49,8.576790191790378e+19,0.8587235482688473,3.246745515486035e+19,2000,none,,none,False,55,16,0,0,20.0,1e+20,1.7403626894942439,1.6,0.0,,0,True,3.246745515486035e+19,0.32467455154860353,1.0,0.0,0.625,,0.0,1.818181818181818e+18,18.259637310505756,114,3,bound_mass_fraction,random_forest,raw,0.15652208928317368,-0.015245637552021185,0.15218416814326133,0.16051850235157045,0.008334334208309119,0.028372849741956824,65,True,True,False,False,False,False,medium_confidence_screening
Ma_xp_A2000_n60_r12_v00_90000_fof_0.0059_0000.hdf5,Ma_xp_A2000_n60_r12_v00_90000.hdf5,A2000,n60,r12,v00,,90000,0.0059,153,79310,9.98655608665633e+19,57,2.056321575047569e+19,0.2059089797528049,3.0861819007456276e+18,96,7.930234511608758e+19,0.7940910202471949,7.905593700068805e+18,2000,none,,none,False,60,12,0,0,20.0,1e+20,1.7781512503836436,1.2,0.0,,0,True,7.905593700068805e+18,0.07905593700068804,1.0,0.0,0.8333333333333334,,0.0,1.6666666666666668e+18,18.221848749616356,115,1,bound_mass_fraction,random_forest,raw,0.18257689210875355,0.02333208764405134,0.19492236729377327,0.19711255603886896,0.002190188745095689,0.023219544997992527,62,True,True,False,False,False,False,medium_confidence_screening
Ma_xp_A2000_n60_r14_v00_90000_fof_0.0059_0000.hdf5,Ma_xp_A2000_n60_r14_v00_90000.hdf5,A2000,n60,r14,v00,,90000,0.0059,131,105973,9.986356727338226e+19,47,1.778843310226949e+19,0.1781273550300144,2.5799089162196116e+18,84,8.207513417111278e+19,0.8218726449699857,1.0563352429414703e+19,2000,none,,none,False,60,14,0,0,20.0,1e+20,1.7781512503836436,1.4,0.0,,0,True,1.0563352429414703e+19,0.10563352429414703,1.0,0.0,0.7142857142857143,,0.0,1.6666666666666668e+18,18.221848749616356,116,2,bound_mass_fraction,random_forest,raw,0.1786016740986002,-0.0004743190685858045,0.1809802015726665,0.1794668833710977,0.001513318201568803,0.030660771438038546,20,True,True,False,False,False,False,medium_confidence_screening
Ma_xp_A2000_n60_r16_v00_90000_fof_0.0059_0000.hdf5,Ma_xp_A2000_n60_r16_v00_90000.hdf5,A2000,n60,r16,v00,,90000,0.0059,87,276815,9.988838750824151e+19,24,1.4231464175359402e+19,0.1424736601557934,4.137004858586395e+18,63,8.56569233328821e+19,0.8575263398442065,2.7592824613299204e+19,2000,none,,none,False,60,16,0,0,20.0,1e+20,1.7781512503836436,1.6,0.0,,0,True,2.7592824613299204e+19,0.27592824613299205,1.0,0.0,0.625,,0.0,1.6666666666666668e+18,18.221848749616356,117,3,bound_mass_fraction,random_forest,raw,0.14721778467642715,-0.004744124520633747,0.14752331225243973,0.14454427893845836,0.0029790333139813607,0.028372849741956824,65,True,True,False,False,False,False,medium_confidence_screening
Ma_xp_A2000_n65_r11_v00_90000_fof_0.0010_0000.hdf5,Ma_xp_A2000_n65_r11_v00_90000.hdf5,A2000,n65,r11,v00,,90000,0.001,0,0,0.0,0,0.0,0.0,0.0,0,0.0,0.0,0.0,2000,none,,none,False,65,11,0,0,20.0,1e+20,1.8129133566428555,1.1,0.0,,0,False,0.0,0.0,1.0,0.0,0.9090909090909091,,0.0,1.5384615384615386e+18,18.187086643357144,118,1,bound_mass_fraction,random_forest,raw,0.05507419939217236,-0.05507419939217236,0.03619945525764763,0.009809072076817749,0.026390383180829882,0.023219544997992527,11,True,True,False,False,False,False,low_confidence_sph_required
Ma_xp_A2000_n65_r11_v00_90000_fof_0.0020_0000.hdf5,Ma_xp_A2000_n65_r11_v00_90000.hdf5,A2000,n65,r11,v00,,90000,0.002,6441,12989,1.3072756654055838e+19,1650,3.1050530183864156e+18,0.2375209070707416,5.2463717104166344e+16,4791,9.967703635669422e+18,0.7624790929292584,4.022734483269132e+17,2000,none,,none,False,65,11,0,0,20.0,1e+20,1.8129133566428555,1.1,0.0,,0,True,4.022734483269132e+17,0.004022734483269132,1.0,0.0,0.9090909090909091,,0.0,1.5384615384615386e+18,18.187086643357144,119,1,bound_mass_fraction,random_forest,raw,0.18911980665290118,0.04840110041784043,0.20212835852478223,0.22518781104357427,0.023059452518792045,0.023219544997992527,11,True,True,False,False,False,False,low_confidence_sph_required
Ma_xp_A2000_n65_r11_v00_90000_fof_0.0030_0000.hdf5,Ma_xp_A2000_n65_r11_v00_90000.hdf5,A2000,n65,r11,v00,,90000,0.003,359,155562,9.984898355698949e+19,106,1.9920324726922043e+19,0.1995045319169662,1.886804626408266e+18,253,7.992865883006743e+19,0.8004954680830338,4.817804462904375e+18,2000,none,,none,False,65,11,0,0,20.0,1e+20,1.8129133566428555,1.1,0.0,,0,True,4.817804462904375e+18,0.04817804462904375,1.0,0.0,0.9090909090909091,,0.0,1.5384615384615386e+18,18.187086643357144,120,1,bound_mass_fraction,random_forest,raw,0.19564942589511028,0.0038551060218559308,0.1960858700090056,0.18945560629195182,0.006630263717053775,0.023219544997992527,11,True,True,False,False,False,False,medium_confidence_screening
Ma_xp_A2000_n65_r11_v00_90000_fof_0.0035_0000.hdf5,Ma_xp_A2000_n65_r11_v00_90000.hdf5,A2000,n65,r11,v00,,90000,0.0035,360,155577,9.986713216278825e+19,106,1.992456766035963e+19,0.1995107622383871,1.8868665670423913e+18,254,7.99425645024286e+19,0.8004892377616128,4.818269017660323e+18,2000,none,,none,False,65,11,0,0,20.0,1e+20,1.8129133566428555,1.1,0.0,,0,True,4.818269017660323e+18,0.048182690176603225,1.0,0.0,0.9090909090909091,,0.0,1.5384615384615386e+18,18.187086643357144,121,1,bound_mass_fraction,random_forest,raw,0.1959466809003127,0.0035640813380743985,0.19641711882100407,0.20076013386655245,0.004343015045548376,0.023219544997992527,11,True,True,False,False,False,False,medium_confidence_screening
Ma_xp_A2000_n65_r11_v00_90000_fof_0.0040_0000.hdf5,Ma_xp_A2000_n65_r11_v00_90000.hdf5,A2000,n65,r11,v00,,90000,0.004,361,155578,9.98769497532971e+19,106,1.992676655287108e+19,0.1995131669728757,1.8868665670423913e+18,255,7.9950183200426e+19,0.8004868330271242,4.818299987977386e+18,2000,none,,none,False,65,11,0,0,20.0,1e+20,1.8129133566428555,1.1,0.0,,0,True,4.818299987977386e+18,0.04818299987977386,1.0,0.0,0.9090909090909091,,0.0,1.5384615384615386e+18,18.187086643357144,122,1,bound_mass_fraction,random_forest,raw,0.1960384090866722,0.0034747578862034945,0.19636884405664146,0.20403495409855302,0.007666110041911561,0.023219544997992527,11,True,True,False,False,False,False,medium_confidence_screening
Ma_xp_A2000_n65_r11_v00_90000_fof_0.0045_0000.hdf5,Ma_xp_A2000_n65_r11_v00_90000.hdf5,A2000,n65,r11,v00,,90000,0.0045,361,155580,9.988202888529537e+19,106,1.9928005365553582e+19,0.1995154242255023,1.8868665670423913e+18,255,7.99540235197418e+19,0.8004845757744978,4.818361928611512e+18,2000,none,,none,False,65,11,0,0,20.0,1e+20,1.8129133566428555,1.1,0.0,,0,True,4.818361928611512e+18,0.04818361928611512,1.0,0.0,0.9090909090909091,,0.0,1.5384615384615386e+18,18.187086643357144,123,1,bound_mass_fraction,random_forest,raw,0.1967432426920909,0.002772181533411411,0.1958262884618631,0.20403495409855302,0.008208665636689927,0.023219544997992527,11,True,True,False,False,False,False,medium_confidence_screening
Ma_xp_A2000_n65_r11_v00_90000_fof_0.0050_0000.hdf5,Ma_xp_A2000_n65_r11_v00_90000.hdf5,A2000,n65,r11,v00,,90000,0.005,362,155581,9.988633375936709e+19,107,1.992955388140672e+19,0.199522328343919,1.8868665670423913e+18,255,7.995677987796037e+19,0.8004776716560811,4.818392898928575e+18,2000,none,,none,False,65,11,0,0,20.0,1e+20,1.8129133566428555,1.1,0.0,,0,True,4.818392898928575e+18,0.04818392898928576,1.0,0.0,0.9090909090909091,,0.0,1.5384615384615386e+18,18.187086643357144,124,1,bound_mass_fraction,random_forest,raw,0.19703343791443123,0.0024888904294877723,0.19606603774666062,0.20403495409855302,0.007968916351892397,0.023219544997992527,11,True,True,False,False,False,False,medium_confidence_screening
Ma_xp_A2000_n65_r11_v00_90000_fof_0.0060_0000.hdf5,Ma_xp_A2000_n65_r11_v00_90000.hdf5,A2000,n65,r11,v00,,90000,0.006,361,155581,9.989197035707246e+19,106,1.9930544931552723e+19,0.1995209911298102,1.8868665670423913e+18,255,7.996142542551974e+19,0.8004790088701897,4.818392898928575e+18,2000,none,,none,False,65,11,0,0,20.0,1e+20,1.8129133566428555,1.1,0.0,,0,True,4.818392898928575e+18,0.04818392898928576,1.0,0.0,0.9090909090909091,,0.0,1.5384615384615386e+18,18.187086643357144,125,1,bound_mass_fraction,random_forest,raw,0.19733632444452556,0.0021846666852846364,0.19559545040584764,0.20403495409855302,0.00843950369270538,0.023219544997992527,11,True,True,False,False,False,False,medium_confidence_screening
Ma_xp_A2000_n65_r11_v00_90000_fof_0.0080_0000.hdf5,Ma_xp_A2000_n65_r11_v00_90000.hdf5,A2000,n65,r11,v00,,90000,0.008,361,155581,9.98994032331675e+19,105,1.993178374423522e+19,0.1995185466495128,1.8868665670423913e+18,256,7.996761948893227e+19,0.800481453350487,4.818392898928575e+18,2000,none,,none,False,65,11,0,0,20.0,1e+20,1.8129133566428555,1.1,0.0,,0,True,4.818392898928575e+18,0.04818392898928576,1.0,0.0,0.9090909090909091,,0.0,1.5384615384615386e+18,18.187086643357144,126,1,bound_mass_fraction,random_forest,raw,0.197625256625973,0.001893290023539801,0.19670934293834536,0.20403495409855302,0.007325611160207662,0.023219544997992527,11,True,True,False,False,False,False,medium_confidence_screening
Ma_xp_A2000_n65_r12_v00_90000_fof_0.0010_0000.hdf5,Ma_xp_A2000_n65_r12_v00_90000.hdf5,A2000,n65,r12,v00,,90000,0.001,0,0,0.0,0,0.0,0.0,0.0,0,0.0,0.0,0.0,2000,none,,none,False,65,12,0,0,20.0,1e+20,1.8129133566428555,1.2,0.0,,0,False,0.0,0.0,1.0,0.0,0.8333333333333334,,0.0,1.5384615384615386e+18,18.187086643357144,127,0,bound_mass_fraction,random_forest,raw,0.04550059302898682,-0.04550059302898682,0.025271983281505477,0.009809072076817749,0.015462911204687728,0.026810536987400938,62,True,True,False,False,False,False,low_confidence_sph_required
Ma_xp_A2000_n65_r12_v00_90000_fof_0.0020_0000.hdf5,Ma_xp_A2000_n65_r12_v00_90000.hdf5,A2000,n65,r12,v00,,90000,0.002,6136,7126,1.273177346319602e+19,1632,2.998484157373762e+18,0.2355118998968633,7.439070158453811e+16,4504,9.733289305822255e+18,0.7644881001031367,2.206944793885611e+17,2000,none,,none,False,65,12,0,0,20.0,1e+20,1.8129133566428555,1.2,0.0,,0,True,2.206944793885611e+17,0.002206944793885611,1.0,0.0,0.8333333333333334,,0.0,1.5384615384615386e+18,18.187086643357144,128,0,bound_mass_fraction,random_forest,raw,0.14630958682338321,0.08920231307348009,0.1909063534312808,0.22518781104357427,0.03428145761229348,0.026810536987400938,62,True,True,False,False,False,False,low_confidence_sph_required
Ma_xp_A2000_n65_r12_v00_90000_fof_0.0030_0000.hdf5,Ma_xp_A2000_n65_r12_v00_90000.hdf5,A2000,n65,r12,v00,,90000,0.003,330,211464,9.984117903713449e+19,107,1.8754509081732338e+19,0.1878434255544685,2.4343598320760243e+18,223,8.108666995540212e+19,0.8121565744455314,6.549107127369593e+18,2000,none,,none,False,65,12,0,0,20.0,1e+20,1.8129133566428555,1.2,0.0,,0,True,6.549107127369593e+18,0.06549107127369592,1.0,0.0,0.8333333333333334,,0.0,1.5384615384615386e+18,18.187086643357144,129,0,bound_mass_fraction,random_forest,raw,0.18323920840065552,0.004604217153812984,0.18881451278461087,0.18249902750443406,0.006315485280176808,0.026810536987400938,62,True,True,False,False,False,False,medium_confidence_screening
Ma_xp_A2000_n65_r12_v00_90000_fof_0.0035_0000.hdf5,Ma_xp_A2000_n65_r12_v00_90000.hdf5,A2000,n65,r12,v00,,90000,0.0035,332,211504,9.986189817924942e+19,106,1.8759309480877048e+19,0.1878525225627555,2.4344527430272123e+18,226,8.110258869837236e+19,0.8121474774372442,6.55034594005212e+18,2000,none,,none,False,65,12,0,0,20.0,1e+20,1.8129133566428555,1.2,0.0,,0,True,6.55034594005212e+18,0.0655034594005212,1.0,0.0,0.8333333333333334,,0.0,1.5384615384615386e+18,18.187086643357144,130,0,bound_mass_fraction,random_forest,raw,0.1871163370124252,0.0007361855503303094,0.18930776144190337,0.19715271722441097,0.007844955782507601,0.026810536987400938,62,True,True,False,False,False,False,medium_confidence_screening
Ma_xp_A2000_n65_r12_v00_90000_fof_0.0040_0000.hdf5,Ma_xp_A2000_n65_r12_v00_90000.hdf5,A2000,n65,r12,v00,,90000,0.004,334,211522,9.987190159166066e+19,108,1.876253039385157e+19,0.187865957239551,2.434483713344275e+18,226,8.11093711978091e+19,0.8121340427604491,6.550903405759257e+18,2000,none,,none,False,65,12,0,0,20.0,1e+20,1.8129133566428555,1.2,0.0,,0,True,6.550903405759257e+18,0.06550903405759256,1.0,0.0,0.8333333333333334,,0.0,1.5384615384615386e+18,18.187086643357144,131,0,bound_mass_fraction,random_forest,raw,0.18783030054803354,3.5656691517449435e-05,0.18917964592140346,0.19877252859325642,0.00959288267185296,0.026810536987400938,62,True,True,False,False,False,False,medium_confidence_screening
Ma_xp_A2000_n65_r12_v00_90000_fof_0.0045_0000.hdf5,Ma_xp_A2000_n65_r12_v00_90000.hdf5,A2000,n65,r12,v00,,90000,0.0045,336,211535,9.987821953634143e+19,110,1.876525578175309e+19,0.1878813606096092,2.4345146836613376e+18,226,8.111296375458839e+19,0.812118639390391,6.551306019881078e+18,2000,none,,none,False,65,12,0,0,20.0,1e+20,1.8129133566428555,1.2,0.0,,0,True,6.551306019881078e+18,0.06551306019881077,1.0,0.0,0.8333333333333334,,0.0,1.5384615384615386e+18,18.187086643357144,132,0,bound_mass_fraction,random_forest,raw,0.1879725354462454,-9.117483663620418e-05,0.1895469326894674,0.19877252859325642,0.009225595903789019,0.026810536987400938,62,True,True,False,False,False,False,medium_confidence_screening
Ma_xp_A2000_n65_r12_v00_90000_fof_0.0050_0000.hdf5,Ma_xp_A2000_n65_r12_v00_90000.hdf5,A2000,n65,r12,v00,,90000,0.005,335,211538,9.988196694470604e+19,110,1.876671138665503e+19,0.1878888848579058,2.4345146836613376e+18,225,8.1115255558051e+19,0.8121111151420941,6.551398930832267e+18,2000,none,,none,False,65,12,0,0,20.0,1e+20,1.8129133566428555,1.2,0.0,,0,True,6.551398930832267e+18,0.06551398930832267,1.0,0.0,0.8333333333333334,,0.0,1.5384615384615386e+18,18.187086643357144,133,0,bound_mass_fraction,random_forest,raw,0.18866960579616848,-0.0007807209382626745,0.19029369423234788,0.19877252859325642,0.008478834360908544,0.026810536987400938,62,True,True,False,False,False,False,medium_confidence_screening
Ma_xp_A2000_n65_r12_v00_90000_fof_0.0060_0000.hdf5,Ma_xp_A2000_n65_r12_v00_90000.hdf5,A2000,n65,r12,v00,,90000,0.006,335,211547,9.988887332541102e+19,110,1.876829087282523e+19,0.1878917065335515,2.4345456539784003e+18,225,8.112058245258579e+19,0.8121082934664484,6.551677663685836e+18,2000,none,,none,False,65,12,0,0,20.0,1e+20,1.8129133566428555,1.2,0.0,,0,True,6.551677663685836e+18,0.06551677663685836,1.0,0.0,0.8333333333333334,,0.0,1.5384615384615386e+18,18.187086643357144,134,0,bound_mass_fraction,random_forest,raw,0.18905445909034027,-0.0011627525567887709,0.19038106646250755,0.19877252859325642,0.008391462130748872,0.026810536987400938,62,True,True,False,False,False,False,medium_confidence_screening
Ma_xp_A2000_n65_r12_v00_90000_fof_0.0080_0000.hdf5,Ma_xp_A2000_n65_r12_v00_90000.hdf5,A2000,n65,r12,v00,,90000,0.008,335,211562,9.989633717182312e+19,110,1.876990132931249e+19,0.1878937893090914,2.4345456539784003e+18,225,8.112643584251064e+19,0.8121062106909087,6.552142218441783e+18,2000,none,,none,False,65,12,0,0,20.0,1e+20,1.8129133566428555,1.2,0.0,,0,True,6.552142218441783e+18,0.06552142218441784,1.0,0.0,0.8333333333333334,,0.0,1.5384615384615386e+18,18.187086643357144,135,0,bound_mass_fraction,random_forest,raw,0.18853917921064026,-0.0006453899015488596,0.1922216949881798,0.19877252859325642,0.006550833605076634,0.026810536987400938,62,True,True,False,False,False,False,medium_confidence_screening
Ma_xp_A2000_n65_r12_v02_90000_fof_0.0040_0000.hdf5,Ma_xp_A2000_n65_r12_v02_90000.hdf5,A2000,n65,r12,v02,,90000,0.004,356,177400,9.98618672089192e+19,99,1.7347155933770906e+19,0.1737115118975218,2.3802546881675643e+18,257,8.251471127514828e+19,0.8262884881024782,5.494134246929838e+18,2000,none,,none,False,65,12,2,0,20.0,1e+20,1.8129133566428555,1.2,0.2,,0,True,5.494134246929838e+18,0.05494134246929838,1.0037987903812355,0.04000000000000001,0.8333333333333334,,0.24,1.5384615384615386e+18,18.187086643357144,136,2,bound_mass_fraction,random_forest,raw,0.1822517672056688,-0.008540255308147005,0.1784425263696604,0.1992656650130531,0.02082313864339269,0.030660771438038546,62,True,True,False,False,False,False,low_confidence_sph_required
Ma_xp_A2000_n65_r12_v04_90000_fof_0.0040_0000.hdf5,Ma_xp_A2000_n65_r12_v04_90000.hdf5,A2000,n65,r12,v04,,90000,0.004,328,255232,9.987567997038164e+19,70,1.4377505141583843e+19,0.1439540150900351,2.1626882108024056e+18,258,8.54981748287978e+19,0.8560459849099649,7.90461596459033e+18,2000,none,,none,False,65,12,4,0,20.0,1e+20,1.8129133566428555,1.2,0.4,,0,True,7.90461596459033e+18,0.0790461596459033,1.0151951615249424,0.16000000000000003,0.8333333333333334,,0.48,1.5384615384615386e+18,18.187086643357144,137,4,bound_mass_fraction,random_forest,raw,0.15016080984441732,-0.006206794754382211,0.14846626895013687,0.1641577168312474,0.015691447881110543,0.01826113719012749,62,True,True,False,False,False,False,low_confidence_sph_required
Ma_xp_A2000_n65_r12_v06_90000_fof_0.0040_0000.hdf5,Ma_xp_A2000_n65_r12_v06_90000.hdf5,A2000,n65,r12,v06,,90000,0.004,294,267899,9.98761445252154e+19,43,7.387442639907464e+18,0.0739660373858582,1.8590552223201265e+18,251,9.248870188530791e+19,0.9260339626141416,8.296916970829479e+18,2000,none,,none,False,65,12,6,0,20.0,1e+20,1.8129133566428555,1.2,0.6,,0,False,8.296916970829479e+18,0.0829691697082948,1.0341891134311205,0.36,0.8333333333333334,,0.72,1.5384615384615386e+18,18.187086643357144,138,4,bound_mass_fraction,random_forest,raw,0.10032022362640815,-0.026354186240549943,0.09705730153412849,0.10613156562949079,0.0090742640953623,0.01826113719012749,62,True,True,False,False,True,False,low_confidence_sph_required
Ma_xp_A2000_n65_r12_v08_90000_fof_0.0040_0000.hdf5,Ma_xp_A2000_n65_r12_v08_90000.hdf5,A2000,n65,r12,v08,,90000,0.004,314,278860,9.9879334467943e+19,4,8.907682593562328e+17,0.0089184440815645,8.008304586062333e+17,310,9.898856620858678e+19,0.9910815559184356,8.636382616158863e+18,2000,none,,none,False,65,12,8,0,20.0,1e+20,1.8129133566428555,1.2,0.8,,0,False,8.636382616158863e+18,0.08636382616158864,1.06078064609977,0.6400000000000001,0.8333333333333334,,0.96,1.5384615384615386e+18,18.187086643357144,139,3,bound_mass_fraction,random_forest,raw,0.041819441242478564,-0.03290099716091406,0.02477437234483496,0.01049979430032793,0.014274578044507028,0.028372849741956824,62,True,True,False,False,False,False,low_confidence_sph_required
Ma_xp_A2000_n65_r12_v10_90000_fof_0.0040_0000.hdf5,Ma_xp_A2000_n65_r12_v10_90000.hdf5,A2000,n65,r12,v10,,90000,0.004,274,345039,9.989258976366952e+19,0,0.0,0.0,0.0,274,9.989258976366952e+19,1.0,1.06859672290339e+19,2000,none,,none,False,65,12,10,0,20.0,1e+20,1.8129133566428555,1.2,1.0,,0,False,1.06859672290339e+19,0.106859672290339,1.0949697595308905,1.0,0.8333333333333334,,1.2,1.5384615384615386e+18,18.187086643357144,140,2,bound_mass_fraction,random_forest,raw,0.00818794525365991,-0.00818794525365991,0.004938410749846303,-0.002296413572238413,0.007234824322084716,0.030660771438038546,62,True,True,False,False,False,False,medium_confidence_screening
Ma_xp_A2000_n65_r12_v12_90000_fof_0.0040_0000.hdf5,Ma_xp_A2000_n65_r12_v12_90000.hdf5,A2000,n65,r12,v12,,90000,0.004,225,353250,9.989934129274384e+19,0,0.0,0.0,0.0,225,9.989934129274384e+19,1.0,1.0940264502431164e+19,2000,none,,none,False,65,12,12,0,20.0,1e+20,1.8129133566428555,1.2,1.2,,0,False,1.0940264502431164e+19,0.10940264502431164,1.136756453724482,1.44,0.8333333333333334,,1.44,1.5384615384615386e+18,18.187086643357144,141,1,bound_mass_fraction,random_forest,raw,0.003943326122934322,-0.003943326122934322,0.0011342960293457144,-0.003521831806617026,0.00465612783596274,0.023219544997992527,62,True,True,False,False,False,False,medium_confidence_screening
Ma_xp_A2000_n65_r12_v14_90000_fof_0.0040_0000.hdf5,Ma_xp_A2000_n65_r12_v14_90000.hdf5,A2000,n65,r12,v14,,90000,0.004,211,756809,9.98869531656673e+19,0,0.0,0.0,0.0,211,9.98869531656673e+19,1.0,2.3438614685712937e+19,2000,none,,none,False,65,12,14,0,20.0,1e+20,1.8129133566428555,1.2,1.4,,0,False,2.3438614685712937e+19,0.23438614685712936,1.1861407286805452,1.9599999999999997,0.8333333333333334,,1.68,1.5384615384615386e+18,18.187086643357144,142,0,bound_mass_fraction,random_forest,raw,0.001976912110863753,-0.001976912110863753,0.0007363128940347125,-0.0005623301919546015,0.0012986430859893141,0.026810536987400938,62,True,True,False,False,False,False,medium_confidence_screening
Ma_xp_A2000_n65_r12_v16_90000_fof_0.0040_0000.hdf5,Ma_xp_A2000_n65_r12_v16_90000.hdf5,A2000,n65,r12,v16,,90000,0.004,165,701086,9.990875626883205e+19,0,0.0,0.0,0.0,165,9.990875626883205e+19,1.0,2.1712855708059087e+19,2000,none,,none,False,65,12,16,0,20.0,1e+20,1.8129133566428555,1.2,1.6,,0,False,2.1712855708059087e+19,0.21712855708059087,1.2431225843990794,2.5600000000000005,0.8333333333333334,,1.92,1.5384615384615386e+18,18.187086643357144,143,4,bound_mass_fraction,random_forest,raw,0.0021456097673155598,-0.0021456097673155598,0.0006972818393522403,-0.0005623301919546015,0.001259612031306842,0.01826113719012749,62,True,True,False,False,False,False,medium_confidence_screening
Ma_xp_A2000_n65_r13_v00_90000_fof_0.0010_0000.hdf5,Ma_xp_A2000_n65_r13_v00_90000.hdf5,A2000,n65,r13,v00,,90000,0.001,0,0,0.0,0,0.0,0.0,0.0,0,0.0,0.0,0.0,2000,none,,none,False,65,13,0,0,20.0,1e+20,1.8129133566428555,1.3,0.0,,0,False,0.0,0.0,1.0,0.0,0.7692307692307692,,0.0,1.5384615384615386e+18,18.187086643357144,144,0,bound_mass_fraction,random_forest,raw,0.04403278825738168,-0.04403278825738168,0.025229908462356385,0.009809072076817749,0.015420836385538636,0.026810536987400938,11,True,True,False,False,False,False,low_confidence_sph_required
Ma_xp_A2000_n65_r13_v00_90000_fof_0.0020_0000.hdf5,Ma_xp_A2000_n65_r13_v00_90000.hdf5,A2000,n65,r13,v00,,90000,0.002,6178,11571,1.235951025210257e+19,1496,2.8933709012630467e+18,0.2341007727851379,1.517855239241515e+17,4682,9.46613935083952e+18,0.7658992272148619,3.58357538732067e+17,2000,none,,none,False,65,13,0,0,20.0,1e+20,1.8129133566428555,1.3,0.0,,0,True,3.58357538732067e+17,0.00358357538732067,1.0,0.0,0.7692307692307692,,0.0,1.5384615384615386e+18,18.187086643357144,145,0,bound_mass_fraction,random_forest,raw,0.18109542668206877,0.053005346103069145,0.2076493317324612,0.22518781104357427,0.017538479311113075,0.026810536987400938,11,True,True,False,False,False,False,low_confidence_sph_required
Ma_xp_A2000_n65_r13_v00_90000_fof_0.0030_0000.hdf5,Ma_xp_A2000_n65_r13_v00_90000.hdf5,A2000,n65,r13,v00,,90000,0.003,354,215030,9.98419532950584e+19,110,2.027196170685139e+19,0.2030405159136117,3.4376432533207654e+18,244,7.9569991588207e+19,0.7969594840863881,6.65954727801685e+18,2000,none,,none,False,65,13,0,0,20.0,1e+20,1.8129133566428555,1.3,0.0,,0,True,6.65954727801685e+18,0.0665954727801685,1.0,0.0,0.7692307692307692,,0.0,1.5384615384615386e+18,18.187086643357144,146,0,bound_mass_fraction,random_forest,raw,0.18015589631878426,0.022884619594827432,0.19553816694608506,0.18131880000439074,0.014219366941694317,0.026810536987400938,11,True,True,False,False,False,False,low_confidence_sph_required
Ma_xp_A2000_n65_r13_v00_90000_fof_0.0035_0000.hdf5,Ma_xp_A2000_n65_r13_v00_90000.hdf5,A2000,n65,r13,v00,,90000,0.0035,350,215033,9.985901793975994e+19,109,2.0276452402825466e+19,0.2030507892142225,3.4376432533207654e+18,241,7.958256553693446e+19,0.7969492107857773,6.659640188968039e+18,2000,none,,none,False,65,13,0,0,20.0,1e+20,1.8129133566428555,1.3,0.0,,0,True,6.659640188968039e+18,0.0665964018896804,1.0,0.0,0.7692307692307692,,0.0,1.5384615384615386e+18,18.187086643357144,147,0,bound_mass_fraction,random_forest,raw,0.18378623139983244,0.01926455781439007,0.19602974161133943,0.19715271722441097,0.0011229756130715363,0.026810536987400938,11,True,True,False,False,False,False,medium_confidence_screening
Ma_xp_A2000_n65_r13_v00_90000_fof_0.0040_0000.hdf5,Ma_xp_A2000_n65_r13_v00_90000.hdf5,A2000,n65,r13,v00,,90000,0.004,350,215035,9.98671631331474e+19,109,2.0278744206288105e+19,0.2030571768545339,3.4377361642719534e+18,241,7.95884189268593e+19,0.7969428231454662,6.659702129602166e+18,2000,none,,none,False,65,13,0,0,20.0,1e+20,1.8129133566428555,1.3,0.0,,0,True,6.659702129602166e+18,0.06659702129602166,1.0,0.0,0.7692307692307692,,0.0,1.5384615384615386e+18,18.187086643357144,148,0,bound_mass_fraction,random_forest,raw,0.18485842551001672,0.018198751344517178,0.19653874907297988,0.19877252859325642,0.0022337795202765354,0.026810536987400938,11,True,True,False,False,False,False,medium_confidence_screening
Ma_xp_A2000_n65_r13_v00_90000_fof_0.0045_0000.hdf5,Ma_xp_A2000_n65_r13_v00_90000.hdf5,A2000,n65,r13,v00,,90000,0.0045,351,215035,9.987276876053576e+19,109,2.0280509514360672e+19,0.203063455294677,3.4377361642719534e+18,242,7.959225924617508e+19,0.7969365447053228,6.659702129602166e+18,2000,none,,none,False,65,13,0,0,20.0,1e+20,1.8129133566428555,1.3,0.0,,0,True,6.659702129602166e+18,0.06659702129602166,1.0,0.0,0.7692307692307692,,0.0,1.5384615384615386e+18,18.187086643357144,149,0,bound_mass_fraction,random_forest,raw,0.18503322881332587,0.018030226481351136,0.19672779552460395,0.19877252859325642,0.0020447330686524656,0.026810536987400938,11,True,True,False,False,False,False,medium_confidence_screening
Ma_xp_A2000_n65_r13_v00_90000_fof_0.0050_0000.hdf5,Ma_xp_A2000_n65_r13_v00_90000.hdf5,A2000,n65,r13,v00,,90000,0.005,351,215035,9.987614452509558e+19,109,2.0281066980067803e+19,0.2030621734199185,3.4377361642719534e+18,242,7.95950775450278e+19,0.7969378265800816,6.659702129602166e+18,2000,none,,none,False,65,13,0,0,20.0,1e+20,1.8129133566428555,1.3,0.0,,0,True,6.659702129602166e+18,0.06659702129602166,1.0,0.0,0.7692307692307692,,0.0,1.5384615384615386e+18,18.187086643357144,150,0,bound_mass_fraction,random_forest,raw,0.1858900981173441,0.01717207530257439,0.19684060383272037,0.19877252859325642,0.0019319247605360523,0.026810536987400938,11,True,True,False,False,False,False,medium_confidence_screening
Ma_xp_A2000_n65_r13_v00_90000_fof_0.0060_0000.hdf5,Ma_xp_A2000_n65_r13_v00_90000.hdf5,A2000,n65,r13,v00,,90000,0.006,353,215035,9.988370128245886e+19,110,2.028348266479869e+19,0.2030709956115812,3.4380768377596426e+18,243,7.96002186176602e+19,0.7969290043884191,6.659702129602166e+18,2000,none,,none,False,65,13,0,0,20.0,1e+20,1.8129133566428555,1.3,0.0,,0,True,6.659702129602166e+18,0.06659702129602166,1.0,0.0,0.7692307692307692,,0.0,1.5384615384615386e+18,18.187086643357144,151,0,bound_mass_fraction,random_forest,raw,0.1862136730195953,0.016857322591985913,0.19621050082949454,0.19877252859325642,0.0025620277637618816,0.026810536987400938,11,True,True,False,False,False,False,medium_confidence_screening
Ma_xp_A2000_n65_r13_v00_90000_fof_0.0080_0000.hdf5,Ma_xp_A2000_n65_r13_v00_90000.hdf5,A2000,n65,r13,v00,,90000,0.008,353,215036,9.988986437555434e+19,110,2.0284752447798264e+19,0.2030711781881493,3.4380768377596426e+18,243,7.960511192775608e+19,0.7969288218118507,6.659733099919229e+18,2000,none,,none,False,65,13,0,0,20.0,1e+20,1.8129133566428555,1.3,0.0,,0,True,6.659733099919229e+18,0.0665973309991923,1.0,0.0,0.7692307692307692,,0.0,1.5384615384615386e+18,18.187086643357144,152,0,bound_mass_fraction,random_forest,raw,0.18587172555393533,0.017199452634213963,0.1972403542973536,0.19877252859325642,0.0015321742959028273,0.026810536987400938,11,True,True,False,False,False,False,medium_confidence_screening
Ma_xp_A2000_n65_r14_v00_90000_fof_0.0010_0000.hdf5,Ma_xp_A2000_n65_r14_v00_90000.hdf5,A2000,n65,r14,v00,,90000,0.001,0,0,0.0,0,0.0,0.0,0.0,0,0.0,0.0,0.0,2000,none,,none,False,65,14,0,0,20.0,1e+20,1.8129133566428555,1.4,0.0,,0,False,0.0,0.0,1.0,0.0,0.7142857142857143,,0.0,1.5384615384615386e+18,18.187086643357144,153,1,bound_mass_fraction,random_forest,raw,0.04521315185464423,-0.04521315185464423,0.02314682203487609,0.009809072076817749,0.01333774995805834,0.023219544997992527,20,True,True,False,False,False,False,low_confidence_sph_required
Ma_xp_A2000_n65_r14_v00_90000_fof_0.0020_0000.hdf5,Ma_xp_A2000_n65_r14_v00_90000.hdf5,A2000,n65,r14,v00,,90000,0.002,5849,14791,1.208585653053645e+19,1443,2.700921351035611e+18,0.223477859778609,5.224692488472764e+16,4406,9.384935179500837e+18,0.7765221402213908,4.580819596738193e+17,2000,none,,none,False,65,14,0,0,20.0,1e+20,1.8129133566428555,1.4,0.0,,0,True,4.580819596738193e+17,0.0045808195967381934,1.0,0.0,0.7142857142857143,,0.0,1.5384615384615386e+18,18.187086643357144,154,1,bound_mass_fraction,random_forest,raw,0.17730446468162392,0.04617339509698509,0.19697958601818435,0.21922230653960414,0.02224272052141979,0.023219544997992527,20,True,True,False,False,False,False,low_confidence_sph_required
Ma_xp_A2000_n65_r14_v00_90000_fof_0.0030_0000.hdf5,Ma_xp_A2000_n65_r14_v00_90000.hdf5,A2000,n65,r14,v00,,90000,0.003,294,259332,9.985731457240174e+19,92,1.833507807775252e+19,0.1836127694427295,2.720432650783778e+18,202,8.152223649464921e+19,0.8163872305572704,8.031594264549319e+18,2000,none,,none,False,65,14,0,0,20.0,1e+20,1.8129133566428555,1.4,0.0,,0,True,8.031594264549319e+18,0.08031594264549319,1.0,0.0,0.7142857142857143,,0.0,1.5384615384615386e+18,18.187086643357144,155,1,bound_mass_fraction,random_forest,raw,0.1756157938998771,0.007996975542852391,0.18172830098365003,0.1814520982581252,0.0002762027255248378,0.023219544997992527,20,True,True,False,False,False,False,medium_confidence_screening
Ma_xp_A2000_n65_r14_v00_90000_fof_0.0035_0000.hdf5,Ma_xp_A2000_n65_r14_v00_90000.hdf5,A2000,n65,r14,v00,,90000,0.0035,292,259335,9.987066277905572e+19,91,1.8339166159604791e+19,0.183629162451606,2.720773324271467e+18,201,8.153149661945096e+19,0.8163708375483941,8.031687175500508e+18,2000,none,,none,False,65,14,0,0,20.0,1e+20,1.8129133566428555,1.4,0.0,,0,True,8.031687175500508e+18,0.08031687175500508,1.0,0.0,0.7142857142857143,,0.0,1.5384615384615386e+18,18.187086643357144,156,1,bound_mass_fraction,random_forest,raw,0.1759740659367867,0.007655096514819298,0.18208439232034387,0.18772455770428673,0.005640165383942852,0.023219544997992527,20,True,True,False,False,False,False,medium_confidence_screening
Ma_xp_A2000_n65_r14_v00_90000_fof_0.0040_0000.hdf5,Ma_xp_A2000_n65_r14_v00_90000.hdf5,A2000,n65,r14,v00,,90000,0.004,291,259346,9.987821953641905e+19,91,1.83411482598968e+19,0.1836351142924507,2.721578552515096e+18,200,8.153707127652224e+19,0.8163648857075492,8.032027848988203e+18,2000,none,,none,False,65,14,0,0,20.0,1e+20,1.8129133566428555,1.4,0.0,,0,True,8.032027848988203e+18,0.08032027848988203,1.0,0.0,0.7142857142857143,,0.0,1.5384615384615386e+18,18.187086643357144,157,1,bound_mass_fraction,random_forest,raw,0.1761618019209512,0.00747331237149948,0.18179726412583921,0.18934436907313218,0.007547104947292965,0.023219544997992527,20,True,True,False,False,False,False,medium_confidence_screening
Ma_xp_A2000_n65_r14_v00_90000_fof_0.0045_0000.hdf5,Ma_xp_A2000_n65_r14_v00_90000.hdf5,A2000,n65,r14,v00,,90000,0.0045,293,259346,9.988370128253914e+19,91,1.834278968670112e+19,0.1836414695408134,2.7217334041004093e+18,202,8.154091159583801e+19,0.8163585304591865,8.032027848988203e+18,2000,none,,none,False,65,14,0,0,20.0,1e+20,1.8129133566428555,1.4,0.0,,0,True,8.032027848988203e+18,0.08032027848988203,1.0,0.0,0.7142857142857143,,0.0,1.5384615384615386e+18,18.187086643357144,158,1,bound_mass_fraction,random_forest,raw,0.17753320142928497,0.006108268111528425,0.18208010039793193,0.18934436907313218,0.007264268675200247,0.023219544997992527,20,True,True,False,False,False,False,medium_confidence_screening
Ma_xp_A2000_n65_r14_v00_90000_fof_0.0050_0000.hdf5,Ma_xp_A2000_n65_r14_v00_90000.hdf5,A2000,n65,r14,v00,,90000,0.005,293,259351,9.988726286900134e+19,91,1.8343625885261816e+19,0.1836432930324543,2.7218263150515973e+18,202,8.154363698373953e+19,0.8163567069675457,8.032182700573519e+18,2000,none,,none,False,65,14,0,0,20.0,1e+20,1.8129133566428555,1.4,0.0,,0,True,8.032182700573519e+18,0.08032182700573519,1.0,0.0,0.7142857142857143,,0.0,1.5384615384615386e+18,18.187086643357144,159,1,bound_mass_fraction,random_forest,raw,0.17799240088448232,0.0056508921479719865,0.18214123677205254,0.18934436907313218,0.007203132301079634,0.023219544997992527,20,True,True,False,False,False,False,medium_confidence_screening
Ma_xp_A2000_n65_r14_v00_90000_fof_0.0060_0000.hdf5,Ma_xp_A2000_n65_r14_v00_90000.hdf5,A2000,n65,r14,v00,,90000,0.006,292,259351,9.989014310848818e+19,91,1.8344678876041943e+19,0.1836485393370419,2.722043107271036e+18,201,8.154546423244625e+19,0.816351460662958,8.032182700573519e+18,2000,none,,none,False,65,14,0,0,20.0,1e+20,1.8129133566428555,1.4,0.0,,0,True,8.032182700573519e+18,0.08032182700573519,1.0,0.0,0.7142857142857143,,0.0,1.5384615384615386e+18,18.187086643357144,160,1,bound_mass_fraction,random_forest,raw,0.1780285773347647,0.0056199620022771846,0.18253855771368332,0.18934436907313218,0.0068058113594488545,0.023219544997992527,20,True,True,False,False,False,False,medium_confidence_screening
Ma_xp_A2000_n65_r14_v00_90000_fof_0.0080_0000.hdf5,Ma_xp_A2000_n65_r14_v00_90000.hdf5,A2000,n65,r14,v00,,90000,0.008,290,259351,9.989602746873034e+19,90,1.8345886718407391e+19,0.1836498125428467,2.722290869807537e+18,200,8.155014075032294e+19,0.8163501874571533,8.032182700573519e+18,2000,none,,none,False,65,14,0,0,20.0,1e+20,1.8129133566428555,1.4,0.0,,0,True,8.032182700573519e+18,0.08032182700573519,1.0,0.0,0.7142857142857143,,0.0,1.5384615384615386e+18,18.187086643357144,161,1,bound_mass_fraction,random_forest,raw,0.17819649887666697,0.005453313666179738,0.1828750086095465,0.18934436907313218,0.006469360463585677,0.023219544997992527,20,True,True,False,False,False,False,medium_confidence_screening
Ma_xp_A2000_n65_r14_v02_90000_fof_0.0040_0000.hdf5,Ma_xp_A2000_n65_r14_v02_90000.hdf5,A2000,n65,r14,v02,,90000,0.004,322,355594,9.987035307592068e+19,88,1.587572519980698e+19,0.1589633430827903,1.9516564703374676e+18,234,8.39946278761137e+19,0.8410366569172097,1.101285892562483e+19,2000,none,,none,False,65,14,2,0,20.0,1e+20,1.8129133566428555,1.4,0.2,,0,True,1.101285892562483e+19,0.1101285892562483,1.0044319221114415,0.04000000000000001,0.7142857142857143,,0.27999999999999997,1.5384615384615386e+18,18.187086643357144,162,1,bound_mass_fraction,random_forest,raw,0.15741734204390928,0.0015460010388810286,0.16134179776029528,0.16500656418563872,0.003664766425343441,0.023219544997992527,20,True,False,False,False,False,True,high_confidence_screening
Ma_xp_A2000_n65_r14_v04_90000_fof_0.0040_0000.hdf5,Ma_xp_A2000_n65_r14_v04_90000.hdf5,A2000,n65,r14,v04,,90000,0.004,294,262338,9.987998484453772e+19,67,1.118833674205635e+19,0.1120178057642969,2.5810971943188884e+18,227,8.869164810248138e+19,0.8879821942357031,8.124691037641202e+18,2000,none,,none,False,65,14,4,0,20.0,1e+20,1.8129133566428555,1.4,0.4,,0,True,8.124691037641202e+18,0.08124691037641202,1.0177276884457662,0.16000000000000003,0.7142857142857143,,0.5599999999999999,1.5384615384615386e+18,18.187086643357144,163,0,bound_mass_fraction,random_forest,raw,0.13818748339721829,-0.026169677632921384,0.12940902232013746,0.11928214057364271,0.010126881746494745,0.026810536987400938,20,True,False,False,False,False,False,low_confidence_sph_required
Ma_xp_A2000_n65_r14_v06_90000_fof_0.0040_0000.hdf5,Ma_xp_A2000_n65_r14_v06_90000.hdf5,A2000,n65,r14,v06,,90000,0.004,273,444062,9.987633034710391e+19,29,5.422035348793983e+18,0.0542874906391792,1.545140088573045e+18,244,9.445429499830996e+19,0.9457125093608209,1.3752740935478583e+19,2000,none,,none,False,65,14,6,0,20.0,1e+20,1.8129133566428555,1.4,0.6,,0,False,1.3752740935478583e+19,0.13752740935478583,1.039887299002974,0.36,0.7142857142857143,,0.84,1.5384615384615386e+18,18.187086643357144,164,4,bound_mass_fraction,random_forest,raw,0.07819135946647658,-0.023903868827297378,0.06278719426805973,0.04946162755428637,0.013325566713773364,0.01826113719012749,20,True,False,False,False,True,False,low_confidence_sph_required
Ma_xp_A2000_n65_r14_v08_90000_fof_0.0040_0000.hdf5,Ma_xp_A2000_n65_r14_v08_90000.hdf5,A2000,n65,r14,v08,,90000,0.004,239,520557,9.988456845135117e+19,0,0.0,0.0,0.0,239,9.988456845135117e+19,1.0,1.612181533914729e+19,2000,none,,none,False,65,14,8,0,20.0,1e+20,1.8129133566428555,1.4,0.8,,0,False,1.612181533914729e+19,0.1612181533914729,1.0709107537830649,0.6400000000000001,0.7142857142857143,,1.1199999999999999,1.5384615384615386e+18,18.187086643357144,165,3,bound_mass_fraction,random_forest,raw,0.030413198322366924,-0.030413198322366924,0.010311332775764969,0.011749494228790208,0.0014381614530252392,0.028372849741956824,20,True,False,False,False,False,True,high_confidence_screening
Ma_xp_A2000_n65_r14_v10_90000_fof_0.0040_0000.hdf5,Ma_xp_A2000_n65_r14_v10_90000.hdf5,A2000,n65,r14,v10,,90000,0.004,216,723756,9.989426216050056e+19,0,0.0,0.0,0.0,216,9.989426216050056e+19,1.0,2.241495279585789e+19,2000,none,,none,False,65,14,10,0,20.0,1e+20,1.8129133566428555,1.4,1.0,,0,False,2.241495279585789e+19,0.22414952795857893,1.1107980527860388,1.0,0.7142857142857143,,1.4,1.5384615384615386e+18,18.187086643357144,166,2,bound_mass_fraction,random_forest,raw,0.004694357006238968,-0.004694357006238968,0.0019864932705788434,0.000295417648755166,0.0016910756218236774,0.030660771438038546,20,True,False,False,False,False,True,high_confidence_screening
Ma_xp_A2000_n65_r15_v00_90000_fof_0.0010_0000.hdf5,Ma_xp_A2000_n65_r15_v00_90000.hdf5,A2000,n65,r15,v00,,90000,0.001,0,0,0.0,0,0.0,0.0,0.0,0,0.0,0.0,0.0,2000,none,,none,False,65,15,0,0,20.0,1e+20,1.8129133566428555,1.5,0.0,,0,False,0.0,0.0,1.0,0.0,0.6666666666666666,,0.0,1.5384615384615386e+18,18.187086643357144,167,3,bound_mass_fraction,random_forest,raw,0.04083448672023563,-0.04083448672023563,0.02168444787875577,0.009809072076817749,0.01187537580193802,0.028372849741956824,11,True,True,False,False,False,False,low_confidence_sph_required
Ma_xp_A2000_n65_r15_v00_90000_fof_0.0020_0000.hdf5,Ma_xp_A2000_n65_r15_v00_90000.hdf5,A2000,n65,r15,v00,,90000,0.002,4797,16783,1.1073529776709026e+19,1185,2.3667826002464456e+18,0.2137333486224513,1.0644497974440365e+17,3612,8.70674717646258e+18,0.7862666513775487,5.197748312626301e+17,2000,none,,none,False,65,15,0,0,20.0,1e+20,1.8129133566428555,1.5,0.0,,0,True,5.197748312626301e+17,0.005197748312626301,1.0,0.0,0.6666666666666666,,0.0,1.5384615384615386e+18,18.187086643357144,168,3,bound_mass_fraction,random_forest,raw,0.17331055483420008,0.04042279378825123,0.17759221430113364,0.1656996371876407,0.011892577113492953,0.028372849741956824,11,True,True,False,False,False,False,low_confidence_sph_required
Ma_xp_A2000_n65_r15_v00_90000_fof_0.0030_0000.hdf5,Ma_xp_A2000_n65_r15_v00_90000.hdf5,A2000,n65,r15,v00,,90000,0.003,294,496146,9.98544653031817e+19,72,1.6012397209004098e+19,0.160357347669798,2.6865201536001695e+18,222,8.384206809417759e+19,0.8396426523302017,1.5365798929343291e+19,2000,none,,none,False,65,15,0,0,20.0,1e+20,1.8129133566428555,1.5,0.0,,0,True,1.5365798929343291e+19,0.1536579892934329,1.0,0.0,0.6666666666666666,,0.0,1.5384615384615386e+18,18.187086643357144,169,3,bound_mass_fraction,random_forest,raw,0.16144254605348943,-0.0010851983836914214,0.1598722108861474,0.16168018004809928,0.001807969161951889,0.028372849741956824,11,True,True,False,False,False,False,medium_confidence_screening
Ma_xp_A2000_n65_r15_v00_90000_fof_0.0035_0000.hdf5,Ma_xp_A2000_n65_r15_v00_90000.hdf5,A2000,n65,r15,v00,,90000,0.0035,295,496147,9.986886650061585e+19,72,1.6015091626588547e+19,0.1603612035237206,2.686551123917232e+18,223,8.38537748740273e+19,0.8396387964762794,1.5365829899660356e+19,2000,none,,none,False,65,15,0,0,20.0,1e+20,1.8129133566428555,1.5,0.0,,0,True,1.5365829899660356e+19,0.15365829899660355,1.0,0.0,0.6666666666666666,,0.0,1.5384615384615386e+18,18.187086643357144,170,3,bound_mass_fraction,random_forest,raw,0.16293162923730695,-0.002570425713586344,0.16118553732672528,0.16168018004809928,0.0004946427213740057,0.028372849741956824,11,True,True,False,False,False,False,medium_confidence_screening
Ma_xp_A2000_n65_r15_v00_90000_fof_0.0040_0000.hdf5,Ma_xp_A2000_n65_r15_v00_90000.hdf5,A2000,n65,r15,v00,,90000,0.004,293,496147,9.987533929688216e+19,72,1.6016547231490494e+19,0.1603653849313179,2.6867059755025454e+18,221,8.385879206539162e+19,0.8396346150686818,1.5365829899660356e+19,2000,none,,none,False,65,15,0,0,20.0,1e+20,1.8129133566428555,1.5,0.0,,0,True,1.5365829899660356e+19,0.15365829899660355,1.0,0.0,0.6666666666666666,,0.0,1.5384615384615386e+18,18.187086643357144,171,3,bound_mass_fraction,random_forest,raw,0.16403695820062453,-0.003671573269306616,0.16176714891641797,0.16329999141694473,0.0015328425005267654,0.028372849741956824,11,True,True,False,False,False,False,medium_confidence_screening
Ma_xp_A2000_n65_r15_v00_90000_fof_0.0045_0000.hdf5,Ma_xp_A2000_n65_r15_v00_90000.hdf5,A2000,n65,r15,v00,,90000,0.0045,292,496147,9.988054231014864e+19,72,1.6017724103538876e+19,0.1603688139157345,2.686829856770796e+18,220,8.38628182066098e+19,0.8396311860842658,1.5365829899660356e+19,2000,none,,none,False,65,15,0,0,20.0,1e+20,1.8129133566428555,1.5,0.0,,0,True,1.5365829899660356e+19,0.15365829899660355,1.0,0.0,0.6666666666666666,,0.0,1.5384615384615386e+18,18.187086643357144,172,3,bound_mass_fraction,random_forest,raw,0.1644348464978804,-0.004066032582145912,0.16131201353591737,0.16329999141694473,0.001987977881027364,0.028372849741956824,11,True,True,False,False,False,False,medium_confidence_screening
Ma_xp_A2000_n65_r15_v00_90000_fof_0.0050_0000.hdf5,Ma_xp_A2000_n65_r15_v00_90000.hdf5,A2000,n65,r15,v00,,90000,0.005,291,496150,9.98837632231232e+19,72,1.601837448019719e+19,0.1603701538999375,2.686922767721984e+18,219,8.386538874292601e+19,0.8396298461000623,1.5365922810611542e+19,2000,none,,none,False,65,15,0,0,20.0,1e+20,1.8129133566428555,1.5,0.0,,0,True,1.5365922810611542e+19,0.15365922810611543,1.0,0.0,0.6666666666666666,,0.0,1.5384615384615386e+18,18.187086643357144,173,3,bound_mass_fraction,random_forest,raw,0.16419269679789067,-0.0038225428979531684,0.16119165892622297,0.16329999141694473,0.0021083324907217593,0.028372849741956824,11,True,True,False,False,False,False,medium_confidence_screening
Ma_xp_A2000_n65_r15_v00_90000_fof_0.0060_0000.hdf5,Ma_xp_A2000_n65_r15_v00_90000.hdf5,A2000,n65,r15,v00,,90000,0.006,290,496150,9.9890081167804e+19,73,1.6020170758586829e+19,0.1603779932030965,2.6869537380390467e+18,217,8.386991040921715e+19,0.8396220067969034,1.5365922810611542e+19,2000,none,,none,False,65,15,0,0,20.0,1e+20,1.8129133566428555,1.5,0.0,,0,True,1.5365922810611542e+19,0.15365922810611543,1.0,0.0,0.6666666666666666,,0.0,1.5384615384615386e+18,18.187086643357144,174,3,bound_mass_fraction,random_forest,raw,0.1645339758441306,-0.004155982641034089,0.1613113737216901,0.16329999141694473,0.0019886176952546297,0.028372849741956824,11,True,True,False,False,False,False,medium_confidence_screening
Ma_xp_A2000_n65_r15_v00_90000_fof_0.0080_0000.hdf5,Ma_xp_A2000_n65_r15_v00_90000.hdf5,A2000,n65,r15,v00,,90000,0.008,289,496150,9.989491253726572e+19,73,1.6021223749366956e+19,0.1603807775835456,2.6870466489902346e+18,216,8.387368878789876e+19,0.8396192224164544,1.5365922810611542e+19,2000,none,,none,False,65,15,0,0,20.0,1e+20,1.8129133566428555,1.5,0.0,,0,True,1.5365922810611542e+19,0.15365922810611543,1.0,0.0,0.6666666666666666,,0.0,1.5384615384615386e+18,18.187086643357144,175,3,bound_mass_fraction,random_forest,raw,0.16473161202458214,-0.0043508344410365385,0.1615066806031502,0.16329999141694473,0.0017933108137945242,0.028372849741956824,11,True,True,False,False,False,False,medium_confidence_screening
Ma_xp_A2000_n65_r16_v00_90000_fof_0.0010_0000.hdf5,Ma_xp_A2000_n65_r16_v00_90000.hdf5,A2000,n65,r16,v00,,90000,0.001,0,0,0.0,0,0.0,0.0,0.0,0,0.0,0.0,0.0,2000,none,,none,False,65,16,0,0,20.0,1e+20,1.8129133566428555,1.6,0.0,,0,False,0.0,0.0,1.0,0.0,0.625,,0.0,1.5384615384615386e+18,18.187086643357144,176,2,bound_mass_fraction,random_forest,raw,0.025940823975972954,-0.025940823975972954,0.020079194256973156,0.009823578704389418,0.010255615552583738,0.030660771438038546,65,True,True,False,False,False,False,low_confidence_sph_required
Ma_xp_A2000_n65_r16_v00_90000_fof_0.0020_0000.hdf5,Ma_xp_A2000_n65_r16_v00_90000.hdf5,A2000,n65,r16,v00,,90000,0.002,6319,15220,1.226344032857396e+19,1541,2.54845448013603e+18,0.2078090985771832,2.3422850794494176e+17,4778,9.71498584843793e+18,0.7921909014228168,4.713682256936987e+17,2000,none,,none,False,65,16,0,0,20.0,1e+20,1.8129133566428555,1.6,0.0,,0,True,4.713682256936987e+17,0.004713682256936987,1.0,0.0,0.625,,0.0,1.5384615384615386e+18,18.187086643357144,177,2,bound_mass_fraction,random_forest,raw,0.14511932053628748,0.0626897780408957,0.14882297836774144,0.2084630843066965,0.05964010593895505,0.030660771438038546,65,True,True,False,False,False,False,low_confidence_sph_required
Ma_xp_A2000_n65_r16_v00_90000_fof_0.0030_0000.hdf5,Ma_xp_A2000_n65_r16_v00_90000.hdf5,A2000,n65,r16,v00,,90000,0.003,263,774358,9.985025333990946e+19,56,1.41716454440677e+19,0.141928988360447,2.883274577899223e+18,207,8.567860789584173e+19,0.8580710116395527,2.39821127798365e+19,2000,none,,none,False,65,16,0,0,20.0,1e+20,1.8129133566428555,1.6,0.0,,0,True,2.39821127798365e+19,0.239821127798365,1.0,0.0,0.625,,0.0,1.5384615384615386e+18,18.187086643357144,178,2,bound_mass_fraction,random_forest,raw,0.12894895101860954,0.012980037341837475,0.1359727489286543,0.12558227156898547,0.010390477359668832,0.030660771438038546,65,True,True,False,False,False,False,low_confidence_sph_required
Ma_xp_A2000_n65_r16_v00_90000_fof_0.0035_0000.hdf5,Ma_xp_A2000_n65_r16_v00_90000.hdf5,A2000,n65,r16,v00,,90000,0.0035,261,774361,9.986601723129437e+19,55,1.4174401802286277e+19,0.1419341853741668,2.8833984591674737e+18,206,8.569161542900806e+19,0.8580658146258329,2.398220569078769e+19,2000,none,,none,False,65,16,0,0,20.0,1e+20,1.8129133566428555,1.6,0.0,,0,True,2.398220569078769e+19,0.2398220569078769,1.0,0.0,0.625,,0.0,1.5384615384615386e+18,18.187086643357144,179,2,bound_mass_fraction,random_forest,raw,0.12973366301312703,0.012200522361039773,0.13804483631923636,0.12694100591059138,0.011103830408644988,0.030660771438038546,65,True,True,False,False,False,False,low_confidence_sph_required
Ma_xp_A2000_n65_r16_v00_90000_fof_0.0040_0000.hdf5,Ma_xp_A2000_n65_r16_v00_90000.hdf5,A2000,n65,r16,v00,,90000,0.004,265,774367,9.9878684090973e+19,56,1.4176879427651291e+19,0.1419409912803666,2.8833984591674737e+18,209,8.570180466332169e+19,0.8580590087196333,2.398239151269006e+19,2000,none,,none,False,65,16,0,0,20.0,1e+20,1.8129133566428555,1.6,0.0,,0,True,2.398239151269006e+19,0.2398239151269006,1.0,0.0,0.625,,0.0,1.5384615384615386e+18,18.187086643357144,180,2,bound_mass_fraction,random_forest,raw,0.13084376779374343,0.011097223486623176,0.13844851354259294,0.12856081727943683,0.00988769626315611,0.030660771438038546,65,True,True,False,False,False,False,low_confidence_sph_required
Ma_xp_A2000_n65_r16_v00_90000_fof_0.0045_0000.hdf5,Ma_xp_A2000_n65_r16_v00_90000.hdf5,A2000,n65,r16,v00,,90000,0.0045,266,774368,9.988500203565375e+19,56,1.4177622715260797e+19,0.1419394546360435,2.8833984591674737e+18,210,8.570737932039297e+19,0.8580605453639565,2.3982422483007123e+19,2000,none,,none,False,65,16,0,0,20.0,1e+20,1.8129133566428555,1.6,0.0,,0,True,2.3982422483007123e+19,0.23982422483007124,1.0,0.0,0.625,,0.0,1.5384615384615386e+18,18.187086643357144,181,2,bound_mass_fraction,random_forest,raw,0.1309237144856141,0.011015740150429387,0.13869279140076193,0.12856081727943683,0.010131974121325105,0.030660771438038546,65,True,True,False,False,False,False,low_confidence_sph_required
Ma_xp_A2000_n65_r16_v00_90000_fof_0.0050_0000.hdf5,Ma_xp_A2000_n65_r16_v00_90000.hdf5,A2000,n65,r16,v00,,90000,0.005,267,774369,9.988809906736003e+19,56,1.417802532938261e+19,0.1419390844531097,2.8833984591674737e+18,211,8.571007373797743e+19,0.8580609155468901,2.3982453453324186e+19,2000,none,,none,False,65,16,0,0,20.0,1e+20,1.8129133566428555,1.6,0.0,,0,True,2.3982453453324186e+19,0.23982453453324185,1.0,0.0,0.625,,0.0,1.5384615384615386e+18,18.187086643357144,182,2,bound_mass_fraction,random_forest,raw,0.1324313228514474,0.009507761601662307,0.14009301117646308,0.12856081727943683,0.011532193897026255,0.030660771438038546,65,True,True,False,False,False,False,low_confidence_sph_required
Ma_xp_A2000_n65_r16_v00_90000_fof_0.0060_0000.hdf5,Ma_xp_A2000_n65_r16_v00_90000.hdf5,A2000,n65,r16,v00,,90000,0.006,265,774369,9.989333305094364e+19,56,1.4178675706040928e+19,0.1419381581632688,2.8833984591674737e+18,209,8.571465734490271e+19,0.8580618418367312,2.3982453453324186e+19,2000,none,,none,False,65,16,0,0,20.0,1e+20,1.8129133566428555,1.6,0.0,,0,True,2.3982453453324186e+19,0.23982453453324185,1.0,0.0,0.625,,0.0,1.5384615384615386e+18,18.187086643357144,183,2,bound_mass_fraction,random_forest,raw,0.13270493804533706,0.009233220117931734,0.14010228827621113,0.12856081727943683,0.0115414709967743,0.030660771438038546,65,True,True,False,False,False,False,low_confidence_sph_required
Ma_xp_A2000_n65_r16_v00_90000_fof_0.0080_0000.hdf5,Ma_xp_A2000_n65_r16_v00_90000.hdf5,A2000,n65,r16,v00,,90000,0.008,258,774371,9.990154018496528e+19,55,1.4179604815552805e+19,0.1419357978795883,2.8833984591674737e+18,203,8.572193536941244e+19,0.8580642021204115,2.398251539395831e+19,2000,none,,none,False,65,16,0,0,20.0,1e+20,1.8129133566428555,1.6,0.0,,0,True,2.398251539395831e+19,0.2398251539395831,1.0,0.0,0.625,,0.0,1.5384615384615386e+18,18.187086643357144,184,2,bound_mass_fraction,random_forest,raw,0.13350427674321602,0.008431521136372272,0.1407147978043547,0.12856081727943683,0.012153980524917868,0.030660771438038546,65,True,True,False,False,False,False,low_confidence_sph_required
Ma_xp_A2000_n65_r16_v02_90000_fof_0.0040_0000.hdf5,Ma_xp_A2000_n65_r16_v02_90000.hdf5,A2000,n65,r16,v02,,90000,0.004,253,823009,9.988240052900348e+19,42,1.3190381918254498e+19,0.1320591200090783,2.9722832691372964e+18,211,8.669201861074896e+19,0.8679408799909215,2.548884967522687e+19,2000,none,,none,False,65,16,2,0,20.0,1e+20,1.8129133566428555,1.6,0.2,,0,True,2.548884967522687e+19,0.2548884967522687,1.0050650538416475,0.04000000000000001,0.625,,0.32000000000000006,1.5384615384615386e+18,18.187086643357144,185,4,bound_mass_fraction,random_forest,raw,0.137897941265522,-0.005838821256443694,0.1359531135576136,0.12886541468646728,0.007087698871146325,0.01826113719012749,65,True,False,False,False,False,True,high_confidence_screening
Ma_xp_A2000_n65_r16_v04_90000_fof_0.0040_0000.hdf5,Ma_xp_A2000_n65_r16_v04_90000.hdf5,A2000,n65,r16,v04,,90000,0.004,209,924840,9.988320575722504e+19,23,7.171889233150896e+18,0.0718027538141177,3.1905930341119585e+18,186,9.271131652407414e+19,0.9281972461858824,2.8642588031982055e+19,2000,none,,none,False,65,16,4,0,20.0,1e+20,1.8129133566428555,1.6,0.4,,0,False,2.8642588031982055e+19,0.2864258803198206,1.02026021536659,0.16000000000000003,0.625,,0.6400000000000001,1.5384615384615386e+18,18.187086643357144,186,3,bound_mass_fraction,random_forest,raw,0.11048233669592089,-0.03867958288180319,0.10782873089597236,0.10123215567792128,0.0065965752180510845,0.028372849741956824,65,True,False,False,False,True,False,low_confidence_sph_required
Ma_xp_A2000_n65_r16_v06_90000_fof_0.0040_0000.hdf5,Ma_xp_A2000_n65_r16_v06_90000.hdf5,A2000,n65,r16,v06,,90000,0.004,191,1035800,9.988927593926487e+19,0,0.0,0.0,0.0,191,9.988927593926487e+19,1.0,3.2079054413197554e+19,2000,none,,none,False,65,16,6,0,20.0,1e+20,1.8129133566428555,1.6,0.6,,0,False,3.2079054413197554e+19,0.32079054413197555,1.0455854845748274,0.36,0.625,,0.96,1.5384615384615386e+18,18.187086643357144,187,2,bound_mass_fraction,random_forest,raw,0.02592686973925845,-0.02592686973925845,0.019702412116379,0.01738384568212872,0.002318566434250279,0.030660771438038546,65,True,False,False,False,False,True,high_confidence_screening
Ma_xp_A2000_n65_r16_v08_90000_fof_0.0040_0000.hdf5,Ma_xp_A2000_n65_r16_v08_90000.hdf5,A2000,n65,r16,v08,,90000,0.004,152,1251650,9.989413827884818e+19,0,0.0,0.0,0.0,152,9.989413827884818e+19,1.0,3.876399735106134e+19,2000,none,,none,False,65,16,8,0,20.0,1e+20,1.8129133566428555,1.6,0.8,,0,False,3.876399735106134e+19,0.3876399735106134,1.0810408614663598,0.6400000000000001,0.625,,1.2800000000000002,1.5384615384615386e+18,18.187086643357144,188,1,bound_mass_fraction,random_forest,raw,0.013322352627282385,-0.013322352627282385,0.008142373813330921,0.006549811202552322,0.0015925626107785992,0.023219544997992527,65,True,False,False,False,False,True,high_confidence_screening
Ma_xp_A2000_n65_r16_v10_90000_fof_0.0040_0000.hdf5,Ma_xp_A2000_n65_r16_v10_90000.hdf5,A2000,n65,r16,v10,,90000,0.004,232,1828576,9.944596682037058e+19,0,0.0,0.0,0.0,232,9.944596682037058e+19,1.0,5.663157849245583e+19,2000,none,,none,False,65,16,10,0,20.0,1e+20,1.8129133566428555,1.6,1.0,,0,False,5.663157849245583e+19,0.5663157849245583,1.1266263460411872,1.0,0.625,,1.6,1.5384615384615386e+18,18.187086643357144,189,0,bound_mass_fraction,random_forest,raw,0.003539998367827697,-0.003539998367827697,0.002996331245712349,0.0008769439426884325,0.0021193873030239166,0.026810536987400938,65,True,False,False,False,False,True,high_confidence_screening
Ma_xp_A2000_n65_r17_v00_90000_fof_0.0010_0000.hdf5,Ma_xp_A2000_n65_r17_v00_90000.hdf5,A2000,n65,r17,v00,,90000,0.001,0,0,0.0,0,0.0,0.0,0.0,0,0.0,0.0,0.0,2000,none,,none,False,65,17,0,0,20.0,1e+20,1.8129133566428555,1.7,0.0,,0,False,0.0,0.0,1.0,0.0,0.5882352941176471,,0.0,1.5384615384615386e+18,18.187086643357144,190,1,bound_mass_fraction,random_forest,raw,0.021351242237442974,-0.021351242237442974,0.018910128767635415,0.007481619068487707,0.011428509699147708,0.023219544997992527,11,True,True,False,False,False,False,low_confidence_sph_required
Ma_xp_A2000_n65_r17_v00_90000_fof_0.0020_0000.hdf5,Ma_xp_A2000_n65_r17_v00_90000.hdf5,A2000,n65,r17,v00,,90000,0.002,4140,18999,9.501538423241802e+18,377,1.0271305653833692e+18,0.1081015010022898,4.226828872712035e+17,3763,8.474407857858432e+18,0.8918984989977101,5.884050538734758e+17,2000,none,,none,False,65,17,0,0,20.0,1e+20,1.8129133566428555,1.7,0.0,,0,True,5.884050538734758e+17,0.005884050538734758,1.0,0.0,0.5882352941176471,,0.0,1.5384615384615386e+18,18.187086643357144,191,1,bound_mass_fraction,random_forest,raw,0.08965630803448989,0.01844519296779991,0.10260084265670108,0.10348994757127705,0.0008891049145759722,0.023219544997992527,11,True,True,False,False,True,False,low_confidence_sph_required
Ma_xp_A2000_n65_r17_v00_90000_fof_0.0030_0000.hdf5,Ma_xp_A2000_n65_r17_v00_90000.hdf5,A2000,n65,r17,v00,,90000,0.003,190,1357274,9.986911426271606e+19,22,8.92580022905097e+18,0.0893749813938544,5.080154018746471e+18,168,9.09433140336651e+19,0.9106250186061456,4.203520612043324e+19,2000,none,,none,False,65,17,0,0,20.0,1e+20,1.8129133566428555,1.7,0.0,,0,False,4.203520612043324e+19,0.4203520612043324,1.0,0.0,0.5882352941176471,,0.0,1.5384615384615386e+18,18.187086643357144,192,1,bound_mass_fraction,random_forest,raw,0.06063605535748138,0.02873892603637302,0.09094958700672957,0.08389150607486008,0.007058080931869493,0.023219544997992527,11,True,True,False,False,False,False,medium_confidence_screening
Ma_xp_A2000_n65_r17_v00_90000_fof_0.0035_0000.hdf5,Ma_xp_A2000_n65_r17_v00_90000.hdf5,A2000,n65,r17,v00,,90000,0.0035,189,1357294,9.988196694429707e+19,22,8.926295754123974e+18,0.0893684418439822,5.080154018746471e+18,167,9.095567119017307e+19,0.9106315581560176,4.203582552677448e+19,2000,none,,none,False,65,17,0,0,20.0,1e+20,1.8129133566428555,1.7,0.0,,0,False,4.203582552677448e+19,0.4203582552677448,1.0,0.0,0.5882352941176471,,0.0,1.5384615384615386e+18,18.187086643357144,193,1,bound_mass_fraction,random_forest,raw,0.0614607170285712,0.027907724815410997,0.09145649487762354,0.085250240416466,0.006206254461157537,0.023219544997992527,11,True,True,False,False,False,False,medium_confidence_screening
Ma_xp_A2000_n65_r17_v00_90000_fof_0.0040_0000.hdf5,Ma_xp_A2000_n65_r17_v00_90000.hdf5,A2000,n65,r17,v00,,90000,0.004,187,1357307,9.98886565327826e+19,23,8.927224863635854e+18,0.089371758250708,5.080154018746471e+18,164,9.096143166914676e+19,0.910628241749292,4.203622814089629e+19,2000,none,,none,False,65,17,0,0,20.0,1e+20,1.8129133566428555,1.7,0.0,,0,False,4.203622814089629e+19,0.42036228140896287,1.0,0.0,0.5882352941176471,,0.0,1.5384615384615386e+18,18.187086643357144,194,1,bound_mass_fraction,random_forest,raw,0.062065602511912704,0.0273061557387953,0.09128088925543705,0.08687005178531146,0.004410837470125592,0.023219544997992527,11,True,True,False,False,False,False,medium_confidence_screening
Ma_xp_A2000_n65_r17_v00_90000_fof_0.0045_0000.hdf5,Ma_xp_A2000_n65_r17_v00_90000.hdf5,A2000,n65,r17,v00,,90000,0.0045,185,1357313,9.989246588178134e+19,23,8.927534566806481e+18,0.0893714504692661,5.080215959380598e+18,162,9.096493131497488e+19,0.910628549530734,4.203641396279866e+19,2000,none,,none,False,65,17,0,0,20.0,1e+20,1.8129133566428555,1.7,0.0,,0,False,4.203641396279866e+19,0.42036413962798663,1.0,0.0,0.5882352941176471,,0.0,1.5384615384615386e+18,18.187086643357144,195,1,bound_mass_fraction,random_forest,raw,0.06048814763053567,0.028883302838730432,0.09167377946615594,0.08687005178531146,0.004803727680844486,0.023219544997992527,11,True,True,False,False,False,False,medium_confidence_screening
Ma_xp_A2000_n65_r17_v00_90000_fof_0.0050_0000.hdf5,Ma_xp_A2000_n65_r17_v00_90000.hdf5,A2000,n65,r17,v00,,90000,0.005,186,1357319,9.989646105268242e+19,24,8.928587557586612e+18,0.0893784170480067,5.080215959380598e+18,162,9.09678734950958e+19,0.9106215829519932,4.2036599784701034e+19,2000,none,,none,False,65,17,0,0,20.0,1e+20,1.8129133566428555,1.7,0.0,,0,False,4.2036599784701034e+19,0.42036599784701034,1.0,0.0,0.5882352941176471,,0.0,1.5384615384615386e+18,18.187086643357144,196,1,bound_mass_fraction,random_forest,raw,0.06207568346533685,0.027302733582669846,0.09169074480999286,0.08687005178531146,0.004820693024681397,0.023219544997992527,11,True,True,False,False,False,False,medium_confidence_screening
Ma_xp_A2000_n65_r17_v00_90000_fof_0.0060_0000.hdf5,Ma_xp_A2000_n65_r17_v00_90000.hdf5,A2000,n65,r17,v00,,90000,0.006,186,1357321,9.989983681724226e+19,24,8.929083082659616e+18,0.0893803570369646,5.080308870331787e+18,162,9.097075373458263e+19,0.9106196429630352,4.203666172533516e+19,2000,none,,none,False,65,17,0,0,20.0,1e+20,1.8129133566428555,1.7,0.0,,0,False,4.203666172533516e+19,0.4203666172533516,1.0,0.0,0.5882352941176471,,0.0,1.5384615384615386e+18,18.187086643357144,197,1,bound_mass_fraction,random_forest,raw,0.06129480803634844,0.028085549000616168,0.09232292665643238,0.08687005178531146,0.005452874871120922,0.023219544997992527,11,True,True,False,False,False,False,medium_confidence_screening
Ma_xp_A2000_n65_r17_v00_90000_fof_0.0080_0000.hdf5,Ma_xp_A2000_n65_r17_v00_90000.hdf5,A2000,n65,r17,v00,,90000,0.008,185,1357324,9.990479206797228e+19,24,8.929299874879055e+18,0.0893780937835676,5.080308870331787e+18,161,9.09754921930932e+19,0.910621906216432,4.2036754636286345e+19,2000,none,,none,False,65,17,0,0,20.0,1e+20,1.8129133566428555,1.7,0.0,,0,False,4.2036754636286345e+19,0.42036754636286344,1.0,0.0,0.5882352941176471,,0.0,1.5384615384615386e+18,18.187086643357144,198,1,bound_mass_fraction,random_forest,raw,0.06225932920382626,0.02711876457974135,0.09289959098280397,0.08687005178531146,0.006029539197492509,0.023219544997992527,11,True,True,False,False,False,False,medium_confidence_screening
Ma_xp_A2000_n65_r18_v00_90000_fof_0.0010_0000.hdf5,Ma_xp_A2000_n65_r18_v00_90000.hdf5,A2000,n65,r18,v00,,90000,0.001,0,0,0.0,0,0.0,0.0,0.0,0,0.0,0.0,0.0,2000,none,,none,False,65,18,0,0,20.0,1e+20,1.8129133566428555,1.8,0.0,,0,False,0.0,0.0,1.0,0.0,0.5555555555555556,,0.0,1.5384615384615386e+18,18.187086643357144,199,0,bound_mass_fraction,random_forest,raw,0.013600315159860148,-0.013600315159860148,0.0024777396396523004,-0.0009713515193888897,0.00344909115904119,0.026810536987400938,17,True,True,False,False,False,False,medium_confidence_screening
Ma_xp_A2000_n65_r18_v00_90000_fof_0.0020_0000.hdf5,Ma_xp_A2000_n65_r18_v00_90000.hdf5,A2000,n65,r18,v00,,90000,0.002,3714,20867,6.648800577965236e+18,0,0.0,0.0,0.0,3714,6.648800577965236e+18,1.0,6.462576061465172e+17,2000,none,,none,False,65,18,0,0,20.0,1e+20,1.8129133566428555,1.8,0.0,,0,False,6.462576061465172e+17,0.006462576061465173,1.0,0.0,0.5555555555555556,,0.0,1.5384615384615386e+18,18.187086643357144,200,0,bound_mass_fraction,random_forest,raw,0.06345319886730447,-0.06345319886730447,0.024960071707241713,0.05250650758474169,0.02754643587749998,0.026810536987400938,17,True,True,False,False,False,False,low_confidence_sph_required
Ma_xp_A2000_n65_r18_v00_90000_fof_0.0030_0000.hdf5,Ma_xp_A2000_n65_r18_v00_90000.hdf5,A2000,n65,r18,v00,,90000,0.003,114,2243087,9.984854997171518e+19,0,0.0,0.0,0.0,114,9.984854997171518e+19,1.0,6.94691155882022e+19,2000,none,,none,False,65,18,0,0,20.0,1e+20,1.8129133566428555,1.8,0.0,,0,False,6.94691155882022e+19,0.694691155882022,1.0,0.0,0.5555555555555556,,0.0,1.5384615384615386e+18,18.187086643357144,201,0,bound_mass_fraction,random_forest,raw,0.022472748278808935,-0.022472748278808935,0.00286511215602633,0.0004540020424063573,0.0024111101136199725,0.026810536987400938,17,True,True,False,False,False,False,medium_confidence_screening
Ma_xp_A2000_n65_r18_v00_90000_fof_0.0035_0000.hdf5,Ma_xp_A2000_n65_r18_v00_90000.hdf5,A2000,n65,r18,v00,,90000,0.0035,115,2243329,9.986338475358808e+19,0,0.0,0.0,0.0,115,9.986338475358808e+19,1.0,6.947661040493124e+19,2000,none,,none,False,65,18,0,0,20.0,1e+20,1.8129133566428555,1.8,0.0,,0,False,6.947661040493124e+19,0.6947661040493124,1.0,0.0,0.5555555555555556,,0.0,1.5384615384615386e+18,18.187086643357144,202,0,bound_mass_fraction,random_forest,raw,0.022684153280547216,-0.022684153280547216,0.002738766522369263,0.001812736384012284,0.0009260301383569791,0.026810536987400938,17,True,True,False,False,False,False,medium_confidence_screening
Ma_xp_A2000_n65_r18_v00_90000_fof_0.0040_0000.hdf5,Ma_xp_A2000_n65_r18_v00_90000.hdf5,A2000,n65,r18,v00,,90000,0.004,117,2243563,9.987602064294951e+19,0,0.0,0.0,0.0,117,9.987602064294951e+19,1.0,6.948385745912378e+19,2000,none,,none,False,65,18,0,0,20.0,1e+20,1.8129133566428555,1.8,0.0,,0,False,6.948385745912378e+19,0.6948385745912378,1.0,0.0,0.5555555555555556,,0.0,1.5384615384615386e+18,18.187086643357144,203,0,bound_mass_fraction,random_forest,raw,0.022929237069260165,-0.022929237069260165,0.0023822849717474257,0.001812736384012284,0.0005695485877351418,0.026810536987400938,17,True,True,False,False,False,False,medium_confidence_screening
Ma_xp_A2000_n65_r18_v00_90000_fof_0.0045_0000.hdf5,Ma_xp_A2000_n65_r18_v00_90000.hdf5,A2000,n65,r18,v00,,90000,0.0045,115,2243717,9.988323672682504e+19,0,0.0,0.0,0.0,115,9.988323672682504e+19,1.0,6.948862688795135e+19,2000,none,,none,False,65,18,0,0,20.0,1e+20,1.8129133566428555,1.8,0.0,,0,False,6.948862688795135e+19,0.6948862688795135,1.0,0.0,0.5555555555555556,,0.0,1.5384615384615386e+18,18.187086643357144,204,0,bound_mass_fraction,random_forest,raw,0.02259856637520385,-0.02259856637520385,0.0021168940884630895,0.001812736384012284,0.0003041577044508056,0.026810536987400938,17,True,True,False,False,False,False,medium_confidence_screening
Ma_xp_A2000_n65_r18_v00_90000_fof_0.0050_0000.hdf5,Ma_xp_A2000_n65_r18_v00_90000.hdf5,A2000,n65,r18,v00,,90000,0.005,116,2243886,9.988967855277397e+19,0,0.0,0.0,0.0,116,9.988967855277397e+19,1.0,6.9493860871534854e+19,2000,none,,none,False,65,18,0,0,20.0,1e+20,1.8129133566428555,1.8,0.0,,0,False,6.9493860871534854e+19,0.6949386087153485,1.0,0.0,0.5555555555555556,,0.0,1.5384615384615386e+18,18.187086643357144,205,0,bound_mass_fraction,random_forest,raw,0.022735260227147388,-0.022735260227147388,0.0019515666686422647,0.001812736384012284,0.00013883028462998077,0.026810536987400938,17,True,True,False,False,False,False,medium_confidence_screening
Ma_xp_A2000_n65_r18_v00_90000_fof_0.0060_0000.hdf5,Ma_xp_A2000_n65_r18_v00_90000.hdf5,A2000,n65,r18,v00,,90000,0.006,114,2244071,9.989875285567324e+19,0,0.0,0.0,0.0,114,9.989875285567324e+19,1.0,6.949959038019135e+19,2000,none,,none,False,65,18,0,0,20.0,1e+20,1.8129133566428555,1.8,0.0,,0,False,6.949959038019135e+19,0.6949959038019136,1.0,0.0,0.5555555555555556,,0.0,1.5384615384615386e+18,18.187086643357144,206,0,bound_mass_fraction,random_forest,raw,0.023187674560986644,-0.023187674560986644,0.0020466187548138087,0.001812736384012284,0.00023388237080152483,0.026810536987400938,17,True,True,False,False,False,False,medium_confidence_screening
Ma_xp_A2000_n65_r18_v00_90000_fof_0.0080_0000.hdf5,Ma_xp_A2000_n65_r18_v00_90000.hdf5,A2000,n65,r18,v00,,90000,0.008,110,2244283,9.990931373379151e+19,0,0.0,0.0,0.0,110,9.990931373379151e+19,1.0,6.9506156087408525e+19,2000,none,,none,False,65,18,0,0,20.0,1e+20,1.8129133566428555,1.8,0.0,,0,False,6.9506156087408525e+19,0.6950615608740852,1.0,0.0,0.5555555555555556,,0.0,1.5384615384615386e+18,18.187086643357144,207,0,bound_mass_fraction,random_forest,raw,0.023160011799669526,-0.023160011799669526,0.0023720386292051163,0.001812736384012284,0.0005593022451928324,0.026810536987400938,17,True,True,False,False,False,False,medium_confidence_screening
Ma_xp_A2000_n65_r18_v02_90000_fof_0.0040_0000.hdf5,Ma_xp_A2000_n65_r18_v02_90000.hdf5,A2000,n65,r18,v02,,90000,0.004,97,2327034,9.988116171551374e+19,0,0.0,0.0,0.0,97,9.988116171551374e+19,1.0,7.2068980794618e+19,2000,none,,none,False,65,18,2,0,20.0,1e+20,1.8129133566428555,1.8,0.2,,0,False,7.2068980794618e+19,0.72068980794618,1.0056981855718534,0.04000000000000001,0.5555555555555556,,0.36000000000000004,1.5384615384615386e+18,18.187086643357144,208,2,bound_mass_fraction,random_forest,raw,0.0073139659345513395,-0.0073139659345513395,0.004708169072753062,0.002557160344335005,0.002151008728418057,0.030660771438038546,17,True,False,False,False,False,True,high_confidence_screening
Ma_xp_A2000_n65_r18_v04_90000_fof_0.0040_0000.hdf5,Ma_xp_A2000_n65_r18_v04_90000.hdf5,A2000,n65,r18,v04,,90000,0.004,85,2413599,9.99283295083374e+19,0,0.0,0.0,0.0,85,9.99283295083374e+19,1.0,7.47499262911025e+19,2000,none,,none,False,65,18,4,0,20.0,1e+20,1.8129133566428555,1.8,0.4,,0,False,7.47499262911025e+19,0.747499262911025,1.0227927422874137,0.16000000000000003,0.5555555555555556,,0.7200000000000001,1.5384615384615386e+18,18.187086643357144,209,1,bound_mass_fraction,random_forest,raw,0.012367823785770223,-0.012367823785770223,0.006810845247456498,0.00044418715004256135,0.006366658097413937,0.023219544997992527,17,True,False,False,False,False,True,high_confidence_screening
Ma_xp_A2000_n65_r18_v06_90000_fof_0.0040_0000.hdf5,Ma_xp_A2000_n65_r18_v06_90000.hdf5,A2000,n65,r18,v06,,90000,0.004,111,2624570,9.984882870426778e+19,0,0.0,0.0,0.0,111,9.984882870426778e+19,1.0,8.128376505202008e+19,2000,none,,none,False,65,18,6,0,20.0,1e+20,1.8129133566428555,1.8,0.6,,0,False,8.128376505202008e+19,0.8128376505202008,1.0512836701466808,0.36,0.5555555555555556,,1.08,1.5384615384615386e+18,18.187086643357144,210,0,bound_mass_fraction,random_forest,raw,0.004349977600490056,-0.004349977600490056,0.0014123858525835985,-0.0022254047456269767,0.003637790598210575,0.026810536987400938,17,True,False,False,False,False,True,high_confidence_screening
Ma_xp_A2000_n65_r18_v08_90000_fof_0.0040_0000.hdf5,Ma_xp_A2000_n65_r18_v08_90000.hdf5,A2000,n65,r18,v08,,90000,0.004,107,2665776,9.950716416638435e+19,0,0.0,0.0,0.0,107,9.950716416638435e+19,1.0,8.255992793688279e+19,2000,none,,none,False,65,18,8,0,20.0,1e+20,1.8129133566428555,1.8,0.8,,0,False,8.255992793688279e+19,0.8255992793688278,1.0911709691496547,0.6400000000000001,0.5555555555555556,,1.4400000000000002,1.5384615384615386e+18,18.187086643357144,211,4,bound_mass_fraction,random_forest,raw,0.0025100144989883798,-0.0025100144989883798,0.0007693263377636367,-0.0019892573469511565,0.0027585836847147933,0.01826113719012749,17,True,False,False,False,False,True,high_confidence_screening
Ma_xp_A2000_n65_r18_v10_90000_fof_0.0040_0000.hdf5,Ma_xp_A2000_n65_r18_v10_90000.hdf5,A2000,n65,r18,v10,,90000,0.004,8,2604691,9.99000226383038e+19,0,0.0,0.0,0.0,8,9.99000226383038e+19,1.0,8.066810611914172e+19,2000,none,,none,False,65,18,10,0,20.0,1e+20,1.8129133566428555,1.8,1.0,,0,False,8.066810611914172e+19,0.8066810611914172,1.1424546392963355,1.0,0.5555555555555556,,1.8,1.5384615384615386e+18,18.187086643357144,212,3,bound_mass_fraction,random_forest,raw,0.000665244203332426,-0.000665244203332426,0.0002691675490381724,-0.014025939955339652,0.014295107504377826,0.028372849741956824,17,True,False,False,False,False,False,low_confidence_sph_required
Ma_xp_A2000_n65_r19_v00_90000_fof_0.0010_0000.hdf5,Ma_xp_A2000_n65_r19_v00_90000.hdf5,A2000,n65,r19,v00,,90000,0.001,0,0,0.0,0,0.0,0.0,0.0,0,0.0,0.0,0.0,2000,none,,none,False,65,19,0,0,20.0,1e+20,1.8129133566428555,1.9,0.0,,0,False,0.0,0.0,1.0,0.0,0.5263157894736842,,0.0,1.5384615384615386e+18,18.187086643357144,213,4,bound_mass_fraction,random_forest,raw,0.005130104748749032,-0.005130104748749032,0.0017538881333321284,-0.0009713515193888897,0.0027252396527210183,0.01826113719012749,11,True,True,False,False,False,False,medium_confidence_screening
Ma_xp_A2000_n65_r19_v00_90000_fof_0.0020_0000.hdf5,Ma_xp_A2000_n65_r19_v00_90000.hdf5,A2000,n65,r19,v00,,90000,0.002,1388,5197,3.460313525412319e+18,0,0.0,0.0,0.0,1388,3.460313525412319e+18,1.0,1.6095273777469766e+17,2000,none,,none,False,65,19,0,0,20.0,1e+20,1.8129133566428555,1.9,0.0,,0,False,1.6095273777469766e+17,0.0016095273777469766,1.0,0.0,0.5263157894736842,,0.0,1.5384615384615386e+18,18.187086643357144,214,4,bound_mass_fraction,random_forest,raw,0.019688733966122633,-0.019688733966122633,0.006911895850255756,0.0018519375667390937,0.005059958283516662,0.01826113719012749,11,True,True,False,False,False,False,medium_confidence_screening
Ma_xp_A2000_n65_r19_v00_90000_fof_0.0030_0000.hdf5,Ma_xp_A2000_n65_r19_v00_90000.hdf5,A2000,n65,r19,v00,,90000,0.003,2,2642611,9.996273753035448e+19,0,0.0,0.0,0.0,2,9.996273753035448e+19,1.0,8.184250054213822e+19,2000,none,,none,False,65,19,0,0,20.0,1e+20,1.8129133566428555,1.9,0.0,,0,False,8.184250054213822e+19,0.8184250054213822,1.0,0.0,0.5263157894736842,,0.0,1.5384615384615386e+18,18.187086643357144,215,4,bound_mass_fraction,random_forest,raw,0.0024543350789011926,-0.0024543350789011926,0.0016297401680243255,-0.0012259765387286708,0.0028557167067529963,0.01826113719012749,11,True,True,False,False,False,False,medium_confidence_screening
Ma_xp_A2000_n65_r19_v00_90000_fof_0.0035_0000.hdf5,Ma_xp_A2000_n65_r19_v00_90000.hdf5,A2000,n65,r19,v00,,90000,0.0035,2,2642611,9.996273753035448e+19,0,0.0,0.0,0.0,2,9.996273753035448e+19,1.0,8.184250054213822e+19,2000,none,,none,False,65,19,0,0,20.0,1e+20,1.8129133566428555,1.9,0.0,,0,False,8.184250054213822e+19,0.8184250054213822,1.0,0.0,0.5263157894736842,,0.0,1.5384615384615386e+18,18.187086643357144,216,4,bound_mass_fraction,random_forest,raw,0.0023250718556754517,-0.0023250718556754517,0.0017573948383255364,0.00013275780287725332,0.0016246370354482832,0.01826113719012749,11,True,True,False,False,False,False,medium_confidence_screening
Ma_xp_A2000_n65_r19_v00_90000_fof_0.0040_0000.hdf5,Ma_xp_A2000_n65_r19_v00_90000.hdf5,A2000,n65,r19,v00,,90000,0.004,2,2642611,9.996273753035448e+19,0,0.0,0.0,0.0,2,9.996273753035448e+19,1.0,8.184250054213822e+19,2000,none,,none,False,65,19,0,0,20.0,1e+20,1.8129133566428555,1.9,0.0,,0,False,8.184250054213822e+19,0.8184250054213822,1.0,0.0,0.5263157894736842,,0.0,1.5384615384615386e+18,18.187086643357144,217,4,bound_mass_fraction,random_forest,raw,0.0023057274389126302,-0.0023057274389126302,0.0011946112874798816,0.00013275780287725332,0.0010618534846026284,0.01826113719012749,11,True,True,False,False,False,False,medium_confidence_screening
Ma_xp_A2000_n65_r19_v00_90000_fof_0.0045_0000.hdf5,Ma_xp_A2000_n65_r19_v00_90000.hdf5,A2000,n65,r19,v00,,90000,0.0045,2,2642611,9.996273753035448e+19,0,0.0,0.0,0.0,2,9.996273753035448e+19,1.0,8.184250054213822e+19,2000,none,,none,False,65,19,0,0,20.0,1e+20,1.8129133566428555,1.9,0.0,,0,False,8.184250054213822e+19,0.8184250054213822,1.0,0.0,0.5263157894736842,,0.0,1.5384615384615386e+18,18.187086643357144,218,4,bound_mass_fraction,random_forest,raw,0.002711899776023806,-0.002711899776023806,0.0012668465869964411,0.00013275780287725332,0.0011340887841191879,0.01826113719012749,11,True,True,False,False,False,False,medium_confidence_screening
Ma_xp_A2000_n65_r19_v00_90000_fof_0.0050_0000.hdf5,Ma_xp_A2000_n65_r19_v00_90000.hdf5,A2000,n65,r19,v00,,90000,0.005,2,2642611,9.996273753035448e+19,0,0.0,0.0,0.0,2,9.996273753035448e+19,1.0,8.184250054213822e+19,2000,none,,none,False,65,19,0,0,20.0,1e+20,1.8129133566428555,1.9,0.0,,0,False,8.184250054213822e+19,0.8184250054213822,1.0,0.0,0.5263157894736842,,0.0,1.5384615384615386e+18,18.187086643357144,219,4,bound_mass_fraction,random_forest,raw,0.0028618841884983474,-0.0028618841884983474,0.001167544975363923,0.00013275780287725332,0.0010347871724866698,0.01826113719012749,11,True,True,False,False,False,False,medium_confidence_screening
Ma_xp_A2000_n65_r19_v00_90000_fof_0.0060_0000.hdf5,Ma_xp_A2000_n65_r19_v00_90000.hdf5,A2000,n65,r19,v00,,90000,0.006,2,2642611,9.996273753035448e+19,0,0.0,0.0,0.0,2,9.996273753035448e+19,1.0,8.184250054213822e+19,2000,none,,none,False,65,19,0,0,20.0,1e+20,1.8129133566428555,1.9,0.0,,0,False,8.184250054213822e+19,0.8184250054213822,1.0,0.0,0.5263157894736842,,0.0,1.5384615384615386e+18,18.187086643357144,220,4,bound_mass_fraction,random_forest,raw,0.0028806668325382237,-0.0028806668325382237,0.0012668564831827727,0.00013275780287725332,0.0011340986803055194,0.01826113719012749,11,True,True,False,False,False,False,medium_confidence_screening
Ma_xp_A2000_n65_r19_v00_90000_fof_0.0080_0000.hdf5,Ma_xp_A2000_n65_r19_v00_90000.hdf5,A2000,n65,r19,v00,,90000,0.008,2,2642611,9.996273753035448e+19,0,0.0,0.0,0.0,2,9.996273753035448e+19,1.0,8.184250054213822e+19,2000,none,,none,False,65,19,0,0,20.0,1e+20,1.8129133566428555,1.9,0.0,,0,False,8.184250054213822e+19,0.8184250054213822,1.0,0.0,0.5263157894736842,,0.0,1.5384615384615386e+18,18.187086643357144,221,4,bound_mass_fraction,random_forest,raw,0.002592666118441451,-0.002592666118441451,0.0011957721655437741,0.00013275780287725332,0.0010630143626665209,0.01826113719012749,11,True,True,False,False,False,False,medium_confidence_screening
Ma_xp_A2000_n65_r20_v00_90000_fof_0.0010_0000.hdf5,Ma_xp_A2000_n65_r20_v00_90000.hdf5,A2000,n65,r20,v00,,90000,0.001,0,0,0.0,0,0.0,0.0,0.0,0,0.0,0.0,0.0,2000,none,,none,False,65,20,0,0,20.0,1e+20,1.8129133566428555,2.0,0.0,,0,False,0.0,0.0,1.0,0.0,0.5,,0.0,1.5384615384615386e+18,18.187086643357144,222,3,bound_mass_fraction,random_forest,raw,0.0021884070668172426,-0.0021884070668172426,0.0009682332370361315,-0.0009713515193888897,0.0019395847564250212,0.028372849741956824,38,True,True,False,False,False,False,medium_confidence_screening
Ma_xp_A2000_n65_r20_v00_90000_fof_0.0020_0000.hdf5,Ma_xp_A2000_n65_r20_v00_90000.hdf5,A2000,n65,r20,v00,,90000,0.002,1296,3360,3.1313777878896886e+18,0,0.0,0.0,0.0,1296,3.1313777878896886e+18,1.0,1.0406026533057789e+17,2000,none,,none,False,65,20,0,0,20.0,1e+20,1.8129133566428555,2.0,0.0,,0,False,1.0406026533057789e+17,0.001040602653305779,1.0,0.0,0.5,,0.0,1.5384615384615386e+18,18.187086643357144,223,3,bound_mass_fraction,random_forest,raw,0.007970622780940576,-0.007970622780940576,0.003530018731584382,0.0018519375667390937,0.0016780811648452881,0.028372849741956824,38,True,True,False,False,False,False,medium_confidence_screening
Ma_xp_A2000_n65_r20_v00_90000_fof_0.0030_0000.hdf5,Ma_xp_A2000_n65_r20_v00_90000.hdf5,A2000,n65,r20,v00,,90000,0.003,5,2817032,9.996078640038027e+19,0,0.0,0.0,0.0,5,9.996078640038027e+19,1.0,8.724437421443444e+19,2000,none,,none,False,65,20,0,0,20.0,1e+20,1.8129133566428555,2.0,0.0,,0,False,8.724437421443444e+19,0.8724437421443444,1.0,0.0,0.5,,0.0,1.5384615384615386e+18,18.187086643357144,224,3,bound_mass_fraction,random_forest,raw,0.001462056372673642,-0.001462056372673642,0.0012115017329335557,-0.0012259765387286708,0.0024374782716622264,0.028372849741956824,38,True,True,False,False,False,False,medium_confidence_screening
Ma_xp_A2000_n65_r20_v00_90000_fof_0.0035_0000.hdf5,Ma_xp_A2000_n65_r20_v00_90000.hdf5,A2000,n65,r20,v00,,90000,0.0035,5,2817032,9.996109610355093e+19,0,0.0,0.0,0.0,5,9.996109610355093e+19,1.0,8.724437421443444e+19,2000,none,,none,False,65,20,0,0,20.0,1e+20,1.8129133566428555,2.0,0.0,,0,False,8.724437421443444e+19,0.8724437421443444,1.0,0.0,0.5,,0.0,1.5384615384615386e+18,18.187086643357144,225,3,bound_mass_fraction,random_forest,raw,0.0010485138962644776,-0.0010485138962644776,0.001140559865803695,0.00013275780287725332,0.0010078020629264418,0.028372849741956824,38,True,True,False,False,False,False,medium_confidence_screening
Ma_xp_A2000_n65_r20_v00_90000_fof_0.0040_0000.hdf5,Ma_xp_A2000_n65_r20_v00_90000.hdf5,A2000,n65,r20,v00,,90000,0.004,5,2817033,9.996112707386796e+19,0,0.0,0.0,0.0,5,9.996112707386796e+19,1.0,8.72444051847515e+19,2000,none,,none,False,65,20,0,0,20.0,1e+20,1.8129133566428555,2.0,0.0,,0,False,8.72444051847515e+19,0.8724440518475151,1.0,0.0,0.5,,0.0,1.5384615384615386e+18,18.187086643357144,226,3,bound_mass_fraction,random_forest,raw,0.0010794290460935758,-0.0010794290460935758,0.0007519188493564055,0.00013275780287725332,0.0006191610464791521,0.028372849741956824,38,True,True,False,False,False,False,medium_confidence_screening
Ma_xp_A2000_n65_r20_v00_90000_fof_0.0045_0000.hdf5,Ma_xp_A2000_n65_r20_v00_90000.hdf5,A2000,n65,r20,v00,,90000,0.0045,5,2817033,9.996121998481916e+19,0,0.0,0.0,0.0,5,9.996121998481916e+19,1.0,8.72444051847515e+19,2000,none,,none,False,65,20,0,0,20.0,1e+20,1.8129133566428555,2.0,0.0,,0,False,8.72444051847515e+19,0.8724440518475151,1.0,0.0,0.5,,0.0,1.5384615384615386e+18,18.187086643357144,227,3,bound_mass_fraction,random_forest,raw,0.0008630709382785118,-0.0008630709382785118,0.0009788590007802943,0.00013275780287725332,0.000846101197903041,0.028372849741956824,38,True,True,False,False,False,False,medium_confidence_screening
Ma_xp_A2000_n65_r20_v00_90000_fof_0.0050_0000.hdf5,Ma_xp_A2000_n65_r20_v00_90000.hdf5,A2000,n65,r20,v00,,90000,0.005,5,2817033,9.996125095513622e+19,0,0.0,0.0,0.0,5,9.996125095513622e+19,1.0,8.72444051847515e+19,2000,none,,none,False,65,20,0,0,20.0,1e+20,1.8129133566428555,2.0,0.0,,0,False,8.72444051847515e+19,0.8724440518475151,1.0,0.0,0.5,,0.0,1.5384615384615386e+18,18.187086643357144,228,3,bound_mass_fraction,random_forest,raw,0.0011322414194708777,-0.0011322414194708777,0.0008795573891477763,0.00013275780287725332,0.0007467995862705229,0.028372849741956824,38,True,True,False,False,False,False,medium_confidence_screening
Ma_xp_A2000_n65_r20_v00_90000_fof_0.0060_0000.hdf5,Ma_xp_A2000_n65_r20_v00_90000.hdf5,A2000,n65,r20,v00,,90000,0.006,5,2817033,9.996131289577036e+19,0,0.0,0.0,0.0,5,9.996131289577036e+19,1.0,8.72444051847515e+19,2000,none,,none,False,65,20,0,0,20.0,1e+20,1.8129133566428555,2.0,0.0,,0,False,8.72444051847515e+19,0.8724440518475151,1.0,0.0,0.5,,0.0,1.5384615384615386e+18,18.187086643357144,229,3,bound_mass_fraction,random_forest,raw,0.001018259665375691,-0.001018259665375691,0.0009788688969666257,0.00013275780287725332,0.0008461110940893723,0.028372849741956824,38,True,True,False,False,False,False,medium_confidence_screening
Ma_xp_A2000_n65_r20_v00_90000_fof_0.0080_0000.hdf5,Ma_xp_A2000_n65_r20_v00_90000.hdf5,A2000,n65,r20,v00,,90000,0.008,5,2817034,9.99613438660874e+19,0,0.0,0.0,0.0,5,9.99613438660874e+19,1.0,8.724443615506856e+19,2000,none,,none,False,65,20,0,0,20.0,1e+20,1.8129133566428555,2.0,0.0,,0,False,8.724443615506856e+19,0.8724443615506856,1.0,0.0,0.5,,0.0,1.5384615384615386e+18,18.187086643357144,230,3,bound_mass_fraction,random_forest,raw,0.001461227201606288,-0.001461227201606288,0.0009077845793276273,0.00013275780287725332,0.000775026776450374,0.028372849741956824,38,True,True,False,False,False,False,medium_confidence_screening
Ma_xp_A2000_n65_r20_v02_90000_fof_0.0040_0000.hdf5,Ma_xp_A2000_n65_r20_v02_90000.hdf5,A2000,n65,r20,v02,,90000,0.004,5,2837147,9.996131289576995e+19,0,0.0,0.0,0.0,5,9.996131289576995e+19,1.0,8.786734214213947e+19,2000,none,,none,False,65,20,2,0,20.0,1e+20,1.8129133566428555,2.0,0.2,,0,False,8.786734214213947e+19,0.8786734214213947,1.0063313173020594,0.04000000000000001,0.5,,0.4,1.5384615384615386e+18,18.187086643357144,231,1,bound_mass_fraction,random_forest,raw,0.014845219135960938,-0.014845219135960938,0.004038963066040345,0.0008771817631999749,0.0031617813028403698,0.023219544997992527,38,True,False,False,False,False,True,high_confidence_screening
Ma_xp_A2000_n65_r20_v04_90000_fof_0.0040_0000.hdf5,Ma_xp_A2000_n65_r20_v04_90000.hdf5,A2000,n65,r20,v04,,90000,0.004,2,2886994,9.995750354677098e+19,0,0.0,0.0,0.0,2,9.995750354677098e+19,1.0,8.941111953673616e+19,2000,none,,none,False,65,20,4,0,20.0,1e+20,1.8129133566428555,2.0,0.4,,0,False,8.941111953673616e+19,0.8941111953673616,1.0253252692082375,0.16000000000000003,0.5,,0.8,1.5384615384615386e+18,18.187086643357144,232,4,bound_mass_fraction,random_forest,raw,0.007858307980539101,-0.007858307980539101,0.0059834419569363894,-0.00189882622132812,0.007882268178264509,0.01826113719012749,38,True,False,False,False,False,True,high_confidence_screening
Ma_xp_A2000_n65_r20_v06_90000_fof_0.0040_0000.hdf5,Ma_xp_A2000_n65_r20_v06_90000.hdf5,A2000,n65,r20,v06,,90000,0.004,82,2910086,9.95568715252344e+19,0,0.0,0.0,0.0,82,9.95568715252344e+19,1.0,9.01262860983352e+19,2000,none,,none,False,65,20,6,0,20.0,1e+20,1.8129133566428555,2.0,0.6,,0,False,9.01262860983352e+19,0.9012628609833521,1.0569818557185342,0.36,0.5,,1.2,1.5384615384615386e+18,18.187086643357144,233,2,bound_mass_fraction,random_forest,raw,0.004894336945897185,-0.004894336945897185,0.0018548164436882645,-0.0023369478953902617,0.004191764339078526,0.030660771438038546,38,True,False,False,False,False,True,high_confidence_screening
Ma_xp_A2000_n65_r22_v00_90000_fof_0.0010_0000.hdf5,Ma_xp_A2000_n65_r22_v00_90000.hdf5,A2000,n65,r22,v00,,90000,0.001,0,0,0.0,0,0.0,0.0,0.0,0,0.0,0.0,0.0,2000,none,,none,False,65,22,0,0,20.0,1e+20,1.8129133566428555,2.2,0.0,,0,False,0.0,0.0,1.0,0.0,0.45454545454545453,,0.0,1.5384615384615386e+18,18.187086643357144,234,2,bound_mass_fraction,random_forest,raw,0.005586058027096944,-0.005586058027096944,0.0009612331365891034,-0.0010137508740847927,0.001974984010673896,0.030660771438038546,12,True,True,False,False,False,False,medium_confidence_screening
Ma_xp_A2000_n65_r22_v00_90000_fof_0.0020_0000.hdf5,Ma_xp_A2000_n65_r22_v00_90000.hdf5,A2000,n65,r22,v00,,90000,0.002,1015,16036,2.7785949062284805e+18,0,0.0,0.0,0.0,1015,2.7785949062284805e+18,1.0,4.966400044168261e+17,2000,none,,none,False,65,22,0,0,20.0,1e+20,1.8129133566428555,2.2,0.0,,0,False,4.966400044168261e+17,0.004966400044168261,1.0,0.0,0.45454545454545453,,0.0,1.5384615384615386e+18,18.187086643357144,235,2,bound_mass_fraction,random_forest,raw,0.03597869187863099,-0.03597869187863099,0.016617269159410232,0.02048791179666729,0.0038706426372570567,0.030660771438038546,12,True,True,False,False,False,False,medium_confidence_screening
Ma_xp_A2000_n65_r22_v00_90000_fof_0.0030_0000.hdf5,Ma_xp_A2000_n65_r22_v00_90000.hdf5,A2000,n65,r22,v00,,90000,0.003,1,3227695,9.996273753012568e+19,0,0.0,0.0,0.0,1,9.996273753012568e+19,1.0,9.996273753012568e+19,2000,none,,none,False,65,22,0,0,20.0,1e+20,1.8129133566428555,2.2,0.0,,0,False,9.996273753012568e+19,0.9996273753012568,1.0,0.0,0.45454545454545453,,0.0,1.5384615384615386e+18,18.187086643357144,236,2,bound_mass_fraction,random_forest,raw,0.0013702598901883137,-0.0013702598901883137,0.0012566860612644422,-0.0019642213755895477,0.00322090743685399,0.030660771438038546,12,True,True,False,False,False,False,medium_confidence_screening
Ma_xp_A2000_n65_r22_v00_90000_fof_0.0035_0000.hdf5,Ma_xp_A2000_n65_r22_v00_90000.hdf5,A2000,n65,r22,v00,,90000,0.0035,1,3227695,9.996273753012568e+19,0,0.0,0.0,0.0,1,9.996273753012568e+19,1.0,9.996273753012568e+19,2000,none,,none,False,65,22,0,0,20.0,1e+20,1.8129133566428555,2.2,0.0,,0,False,9.996273753012568e+19,0.9996273753012568,1.0,0.0,0.45454545454545453,,0.0,1.5384615384615386e+18,18.187086643357144,237,2,bound_mass_fraction,random_forest,raw,0.0011029976440719836,-0.0011029976440719836,0.0011857441941345815,-0.0006054870339836227,0.0017912312281182043,0.030660771438038546,12,True,True,False,False,False,False,medium_confidence_screening
Ma_xp_A2000_n65_r22_v00_90000_fof_0.0040_0000.hdf5,Ma_xp_A2000_n65_r22_v00_90000.hdf5,A2000,n65,r22,v00,,90000,0.004,1,3227695,9.996273753012568e+19,0,0.0,0.0,0.0,1,9.996273753012568e+19,1.0,9.996273753012568e+19,2000,none,,none,False,65,22,0,0,20.0,1e+20,1.8129133566428555,2.2,0.0,,0,False,9.996273753012568e+19,0.9996273753012568,1.0,0.0,0.45454545454545453,,0.0,1.5384615384615386e+18,18.187086643357144,238,2,bound_mass_fraction,random_forest,raw,0.0006295604726936048,-0.0006295604726936048,0.0007726491746545859,-0.0006054870339836227,0.0013781362086382086,0.030660771438038546,12,True,True,False,False,False,False,medium_confidence_screening
Ma_xp_A2000_n65_r22_v00_90000_fof_0.0045_0000.hdf5,Ma_xp_A2000_n65_r22_v00_90000.hdf5,A2000,n65,r22,v00,,90000,0.0045,1,3227695,9.996273753012568e+19,0,0.0,0.0,0.0,1,9.996273753012568e+19,1.0,9.996273753012568e+19,2000,none,,none,False,65,22,0,0,20.0,1e+20,1.8129133566428555,2.2,0.0,,0,False,9.996273753012568e+19,0.9996273753012568,1.0,0.0,0.45454545454545453,,0.0,1.5384615384615386e+18,18.187086643357144,239,2,bound_mass_fraction,random_forest,raw,0.0006087327349244983,-0.0006087327349244983,0.001009370927291557,-0.0006054870339836227,0.0016148579612751796,0.030660771438038546,12,True,True,False,False,False,False,medium_confidence_screening
Ma_xp_A2000_n65_r22_v00_90000_fof_0.0050_0000.hdf5,Ma_xp_A2000_n65_r22_v00_90000.hdf5,A2000,n65,r22,v00,,90000,0.005,1,3227695,9.996273753012568e+19,0,0.0,0.0,0.0,1,9.996273753012568e+19,1.0,9.996273753012568e+19,2000,none,,none,False,65,22,0,0,20.0,1e+20,1.8129133566428555,2.2,0.0,,0,False,9.996273753012568e+19,0.9996273753012568,1.0,0.0,0.45454545454545453,,0.0,1.5384615384615386e+18,18.187086643357144,240,2,bound_mass_fraction,random_forest,raw,0.0006087327349244983,-0.0006087327349244983,0.0009100693156590391,-0.0006054870339836227,0.0015155563496426618,0.030660771438038546,12,True,True,False,False,False,False,medium_confidence_screening
Ma_xp_A2000_n65_r22_v00_90000_fof_0.0060_0000.hdf5,Ma_xp_A2000_n65_r22_v00_90000.hdf5,A2000,n65,r22,v00,,90000,0.006,1,3227695,9.996273753012568e+19,0,0.0,0.0,0.0,1,9.996273753012568e+19,1.0,9.996273753012568e+19,2000,none,,none,False,65,22,0,0,20.0,1e+20,1.8129133566428555,2.2,0.0,,0,False,9.996273753012568e+19,0.9996273753012568,1.0,0.0,0.45454545454545453,,0.0,1.5384615384615386e+18,18.187086643357144,241,2,bound_mass_fraction,random_forest,raw,0.0006087327349244983,-0.0006087327349244983,0.0010093808234778888,-0.0006054870339836227,0.0016148678574615114,0.030660771438038546,12,True,True,False,False,False,False,medium_confidence_screening
Ma_xp_A2000_n65_r22_v00_90000_fof_0.0080_0000.hdf5,Ma_xp_A2000_n65_r22_v00_90000.hdf5,A2000,n65,r22,v00,,90000,0.008,1,3227695,9.996273753012568e+19,0,0.0,0.0,0.0,1,9.996273753012568e+19,1.0,9.996273753012568e+19,2000,none,,none,False,65,22,0,0,20.0,1e+20,1.8129133566428555,2.2,0.0,,0,False,9.996273753012568e+19,0.9996273753012568,1.0,0.0,0.45454545454545453,,0.0,1.5384615384615386e+18,18.187086643357144,242,2,bound_mass_fraction,random_forest,raw,0.0007576962245637776,-0.0007576962245637776,0.0009382965058388903,-0.0006054870339836227,0.001543783539822513,0.030660771438038546,12,True,True,False,False,False,False,medium_confidence_screening
Ma_xp_A2000_n65_r24_v00_90000_fof_0.0010_0000.hdf5,Ma_xp_A2000_n65_r24_v00_90000.hdf5,A2000,n65,r24,v00,,90000,0.001,0,0,0.0,0,0.0,0.0,0.0,0,0.0,0.0,0.0,2000,none,,none,False,65,24,0,0,20.0,1e+20,1.8129133566428555,2.4,0.0,,0,False,0.0,0.0,1.0,0.0,0.4166666666666667,,0.0,1.5384615384615386e+18,18.187086643357144,243,4,bound_mass_fraction,random_forest,raw,0.002469119256542772,-0.002469119256542772,0.0011516608551471546,-0.0010137508740847927,0.0021654117292319473,0.01826113719012749,11,True,True,False,False,False,False,medium_confidence_screening
Ma_xp_A2000_n65_r24_v00_90000_fof_0.0020_0000.hdf5,Ma_xp_A2000_n65_r24_v00_90000.hdf5,A2000,n65,r24,v00,,90000,0.002,1235,441,1.796092567732588e+18,0,0.0,0.0,0.0,1235,1.796092567732588e+18,1.0,1.3657909824638334e+16,2000,none,,none,False,65,24,0,0,20.0,1e+20,1.8129133566428555,2.4,0.0,,0,False,1.3657909824638334e+16,0.00013657909824638334,1.0,0.0,0.4166666666666667,,0.0,1.5384615384615386e+18,18.187086643357144,244,4,bound_mass_fraction,random_forest,raw,0.014029983806004568,-0.014029983806004568,0.0030120528099045413,0.0018095382120431906,0.0012025145978613507,0.01826113719012749,11,True,True,False,False,False,False,medium_confidence_screening
Ma_xp_A2000_n65_r24_v00_90000_fof_0.0030_0000.hdf5,Ma_xp_A2000_n65_r24_v00_90000.hdf5,A2000,n65,r24,v00,,90000,0.003,1,3227695,9.996273753012568e+19,0,0.0,0.0,0.0,1,9.996273753012568e+19,1.0,9.996273753012568e+19,2000,none,,none,False,65,24,0,0,20.0,1e+20,1.8129133566428555,2.4,0.0,,0,False,9.996273753012568e+19,0.9996273753012568,1.0,0.0,0.4166666666666667,,0.0,1.5384615384615386e+18,18.187086643357144,245,4,bound_mass_fraction,random_forest,raw,0.0012472235604924456,-0.0012472235604924456,0.0012566860612644422,-0.0019642213755895477,0.00322090743685399,0.01826113719012749,11,True,True,False,False,False,False,medium_confidence_screening
Ma_xp_A2000_n65_r24_v00_90000_fof_0.0035_0000.hdf5,Ma_xp_A2000_n65_r24_v00_90000.hdf5,A2000,n65,r24,v00,,90000,0.0035,1,3227695,9.996273753012568e+19,0,0.0,0.0,0.0,1,9.996273753012568e+19,1.0,9.996273753012568e+19,2000,none,,none,False,65,24,0,0,20.0,1e+20,1.8129133566428555,2.4,0.0,,0,False,9.996273753012568e+19,0.9996273753012568,1.0,0.0,0.4166666666666667,,0.0,1.5384615384615386e+18,18.187086643357144,246,4,bound_mass_fraction,random_forest,raw,0.0012957429294389823,-0.0012957429294389823,0.0011857441941345815,-0.0006054870339836227,0.0017912312281182043,0.01826113719012749,11,True,True,False,False,False,False,medium_confidence_screening
Ma_xp_A2000_n65_r24_v00_90000_fof_0.0040_0000.hdf5,Ma_xp_A2000_n65_r24_v00_90000.hdf5,A2000,n65,r24,v00,,90000,0.004,1,3227695,9.996273753012568e+19,0,0.0,0.0,0.0,1,9.996273753012568e+19,1.0,9.996273753012568e+19,2000,none,,none,False,65,24,0,0,20.0,1e+20,1.8129133566428555,2.4,0.0,,0,False,9.996273753012568e+19,0.9996273753012568,1.0,0.0,0.4166666666666667,,0.0,1.5384615384615386e+18,18.187086643357144,247,4,bound_mass_fraction,random_forest,raw,0.0013721616889161888,-0.0013721616889161888,0.0007726491746545859,-0.0006054870339836227,0.0013781362086382086,0.01826113719012749,11,True,True,False,False,False,False,medium_confidence_screening
Ma_xp_A2000_n65_r24_v00_90000_fof_0.0045_0000.hdf5,Ma_xp_A2000_n65_r24_v00_90000.hdf5,A2000,n65,r24,v00,,90000,0.0045,1,3227695,9.996273753012568e+19,0,0.0,0.0,0.0,1,9.996273753012568e+19,1.0,9.996273753012568e+19,2000,none,,none,False,65,24,0,0,20.0,1e+20,1.8129133566428555,2.4,0.0,,0,False,9.996273753012568e+19,0.9996273753012568,1.0,0.0,0.4166666666666667,,0.0,1.5384615384615386e+18,18.187086643357144,248,4,bound_mass_fraction,random_forest,raw,0.0020631121186960796,-0.0020631121186960796,0.001009370927291557,-0.0006054870339836227,0.0016148579612751796,0.01826113719012749,11,True,True,False,False,False,False,medium_confidence_screening
Ma_xp_A2000_n65_r24_v00_90000_fof_0.0050_0000.hdf5,Ma_xp_A2000_n65_r24_v00_90000.hdf5,A2000,n65,r24,v00,,90000,0.005,1,3227695,9.996273753012568e+19,0,0.0,0.0,0.0,1,9.996273753012568e+19,1.0,9.996273753012568e+19,2000,none,,none,False,65,24,0,0,20.0,1e+20,1.8129133566428555,2.4,0.0,,0,False,9.996273753012568e+19,0.9996273753012568,1.0,0.0,0.4166666666666667,,0.0,1.5384615384615386e+18,18.187086643357144,249,4,bound_mass_fraction,random_forest,raw,0.002190680361723974,-0.002190680361723974,0.0009100693156590391,-0.0006054870339836227,0.0015155563496426618,0.01826113719012749,11,True,True,False,False,False,False,medium_confidence_screening
Ma_xp_A2000_n65_r24_v00_90000_fof_0.0060_0000.hdf5,Ma_xp_A2000_n65_r24_v00_90000.hdf5,A2000,n65,r24,v00,,90000,0.006,1,3227695,9.996273753012568e+19,0,0.0,0.0,0.0,1,9.996273753012568e+19,1.0,9.996273753012568e+19,2000,none,,none,False,65,24,0,0,20.0,1e+20,1.8129133566428555,2.4,0.0,,0,False,9.996273753012568e+19,0.9996273753012568,1.0,0.0,0.4166666666666667,,0.0,1.5384615384615386e+18,18.187086643357144,250,4,bound_mass_fraction,random_forest,raw,0.0022094630057638504,-0.0022094630057638504,0.0010093808234778888,-0.0006054870339836227,0.0016148678574615114,0.01826113719012749,11,True,True,False,False,False,False,medium_confidence_screening
Ma_xp_A2000_n65_r24_v00_90000_fof_0.0080_0000.hdf5,Ma_xp_A2000_n65_r24_v00_90000.hdf5,A2000,n65,r24,v00,,90000,0.008,1,3227695,9.996273753012568e+19,0,0.0,0.0,0.0,1,9.996273753012568e+19,1.0,9.996273753012568e+19,2000,none,,none,False,65,24,0,0,20.0,1e+20,1.8129133566428555,2.4,0.0,,0,False,9.996273753012568e+19,0.9996273753012568,1.0,0.0,0.4166666666666667,,0.0,1.5384615384615386e+18,18.187086643357144,251,4,bound_mass_fraction,random_forest,raw,0.001921462291667078,-0.001921462291667078,0.0009382965058388903,-0.0006054870339836227,0.001543783539822513,0.01826113719012749,11,True,True,False,False,False,False,medium_confidence_screening
Ma_xp_A2000_s030mz_n65_r12_v00_90000_fof_0.0040_0000.hdf5,Ma_xp_A2000_s030mz_n65_r12_v00_90000.hdf5,A2000,n65,r12,v00,s030mz,90000,0.004,1,3162277,9.95093669198358e+19,0,0.0,0.0,0.0,1,9.95093669198358e+19,1.0,9.95093669198358e+19,2000,none,30.0,mz,True,65,12,0,0,20.0,1e+20,1.8129133566428555,1.2,0.0,3.0,1,False,9.95093669198358e+19,0.995093669198358,1.0,0.0,0.8333333333333334,0.3333333333333333,0.0,1.5384615384615386e+18,18.187086643357144,252,2,bound_mass_fraction,random_forest,raw,0.06728034733995207,-0.06728034733995207,0.03800778302008847,0.001808788560341688,0.03619899445974678,0.030660771438038546,62,True,True,False,False,False,False,low_confidence_sph_required
Ma_xp_A2000_s030x_n65_r12_v00_90000_fof_0.0040_0000.hdf5,Ma_xp_A2000_s030x_n65_r12_v00_90000.hdf5,A2000,n65,r12,v00,s030x,90000,0.004,4145,43582,9.454978501317504e+19,1950,1.9942548445460296e+19,0.2109211400394131,3.075960966415753e+17,2195,7.460723656771474e+19,0.789078859960587,1.3714223103666245e+18,2000,none,30.0,x,True,65,12,0,0,20.0,1e+20,1.8129133566428555,1.2,0.0,3.0,1,True,1.3714223103666245e+18,0.013714223103666245,1.0,0.0,0.8333333333333334,0.3333333333333333,0.0,1.5384615384615386e+18,18.187086643357144,253,1,bound_mass_fraction,random_forest,raw,0.20940859569949827,0.001512544339914823,0.21207355089677796,0.2149815462470218,0.0029079953502438305,0.023219544997992527,62,True,True,False,False,False,False,medium_confidence_screening
Ma_xp_A2000_s030x_n65_r16_v00_90000_fof_0.0040_0000.hdf5,Ma_xp_A2000_s030x_n65_r16_v00_90000.hdf5,A2000,n65,r16,v00,s030x,90000,0.004,522,733259,9.803526573456931e+19,66,6.127723324294966e+18,0.0625052962154026,3.933579791760219e+18,456,9.190754241027436e+19,0.9374947037845976,2.3073923910854517e+19,2000,none,30.0,x,True,65,16,0,0,20.0,1e+20,1.8129133566428555,1.6,0.0,3.0,1,False,2.3073923910854517e+19,0.23073923910854516,1.0,0.0,0.625,0.3333333333333333,0.0,1.5384615384615386e+18,18.187086643357144,254,0,bound_mass_fraction,random_forest,raw,0.16113313236161156,-0.09862783614620896,0.13208279825974614,0.1182479205393583,0.013834877720387842,0.026810536987400938,65,True,True,False,False,False,False,low_confidence_sph_required
Ma_xp_A2000_s030x_n65_r16_v06_90000_fof_0.0040_0000.hdf5,Ma_xp_A2000_s030x_n65_r16_v06_90000.hdf5,A2000,n65,r16,v06,s030x,90000,0.004,432,748842,9.811531938882948e+19,0,0.0,0.0,0.0,432,9.811531938882948e+19,1.0,2.3564284010496967e+19,2000,none,30.0,x,True,65,16,6,0,20.0,1e+20,1.8129133566428555,1.6,0.6,3.0,1,False,2.3564284010496967e+19,0.23564284010496966,1.0455854845748274,0.36,0.625,0.3333333333333333,0.96,1.5384615384615386e+18,18.187086643357144,255,4,bound_mass_fraction,random_forest,raw,0.05191599571600078,-0.05191599571600078,0.03376303710426334,0.008605864156446095,0.02515717294781724,0.01826113719012749,65,True,False,False,False,False,False,low_confidence_sph_required
Ma_xp_A2000_s030x_n65_r20_v00_90000_fof_0.0040_0000.hdf5,Ma_xp_A2000_s030x_n65_r20_v00_90000.hdf5,A2000,n65,r20,v00,s030x,90000,0.004,3,2196131,9.949083249159876e+19,0,0.0,0.0,0.0,3,9.949083249159876e+19,1.0,6.910704074870025e+19,2000,none,30.0,x,True,65,20,0,0,20.0,1e+20,1.8129133566428555,2.0,0.0,3.0,1,False,6.910704074870025e+19,0.6910704074870024,1.0,0.0,0.5,0.3333333333333333,0.0,1.5384615384615386e+18,18.187086643357144,256,3,bound_mass_fraction,random_forest,raw,0.03983325014556731,-0.03983325014556731,0.022600610027259795,-0.004379582652835861,0.026980192680095657,0.028372849741956824,38,True,True,False,False,False,False,low_confidence_sph_required
Ma_xp_A2000_s030y_n65_r12_v00_90000_fof_0.0040_0000.hdf5,Ma_xp_A2000_s030y_n65_r12_v00_90000.hdf5,A2000,n65,r12,v00,s030y,90000,0.004,820,200567,9.734278903818165e+19,208,2.365434437133895e+19,0.2430004790807955,2.676510853802325e+18,612,7.368844466684271e+19,0.7569995209192046,6.311368420978631e+18,2000,none,30.0,y,True,65,12,0,0,20.0,1e+20,1.8129133566428555,1.2,0.0,3.0,1,True,6.311368420978631e+18,0.0631136842097863,1.0,0.0,0.8333333333333334,0.3333333333333333,0.0,1.5384615384615386e+18,18.187086643357144,257,2,bound_mass_fraction,random_forest,raw,0.1970945665323155,0.045905912548480005,0.21749127583823225,0.21881048712097156,0.0013192112827393188,0.030660771438038546,62,True,True,False,False,False,False,medium_confidence_screening
Ma_xp_A2000_s030y_n65_r16_v00_90000_fof_0.0040_0000.hdf5,Ma_xp_A2000_s030y_n65_r16_v00_90000.hdf5,A2000,n65,r16,v00,s030y,90000,0.004,4583,175960,9.19492370214666e+19,1755,1.9517609551441097e+19,0.212265051714181,1.2589255282189317e+18,2828,7.24316274700255e+19,0.7877349482858188,5.537044415851135e+18,2000,none,30.0,y,True,65,16,0,0,20.0,1e+20,1.8129133566428555,1.6,0.0,3.0,1,True,5.537044415851135e+18,0.05537044415851135,1.0,0.0,0.625,0.3333333333333333,0.0,1.5384615384615386e+18,18.187086643357144,258,1,bound_mass_fraction,random_forest,raw,0.18786152290241703,0.02440352881176397,0.19994575523755562,0.21486188973921963,0.014916134501664013,0.023219544997992527,65,True,True,False,False,False,False,low_confidence_sph_required
Ma_xp_A2000_s030y_n65_r16_v06_90000_fof_0.0040_0000.hdf5,Ma_xp_A2000_s030y_n65_r16_v06_90000.hdf5,A2000,n65,r16,v06,s030y,90000,0.004,3754,375918,9.320089352688271e+19,586,7.594744298775898e+18,0.0814878914930711,1.5320016332476526e+18,3168,8.560614922810684e+19,0.918512108506929,1.1829249049381585e+19,2000,none,30.0,y,True,65,16,6,0,20.0,1e+20,1.8129133566428555,1.6,0.6,3.0,1,False,1.1829249049381585e+19,0.11829249049381585,1.0455854845748274,0.36,0.625,0.3333333333333333,0.96,1.5384615384615386e+18,18.187086643357144,259,1,bound_mass_fraction,random_forest,raw,0.06232265649384556,0.019165234999225546,0.06640164286951812,0.06984312432026325,0.003441481450745132,0.023219544997992527,65,True,False,False,False,False,True,high_confidence_screening
Ma_xp_A2000_s030y_n65_r20_v00_90000_fof_0.0040_0000.hdf5,Ma_xp_A2000_s030y_n65_r20_v00_90000.hdf5,A2000,n65,r20,v00,s030y,90000,0.004,60,2446316,9.940747473520904e+19,0,0.0,0.0,0.0,60,9.940747473520904e+19,1.0,7.697977010223256e+19,2000,none,30.0,y,True,65,20,0,0,20.0,1e+20,1.8129133566428555,2.0,0.0,3.0,1,False,7.697977010223256e+19,0.7697977010223256,1.0,0.0,0.5,0.3333333333333333,0.0,1.5384615384615386e+18,18.187086643357144,260,4,bound_mass_fraction,random_forest,raw,0.028286017775653375,-0.028286017775653375,0.026010098985295303,0.00365556604450171,0.022354532940793592,0.01826113719012749,38,True,True,False,False,False,False,low_confidence_sph_required
Ma_xp_A2000_s030z_n65_r11_v00_90000_fof_0.0040_0000.hdf5,Ma_xp_A2000_s030z_n65_r11_v00_90000.hdf5,A2000,n65,r11,v00,s030z,90000,0.004,424,77623,9.931665915126351e+19,179,2.72080469172164e+19,0.2739524985005524,2.221425968932632e+18,245,7.210861223404713e+19,0.7260475014994475,2.442611949831137e+18,2000,none,30.0,z,True,65,11,0,0,20.0,1e+20,1.8129133566428555,1.1,0.0,3.0,1,True,2.442611949831137e+18,0.024426119498311367,1.0,0.0,0.9090909090909091,0.3333333333333333,0.0,1.5384615384615386e+18,18.187086643357144,261,3,bound_mass_fraction,random_forest,raw,0.24440988480906423,0.029542613691488195,0.25513857886673674,0.2528821229275899,0.002256455939146862,0.028372849741956824,11,True,True,False,False,False,False,medium_confidence_screening
Ma_xp_A2000_s030z_n65_r12_v00_90000_fof_0.0040_0000.hdf5,Ma_xp_A2000_s030z_n65_r12_v00_90000.hdf5,A2000,n65,r12,v00,s030z,90000,0.004,370,100304,9.93912059699561e+19,128,2.7398111410691146e+19,0.2756593115388199,2.0706330794076687e+18,242,7.199309455926495e+19,0.72434068846118,3.1563292969279375e+18,2000,none,30.0,z,True,65,12,0,0,20.0,1e+20,1.8129133566428555,1.2,0.0,3.0,1,True,3.1563292969279375e+18,0.03156329296927938,1.0,0.0,0.8333333333333334,0.3333333333333333,0.0,1.5384615384615386e+18,18.187086643357144,262,2,bound_mass_fraction,random_forest,raw,0.24591264537548463,0.029746666163335267,0.2554943882661693,0.2528821229275899,0.0026122653385794448,0.030660771438038546,62,True,True,False,False,False,False,medium_confidence_screening
Ma_xp_A2000_s030z_n65_r12_v02_90000_fof_0.0040_0000.hdf5,Ma_xp_A2000_s030z_n65_r12_v02_90000.hdf5,A2000,n65,r12,v02,s030z,90000,0.004,367,100750,9.938148247186932e+19,132,2.476080922557276e+19,0.2491491232542389,1.9298154290269903e+18,235,7.462067324629656e+19,0.7508508767457609,3.170363860518836e+18,2000,none,30.0,z,True,65,12,2,0,20.0,1e+20,1.8129133566428555,1.2,0.2,3.0,1,True,3.170363860518836e+18,0.031703638605188364,1.0037987903812355,0.04000000000000001,0.8333333333333334,0.3333333333333333,0.24,1.5384615384615386e+18,18.187086643357144,263,1,bound_mass_fraction,random_forest,raw,0.2406385500136354,0.008510573240603503,0.2412592367437875,0.24532659751855718,0.004067360774769685,0.023219544997992527,62,True,True,False,False,False,False,medium_confidence_screening
Ma_xp_A2000_s030z_n65_r12_v04_90000_fof_0.0040_0000.hdf5,Ma_xp_A2000_s030z_n65_r12_v04_90000.hdf5,A2000,n65,r12,v04,s030z,90000,0.004,374,117156,9.93959890499291e+19,139,2.174369272981876e+19,0.2187582510889484,1.920438074878735e+18,235,7.765229632011035e+19,0.7812417489110516,3.686621820770594e+18,2000,none,30.0,z,True,65,12,4,0,20.0,1e+20,1.8129133566428555,1.2,0.4,3.0,1,True,3.686621820770594e+18,0.036866218207705935,1.0151951615249424,0.16000000000000003,0.8333333333333334,0.3333333333333333,0.48,1.5384615384615386e+18,18.187086643357144,264,0,bound_mass_fraction,random_forest,raw,0.20863892449483543,0.010119326594112965,0.21116719359099348,0.2128903836865773,0.001723190095583832,0.026810536987400938,62,True,True,False,False,False,False,medium_confidence_screening
Ma_xp_A2000_s030z_n65_r12_v06_90000_fof_0.0040_0000.hdf5,Ma_xp_A2000_s030z_n65_r12_v06_90000.hdf5,A2000,n65,r12,v06,s030z,90000,0.004,366,91623,9.937276593798552e+19,131,1.5881178602696751e+19,0.1598141950945347,1.5427006279134472e+18,235,8.349158733528875e+19,0.8401858049054651,2.883158789007329e+18,2000,none,30.0,z,True,65,12,6,0,20.0,1e+20,1.8129133566428555,1.2,0.6,3.0,1,True,2.883158789007329e+18,0.028831587890073288,1.0341891134311205,0.36,0.8333333333333334,0.3333333333333333,0.72,1.5384615384615386e+18,18.187086643357144,265,4,bound_mass_fraction,random_forest,raw,0.1523630798581068,0.007451115236427913,0.14876953173890192,0.17358562022154533,0.02481608848264341,0.01826113719012749,62,True,True,False,False,False,False,low_confidence_sph_required
Ma_xp_A2000_s030z_n65_r12_v08_90000_fof_0.0040_0000.hdf5,Ma_xp_A2000_s030z_n65_r12_v08_90000.hdf5,A2000,n65,r12,v08,s030z,90000,0.004,319,97945,9.941741850689526e+19,72,8.693593986216262e+18,0.0874453804653286,1.0352850720724552e+18,247,9.0723824520679e+19,0.9125546195346717,3.082097154526749e+18,2000,none,30.0,z,True,65,12,8,0,20.0,1e+20,1.8129133566428555,1.2,0.8,3.0,1,False,3.082097154526749e+18,0.030820971545267493,1.06078064609977,0.6400000000000001,0.8333333333333334,0.3333333333333333,0.96,1.5384615384615386e+18,18.187086643357144,266,3,bound_mass_fraction,random_forest,raw,0.0715391336228905,0.015906246842438104,0.0717697705526487,0.07918278595564043,0.007413015402991732,0.028372849741956824,62,True,True,False,False,False,False,medium_confidence_screening
Ma_xp_A2000_s030z_n65_r12_v10_90000_fof_0.0040_0000.hdf5,Ma_xp_A2000_s030z_n65_r12_v10_90000.hdf5,A2000,n65,r12,v10,s030z,90000,0.004,278,114081,9.921973884660992e+19,28,2.276714597249457e+18,0.0229461861492013,3.630735307468571e+17,250,9.694302424936048e+19,0.9770538138507988,3.58985885430868e+18,2000,none,30.0,z,True,65,12,10,0,20.0,1e+20,1.8129133566428555,1.2,1.0,3.0,1,False,3.58985885430868e+18,0.0358985885430868,1.0949697595308905,1.0,0.8333333333333334,0.3333333333333333,1.2,1.5384615384615386e+18,18.187086643357144,267,2,bound_mass_fraction,random_forest,raw,0.030222631998431844,-0.007276445849230543,0.02513741669486884,0.021978255881267447,0.0031591608136013923,0.030660771438038546,62,True,True,False,False,False,False,medium_confidence_screening
Ma_xp_A2000_s030z_n65_r12_v12_90000_fof_0.0040_0000.hdf5,Ma_xp_A2000_s030z_n65_r12_v12_90000.hdf5,A2000,n65,r12,v12,s030z,90000,0.004,275,101422,9.944284435303363e+19,0,0.0,0.0,0.0,275,9.944284435303363e+19,1.0,3.1915101087992934e+18,2000,none,30.0,z,True,65,12,12,0,20.0,1e+20,1.8129133566428555,1.2,1.2,3.0,1,False,3.1915101087992934e+18,0.031915101087992934,1.136756453724482,1.44,0.8333333333333334,0.3333333333333333,1.44,1.5384615384615386e+18,18.187086643357144,268,1,bound_mass_fraction,random_forest,raw,0.031791198136296335,-0.031791198136296335,0.01710216688135053,0.0179970096294018,0.0008948427480512701,0.023219544997992527,62,True,True,False,False,False,False,medium_confidence_screening
Ma_xp_A2000_s030z_n65_r12_v14_90000_fof_0.0040_0000.hdf5,Ma_xp_A2000_s030z_n65_r12_v14_90000.hdf5,A2000,n65,r12,v14,s030z,90000,0.004,257,119361,9.943972905750184e+19,0,0.0,0.0,0.0,257,9.943972905750184e+19,1.0,3.756007947940844e+18,2000,none,30.0,z,True,65,12,14,0,20.0,1e+20,1.8129133566428555,1.2,1.4,3.0,1,False,3.756007947940844e+18,0.03756007947940844,1.1861407286805452,1.9599999999999997,0.8333333333333334,0.3333333333333333,1.68,1.5384615384615386e+18,18.187086643357144,269,0,bound_mass_fraction,random_forest,raw,0.012046010931316048,-0.012046010931316048,0.005985469774914484,0.0102752898550825,0.004289820080168015,0.026810536987400938,62,True,True,False,False,False,False,medium_confidence_screening
Ma_xp_A2000_s030z_n65_r12_v16_90000_fof_0.0040_0000.hdf5,Ma_xp_A2000_s030z_n65_r12_v16_90000.hdf5,A2000,n65,r12,v16,s030z,90000,0.004,245,114343,9.945014484346633e+19,0,0.0,0.0,0.0,245,9.945014484346633e+19,1.0,3.598103373727549e+18,2000,none,30.0,z,True,65,12,16,0,20.0,1e+20,1.8129133566428555,1.2,1.6,3.0,1,False,3.598103373727549e+18,0.035981033737275486,1.2431225843990794,2.5600000000000005,0.8333333333333334,0.3333333333333333,1.92,1.5384615384615386e+18,18.187086643357144,270,4,bound_mass_fraction,random_forest,raw,0.012862770615550918,-0.012862770615550918,0.007183717559189495,0.0102752898550825,0.0030915722958930044,0.01826113719012749,62,True,True,False,False,False,False,medium_confidence_screening
Ma_xp_A2000_s030z_n65_r13_v00_90000_fof_0.0040_0000.hdf5,Ma_xp_A2000_s030z_n65_r13_v00_90000.hdf5,A2000,n65,r13,v00,s030z,90000,0.004,400,89650,9.938050697530014e+19,134,2.6590242910529528e+19,0.2675599442971066,1.9958030520098468e+18,266,7.279026406477061e+19,0.7324400557028933,2.8210731523148554e+18,2000,none,30.0,z,True,65,13,0,0,20.0,1e+20,1.8129133566428555,1.3,0.0,3.0,1,True,2.8210731523148554e+18,0.028210731523148555,1.0,0.0,0.7692307692307692,0.3333333333333333,0.0,1.5384615384615386e+18,18.187086643357144,271,3,bound_mass_fraction,random_forest,raw,0.24498705784288405,0.022572886454222563,0.25692408217022766,0.2528821229275899,0.004041959242637783,0.028372849741956824,11,True,True,False,False,False,False,medium_confidence_screening
Ma_xp_A2000_s030z_n65_r14_v00_90000_fof_0.0040_0000.hdf5,Ma_xp_A2000_s030z_n65_r14_v00_90000.hdf5,A2000,n65,r14,v00,s030z,90000,0.004,391,93045,9.802975889874328e+19,146,2.3654501709498274e+19,0.2412991929719162,1.85161836507258e+18,245,7.437525718924498e+19,0.7587008070280835,2.927905760815082e+18,2000,none,30.0,z,True,65,14,0,0,20.0,1e+20,1.8129133566428555,1.4,0.0,3.0,1,True,2.927905760815082e+18,0.02927905760815082,1.0,0.0,0.7142857142857143,0.3333333333333333,0.0,1.5384615384615386e+18,18.187086643357144,272,2,bound_mass_fraction,random_forest,raw,0.24788558419273538,-0.0065863912208191655,0.2505253654144794,0.2528821229275899,0.0023567575131104856,0.030660771438038546,20,True,True,False,False,False,False,medium_confidence_screening
Ma_xp_A2000_s030z_n65_r15_v00_90000_fof_0.0040_0000.hdf5,Ma_xp_A2000_s030z_n65_r15_v00_90000.hdf5,A2000,n65,r15,v00,s030z,90000,0.004,369,100288,9.941059003089078e+19,131,2.5429842536129933e+19,0.2558061724432767,1.860114625542476e+18,238,7.398074749476082e+19,0.744193827556723,3.155825814826022e+18,2000,none,30.0,z,True,65,15,0,0,20.0,1e+20,1.8129133566428555,1.5,0.0,3.0,1,True,3.155825814826022e+18,0.03155825814826022,1.0,0.0,0.6666666666666666,0.3333333333333333,0.0,1.5384615384615386e+18,18.187086643357144,273,1,bound_mass_fraction,random_forest,raw,0.23961594780183082,0.01619022464144587,0.24888367643406317,0.2528821229275899,0.003998446493526708,0.023219544997992527,11,True,True,False,False,False,False,medium_confidence_screening
Ma_xp_A2000_s030z_n65_r16_v00_90000_fof_0.0040_0000.hdf5,Ma_xp_A2000_s030z_n65_r16_v00_90000.hdf5,A2000,n65,r16,v00,s030z,90000,0.004,377,101631,9.934932255261971e+19,156,2.5106701429591687e+19,0.2527113500577126,2.296098658173604e+18,221,7.424262112302803e+19,0.7472886499422872,3.1980868437555666e+18,2000,none,30.0,z,True,65,16,0,0,20.0,1e+20,1.8129133566428555,1.6,0.0,3.0,1,True,3.1980868437555666e+18,0.03198086843755567,1.0,0.0,0.625,0.3333333333333333,0.0,1.5384615384615386e+18,18.187086643357144,274,0,bound_mass_fraction,random_forest,raw,0.23477217176331522,0.017939178294397395,0.24075029402358245,0.24388643472338348,0.003136140699801032,0.026810536987400938,65,True,True,False,False,False,False,medium_confidence_screening
Ma_xp_A2000_s030z_n65_r16_v02_90000_fof_0.0040_0000.hdf5,Ma_xp_A2000_s030z_n65_r16_v02_90000.hdf5,A2000,n65,r16,v02,s030z,90000,0.004,366,92826,9.93919926607542e+19,129,2.2855003599281e+19,0.229948137545546,1.59597532782283e+18,237,7.653698906147317e+19,0.7700518624544539,2.9210143495451116e+18,2000,none,30.0,z,True,65,16,2,0,20.0,1e+20,1.8129133566428555,1.6,0.2,3.0,1,True,2.9210143495451116e+18,0.029210143495451115,1.0050650538416475,0.04000000000000001,0.625,0.3333333333333333,0.32000000000000006,1.5384615384615386e+18,18.187086643357144,275,4,bound_mass_fraction,random_forest,raw,0.22096877356644198,0.00897936397910401,0.22723876240019625,0.23938198503884808,0.012143222638651835,0.01826113719012749,65,True,False,False,False,False,False,low_confidence_sph_required
Ma_xp_A2000_s030z_n65_r16_v06_90000_fof_0.0040_0000.hdf5,Ma_xp_A2000_s030z_n65_r16_v06_90000.hdf5,A2000,n65,r16,v06,s030z,90000,0.004,341,109924,9.913178681692951e+19,112,1.4313366804950086e+19,0.1443872572516334,1.1109332578858968e+18,229,8.481842001197944e+19,0.8556127427483665,3.459047910704721e+18,2000,none,30.0,z,True,65,16,6,0,20.0,1e+20,1.8129133566428555,1.6,0.6,3.0,1,True,3.459047910704721e+18,0.03459047910704721,1.0455854845748274,0.36,0.625,0.3333333333333333,0.96,1.5384615384615386e+18,18.187086643357144,276,3,bound_mass_fraction,random_forest,raw,0.09126398064662722,0.05312327660500618,0.10309509806926609,0.12022134966582212,0.017126251596556036,0.028372849741956824,65,True,False,False,False,True,False,low_confidence_sph_required
Ma_xp_A2000_s030z_n65_r16_v08_90000_fof_0.0040_0000.hdf5,Ma_xp_A2000_s030z_n65_r16_v08_90000.hdf5,A2000,n65,r16,v08,s030z,90000,0.004,303,101971,9.943157894099434e+19,62,7.387372608048296e+18,0.0742960404202389,7.315280264579997e+17,241,9.204420633294604e+19,0.925703959579761,3.208785838421274e+18,2000,none,30.0,z,True,65,16,8,0,20.0,1e+20,1.8129133566428555,1.6,0.8,3.0,1,False,3.208785838421274e+18,0.03208785838421274,1.0810408614663598,0.6400000000000001,0.625,0.3333333333333333,1.2800000000000002,1.5384615384615386e+18,18.187086643357144,277,2,bound_mass_fraction,random_forest,raw,0.06783766943217262,0.0064583709880662865,0.06653689534358348,0.06320348487968705,0.00333341046389643,0.030660771438038546,65,True,False,False,False,False,True,high_confidence_screening
Ma_xp_A2000_s030z_n65_r16_v10_90000_fof_0.0040_0000.hdf5,Ma_xp_A2000_s030z_n65_r16_v10_90000.hdf5,A2000,n65,r16,v10,s030z,90000,0.004,280,120578,9.942997409177718e+19,21,1.6391174504308987e+18,0.0164851440966678,3.2732630151055526e+17,259,9.779085664134627e+19,0.983514855903332,3.794304055317803e+18,2000,none,30.0,z,True,65,16,10,0,20.0,1e+20,1.8129133566428555,1.6,1.0,3.0,1,False,3.794304055317803e+18,0.03794304055317803,1.1266263460411872,1.0,0.625,0.3333333333333333,1.6,1.5384615384615386e+18,18.187086643357144,278,1,bound_mass_fraction,random_forest,raw,0.025677050981582447,-0.009191906884914648,0.020496539883579117,0.01681508936291947,0.0036814505206596466,0.023219544997992527,65,True,False,False,False,False,True,high_confidence_screening
Ma_xp_A2000_s030z_n65_r17_v00_90000_fof_0.0040_0000.hdf5,Ma_xp_A2000_s030z_n65_r17_v00_90000.hdf5,A2000,n65,r17,v00,s030z,90000,0.004,382,84756,9.917669112691964e+19,147,2.5040273259769627e+19,0.2524814346520673,1.808381839570222e+18,235,7.413641786715e+19,0.7475185653479326,2.6670705643914066e+18,2000,none,30.0,z,True,65,17,0,0,20.0,1e+20,1.8129133566428555,1.7,0.0,3.0,1,True,2.6670705643914066e+18,0.026670705643914067,1.0,0.0,0.5882352941176471,0.3333333333333333,0.0,1.5384615384615386e+18,18.187086643357144,279,0,bound_mass_fraction,random_forest,raw,0.2274349613152494,0.025046473336817893,0.23913151323114046,0.24388643472338348,0.004754921492243019,0.026810536987400938,11,True,True,False,False,False,False,medium_confidence_screening
Ma_xp_A2000_s030z_n65_r18_v00_90000_fof_0.0040_0000.hdf5,Ma_xp_A2000_s030z_n65_r18_v00_90000.hdf5,A2000,n65,r18,v00,s030z,90000,0.004,347,106322,9.941732410398188e+19,126,2.408913263398049e+19,0.2423031684979305,1.940073876853605e+18,221,7.532819147000142e+19,0.7576968315020697,3.3457015025109606e+18,2000,none,30.0,z,True,65,18,0,0,20.0,1e+20,1.8129133566428555,1.8,0.0,3.0,1,True,3.3457015025109606e+18,0.03345701502510961,1.0,0.0,0.5555555555555556,0.3333333333333333,0.0,1.5384615384615386e+18,18.187086643357144,280,4,bound_mass_fraction,random_forest,raw,0.20265528862180673,0.039647879876123754,0.2142758002275772,0.23065068223777277,0.016374882010195574,0.01826113719012749,17,True,True,False,False,False,False,low_confidence_sph_required
Ma_xp_A2000_s030z_n65_r19_v00_90000_fof_0.0040_0000.hdf5,Ma_xp_A2000_s030z_n65_r19_v00_90000.hdf5,A2000,n65,r19,v00,s030z,90000,0.004,350,132741,9.939671280541929e+19,129,2.3250457322707595e+19,0.2339157570353769,1.9074734107543017e+18,221,7.614625548271169e+19,0.7660842429646231,4.1770448556678047e+18,2000,none,30.0,z,True,65,19,0,0,20.0,1e+20,1.8129133566428555,1.9,0.0,3.0,1,True,4.1770448556678047e+18,0.041770448556678046,1.0,0.0,0.5263157894736842,0.3333333333333333,0.0,1.5384615384615386e+18,18.187086643357144,281,0,bound_mass_fraction,random_forest,raw,0.18591273193138153,0.04800302510399537,0.20852282714256742,0.21538356666822275,0.006860739525655329,0.026810536987400938,11,True,True,False,False,False,False,medium_confidence_screening
Ma_xp_A2000_s030z_n65_r20_v00_90000_fof_0.0040_0000.hdf5,Ma_xp_A2000_s030z_n65_r20_v00_90000.hdf5,A2000,n65,r20,v00,s030z,90000,0.004,354,101992,9.930208963789768e+19,146,2.193448097881489e+19,0.2208863988542271,1.6154537916408502e+18,208,7.736760865908279e+19,0.7791136011457728,3.2094466586800384e+18,2000,none,30.0,z,True,65,20,0,0,20.0,1e+20,1.8129133566428555,2.0,0.0,3.0,1,True,3.2094466586800384e+18,0.03209446658680038,1.0,0.0,0.5,0.3333333333333333,0.0,1.5384615384615386e+18,18.187086643357144,282,1,bound_mass_fraction,random_forest,raw,0.16549531969780248,0.055391079156424605,0.19190686696364628,0.22279735936698758,0.030890492403341296,0.023219544997992527,38,True,True,False,False,False,False,low_confidence_sph_required
Ma_xp_A2000_s030z_n65_r20_v02_90000_fof_0.0040_0000.hdf5,Ma_xp_A2000_s030z_n65_r20_v02_90000.hdf5,A2000,n65,r20,v02,s030z,90000,0.004,346,119533,9.940479998665856e+19,130,2.1967301718333866e+19,0.2209883398113789,1.6936193879638904e+18,216,7.74374982683247e+19,0.7790116601886209,3.761420380536437e+18,2000,none,30.0,z,True,65,20,2,0,20.0,1e+20,1.8129133566428555,2.0,0.2,3.0,1,True,3.761420380536437e+18,0.03761420380536437,1.0063313173020594,0.04000000000000001,0.5,0.3333333333333333,0.4,1.5384615384615386e+18,18.187086643357144,283,2,bound_mass_fraction,random_forest,raw,0.17612794954835229,0.0448603902630266,0.18778800746771754,0.211743267732542,0.023955260264824474,0.030660771438038546,38,True,False,False,False,False,False,low_confidence_sph_required
Ma_xp_A2000_s030z_n65_r20_v04_90000_fof_0.0040_0000.hdf5,Ma_xp_A2000_s030z_n65_r20_v04_90000.hdf5,A2000,n65,r20,v04,s030z,90000,0.004,315,134405,9.940612162717988e+19,100,1.6647446894187278e+19,0.1674690312999344,1.6442466743443855e+18,215,8.275867473299261e+19,0.8325309687000657,4.229406994267032e+18,2000,none,30.0,z,True,65,20,4,0,20.0,1e+20,1.8129133566428555,2.0,0.4,3.0,1,True,4.229406994267032e+18,0.04229406994267032,1.0253252692082375,0.16000000000000003,0.5,0.3333333333333333,0.8,1.5384615384615386e+18,18.187086643357144,284,0,bound_mass_fraction,random_forest,raw,0.12676502815256893,0.04070400314736547,0.15151452466573323,0.16504722235430316,0.013532697688569933,0.026810536987400938,38,True,False,False,False,False,False,low_confidence_sph_required
Ma_xp_A2000_s030z_n65_r20_v06_90000_fof_0.0040_0000.hdf5,Ma_xp_A2000_s030z_n65_r20_v06_90000.hdf5,A2000,n65,r20,v06,s030z,90000,0.004,299,148516,9.94252539470155e+19,72,1.0735402715289045e+19,0.1079746069445296,1.0714728481479368e+18,227,8.868985123172645e+19,0.8920253930554704,4.673446740526268e+18,2000,none,30.0,z,True,65,20,6,0,20.0,1e+20,1.8129133566428555,2.0,0.6,3.0,1,True,4.673446740526268e+18,0.046734467405262686,1.0569818557185342,0.36,0.5,0.3333333333333333,1.2,1.5384615384615386e+18,18.187086643357144,285,4,bound_mass_fraction,random_forest,raw,0.07663469798250021,0.031339908962029386,0.08813795354289918,0.10934039302198387,0.021202439479084692,0.01826113719012749,38,True,False,False,False,False,False,low_confidence_sph_required
Ma_xp_A2000_s030z_n65_r20_v08_90000_fof_0.0040_0000.hdf5,Ma_xp_A2000_s030z_n65_r20_v08_90000.hdf5,A2000,n65,r20,v08,s030z,90000,0.004,272,122397,9.944111363325985e+19,33,4.025905822212733e+18,0.0404853251851173,7.469786334606619e+17,239,9.541520781104711e+19,0.9595146748148828,3.851543676779338e+18,2000,none,30.0,z,True,65,20,8,0,20.0,1e+20,1.8129133566428555,2.0,0.8,3.0,1,False,3.851543676779338e+18,0.038515436767793385,1.1013010768329496,0.6400000000000001,0.5,0.3333333333333333,1.6,1.5384615384615386e+18,18.187086643357144,286,3,bound_mass_fraction,random_forest,raw,0.059178937587019635,-0.018693612401902336,0.05121923792251824,0.04055154675513467,0.010667691167383572,0.028372849741956824,38,True,False,False,False,False,False,low_confidence_sph_required
Ma_xp_A2000_s030z_n65_r20_v10_90000_fof_0.0040_0000.hdf5,Ma_xp_A2000_s030z_n65_r20_v10_90000.hdf5,A2000,n65,r20,v10,s030z,90000,0.004,225,159160,9.944190032397006e+19,0,0.0,0.0,0.0,225,9.944190032397006e+19,1.0,5.008388208831103e+18,2000,none,30.0,z,True,65,20,10,0,20.0,1e+20,1.8129133566428555,2.0,1.0,3.0,1,False,5.008388208831103e+18,0.05008388208831103,1.158282932551484,1.0,0.5,0.3333333333333333,2.0,1.5384615384615386e+18,18.187086643357144,287,2,bound_mass_fraction,random_forest,raw,0.05334737321052187,-0.05334737321052187,0.031573342381360926,0.008830728724343739,0.022742613657017186,0.030660771438038546,38,True,False,False,False,False,False,low_confidence_sph_required
Ma_xp_A2000_s030z_n65_r22_v00_90000_fof_0.0040_0000.hdf5,Ma_xp_A2000_s030z_n65_r22_v00_90000.hdf5,A2000,n65,r22,v00,s030z,90000,0.004,307,198416,9.941678915419764e+19,112,2.068968441708127e+19,0.2081105675721543,1.924560334588203e+18,195,7.872710473711637e+19,0.7918894324278457,6.243681545901244e+18,2000,none,30.0,z,True,65,22,0,0,20.0,1e+20,1.8129133566428555,2.2,0.0,3.0,1,True,6.243681545901244e+18,0.062436815459012446,1.0,0.0,0.45454545454545453,0.3333333333333333,0.0,1.5384615384615386e+18,18.187086643357144,288,1,bound_mass_fraction,random_forest,raw,0.1431156682447983,0.064994899327356,0.16996498776407015,0.19825587276564455,0.028290885001574395,0.023219544997992527,12,True,True,False,False,False,False,low_confidence_sph_required
Ma_xp_A2000_s030z_n65_r24_v00_90000_fof_0.0040_0000.hdf5,Ma_xp_A2000_s030z_n65_r24_v00_90000.hdf5,A2000,n65,r24,v00,s030z,90000,0.004,261,543256,9.941927509710207e+19,74,1.4199139303077329e+19,0.1428207889185384,1.5916327946937723e+18,187,8.522013579402476e+19,0.8571792110814614,1.7094979547614806e+19,2000,none,30.0,z,True,65,24,0,0,20.0,1e+20,1.8129133566428555,2.4,0.0,3.0,1,True,1.7094979547614806e+19,0.17094979547614805,1.0,0.0,0.4166666666666667,0.3333333333333333,0.0,1.5384615384615386e+18,18.187086643357144,289,0,bound_mass_fraction,random_forest,raw,0.1330688149367932,0.009751973981745182,0.14507448418869232,0.13821156151756164,0.006862922671130672,0.026810536987400938,11,True,True,False,False,False,False,medium_confidence_screening
Ma_xp_A2000_s030z_n65_r26_v00_90000_fof_0.0040_0000.hdf5,Ma_xp_A2000_s030z_n65_r26_v00_90000.hdf5,A2000,n65,r26,v00,s030z,90000,0.004,164,1374930,9.942226452245108e+19,6,7.247341648450499e+18,0.0728945541852342,6.693259595287863e+18,158,9.217492287400056e+19,0.9271054458147656,4.326579039982779e+19,2000,none,30.0,z,True,65,26,0,0,20.0,1e+20,1.8129133566428555,2.6,0.0,3.0,1,False,4.326579039982779e+19,0.43265790399827786,1.0,0.0,0.3846153846153846,0.3333333333333333,0.0,1.5384615384615386e+18,18.187086643357144,290,4,bound_mass_fraction,random_forest,raw,0.07356950316999403,-0.0006749489847598239,0.07046510712924196,0.06555057227328819,0.004914534855953778,0.01826113719012749,2,True,True,True,False,False,False,medium_confidence_screening
Ma_xp_A2000_s030z_n65_r28_v00_90000_fof_0.0040_0000.hdf5,Ma_xp_A2000_s030z_n65_r28_v00_90000.hdf5,A2000,n65,r28,v00,s030z,90000,0.004,2,2534608,9.950927252202729e+19,0,0.0,0.0,0.0,2,9.950927252202729e+19,1.0,7.97581102104505e+19,2000,none,30.0,z,True,65,28,0,0,20.0,1e+20,1.8129133566428555,2.8,0.0,3.0,1,False,7.97581102104505e+19,0.7975811021045051,1.0,0.0,0.35714285714285715,0.3333333333333333,0.0,1.5384615384615386e+18,18.187086643357144,291,3,bound_mass_fraction,random_forest,raw,0.040636584280366574,-0.040636584280366574,0.02987369675083118,0.009260645812183877,0.020613050938647303,0.028372849741956824,2,True,True,True,False,False,False,low_confidence_sph_required
Ma_xp_A2000_s030z_n65_r30_v00_90000_fof_0.0040_0000.hdf5,Ma_xp_A2000_s030z_n65_r30_v00_90000.hdf5,A2000,n65,r30,v00,s030z,90000,0.004,132,3010958,9.941033828511452e+19,0,0.0,0.0,0.0,132,9.941033828511452e+19,1.0,9.474771640976209e+19,2000,none,30.0,z,True,65,30,0,0,20.0,1e+20,1.8129133566428555,3.0,0.0,3.0,1,False,9.474771640976209e+19,0.9474771640976208,1.0,0.0,0.3333333333333333,0.3333333333333333,0.0,1.5384615384615386e+18,18.187086643357144,292,2,bound_mass_fraction,random_forest,raw,0.038760888907489605,-0.038760888907489605,0.029141858567939747,0.006795356773321997,0.02234650179461775,0.030660771438038546,2,True,True,True,False,False,False,low_confidence_sph_required
Ma_xp_A2000_s036mz_n65_r12_v00_90000_fof_0.0040_0000.hdf5,Ma_xp_A2000_s036mz_n65_r12_v00_90000.hdf5,A2000,n65,r12,v00,s036mz,90000,0.004,1,3162274,1.0016129079298584e+20,0,0.0,0.0,0.0,1,1.0016129079298584e+20,1.0,1.0016129079298584e+20,2000,none,36.0,mz,True,65,12,0,0,20.0,1e+20,1.8129133566428555,1.2,0.0,3.6,1,False,1.0016129079298584e+20,1.0016129079298584,1.0,0.0,0.8333333333333334,0.2777777777777778,0.0,1.5384615384615386e+18,18.187086643357144,293,1,bound_mass_fraction,random_forest,raw,0.060916474687362894,-0.060916474687362894,0.029878601518170657,0.004853888153012665,0.02502471336515799,0.023219544997992527,62,True,True,False,False,False,False,low_confidence_sph_required
Ma_xp_A2000_s036x_n65_r12_v00_90000_fof_0.0040_0000.hdf5,Ma_xp_A2000_s036x_n65_r12_v00_90000.hdf5,A2000,n65,r12,v00,s036x,90000,0.004,2250,140749,9.675258617988742e+19,830,2.1410582351396487e+19,0.2212920935424798,7.83705275996451e+17,1420,7.534200382849093e+19,0.7787079064575202,4.458058193882082e+18,2000,none,36.0,x,True,65,12,0,0,20.0,1e+20,1.8129133566428555,1.2,0.0,3.6,1,True,4.458058193882082e+18,0.04458058193882082,1.0,0.0,0.8333333333333334,0.2777777777777778,0.0,1.5384615384615386e+18,18.187086643357144,294,0,bound_mass_fraction,random_forest,raw,0.20896619785003193,0.01232589569244788,0.20986610153146187,0.21743388850228737,0.007567786970825496,0.026810536987400938,62,True,True,False,False,False,False,medium_confidence_screening
Ma_xp_A2000_s036x_n65_r16_v00_90000_fof_0.0040_0000.hdf5,Ma_xp_A2000_s036x_n65_r16_v00_90000.hdf5,A2000,n65,r16,v00,s036x,90000,0.004,492,804681,9.862853139228044e+19,120,1.267925101718916e+19,0.1285556100065944,5.158207938290663e+18,372,8.594928037509128e+19,0.8714443899934056,2.5487319451798303e+19,2000,none,36.0,x,True,65,16,0,0,20.0,1e+20,1.8129133566428555,1.6,0.0,3.6,1,True,2.5487319451798303e+19,0.254873194517983,1.0,0.0,0.625,0.2777777777777778,0.0,1.5384615384615386e+18,18.187086643357144,295,4,bound_mass_fraction,random_forest,raw,0.13115658778672848,-0.0026009777801340728,0.12691414719740268,0.12692375770049058,9.610503087897904e-06,0.01826113719012749,65,True,True,False,False,False,False,medium_confidence_screening
Ma_xp_A2000_s036x_n65_r16_v06_90000_fof_0.0040_0000.hdf5,Ma_xp_A2000_s036x_n65_r16_v06_90000.hdf5,A2000,n65,r16,v06,s036x,90000,0.004,538,1010775,9.86025905354716e+19,0,0.0,0.0,0.0,538,9.86025905354716e+19,1.0,3.2015103275343974e+19,2000,none,36.0,x,True,65,16,6,0,20.0,1e+20,1.8129133566428555,1.6,0.6,3.6,1,False,3.2015103275343974e+19,0.32015103275343976,1.0455854845748274,0.36,0.625,0.2777777777777778,0.96,1.5384615384615386e+18,18.187086643357144,296,3,bound_mass_fraction,random_forest,raw,0.03190352444029778,-0.03190352444029778,0.021278029105865116,0.004364442500059115,0.016913586605806,0.028372849741956824,65,True,False,False,False,False,False,low_confidence_sph_required
Ma_xp_A2000_s036x_n65_r20_v00_90000_fof_0.0040_0000.hdf5,Ma_xp_A2000_s036x_n65_r20_v00_90000.hdf5,A2000,n65,r20,v00,s036x,90000,0.004,6,2427888,1.0014694255137078e+20,0,0.0,0.0,0.0,6,1.0014694255137078e+20,1.0,7.690048236742104e+19,2000,none,36.0,x,True,65,20,0,0,20.0,1e+20,1.8129133566428555,2.0,0.0,3.6,1,False,7.690048236742104e+19,0.7690048236742104,1.0,0.0,0.5,0.2777777777777778,0.0,1.5384615384615386e+18,18.187086643357144,297,1,bound_mass_fraction,random_forest,raw,0.017389360077471546,-0.017389360077471546,0.011220935595506487,-0.0012734648504570734,0.01249440044596356,0.023219544997992527,38,True,True,False,False,False,False,low_confidence_sph_required
Ma_xp_A2000_s036y_n65_r12_v00_90000_fof_0.0040_0000.hdf5,Ma_xp_A2000_s036y_n65_r12_v00_90000.hdf5,A2000,n65,r12,v00,s036y,90000,0.004,2223,130038,9.457361755211778e+19,614,2.352252918051535e+19,0.2487218929481313,3.0653287475400904e+18,1609,7.1051088371602416e+19,0.7512781070518686,4.118799930486456e+18,2000,none,36.0,y,True,65,12,0,0,20.0,1e+20,1.8129133566428555,1.2,0.0,3.6,1,True,4.118799930486456e+18,0.04118799930486456,1.0,0.0,0.8333333333333334,0.2777777777777778,0.0,1.5384615384615386e+18,18.187086643357144,298,2,bound_mass_fraction,random_forest,raw,0.2005665550708127,0.0481553378773186,0.22043789660811883,0.2313830927032189,0.010945196095100085,0.030660771438038546,62,True,True,False,False,False,False,low_confidence_sph_required
Ma_xp_A2000_s036y_n65_r16_v00_90000_fof_0.0040_0000.hdf5,Ma_xp_A2000_s036y_n65_r16_v00_90000.hdf5,A2000,n65,r16,v00,s036y,90000,0.004,4671,304257,9.060976593875205e+19,2006,1.5719430753326782e+19,0.1734849504406884,1.3774943399379878e+18,2665,7.489033518542525e+19,0.8265150495593114,9.6369808090847e+18,2000,none,36.0,y,True,65,16,0,0,20.0,1e+20,1.8129133566428555,1.6,0.0,3.6,1,True,9.6369808090847e+18,0.09636980809084701,1.0,0.0,0.625,0.2777777777777778,0.0,1.5384615384615386e+18,18.187086643357144,299,0,bound_mass_fraction,random_forest,raw,0.18601419194448993,-0.012529241503801525,0.17980123983750887,0.1853886584375579,0.005587418600049021,0.026810536987400938,65,True,True,False,False,False,False,medium_confidence_screening
Ma_xp_A2000_s036y_n65_r16_v06_90000_fof_0.0040_0000.hdf5,Ma_xp_A2000_s036y_n65_r16_v06_90000.hdf5,A2000,n65,r16,v06,s036y,90000,0.004,3299,528023,9.36062991540688e+19,566,5.423792901279525e+18,0.0579426058961307,1.5987993055196552e+18,2733,8.818250625278928e+19,0.9420573941038692,1.672450434278276e+19,2000,none,36.0,y,True,65,16,6,0,20.0,1e+20,1.8129133566428555,1.6,0.6,3.6,1,False,1.672450434278276e+19,0.16724504342782762,1.0455854845748274,0.36,0.625,0.2777777777777778,0.96,1.5384615384615386e+18,18.187086643357144,300,4,bound_mass_fraction,random_forest,raw,0.0547849018087749,0.0031577040873558004,0.05979555478685749,0.056234863848597626,0.003560690938259864,0.01826113719012749,65,True,False,False,False,False,True,high_confidence_screening
Ma_xp_A2000_s036y_n65_r20_v00_90000_fof_0.0040_0000.hdf5,Ma_xp_A2000_s036y_n65_r20_v00_90000.hdf5,A2000,n65,r20,v00,s036y,90000,0.004,86,3033591,1.0000884470709684e+20,0,0.0,0.0,0.0,86,1.0000884470709684e+20,1.0,9.608540888534196e+19,2000,none,36.0,y,True,65,20,0,0,20.0,1e+20,1.8129133566428555,2.0,0.0,3.6,1,False,9.608540888534196e+19,0.9608540888534196,1.0,0.0,0.5,0.2777777777777778,0.0,1.5384615384615386e+18,18.187086643357144,301,3,bound_mass_fraction,random_forest,raw,0.032415206941578775,-0.032415206941578775,0.014332776934078329,-0.00010192372666408475,0.014434700660742414,0.028372849741956824,38,True,True,False,False,False,False,low_confidence_sph_required
Ma_xp_A2000_s036z_n65_r12_v00_90000_fof_0.0040_0000.hdf5,Ma_xp_A2000_s036z_n65_r12_v00_90000.hdf5,A2000,n65,r12,v00,s036z,90000,0.004,451,92447,9.945154387591953e+19,218,2.59823178776775e+19,0.2612560536022877,1.5954102070056666e+18,233,7.3469225998242e+19,0.7387439463977122,2.928149442268271e+18,2000,none,36.0,z,True,65,12,0,0,20.0,1e+20,1.8129133566428555,1.2,0.0,3.6,1,True,2.928149442268271e+18,0.02928149442268271,1.0,0.0,0.8333333333333334,0.2777777777777778,0.0,1.5384615384615386e+18,18.187086643357144,302,2,bound_mass_fraction,random_forest,raw,0.2431135524403107,0.01814250116197702,0.25120821167531876,0.2528821229275899,0.0016739112522711208,0.030660771438038546,62,True,True,False,False,False,False,medium_confidence_screening
Ma_xp_A2000_s036z_n65_r16_v00_90000_fof_0.0040_0000.hdf5,Ma_xp_A2000_s036z_n65_r16_v00_90000.hdf5,A2000,n65,r16,v00,s036z,90000,0.004,346,114985,1.000635137113286e+20,125,2.5419252417087058e+19,0.2540311795408124,2.1106482025855985e+18,221,7.464426129424151e+19,0.7459688204591873,3.6420139498222454e+18,2000,none,36.0,z,True,65,16,0,0,20.0,1e+20,1.8129133566428555,1.6,0.0,3.6,1,True,3.6420139498222454e+18,0.036420139498222454,1.0,0.0,0.625,0.2777777777777778,0.0,1.5384615384615386e+18,18.187086643357144,303,1,bound_mass_fraction,random_forest,raw,0.2267191379864156,0.027312041554396788,0.23244903386641838,0.23476987242166714,0.0023208385552487554,0.023219544997992527,65,True,True,False,False,False,False,medium_confidence_screening
Ma_xp_A2000_s036z_n65_r16_v06_90000_fof_0.0040_0000.hdf5,Ma_xp_A2000_s036z_n65_r16_v06_90000.hdf5,A2000,n65,r16,v06,s036z,90000,0.004,348,105301,1.0007301585669492e+20,94,1.3087779920305328e+19,0.1307823073809137,1.2340119449065075e+18,254,8.69852359363896e+19,0.8692176926190863,3.3352846973973325e+18,2000,none,36.0,z,True,65,16,6,0,20.0,1e+20,1.8129133566428555,1.6,0.6,3.6,1,True,3.3352846973973325e+18,0.033352846973973324,1.0455854845748274,0.36,0.625,0.2777777777777778,0.96,1.5384615384615386e+18,18.187086643357144,304,0,bound_mass_fraction,random_forest,raw,0.09362608003258889,0.03715622734832481,0.10321275525134241,0.12022134966582212,0.017008594414479716,0.026810536987400938,65,True,False,False,False,True,False,low_confidence_sph_required
Ma_xp_A2000_s036z_n65_r20_v00_90000_fof_0.0040_0000.hdf5,Ma_xp_A2000_s036z_n65_r20_v00_90000.hdf5,A2000,n65,r20,v00,s036z,90000,0.004,296,192706,1.000754864144901e+20,116,2.04354721939042e+19,0.2042005782441573,2.3042385775154895e+18,180,7.964001422058593e+19,0.7957994217558427,6.103734749875597e+18,2000,none,36.0,z,True,65,20,0,0,20.0,1e+20,1.8129133566428555,2.0,0.0,3.6,1,True,6.103734749875597e+18,0.06103734749875597,1.0,0.0,0.5,0.2777777777777778,0.0,1.5384615384615386e+18,18.187086643357144,305,4,bound_mass_fraction,random_forest,raw,0.16531120205539232,0.03888937618876498,0.17949425192737187,0.19858240566970725,0.019088153742335384,0.01826113719012749,38,True,True,False,False,False,False,low_confidence_sph_required
Ma_xp_A2000_s047mz_n65_r12_v00_90000_fof_0.0040_0000.hdf5,Ma_xp_A2000_s047mz_n65_r12_v00_90000.hdf5,A2000,n65,r12,v00,s047mz,90000,0.004,318,3035762,9.983410726807233e+19,0,0.0,0.0,0.0,318,9.983410726807233e+19,1.0,9.606643198306773e+19,2000,none,47.0,mz,True,65,12,0,0,20.0,1e+20,1.8129133566428555,1.2,0.0,4.7,1,False,9.606643198306773e+19,0.9606643198306772,1.0,0.0,0.8333333333333334,0.2127659574468085,0.0,1.5384615384615386e+18,18.187086643357144,306,3,bound_mass_fraction,random_forest,raw,0.05312523833651814,-0.05312523833651814,0.028131907511889646,0.006208163661545236,0.02192374385034441,0.028372849741956824,62,True,True,False,False,False,False,low_confidence_sph_required
Ma_xp_A2000_s047mz_n65_r16_v00_90000_fof_0.0040_0000.hdf5,Ma_xp_A2000_s047mz_n65_r16_v00_90000.hdf5,A2000,n65,r16,v00,s047mz,90000,0.004,1,3162278,1.0007002011234022e+20,0,0.0,0.0,0.0,1,1.0007002011234022e+20,1.0,1.0007002011234022e+20,2000,none,47.0,mz,True,65,16,0,0,20.0,1e+20,1.8129133566428555,1.6,0.0,4.7,1,False,1.0007002011234022e+20,1.0007002011234023,1.0,0.0,0.625,0.2127659574468085,0.0,1.5384615384615386e+18,18.187086643357144,307,2,bound_mass_fraction,random_forest,raw,0.04135819578571645,-0.04135819578571645,0.023625930814567715,0.007963546273824765,0.015662384540742952,0.030660771438038546,65,True,True,False,False,False,False,low_confidence_sph_required
Ma_xp_A2000_s047mz_n65_r16_v06_90000_fof_0.0040_0000.hdf5,Ma_xp_A2000_s047mz_n65_r16_v06_90000.hdf5,A2000,n65,r16,v06,s047mz,90000,0.004,1,3162278,1.0007002011234022e+20,0,0.0,0.0,0.0,1,1.0007002011234022e+20,1.0,1.0007002011234022e+20,2000,none,47.0,mz,True,65,16,6,0,20.0,1e+20,1.8129133566428555,1.6,0.6,4.7,1,False,1.0007002011234022e+20,1.0007002011234023,1.0455854845748274,0.36,0.625,0.2127659574468085,0.96,1.5384615384615386e+18,18.187086643357144,308,1,bound_mass_fraction,random_forest,raw,0.012483745357700053,-0.012483745357700053,0.00958032798112212,-0.0040499528520893165,0.013630280833211437,0.023219544997992527,65,True,False,False,False,False,False,low_confidence_sph_required
Ma_xp_A2000_s047x_n65_r12_v00_90000_fof_0.0040_0000.hdf5,Ma_xp_A2000_s047x_n65_r12_v00_90000.hdf5,A2000,n65,r12,v00,s047x,90000,0.004,2124,180941,9.543141346539608e+19,752,1.9256215889350988e+19,0.2017806840546628,2.1109373786239148e+18,1372,7.61751975760451e+19,0.7982193159453371,5.725862656478333e+18,2000,none,47.0,x,True,65,12,0,0,20.0,1e+20,1.8129133566428555,1.2,0.0,4.7,1,True,5.725862656478333e+18,0.05725862656478333,1.0,0.0,0.8333333333333334,0.2127659574468085,0.0,1.5384615384615386e+18,18.187086643357144,309,0,bound_mass_fraction,random_forest,raw,0.20216444000631267,-0.0003837559516498834,0.20207632372731002,0.2049314554524182,0.0028551317251081787,0.026810536987400938,62,True,True,False,False,False,False,medium_confidence_screening
Ma_xp_A2000_s047x_n65_r16_v00_90000_fof_0.0040_0000.hdf5,Ma_xp_A2000_s047x_n65_r16_v00_90000.hdf5,A2000,n65,r16,v00,s047x,90000,0.004,469,580980,9.88145080917746e+19,137,1.085619964806501e+19,0.1098644304132167,3.3657532131684326e+18,332,8.79583084437096e+19,0.8901355695867834,1.8385063010243832e+19,2000,none,47.0,x,True,65,16,0,0,20.0,1e+20,1.8129133566428555,1.6,0.0,4.7,1,True,1.8385063010243832e+19,0.18385063010243832,1.0,0.0,0.625,0.2127659574468085,0.0,1.5384615384615386e+18,18.187086643357144,310,4,bound_mass_fraction,random_forest,raw,0.1423391803665072,-0.0324747499532905,0.1322985337250831,0.13582736492706537,0.0035288312019822743,0.01826113719012749,65,True,True,False,False,False,False,medium_confidence_screening
Ma_xp_A2000_s047x_n65_r16_v06_90000_fof_0.0040_0000.hdf5,Ma_xp_A2000_s047x_n65_r16_v06_90000.hdf5,A2000,n65,r16,v06,s047x,90000,0.004,283,1068478,9.926899236916807e+19,0,0.0,0.0,0.0,283,9.926899236916807e+19,1.0,3.3811896030168826e+19,2000,none,47.0,x,True,65,16,6,0,20.0,1e+20,1.8129133566428555,1.6,0.6,4.7,1,False,3.3811896030168826e+19,0.33811896030168825,1.0455854845748274,0.36,0.625,0.2127659574468085,0.96,1.5384615384615386e+18,18.187086643357144,311,3,bound_mass_fraction,random_forest,raw,0.018636606034536943,-0.018636606034536943,0.012353331343427004,0.00603561986436727,0.006317711479059734,0.028372849741956824,65,True,False,False,False,False,True,high_confidence_screening
Ma_xp_A2000_s047x_n65_r20_v00_90000_fof_0.0040_0000.hdf5,Ma_xp_A2000_s047x_n65_r20_v00_90000.hdf5,A2000,n65,r20,v00,s047x,90000,0.004,2,2550689,9.999435712323944e+19,0,0.0,0.0,0.0,2,9.999435712323944e+19,1.0,8.071633788721742e+19,2000,none,47.0,x,True,65,20,0,0,20.0,1e+20,1.8129133566428555,2.0,0.0,4.7,1,False,8.071633788721742e+19,0.8071633788721742,1.0,0.0,0.5,0.2127659574468085,0.0,1.5384615384615386e+18,18.187086643357144,312,4,bound_mass_fraction,random_forest,raw,0.005106712629462593,-0.005106712629462593,0.00457082775218604,-0.001720039261062261,0.006290867013248301,0.01826113719012749,38,True,True,False,False,False,False,medium_confidence_screening
Ma_xp_A2000_s047y_n65_r12_v00_90000_fof_0.0040_0000.hdf5,Ma_xp_A2000_s047y_n65_r12_v00_90000.hdf5,A2000,n65,r12,v00,s047y,90000,0.004,1739,163786,9.625288382704452e+19,466,2.039318605854486e+19,0.2118709097089402,3.0060771035310556e+18,1273,7.585969776849964e+19,0.7881290902910596,5.18299413098745e+18,2000,none,47.0,y,True,65,12,0,0,20.0,1e+20,1.8129133566428555,1.2,0.0,4.7,1,True,5.18299413098745e+18,0.051829941309874505,1.0,0.0,0.8333333333333334,0.2127659574468085,0.0,1.5384615384615386e+18,18.187086643357144,313,2,bound_mass_fraction,random_forest,raw,0.19703091889846144,0.014839990810478765,0.20810590364904377,0.2168424250793172,0.008736521430273425,0.030660771438038546,62,True,True,False,False,False,False,medium_confidence_screening
Ma_xp_A2000_s047y_n65_r16_v00_90000_fof_0.0040_0000.hdf5,Ma_xp_A2000_s047y_n65_r16_v00_90000.hdf5,A2000,n65,r16,v00,s047y,90000,0.004,1635,541917,9.647879687856962e+19,578,1.6811867680956938e+19,0.1742545328598648,1.87749283694052e+18,1057,7.96669291976127e+19,0.8257454671401353,1.714891767586608e+19,2000,none,47.0,y,True,65,16,0,0,20.0,1e+20,1.8129133566428555,1.6,0.0,4.7,1,True,1.714891767586608e+19,0.1714891767586608,1.0,0.0,0.625,0.2127659574468085,0.0,1.5384615384615386e+18,18.187086643357144,314,4,bound_mass_fraction,random_forest,raw,0.15468170500361075,0.019572827856254055,0.15823291892182448,0.1543368118165867,0.0038961071052377727,0.01826113719012749,65,True,True,False,False,False,False,medium_confidence_screening
Ma_xp_A2000_s047y_n65_r16_v06_90000_fof_0.0040_0000.hdf5,Ma_xp_A2000_s047y_n65_r16_v06_90000.hdf5,A2000,n65,r16,v06,s047y,90000,0.004,1462,820363,9.702321600533873e+19,147,4.021404217524558e+18,0.0414478552978833,2.0052750057513577e+18,1315,9.300181178781413e+19,0.9585521447021164,2.5960317819099898e+19,2000,none,47.0,y,True,65,16,6,0,20.0,1e+20,1.8129133566428555,1.6,0.6,4.7,1,False,2.5960317819099898e+19,0.259603178190999,1.0455854845748274,0.36,0.625,0.2127659574468085,0.96,1.5384615384615386e+18,18.187086643357144,315,1,bound_mass_fraction,random_forest,raw,0.033226581253358735,0.008221274044524565,0.03982574908562621,0.03763279376527903,0.0021929553203471758,0.023219544997992527,65,True,False,False,False,False,True,high_confidence_screening
Ma_xp_A2000_s047y_n65_r20_v00_90000_fof_0.0040_0000.hdf5,Ma_xp_A2000_s047y_n65_r20_v00_90000.hdf5,A2000,n65,r20,v00,s047y,90000,0.004,117,2873196,9.965983871941308e+19,0,0.0,0.0,0.0,117,9.965983871941308e+19,1.0,9.0922044650056e+19,2000,none,47.0,y,True,65,20,0,0,20.0,1e+20,1.8129133566428555,2.0,0.0,4.7,1,False,9.0922044650056e+19,0.9092204465005601,1.0,0.0,0.5,0.2127659574468085,0.0,1.5384615384615386e+18,18.187086643357144,316,3,bound_mass_fraction,random_forest,raw,0.011252198758560442,-0.011252198758560442,0.004360024943422048,0.0025229860674519226,0.001837038875970125,0.028372849741956824,38,True,True,False,False,False,False,medium_confidence_screening
Ma_xp_A2000_s047z_n65_r11_v00_90000_fof_0.0040_0000.hdf5,Ma_xp_A2000_s047z_n65_r11_v00_90000.hdf5,A2000,n65,r11,v00,s047z,90000,0.004,369,109926,9.995590854962428e+19,148,2.6768782120192975e+19,0.2678059007077435,1.9471116510524175e+18,221,7.318712642943128e+19,0.7321940992922563,3.4785989818616305e+18,2000,none,47.0,z,True,65,11,0,0,20.0,1e+20,1.8129133566428555,1.1,0.0,4.7,1,True,3.4785989818616305e+18,0.0347859898186163,1.0,0.0,0.9090909090909091,0.2127659574468085,0.0,1.5384615384615386e+18,18.187086643357144,317,2,bound_mass_fraction,random_forest,raw,0.24039707675351935,0.02740882395422417,0.2513367952809436,0.25142640965045987,8.961436951626656e-05,0.030660771438038546,11,True,True,False,False,False,False,medium_confidence_screening
Ma_xp_A2000_s047z_n65_r12_v00_90000_fof_0.0040_0000.hdf5,Ma_xp_A2000_s047z_n65_r12_v00_90000.hdf5,A2000,n65,r12,v00,s047z,90000,0.004,348,119613,9.99846421329071e+19,136,2.5771081224135254e+19,0.2577503972047866,2.0026484777644088e+18,212,7.421356090877184e+19,0.7422496027952132,3.7851432783649976e+18,2000,none,47.0,z,True,65,12,0,0,20.0,1e+20,1.8129133566428555,1.2,0.0,4.7,1,True,3.7851432783649976e+18,0.037851432783649976,1.0,0.0,0.8333333333333334,0.2127659574468085,0.0,1.5384615384615386e+18,18.187086643357144,318,1,bound_mass_fraction,random_forest,raw,0.24018718605886197,0.01756321114592463,0.24803382638107252,0.2423098473487435,0.0057239790323290185,0.023219544997992527,62,True,True,False,False,False,False,medium_confidence_screening
Ma_xp_A2000_s047z_n65_r12_v02_90000_fof_0.0040_0000.hdf5,Ma_xp_A2000_s047z_n65_r12_v02_90000.hdf5,A2000,n65,r12,v02,s047z,90000,0.004,343,107805,9.997499043368205e+19,125,2.5123784477470368e+19,0.2513006939884242,2.0797987817665933e+18,218,7.485120595621165e+19,0.7486993060115756,3.411480116074117e+18,2000,none,47.0,z,True,65,12,2,0,20.0,1e+20,1.8129133566428555,1.2,0.2,4.7,1,True,3.411480116074117e+18,0.03411480116074117,1.0037987903812355,0.04000000000000001,0.8333333333333334,0.2127659574468085,0.24,1.5384615384615386e+18,18.187086643357144,319,0,bound_mass_fraction,random_forest,raw,0.23191750011181678,0.01938319387660742,0.23773609263070966,0.24526572676882422,0.007529634138114555,0.026810536987400938,62,True,True,False,False,False,False,medium_confidence_screening
Ma_xp_A2000_s047z_n65_r12_v04_90000_fof_0.0040_0000.hdf5,Ma_xp_A2000_s047z_n65_r12_v04_90000.hdf5,A2000,n65,r12,v04,s047z,90000,0.004,342,104111,9.94292105759508e+19,124,2.1810909918108295e+19,0.2193611896520856,2.127329444855716e+18,218,7.761830065784249e+19,0.7806388103479144,3.2945837981961943e+18,2000,none,47.0,z,True,65,12,4,0,20.0,1e+20,1.8129133566428555,1.2,0.4,4.7,1,True,3.2945837981961943e+18,0.03294583798196194,1.0151951615249424,0.16000000000000003,0.8333333333333334,0.2127659574468085,0.48,1.5384615384615386e+18,18.187086643357144,320,4,bound_mass_fraction,random_forest,raw,0.20272594460640003,0.01663524504568556,0.20992829697355728,0.22055123271116367,0.010622935737606393,0.01826113719012749,62,True,True,False,False,False,False,low_confidence_sph_required
Ma_xp_A2000_s047z_n65_r12_v06_90000_fof_0.0040_0000.hdf5,Ma_xp_A2000_s047z_n65_r12_v06_90000.hdf5,A2000,n65,r12,v06,s047z,90000,0.004,319,115639,9.999065466684196e+19,89,1.5425155838592311e+19,0.1542659750552415,1.6451558672998144e+18,230,8.456549882824965e+19,0.8457340249447584,3.659386384145489e+18,2000,none,47.0,z,True,65,12,6,0,20.0,1e+20,1.8129133566428555,1.2,0.6,4.7,1,True,3.659386384145489e+18,0.03659386384145489,1.0341891134311205,0.36,0.8333333333333334,0.2127659574468085,0.72,1.5384615384615386e+18,18.187086643357144,321,3,bound_mass_fraction,random_forest,raw,0.12579338487292893,0.028472590182312574,0.14174446605880375,0.16440818717009603,0.02266372111129228,0.028372849741956824,62,True,True,False,False,False,False,low_confidence_sph_required
Ma_xp_A2000_s047z_n65_r12_v08_90000_fof_0.0040_0000.hdf5,Ma_xp_A2000_s047z_n65_r12_v08_90000.hdf5,A2000,n65,r12,v08,s047z,90000,0.004,305,137583,9.998571806003364e+19,52,7.275419234046766e+18,0.0727645845347476,1.0564022143213082e+18,253,9.271029882598688e+19,0.9272354154652525,4.35380241000178e+18,2000,none,47.0,z,True,65,12,8,0,20.0,1e+20,1.8129133566428555,1.2,0.8,4.7,1,False,4.35380241000178e+18,0.0435380241000178,1.06078064609977,0.6400000000000001,0.8333333333333334,0.2127659574468085,0.96,1.5384615384615386e+18,18.187086643357144,322,2,bound_mass_fraction,random_forest,raw,0.04571289796332577,0.027051686571421832,0.05953172110044304,0.06643739735053948,0.006905676250096443,0.030660771438038546,62,True,True,False,False,False,False,medium_confidence_screening
Ma_xp_A2000_s047z_n65_r12_v10_90000_fof_0.0040_0000.hdf5,Ma_xp_A2000_s047z_n65_r12_v10_90000.hdf5,A2000,n65,r12,v10,s047z,90000,0.004,260,148991,9.999866083046833e+19,14,1.2686130177014318e+18,0.0126863000680795,2.4999483249373434e+17,246,9.87300478127669e+19,0.9873136999319204,4.714807606088727e+18,2000,none,47.0,z,True,65,12,10,0,20.0,1e+20,1.8129133566428555,1.2,1.0,4.7,1,False,4.714807606088727e+18,0.047148076060887265,1.0949697595308905,1.0,0.8333333333333334,0.2127659574468085,1.2,1.5384615384615386e+18,18.187086643357144,323,1,bound_mass_fraction,random_forest,raw,0.01464204493945801,-0.00195574487137851,0.01672274631031509,0.0155148993651013,0.0012078469452137894,0.023219544997992527,62,True,True,False,False,False,False,medium_confidence_screening
Ma_xp_A2000_s047z_n65_r12_v12_90000_fof_0.0040_0000.hdf5,Ma_xp_A2000_s047z_n65_r12_v12_90000.hdf5,A2000,n65,r12,v12,s047z,90000,0.004,228,117262,1.0000888213816448e+20,0,0.0,0.0,0.0,228,1.0000888213816448e+20,1.0,3.7107460820111816e+18,2000,none,47.0,z,True,65,12,12,0,20.0,1e+20,1.8129133566428555,1.2,1.2,4.7,1,False,3.7107460820111816e+18,0.037107460820111814,1.136756453724482,1.44,0.8333333333333334,0.2127659574468085,1.44,1.5384615384615386e+18,18.187086643357144,324,0,bound_mass_fraction,random_forest,raw,0.010905497852433074,-0.010905497852433074,0.005347516491843193,0.008819576577952527,0.003472060086109334,0.026810536987400938,62,True,True,False,False,False,False,medium_confidence_screening
Ma_xp_A2000_s047z_n65_r12_v14_90000_fof_0.0040_0000.hdf5,Ma_xp_A2000_s047z_n65_r12_v14_90000.hdf5,A2000,n65,r12,v14,s047z,90000,0.004,178,140821,1.000079644356418e+20,0,0.0,0.0,0.0,178,1.000079644356418e+20,1.0,4.45626864640912e+18,2000,none,47.0,z,True,65,12,14,0,20.0,1e+20,1.8129133566428555,1.2,1.4,4.7,1,False,4.45626864640912e+18,0.0445626864640912,1.1861407286805452,1.9599999999999997,0.8333333333333334,0.2127659574468085,1.68,1.5384615384615386e+18,18.187086643357144,325,4,bound_mass_fraction,random_forest,raw,0.009254149649069711,-0.009254149649069711,0.0029885561075256362,0.008819576577952527,0.005831020470426891,0.01826113719012749,62,True,True,False,False,False,False,medium_confidence_screening
Ma_xp_A2000_s047z_n65_r12_v16_90000_fof_0.0040_0000.hdf5,Ma_xp_A2000_s047z_n65_r12_v16_90000.hdf5,A2000,n65,r12,v16,s047z,90000,0.004,136,166789,9.998027513458196e+19,0,0.0,0.0,0.0,136,9.998027513458196e+19,1.0,5.278023812249422e+18,2000,none,47.0,z,True,65,12,16,0,20.0,1e+20,1.8129133566428555,1.2,1.6,4.7,1,False,5.278023812249422e+18,0.052780238122494216,1.2431225843990794,2.5600000000000005,0.8333333333333334,0.2127659574468085,1.92,1.5384615384615386e+18,18.187086643357144,326,3,bound_mass_fraction,random_forest,raw,0.006329271224782438,-0.006329271224782438,0.0021199954337933063,0.003916547778951776,0.0017965523451584694,0.028372849741956824,62,True,True,False,False,False,False,medium_confidence_screening
Ma_xp_A2000_s047z_n65_r13_v00_90000_fof_0.0040_0000.hdf5,Ma_xp_A2000_s047z_n65_r13_v00_90000.hdf5,A2000,n65,r13,v00,s047z,90000,0.004,371,109379,9.99725221302628e+19,141,2.5777188692826227e+19,0.2578427366195575,2.2580545908085563e+18,230,7.419533343743656e+19,0.7421572633804425,3.461289213080032e+18,2000,none,47.0,z,True,65,13,0,0,20.0,1e+20,1.8129133566428555,1.3,0.0,4.7,1,True,3.461289213080032e+18,0.03461289213080032,1.0,0.0,0.7692307692307692,0.2127659574468085,0.0,1.5384615384615386e+18,18.187086643357144,327,2,bound_mass_fraction,random_forest,raw,0.24312892548624002,0.014713811133317461,0.2506912606241566,0.25142640965045987,0.0007351490263032834,0.030660771438038546,11,True,True,False,False,False,False,medium_confidence_screening
Ma_xp_A2000_s047z_n65_r14_v00_90000_fof_0.0040_0000.hdf5,Ma_xp_A2000_s047z_n65_r14_v00_90000.hdf5,A2000,n65,r14,v00,s047z,90000,0.004,345,92021,9.997815492522e+19,139,2.476439317207697e+19,0.2476980415431734,1.9010999439075543e+18,206,7.521376175314305e+19,0.7523019584568268,2.9119967697327165e+18,2000,none,47.0,z,True,65,14,0,0,20.0,1e+20,1.8129133566428555,1.4,0.0,4.7,1,True,2.9119967697327165e+18,0.029119967697327165,1.0,0.0,0.7142857142857143,0.2127659574468085,0.0,1.5384615384615386e+18,18.187086643357144,328,1,bound_mass_fraction,random_forest,raw,0.24200991121789167,0.005688130325281732,0.24462418713523856,0.25142640965045987,0.006802222515221307,0.023219544997992527,20,True,True,False,False,False,False,medium_confidence_screening
Ma_xp_A2000_s047z_n65_r15_v00_90000_fof_0.0040_0000.hdf5,Ma_xp_A2000_s047z_n65_r15_v00_90000.hdf5,A2000,n65,r15,v00,s047z,90000,0.004,358,142221,9.996840829124696e+19,142,2.4887207089148215e+19,0.2489507186774653,2.333021395641088e+18,216,7.508120120209877e+19,0.7510492813225348,4.5005715281170493e+18,2000,none,47.0,z,True,65,15,0,0,20.0,1e+20,1.8129133566428555,1.5,0.0,4.7,1,True,4.5005715281170493e+18,0.04500571528117049,1.0,0.0,0.6666666666666666,0.2127659574468085,0.0,1.5384615384615386e+18,18.187086643357144,329,0,bound_mass_fraction,random_forest,raw,0.23011398557013943,0.018836733107325865,0.2365917118100181,0.23615929408090983,0.00043241772910826426,0.026810536987400938,11,True,True,False,False,False,False,medium_confidence_screening
Ma_xp_A2000_s047z_n65_r16_v00_90000_fof_0.0040_0000.hdf5,Ma_xp_A2000_s047z_n65_r16_v00_90000.hdf5,A2000,n65,r16,v00,s047z,90000,0.004,356,97171,9.997106646412527e+19,140,2.3630460914755875e+19,0.2363730002143739,2.270902426503752e+18,216,7.634060554936941e+19,0.7636269997856261,3.074968084586886e+18,2000,none,47.0,z,True,65,16,0,0,20.0,1e+20,1.8129133566428555,1.6,0.0,4.7,1,True,3.074968084586886e+18,0.030749680845868863,1.0,0.0,0.625,0.2127659574468085,0.0,1.5384615384615386e+18,18.187086643357144,330,4,bound_mass_fraction,random_forest,raw,0.22423116773953608,0.012141832474837827,0.22656779900593407,0.2424307214462535,0.01586292244031942,0.01826113719012749,65,True,True,False,False,False,False,low_confidence_sph_required
Ma_xp_A2000_s047z_n65_r16_v02_90000_fof_0.0040_0000.hdf5,Ma_xp_A2000_s047z_n65_r16_v02_90000.hdf5,A2000,n65,r16,v02,s047z,90000,0.004,339,134887,9.99027767364928e+19,131,2.243393501458702e+19,0.2245576724434755,2.1832143656382664e+18,208,7.746884172190579e+19,0.7754423275565244,4.2684877177985096e+18,2000,none,47.0,z,True,65,16,2,0,20.0,1e+20,1.8129133566428555,1.6,0.2,4.7,1,True,4.2684877177985096e+18,0.042684877177985095,1.0050650538416475,0.04000000000000001,0.625,0.2127659574468085,0.32000000000000006,1.5384615384615386e+18,18.187086643357144,331,3,bound_mass_fraction,random_forest,raw,0.20631432466760086,0.018243347775874635,0.2143829875231613,0.2240539987195651,0.009671011196403817,0.028372849741956824,65,True,False,False,False,False,True,high_confidence_screening
Ma_xp_A2000_s047z_n65_r16_v04_90000_fof_0.0040_0000.hdf5,Ma_xp_A2000_s047z_n65_r16_v04_90000.hdf5,A2000,n65,r16,v04,s047z,90000,0.004,349,131286,9.998442061848994e+19,117,1.845939691692057e+19,0.184622732249017,1.9441686739104143e+18,232,8.152502370156934e+19,0.8153772677509826,4.1545343770626135e+18,2000,none,47.0,z,True,65,16,4,0,20.0,1e+20,1.8129133566428555,1.6,0.4,4.7,1,True,4.1545343770626135e+18,0.04154534377062614,1.02026021536659,0.16000000000000003,0.625,0.2127659574468085,0.6400000000000001,1.5384615384615386e+18,18.187086643357144,332,2,bound_mass_fraction,random_forest,raw,0.17254244807135724,0.012080284177659772,0.17794877969683817,0.17660330124037255,0.0013454784564656264,0.030660771438038546,65,True,False,False,False,False,True,high_confidence_screening
Ma_xp_A2000_s047z_n65_r16_v06_90000_fof_0.0040_0000.hdf5,Ma_xp_A2000_s047z_n65_r16_v06_90000.hdf5,A2000,n65,r16,v06,s047z,90000,0.004,319,131216,9.998600286429628e+19,72,1.204345358801084e+19,0.1204513956254111,1.3686742405290647e+18,247,8.794254927628544e+19,0.8795486043745888,4.152319232977217e+18,2000,none,47.0,z,True,65,16,6,0,20.0,1e+20,1.8129133566428555,1.6,0.6,4.7,1,True,4.152319232977217e+18,0.04152319232977217,1.0455854845748274,0.36,0.625,0.2127659574468085,0.96,1.5384615384615386e+18,18.187086643357144,333,1,bound_mass_fraction,random_forest,raw,0.07189148611295423,0.04855990951245687,0.08242101538227448,0.10964907408697583,0.027228058704701352,0.023219544997992527,65,True,False,False,False,False,False,low_confidence_sph_required
Ma_xp_A2000_s047z_n65_r16_v08_90000_fof_0.0040_0000.hdf5,Ma_xp_A2000_s047z_n65_r16_v08_90000.hdf5,A2000,n65,r16,v08,s047z,90000,0.004,285,138336,9.999350270926794e+19,34,4.694238411006715e+18,0.0469454342914184,5.888169428115082e+17,251,9.529926429826123e+19,0.9530545657085816,4.3776310313775447e+18,2000,none,47.0,z,True,65,16,8,0,20.0,1e+20,1.8129133566428555,1.6,0.8,4.7,1,False,4.3776310313775447e+18,0.04377631031377545,1.0810408614663598,0.6400000000000001,0.625,0.2127659574468085,1.2800000000000002,1.5384615384615386e+18,18.187086643357144,334,0,bound_mass_fraction,random_forest,raw,0.04797834228888883,-0.0010329079974704322,0.045669147605343345,0.04906325374718899,0.0033941061418456472,0.026810536987400938,65,True,False,False,False,False,True,high_confidence_screening
Ma_xp_A2000_s047z_n65_r16_v10_90000_fof_0.0040_0000.hdf5,Ma_xp_A2000_s047z_n65_r16_v10_90000.hdf5,A2000,n65,r16,v10,s047z,90000,0.004,265,187213,9.999856589574632e+19,1,1.7183189119505994e+16,0.0001718343554788,1.7183189119505994e+16,264,9.99813827066268e+19,0.999828165644521,5.924339566526646e+18,2000,none,47.0,z,True,65,16,10,0,20.0,1e+20,1.8129133566428555,1.6,1.0,4.7,1,False,5.924339566526646e+18,0.059243395665266464,1.1266263460411872,1.0,0.625,0.2127659574468085,1.6,1.5384615384615386e+18,18.187086643357144,335,4,bound_mass_fraction,random_forest,raw,0.019786331224139975,-0.019614496868661176,0.00997654975233629,0.01081968672597025,0.0008431369736339595,0.01826113719012749,65,True,False,False,False,False,True,high_confidence_screening
Ma_xp_A2000_s047z_n65_r17_v00_90000_fof_0.0040_0000.hdf5,Ma_xp_A2000_s047z_n65_r17_v00_90000.hdf5,A2000,n65,r17,v00,s047z,90000,0.004,329,130693,9.997492714386122e+19,125,2.3454641764215812e+19,0.2346052398764463,1.756577614794356e+18,204,7.652028537964542e+19,0.7653947601235538,4.135768942167755e+18,2000,none,47.0,z,True,65,17,0,0,20.0,1e+20,1.8129133566428555,1.7,0.0,4.7,1,True,4.135768942167755e+18,0.04135768942167755,1.0,0.0,0.5882352941176471,0.2127659574468085,0.0,1.5384615384615386e+18,18.187086643357144,336,3,bound_mass_fraction,random_forest,raw,0.20142111474484697,0.033184125131599324,0.2190081070206454,0.22716360587670348,0.008155498856058069,0.028372849741956824,11,True,True,False,False,False,False,medium_confidence_screening
Ma_xp_A2000_s047z_n65_r18_v00_90000_fof_0.0040_0000.hdf5,Ma_xp_A2000_s047z_n65_r18_v00_90000.hdf5,A2000,n65,r18,v00,s047z,90000,0.004,322,184775,9.997964223626248e+19,121,2.164021724387621e+19,0.2164462360521163,2.709849049482535e+18,201,7.833942499238627e+19,0.7835537639478837,5.847189262525086e+18,2000,none,47.0,z,True,65,18,0,0,20.0,1e+20,1.8129133566428555,1.8,0.0,4.7,1,True,5.847189262525086e+18,0.058471892625250856,1.0,0.0,0.5555555555555556,0.2127659574468085,0.0,1.5384615384615386e+18,18.187086643357144,337,2,bound_mass_fraction,random_forest,raw,0.16657134930201903,0.04987488675009727,0.18911967820402148,0.20446766649883807,0.015347988294816595,0.030660771438038546,17,True,True,False,False,False,False,low_confidence_sph_required
Ma_xp_A2000_s047z_n65_r19_v00_90000_fof_0.0040_0000.hdf5,Ma_xp_A2000_s047z_n65_r19_v00_90000.hdf5,A2000,n65,r19,v00,s047z,90000,0.004,292,315831,9.998669905236415e+19,101,1.91438447943908e+19,0.1914639144589117,2.9650336481202094e+18,191,8.084285425797335e+19,0.8085360855410882,9.994445308968286e+18,2000,none,47.0,z,True,65,19,0,0,20.0,1e+20,1.8129133566428555,1.9,0.0,4.7,1,True,9.994445308968286e+18,0.09994445308968286,1.0,0.0,0.5263157894736842,0.2127659574468085,0.0,1.5384615384615386e+18,18.187086643357144,338,1,bound_mass_fraction,random_forest,raw,0.1598232955921853,0.031640618866726394,0.17778115238291703,0.1754570330352319,0.0023241193476851163,0.023219544997992527,11,True,True,False,False,False,False,medium_confidence_screening
Ma_xp_A2000_s047z_n65_r20_v00_90000_fof_0.0040_0000.hdf5,Ma_xp_A2000_s047z_n65_r20_v00_90000.hdf5,A2000,n65,r20,v00,s047z,90000,0.004,239,907115,9.997935743239312e+19,79,1.5104308040275237e+19,0.1510742660102501,2.109639937088193e+18,160,8.487504939211787e+19,0.8489257339897498,2.8705577529180512e+19,2000,none,47.0,z,True,65,20,0,0,20.0,1e+20,1.8129133566428555,2.0,0.0,4.7,1,True,2.8705577529180512e+19,0.28705577529180515,1.0,0.0,0.5,0.2127659574468085,0.0,1.5384615384615386e+18,18.187086643357144,339,0,bound_mass_fraction,random_forest,raw,0.11745339455734502,0.03362087145290507,0.13136660241521958,0.1271629540693798,0.004203648345839778,0.026810536987400938,38,True,True,False,False,True,False,low_confidence_sph_required
Ma_xp_A2000_s047z_n65_r20_v02_90000_fof_0.0040_0000.hdf5,Ma_xp_A2000_s047z_n65_r20_v02_90000.hdf5,A2000,n65,r20,v02,s047z,90000,0.004,272,933177,9.993030781341735e+19,79,1.4763618879945077e+19,0.1477391514445311,2.0834063021342095e+18,193,8.51666889334723e+19,0.8522608485554691,2.953030731712916e+19,2000,none,47.0,z,True,65,20,2,0,20.0,1e+20,1.8129133566428555,2.0,0.2,4.7,1,True,2.953030731712916e+19,0.29530307317129156,1.0063313173020594,0.04000000000000001,0.5,0.2127659574468085,0.4,1.5384615384615386e+18,18.187086643357144,340,4,bound_mass_fraction,random_forest,raw,0.11522535048705497,0.03251380095747612,0.13637364977959485,0.1270281012091321,0.009345548570462742,0.01826113719012749,38,True,False,False,False,True,False,low_confidence_sph_required
Ma_xp_A2000_s047z_n65_r20_v04_90000_fof_0.0040_0000.hdf5,Ma_xp_A2000_s047z_n65_r20_v04_90000.hdf5,A2000,n65,r20,v04,s047z,90000,0.004,220,932252,9.999033821809182e+19,46,9.20636033327237e+18,0.0920724991767915,2.1618224027566108e+18,174,9.078397788481946e+19,0.9079275008232084,2.9501035770285e+19,2000,none,47.0,z,True,65,20,4,0,20.0,1e+20,1.8129133566428555,2.0,0.4,4.7,1,False,2.9501035770285e+19,0.29501035770285,1.0253252692082375,0.16000000000000003,0.5,0.2127659574468085,0.8,1.5384615384615386e+18,18.187086643357144,341,3,bound_mass_fraction,random_forest,raw,0.1036053878425851,-0.011532888665793606,0.10684428208750854,0.0902115276923644,0.01663275439514414,0.028372849741956824,38,True,False,False,False,True,False,low_confidence_sph_required
Ma_xp_A2000_s047z_n65_r20_v06_90000_fof_0.0040_0000.hdf5,Ma_xp_A2000_s047z_n65_r20_v06_90000.hdf5,A2000,n65,r20,v06,s047z,90000,0.004,215,1073751,1.000050847490093e+20,11,3.081486937179809e+18,0.0308133025926997,1.8376835332347167e+18,204,9.69235978118295e+19,0.9691866974073003,3.397875966963829e+19,2000,none,47.0,z,True,65,20,6,0,20.0,1e+20,1.8129133566428555,2.0,0.6,4.7,1,False,3.397875966963829e+19,0.3397875966963829,1.0569818557185342,0.36,0.5,0.2127659574468085,1.2,1.5384615384615386e+18,18.187086643357144,342,2,bound_mass_fraction,random_forest,raw,0.061075362426084086,-0.030262059833384387,0.04152844296766718,0.023258616906833878,0.018269826060833303,0.030660771438038546,38,True,False,False,False,False,False,low_confidence_sph_required
Ma_xp_A2000_s047z_n65_r20_v08_90000_fof_0.0040_0000.hdf5,Ma_xp_A2000_s047z_n65_r20_v08_90000.hdf5,A2000,n65,r20,v08,s047z,90000,0.004,171,1221602,1.000039455322404e+20,0,0.0,0.0,0.0,171,1.000039455322404e+20,1.0,3.865749207229332e+19,2000,none,47.0,z,True,65,20,8,0,20.0,1e+20,1.8129133566428555,2.0,0.8,4.7,1,False,3.865749207229332e+19,0.3865749207229332,1.1013010768329496,0.6400000000000001,0.5,0.2127659574468085,1.6,1.5384615384615386e+18,18.187086643357144,343,1,bound_mass_fraction,random_forest,raw,0.029466935737258258,-0.029466935737258258,0.02124460401748951,0.003946745451099721,0.01729785856638979,0.023219544997992527,38,True,False,False,False,False,False,low_confidence_sph_required
Ma_xp_A2000_s047z_n65_r20_v10_90000_fof_0.0040_0000.hdf5,Ma_xp_A2000_s047z_n65_r20_v10_90000.hdf5,A2000,n65,r20,v10,s047z,90000,0.004,142,1601487,9.999448370314812e+19,0,0.0,0.0,0.0,142,9.999448370314812e+19,1.0,5.067892079974599e+19,2000,none,47.0,z,True,65,20,10,0,20.0,1e+20,1.8129133566428555,2.0,1.0,4.7,1,False,5.067892079974599e+19,0.5067892079974599,1.158282932551484,1.0,0.5,0.2127659574468085,2.0,1.5384615384615386e+18,18.187086643357144,344,0,bound_mass_fraction,random_forest,raw,0.015136880290341341,-0.015136880290341341,0.010140098622792106,-0.00012962378974036765,0.010269722412532474,0.026810536987400938,38,True,False,False,False,False,False,low_confidence_sph_required
Ma_xp_A2000_s047z_n65_r22_v00_90000_fof_0.0040_0000.hdf5,Ma_xp_A2000_s047z_n65_r22_v00_90000.hdf5,A2000,n65,r22,v00,s047z,90000,0.004,75,2570021,1.0004011567103412e+20,0,0.0,0.0,0.0,75,1.0004011567103412e+20,1.0,8.132809739364424e+19,2000,none,47.0,z,True,65,22,0,0,20.0,1e+20,1.8129133566428555,2.2,0.0,4.7,1,False,8.132809739364424e+19,0.8132809739364424,1.0,0.0,0.45454545454545453,0.2127659574468085,0.0,1.5384615384615386e+18,18.187086643357144,345,4,bound_mass_fraction,random_forest,raw,0.01814990619446741,-0.01814990619446741,0.011645757273941012,0.014100284019140081,0.0024545267451990694,0.01826113719012749,12,True,True,False,False,False,False,medium_confidence_screening
Ma_xp_A2000_s047z_n65_r24_v00_90000_fof_0.0040_0000.hdf5,Ma_xp_A2000_s047z_n65_r24_v00_90000.hdf5,A2000,n65,r24,v00,s047z,90000,0.004,225,2978617,9.962433312355916e+19,0,0.0,0.0,0.0,225,9.962433312355916e+19,1.0,9.425808328687691e+19,2000,none,47.0,z,True,65,24,0,0,20.0,1e+20,1.8129133566428555,2.4,0.0,4.7,1,False,9.425808328687691e+19,0.9425808328687691,1.0,0.0,0.4166666666666667,0.2127659574468085,0.0,1.5384615384615386e+18,18.187086643357144,346,0,bound_mass_fraction,random_forest,raw,0.013533906856013155,-0.013533906856013155,0.007324876046754521,0.012246653128071633,0.0049217770813171115,0.026810536987400938,11,True,True,False,False,False,False,medium_confidence_screening
Ma_xp_A2000_s047z_n65_r26_v00_90000_fof_0.0040_0000.hdf5,Ma_xp_A2000_s047z_n65_r26_v00_90000.hdf5,A2000,n65,r26,v00,s047z,90000,0.004,1,3162278,1.0007002011234022e+20,0,0.0,0.0,0.0,1,1.0007002011234022e+20,1.0,1.0007002011234022e+20,2000,none,47.0,z,True,65,26,0,0,20.0,1e+20,1.8129133566428555,2.6,0.0,4.7,1,False,1.0007002011234022e+20,1.0007002011234023,1.0,0.0,0.3846153846153846,0.2127659574468085,0.0,1.5384615384615386e+18,18.187086643357144,347,1,bound_mass_fraction,random_forest,raw,0.009469713414818656,-0.009469713414818656,0.005720497822911252,0.009899262180464682,0.00417876435755343,0.023219544997992527,2,True,True,True,False,False,False,medium_confidence_screening
Ma_xp_A2000_s047z_n65_r28_v00_90000_fof_0.0040_0000.hdf5,Ma_xp_A2000_s047z_n65_r28_v00_90000.hdf5,A2000,n65,r28,v00,s047z,90000,0.004,1,3162278,1.0007002011234022e+20,0,0.0,0.0,0.0,1,1.0007002011234022e+20,1.0,1.0007002011234022e+20,2000,none,47.0,z,True,65,28,0,0,20.0,1e+20,1.8129133566428555,2.8,0.0,4.7,1,False,1.0007002011234022e+20,1.0007002011234023,1.0,0.0,0.35714285714285715,0.2127659574468085,0.0,1.5384615384615386e+18,18.187086643357144,348,2,bound_mass_fraction,random_forest,raw,0.009414619060297072,-0.009414619060297072,0.0047193339247317955,0.005495089664214453,0.0007757557394826578,0.030660771438038546,2,True,True,True,False,False,False,medium_confidence_screening
Ma_xp_A2000_s047z_n65_r30_v00_90000_fof_0.0040_0000.hdf5,Ma_xp_A2000_s047z_n65_r30_v00_90000.hdf5,A2000,n65,r30,v00,s047z,90000,0.004,1,3162278,1.0007002011234022e+20,0,0.0,0.0,0.0,1,1.0007002011234022e+20,1.0,1.0007002011234022e+20,2000,none,47.0,z,True,65,30,0,0,20.0,1e+20,1.8129133566428555,3.0,0.0,4.7,1,False,1.0007002011234022e+20,1.0007002011234023,1.0,0.0,0.3333333333333333,0.2127659574468085,0.0,1.5384615384615386e+18,18.187086643357144,349,0,bound_mass_fraction,random_forest,raw,0.010389820906208623,-0.010389820906208623,0.004372217000040204,0.005495089664214453,0.001122872664174249,0.026810536987400938,2,True,True,True,False,False,False,medium_confidence_screening
Ma_xp_A2000_s086mz_n65_r12_v00_90000_fof_0.0040_0000.hdf5,Ma_xp_A2000_s086mz_n65_r12_v00_90000.hdf5,A2000,n65,r12,v00,s086mz,90000,0.004,204,1187253,9.989067223980528e+19,31,5.244675836427602e+18,0.0525041599863982,1.8987887735435704e+18,173,9.46459964033777e+19,0.947495840013602,3.754609552944561e+19,2000,none,86.0,mz,True,65,12,0,0,20.0,1e+20,1.8129133566428555,1.2,0.0,8.6,1,False,3.754609552944561e+19,0.3754609552944561,1.0,0.0,0.8333333333333334,0.11627906976744186,0.0,1.5384615384615386e+18,18.187086643357144,350,4,bound_mass_fraction,random_forest,raw,0.10737873279840182,-0.05487457281200362,0.0860517666987432,0.08240343781701184,0.003648328881731361,0.01826113719012749,62,True,True,False,False,True,False,low_confidence_sph_required
Ma_xp_A2000_s086mz_n65_r16_v00_90000_fof_0.0040_0000.hdf5,Ma_xp_A2000_s086mz_n65_r16_v00_90000.hdf5,A2000,n65,r16,v00,s086mz,90000,0.004,2,2265213,1.000049626144054e+20,0,0.0,0.0,0.0,2,1.000049626144054e+20,1.0,7.1635871792097845e+19,2000,none,86.0,mz,True,65,16,0,0,20.0,1e+20,1.8129133566428555,1.6,0.0,8.6,1,False,7.1635871792097845e+19,0.7163587179209785,1.0,0.0,0.625,0.11627906976744186,0.0,1.5384615384615386e+18,18.187086643357144,351,3,bound_mass_fraction,random_forest,raw,0.054143030610952714,-0.054143030610952714,0.031190868586280025,0.014515001403202703,0.01667586718307732,0.028372849741956824,65,True,True,False,False,False,False,low_confidence_sph_required
Ma_xp_A2000_s086mz_n65_r16_v06_90000_fof_0.0040_0000.hdf5,Ma_xp_A2000_s086mz_n65_r16_v06_90000.hdf5,A2000,n65,r16,v06,s086mz,90000,0.004,2,2104750,1.000049626144054e+20,0,0.0,0.0,0.0,2,1.000049626144054e+20,1.0,6.6561334918341894e+19,2000,none,86.0,mz,True,65,16,6,0,20.0,1e+20,1.8129133566428555,1.6,0.6,8.6,1,False,6.6561334918341894e+19,0.665613349183419,1.0455854845748274,0.36,0.625,0.11627906976744186,0.96,1.5384615384615386e+18,18.187086643357144,352,2,bound_mass_fraction,random_forest,raw,0.017642917786638124,-0.017642917786638124,0.007847064588028788,-0.0028322634401263492,0.010679328028155136,0.030660771438038546,65,True,False,False,False,False,False,low_confidence_sph_required
Ma_xp_A2000_s086x_n65_r12_v00_90000_fof_0.0040_0000.hdf5,Ma_xp_A2000_s086x_n65_r12_v00_90000.hdf5,A2000,n65,r12,v00,s086x,90000,0.004,974,263448,9.728982306173505e+19,315,1.7965725736527008e+19,0.1846619221943378,4.128716037606689e+18,659,7.932409732520804e+19,0.8153380778056624,8.33136978796327e+18,2000,none,86.0,x,True,65,12,0,0,20.0,1e+20,1.8129133566428555,1.2,0.0,8.6,1,True,8.33136978796327e+18,0.0833136978796327,1.0,0.0,0.8333333333333334,0.11627906976744186,0.0,1.5384615384615386e+18,18.187086643357144,353,1,bound_mass_fraction,random_forest,raw,0.17394943931563325,0.010712482878704549,0.18654332190898765,0.17545822415075646,0.011085097758231188,0.023219544997992527,62,True,True,False,False,False,False,low_confidence_sph_required
Ma_xp_A2000_s086x_n65_r16_v00_90000_fof_0.0040_0000.hdf5,Ma_xp_A2000_s086x_n65_r16_v00_90000.hdf5,A2000,n65,r16,v00,s086x,90000,0.004,107,944855,9.954862335071314e+19,48,1.2342506520143438e+19,0.1239847032003684,2.912886565109835e+18,59,8.720611683056971e+19,0.8760152967996316,2.9880418151329194e+19,2000,none,86.0,x,True,65,16,0,0,20.0,1e+20,1.8129133566428555,1.6,0.0,8.6,1,True,2.9880418151329194e+19,0.29880418151329197,1.0,0.0,0.625,0.11627906976744186,0.0,1.5384615384615386e+18,18.187086643357144,354,0,bound_mass_fraction,random_forest,raw,0.13275957263280316,-0.00877486943243476,0.12268721432018682,0.12518319046008167,0.0024959761398948427,0.026810536987400938,65,True,True,False,False,False,False,medium_confidence_screening
Ma_xp_A2000_s086x_n65_r16_v06_90000_fof_0.0040_0000.hdf5,Ma_xp_A2000_s086x_n65_r16_v06_90000.hdf5,A2000,n65,r16,v06,s086x,90000,0.004,111,981280,9.969093289213036e+19,0,0.0,0.0,0.0,111,9.969093289213036e+19,1.0,3.10323348276132e+19,2000,none,86.0,x,True,65,16,6,0,20.0,1e+20,1.8129133566428555,1.6,0.6,8.6,1,False,3.10323348276132e+19,0.310323348276132,1.0455854845748274,0.36,0.625,0.11627906976744186,0.96,1.5384615384615386e+18,18.187086643357144,355,4,bound_mass_fraction,random_forest,raw,0.023242813435727053,-0.023242813435727053,0.010878683657020733,0.004364442500059115,0.006514241156961618,0.01826113719012749,65,True,False,False,False,False,True,high_confidence_screening
Ma_xp_A2000_s086x_n65_r20_v00_90000_fof_0.0040_0000.hdf5,Ma_xp_A2000_s086x_n65_r20_v00_90000.hdf5,A2000,n65,r20,v00,s086x,90000,0.004,20,2690795,9.995537564533298e+19,0,0.0,0.0,0.0,20,9.995537564533298e+19,1.0,8.509462273036277e+19,2000,none,86.0,x,True,65,20,0,0,20.0,1e+20,1.8129133566428555,2.0,0.0,8.6,1,False,8.509462273036277e+19,0.8509462273036277,1.0,0.0,0.5,0.11627906976744186,0.0,1.5384615384615386e+18,18.187086643357144,356,3,bound_mass_fraction,random_forest,raw,0.006881098222970689,-0.006881098222970689,0.0021634670428898857,-0.003623898141159609,0.005787365184049495,0.028372849741956824,38,True,True,False,False,False,False,medium_confidence_screening
Ma_xp_A2000_s086y_n65_r12_v00_90000_fof_0.0040_0000.hdf5,Ma_xp_A2000_s086y_n65_r12_v00_90000.hdf5,A2000,n65,r12,v00,s086y,90000,0.004,710,288381,9.81320741759859e+19,243,1.9517089483153596e+19,0.1988859366016505,3.5417998647910743e+18,467,7.86149846928323e+19,0.8011140633983496,9.119859519984112e+18,2000,none,86.0,y,True,65,12,0,0,20.0,1e+20,1.8129133566428555,1.2,0.0,8.6,1,True,9.119859519984112e+18,0.09119859519984111,1.0,0.0,0.8333333333333334,0.11627906976744186,0.0,1.5384615384615386e+18,18.187086643357144,357,2,bound_mass_fraction,random_forest,raw,0.1702428902865355,0.028643046315114995,0.18886301135624617,0.18736919377765546,0.0014938175785907115,0.030660771438038546,62,True,True,False,False,False,False,medium_confidence_screening
Ma_xp_A2000_s086y_n65_r16_v00_90000_fof_0.0040_0000.hdf5,Ma_xp_A2000_s086y_n65_r16_v00_90000.hdf5,A2000,n65,r16,v00,s086y,90000,0.004,645,623540,9.850119350206053e+19,241,1.586223259385604e+19,0.1610359431180316,4.445908193075227e+18,404,8.263896090820447e+19,0.8389640568819684,1.9719042534577086e+19,2000,none,86.0,y,True,65,16,0,0,20.0,1e+20,1.8129133566428555,1.6,0.0,8.6,1,True,1.9719042534577086e+19,0.19719042534577086,1.0,0.0,0.625,0.11627906976744186,0.0,1.5384615384615386e+18,18.187086643357144,358,1,bound_mass_fraction,random_forest,raw,0.1380491855515835,0.022986757566448107,0.14648086721912976,0.1510939997878695,0.004613132568739742,0.023219544997992527,65,True,True,False,False,False,False,medium_confidence_screening
Ma_xp_A2000_s086y_n65_r16_v06_90000_fof_0.0040_0000.hdf5,Ma_xp_A2000_s086y_n65_r16_v06_90000.hdf5,A2000,n65,r16,v06,s086y,90000,0.004,634,1163116,9.832245271831368e+19,11,3.6706374362146857e+18,0.0373326471699275,1.3513081558495178e+18,623,9.465181528209898e+19,0.9626673528300724,3.6782778774045008e+19,2000,none,86.0,y,True,65,16,6,0,20.0,1e+20,1.8129133566428555,1.6,0.6,8.6,1,False,3.6782778774045008e+19,0.36782778774045005,1.0455854845748274,0.36,0.625,0.11627906976744186,0.96,1.5384615384615386e+18,18.187086643357144,359,0,bound_mass_fraction,random_forest,raw,0.025960801883886074,0.011371845286041425,0.023927676654060145,0.026386712312067885,0.0024590356580077403,0.026810536987400938,65,True,False,False,False,False,True,high_confidence_screening
Ma_xp_A2000_s086y_n65_r20_v00_90000_fof_0.0040_0000.hdf5,Ma_xp_A2000_s086y_n65_r20_v00_90000.hdf5,A2000,n65,r20,v00,s086y,90000,0.004,249,2850506,9.86874925051159e+19,0,0.0,0.0,0.0,249,9.86874925051159e+19,1.0,9.014537809854382e+19,2000,none,86.0,y,True,65,20,0,0,20.0,1e+20,1.8129133566428555,2.0,0.0,8.6,1,False,9.014537809854382e+19,0.9014537809854382,1.0,0.0,0.5,0.11627906976744186,0.0,1.5384615384615386e+18,18.187086643357144,360,4,bound_mass_fraction,random_forest,raw,0.005869976622431522,-0.005869976622431522,0.0018196878294723866,0.0025229860674519226,0.000703298237979536,0.01826113719012749,38,True,True,False,False,False,False,medium_confidence_screening
Ma_xp_A2000_s086z_n65_r12_v00_90000_fof_0.0040_0000.hdf5,Ma_xp_A2000_s086z_n65_r12_v00_90000.hdf5,A2000,n65,r12,v00,s086z,90000,0.004,337,110565,9.989772446775134e+19,118,2.52111472267804e+19,0.2523695846036912,2.1434030629303247e+18,219,7.468657724097094e+19,0.7476304153963088,3.4965454306459617e+18,2000,none,86.0,z,True,65,12,0,0,20.0,1e+20,1.8129133566428555,1.2,0.0,8.6,1,True,3.4965454306459617e+18,0.034965454306459615,1.0,0.0,0.8333333333333334,0.11627906976744186,0.0,1.5384615384615386e+18,18.187086643357144,361,3,bound_mass_fraction,random_forest,raw,0.23074662548403557,0.021622959119655616,0.2377338691664769,0.25142640965045987,0.013692540483982968,0.028372849741956824,62,True,True,False,False,False,False,low_confidence_sph_required
Ma_xp_A2000_s086z_n65_r16_v00_90000_fof_0.0040_0000.hdf5,Ma_xp_A2000_s086z_n65_r16_v00_90000.hdf5,A2000,n65,r16,v00,s086z,90000,0.004,334,187162,9.992270769828137e+19,103,2.0056885385615454e+19,0.2007239980543524,2.1583297525994324e+18,231,7.98658223126659e+19,0.7992760019456475,5.918875194575314e+18,2000,none,86.0,z,True,65,16,0,0,20.0,1e+20,1.8129133566428555,1.6,0.0,8.6,1,True,5.918875194575314e+18,0.05918875194575314,1.0,0.0,0.625,0.11627906976744186,0.0,1.5384615384615386e+18,18.187086643357144,362,1,bound_mass_fraction,random_forest,raw,0.20472974762960422,-0.004005749575251821,0.2007890536735029,0.2146611728268343,0.01387211915333142,0.023219544997992527,65,True,True,False,False,False,False,low_confidence_sph_required
Ma_xp_A2000_s086z_n65_r16_v06_90000_fof_0.0040_0000.hdf5,Ma_xp_A2000_s086z_n65_r16_v06_90000.hdf5,A2000,n65,r16,v06,s086z,90000,0.004,266,232507,9.992229658174482e+19,37,8.137955309175474e+18,0.0814428369599966,1.854894186126787e+18,229,9.178434127256938e+19,0.9185571630400036,7.352881006089574e+18,2000,none,86.0,z,True,65,16,6,0,20.0,1e+20,1.8129133566428555,1.6,0.6,8.6,1,False,7.352881006089574e+18,0.07352881006089575,1.0455854845748274,0.36,0.625,0.11627906976744186,0.96,1.5384615384615386e+18,18.187086643357144,363,2,bound_mass_fraction,random_forest,raw,0.07535920663363174,0.006083630326364858,0.07059316401368193,0.08153963363200022,0.010946469618318286,0.030660771438038546,65,True,False,False,False,False,False,low_confidence_sph_required
Ma_xp_A2000_s086z_n65_r20_v00_90000_fof_0.0040_0000.hdf5,Ma_xp_A2000_s086z_n65_r20_v00_90000.hdf5,A2000,n65,r20,v00,s086z,90000,0.004,85,2261519,9.997061857816456e+19,0,0.0,0.0,0.0,85,9.997061857816456e+19,1.0,7.1519051470829674e+19,2000,none,86.0,z,True,65,20,0,0,20.0,1e+20,1.8129133566428555,2.0,0.0,8.6,1,False,7.1519051470829674e+19,0.7151905147082968,1.0,0.0,0.5,0.11627906976744186,0.0,1.5384615384615386e+18,18.187086643357144,364,0,bound_mass_fraction,random_forest,raw,0.03924634022839458,-0.03924634022839458,0.013808489185290448,0.01769569085860591,0.0038872016733154605,0.026810536987400938,38,True,True,False,False,False,False,medium_confidence_screening
Ma_xp_A2000_s170mz_n65_r12_v00_90000_fof_0.0040_0000.hdf5,Ma_xp_A2000_s170mz_n65_r12_v00_90000.hdf5,A2000,n65,r12,v00,s170mz,90000,0.004,275,442695,9.975855858542331e+19,59,1.4614407265541183e+19,0.146497778965269,2.07468656150713e+18,216,8.514415131988215e+19,0.8535022210347312,1.3978439499963052e+19,2000,none,170.0,mz,True,65,12,0,0,20.0,1e+20,1.8129133566428555,1.2,0.0,17.0,1,True,1.3978439499963052e+19,0.13978439499963052,1.0,0.0,0.8333333333333334,0.058823529411764705,0.0,1.5384615384615386e+18,18.187086643357144,365,4,bound_mass_fraction,random_forest,raw,0.13892144680859345,0.007576332156675553,0.13400908204676504,0.1562821035361998,0.022273021489434774,0.01826113719012749,62,True,True,False,False,False,False,low_confidence_sph_required
Ma_xp_A2000_s170mz_n65_r16_v00_90000_fof_0.0040_0000.hdf5,Ma_xp_A2000_s170mz_n65_r16_v00_90000.hdf5,A2000,n65,r16,v00,s170mz,90000,0.004,177,1892049,9.964081250505086e+19,6,6.721220325422648e+18,0.0674544913519442,6.684560845962776e+18,171,9.29195921796282e+19,0.932545508648056,5.9742921147368e+19,2000,none,170.0,mz,True,65,16,0,0,20.0,1e+20,1.8129133566428555,1.6,0.0,17.0,1,False,5.9742921147368e+19,0.59742921147368,1.0,0.0,0.625,0.058823529411764705,0.0,1.5384615384615386e+18,18.187086643357144,366,3,bound_mass_fraction,random_forest,raw,0.0670435287745027,0.0004109625774414982,0.05750832733399823,0.05358677244433442,0.003921554889663809,0.028372849741956824,65,True,True,False,False,False,False,medium_confidence_screening
Ma_xp_A2000_s170mz_n65_r16_v06_90000_fof_0.0040_0000.hdf5,Ma_xp_A2000_s170mz_n65_r16_v06_90000.hdf5,A2000,n65,r16,v06,s170mz,90000,0.004,77,2171220,9.981432141026112e+19,0,0.0,0.0,0.0,77,9.981432141026112e+19,1.0,6.855796295581421e+19,2000,none,170.0,mz,True,65,16,6,0,20.0,1e+20,1.8129133566428555,1.6,0.6,17.0,1,False,6.855796295581421e+19,0.6855796295581421,1.0455854845748274,0.36,0.625,0.058823529411764705,0.96,1.5384615384615386e+18,18.187086643357144,367,2,bound_mass_fraction,random_forest,raw,0.018636423356449848,-0.018636423356449848,0.008078511771731545,-0.0028322634401263492,0.010910775211857893,0.030660771438038546,65,True,False,False,False,False,False,low_confidence_sph_required
Ma_xp_A2000_s170x_n65_r12_v00_90000_fof_0.0040_0000.hdf5,Ma_xp_A2000_s170x_n65_r12_v00_90000.hdf5,A2000,n65,r12,v00,s170x,90000,0.004,251,251897,9.886486931138068e+19,59,2.170863226870417e+19,0.2195788293648734,3.4049425564783744e+18,192,7.715623704267651e+19,0.7804211706351267,7.953844011617172e+18,2000,none,170.0,x,True,65,12,0,0,20.0,1e+20,1.8129133566428555,1.2,0.0,17.0,1,True,7.953844011617172e+18,0.07953844011617173,1.0,0.0,0.8333333333333334,0.058823529411764705,0.0,1.5384615384615386e+18,18.187086643357144,368,1,bound_mass_fraction,random_forest,raw,0.1738676895319822,0.04571113983289121,0.19381198933759688,0.19192815696307514,0.001883832374521749,0.023219544997992527,62,True,True,False,False,False,False,medium_confidence_screening
Ma_xp_A2000_s170x_n65_r16_v00_90000_fof_0.0040_0000.hdf5,Ma_xp_A2000_s170x_n65_r16_v00_90000.hdf5,A2000,n65,r16,v00,s170x,90000,0.004,117,759994,9.955145305106928e+19,24,1.3169499616883851e+19,0.132288371623546,3.1045305947380905e+18,93,8.638195343418542e+19,0.8677116283764538,2.399740261239269e+19,2000,none,170.0,x,True,65,16,0,0,20.0,1e+20,1.8129133566428555,1.6,0.0,17.0,1,True,2.399740261239269e+19,0.2399740261239269,1.0,0.0,0.625,0.058823529411764705,0.0,1.5384615384615386e+18,18.187086643357144,369,0,bound_mass_fraction,random_forest,raw,0.1387323276482842,-0.006443956024738184,0.126613489758582,0.12692375770049058,0.00031026794190858187,0.026810536987400938,65,True,True,False,False,False,False,medium_confidence_screening
Ma_xp_A2000_s170x_n65_r16_v06_90000_fof_0.0040_0000.hdf5,Ma_xp_A2000_s170x_n65_r16_v06_90000.hdf5,A2000,n65,r16,v06,s170x,90000,0.004,132,1097119,9.960033235768082e+19,0,0.0,0.0,0.0,132,9.960033235768082e+19,1.0,3.464238712030334e+19,2000,none,170.0,x,True,65,16,6,0,20.0,1e+20,1.8129133566428555,1.6,0.6,17.0,1,False,3.464238712030334e+19,0.3464238712030334,1.0455854845748274,0.36,0.625,0.058823529411764705,0.96,1.5384615384615386e+18,18.187086643357144,370,4,bound_mass_fraction,random_forest,raw,0.02102831891762738,-0.02102831891762738,0.008899360330437183,0.00603561986436727,0.0028637404660699127,0.01826113719012749,65,True,False,False,False,False,True,high_confidence_screening
Ma_xp_A2000_s170x_n65_r20_v00_90000_fof_0.0040_0000.hdf5,Ma_xp_A2000_s170x_n65_r20_v00_90000.hdf5,A2000,n65,r20,v00,s170x,90000,0.004,10,2717478,9.982935147993652e+19,0,0.0,0.0,0.0,10,9.982935147993652e+19,1.0,8.58064848588708e+19,2000,none,170.0,x,True,65,20,0,0,20.0,1e+20,1.8129133566428555,2.0,0.0,17.0,1,False,8.58064848588708e+19,0.8580648485887079,1.0,0.0,0.5,0.058823529411764705,0.0,1.5384615384615386e+18,18.187086643357144,371,3,bound_mass_fraction,random_forest,raw,0.007955659056455577,-0.007955659056455577,0.002969106807267662,-0.003623898141159609,0.006593004948427271,0.028372849741956824,38,True,True,False,False,False,False,medium_confidence_screening
Ma_xp_A2000_s170y_n65_r12_v00_90000_fof_0.0040_0000.hdf5,Ma_xp_A2000_s170y_n65_r12_v00_90000.hdf5,A2000,n65,r12,v00,s170y,90000,0.004,231,304486,9.899837170514896e+19,66,1.8652728373684113e+19,0.1884144966468572,3.433202878714821e+18,165,8.034564333146482e+19,0.8115855033531426,9.61438265529594e+18,2000,none,170.0,y,True,65,12,0,0,20.0,1e+20,1.8129133566428555,1.2,0.0,17.0,1,True,9.61438265529594e+18,0.0961438265529594,1.0,0.0,0.8333333333333334,0.058823529411764705,0.0,1.5384615384615386e+18,18.187086643357144,372,2,bound_mass_fraction,random_forest,raw,0.1709601847697167,0.0174543118771405,0.1875091407444807,0.18349404177043424,0.004015098974046449,0.030660771438038546,62,True,True,False,False,False,False,medium_confidence_screening
Ma_xp_A2000_s170y_n65_r16_v00_90000_fof_0.0040_0000.hdf5,Ma_xp_A2000_s170y_n65_r16_v00_90000.hdf5,A2000,n65,r16,v00,s170y,90000,0.004,120,685234,9.954270656009188e+19,44,1.2386199266354498e+19,0.1244310074980451,2.9203806514051773e+18,76,8.71565072937374e+19,0.8755689925019551,2.163679737157281e+19,2000,none,170.0,y,True,65,16,0,0,20.0,1e+20,1.8129133566428555,1.6,0.0,17.0,1,True,2.163679737157281e+19,0.2163679737157281,1.0,0.0,0.625,0.058823529411764705,0.0,1.5384615384615386e+18,18.187086643357144,373,1,bound_mass_fraction,random_forest,raw,0.13540907567763086,-0.010978068179585757,0.13952181406257375,0.12811923099698053,0.01140258306559322,0.023219544997992527,65,True,True,False,False,False,False,low_confidence_sph_required
Ma_xp_A2000_s170y_n65_r16_v06_90000_fof_0.0040_0000.hdf5,Ma_xp_A2000_s170y_n65_r16_v06_90000.hdf5,A2000,n65,r16,v06,s170y,90000,0.004,67,971610,9.963500256279455e+19,3,4546912181069435.0,4.563569091297771e-05,1547213172725016.2,64,9.96304556506135e+19,0.9999543643090868,3.0679342669125415e+19,2000,none,170.0,y,True,65,16,6,0,20.0,1e+20,1.8129133566428555,1.6,0.6,17.0,1,False,3.0679342669125415e+19,0.30679342669125415,1.0455854845748274,0.36,0.625,0.058823529411764705,0.96,1.5384615384615386e+18,18.187086643357144,374,0,bound_mass_fraction,random_forest,raw,0.02784858984878822,-0.027802954157875242,0.021705564975454398,0.01189681243410009,0.009808752541354307,0.026810536987400938,65,True,False,False,False,False,False,low_confidence_sph_required
Ma_xp_A2000_s170y_n65_r20_v00_90000_fof_0.0040_0000.hdf5,Ma_xp_A2000_s170y_n65_r20_v00_90000.hdf5,A2000,n65,r20,v00,s170y,90000,0.004,21,2808623,9.97216464974614e+19,0,0.0,0.0,0.0,21,9.97216464974614e+19,1.0,8.86844592388416e+19,2000,none,170.0,y,True,65,20,0,0,20.0,1e+20,1.8129133566428555,2.0,0.0,17.0,1,False,8.86844592388416e+19,0.886844592388416,1.0,0.0,0.5,0.058823529411764705,0.0,1.5384615384615386e+18,18.187086643357144,375,4,bound_mass_fraction,random_forest,raw,0.0073172160994515855,-0.0073172160994515855,0.0029609306184217097,-0.002428424844669657,0.005389355463091367,0.01826113719012749,38,True,True,False,False,False,False,medium_confidence_screening
Ma_xp_A2000_s170z_n65_r12_v00_90000_fof_0.0040_0000.hdf5,Ma_xp_A2000_s170z_n65_r12_v00_90000.hdf5,A2000,n65,r12,v00,s170z,90000,0.004,323,176296,9.974801227526572e+19,99,2.3374033582366e+19,0.2343308207271615,2.9668917739239327e+18,224,7.637397869289973e+19,0.7656691792728385,5.566683540781856e+18,2000,none,170.0,z,True,65,12,0,0,20.0,1e+20,1.8129133566428555,1.2,0.0,17.0,1,True,5.566683540781856e+18,0.055666835407818555,1.0,0.0,0.8333333333333334,0.058823529411764705,0.0,1.5384615384615386e+18,18.187086643357144,376,3,bound_mass_fraction,random_forest,raw,0.21751960108207063,0.016811219645090858,0.22690540506200904,0.22365686103104065,0.0032485440309683866,0.028372849741956824,62,True,True,False,False,False,False,medium_confidence_screening
Ma_xp_A2000_s170z_n65_r16_v00_90000_fof_0.0040_0000.hdf5,Ma_xp_A2000_s170z_n65_r16_v00_90000.hdf5,A2000,n65,r16,v00,s170z,90000,0.004,270,396758,9.977396756560622e+19,82,1.7830779269627402e+19,0.1787117391909147,1.71023891988359e+18,188,8.194318829597881e+19,0.8212882608090852,1.252794293842601e+19,2000,none,170.0,z,True,65,16,0,0,20.0,1e+20,1.8129133566428555,1.6,0.0,17.0,1,True,1.252794293842601e+19,0.1252794293842601,1.0,0.0,0.625,0.058823529411764705,0.0,1.5384615384615386e+18,18.187086643357144,377,3,bound_mass_fraction,random_forest,raw,0.1816255207924676,-0.002913781601552895,0.18667696168844766,0.17888187693469595,0.007795084753751708,0.028372849741956824,65,True,True,False,False,False,False,medium_confidence_screening
Ma_xp_A2000_s170z_n65_r16_v06_90000_fof_0.0040_0000.hdf5,Ma_xp_A2000_s170z_n65_r16_v06_90000.hdf5,A2000,n65,r16,v06,s170z,90000,0.004,229,535750,9.977734617393285e+19,20,5.515215020962289e+18,0.0552752226076259,2.0144399751080904e+18,209,9.426213115297051e+19,0.944724777392374,1.6916723618077633e+19,2000,none,170.0,z,True,65,16,6,0,20.0,1e+20,1.8129133566428555,1.6,0.6,17.0,1,False,1.6916723618077633e+19,0.16916723618077634,1.0455854845748274,0.36,0.625,0.058823529411764705,0.96,1.5384615384615386e+18,18.187086643357144,378,1,bound_mass_fraction,random_forest,raw,0.05689856372824282,-0.0016233411206169196,0.058194857852534906,0.046651117615337086,0.01154374023719782,0.023219544997992527,65,True,False,False,False,False,False,low_confidence_sph_required
Ma_xp_A2000_s170z_n65_r20_v00_90000_fof_0.0040_0000.hdf5,Ma_xp_A2000_s170z_n65_r20_v00_90000.hdf5,A2000,n65,r20,v00,s170z,90000,0.004,8,2692248,9.980093327885638e+19,0,0.0,0.0,0.0,8,9.980093327885638e+19,1.0,8.500982795386598e+19,2000,none,170.0,z,True,65,20,0,0,20.0,1e+20,1.8129133566428555,2.0,0.0,17.0,1,False,8.500982795386598e+19,0.8500982795386598,1.0,0.0,0.5,0.058823529411764705,0.0,1.5384615384615386e+18,18.187086643357144,379,0,bound_mass_fraction,random_forest,raw,0.03888935887928363,-0.03888935887928363,0.014613224314955717,0.014426816923202803,0.00018640739175291438,0.026810536987400938,38,True,True,False,False,False,False,medium_confidence_screening
Ma_xp_A2000c30_n65_r12_v00_90000_fof_0.0040_0000.hdf5,Ma_xp_A2000c30_n65_r12_v00_90000.hdf5,A2000c30,n65,r12,v00,,90000,0.004,220,945886,9.989343606934811e+19,102,1.6140753398481795e+19,0.1615797196852508,1.8614501713851963e+18,118,8.375268267086635e+19,0.8384202803147495,2.958844601101288e+19,2000,c30,,none,False,65,12,0,0,20.0,1e+20,1.8129133566428555,1.2,0.0,,0,True,2.958844601101288e+19,0.2958844601101288,1.0,0.0,0.8333333333333334,,0.0,1.5384615384615386e+18,18.187086643357144,380,3,bound_mass_fraction,random_forest,raw,0.15634836627851725,0.005231353406733558,0.16077565632671117,0.16533460264839775,0.004558946321686574,0.028372849741956824,62,True,True,False,False,False,False,medium_confidence_screening
Ma_xp_A2000c30_n65_r12_v02_90000_fof_0.0040_0000.hdf5,Ma_xp_A2000c30_n65_r12_v02_90000.hdf5,A2000c30,n65,r12,v02,,90000,0.004,201,919132,9.982236519051275e+19,94,1.5689772385815538e+19,0.1571769247890623,2.707888072600251e+18,107,8.413259280469724e+19,0.8428230752109378,2.875154887483925e+19,2000,c30,,none,False,65,12,2,0,20.0,1e+20,1.8129133566428555,1.2,0.2,,0,True,2.875154887483925e+19,0.2875154887483925,1.0037987903812355,0.04000000000000001,0.8333333333333334,,0.24,1.5384615384615386e+18,18.187086643357144,381,3,bound_mass_fraction,random_forest,raw,0.15279155060591798,0.0043853741831443305,0.15778108173571415,0.16377279516369958,0.0059917134279854345,0.028372849741956824,62,True,True,False,False,False,False,medium_confidence_screening
Ma_xp_A2000c30_n65_r12_v04_90000_fof_0.0040_0000.hdf5,Ma_xp_A2000c30_n65_r12_v04_90000.hdf5,A2000c30,n65,r12,v04,,90000,0.004,212,1075346,9.98912776665291e+19,84,1.4759907533025427e+19,0.1477597231491922,2.250369289821423e+18,128,8.513137013350367e+19,0.8522402768508078,3.3638109734158504e+19,2000,c30,,none,False,65,12,4,0,20.0,1e+20,1.8129133566428555,1.2,0.4,,0,True,3.3638109734158504e+19,0.33638109734158506,1.0151951615249424,0.16000000000000003,0.8333333333333334,,0.48,1.5384615384615386e+18,18.187086643357144,382,1,bound_mass_fraction,random_forest,raw,0.12841797272609226,0.019341750423099935,0.13673450391168293,0.13101197527484743,0.0057225286368355055,0.023219544997992527,62,True,True,False,False,False,False,medium_confidence_screening
Ma_xp_A2000c30_n65_r12_v06_90000_fof_0.0040_0000.hdf5,Ma_xp_A2000c30_n65_r12_v06_90000.hdf5,A2000c30,n65,r12,v06,,90000,0.004,294,1199461,9.96730600381809e+19,42,1.220880081823372e+19,0.1224884719457494,2.4505689486331807e+18,252,8.746425921994716e+19,0.8775115280542504,3.7520575461010194e+19,2000,c30,,none,False,65,12,6,0,20.0,1e+20,1.8129133566428555,1.2,0.6,,0,True,3.7520575461010194e+19,0.37520575461010197,1.0341891134311205,0.36,0.8333333333333334,,0.72,1.5384615384615386e+18,18.187086643357144,383,2,bound_mass_fraction,random_forest,raw,0.06872631709290097,0.05376215485284842,0.09529436118831468,0.10389061965121824,0.008596258462903558,0.030660771438038546,62,True,True,False,False,False,False,medium_confidence_screening
Ma_xp_A2000c30_n65_r12_v08_90000_fof_0.0040_0000.hdf5,Ma_xp_A2000c30_n65_r12_v08_90000.hdf5,A2000c30,n65,r12,v08,,90000,0.004,313,1316817,9.96982726823831e+19,10,2.334797239688498e+18,0.0234186328094835,8.569796644986257e+17,303,9.73634754426946e+19,0.9765813671905164,4.1191611579452015e+19,2000,c30,,none,False,65,12,8,0,20.0,1e+20,1.8129133566428555,1.2,0.8,,0,False,4.1191611579452015e+19,0.41191611579452014,1.06078064609977,0.6400000000000001,0.8333333333333334,,0.96,1.5384615384615386e+18,18.187086643357144,384,3,bound_mass_fraction,random_forest,raw,0.03393990157803189,-0.010521268768548388,0.025109577442307365,0.03126461524580334,0.006155037803495973,0.028372849741956824,62,True,True,False,False,False,False,medium_confidence_screening
Ma_xp_A2000c30_n65_r12_v10_90000_fof_0.0040_0000.hdf5,Ma_xp_A2000c30_n65_r12_v10_90000.hdf5,A2000c30,n65,r12,v10,,90000,0.004,206,1396577,9.984764039635336e+19,0,0.0,0.0,0.0,206,9.984764039635336e+19,1.0,4.368659982723585e+19,2000,c30,,none,False,65,12,10,0,20.0,1e+20,1.8129133566428555,1.2,1.0,,0,False,4.368659982723585e+19,0.4368659982723585,1.0949697595308905,1.0,0.8333333333333334,,1.2,1.5384615384615386e+18,18.187086643357144,385,4,bound_mass_fraction,random_forest,raw,0.018220521313886837,-0.018220521313886837,0.011076282845672891,0.007586882183059356,0.0034894006626135345,0.01826113719012749,62,True,True,False,False,False,False,medium_confidence_screening
Ma_xp_A2000c30_n65_r14_v00_90000_fof_0.0040_0000.hdf5,Ma_xp_A2000c30_n65_r14_v00_90000.hdf5,A2000c30,n65,r14,v00,,90000,0.004,299,1971134,9.940970364172376e+19,99,1.5526296851918524e+19,0.156184922428457,1.9241689707469463e+18,200,8.388340678980523e+19,0.8438150775715431,6.165943035233535e+19,2000,c30,,none,False,65,14,0,0,20.0,1e+20,1.8129133566428555,1.4,0.0,,0,True,6.165943035233535e+19,0.6165943035233534,1.0,0.0,0.7142857142857143,,0.0,1.5384615384615386e+18,18.187086643357144,386,0,bound_mass_fraction,random_forest,raw,0.09436473747761207,0.06182018495084493,0.130597402787514,0.09806178027287885,0.032535622514635154,0.026810536987400938,20,True,True,False,False,True,False,low_confidence_sph_required
Ma_xp_A2000c30_n65_r16_v00_90000_fof_0.0040_0000.hdf5,Ma_xp_A2000c30_n65_r16_v00_90000.hdf5,A2000c30,n65,r16,v00,,90000,0.004,214,2379832,9.974947999955588e+19,67,1.0595535661380977e+19,0.1062214626224432,2.3113363421686257e+18,147,8.915394433817489e+19,0.8937785373775565,7.444399287623806e+19,2000,c30,,none,False,65,16,0,0,20.0,1e+20,1.8129133566428555,1.6,0.0,,0,True,7.444399287623806e+19,0.7444399287623806,1.0,0.0,0.625,,0.0,1.5384615384615386e+18,18.187086643357144,387,1,bound_mass_fraction,random_forest,raw,0.09133761339727904,0.014883849225164156,0.09291740358953673,0.07180468043239427,0.021112723157142466,0.023219544997992527,65,True,True,False,False,True,False,low_confidence_sph_required
Ma_xp_A2000c30_n65_r16_v02_90000_fof_0.0040_0000.hdf5,Ma_xp_A2000c30_n65_r16_v02_90000.hdf5,A2000c30,n65,r16,v02,,90000,0.004,217,885248,9.98863352378385e+19,115,1.6004336099723893e+19,0.1602254809090363,3.1033136799510574e+18,102,8.388199913811463e+19,0.8397745190909639,2.7691616806284743e+19,2000,c30,,none,False,65,16,2,0,20.0,1e+20,1.8129133566428555,1.6,0.2,,0,True,2.7691616806284743e+19,0.2769161680628474,1.0050650538416475,0.04000000000000001,0.625,,0.32000000000000006,1.5384615384615386e+18,18.187086643357144,388,2,bound_mass_fraction,random_forest,raw,0.13334055188717106,0.026884929021865234,0.13985823530034255,0.16220295143820065,0.0223447161378581,0.030660771438038546,65,True,False,False,False,False,False,low_confidence_sph_required
Ma_xp_A2000c30_n65_r16_v04_90000_fof_0.0040_0000.hdf5,Ma_xp_A2000c30_n65_r16_v04_90000.hdf5,A2000c30,n65,r16,v04,,90000,0.004,281,1078146,9.979017683884296e+19,79,1.4818684901609734e+19,0.1484984331227441,2.7691366557181117e+18,202,8.497149193723322e+19,0.8515015668772559,3.372569708488311e+19,2000,c30,,none,False,65,16,4,0,20.0,1e+20,1.8129133566428555,1.6,0.4,,0,True,3.372569708488311e+19,0.3372569708488311,1.02026021536659,0.16000000000000003,0.625,,0.6400000000000001,1.5384615384615386e+18,18.187086643357144,389,3,bound_mass_fraction,random_forest,raw,0.10880366185188921,0.0396947712708549,0.11429629761036651,0.12877712029235153,0.014480822681985014,0.028372849741956824,65,True,False,False,False,True,False,low_confidence_sph_required
Ma_xp_A2000c30_n65_r16_v06_90000_fof_0.0040_0000.hdf5,Ma_xp_A2000c30_n65_r16_v06_90000.hdf5,A2000c30,n65,r16,v06,,90000,0.004,290,1162817,9.949876121031382e+19,25,3.5169136625745326e+18,0.03534630602225,6.75705129684248e+17,265,9.598184754773932e+19,0.9646536939777504,3.637430728959857e+19,2000,c30,,none,False,65,16,6,0,20.0,1e+20,1.8129133566428555,1.6,0.6,,0,False,3.637430728959857e+19,0.36374307289598573,1.0455854845748274,0.36,0.625,,0.96,1.5384615384615386e+18,18.187086643357144,390,0,bound_mass_fraction,random_forest,raw,0.025910100048235785,0.009436205974014216,0.02885286933547197,0.056400300227501435,0.027547430892029465,0.026810536987400938,65,True,False,False,False,False,False,low_confidence_sph_required
Ma_xp_A2000c30_n65_r16_v10_90000_fof_0.0040_0000.hdf5,Ma_xp_A2000c30_n65_r16_v10_90000.hdf5,A2000c30,n65,r16,v10,,90000,0.004,169,1405415,9.991583340508678e+19,0,0.0,0.0,0.0,169,9.991583340508678e+19,1.0,4.3963063043558736e+19,2000,c30,,none,False,65,16,10,0,20.0,1e+20,1.8129133566428555,1.6,1.0,,0,False,4.3963063043558736e+19,0.43963063043558737,1.1266263460411872,1.0,0.625,,1.6,1.5384615384615386e+18,18.187086643357144,391,4,bound_mass_fraction,random_forest,raw,0.018287945839185627,-0.018287945839185627,0.0072295425711538415,0.007383491330721568,0.00015394875956772653,0.01826113719012749,65,True,False,False,False,False,True,high_confidence_screening
Ma_xp_A2000c30_n65_r18_v00_90000_fof_0.0040_0000.hdf5,Ma_xp_A2000c30_n65_r18_v00_90000.hdf5,A2000c30,n65,r18,v00,,90000,0.004,121,2948418,9.968263208579978e+19,3,2.1938754486008512e+18,0.0220086027294355,2.181488094711911e+18,118,9.74887566371989e+19,0.977991397270564,9.22300433805752e+19,2000,c30,,none,False,65,18,0,0,20.0,1e+20,1.8129133566428555,1.8,0.0,,0,False,9.22300433805752e+19,0.9223004338057521,1.0,0.0,0.5555555555555556,,0.0,1.5384615384615386e+18,18.187086643357144,392,2,bound_mass_fraction,random_forest,raw,0.009740940993316363,0.012267661736119137,0.013883395320461307,0.026426827949191024,0.012543432628729718,0.030660771438038546,17,True,True,False,False,False,False,low_confidence_sph_required
Ma_xp_A2000c30_n65_r20_v00_90000_fof_0.0040_0000.hdf5,Ma_xp_A2000c30_n65_r20_v00_90000.hdf5,A2000c30,n65,r20,v00,,90000,0.004,174,3124345,9.951024141195947e+19,0,0.0,0.0,0.0,174,9.951024141195947e+19,1.0,9.773325047163357e+19,2000,c30,,none,False,65,20,0,0,20.0,1e+20,1.8129133566428555,2.0,0.0,,0,False,9.773325047163357e+19,0.9773325047163357,1.0,0.0,0.5,,0.0,1.5384615384615386e+18,18.187086643357144,393,1,bound_mass_fraction,random_forest,raw,0.010593274986437235,-0.010593274986437235,0.009129938917934023,0.023070794055970994,0.013940855138036971,0.023219544997992527,38,True,True,False,False,False,False,low_confidence_sph_required
Ma_xp_A2000c30_n65_r22_v00_90000_fof_0.0040_0000.hdf5,Ma_xp_A2000c30_n65_r22_v00_90000.hdf5,A2000c30,n65,r22,v00,,90000,0.004,1,3195625,9.996297417209251e+19,0,0.0,0.0,0.0,1,9.996297417209251e+19,1.0,9.996297417209251e+19,2000,c30,,none,False,65,22,0,0,20.0,1e+20,1.8129133566428555,2.2,0.0,,0,False,9.996297417209251e+19,0.9996297417209251,1.0,0.0,0.45454545454545453,,0.0,1.5384615384615386e+18,18.187086643357144,394,4,bound_mass_fraction,random_forest,raw,0.010266711190302409,-0.010266711190302409,0.008592824208465655,0.016244042815382238,0.0076512186069165825,0.01826113719012749,12,True,True,False,False,False,False,medium_confidence_screening
Ma_xp_A2050_n70_r12_v00_90000_fof_0.0030_0000.hdf5,Ma_xp_A2050_n70_r12_v00_90000.hdf5,A2050,n70,r12,v00,,90000,0.003,930,541511,3.156780435474726e+20,385,8.558154853731672e+19,0.2711038993259811,8.629297811404521e+18,545,2.3009649501015586e+20,0.7288961006740187,1.6960023835072033e+19,2050,none,,none,False,70,12,0,0,20.5,3.1622776601683794e+20,1.845098040014257,1.2,0.0,,0,True,1.6960023835072033e+19,0.05363230448957153,1.0,0.0,0.8333333333333334,,0.0,4.517539514526256e+18,18.654901959985743,395,4,bound_mass_fraction,random_forest,raw,0.22408884819311606,0.047015051132865054,0.2525278300892116,0.262213473462324,0.009685643373112396,0.01826113719012749,3,True,True,True,False,False,False,low_confidence_sph_required
Ma_xp_A2050_n70_r12_v00_90000_fof_0.0040_0000.hdf5,Ma_xp_A2050_n70_r12_v00_90000.hdf5,A2050,n70,r12,v00,,90000,0.004,912,541555,3.157887904100133e+20,385,8.562295333151336e+19,0.2711399388823852,8.629986847314e+18,527,2.301658370785e+20,0.728860061117615,1.6961401906890945e+19,2050,none,,none,False,70,12,0,0,20.5,3.1622776601683794e+20,1.845098040014257,1.2,0.0,,0,True,1.6961401906890945e+19,0.05363666233529858,1.0,0.0,0.8333333333333334,,0.0,4.517539514526256e+18,18.654901959985743,396,4,bound_mass_fraction,random_forest,raw,0.22580846569298899,0.045331473189396204,0.25750806024930534,0.2657286359381964,0.008220575688891063,0.01826113719012749,3,True,True,True,False,False,False,medium_confidence_screening
Ma_xp_A2050_n70_r12_v00_90000_fof_0.0050_0000.hdf5,Ma_xp_A2050_n70_r12_v00_90000.hdf5,A2050,n70,r12,v00,,90000,0.005,882,541559,3.158441012016561e+20,387,8.564393760693823e+19,0.2711588954205524,8.630268725640605e+18,495,2.302001635947178e+20,0.7288411045794474,1.696152718614721e+19,2050,none,,none,False,70,12,0,0,20.5,3.1622776601683794e+20,1.845098040014257,1.2,0.0,,0,True,1.696152718614721e+19,0.05363705850309195,1.0,0.0,0.8333333333333334,,0.0,4.517539514526256e+18,18.654901959985743,397,4,bound_mass_fraction,random_forest,raw,0.22781688471696795,0.04334201070358443,0.25765046862635643,0.2657286359381964,0.008078167311839968,0.01826113719012749,3,True,True,True,False,False,False,medium_confidence_screening
Ma_xp_A2050_n70_r16_v00_90000_fof_0.0030_0000.hdf5,Ma_xp_A2050_n70_r16_v00_90000.hdf5,A2050,n70,r16,v00,,90000,0.003,577,2890146,3.158275956595681e+20,320,6.877073229622841e+19,0.2177476991920512,7.552052806563177e+18,257,2.4705686336333975e+20,0.782252300807949,9.051883534702204e+19,2050,none,,none,False,70,16,0,0,20.5,3.1622776601683794e+20,1.845098040014257,1.6,0.0,,0,True,9.051883534702204e+19,0.28624569084234763,1.0,0.0,0.625,,0.0,4.517539514526256e+18,18.654901959985743,398,3,bound_mass_fraction,random_forest,raw,0.1829568768487464,0.0347908223433048,0.2105485305058553,0.2116691741858137,0.0011206436799583996,0.028372849741956824,3,True,True,True,False,False,False,medium_confidence_screening
Ma_xp_A2050_n70_r16_v00_90000_fof_0.0040_0000.hdf5,Ma_xp_A2050_n70_r16_v00_90000.hdf5,A2050,n70,r16,v00,,90000,0.004,534,2960888,3.159236848487596e+20,317,6.8808879829762015e+19,0.2178022197439945,7.553900675593142e+18,217,2.4711480501899772e+20,0.7821977802560058,9.27344616334017e+19,2050,none,,none,False,70,16,0,0,20.5,3.1622776601683794e+20,1.845098040014257,1.6,0.0,,0,True,9.27344616334017e+19,0.29325211635104786,1.0,0.0,0.625,,0.0,4.517539514526256e+18,18.654901959985743,399,3,bound_mass_fraction,random_forest,raw,0.19080273295302097,0.026999486790973526,0.2157141779953643,0.21419057206406245,0.0015236059313018524,0.028372849741956824,3,True,True,True,False,False,False,medium_confidence_screening
Ma_xp_A2050_n70_r16_v00_90000_fof_0.0050_0000.hdf5,Ma_xp_A2050_n70_r16_v00_90000.hdf5,A2050,n70,r16,v00,,90000,0.005,501,2960896,3.159625840578216e+20,314,6.88237880612579e+19,0.2178225889197787,7.554119914291613e+18,187,2.4713879599656367e+20,0.7821774110802212,9.27347121919142e+19,2050,none,,none,False,70,16,0,0,20.5,3.1622776601683794e+20,1.845098040014257,1.6,0.0,,0,True,9.27347121919142e+19,0.2932529086866345,1.0,0.0,0.625,,0.0,4.517539514526256e+18,18.654901959985743,400,3,bound_mass_fraction,random_forest,raw,0.19333642438698537,0.024486164532793342,0.2157361741262154,0.21419057206406245,0.0015456020621529565,0.028372849741956824,3,True,True,True,False,False,False,medium_confidence_screening
Ma_xp_A2100_n70_r12_v00_90000_fof_0.0044_0000.hdf5,Ma_xp_A2100_n70_r12_v00_90000.hdf5,A2100,n70,r12,v00,,90000,0.0044,2976,790844,9.882218407203284e+20,887,2.5574268804366015e+20,0.2587907669165112,3.5149007724538753e+19,2089,7.32479152676668e+20,0.7412092330834887,7.837843393120377e+19,2100,none,,none,False,70,12,0,0,21.0,1e+21,1.845098040014257,1.2,0.0,,0,True,7.837843393120377e+19,0.07837843393120378,1.0,0.0,0.8333333333333334,,0.0,1.4285714285714287e+19,19.154901959985743,401,0,bound_mass_fraction,random_forest,raw,0.23951152202564913,0.01927924489086208,0.25439062085774966,0.25534439570869977,0.0009537748509501065,0.026810536987400938,3,True,True,True,False,False,False,medium_confidence_screening
Ma_xp_A2100_n70_r12_v00_90000_fof_0.0059_0000.hdf5,Ma_xp_A2100_n70_r12_v00_90000.hdf5,A2100,n70,r12,v00,,90000,0.0059,2929,790874,9.897766364468052e+20,879,2.5604585735315787e+20,0.2586905448408398,3.5254755241124127e+19,2050,7.337307790936471e+20,0.7413094551591599,7.838140715097643e+19,2100,none,,none,False,70,12,0,0,21.0,1e+21,1.845098040014257,1.2,0.0,,0,True,7.838140715097643e+19,0.07838140715097644,1.0,0.0,0.8333333333333334,,0.0,1.4285714285714287e+19,19.154901959985743,402,0,bound_mass_fraction,random_forest,raw,0.23700950317881198,0.021681041662027833,0.2534588980765261,0.25534439570869977,0.0018854976321736605,0.026810536987400938,3,True,True,True,False,False,False,medium_confidence_screening
Ma_xp_A2100_n70_r12_v00_90000_fof_0.0074_0000.hdf5,Ma_xp_A2100_n70_r12_v00_90000.hdf5,A2100,n70,r12,v00,,90000,0.0074,2893,790878,9.906883247364068e+20,866,2.5624278360944384e+20,0.2586512601504843,3.5256043636359e+19,2027,7.34445541126963e+20,0.7413487398495157,7.838180358027946e+19,2100,none,,none,False,70,12,0,0,21.0,1e+21,1.845098040014257,1.2,0.0,,0,True,7.838180358027946e+19,0.07838180358027945,1.0,0.0,0.8333333333333334,,0.0,1.4285714285714287e+19,19.154901959985743,403,0,bound_mass_fraction,random_forest,raw,0.23682156054341647,0.02182969960706782,0.2530315037935706,0.25534439570869977,0.0023128919151291782,0.026810536987400938,3,True,True,True,False,False,False,medium_confidence_screening
Ma_xp_A2100_n70_r16_v00_90000_fof_0.0044_0000.hdf5,Ma_xp_A2100_n70_r16_v00_90000.hdf5,A2100,n70,r16,v00,,90000,0.0044,2116,3921382,9.918259777264576e+20,387,2.1097422417355643e+20,0.2127129445199332,2.3405086944016703e+19,1729,7.808517535529012e+20,0.7872870554800669,3.886376832957781e+20,2100,none,,none,False,70,16,0,0,21.0,1e+21,1.845098040014257,1.6,0.0,,0,True,3.886376832957781e+20,0.38863768329577814,1.0,0.0,0.625,,0.0,1.4285714285714287e+19,19.154901959985743,404,1,bound_mass_fraction,random_forest,raw,0.18198769354227717,0.03072525097765602,0.21175952988283314,0.21118656500914196,0.0005729648736911841,0.023219544997992527,3,True,True,True,False,False,False,medium_confidence_screening
Ma_xp_A2100_n70_r16_v00_90000_fof_0.0059_0000.hdf5,Ma_xp_A2100_n70_r16_v00_90000.hdf5,A2100,n70,r16,v00,,90000,0.0059,2101,3922068,9.9281298758368e+20,386,2.110706556015203e+20,0.2125986044111152,2.3410438739607716e+19,1715,7.8174233198216e+20,0.7874013955888849,3.887056709212351e+20,2100,none,,none,False,70,16,0,0,21.0,1e+21,1.845098040014257,1.6,0.0,,0,True,3.887056709212351e+20,0.3887056709212351,1.0,0.0,0.625,,0.0,1.4285714285714287e+19,19.154901959985743,405,1,bound_mass_fraction,random_forest,raw,0.18125530183824984,0.031343302572865356,0.2107255526976945,0.21117154706730495,0.00044599436961045846,0.023219544997992527,3,True,True,True,False,False,False,medium_confidence_screening
Ma_xp_A2100_n70_r16_v00_90000_fof_0.0074_0000.hdf5,Ma_xp_A2100_n70_r16_v00_90000.hdf5,A2100,n70,r16,v00,,90000,0.0074,2085,3922894,9.934826557838076e+20,382,2.1114181466141583e+20,0.2125269257920115,2.34134119593805e+19,1703,7.823408411223919e+20,0.7874730742079886,3.887875335722955e+20,2100,none,,none,False,70,16,0,0,21.0,1e+21,1.845098040014257,1.6,0.0,,0,True,3.887875335722955e+20,0.3887875335722955,1.0,0.0,0.625,,0.0,1.4285714285714287e+19,19.154901959985743,406,1,bound_mass_fraction,random_forest,raw,0.1815236397022359,0.031003286089775595,0.21039586153727996,0.21117154706730495,0.0007756855300249943,0.023219544997992527,3,True,True,True,False,False,False,medium_confidence_screening
