fof_file,physical_file,mass_code,resolution_code,periapsis_code,velocity_code,spin_code,timestep,fof_linking_length,n_fragments,largest_fragment_particle_count,total_fragment_mass_kg,bound_fragment_count,energy_bound_mass_kg,energy_bound_mass_fraction,bound_mass_kg,bound_mass_fraction,largest_bound_fragment_mass_kg,unbound_fragment_count,unbound_mass_kg,unbound_mass_fraction,largest_unbound_fragment_mass_kg,target_mass_kg,captured_mass_kg,captured_mass_fraction,raw_hdf5_path,method,unresolved_handling,normalization_notes
Ma_xp_A1800_n60_r12_v00_90000_fof_0.0001_0000.hdf5,Ma_xp_A1800_n60_r12_v00_90000.hdf5,A1800,n60,r12,v00,,90000,0.0001,0,0,0.0,0,5.15849436067e+17,0.51607804736,3.14310755211e+17,0.314450049709,0.0,0,6.85246266649e+17,0.6855499502910001,0.0,9.9955702186e+17,3.14310755211e+17,0.314450049709,/rds/general/user/nny124/home/irp-nny124/martian_moon_data/Ma_xp_A1800_n60_r12_v00_90000.hdf5,particle_level_raw_snapshot_parent_normalized,All raw asteroid particles in the physical snapshot are included in the denominator; all raw bound/captured asteroid particles are included in the numerator. No FoF background or unresolved material is discarded for the particle-level metrics.,BMF is bound_mass_kg / target_mass_kg for particles with negative Mars-centric orbital energy and apoapsis inside Mars's Hill sphere. energy_bound_mass_fraction is the negative-energy-only diagnostic. captured_mass_fraction is retained only as a backwards-compatible alias of bound_mass_fraction.
Ma_xp_A1800_n60_r12_v00_90000_fof_0.0013_0000.hdf5,Ma_xp_A1800_n60_r12_v00_90000.hdf5,A1800,n60,r12,v00,,90000,0.0013,265,69353,9.907059774086918e+17,0,5.15849436067e+17,0.51607804736,3.14310755211e+17,0.314450049709,0.0,265,6.85246266649e+17,0.6855499502910001,6.9126856513801624e+16,9.9955702186e+17,3.14310755211e+17,0.314450049709,/rds/general/user/nny124/home/irp-nny124/martian_moon_data/Ma_xp_A1800_n60_r12_v00_90000.hdf5,particle_level_raw_snapshot_parent_normalized,All raw asteroid particles in the physical snapshot are included in the denominator; all raw bound/captured asteroid particles are included in the numerator. No FoF background or unresolved material is discarded for the particle-level metrics.,BMF is bound_mass_kg / target_mass_kg for particles with negative Mars-centric orbital energy and apoapsis inside Mars's Hill sphere. energy_bound_mass_fraction is the negative-energy-only diagnostic. captured_mass_fraction is retained only as a backwards-compatible alias of bound_mass_fraction.
Ma_xp_A1800_n60_r12_v00_90000_fof_0.0014_0000.hdf5,Ma_xp_A1800_n60_r12_v00_90000.hdf5,A1800,n60,r12,v00,,90000,0.0014,265,69353,9.908983480820175e+17,0,5.15849436067e+17,0.51607804736,3.14310755211e+17,0.314450049709,0.0,265,6.85246266649e+17,0.6855499502910001,6.9126856513801624e+16,9.9955702186e+17,3.14310755211e+17,0.314450049709,/rds/general/user/nny124/home/irp-nny124/martian_moon_data/Ma_xp_A1800_n60_r12_v00_90000.hdf5,particle_level_raw_snapshot_parent_normalized,All raw asteroid particles in the physical snapshot are included in the denominator; all raw bound/captured asteroid particles are included in the numerator. No FoF background or unresolved material is discarded for the particle-level metrics.,BMF is bound_mass_kg / target_mass_kg for particles with negative Mars-centric orbital energy and apoapsis inside Mars's Hill sphere. energy_bound_mass_fraction is the negative-energy-only diagnostic. captured_mass_fraction is retained only as a backwards-compatible alias of bound_mass_fraction.
Ma_xp_A1800_n60_r12_v00_90000_fof_0.0016_0000.hdf5,Ma_xp_A1800_n60_r12_v00_90000.hdf5,A1800,n60,r12,v00,,90000,0.0016,264,69353,9.912163078995868e+17,0,5.15849436067e+17,0.51607804736,3.14310755211e+17,0.314450049709,0.0,264,6.85246266649e+17,0.6855499502910001,6.9126856513801624e+16,9.9955702186e+17,3.14310755211e+17,0.314450049709,/rds/general/user/nny124/home/irp-nny124/martian_moon_data/Ma_xp_A1800_n60_r12_v00_90000.hdf5,particle_level_raw_snapshot_parent_normalized,All raw asteroid particles in the physical snapshot are included in the denominator; all raw bound/captured asteroid particles are included in the numerator. No FoF background or unresolved material is discarded for the particle-level metrics.,BMF is bound_mass_kg / target_mass_kg for particles with negative Mars-centric orbital energy and apoapsis inside Mars's Hill sphere. energy_bound_mass_fraction is the negative-energy-only diagnostic. captured_mass_fraction is retained only as a backwards-compatible alias of bound_mass_fraction.
Ma_xp_A1800_n60_r12_v00_90000_fof_0.002_0000.hdf5,Ma_xp_A1800_n60_r12_v00_90000.hdf5,A1800,n60,r12,v00,,90000,0.002,265,69353,9.908983480820175e+17,0,5.15849436067e+17,0.51607804736,3.14310755211e+17,0.314450049709,0.0,265,6.85246266649e+17,0.6855499502910001,6.9126856513801624e+16,9.9955702186e+17,3.14310755211e+17,0.314450049709,/rds/general/user/nny124/home/irp-nny124/martian_moon_data/Ma_xp_A1800_n60_r12_v00_90000.hdf5,particle_level_raw_snapshot_parent_normalized,All raw asteroid particles in the physical snapshot are included in the denominator; all raw bound/captured asteroid particles are included in the numerator. No FoF background or unresolved material is discarded for the particle-level metrics.,BMF is bound_mass_kg / target_mass_kg for particles with negative Mars-centric orbital energy and apoapsis inside Mars's Hill sphere. energy_bound_mass_fraction is the negative-energy-only diagnostic. captured_mass_fraction is retained only as a backwards-compatible alias of bound_mass_fraction.
Ma_xp_A1800_n60_r16_v00_90000_fof_0.0001_0000.hdf5,Ma_xp_A1800_n60_r16_v00_90000.hdf5,A1800,n60,r16,v00,,90000,0.0001,0,0,0.0,0,4.5488388045e+17,0.455085473367,2.67534779416e+17,0.267653343997,0.0,0,7.32022242444e+17,0.732346656003,0.0,9.9955702186e+17,2.67534779416e+17,0.267653343997,/rds/general/user/nny124/home/irp-nny124/martian_moon_data/Ma_xp_A1800_n60_r16_v00_90000.hdf5,particle_level_raw_snapshot_parent_normalized,All raw asteroid particles in the physical snapshot are included in the denominator; all raw bound/captured asteroid particles are included in the numerator. No FoF background or unresolved material is discarded for the particle-level metrics.,BMF is bound_mass_kg / target_mass_kg for particles with negative Mars-centric orbital energy and apoapsis inside Mars's Hill sphere. energy_bound_mass_fraction is the negative-energy-only diagnostic. captured_mass_fraction is retained only as a backwards-compatible alias of bound_mass_fraction.
Ma_xp_A1800_n60_r16_v00_90000_fof_0.0013_0000.hdf5,Ma_xp_A1800_n60_r16_v00_90000.hdf5,A1800,n60,r16,v00,,90000,0.0013,88,278913,9.971349455086552e+17,0,4.5488388045e+17,0.455085473367,2.67534779416e+17,0.267653343997,0.0,88,7.32022242444e+17,0.732346656003,2.7800353165490752e+17,9.9955702186e+17,2.67534779416e+17,0.267653343997,/rds/general/user/nny124/home/irp-nny124/martian_moon_data/Ma_xp_A1800_n60_r16_v00_90000.hdf5,particle_level_raw_snapshot_parent_normalized,All raw asteroid particles in the physical snapshot are included in the denominator; all raw bound/captured asteroid particles are included in the numerator. No FoF background or unresolved material is discarded for the particle-level metrics.,BMF is bound_mass_kg / target_mass_kg for particles with negative Mars-centric orbital energy and apoapsis inside Mars's Hill sphere. energy_bound_mass_fraction is the negative-energy-only diagnostic. captured_mass_fraction is retained only as a backwards-compatible alias of bound_mass_fraction.
Ma_xp_A1800_n60_r16_v00_90000_fof_0.0014_0000.hdf5,Ma_xp_A1800_n60_r16_v00_90000.hdf5,A1800,n60,r16,v00,,90000,0.0014,88,278913,9.972346194326582e+17,0,4.5488388045e+17,0.455085473367,2.67534779416e+17,0.267653343997,0.0,88,7.32022242444e+17,0.732346656003,2.7800353165490752e+17,9.9955702186e+17,2.67534779416e+17,0.267653343997,/rds/general/user/nny124/home/irp-nny124/martian_moon_data/Ma_xp_A1800_n60_r16_v00_90000.hdf5,particle_level_raw_snapshot_parent_normalized,All raw asteroid particles in the physical snapshot are included in the denominator; all raw bound/captured asteroid particles are included in the numerator. No FoF background or unresolved material is discarded for the particle-level metrics.,BMF is bound_mass_kg / target_mass_kg for particles with negative Mars-centric orbital energy and apoapsis inside Mars's Hill sphere. energy_bound_mass_fraction is the negative-energy-only diagnostic. captured_mass_fraction is retained only as a backwards-compatible alias of bound_mass_fraction.
Ma_xp_A1800_n60_r16_v00_90000_fof_0.0016_0000.hdf5,Ma_xp_A1800_n60_r16_v00_90000.hdf5,A1800,n60,r16,v00,,90000,0.0016,88,278913,9.973442607490614e+17,0,4.5488388045e+17,0.455085473367,2.67534779416e+17,0.267653343997,0.0,88,7.32022242444e+17,0.732346656003,2.7800353165490752e+17,9.9955702186e+17,2.67534779416e+17,0.267653343997,/rds/general/user/nny124/home/irp-nny124/martian_moon_data/Ma_xp_A1800_n60_r16_v00_90000.hdf5,particle_level_raw_snapshot_parent_normalized,All raw asteroid particles in the physical snapshot are included in the denominator; all raw bound/captured asteroid particles are included in the numerator. No FoF background or unresolved material is discarded for the particle-level metrics.,BMF is bound_mass_kg / target_mass_kg for particles with negative Mars-centric orbital energy and apoapsis inside Mars's Hill sphere. energy_bound_mass_fraction is the negative-energy-only diagnostic. captured_mass_fraction is retained only as a backwards-compatible alias of bound_mass_fraction.
Ma_xp_A1800_n60_r16_v00_90000_fof_0.002_0000.hdf5,Ma_xp_A1800_n60_r16_v00_90000.hdf5,A1800,n60,r16,v00,,90000,0.002,88,278913,9.974967618527858e+17,0,4.5488388045e+17,0.455085473367,2.67534779416e+17,0.267653343997,0.0,88,7.32022242444e+17,0.732346656003,2.7800353165490752e+17,9.9955702186e+17,2.67534779416e+17,0.267653343997,/rds/general/user/nny124/home/irp-nny124/martian_moon_data/Ma_xp_A1800_n60_r16_v00_90000.hdf5,particle_level_raw_snapshot_parent_normalized,All raw asteroid particles in the physical snapshot are included in the denominator; all raw bound/captured asteroid particles are included in the numerator. No FoF background or unresolved material is discarded for the particle-level metrics.,BMF is bound_mass_kg / target_mass_kg for particles with negative Mars-centric orbital energy and apoapsis inside Mars's Hill sphere. energy_bound_mass_fraction is the negative-energy-only diagnostic. captured_mass_fraction is retained only as a backwards-compatible alias of bound_mass_fraction.
Ma_xp_A1850_n60_r12_v00_90000_fof_0.0014_0000.hdf5,Ma_xp_A1850_n60_r12_v00_90000.hdf5,A1850,n60,r12,v00,,90000,0.0014,132,55215,3.152599249646037e+18,0,1.56546207236e+18,0.495212035575,1.15136228191e+18,0.36421735753,0.0,132,2.0098332462599997e+18,0.6357826424699999,1.7405336223306835e+17,3.16119552817e+18,1.15136228191e+18,0.36421735753,/rds/general/user/nny124/home/irp-nny124/martian_moon_data/Ma_xp_A1850_n60_r12_v00_90000.hdf5,particle_level_raw_snapshot_parent_normalized,All raw asteroid particles in the physical snapshot are included in the denominator; all raw bound/captured asteroid particles are included in the numerator. No FoF background or unresolved material is discarded for the particle-level metrics.,BMF is bound_mass_kg / target_mass_kg for particles with negative Mars-centric orbital energy and apoapsis inside Mars's Hill sphere. energy_bound_mass_fraction is the negative-energy-only diagnostic. captured_mass_fraction is retained only as a backwards-compatible alias of bound_mass_fraction.
Ma_xp_A1850_n60_r12_v00_90000_fof_0.0019_0000.hdf5,Ma_xp_A1850_n60_r12_v00_90000.hdf5,A1850,n60,r12,v00,,90000,0.0019,135,55222,3.1545883408634404e+18,0,1.56546207236e+18,0.495212035575,1.15136228191e+18,0.36421735753,0.0,135,2.0098332462599997e+18,0.6357826424699999,1.740754282212171e+17,3.16119552817e+18,1.15136228191e+18,0.36421735753,/rds/general/user/nny124/home/irp-nny124/martian_moon_data/Ma_xp_A1850_n60_r12_v00_90000.hdf5,particle_level_raw_snapshot_parent_normalized,All raw asteroid particles in the physical snapshot are included in the denominator; all raw bound/captured asteroid particles are included in the numerator. No FoF background or unresolved material is discarded for the particle-level metrics.,BMF is bound_mass_kg / target_mass_kg for particles with negative Mars-centric orbital energy and apoapsis inside Mars's Hill sphere. energy_bound_mass_fraction is the negative-energy-only diagnostic. captured_mass_fraction is retained only as a backwards-compatible alias of bound_mass_fraction.
Ma_xp_A1850_n60_r12_v00_90000_fof_0.0024_0000.hdf5,Ma_xp_A1850_n60_r12_v00_90000.hdf5,A1850,n60,r12,v00,,90000,0.0024,135,55225,3.1552093408156257e+18,0,1.56546207236e+18,0.495212035575,1.15136228191e+18,0.36421735753,0.0,135,2.0098332462599997e+18,0.6357826424699999,1.7408488507328083e+17,3.16119552817e+18,1.15136228191e+18,0.36421735753,/rds/general/user/nny124/home/irp-nny124/martian_moon_data/Ma_xp_A1850_n60_r12_v00_90000.hdf5,particle_level_raw_snapshot_parent_normalized,All raw asteroid particles in the physical snapshot are included in the denominator; all raw bound/captured asteroid particles are included in the numerator. No FoF background or unresolved material is discarded for the particle-level metrics.,BMF is bound_mass_kg / target_mass_kg for particles with negative Mars-centric orbital energy and apoapsis inside Mars's Hill sphere. energy_bound_mass_fraction is the negative-energy-only diagnostic. captured_mass_fraction is retained only as a backwards-compatible alias of bound_mass_fraction.
Ma_xp_A1850_n60_r12_v00_90000_fof_0.002_0000.hdf5,Ma_xp_A1850_n60_r12_v00_90000.hdf5,A1850,n60,r12,v00,,90000,0.002,135,55222,3.1547491073485245e+18,0,1.56546207236e+18,0.495212035575,1.15136228191e+18,0.36421735753,0.0,135,2.0098332462599997e+18,0.6357826424699999,1.740754282212171e+17,3.16119552817e+18,1.15136228191e+18,0.36421735753,/rds/general/user/nny124/home/irp-nny124/martian_moon_data/Ma_xp_A1850_n60_r12_v00_90000.hdf5,particle_level_raw_snapshot_parent_normalized,All raw asteroid particles in the physical snapshot are included in the denominator; all raw bound/captured asteroid particles are included in the numerator. No FoF background or unresolved material is discarded for the particle-level metrics.,BMF is bound_mass_kg / target_mass_kg for particles with negative Mars-centric orbital energy and apoapsis inside Mars's Hill sphere. energy_bound_mass_fraction is the negative-energy-only diagnostic. captured_mass_fraction is retained only as a backwards-compatible alias of bound_mass_fraction.
Ma_xp_A1850_n60_r16_v00_90000_fof_0.0014_0000.hdf5,Ma_xp_A1850_n60_r16_v00_90000.hdf5,A1850,n60,r16,v00,,90000,0.0014,61,210426,3.1572204980234496e+18,0,1.51017416291e+18,0.477722478553,9.75682341119e+17,0.308643464925,0.0,61,2.1855131870509998e+18,0.691356535075,6.633225174549916e+17,3.16119552817e+18,9.75682341119e+17,0.308643464925,/rds/general/user/nny124/home/irp-nny124/martian_moon_data/Ma_xp_A1850_n60_r16_v00_90000.hdf5,particle_level_raw_snapshot_parent_normalized,All raw asteroid particles in the physical snapshot are included in the denominator; all raw bound/captured asteroid particles are included in the numerator. No FoF background or unresolved material is discarded for the particle-level metrics.,BMF is bound_mass_kg / target_mass_kg for particles with negative Mars-centric orbital energy and apoapsis inside Mars's Hill sphere. energy_bound_mass_fraction is the negative-energy-only diagnostic. captured_mass_fraction is retained only as a backwards-compatible alias of bound_mass_fraction.
Ma_xp_A1850_n60_r16_v00_90000_fof_0.0019_0000.hdf5,Ma_xp_A1850_n60_r16_v00_90000.hdf5,A1850,n60,r16,v00,,90000,0.0019,61,210429,3.1580590055731005e+18,0,1.51017416291e+18,0.477722478553,9.75682341119e+17,0.308643464925,0.0,61,2.1855131870509998e+18,0.691356535075,6.633319743070554e+17,3.16119552817e+18,9.75682341119e+17,0.308643464925,/rds/general/user/nny124/home/irp-nny124/martian_moon_data/Ma_xp_A1850_n60_r16_v00_90000.hdf5,particle_level_raw_snapshot_parent_normalized,All raw asteroid particles in the physical snapshot are included in the denominator; all raw bound/captured asteroid particles are included in the numerator. No FoF background or unresolved material is discarded for the particle-level metrics.,BMF is bound_mass_kg / target_mass_kg for particles with negative Mars-centric orbital energy and apoapsis inside Mars's Hill sphere. energy_bound_mass_fraction is the negative-energy-only diagnostic. captured_mass_fraction is retained only as a backwards-compatible alias of bound_mass_fraction.
Ma_xp_A1850_n60_r16_v00_90000_fof_0.0024_0000.hdf5,Ma_xp_A1850_n60_r16_v00_90000.hdf5,A1850,n60,r16,v00,,90000,0.0024,61,210429,3.1581724877978655e+18,0,1.51017416291e+18,0.477722478553,9.75682341119e+17,0.308643464925,0.0,61,2.1855131870509998e+18,0.691356535075,6.633319743070554e+17,3.16119552817e+18,9.75682341119e+17,0.308643464925,/rds/general/user/nny124/home/irp-nny124/martian_moon_data/Ma_xp_A1850_n60_r16_v00_90000.hdf5,particle_level_raw_snapshot_parent_normalized,All raw asteroid particles in the physical snapshot are included in the denominator; all raw bound/captured asteroid particles are included in the numerator. No FoF background or unresolved material is discarded for the particle-level metrics.,BMF is bound_mass_kg / target_mass_kg for particles with negative Mars-centric orbital energy and apoapsis inside Mars's Hill sphere. energy_bound_mass_fraction is the negative-energy-only diagnostic. captured_mass_fraction is retained only as a backwards-compatible alias of bound_mass_fraction.
Ma_xp_A1850_n60_r16_v00_90000_fof_0.002_0000.hdf5,Ma_xp_A1850_n60_r16_v00_90000.hdf5,A1850,n60,r16,v00,,90000,0.002,61,210429,3.158099985265377e+18,0,1.51017416291e+18,0.477722478553,9.75682341119e+17,0.308643464925,0.0,61,2.1855131870509998e+18,0.691356535075,6.633319743070554e+17,3.16119552817e+18,9.75682341119e+17,0.308643464925,/rds/general/user/nny124/home/irp-nny124/martian_moon_data/Ma_xp_A1850_n60_r16_v00_90000.hdf5,particle_level_raw_snapshot_parent_normalized,All raw asteroid particles in the physical snapshot are included in the denominator; all raw bound/captured asteroid particles are included in the numerator. No FoF background or unresolved material is discarded for the particle-level metrics.,BMF is bound_mass_kg / target_mass_kg for particles with negative Mars-centric orbital energy and apoapsis inside Mars's Hill sphere. energy_bound_mass_fraction is the negative-energy-only diagnostic. captured_mass_fraction is retained only as a backwards-compatible alias of bound_mass_fraction.
Ma_xp_A1900_n50_r12_v00_90000_fof_0.006_0000.hdf5,Ma_xp_A1900_n50_r12_v00_90000.hdf5,A1900,n50,r12,v00,,90000,0.006,47,10370,9.977113779923413e+18,0,5.29730393397e+18,0.5298651075,4.05467532721e+18,0.405570645919,0.0,47,5.94278225019e+18,0.594429354081,9.545935737544728e+17,9.9974575774e+18,4.05467532721e+18,0.405570645919,/rds/general/user/nny124/home/irp-nny124/martian_moon_data/Ma_xp_A1900_n50_r12_v00_90000.hdf5,particle_level_raw_snapshot_parent_normalized,All raw asteroid particles in the physical snapshot are included in the denominator; all raw bound/captured asteroid particles are included in the numerator. No FoF background or unresolved material is discarded for the particle-level metrics.,BMF is bound_mass_kg / target_mass_kg for particles with negative Mars-centric orbital energy and apoapsis inside Mars's Hill sphere. energy_bound_mass_fraction is the negative-energy-only diagnostic. captured_mass_fraction is retained only as a backwards-compatible alias of bound_mass_fraction.
Ma_xp_A1900_n50_r16_v00_90000_fof_0.006_0000.hdf5,Ma_xp_A1900_n50_r16_v00_90000.hdf5,A1900,n50,r16,v00,,90000,0.006,17,45734,9.99018536020568e+18,0,4.38413438222e+18,0.438524929791,3.84368897513e+18,0.384466645182,0.0,17,6.153768602270001e+18,0.615533354818,4.2099693830416394e+18,9.9974575774e+18,3.84368897513e+18,0.384466645182,/rds/general/user/nny124/home/irp-nny124/martian_moon_data/Ma_xp_A1900_n50_r16_v00_90000.hdf5,particle_level_raw_snapshot_parent_normalized,All raw asteroid particles in the physical snapshot are included in the denominator; all raw bound/captured asteroid particles are included in the numerator. No FoF background or unresolved material is discarded for the particle-level metrics.,BMF is bound_mass_kg / target_mass_kg for particles with negative Mars-centric orbital energy and apoapsis inside Mars's Hill sphere. energy_bound_mass_fraction is the negative-energy-only diagnostic. captured_mass_fraction is retained only as a backwards-compatible alias of bound_mass_fraction.
Ma_xp_A1900_n55_r12_v00_90000_fof_0.004_0000.hdf5,Ma_xp_A1900_n55_r12_v00_90000.hdf5,A1900,n55,r12,v00,,90000,0.004,72,28826,9.98386401305505e+18,0,4.97001916991e+18,0.497108451088,4.1350461825e+18,0.413593254409,0.0,72,5.862810741940001e+18,0.586406745591,9.023706120435626e+17,9.99785692444e+18,4.1350461825e+18,0.413593254409,/rds/general/user/nny124/home/irp-nny124/martian_moon_data/Ma_xp_A1900_n55_r12_v00_90000.hdf5,particle_level_raw_snapshot_parent_normalized,All raw asteroid particles in the physical snapshot are included in the denominator; all raw bound/captured asteroid particles are included in the numerator. No FoF background or unresolved material is discarded for the particle-level metrics.,BMF is bound_mass_kg / target_mass_kg for particles with negative Mars-centric orbital energy and apoapsis inside Mars's Hill sphere. energy_bound_mass_fraction is the negative-energy-only diagnostic. captured_mass_fraction is retained only as a backwards-compatible alias of bound_mass_fraction.
Ma_xp_A1900_n55_r16_v00_90000_fof_0.004_0000.hdf5,Ma_xp_A1900_n55_r16_v00_90000.hdf5,A1900,n55,r16,v00,,90000,0.004,36,90645,9.99037525593954e+18,0,4.57176901635e+18,0.457274899101,3.75946016282e+18,0.376026601624,0.0,36,6.238396761620001e+18,0.6239733983760001,2.837555822133129e+18,9.99785692444e+18,3.75946016282e+18,0.376026601624,/rds/general/user/nny124/home/irp-nny124/martian_moon_data/Ma_xp_A1900_n55_r16_v00_90000.hdf5,particle_level_raw_snapshot_parent_normalized,All raw asteroid particles in the physical snapshot are included in the denominator; all raw bound/captured asteroid particles are included in the numerator. No FoF background or unresolved material is discarded for the particle-level metrics.,BMF is bound_mass_kg / target_mass_kg for particles with negative Mars-centric orbital energy and apoapsis inside Mars's Hill sphere. energy_bound_mass_fraction is the negative-energy-only diagnostic. captured_mass_fraction is retained only as a backwards-compatible alias of bound_mass_fraction.
Ma_xp_A1900_n60_r12_v00_90000_fof_0.003_0000.hdf5,Ma_xp_A1900_n60_r12_v00_90000.hdf5,A1900,n60,r12,v00,,90000,0.003,123,64224,9.988487567434828e+18,1,4.97169199668e+18,0.497267225553,3.94453885294e+18,0.394531659,1.835448272894502e+17,122,6.053489855159999e+18,0.605468341,6.403032584372952e+17,9.9980287081e+18,3.94453885294e+18,0.394531659,/rds/general/user/nny124/home/irp-nny124/martian_moon_data/Ma_xp_A1900_n60_r12_v00_90000.hdf5,particle_level_raw_snapshot_parent_normalized,All raw asteroid particles in the physical snapshot are included in the denominator; all raw bound/captured asteroid particles are included in the numerator. No FoF background or unresolved material is discarded for the particle-level metrics.,BMF is bound_mass_kg / target_mass_kg for particles with negative Mars-centric orbital energy and apoapsis inside Mars's Hill sphere. energy_bound_mass_fraction is the negative-energy-only diagnostic. captured_mass_fraction is retained only as a backwards-compatible alias of bound_mass_fraction.
Ma_xp_A1900_n60_r16_v00_90000_fof_0.003_0000.hdf5,Ma_xp_A1900_n60_r16_v00_90000.hdf5,A1900,n60,r16,v00,,90000,0.003,63,264980,9.990750722011933e+18,0,4.74237561577e+18,0.474331066076,3.44014450735e+18,0.344082279396,0.0,63,6.55788420075e+18,0.655917720604,2.6418092523231416e+18,9.9980287081e+18,3.44014450735e+18,0.344082279396,/rds/general/user/nny124/home/irp-nny124/martian_moon_data/Ma_xp_A1900_n60_r16_v00_90000.hdf5,particle_level_raw_snapshot_parent_normalized,All raw asteroid particles in the physical snapshot are included in the denominator; all raw bound/captured asteroid particles are included in the numerator. No FoF background or unresolved material is discarded for the particle-level metrics.,BMF is bound_mass_kg / target_mass_kg for particles with negative Mars-centric orbital energy and apoapsis inside Mars's Hill sphere. energy_bound_mass_fraction is the negative-energy-only diagnostic. captured_mass_fraction is retained only as a backwards-compatible alias of bound_mass_fraction.
Ma_xp_A1900_n65_r12_v00_90000_fof_0.0019_0000.hdf5,Ma_xp_A1900_n65_r12_v00_90000.hdf5,A1900,n65,r12,v00,,90000,0.0019,219,230085,9.988508185932618e+18,0,5.03232844263e+18,0.503325594062,3.96335967371e+18,0.396409015229,0.0,219,6.03479758672e+18,0.6035909847709999,7.127150260422953e+17,9.99815726043e+18,3.96335967371e+18,0.396409015229,/rds/general/user/nny124/home/irp-nny124/martian_moon_data/Ma_xp_A1900_n65_r12_v00_90000.hdf5,particle_level_raw_snapshot_parent_normalized,All raw asteroid particles in the physical snapshot are included in the denominator; all raw bound/captured asteroid particles are included in the numerator. No FoF background or unresolved material is discarded for the particle-level metrics.,BMF is bound_mass_kg / target_mass_kg for particles with negative Mars-centric orbital energy and apoapsis inside Mars's Hill sphere. energy_bound_mass_fraction is the negative-energy-only diagnostic. captured_mass_fraction is retained only as a backwards-compatible alias of bound_mass_fraction.
Ma_xp_A1900_n65_r12_v00_90000_fof_0.002_0000.hdf5,Ma_xp_A1900_n65_r12_v00_90000.hdf5,A1900,n65,r12,v00,,90000,0.002,219,230085,9.988783873775448e+18,0,5.03232844263e+18,0.503325594062,3.96335967371e+18,0.396409015229,0.0,219,6.03479758672e+18,0.6035909847709999,7.127150260422953e+17,9.99815726043e+18,3.96335967371e+18,0.396409015229,/rds/general/user/nny124/home/irp-nny124/martian_moon_data/Ma_xp_A1900_n65_r12_v00_90000.hdf5,particle_level_raw_snapshot_parent_normalized,All raw asteroid particles in the physical snapshot are included in the denominator; all raw bound/captured asteroid particles are included in the numerator. No FoF background or unresolved material is discarded for the particle-level metrics.,BMF is bound_mass_kg / target_mass_kg for particles with negative Mars-centric orbital energy and apoapsis inside Mars's Hill sphere. energy_bound_mass_fraction is the negative-energy-only diagnostic. captured_mass_fraction is retained only as a backwards-compatible alias of bound_mass_fraction.
Ma_xp_A1900_n65_r12_v02_90000_fof_0.002_0000.hdf5,Ma_xp_A1900_n65_r12_v02_90000.hdf5,A1900,n65,r12,v02,,90000,0.002,268,202858,9.655879807367002e+18,1,4.4883404998e+18,0.448918032584,3.55882332999e+18,0.355948923145,381006787927362.9,267,6.43930589189e+18,0.6440510768550001,6.28376219391658e+17,9.99812922188e+18,3.55882332999e+18,0.355948923145,/rds/general/user/nny124/home/irp-nny124/martian_moon_data/Ma_xp_A1900_n65_r12_v02_90000.hdf5,particle_level_raw_snapshot_parent_normalized,All raw asteroid particles in the physical snapshot are included in the denominator; all raw bound/captured asteroid particles are included in the numerator. No FoF background or unresolved material is discarded for the particle-level metrics.,BMF is bound_mass_kg / target_mass_kg for particles with negative Mars-centric orbital energy and apoapsis inside Mars's Hill sphere. energy_bound_mass_fraction is the negative-energy-only diagnostic. captured_mass_fraction is retained only as a backwards-compatible alias of bound_mass_fraction.
Ma_xp_A1900_n65_r12_v04_90000_fof_0.002_0000.hdf5,Ma_xp_A1900_n65_r12_v04_90000.hdf5,A1900,n65,r12,v04,,90000,0.002,255,233489,9.984177558680467e+18,0,3.04676259748e+18,0.304732418872,2.312305415e+18,0.231273162822,0.0,255,7.68585168543e+18,0.768726837178,7.232593000513503e+17,9.99815710043e+18,2.312305415e+18,0.231273162822,/rds/general/user/nny124/home/irp-nny124/martian_moon_data/Ma_xp_A1900_n65_r12_v04_90000.hdf5,particle_level_raw_snapshot_parent_normalized,All raw asteroid particles in the physical snapshot are included in the denominator; all raw bound/captured asteroid particles are included in the numerator. No FoF background or unresolved material is discarded for the particle-level metrics.,BMF is bound_mass_kg / target_mass_kg for particles with negative Mars-centric orbital energy and apoapsis inside Mars's Hill sphere. energy_bound_mass_fraction is the negative-energy-only diagnostic. captured_mass_fraction is retained only as a backwards-compatible alias of bound_mass_fraction.
Ma_xp_A1900_n65_r12_v08_90000_fof_0.002_0000.hdf5,Ma_xp_A1900_n65_r12_v08_90000.hdf5,A1900,n65,r12,v08,,90000,0.002,241,250293,9.981185261472076e+18,0,0.0,0.0,0.0,0.0,0.0,241,9.99815710043e+18,1.0,7.753116420384049e+17,9.99815710043e+18,0.0,0.0,/rds/general/user/nny124/home/irp-nny124/martian_moon_data/Ma_xp_A1900_n65_r12_v08_90000.hdf5,particle_level_raw_snapshot_parent_normalized,All raw asteroid particles in the physical snapshot are included in the denominator; all raw bound/captured asteroid particles are included in the numerator. No FoF background or unresolved material is discarded for the particle-level metrics.,BMF is bound_mass_kg / target_mass_kg for particles with negative Mars-centric orbital energy and apoapsis inside Mars's Hill sphere. energy_bound_mass_fraction is the negative-energy-only diagnostic. captured_mass_fraction is retained only as a backwards-compatible alias of bound_mass_fraction.
Ma_xp_A1900_n65_r12_v10_90000_fof_0.002_0000.hdf5,Ma_xp_A1900_n65_r12_v10_90000.hdf5,A1900,n65,r12,v10,,90000,0.002,284,309332,9.505983063680215e+18,0,1821398303260000.0,0.0001821737417,1074872808220000.0,0.000107507293146,0.0,284,9.99706364192178e+18,0.999892492706854,9.581918026295567e+17,9.99813851473e+18,1074872808220000.0,0.000107507293146,/rds/general/user/nny124/home/irp-nny124/martian_moon_data/Ma_xp_A1900_n65_r12_v10_90000.hdf5,particle_level_raw_snapshot_parent_normalized,All raw asteroid particles in the physical snapshot are included in the denominator; all raw bound/captured asteroid particles are included in the numerator. No FoF background or unresolved material is discarded for the particle-level metrics.,BMF is bound_mass_kg / target_mass_kg for particles with negative Mars-centric orbital energy and apoapsis inside Mars's Hill sphere. energy_bound_mass_fraction is the negative-energy-only diagnostic. captured_mass_fraction is retained only as a backwards-compatible alias of bound_mass_fraction.
Ma_xp_A1900_n65_r13_v00_90000_fof_0.002_0000.hdf5,Ma_xp_A1900_n65_r13_v00_90000.hdf5,A1900,n65,r13,v00,,90000,0.002,252,231952,9.985571485955656e+18,0,5.0127607208e+18,0.501368469254,4.04010614831e+18,0.404085083654,0.0,252,5.95805095212e+18,0.595914916346,7.184982640102825e+17,9.99815710043e+18,4.04010614831e+18,0.404085083654,/rds/general/user/nny124/home/irp-nny124/martian_moon_data/Ma_xp_A1900_n65_r13_v00_90000.hdf5,particle_level_raw_snapshot_parent_normalized,All raw asteroid particles in the physical snapshot are included in the denominator; all raw bound/captured asteroid particles are included in the numerator. No FoF background or unresolved material is discarded for the particle-level metrics.,BMF is bound_mass_kg / target_mass_kg for particles with negative Mars-centric orbital energy and apoapsis inside Mars's Hill sphere. energy_bound_mass_fraction is the negative-energy-only diagnostic. captured_mass_fraction is retained only as a backwards-compatible alias of bound_mass_fraction.
Ma_xp_A1900_n65_r14_v00_90000_fof_0.002_0000.hdf5,Ma_xp_A1900_n65_r14_v00_90000.hdf5,A1900,n65,r14,v00,,90000,0.002,248,258552,9.98832836433961e+18,0,5.13003027346e+18,0.513097586078,3.8165326042e+18,0.381723608248,0.0,248,6.181624496230001e+18,0.618276391752,8.008948539207593e+17,9.99815710043e+18,3.8165326042e+18,0.381723608248,/rds/general/user/nny124/home/irp-nny124/martian_moon_data/Ma_xp_A1900_n65_r14_v00_90000.hdf5,particle_level_raw_snapshot_parent_normalized,All raw asteroid particles in the physical snapshot are included in the denominator; all raw bound/captured asteroid particles are included in the numerator. No FoF background or unresolved material is discarded for the particle-level metrics.,BMF is bound_mass_kg / target_mass_kg for particles with negative Mars-centric orbital energy and apoapsis inside Mars's Hill sphere. energy_bound_mass_fraction is the negative-energy-only diagnostic. captured_mass_fraction is retained only as a backwards-compatible alias of bound_mass_fraction.
Ma_xp_A1900_n65_r14_v02_90000_fof_0.002_0000.hdf5,Ma_xp_A1900_n65_r14_v02_90000.hdf5,A1900,n65,r14,v02,,90000,0.002,245,352051,9.985720171531235e+18,0,4.31628960532e+18,0.431708653828,3.41845485361e+18,0.341908601593,0.0,245,6.579699149199999e+18,0.658091398407,1.0905188674560852e+18,9.99815400281e+18,3.41845485361e+18,0.341908601593,/rds/general/user/nny124/home/irp-nny124/martian_moon_data/Ma_xp_A1900_n65_r14_v02_90000.hdf5,particle_level_raw_snapshot_parent_normalized,All raw asteroid particles in the physical snapshot are included in the denominator; all raw bound/captured asteroid particles are included in the numerator. No FoF background or unresolved material is discarded for the particle-level metrics.,BMF is bound_mass_kg / target_mass_kg for particles with negative Mars-centric orbital energy and apoapsis inside Mars's Hill sphere. energy_bound_mass_fraction is the negative-energy-only diagnostic. captured_mass_fraction is retained only as a backwards-compatible alias of bound_mass_fraction.
Ma_xp_A1900_n65_r14_v06_90000_fof_0.002_0000.hdf5,Ma_xp_A1900_n65_r14_v06_90000.hdf5,A1900,n65,r14,v06,,90000,0.002,230,374568,9.98440058705174e+18,0,9.910946815e+17,0.0991277363963,5.29878220674e+17,0.0529975889908,0.0,230,9.468278879756e+18,0.9470024110092,1.16026789057692e+18,9.99815710043e+18,5.29878220674e+17,0.0529975889908,/rds/general/user/nny124/home/irp-nny124/martian_moon_data/Ma_xp_A1900_n65_r14_v06_90000.hdf5,particle_level_raw_snapshot_parent_normalized,All raw asteroid particles in the physical snapshot are included in the denominator; all raw bound/captured asteroid particles are included in the numerator. No FoF background or unresolved material is discarded for the particle-level metrics.,BMF is bound_mass_kg / target_mass_kg for particles with negative Mars-centric orbital energy and apoapsis inside Mars's Hill sphere. energy_bound_mass_fraction is the negative-energy-only diagnostic. captured_mass_fraction is retained only as a backwards-compatible alias of bound_mass_fraction.
Ma_xp_A1900_n65_r15_v00_90000_fof_0.002_0000.hdf5,Ma_xp_A1900_n65_r15_v00_90000.hdf5,A1900,n65,r15,v00,,90000,0.002,198,315222,9.987770793431106e+18,0,5.10430147362e+18,0.510524231851,3.8936756371e+18,0.389439333468,0.0,198,6.10448146333e+18,0.610560666532,9.764367618240196e+17,9.99815710043e+18,3.8936756371e+18,0.389439333468,/rds/general/user/nny124/home/irp-nny124/martian_moon_data/Ma_xp_A1900_n65_r15_v00_90000.hdf5,particle_level_raw_snapshot_parent_normalized,All raw asteroid particles in the physical snapshot are included in the denominator; all raw bound/captured asteroid particles are included in the numerator. No FoF background or unresolved material is discarded for the particle-level metrics.,BMF is bound_mass_kg / target_mass_kg for particles with negative Mars-centric orbital energy and apoapsis inside Mars's Hill sphere. energy_bound_mass_fraction is the negative-energy-only diagnostic. captured_mass_fraction is retained only as a backwards-compatible alias of bound_mass_fraction.
Ma_xp_A1900_n65_r16_v00_90000_fof_0.0019_0000.hdf5,Ma_xp_A1900_n65_r16_v00_90000.hdf5,A1900,n65,r16,v00,,90000,0.0019,147,650871,9.99098008363334e+18,0,4.63612164585e+18,0.463697611979,3.57972919875e+18,0.35803889712,0.0,147,6.41842806168e+18,0.6419611028800001,2.01614856121421e+18,9.99815726043e+18,3.57972919875e+18,0.35803889712,/rds/general/user/nny124/home/irp-nny124/martian_moon_data/Ma_xp_A1900_n65_r16_v00_90000.hdf5,particle_level_raw_snapshot_parent_normalized,All raw asteroid particles in the physical snapshot are included in the denominator; all raw bound/captured asteroid particles are included in the numerator. No FoF background or unresolved material is discarded for the particle-level metrics.,BMF is bound_mass_kg / target_mass_kg for particles with negative Mars-centric orbital energy and apoapsis inside Mars's Hill sphere. energy_bound_mass_fraction is the negative-energy-only diagnostic. captured_mass_fraction is retained only as a backwards-compatible alias of bound_mass_fraction.
Ma_xp_A1900_n65_r16_v00_90000_fof_0.002_0000.hdf5,Ma_xp_A1900_n65_r16_v00_90000.hdf5,A1900,n65,r16,v00,,90000,0.002,146,650872,9.9911566477574e+18,0,4.63612164585e+18,0.463697611979,3.57972919875e+18,0.35803889712,0.0,146,6.41842806168e+18,0.6419611028800001,2.0161516588304215e+18,9.99815726043e+18,3.57972919875e+18,0.35803889712,/rds/general/user/nny124/home/irp-nny124/martian_moon_data/Ma_xp_A1900_n65_r16_v00_90000.hdf5,particle_level_raw_snapshot_parent_normalized,All raw asteroid particles in the physical snapshot are included in the denominator; all raw bound/captured asteroid particles are included in the numerator. No FoF background or unresolved material is discarded for the particle-level metrics.,BMF is bound_mass_kg / target_mass_kg for particles with negative Mars-centric orbital energy and apoapsis inside Mars's Hill sphere. energy_bound_mass_fraction is the negative-energy-only diagnostic. captured_mass_fraction is retained only as a backwards-compatible alias of bound_mass_fraction.
Ma_xp_A1900_n65_r16_v02_90000_fof_0.002_0000.hdf5,Ma_xp_A1900_n65_r16_v02_90000.hdf5,A1900,n65,r16,v02,,90000,0.002,189,678794,9.989861684368222e+18,0,4.15187743229e+18,0.415264272264,3.03652807368e+18,0.303708777846,0.0,189,6.96162902675e+18,0.6962912221540001,2.102643265092135e+18,9.99815710043e+18,3.03652807368e+18,0.303708777846,/rds/general/user/nny124/home/irp-nny124/martian_moon_data/Ma_xp_A1900_n65_r16_v02_90000.hdf5,particle_level_raw_snapshot_parent_normalized,All raw asteroid particles in the physical snapshot are included in the denominator; all raw bound/captured asteroid particles are included in the numerator. No FoF background or unresolved material is discarded for the particle-level metrics.,BMF is bound_mass_kg / target_mass_kg for particles with negative Mars-centric orbital energy and apoapsis inside Mars's Hill sphere. energy_bound_mass_fraction is the negative-energy-only diagnostic. captured_mass_fraction is retained only as a backwards-compatible alias of bound_mass_fraction.
Ma_xp_A1900_n65_r16_v04_90000_fof_0.002_0000.hdf5,Ma_xp_A1900_n65_r16_v04_90000.hdf5,A1900,n65,r16,v04,,90000,0.002,152,659949,9.991456956693168e+18,0,2.22463668238e+18,0.222504673615,1.73035936426e+18,0.173067831089,0.0,152,8.26779773617e+18,0.826932168911,2.0442686885183404e+18,9.99815710043e+18,1.73035936426e+18,0.173067831089,/rds/general/user/nny124/home/irp-nny124/martian_moon_data/Ma_xp_A1900_n65_r16_v04_90000.hdf5,particle_level_raw_snapshot_parent_normalized,All raw asteroid particles in the physical snapshot are included in the denominator; all raw bound/captured asteroid particles are included in the numerator. No FoF background or unresolved material is discarded for the particle-level metrics.,BMF is bound_mass_kg / target_mass_kg for particles with negative Mars-centric orbital energy and apoapsis inside Mars's Hill sphere. energy_bound_mass_fraction is the negative-energy-only diagnostic. captured_mass_fraction is retained only as a backwards-compatible alias of bound_mass_fraction.
Ma_xp_A1900_n65_r17_v00_90000_fof_0.002_0000.hdf5,Ma_xp_A1900_n65_r17_v00_90000.hdf5,A1900,n65,r17,v00,,90000,0.002,116,990044,9.993554042791508e+18,0,3.6591984841e+18,0.365987296194,3.33149237748e+18,0.333210645123,0.0,116,6.666664722950001e+18,0.666789354877,3.066776295466688e+18,9.99815710043e+18,3.33149237748e+18,0.333210645123,/rds/general/user/nny124/home/irp-nny124/martian_moon_data/Ma_xp_A1900_n65_r17_v00_90000.hdf5,particle_level_raw_snapshot_parent_normalized,All raw asteroid particles in the physical snapshot are included in the denominator; all raw bound/captured asteroid particles are included in the numerator. No FoF background or unresolved material is discarded for the particle-level metrics.,BMF is bound_mass_kg / target_mass_kg for particles with negative Mars-centric orbital energy and apoapsis inside Mars's Hill sphere. energy_bound_mass_fraction is the negative-energy-only diagnostic. captured_mass_fraction is retained only as a backwards-compatible alias of bound_mass_fraction.
Ma_xp_A1900_n65_r18_v00_90000_fof_0.002_0000.hdf5,Ma_xp_A1900_n65_r18_v00_90000.hdf5,A1900,n65,r18,v00,,90000,0.002,36,2418669,9.996094087732271e+18,0,5.07010069358e+18,0.507103523444,9.87238149378e+17,0.098742012099,0.0,36,9.010918951052e+18,0.901257987901,7.492108184606785e+18,9.99815710043e+18,9.87238149378e+17,0.098742012099,/rds/general/user/nny124/home/irp-nny124/martian_moon_data/Ma_xp_A1900_n65_r18_v00_90000.hdf5,particle_level_raw_snapshot_parent_normalized,All raw asteroid particles in the physical snapshot are included in the denominator; all raw bound/captured asteroid particles are included in the numerator. No FoF background or unresolved material is discarded for the particle-level metrics.,BMF is bound_mass_kg / target_mass_kg for particles with negative Mars-centric orbital energy and apoapsis inside Mars's Hill sphere. energy_bound_mass_fraction is the negative-energy-only diagnostic. captured_mass_fraction is retained only as a backwards-compatible alias of bound_mass_fraction.
Ma_xp_A1900_n65_r18_v02_90000_fof_0.002_0000.hdf5,Ma_xp_A1900_n65_r18_v02_90000.hdf5,A1900,n65,r18,v02,,90000,0.002,42,2379761,9.993928854037864e+18,0,3.13775507224e+18,0.313833343557,133197494966000.0,1.33222046452e-05,0.0,42,9.998023902935034e+18,0.9999866777953548,7.371586134983781e+18,9.99815710043e+18,133197494966000.0,1.33222046452e-05,/rds/general/user/nny124/home/irp-nny124/martian_moon_data/Ma_xp_A1900_n65_r18_v02_90000.hdf5,particle_level_raw_snapshot_parent_normalized,All raw asteroid particles in the physical snapshot are included in the denominator; all raw bound/captured asteroid particles are included in the numerator. No FoF background or unresolved material is discarded for the particle-level metrics.,BMF is bound_mass_kg / target_mass_kg for particles with negative Mars-centric orbital energy and apoapsis inside Mars's Hill sphere. energy_bound_mass_fraction is the negative-energy-only diagnostic. captured_mass_fraction is retained only as a backwards-compatible alias of bound_mass_fraction.
Ma_xp_A1900_n65_r18_v04_90000_fof_0.002_0000.hdf5,Ma_xp_A1900_n65_r18_v04_90000.hdf5,A1900,n65,r18,v04,,90000,0.002,16,2367365,9.997041958267134e+18,0,0.0,0.0,0.0,0.0,0.0,16,9.99815710043e+18,1.0,7.333188085042208e+18,9.99815710043e+18,0.0,0.0,/rds/general/user/nny124/home/irp-nny124/martian_moon_data/Ma_xp_A1900_n65_r18_v04_90000.hdf5,particle_level_raw_snapshot_parent_normalized,All raw asteroid particles in the physical snapshot are included in the denominator; all raw bound/captured asteroid particles are included in the numerator. No FoF background or unresolved material is discarded for the particle-level metrics.,BMF is bound_mass_kg / target_mass_kg for particles with negative Mars-centric orbital energy and apoapsis inside Mars's Hill sphere. energy_bound_mass_fraction is the negative-energy-only diagnostic. captured_mass_fraction is retained only as a backwards-compatible alias of bound_mass_fraction.
Ma_xp_A1900_n65_r19_v00_90000_fof_0.002_0000.hdf5,Ma_xp_A1900_n65_r19_v00_90000.hdf5,A1900,n65,r19,v00,,90000,0.002,2,2129090,9.99815710008205e+18,0,5.34665586452e+18,0.534764138112,5.15350400874e+17,0.0515445392283,0.0,2,9.482806699556e+18,0.9484554607717,6.595103594091219e+18,9.99815710043e+18,5.15350400874e+17,0.0515445392283,/rds/general/user/nny124/home/irp-nny124/martian_moon_data/Ma_xp_A1900_n65_r19_v00_90000.hdf5,particle_level_raw_snapshot_parent_normalized,All raw asteroid particles in the physical snapshot are included in the denominator; all raw bound/captured asteroid particles are included in the numerator. No FoF background or unresolved material is discarded for the particle-level metrics.,BMF is bound_mass_kg / target_mass_kg for particles with negative Mars-centric orbital energy and apoapsis inside Mars's Hill sphere. energy_bound_mass_fraction is the negative-energy-only diagnostic. captured_mass_fraction is retained only as a backwards-compatible alias of bound_mass_fraction.
Ma_xp_A1900_n65_r20_v06_90000_fof_0.002_0000.hdf5,Ma_xp_A1900_n65_r20_v06_90000.hdf5,A1900,n65,r20,v06,,90000,0.002,197,3026573,9.938314253361048e+18,0,0.0,0.0,0.0,0.0,0.0,197,9.99815710043e+18,1.0,9.375161439874968e+18,9.99815710043e+18,0.0,0.0,/rds/general/user/nny124/home/irp-nny124/martian_moon_data/Ma_xp_A1900_n65_r20_v06_90000.hdf5,particle_level_raw_snapshot_parent_normalized,All raw asteroid particles in the physical snapshot are included in the denominator; all raw bound/captured asteroid particles are included in the numerator. No FoF background or unresolved material is discarded for the particle-level metrics.,BMF is bound_mass_kg / target_mass_kg for particles with negative Mars-centric orbital energy and apoapsis inside Mars's Hill sphere. energy_bound_mass_fraction is the negative-energy-only diagnostic. captured_mass_fraction is retained only as a backwards-compatible alias of bound_mass_fraction.
Ma_xp_A1900_n65_r26_v00_90000_fof_0.002_0000.hdf5,Ma_xp_A1900_n65_r26_v00_90000.hdf5,A1900,n65,r26,v00,,90000,0.002,1,3227694,9.998157100156684e+18,0,5.18193702749e+18,0.518289218247,0.0,0.0,0.0,1,9.99815710043e+18,1.0,9.998157100156684e+18,9.99815710043e+18,0.0,0.0,/rds/general/user/nny124/home/irp-nny124/martian_moon_data/Ma_xp_A1900_n65_r26_v00_90000.hdf5,particle_level_raw_snapshot_parent_normalized,All raw asteroid particles in the physical snapshot are included in the denominator; all raw bound/captured asteroid particles are included in the numerator. No FoF background or unresolved material is discarded for the particle-level metrics.,BMF is bound_mass_kg / target_mass_kg for particles with negative Mars-centric orbital energy and apoapsis inside Mars's Hill sphere. energy_bound_mass_fraction is the negative-energy-only diagnostic. captured_mass_fraction is retained only as a backwards-compatible alias of bound_mass_fraction.
Ma_xp_A1900_n70_r12_v00_90000_fof_0.001_0000.hdf5,Ma_xp_A1900_n70_r12_v00_90000.hdf5,A1900,n70,r12,v00,,90000,0.001,1189,522175,9.752489065393467e+18,2,5.04115851495e+18,0.504204503735,4.03066124376e+18,0.403137006326,1.1835579341701306e+17,1187,5.96758049667e+18,0.596862993674,5.169199845024709e+17,9.99824174043e+18,4.03066124376e+18,0.403137006326,/rds/general/user/nny124/home/irp-nny124/martian_moon_data/Ma_xp_A1900_n70_r12_v00_90000.hdf5,particle_level_raw_snapshot_parent_normalized,All raw asteroid particles in the physical snapshot are included in the denominator; all raw bound/captured asteroid particles are included in the numerator. No FoF background or unresolved material is discarded for the particle-level metrics.,BMF is bound_mass_kg / target_mass_kg for particles with negative Mars-centric orbital energy and apoapsis inside Mars's Hill sphere. energy_bound_mass_fraction is the negative-energy-only diagnostic. captured_mass_fraction is retained only as a backwards-compatible alias of bound_mass_fraction.
Ma_xp_A1900_s030x_n65_r12_v00_90000_fof_0.002_0000.hdf5,Ma_xp_A1900_s030x_n65_r12_v00_90000.hdf5,A1900,n65,r12,v00,s030x,90000,0.002,3162,42707,9.481483861416243e+18,75,5.04467392351e+18,0.503298573559,4.18062514801e+18,0.417093890603,7.914865930663922e+16,3087,5.842598021190001e+18,0.582906109397,1.3536509523084376e+17,1.00232231692e+19,4.18062514801e+18,0.417093890603,/rds/general/user/nny124/home/irp-nny124/martian_moon_data/Ma_xp_A1900_s030x_n65_r12_v00_90000.hdf5,particle_level_raw_snapshot_parent_normalized,All raw asteroid particles in the physical snapshot are included in the denominator; all raw bound/captured asteroid particles are included in the numerator. No FoF background or unresolved material is discarded for the particle-level metrics.,BMF is bound_mass_kg / target_mass_kg for particles with negative Mars-centric orbital energy and apoapsis inside Mars's Hill sphere. energy_bound_mass_fraction is the negative-energy-only diagnostic. captured_mass_fraction is retained only as a backwards-compatible alias of bound_mass_fraction.
Ma_xp_A1900_s030z_n65_r12_v00_90000_fof_0.002_0000.hdf5,Ma_xp_A1900_s030z_n65_r12_v00_90000.hdf5,A1900,n65,r12,v00,s030z,90000,0.002,398,104603,1.0000249740696865e+19,65,5.00289829059e+18,0.499130847254,4.40370322426e+18,0.439350151394,1.285821017217212e+17,333,5.619516775340001e+18,0.560649848606,3.315520888012409e+17,1.00232199996e+19,4.40370322426e+18,0.439350151394,/rds/general/user/nny124/home/irp-nny124/martian_moon_data/Ma_xp_A1900_s030z_n65_r12_v00_90000.hdf5,particle_level_raw_snapshot_parent_normalized,All raw asteroid particles in the physical snapshot are included in the denominator; all raw bound/captured asteroid particles are included in the numerator. No FoF background or unresolved material is discarded for the particle-level metrics.,BMF is bound_mass_kg / target_mass_kg for particles with negative Mars-centric orbital energy and apoapsis inside Mars's Hill sphere. energy_bound_mass_fraction is the negative-energy-only diagnostic. captured_mass_fraction is retained only as a backwards-compatible alias of bound_mass_fraction.
Ma_xp_A1900_s030z_n65_r12_v04_90000_fof_0.002_0000.hdf5,Ma_xp_A1900_s030z_n65_r12_v04_90000.hdf5,A1900,n65,r12,v04,s030z,90000,0.002,413,103818,9.997951763923614e+18,25,3.72827872153e+18,0.371964524241,3.12550832031e+18,0.311827066109,3.9775600722377336e+16,388,6.89770217039e+18,0.688172933891,3.2906393464018426e+17,1.00232104907e+19,3.12550832031e+18,0.311827066109,/rds/general/user/nny124/home/irp-nny124/martian_moon_data/Ma_xp_A1900_s030z_n65_r12_v04_90000.hdf5,particle_level_raw_snapshot_parent_normalized,All raw asteroid particles in the physical snapshot are included in the denominator; all raw bound/captured asteroid particles are included in the numerator. No FoF background or unresolved material is discarded for the particle-level metrics.,BMF is bound_mass_kg / target_mass_kg for particles with negative Mars-centric orbital energy and apoapsis inside Mars's Hill sphere. energy_bound_mass_fraction is the negative-energy-only diagnostic. captured_mass_fraction is retained only as a backwards-compatible alias of bound_mass_fraction.
Ma_xp_A1900_s030z_n65_r12_v06_90000_fof_0.002_0000.hdf5,Ma_xp_A1900_s030z_n65_r12_v06_90000.hdf5,A1900,n65,r12,v06,s030z,90000,0.002,402,98216,9.996145078736943e+18,0,2.12317839629e+18,0.211825979714,1.64756059676e+18,0.164374382367,0.0,402,8.37565940284e+18,0.835625617633,3.1130770583733165e+17,1.00232199996e+19,1.64756059676e+18,0.164374382367,/rds/general/user/nny124/home/irp-nny124/martian_moon_data/Ma_xp_A1900_s030z_n65_r12_v06_90000.hdf5,particle_level_raw_snapshot_parent_normalized,All raw asteroid particles in the physical snapshot are included in the denominator; all raw bound/captured asteroid particles are included in the numerator. No FoF background or unresolved material is discarded for the particle-level metrics.,BMF is bound_mass_kg / target_mass_kg for particles with negative Mars-centric orbital energy and apoapsis inside Mars's Hill sphere. energy_bound_mass_fraction is the negative-energy-only diagnostic. captured_mass_fraction is retained only as a backwards-compatible alias of bound_mass_fraction.
Ma_xp_A1900_s030z_n65_r12_v08_90000_fof_0.002_0000.hdf5,Ma_xp_A1900_s030z_n65_r12_v08_90000.hdf5,A1900,n65,r12,v08,s030z,90000,0.002,350,110353,1.0000357507883563e+19,0,5.97020704858e+17,0.0595637445941,3.26125693994e+17,0.0325370081549,0.0,350,9.697097475206e+18,0.9674629918451,3.497774218280889e+17,1.00232231692e+19,3.26125693994e+17,0.0325370081549,/rds/general/user/nny124/home/irp-nny124/martian_moon_data/Ma_xp_A1900_s030z_n65_r12_v08_90000.hdf5,particle_level_raw_snapshot_parent_normalized,All raw asteroid particles in the physical snapshot are included in the denominator; all raw bound/captured asteroid particles are included in the numerator. No FoF background or unresolved material is discarded for the particle-level metrics.,BMF is bound_mass_kg / target_mass_kg for particles with negative Mars-centric orbital energy and apoapsis inside Mars's Hill sphere. energy_bound_mass_fraction is the negative-energy-only diagnostic. captured_mass_fraction is retained only as a backwards-compatible alias of bound_mass_fraction.
Ma_xp_A1900_s030z_n65_r12_v20_90000_fof_0.002_0000.hdf5,Ma_xp_A1900_s030z_n65_r12_v20_90000.hdf5,A1900,n65,r12,v20,s030z,90000,0.002,201,156468,1.0010332311890567e+19,0,0.0,0.0,0.0,0.0,0.0,201,1.00232231692e+19,1.0,4.9594459270340986e+17,1.00232231692e+19,0.0,0.0,/rds/general/user/nny124/home/irp-nny124/martian_moon_data/Ma_xp_A1900_s030z_n65_r12_v20_90000.hdf5,particle_level_raw_snapshot_parent_normalized,All raw asteroid particles in the physical snapshot are included in the denominator; all raw bound/captured asteroid particles are included in the numerator. No FoF background or unresolved material is discarded for the particle-level metrics.,BMF is bound_mass_kg / target_mass_kg for particles with negative Mars-centric orbital energy and apoapsis inside Mars's Hill sphere. energy_bound_mass_fraction is the negative-energy-only diagnostic. captured_mass_fraction is retained only as a backwards-compatible alias of bound_mass_fraction.
Ma_xp_A1900_s030z_n65_r13_v00_90000_fof_0.002_0000.hdf5,Ma_xp_A1900_s030z_n65_r13_v00_90000.hdf5,A1900,n65,r13,v00,s030z,90000,0.002,394,81452,9.811447969031e+18,57,5.05830647261e+18,0.504662180837,4.38937335807e+18,0.437923392618,1.0125361105085453e+17,337,5.633780079430001e+18,0.562076607382,2.5817214360044826e+17,1.00231534375e+19,4.38937335807e+18,0.437923392618,/rds/general/user/nny124/home/irp-nny124/martian_moon_data/Ma_xp_A1900_s030z_n65_r13_v00_90000.hdf5,particle_level_raw_snapshot_parent_normalized,All raw asteroid particles in the physical snapshot are included in the denominator; all raw bound/captured asteroid particles are included in the numerator. No FoF background or unresolved material is discarded for the particle-level metrics.,BMF is bound_mass_kg / target_mass_kg for particles with negative Mars-centric orbital energy and apoapsis inside Mars's Hill sphere. energy_bound_mass_fraction is the negative-energy-only diagnostic. captured_mass_fraction is retained only as a backwards-compatible alias of bound_mass_fraction.
Ma_xp_A1900_s030z_n65_r15_v00_90000_fof_0.002_0000.hdf5,Ma_xp_A1900_s030z_n65_r15_v00_90000.hdf5,A1900,n65,r15,v00,s030z,90000,0.002,407,103230,9.998332118699958e+18,44,5.06435411356e+18,0.505262512123,4.34200650994e+18,0.433195046727,8.757985684601586e+16,363,5.681207150359999e+18,0.566804953273,3.272001962367431e+17,1.00232136603e+19,4.34200650994e+18,0.433195046727,/rds/general/user/nny124/home/irp-nny124/martian_moon_data/Ma_xp_A1900_s030z_n65_r15_v00_90000.hdf5,particle_level_raw_snapshot_parent_normalized,All raw asteroid particles in the physical snapshot are included in the denominator; all raw bound/captured asteroid particles are included in the numerator. No FoF background or unresolved material is discarded for the particle-level metrics.,BMF is bound_mass_kg / target_mass_kg for particles with negative Mars-centric orbital energy and apoapsis inside Mars's Hill sphere. energy_bound_mass_fraction is the negative-energy-only diagnostic. captured_mass_fraction is retained only as a backwards-compatible alias of bound_mass_fraction.
Ma_xp_A1900_s030z_n65_r16_v00_90000_fof_0.002_0000.hdf5,Ma_xp_A1900_s030z_n65_r16_v00_90000.hdf5,A1900,n65,r16,v00,s030z,90000,0.002,393,105035,1.0000658622080864e+19,36,5.09263983041e+18,0.508084050855,4.35627615329e+18,0.434618293912,5.7817095607389304e+16,357,5.666947015910001e+18,0.565381706088,3.329213659956058e+17,1.00232231692e+19,4.35627615329e+18,0.434618293912,/rds/general/user/nny124/home/irp-nny124/martian_moon_data/Ma_xp_A1900_s030z_n65_r16_v00_90000.hdf5,particle_level_raw_snapshot_parent_normalized,All raw asteroid particles in the physical snapshot are included in the denominator; all raw bound/captured asteroid particles are included in the numerator. No FoF background or unresolved material is discarded for the particle-level metrics.,BMF is bound_mass_kg / target_mass_kg for particles with negative Mars-centric orbital energy and apoapsis inside Mars's Hill sphere. energy_bound_mass_fraction is the negative-energy-only diagnostic. captured_mass_fraction is retained only as a backwards-compatible alias of bound_mass_fraction.
Ma_xp_A1900_s030z_n65_r16_v02_90000_fof_0.002_0000.hdf5,Ma_xp_A1900_s030z_n65_r16_v02_90000.hdf5,A1900,n65,r16,v02,s030z,90000,0.002,363,105501,1.0004227617731193e+19,32,4.67879164653e+18,0.466795118453,4.08697863248e+18,0.407750936351,6.1240288593301624e+16,331,5.936244536720001e+18,0.592249063649,3.343984103765643e+17,1.00232231692e+19,4.08697863248e+18,0.407750936351,/rds/general/user/nny124/home/irp-nny124/martian_moon_data/Ma_xp_A1900_s030z_n65_r16_v02_90000.hdf5,particle_level_raw_snapshot_parent_normalized,All raw asteroid particles in the physical snapshot are included in the denominator; all raw bound/captured asteroid particles are included in the numerator. No FoF background or unresolved material is discarded for the particle-level metrics.,BMF is bound_mass_kg / target_mass_kg for particles with negative Mars-centric orbital energy and apoapsis inside Mars's Hill sphere. energy_bound_mass_fraction is the negative-energy-only diagnostic. captured_mass_fraction is retained only as a backwards-compatible alias of bound_mass_fraction.
Ma_xp_A1900_s030z_n65_r16_v04_90000_fof_0.002_0000.hdf5,Ma_xp_A1900_s030z_n65_r16_v04_90000.hdf5,A1900,n65,r16,v04,s030z,90000,0.002,369,91077,9.999622155316154e+18,9,3.6571143429e+18,0.364864104208,3.049976201e+18,0.304290960055,2.5807071565986908e+16,360,6.973246968200002e+18,0.695709039945,2.886797662758242e+17,1.00232231692e+19,3.049976201e+18,0.304290960055,/rds/general/user/nny124/home/irp-nny124/martian_moon_data/Ma_xp_A1900_s030z_n65_r16_v04_90000.hdf5,particle_level_raw_snapshot_parent_normalized,All raw asteroid particles in the physical snapshot are included in the denominator; all raw bound/captured asteroid particles are included in the numerator. No FoF background or unresolved material is discarded for the particle-level metrics.,BMF is bound_mass_kg / target_mass_kg for particles with negative Mars-centric orbital energy and apoapsis inside Mars's Hill sphere. energy_bound_mass_fraction is the negative-energy-only diagnostic. captured_mass_fraction is retained only as a backwards-compatible alias of bound_mass_fraction.
Ma_xp_A1900_s030z_n65_r17_v00_90000_fof_0.002_0000.hdf5,Ma_xp_A1900_s030z_n65_r17_v00_90000.hdf5,A1900,n65,r17,v00,s030z,90000,0.002,368,120172,1.0002199058925015e+19,38,5.04515887585e+18,0.503346956433,4.45296867665e+18,0.444265143207,1.0197311550252312e+17,330,5.570254492550001e+18,0.555734856793,3.808999513916751e+17,1.00232231692e+19,4.45296867665e+18,0.444265143207,/rds/general/user/nny124/home/irp-nny124/martian_moon_data/Ma_xp_A1900_s030z_n65_r17_v00_90000.hdf5,particle_level_raw_snapshot_parent_normalized,All raw asteroid particles in the physical snapshot are included in the denominator; all raw bound/captured asteroid particles are included in the numerator. No FoF background or unresolved material is discarded for the particle-level metrics.,BMF is bound_mass_kg / target_mass_kg for particles with negative Mars-centric orbital energy and apoapsis inside Mars's Hill sphere. energy_bound_mass_fraction is the negative-energy-only diagnostic. captured_mass_fraction is retained only as a backwards-compatible alias of bound_mass_fraction.
Ma_xp_A1900_s030z_n65_r19_v00_90000_fof_0.002_0000.hdf5,Ma_xp_A1900_s030z_n65_r19_v00_90000.hdf5,A1900,n65,r19,v00,s030z,90000,0.002,360,127765,1.0004747435925938e+19,27,5.03785923377e+18,0.502618683505,4.34974672963e+18,0.433966864372,5.879650915613644e+16,333,5.673476439570001e+18,0.566033135628,4.0496689985651974e+17,1.00232231692e+19,4.34974672963e+18,0.433966864372,/rds/general/user/nny124/home/irp-nny124/martian_moon_data/Ma_xp_A1900_s030z_n65_r19_v00_90000.hdf5,particle_level_raw_snapshot_parent_normalized,All raw asteroid particles in the physical snapshot are included in the denominator; all raw bound/captured asteroid particles are included in the numerator. No FoF background or unresolved material is discarded for the particle-level metrics.,BMF is bound_mass_kg / target_mass_kg for particles with negative Mars-centric orbital energy and apoapsis inside Mars's Hill sphere. energy_bound_mass_fraction is the negative-energy-only diagnostic. captured_mass_fraction is retained only as a backwards-compatible alias of bound_mass_fraction.
Ma_xp_A1900_s030z_n65_r20_v00_90000_fof_0.002_0000.hdf5,Ma_xp_A1900_s030z_n65_r20_v00_90000.hdf5,A1900,n65,r20,v00,s030z,90000,0.002,317,127343,1.0003137267373378e+19,10,4.85074687123e+18,0.483950799993,4.22489210472e+18,0.421510329902,8.707905639066942e+16,307,5.798331064480001e+18,0.578489670098,4.0362931889350586e+17,1.00232231692e+19,4.22489210472e+18,0.421510329902,/rds/general/user/nny124/home/irp-nny124/martian_moon_data/Ma_xp_A1900_s030z_n65_r20_v00_90000.hdf5,particle_level_raw_snapshot_parent_normalized,All raw asteroid particles in the physical snapshot are included in the denominator; all raw bound/captured asteroid particles are included in the numerator. No FoF background or unresolved material is discarded for the particle-level metrics.,BMF is bound_mass_kg / target_mass_kg for particles with negative Mars-centric orbital energy and apoapsis inside Mars's Hill sphere. energy_bound_mass_fraction is the negative-energy-only diagnostic. captured_mass_fraction is retained only as a backwards-compatible alias of bound_mass_fraction.
Ma_xp_A1900_s030z_n65_r20_v02_90000_fof_0.002_0000.hdf5,Ma_xp_A1900_s030z_n65_r20_v02_90000.hdf5,A1900,n65,r20,v02,s030z,90000,0.002,313,124864,1.0005416226407647e+19,6,4.65683249745e+18,0.46460429134,3.92837703005e+18,0.391927523088,8.470817828561163e+16,307,6.094846139150001e+18,0.6080724769120001,3.9577182314158304e+17,1.00232231692e+19,3.92837703005e+18,0.391927523088,/rds/general/user/nny124/home/irp-nny124/martian_moon_data/Ma_xp_A1900_s030z_n65_r20_v02_90000.hdf5,particle_level_raw_snapshot_parent_normalized,All raw asteroid particles in the physical snapshot are included in the denominator; all raw bound/captured asteroid particles are included in the numerator. No FoF background or unresolved material is discarded for the particle-level metrics.,BMF is bound_mass_kg / target_mass_kg for particles with negative Mars-centric orbital energy and apoapsis inside Mars's Hill sphere. energy_bound_mass_fraction is the negative-energy-only diagnostic. captured_mass_fraction is retained only as a backwards-compatible alias of bound_mass_fraction.
Ma_xp_A1900_s030z_n65_r20_v04_90000_fof_0.002_0000.hdf5,Ma_xp_A1900_s030z_n65_r20_v04_90000.hdf5,A1900,n65,r20,v04,s030z,90000,0.002,326,113140,1.0005200692034791e+19,0,3.47706707034e+18,0.346901092757,2.76186696689e+18,0.275546789717,0.0,326,7.261356202310001e+18,0.724453210283,3.5861116150562374e+17,1.00232231692e+19,2.76186696689e+18,0.275546789717,/rds/general/user/nny124/home/irp-nny124/martian_moon_data/Ma_xp_A1900_s030z_n65_r20_v04_90000.hdf5,particle_level_raw_snapshot_parent_normalized,All raw asteroid particles in the physical snapshot are included in the denominator; all raw bound/captured asteroid particles are included in the numerator. No FoF background or unresolved material is discarded for the particle-level metrics.,BMF is bound_mass_kg / target_mass_kg for particles with negative Mars-centric orbital energy and apoapsis inside Mars's Hill sphere. energy_bound_mass_fraction is the negative-energy-only diagnostic. captured_mass_fraction is retained only as a backwards-compatible alias of bound_mass_fraction.
Ma_xp_A1900_s030z_n65_r22_v00_90000_fof_0.002_0000.hdf5,Ma_xp_A1900_s030z_n65_r22_v00_90000.hdf5,A1900,n65,r22,v00,s030z,90000,0.002,264,159640,1.0008427368386603e+19,0,4.92480511579e+18,0.491339465625,4.09866820261e+18,0.408917184964,0.0,264,5.924554966590001e+18,0.591082815036,5.0599863728795974e+17,1.00232231692e+19,4.09866820261e+18,0.408917184964,/rds/general/user/nny124/home/irp-nny124/martian_moon_data/Ma_xp_A1900_s030z_n65_r22_v00_90000.hdf5,particle_level_raw_snapshot_parent_normalized,All raw asteroid particles in the physical snapshot are included in the denominator; all raw bound/captured asteroid particles are included in the numerator. No FoF background or unresolved material is discarded for the particle-level metrics.,BMF is bound_mass_kg / target_mass_kg for particles with negative Mars-centric orbital energy and apoapsis inside Mars's Hill sphere. energy_bound_mass_fraction is the negative-energy-only diagnostic. captured_mass_fraction is retained only as a backwards-compatible alias of bound_mass_fraction.
Ma_xp_A1900_s035x_n65_r12_v00_90000_fof_0.002_0000.hdf5,Ma_xp_A1900_s035x_n65_r12_v00_90000.hdf5,A1900,n65,r12,v00,s035x,90000,0.002,2111,107955,9.491876640039338e+18,27,5.01654218067e+18,0.505131114425,4.17472770912e+18,0.420366217244,1.4048770218328723e+17,2084,5.75644072896e+18,0.5796337827560001,3.390340655698014e+17,9.93116843808e+18,4.17472770912e+18,0.420366217244,/rds/general/user/nny124/home/irp-nny124/martian_moon_data/Ma_xp_A1900_s035x_n65_r12_v00_90000.hdf5,particle_level_raw_snapshot_parent_normalized,All raw asteroid particles in the physical snapshot are included in the denominator; all raw bound/captured asteroid particles are included in the numerator. No FoF background or unresolved material is discarded for the particle-level metrics.,BMF is bound_mass_kg / target_mass_kg for particles with negative Mars-centric orbital energy and apoapsis inside Mars's Hill sphere. energy_bound_mass_fraction is the negative-energy-only diagnostic. captured_mass_fraction is retained only as a backwards-compatible alias of bound_mass_fraction.
Ma_xp_A1900_s035y_n65_r12_v00_90000_fof_0.002_0000.hdf5,Ma_xp_A1900_s035y_n65_r12_v00_90000.hdf5,A1900,n65,r12,v00,s035y,90000,0.002,1537,208166,9.509856076153717e+18,27,5.07649457113e+18,0.511167905648,4.11402787661e+18,0.414254163773,1.5425257003927008e+17,1510,5.81714056147e+18,0.585745836227,6.53747999568409e+17,9.93116843808e+18,4.11402787661e+18,0.414254163773,/rds/general/user/nny124/home/irp-nny124/martian_moon_data/Ma_xp_A1900_s035y_n65_r12_v00_90000.hdf5,particle_level_raw_snapshot_parent_normalized,All raw asteroid particles in the physical snapshot are included in the denominator; all raw bound/captured asteroid particles are included in the numerator. No FoF background or unresolved material is discarded for the particle-level metrics.,BMF is bound_mass_kg / target_mass_kg for particles with negative Mars-centric orbital energy and apoapsis inside Mars's Hill sphere. energy_bound_mass_fraction is the negative-energy-only diagnostic. captured_mass_fraction is retained only as a backwards-compatible alias of bound_mass_fraction.
Ma_xp_A1900_s035z_n65_r12_v00_90000_fof_0.002_0000.hdf5,Ma_xp_A1900_s035z_n65_r12_v00_90000.hdf5,A1900,n65,r12,v00,s035z,90000,0.002,392,142194,9.9093167496204e+18,55,4.99380486758e+18,0.502841624197,4.32511744835e+18,0.435509424225,9.630068627325331e+16,337,5.60605098973e+18,0.5644905757750001,4.46562085309933e+17,9.93116843808e+18,4.32511744835e+18,0.435509424225,/rds/general/user/nny124/home/irp-nny124/martian_moon_data/Ma_xp_A1900_s035z_n65_r12_v00_90000.hdf5,particle_level_raw_snapshot_parent_normalized,All raw asteroid particles in the physical snapshot are included in the denominator; all raw bound/captured asteroid particles are included in the numerator. No FoF background or unresolved material is discarded for the particle-level metrics.,BMF is bound_mass_kg / target_mass_kg for particles with negative Mars-centric orbital energy and apoapsis inside Mars's Hill sphere. energy_bound_mass_fraction is the negative-energy-only diagnostic. captured_mass_fraction is retained only as a backwards-compatible alias of bound_mass_fraction.
Ma_xp_A1900_s035z_n65_r16_v00_90000_fof_0.002_0000.hdf5,Ma_xp_A1900_s035z_n65_r16_v00_90000.hdf5,A1900,n65,r16,v00,s035z,90000,0.002,375,117180,9.90673838856427e+18,29,5.01793656838e+18,0.505271519627,4.25277259415e+18,0.428224797582,4.7572488770759624e+16,346,5.678395843929999e+18,0.5717752024180001,3.68005296683523e+17,9.93116843808e+18,4.25277259415e+18,0.428224797582,/rds/general/user/nny124/home/irp-nny124/martian_moon_data/Ma_xp_A1900_s035z_n65_r16_v00_90000.hdf5,particle_level_raw_snapshot_parent_normalized,All raw asteroid particles in the physical snapshot are included in the denominator; all raw bound/captured asteroid particles are included in the numerator. No FoF background or unresolved material is discarded for the particle-level metrics.,BMF is bound_mass_kg / target_mass_kg for particles with negative Mars-centric orbital energy and apoapsis inside Mars's Hill sphere. energy_bound_mass_fraction is the negative-energy-only diagnostic. captured_mass_fraction is retained only as a backwards-compatible alias of bound_mass_fraction.
Ma_xp_A1900_s035z_n65_r20_v00_90000_fof_0.002_0000.hdf5,Ma_xp_A1900_s035z_n65_r20_v00_90000.hdf5,A1900,n65,r20,v00,s035z,90000,0.002,279,140898,9.916857120993411e+18,0,5.00247268307e+18,0.50371441329,4.01610982621e+18,0.40439449308,0.0,279,5.91505861187e+18,0.59560550692,4.424919806461516e+17,9.93116843808e+18,4.01610982621e+18,0.40439449308,/rds/general/user/nny124/home/irp-nny124/martian_moon_data/Ma_xp_A1900_s035z_n65_r20_v00_90000.hdf5,particle_level_raw_snapshot_parent_normalized,All raw asteroid particles in the physical snapshot are included in the denominator; all raw bound/captured asteroid particles are included in the numerator. No FoF background or unresolved material is discarded for the particle-level metrics.,BMF is bound_mass_kg / target_mass_kg for particles with negative Mars-centric orbital energy and apoapsis inside Mars's Hill sphere. energy_bound_mass_fraction is the negative-energy-only diagnostic. captured_mass_fraction is retained only as a backwards-compatible alias of bound_mass_fraction.
Ma_xp_A1900_s047x_n65_r12_v00_90000_fof_0.002_0000.hdf5,Ma_xp_A1900_s047x_n65_r12_v00_90000.hdf5,A1900,n65,r12,v00,s047x,90000,0.002,2309,242309,9.397441470954924e+18,11,4.99420799883e+18,0.498905852739,4.24395303256e+18,0.423957714054,1.4849861279410304e+17,2298,5.766368496840001e+18,0.5760422859459999,7.670386554855169e+17,1.00103215294e+19,4.24395303256e+18,0.423957714054,/rds/general/user/nny124/home/irp-nny124/martian_moon_data/Ma_xp_A1900_s047x_n65_r12_v00_90000.hdf5,particle_level_raw_snapshot_parent_normalized,All raw asteroid particles in the physical snapshot are included in the denominator; all raw bound/captured asteroid particles are included in the numerator. No FoF background or unresolved material is discarded for the particle-level metrics.,BMF is bound_mass_kg / target_mass_kg for particles with negative Mars-centric orbital energy and apoapsis inside Mars's Hill sphere. energy_bound_mass_fraction is the negative-energy-only diagnostic. captured_mass_fraction is retained only as a backwards-compatible alias of bound_mass_fraction.
Ma_xp_A1900_s047y_n65_r12_v00_90000_fof_0.002_0000.hdf5,Ma_xp_A1900_s047y_n65_r12_v00_90000.hdf5,A1900,n65,r12,v00,s047y,90000,0.002,1743,188480,9.567981733708192e+18,13,5.15805631155e+18,0.515273789797,4.19158868192e+18,0.41872667822,1.1901161447435762e+17,1730,5.81873284748e+18,0.58127332178,5.966408420095839e+17,1.00103215294e+19,4.19158868192e+18,0.41872667822,/rds/general/user/nny124/home/irp-nny124/martian_moon_data/Ma_xp_A1900_s047y_n65_r12_v00_90000.hdf5,particle_level_raw_snapshot_parent_normalized,All raw asteroid particles in the physical snapshot are included in the denominator; all raw bound/captured asteroid particles are included in the numerator. No FoF background or unresolved material is discarded for the particle-level metrics.,BMF is bound_mass_kg / target_mass_kg for particles with negative Mars-centric orbital energy and apoapsis inside Mars's Hill sphere. energy_bound_mass_fraction is the negative-energy-only diagnostic. captured_mass_fraction is retained only as a backwards-compatible alias of bound_mass_fraction.
Ma_xp_A1900_s047z_n65_r11_v00_90000_fof_0.002_0000.hdf5,Ma_xp_A1900_s047z_n65_r11_v00_90000.hdf5,A1900,n65,r11,v00,s047z,90000,0.002,373,118910,9.99107188511563e+18,48,4.99225169556e+18,0.498710424124,4.27063536309e+18,0.426623195922,8.521948274456202e+16,325,5.739686166310001e+18,0.5733768040780001,3.764142748480469e+17,1.00103215294e+19,4.27063536309e+18,0.426623195922,/rds/general/user/nny124/home/irp-nny124/martian_moon_data/Ma_xp_A1900_s047z_n65_r11_v00_90000.hdf5,particle_level_raw_snapshot_parent_normalized,All raw asteroid particles in the physical snapshot are included in the denominator; all raw bound/captured asteroid particles are included in the numerator. No FoF background or unresolved material is discarded for the particle-level metrics.,BMF is bound_mass_kg / target_mass_kg for particles with negative Mars-centric orbital energy and apoapsis inside Mars's Hill sphere. energy_bound_mass_fraction is the negative-energy-only diagnostic. captured_mass_fraction is retained only as a backwards-compatible alias of bound_mass_fraction.
Ma_xp_A1900_s047z_n65_r12_v00_90000_fof_0.002_0000.hdf5,Ma_xp_A1900_s047z_n65_r12_v00_90000.hdf5,A1900,n65,r12,v00,s047z,90000,0.002,386,120378,9.98684905572412e+18,40,5.04339731358e+18,0.503819712359,4.39097650406e+18,0.43864490178,7.467507142915694e+16,346,5.61934502534e+18,0.56135509822,3.810612864995308e+17,1.00103215294e+19,4.39097650406e+18,0.43864490178,/rds/general/user/nny124/home/irp-nny124/martian_moon_data/Ma_xp_A1900_s047z_n65_r12_v00_90000.hdf5,particle_level_raw_snapshot_parent_normalized,All raw asteroid particles in the physical snapshot are included in the denominator; all raw bound/captured asteroid particles are included in the numerator. No FoF background or unresolved material is discarded for the particle-level metrics.,BMF is bound_mass_kg / target_mass_kg for particles with negative Mars-centric orbital energy and apoapsis inside Mars's Hill sphere. energy_bound_mass_fraction is the negative-energy-only diagnostic. captured_mass_fraction is retained only as a backwards-compatible alias of bound_mass_fraction.
Ma_xp_A1900_s047z_n65_r12_v04_90000_fof_0.002_0000.hdf5,Ma_xp_A1900_s047z_n65_r12_v04_90000.hdf5,A1900,n65,r12,v04,s047z,90000,0.002,356,108764,9.986041843209622e+18,7,3.69140182154e+18,0.368759565883,2.98099466363e+18,0.297792099371,3.3801628347643976e+16,349,7.02932686577e+18,0.7022079006290001,3.442967133930362e+17,1.00103215294e+19,2.98099466363e+18,0.297792099371,/rds/general/user/nny124/home/irp-nny124/martian_moon_data/Ma_xp_A1900_s047z_n65_r12_v04_90000.hdf5,particle_level_raw_snapshot_parent_normalized,All raw asteroid particles in the physical snapshot are included in the denominator; all raw bound/captured asteroid particles are included in the numerator. No FoF background or unresolved material is discarded for the particle-level metrics.,BMF is bound_mass_kg / target_mass_kg for particles with negative Mars-centric orbital energy and apoapsis inside Mars's Hill sphere. energy_bound_mass_fraction is the negative-energy-only diagnostic. captured_mass_fraction is retained only as a backwards-compatible alias of bound_mass_fraction.
Ma_xp_A1900_s047z_n65_r12_v06_90000_fof_0.002_0000.hdf5,Ma_xp_A1900_s047z_n65_r12_v06_90000.hdf5,A1900,n65,r12,v06,s047z,90000,0.002,341,150426,9.715809252167664e+18,0,1.99252020498e+18,0.199046573991,1.52501753758e+18,0.152344510922,0.0,341,8.48530399182e+18,0.847655489078,4.7617941054843296e+17,1.00103215294e+19,1.52501753758e+18,0.152344510922,/rds/general/user/nny124/home/irp-nny124/martian_moon_data/Ma_xp_A1900_s047z_n65_r12_v06_90000.hdf5,particle_level_raw_snapshot_parent_normalized,All raw asteroid particles in the physical snapshot are included in the denominator; all raw bound/captured asteroid particles are included in the numerator. No FoF background or unresolved material is discarded for the particle-level metrics.,BMF is bound_mass_kg / target_mass_kg for particles with negative Mars-centric orbital energy and apoapsis inside Mars's Hill sphere. energy_bound_mass_fraction is the negative-energy-only diagnostic. captured_mass_fraction is retained only as a backwards-compatible alias of bound_mass_fraction.
Ma_xp_A1900_s047z_n65_r12_v08_90000_fof_0.002_0000.hdf5,Ma_xp_A1900_s047z_n65_r12_v08_90000.hdf5,A1900,n65,r12,v08,s047z,90000,0.002,314,116001,9.991404266739606e+18,0,4.21175000155e+17,0.0420740731371,1.90081136673e+17,0.018988514616,0.0,314,9.820240392727001e+18,0.981011485384,3.6720572110542656e+17,1.00103215294e+19,1.90081136673e+17,0.018988514616,/rds/general/user/nny124/home/irp-nny124/martian_moon_data/Ma_xp_A1900_s047z_n65_r12_v08_90000.hdf5,particle_level_raw_snapshot_parent_normalized,All raw asteroid particles in the physical snapshot are included in the denominator; all raw bound/captured asteroid particles are included in the numerator. No FoF background or unresolved material is discarded for the particle-level metrics.,BMF is bound_mass_kg / target_mass_kg for particles with negative Mars-centric orbital energy and apoapsis inside Mars's Hill sphere. energy_bound_mass_fraction is the negative-energy-only diagnostic. captured_mass_fraction is retained only as a backwards-compatible alias of bound_mass_fraction.
Ma_xp_A1900_s047z_n65_r12_v15_90000_fof_0.002_0000.hdf5,Ma_xp_A1900_s047z_n65_r12_v15_90000.hdf5,A1900,n65,r12,v15,s047z,90000,0.002,207,169000,9.996380494481265e+18,0,0.0,0.0,0.0,0.0,0.0,207,1.00103215294e+19,1.0,5.349761369889384e+17,1.00103215294e+19,0.0,0.0,/rds/general/user/nny124/home/irp-nny124/martian_moon_data/Ma_xp_A1900_s047z_n65_r12_v15_90000.hdf5,particle_level_raw_snapshot_parent_normalized,All raw asteroid particles in the physical snapshot are included in the denominator; all raw bound/captured asteroid particles are included in the numerator. No FoF background or unresolved material is discarded for the particle-level metrics.,BMF is bound_mass_kg / target_mass_kg for particles with negative Mars-centric orbital energy and apoapsis inside Mars's Hill sphere. energy_bound_mass_fraction is the negative-energy-only diagnostic. captured_mass_fraction is retained only as a backwards-compatible alias of bound_mass_fraction.
Ma_xp_A1900_s047z_n65_r12_v20_90000_fof_0.002_0000.hdf5,Ma_xp_A1900_s047z_n65_r12_v20_90000.hdf5,A1900,n65,r12,v20,s047z,90000,0.002,129,225088,9.99940358448657e+18,0,0.0,0.0,0.0,0.0,0.0,129,1.00103215294e+19,1.0,7.125249036813028e+17,1.00103215294e+19,0.0,0.0,/rds/general/user/nny124/home/irp-nny124/martian_moon_data/Ma_xp_A1900_s047z_n65_r12_v20_90000.hdf5,particle_level_raw_snapshot_parent_normalized,All raw asteroid particles in the physical snapshot are included in the denominator; all raw bound/captured asteroid particles are included in the numerator. No FoF background or unresolved material is discarded for the particle-level metrics.,BMF is bound_mass_kg / target_mass_kg for particles with negative Mars-centric orbital energy and apoapsis inside Mars's Hill sphere. energy_bound_mass_fraction is the negative-energy-only diagnostic. captured_mass_fraction is retained only as a backwards-compatible alias of bound_mass_fraction.
Ma_xp_A1900_s047z_n65_r14_v00_90000_fof_0.002_0000.hdf5,Ma_xp_A1900_s047z_n65_r14_v00_90000.hdf5,A1900,n65,r14,v00,s047z,90000,0.002,347,101685,9.8195503051923e+18,24,5.05917119577e+18,0.505398670571,4.18070555791e+18,0.417642129363,6.7473469585102136e+16,323,5.82955266069e+18,0.5823578706370001,3.218878608856421e+17,1.00102582186e+19,4.18070555791e+18,0.417642129363,/rds/general/user/nny124/home/irp-nny124/martian_moon_data/Ma_xp_A1900_s047z_n65_r14_v00_90000.hdf5,particle_level_raw_snapshot_parent_normalized,All raw asteroid particles in the physical snapshot are included in the denominator; all raw bound/captured asteroid particles are included in the numerator. No FoF background or unresolved material is discarded for the particle-level metrics.,BMF is bound_mass_kg / target_mass_kg for particles with negative Mars-centric orbital energy and apoapsis inside Mars's Hill sphere. energy_bound_mass_fraction is the negative-energy-only diagnostic. captured_mass_fraction is retained only as a backwards-compatible alias of bound_mass_fraction.
Ma_xp_A1900_s047z_n65_r15_v00_90000_fof_0.002_0000.hdf5,Ma_xp_A1900_s047z_n65_r15_v00_90000.hdf5,A1900,n65,r15,v00,s047z,90000,0.002,314,98692,9.992296948811438e+18,25,5.01530948362e+18,0.501013825468,4.34578526541e+18,0.434130437532,9.92491527985624e+16,289,5.664536263990001e+18,0.565869562468,3.12413401844163e+17,1.00103215294e+19,4.34578526541e+18,0.434130437532,/rds/general/user/nny124/home/irp-nny124/martian_moon_data/Ma_xp_A1900_s047z_n65_r15_v00_90000.hdf5,particle_level_raw_snapshot_parent_normalized,All raw asteroid particles in the physical snapshot are included in the denominator; all raw bound/captured asteroid particles are included in the numerator. No FoF background or unresolved material is discarded for the particle-level metrics.,BMF is bound_mass_kg / target_mass_kg for particles with negative Mars-centric orbital energy and apoapsis inside Mars's Hill sphere. energy_bound_mass_fraction is the negative-energy-only diagnostic. captured_mass_fraction is retained only as a backwards-compatible alias of bound_mass_fraction.
Ma_xp_A1900_s047z_n65_r16_v00_90000_fof_0.002_0000.hdf5,Ma_xp_A1900_s047z_n65_r16_v00_90000.hdf5,A1900,n65,r16,v00,s047z,90000,0.002,306,111566,9.991948739493204e+18,15,5.09492596185e+18,0.508967264126,4.38751656963e+18,0.438299265087,1.0979356411396749e+17,291,5.62280495977e+18,0.561700734913,3.531665544335389e+17,1.00103215294e+19,4.38751656963e+18,0.438299265087,/rds/general/user/nny124/home/irp-nny124/martian_moon_data/Ma_xp_A1900_s047z_n65_r16_v00_90000.hdf5,particle_level_raw_snapshot_parent_normalized,All raw asteroid particles in the physical snapshot are included in the denominator; all raw bound/captured asteroid particles are included in the numerator. No FoF background or unresolved material is discarded for the particle-level metrics.,BMF is bound_mass_kg / target_mass_kg for particles with negative Mars-centric orbital energy and apoapsis inside Mars's Hill sphere. energy_bound_mass_fraction is the negative-energy-only diagnostic. captured_mass_fraction is retained only as a backwards-compatible alias of bound_mass_fraction.
Ma_xp_A1900_s047z_n65_r16_v04_90000_fof_0.002_0000.hdf5,Ma_xp_A1900_s047z_n65_r16_v04_90000.hdf5,A1900,n65,r16,v04,s047z,90000,0.002,316,130158,9.98180635166848e+18,0,3.53312169239e+18,0.352948207889,2.69850510452e+18,0.269572526379,0.0,316,7.31180692828e+18,0.730427473621,4.1202026058094266e+17,1.00103120328e+19,2.69850510452e+18,0.269572526379,/rds/general/user/nny124/home/irp-nny124/martian_moon_data/Ma_xp_A1900_s047z_n65_r16_v04_90000.hdf5,particle_level_raw_snapshot_parent_normalized,All raw asteroid particles in the physical snapshot are included in the denominator; all raw bound/captured asteroid particles are included in the numerator. No FoF background or unresolved material is discarded for the particle-level metrics.,BMF is bound_mass_kg / target_mass_kg for particles with negative Mars-centric orbital energy and apoapsis inside Mars's Hill sphere. energy_bound_mass_fraction is the negative-energy-only diagnostic. captured_mass_fraction is retained only as a backwards-compatible alias of bound_mass_fraction.
Ma_xp_A1900_s047z_n65_r16_v06_90000_fof_0.002_0000.hdf5,Ma_xp_A1900_s047z_n65_r16_v06_90000.hdf5,A1900,n65,r16,v06,s047z,90000,0.002,272,127310,9.993677123941466e+18,0,1.81210979078e+18,0.181024134485,1.19602620657e+18,0.119479299746,0.0,272,8.81429532283e+18,0.880520700254,4.030048047339221e+17,1.00103215294e+19,1.19602620657e+18,0.119479299746,/rds/general/user/nny124/home/irp-nny124/martian_moon_data/Ma_xp_A1900_s047z_n65_r16_v06_90000.hdf5,particle_level_raw_snapshot_parent_normalized,All raw asteroid particles in the physical snapshot are included in the denominator; all raw bound/captured asteroid particles are included in the numerator. No FoF background or unresolved material is discarded for the particle-level metrics.,BMF is bound_mass_kg / target_mass_kg for particles with negative Mars-centric orbital energy and apoapsis inside Mars's Hill sphere. energy_bound_mass_fraction is the negative-energy-only diagnostic. captured_mass_fraction is retained only as a backwards-compatible alias of bound_mass_fraction.
Ma_xp_A1900_s047z_n65_r17_v00_90000_fof_0.002_0000.hdf5,Ma_xp_A1900_s047z_n65_r17_v00_90000.hdf5,A1900,n65,r17,v00,s047z,90000,0.002,281,127425,9.995946815597509e+18,9,5.12963926551e+18,0.512435015242,4.1980590442e+18,0.419373047295,1.4882466333913222e+17,272,5.812262485200001e+18,0.580626952705,4.033688417502168e+17,1.00103215294e+19,4.1980590442e+18,0.419373047295,/rds/general/user/nny124/home/irp-nny124/martian_moon_data/Ma_xp_A1900_s047z_n65_r17_v00_90000.hdf5,particle_level_raw_snapshot_parent_normalized,All raw asteroid particles in the physical snapshot are included in the denominator; all raw bound/captured asteroid particles are included in the numerator. No FoF background or unresolved material is discarded for the particle-level metrics.,BMF is bound_mass_kg / target_mass_kg for particles with negative Mars-centric orbital energy and apoapsis inside Mars's Hill sphere. energy_bound_mass_fraction is the negative-energy-only diagnostic. captured_mass_fraction is retained only as a backwards-compatible alias of bound_mass_fraction.
Ma_xp_A1900_s047z_n65_r20_v00_90000_fof_0.002_0000.hdf5,Ma_xp_A1900_s047z_n65_r20_v00_90000.hdf5,A1900,n65,r20,v00,s047z,90000,0.002,202,652341,9.997732179748305e+18,0,5.09651189703e+18,0.509125694119,3.78920432289e+18,0.378529731713,0.0,202,6.22111720651e+18,0.621470268287,2.0650110543253435e+18,1.00103215294e+19,3.78920432289e+18,0.378529731713,/rds/general/user/nny124/home/irp-nny124/martian_moon_data/Ma_xp_A1900_s047z_n65_r20_v00_90000.hdf5,particle_level_raw_snapshot_parent_normalized,All raw asteroid particles in the physical snapshot are included in the denominator; all raw bound/captured asteroid particles are included in the numerator. No FoF background or unresolved material is discarded for the particle-level metrics.,BMF is bound_mass_kg / target_mass_kg for particles with negative Mars-centric orbital energy and apoapsis inside Mars's Hill sphere. energy_bound_mass_fraction is the negative-energy-only diagnostic. captured_mass_fraction is retained only as a backwards-compatible alias of bound_mass_fraction.
Ma_xp_A1900_s047z_n65_r20_v02_90000_fof_0.002_0000.hdf5,Ma_xp_A1900_s047z_n65_r20_v02_90000.hdf5,A1900,n65,r20,v02,s047z,90000,0.002,178,601886,1.0002262066449392e+19,0,4.1554034025e+18,0.415111881301,3.03972491374e+18,0.303659068773,0.0,178,6.97059661566e+18,0.696340931227,1.9052937703468964e+18,1.00103215294e+19,3.03972491374e+18,0.303659068773,/rds/general/user/nny124/home/irp-nny124/martian_moon_data/Ma_xp_A1900_s047z_n65_r20_v02_90000.hdf5,particle_level_raw_snapshot_parent_normalized,All raw asteroid particles in the physical snapshot are included in the denominator; all raw bound/captured asteroid particles are included in the numerator. No FoF background or unresolved material is discarded for the particle-level metrics.,BMF is bound_mass_kg / target_mass_kg for particles with negative Mars-centric orbital energy and apoapsis inside Mars's Hill sphere. energy_bound_mass_fraction is the negative-energy-only diagnostic. captured_mass_fraction is retained only as a backwards-compatible alias of bound_mass_fraction.
Ma_xp_A1900_s047z_n65_r20_v04_90000_fof_0.002_0000.hdf5,Ma_xp_A1900_s047z_n65_r20_v04_90000.hdf5,A1900,n65,r20,v04,s047z,90000,0.002,156,722623,1.0001264921588773e+19,0,2.60832838728e+18,0.260563896935,1.74746314777e+18,0.174566135826,0.0,156,8.262858381630001e+18,0.825433864174,2.287491485453542e+18,1.00103215294e+19,1.74746314777e+18,0.174566135826,/rds/general/user/nny124/home/irp-nny124/martian_moon_data/Ma_xp_A1900_s047z_n65_r20_v04_90000.hdf5,particle_level_raw_snapshot_parent_normalized,All raw asteroid particles in the physical snapshot are included in the denominator; all raw bound/captured asteroid particles are included in the numerator. No FoF background or unresolved material is discarded for the particle-level metrics.,BMF is bound_mass_kg / target_mass_kg for particles with negative Mars-centric orbital energy and apoapsis inside Mars's Hill sphere. energy_bound_mass_fraction is the negative-energy-only diagnostic. captured_mass_fraction is retained only as a backwards-compatible alias of bound_mass_fraction.
Ma_xp_A1900_s047z_n65_r20_v06_90000_fof_0.002_0000.hdf5,Ma_xp_A1900_s047z_n65_r20_v06_90000.hdf5,A1900,n65,r20,v06,s047z,90000,0.002,140,733883,1.0001619461991789e+19,0,6.39131875658e+17,0.0638472874002,0.0,0.0,0.0,140,1.00103215294e+19,1.0,2.323135457658424e+18,1.00103215294e+19,0.0,0.0,/rds/general/user/nny124/home/irp-nny124/martian_moon_data/Ma_xp_A1900_s047z_n65_r20_v06_90000.hdf5,particle_level_raw_snapshot_parent_normalized,All raw asteroid particles in the physical snapshot are included in the denominator; all raw bound/captured asteroid particles are included in the numerator. No FoF background or unresolved material is discarded for the particle-level metrics.,BMF is bound_mass_kg / target_mass_kg for particles with negative Mars-centric orbital energy and apoapsis inside Mars's Hill sphere. energy_bound_mass_fraction is the negative-energy-only diagnostic. captured_mass_fraction is retained only as a backwards-compatible alias of bound_mass_fraction.
Ma_xp_A1900_s047z_n65_r22_v00_90000_fof_0.002_0000.hdf5,Ma_xp_A1900_s047z_n65_r22_v00_90000.hdf5,A1900,n65,r22,v00,s047z,90000,0.002,2,2321572,1.001032152915326e+19,0,5.75423815037e+18,0.574830502043,0.0,0.0,0.0,2,1.00103215294e+19,1.0,7.349027338742925e+18,1.00103215294e+19,0.0,0.0,/rds/general/user/nny124/home/irp-nny124/martian_moon_data/Ma_xp_A1900_s047z_n65_r22_v00_90000.hdf5,particle_level_raw_snapshot_parent_normalized,All raw asteroid particles in the physical snapshot are included in the denominator; all raw bound/captured asteroid particles are included in the numerator. No FoF background or unresolved material is discarded for the particle-level metrics.,BMF is bound_mass_kg / target_mass_kg for particles with negative Mars-centric orbital energy and apoapsis inside Mars's Hill sphere. energy_bound_mass_fraction is the negative-energy-only diagnostic. captured_mass_fraction is retained only as a backwards-compatible alias of bound_mass_fraction.
Ma_xp_A1900_s047z_n65_r24_v00_90000_fof_0.002_0000.hdf5,Ma_xp_A1900_s047z_n65_r24_v00_90000.hdf5,A1900,n65,r24,v00,s047z,90000,0.002,175,3082655,1.00017049310674e+19,0,5.12295997764e+18,0.51176777515,3.85363254369e+17,0.0384965910672,0.0,175,9.624958275031001e+18,0.9615034089328,9.758265464423983e+18,1.00103215294e+19,3.85363254369e+17,0.0384965910672,/rds/general/user/nny124/home/irp-nny124/martian_moon_data/Ma_xp_A1900_s047z_n65_r24_v00_90000.hdf5,particle_level_raw_snapshot_parent_normalized,All raw asteroid particles in the physical snapshot are included in the denominator; all raw bound/captured asteroid particles are included in the numerator. No FoF background or unresolved material is discarded for the particle-level metrics.,BMF is bound_mass_kg / target_mass_kg for particles with negative Mars-centric orbital energy and apoapsis inside Mars's Hill sphere. energy_bound_mass_fraction is the negative-energy-only diagnostic. captured_mass_fraction is retained only as a backwards-compatible alias of bound_mass_fraction.
Ma_xp_A1900_s086mz_n65_r12_v00_90000_fof_0.002_0000.hdf5,Ma_xp_A1900_s086mz_n65_r12_v00_90000.hdf5,A1900,n65,r12,v00,s086mz,90000,0.002,146,983549,9.994043162004857e+18,0,4.28682100891e+18,0.428576939971,3.16332627859e+18,0.316255027627,0.0,146,6.83912744471e+18,0.683744972373,3.111018850384888e+18,1.00024537233e+19,3.16332627859e+18,0.316255027627,/rds/general/user/nny124/home/irp-nny124/martian_moon_data/Ma_xp_A1900_s086mz_n65_r12_v00_90000.hdf5,particle_level_raw_snapshot_parent_normalized,All raw asteroid particles in the physical snapshot are included in the denominator; all raw bound/captured asteroid particles are included in the numerator. No FoF background or unresolved material is discarded for the particle-level metrics.,BMF is bound_mass_kg / target_mass_kg for particles with negative Mars-centric orbital energy and apoapsis inside Mars's Hill sphere. energy_bound_mass_fraction is the negative-energy-only diagnostic. captured_mass_fraction is retained only as a backwards-compatible alias of bound_mass_fraction.
Ma_xp_A1900_s086x_n65_r12_v00_90000_fof_0.002_0000.hdf5,Ma_xp_A1900_s086x_n65_r12_v00_90000.hdf5,A1900,n65,r12,v00,s086x,90000,0.002,750,280253,9.74725217978432e+18,0,5.21910278336e+18,0.521782247412,4.16176016974e+18,0.416073923948,0.0,750,5.840693553559999e+18,0.583926076052,8.864554443819674e+17,1.00024537233e+19,4.16176016974e+18,0.416073923948,/rds/general/user/nny124/home/irp-nny124/martian_moon_data/Ma_xp_A1900_s086x_n65_r12_v00_90000.hdf5,particle_level_raw_snapshot_parent_normalized,All raw asteroid particles in the physical snapshot are included in the denominator; all raw bound/captured asteroid particles are included in the numerator. No FoF background or unresolved material is discarded for the particle-level metrics.,BMF is bound_mass_kg / target_mass_kg for particles with negative Mars-centric orbital energy and apoapsis inside Mars's Hill sphere. energy_bound_mass_fraction is the negative-energy-only diagnostic. captured_mass_fraction is retained only as a backwards-compatible alias of bound_mass_fraction.
Ma_xp_A1900_s086z_n65_r12_v00_90000_fof_0.002_0000.hdf5,Ma_xp_A1900_s086z_n65_r12_v00_90000.hdf5,A1900,n65,r12,v00,s086z,90000,0.002,349,160362,9.98360508296e+18,21,5.06886403231e+18,0.506762057846,4.27430796628e+18,0.427325942667,6.5269624571028856e+16,328,5.72814575702e+18,0.572674057333,5.0723370658981664e+17,1.00024537233e+19,4.27430796628e+18,0.427325942667,/rds/general/user/nny124/home/irp-nny124/martian_moon_data/Ma_xp_A1900_s086z_n65_r12_v00_90000.hdf5,particle_level_raw_snapshot_parent_normalized,All raw asteroid particles in the physical snapshot are included in the denominator; all raw bound/captured asteroid particles are included in the numerator. No FoF background or unresolved material is discarded for the particle-level metrics.,BMF is bound_mass_kg / target_mass_kg for particles with negative Mars-centric orbital energy and apoapsis inside Mars's Hill sphere. energy_bound_mass_fraction is the negative-energy-only diagnostic. captured_mass_fraction is retained only as a backwards-compatible alias of bound_mass_fraction.
Ma_xp_A1900_s086z_n65_r16_v00_90000_fof_0.002_0000.hdf5,Ma_xp_A1900_s086z_n65_r16_v00_90000.hdf5,A1900,n65,r16,v00,s086z,90000,0.002,253,190988,9.987492476643766e+18,0,4.85731896368e+18,0.485612894004,4.35778413115e+18,0.435671649154,0.0,253,5.644666429049999e+18,0.564328350846,6.041054062315533e+17,1.00024505602e+19,4.35778413115e+18,0.435671649154,/rds/general/user/nny124/home/irp-nny124/martian_moon_data/Ma_xp_A1900_s086z_n65_r16_v00_90000.hdf5,particle_level_raw_snapshot_parent_normalized,All raw asteroid particles in the physical snapshot are included in the denominator; all raw bound/captured asteroid particles are included in the numerator. No FoF background or unresolved material is discarded for the particle-level metrics.,BMF is bound_mass_kg / target_mass_kg for particles with negative Mars-centric orbital energy and apoapsis inside Mars's Hill sphere. energy_bound_mass_fraction is the negative-energy-only diagnostic. captured_mass_fraction is retained only as a backwards-compatible alias of bound_mass_fraction.
Ma_xp_A1900_s170mz_n65_r12_v00_90000_fof_0.002_0000.hdf5,Ma_xp_A1900_s170mz_n65_r12_v00_90000.hdf5,A1900,n65,r12,v00,s170mz,90000,0.002,228,347874,9.97517586331924e+18,0,5.2447821961e+18,0.525160595847,3.59699307272e+18,0.360167296696,0.0,228,6.39001325938e+18,0.639832703304,1.0986418814613632e+18,9.9870063321e+18,3.59699307272e+18,0.360167296696,/rds/general/user/nny124/home/irp-nny124/martian_moon_data/Ma_xp_A1900_s170mz_n65_r12_v00_90000.hdf5,particle_level_raw_snapshot_parent_normalized,All raw asteroid particles in the physical snapshot are included in the denominator; all raw bound/captured asteroid particles are included in the numerator. No FoF background or unresolved material is discarded for the particle-level metrics.,BMF is bound_mass_kg / target_mass_kg for particles with negative Mars-centric orbital energy and apoapsis inside Mars's Hill sphere. energy_bound_mass_fraction is the negative-energy-only diagnostic. captured_mass_fraction is retained only as a backwards-compatible alias of bound_mass_fraction.
Ma_xp_A1900_s170x_n65_r12_v00_90000_fof_0.002_0000.hdf5,Ma_xp_A1900_s170x_n65_r12_v00_90000.hdf5,A1900,n65,r12,v00,s170x,90000,0.002,119,275516,9.935585164889352e+18,0,5.20845387733e+18,0.521523037448,4.15217871727e+18,0.415758093986,0.0,119,5.83482761483e+18,0.5842419060140001,8.701237132201935e+17,9.9870063321e+18,4.15217871727e+18,0.415758093986,/rds/general/user/nny124/home/irp-nny124/martian_moon_data/Ma_xp_A1900_s170x_n65_r12_v00_90000.hdf5,particle_level_raw_snapshot_parent_normalized,All raw asteroid particles in the physical snapshot are included in the denominator; all raw bound/captured asteroid particles are included in the numerator. No FoF background or unresolved material is discarded for the particle-level metrics.,BMF is bound_mass_kg / target_mass_kg for particles with negative Mars-centric orbital energy and apoapsis inside Mars's Hill sphere. energy_bound_mass_fraction is the negative-energy-only diagnostic. captured_mass_fraction is retained only as a backwards-compatible alias of bound_mass_fraction.
Ma_xp_A1900_s170y_n65_r12_v00_90000_fof_0.002_0000.hdf5,Ma_xp_A1900_s170y_n65_r12_v00_90000.hdf5,A1900,n65,r12,v00,s170y,90000,0.002,122,202829,9.901726527537396e+18,1,5.14043973555e+18,0.51471277424,3.9456824013e+18,0.395081596035,1.4347522572828524e+16,121,6.0413239308e+18,0.604918403965,6.405665102164358e+17,9.9870063321e+18,3.9456824013e+18,0.395081596035,/rds/general/user/nny124/home/irp-nny124/martian_moon_data/Ma_xp_A1900_s170y_n65_r12_v00_90000.hdf5,particle_level_raw_snapshot_parent_normalized,All raw asteroid particles in the physical snapshot are included in the denominator; all raw bound/captured asteroid particles are included in the numerator. No FoF background or unresolved material is discarded for the particle-level metrics.,BMF is bound_mass_kg / target_mass_kg for particles with negative Mars-centric orbital energy and apoapsis inside Mars's Hill sphere. energy_bound_mass_fraction is the negative-energy-only diagnostic. captured_mass_fraction is retained only as a backwards-compatible alias of bound_mass_fraction.
Ma_xp_A1900_s170z_n65_r12_v00_90000_fof_0.002_0000.hdf5,Ma_xp_A1900_s170z_n65_r12_v00_90000.hdf5,A1900,n65,r12,v00,s170z,90000,0.002,304,156851,9.968540568387428e+18,12,4.9981614526e+18,0.500466434725,4.2765976033e+18,0.428216170201,8.990019316711246e+16,292,5.7104087288e+18,0.571783829799,4.953606126046652e+17,9.9870063321e+18,4.2765976033e+18,0.428216170201,/rds/general/user/nny124/home/irp-nny124/martian_moon_data/Ma_xp_A1900_s170z_n65_r12_v00_90000.hdf5,particle_level_raw_snapshot_parent_normalized,All raw asteroid particles in the physical snapshot are included in the denominator; all raw bound/captured asteroid particles are included in the numerator. No FoF background or unresolved material is discarded for the particle-level metrics.,BMF is bound_mass_kg / target_mass_kg for particles with negative Mars-centric orbital energy and apoapsis inside Mars's Hill sphere. energy_bound_mass_fraction is the negative-energy-only diagnostic. captured_mass_fraction is retained only as a backwards-compatible alias of bound_mass_fraction.
Ma_xp_A1900_s170z_n65_r16_v00_90000_fof_0.002_0000.hdf5,Ma_xp_A1900_s170z_n65_r16_v00_90000.hdf5,A1900,n65,r16,v00,s170z,90000,0.002,228,294286,9.97716234619345e+18,0,5.17905456242e+18,0.518579280938,4.0690843597e+18,0.407437847178,0.0,228,5.9179219724e+18,0.592562152822,9.294023834140456e+17,9.9870063321e+18,4.0690843597e+18,0.407437847178,/rds/general/user/nny124/home/irp-nny124/martian_moon_data/Ma_xp_A1900_s170z_n65_r16_v00_90000.hdf5,particle_level_raw_snapshot_parent_normalized,All raw asteroid particles in the physical snapshot are included in the denominator; all raw bound/captured asteroid particles are included in the numerator. No FoF background or unresolved material is discarded for the particle-level metrics.,BMF is bound_mass_kg / target_mass_kg for particles with negative Mars-centric orbital energy and apoapsis inside Mars's Hill sphere. energy_bound_mass_fraction is the negative-energy-only diagnostic. captured_mass_fraction is retained only as a backwards-compatible alias of bound_mass_fraction.
Ma_xp_A1950_n65_r12_v00_90000_fof_0.0020_0000.hdf5,Ma_xp_A1950_n65_r12_v00_90000.hdf5,A1950,n65,r12,v00,,90000,0.002,273,197365,3.1577043057890193e+19,38,1.5694969592e+19,0.496411060032,1.39302708179e+19,0.440595979668,6.757230787756746e+17,235,1.7686610544500003e+19,0.559404020332,1.9332891501077115e+18,3.16168813624e+19,1.39302708179e+19,0.440595979668,/rds/general/user/nny124/home/irp-nny124/martian_moon_data/Ma_xp_A1950_n65_r12_v00_90000.hdf5,particle_level_raw_snapshot_parent_normalized,All raw asteroid particles in the physical snapshot are included in the denominator; all raw bound/captured asteroid particles are included in the numerator. No FoF background or unresolved material is discarded for the particle-level metrics.,BMF is bound_mass_kg / target_mass_kg for particles with negative Mars-centric orbital energy and apoapsis inside Mars's Hill sphere. energy_bound_mass_fraction is the negative-energy-only diagnostic. captured_mass_fraction is retained only as a backwards-compatible alias of bound_mass_fraction.
Ma_xp_A1950_n65_r12_v00_90000_fof_0.0027_0000.hdf5,Ma_xp_A1950_n65_r12_v00_90000.hdf5,A1950,n65,r12,v00,,90000,0.0027,273,197384,3.158625082928384e+19,38,1.5694969592e+19,0.496411060032,1.39302708179e+19,0.440595979668,6.760953078320143e+17,235,1.7686610544500003e+19,0.559404020332,1.9334752646358792e+18,3.16168813624e+19,1.39302708179e+19,0.440595979668,/rds/general/user/nny124/home/irp-nny124/martian_moon_data/Ma_xp_A1950_n65_r12_v00_90000.hdf5,particle_level_raw_snapshot_parent_normalized,All raw asteroid particles in the physical snapshot are included in the denominator; all raw bound/captured asteroid particles are included in the numerator. No FoF background or unresolved material is discarded for the particle-level metrics.,BMF is bound_mass_kg / target_mass_kg for particles with negative Mars-centric orbital energy and apoapsis inside Mars's Hill sphere. energy_bound_mass_fraction is the negative-energy-only diagnostic. captured_mass_fraction is retained only as a backwards-compatible alias of bound_mass_fraction.
Ma_xp_A1950_n65_r12_v00_90000_fof_0.002_0000.hdf5,Ma_xp_A1950_n65_r12_v00_90000.hdf5,A1950,n65,r12,v00,,90000,0.002,272,197385,3.1587886678031434e+19,38,1.5694969592e+19,0.496411060032,1.39302708179e+19,0.440595979668,6.76105103333497e+17,234,1.7686610544500003e+19,0.559404020332,1.9334850601373617e+18,3.16168813624e+19,1.39302708179e+19,0.440595979668,/rds/general/user/nny124/home/irp-nny124/martian_moon_data/Ma_xp_A1950_n65_r12_v00_90000.hdf5,particle_level_raw_snapshot_parent_normalized,All raw asteroid particles in the physical snapshot are included in the denominator; all raw bound/captured asteroid particles are included in the numerator. No FoF background or unresolved material is discarded for the particle-level metrics.,BMF is bound_mass_kg / target_mass_kg for particles with negative Mars-centric orbital energy and apoapsis inside Mars's Hill sphere. energy_bound_mass_fraction is the negative-energy-only diagnostic. captured_mass_fraction is retained only as a backwards-compatible alias of bound_mass_fraction.
Ma_xp_A1950_n65_r12_v00_90000_fof_0.0034_0000.hdf5,Ma_xp_A1950_n65_r12_v00_90000.hdf5,A1950,n65,r12,v00,,90000,0.0034,273,197387,3.158984577832796e+19,38,1.5694969592e+19,0.496411060032,1.39302708179e+19,0.440595979668,6.761442853394275e+17,235,1.7686610544500003e+19,0.559404020332,1.933504651140327e+18,3.16168813624e+19,1.39302708179e+19,0.440595979668,/rds/general/user/nny124/home/irp-nny124/martian_moon_data/Ma_xp_A1950_n65_r12_v00_90000.hdf5,particle_level_raw_snapshot_parent_normalized,All raw asteroid particles in the physical snapshot are included in the denominator; all raw bound/captured asteroid particles are included in the numerator. No FoF background or unresolved material is discarded for the particle-level metrics.,BMF is bound_mass_kg / target_mass_kg for particles with negative Mars-centric orbital energy and apoapsis inside Mars's Hill sphere. energy_bound_mass_fraction is the negative-energy-only diagnostic. captured_mass_fraction is retained only as a backwards-compatible alias of bound_mass_fraction.
Ma_xp_A1950_n65_r12_v00_90000_fof_0.003_0000.hdf5,Ma_xp_A1950_n65_r12_v00_90000.hdf5,A1950,n65,r12,v00,,90000,0.003,272,197385,3.1587886678031434e+19,38,1.5694969592e+19,0.496411060032,1.39302708179e+19,0.440595979668,6.76105103333497e+17,234,1.7686610544500003e+19,0.559404020332,1.9334850601373617e+18,3.16168813624e+19,1.39302708179e+19,0.440595979668,/rds/general/user/nny124/home/irp-nny124/martian_moon_data/Ma_xp_A1950_n65_r12_v00_90000.hdf5,particle_level_raw_snapshot_parent_normalized,All raw asteroid particles in the physical snapshot are included in the denominator; all raw bound/captured asteroid particles are included in the numerator. No FoF background or unresolved material is discarded for the particle-level metrics.,BMF is bound_mass_kg / target_mass_kg for particles with negative Mars-centric orbital energy and apoapsis inside Mars's Hill sphere. energy_bound_mass_fraction is the negative-energy-only diagnostic. captured_mass_fraction is retained only as a backwards-compatible alias of bound_mass_fraction.
Ma_xp_A1950_n65_r16_v00_90000_fof_0.0020_0000.hdf5,Ma_xp_A1950_n65_r16_v00_90000.hdf5,A1950,n65,r16,v00,,90000,0.002,200,775432,3.157659246483861e+19,2,1.34922257871e+19,0.426741196656,1.22616855044e+19,0.387820840513,3506789530776349.5,198,1.9355195858000003e+19,0.6121791594870001,7.595745305745701e+18,3.16168813624e+19,1.22616855044e+19,0.387820840513,/rds/general/user/nny124/home/irp-nny124/martian_moon_data/Ma_xp_A1950_n65_r16_v00_90000.hdf5,particle_level_raw_snapshot_parent_normalized,All raw asteroid particles in the physical snapshot are included in the denominator; all raw bound/captured asteroid particles are included in the numerator. No FoF background or unresolved material is discarded for the particle-level metrics.,BMF is bound_mass_kg / target_mass_kg for particles with negative Mars-centric orbital energy and apoapsis inside Mars's Hill sphere. energy_bound_mass_fraction is the negative-energy-only diagnostic. captured_mass_fraction is retained only as a backwards-compatible alias of bound_mass_fraction.
Ma_xp_A1950_n65_r16_v00_90000_fof_0.0027_0000.hdf5,Ma_xp_A1950_n65_r16_v00_90000.hdf5,A1950,n65,r16,v00,,90000,0.0027,204,775624,3.158728915245769e+19,2,1.34922257871e+19,0.426741196656,1.22616855044e+19,0.387820840513,3506789530776349.5,202,1.9355195858000003e+19,0.6121791594870001,7.597626042030438e+18,3.16168813624e+19,1.22616855044e+19,0.387820840513,/rds/general/user/nny124/home/irp-nny124/martian_moon_data/Ma_xp_A1950_n65_r16_v00_90000.hdf5,particle_level_raw_snapshot_parent_normalized,All raw asteroid particles in the physical snapshot are included in the denominator; all raw bound/captured asteroid particles are included in the numerator. No FoF background or unresolved material is discarded for the particle-level metrics.,BMF is bound_mass_kg / target_mass_kg for particles with negative Mars-centric orbital energy and apoapsis inside Mars's Hill sphere. energy_bound_mass_fraction is the negative-energy-only diagnostic. captured_mass_fraction is retained only as a backwards-compatible alias of bound_mass_fraction.
Ma_xp_A1950_n65_r16_v00_90000_fof_0.002_0000.hdf5,Ma_xp_A1950_n65_r16_v00_90000.hdf5,A1950,n65,r16,v00,,90000,0.002,200,775432,3.157659246483861e+19,2,1.34922257871e+19,0.426741196656,1.22616855044e+19,0.387820840513,3506789530776349.5,198,1.9355195858000003e+19,0.6121791594870001,7.595745305745701e+18,3.16168813624e+19,1.22616855044e+19,0.387820840513,/rds/general/user/nny124/home/irp-nny124/martian_moon_data/Ma_xp_A1950_n65_r16_v00_90000.hdf5,particle_level_raw_snapshot_parent_normalized,All raw asteroid particles in the physical snapshot are included in the denominator; all raw bound/captured asteroid particles are included in the numerator. No FoF background or unresolved material is discarded for the particle-level metrics.,BMF is bound_mass_kg / target_mass_kg for particles with negative Mars-centric orbital energy and apoapsis inside Mars's Hill sphere. energy_bound_mass_fraction is the negative-energy-only diagnostic. captured_mass_fraction is retained only as a backwards-compatible alias of bound_mass_fraction.
Ma_xp_A1950_n65_r16_v00_90000_fof_0.0034_0000.hdf5,Ma_xp_A1950_n65_r16_v00_90000.hdf5,A1950,n65,r16,v00,,90000,0.0034,204,775700,3.159162855961451e+19,2,1.34922257871e+19,0.426741196656,1.22616855044e+19,0.387820840513,3506789530776349.5,202,1.9355195858000003e+19,0.6121791594870001,7.598370500143147e+18,3.16168813624e+19,1.22616855044e+19,0.387820840513,/rds/general/user/nny124/home/irp-nny124/martian_moon_data/Ma_xp_A1950_n65_r16_v00_90000.hdf5,particle_level_raw_snapshot_parent_normalized,All raw asteroid particles in the physical snapshot are included in the denominator; all raw bound/captured asteroid particles are included in the numerator. No FoF background or unresolved material is discarded for the particle-level metrics.,BMF is bound_mass_kg / target_mass_kg for particles with negative Mars-centric orbital energy and apoapsis inside Mars's Hill sphere. energy_bound_mass_fraction is the negative-energy-only diagnostic. captured_mass_fraction is retained only as a backwards-compatible alias of bound_mass_fraction.
Ma_xp_A1950_n65_r16_v00_90000_fof_0.003_0000.hdf5,Ma_xp_A1950_n65_r16_v00_90000.hdf5,A1950,n65,r16,v00,,90000,0.003,205,775661,3.1589953528860967e+19,2,1.34922257871e+19,0.426741196656,1.22616855044e+19,0.387820840513,3506789530776349.5,203,1.9355195858000003e+19,0.6121791594870001,7.59798847558531e+18,3.16168813624e+19,1.22616855044e+19,0.387820840513,/rds/general/user/nny124/home/irp-nny124/martian_moon_data/Ma_xp_A1950_n65_r16_v00_90000.hdf5,particle_level_raw_snapshot_parent_normalized,All raw asteroid particles in the physical snapshot are included in the denominator; all raw bound/captured asteroid particles are included in the numerator. No FoF background or unresolved material is discarded for the particle-level metrics.,BMF is bound_mass_kg / target_mass_kg for particles with negative Mars-centric orbital energy and apoapsis inside Mars's Hill sphere. energy_bound_mass_fraction is the negative-energy-only diagnostic. captured_mass_fraction is retained only as a backwards-compatible alias of bound_mass_fraction.
Ma_xp_A2000_n50_r12_v00_90000_fof_0.0126_0000.hdf5,Ma_xp_A2000_n50_r12_v00_90000.hdf5,A2000,n50,r12,v00,,90000,0.0126,57,10630,9.979559814256088e+19,19,5.14518276006e+19,0.514746098246,4.64119340699e+19,0.464324846922,3.832380690629288e+18,38,5.354380678160001e+19,0.535675153078,9.78343101378231e+18,9.99557408515e+19,4.64119340699e+19,0.464324846922,/rds/general/user/nny124/home/irp-nny124/martian_moon_data/Ma_xp_A2000_n50_r12_v00_90000.hdf5,particle_level_raw_snapshot_parent_normalized,All raw asteroid particles in the physical snapshot are included in the denominator; all raw bound/captured asteroid particles are included in the numerator. No FoF background or unresolved material is discarded for the particle-level metrics.,BMF is bound_mass_kg / target_mass_kg for particles with negative Mars-centric orbital energy and apoapsis inside Mars's Hill sphere. energy_bound_mass_fraction is the negative-energy-only diagnostic. captured_mass_fraction is retained only as a backwards-compatible alias of bound_mass_fraction.
Ma_xp_A2000_n50_r14_v00_90000_fof_0.0126_0000.hdf5,Ma_xp_A2000_n50_r14_v00_90000.hdf5,A2000,n50,r14,v00,,90000,0.0126,52,15068,9.96777920118212e+19,20,4.86226397421e+19,0.486441692371,4.31575397082e+19,0.431766493255,5.963935368702657e+18,32,5.6798201143300006e+19,0.568233506745,1.386799045302653e+19,9.99557408515e+19,4.31575397082e+19,0.431766493255,/rds/general/user/nny124/home/irp-nny124/martian_moon_data/Ma_xp_A2000_n50_r14_v00_90000.hdf5,particle_level_raw_snapshot_parent_normalized,All raw asteroid particles in the physical snapshot are included in the denominator; all raw bound/captured asteroid particles are included in the numerator. No FoF background or unresolved material is discarded for the particle-level metrics.,BMF is bound_mass_kg / target_mass_kg for particles with negative Mars-centric orbital energy and apoapsis inside Mars's Hill sphere. energy_bound_mass_fraction is the negative-energy-only diagnostic. captured_mass_fraction is retained only as a backwards-compatible alias of bound_mass_fraction.
Ma_xp_A2000_n50_r16_v00_90000_fof_0.0126_0000.hdf5,Ma_xp_A2000_n50_r16_v00_90000.hdf5,A2000,n50,r16,v00,,90000,0.0126,29,36883,9.98268903960046e+19,6,4.25896773436e+19,0.426085355186,3.97853392158e+19,0.39802955665,6.450806018400762e+18,23,6.017040163570001e+19,0.6019704433499999,3.3945652500561355e+19,9.99557408515e+19,3.97853392158e+19,0.39802955665,/rds/general/user/nny124/home/irp-nny124/martian_moon_data/Ma_xp_A2000_n50_r16_v00_90000.hdf5,particle_level_raw_snapshot_parent_normalized,All raw asteroid particles in the physical snapshot are included in the denominator; all raw bound/captured asteroid particles are included in the numerator. No FoF background or unresolved material is discarded for the particle-level metrics.,BMF is bound_mass_kg / target_mass_kg for particles with negative Mars-centric orbital energy and apoapsis inside Mars's Hill sphere. energy_bound_mass_fraction is the negative-energy-only diagnostic. captured_mass_fraction is retained only as a backwards-compatible alias of bound_mass_fraction.
Ma_xp_A2000_n55_r12_v00_90000_fof_0.0086_0000.hdf5,Ma_xp_A2000_n55_r12_v00_90000.hdf5,A2000,n55,r12,v00,,90000,0.0086,89,29668,9.977507867427522e+19,26,5.1167164447e+19,0.511877737735,4.64880901183e+19,0.465068147874,3.721663735309995e+18,63,5.34716476766e+19,0.534931852126,9.285536935430296e+18,9.99597377949e+19,4.64880901183e+19,0.465068147874,/rds/general/user/nny124/home/irp-nny124/martian_moon_data/Ma_xp_A2000_n55_r12_v00_90000.hdf5,particle_level_raw_snapshot_parent_normalized,All raw asteroid particles in the physical snapshot are included in the denominator; all raw bound/captured asteroid particles are included in the numerator. No FoF background or unresolved material is discarded for the particle-level metrics.,BMF is bound_mass_kg / target_mass_kg for particles with negative Mars-centric orbital energy and apoapsis inside Mars's Hill sphere. energy_bound_mass_fraction is the negative-energy-only diagnostic. captured_mass_fraction is retained only as a backwards-compatible alias of bound_mass_fraction.
Ma_xp_A2000_n55_r14_v00_90000_fof_0.0086_0000.hdf5,Ma_xp_A2000_n55_r14_v00_90000.hdf5,A2000,n55,r14,v00,,90000,0.0086,73,40033,9.980168210690484e+19,24,4.93481156177e+19,0.493683014118,4.70195328079e+19,0.470387660977,4.024629885825642e+18,49,5.293957902390001e+19,0.529612339023,1.252959080948443e+19,9.99591118318e+19,4.70195328079e+19,0.470387660977,/rds/general/user/nny124/home/irp-nny124/martian_moon_data/Ma_xp_A2000_n55_r14_v00_90000.hdf5,particle_level_raw_snapshot_parent_normalized,All raw asteroid particles in the physical snapshot are included in the denominator; all raw bound/captured asteroid particles are included in the numerator. No FoF background or unresolved material is discarded for the particle-level metrics.,BMF is bound_mass_kg / target_mass_kg for particles with negative Mars-centric orbital energy and apoapsis inside Mars's Hill sphere. energy_bound_mass_fraction is the negative-energy-only diagnostic. captured_mass_fraction is retained only as a backwards-compatible alias of bound_mass_fraction.
Ma_xp_A2000_n55_r16_v00_90000_fof_0.0086_0000.hdf5,Ma_xp_A2000_n55_r16_v00_90000.hdf5,A2000,n55,r16,v00,,90000,0.0086,60,103736,9.987836258922732e+19,11,4.15282713299e+19,0.415449982623,3.92954608776e+19,0.393112884692,4.381115883178246e+18,49,6.06642769173e+19,0.606887115308,3.246745515486035e+19,9.99597377949e+19,3.92954608776e+19,0.393112884692,/rds/general/user/nny124/home/irp-nny124/martian_moon_data/Ma_xp_A2000_n55_r16_v00_90000.hdf5,particle_level_raw_snapshot_parent_normalized,All raw asteroid particles in the physical snapshot are included in the denominator; all raw bound/captured asteroid particles are included in the numerator. No FoF background or unresolved material is discarded for the particle-level metrics.,BMF is bound_mass_kg / target_mass_kg for particles with negative Mars-centric orbital energy and apoapsis inside Mars's Hill sphere. energy_bound_mass_fraction is the negative-energy-only diagnostic. captured_mass_fraction is retained only as a backwards-compatible alias of bound_mass_fraction.
Ma_xp_A2000_n60_r12_v00_90000_fof_0.0059_0000.hdf5,Ma_xp_A2000_n60_r12_v00_90000.hdf5,A2000,n60,r12,v00,,90000,0.0059,153,79310,9.98655608665633e+19,57,5.01112568615e+19,0.501305808479,4.7109304272e+19,0.471274706405,3.0861819007456276e+18,96,5.285214842590001e+19,0.528725293595,7.905593700068805e+18,9.99614526979e+19,4.7109304272e+19,0.471274706405,/rds/general/user/nny124/home/irp-nny124/martian_moon_data/Ma_xp_A2000_n60_r12_v00_90000.hdf5,particle_level_raw_snapshot_parent_normalized,All raw asteroid particles in the physical snapshot are included in the denominator; all raw bound/captured asteroid particles are included in the numerator. No FoF background or unresolved material is discarded for the particle-level metrics.,BMF is bound_mass_kg / target_mass_kg for particles with negative Mars-centric orbital energy and apoapsis inside Mars's Hill sphere. energy_bound_mass_fraction is the negative-energy-only diagnostic. captured_mass_fraction is retained only as a backwards-compatible alias of bound_mass_fraction.
Ma_xp_A2000_n60_r14_v00_90000_fof_0.0059_0000.hdf5,Ma_xp_A2000_n60_r14_v00_90000.hdf5,A2000,n60,r14,v00,,90000,0.0059,131,105973,9.986356727338226e+19,47,4.90031181001e+19,0.490222103003,4.47623467172e+19,0.447797866623,2.5799089162196116e+18,84,5.5198707262e+19,0.552202133377,1.0563352429414703e+19,9.99610539792e+19,4.47623467172e+19,0.447797866623,/rds/general/user/nny124/home/irp-nny124/martian_moon_data/Ma_xp_A2000_n60_r14_v00_90000.hdf5,particle_level_raw_snapshot_parent_normalized,All raw asteroid particles in the physical snapshot are included in the denominator; all raw bound/captured asteroid particles are included in the numerator. No FoF background or unresolved material is discarded for the particle-level metrics.,BMF is bound_mass_kg / target_mass_kg for particles with negative Mars-centric orbital energy and apoapsis inside Mars's Hill sphere. energy_bound_mass_fraction is the negative-energy-only diagnostic. captured_mass_fraction is retained only as a backwards-compatible alias of bound_mass_fraction.
Ma_xp_A2000_n60_r16_v00_90000_fof_0.0059_0000.hdf5,Ma_xp_A2000_n60_r16_v00_90000.hdf5,A2000,n60,r16,v00,,90000,0.0059,87,276815,9.988838750824151e+19,24,4.61741097178e+19,0.46191915455,3.82829695682e+19,0.382977323108,4.137004858586395e+18,63,6.167848312970001e+19,0.617022676892,2.7592824613299204e+19,9.99614526979e+19,3.82829695682e+19,0.382977323108,/rds/general/user/nny124/home/irp-nny124/martian_moon_data/Ma_xp_A2000_n60_r16_v00_90000.hdf5,particle_level_raw_snapshot_parent_normalized,All raw asteroid particles in the physical snapshot are included in the denominator; all raw bound/captured asteroid particles are included in the numerator. No FoF background or unresolved material is discarded for the particle-level metrics.,BMF is bound_mass_kg / target_mass_kg for particles with negative Mars-centric orbital energy and apoapsis inside Mars's Hill sphere. energy_bound_mass_fraction is the negative-energy-only diagnostic. captured_mass_fraction is retained only as a backwards-compatible alias of bound_mass_fraction.
Ma_xp_A2000_n65_r11_v00_90000_fof_0.0010_0000.hdf5,Ma_xp_A2000_n65_r11_v00_90000.hdf5,A2000,n65,r11,v00,,90000,0.001,0,0,0.0,0,5.25722061248e+19,0.525918031289,4.78650586048e+19,0.478829009556,0.0,0,5.2097678926799995e+19,0.5211709904440001,0.0,9.99627375316e+19,4.78650586048e+19,0.478829009556,/rds/general/user/nny124/home/irp-nny124/martian_moon_data/Ma_xp_A2000_n65_r11_v00_90000.hdf5,particle_level_raw_snapshot_parent_normalized,All raw asteroid particles in the physical snapshot are included in the denominator; all raw bound/captured asteroid particles are included in the numerator. No FoF background or unresolved material is discarded for the particle-level metrics.,BMF is bound_mass_kg / target_mass_kg for particles with negative Mars-centric orbital energy and apoapsis inside Mars's Hill sphere. energy_bound_mass_fraction is the negative-energy-only diagnostic. captured_mass_fraction is retained only as a backwards-compatible alias of bound_mass_fraction.
Ma_xp_A2000_n65_r11_v00_90000_fof_0.0020_0000.hdf5,Ma_xp_A2000_n65_r11_v00_90000.hdf5,A2000,n65,r11,v00,,90000,0.002,6441,12989,1.3072756654055838e+19,1650,5.25722061248e+19,0.525918031289,4.78650586048e+19,0.478829009556,5.2463717104166344e+16,4791,5.2097678926799995e+19,0.5211709904440001,4.022734483269132e+17,9.99627375316e+19,4.78650586048e+19,0.478829009556,/rds/general/user/nny124/home/irp-nny124/martian_moon_data/Ma_xp_A2000_n65_r11_v00_90000.hdf5,particle_level_raw_snapshot_parent_normalized,All raw asteroid particles in the physical snapshot are included in the denominator; all raw bound/captured asteroid particles are included in the numerator. No FoF background or unresolved material is discarded for the particle-level metrics.,BMF is bound_mass_kg / target_mass_kg for particles with negative Mars-centric orbital energy and apoapsis inside Mars's Hill sphere. energy_bound_mass_fraction is the negative-energy-only diagnostic. captured_mass_fraction is retained only as a backwards-compatible alias of bound_mass_fraction.
Ma_xp_A2000_n65_r11_v00_90000_fof_0.0030_0000.hdf5,Ma_xp_A2000_n65_r11_v00_90000.hdf5,A2000,n65,r11,v00,,90000,0.003,359,155562,9.984898355698949e+19,106,5.25722061248e+19,0.525918031289,4.78650586048e+19,0.478829009556,1.886804626408266e+18,253,5.2097678926799995e+19,0.5211709904440001,4.817804462904375e+18,9.99627375316e+19,4.78650586048e+19,0.478829009556,/rds/general/user/nny124/home/irp-nny124/martian_moon_data/Ma_xp_A2000_n65_r11_v00_90000.hdf5,particle_level_raw_snapshot_parent_normalized,All raw asteroid particles in the physical snapshot are included in the denominator; all raw bound/captured asteroid particles are included in the numerator. No FoF background or unresolved material is discarded for the particle-level metrics.,BMF is bound_mass_kg / target_mass_kg for particles with negative Mars-centric orbital energy and apoapsis inside Mars's Hill sphere. energy_bound_mass_fraction is the negative-energy-only diagnostic. captured_mass_fraction is retained only as a backwards-compatible alias of bound_mass_fraction.
Ma_xp_A2000_n65_r11_v00_90000_fof_0.0035_0000.hdf5,Ma_xp_A2000_n65_r11_v00_90000.hdf5,A2000,n65,r11,v00,,90000,0.0035,360,155577,9.986713216278825e+19,106,5.25722061248e+19,0.525918031289,4.78650586048e+19,0.478829009556,1.8868665670423913e+18,254,5.2097678926799995e+19,0.5211709904440001,4.818269017660323e+18,9.99627375316e+19,4.78650586048e+19,0.478829009556,/rds/general/user/nny124/home/irp-nny124/martian_moon_data/Ma_xp_A2000_n65_r11_v00_90000.hdf5,particle_level_raw_snapshot_parent_normalized,All raw asteroid particles in the physical snapshot are included in the denominator; all raw bound/captured asteroid particles are included in the numerator. No FoF background or unresolved material is discarded for the particle-level metrics.,BMF is bound_mass_kg / target_mass_kg for particles with negative Mars-centric orbital energy and apoapsis inside Mars's Hill sphere. energy_bound_mass_fraction is the negative-energy-only diagnostic. captured_mass_fraction is retained only as a backwards-compatible alias of bound_mass_fraction.
Ma_xp_A2000_n65_r11_v00_90000_fof_0.0040_0000.hdf5,Ma_xp_A2000_n65_r11_v00_90000.hdf5,A2000,n65,r11,v00,,90000,0.004,361,155578,9.98769497532971e+19,106,5.25722061248e+19,0.525918031289,4.78650586048e+19,0.478829009556,1.8868665670423913e+18,255,5.2097678926799995e+19,0.5211709904440001,4.818299987977386e+18,9.99627375316e+19,4.78650586048e+19,0.478829009556,/rds/general/user/nny124/home/irp-nny124/martian_moon_data/Ma_xp_A2000_n65_r11_v00_90000.hdf5,particle_level_raw_snapshot_parent_normalized,All raw asteroid particles in the physical snapshot are included in the denominator; all raw bound/captured asteroid particles are included in the numerator. No FoF background or unresolved material is discarded for the particle-level metrics.,BMF is bound_mass_kg / target_mass_kg for particles with negative Mars-centric orbital energy and apoapsis inside Mars's Hill sphere. energy_bound_mass_fraction is the negative-energy-only diagnostic. captured_mass_fraction is retained only as a backwards-compatible alias of bound_mass_fraction.
Ma_xp_A2000_n65_r11_v00_90000_fof_0.0045_0000.hdf5,Ma_xp_A2000_n65_r11_v00_90000.hdf5,A2000,n65,r11,v00,,90000,0.0045,361,155580,9.988202888529537e+19,106,5.25722061248e+19,0.525918031289,4.78650586048e+19,0.478829009556,1.8868665670423913e+18,255,5.2097678926799995e+19,0.5211709904440001,4.818361928611512e+18,9.99627375316e+19,4.78650586048e+19,0.478829009556,/rds/general/user/nny124/home/irp-nny124/martian_moon_data/Ma_xp_A2000_n65_r11_v00_90000.hdf5,particle_level_raw_snapshot_parent_normalized,All raw asteroid particles in the physical snapshot are included in the denominator; all raw bound/captured asteroid particles are included in the numerator. No FoF background or unresolved material is discarded for the particle-level metrics.,BMF is bound_mass_kg / target_mass_kg for particles with negative Mars-centric orbital energy and apoapsis inside Mars's Hill sphere. energy_bound_mass_fraction is the negative-energy-only diagnostic. captured_mass_fraction is retained only as a backwards-compatible alias of bound_mass_fraction.
Ma_xp_A2000_n65_r11_v00_90000_fof_0.0050_0000.hdf5,Ma_xp_A2000_n65_r11_v00_90000.hdf5,A2000,n65,r11,v00,,90000,0.005,362,155581,9.988633375936709e+19,107,5.25722061248e+19,0.525918031289,4.78650586048e+19,0.478829009556,1.8868665670423913e+18,255,5.2097678926799995e+19,0.5211709904440001,4.818392898928575e+18,9.99627375316e+19,4.78650586048e+19,0.478829009556,/rds/general/user/nny124/home/irp-nny124/martian_moon_data/Ma_xp_A2000_n65_r11_v00_90000.hdf5,particle_level_raw_snapshot_parent_normalized,All raw asteroid particles in the physical snapshot are included in the denominator; all raw bound/captured asteroid particles are included in the numerator. No FoF background or unresolved material is discarded for the particle-level metrics.,BMF is bound_mass_kg / target_mass_kg for particles with negative Mars-centric orbital energy and apoapsis inside Mars's Hill sphere. energy_bound_mass_fraction is the negative-energy-only diagnostic. captured_mass_fraction is retained only as a backwards-compatible alias of bound_mass_fraction.
Ma_xp_A2000_n65_r11_v00_90000_fof_0.0060_0000.hdf5,Ma_xp_A2000_n65_r11_v00_90000.hdf5,A2000,n65,r11,v00,,90000,0.006,361,155581,9.989197035707246e+19,106,5.25722061248e+19,0.525918031289,4.78650586048e+19,0.478829009556,1.8868665670423913e+18,255,5.2097678926799995e+19,0.5211709904440001,4.818392898928575e+18,9.99627375316e+19,4.78650586048e+19,0.478829009556,/rds/general/user/nny124/home/irp-nny124/martian_moon_data/Ma_xp_A2000_n65_r11_v00_90000.hdf5,particle_level_raw_snapshot_parent_normalized,All raw asteroid particles in the physical snapshot are included in the denominator; all raw bound/captured asteroid particles are included in the numerator. No FoF background or unresolved material is discarded for the particle-level metrics.,BMF is bound_mass_kg / target_mass_kg for particles with negative Mars-centric orbital energy and apoapsis inside Mars's Hill sphere. energy_bound_mass_fraction is the negative-energy-only diagnostic. captured_mass_fraction is retained only as a backwards-compatible alias of bound_mass_fraction.
Ma_xp_A2000_n65_r11_v00_90000_fof_0.0080_0000.hdf5,Ma_xp_A2000_n65_r11_v00_90000.hdf5,A2000,n65,r11,v00,,90000,0.008,361,155581,9.98994032331675e+19,105,5.25722061248e+19,0.525918031289,4.78650586048e+19,0.478829009556,1.8868665670423913e+18,256,5.2097678926799995e+19,0.5211709904440001,4.818392898928575e+18,9.99627375316e+19,4.78650586048e+19,0.478829009556,/rds/general/user/nny124/home/irp-nny124/martian_moon_data/Ma_xp_A2000_n65_r11_v00_90000.hdf5,particle_level_raw_snapshot_parent_normalized,All raw asteroid particles in the physical snapshot are included in the denominator; all raw bound/captured asteroid particles are included in the numerator. No FoF background or unresolved material is discarded for the particle-level metrics.,BMF is bound_mass_kg / target_mass_kg for particles with negative Mars-centric orbital energy and apoapsis inside Mars's Hill sphere. energy_bound_mass_fraction is the negative-energy-only diagnostic. captured_mass_fraction is retained only as a backwards-compatible alias of bound_mass_fraction.
Ma_xp_A2000_n65_r12_v00_90000_fof_0.0010_0000.hdf5,Ma_xp_A2000_n65_r12_v00_90000.hdf5,A2000,n65,r12,v00,,90000,0.001,0,0,0.0,0,5.15469647488e+19,0.515661795802,4.43721643058e+19,0.443887046329,0.0,0,5.559057322579999e+19,0.556112953671,0.0,9.99627375316e+19,4.43721643058e+19,0.443887046329,/rds/general/user/nny124/home/irp-nny124/martian_moon_data/Ma_xp_A2000_n65_r12_v00_90000.hdf5,particle_level_raw_snapshot_parent_normalized,All raw asteroid particles in the physical snapshot are included in the denominator; all raw bound/captured asteroid particles are included in the numerator. No FoF background or unresolved material is discarded for the particle-level metrics.,BMF is bound_mass_kg / target_mass_kg for particles with negative Mars-centric orbital energy and apoapsis inside Mars's Hill sphere. energy_bound_mass_fraction is the negative-energy-only diagnostic. captured_mass_fraction is retained only as a backwards-compatible alias of bound_mass_fraction.
Ma_xp_A2000_n65_r12_v00_90000_fof_0.0020_0000.hdf5,Ma_xp_A2000_n65_r12_v00_90000.hdf5,A2000,n65,r12,v00,,90000,0.002,6136,7126,1.273177346319602e+19,1632,5.15469647488e+19,0.515661795802,4.43721643058e+19,0.443887046329,7.439070158453811e+16,4504,5.559057322579999e+19,0.556112953671,2.206944793885611e+17,9.99627375316e+19,4.43721643058e+19,0.443887046329,/rds/general/user/nny124/home/irp-nny124/martian_moon_data/Ma_xp_A2000_n65_r12_v00_90000.hdf5,particle_level_raw_snapshot_parent_normalized,All raw asteroid particles in the physical snapshot are included in the denominator; all raw bound/captured asteroid particles are included in the numerator. No FoF background or unresolved material is discarded for the particle-level metrics.,BMF is bound_mass_kg / target_mass_kg for particles with negative Mars-centric orbital energy and apoapsis inside Mars's Hill sphere. energy_bound_mass_fraction is the negative-energy-only diagnostic. captured_mass_fraction is retained only as a backwards-compatible alias of bound_mass_fraction.
Ma_xp_A2000_n65_r12_v00_90000_fof_0.0030_0000.hdf5,Ma_xp_A2000_n65_r12_v00_90000.hdf5,A2000,n65,r12,v00,,90000,0.003,330,211464,9.984117903713449e+19,107,5.15469647488e+19,0.515661795802,4.43721643058e+19,0.443887046329,2.4343598320760243e+18,223,5.559057322579999e+19,0.556112953671,6.549107127369593e+18,9.99627375316e+19,4.43721643058e+19,0.443887046329,/rds/general/user/nny124/home/irp-nny124/martian_moon_data/Ma_xp_A2000_n65_r12_v00_90000.hdf5,particle_level_raw_snapshot_parent_normalized,All raw asteroid particles in the physical snapshot are included in the denominator; all raw bound/captured asteroid particles are included in the numerator. No FoF background or unresolved material is discarded for the particle-level metrics.,BMF is bound_mass_kg / target_mass_kg for particles with negative Mars-centric orbital energy and apoapsis inside Mars's Hill sphere. energy_bound_mass_fraction is the negative-energy-only diagnostic. captured_mass_fraction is retained only as a backwards-compatible alias of bound_mass_fraction.
Ma_xp_A2000_n65_r12_v00_90000_fof_0.0035_0000.hdf5,Ma_xp_A2000_n65_r12_v00_90000.hdf5,A2000,n65,r12,v00,,90000,0.0035,332,211504,9.986189817924942e+19,106,5.15469647488e+19,0.515661795802,4.43721643058e+19,0.443887046329,2.4344527430272123e+18,226,5.559057322579999e+19,0.556112953671,6.55034594005212e+18,9.99627375316e+19,4.43721643058e+19,0.443887046329,/rds/general/user/nny124/home/irp-nny124/martian_moon_data/Ma_xp_A2000_n65_r12_v00_90000.hdf5,particle_level_raw_snapshot_parent_normalized,All raw asteroid particles in the physical snapshot are included in the denominator; all raw bound/captured asteroid particles are included in the numerator. No FoF background or unresolved material is discarded for the particle-level metrics.,BMF is bound_mass_kg / target_mass_kg for particles with negative Mars-centric orbital energy and apoapsis inside Mars's Hill sphere. energy_bound_mass_fraction is the negative-energy-only diagnostic. captured_mass_fraction is retained only as a backwards-compatible alias of bound_mass_fraction.
Ma_xp_A2000_n65_r12_v00_90000_fof_0.0040_0000.hdf5,Ma_xp_A2000_n65_r12_v00_90000.hdf5,A2000,n65,r12,v00,,90000,0.004,334,211522,9.987190159166066e+19,108,5.15469647488e+19,0.515661795802,4.43721643058e+19,0.443887046329,2.434483713344275e+18,226,5.559057322579999e+19,0.556112953671,6.550903405759257e+18,9.99627375316e+19,4.43721643058e+19,0.443887046329,/rds/general/user/nny124/home/irp-nny124/martian_moon_data/Ma_xp_A2000_n65_r12_v00_90000.hdf5,particle_level_raw_snapshot_parent_normalized,All raw asteroid particles in the physical snapshot are included in the denominator; all raw bound/captured asteroid particles are included in the numerator. No FoF background or unresolved material is discarded for the particle-level metrics.,BMF is bound_mass_kg / target_mass_kg for particles with negative Mars-centric orbital energy and apoapsis inside Mars's Hill sphere. energy_bound_mass_fraction is the negative-energy-only diagnostic. captured_mass_fraction is retained only as a backwards-compatible alias of bound_mass_fraction.
Ma_xp_A2000_n65_r12_v00_90000_fof_0.0045_0000.hdf5,Ma_xp_A2000_n65_r12_v00_90000.hdf5,A2000,n65,r12,v00,,90000,0.0045,336,211535,9.987821953634143e+19,110,5.15469647488e+19,0.515661795802,4.43721643058e+19,0.443887046329,2.4345146836613376e+18,226,5.559057322579999e+19,0.556112953671,6.551306019881078e+18,9.99627375316e+19,4.43721643058e+19,0.443887046329,/rds/general/user/nny124/home/irp-nny124/martian_moon_data/Ma_xp_A2000_n65_r12_v00_90000.hdf5,particle_level_raw_snapshot_parent_normalized,All raw asteroid particles in the physical snapshot are included in the denominator; all raw bound/captured asteroid particles are included in the numerator. No FoF background or unresolved material is discarded for the particle-level metrics.,BMF is bound_mass_kg / target_mass_kg for particles with negative Mars-centric orbital energy and apoapsis inside Mars's Hill sphere. energy_bound_mass_fraction is the negative-energy-only diagnostic. captured_mass_fraction is retained only as a backwards-compatible alias of bound_mass_fraction.
Ma_xp_A2000_n65_r12_v00_90000_fof_0.0050_0000.hdf5,Ma_xp_A2000_n65_r12_v00_90000.hdf5,A2000,n65,r12,v00,,90000,0.005,335,211538,9.988196694470604e+19,110,5.15469647488e+19,0.515661795802,4.43721643058e+19,0.443887046329,2.4345146836613376e+18,225,5.559057322579999e+19,0.556112953671,6.551398930832267e+18,9.99627375316e+19,4.43721643058e+19,0.443887046329,/rds/general/user/nny124/home/irp-nny124/martian_moon_data/Ma_xp_A2000_n65_r12_v00_90000.hdf5,particle_level_raw_snapshot_parent_normalized,All raw asteroid particles in the physical snapshot are included in the denominator; all raw bound/captured asteroid particles are included in the numerator. No FoF background or unresolved material is discarded for the particle-level metrics.,BMF is bound_mass_kg / target_mass_kg for particles with negative Mars-centric orbital energy and apoapsis inside Mars's Hill sphere. energy_bound_mass_fraction is the negative-energy-only diagnostic. captured_mass_fraction is retained only as a backwards-compatible alias of bound_mass_fraction.
Ma_xp_A2000_n65_r12_v00_90000_fof_0.0060_0000.hdf5,Ma_xp_A2000_n65_r12_v00_90000.hdf5,A2000,n65,r12,v00,,90000,0.006,335,211547,9.988887332541102e+19,110,5.15469647488e+19,0.515661795802,4.43721643058e+19,0.443887046329,2.4345456539784003e+18,225,5.559057322579999e+19,0.556112953671,6.551677663685836e+18,9.99627375316e+19,4.43721643058e+19,0.443887046329,/rds/general/user/nny124/home/irp-nny124/martian_moon_data/Ma_xp_A2000_n65_r12_v00_90000.hdf5,particle_level_raw_snapshot_parent_normalized,All raw asteroid particles in the physical snapshot are included in the denominator; all raw bound/captured asteroid particles are included in the numerator. No FoF background or unresolved material is discarded for the particle-level metrics.,BMF is bound_mass_kg / target_mass_kg for particles with negative Mars-centric orbital energy and apoapsis inside Mars's Hill sphere. energy_bound_mass_fraction is the negative-energy-only diagnostic. captured_mass_fraction is retained only as a backwards-compatible alias of bound_mass_fraction.
Ma_xp_A2000_n65_r12_v00_90000_fof_0.0080_0000.hdf5,Ma_xp_A2000_n65_r12_v00_90000.hdf5,A2000,n65,r12,v00,,90000,0.008,335,211562,9.989633717182312e+19,110,5.15469647488e+19,0.515661795802,4.43721643058e+19,0.443887046329,2.4345456539784003e+18,225,5.559057322579999e+19,0.556112953671,6.552142218441783e+18,9.99627375316e+19,4.43721643058e+19,0.443887046329,/rds/general/user/nny124/home/irp-nny124/martian_moon_data/Ma_xp_A2000_n65_r12_v00_90000.hdf5,particle_level_raw_snapshot_parent_normalized,All raw asteroid particles in the physical snapshot are included in the denominator; all raw bound/captured asteroid particles are included in the numerator. No FoF background or unresolved material is discarded for the particle-level metrics.,BMF is bound_mass_kg / target_mass_kg for particles with negative Mars-centric orbital energy and apoapsis inside Mars's Hill sphere. energy_bound_mass_fraction is the negative-energy-only diagnostic. captured_mass_fraction is retained only as a backwards-compatible alias of bound_mass_fraction.
Ma_xp_A2000_n65_r12_v02_90000_fof_0.0040_0000.hdf5,Ma_xp_A2000_n65_r12_v02_90000.hdf5,A2000,n65,r12,v02,,90000,0.004,356,177400,9.98618672089192e+19,99,4.69682821039e+19,0.469858629546,4.42110876868e+19,0.442276364831,2.3802546881675643e+18,257,5.5751494993200005e+19,0.557723635169,5.494134246929838e+18,9.996258268e+19,4.42110876868e+19,0.442276364831,/rds/general/user/nny124/home/irp-nny124/martian_moon_data/Ma_xp_A2000_n65_r12_v02_90000.hdf5,particle_level_raw_snapshot_parent_normalized,All raw asteroid particles in the physical snapshot are included in the denominator; all raw bound/captured asteroid particles are included in the numerator. No FoF background or unresolved material is discarded for the particle-level metrics.,BMF is bound_mass_kg / target_mass_kg for particles with negative Mars-centric orbital energy and apoapsis inside Mars's Hill sphere. energy_bound_mass_fraction is the negative-energy-only diagnostic. captured_mass_fraction is retained only as a backwards-compatible alias of bound_mass_fraction.
Ma_xp_A2000_n65_r12_v04_90000_fof_0.0040_0000.hdf5,Ma_xp_A2000_n65_r12_v04_90000.hdf5,A2000,n65,r12,v04,,90000,0.004,328,255232,9.987567997038164e+19,70,4.16246326276e+19,0.416401487749,3.64614471888e+19,0.364750386886,2.1626882108024056e+18,258,6.35012903428e+19,0.635249613114,7.90461596459033e+18,9.99627375316e+19,3.64614471888e+19,0.364750386886,/rds/general/user/nny124/home/irp-nny124/martian_moon_data/Ma_xp_A2000_n65_r12_v04_90000.hdf5,particle_level_raw_snapshot_parent_normalized,All raw asteroid particles in the physical snapshot are included in the denominator; all raw bound/captured asteroid particles are included in the numerator. No FoF background or unresolved material is discarded for the particle-level metrics.,BMF is bound_mass_kg / target_mass_kg for particles with negative Mars-centric orbital energy and apoapsis inside Mars's Hill sphere. energy_bound_mass_fraction is the negative-energy-only diagnostic. captured_mass_fraction is retained only as a backwards-compatible alias of bound_mass_fraction.
Ma_xp_A2000_n65_r12_v06_90000_fof_0.0040_0000.hdf5,Ma_xp_A2000_n65_r12_v06_90000.hdf5,A2000,n65,r12,v06,,90000,0.004,294,267899,9.98761445252154e+19,43,3.20222858223e+19,0.320342225644,2.49438959764e+19,0.249531941525,1.8590552223201265e+18,251,7.50188415552e+19,0.750468058475,8.296916970829479e+18,9.99627375316e+19,2.49438959764e+19,0.249531941525,/rds/general/user/nny124/home/irp-nny124/martian_moon_data/Ma_xp_A2000_n65_r12_v06_90000.hdf5,particle_level_raw_snapshot_parent_normalized,All raw asteroid particles in the physical snapshot are included in the denominator; all raw bound/captured asteroid particles are included in the numerator. No FoF background or unresolved material is discarded for the particle-level metrics.,BMF is bound_mass_kg / target_mass_kg for particles with negative Mars-centric orbital energy and apoapsis inside Mars's Hill sphere. energy_bound_mass_fraction is the negative-energy-only diagnostic. captured_mass_fraction is retained only as a backwards-compatible alias of bound_mass_fraction.
Ma_xp_A2000_n65_r12_v08_90000_fof_0.0040_0000.hdf5,Ma_xp_A2000_n65_r12_v08_90000.hdf5,A2000,n65,r12,v08,,90000,0.004,314,278860,9.9879334467943e+19,4,1.68980243957e+19,0.169043233639,1.38952663346e+19,0.139004459839,8.008304586062333e+17,310,8.606747119699999e+19,0.860995540161,8.636382616158863e+18,9.99627375316e+19,1.38952663346e+19,0.139004459839,/rds/general/user/nny124/home/irp-nny124/martian_moon_data/Ma_xp_A2000_n65_r12_v08_90000.hdf5,particle_level_raw_snapshot_parent_normalized,All raw asteroid particles in the physical snapshot are included in the denominator; all raw bound/captured asteroid particles are included in the numerator. No FoF background or unresolved material is discarded for the particle-level metrics.,BMF is bound_mass_kg / target_mass_kg for particles with negative Mars-centric orbital energy and apoapsis inside Mars's Hill sphere. energy_bound_mass_fraction is the negative-energy-only diagnostic. captured_mass_fraction is retained only as a backwards-compatible alias of bound_mass_fraction.
Ma_xp_A2000_n65_r12_v10_90000_fof_0.0040_0000.hdf5,Ma_xp_A2000_n65_r12_v10_90000.hdf5,A2000,n65,r12,v10,,90000,0.004,274,345039,9.989258976366952e+19,0,4.06634068969e+18,0.0406785647343,2.62182316126e+18,0.0262280048146,0.0,274,9.734091437034e+19,0.9737719951854,1.06859672290339e+19,9.99627375316e+19,2.62182316126e+18,0.0262280048146,/rds/general/user/nny124/home/irp-nny124/martian_moon_data/Ma_xp_A2000_n65_r12_v10_90000.hdf5,particle_level_raw_snapshot_parent_normalized,All raw asteroid particles in the physical snapshot are included in the denominator; all raw bound/captured asteroid particles are included in the numerator. No FoF background or unresolved material is discarded for the particle-level metrics.,BMF is bound_mass_kg / target_mass_kg for particles with negative Mars-centric orbital energy and apoapsis inside Mars's Hill sphere. energy_bound_mass_fraction is the negative-energy-only diagnostic. captured_mass_fraction is retained only as a backwards-compatible alias of bound_mass_fraction.
Ma_xp_A2000_n65_r12_v12_90000_fof_0.0040_0000.hdf5,Ma_xp_A2000_n65_r12_v12_90000.hdf5,A2000,n65,r12,v12,,90000,0.004,225,353250,9.989934129274384e+19,0,0.0,0.0,0.0,0.0,0.0,225,9.99627375316e+19,1.0,1.0940264502431164e+19,9.99627375316e+19,0.0,0.0,/rds/general/user/nny124/home/irp-nny124/martian_moon_data/Ma_xp_A2000_n65_r12_v12_90000.hdf5,particle_level_raw_snapshot_parent_normalized,All raw asteroid particles in the physical snapshot are included in the denominator; all raw bound/captured asteroid particles are included in the numerator. No FoF background or unresolved material is discarded for the particle-level metrics.,BMF is bound_mass_kg / target_mass_kg for particles with negative Mars-centric orbital energy and apoapsis inside Mars's Hill sphere. energy_bound_mass_fraction is the negative-energy-only diagnostic. captured_mass_fraction is retained only as a backwards-compatible alias of bound_mass_fraction.
Ma_xp_A2000_n65_r12_v14_90000_fof_0.0040_0000.hdf5,Ma_xp_A2000_n65_r12_v14_90000.hdf5,A2000,n65,r12,v14,,90000,0.004,211,756809,9.98869531656673e+19,0,0.0,0.0,0.0,0.0,0.0,211,9.99627375316e+19,1.0,2.3438614685712937e+19,9.99627375316e+19,0.0,0.0,/rds/general/user/nny124/home/irp-nny124/martian_moon_data/Ma_xp_A2000_n65_r12_v14_90000.hdf5,particle_level_raw_snapshot_parent_normalized,All raw asteroid particles in the physical snapshot are included in the denominator; all raw bound/captured asteroid particles are included in the numerator. No FoF background or unresolved material is discarded for the particle-level metrics.,BMF is bound_mass_kg / target_mass_kg for particles with negative Mars-centric orbital energy and apoapsis inside Mars's Hill sphere. energy_bound_mass_fraction is the negative-energy-only diagnostic. captured_mass_fraction is retained only as a backwards-compatible alias of bound_mass_fraction.
Ma_xp_A2000_n65_r12_v16_90000_fof_0.0040_0000.hdf5,Ma_xp_A2000_n65_r12_v16_90000.hdf5,A2000,n65,r12,v16,,90000,0.004,165,701086,9.990875626883205e+19,0,0.0,0.0,0.0,0.0,0.0,165,9.99627375316e+19,1.0,2.1712855708059087e+19,9.99627375316e+19,0.0,0.0,/rds/general/user/nny124/home/irp-nny124/martian_moon_data/Ma_xp_A2000_n65_r12_v16_90000.hdf5,particle_level_raw_snapshot_parent_normalized,All raw asteroid particles in the physical snapshot are included in the denominator; all raw bound/captured asteroid particles are included in the numerator. No FoF background or unresolved material is discarded for the particle-level metrics.,BMF is bound_mass_kg / target_mass_kg for particles with negative Mars-centric orbital energy and apoapsis inside Mars's Hill sphere. energy_bound_mass_fraction is the negative-energy-only diagnostic. captured_mass_fraction is retained only as a backwards-compatible alias of bound_mass_fraction.
Ma_xp_A2000_n65_r13_v00_90000_fof_0.0010_0000.hdf5,Ma_xp_A2000_n65_r13_v00_90000.hdf5,A2000,n65,r13,v00,,90000,0.001,0,0,0.0,0,5.15456949658e+19,0.515649093238,4.23849539115e+19,0.424007534789,0.0,0,5.75777836201e+19,0.575992465211,0.0,9.99627375316e+19,4.23849539115e+19,0.424007534789,/rds/general/user/nny124/home/irp-nny124/martian_moon_data/Ma_xp_A2000_n65_r13_v00_90000.hdf5,particle_level_raw_snapshot_parent_normalized,All raw asteroid particles in the physical snapshot are included in the denominator; all raw bound/captured asteroid particles are included in the numerator. No FoF background or unresolved material is discarded for the particle-level metrics.,BMF is bound_mass_kg / target_mass_kg for particles with negative Mars-centric orbital energy and apoapsis inside Mars's Hill sphere. energy_bound_mass_fraction is the negative-energy-only diagnostic. captured_mass_fraction is retained only as a backwards-compatible alias of bound_mass_fraction.
Ma_xp_A2000_n65_r13_v00_90000_fof_0.0020_0000.hdf5,Ma_xp_A2000_n65_r13_v00_90000.hdf5,A2000,n65,r13,v00,,90000,0.002,6178,11571,1.235951025210257e+19,1496,5.15456949658e+19,0.515649093238,4.23849539115e+19,0.424007534789,1.517855239241515e+17,4682,5.75777836201e+19,0.575992465211,3.58357538732067e+17,9.99627375316e+19,4.23849539115e+19,0.424007534789,/rds/general/user/nny124/home/irp-nny124/martian_moon_data/Ma_xp_A2000_n65_r13_v00_90000.hdf5,particle_level_raw_snapshot_parent_normalized,All raw asteroid particles in the physical snapshot are included in the denominator; all raw bound/captured asteroid particles are included in the numerator. No FoF background or unresolved material is discarded for the particle-level metrics.,BMF is bound_mass_kg / target_mass_kg for particles with negative Mars-centric orbital energy and apoapsis inside Mars's Hill sphere. energy_bound_mass_fraction is the negative-energy-only diagnostic. captured_mass_fraction is retained only as a backwards-compatible alias of bound_mass_fraction.
Ma_xp_A2000_n65_r13_v00_90000_fof_0.0030_0000.hdf5,Ma_xp_A2000_n65_r13_v00_90000.hdf5,A2000,n65,r13,v00,,90000,0.003,354,215030,9.98419532950584e+19,110,5.15456949658e+19,0.515649093238,4.23849539115e+19,0.424007534789,3.4376432533207654e+18,244,5.75777836201e+19,0.575992465211,6.65954727801685e+18,9.99627375316e+19,4.23849539115e+19,0.424007534789,/rds/general/user/nny124/home/irp-nny124/martian_moon_data/Ma_xp_A2000_n65_r13_v00_90000.hdf5,particle_level_raw_snapshot_parent_normalized,All raw asteroid particles in the physical snapshot are included in the denominator; all raw bound/captured asteroid particles are included in the numerator. No FoF background or unresolved material is discarded for the particle-level metrics.,BMF is bound_mass_kg / target_mass_kg for particles with negative Mars-centric orbital energy and apoapsis inside Mars's Hill sphere. energy_bound_mass_fraction is the negative-energy-only diagnostic. captured_mass_fraction is retained only as a backwards-compatible alias of bound_mass_fraction.
Ma_xp_A2000_n65_r13_v00_90000_fof_0.0035_0000.hdf5,Ma_xp_A2000_n65_r13_v00_90000.hdf5,A2000,n65,r13,v00,,90000,0.0035,350,215033,9.985901793975994e+19,109,5.15456949658e+19,0.515649093238,4.23849539115e+19,0.424007534789,3.4376432533207654e+18,241,5.75777836201e+19,0.575992465211,6.659640188968039e+18,9.99627375316e+19,4.23849539115e+19,0.424007534789,/rds/general/user/nny124/home/irp-nny124/martian_moon_data/Ma_xp_A2000_n65_r13_v00_90000.hdf5,particle_level_raw_snapshot_parent_normalized,All raw asteroid particles in the physical snapshot are included in the denominator; all raw bound/captured asteroid particles are included in the numerator. No FoF background or unresolved material is discarded for the particle-level metrics.,BMF is bound_mass_kg / target_mass_kg for particles with negative Mars-centric orbital energy and apoapsis inside Mars's Hill sphere. energy_bound_mass_fraction is the negative-energy-only diagnostic. captured_mass_fraction is retained only as a backwards-compatible alias of bound_mass_fraction.
Ma_xp_A2000_n65_r13_v00_90000_fof_0.0040_0000.hdf5,Ma_xp_A2000_n65_r13_v00_90000.hdf5,A2000,n65,r13,v00,,90000,0.004,350,215035,9.98671631331474e+19,109,5.15456949658e+19,0.515649093238,4.23849539115e+19,0.424007534789,3.4377361642719534e+18,241,5.75777836201e+19,0.575992465211,6.659702129602166e+18,9.99627375316e+19,4.23849539115e+19,0.424007534789,/rds/general/user/nny124/home/irp-nny124/martian_moon_data/Ma_xp_A2000_n65_r13_v00_90000.hdf5,particle_level_raw_snapshot_parent_normalized,All raw asteroid particles in the physical snapshot are included in the denominator; all raw bound/captured asteroid particles are included in the numerator. No FoF background or unresolved material is discarded for the particle-level metrics.,BMF is bound_mass_kg / target_mass_kg for particles with negative Mars-centric orbital energy and apoapsis inside Mars's Hill sphere. energy_bound_mass_fraction is the negative-energy-only diagnostic. captured_mass_fraction is retained only as a backwards-compatible alias of bound_mass_fraction.
Ma_xp_A2000_n65_r13_v00_90000_fof_0.0045_0000.hdf5,Ma_xp_A2000_n65_r13_v00_90000.hdf5,A2000,n65,r13,v00,,90000,0.0045,351,215035,9.987276876053576e+19,109,5.15456949658e+19,0.515649093238,4.23849539115e+19,0.424007534789,3.4377361642719534e+18,242,5.75777836201e+19,0.575992465211,6.659702129602166e+18,9.99627375316e+19,4.23849539115e+19,0.424007534789,/rds/general/user/nny124/home/irp-nny124/martian_moon_data/Ma_xp_A2000_n65_r13_v00_90000.hdf5,particle_level_raw_snapshot_parent_normalized,All raw asteroid particles in the physical snapshot are included in the denominator; all raw bound/captured asteroid particles are included in the numerator. No FoF background or unresolved material is discarded for the particle-level metrics.,BMF is bound_mass_kg / target_mass_kg for particles with negative Mars-centric orbital energy and apoapsis inside Mars's Hill sphere. energy_bound_mass_fraction is the negative-energy-only diagnostic. captured_mass_fraction is retained only as a backwards-compatible alias of bound_mass_fraction.
Ma_xp_A2000_n65_r13_v00_90000_fof_0.0050_0000.hdf5,Ma_xp_A2000_n65_r13_v00_90000.hdf5,A2000,n65,r13,v00,,90000,0.005,351,215035,9.987614452509558e+19,109,5.15456949658e+19,0.515649093238,4.23849539115e+19,0.424007534789,3.4377361642719534e+18,242,5.75777836201e+19,0.575992465211,6.659702129602166e+18,9.99627375316e+19,4.23849539115e+19,0.424007534789,/rds/general/user/nny124/home/irp-nny124/martian_moon_data/Ma_xp_A2000_n65_r13_v00_90000.hdf5,particle_level_raw_snapshot_parent_normalized,All raw asteroid particles in the physical snapshot are included in the denominator; all raw bound/captured asteroid particles are included in the numerator. No FoF background or unresolved material is discarded for the particle-level metrics.,BMF is bound_mass_kg / target_mass_kg for particles with negative Mars-centric orbital energy and apoapsis inside Mars's Hill sphere. energy_bound_mass_fraction is the negative-energy-only diagnostic. captured_mass_fraction is retained only as a backwards-compatible alias of bound_mass_fraction.
Ma_xp_A2000_n65_r13_v00_90000_fof_0.0060_0000.hdf5,Ma_xp_A2000_n65_r13_v00_90000.hdf5,A2000,n65,r13,v00,,90000,0.006,353,215035,9.988370128245886e+19,110,5.15456949658e+19,0.515649093238,4.23849539115e+19,0.424007534789,3.4380768377596426e+18,243,5.75777836201e+19,0.575992465211,6.659702129602166e+18,9.99627375316e+19,4.23849539115e+19,0.424007534789,/rds/general/user/nny124/home/irp-nny124/martian_moon_data/Ma_xp_A2000_n65_r13_v00_90000.hdf5,particle_level_raw_snapshot_parent_normalized,All raw asteroid particles in the physical snapshot are included in the denominator; all raw bound/captured asteroid particles are included in the numerator. No FoF background or unresolved material is discarded for the particle-level metrics.,BMF is bound_mass_kg / target_mass_kg for particles with negative Mars-centric orbital energy and apoapsis inside Mars's Hill sphere. energy_bound_mass_fraction is the negative-energy-only diagnostic. captured_mass_fraction is retained only as a backwards-compatible alias of bound_mass_fraction.
Ma_xp_A2000_n65_r13_v00_90000_fof_0.0080_0000.hdf5,Ma_xp_A2000_n65_r13_v00_90000.hdf5,A2000,n65,r13,v00,,90000,0.008,353,215036,9.988986437555434e+19,110,5.15456949658e+19,0.515649093238,4.23849539115e+19,0.424007534789,3.4380768377596426e+18,243,5.75777836201e+19,0.575992465211,6.659733099919229e+18,9.99627375316e+19,4.23849539115e+19,0.424007534789,/rds/general/user/nny124/home/irp-nny124/martian_moon_data/Ma_xp_A2000_n65_r13_v00_90000.hdf5,particle_level_raw_snapshot_parent_normalized,All raw asteroid particles in the physical snapshot are included in the denominator; all raw bound/captured asteroid particles are included in the numerator. No FoF background or unresolved material is discarded for the particle-level metrics.,BMF is bound_mass_kg / target_mass_kg for particles with negative Mars-centric orbital energy and apoapsis inside Mars's Hill sphere. energy_bound_mass_fraction is the negative-energy-only diagnostic. captured_mass_fraction is retained only as a backwards-compatible alias of bound_mass_fraction.
Ma_xp_A2000_n65_r14_v00_90000_fof_0.0010_0000.hdf5,Ma_xp_A2000_n65_r14_v00_90000.hdf5,A2000,n65,r14,v00,,90000,0.001,0,0,0.0,0,5.12403276396e+19,0.512594281678,4.36381987618e+19,0.436544654932,0.0,0,5.6324538769799995e+19,0.563455345068,0.0,9.99627375316e+19,4.36381987618e+19,0.436544654932,/rds/general/user/nny124/home/irp-nny124/martian_moon_data/Ma_xp_A2000_n65_r14_v00_90000.hdf5,particle_level_raw_snapshot_parent_normalized,All raw asteroid particles in the physical snapshot are included in the denominator; all raw bound/captured asteroid particles are included in the numerator. No FoF background or unresolved material is discarded for the particle-level metrics.,BMF is bound_mass_kg / target_mass_kg for particles with negative Mars-centric orbital energy and apoapsis inside Mars's Hill sphere. energy_bound_mass_fraction is the negative-energy-only diagnostic. captured_mass_fraction is retained only as a backwards-compatible alias of bound_mass_fraction.
Ma_xp_A2000_n65_r14_v00_90000_fof_0.0020_0000.hdf5,Ma_xp_A2000_n65_r14_v00_90000.hdf5,A2000,n65,r14,v00,,90000,0.002,5849,14791,1.208585653053645e+19,1443,5.12403276396e+19,0.512594281678,4.36381987618e+19,0.436544654932,5.224692488472764e+16,4406,5.6324538769799995e+19,0.563455345068,4.580819596738193e+17,9.99627375316e+19,4.36381987618e+19,0.436544654932,/rds/general/user/nny124/home/irp-nny124/martian_moon_data/Ma_xp_A2000_n65_r14_v00_90000.hdf5,particle_level_raw_snapshot_parent_normalized,All raw asteroid particles in the physical snapshot are included in the denominator; all raw bound/captured asteroid particles are included in the numerator. No FoF background or unresolved material is discarded for the particle-level metrics.,BMF is bound_mass_kg / target_mass_kg for particles with negative Mars-centric orbital energy and apoapsis inside Mars's Hill sphere. energy_bound_mass_fraction is the negative-energy-only diagnostic. captured_mass_fraction is retained only as a backwards-compatible alias of bound_mass_fraction.
Ma_xp_A2000_n65_r14_v00_90000_fof_0.0030_0000.hdf5,Ma_xp_A2000_n65_r14_v00_90000.hdf5,A2000,n65,r14,v00,,90000,0.003,294,259332,9.985731457240174e+19,92,5.12403276396e+19,0.512594281678,4.36381987618e+19,0.436544654932,2.720432650783778e+18,202,5.6324538769799995e+19,0.563455345068,8.031594264549319e+18,9.99627375316e+19,4.36381987618e+19,0.436544654932,/rds/general/user/nny124/home/irp-nny124/martian_moon_data/Ma_xp_A2000_n65_r14_v00_90000.hdf5,particle_level_raw_snapshot_parent_normalized,All raw asteroid particles in the physical snapshot are included in the denominator; all raw bound/captured asteroid particles are included in the numerator. No FoF background or unresolved material is discarded for the particle-level metrics.,BMF is bound_mass_kg / target_mass_kg for particles with negative Mars-centric orbital energy and apoapsis inside Mars's Hill sphere. energy_bound_mass_fraction is the negative-energy-only diagnostic. captured_mass_fraction is retained only as a backwards-compatible alias of bound_mass_fraction.
Ma_xp_A2000_n65_r14_v00_90000_fof_0.0035_0000.hdf5,Ma_xp_A2000_n65_r14_v00_90000.hdf5,A2000,n65,r14,v00,,90000,0.0035,292,259335,9.987066277905572e+19,91,5.12403276396e+19,0.512594281678,4.36381987618e+19,0.436544654932,2.720773324271467e+18,201,5.6324538769799995e+19,0.563455345068,8.031687175500508e+18,9.99627375316e+19,4.36381987618e+19,0.436544654932,/rds/general/user/nny124/home/irp-nny124/martian_moon_data/Ma_xp_A2000_n65_r14_v00_90000.hdf5,particle_level_raw_snapshot_parent_normalized,All raw asteroid particles in the physical snapshot are included in the denominator; all raw bound/captured asteroid particles are included in the numerator. No FoF background or unresolved material is discarded for the particle-level metrics.,BMF is bound_mass_kg / target_mass_kg for particles with negative Mars-centric orbital energy and apoapsis inside Mars's Hill sphere. energy_bound_mass_fraction is the negative-energy-only diagnostic. captured_mass_fraction is retained only as a backwards-compatible alias of bound_mass_fraction.
Ma_xp_A2000_n65_r14_v00_90000_fof_0.0040_0000.hdf5,Ma_xp_A2000_n65_r14_v00_90000.hdf5,A2000,n65,r14,v00,,90000,0.004,291,259346,9.987821953641905e+19,91,5.12403276396e+19,0.512594281678,4.36381987618e+19,0.436544654932,2.721578552515096e+18,200,5.6324538769799995e+19,0.563455345068,8.032027848988203e+18,9.99627375316e+19,4.36381987618e+19,0.436544654932,/rds/general/user/nny124/home/irp-nny124/martian_moon_data/Ma_xp_A2000_n65_r14_v00_90000.hdf5,particle_level_raw_snapshot_parent_normalized,All raw asteroid particles in the physical snapshot are included in the denominator; all raw bound/captured asteroid particles are included in the numerator. No FoF background or unresolved material is discarded for the particle-level metrics.,BMF is bound_mass_kg / target_mass_kg for particles with negative Mars-centric orbital energy and apoapsis inside Mars's Hill sphere. energy_bound_mass_fraction is the negative-energy-only diagnostic. captured_mass_fraction is retained only as a backwards-compatible alias of bound_mass_fraction.
Ma_xp_A2000_n65_r14_v00_90000_fof_0.0045_0000.hdf5,Ma_xp_A2000_n65_r14_v00_90000.hdf5,A2000,n65,r14,v00,,90000,0.0045,293,259346,9.988370128253914e+19,91,5.12403276396e+19,0.512594281678,4.36381987618e+19,0.436544654932,2.7217334041004093e+18,202,5.6324538769799995e+19,0.563455345068,8.032027848988203e+18,9.99627375316e+19,4.36381987618e+19,0.436544654932,/rds/general/user/nny124/home/irp-nny124/martian_moon_data/Ma_xp_A2000_n65_r14_v00_90000.hdf5,particle_level_raw_snapshot_parent_normalized,All raw asteroid particles in the physical snapshot are included in the denominator; all raw bound/captured asteroid particles are included in the numerator. No FoF background or unresolved material is discarded for the particle-level metrics.,BMF is bound_mass_kg / target_mass_kg for particles with negative Mars-centric orbital energy and apoapsis inside Mars's Hill sphere. energy_bound_mass_fraction is the negative-energy-only diagnostic. captured_mass_fraction is retained only as a backwards-compatible alias of bound_mass_fraction.
Ma_xp_A2000_n65_r14_v00_90000_fof_0.0050_0000.hdf5,Ma_xp_A2000_n65_r14_v00_90000.hdf5,A2000,n65,r14,v00,,90000,0.005,293,259351,9.988726286900134e+19,91,5.12403276396e+19,0.512594281678,4.36381987618e+19,0.436544654932,2.7218263150515973e+18,202,5.6324538769799995e+19,0.563455345068,8.032182700573519e+18,9.99627375316e+19,4.36381987618e+19,0.436544654932,/rds/general/user/nny124/home/irp-nny124/martian_moon_data/Ma_xp_A2000_n65_r14_v00_90000.hdf5,particle_level_raw_snapshot_parent_normalized,All raw asteroid particles in the physical snapshot are included in the denominator; all raw bound/captured asteroid particles are included in the numerator. No FoF background or unresolved material is discarded for the particle-level metrics.,BMF is bound_mass_kg / target_mass_kg for particles with negative Mars-centric orbital energy and apoapsis inside Mars's Hill sphere. energy_bound_mass_fraction is the negative-energy-only diagnostic. captured_mass_fraction is retained only as a backwards-compatible alias of bound_mass_fraction.
Ma_xp_A2000_n65_r14_v00_90000_fof_0.0060_0000.hdf5,Ma_xp_A2000_n65_r14_v00_90000.hdf5,A2000,n65,r14,v00,,90000,0.006,292,259351,9.989014310848818e+19,91,5.12403276396e+19,0.512594281678,4.36381987618e+19,0.436544654932,2.722043107271036e+18,201,5.6324538769799995e+19,0.563455345068,8.032182700573519e+18,9.99627375316e+19,4.36381987618e+19,0.436544654932,/rds/general/user/nny124/home/irp-nny124/martian_moon_data/Ma_xp_A2000_n65_r14_v00_90000.hdf5,particle_level_raw_snapshot_parent_normalized,All raw asteroid particles in the physical snapshot are included in the denominator; all raw bound/captured asteroid particles are included in the numerator. No FoF background or unresolved material is discarded for the particle-level metrics.,BMF is bound_mass_kg / target_mass_kg for particles with negative Mars-centric orbital energy and apoapsis inside Mars's Hill sphere. energy_bound_mass_fraction is the negative-energy-only diagnostic. captured_mass_fraction is retained only as a backwards-compatible alias of bound_mass_fraction.
Ma_xp_A2000_n65_r14_v00_90000_fof_0.0080_0000.hdf5,Ma_xp_A2000_n65_r14_v00_90000.hdf5,A2000,n65,r14,v00,,90000,0.008,290,259351,9.989602746873034e+19,90,5.12403276396e+19,0.512594281678,4.36381987618e+19,0.436544654932,2.722290869807537e+18,200,5.6324538769799995e+19,0.563455345068,8.032182700573519e+18,9.99627375316e+19,4.36381987618e+19,0.436544654932,/rds/general/user/nny124/home/irp-nny124/martian_moon_data/Ma_xp_A2000_n65_r14_v00_90000.hdf5,particle_level_raw_snapshot_parent_normalized,All raw asteroid particles in the physical snapshot are included in the denominator; all raw bound/captured asteroid particles are included in the numerator. No FoF background or unresolved material is discarded for the particle-level metrics.,BMF is bound_mass_kg / target_mass_kg for particles with negative Mars-centric orbital energy and apoapsis inside Mars's Hill sphere. energy_bound_mass_fraction is the negative-energy-only diagnostic. captured_mass_fraction is retained only as a backwards-compatible alias of bound_mass_fraction.
Ma_xp_A2000_n65_r14_v02_90000_fof_0.0040_0000.hdf5,Ma_xp_A2000_n65_r14_v02_90000.hdf5,A2000,n65,r14,v02,,90000,0.004,322,355594,9.987035307592068e+19,88,4.51447498353e+19,0.451615781541,4.10351436127e+19,0.410504400199,1.9516564703374676e+18,234,5.8927593918899995e+19,0.5894955998010001,1.101285892562483e+19,9.99627375316e+19,4.10351436127e+19,0.410504400199,/rds/general/user/nny124/home/irp-nny124/martian_moon_data/Ma_xp_A2000_n65_r14_v02_90000.hdf5,particle_level_raw_snapshot_parent_normalized,All raw asteroid particles in the physical snapshot are included in the denominator; all raw bound/captured asteroid particles are included in the numerator. No FoF background or unresolved material is discarded for the particle-level metrics.,BMF is bound_mass_kg / target_mass_kg for particles with negative Mars-centric orbital energy and apoapsis inside Mars's Hill sphere. energy_bound_mass_fraction is the negative-energy-only diagnostic. captured_mass_fraction is retained only as a backwards-compatible alias of bound_mass_fraction.
Ma_xp_A2000_n65_r14_v04_90000_fof_0.0040_0000.hdf5,Ma_xp_A2000_n65_r14_v04_90000.hdf5,A2000,n65,r14,v04,,90000,0.004,294,262338,9.987998484453772e+19,67,3.79350768153e+19,0.379492176305,3.53935287159e+19,0.354067221345,2.5810971943188884e+18,227,6.45692088157e+19,0.645932778655,8.124691037641202e+18,9.99627375316e+19,3.53935287159e+19,0.354067221345,/rds/general/user/nny124/home/irp-nny124/martian_moon_data/Ma_xp_A2000_n65_r14_v04_90000.hdf5,particle_level_raw_snapshot_parent_normalized,All raw asteroid particles in the physical snapshot are included in the denominator; all raw bound/captured asteroid particles are included in the numerator. No FoF background or unresolved material is discarded for the particle-level metrics.,BMF is bound_mass_kg / target_mass_kg for particles with negative Mars-centric orbital energy and apoapsis inside Mars's Hill sphere. energy_bound_mass_fraction is the negative-energy-only diagnostic. captured_mass_fraction is retained only as a backwards-compatible alias of bound_mass_fraction.
Ma_xp_A2000_n65_r14_v06_90000_fof_0.0040_0000.hdf5,Ma_xp_A2000_n65_r14_v06_90000.hdf5,A2000,n65,r14,v06,,90000,0.004,273,444062,9.987633034710391e+19,29,2.72715630662e+19,0.272817289118,2.48852691662e+19,0.248945454883,1.545140088573045e+18,244,7.50774683654e+19,0.751054545117,1.3752740935478583e+19,9.99627375316e+19,2.48852691662e+19,0.248945454883,/rds/general/user/nny124/home/irp-nny124/martian_moon_data/Ma_xp_A2000_n65_r14_v06_90000.hdf5,particle_level_raw_snapshot_parent_normalized,All raw asteroid particles in the physical snapshot are included in the denominator; all raw bound/captured asteroid particles are included in the numerator. No FoF background or unresolved material is discarded for the particle-level metrics.,BMF is bound_mass_kg / target_mass_kg for particles with negative Mars-centric orbital energy and apoapsis inside Mars's Hill sphere. energy_bound_mass_fraction is the negative-energy-only diagnostic. captured_mass_fraction is retained only as a backwards-compatible alias of bound_mass_fraction.
Ma_xp_A2000_n65_r14_v08_90000_fof_0.0040_0000.hdf5,Ma_xp_A2000_n65_r14_v08_90000.hdf5,A2000,n65,r14,v08,,90000,0.004,239,520557,9.988456845135117e+19,0,1.50792615559e+19,0.150848825555,1.25631710571e+19,0.125678541498,0.0,239,8.73995664745e+19,0.874321458502,1.612181533914729e+19,9.99627375316e+19,1.25631710571e+19,0.125678541498,/rds/general/user/nny124/home/irp-nny124/martian_moon_data/Ma_xp_A2000_n65_r14_v08_90000.hdf5,particle_level_raw_snapshot_parent_normalized,All raw asteroid particles in the physical snapshot are included in the denominator; all raw bound/captured asteroid particles are included in the numerator. No FoF background or unresolved material is discarded for the particle-level metrics.,BMF is bound_mass_kg / target_mass_kg for particles with negative Mars-centric orbital energy and apoapsis inside Mars's Hill sphere. energy_bound_mass_fraction is the negative-energy-only diagnostic. captured_mass_fraction is retained only as a backwards-compatible alias of bound_mass_fraction.
Ma_xp_A2000_n65_r14_v10_90000_fof_0.0040_0000.hdf5,Ma_xp_A2000_n65_r14_v10_90000.hdf5,A2000,n65,r14,v10,,90000,0.004,216,723756,9.989426216050056e+19,0,2.33181711228e+18,0.0233268632879,1.2927010342e+17,0.00129318290607,0.0,216,9.983346742818e+19,0.99870681709393,2.241495279585789e+19,9.99627375316e+19,1.2927010342e+17,0.00129318290607,/rds/general/user/nny124/home/irp-nny124/martian_moon_data/Ma_xp_A2000_n65_r14_v10_90000.hdf5,particle_level_raw_snapshot_parent_normalized,All raw asteroid particles in the physical snapshot are included in the denominator; all raw bound/captured asteroid particles are included in the numerator. No FoF background or unresolved material is discarded for the particle-level metrics.,BMF is bound_mass_kg / target_mass_kg for particles with negative Mars-centric orbital energy and apoapsis inside Mars's Hill sphere. energy_bound_mass_fraction is the negative-energy-only diagnostic. captured_mass_fraction is retained only as a backwards-compatible alias of bound_mass_fraction.
Ma_xp_A2000_n65_r15_v00_90000_fof_0.0010_0000.hdf5,Ma_xp_A2000_n65_r15_v00_90000.hdf5,A2000,n65,r15,v00,,90000,0.001,0,0,0.0,0,4.40676641485e+19,0.440840909689,4.27836657734e+19,0.42799613966,0.0,0,5.71790717582e+19,0.57200386034,0.0,9.99627375316e+19,4.27836657734e+19,0.42799613966,/rds/general/user/nny124/home/irp-nny124/martian_moon_data/Ma_xp_A2000_n65_r15_v00_90000.hdf5,particle_level_raw_snapshot_parent_normalized,All raw asteroid particles in the physical snapshot are included in the denominator; all raw bound/captured asteroid particles are included in the numerator. No FoF background or unresolved material is discarded for the particle-level metrics.,BMF is bound_mass_kg / target_mass_kg for particles with negative Mars-centric orbital energy and apoapsis inside Mars's Hill sphere. energy_bound_mass_fraction is the negative-energy-only diagnostic. captured_mass_fraction is retained only as a backwards-compatible alias of bound_mass_fraction.
Ma_xp_A2000_n65_r15_v00_90000_fof_0.0020_0000.hdf5,Ma_xp_A2000_n65_r15_v00_90000.hdf5,A2000,n65,r15,v00,,90000,0.002,4797,16783,1.1073529776709026e+19,1185,4.40676641485e+19,0.440840909689,4.27836657734e+19,0.42799613966,1.0644497974440365e+17,3612,5.71790717582e+19,0.57200386034,5.197748312626301e+17,9.99627375316e+19,4.27836657734e+19,0.42799613966,/rds/general/user/nny124/home/irp-nny124/martian_moon_data/Ma_xp_A2000_n65_r15_v00_90000.hdf5,particle_level_raw_snapshot_parent_normalized,All raw asteroid particles in the physical snapshot are included in the denominator; all raw bound/captured asteroid particles are included in the numerator. No FoF background or unresolved material is discarded for the particle-level metrics.,BMF is bound_mass_kg / target_mass_kg for particles with negative Mars-centric orbital energy and apoapsis inside Mars's Hill sphere. energy_bound_mass_fraction is the negative-energy-only diagnostic. captured_mass_fraction is retained only as a backwards-compatible alias of bound_mass_fraction.
Ma_xp_A2000_n65_r15_v00_90000_fof_0.0030_0000.hdf5,Ma_xp_A2000_n65_r15_v00_90000.hdf5,A2000,n65,r15,v00,,90000,0.003,294,496146,9.98544653031817e+19,72,4.40676641485e+19,0.440840909689,4.27836657734e+19,0.42799613966,2.6865201536001695e+18,222,5.71790717582e+19,0.57200386034,1.5365798929343291e+19,9.99627375316e+19,4.27836657734e+19,0.42799613966,/rds/general/user/nny124/home/irp-nny124/martian_moon_data/Ma_xp_A2000_n65_r15_v00_90000.hdf5,particle_level_raw_snapshot_parent_normalized,All raw asteroid particles in the physical snapshot are included in the denominator; all raw bound/captured asteroid particles are included in the numerator. No FoF background or unresolved material is discarded for the particle-level metrics.,BMF is bound_mass_kg / target_mass_kg for particles with negative Mars-centric orbital energy and apoapsis inside Mars's Hill sphere. energy_bound_mass_fraction is the negative-energy-only diagnostic. captured_mass_fraction is retained only as a backwards-compatible alias of bound_mass_fraction.
Ma_xp_A2000_n65_r15_v00_90000_fof_0.0035_0000.hdf5,Ma_xp_A2000_n65_r15_v00_90000.hdf5,A2000,n65,r15,v00,,90000,0.0035,295,496147,9.986886650061585e+19,72,4.40676641485e+19,0.440840909689,4.27836657734e+19,0.42799613966,2.686551123917232e+18,223,5.71790717582e+19,0.57200386034,1.5365829899660356e+19,9.99627375316e+19,4.27836657734e+19,0.42799613966,/rds/general/user/nny124/home/irp-nny124/martian_moon_data/Ma_xp_A2000_n65_r15_v00_90000.hdf5,particle_level_raw_snapshot_parent_normalized,All raw asteroid particles in the physical snapshot are included in the denominator; all raw bound/captured asteroid particles are included in the numerator. No FoF background or unresolved material is discarded for the particle-level metrics.,BMF is bound_mass_kg / target_mass_kg for particles with negative Mars-centric orbital energy and apoapsis inside Mars's Hill sphere. energy_bound_mass_fraction is the negative-energy-only diagnostic. captured_mass_fraction is retained only as a backwards-compatible alias of bound_mass_fraction.
Ma_xp_A2000_n65_r15_v00_90000_fof_0.0040_0000.hdf5,Ma_xp_A2000_n65_r15_v00_90000.hdf5,A2000,n65,r15,v00,,90000,0.004,293,496147,9.987533929688216e+19,72,4.40676641485e+19,0.440840909689,4.27836657734e+19,0.42799613966,2.6867059755025454e+18,221,5.71790717582e+19,0.57200386034,1.5365829899660356e+19,9.99627375316e+19,4.27836657734e+19,0.42799613966,/rds/general/user/nny124/home/irp-nny124/martian_moon_data/Ma_xp_A2000_n65_r15_v00_90000.hdf5,particle_level_raw_snapshot_parent_normalized,All raw asteroid particles in the physical snapshot are included in the denominator; all raw bound/captured asteroid particles are included in the numerator. No FoF background or unresolved material is discarded for the particle-level metrics.,BMF is bound_mass_kg / target_mass_kg for particles with negative Mars-centric orbital energy and apoapsis inside Mars's Hill sphere. energy_bound_mass_fraction is the negative-energy-only diagnostic. captured_mass_fraction is retained only as a backwards-compatible alias of bound_mass_fraction.
Ma_xp_A2000_n65_r15_v00_90000_fof_0.0045_0000.hdf5,Ma_xp_A2000_n65_r15_v00_90000.hdf5,A2000,n65,r15,v00,,90000,0.0045,292,496147,9.988054231014864e+19,72,4.40676641485e+19,0.440840909689,4.27836657734e+19,0.42799613966,2.686829856770796e+18,220,5.71790717582e+19,0.57200386034,1.5365829899660356e+19,9.99627375316e+19,4.27836657734e+19,0.42799613966,/rds/general/user/nny124/home/irp-nny124/martian_moon_data/Ma_xp_A2000_n65_r15_v00_90000.hdf5,particle_level_raw_snapshot_parent_normalized,All raw asteroid particles in the physical snapshot are included in the denominator; all raw bound/captured asteroid particles are included in the numerator. No FoF background or unresolved material is discarded for the particle-level metrics.,BMF is bound_mass_kg / target_mass_kg for particles with negative Mars-centric orbital energy and apoapsis inside Mars's Hill sphere. energy_bound_mass_fraction is the negative-energy-only diagnostic. captured_mass_fraction is retained only as a backwards-compatible alias of bound_mass_fraction.
Ma_xp_A2000_n65_r15_v00_90000_fof_0.0050_0000.hdf5,Ma_xp_A2000_n65_r15_v00_90000.hdf5,A2000,n65,r15,v00,,90000,0.005,291,496150,9.98837632231232e+19,72,4.40676641485e+19,0.440840909689,4.27836657734e+19,0.42799613966,2.686922767721984e+18,219,5.71790717582e+19,0.57200386034,1.5365922810611542e+19,9.99627375316e+19,4.27836657734e+19,0.42799613966,/rds/general/user/nny124/home/irp-nny124/martian_moon_data/Ma_xp_A2000_n65_r15_v00_90000.hdf5,particle_level_raw_snapshot_parent_normalized,All raw asteroid particles in the physical snapshot are included in the denominator; all raw bound/captured asteroid particles are included in the numerator. No FoF background or unresolved material is discarded for the particle-level metrics.,BMF is bound_mass_kg / target_mass_kg for particles with negative Mars-centric orbital energy and apoapsis inside Mars's Hill sphere. energy_bound_mass_fraction is the negative-energy-only diagnostic. captured_mass_fraction is retained only as a backwards-compatible alias of bound_mass_fraction.
Ma_xp_A2000_n65_r15_v00_90000_fof_0.0060_0000.hdf5,Ma_xp_A2000_n65_r15_v00_90000.hdf5,A2000,n65,r15,v00,,90000,0.006,290,496150,9.9890081167804e+19,73,4.40676641485e+19,0.440840909689,4.27836657734e+19,0.42799613966,2.6869537380390467e+18,217,5.71790717582e+19,0.57200386034,1.5365922810611542e+19,9.99627375316e+19,4.27836657734e+19,0.42799613966,/rds/general/user/nny124/home/irp-nny124/martian_moon_data/Ma_xp_A2000_n65_r15_v00_90000.hdf5,particle_level_raw_snapshot_parent_normalized,All raw asteroid particles in the physical snapshot are included in the denominator; all raw bound/captured asteroid particles are included in the numerator. No FoF background or unresolved material is discarded for the particle-level metrics.,BMF is bound_mass_kg / target_mass_kg for particles with negative Mars-centric orbital energy and apoapsis inside Mars's Hill sphere. energy_bound_mass_fraction is the negative-energy-only diagnostic. captured_mass_fraction is retained only as a backwards-compatible alias of bound_mass_fraction.
Ma_xp_A2000_n65_r15_v00_90000_fof_0.0080_0000.hdf5,Ma_xp_A2000_n65_r15_v00_90000.hdf5,A2000,n65,r15,v00,,90000,0.008,289,496150,9.989491253726572e+19,73,4.40676641485e+19,0.440840909689,4.27836657734e+19,0.42799613966,2.6870466489902346e+18,216,5.71790717582e+19,0.57200386034,1.5365922810611542e+19,9.99627375316e+19,4.27836657734e+19,0.42799613966,/rds/general/user/nny124/home/irp-nny124/martian_moon_data/Ma_xp_A2000_n65_r15_v00_90000.hdf5,particle_level_raw_snapshot_parent_normalized,All raw asteroid particles in the physical snapshot are included in the denominator; all raw bound/captured asteroid particles are included in the numerator. No FoF background or unresolved material is discarded for the particle-level metrics.,BMF is bound_mass_kg / target_mass_kg for particles with negative Mars-centric orbital energy and apoapsis inside Mars's Hill sphere. energy_bound_mass_fraction is the negative-energy-only diagnostic. captured_mass_fraction is retained only as a backwards-compatible alias of bound_mass_fraction.
Ma_xp_A2000_n65_r16_v00_90000_fof_0.0010_0000.hdf5,Ma_xp_A2000_n65_r16_v00_90000.hdf5,A2000,n65,r16,v00,,90000,0.001,0,0,0.0,0,4.45892042878e+19,0.446058255194,4.03616321275e+19,0.403766774742,0.0,0,5.960110540409999e+19,0.596233225258,0.0,9.99627375316e+19,4.03616321275e+19,0.403766774742,/rds/general/user/nny124/home/irp-nny124/martian_moon_data/Ma_xp_A2000_n65_r16_v00_90000.hdf5,particle_level_raw_snapshot_parent_normalized,All raw asteroid particles in the physical snapshot are included in the denominator; all raw bound/captured asteroid particles are included in the numerator. No FoF background or unresolved material is discarded for the particle-level metrics.,BMF is bound_mass_kg / target_mass_kg for particles with negative Mars-centric orbital energy and apoapsis inside Mars's Hill sphere. energy_bound_mass_fraction is the negative-energy-only diagnostic. captured_mass_fraction is retained only as a backwards-compatible alias of bound_mass_fraction.
Ma_xp_A2000_n65_r16_v00_90000_fof_0.0020_0000.hdf5,Ma_xp_A2000_n65_r16_v00_90000.hdf5,A2000,n65,r16,v00,,90000,0.002,6319,15220,1.226344032857396e+19,1541,4.45892042878e+19,0.446058255194,4.03616321275e+19,0.403766774742,2.3422850794494176e+17,4778,5.960110540409999e+19,0.596233225258,4.713682256936987e+17,9.99627375316e+19,4.03616321275e+19,0.403766774742,/rds/general/user/nny124/home/irp-nny124/martian_moon_data/Ma_xp_A2000_n65_r16_v00_90000.hdf5,particle_level_raw_snapshot_parent_normalized,All raw asteroid particles in the physical snapshot are included in the denominator; all raw bound/captured asteroid particles are included in the numerator. No FoF background or unresolved material is discarded for the particle-level metrics.,BMF is bound_mass_kg / target_mass_kg for particles with negative Mars-centric orbital energy and apoapsis inside Mars's Hill sphere. energy_bound_mass_fraction is the negative-energy-only diagnostic. captured_mass_fraction is retained only as a backwards-compatible alias of bound_mass_fraction.
Ma_xp_A2000_n65_r16_v00_90000_fof_0.0030_0000.hdf5,Ma_xp_A2000_n65_r16_v00_90000.hdf5,A2000,n65,r16,v00,,90000,0.003,263,774358,9.985025333990946e+19,56,4.45892042878e+19,0.446058255194,4.03616321275e+19,0.403766774742,2.883274577899223e+18,207,5.960110540409999e+19,0.596233225258,2.39821127798365e+19,9.99627375316e+19,4.03616321275e+19,0.403766774742,/rds/general/user/nny124/home/irp-nny124/martian_moon_data/Ma_xp_A2000_n65_r16_v00_90000.hdf5,particle_level_raw_snapshot_parent_normalized,All raw asteroid particles in the physical snapshot are included in the denominator; all raw bound/captured asteroid particles are included in the numerator. No FoF background or unresolved material is discarded for the particle-level metrics.,BMF is bound_mass_kg / target_mass_kg for particles with negative Mars-centric orbital energy and apoapsis inside Mars's Hill sphere. energy_bound_mass_fraction is the negative-energy-only diagnostic. captured_mass_fraction is retained only as a backwards-compatible alias of bound_mass_fraction.
Ma_xp_A2000_n65_r16_v00_90000_fof_0.0035_0000.hdf5,Ma_xp_A2000_n65_r16_v00_90000.hdf5,A2000,n65,r16,v00,,90000,0.0035,261,774361,9.986601723129437e+19,55,4.45892042878e+19,0.446058255194,4.03616321275e+19,0.403766774742,2.8833984591674737e+18,206,5.960110540409999e+19,0.596233225258,2.398220569078769e+19,9.99627375316e+19,4.03616321275e+19,0.403766774742,/rds/general/user/nny124/home/irp-nny124/martian_moon_data/Ma_xp_A2000_n65_r16_v00_90000.hdf5,particle_level_raw_snapshot_parent_normalized,All raw asteroid particles in the physical snapshot are included in the denominator; all raw bound/captured asteroid particles are included in the numerator. No FoF background or unresolved material is discarded for the particle-level metrics.,BMF is bound_mass_kg / target_mass_kg for particles with negative Mars-centric orbital energy and apoapsis inside Mars's Hill sphere. energy_bound_mass_fraction is the negative-energy-only diagnostic. captured_mass_fraction is retained only as a backwards-compatible alias of bound_mass_fraction.
Ma_xp_A2000_n65_r16_v00_90000_fof_0.0040_0000.hdf5,Ma_xp_A2000_n65_r16_v00_90000.hdf5,A2000,n65,r16,v00,,90000,0.004,265,774367,9.9878684090973e+19,56,4.45892042878e+19,0.446058255194,4.03616321275e+19,0.403766774742,2.8833984591674737e+18,209,5.960110540409999e+19,0.596233225258,2.398239151269006e+19,9.99627375316e+19,4.03616321275e+19,0.403766774742,/rds/general/user/nny124/home/irp-nny124/martian_moon_data/Ma_xp_A2000_n65_r16_v00_90000.hdf5,particle_level_raw_snapshot_parent_normalized,All raw asteroid particles in the physical snapshot are included in the denominator; all raw bound/captured asteroid particles are included in the numerator. No FoF background or unresolved material is discarded for the particle-level metrics.,BMF is bound_mass_kg / target_mass_kg for particles with negative Mars-centric orbital energy and apoapsis inside Mars's Hill sphere. energy_bound_mass_fraction is the negative-energy-only diagnostic. captured_mass_fraction is retained only as a backwards-compatible alias of bound_mass_fraction.
Ma_xp_A2000_n65_r16_v00_90000_fof_0.0045_0000.hdf5,Ma_xp_A2000_n65_r16_v00_90000.hdf5,A2000,n65,r16,v00,,90000,0.0045,266,774368,9.988500203565375e+19,56,4.45892042878e+19,0.446058255194,4.03616321275e+19,0.403766774742,2.8833984591674737e+18,210,5.960110540409999e+19,0.596233225258,2.3982422483007123e+19,9.99627375316e+19,4.03616321275e+19,0.403766774742,/rds/general/user/nny124/home/irp-nny124/martian_moon_data/Ma_xp_A2000_n65_r16_v00_90000.hdf5,particle_level_raw_snapshot_parent_normalized,All raw asteroid particles in the physical snapshot are included in the denominator; all raw bound/captured asteroid particles are included in the numerator. No FoF background or unresolved material is discarded for the particle-level metrics.,BMF is bound_mass_kg / target_mass_kg for particles with negative Mars-centric orbital energy and apoapsis inside Mars's Hill sphere. energy_bound_mass_fraction is the negative-energy-only diagnostic. captured_mass_fraction is retained only as a backwards-compatible alias of bound_mass_fraction.
Ma_xp_A2000_n65_r16_v00_90000_fof_0.0050_0000.hdf5,Ma_xp_A2000_n65_r16_v00_90000.hdf5,A2000,n65,r16,v00,,90000,0.005,267,774369,9.988809906736003e+19,56,4.45892042878e+19,0.446058255194,4.03616321275e+19,0.403766774742,2.8833984591674737e+18,211,5.960110540409999e+19,0.596233225258,2.3982453453324186e+19,9.99627375316e+19,4.03616321275e+19,0.403766774742,/rds/general/user/nny124/home/irp-nny124/martian_moon_data/Ma_xp_A2000_n65_r16_v00_90000.hdf5,particle_level_raw_snapshot_parent_normalized,All raw asteroid particles in the physical snapshot are included in the denominator; all raw bound/captured asteroid particles are included in the numerator. No FoF background or unresolved material is discarded for the particle-level metrics.,BMF is bound_mass_kg / target_mass_kg for particles with negative Mars-centric orbital energy and apoapsis inside Mars's Hill sphere. energy_bound_mass_fraction is the negative-energy-only diagnostic. captured_mass_fraction is retained only as a backwards-compatible alias of bound_mass_fraction.
Ma_xp_A2000_n65_r16_v00_90000_fof_0.0060_0000.hdf5,Ma_xp_A2000_n65_r16_v00_90000.hdf5,A2000,n65,r16,v00,,90000,0.006,265,774369,9.989333305094364e+19,56,4.45892042878e+19,0.446058255194,4.03616321275e+19,0.403766774742,2.8833984591674737e+18,209,5.960110540409999e+19,0.596233225258,2.3982453453324186e+19,9.99627375316e+19,4.03616321275e+19,0.403766774742,/rds/general/user/nny124/home/irp-nny124/martian_moon_data/Ma_xp_A2000_n65_r16_v00_90000.hdf5,particle_level_raw_snapshot_parent_normalized,All raw asteroid particles in the physical snapshot are included in the denominator; all raw bound/captured asteroid particles are included in the numerator. No FoF background or unresolved material is discarded for the particle-level metrics.,BMF is bound_mass_kg / target_mass_kg for particles with negative Mars-centric orbital energy and apoapsis inside Mars's Hill sphere. energy_bound_mass_fraction is the negative-energy-only diagnostic. captured_mass_fraction is retained only as a backwards-compatible alias of bound_mass_fraction.
Ma_xp_A2000_n65_r16_v00_90000_fof_0.0080_0000.hdf5,Ma_xp_A2000_n65_r16_v00_90000.hdf5,A2000,n65,r16,v00,,90000,0.008,258,774371,9.990154018496528e+19,55,4.45892042878e+19,0.446058255194,4.03616321275e+19,0.403766774742,2.8833984591674737e+18,203,5.960110540409999e+19,0.596233225258,2.398251539395831e+19,9.99627375316e+19,4.03616321275e+19,0.403766774742,/rds/general/user/nny124/home/irp-nny124/martian_moon_data/Ma_xp_A2000_n65_r16_v00_90000.hdf5,particle_level_raw_snapshot_parent_normalized,All raw asteroid particles in the physical snapshot are included in the denominator; all raw bound/captured asteroid particles are included in the numerator. No FoF background or unresolved material is discarded for the particle-level metrics.,BMF is bound_mass_kg / target_mass_kg for particles with negative Mars-centric orbital energy and apoapsis inside Mars's Hill sphere. energy_bound_mass_fraction is the negative-energy-only diagnostic. captured_mass_fraction is retained only as a backwards-compatible alias of bound_mass_fraction.
Ma_xp_A2000_n65_r16_v02_90000_fof_0.0040_0000.hdf5,Ma_xp_A2000_n65_r16_v02_90000.hdf5,A2000,n65,r16,v02,,90000,0.004,253,823009,9.988240052900348e+19,42,4.06466209851e+19,0.406617725653,3.69608125812e+19,0.369745902262,2.9722832691372964e+18,211,6.300192495039999e+19,0.630254097738,2.548884967522687e+19,9.99627375316e+19,3.69608125812e+19,0.369745902262,/rds/general/user/nny124/home/irp-nny124/martian_moon_data/Ma_xp_A2000_n65_r16_v02_90000.hdf5,particle_level_raw_snapshot_parent_normalized,All raw asteroid particles in the physical snapshot are included in the denominator; all raw bound/captured asteroid particles are included in the numerator. No FoF background or unresolved material is discarded for the particle-level metrics.,BMF is bound_mass_kg / target_mass_kg for particles with negative Mars-centric orbital energy and apoapsis inside Mars's Hill sphere. energy_bound_mass_fraction is the negative-energy-only diagnostic. captured_mass_fraction is retained only as a backwards-compatible alias of bound_mass_fraction.
Ma_xp_A2000_n65_r16_v04_90000_fof_0.0040_0000.hdf5,Ma_xp_A2000_n65_r16_v04_90000.hdf5,A2000,n65,r16,v04,,90000,0.004,209,924840,9.988320575722504e+19,23,3.33960981169e+19,0.334085469662,2.98316623855e+19,0.29842782543,3.1905930341119585e+18,186,7.01310751461e+19,0.70157217457,2.8642588031982055e+19,9.99627375316e+19,2.98316623855e+19,0.29842782543,/rds/general/user/nny124/home/irp-nny124/martian_moon_data/Ma_xp_A2000_n65_r16_v04_90000.hdf5,particle_level_raw_snapshot_parent_normalized,All raw asteroid particles in the physical snapshot are included in the denominator; all raw bound/captured asteroid particles are included in the numerator. No FoF background or unresolved material is discarded for the particle-level metrics.,BMF is bound_mass_kg / target_mass_kg for particles with negative Mars-centric orbital energy and apoapsis inside Mars's Hill sphere. energy_bound_mass_fraction is the negative-energy-only diagnostic. captured_mass_fraction is retained only as a backwards-compatible alias of bound_mass_fraction.
Ma_xp_A2000_n65_r16_v06_90000_fof_0.0040_0000.hdf5,Ma_xp_A2000_n65_r16_v06_90000.hdf5,A2000,n65,r16,v06,,90000,0.004,191,1035800,9.988927593926487e+19,0,2.3133866766e+19,0.231424902291,1.9581974013e+19,0.195892734599,0.0,191,8.038076351859999e+19,0.804107265401,3.2079054413197554e+19,9.99627375316e+19,1.9581974013e+19,0.195892734599,/rds/general/user/nny124/home/irp-nny124/martian_moon_data/Ma_xp_A2000_n65_r16_v06_90000.hdf5,particle_level_raw_snapshot_parent_normalized,All raw asteroid particles in the physical snapshot are included in the denominator; all raw bound/captured asteroid particles are included in the numerator. No FoF background or unresolved material is discarded for the particle-level metrics.,BMF is bound_mass_kg / target_mass_kg for particles with negative Mars-centric orbital energy and apoapsis inside Mars's Hill sphere. energy_bound_mass_fraction is the negative-energy-only diagnostic. captured_mass_fraction is retained only as a backwards-compatible alias of bound_mass_fraction.
Ma_xp_A2000_n65_r16_v08_90000_fof_0.0040_0000.hdf5,Ma_xp_A2000_n65_r16_v08_90000.hdf5,A2000,n65,r16,v08,,90000,0.004,152,1251650,9.989413827884818e+19,0,7.64489888565e+18,0.0764774862557,6.25303089622e+18,0.0625536179844,0.0,152,9.370970663538e+19,0.9374463820156,3.876399735106134e+19,9.99627375316e+19,6.25303089622e+18,0.0625536179844,/rds/general/user/nny124/home/irp-nny124/martian_moon_data/Ma_xp_A2000_n65_r16_v08_90000.hdf5,particle_level_raw_snapshot_parent_normalized,All raw asteroid particles in the physical snapshot are included in the denominator; all raw bound/captured asteroid particles are included in the numerator. No FoF background or unresolved material is discarded for the particle-level metrics.,BMF is bound_mass_kg / target_mass_kg for particles with negative Mars-centric orbital energy and apoapsis inside Mars's Hill sphere. energy_bound_mass_fraction is the negative-energy-only diagnostic. captured_mass_fraction is retained only as a backwards-compatible alias of bound_mass_fraction.
Ma_xp_A2000_n65_r16_v10_90000_fof_0.0040_0000.hdf5,Ma_xp_A2000_n65_r16_v10_90000.hdf5,A2000,n65,r16,v10,,90000,0.004,232,1828576,9.944596682037058e+19,0,0.0,0.0,0.0,0.0,0.0,232,9.99627375316e+19,1.0,5.663157849245583e+19,9.99627375316e+19,0.0,0.0,/rds/general/user/nny124/home/irp-nny124/martian_moon_data/Ma_xp_A2000_n65_r16_v10_90000.hdf5,particle_level_raw_snapshot_parent_normalized,All raw asteroid particles in the physical snapshot are included in the denominator; all raw bound/captured asteroid particles are included in the numerator. No FoF background or unresolved material is discarded for the particle-level metrics.,BMF is bound_mass_kg / target_mass_kg for particles with negative Mars-centric orbital energy and apoapsis inside Mars's Hill sphere. energy_bound_mass_fraction is the negative-energy-only diagnostic. captured_mass_fraction is retained only as a backwards-compatible alias of bound_mass_fraction.
Ma_xp_A2000_n65_r17_v00_90000_fof_0.0010_0000.hdf5,Ma_xp_A2000_n65_r17_v00_90000.hdf5,A2000,n65,r17,v00,,90000,0.001,0,0,0.0,0,3.87861101579e+19,0.388005682073,3.35818580787e+19,0.335943761725,0.0,0,6.63808794529e+19,0.6640562382749999,0.0,9.99627375316e+19,3.35818580787e+19,0.335943761725,/rds/general/user/nny124/home/irp-nny124/martian_moon_data/Ma_xp_A2000_n65_r17_v00_90000.hdf5,particle_level_raw_snapshot_parent_normalized,All raw asteroid particles in the physical snapshot are included in the denominator; all raw bound/captured asteroid particles are included in the numerator. No FoF background or unresolved material is discarded for the particle-level metrics.,BMF is bound_mass_kg / target_mass_kg for particles with negative Mars-centric orbital energy and apoapsis inside Mars's Hill sphere. energy_bound_mass_fraction is the negative-energy-only diagnostic. captured_mass_fraction is retained only as a backwards-compatible alias of bound_mass_fraction.
Ma_xp_A2000_n65_r17_v00_90000_fof_0.0020_0000.hdf5,Ma_xp_A2000_n65_r17_v00_90000.hdf5,A2000,n65,r17,v00,,90000,0.002,4140,18999,9.501538423241802e+18,377,3.87861101579e+19,0.388005682073,3.35818580787e+19,0.335943761725,4.226828872712035e+17,3763,6.63808794529e+19,0.6640562382749999,5.884050538734758e+17,9.99627375316e+19,3.35818580787e+19,0.335943761725,/rds/general/user/nny124/home/irp-nny124/martian_moon_data/Ma_xp_A2000_n65_r17_v00_90000.hdf5,particle_level_raw_snapshot_parent_normalized,All raw asteroid particles in the physical snapshot are included in the denominator; all raw bound/captured asteroid particles are included in the numerator. No FoF background or unresolved material is discarded for the particle-level metrics.,BMF is bound_mass_kg / target_mass_kg for particles with negative Mars-centric orbital energy and apoapsis inside Mars's Hill sphere. energy_bound_mass_fraction is the negative-energy-only diagnostic. captured_mass_fraction is retained only as a backwards-compatible alias of bound_mass_fraction.
Ma_xp_A2000_n65_r17_v00_90000_fof_0.0030_0000.hdf5,Ma_xp_A2000_n65_r17_v00_90000.hdf5,A2000,n65,r17,v00,,90000,0.003,190,1357274,9.986911426271606e+19,22,3.87861101579e+19,0.388005682073,3.35818580787e+19,0.335943761725,5.080154018746471e+18,168,6.63808794529e+19,0.6640562382749999,4.203520612043324e+19,9.99627375316e+19,3.35818580787e+19,0.335943761725,/rds/general/user/nny124/home/irp-nny124/martian_moon_data/Ma_xp_A2000_n65_r17_v00_90000.hdf5,particle_level_raw_snapshot_parent_normalized,All raw asteroid particles in the physical snapshot are included in the denominator; all raw bound/captured asteroid particles are included in the numerator. No FoF background or unresolved material is discarded for the particle-level metrics.,BMF is bound_mass_kg / target_mass_kg for particles with negative Mars-centric orbital energy and apoapsis inside Mars's Hill sphere. energy_bound_mass_fraction is the negative-energy-only diagnostic. captured_mass_fraction is retained only as a backwards-compatible alias of bound_mass_fraction.
Ma_xp_A2000_n65_r17_v00_90000_fof_0.0035_0000.hdf5,Ma_xp_A2000_n65_r17_v00_90000.hdf5,A2000,n65,r17,v00,,90000,0.0035,189,1357294,9.988196694429707e+19,22,3.87861101579e+19,0.388005682073,3.35818580787e+19,0.335943761725,5.080154018746471e+18,167,6.63808794529e+19,0.6640562382749999,4.203582552677448e+19,9.99627375316e+19,3.35818580787e+19,0.335943761725,/rds/general/user/nny124/home/irp-nny124/martian_moon_data/Ma_xp_A2000_n65_r17_v00_90000.hdf5,particle_level_raw_snapshot_parent_normalized,All raw asteroid particles in the physical snapshot are included in the denominator; all raw bound/captured asteroid particles are included in the numerator. No FoF background or unresolved material is discarded for the particle-level metrics.,BMF is bound_mass_kg / target_mass_kg for particles with negative Mars-centric orbital energy and apoapsis inside Mars's Hill sphere. energy_bound_mass_fraction is the negative-energy-only diagnostic. captured_mass_fraction is retained only as a backwards-compatible alias of bound_mass_fraction.
Ma_xp_A2000_n65_r17_v00_90000_fof_0.0040_0000.hdf5,Ma_xp_A2000_n65_r17_v00_90000.hdf5,A2000,n65,r17,v00,,90000,0.004,187,1357307,9.98886565327826e+19,23,3.87861101579e+19,0.388005682073,3.35818580787e+19,0.335943761725,5.080154018746471e+18,164,6.63808794529e+19,0.6640562382749999,4.203622814089629e+19,9.99627375316e+19,3.35818580787e+19,0.335943761725,/rds/general/user/nny124/home/irp-nny124/martian_moon_data/Ma_xp_A2000_n65_r17_v00_90000.hdf5,particle_level_raw_snapshot_parent_normalized,All raw asteroid particles in the physical snapshot are included in the denominator; all raw bound/captured asteroid particles are included in the numerator. No FoF background or unresolved material is discarded for the particle-level metrics.,BMF is bound_mass_kg / target_mass_kg for particles with negative Mars-centric orbital energy and apoapsis inside Mars's Hill sphere. energy_bound_mass_fraction is the negative-energy-only diagnostic. captured_mass_fraction is retained only as a backwards-compatible alias of bound_mass_fraction.
Ma_xp_A2000_n65_r17_v00_90000_fof_0.0045_0000.hdf5,Ma_xp_A2000_n65_r17_v00_90000.hdf5,A2000,n65,r17,v00,,90000,0.0045,185,1357313,9.989246588178134e+19,23,3.87861101579e+19,0.388005682073,3.35818580787e+19,0.335943761725,5.080215959380598e+18,162,6.63808794529e+19,0.6640562382749999,4.203641396279866e+19,9.99627375316e+19,3.35818580787e+19,0.335943761725,/rds/general/user/nny124/home/irp-nny124/martian_moon_data/Ma_xp_A2000_n65_r17_v00_90000.hdf5,particle_level_raw_snapshot_parent_normalized,All raw asteroid particles in the physical snapshot are included in the denominator; all raw bound/captured asteroid particles are included in the numerator. No FoF background or unresolved material is discarded for the particle-level metrics.,BMF is bound_mass_kg / target_mass_kg for particles with negative Mars-centric orbital energy and apoapsis inside Mars's Hill sphere. energy_bound_mass_fraction is the negative-energy-only diagnostic. captured_mass_fraction is retained only as a backwards-compatible alias of bound_mass_fraction.
Ma_xp_A2000_n65_r17_v00_90000_fof_0.0050_0000.hdf5,Ma_xp_A2000_n65_r17_v00_90000.hdf5,A2000,n65,r17,v00,,90000,0.005,186,1357319,9.989646105268242e+19,24,3.87861101579e+19,0.388005682073,3.35818580787e+19,0.335943761725,5.080215959380598e+18,162,6.63808794529e+19,0.6640562382749999,4.2036599784701034e+19,9.99627375316e+19,3.35818580787e+19,0.335943761725,/rds/general/user/nny124/home/irp-nny124/martian_moon_data/Ma_xp_A2000_n65_r17_v00_90000.hdf5,particle_level_raw_snapshot_parent_normalized,All raw asteroid particles in the physical snapshot are included in the denominator; all raw bound/captured asteroid particles are included in the numerator. No FoF background or unresolved material is discarded for the particle-level metrics.,BMF is bound_mass_kg / target_mass_kg for particles with negative Mars-centric orbital energy and apoapsis inside Mars's Hill sphere. energy_bound_mass_fraction is the negative-energy-only diagnostic. captured_mass_fraction is retained only as a backwards-compatible alias of bound_mass_fraction.
Ma_xp_A2000_n65_r17_v00_90000_fof_0.0060_0000.hdf5,Ma_xp_A2000_n65_r17_v00_90000.hdf5,A2000,n65,r17,v00,,90000,0.006,186,1357321,9.989983681724226e+19,24,3.87861101579e+19,0.388005682073,3.35818580787e+19,0.335943761725,5.080308870331787e+18,162,6.63808794529e+19,0.6640562382749999,4.203666172533516e+19,9.99627375316e+19,3.35818580787e+19,0.335943761725,/rds/general/user/nny124/home/irp-nny124/martian_moon_data/Ma_xp_A2000_n65_r17_v00_90000.hdf5,particle_level_raw_snapshot_parent_normalized,All raw asteroid particles in the physical snapshot are included in the denominator; all raw bound/captured asteroid particles are included in the numerator. No FoF background or unresolved material is discarded for the particle-level metrics.,BMF is bound_mass_kg / target_mass_kg for particles with negative Mars-centric orbital energy and apoapsis inside Mars's Hill sphere. energy_bound_mass_fraction is the negative-energy-only diagnostic. captured_mass_fraction is retained only as a backwards-compatible alias of bound_mass_fraction.
Ma_xp_A2000_n65_r17_v00_90000_fof_0.0080_0000.hdf5,Ma_xp_A2000_n65_r17_v00_90000.hdf5,A2000,n65,r17,v00,,90000,0.008,185,1357324,9.990479206797228e+19,24,3.87861101579e+19,0.388005682073,3.35818580787e+19,0.335943761725,5.080308870331787e+18,161,6.63808794529e+19,0.6640562382749999,4.2036754636286345e+19,9.99627375316e+19,3.35818580787e+19,0.335943761725,/rds/general/user/nny124/home/irp-nny124/martian_moon_data/Ma_xp_A2000_n65_r17_v00_90000.hdf5,particle_level_raw_snapshot_parent_normalized,All raw asteroid particles in the physical snapshot are included in the denominator; all raw bound/captured asteroid particles are included in the numerator. No FoF background or unresolved material is discarded for the particle-level metrics.,BMF is bound_mass_kg / target_mass_kg for particles with negative Mars-centric orbital energy and apoapsis inside Mars's Hill sphere. energy_bound_mass_fraction is the negative-energy-only diagnostic. captured_mass_fraction is retained only as a backwards-compatible alias of bound_mass_fraction.
Ma_xp_A2000_n65_r18_v00_90000_fof_0.0010_0000.hdf5,Ma_xp_A2000_n65_r18_v00_90000.hdf5,A2000,n65,r18,v00,,90000,0.001,0,0,0.0,0,4.14916770565e+19,0.415071436428,2.46145885951e+19,0.246237640174,0.0,0,7.534814893649999e+19,0.753762359826,0.0,9.99627375316e+19,2.46145885951e+19,0.246237640174,/rds/general/user/nny124/home/irp-nny124/martian_moon_data/Ma_xp_A2000_n65_r18_v00_90000.hdf5,particle_level_raw_snapshot_parent_normalized,All raw asteroid particles in the physical snapshot are included in the denominator; all raw bound/captured asteroid particles are included in the numerator. No FoF background or unresolved material is discarded for the particle-level metrics.,BMF is bound_mass_kg / target_mass_kg for particles with negative Mars-centric orbital energy and apoapsis inside Mars's Hill sphere. energy_bound_mass_fraction is the negative-energy-only diagnostic. captured_mass_fraction is retained only as a backwards-compatible alias of bound_mass_fraction.
Ma_xp_A2000_n65_r18_v00_90000_fof_0.0020_0000.hdf5,Ma_xp_A2000_n65_r18_v00_90000.hdf5,A2000,n65,r18,v00,,90000,0.002,3714,20867,6.648800577965236e+18,0,4.14916770565e+19,0.415071436428,2.46145885951e+19,0.246237640174,0.0,3714,7.534814893649999e+19,0.753762359826,6.462576061465172e+17,9.99627375316e+19,2.46145885951e+19,0.246237640174,/rds/general/user/nny124/home/irp-nny124/martian_moon_data/Ma_xp_A2000_n65_r18_v00_90000.hdf5,particle_level_raw_snapshot_parent_normalized,All raw asteroid particles in the physical snapshot are included in the denominator; all raw bound/captured asteroid particles are included in the numerator. No FoF background or unresolved material is discarded for the particle-level metrics.,BMF is bound_mass_kg / target_mass_kg for particles with negative Mars-centric orbital energy and apoapsis inside Mars's Hill sphere. energy_bound_mass_fraction is the negative-energy-only diagnostic. captured_mass_fraction is retained only as a backwards-compatible alias of bound_mass_fraction.
Ma_xp_A2000_n65_r18_v00_90000_fof_0.0030_0000.hdf5,Ma_xp_A2000_n65_r18_v00_90000.hdf5,A2000,n65,r18,v00,,90000,0.003,114,2243087,9.984854997171518e+19,0,4.14916770565e+19,0.415071436428,2.46145885951e+19,0.246237640174,0.0,114,7.534814893649999e+19,0.753762359826,6.94691155882022e+19,9.99627375316e+19,2.46145885951e+19,0.246237640174,/rds/general/user/nny124/home/irp-nny124/martian_moon_data/Ma_xp_A2000_n65_r18_v00_90000.hdf5,particle_level_raw_snapshot_parent_normalized,All raw asteroid particles in the physical snapshot are included in the denominator; all raw bound/captured asteroid particles are included in the numerator. No FoF background or unresolved material is discarded for the particle-level metrics.,BMF is bound_mass_kg / target_mass_kg for particles with negative Mars-centric orbital energy and apoapsis inside Mars's Hill sphere. energy_bound_mass_fraction is the negative-energy-only diagnostic. captured_mass_fraction is retained only as a backwards-compatible alias of bound_mass_fraction.
Ma_xp_A2000_n65_r18_v00_90000_fof_0.0035_0000.hdf5,Ma_xp_A2000_n65_r18_v00_90000.hdf5,A2000,n65,r18,v00,,90000,0.0035,115,2243329,9.986338475358808e+19,0,4.14916770565e+19,0.415071436428,2.46145885951e+19,0.246237640174,0.0,115,7.534814893649999e+19,0.753762359826,6.947661040493124e+19,9.99627375316e+19,2.46145885951e+19,0.246237640174,/rds/general/user/nny124/home/irp-nny124/martian_moon_data/Ma_xp_A2000_n65_r18_v00_90000.hdf5,particle_level_raw_snapshot_parent_normalized,All raw asteroid particles in the physical snapshot are included in the denominator; all raw bound/captured asteroid particles are included in the numerator. No FoF background or unresolved material is discarded for the particle-level metrics.,BMF is bound_mass_kg / target_mass_kg for particles with negative Mars-centric orbital energy and apoapsis inside Mars's Hill sphere. energy_bound_mass_fraction is the negative-energy-only diagnostic. captured_mass_fraction is retained only as a backwards-compatible alias of bound_mass_fraction.
Ma_xp_A2000_n65_r18_v00_90000_fof_0.0040_0000.hdf5,Ma_xp_A2000_n65_r18_v00_90000.hdf5,A2000,n65,r18,v00,,90000,0.004,117,2243563,9.987602064294951e+19,0,4.14916770565e+19,0.415071436428,2.46145885951e+19,0.246237640174,0.0,117,7.534814893649999e+19,0.753762359826,6.948385745912378e+19,9.99627375316e+19,2.46145885951e+19,0.246237640174,/rds/general/user/nny124/home/irp-nny124/martian_moon_data/Ma_xp_A2000_n65_r18_v00_90000.hdf5,particle_level_raw_snapshot_parent_normalized,All raw asteroid particles in the physical snapshot are included in the denominator; all raw bound/captured asteroid particles are included in the numerator. No FoF background or unresolved material is discarded for the particle-level metrics.,BMF is bound_mass_kg / target_mass_kg for particles with negative Mars-centric orbital energy and apoapsis inside Mars's Hill sphere. energy_bound_mass_fraction is the negative-energy-only diagnostic. captured_mass_fraction is retained only as a backwards-compatible alias of bound_mass_fraction.
Ma_xp_A2000_n65_r18_v00_90000_fof_0.0045_0000.hdf5,Ma_xp_A2000_n65_r18_v00_90000.hdf5,A2000,n65,r18,v00,,90000,0.0045,115,2243717,9.988323672682504e+19,0,4.14916770565e+19,0.415071436428,2.46145885951e+19,0.246237640174,0.0,115,7.534814893649999e+19,0.753762359826,6.948862688795135e+19,9.99627375316e+19,2.46145885951e+19,0.246237640174,/rds/general/user/nny124/home/irp-nny124/martian_moon_data/Ma_xp_A2000_n65_r18_v00_90000.hdf5,particle_level_raw_snapshot_parent_normalized,All raw asteroid particles in the physical snapshot are included in the denominator; all raw bound/captured asteroid particles are included in the numerator. No FoF background or unresolved material is discarded for the particle-level metrics.,BMF is bound_mass_kg / target_mass_kg for particles with negative Mars-centric orbital energy and apoapsis inside Mars's Hill sphere. energy_bound_mass_fraction is the negative-energy-only diagnostic. captured_mass_fraction is retained only as a backwards-compatible alias of bound_mass_fraction.
Ma_xp_A2000_n65_r18_v00_90000_fof_0.0050_0000.hdf5,Ma_xp_A2000_n65_r18_v00_90000.hdf5,A2000,n65,r18,v00,,90000,0.005,116,2243886,9.988967855277397e+19,0,4.14916770565e+19,0.415071436428,2.46145885951e+19,0.246237640174,0.0,116,7.534814893649999e+19,0.753762359826,6.9493860871534854e+19,9.99627375316e+19,2.46145885951e+19,0.246237640174,/rds/general/user/nny124/home/irp-nny124/martian_moon_data/Ma_xp_A2000_n65_r18_v00_90000.hdf5,particle_level_raw_snapshot_parent_normalized,All raw asteroid particles in the physical snapshot are included in the denominator; all raw bound/captured asteroid particles are included in the numerator. No FoF background or unresolved material is discarded for the particle-level metrics.,BMF is bound_mass_kg / target_mass_kg for particles with negative Mars-centric orbital energy and apoapsis inside Mars's Hill sphere. energy_bound_mass_fraction is the negative-energy-only diagnostic. captured_mass_fraction is retained only as a backwards-compatible alias of bound_mass_fraction.
Ma_xp_A2000_n65_r18_v00_90000_fof_0.0060_0000.hdf5,Ma_xp_A2000_n65_r18_v00_90000.hdf5,A2000,n65,r18,v00,,90000,0.006,114,2244071,9.989875285567324e+19,0,4.14916770565e+19,0.415071436428,2.46145885951e+19,0.246237640174,0.0,114,7.534814893649999e+19,0.753762359826,6.949959038019135e+19,9.99627375316e+19,2.46145885951e+19,0.246237640174,/rds/general/user/nny124/home/irp-nny124/martian_moon_data/Ma_xp_A2000_n65_r18_v00_90000.hdf5,particle_level_raw_snapshot_parent_normalized,All raw asteroid particles in the physical snapshot are included in the denominator; all raw bound/captured asteroid particles are included in the numerator. No FoF background or unresolved material is discarded for the particle-level metrics.,BMF is bound_mass_kg / target_mass_kg for particles with negative Mars-centric orbital energy and apoapsis inside Mars's Hill sphere. energy_bound_mass_fraction is the negative-energy-only diagnostic. captured_mass_fraction is retained only as a backwards-compatible alias of bound_mass_fraction.
Ma_xp_A2000_n65_r18_v00_90000_fof_0.0080_0000.hdf5,Ma_xp_A2000_n65_r18_v00_90000.hdf5,A2000,n65,r18,v00,,90000,0.008,110,2244283,9.990931373379151e+19,0,4.14916770565e+19,0.415071436428,2.46145885951e+19,0.246237640174,0.0,110,7.534814893649999e+19,0.753762359826,6.9506156087408525e+19,9.99627375316e+19,2.46145885951e+19,0.246237640174,/rds/general/user/nny124/home/irp-nny124/martian_moon_data/Ma_xp_A2000_n65_r18_v00_90000.hdf5,particle_level_raw_snapshot_parent_normalized,All raw asteroid particles in the physical snapshot are included in the denominator; all raw bound/captured asteroid particles are included in the numerator. No FoF background or unresolved material is discarded for the particle-level metrics.,BMF is bound_mass_kg / target_mass_kg for particles with negative Mars-centric orbital energy and apoapsis inside Mars's Hill sphere. energy_bound_mass_fraction is the negative-energy-only diagnostic. captured_mass_fraction is retained only as a backwards-compatible alias of bound_mass_fraction.
Ma_xp_A2000_n65_r18_v02_90000_fof_0.0040_0000.hdf5,Ma_xp_A2000_n65_r18_v02_90000.hdf5,A2000,n65,r18,v02,,90000,0.004,97,2327034,9.988116171551374e+19,0,3.43700836182e+19,0.343828955338,1.88743022681e+19,0.188813379207,0.0,97,8.10884352635e+19,0.811186620793,7.2068980794618e+19,9.99627375316e+19,1.88743022681e+19,0.188813379207,/rds/general/user/nny124/home/irp-nny124/martian_moon_data/Ma_xp_A2000_n65_r18_v02_90000.hdf5,particle_level_raw_snapshot_parent_normalized,All raw asteroid particles in the physical snapshot are included in the denominator; all raw bound/captured asteroid particles are included in the numerator. No FoF background or unresolved material is discarded for the particle-level metrics.,BMF is bound_mass_kg / target_mass_kg for particles with negative Mars-centric orbital energy and apoapsis inside Mars's Hill sphere. energy_bound_mass_fraction is the negative-energy-only diagnostic. captured_mass_fraction is retained only as a backwards-compatible alias of bound_mass_fraction.
Ma_xp_A2000_n65_r18_v04_90000_fof_0.0040_0000.hdf5,Ma_xp_A2000_n65_r18_v04_90000.hdf5,A2000,n65,r18,v04,,90000,0.004,85,2413599,9.99283295083374e+19,0,1.69454709215e+19,0.16951787576,1.42814971587e+19,0.142868207808,0.0,85,8.56812403729e+19,0.857131792192,7.47499262911025e+19,9.99627375316e+19,1.42814971587e+19,0.142868207808,/rds/general/user/nny124/home/irp-nny124/martian_moon_data/Ma_xp_A2000_n65_r18_v04_90000.hdf5,particle_level_raw_snapshot_parent_normalized,All raw asteroid particles in the physical snapshot are included in the denominator; all raw bound/captured asteroid particles are included in the numerator. No FoF background or unresolved material is discarded for the particle-level metrics.,BMF is bound_mass_kg / target_mass_kg for particles with negative Mars-centric orbital energy and apoapsis inside Mars's Hill sphere. energy_bound_mass_fraction is the negative-energy-only diagnostic. captured_mass_fraction is retained only as a backwards-compatible alias of bound_mass_fraction.
Ma_xp_A2000_n65_r18_v06_90000_fof_0.0040_0000.hdf5,Ma_xp_A2000_n65_r18_v06_90000.hdf5,A2000,n65,r18,v06,,90000,0.004,111,2624570,9.984882870426778e+19,0,0.0,0.0,0.0,0.0,0.0,111,9.99627375316e+19,1.0,8.128376505202008e+19,9.99627375316e+19,0.0,0.0,/rds/general/user/nny124/home/irp-nny124/martian_moon_data/Ma_xp_A2000_n65_r18_v06_90000.hdf5,particle_level_raw_snapshot_parent_normalized,All raw asteroid particles in the physical snapshot are included in the denominator; all raw bound/captured asteroid particles are included in the numerator. No FoF background or unresolved material is discarded for the particle-level metrics.,BMF is bound_mass_kg / target_mass_kg for particles with negative Mars-centric orbital energy and apoapsis inside Mars's Hill sphere. energy_bound_mass_fraction is the negative-energy-only diagnostic. captured_mass_fraction is retained only as a backwards-compatible alias of bound_mass_fraction.
Ma_xp_A2000_n65_r18_v08_90000_fof_0.0040_0000.hdf5,Ma_xp_A2000_n65_r18_v08_90000.hdf5,A2000,n65,r18,v08,,90000,0.004,107,2665776,9.950716416638435e+19,0,0.0,0.0,0.0,0.0,0.0,107,9.99627375316e+19,1.0,8.255992793688279e+19,9.99627375316e+19,0.0,0.0,/rds/general/user/nny124/home/irp-nny124/martian_moon_data/Ma_xp_A2000_n65_r18_v08_90000.hdf5,particle_level_raw_snapshot_parent_normalized,All raw asteroid particles in the physical snapshot are included in the denominator; all raw bound/captured asteroid particles are included in the numerator. No FoF background or unresolved material is discarded for the particle-level metrics.,BMF is bound_mass_kg / target_mass_kg for particles with negative Mars-centric orbital energy and apoapsis inside Mars's Hill sphere. energy_bound_mass_fraction is the negative-energy-only diagnostic. captured_mass_fraction is retained only as a backwards-compatible alias of bound_mass_fraction.
Ma_xp_A2000_n65_r18_v10_90000_fof_0.0040_0000.hdf5,Ma_xp_A2000_n65_r18_v10_90000.hdf5,A2000,n65,r18,v10,,90000,0.004,8,2604691,9.99000226383038e+19,0,0.0,0.0,0.0,0.0,0.0,8,9.99627375316e+19,1.0,8.066810611914172e+19,9.99627375316e+19,0.0,0.0,/rds/general/user/nny124/home/irp-nny124/martian_moon_data/Ma_xp_A2000_n65_r18_v10_90000.hdf5,particle_level_raw_snapshot_parent_normalized,All raw asteroid particles in the physical snapshot are included in the denominator; all raw bound/captured asteroid particles are included in the numerator. No FoF background or unresolved material is discarded for the particle-level metrics.,BMF is bound_mass_kg / target_mass_kg for particles with negative Mars-centric orbital energy and apoapsis inside Mars's Hill sphere. energy_bound_mass_fraction is the negative-energy-only diagnostic. captured_mass_fraction is retained only as a backwards-compatible alias of bound_mass_fraction.
Ma_xp_A2000_n65_r19_v00_90000_fof_0.0010_0000.hdf5,Ma_xp_A2000_n65_r19_v00_90000.hdf5,A2000,n65,r19,v00,,90000,0.001,0,0,0.0,0,5.75424774586e+19,0.575639271988,3.30522346866e+19,0.330645553561,0.0,0,6.691050284499999e+19,0.669354446439,0.0,9.99627375316e+19,3.30522346866e+19,0.330645553561,/rds/general/user/nny124/home/irp-nny124/martian_moon_data/Ma_xp_A2000_n65_r19_v00_90000.hdf5,particle_level_raw_snapshot_parent_normalized,All raw asteroid particles in the physical snapshot are included in the denominator; all raw bound/captured asteroid particles are included in the numerator. No FoF background or unresolved material is discarded for the particle-level metrics.,BMF is bound_mass_kg / target_mass_kg for particles with negative Mars-centric orbital energy and apoapsis inside Mars's Hill sphere. energy_bound_mass_fraction is the negative-energy-only diagnostic. captured_mass_fraction is retained only as a backwards-compatible alias of bound_mass_fraction.
Ma_xp_A2000_n65_r19_v00_90000_fof_0.0020_0000.hdf5,Ma_xp_A2000_n65_r19_v00_90000.hdf5,A2000,n65,r19,v00,,90000,0.002,1388,5197,3.460313525412319e+18,0,5.75424774586e+19,0.575639271988,3.30522346866e+19,0.330645553561,0.0,1388,6.691050284499999e+19,0.669354446439,1.6095273777469766e+17,9.99627375316e+19,3.30522346866e+19,0.330645553561,/rds/general/user/nny124/home/irp-nny124/martian_moon_data/Ma_xp_A2000_n65_r19_v00_90000.hdf5,particle_level_raw_snapshot_parent_normalized,All raw asteroid particles in the physical snapshot are included in the denominator; all raw bound/captured asteroid particles are included in the numerator. No FoF background or unresolved material is discarded for the particle-level metrics.,BMF is bound_mass_kg / target_mass_kg for particles with negative Mars-centric orbital energy and apoapsis inside Mars's Hill sphere. energy_bound_mass_fraction is the negative-energy-only diagnostic. captured_mass_fraction is retained only as a backwards-compatible alias of bound_mass_fraction.
Ma_xp_A2000_n65_r19_v00_90000_fof_0.0030_0000.hdf5,Ma_xp_A2000_n65_r19_v00_90000.hdf5,A2000,n65,r19,v00,,90000,0.003,2,2642611,9.996273753035448e+19,0,5.75424774586e+19,0.575639271988,3.30522346866e+19,0.330645553561,0.0,2,6.691050284499999e+19,0.669354446439,8.184250054213822e+19,9.99627375316e+19,3.30522346866e+19,0.330645553561,/rds/general/user/nny124/home/irp-nny124/martian_moon_data/Ma_xp_A2000_n65_r19_v00_90000.hdf5,particle_level_raw_snapshot_parent_normalized,All raw asteroid particles in the physical snapshot are included in the denominator; all raw bound/captured asteroid particles are included in the numerator. No FoF background or unresolved material is discarded for the particle-level metrics.,BMF is bound_mass_kg / target_mass_kg for particles with negative Mars-centric orbital energy and apoapsis inside Mars's Hill sphere. energy_bound_mass_fraction is the negative-energy-only diagnostic. captured_mass_fraction is retained only as a backwards-compatible alias of bound_mass_fraction.
Ma_xp_A2000_n65_r19_v00_90000_fof_0.0035_0000.hdf5,Ma_xp_A2000_n65_r19_v00_90000.hdf5,A2000,n65,r19,v00,,90000,0.0035,2,2642611,9.996273753035448e+19,0,5.75424774586e+19,0.575639271988,3.30522346866e+19,0.330645553561,0.0,2,6.691050284499999e+19,0.669354446439,8.184250054213822e+19,9.99627375316e+19,3.30522346866e+19,0.330645553561,/rds/general/user/nny124/home/irp-nny124/martian_moon_data/Ma_xp_A2000_n65_r19_v00_90000.hdf5,particle_level_raw_snapshot_parent_normalized,All raw asteroid particles in the physical snapshot are included in the denominator; all raw bound/captured asteroid particles are included in the numerator. No FoF background or unresolved material is discarded for the particle-level metrics.,BMF is bound_mass_kg / target_mass_kg for particles with negative Mars-centric orbital energy and apoapsis inside Mars's Hill sphere. energy_bound_mass_fraction is the negative-energy-only diagnostic. captured_mass_fraction is retained only as a backwards-compatible alias of bound_mass_fraction.
Ma_xp_A2000_n65_r19_v00_90000_fof_0.0040_0000.hdf5,Ma_xp_A2000_n65_r19_v00_90000.hdf5,A2000,n65,r19,v00,,90000,0.004,2,2642611,9.996273753035448e+19,0,5.75424774586e+19,0.575639271988,3.30522346866e+19,0.330645553561,0.0,2,6.691050284499999e+19,0.669354446439,8.184250054213822e+19,9.99627375316e+19,3.30522346866e+19,0.330645553561,/rds/general/user/nny124/home/irp-nny124/martian_moon_data/Ma_xp_A2000_n65_r19_v00_90000.hdf5,particle_level_raw_snapshot_parent_normalized,All raw asteroid particles in the physical snapshot are included in the denominator; all raw bound/captured asteroid particles are included in the numerator. No FoF background or unresolved material is discarded for the particle-level metrics.,BMF is bound_mass_kg / target_mass_kg for particles with negative Mars-centric orbital energy and apoapsis inside Mars's Hill sphere. energy_bound_mass_fraction is the negative-energy-only diagnostic. captured_mass_fraction is retained only as a backwards-compatible alias of bound_mass_fraction.
Ma_xp_A2000_n65_r19_v00_90000_fof_0.0045_0000.hdf5,Ma_xp_A2000_n65_r19_v00_90000.hdf5,A2000,n65,r19,v00,,90000,0.0045,2,2642611,9.996273753035448e+19,0,5.75424774586e+19,0.575639271988,3.30522346866e+19,0.330645553561,0.0,2,6.691050284499999e+19,0.669354446439,8.184250054213822e+19,9.99627375316e+19,3.30522346866e+19,0.330645553561,/rds/general/user/nny124/home/irp-nny124/martian_moon_data/Ma_xp_A2000_n65_r19_v00_90000.hdf5,particle_level_raw_snapshot_parent_normalized,All raw asteroid particles in the physical snapshot are included in the denominator; all raw bound/captured asteroid particles are included in the numerator. No FoF background or unresolved material is discarded for the particle-level metrics.,BMF is bound_mass_kg / target_mass_kg for particles with negative Mars-centric orbital energy and apoapsis inside Mars's Hill sphere. energy_bound_mass_fraction is the negative-energy-only diagnostic. captured_mass_fraction is retained only as a backwards-compatible alias of bound_mass_fraction.
Ma_xp_A2000_n65_r19_v00_90000_fof_0.0050_0000.hdf5,Ma_xp_A2000_n65_r19_v00_90000.hdf5,A2000,n65,r19,v00,,90000,0.005,2,2642611,9.996273753035448e+19,0,5.75424774586e+19,0.575639271988,3.30522346866e+19,0.330645553561,0.0,2,6.691050284499999e+19,0.669354446439,8.184250054213822e+19,9.99627375316e+19,3.30522346866e+19,0.330645553561,/rds/general/user/nny124/home/irp-nny124/martian_moon_data/Ma_xp_A2000_n65_r19_v00_90000.hdf5,particle_level_raw_snapshot_parent_normalized,All raw asteroid particles in the physical snapshot are included in the denominator; all raw bound/captured asteroid particles are included in the numerator. No FoF background or unresolved material is discarded for the particle-level metrics.,BMF is bound_mass_kg / target_mass_kg for particles with negative Mars-centric orbital energy and apoapsis inside Mars's Hill sphere. energy_bound_mass_fraction is the negative-energy-only diagnostic. captured_mass_fraction is retained only as a backwards-compatible alias of bound_mass_fraction.
Ma_xp_A2000_n65_r19_v00_90000_fof_0.0060_0000.hdf5,Ma_xp_A2000_n65_r19_v00_90000.hdf5,A2000,n65,r19,v00,,90000,0.006,2,2642611,9.996273753035448e+19,0,5.75424774586e+19,0.575639271988,3.30522346866e+19,0.330645553561,0.0,2,6.691050284499999e+19,0.669354446439,8.184250054213822e+19,9.99627375316e+19,3.30522346866e+19,0.330645553561,/rds/general/user/nny124/home/irp-nny124/martian_moon_data/Ma_xp_A2000_n65_r19_v00_90000.hdf5,particle_level_raw_snapshot_parent_normalized,All raw asteroid particles in the physical snapshot are included in the denominator; all raw bound/captured asteroid particles are included in the numerator. No FoF background or unresolved material is discarded for the particle-level metrics.,BMF is bound_mass_kg / target_mass_kg for particles with negative Mars-centric orbital energy and apoapsis inside Mars's Hill sphere. energy_bound_mass_fraction is the negative-energy-only diagnostic. captured_mass_fraction is retained only as a backwards-compatible alias of bound_mass_fraction.
Ma_xp_A2000_n65_r19_v00_90000_fof_0.0080_0000.hdf5,Ma_xp_A2000_n65_r19_v00_90000.hdf5,A2000,n65,r19,v00,,90000,0.008,2,2642611,9.996273753035448e+19,0,5.75424774586e+19,0.575639271988,3.30522346866e+19,0.330645553561,0.0,2,6.691050284499999e+19,0.669354446439,8.184250054213822e+19,9.99627375316e+19,3.30522346866e+19,0.330645553561,/rds/general/user/nny124/home/irp-nny124/martian_moon_data/Ma_xp_A2000_n65_r19_v00_90000.hdf5,particle_level_raw_snapshot_parent_normalized,All raw asteroid particles in the physical snapshot are included in the denominator; all raw bound/captured asteroid particles are included in the numerator. No FoF background or unresolved material is discarded for the particle-level metrics.,BMF is bound_mass_kg / target_mass_kg for particles with negative Mars-centric orbital energy and apoapsis inside Mars's Hill sphere. energy_bound_mass_fraction is the negative-energy-only diagnostic. captured_mass_fraction is retained only as a backwards-compatible alias of bound_mass_fraction.
Ma_xp_A2000_n65_r20_v00_90000_fof_0.0010_0000.hdf5,Ma_xp_A2000_n65_r20_v00_90000.hdf5,A2000,n65,r20,v00,,90000,0.001,0,0,0.0,0,5.66488289598e+19,0.566699455804,1.66086996937e+19,0.166148908122,0.0,0,8.335403783789999e+19,0.833851091878,0.0,9.99627375316e+19,1.66086996937e+19,0.166148908122,/rds/general/user/nny124/home/irp-nny124/martian_moon_data/Ma_xp_A2000_n65_r20_v00_90000.hdf5,particle_level_raw_snapshot_parent_normalized,All raw asteroid particles in the physical snapshot are included in the denominator; all raw bound/captured asteroid particles are included in the numerator. No FoF background or unresolved material is discarded for the particle-level metrics.,BMF is bound_mass_kg / target_mass_kg for particles with negative Mars-centric orbital energy and apoapsis inside Mars's Hill sphere. energy_bound_mass_fraction is the negative-energy-only diagnostic. captured_mass_fraction is retained only as a backwards-compatible alias of bound_mass_fraction.
Ma_xp_A2000_n65_r20_v00_90000_fof_0.0020_0000.hdf5,Ma_xp_A2000_n65_r20_v00_90000.hdf5,A2000,n65,r20,v00,,90000,0.002,1296,3360,3.1313777878896886e+18,0,5.66488289598e+19,0.566699455804,1.66086996937e+19,0.166148908122,0.0,1296,8.335403783789999e+19,0.833851091878,1.0406026533057789e+17,9.99627375316e+19,1.66086996937e+19,0.166148908122,/rds/general/user/nny124/home/irp-nny124/martian_moon_data/Ma_xp_A2000_n65_r20_v00_90000.hdf5,particle_level_raw_snapshot_parent_normalized,All raw asteroid particles in the physical snapshot are included in the denominator; all raw bound/captured asteroid particles are included in the numerator. No FoF background or unresolved material is discarded for the particle-level metrics.,BMF is bound_mass_kg / target_mass_kg for particles with negative Mars-centric orbital energy and apoapsis inside Mars's Hill sphere. energy_bound_mass_fraction is the negative-energy-only diagnostic. captured_mass_fraction is retained only as a backwards-compatible alias of bound_mass_fraction.
Ma_xp_A2000_n65_r20_v00_90000_fof_0.0030_0000.hdf5,Ma_xp_A2000_n65_r20_v00_90000.hdf5,A2000,n65,r20,v00,,90000,0.003,5,2817032,9.996078640038027e+19,0,5.66488289598e+19,0.566699455804,1.66086996937e+19,0.166148908122,0.0,5,8.335403783789999e+19,0.833851091878,8.724437421443444e+19,9.99627375316e+19,1.66086996937e+19,0.166148908122,/rds/general/user/nny124/home/irp-nny124/martian_moon_data/Ma_xp_A2000_n65_r20_v00_90000.hdf5,particle_level_raw_snapshot_parent_normalized,All raw asteroid particles in the physical snapshot are included in the denominator; all raw bound/captured asteroid particles are included in the numerator. No FoF background or unresolved material is discarded for the particle-level metrics.,BMF is bound_mass_kg / target_mass_kg for particles with negative Mars-centric orbital energy and apoapsis inside Mars's Hill sphere. energy_bound_mass_fraction is the negative-energy-only diagnostic. captured_mass_fraction is retained only as a backwards-compatible alias of bound_mass_fraction.
Ma_xp_A2000_n65_r20_v00_90000_fof_0.0035_0000.hdf5,Ma_xp_A2000_n65_r20_v00_90000.hdf5,A2000,n65,r20,v00,,90000,0.0035,5,2817032,9.996109610355093e+19,0,5.66488289598e+19,0.566699455804,1.66086996937e+19,0.166148908122,0.0,5,8.335403783789999e+19,0.833851091878,8.724437421443444e+19,9.99627375316e+19,1.66086996937e+19,0.166148908122,/rds/general/user/nny124/home/irp-nny124/martian_moon_data/Ma_xp_A2000_n65_r20_v00_90000.hdf5,particle_level_raw_snapshot_parent_normalized,All raw asteroid particles in the physical snapshot are included in the denominator; all raw bound/captured asteroid particles are included in the numerator. No FoF background or unresolved material is discarded for the particle-level metrics.,BMF is bound_mass_kg / target_mass_kg for particles with negative Mars-centric orbital energy and apoapsis inside Mars's Hill sphere. energy_bound_mass_fraction is the negative-energy-only diagnostic. captured_mass_fraction is retained only as a backwards-compatible alias of bound_mass_fraction.
Ma_xp_A2000_n65_r20_v00_90000_fof_0.0040_0000.hdf5,Ma_xp_A2000_n65_r20_v00_90000.hdf5,A2000,n65,r20,v00,,90000,0.004,5,2817033,9.996112707386796e+19,0,5.66488289598e+19,0.566699455804,1.66086996937e+19,0.166148908122,0.0,5,8.335403783789999e+19,0.833851091878,8.72444051847515e+19,9.99627375316e+19,1.66086996937e+19,0.166148908122,/rds/general/user/nny124/home/irp-nny124/martian_moon_data/Ma_xp_A2000_n65_r20_v00_90000.hdf5,particle_level_raw_snapshot_parent_normalized,All raw asteroid particles in the physical snapshot are included in the denominator; all raw bound/captured asteroid particles are included in the numerator. No FoF background or unresolved material is discarded for the particle-level metrics.,BMF is bound_mass_kg / target_mass_kg for particles with negative Mars-centric orbital energy and apoapsis inside Mars's Hill sphere. energy_bound_mass_fraction is the negative-energy-only diagnostic. captured_mass_fraction is retained only as a backwards-compatible alias of bound_mass_fraction.
Ma_xp_A2000_n65_r20_v00_90000_fof_0.0045_0000.hdf5,Ma_xp_A2000_n65_r20_v00_90000.hdf5,A2000,n65,r20,v00,,90000,0.0045,5,2817033,9.996121998481916e+19,0,5.66488289598e+19,0.566699455804,1.66086996937e+19,0.166148908122,0.0,5,8.335403783789999e+19,0.833851091878,8.72444051847515e+19,9.99627375316e+19,1.66086996937e+19,0.166148908122,/rds/general/user/nny124/home/irp-nny124/martian_moon_data/Ma_xp_A2000_n65_r20_v00_90000.hdf5,particle_level_raw_snapshot_parent_normalized,All raw asteroid particles in the physical snapshot are included in the denominator; all raw bound/captured asteroid particles are included in the numerator. No FoF background or unresolved material is discarded for the particle-level metrics.,BMF is bound_mass_kg / target_mass_kg for particles with negative Mars-centric orbital energy and apoapsis inside Mars's Hill sphere. energy_bound_mass_fraction is the negative-energy-only diagnostic. captured_mass_fraction is retained only as a backwards-compatible alias of bound_mass_fraction.
Ma_xp_A2000_n65_r20_v00_90000_fof_0.0050_0000.hdf5,Ma_xp_A2000_n65_r20_v00_90000.hdf5,A2000,n65,r20,v00,,90000,0.005,5,2817033,9.996125095513622e+19,0,5.66488289598e+19,0.566699455804,1.66086996937e+19,0.166148908122,0.0,5,8.335403783789999e+19,0.833851091878,8.72444051847515e+19,9.99627375316e+19,1.66086996937e+19,0.166148908122,/rds/general/user/nny124/home/irp-nny124/martian_moon_data/Ma_xp_A2000_n65_r20_v00_90000.hdf5,particle_level_raw_snapshot_parent_normalized,All raw asteroid particles in the physical snapshot are included in the denominator; all raw bound/captured asteroid particles are included in the numerator. No FoF background or unresolved material is discarded for the particle-level metrics.,BMF is bound_mass_kg / target_mass_kg for particles with negative Mars-centric orbital energy and apoapsis inside Mars's Hill sphere. energy_bound_mass_fraction is the negative-energy-only diagnostic. captured_mass_fraction is retained only as a backwards-compatible alias of bound_mass_fraction.
Ma_xp_A2000_n65_r20_v00_90000_fof_0.0060_0000.hdf5,Ma_xp_A2000_n65_r20_v00_90000.hdf5,A2000,n65,r20,v00,,90000,0.006,5,2817033,9.996131289577036e+19,0,5.66488289598e+19,0.566699455804,1.66086996937e+19,0.166148908122,0.0,5,8.335403783789999e+19,0.833851091878,8.72444051847515e+19,9.99627375316e+19,1.66086996937e+19,0.166148908122,/rds/general/user/nny124/home/irp-nny124/martian_moon_data/Ma_xp_A2000_n65_r20_v00_90000.hdf5,particle_level_raw_snapshot_parent_normalized,All raw asteroid particles in the physical snapshot are included in the denominator; all raw bound/captured asteroid particles are included in the numerator. No FoF background or unresolved material is discarded for the particle-level metrics.,BMF is bound_mass_kg / target_mass_kg for particles with negative Mars-centric orbital energy and apoapsis inside Mars's Hill sphere. energy_bound_mass_fraction is the negative-energy-only diagnostic. captured_mass_fraction is retained only as a backwards-compatible alias of bound_mass_fraction.
Ma_xp_A2000_n65_r20_v00_90000_fof_0.0080_0000.hdf5,Ma_xp_A2000_n65_r20_v00_90000.hdf5,A2000,n65,r20,v00,,90000,0.008,5,2817034,9.99613438660874e+19,0,5.66488289598e+19,0.566699455804,1.66086996937e+19,0.166148908122,0.0,5,8.335403783789999e+19,0.833851091878,8.724443615506856e+19,9.99627375316e+19,1.66086996937e+19,0.166148908122,/rds/general/user/nny124/home/irp-nny124/martian_moon_data/Ma_xp_A2000_n65_r20_v00_90000.hdf5,particle_level_raw_snapshot_parent_normalized,All raw asteroid particles in the physical snapshot are included in the denominator; all raw bound/captured asteroid particles are included in the numerator. No FoF background or unresolved material is discarded for the particle-level metrics.,BMF is bound_mass_kg / target_mass_kg for particles with negative Mars-centric orbital energy and apoapsis inside Mars's Hill sphere. energy_bound_mass_fraction is the negative-energy-only diagnostic. captured_mass_fraction is retained only as a backwards-compatible alias of bound_mass_fraction.
Ma_xp_A2000_n65_r20_v02_90000_fof_0.0040_0000.hdf5,Ma_xp_A2000_n65_r20_v02_90000.hdf5,A2000,n65,r20,v02,,90000,0.004,5,2837147,9.996131289576995e+19,0,3.76750190629e+19,0.376890629381,5.01294843072e+18,0.0501481707534,0.0,5,9.494978910088e+19,0.9498518292466,8.786734214213947e+19,9.99627375316e+19,5.01294843072e+18,0.0501481707534,/rds/general/user/nny124/home/irp-nny124/martian_moon_data/Ma_xp_A2000_n65_r20_v02_90000.hdf5,particle_level_raw_snapshot_parent_normalized,All raw asteroid particles in the physical snapshot are included in the denominator; all raw bound/captured asteroid particles are included in the numerator. No FoF background or unresolved material is discarded for the particle-level metrics.,BMF is bound_mass_kg / target_mass_kg for particles with negative Mars-centric orbital energy and apoapsis inside Mars's Hill sphere. energy_bound_mass_fraction is the negative-energy-only diagnostic. captured_mass_fraction is retained only as a backwards-compatible alias of bound_mass_fraction.
Ma_xp_A2000_n65_r20_v04_90000_fof_0.0040_0000.hdf5,Ma_xp_A2000_n65_r20_v04_90000.hdf5,A2000,n65,r20,v04,,90000,0.004,2,2886994,9.995750354677098e+19,0,2.30948751368e+18,0.0231034840653,526495390065000.0,5.26691648374e-06,0.0,2,9.996221103620992e+19,0.9999947330835163,8.941111953673616e+19,9.99627375316e+19,526495390065000.0,5.26691648374e-06,/rds/general/user/nny124/home/irp-nny124/martian_moon_data/Ma_xp_A2000_n65_r20_v04_90000.hdf5,particle_level_raw_snapshot_parent_normalized,All raw asteroid particles in the physical snapshot are included in the denominator; all raw bound/captured asteroid particles are included in the numerator. No FoF background or unresolved material is discarded for the particle-level metrics.,BMF is bound_mass_kg / target_mass_kg for particles with negative Mars-centric orbital energy and apoapsis inside Mars's Hill sphere. energy_bound_mass_fraction is the negative-energy-only diagnostic. captured_mass_fraction is retained only as a backwards-compatible alias of bound_mass_fraction.
Ma_xp_A2000_n65_r20_v06_90000_fof_0.0040_0000.hdf5,Ma_xp_A2000_n65_r20_v06_90000.hdf5,A2000,n65,r20,v06,,90000,0.004,82,2910086,9.95568715252344e+19,0,0.0,0.0,0.0,0.0,0.0,82,9.99627375316e+19,1.0,9.01262860983352e+19,9.99627375316e+19,0.0,0.0,/rds/general/user/nny124/home/irp-nny124/martian_moon_data/Ma_xp_A2000_n65_r20_v06_90000.hdf5,particle_level_raw_snapshot_parent_normalized,All raw asteroid particles in the physical snapshot are included in the denominator; all raw bound/captured asteroid particles are included in the numerator. No FoF background or unresolved material is discarded for the particle-level metrics.,BMF is bound_mass_kg / target_mass_kg for particles with negative Mars-centric orbital energy and apoapsis inside Mars's Hill sphere. energy_bound_mass_fraction is the negative-energy-only diagnostic. captured_mass_fraction is retained only as a backwards-compatible alias of bound_mass_fraction.
Ma_xp_A2000_n65_r22_v00_90000_fof_0.0010_0000.hdf5,Ma_xp_A2000_n65_r22_v00_90000.hdf5,A2000,n65,r22,v00,,90000,0.001,0,0,0.0,0,5.15631622246e+19,0.515823830938,1.4617153455e+19,0.146226021975,0.0,0,8.53455840766e+19,0.853773978025,0.0,9.99627375316e+19,1.4617153455e+19,0.146226021975,/rds/general/user/nny124/home/irp-nny124/martian_moon_data/Ma_xp_A2000_n65_r22_v00_90000.hdf5,particle_level_raw_snapshot_parent_normalized,All raw asteroid particles in the physical snapshot are included in the denominator; all raw bound/captured asteroid particles are included in the numerator. No FoF background or unresolved material is discarded for the particle-level metrics.,BMF is bound_mass_kg / target_mass_kg for particles with negative Mars-centric orbital energy and apoapsis inside Mars's Hill sphere. energy_bound_mass_fraction is the negative-energy-only diagnostic. captured_mass_fraction is retained only as a backwards-compatible alias of bound_mass_fraction.
Ma_xp_A2000_n65_r22_v00_90000_fof_0.0020_0000.hdf5,Ma_xp_A2000_n65_r22_v00_90000.hdf5,A2000,n65,r22,v00,,90000,0.002,1015,16036,2.7785949062284805e+18,0,5.15631622246e+19,0.515823830938,1.4617153455e+19,0.146226021975,0.0,1015,8.53455840766e+19,0.853773978025,4.966400044168261e+17,9.99627375316e+19,1.4617153455e+19,0.146226021975,/rds/general/user/nny124/home/irp-nny124/martian_moon_data/Ma_xp_A2000_n65_r22_v00_90000.hdf5,particle_level_raw_snapshot_parent_normalized,All raw asteroid particles in the physical snapshot are included in the denominator; all raw bound/captured asteroid particles are included in the numerator. No FoF background or unresolved material is discarded for the particle-level metrics.,BMF is bound_mass_kg / target_mass_kg for particles with negative Mars-centric orbital energy and apoapsis inside Mars's Hill sphere. energy_bound_mass_fraction is the negative-energy-only diagnostic. captured_mass_fraction is retained only as a backwards-compatible alias of bound_mass_fraction.
Ma_xp_A2000_n65_r22_v00_90000_fof_0.0030_0000.hdf5,Ma_xp_A2000_n65_r22_v00_90000.hdf5,A2000,n65,r22,v00,,90000,0.003,1,3227695,9.996273753012568e+19,0,5.15631622246e+19,0.515823830938,1.4617153455e+19,0.146226021975,0.0,1,8.53455840766e+19,0.853773978025,9.996273753012568e+19,9.99627375316e+19,1.4617153455e+19,0.146226021975,/rds/general/user/nny124/home/irp-nny124/martian_moon_data/Ma_xp_A2000_n65_r22_v00_90000.hdf5,particle_level_raw_snapshot_parent_normalized,All raw asteroid particles in the physical snapshot are included in the denominator; all raw bound/captured asteroid particles are included in the numerator. No FoF background or unresolved material is discarded for the particle-level metrics.,BMF is bound_mass_kg / target_mass_kg for particles with negative Mars-centric orbital energy and apoapsis inside Mars's Hill sphere. energy_bound_mass_fraction is the negative-energy-only diagnostic. captured_mass_fraction is retained only as a backwards-compatible alias of bound_mass_fraction.
Ma_xp_A2000_n65_r22_v00_90000_fof_0.0035_0000.hdf5,Ma_xp_A2000_n65_r22_v00_90000.hdf5,A2000,n65,r22,v00,,90000,0.0035,1,3227695,9.996273753012568e+19,0,5.15631622246e+19,0.515823830938,1.4617153455e+19,0.146226021975,0.0,1,8.53455840766e+19,0.853773978025,9.996273753012568e+19,9.99627375316e+19,1.4617153455e+19,0.146226021975,/rds/general/user/nny124/home/irp-nny124/martian_moon_data/Ma_xp_A2000_n65_r22_v00_90000.hdf5,particle_level_raw_snapshot_parent_normalized,All raw asteroid particles in the physical snapshot are included in the denominator; all raw bound/captured asteroid particles are included in the numerator. No FoF background or unresolved material is discarded for the particle-level metrics.,BMF is bound_mass_kg / target_mass_kg for particles with negative Mars-centric orbital energy and apoapsis inside Mars's Hill sphere. energy_bound_mass_fraction is the negative-energy-only diagnostic. captured_mass_fraction is retained only as a backwards-compatible alias of bound_mass_fraction.
Ma_xp_A2000_n65_r22_v00_90000_fof_0.0040_0000.hdf5,Ma_xp_A2000_n65_r22_v00_90000.hdf5,A2000,n65,r22,v00,,90000,0.004,1,3227695,9.996273753012568e+19,0,5.15631622246e+19,0.515823830938,1.4617153455e+19,0.146226021975,0.0,1,8.53455840766e+19,0.853773978025,9.996273753012568e+19,9.99627375316e+19,1.4617153455e+19,0.146226021975,/rds/general/user/nny124/home/irp-nny124/martian_moon_data/Ma_xp_A2000_n65_r22_v00_90000.hdf5,particle_level_raw_snapshot_parent_normalized,All raw asteroid particles in the physical snapshot are included in the denominator; all raw bound/captured asteroid particles are included in the numerator. No FoF background or unresolved material is discarded for the particle-level metrics.,BMF is bound_mass_kg / target_mass_kg for particles with negative Mars-centric orbital energy and apoapsis inside Mars's Hill sphere. energy_bound_mass_fraction is the negative-energy-only diagnostic. captured_mass_fraction is retained only as a backwards-compatible alias of bound_mass_fraction.
Ma_xp_A2000_n65_r22_v00_90000_fof_0.0045_0000.hdf5,Ma_xp_A2000_n65_r22_v00_90000.hdf5,A2000,n65,r22,v00,,90000,0.0045,1,3227695,9.996273753012568e+19,0,5.15631622246e+19,0.515823830938,1.4617153455e+19,0.146226021975,0.0,1,8.53455840766e+19,0.853773978025,9.996273753012568e+19,9.99627375316e+19,1.4617153455e+19,0.146226021975,/rds/general/user/nny124/home/irp-nny124/martian_moon_data/Ma_xp_A2000_n65_r22_v00_90000.hdf5,particle_level_raw_snapshot_parent_normalized,All raw asteroid particles in the physical snapshot are included in the denominator; all raw bound/captured asteroid particles are included in the numerator. No FoF background or unresolved material is discarded for the particle-level metrics.,BMF is bound_mass_kg / target_mass_kg for particles with negative Mars-centric orbital energy and apoapsis inside Mars's Hill sphere. energy_bound_mass_fraction is the negative-energy-only diagnostic. captured_mass_fraction is retained only as a backwards-compatible alias of bound_mass_fraction.
Ma_xp_A2000_n65_r22_v00_90000_fof_0.0050_0000.hdf5,Ma_xp_A2000_n65_r22_v00_90000.hdf5,A2000,n65,r22,v00,,90000,0.005,1,3227695,9.996273753012568e+19,0,5.15631622246e+19,0.515823830938,1.4617153455e+19,0.146226021975,0.0,1,8.53455840766e+19,0.853773978025,9.996273753012568e+19,9.99627375316e+19,1.4617153455e+19,0.146226021975,/rds/general/user/nny124/home/irp-nny124/martian_moon_data/Ma_xp_A2000_n65_r22_v00_90000.hdf5,particle_level_raw_snapshot_parent_normalized,All raw asteroid particles in the physical snapshot are included in the denominator; all raw bound/captured asteroid particles are included in the numerator. No FoF background or unresolved material is discarded for the particle-level metrics.,BMF is bound_mass_kg / target_mass_kg for particles with negative Mars-centric orbital energy and apoapsis inside Mars's Hill sphere. energy_bound_mass_fraction is the negative-energy-only diagnostic. captured_mass_fraction is retained only as a backwards-compatible alias of bound_mass_fraction.
Ma_xp_A2000_n65_r22_v00_90000_fof_0.0060_0000.hdf5,Ma_xp_A2000_n65_r22_v00_90000.hdf5,A2000,n65,r22,v00,,90000,0.006,1,3227695,9.996273753012568e+19,0,5.15631622246e+19,0.515823830938,1.4617153455e+19,0.146226021975,0.0,1,8.53455840766e+19,0.853773978025,9.996273753012568e+19,9.99627375316e+19,1.4617153455e+19,0.146226021975,/rds/general/user/nny124/home/irp-nny124/martian_moon_data/Ma_xp_A2000_n65_r22_v00_90000.hdf5,particle_level_raw_snapshot_parent_normalized,All raw asteroid particles in the physical snapshot are included in the denominator; all raw bound/captured asteroid particles are included in the numerator. No FoF background or unresolved material is discarded for the particle-level metrics.,BMF is bound_mass_kg / target_mass_kg for particles with negative Mars-centric orbital energy and apoapsis inside Mars's Hill sphere. energy_bound_mass_fraction is the negative-energy-only diagnostic. captured_mass_fraction is retained only as a backwards-compatible alias of bound_mass_fraction.
Ma_xp_A2000_n65_r22_v00_90000_fof_0.0080_0000.hdf5,Ma_xp_A2000_n65_r22_v00_90000.hdf5,A2000,n65,r22,v00,,90000,0.008,1,3227695,9.996273753012568e+19,0,5.15631622246e+19,0.515823830938,1.4617153455e+19,0.146226021975,0.0,1,8.53455840766e+19,0.853773978025,9.996273753012568e+19,9.99627375316e+19,1.4617153455e+19,0.146226021975,/rds/general/user/nny124/home/irp-nny124/martian_moon_data/Ma_xp_A2000_n65_r22_v00_90000.hdf5,particle_level_raw_snapshot_parent_normalized,All raw asteroid particles in the physical snapshot are included in the denominator; all raw bound/captured asteroid particles are included in the numerator. No FoF background or unresolved material is discarded for the particle-level metrics.,BMF is bound_mass_kg / target_mass_kg for particles with negative Mars-centric orbital energy and apoapsis inside Mars's Hill sphere. energy_bound_mass_fraction is the negative-energy-only diagnostic. captured_mass_fraction is retained only as a backwards-compatible alias of bound_mass_fraction.
Ma_xp_A2000_n65_r24_v00_90000_fof_0.0010_0000.hdf5,Ma_xp_A2000_n65_r24_v00_90000.hdf5,A2000,n65,r24,v00,,90000,0.001,0,0,0.0,0,5.12823543598e+19,0.513014705541,6.35653369585e+18,0.0635890318013,0.0,0,9.360620383574999e+19,0.9364109681987,0.0,9.99627375316e+19,6.35653369585e+18,0.0635890318013,/rds/general/user/nny124/home/irp-nny124/martian_moon_data/Ma_xp_A2000_n65_r24_v00_90000.hdf5,particle_level_raw_snapshot_parent_normalized,All raw asteroid particles in the physical snapshot are included in the denominator; all raw bound/captured asteroid particles are included in the numerator. No FoF background or unresolved material is discarded for the particle-level metrics.,BMF is bound_mass_kg / target_mass_kg for particles with negative Mars-centric orbital energy and apoapsis inside Mars's Hill sphere. energy_bound_mass_fraction is the negative-energy-only diagnostic. captured_mass_fraction is retained only as a backwards-compatible alias of bound_mass_fraction.
Ma_xp_A2000_n65_r24_v00_90000_fof_0.0020_0000.hdf5,Ma_xp_A2000_n65_r24_v00_90000.hdf5,A2000,n65,r24,v00,,90000,0.002,1235,441,1.796092567732588e+18,0,5.12823543598e+19,0.513014705541,6.35653369585e+18,0.0635890318013,0.0,1235,9.360620383574999e+19,0.9364109681987,1.3657909824638334e+16,9.99627375316e+19,6.35653369585e+18,0.0635890318013,/rds/general/user/nny124/home/irp-nny124/martian_moon_data/Ma_xp_A2000_n65_r24_v00_90000.hdf5,particle_level_raw_snapshot_parent_normalized,All raw asteroid particles in the physical snapshot are included in the denominator; all raw bound/captured asteroid particles are included in the numerator. No FoF background or unresolved material is discarded for the particle-level metrics.,BMF is bound_mass_kg / target_mass_kg for particles with negative Mars-centric orbital energy and apoapsis inside Mars's Hill sphere. energy_bound_mass_fraction is the negative-energy-only diagnostic. captured_mass_fraction is retained only as a backwards-compatible alias of bound_mass_fraction.
Ma_xp_A2000_n65_r24_v00_90000_fof_0.0030_0000.hdf5,Ma_xp_A2000_n65_r24_v00_90000.hdf5,A2000,n65,r24,v00,,90000,0.003,1,3227695,9.996273753012568e+19,0,5.12823543598e+19,0.513014705541,6.35653369585e+18,0.0635890318013,0.0,1,9.360620383574999e+19,0.9364109681987,9.996273753012568e+19,9.99627375316e+19,6.35653369585e+18,0.0635890318013,/rds/general/user/nny124/home/irp-nny124/martian_moon_data/Ma_xp_A2000_n65_r24_v00_90000.hdf5,particle_level_raw_snapshot_parent_normalized,All raw asteroid particles in the physical snapshot are included in the denominator; all raw bound/captured asteroid particles are included in the numerator. No FoF background or unresolved material is discarded for the particle-level metrics.,BMF is bound_mass_kg / target_mass_kg for particles with negative Mars-centric orbital energy and apoapsis inside Mars's Hill sphere. energy_bound_mass_fraction is the negative-energy-only diagnostic. captured_mass_fraction is retained only as a backwards-compatible alias of bound_mass_fraction.
Ma_xp_A2000_n65_r24_v00_90000_fof_0.0035_0000.hdf5,Ma_xp_A2000_n65_r24_v00_90000.hdf5,A2000,n65,r24,v00,,90000,0.0035,1,3227695,9.996273753012568e+19,0,5.12823543598e+19,0.513014705541,6.35653369585e+18,0.0635890318013,0.0,1,9.360620383574999e+19,0.9364109681987,9.996273753012568e+19,9.99627375316e+19,6.35653369585e+18,0.0635890318013,/rds/general/user/nny124/home/irp-nny124/martian_moon_data/Ma_xp_A2000_n65_r24_v00_90000.hdf5,particle_level_raw_snapshot_parent_normalized,All raw asteroid particles in the physical snapshot are included in the denominator; all raw bound/captured asteroid particles are included in the numerator. No FoF background or unresolved material is discarded for the particle-level metrics.,BMF is bound_mass_kg / target_mass_kg for particles with negative Mars-centric orbital energy and apoapsis inside Mars's Hill sphere. energy_bound_mass_fraction is the negative-energy-only diagnostic. captured_mass_fraction is retained only as a backwards-compatible alias of bound_mass_fraction.
Ma_xp_A2000_n65_r24_v00_90000_fof_0.0040_0000.hdf5,Ma_xp_A2000_n65_r24_v00_90000.hdf5,A2000,n65,r24,v00,,90000,0.004,1,3227695,9.996273753012568e+19,0,5.12823543598e+19,0.513014705541,6.35653369585e+18,0.0635890318013,0.0,1,9.360620383574999e+19,0.9364109681987,9.996273753012568e+19,9.99627375316e+19,6.35653369585e+18,0.0635890318013,/rds/general/user/nny124/home/irp-nny124/martian_moon_data/Ma_xp_A2000_n65_r24_v00_90000.hdf5,particle_level_raw_snapshot_parent_normalized,All raw asteroid particles in the physical snapshot are included in the denominator; all raw bound/captured asteroid particles are included in the numerator. No FoF background or unresolved material is discarded for the particle-level metrics.,BMF is bound_mass_kg / target_mass_kg for particles with negative Mars-centric orbital energy and apoapsis inside Mars's Hill sphere. energy_bound_mass_fraction is the negative-energy-only diagnostic. captured_mass_fraction is retained only as a backwards-compatible alias of bound_mass_fraction.
Ma_xp_A2000_n65_r24_v00_90000_fof_0.0045_0000.hdf5,Ma_xp_A2000_n65_r24_v00_90000.hdf5,A2000,n65,r24,v00,,90000,0.0045,1,3227695,9.996273753012568e+19,0,5.12823543598e+19,0.513014705541,6.35653369585e+18,0.0635890318013,0.0,1,9.360620383574999e+19,0.9364109681987,9.996273753012568e+19,9.99627375316e+19,6.35653369585e+18,0.0635890318013,/rds/general/user/nny124/home/irp-nny124/martian_moon_data/Ma_xp_A2000_n65_r24_v00_90000.hdf5,particle_level_raw_snapshot_parent_normalized,All raw asteroid particles in the physical snapshot are included in the denominator; all raw bound/captured asteroid particles are included in the numerator. No FoF background or unresolved material is discarded for the particle-level metrics.,BMF is bound_mass_kg / target_mass_kg for particles with negative Mars-centric orbital energy and apoapsis inside Mars's Hill sphere. energy_bound_mass_fraction is the negative-energy-only diagnostic. captured_mass_fraction is retained only as a backwards-compatible alias of bound_mass_fraction.
Ma_xp_A2000_n65_r24_v00_90000_fof_0.0050_0000.hdf5,Ma_xp_A2000_n65_r24_v00_90000.hdf5,A2000,n65,r24,v00,,90000,0.005,1,3227695,9.996273753012568e+19,0,5.12823543598e+19,0.513014705541,6.35653369585e+18,0.0635890318013,0.0,1,9.360620383574999e+19,0.9364109681987,9.996273753012568e+19,9.99627375316e+19,6.35653369585e+18,0.0635890318013,/rds/general/user/nny124/home/irp-nny124/martian_moon_data/Ma_xp_A2000_n65_r24_v00_90000.hdf5,particle_level_raw_snapshot_parent_normalized,All raw asteroid particles in the physical snapshot are included in the denominator; all raw bound/captured asteroid particles are included in the numerator. No FoF background or unresolved material is discarded for the particle-level metrics.,BMF is bound_mass_kg / target_mass_kg for particles with negative Mars-centric orbital energy and apoapsis inside Mars's Hill sphere. energy_bound_mass_fraction is the negative-energy-only diagnostic. captured_mass_fraction is retained only as a backwards-compatible alias of bound_mass_fraction.
Ma_xp_A2000_n65_r24_v00_90000_fof_0.0060_0000.hdf5,Ma_xp_A2000_n65_r24_v00_90000.hdf5,A2000,n65,r24,v00,,90000,0.006,1,3227695,9.996273753012568e+19,0,5.12823543598e+19,0.513014705541,6.35653369585e+18,0.0635890318013,0.0,1,9.360620383574999e+19,0.9364109681987,9.996273753012568e+19,9.99627375316e+19,6.35653369585e+18,0.0635890318013,/rds/general/user/nny124/home/irp-nny124/martian_moon_data/Ma_xp_A2000_n65_r24_v00_90000.hdf5,particle_level_raw_snapshot_parent_normalized,All raw asteroid particles in the physical snapshot are included in the denominator; all raw bound/captured asteroid particles are included in the numerator. No FoF background or unresolved material is discarded for the particle-level metrics.,BMF is bound_mass_kg / target_mass_kg for particles with negative Mars-centric orbital energy and apoapsis inside Mars's Hill sphere. energy_bound_mass_fraction is the negative-energy-only diagnostic. captured_mass_fraction is retained only as a backwards-compatible alias of bound_mass_fraction.
Ma_xp_A2000_n65_r24_v00_90000_fof_0.0080_0000.hdf5,Ma_xp_A2000_n65_r24_v00_90000.hdf5,A2000,n65,r24,v00,,90000,0.008,1,3227695,9.996273753012568e+19,0,5.12823543598e+19,0.513014705541,6.35653369585e+18,0.0635890318013,0.0,1,9.360620383574999e+19,0.9364109681987,9.996273753012568e+19,9.99627375316e+19,6.35653369585e+18,0.0635890318013,/rds/general/user/nny124/home/irp-nny124/martian_moon_data/Ma_xp_A2000_n65_r24_v00_90000.hdf5,particle_level_raw_snapshot_parent_normalized,All raw asteroid particles in the physical snapshot are included in the denominator; all raw bound/captured asteroid particles are included in the numerator. No FoF background or unresolved material is discarded for the particle-level metrics.,BMF is bound_mass_kg / target_mass_kg for particles with negative Mars-centric orbital energy and apoapsis inside Mars's Hill sphere. energy_bound_mass_fraction is the negative-energy-only diagnostic. captured_mass_fraction is retained only as a backwards-compatible alias of bound_mass_fraction.
Ma_xp_A2000_s030mz_n65_r12_v00_90000_fof_0.0040_0000.hdf5,Ma_xp_A2000_s030mz_n65_r12_v00_90000.hdf5,A2000,n65,r12,v00,s030mz,90000,0.004,1,3162277,9.95093669198358e+19,0,4.82089776762e+19,0.484466730777,2.11082353819e+19,0.212123099906,0.0,1,7.84011315439e+19,0.787876900094,9.95093669198358e+19,9.95093669258e+19,2.11082353819e+19,0.212123099906,/rds/general/user/nny124/home/irp-nny124/martian_moon_data/Ma_xp_A2000_s030mz_n65_r12_v00_90000.hdf5,particle_level_raw_snapshot_parent_normalized,All raw asteroid particles in the physical snapshot are included in the denominator; all raw bound/captured asteroid particles are included in the numerator. No FoF background or unresolved material is discarded for the particle-level metrics.,BMF is bound_mass_kg / target_mass_kg for particles with negative Mars-centric orbital energy and apoapsis inside Mars's Hill sphere. energy_bound_mass_fraction is the negative-energy-only diagnostic. captured_mass_fraction is retained only as a backwards-compatible alias of bound_mass_fraction.
Ma_xp_A2000_s030x_n65_r12_v00_90000_fof_0.0040_0000.hdf5,Ma_xp_A2000_s030x_n65_r12_v00_90000.hdf5,A2000,n65,r12,v00,s030x,90000,0.004,4145,43582,9.454978501317504e+19,1950,5.0460203492e+19,0.507089986108,4.64425107216e+19,0.466714965198,3.075960966415753e+17,2195,5.30668562042e+19,0.533285034802,1.3714223103666245e+18,9.95093669258e+19,4.64425107216e+19,0.466714965198,/rds/general/user/nny124/home/irp-nny124/martian_moon_data/Ma_xp_A2000_s030x_n65_r12_v00_90000.hdf5,particle_level_raw_snapshot_parent_normalized,All raw asteroid particles in the physical snapshot are included in the denominator; all raw bound/captured asteroid particles are included in the numerator. No FoF background or unresolved material is discarded for the particle-level metrics.,BMF is bound_mass_kg / target_mass_kg for particles with negative Mars-centric orbital energy and apoapsis inside Mars's Hill sphere. energy_bound_mass_fraction is the negative-energy-only diagnostic. captured_mass_fraction is retained only as a backwards-compatible alias of bound_mass_fraction.
Ma_xp_A2000_s030x_n65_r16_v00_90000_fof_0.0040_0000.hdf5,Ma_xp_A2000_s030x_n65_r16_v00_90000.hdf5,A2000,n65,r16,v00,s030x,90000,0.004,522,733259,9.803526573456931e+19,66,4.96752119599e+19,0.49920136661,3.95686583899e+19,0.397637525112,3.933579791760219e+18,456,5.99407085359e+19,0.602362474888,2.3073923910854517e+19,9.95093669258e+19,3.95686583899e+19,0.397637525112,/rds/general/user/nny124/home/irp-nny124/martian_moon_data/Ma_xp_A2000_s030x_n65_r16_v00_90000.hdf5,particle_level_raw_snapshot_parent_normalized,All raw asteroid particles in the physical snapshot are included in the denominator; all raw bound/captured asteroid particles are included in the numerator. No FoF background or unresolved material is discarded for the particle-level metrics.,BMF is bound_mass_kg / target_mass_kg for particles with negative Mars-centric orbital energy and apoapsis inside Mars's Hill sphere. energy_bound_mass_fraction is the negative-energy-only diagnostic. captured_mass_fraction is retained only as a backwards-compatible alias of bound_mass_fraction.
Ma_xp_A2000_s030x_n65_r16_v06_90000_fof_0.0040_0000.hdf5,Ma_xp_A2000_s030x_n65_r16_v06_90000.hdf5,A2000,n65,r16,v06,s030x,90000,0.004,432,748842,9.811531938882948e+19,0,2.17588601281e+19,0.218661426561,1.91107645455e+19,0.192049905812,0.0,432,8.03986023803e+19,0.807950094188,2.3564284010496967e+19,9.95093669258e+19,1.91107645455e+19,0.192049905812,/rds/general/user/nny124/home/irp-nny124/martian_moon_data/Ma_xp_A2000_s030x_n65_r16_v06_90000.hdf5,particle_level_raw_snapshot_parent_normalized,All raw asteroid particles in the physical snapshot are included in the denominator; all raw bound/captured asteroid particles are included in the numerator. No FoF background or unresolved material is discarded for the particle-level metrics.,BMF is bound_mass_kg / target_mass_kg for particles with negative Mars-centric orbital energy and apoapsis inside Mars's Hill sphere. energy_bound_mass_fraction is the negative-energy-only diagnostic. captured_mass_fraction is retained only as a backwards-compatible alias of bound_mass_fraction.
Ma_xp_A2000_s030x_n65_r20_v00_90000_fof_0.0040_0000.hdf5,Ma_xp_A2000_s030x_n65_r20_v00_90000.hdf5,A2000,n65,r20,v00,s030x,90000,0.004,3,2196131,9.949083249159876e+19,0,5.42527768276e+19,0.545202713108,2.72789120231e+19,0.274134112856,0.0,3,7.22304549027e+19,0.725865887144,6.910704074870025e+19,9.95093669258e+19,2.72789120231e+19,0.274134112856,/rds/general/user/nny124/home/irp-nny124/martian_moon_data/Ma_xp_A2000_s030x_n65_r20_v00_90000.hdf5,particle_level_raw_snapshot_parent_normalized,All raw asteroid particles in the physical snapshot are included in the denominator; all raw bound/captured asteroid particles are included in the numerator. No FoF background or unresolved material is discarded for the particle-level metrics.,BMF is bound_mass_kg / target_mass_kg for particles with negative Mars-centric orbital energy and apoapsis inside Mars's Hill sphere. energy_bound_mass_fraction is the negative-energy-only diagnostic. captured_mass_fraction is retained only as a backwards-compatible alias of bound_mass_fraction.
Ma_xp_A2000_s030y_n65_r12_v00_90000_fof_0.0040_0000.hdf5,Ma_xp_A2000_s030y_n65_r12_v00_90000.hdf5,A2000,n65,r12,v00,s030y,90000,0.004,820,200567,9.734278903818165e+19,208,5.18920436546e+19,0.521478984921,4.7541108668e+19,0.47775511127,2.676510853802325e+18,612,5.1968258257799995e+19,0.52224488873,6.311368420978631e+18,9.95093669258e+19,4.7541108668e+19,0.47775511127,/rds/general/user/nny124/home/irp-nny124/martian_moon_data/Ma_xp_A2000_s030y_n65_r12_v00_90000.hdf5,particle_level_raw_snapshot_parent_normalized,All raw asteroid particles in the physical snapshot are included in the denominator; all raw bound/captured asteroid particles are included in the numerator. No FoF background or unresolved material is discarded for the particle-level metrics.,BMF is bound_mass_kg / target_mass_kg for particles with negative Mars-centric orbital energy and apoapsis inside Mars's Hill sphere. energy_bound_mass_fraction is the negative-energy-only diagnostic. captured_mass_fraction is retained only as a backwards-compatible alias of bound_mass_fraction.
Ma_xp_A2000_s030y_n65_r16_v00_90000_fof_0.0040_0000.hdf5,Ma_xp_A2000_s030y_n65_r16_v00_90000.hdf5,A2000,n65,r16,v00,s030y,90000,0.004,4583,175960,9.19492370214666e+19,1755,4.83711303806e+19,0.486096252795,4.53532586617e+19,0.455768738792,1.2589255282189317e+18,2828,5.4156108264099996e+19,0.544231261208,5.537044415851135e+18,9.95093669258e+19,4.53532586617e+19,0.455768738792,/rds/general/user/nny124/home/irp-nny124/martian_moon_data/Ma_xp_A2000_s030y_n65_r16_v00_90000.hdf5,particle_level_raw_snapshot_parent_normalized,All raw asteroid particles in the physical snapshot are included in the denominator; all raw bound/captured asteroid particles are included in the numerator. No FoF background or unresolved material is discarded for the particle-level metrics.,BMF is bound_mass_kg / target_mass_kg for particles with negative Mars-centric orbital energy and apoapsis inside Mars's Hill sphere. energy_bound_mass_fraction is the negative-energy-only diagnostic. captured_mass_fraction is retained only as a backwards-compatible alias of bound_mass_fraction.
Ma_xp_A2000_s030y_n65_r16_v06_90000_fof_0.0040_0000.hdf5,Ma_xp_A2000_s030y_n65_r16_v06_90000.hdf5,A2000,n65,r16,v06,s030y,90000,0.004,3754,375918,9.320089352688271e+19,586,3.00265397238e+19,0.301745862238,2.62928108588e+19,0.264224481284,1.5320016332476526e+18,3168,7.321655606699999e+19,0.735775518716,1.1829249049381585e+19,9.95093669258e+19,2.62928108588e+19,0.264224481284,/rds/general/user/nny124/home/irp-nny124/martian_moon_data/Ma_xp_A2000_s030y_n65_r16_v06_90000.hdf5,particle_level_raw_snapshot_parent_normalized,All raw asteroid particles in the physical snapshot are included in the denominator; all raw bound/captured asteroid particles are included in the numerator. No FoF background or unresolved material is discarded for the particle-level metrics.,BMF is bound_mass_kg / target_mass_kg for particles with negative Mars-centric orbital energy and apoapsis inside Mars's Hill sphere. energy_bound_mass_fraction is the negative-energy-only diagnostic. captured_mass_fraction is retained only as a backwards-compatible alias of bound_mass_fraction.
Ma_xp_A2000_s030y_n65_r20_v00_90000_fof_0.0040_0000.hdf5,Ma_xp_A2000_s030y_n65_r20_v00_90000.hdf5,A2000,n65,r20,v00,s030y,90000,0.004,60,2446316,9.940747473520904e+19,0,5.24660447184e+19,0.527247296805,2.27088364516e+19,0.228208028582,0.0,60,7.68005304742e+19,0.7717919714179999,7.697977010223256e+19,9.95093669258e+19,2.27088364516e+19,0.228208028582,/rds/general/user/nny124/home/irp-nny124/martian_moon_data/Ma_xp_A2000_s030y_n65_r20_v00_90000.hdf5,particle_level_raw_snapshot_parent_normalized,All raw asteroid particles in the physical snapshot are included in the denominator; all raw bound/captured asteroid particles are included in the numerator. No FoF background or unresolved material is discarded for the particle-level metrics.,BMF is bound_mass_kg / target_mass_kg for particles with negative Mars-centric orbital energy and apoapsis inside Mars's Hill sphere. energy_bound_mass_fraction is the negative-energy-only diagnostic. captured_mass_fraction is retained only as a backwards-compatible alias of bound_mass_fraction.
Ma_xp_A2000_s030z_n65_r11_v00_90000_fof_0.0040_0000.hdf5,Ma_xp_A2000_s030z_n65_r11_v00_90000.hdf5,A2000,n65,r11,v00,s030z,90000,0.004,424,77623,9.931665915126351e+19,179,5.07882850167e+19,0.510386977485,4.81538778536e+19,0.483913015843,2.221425968932632e+18,245,5.13554890722e+19,0.5160869841569999,2.442611949831137e+18,9.95093669258e+19,4.81538778536e+19,0.483913015843,/rds/general/user/nny124/home/irp-nny124/martian_moon_data/Ma_xp_A2000_s030z_n65_r11_v00_90000.hdf5,particle_level_raw_snapshot_parent_normalized,All raw asteroid particles in the physical snapshot are included in the denominator; all raw bound/captured asteroid particles are included in the numerator. No FoF background or unresolved material is discarded for the particle-level metrics.,BMF is bound_mass_kg / target_mass_kg for particles with negative Mars-centric orbital energy and apoapsis inside Mars's Hill sphere. energy_bound_mass_fraction is the negative-energy-only diagnostic. captured_mass_fraction is retained only as a backwards-compatible alias of bound_mass_fraction.
Ma_xp_A2000_s030z_n65_r12_v00_90000_fof_0.0040_0000.hdf5,Ma_xp_A2000_s030z_n65_r12_v00_90000.hdf5,A2000,n65,r12,v00,s030z,90000,0.004,370,100304,9.93912059699561e+19,128,5.11914797774e+19,0.514438804697,4.81654264744e+19,0.484029071457,2.0706330794076687e+18,242,5.13439404514e+19,0.515970928543,3.1563292969279375e+18,9.95093669258e+19,4.81654264744e+19,0.484029071457,/rds/general/user/nny124/home/irp-nny124/martian_moon_data/Ma_xp_A2000_s030z_n65_r12_v00_90000.hdf5,particle_level_raw_snapshot_parent_normalized,All raw asteroid particles in the physical snapshot are included in the denominator; all raw bound/captured asteroid particles are included in the numerator. No FoF background or unresolved material is discarded for the particle-level metrics.,BMF is bound_mass_kg / target_mass_kg for particles with negative Mars-centric orbital energy and apoapsis inside Mars's Hill sphere. energy_bound_mass_fraction is the negative-energy-only diagnostic. captured_mass_fraction is retained only as a backwards-compatible alias of bound_mass_fraction.
Ma_xp_A2000_s030z_n65_r12_v02_90000_fof_0.0040_0000.hdf5,Ma_xp_A2000_s030z_n65_r12_v02_90000.hdf5,A2000,n65,r12,v02,s030z,90000,0.004,367,100750,9.938148247186932e+19,132,5.07114410609e+19,0.509614749119,4.61185514566e+19,0.463459399667,1.9298154290269903e+18,235,5.33908154692e+19,0.536540600333,3.170363860518836e+18,9.95093669258e+19,4.61185514566e+19,0.463459399667,/rds/general/user/nny124/home/irp-nny124/martian_moon_data/Ma_xp_A2000_s030z_n65_r12_v02_90000.hdf5,particle_level_raw_snapshot_parent_normalized,All raw asteroid particles in the physical snapshot are included in the denominator; all raw bound/captured asteroid particles are included in the numerator. No FoF background or unresolved material is discarded for the particle-level metrics.,BMF is bound_mass_kg / target_mass_kg for particles with negative Mars-centric orbital energy and apoapsis inside Mars's Hill sphere. energy_bound_mass_fraction is the negative-energy-only diagnostic. captured_mass_fraction is retained only as a backwards-compatible alias of bound_mass_fraction.
Ma_xp_A2000_s030z_n65_r12_v04_90000_fof_0.0040_0000.hdf5,Ma_xp_A2000_s030z_n65_r12_v04_90000.hdf5,A2000,n65,r12,v04,s030z,90000,0.004,374,117156,9.93959890499291e+19,139,4.50796790746e+19,0.45301945402,4.2017815607e+19,0.422249853507,1.920438074878735e+18,235,5.74915513188e+19,0.5777501464929999,3.686621820770594e+18,9.95093669258e+19,4.2017815607e+19,0.422249853507,/rds/general/user/nny124/home/irp-nny124/martian_moon_data/Ma_xp_A2000_s030z_n65_r12_v04_90000.hdf5,particle_level_raw_snapshot_parent_normalized,All raw asteroid particles in the physical snapshot are included in the denominator; all raw bound/captured asteroid particles are included in the numerator. No FoF background or unresolved material is discarded for the particle-level metrics.,BMF is bound_mass_kg / target_mass_kg for particles with negative Mars-centric orbital energy and apoapsis inside Mars's Hill sphere. energy_bound_mass_fraction is the negative-energy-only diagnostic. captured_mass_fraction is retained only as a backwards-compatible alias of bound_mass_fraction.
Ma_xp_A2000_s030z_n65_r12_v06_90000_fof_0.0040_0000.hdf5,Ma_xp_A2000_s030z_n65_r12_v06_90000.hdf5,A2000,n65,r12,v06,s030z,90000,0.004,366,91623,9.937276593798552e+19,131,3.6515952003e+19,0.366959946899,3.43978972031e+19,0.345674967753,1.5427006279134472e+18,235,6.51114697227e+19,0.654325032247,2.883158789007329e+18,9.95093669258e+19,3.43978972031e+19,0.345674967753,/rds/general/user/nny124/home/irp-nny124/martian_moon_data/Ma_xp_A2000_s030z_n65_r12_v06_90000.hdf5,particle_level_raw_snapshot_parent_normalized,All raw asteroid particles in the physical snapshot are included in the denominator; all raw bound/captured asteroid particles are included in the numerator. No FoF background or unresolved material is discarded for the particle-level metrics.,BMF is bound_mass_kg / target_mass_kg for particles with negative Mars-centric orbital energy and apoapsis inside Mars's Hill sphere. energy_bound_mass_fraction is the negative-energy-only diagnostic. captured_mass_fraction is retained only as a backwards-compatible alias of bound_mass_fraction.
Ma_xp_A2000_s030z_n65_r12_v08_90000_fof_0.0040_0000.hdf5,Ma_xp_A2000_s030z_n65_r12_v08_90000.hdf5,A2000,n65,r12,v08,s030z,90000,0.004,319,97945,9.941741850689526e+19,72,2.72533288388e+19,0.273877019629,2.40370222364e+19,0.241555372916,1.0352850720724552e+18,247,7.547234468939999e+19,0.758444627084,3.082097154526749e+18,9.95093669258e+19,2.40370222364e+19,0.241555372916,/rds/general/user/nny124/home/irp-nny124/martian_moon_data/Ma_xp_A2000_s030z_n65_r12_v08_90000.hdf5,particle_level_raw_snapshot_parent_normalized,All raw asteroid particles in the physical snapshot are included in the denominator; all raw bound/captured asteroid particles are included in the numerator. No FoF background or unresolved material is discarded for the particle-level metrics.,BMF is bound_mass_kg / target_mass_kg for particles with negative Mars-centric orbital energy and apoapsis inside Mars's Hill sphere. energy_bound_mass_fraction is the negative-energy-only diagnostic. captured_mass_fraction is retained only as a backwards-compatible alias of bound_mass_fraction.
Ma_xp_A2000_s030z_n65_r12_v10_90000_fof_0.0040_0000.hdf5,Ma_xp_A2000_s030z_n65_r12_v10_90000.hdf5,A2000,n65,r12,v10,s030z,90000,0.004,278,114081,9.921973884660992e+19,28,1.5528772599e+19,0.156054461136,1.28579259188e+19,0.129214120936,3.630735307468571e+17,250,8.66507487191e+19,0.870785879064,3.58985885430868e+18,9.95086746379e+19,1.28579259188e+19,0.129214120936,/rds/general/user/nny124/home/irp-nny124/martian_moon_data/Ma_xp_A2000_s030z_n65_r12_v10_90000.hdf5,particle_level_raw_snapshot_parent_normalized,All raw asteroid particles in the physical snapshot are included in the denominator; all raw bound/captured asteroid particles are included in the numerator. No FoF background or unresolved material is discarded for the particle-level metrics.,BMF is bound_mass_kg / target_mass_kg for particles with negative Mars-centric orbital energy and apoapsis inside Mars's Hill sphere. energy_bound_mass_fraction is the negative-energy-only diagnostic. captured_mass_fraction is retained only as a backwards-compatible alias of bound_mass_fraction.
Ma_xp_A2000_s030z_n65_r12_v12_90000_fof_0.0040_0000.hdf5,Ma_xp_A2000_s030z_n65_r12_v12_90000.hdf5,A2000,n65,r12,v12,s030z,90000,0.004,275,101422,9.944284435303363e+19,0,4.99627317077e+18,0.0502090740311,3.60836182156e+18,0.0362615292715,0.0,275,9.590100510424e+19,0.9637384707285,3.1915101087992934e+18,9.95093669258e+19,3.60836182156e+18,0.0362615292715,/rds/general/user/nny124/home/irp-nny124/martian_moon_data/Ma_xp_A2000_s030z_n65_r12_v12_90000.hdf5,particle_level_raw_snapshot_parent_normalized,All raw asteroid particles in the physical snapshot are included in the denominator; all raw bound/captured asteroid particles are included in the numerator. No FoF background or unresolved material is discarded for the particle-level metrics.,BMF is bound_mass_kg / target_mass_kg for particles with negative Mars-centric orbital energy and apoapsis inside Mars's Hill sphere. energy_bound_mass_fraction is the negative-energy-only diagnostic. captured_mass_fraction is retained only as a backwards-compatible alias of bound_mass_fraction.
Ma_xp_A2000_s030z_n65_r12_v14_90000_fof_0.0040_0000.hdf5,Ma_xp_A2000_s030z_n65_r12_v14_90000.hdf5,A2000,n65,r12,v14,s030z,90000,0.004,257,119361,9.943972905750184e+19,0,6.1236010646e+16,0.000615379361138,125870525480000.0,1.26491132813e-06,0.0,257,9.950924105527452e+19,0.9999987350886719,3.756007947940844e+18,9.95093669258e+19,125870525480000.0,1.26491132813e-06,/rds/general/user/nny124/home/irp-nny124/martian_moon_data/Ma_xp_A2000_s030z_n65_r12_v14_90000.hdf5,particle_level_raw_snapshot_parent_normalized,All raw asteroid particles in the physical snapshot are included in the denominator; all raw bound/captured asteroid particles are included in the numerator. No FoF background or unresolved material is discarded for the particle-level metrics.,BMF is bound_mass_kg / target_mass_kg for particles with negative Mars-centric orbital energy and apoapsis inside Mars's Hill sphere. energy_bound_mass_fraction is the negative-energy-only diagnostic. captured_mass_fraction is retained only as a backwards-compatible alias of bound_mass_fraction.
Ma_xp_A2000_s030z_n65_r12_v16_90000_fof_0.0040_0000.hdf5,Ma_xp_A2000_s030z_n65_r12_v16_90000.hdf5,A2000,n65,r12,v16,s030z,90000,0.004,245,114343,9.945014484346633e+19,0,0.0,0.0,0.0,0.0,0.0,245,9.95092725229e+19,1.0,3.598103373727549e+18,9.95092725229e+19,0.0,0.0,/rds/general/user/nny124/home/irp-nny124/martian_moon_data/Ma_xp_A2000_s030z_n65_r12_v16_90000.hdf5,particle_level_raw_snapshot_parent_normalized,All raw asteroid particles in the physical snapshot are included in the denominator; all raw bound/captured asteroid particles are included in the numerator. No FoF background or unresolved material is discarded for the particle-level metrics.,BMF is bound_mass_kg / target_mass_kg for particles with negative Mars-centric orbital energy and apoapsis inside Mars's Hill sphere. energy_bound_mass_fraction is the negative-energy-only diagnostic. captured_mass_fraction is retained only as a backwards-compatible alias of bound_mass_fraction.
Ma_xp_A2000_s030z_n65_r13_v00_90000_fof_0.0040_0000.hdf5,Ma_xp_A2000_s030z_n65_r13_v00_90000.hdf5,A2000,n65,r13,v00,s030z,90000,0.004,400,89650,9.938050697530014e+19,134,5.06862040205e+19,0.509361134398,4.80010081004e+19,0.482376781035,1.9958030520098468e+18,266,5.15083588254e+19,0.5176232189650001,2.8210731523148554e+18,9.95093669258e+19,4.80010081004e+19,0.482376781035,/rds/general/user/nny124/home/irp-nny124/martian_moon_data/Ma_xp_A2000_s030z_n65_r13_v00_90000.hdf5,particle_level_raw_snapshot_parent_normalized,All raw asteroid particles in the physical snapshot are included in the denominator; all raw bound/captured asteroid particles are included in the numerator. No FoF background or unresolved material is discarded for the particle-level metrics.,BMF is bound_mass_kg / target_mass_kg for particles with negative Mars-centric orbital energy and apoapsis inside Mars's Hill sphere. energy_bound_mass_fraction is the negative-energy-only diagnostic. captured_mass_fraction is retained only as a backwards-compatible alias of bound_mass_fraction.
Ma_xp_A2000_s030z_n65_r14_v00_90000_fof_0.0040_0000.hdf5,Ma_xp_A2000_s030z_n65_r14_v00_90000.hdf5,A2000,n65,r14,v00,s030z,90000,0.004,391,93045,9.802975889874328e+19,146,5.08905862863e+19,0.511456277028,4.72797070542e+19,0.475166523193,1.85161836507258e+18,245,5.222163562560001e+19,0.524833476807,2.927905760815082e+18,9.95013426798e+19,4.72797070542e+19,0.475166523193,/rds/general/user/nny124/home/irp-nny124/martian_moon_data/Ma_xp_A2000_s030z_n65_r14_v00_90000.hdf5,particle_level_raw_snapshot_parent_normalized,All raw asteroid particles in the physical snapshot are included in the denominator; all raw bound/captured asteroid particles are included in the numerator. No FoF background or unresolved material is discarded for the particle-level metrics.,BMF is bound_mass_kg / target_mass_kg for particles with negative Mars-centric orbital energy and apoapsis inside Mars's Hill sphere. energy_bound_mass_fraction is the negative-energy-only diagnostic. captured_mass_fraction is retained only as a backwards-compatible alias of bound_mass_fraction.
Ma_xp_A2000_s030z_n65_r15_v00_90000_fof_0.0040_0000.hdf5,Ma_xp_A2000_s030z_n65_r15_v00_90000.hdf5,A2000,n65,r15,v00,s030z,90000,0.004,369,100288,9.941059003089078e+19,131,5.06182654044e+19,0.508678398508,4.80151370669e+19,0.482518767331,1.860114625542476e+18,238,5.14942298589e+19,0.5174812326689999,3.155825814826022e+18,9.95093669258e+19,4.80151370669e+19,0.482518767331,/rds/general/user/nny124/home/irp-nny124/martian_moon_data/Ma_xp_A2000_s030z_n65_r15_v00_90000.hdf5,particle_level_raw_snapshot_parent_normalized,All raw asteroid particles in the physical snapshot are included in the denominator; all raw bound/captured asteroid particles are included in the numerator. No FoF background or unresolved material is discarded for the particle-level metrics.,BMF is bound_mass_kg / target_mass_kg for particles with negative Mars-centric orbital energy and apoapsis inside Mars's Hill sphere. energy_bound_mass_fraction is the negative-energy-only diagnostic. captured_mass_fraction is retained only as a backwards-compatible alias of bound_mass_fraction.
Ma_xp_A2000_s030z_n65_r16_v00_90000_fof_0.0040_0000.hdf5,Ma_xp_A2000_s030z_n65_r16_v00_90000.hdf5,A2000,n65,r16,v00,s030z,90000,0.004,377,101631,9.934932255261971e+19,156,5.08008720692e+19,0.510513630056,4.70025401571e+19,0.472343021292,2.296098658173604e+18,221,5.2506795301e+19,0.527656978708,3.1980868437555666e+18,9.95093354581e+19,4.70025401571e+19,0.472343021292,/rds/general/user/nny124/home/irp-nny124/martian_moon_data/Ma_xp_A2000_s030z_n65_r16_v00_90000.hdf5,particle_level_raw_snapshot_parent_normalized,All raw asteroid particles in the physical snapshot are included in the denominator; all raw bound/captured asteroid particles are included in the numerator. No FoF background or unresolved material is discarded for the particle-level metrics.,BMF is bound_mass_kg / target_mass_kg for particles with negative Mars-centric orbital energy and apoapsis inside Mars's Hill sphere. energy_bound_mass_fraction is the negative-energy-only diagnostic. captured_mass_fraction is retained only as a backwards-compatible alias of bound_mass_fraction.
Ma_xp_A2000_s030z_n65_r16_v02_90000_fof_0.0040_0000.hdf5,Ma_xp_A2000_s030z_n65_r16_v02_90000.hdf5,A2000,n65,r16,v02,s030z,90000,0.004,366,92826,9.93919926607542e+19,129,4.94339496301e+19,0.496777476201,4.55525117035e+19,0.457771672465,1.59597532782283e+18,237,5.3956729351700005e+19,0.5422283275349999,2.9210143495451116e+18,9.95092410552e+19,4.55525117035e+19,0.457771672465,/rds/general/user/nny124/home/irp-nny124/martian_moon_data/Ma_xp_A2000_s030z_n65_r16_v02_90000.hdf5,particle_level_raw_snapshot_parent_normalized,All raw asteroid particles in the physical snapshot are included in the denominator; all raw bound/captured asteroid particles are included in the numerator. No FoF background or unresolved material is discarded for the particle-level metrics.,BMF is bound_mass_kg / target_mass_kg for particles with negative Mars-centric orbital energy and apoapsis inside Mars's Hill sphere. energy_bound_mass_fraction is the negative-energy-only diagnostic. captured_mass_fraction is retained only as a backwards-compatible alias of bound_mass_fraction.
Ma_xp_A2000_s030z_n65_r16_v06_90000_fof_0.0040_0000.hdf5,Ma_xp_A2000_s030z_n65_r16_v06_90000.hdf5,A2000,n65,r16,v06,s030z,90000,0.004,341,109924,9.913178681692951e+19,112,3.62538581013e+19,0.36432723739,3.38273261111e+19,0.339942199694,1.1109332578858968e+18,229,6.568172613830001e+19,0.660057800306,3.459047910704721e+18,9.95090522494e+19,3.38273261111e+19,0.339942199694,/rds/general/user/nny124/home/irp-nny124/martian_moon_data/Ma_xp_A2000_s030z_n65_r16_v06_90000.hdf5,particle_level_raw_snapshot_parent_normalized,All raw asteroid particles in the physical snapshot are included in the denominator; all raw bound/captured asteroid particles are included in the numerator. No FoF background or unresolved material is discarded for the particle-level metrics.,BMF is bound_mass_kg / target_mass_kg for particles with negative Mars-centric orbital energy and apoapsis inside Mars's Hill sphere. energy_bound_mass_fraction is the negative-energy-only diagnostic. captured_mass_fraction is retained only as a backwards-compatible alias of bound_mass_fraction.
Ma_xp_A2000_s030z_n65_r16_v08_90000_fof_0.0040_0000.hdf5,Ma_xp_A2000_s030z_n65_r16_v08_90000.hdf5,A2000,n65,r16,v08,s030z,90000,0.004,303,101971,9.943157894099434e+19,62,2.51927339338e+19,0.253169472504,2.32681735992e+19,0.233828978296,7.315280264579997e+17,241,7.62411933266e+19,0.766171021704,3.208785838421274e+18,9.95093669258e+19,2.32681735992e+19,0.233828978296,/rds/general/user/nny124/home/irp-nny124/martian_moon_data/Ma_xp_A2000_s030z_n65_r16_v08_90000.hdf5,particle_level_raw_snapshot_parent_normalized,All raw asteroid particles in the physical snapshot are included in the denominator; all raw bound/captured asteroid particles are included in the numerator. No FoF background or unresolved material is discarded for the particle-level metrics.,BMF is bound_mass_kg / target_mass_kg for particles with negative Mars-centric orbital energy and apoapsis inside Mars's Hill sphere. energy_bound_mass_fraction is the negative-energy-only diagnostic. captured_mass_fraction is retained only as a backwards-compatible alias of bound_mass_fraction.
Ma_xp_A2000_s030z_n65_r16_v10_90000_fof_0.0040_0000.hdf5,Ma_xp_A2000_s030z_n65_r16_v10_90000.hdf5,A2000,n65,r16,v10,s030z,90000,0.004,280,120578,9.942997409177718e+19,21,1.4324632217e+19,0.143952601243,1.22282586151e+19,0.122885503073,3.2732630151055526e+17,259,8.72811083107e+19,0.8771144969269999,3.794304055317803e+18,9.95093669258e+19,1.22282586151e+19,0.122885503073,/rds/general/user/nny124/home/irp-nny124/martian_moon_data/Ma_xp_A2000_s030z_n65_r16_v10_90000.hdf5,particle_level_raw_snapshot_parent_normalized,All raw asteroid particles in the physical snapshot are included in the denominator; all raw bound/captured asteroid particles are included in the numerator. No FoF background or unresolved material is discarded for the particle-level metrics.,BMF is bound_mass_kg / target_mass_kg for particles with negative Mars-centric orbital energy and apoapsis inside Mars's Hill sphere. energy_bound_mass_fraction is the negative-energy-only diagnostic. captured_mass_fraction is retained only as a backwards-compatible alias of bound_mass_fraction.
Ma_xp_A2000_s030z_n65_r17_v00_90000_fof_0.0040_0000.hdf5,Ma_xp_A2000_s030z_n65_r17_v00_90000.hdf5,A2000,n65,r17,v00,s030z,90000,0.004,382,84756,9.917669112691964e+19,147,5.11660224636e+19,0.514184277176,4.72067021494e+19,0.474395758236,1.808381839570222e+18,235,5.2302413035299996e+19,0.525604241764,2.6670705643914066e+18,9.95091151847e+19,4.72067021494e+19,0.474395758236,/rds/general/user/nny124/home/irp-nny124/martian_moon_data/Ma_xp_A2000_s030z_n65_r17_v00_90000.hdf5,particle_level_raw_snapshot_parent_normalized,All raw asteroid particles in the physical snapshot are included in the denominator; all raw bound/captured asteroid particles are included in the numerator. No FoF background or unresolved material is discarded for the particle-level metrics.,BMF is bound_mass_kg / target_mass_kg for particles with negative Mars-centric orbital energy and apoapsis inside Mars's Hill sphere. energy_bound_mass_fraction is the negative-energy-only diagnostic. captured_mass_fraction is retained only as a backwards-compatible alias of bound_mass_fraction.
Ma_xp_A2000_s030z_n65_r18_v00_90000_fof_0.0040_0000.hdf5,Ma_xp_A2000_s030z_n65_r18_v00_90000.hdf5,A2000,n65,r18,v00,s030z,90000,0.004,347,106322,9.941732410398188e+19,126,5.04501967852e+19,0.506989425658,4.70032953802e+19,0.472350461392,1.940073876853605e+18,221,5.25060715456e+19,0.527649538608,3.3457015025109606e+18,9.95093669258e+19,4.70032953802e+19,0.472350461392,/rds/general/user/nny124/home/irp-nny124/martian_moon_data/Ma_xp_A2000_s030z_n65_r18_v00_90000.hdf5,particle_level_raw_snapshot_parent_normalized,All raw asteroid particles in the physical snapshot are included in the denominator; all raw bound/captured asteroid particles are included in the numerator. No FoF background or unresolved material is discarded for the particle-level metrics.,BMF is bound_mass_kg / target_mass_kg for particles with negative Mars-centric orbital energy and apoapsis inside Mars's Hill sphere. energy_bound_mass_fraction is the negative-energy-only diagnostic. captured_mass_fraction is retained only as a backwards-compatible alias of bound_mass_fraction.
Ma_xp_A2000_s030z_n65_r19_v00_90000_fof_0.0040_0000.hdf5,Ma_xp_A2000_s030z_n65_r19_v00_90000.hdf5,A2000,n65,r19,v00,s030z,90000,0.004,350,132741,9.939671280541929e+19,129,5.06340306877e+19,0.508836828652,4.71303616757e+19,0.473627389378,1.9074734107543017e+18,221,5.2379005250099995e+19,0.526372610622,4.1770448556678047e+18,9.95093669258e+19,4.71303616757e+19,0.473627389378,/rds/general/user/nny124/home/irp-nny124/martian_moon_data/Ma_xp_A2000_s030z_n65_r19_v00_90000.hdf5,particle_level_raw_snapshot_parent_normalized,All raw asteroid particles in the physical snapshot are included in the denominator; all raw bound/captured asteroid particles are included in the numerator. No FoF background or unresolved material is discarded for the particle-level metrics.,BMF is bound_mass_kg / target_mass_kg for particles with negative Mars-centric orbital energy and apoapsis inside Mars's Hill sphere. energy_bound_mass_fraction is the negative-energy-only diagnostic. captured_mass_fraction is retained only as a backwards-compatible alias of bound_mass_fraction.
Ma_xp_A2000_s030z_n65_r20_v00_90000_fof_0.0040_0000.hdf5,Ma_xp_A2000_s030z_n65_r20_v00_90000.hdf5,A2000,n65,r20,v00,s030z,90000,0.004,354,101992,9.930208963789768e+19,146,5.06067167837e+19,0.508562986181,4.65770663133e+19,0.468067747472,1.6154537916408502e+18,208,5.29321747419e+19,0.531932252528,3.2094466586800384e+18,9.95092410552e+19,4.65770663133e+19,0.468067747472,/rds/general/user/nny124/home/irp-nny124/martian_moon_data/Ma_xp_A2000_s030z_n65_r20_v00_90000.hdf5,particle_level_raw_snapshot_parent_normalized,All raw asteroid particles in the physical snapshot are included in the denominator; all raw bound/captured asteroid particles are included in the numerator. No FoF background or unresolved material is discarded for the particle-level metrics.,BMF is bound_mass_kg / target_mass_kg for particles with negative Mars-centric orbital energy and apoapsis inside Mars's Hill sphere. energy_bound_mass_fraction is the negative-energy-only diagnostic. captured_mass_fraction is retained only as a backwards-compatible alias of bound_mass_fraction.
Ma_xp_A2000_s030z_n65_r20_v02_90000_fof_0.0040_0000.hdf5,Ma_xp_A2000_s030z_n65_r20_v02_90000.hdf5,A2000,n65,r20,v02,s030z,90000,0.004,346,119533,9.940479998665856e+19,130,4.77784060761e+19,0.480140392686,4.52725441872e+19,0.454958189884,1.6936193879638904e+18,216,5.423669686800001e+19,0.545041810116,3.761420380536437e+18,9.95092410552e+19,4.52725441872e+19,0.454958189884,/rds/general/user/nny124/home/irp-nny124/martian_moon_data/Ma_xp_A2000_s030z_n65_r20_v02_90000.hdf5,particle_level_raw_snapshot_parent_normalized,All raw asteroid particles in the physical snapshot are included in the denominator; all raw bound/captured asteroid particles are included in the numerator. No FoF background or unresolved material is discarded for the particle-level metrics.,BMF is bound_mass_kg / target_mass_kg for particles with negative Mars-centric orbital energy and apoapsis inside Mars's Hill sphere. energy_bound_mass_fraction is the negative-energy-only diagnostic. captured_mass_fraction is retained only as a backwards-compatible alias of bound_mass_fraction.
Ma_xp_A2000_s030z_n65_r20_v04_90000_fof_0.0040_0000.hdf5,Ma_xp_A2000_s030z_n65_r20_v04_90000.hdf5,A2000,n65,r20,v04,s030z,90000,0.004,315,134405,9.940612162717988e+19,100,4.26397104058e+19,0.428499464152,3.91528765766e+19,0.393459206768,1.6442466743443855e+18,215,6.03564903492e+19,0.6065407932319999,4.229406994267032e+18,9.95093669258e+19,3.91528765766e+19,0.393459206768,/rds/general/user/nny124/home/irp-nny124/martian_moon_data/Ma_xp_A2000_s030z_n65_r20_v04_90000.hdf5,particle_level_raw_snapshot_parent_normalized,All raw asteroid particles in the physical snapshot are included in the denominator; all raw bound/captured asteroid particles are included in the numerator. No FoF background or unresolved material is discarded for the particle-level metrics.,BMF is bound_mass_kg / target_mass_kg for particles with negative Mars-centric orbital energy and apoapsis inside Mars's Hill sphere. energy_bound_mass_fraction is the negative-energy-only diagnostic. captured_mass_fraction is retained only as a backwards-compatible alias of bound_mass_fraction.
Ma_xp_A2000_s030z_n65_r20_v06_90000_fof_0.0040_0000.hdf5,Ma_xp_A2000_s030z_n65_r20_v06_90000.hdf5,A2000,n65,r20,v06,s030z,90000,0.004,299,148516,9.94252539470155e+19,72,3.37476500685e+19,0.339140435832,3.04773450108e+19,0.30627614216,1.0714728481479368e+18,227,6.9032021915e+19,0.69372385784,4.673446740526268e+18,9.95093669258e+19,3.04773450108e+19,0.30627614216,/rds/general/user/nny124/home/irp-nny124/martian_moon_data/Ma_xp_A2000_s030z_n65_r20_v06_90000.hdf5,particle_level_raw_snapshot_parent_normalized,All raw asteroid particles in the physical snapshot are included in the denominator; all raw bound/captured asteroid particles are included in the numerator. No FoF background or unresolved material is discarded for the particle-level metrics.,BMF is bound_mass_kg / target_mass_kg for particles with negative Mars-centric orbital energy and apoapsis inside Mars's Hill sphere. energy_bound_mass_fraction is the negative-energy-only diagnostic. captured_mass_fraction is retained only as a backwards-compatible alias of bound_mass_fraction.
Ma_xp_A2000_s030z_n65_r20_v08_90000_fof_0.0040_0000.hdf5,Ma_xp_A2000_s030z_n65_r20_v08_90000.hdf5,A2000,n65,r20,v08,s030z,90000,0.004,272,122397,9.944111363325985e+19,33,2.22265320656e+19,0.2233612046,1.98284153465e+19,0.199261797749,7.469786334606619e+17,239,7.96809515793e+19,0.800738202251,3.851543676779338e+18,9.95093669258e+19,1.98284153465e+19,0.199261797749,/rds/general/user/nny124/home/irp-nny124/martian_moon_data/Ma_xp_A2000_s030z_n65_r20_v08_90000.hdf5,particle_level_raw_snapshot_parent_normalized,All raw asteroid particles in the physical snapshot are included in the denominator; all raw bound/captured asteroid particles are included in the numerator. No FoF background or unresolved material is discarded for the particle-level metrics.,BMF is bound_mass_kg / target_mass_kg for particles with negative Mars-centric orbital energy and apoapsis inside Mars's Hill sphere. energy_bound_mass_fraction is the negative-energy-only diagnostic. captured_mass_fraction is retained only as a backwards-compatible alias of bound_mass_fraction.
Ma_xp_A2000_s030z_n65_r20_v10_90000_fof_0.0040_0000.hdf5,Ma_xp_A2000_s030z_n65_r20_v10_90000.hdf5,A2000,n65,r20,v10,s030z,90000,0.004,225,159160,9.944190032397006e+19,0,1.07262456346e+19,0.107791316194,8.75360275924e+18,0.0879676258595,0.0,225,9.075576416655999e+19,0.9120323741405,5.008388208831103e+18,9.95093669258e+19,8.75360275924e+18,0.0879676258595,/rds/general/user/nny124/home/irp-nny124/martian_moon_data/Ma_xp_A2000_s030z_n65_r20_v10_90000.hdf5,particle_level_raw_snapshot_parent_normalized,All raw asteroid particles in the physical snapshot are included in the denominator; all raw bound/captured asteroid particles are included in the numerator. No FoF background or unresolved material is discarded for the particle-level metrics.,BMF is bound_mass_kg / target_mass_kg for particles with negative Mars-centric orbital energy and apoapsis inside Mars's Hill sphere. energy_bound_mass_fraction is the negative-energy-only diagnostic. captured_mass_fraction is retained only as a backwards-compatible alias of bound_mass_fraction.
Ma_xp_A2000_s030z_n65_r22_v00_90000_fof_0.0040_0000.hdf5,Ma_xp_A2000_s030z_n65_r22_v00_90000.hdf5,A2000,n65,r22,v00,s030z,90000,0.004,307,198416,9.941678915419764e+19,112,4.95593796088e+19,0.49803733196,4.67489110482e+19,0.469794075598,1.924560334588203e+18,195,5.276045587759999e+19,0.530205924402,6.243681545901244e+18,9.95093669258e+19,4.67489110482e+19,0.469794075598,/rds/general/user/nny124/home/irp-nny124/martian_moon_data/Ma_xp_A2000_s030z_n65_r22_v00_90000.hdf5,particle_level_raw_snapshot_parent_normalized,All raw asteroid particles in the physical snapshot are included in the denominator; all raw bound/captured asteroid particles are included in the numerator. No FoF background or unresolved material is discarded for the particle-level metrics.,BMF is bound_mass_kg / target_mass_kg for particles with negative Mars-centric orbital energy and apoapsis inside Mars's Hill sphere. energy_bound_mass_fraction is the negative-energy-only diagnostic. captured_mass_fraction is retained only as a backwards-compatible alias of bound_mass_fraction.
Ma_xp_A2000_s030z_n65_r24_v00_90000_fof_0.0040_0000.hdf5,Ma_xp_A2000_s030z_n65_r24_v00_90000.hdf5,A2000,n65,r24,v00,s030z,90000,0.004,261,543256,9.941927509710207e+19,74,4.70205396422e+19,0.472523754244,4.18392997343e+19,0.420455893016,1.5916327946937723e+18,187,5.76700671915e+19,0.5795441069839999,1.7094979547614806e+19,9.95093669258e+19,4.18392997343e+19,0.420455893016,/rds/general/user/nny124/home/irp-nny124/martian_moon_data/Ma_xp_A2000_s030z_n65_r24_v00_90000.hdf5,particle_level_raw_snapshot_parent_normalized,All raw asteroid particles in the physical snapshot are included in the denominator; all raw bound/captured asteroid particles are included in the numerator. No FoF background or unresolved material is discarded for the particle-level metrics.,BMF is bound_mass_kg / target_mass_kg for particles with negative Mars-centric orbital energy and apoapsis inside Mars's Hill sphere. energy_bound_mass_fraction is the negative-energy-only diagnostic. captured_mass_fraction is retained only as a backwards-compatible alias of bound_mass_fraction.
Ma_xp_A2000_s030z_n65_r26_v00_90000_fof_0.0040_0000.hdf5,Ma_xp_A2000_s030z_n65_r26_v00_90000.hdf5,A2000,n65,r26,v00,s030z,90000,0.004,164,1374930,9.942226452245108e+19,6,3.68775150875e+19,0.370593404689,3.29032161807e+19,0.330654461959,6.693259595287863e+18,158,6.660615074509999e+19,0.669345538041,4.326579039982779e+19,9.95093669258e+19,3.29032161807e+19,0.330654461959,/rds/general/user/nny124/home/irp-nny124/martian_moon_data/Ma_xp_A2000_s030z_n65_r26_v00_90000.hdf5,particle_level_raw_snapshot_parent_normalized,All raw asteroid particles in the physical snapshot are included in the denominator; all raw bound/captured asteroid particles are included in the numerator. No FoF background or unresolved material is discarded for the particle-level metrics.,BMF is bound_mass_kg / target_mass_kg for particles with negative Mars-centric orbital energy and apoapsis inside Mars's Hill sphere. energy_bound_mass_fraction is the negative-energy-only diagnostic. captured_mass_fraction is retained only as a backwards-compatible alias of bound_mass_fraction.
Ma_xp_A2000_s030z_n65_r28_v00_90000_fof_0.0040_0000.hdf5,Ma_xp_A2000_s030z_n65_r28_v00_90000.hdf5,A2000,n65,r28,v00,s030z,90000,0.004,2,2534608,9.950927252202729e+19,0,5.06931898347e+19,0.509431336976,2.21845227777e+19,0.222939040445,0.0,2,7.73248441481e+19,0.777060959555,7.97581102104505e+19,9.95093669258e+19,2.21845227777e+19,0.222939040445,/rds/general/user/nny124/home/irp-nny124/martian_moon_data/Ma_xp_A2000_s030z_n65_r28_v00_90000.hdf5,particle_level_raw_snapshot_parent_normalized,All raw asteroid particles in the physical snapshot are included in the denominator; all raw bound/captured asteroid particles are included in the numerator. No FoF background or unresolved material is discarded for the particle-level metrics.,BMF is bound_mass_kg / target_mass_kg for particles with negative Mars-centric orbital energy and apoapsis inside Mars's Hill sphere. energy_bound_mass_fraction is the negative-energy-only diagnostic. captured_mass_fraction is retained only as a backwards-compatible alias of bound_mass_fraction.
Ma_xp_A2000_s030z_n65_r30_v00_90000_fof_0.0040_0000.hdf5,Ma_xp_A2000_s030z_n65_r30_v00_90000.hdf5,A2000,n65,r30,v00,s030z,90000,0.004,132,3010958,9.941033828511452e+19,0,4.83997973928e+19,0.48638433635,1.78361052016e+19,0.179240465019,0.0,132,8.16732617242e+19,0.820759534981,9.474771640976209e+19,9.95093669258e+19,1.78361052016e+19,0.179240465019,/rds/general/user/nny124/home/irp-nny124/martian_moon_data/Ma_xp_A2000_s030z_n65_r30_v00_90000.hdf5,particle_level_raw_snapshot_parent_normalized,All raw asteroid particles in the physical snapshot are included in the denominator; all raw bound/captured asteroid particles are included in the numerator. No FoF background or unresolved material is discarded for the particle-level metrics.,BMF is bound_mass_kg / target_mass_kg for particles with negative Mars-centric orbital energy and apoapsis inside Mars's Hill sphere. energy_bound_mass_fraction is the negative-energy-only diagnostic. captured_mass_fraction is retained only as a backwards-compatible alias of bound_mass_fraction.
Ma_xp_A2000_s036mz_n65_r12_v00_90000_fof_0.0040_0000.hdf5,Ma_xp_A2000_s036mz_n65_r12_v00_90000.hdf5,A2000,n65,r12,v00,s036mz,90000,0.004,1,3162274,1.0016129079298584e+20,0,5.28491271199e+19,0.527640236109,0.0,0.0,0.0,1,1.00161290787e+20,1.0,1.0016129079298584e+20,1.00161290787e+20,0.0,0.0,/rds/general/user/nny124/home/irp-nny124/martian_moon_data/Ma_xp_A2000_s036mz_n65_r12_v00_90000.hdf5,particle_level_raw_snapshot_parent_normalized,All raw asteroid particles in the physical snapshot are included in the denominator; all raw bound/captured asteroid particles are included in the numerator. No FoF background or unresolved material is discarded for the particle-level metrics.,BMF is bound_mass_kg / target_mass_kg for particles with negative Mars-centric orbital energy and apoapsis inside Mars's Hill sphere. energy_bound_mass_fraction is the negative-energy-only diagnostic. captured_mass_fraction is retained only as a backwards-compatible alias of bound_mass_fraction.
Ma_xp_A2000_s036x_n65_r12_v00_90000_fof_0.0040_0000.hdf5,Ma_xp_A2000_s036x_n65_r12_v00_90000.hdf5,A2000,n65,r12,v00,s036x,90000,0.004,2250,140749,9.675258617988742e+19,830,5.11051033593e+19,0.510228082703,4.66035886873e+19,0.46528542435,7.83705275996451e+17,1420,5.355770209969999e+19,0.53471457565,4.458058193882082e+18,1.00161290787e+20,4.66035886873e+19,0.46528542435,/rds/general/user/nny124/home/irp-nny124/martian_moon_data/Ma_xp_A2000_s036x_n65_r12_v00_90000.hdf5,particle_level_raw_snapshot_parent_normalized,All raw asteroid particles in the physical snapshot are included in the denominator; all raw bound/captured asteroid particles are included in the numerator. No FoF background or unresolved material is discarded for the particle-level metrics.,BMF is bound_mass_kg / target_mass_kg for particles with negative Mars-centric orbital energy and apoapsis inside Mars's Hill sphere. energy_bound_mass_fraction is the negative-energy-only diagnostic. captured_mass_fraction is retained only as a backwards-compatible alias of bound_mass_fraction.
Ma_xp_A2000_s036x_n65_r16_v00_90000_fof_0.0040_0000.hdf5,Ma_xp_A2000_s036x_n65_r16_v00_90000.hdf5,A2000,n65,r16,v00,s036x,90000,0.004,492,804681,9.862853139228044e+19,120,4.58788600602e+19,0.458049808461,3.47356625153e+19,0.346797273102,5.158207938290663e+18,372,6.542562827169999e+19,0.6532027268980001,2.5487319451798303e+19,1.00161290787e+20,3.47356625153e+19,0.346797273102,/rds/general/user/nny124/home/irp-nny124/martian_moon_data/Ma_xp_A2000_s036x_n65_r16_v00_90000.hdf5,particle_level_raw_snapshot_parent_normalized,All raw asteroid particles in the physical snapshot are included in the denominator; all raw bound/captured asteroid particles are included in the numerator. No FoF background or unresolved material is discarded for the particle-level metrics.,BMF is bound_mass_kg / target_mass_kg for particles with negative Mars-centric orbital energy and apoapsis inside Mars's Hill sphere. energy_bound_mass_fraction is the negative-energy-only diagnostic. captured_mass_fraction is retained only as a backwards-compatible alias of bound_mass_fraction.
Ma_xp_A2000_s036x_n65_r16_v06_90000_fof_0.0040_0000.hdf5,Ma_xp_A2000_s036x_n65_r16_v06_90000.hdf5,A2000,n65,r16,v06,s036x,90000,0.004,538,1010775,9.86025905354716e+19,0,1.75145760559e+19,0.174864053268,1.49251464222e+19,0.149011405738,0.0,538,8.52359543218e+19,0.850988594262,3.2015103275343974e+19,1.00161100744e+20,1.49251464222e+19,0.149011405738,/rds/general/user/nny124/home/irp-nny124/martian_moon_data/Ma_xp_A2000_s036x_n65_r16_v06_90000.hdf5,particle_level_raw_snapshot_parent_normalized,All raw asteroid particles in the physical snapshot are included in the denominator; all raw bound/captured asteroid particles are included in the numerator. No FoF background or unresolved material is discarded for the particle-level metrics.,BMF is bound_mass_kg / target_mass_kg for particles with negative Mars-centric orbital energy and apoapsis inside Mars's Hill sphere. energy_bound_mass_fraction is the negative-energy-only diagnostic. captured_mass_fraction is retained only as a backwards-compatible alias of bound_mass_fraction.
Ma_xp_A2000_s036x_n65_r20_v00_90000_fof_0.0040_0000.hdf5,Ma_xp_A2000_s036x_n65_r20_v00_90000.hdf5,A2000,n65,r20,v00,s036x,90000,0.004,6,2427888,1.0014694255137078e+20,0,5.78165003054e+19,0.577233977827,2.80389622208e+19,0.27993810783,0.0,6,7.212232856619999e+19,0.7200618921699999,7.690048236742104e+19,1.00161290787e+20,2.80389622208e+19,0.27993810783,/rds/general/user/nny124/home/irp-nny124/martian_moon_data/Ma_xp_A2000_s036x_n65_r20_v00_90000.hdf5,particle_level_raw_snapshot_parent_normalized,All raw asteroid particles in the physical snapshot are included in the denominator; all raw bound/captured asteroid particles are included in the numerator. No FoF background or unresolved material is discarded for the particle-level metrics.,BMF is bound_mass_kg / target_mass_kg for particles with negative Mars-centric orbital energy and apoapsis inside Mars's Hill sphere. energy_bound_mass_fraction is the negative-energy-only diagnostic. captured_mass_fraction is retained only as a backwards-compatible alias of bound_mass_fraction.
Ma_xp_A2000_s036y_n65_r12_v00_90000_fof_0.0040_0000.hdf5,Ma_xp_A2000_s036y_n65_r12_v00_90000.hdf5,A2000,n65,r12,v00,s036y,90000,0.004,2223,130038,9.457361755211778e+19,614,5.17373127644e+19,0.516546366731,4.7423180399e+19,0.4734739828,3.0653287475400904e+18,1609,5.2736875108999995e+19,0.5265260171999999,4.118799930486456e+18,1.00160055508e+20,4.7423180399e+19,0.4734739828,/rds/general/user/nny124/home/irp-nny124/martian_moon_data/Ma_xp_A2000_s036y_n65_r12_v00_90000.hdf5,particle_level_raw_snapshot_parent_normalized,All raw asteroid particles in the physical snapshot are included in the denominator; all raw bound/captured asteroid particles are included in the numerator. No FoF background or unresolved material is discarded for the particle-level metrics.,BMF is bound_mass_kg / target_mass_kg for particles with negative Mars-centric orbital energy and apoapsis inside Mars's Hill sphere. energy_bound_mass_fraction is the negative-energy-only diagnostic. captured_mass_fraction is retained only as a backwards-compatible alias of bound_mass_fraction.
Ma_xp_A2000_s036y_n65_r16_v00_90000_fof_0.0040_0000.hdf5,Ma_xp_A2000_s036y_n65_r16_v00_90000.hdf5,A2000,n65,r16,v00,s036y,90000,0.004,4671,304257,9.060976593875205e+19,2006,4.92990939372e+19,0.492197070842,4.43798016072e+19,0.443083363428,1.3774943399379878e+18,2665,5.5781489179799994e+19,0.556916636572,9.6369808090847e+18,1.00161290787e+20,4.43798016072e+19,0.443083363428,/rds/general/user/nny124/home/irp-nny124/martian_moon_data/Ma_xp_A2000_s036y_n65_r16_v00_90000.hdf5,particle_level_raw_snapshot_parent_normalized,All raw asteroid particles in the physical snapshot are included in the denominator; all raw bound/captured asteroid particles are included in the numerator. No FoF background or unresolved material is discarded for the particle-level metrics.,BMF is bound_mass_kg / target_mass_kg for particles with negative Mars-centric orbital energy and apoapsis inside Mars's Hill sphere. energy_bound_mass_fraction is the negative-energy-only diagnostic. captured_mass_fraction is retained only as a backwards-compatible alias of bound_mass_fraction.
Ma_xp_A2000_s036y_n65_r16_v06_90000_fof_0.0040_0000.hdf5,Ma_xp_A2000_s036y_n65_r16_v06_90000.hdf5,A2000,n65,r16,v06,s036y,90000,0.004,3299,528023,9.36062991540688e+19,566,2.88690379661e+19,0.288225498486,2.40296903525e+19,0.239909950877,1.5987993055196552e+18,2733,7.61316004345e+19,0.760090049123,1.672450434278276e+19,1.00161290787e+20,2.40296903525e+19,0.239909950877,/rds/general/user/nny124/home/irp-nny124/martian_moon_data/Ma_xp_A2000_s036y_n65_r16_v06_90000.hdf5,particle_level_raw_snapshot_parent_normalized,All raw asteroid particles in the physical snapshot are included in the denominator; all raw bound/captured asteroid particles are included in the numerator. No FoF background or unresolved material is discarded for the particle-level metrics.,BMF is bound_mass_kg / target_mass_kg for particles with negative Mars-centric orbital energy and apoapsis inside Mars's Hill sphere. energy_bound_mass_fraction is the negative-energy-only diagnostic. captured_mass_fraction is retained only as a backwards-compatible alias of bound_mass_fraction.
Ma_xp_A2000_s036y_n65_r20_v00_90000_fof_0.0040_0000.hdf5,Ma_xp_A2000_s036y_n65_r20_v00_90000.hdf5,A2000,n65,r20,v00,s036y,90000,0.004,86,3033591,1.0000884470709684e+20,0,5.4722791817e+19,0.546346711259,2.38389506212e+19,0.238005625066,0.0,86,7.63223401658e+19,0.761994374934,9.608540888534196e+19,1.00161290787e+20,2.38389506212e+19,0.238005625066,/rds/general/user/nny124/home/irp-nny124/martian_moon_data/Ma_xp_A2000_s036y_n65_r20_v00_90000.hdf5,particle_level_raw_snapshot_parent_normalized,All raw asteroid particles in the physical snapshot are included in the denominator; all raw bound/captured asteroid particles are included in the numerator. No FoF background or unresolved material is discarded for the particle-level metrics.,BMF is bound_mass_kg / target_mass_kg for particles with negative Mars-centric orbital energy and apoapsis inside Mars's Hill sphere. energy_bound_mass_fraction is the negative-energy-only diagnostic. captured_mass_fraction is retained only as a backwards-compatible alias of bound_mass_fraction.
Ma_xp_A2000_s036z_n65_r12_v00_90000_fof_0.0040_0000.hdf5,Ma_xp_A2000_s036z_n65_r12_v00_90000.hdf5,A2000,n65,r12,v00,s036z,90000,0.004,451,92447,9.945154387591953e+19,218,5.23197309277e+19,0.522356616132,4.87677973159e+19,0.486894353822,1.5954102070056666e+18,233,5.13931450591e+19,0.5131056461779999,2.928149442268271e+18,1.00160942375e+20,4.87677973159e+19,0.486894353822,/rds/general/user/nny124/home/irp-nny124/martian_moon_data/Ma_xp_A2000_s036z_n65_r12_v00_90000.hdf5,particle_level_raw_snapshot_parent_normalized,All raw asteroid particles in the physical snapshot are included in the denominator; all raw bound/captured asteroid particles are included in the numerator. No FoF background or unresolved material is discarded for the particle-level metrics.,BMF is bound_mass_kg / target_mass_kg for particles with negative Mars-centric orbital energy and apoapsis inside Mars's Hill sphere. energy_bound_mass_fraction is the negative-energy-only diagnostic. captured_mass_fraction is retained only as a backwards-compatible alias of bound_mass_fraction.
Ma_xp_A2000_s036z_n65_r16_v00_90000_fof_0.0040_0000.hdf5,Ma_xp_A2000_s036z_n65_r16_v00_90000.hdf5,A2000,n65,r16,v00,s036z,90000,0.004,346,114985,1.000635137113286e+20,125,5.15771699411e+19,0.514941146782,4.80703398461e+19,0.479929316688,2.1106482025855985e+18,221,5.209095094089999e+19,0.520070683312,3.6420139498222454e+18,1.00161290787e+20,4.80703398461e+19,0.479929316688,/rds/general/user/nny124/home/irp-nny124/martian_moon_data/Ma_xp_A2000_s036z_n65_r16_v00_90000.hdf5,particle_level_raw_snapshot_parent_normalized,All raw asteroid particles in the physical snapshot are included in the denominator; all raw bound/captured asteroid particles are included in the numerator. No FoF background or unresolved material is discarded for the particle-level metrics.,BMF is bound_mass_kg / target_mass_kg for particles with negative Mars-centric orbital energy and apoapsis inside Mars's Hill sphere. energy_bound_mass_fraction is the negative-energy-only diagnostic. captured_mass_fraction is retained only as a backwards-compatible alias of bound_mass_fraction.
Ma_xp_A2000_s036z_n65_r16_v06_90000_fof_0.0040_0000.hdf5,Ma_xp_A2000_s036z_n65_r16_v06_90000.hdf5,A2000,n65,r16,v06,s036z,90000,0.004,348,105301,1.0007301585669492e+20,94,3.6275991953e+19,0.362175763391,3.24315189593e+19,0.323792941409,1.2340119449065075e+18,254,6.772977182769999e+19,0.676207058591,3.3352846973973325e+18,1.00161290787e+20,3.24315189593e+19,0.323792941409,/rds/general/user/nny124/home/irp-nny124/martian_moon_data/Ma_xp_A2000_s036z_n65_r16_v06_90000.hdf5,particle_level_raw_snapshot_parent_normalized,All raw asteroid particles in the physical snapshot are included in the denominator; all raw bound/captured asteroid particles are included in the numerator. No FoF background or unresolved material is discarded for the particle-level metrics.,BMF is bound_mass_kg / target_mass_kg for particles with negative Mars-centric orbital energy and apoapsis inside Mars's Hill sphere. energy_bound_mass_fraction is the negative-energy-only diagnostic. captured_mass_fraction is retained only as a backwards-compatible alias of bound_mass_fraction.
Ma_xp_A2000_s036z_n65_r20_v00_90000_fof_0.0040_0000.hdf5,Ma_xp_A2000_s036z_n65_r20_v00_90000.hdf5,A2000,n65,r20,v00,s036z,90000,0.004,296,192706,1.000754864144901e+20,116,4.94998109212e+19,0.494201008515,4.66442578695e+19,0.465691461271,2.3042385775154895e+18,180,5.3517032917499994e+19,0.5343085387290001,6.103734749875597e+18,1.00161290787e+20,4.66442578695e+19,0.465691461271,/rds/general/user/nny124/home/irp-nny124/martian_moon_data/Ma_xp_A2000_s036z_n65_r20_v00_90000.hdf5,particle_level_raw_snapshot_parent_normalized,All raw asteroid particles in the physical snapshot are included in the denominator; all raw bound/captured asteroid particles are included in the numerator. No FoF background or unresolved material is discarded for the particle-level metrics.,BMF is bound_mass_kg / target_mass_kg for particles with negative Mars-centric orbital energy and apoapsis inside Mars's Hill sphere. energy_bound_mass_fraction is the negative-energy-only diagnostic. captured_mass_fraction is retained only as a backwards-compatible alias of bound_mass_fraction.
Ma_xp_A2000_s047mz_n65_r12_v00_90000_fof_0.0040_0000.hdf5,Ma_xp_A2000_s047mz_n65_r12_v00_90000.hdf5,A2000,n65,r12,v00,s047mz,90000,0.004,318,3035762,9.983410726807233e+19,0,5.36372773692e+19,0.535997467648,2.91963901683e+19,0.291759611268,0.0,318,7.0873629946700005e+19,0.708240388732,9.606643198306773e+19,1.00070020115e+20,2.91963901683e+19,0.291759611268,/rds/general/user/nny124/home/irp-nny124/martian_moon_data/Ma_xp_A2000_s047mz_n65_r12_v00_90000.hdf5,particle_level_raw_snapshot_parent_normalized,All raw asteroid particles in the physical snapshot are included in the denominator; all raw bound/captured asteroid particles are included in the numerator. No FoF background or unresolved material is discarded for the particle-level metrics.,BMF is bound_mass_kg / target_mass_kg for particles with negative Mars-centric orbital energy and apoapsis inside Mars's Hill sphere. energy_bound_mass_fraction is the negative-energy-only diagnostic. captured_mass_fraction is retained only as a backwards-compatible alias of bound_mass_fraction.
Ma_xp_A2000_s047mz_n65_r16_v00_90000_fof_0.0040_0000.hdf5,Ma_xp_A2000_s047mz_n65_r16_v00_90000.hdf5,A2000,n65,r16,v00,s047mz,90000,0.004,1,3162278,1.0007002011234022e+20,0,5.28971344404e+19,0.528601217224,1.4261350781e+19,0.14251371954,0.0,1,8.580866933400001e+19,0.85748628046,1.0007002011234022e+20,1.00070020115e+20,1.4261350781e+19,0.14251371954,/rds/general/user/nny124/home/irp-nny124/martian_moon_data/Ma_xp_A2000_s047mz_n65_r16_v00_90000.hdf5,particle_level_raw_snapshot_parent_normalized,All raw asteroid particles in the physical snapshot are included in the denominator; all raw bound/captured asteroid particles are included in the numerator. No FoF background or unresolved material is discarded for the particle-level metrics.,BMF is bound_mass_kg / target_mass_kg for particles with negative Mars-centric orbital energy and apoapsis inside Mars's Hill sphere. energy_bound_mass_fraction is the negative-energy-only diagnostic. captured_mass_fraction is retained only as a backwards-compatible alias of bound_mass_fraction.
Ma_xp_A2000_s047mz_n65_r16_v06_90000_fof_0.0040_0000.hdf5,Ma_xp_A2000_s047mz_n65_r16_v06_90000.hdf5,A2000,n65,r16,v06,s047mz,90000,0.004,1,3162278,1.0007002011234022e+20,0,0.0,0.0,0.0,0.0,0.0,1,1.00070020115e+20,1.0,1.0007002011234022e+20,1.00070020115e+20,0.0,0.0,/rds/general/user/nny124/home/irp-nny124/martian_moon_data/Ma_xp_A2000_s047mz_n65_r16_v06_90000.hdf5,particle_level_raw_snapshot_parent_normalized,All raw asteroid particles in the physical snapshot are included in the denominator; all raw bound/captured asteroid particles are included in the numerator. No FoF background or unresolved material is discarded for the particle-level metrics.,BMF is bound_mass_kg / target_mass_kg for particles with negative Mars-centric orbital energy and apoapsis inside Mars's Hill sphere. energy_bound_mass_fraction is the negative-energy-only diagnostic. captured_mass_fraction is retained only as a backwards-compatible alias of bound_mass_fraction.
Ma_xp_A2000_s047x_n65_r12_v00_90000_fof_0.0040_0000.hdf5,Ma_xp_A2000_s047x_n65_r12_v00_90000.hdf5,A2000,n65,r12,v00,s047x,90000,0.004,2124,180941,9.543141346539608e+19,752,4.88255413869e+19,0.487913776082,4.70604512898e+19,0.470275225644,2.1109373786239148e+18,1372,5.30095688252e+19,0.5297247743560001,5.725862656478333e+18,1.00070020115e+20,4.70604512898e+19,0.470275225644,/rds/general/user/nny124/home/irp-nny124/martian_moon_data/Ma_xp_A2000_s047x_n65_r12_v00_90000.hdf5,particle_level_raw_snapshot_parent_normalized,All raw asteroid particles in the physical snapshot are included in the denominator; all raw bound/captured asteroid particles are included in the numerator. No FoF background or unresolved material is discarded for the particle-level metrics.,BMF is bound_mass_kg / target_mass_kg for particles with negative Mars-centric orbital energy and apoapsis inside Mars's Hill sphere. energy_bound_mass_fraction is the negative-energy-only diagnostic. captured_mass_fraction is retained only as a backwards-compatible alias of bound_mass_fraction.
Ma_xp_A2000_s047x_n65_r16_v00_90000_fof_0.0040_0000.hdf5,Ma_xp_A2000_s047x_n65_r16_v00_90000.hdf5,A2000,n65,r16,v00,s047x,90000,0.004,469,580980,9.88145080917746e+19,137,4.47303412264e+19,0.446990429051,4.45746482421e+19,0.44543458861,3.3657532131684326e+18,332,5.54953718729e+19,0.55456541139,1.8385063010243832e+19,1.00070020115e+20,4.45746482421e+19,0.44543458861,/rds/general/user/nny124/home/irp-nny124/martian_moon_data/Ma_xp_A2000_s047x_n65_r16_v00_90000.hdf5,particle_level_raw_snapshot_parent_normalized,All raw asteroid particles in the physical snapshot are included in the denominator; all raw bound/captured asteroid particles are included in the numerator. No FoF background or unresolved material is discarded for the particle-level metrics.,BMF is bound_mass_kg / target_mass_kg for particles with negative Mars-centric orbital energy and apoapsis inside Mars's Hill sphere. energy_bound_mass_fraction is the negative-energy-only diagnostic. captured_mass_fraction is retained only as a backwards-compatible alias of bound_mass_fraction.
Ma_xp_A2000_s047x_n65_r16_v06_90000_fof_0.0040_0000.hdf5,Ma_xp_A2000_s047x_n65_r16_v06_90000.hdf5,A2000,n65,r16,v06,s047x,90000,0.004,283,1068478,9.926899236916807e+19,0,1.90145120247e+19,0.190012073575,1.56253415741e+19,0.156144083474,0.0,283,8.44446785409e+19,0.843855916526,3.3811896030168826e+19,1.00070020115e+20,1.56253415741e+19,0.156144083474,/rds/general/user/nny124/home/irp-nny124/martian_moon_data/Ma_xp_A2000_s047x_n65_r16_v06_90000.hdf5,particle_level_raw_snapshot_parent_normalized,All raw asteroid particles in the physical snapshot are included in the denominator; all raw bound/captured asteroid particles are included in the numerator. No FoF background or unresolved material is discarded for the particle-level metrics.,BMF is bound_mass_kg / target_mass_kg for particles with negative Mars-centric orbital energy and apoapsis inside Mars's Hill sphere. energy_bound_mass_fraction is the negative-energy-only diagnostic. captured_mass_fraction is retained only as a backwards-compatible alias of bound_mass_fraction.
Ma_xp_A2000_s047x_n65_r20_v00_90000_fof_0.0040_0000.hdf5,Ma_xp_A2000_s047x_n65_r20_v00_90000.hdf5,A2000,n65,r20,v00,s047x,90000,0.004,2,2550689,9.999435712323944e+19,0,5.63034880802e+19,0.562640918983,2.3239393049e+19,0.232231321851,0.0,2,7.6830627066e+19,0.767768678149,8.071633788721742e+19,1.00070020115e+20,2.3239393049e+19,0.232231321851,/rds/general/user/nny124/home/irp-nny124/martian_moon_data/Ma_xp_A2000_s047x_n65_r20_v00_90000.hdf5,particle_level_raw_snapshot_parent_normalized,All raw asteroid particles in the physical snapshot are included in the denominator; all raw bound/captured asteroid particles are included in the numerator. No FoF background or unresolved material is discarded for the particle-level metrics.,BMF is bound_mass_kg / target_mass_kg for particles with negative Mars-centric orbital energy and apoapsis inside Mars's Hill sphere. energy_bound_mass_fraction is the negative-energy-only diagnostic. captured_mass_fraction is retained only as a backwards-compatible alias of bound_mass_fraction.
Ma_xp_A2000_s047y_n65_r12_v00_90000_fof_0.0040_0000.hdf5,Ma_xp_A2000_s047y_n65_r12_v00_90000.hdf5,A2000,n65,r12,v00,s047y,90000,0.004,1739,163786,9.625288382704452e+19,466,5.16492488424e+19,0.516131092839,4.66915348649e+19,0.466588642744,3.0060771035310556e+18,1273,5.33784852501e+19,0.533411357256,5.18299413098745e+18,1.00070020115e+20,4.66915348649e+19,0.466588642744,/rds/general/user/nny124/home/irp-nny124/martian_moon_data/Ma_xp_A2000_s047y_n65_r12_v00_90000.hdf5,particle_level_raw_snapshot_parent_normalized,All raw asteroid particles in the physical snapshot are included in the denominator; all raw bound/captured asteroid particles are included in the numerator. No FoF background or unresolved material is discarded for the particle-level metrics.,BMF is bound_mass_kg / target_mass_kg for particles with negative Mars-centric orbital energy and apoapsis inside Mars's Hill sphere. energy_bound_mass_fraction is the negative-energy-only diagnostic. captured_mass_fraction is retained only as a backwards-compatible alias of bound_mass_fraction.
Ma_xp_A2000_s047y_n65_r16_v00_90000_fof_0.0040_0000.hdf5,Ma_xp_A2000_s047y_n65_r16_v00_90000.hdf5,A2000,n65,r16,v00,s047y,90000,0.004,1635,541917,9.647879687856962e+19,578,4.85557684822e+19,0.485217934666,4.52983041699e+19,0.452666084386,1.87749283694052e+18,1057,5.47717159451e+19,0.547333915614,1.714891767586608e+19,1.00070020115e+20,4.52983041699e+19,0.452666084386,/rds/general/user/nny124/home/irp-nny124/martian_moon_data/Ma_xp_A2000_s047y_n65_r16_v00_90000.hdf5,particle_level_raw_snapshot_parent_normalized,All raw asteroid particles in the physical snapshot are included in the denominator; all raw bound/captured asteroid particles are included in the numerator. No FoF background or unresolved material is discarded for the particle-level metrics.,BMF is bound_mass_kg / target_mass_kg for particles with negative Mars-centric orbital energy and apoapsis inside Mars's Hill sphere. energy_bound_mass_fraction is the negative-energy-only diagnostic. captured_mass_fraction is retained only as a backwards-compatible alias of bound_mass_fraction.
Ma_xp_A2000_s047y_n65_r16_v06_90000_fof_0.0040_0000.hdf5,Ma_xp_A2000_s047y_n65_r16_v06_90000.hdf5,A2000,n65,r16,v06,s047y,90000,0.004,1462,820363,9.702321600533873e+19,147,2.70789339371e+19,0.270599865034,2.08744735785e+19,0.208598674753,2.0052750057513577e+18,1315,7.91955465365e+19,0.791401325247,2.5960317819099898e+19,1.00070020115e+20,2.08744735785e+19,0.208598674753,/rds/general/user/nny124/home/irp-nny124/martian_moon_data/Ma_xp_A2000_s047y_n65_r16_v06_90000.hdf5,particle_level_raw_snapshot_parent_normalized,All raw asteroid particles in the physical snapshot are included in the denominator; all raw bound/captured asteroid particles are included in the numerator. No FoF background or unresolved material is discarded for the particle-level metrics.,BMF is bound_mass_kg / target_mass_kg for particles with negative Mars-centric orbital energy and apoapsis inside Mars's Hill sphere. energy_bound_mass_fraction is the negative-energy-only diagnostic. captured_mass_fraction is retained only as a backwards-compatible alias of bound_mass_fraction.
Ma_xp_A2000_s047y_n65_r20_v00_90000_fof_0.0040_0000.hdf5,Ma_xp_A2000_s047y_n65_r20_v00_90000.hdf5,A2000,n65,r20,v00,s047y,90000,0.004,117,2873196,9.965983871941308e+19,0,5.72299246265e+19,0.571898802066,1.67960452232e+19,0.167842928421,0.0,117,8.32739748918e+19,0.832157071579,9.0922044650056e+19,1.00070020115e+20,1.67960452232e+19,0.167842928421,/rds/general/user/nny124/home/irp-nny124/martian_moon_data/Ma_xp_A2000_s047y_n65_r20_v00_90000.hdf5,particle_level_raw_snapshot_parent_normalized,All raw asteroid particles in the physical snapshot are included in the denominator; all raw bound/captured asteroid particles are included in the numerator. No FoF background or unresolved material is discarded for the particle-level metrics.,BMF is bound_mass_kg / target_mass_kg for particles with negative Mars-centric orbital energy and apoapsis inside Mars's Hill sphere. energy_bound_mass_fraction is the negative-energy-only diagnostic. captured_mass_fraction is retained only as a backwards-compatible alias of bound_mass_fraction.
Ma_xp_A2000_s047z_n65_r11_v00_90000_fof_0.0040_0000.hdf5,Ma_xp_A2000_s047z_n65_r11_v00_90000.hdf5,A2000,n65,r11,v00,s047z,90000,0.004,369,109926,9.995590854962428e+19,148,5.16058953081e+19,0.515697860846,4.86177292268e+19,0.485837108565,1.9471116510524175e+18,221,5.14522908882e+19,0.514162891435,3.4785989818616305e+18,1.00070020115e+20,4.86177292268e+19,0.485837108565,/rds/general/user/nny124/home/irp-nny124/martian_moon_data/Ma_xp_A2000_s047z_n65_r11_v00_90000.hdf5,particle_level_raw_snapshot_parent_normalized,All raw asteroid particles in the physical snapshot are included in the denominator; all raw bound/captured asteroid particles are included in the numerator. No FoF background or unresolved material is discarded for the particle-level metrics.,BMF is bound_mass_kg / target_mass_kg for particles with negative Mars-centric orbital energy and apoapsis inside Mars's Hill sphere. energy_bound_mass_fraction is the negative-energy-only diagnostic. captured_mass_fraction is retained only as a backwards-compatible alias of bound_mass_fraction.
Ma_xp_A2000_s047z_n65_r12_v00_90000_fof_0.0040_0000.hdf5,Ma_xp_A2000_s047z_n65_r12_v00_90000.hdf5,A2000,n65,r12,v00,s047z,90000,0.004,348,119613,9.99846421329071e+19,136,5.17067792987e+19,0.516705994856,4.83781455715e+19,0.483442948406,2.0026484777644088e+18,212,5.16918745435e+19,0.516557051594,3.7851432783649976e+18,1.00070020115e+20,4.83781455715e+19,0.483442948406,/rds/general/user/nny124/home/irp-nny124/martian_moon_data/Ma_xp_A2000_s047z_n65_r12_v00_90000.hdf5,particle_level_raw_snapshot_parent_normalized,All raw asteroid particles in the physical snapshot are included in the denominator; all raw bound/captured asteroid particles are included in the numerator. No FoF background or unresolved material is discarded for the particle-level metrics.,BMF is bound_mass_kg / target_mass_kg for particles with negative Mars-centric orbital energy and apoapsis inside Mars's Hill sphere. energy_bound_mass_fraction is the negative-energy-only diagnostic. captured_mass_fraction is retained only as a backwards-compatible alias of bound_mass_fraction.
Ma_xp_A2000_s047z_n65_r12_v02_90000_fof_0.0040_0000.hdf5,Ma_xp_A2000_s047z_n65_r12_v02_90000.hdf5,A2000,n65,r12,v02,s047z,90000,0.004,343,107805,9.997499043368205e+19,125,5.01434571829e+19,0.501083712438,4.66485294247e+19,0.466158889256,2.0797987817665933e+18,218,5.34214906903e+19,0.533841110744,3.411480116074117e+18,1.00070020115e+20,4.66485294247e+19,0.466158889256,/rds/general/user/nny124/home/irp-nny124/martian_moon_data/Ma_xp_A2000_s047z_n65_r12_v02_90000.hdf5,particle_level_raw_snapshot_parent_normalized,All raw asteroid particles in the physical snapshot are included in the denominator; all raw bound/captured asteroid particles are included in the numerator. No FoF background or unresolved material is discarded for the particle-level metrics.,BMF is bound_mass_kg / target_mass_kg for particles with negative Mars-centric orbital energy and apoapsis inside Mars's Hill sphere. energy_bound_mass_fraction is the negative-energy-only diagnostic. captured_mass_fraction is retained only as a backwards-compatible alias of bound_mass_fraction.
Ma_xp_A2000_s047z_n65_r12_v04_90000_fof_0.0040_0000.hdf5,Ma_xp_A2000_s047z_n65_r12_v04_90000.hdf5,A2000,n65,r12,v04,s047z,90000,0.004,342,104111,9.94292105759508e+19,124,4.46402797969e+19,0.446095523366,4.22113743072e+19,0.421823187473,2.127329444855716e+18,218,5.7857506590799995e+19,0.5781768125269999,3.2945837981961943e+18,1.00068880898e+20,4.22113743072e+19,0.421823187473,/rds/general/user/nny124/home/irp-nny124/martian_moon_data/Ma_xp_A2000_s047z_n65_r12_v04_90000.hdf5,particle_level_raw_snapshot_parent_normalized,All raw asteroid particles in the physical snapshot are included in the denominator; all raw bound/captured asteroid particles are included in the numerator. No FoF background or unresolved material is discarded for the particle-level metrics.,BMF is bound_mass_kg / target_mass_kg for particles with negative Mars-centric orbital energy and apoapsis inside Mars's Hill sphere. energy_bound_mass_fraction is the negative-energy-only diagnostic. captured_mass_fraction is retained only as a backwards-compatible alias of bound_mass_fraction.
Ma_xp_A2000_s047z_n65_r12_v06_90000_fof_0.0040_0000.hdf5,Ma_xp_A2000_s047z_n65_r12_v06_90000.hdf5,A2000,n65,r12,v06,s047z,90000,0.004,319,115639,9.999065466684196e+19,89,3.68526559605e+19,0.368268697439,3.30358994115e+19,0.330127838223,1.6451558672998144e+18,230,6.70341207035e+19,0.669872161777,3.659386384145489e+18,1.00070020115e+20,3.30358994115e+19,0.330127838223,/rds/general/user/nny124/home/irp-nny124/martian_moon_data/Ma_xp_A2000_s047z_n65_r12_v06_90000.hdf5,particle_level_raw_snapshot_parent_normalized,All raw asteroid particles in the physical snapshot are included in the denominator; all raw bound/captured asteroid particles are included in the numerator. No FoF background or unresolved material is discarded for the particle-level metrics.,BMF is bound_mass_kg / target_mass_kg for particles with negative Mars-centric orbital energy and apoapsis inside Mars's Hill sphere. energy_bound_mass_fraction is the negative-energy-only diagnostic. captured_mass_fraction is retained only as a backwards-compatible alias of bound_mass_fraction.
Ma_xp_A2000_s047z_n65_r12_v08_90000_fof_0.0040_0000.hdf5,Ma_xp_A2000_s047z_n65_r12_v08_90000.hdf5,A2000,n65,r12,v08,s047z,90000,0.004,305,137583,9.998571806003364e+19,52,2.53230841553e+19,0.253053653094,2.27330744009e+19,0.227171678138,1.0564022143213082e+18,253,7.73369457141e+19,0.772828321862,4.35380241000178e+18,1.00070020115e+20,2.27330744009e+19,0.227171678138,/rds/general/user/nny124/home/irp-nny124/martian_moon_data/Ma_xp_A2000_s047z_n65_r12_v08_90000.hdf5,particle_level_raw_snapshot_parent_normalized,All raw asteroid particles in the physical snapshot are included in the denominator; all raw bound/captured asteroid particles are included in the numerator. No FoF background or unresolved material is discarded for the particle-level metrics.,BMF is bound_mass_kg / target_mass_kg for particles with negative Mars-centric orbital energy and apoapsis inside Mars's Hill sphere. energy_bound_mass_fraction is the negative-energy-only diagnostic. captured_mass_fraction is retained only as a backwards-compatible alias of bound_mass_fraction.
Ma_xp_A2000_s047z_n65_r12_v10_90000_fof_0.0040_0000.hdf5,Ma_xp_A2000_s047z_n65_r12_v10_90000.hdf5,A2000,n65,r12,v10,s047z,90000,0.004,260,148991,9.999866083046833e+19,14,1.34756708189e+19,0.134662417409,1.09826527304e+19,0.109749680452,2.4999483249373434e+17,246,8.90873673846e+19,0.890250319548,4.714807606088727e+18,1.00070020115e+20,1.09826527304e+19,0.109749680452,/rds/general/user/nny124/home/irp-nny124/martian_moon_data/Ma_xp_A2000_s047z_n65_r12_v10_90000.hdf5,particle_level_raw_snapshot_parent_normalized,All raw asteroid particles in the physical snapshot are included in the denominator; all raw bound/captured asteroid particles are included in the numerator. No FoF background or unresolved material is discarded for the particle-level metrics.,BMF is bound_mass_kg / target_mass_kg for particles with negative Mars-centric orbital energy and apoapsis inside Mars's Hill sphere. energy_bound_mass_fraction is the negative-energy-only diagnostic. captured_mass_fraction is retained only as a backwards-compatible alias of bound_mass_fraction.
Ma_xp_A2000_s047z_n65_r12_v12_90000_fof_0.0040_0000.hdf5,Ma_xp_A2000_s047z_n65_r12_v12_90000.hdf5,A2000,n65,r12,v12,s047z,90000,0.004,228,117262,1.0000888213816448e+20,0,3.35379143511e+18,0.0335144474964,1.90831498465e+18,0.0190697971526,0.0,228,9.816170513035e+19,0.9809302028474,3.7107460820111816e+18,1.00070020115e+20,1.90831498465e+18,0.0190697971526,/rds/general/user/nny124/home/irp-nny124/martian_moon_data/Ma_xp_A2000_s047z_n65_r12_v12_90000.hdf5,particle_level_raw_snapshot_parent_normalized,All raw asteroid particles in the physical snapshot are included in the denominator; all raw bound/captured asteroid particles are included in the numerator. No FoF background or unresolved material is discarded for the particle-level metrics.,BMF is bound_mass_kg / target_mass_kg for particles with negative Mars-centric orbital energy and apoapsis inside Mars's Hill sphere. energy_bound_mass_fraction is the negative-energy-only diagnostic. captured_mass_fraction is retained only as a backwards-compatible alias of bound_mass_fraction.
Ma_xp_A2000_s047z_n65_r12_v14_90000_fof_0.0040_0000.hdf5,Ma_xp_A2000_s047z_n65_r12_v14_90000.hdf5,A2000,n65,r12,v14,s047z,90000,0.004,178,140821,1.000079644356418e+20,0,0.0,0.0,0.0,0.0,0.0,178,1.00070020115e+20,1.0,4.45626864640912e+18,1.00070020115e+20,0.0,0.0,/rds/general/user/nny124/home/irp-nny124/martian_moon_data/Ma_xp_A2000_s047z_n65_r12_v14_90000.hdf5,particle_level_raw_snapshot_parent_normalized,All raw asteroid particles in the physical snapshot are included in the denominator; all raw bound/captured asteroid particles are included in the numerator. No FoF background or unresolved material is discarded for the particle-level metrics.,BMF is bound_mass_kg / target_mass_kg for particles with negative Mars-centric orbital energy and apoapsis inside Mars's Hill sphere. energy_bound_mass_fraction is the negative-energy-only diagnostic. captured_mass_fraction is retained only as a backwards-compatible alias of bound_mass_fraction.
Ma_xp_A2000_s047z_n65_r12_v16_90000_fof_0.0040_0000.hdf5,Ma_xp_A2000_s047z_n65_r12_v16_90000.hdf5,A2000,n65,r12,v16,s047z,90000,0.004,136,166789,9.998027513458196e+19,0,0.0,0.0,0.0,0.0,0.0,136,1.00069672021e+20,1.0,5.278023812249422e+18,1.00069672021e+20,0.0,0.0,/rds/general/user/nny124/home/irp-nny124/martian_moon_data/Ma_xp_A2000_s047z_n65_r12_v16_90000.hdf5,particle_level_raw_snapshot_parent_normalized,All raw asteroid particles in the physical snapshot are included in the denominator; all raw bound/captured asteroid particles are included in the numerator. No FoF background or unresolved material is discarded for the particle-level metrics.,BMF is bound_mass_kg / target_mass_kg for particles with negative Mars-centric orbital energy and apoapsis inside Mars's Hill sphere. energy_bound_mass_fraction is the negative-energy-only diagnostic. captured_mass_fraction is retained only as a backwards-compatible alias of bound_mass_fraction.
Ma_xp_A2000_s047z_n65_r13_v00_90000_fof_0.0040_0000.hdf5,Ma_xp_A2000_s047z_n65_r13_v00_90000.hdf5,A2000,n65,r13,v00,s047z,90000,0.004,371,109379,9.99725221302628e+19,141,5.06976229433e+19,0.506621492481,4.75411059114e+19,0.475078408666,2.2580545908085563e+18,230,5.25289142036e+19,0.524921591334,3.461289213080032e+18,1.00070020115e+20,4.75411059114e+19,0.475078408666,/rds/general/user/nny124/home/irp-nny124/martian_moon_data/Ma_xp_A2000_s047z_n65_r13_v00_90000.hdf5,particle_level_raw_snapshot_parent_normalized,All raw asteroid particles in the physical snapshot are included in the denominator; all raw bound/captured asteroid particles are included in the numerator. No FoF background or unresolved material is discarded for the particle-level metrics.,BMF is bound_mass_kg / target_mass_kg for particles with negative Mars-centric orbital energy and apoapsis inside Mars's Hill sphere. energy_bound_mass_fraction is the negative-energy-only diagnostic. captured_mass_fraction is retained only as a backwards-compatible alias of bound_mass_fraction.
Ma_xp_A2000_s047z_n65_r14_v00_90000_fof_0.0040_0000.hdf5,Ma_xp_A2000_s047z_n65_r14_v00_90000.hdf5,A2000,n65,r14,v00,s047z,90000,0.004,345,92021,9.997815492522e+19,139,5.11433099333e+19,0.511075243859,4.7580219027e+19,0.475469266143,1.9010999439075543e+18,206,5.2489801088e+19,0.524530733857,2.9119967697327165e+18,1.00070020115e+20,4.7580219027e+19,0.475469266143,/rds/general/user/nny124/home/irp-nny124/martian_moon_data/Ma_xp_A2000_s047z_n65_r14_v00_90000.hdf5,particle_level_raw_snapshot_parent_normalized,All raw asteroid particles in the physical snapshot are included in the denominator; all raw bound/captured asteroid particles are included in the numerator. No FoF background or unresolved material is discarded for the particle-level metrics.,BMF is bound_mass_kg / target_mass_kg for particles with negative Mars-centric orbital energy and apoapsis inside Mars's Hill sphere. energy_bound_mass_fraction is the negative-energy-only diagnostic. captured_mass_fraction is retained only as a backwards-compatible alias of bound_mass_fraction.
Ma_xp_A2000_s047z_n65_r15_v00_90000_fof_0.0040_0000.hdf5,Ma_xp_A2000_s047z_n65_r15_v00_90000.hdf5,A2000,n65,r15,v00,s047z,90000,0.004,358,142221,9.996840829124696e+19,142,5.06785727041e+19,0.506431123386,4.73363000183e+19,0.473031782784,2.333021395641088e+18,216,5.27337200967e+19,0.526968217216,4.5005715281170493e+18,1.00070020115e+20,4.73363000183e+19,0.473031782784,/rds/general/user/nny124/home/irp-nny124/martian_moon_data/Ma_xp_A2000_s047z_n65_r15_v00_90000.hdf5,particle_level_raw_snapshot_parent_normalized,All raw asteroid particles in the physical snapshot are included in the denominator; all raw bound/captured asteroid particles are included in the numerator. No FoF background or unresolved material is discarded for the particle-level metrics.,BMF is bound_mass_kg / target_mass_kg for particles with negative Mars-centric orbital energy and apoapsis inside Mars's Hill sphere. energy_bound_mass_fraction is the negative-energy-only diagnostic. captured_mass_fraction is retained only as a backwards-compatible alias of bound_mass_fraction.
Ma_xp_A2000_s047z_n65_r16_v00_90000_fof_0.0040_0000.hdf5,Ma_xp_A2000_s047z_n65_r16_v00_90000.hdf5,A2000,n65,r16,v00,s047z,90000,0.004,356,97171,9.997106646412527e+19,140,4.97918505268e+19,0.497570106107,4.73000982349e+19,0.472670018259,2.270902426503752e+18,216,5.27699218801e+19,0.527329981741,3.074968084586886e+18,1.00070020115e+20,4.73000982349e+19,0.472670018259,/rds/general/user/nny124/home/irp-nny124/martian_moon_data/Ma_xp_A2000_s047z_n65_r16_v00_90000.hdf5,particle_level_raw_snapshot_parent_normalized,All raw asteroid particles in the physical snapshot are included in the denominator; all raw bound/captured asteroid particles are included in the numerator. No FoF background or unresolved material is discarded for the particle-level metrics.,BMF is bound_mass_kg / target_mass_kg for particles with negative Mars-centric orbital energy and apoapsis inside Mars's Hill sphere. energy_bound_mass_fraction is the negative-energy-only diagnostic. captured_mass_fraction is retained only as a backwards-compatible alias of bound_mass_fraction.
Ma_xp_A2000_s047z_n65_r16_v02_90000_fof_0.0040_0000.hdf5,Ma_xp_A2000_s047z_n65_r16_v02_90000.hdf5,A2000,n65,r16,v02,s047z,90000,0.004,339,134887,9.99027767364928e+19,131,4.82738755749e+19,0.482401435675,4.54382696312e+19,0.454065190409,2.1832143656382664e+18,208,5.463165554879999e+19,0.5459348095909999,4.2684877177985096e+18,1.0006992518e+20,4.54382696312e+19,0.454065190409,/rds/general/user/nny124/home/irp-nny124/martian_moon_data/Ma_xp_A2000_s047z_n65_r16_v02_90000.hdf5,particle_level_raw_snapshot_parent_normalized,All raw asteroid particles in the physical snapshot are included in the denominator; all raw bound/captured asteroid particles are included in the numerator. No FoF background or unresolved material is discarded for the particle-level metrics.,BMF is bound_mass_kg / target_mass_kg for particles with negative Mars-centric orbital energy and apoapsis inside Mars's Hill sphere. energy_bound_mass_fraction is the negative-energy-only diagnostic. captured_mass_fraction is retained only as a backwards-compatible alias of bound_mass_fraction.
Ma_xp_A2000_s047z_n65_r16_v04_90000_fof_0.0040_0000.hdf5,Ma_xp_A2000_s047z_n65_r16_v04_90000.hdf5,A2000,n65,r16,v04,s047z,90000,0.004,349,131286,9.998442061848994e+19,117,4.30130665967e+19,0.429829698717,3.89705552205e+19,0.389432870861,1.9441686739104143e+18,232,6.10994648945e+19,0.610567129139,4.1545343770626135e+18,1.00070020115e+20,3.89705552205e+19,0.389432870861,/rds/general/user/nny124/home/irp-nny124/martian_moon_data/Ma_xp_A2000_s047z_n65_r16_v04_90000.hdf5,particle_level_raw_snapshot_parent_normalized,All raw asteroid particles in the physical snapshot are included in the denominator; all raw bound/captured asteroid particles are included in the numerator. No FoF background or unresolved material is discarded for the particle-level metrics.,BMF is bound_mass_kg / target_mass_kg for particles with negative Mars-centric orbital energy and apoapsis inside Mars's Hill sphere. energy_bound_mass_fraction is the negative-energy-only diagnostic. captured_mass_fraction is retained only as a backwards-compatible alias of bound_mass_fraction.
Ma_xp_A2000_s047z_n65_r16_v06_90000_fof_0.0040_0000.hdf5,Ma_xp_A2000_s047z_n65_r16_v06_90000.hdf5,A2000,n65,r16,v06,s047z,90000,0.004,319,131216,9.998600286429628e+19,72,3.46179236724e+19,0.345937448811,3.08778427537e+19,0.308562762114,1.3686742405290647e+18,247,6.91920507813e+19,0.691437237886,4.152319232977217e+18,1.00069893535e+20,3.08778427537e+19,0.308562762114,/rds/general/user/nny124/home/irp-nny124/martian_moon_data/Ma_xp_A2000_s047z_n65_r16_v06_90000.hdf5,particle_level_raw_snapshot_parent_normalized,All raw asteroid particles in the physical snapshot are included in the denominator; all raw bound/captured asteroid particles are included in the numerator. No FoF background or unresolved material is discarded for the particle-level metrics.,BMF is bound_mass_kg / target_mass_kg for particles with negative Mars-centric orbital energy and apoapsis inside Mars's Hill sphere. energy_bound_mass_fraction is the negative-energy-only diagnostic. captured_mass_fraction is retained only as a backwards-compatible alias of bound_mass_fraction.
Ma_xp_A2000_s047z_n65_r16_v08_90000_fof_0.0040_0000.hdf5,Ma_xp_A2000_s047z_n65_r16_v08_90000.hdf5,A2000,n65,r16,v08,s047z,90000,0.004,285,138336,9.999350270926794e+19,34,2.2891836942e+19,0.22875819267,2.02633153253e+19,0.202491368564,5.888169428115082e+17,251,7.98067047897e+19,0.797508631436,4.3776310313775447e+18,1.00070020115e+20,2.02633153253e+19,0.202491368564,/rds/general/user/nny124/home/irp-nny124/martian_moon_data/Ma_xp_A2000_s047z_n65_r16_v08_90000.hdf5,particle_level_raw_snapshot_parent_normalized,All raw asteroid particles in the physical snapshot are included in the denominator; all raw bound/captured asteroid particles are included in the numerator. No FoF background or unresolved material is discarded for the particle-level metrics.,BMF is bound_mass_kg / target_mass_kg for particles with negative Mars-centric orbital energy and apoapsis inside Mars's Hill sphere. energy_bound_mass_fraction is the negative-energy-only diagnostic. captured_mass_fraction is retained only as a backwards-compatible alias of bound_mass_fraction.
Ma_xp_A2000_s047z_n65_r16_v10_90000_fof_0.0040_0000.hdf5,Ma_xp_A2000_s047z_n65_r16_v10_90000.hdf5,A2000,n65,r16,v10,s047z,90000,0.004,265,187213,9.999856589574632e+19,1,1.08976544874e+19,0.108900292764,8.83687429984e+18,0.0883069103981,1.7183189119505994e+16,264,9.123314581516e+19,0.9116930896019,5.924339566526646e+18,1.00070020115e+20,8.83687429984e+18,0.0883069103981,/rds/general/user/nny124/home/irp-nny124/martian_moon_data/Ma_xp_A2000_s047z_n65_r16_v10_90000.hdf5,particle_level_raw_snapshot_parent_normalized,All raw asteroid particles in the physical snapshot are included in the denominator; all raw bound/captured asteroid particles are included in the numerator. No FoF background or unresolved material is discarded for the particle-level metrics.,BMF is bound_mass_kg / target_mass_kg for particles with negative Mars-centric orbital energy and apoapsis inside Mars's Hill sphere. energy_bound_mass_fraction is the negative-energy-only diagnostic. captured_mass_fraction is retained only as a backwards-compatible alias of bound_mass_fraction.
Ma_xp_A2000_s047z_n65_r17_v00_90000_fof_0.0040_0000.hdf5,Ma_xp_A2000_s047z_n65_r17_v00_90000.hdf5,A2000,n65,r17,v00,s047z,90000,0.004,329,130693,9.997492714386122e+19,125,5.02129177725e+19,0.501777832309,4.72563016719e+19,0.472232359078,1.756577614794356e+18,204,5.2813718443100004e+19,0.527767640922,4.135768942167755e+18,1.00070020115e+20,4.72563016719e+19,0.472232359078,/rds/general/user/nny124/home/irp-nny124/martian_moon_data/Ma_xp_A2000_s047z_n65_r17_v00_90000.hdf5,particle_level_raw_snapshot_parent_normalized,All raw asteroid particles in the physical snapshot are included in the denominator; all raw bound/captured asteroid particles are included in the numerator. No FoF background or unresolved material is discarded for the particle-level metrics.,BMF is bound_mass_kg / target_mass_kg for particles with negative Mars-centric orbital energy and apoapsis inside Mars's Hill sphere. energy_bound_mass_fraction is the negative-energy-only diagnostic. captured_mass_fraction is retained only as a backwards-compatible alias of bound_mass_fraction.
Ma_xp_A2000_s047z_n65_r18_v00_90000_fof_0.0040_0000.hdf5,Ma_xp_A2000_s047z_n65_r18_v00_90000.hdf5,A2000,n65,r18,v00,s047z,90000,0.004,322,184775,9.997964223626248e+19,121,5.10427423918e+19,0.510070272127,4.48958124896e+19,0.448643983862,2.709849049482535e+18,201,5.51742076254e+19,0.551356016138,5.847189262525086e+18,1.00070020115e+20,4.48958124896e+19,0.448643983862,/rds/general/user/nny124/home/irp-nny124/martian_moon_data/Ma_xp_A2000_s047z_n65_r18_v00_90000.hdf5,particle_level_raw_snapshot_parent_normalized,All raw asteroid particles in the physical snapshot are included in the denominator; all raw bound/captured asteroid particles are included in the numerator. No FoF background or unresolved material is discarded for the particle-level metrics.,BMF is bound_mass_kg / target_mass_kg for particles with negative Mars-centric orbital energy and apoapsis inside Mars's Hill sphere. energy_bound_mass_fraction is the negative-energy-only diagnostic. captured_mass_fraction is retained only as a backwards-compatible alias of bound_mass_fraction.
Ma_xp_A2000_s047z_n65_r19_v00_90000_fof_0.0040_0000.hdf5,Ma_xp_A2000_s047z_n65_r19_v00_90000.hdf5,A2000,n65,r19,v00,s047z,90000,0.004,292,315831,9.998669905236415e+19,101,5.01102616666e+19,0.500751989547,4.28980056839e+19,0.428679894684,2.9650336481202094e+18,191,5.71720144311e+19,0.571320105316,9.994445308968286e+18,1.00070020115e+20,4.28980056839e+19,0.428679894684,/rds/general/user/nny124/home/irp-nny124/martian_moon_data/Ma_xp_A2000_s047z_n65_r19_v00_90000.hdf5,particle_level_raw_snapshot_parent_normalized,All raw asteroid particles in the physical snapshot are included in the denominator; all raw bound/captured asteroid particles are included in the numerator. No FoF background or unresolved material is discarded for the particle-level metrics.,BMF is bound_mass_kg / target_mass_kg for particles with negative Mars-centric orbital energy and apoapsis inside Mars's Hill sphere. energy_bound_mass_fraction is the negative-energy-only diagnostic. captured_mass_fraction is retained only as a backwards-compatible alias of bound_mass_fraction.
Ma_xp_A2000_s047z_n65_r20_v00_90000_fof_0.0040_0000.hdf5,Ma_xp_A2000_s047z_n65_r20_v00_90000.hdf5,A2000,n65,r20,v00,s047z,90000,0.004,239,907115,9.997935743239312e+19,79,4.66513774671e+19,0.466187349752,4.02120169007e+19,0.401838801016,2.109639937088193e+18,160,5.9858003214300004e+19,0.598161198984,2.8705577529180512e+19,1.00070020115e+20,4.02120169007e+19,0.401838801016,/rds/general/user/nny124/home/irp-nny124/martian_moon_data/Ma_xp_A2000_s047z_n65_r20_v00_90000.hdf5,particle_level_raw_snapshot_parent_normalized,All raw asteroid particles in the physical snapshot are included in the denominator; all raw bound/captured asteroid particles are included in the numerator. No FoF background or unresolved material is discarded for the particle-level metrics.,BMF is bound_mass_kg / target_mass_kg for particles with negative Mars-centric orbital energy and apoapsis inside Mars's Hill sphere. energy_bound_mass_fraction is the negative-energy-only diagnostic. captured_mass_fraction is retained only as a backwards-compatible alias of bound_mass_fraction.
Ma_xp_A2000_s047z_n65_r20_v02_90000_fof_0.0040_0000.hdf5,Ma_xp_A2000_s047z_n65_r20_v02_90000.hdf5,A2000,n65,r20,v02,s047z,90000,0.004,272,933177,9.993030781341735e+19,79,4.44005062721e+19,0.4436943874,3.80551627497e+19,0.380285351256,2.0834063021342095e+18,193,6.20148573653e+19,0.619714648744,2.953030731712916e+19,1.00070020115e+20,3.80551627497e+19,0.380285351256,/rds/general/user/nny124/home/irp-nny124/martian_moon_data/Ma_xp_A2000_s047z_n65_r20_v02_90000.hdf5,particle_level_raw_snapshot_parent_normalized,All raw asteroid particles in the physical snapshot are included in the denominator; all raw bound/captured asteroid particles are included in the numerator. No FoF background or unresolved material is discarded for the particle-level metrics.,BMF is bound_mass_kg / target_mass_kg for particles with negative Mars-centric orbital energy and apoapsis inside Mars's Hill sphere. energy_bound_mass_fraction is the negative-energy-only diagnostic. captured_mass_fraction is retained only as a backwards-compatible alias of bound_mass_fraction.
Ma_xp_A2000_s047z_n65_r20_v04_90000_fof_0.0040_0000.hdf5,Ma_xp_A2000_s047z_n65_r20_v04_90000.hdf5,A2000,n65,r20,v04,s047z,90000,0.004,220,932252,9.999033821809182e+19,46,3.75173574106e+19,0.37491106095,3.06545562299e+19,0.306331068932,2.1618224027566108e+18,174,6.94154638851e+19,0.693668931068,2.9501035770285e+19,1.00070020115e+20,3.06545562299e+19,0.306331068932,/rds/general/user/nny124/home/irp-nny124/martian_moon_data/Ma_xp_A2000_s047z_n65_r20_v04_90000.hdf5,particle_level_raw_snapshot_parent_normalized,All raw asteroid particles in the physical snapshot are included in the denominator; all raw bound/captured asteroid particles are included in the numerator. No FoF background or unresolved material is discarded for the particle-level metrics.,BMF is bound_mass_kg / target_mass_kg for particles with negative Mars-centric orbital energy and apoapsis inside Mars's Hill sphere. energy_bound_mass_fraction is the negative-energy-only diagnostic. captured_mass_fraction is retained only as a backwards-compatible alias of bound_mass_fraction.
Ma_xp_A2000_s047z_n65_r20_v06_90000_fof_0.0040_0000.hdf5,Ma_xp_A2000_s047z_n65_r20_v06_90000.hdf5,A2000,n65,r20,v06,s047z,90000,0.004,215,1073751,1.000050847490093e+20,11,2.32345830218e+19,0.232183255236,2.21132137959e+19,0.220977409323,1.8376835332347167e+18,204,7.79568063191e+19,0.779022590677,3.397875966963829e+19,1.00070020115e+20,2.21132137959e+19,0.220977409323,/rds/general/user/nny124/home/irp-nny124/martian_moon_data/Ma_xp_A2000_s047z_n65_r20_v06_90000.hdf5,particle_level_raw_snapshot_parent_normalized,All raw asteroid particles in the physical snapshot are included in the denominator; all raw bound/captured asteroid particles are included in the numerator. No FoF background or unresolved material is discarded for the particle-level metrics.,BMF is bound_mass_kg / target_mass_kg for particles with negative Mars-centric orbital energy and apoapsis inside Mars's Hill sphere. energy_bound_mass_fraction is the negative-energy-only diagnostic. captured_mass_fraction is retained only as a backwards-compatible alias of bound_mass_fraction.
Ma_xp_A2000_s047z_n65_r20_v08_90000_fof_0.0040_0000.hdf5,Ma_xp_A2000_s047z_n65_r20_v08_90000.hdf5,A2000,n65,r20,v08,s047z,90000,0.004,171,1221602,1.000039455322404e+20,0,1.01339677415e+19,0.10126880093,8.33156828904e+18,0.0832574123013,0.0,171,9.173842018095999e+19,0.9167425876987,3.865749207229332e+19,1.0006998847e+20,8.33156828904e+18,0.0832574123013,/rds/general/user/nny124/home/irp-nny124/martian_moon_data/Ma_xp_A2000_s047z_n65_r20_v08_90000.hdf5,particle_level_raw_snapshot_parent_normalized,All raw asteroid particles in the physical snapshot are included in the denominator; all raw bound/captured asteroid particles are included in the numerator. No FoF background or unresolved material is discarded for the particle-level metrics.,BMF is bound_mass_kg / target_mass_kg for particles with negative Mars-centric orbital energy and apoapsis inside Mars's Hill sphere. energy_bound_mass_fraction is the negative-energy-only diagnostic. captured_mass_fraction is retained only as a backwards-compatible alias of bound_mass_fraction.
Ma_xp_A2000_s047z_n65_r20_v10_90000_fof_0.0040_0000.hdf5,Ma_xp_A2000_s047z_n65_r20_v10_90000.hdf5,A2000,n65,r20,v10,s047z,90000,0.004,142,1601487,9.999448370314812e+19,0,0.0,0.0,0.0,0.0,0.0,142,1.00070020115e+20,1.0,5.067892079974599e+19,1.00070020115e+20,0.0,0.0,/rds/general/user/nny124/home/irp-nny124/martian_moon_data/Ma_xp_A2000_s047z_n65_r20_v10_90000.hdf5,particle_level_raw_snapshot_parent_normalized,All raw asteroid particles in the physical snapshot are included in the denominator; all raw bound/captured asteroid particles are included in the numerator. No FoF background or unresolved material is discarded for the particle-level metrics.,BMF is bound_mass_kg / target_mass_kg for particles with negative Mars-centric orbital energy and apoapsis inside Mars's Hill sphere. energy_bound_mass_fraction is the negative-energy-only diagnostic. captured_mass_fraction is retained only as a backwards-compatible alias of bound_mass_fraction.
Ma_xp_A2000_s047z_n65_r22_v00_90000_fof_0.0040_0000.hdf5,Ma_xp_A2000_s047z_n65_r22_v00_90000.hdf5,A2000,n65,r22,v00,s047z,90000,0.004,75,2570021,1.0004011567103412e+20,0,4.89257291894e+19,0.488914953081,2.65574257295e+19,0.26538843201,0.0,75,7.35125943855e+19,0.73461156799,8.132809739364424e+19,1.00070020115e+20,2.65574257295e+19,0.26538843201,/rds/general/user/nny124/home/irp-nny124/martian_moon_data/Ma_xp_A2000_s047z_n65_r22_v00_90000.hdf5,particle_level_raw_snapshot_parent_normalized,All raw asteroid particles in the physical snapshot are included in the denominator; all raw bound/captured asteroid particles are included in the numerator. No FoF background or unresolved material is discarded for the particle-level metrics.,BMF is bound_mass_kg / target_mass_kg for particles with negative Mars-centric orbital energy and apoapsis inside Mars's Hill sphere. energy_bound_mass_fraction is the negative-energy-only diagnostic. captured_mass_fraction is retained only as a backwards-compatible alias of bound_mass_fraction.
Ma_xp_A2000_s047z_n65_r24_v00_90000_fof_0.0040_0000.hdf5,Ma_xp_A2000_s047z_n65_r24_v00_90000.hdf5,A2000,n65,r24,v00,s047z,90000,0.004,225,2978617,9.962433312355916e+19,0,4.99147910235e+19,0.498798650846,1.84899342604e+19,0.184769966461,0.0,225,8.15800858546e+19,0.815230033539,9.425808328687691e+19,1.00070020115e+20,1.84899342604e+19,0.184769966461,/rds/general/user/nny124/home/irp-nny124/martian_moon_data/Ma_xp_A2000_s047z_n65_r24_v00_90000.hdf5,particle_level_raw_snapshot_parent_normalized,All raw asteroid particles in the physical snapshot are included in the denominator; all raw bound/captured asteroid particles are included in the numerator. No FoF background or unresolved material is discarded for the particle-level metrics.,BMF is bound_mass_kg / target_mass_kg for particles with negative Mars-centric orbital energy and apoapsis inside Mars's Hill sphere. energy_bound_mass_fraction is the negative-energy-only diagnostic. captured_mass_fraction is retained only as a backwards-compatible alias of bound_mass_fraction.
Ma_xp_A2000_s047z_n65_r26_v00_90000_fof_0.0040_0000.hdf5,Ma_xp_A2000_s047z_n65_r26_v00_90000.hdf5,A2000,n65,r26,v00,s047z,90000,0.004,1,3162278,1.0007002011234022e+20,0,4.97175799101e+19,0.49682791962,1.93812133056e+19,0.193676520534,0.0,1,8.06888068094e+19,0.806323479466,1.0007002011234022e+20,1.00070020115e+20,1.93812133056e+19,0.193676520534,/rds/general/user/nny124/home/irp-nny124/martian_moon_data/Ma_xp_A2000_s047z_n65_r26_v00_90000.hdf5,particle_level_raw_snapshot_parent_normalized,All raw asteroid particles in the physical snapshot are included in the denominator; all raw bound/captured asteroid particles are included in the numerator. No FoF background or unresolved material is discarded for the particle-level metrics.,BMF is bound_mass_kg / target_mass_kg for particles with negative Mars-centric orbital energy and apoapsis inside Mars's Hill sphere. energy_bound_mass_fraction is the negative-energy-only diagnostic. captured_mass_fraction is retained only as a backwards-compatible alias of bound_mass_fraction.
Ma_xp_A2000_s047z_n65_r28_v00_90000_fof_0.0040_0000.hdf5,Ma_xp_A2000_s047z_n65_r28_v00_90000.hdf5,A2000,n65,r28,v00,s047z,90000,0.004,1,3162278,1.0007002011234022e+20,0,4.91392057894e+19,0.491048225362,1.45515979461e+19,0.145414160298,0.0,1,8.55184221689e+19,0.854585839702,1.0007002011234022e+20,1.00070020115e+20,1.45515979461e+19,0.145414160298,/rds/general/user/nny124/home/irp-nny124/martian_moon_data/Ma_xp_A2000_s047z_n65_r28_v00_90000.hdf5,particle_level_raw_snapshot_parent_normalized,All raw asteroid particles in the physical snapshot are included in the denominator; all raw bound/captured asteroid particles are included in the numerator. No FoF background or unresolved material is discarded for the particle-level metrics.,BMF is bound_mass_kg / target_mass_kg for particles with negative Mars-centric orbital energy and apoapsis inside Mars's Hill sphere. energy_bound_mass_fraction is the negative-energy-only diagnostic. captured_mass_fraction is retained only as a backwards-compatible alias of bound_mass_fraction.
Ma_xp_A2000_s047z_n65_r30_v00_90000_fof_0.0040_0000.hdf5,Ma_xp_A2000_s047z_n65_r30_v00_90000.hdf5,A2000,n65,r30,v00,s047z,90000,0.004,1,3162278,1.0007002011234022e+20,0,4.88730404051e+19,0.488388433907,1.24028132485e+19,0.12394134861,0.0,1,8.76672068665e+19,0.8760586513899999,1.0007002011234022e+20,1.00070020115e+20,1.24028132485e+19,0.12394134861,/rds/general/user/nny124/home/irp-nny124/martian_moon_data/Ma_xp_A2000_s047z_n65_r30_v00_90000.hdf5,particle_level_raw_snapshot_parent_normalized,All raw asteroid particles in the physical snapshot are included in the denominator; all raw bound/captured asteroid particles are included in the numerator. No FoF background or unresolved material is discarded for the particle-level metrics.,BMF is bound_mass_kg / target_mass_kg for particles with negative Mars-centric orbital energy and apoapsis inside Mars's Hill sphere. energy_bound_mass_fraction is the negative-energy-only diagnostic. captured_mass_fraction is retained only as a backwards-compatible alias of bound_mass_fraction.
Ma_xp_A2000_s086mz_n65_r12_v00_90000_fof_0.0040_0000.hdf5,Ma_xp_A2000_s086mz_n65_r12_v00_90000.hdf5,A2000,n65,r12,v00,s086mz,90000,0.004,204,1187253,9.989067223980528e+19,31,4.5180559681e+19,0.451783176558,3.15754196614e+19,0.315738527732,1.8987887735435704e+18,173,6.84295429516e+19,0.684261472268,3.754609552944561e+19,1.00004962613e+20,3.15754196614e+19,0.315738527732,/rds/general/user/nny124/home/irp-nny124/martian_moon_data/Ma_xp_A2000_s086mz_n65_r12_v00_90000.hdf5,particle_level_raw_snapshot_parent_normalized,All raw asteroid particles in the physical snapshot are included in the denominator; all raw bound/captured asteroid particles are included in the numerator. No FoF background or unresolved material is discarded for the particle-level metrics.,BMF is bound_mass_kg / target_mass_kg for particles with negative Mars-centric orbital energy and apoapsis inside Mars's Hill sphere. energy_bound_mass_fraction is the negative-energy-only diagnostic. captured_mass_fraction is retained only as a backwards-compatible alias of bound_mass_fraction.
Ma_xp_A2000_s086mz_n65_r16_v00_90000_fof_0.0040_0000.hdf5,Ma_xp_A2000_s086mz_n65_r16_v00_90000.hdf5,A2000,n65,r16,v00,s086mz,90000,0.004,2,2265213,1.000049626144054e+20,0,5.96844318906e+19,0.596814701301,2.96164497641e+19,0.296149800871,0.0,2,7.03885128489e+19,0.703850199129,7.1635871792097845e+19,1.00004962613e+20,2.96164497641e+19,0.296149800871,/rds/general/user/nny124/home/irp-nny124/martian_moon_data/Ma_xp_A2000_s086mz_n65_r16_v00_90000.hdf5,particle_level_raw_snapshot_parent_normalized,All raw asteroid particles in the physical snapshot are included in the denominator; all raw bound/captured asteroid particles are included in the numerator. No FoF background or unresolved material is discarded for the particle-level metrics.,BMF is bound_mass_kg / target_mass_kg for particles with negative Mars-centric orbital energy and apoapsis inside Mars's Hill sphere. energy_bound_mass_fraction is the negative-energy-only diagnostic. captured_mass_fraction is retained only as a backwards-compatible alias of bound_mass_fraction.
Ma_xp_A2000_s086mz_n65_r16_v06_90000_fof_0.0040_0000.hdf5,Ma_xp_A2000_s086mz_n65_r16_v06_90000.hdf5,A2000,n65,r16,v06,s086mz,90000,0.004,2,2104750,1.000049626144054e+20,0,0.0,0.0,0.0,0.0,0.0,2,1.00004962613e+20,1.0,6.6561334918341894e+19,1.00004962613e+20,0.0,0.0,/rds/general/user/nny124/home/irp-nny124/martian_moon_data/Ma_xp_A2000_s086mz_n65_r16_v06_90000.hdf5,particle_level_raw_snapshot_parent_normalized,All raw asteroid particles in the physical snapshot are included in the denominator; all raw bound/captured asteroid particles are included in the numerator. No FoF background or unresolved material is discarded for the particle-level metrics.,BMF is bound_mass_kg / target_mass_kg for particles with negative Mars-centric orbital energy and apoapsis inside Mars's Hill sphere. energy_bound_mass_fraction is the negative-energy-only diagnostic. captured_mass_fraction is retained only as a backwards-compatible alias of bound_mass_fraction.
Ma_xp_A2000_s086x_n65_r12_v00_90000_fof_0.0040_0000.hdf5,Ma_xp_A2000_s086x_n65_r12_v00_90000.hdf5,A2000,n65,r12,v00,s086x,90000,0.004,974,263448,9.728982306173505e+19,315,5.10927621393e+19,0.51090226729,4.71119531517e+19,0.471096152837,4.128716037606689e+18,659,5.2893009461299995e+19,0.528903847163,8.33136978796327e+18,1.00004962613e+20,4.71119531517e+19,0.471096152837,/rds/general/user/nny124/home/irp-nny124/martian_moon_data/Ma_xp_A2000_s086x_n65_r12_v00_90000.hdf5,particle_level_raw_snapshot_parent_normalized,All raw asteroid particles in the physical snapshot are included in the denominator; all raw bound/captured asteroid particles are included in the numerator. No FoF background or unresolved material is discarded for the particle-level metrics.,BMF is bound_mass_kg / target_mass_kg for particles with negative Mars-centric orbital energy and apoapsis inside Mars's Hill sphere. energy_bound_mass_fraction is the negative-energy-only diagnostic. captured_mass_fraction is retained only as a backwards-compatible alias of bound_mass_fraction.
Ma_xp_A2000_s086x_n65_r16_v00_90000_fof_0.0040_0000.hdf5,Ma_xp_A2000_s086x_n65_r16_v00_90000.hdf5,A2000,n65,r16,v00,s086x,90000,0.004,107,944855,9.954862335071314e+19,48,4.19486467485e+19,0.419465651028,4.06995484677e+19,0.406975288068,2.912886565109835e+18,59,5.93054141453e+19,0.593024711932,2.9880418151329194e+19,1.00004962613e+20,4.06995484677e+19,0.406975288068,/rds/general/user/nny124/home/irp-nny124/martian_moon_data/Ma_xp_A2000_s086x_n65_r16_v00_90000.hdf5,particle_level_raw_snapshot_parent_normalized,All raw asteroid particles in the physical snapshot are included in the denominator; all raw bound/captured asteroid particles are included in the numerator. No FoF background or unresolved material is discarded for the particle-level metrics.,BMF is bound_mass_kg / target_mass_kg for particles with negative Mars-centric orbital energy and apoapsis inside Mars's Hill sphere. energy_bound_mass_fraction is the negative-energy-only diagnostic. captured_mass_fraction is retained only as a backwards-compatible alias of bound_mass_fraction.
Ma_xp_A2000_s086x_n65_r16_v06_90000_fof_0.0040_0000.hdf5,Ma_xp_A2000_s086x_n65_r16_v06_90000.hdf5,A2000,n65,r16,v06,s086x,90000,0.004,111,981280,9.969093289213036e+19,0,2.1321542843e+19,0.213204847898,1.93932801822e+19,0.193923178165,0.0,111,8.06116824308e+19,0.8060768218350001,3.10323348276132e+19,1.00004962613e+20,1.93932801822e+19,0.193923178165,/rds/general/user/nny124/home/irp-nny124/martian_moon_data/Ma_xp_A2000_s086x_n65_r16_v06_90000.hdf5,particle_level_raw_snapshot_parent_normalized,All raw asteroid particles in the physical snapshot are included in the denominator; all raw bound/captured asteroid particles are included in the numerator. No FoF background or unresolved material is discarded for the particle-level metrics.,BMF is bound_mass_kg / target_mass_kg for particles with negative Mars-centric orbital energy and apoapsis inside Mars's Hill sphere. energy_bound_mass_fraction is the negative-energy-only diagnostic. captured_mass_fraction is retained only as a backwards-compatible alias of bound_mass_fraction.
Ma_xp_A2000_s086x_n65_r20_v00_90000_fof_0.0040_0000.hdf5,Ma_xp_A2000_s086x_n65_r20_v00_90000.hdf5,A2000,n65,r20,v00,s086x,90000,0.004,20,2690795,9.995537564533298e+19,0,5.36495586077e+19,0.536468963197,1.80004176403e+19,0.179995243935,0.0,20,8.20045449727e+19,0.820004756065,8.509462273036277e+19,1.00004962613e+20,1.80004176403e+19,0.179995243935,/rds/general/user/nny124/home/irp-nny124/martian_moon_data/Ma_xp_A2000_s086x_n65_r20_v00_90000.hdf5,particle_level_raw_snapshot_parent_normalized,All raw asteroid particles in the physical snapshot are included in the denominator; all raw bound/captured asteroid particles are included in the numerator. No FoF background or unresolved material is discarded for the particle-level metrics.,BMF is bound_mass_kg / target_mass_kg for particles with negative Mars-centric orbital energy and apoapsis inside Mars's Hill sphere. energy_bound_mass_fraction is the negative-energy-only diagnostic. captured_mass_fraction is retained only as a backwards-compatible alias of bound_mass_fraction.
Ma_xp_A2000_s086y_n65_r12_v00_90000_fof_0.0040_0000.hdf5,Ma_xp_A2000_s086y_n65_r12_v00_90000.hdf5,A2000,n65,r12,v00,s086y,90000,0.004,710,288381,9.81320741759859e+19,243,5.17498527282e+19,0.517472847106,4.64690618926e+19,0.464667559272,3.5417998647910743e+18,467,5.35359007204e+19,0.535332440728,9.119859519984112e+18,1.00004962613e+20,4.64690618926e+19,0.464667559272,/rds/general/user/nny124/home/irp-nny124/martian_moon_data/Ma_xp_A2000_s086y_n65_r12_v00_90000.hdf5,particle_level_raw_snapshot_parent_normalized,All raw asteroid particles in the physical snapshot are included in the denominator; all raw bound/captured asteroid particles are included in the numerator. No FoF background or unresolved material is discarded for the particle-level metrics.,BMF is bound_mass_kg / target_mass_kg for particles with negative Mars-centric orbital energy and apoapsis inside Mars's Hill sphere. energy_bound_mass_fraction is the negative-energy-only diagnostic. captured_mass_fraction is retained only as a backwards-compatible alias of bound_mass_fraction.
Ma_xp_A2000_s086y_n65_r16_v00_90000_fof_0.0040_0000.hdf5,Ma_xp_A2000_s086y_n65_r16_v00_90000.hdf5,A2000,n65,r16,v00,s086y,90000,0.004,645,623540,9.850119350206053e+19,241,4.43383718154e+19,0.443361715826,4.1835305105e+19,0.418332290836,4.445908193075227e+18,404,5.8169657508e+19,0.581667709164,1.9719042534577086e+19,1.00004962613e+20,4.1835305105e+19,0.418332290836,/rds/general/user/nny124/home/irp-nny124/martian_moon_data/Ma_xp_A2000_s086y_n65_r16_v00_90000.hdf5,particle_level_raw_snapshot_parent_normalized,All raw asteroid particles in the physical snapshot are included in the denominator; all raw bound/captured asteroid particles are included in the numerator. No FoF background or unresolved material is discarded for the particle-level metrics.,BMF is bound_mass_kg / target_mass_kg for particles with negative Mars-centric orbital energy and apoapsis inside Mars's Hill sphere. energy_bound_mass_fraction is the negative-energy-only diagnostic. captured_mass_fraction is retained only as a backwards-compatible alias of bound_mass_fraction.
Ma_xp_A2000_s086y_n65_r16_v06_90000_fof_0.0040_0000.hdf5,Ma_xp_A2000_s086y_n65_r16_v06_90000.hdf5,A2000,n65,r16,v06,s086y,90000,0.004,634,1163116,9.832245271831368e+19,11,2.13963976617e+19,0.213953358939,2.05491182769e+19,0.205480985543,1.3513081558495178e+18,623,7.94558443361e+19,0.794519014457,3.6782778774045008e+19,1.00004962613e+20,2.05491182769e+19,0.205480985543,/rds/general/user/nny124/home/irp-nny124/martian_moon_data/Ma_xp_A2000_s086y_n65_r16_v06_90000.hdf5,particle_level_raw_snapshot_parent_normalized,All raw asteroid particles in the physical snapshot are included in the denominator; all raw bound/captured asteroid particles are included in the numerator. No FoF background or unresolved material is discarded for the particle-level metrics.,BMF is bound_mass_kg / target_mass_kg for particles with negative Mars-centric orbital energy and apoapsis inside Mars's Hill sphere. energy_bound_mass_fraction is the negative-energy-only diagnostic. captured_mass_fraction is retained only as a backwards-compatible alias of bound_mass_fraction.
Ma_xp_A2000_s086y_n65_r20_v00_90000_fof_0.0040_0000.hdf5,Ma_xp_A2000_s086y_n65_r20_v00_90000.hdf5,A2000,n65,r20,v00,s086y,90000,0.004,249,2850506,9.86874925051159e+19,0,5.51811255159e+19,0.551854374969,2.0489664513e+19,0.204912656229,0.0,249,7.95025218659e+19,0.795087343771,9.014537809854382e+19,9.99921863789e+19,2.0489664513e+19,0.204912656229,/rds/general/user/nny124/home/irp-nny124/martian_moon_data/Ma_xp_A2000_s086y_n65_r20_v00_90000.hdf5,particle_level_raw_snapshot_parent_normalized,All raw asteroid particles in the physical snapshot are included in the denominator; all raw bound/captured asteroid particles are included in the numerator. No FoF background or unresolved material is discarded for the particle-level metrics.,BMF is bound_mass_kg / target_mass_kg for particles with negative Mars-centric orbital energy and apoapsis inside Mars's Hill sphere. energy_bound_mass_fraction is the negative-energy-only diagnostic. captured_mass_fraction is retained only as a backwards-compatible alias of bound_mass_fraction.
Ma_xp_A2000_s086z_n65_r12_v00_90000_fof_0.0040_0000.hdf5,Ma_xp_A2000_s086z_n65_r12_v00_90000.hdf5,A2000,n65,r12,v00,s086z,90000,0.004,337,110565,9.989772446775134e+19,118,5.27283098857e+19,0.527257266602,4.81090686713e+19,0.481067117481,2.1434030629303247e+18,219,5.18958306937e+19,0.518932882519,3.4965454306459617e+18,1.00004899365e+20,4.81090686713e+19,0.481067117481,/rds/general/user/nny124/home/irp-nny124/martian_moon_data/Ma_xp_A2000_s086z_n65_r12_v00_90000.hdf5,particle_level_raw_snapshot_parent_normalized,All raw asteroid particles in the physical snapshot are included in the denominator; all raw bound/captured asteroid particles are included in the numerator. No FoF background or unresolved material is discarded for the particle-level metrics.,BMF is bound_mass_kg / target_mass_kg for particles with negative Mars-centric orbital energy and apoapsis inside Mars's Hill sphere. energy_bound_mass_fraction is the negative-energy-only diagnostic. captured_mass_fraction is retained only as a backwards-compatible alias of bound_mass_fraction.
Ma_xp_A2000_s086z_n65_r16_v00_90000_fof_0.0040_0000.hdf5,Ma_xp_A2000_s086z_n65_r16_v00_90000.hdf5,A2000,n65,r16,v00,s086z,90000,0.004,334,187162,9.992270769828137e+19,103,5.00778421148e+19,0.500753570685,4.56116310939e+19,0.456093676774,2.1583297525994324e+18,231,5.4393331519099994e+19,0.543906323226,5.918875194575314e+18,1.00004962613e+20,4.56116310939e+19,0.456093676774,/rds/general/user/nny124/home/irp-nny124/martian_moon_data/Ma_xp_A2000_s086z_n65_r16_v00_90000.hdf5,particle_level_raw_snapshot_parent_normalized,All raw asteroid particles in the physical snapshot are included in the denominator; all raw bound/captured asteroid particles are included in the numerator. No FoF background or unresolved material is discarded for the particle-level metrics.,BMF is bound_mass_kg / target_mass_kg for particles with negative Mars-centric orbital energy and apoapsis inside Mars's Hill sphere. energy_bound_mass_fraction is the negative-energy-only diagnostic. captured_mass_fraction is retained only as a backwards-compatible alias of bound_mass_fraction.
Ma_xp_A2000_s086z_n65_r16_v06_90000_fof_0.0040_0000.hdf5,Ma_xp_A2000_s086z_n65_r16_v06_90000.hdf5,A2000,n65,r16,v06,s086z,90000,0.004,266,232507,9.992229658174482e+19,37,3.20725859502e+19,0.320709943908,2.77397031573e+19,0.277383266114,1.854894186126787e+18,229,7.226525945569999e+19,0.722616733886,7.352881006089574e+18,1.00004962613e+20,2.77397031573e+19,0.277383266114,/rds/general/user/nny124/home/irp-nny124/martian_moon_data/Ma_xp_A2000_s086z_n65_r16_v06_90000.hdf5,particle_level_raw_snapshot_parent_normalized,All raw asteroid particles in the physical snapshot are included in the denominator; all raw bound/captured asteroid particles are included in the numerator. No FoF background or unresolved material is discarded for the particle-level metrics.,BMF is bound_mass_kg / target_mass_kg for particles with negative Mars-centric orbital energy and apoapsis inside Mars's Hill sphere. energy_bound_mass_fraction is the negative-energy-only diagnostic. captured_mass_fraction is retained only as a backwards-compatible alias of bound_mass_fraction.
Ma_xp_A2000_s086z_n65_r20_v00_90000_fof_0.0040_0000.hdf5,Ma_xp_A2000_s086z_n65_r20_v00_90000.hdf5,A2000,n65,r20,v00,s086z,90000,0.004,85,2261519,9.997061857816456e+19,0,4.32081810624e+19,0.432060369139,2.27822395996e+19,0.227811090613,0.0,85,7.72227230134e+19,0.772188909387,7.1519051470829674e+19,1.00004962613e+20,2.27822395996e+19,0.227811090613,/rds/general/user/nny124/home/irp-nny124/martian_moon_data/Ma_xp_A2000_s086z_n65_r20_v00_90000.hdf5,particle_level_raw_snapshot_parent_normalized,All raw asteroid particles in the physical snapshot are included in the denominator; all raw bound/captured asteroid particles are included in the numerator. No FoF background or unresolved material is discarded for the particle-level metrics.,BMF is bound_mass_kg / target_mass_kg for particles with negative Mars-centric orbital energy and apoapsis inside Mars's Hill sphere. energy_bound_mass_fraction is the negative-energy-only diagnostic. captured_mass_fraction is retained only as a backwards-compatible alias of bound_mass_fraction.
Ma_xp_A2000_s170mz_n65_r12_v00_90000_fof_0.0040_0000.hdf5,Ma_xp_A2000_s170mz_n65_r12_v00_90000.hdf5,A2000,n65,r12,v00,s170mz,90000,0.004,275,442695,9.975855858542331e+19,59,5.17580697211e+19,0.518351503269,4.13616497465e+19,0.414232475038,2.07468656150713e+18,216,5.848964690209999e+19,0.585767524962,1.3978439499963052e+19,9.98512966486e+19,4.13616497465e+19,0.414232475038,/rds/general/user/nny124/home/irp-nny124/martian_moon_data/Ma_xp_A2000_s170mz_n65_r12_v00_90000.hdf5,particle_level_raw_snapshot_parent_normalized,All raw asteroid particles in the physical snapshot are included in the denominator; all raw bound/captured asteroid particles are included in the numerator. No FoF background or unresolved material is discarded for the particle-level metrics.,BMF is bound_mass_kg / target_mass_kg for particles with negative Mars-centric orbital energy and apoapsis inside Mars's Hill sphere. energy_bound_mass_fraction is the negative-energy-only diagnostic. captured_mass_fraction is retained only as a backwards-compatible alias of bound_mass_fraction.
Ma_xp_A2000_s170mz_n65_r16_v00_90000_fof_0.0040_0000.hdf5,Ma_xp_A2000_s170mz_n65_r16_v00_90000.hdf5,A2000,n65,r16,v00,s170mz,90000,0.004,177,1892049,9.964081250505086e+19,6,3.34714309296e+19,0.335212781937,2.85850475481e+19,0.286276177752,6.684560845962776e+18,171,7.126624910049999e+19,0.713723822248,5.9742921147368e+19,9.98512966486e+19,2.85850475481e+19,0.286276177752,/rds/general/user/nny124/home/irp-nny124/martian_moon_data/Ma_xp_A2000_s170mz_n65_r16_v00_90000.hdf5,particle_level_raw_snapshot_parent_normalized,All raw asteroid particles in the physical snapshot are included in the denominator; all raw bound/captured asteroid particles are included in the numerator. No FoF background or unresolved material is discarded for the particle-level metrics.,BMF is bound_mass_kg / target_mass_kg for particles with negative Mars-centric orbital energy and apoapsis inside Mars's Hill sphere. energy_bound_mass_fraction is the negative-energy-only diagnostic. captured_mass_fraction is retained only as a backwards-compatible alias of bound_mass_fraction.
Ma_xp_A2000_s170mz_n65_r16_v06_90000_fof_0.0040_0000.hdf5,Ma_xp_A2000_s170mz_n65_r16_v06_90000.hdf5,A2000,n65,r16,v06,s170mz,90000,0.004,77,2171220,9.981432141026112e+19,0,1.14885630199e+19,0.115056723403,442060906493000.0,4.42719244847e-06,0.0,77,9.98508545876935e+19,0.9999955728075516,6.855796295581421e+19,9.98512966486e+19,442060906493000.0,4.42719244847e-06,/rds/general/user/nny124/home/irp-nny124/martian_moon_data/Ma_xp_A2000_s170mz_n65_r16_v06_90000.hdf5,particle_level_raw_snapshot_parent_normalized,All raw asteroid particles in the physical snapshot are included in the denominator; all raw bound/captured asteroid particles are included in the numerator. No FoF background or unresolved material is discarded for the particle-level metrics.,BMF is bound_mass_kg / target_mass_kg for particles with negative Mars-centric orbital energy and apoapsis inside Mars's Hill sphere. energy_bound_mass_fraction is the negative-energy-only diagnostic. captured_mass_fraction is retained only as a backwards-compatible alias of bound_mass_fraction.
Ma_xp_A2000_s170x_n65_r12_v00_90000_fof_0.0040_0000.hdf5,Ma_xp_A2000_s170x_n65_r12_v00_90000.hdf5,A2000,n65,r12,v00,s170x,90000,0.004,251,251897,9.886486931138068e+19,59,5.21133603868e+19,0.521909701085,4.54547232555e+19,0.455224166146,3.4049425564783744e+18,192,5.43965733931e+19,0.5447758338540001,7.953844011617172e+18,9.98512966486e+19,4.54547232555e+19,0.455224166146,/rds/general/user/nny124/home/irp-nny124/martian_moon_data/Ma_xp_A2000_s170x_n65_r12_v00_90000.hdf5,particle_level_raw_snapshot_parent_normalized,All raw asteroid particles in the physical snapshot are included in the denominator; all raw bound/captured asteroid particles are included in the numerator. No FoF background or unresolved material is discarded for the particle-level metrics.,BMF is bound_mass_kg / target_mass_kg for particles with negative Mars-centric orbital energy and apoapsis inside Mars's Hill sphere. energy_bound_mass_fraction is the negative-energy-only diagnostic. captured_mass_fraction is retained only as a backwards-compatible alias of bound_mass_fraction.
Ma_xp_A2000_s170x_n65_r16_v00_90000_fof_0.0040_0000.hdf5,Ma_xp_A2000_s170x_n65_r16_v00_90000.hdf5,A2000,n65,r16,v00,s170x,90000,0.004,117,759994,9.955145305106928e+19,24,4.54830467292e+19,0.455507822691,3.85449008018e+19,0.386023037212,3.1045305947380905e+18,93,6.130639584679999e+19,0.6139769627880001,2.399740261239269e+19,9.98512966486e+19,3.85449008018e+19,0.386023037212,/rds/general/user/nny124/home/irp-nny124/martian_moon_data/Ma_xp_A2000_s170x_n65_r16_v00_90000.hdf5,particle_level_raw_snapshot_parent_normalized,All raw asteroid particles in the physical snapshot are included in the denominator; all raw bound/captured asteroid particles are included in the numerator. No FoF background or unresolved material is discarded for the particle-level metrics.,BMF is bound_mass_kg / target_mass_kg for particles with negative Mars-centric orbital energy and apoapsis inside Mars's Hill sphere. energy_bound_mass_fraction is the negative-energy-only diagnostic. captured_mass_fraction is retained only as a backwards-compatible alias of bound_mass_fraction.
Ma_xp_A2000_s170x_n65_r16_v06_90000_fof_0.0040_0000.hdf5,Ma_xp_A2000_s170x_n65_r16_v06_90000.hdf5,A2000,n65,r16,v06,s170x,90000,0.004,132,1097119,9.960033235768082e+19,0,2.29428978954e+19,0.22977072828,1.8694976766e+19,0.187228241449,0.0,132,8.11562883068e+19,0.812771758551,3.464238712030334e+19,9.98512650728e+19,1.8694976766e+19,0.187228241449,/rds/general/user/nny124/home/irp-nny124/martian_moon_data/Ma_xp_A2000_s170x_n65_r16_v06_90000.hdf5,particle_level_raw_snapshot_parent_normalized,All raw asteroid particles in the physical snapshot are included in the denominator; all raw bound/captured asteroid particles are included in the numerator. No FoF background or unresolved material is discarded for the particle-level metrics.,BMF is bound_mass_kg / target_mass_kg for particles with negative Mars-centric orbital energy and apoapsis inside Mars's Hill sphere. energy_bound_mass_fraction is the negative-energy-only diagnostic. captured_mass_fraction is retained only as a backwards-compatible alias of bound_mass_fraction.
Ma_xp_A2000_s170x_n65_r20_v00_90000_fof_0.0040_0000.hdf5,Ma_xp_A2000_s170x_n65_r20_v00_90000.hdf5,A2000,n65,r20,v00,s170x,90000,0.004,10,2717478,9.982935147993652e+19,0,5.41416305532e+19,0.542222608723,1.72354811075e+19,0.172611490146,0.0,10,8.261581554109999e+19,0.827388509854,8.58064848588708e+19,9.98512966486e+19,1.72354811075e+19,0.172611490146,/rds/general/user/nny124/home/irp-nny124/martian_moon_data/Ma_xp_A2000_s170x_n65_r20_v00_90000.hdf5,particle_level_raw_snapshot_parent_normalized,All raw asteroid particles in the physical snapshot are included in the denominator; all raw bound/captured asteroid particles are included in the numerator. No FoF background or unresolved material is discarded for the particle-level metrics.,BMF is bound_mass_kg / target_mass_kg for particles with negative Mars-centric orbital energy and apoapsis inside Mars's Hill sphere. energy_bound_mass_fraction is the negative-energy-only diagnostic. captured_mass_fraction is retained only as a backwards-compatible alias of bound_mass_fraction.
Ma_xp_A2000_s170y_n65_r12_v00_90000_fof_0.0040_0000.hdf5,Ma_xp_A2000_s170y_n65_r12_v00_90000.hdf5,A2000,n65,r12,v00,s170y,90000,0.004,231,304486,9.899837170514896e+19,66,5.08694957233e+19,0.50945253022,4.79300117256e+19,0.480013914033,3.433202878714821e+18,165,5.1921284923e+19,0.519986085967,9.61438265529594e+18,9.98512966486e+19,4.79300117256e+19,0.480013914033,/rds/general/user/nny124/home/irp-nny124/martian_moon_data/Ma_xp_A2000_s170y_n65_r12_v00_90000.hdf5,particle_level_raw_snapshot_parent_normalized,All raw asteroid particles in the physical snapshot are included in the denominator; all raw bound/captured asteroid particles are included in the numerator. No FoF background or unresolved material is discarded for the particle-level metrics.,BMF is bound_mass_kg / target_mass_kg for particles with negative Mars-centric orbital energy and apoapsis inside Mars's Hill sphere. energy_bound_mass_fraction is the negative-energy-only diagnostic. captured_mass_fraction is retained only as a backwards-compatible alias of bound_mass_fraction.
Ma_xp_A2000_s170y_n65_r16_v00_90000_fof_0.0040_0000.hdf5,Ma_xp_A2000_s170y_n65_r16_v00_90000.hdf5,A2000,n65,r16,v00,s170y,90000,0.004,120,685234,9.954270656009188e+19,44,4.58591142576e+19,0.459274098552,4.11946138754e+19,0.412559628748,2.9203806514051773e+18,76,5.8656682773199995e+19,0.587440371252,2.163679737157281e+19,9.98512966486e+19,4.11946138754e+19,0.412559628748,/rds/general/user/nny124/home/irp-nny124/martian_moon_data/Ma_xp_A2000_s170y_n65_r16_v00_90000.hdf5,particle_level_raw_snapshot_parent_normalized,All raw asteroid particles in the physical snapshot are included in the denominator; all raw bound/captured asteroid particles are included in the numerator. No FoF background or unresolved material is discarded for the particle-level metrics.,BMF is bound_mass_kg / target_mass_kg for particles with negative Mars-centric orbital energy and apoapsis inside Mars's Hill sphere. energy_bound_mass_fraction is the negative-energy-only diagnostic. captured_mass_fraction is retained only as a backwards-compatible alias of bound_mass_fraction.
Ma_xp_A2000_s170y_n65_r16_v06_90000_fof_0.0040_0000.hdf5,Ma_xp_A2000_s170y_n65_r16_v06_90000.hdf5,A2000,n65,r16,v06,s170y,90000,0.004,67,971610,9.963500256279455e+19,3,2.04462326229e+19,0.204766821355,1.9175560123e+19,0.19204117289,1547213172725016.2,64,8.06757365256e+19,0.80795882711,3.0679342669125415e+19,9.98512966486e+19,1.9175560123e+19,0.19204117289,/rds/general/user/nny124/home/irp-nny124/martian_moon_data/Ma_xp_A2000_s170y_n65_r16_v06_90000.hdf5,particle_level_raw_snapshot_parent_normalized,All raw asteroid particles in the physical snapshot are included in the denominator; all raw bound/captured asteroid particles are included in the numerator. No FoF background or unresolved material is discarded for the particle-level metrics.,BMF is bound_mass_kg / target_mass_kg for particles with negative Mars-centric orbital energy and apoapsis inside Mars's Hill sphere. energy_bound_mass_fraction is the negative-energy-only diagnostic. captured_mass_fraction is retained only as a backwards-compatible alias of bound_mass_fraction.
Ma_xp_A2000_s170y_n65_r20_v00_90000_fof_0.0040_0000.hdf5,Ma_xp_A2000_s170y_n65_r20_v00_90000.hdf5,A2000,n65,r20,v00,s170y,90000,0.004,21,2808623,9.97216464974614e+19,0,5.30608547883e+19,0.531398755643,1.98463559728e+19,0.198759121202,0.0,21,8.000494067579999e+19,0.801240878798,8.86844592388416e+19,9.98512966486e+19,1.98463559728e+19,0.198759121202,/rds/general/user/nny124/home/irp-nny124/martian_moon_data/Ma_xp_A2000_s170y_n65_r20_v00_90000.hdf5,particle_level_raw_snapshot_parent_normalized,All raw asteroid particles in the physical snapshot are included in the denominator; all raw bound/captured asteroid particles are included in the numerator. No FoF background or unresolved material is discarded for the particle-level metrics.,BMF is bound_mass_kg / target_mass_kg for particles with negative Mars-centric orbital energy and apoapsis inside Mars's Hill sphere. energy_bound_mass_fraction is the negative-energy-only diagnostic. captured_mass_fraction is retained only as a backwards-compatible alias of bound_mass_fraction.
Ma_xp_A2000_s170z_n65_r12_v00_90000_fof_0.0040_0000.hdf5,Ma_xp_A2000_s170z_n65_r12_v00_90000.hdf5,A2000,n65,r12,v00,s170z,90000,0.004,323,176296,9.974801227526572e+19,99,5.12353011234e+19,0.513116031971,4.72574160564e+19,0.473277940723,2.9668917739239327e+18,224,5.259388059219999e+19,0.526722059277,5.566683540781856e+18,9.98512966486e+19,4.72574160564e+19,0.473277940723,/rds/general/user/nny124/home/irp-nny124/martian_moon_data/Ma_xp_A2000_s170z_n65_r12_v00_90000.hdf5,particle_level_raw_snapshot_parent_normalized,All raw asteroid particles in the physical snapshot are included in the denominator; all raw bound/captured asteroid particles are included in the numerator. No FoF background or unresolved material is discarded for the particle-level metrics.,BMF is bound_mass_kg / target_mass_kg for particles with negative Mars-centric orbital energy and apoapsis inside Mars's Hill sphere. energy_bound_mass_fraction is the negative-energy-only diagnostic. captured_mass_fraction is retained only as a backwards-compatible alias of bound_mass_fraction.
Ma_xp_A2000_s170z_n65_r16_v00_90000_fof_0.0040_0000.hdf5,Ma_xp_A2000_s170z_n65_r16_v00_90000.hdf5,A2000,n65,r16,v00,s170z,90000,0.004,270,396758,9.977396756560622e+19,82,4.94708781667e+19,0.495445525769,4.24240168321e+19,0.424871967176,1.71023891988359e+18,188,5.7427279816499995e+19,0.575128032824,1.252794293842601e+19,9.98512966486e+19,4.24240168321e+19,0.424871967176,/rds/general/user/nny124/home/irp-nny124/martian_moon_data/Ma_xp_A2000_s170z_n65_r16_v00_90000.hdf5,particle_level_raw_snapshot_parent_normalized,All raw asteroid particles in the physical snapshot are included in the denominator; all raw bound/captured asteroid particles are included in the numerator. No FoF background or unresolved material is discarded for the particle-level metrics.,BMF is bound_mass_kg / target_mass_kg for particles with negative Mars-centric orbital energy and apoapsis inside Mars's Hill sphere. energy_bound_mass_fraction is the negative-energy-only diagnostic. captured_mass_fraction is retained only as a backwards-compatible alias of bound_mass_fraction.
Ma_xp_A2000_s170z_n65_r16_v06_90000_fof_0.0040_0000.hdf5,Ma_xp_A2000_s170z_n65_r16_v06_90000.hdf5,A2000,n65,r16,v06,s170z,90000,0.004,229,535750,9.977734617393285e+19,20,2.85349999383e+19,0.285775408172,2.43670286815e+19,0.244033558172,2.0144399751080904e+18,209,7.54841100882e+19,0.755966441828,1.6916723618077633e+19,9.98511387697e+19,2.43670286815e+19,0.244033558172,/rds/general/user/nny124/home/irp-nny124/martian_moon_data/Ma_xp_A2000_s170z_n65_r16_v06_90000.hdf5,particle_level_raw_snapshot_parent_normalized,All raw asteroid particles in the physical snapshot are included in the denominator; all raw bound/captured asteroid particles are included in the numerator. No FoF background or unresolved material is discarded for the particle-level metrics.,BMF is bound_mass_kg / target_mass_kg for particles with negative Mars-centric orbital energy and apoapsis inside Mars's Hill sphere. energy_bound_mass_fraction is the negative-energy-only diagnostic. captured_mass_fraction is retained only as a backwards-compatible alias of bound_mass_fraction.
Ma_xp_A2000_s170z_n65_r20_v00_90000_fof_0.0040_0000.hdf5,Ma_xp_A2000_s170z_n65_r20_v00_90000.hdf5,A2000,n65,r20,v00,s170z,90000,0.004,8,2692248,9.980093327885638e+19,0,5.71583489064e+19,0.572434899696,3.36467712306e+19,0.336968902758,0.0,8,6.62044938422e+19,0.6630310972419999,8.500982795386598e+19,9.98512650728e+19,3.36467712306e+19,0.336968902758,/rds/general/user/nny124/home/irp-nny124/martian_moon_data/Ma_xp_A2000_s170z_n65_r20_v00_90000.hdf5,particle_level_raw_snapshot_parent_normalized,All raw asteroid particles in the physical snapshot are included in the denominator; all raw bound/captured asteroid particles are included in the numerator. No FoF background or unresolved material is discarded for the particle-level metrics.,BMF is bound_mass_kg / target_mass_kg for particles with negative Mars-centric orbital energy and apoapsis inside Mars's Hill sphere. energy_bound_mass_fraction is the negative-energy-only diagnostic. captured_mass_fraction is retained only as a backwards-compatible alias of bound_mass_fraction.
Ma_xp_A2000c30_n65_r12_v00_90000_fof_0.0040_0000.hdf5,Ma_xp_A2000c30_n65_r12_v00_90000.hdf5,A2000c30,n65,r12,v00,,90000,0.004,220,945886,9.989343606934811e+19,102,4.57151228716e+19,0.457320555447,4.30079229853e+19,0.430238529239,1.8614501713851963e+18,118,5.695505118480001e+19,0.5697614707609999,2.958844601101288e+19,9.99629741701e+19,4.30079229853e+19,0.430238529239,/rds/general/user/nny124/home/irp-nny124/martian_moon_data/Ma_xp_A2000c30_n65_r12_v00_90000.hdf5,particle_level_raw_snapshot_parent_normalized,All raw asteroid particles in the physical snapshot are included in the denominator; all raw bound/captured asteroid particles are included in the numerator. No FoF background or unresolved material is discarded for the particle-level metrics.,BMF is bound_mass_kg / target_mass_kg for particles with negative Mars-centric orbital energy and apoapsis inside Mars's Hill sphere. energy_bound_mass_fraction is the negative-energy-only diagnostic. captured_mass_fraction is retained only as a backwards-compatible alias of bound_mass_fraction.
Ma_xp_A2000c30_n65_r12_v02_90000_fof_0.0040_0000.hdf5,Ma_xp_A2000c30_n65_r12_v02_90000.hdf5,A2000c30,n65,r12,v02,,90000,0.004,201,919132,9.982236519051275e+19,94,4.19047603029e+19,0.419203472253,4.12562385331e+19,0.412715842309,2.707888072600251e+18,107,5.8706579230999994e+19,0.587284157691,2.875154887483925e+19,9.99628177641e+19,4.12562385331e+19,0.412715842309,/rds/general/user/nny124/home/irp-nny124/martian_moon_data/Ma_xp_A2000c30_n65_r12_v02_90000.hdf5,particle_level_raw_snapshot_parent_normalized,All raw asteroid particles in the physical snapshot are included in the denominator; all raw bound/captured asteroid particles are included in the numerator. No FoF background or unresolved material is discarded for the particle-level metrics.,BMF is bound_mass_kg / target_mass_kg for particles with negative Mars-centric orbital energy and apoapsis inside Mars's Hill sphere. energy_bound_mass_fraction is the negative-energy-only diagnostic. captured_mass_fraction is retained only as a backwards-compatible alias of bound_mass_fraction.
Ma_xp_A2000c30_n65_r12_v04_90000_fof_0.0040_0000.hdf5,Ma_xp_A2000c30_n65_r12_v04_90000.hdf5,A2000c30,n65,r12,v04,,90000,0.004,212,1075346,9.98912776665291e+19,84,3.77359152201e+19,0.377498924311,3.68242247426e+19,0.368378642676,2.250369289821423e+18,128,6.313874942750001e+19,0.6316213573239999,3.3638109734158504e+19,9.99629741701e+19,3.68242247426e+19,0.368378642676,/rds/general/user/nny124/home/irp-nny124/martian_moon_data/Ma_xp_A2000c30_n65_r12_v04_90000.hdf5,particle_level_raw_snapshot_parent_normalized,All raw asteroid particles in the physical snapshot are included in the denominator; all raw bound/captured asteroid particles are included in the numerator. No FoF background or unresolved material is discarded for the particle-level metrics.,BMF is bound_mass_kg / target_mass_kg for particles with negative Mars-centric orbital energy and apoapsis inside Mars's Hill sphere. energy_bound_mass_fraction is the negative-energy-only diagnostic. captured_mass_fraction is retained only as a backwards-compatible alias of bound_mass_fraction.
Ma_xp_A2000c30_n65_r12_v06_90000_fof_0.0040_0000.hdf5,Ma_xp_A2000c30_n65_r12_v06_90000.hdf5,A2000c30,n65,r12,v06,,90000,0.004,294,1199461,9.96730600381809e+19,42,2.24414120356e+19,0.224497593581,1.68779573609e+19,0.168842352971,2.4505689486331807e+18,252,8.30848604032e+19,0.831157647029,3.7520575461010194e+19,9.99628177641e+19,1.68779573609e+19,0.168842352971,/rds/general/user/nny124/home/irp-nny124/martian_moon_data/Ma_xp_A2000c30_n65_r12_v06_90000.hdf5,particle_level_raw_snapshot_parent_normalized,All raw asteroid particles in the physical snapshot are included in the denominator; all raw bound/captured asteroid particles are included in the numerator. No FoF background or unresolved material is discarded for the particle-level metrics.,BMF is bound_mass_kg / target_mass_kg for particles with negative Mars-centric orbital energy and apoapsis inside Mars's Hill sphere. energy_bound_mass_fraction is the negative-energy-only diagnostic. captured_mass_fraction is retained only as a backwards-compatible alias of bound_mass_fraction.
Ma_xp_A2000c30_n65_r12_v08_90000_fof_0.0040_0000.hdf5,Ma_xp_A2000c30_n65_r12_v08_90000.hdf5,A2000c30,n65,r12,v08,,90000,0.004,313,1316817,9.96982726823831e+19,10,1.51138229924e+19,0.151194210835,1.48257544521e+19,0.148312458439,8.569796644986257e+17,303,8.5137219718e+19,0.851687541561,4.1191611579452015e+19,9.99629741701e+19,1.48257544521e+19,0.148312458439,/rds/general/user/nny124/home/irp-nny124/martian_moon_data/Ma_xp_A2000c30_n65_r12_v08_90000.hdf5,particle_level_raw_snapshot_parent_normalized,All raw asteroid particles in the physical snapshot are included in the denominator; all raw bound/captured asteroid particles are included in the numerator. No FoF background or unresolved material is discarded for the particle-level metrics.,BMF is bound_mass_kg / target_mass_kg for particles with negative Mars-centric orbital energy and apoapsis inside Mars's Hill sphere. energy_bound_mass_fraction is the negative-energy-only diagnostic. captured_mass_fraction is retained only as a backwards-compatible alias of bound_mass_fraction.
Ma_xp_A2000c30_n65_r12_v10_90000_fof_0.0040_0000.hdf5,Ma_xp_A2000c30_n65_r12_v10_90000.hdf5,A2000c30,n65,r12,v10,,90000,0.004,206,1396577,9.984764039635336e+19,0,1.04175456522e+19,0.104214042636,6.8708522904e+18,0.0687339722277,0.0,206,9.309212187970001e+19,0.9312660277722999,4.368659982723585e+19,9.99629741701e+19,6.8708522904e+18,0.0687339722277,/rds/general/user/nny124/home/irp-nny124/martian_moon_data/Ma_xp_A2000c30_n65_r12_v10_90000.hdf5,particle_level_raw_snapshot_parent_normalized,All raw asteroid particles in the physical snapshot are included in the denominator; all raw bound/captured asteroid particles are included in the numerator. No FoF background or unresolved material is discarded for the particle-level metrics.,BMF is bound_mass_kg / target_mass_kg for particles with negative Mars-centric orbital energy and apoapsis inside Mars's Hill sphere. energy_bound_mass_fraction is the negative-energy-only diagnostic. captured_mass_fraction is retained only as a backwards-compatible alias of bound_mass_fraction.
Ma_xp_A2000c30_n65_r14_v00_90000_fof_0.0040_0000.hdf5,Ma_xp_A2000c30_n65_r14_v00_90000.hdf5,A2000c30,n65,r14,v00,,90000,0.004,299,1971134,9.940970364172376e+19,99,5.182211962e+19,0.518413142969,3.1865466881e+19,0.318772697047,1.9241689707469463e+18,200,6.809750728910001e+19,0.681227302953,6.165943035233535e+19,9.99629741701e+19,3.1865466881e+19,0.318772697047,/rds/general/user/nny124/home/irp-nny124/martian_moon_data/Ma_xp_A2000c30_n65_r14_v00_90000.hdf5,particle_level_raw_snapshot_parent_normalized,All raw asteroid particles in the physical snapshot are included in the denominator; all raw bound/captured asteroid particles are included in the numerator. No FoF background or unresolved material is discarded for the particle-level metrics.,BMF is bound_mass_kg / target_mass_kg for particles with negative Mars-centric orbital energy and apoapsis inside Mars's Hill sphere. energy_bound_mass_fraction is the negative-energy-only diagnostic. captured_mass_fraction is retained only as a backwards-compatible alias of bound_mass_fraction.
Ma_xp_A2000c30_n65_r16_v00_90000_fof_0.0040_0000.hdf5,Ma_xp_A2000c30_n65_r16_v00_90000.hdf5,A2000c30,n65,r16,v00,,90000,0.004,214,2379832,9.974947999955588e+19,67,4.58991501517e+19,0.459161509877,2.35070060009e+19,0.235157128887,2.3113363421686257e+18,147,7.645596816920001e+19,0.764842871113,7.444399287623806e+19,9.99629741701e+19,2.35070060009e+19,0.235157128887,/rds/general/user/nny124/home/irp-nny124/martian_moon_data/Ma_xp_A2000c30_n65_r16_v00_90000.hdf5,particle_level_raw_snapshot_parent_normalized,All raw asteroid particles in the physical snapshot are included in the denominator; all raw bound/captured asteroid particles are included in the numerator. No FoF background or unresolved material is discarded for the particle-level metrics.,BMF is bound_mass_kg / target_mass_kg for particles with negative Mars-centric orbital energy and apoapsis inside Mars's Hill sphere. energy_bound_mass_fraction is the negative-energy-only diagnostic. captured_mass_fraction is retained only as a backwards-compatible alias of bound_mass_fraction.
Ma_xp_A2000c30_n65_r16_v02_90000_fof_0.0040_0000.hdf5,Ma_xp_A2000c30_n65_r16_v02_90000.hdf5,A2000c30,n65,r16,v02,,90000,0.004,217,885248,9.98863352378385e+19,115,4.22870165264e+19,0.423026794446,4.10950152454e+19,0.411102366517,3.1033136799510574e+18,102,5.886795892470001e+19,0.5888976334830001,2.7691616806284743e+19,9.99629741701e+19,4.10950152454e+19,0.411102366517,/rds/general/user/nny124/home/irp-nny124/martian_moon_data/Ma_xp_A2000c30_n65_r16_v02_90000.hdf5,particle_level_raw_snapshot_parent_normalized,All raw asteroid particles in the physical snapshot are included in the denominator; all raw bound/captured asteroid particles are included in the numerator. No FoF background or unresolved material is discarded for the particle-level metrics.,BMF is bound_mass_kg / target_mass_kg for particles with negative Mars-centric orbital energy and apoapsis inside Mars's Hill sphere. energy_bound_mass_fraction is the negative-energy-only diagnostic. captured_mass_fraction is retained only as a backwards-compatible alias of bound_mass_fraction.
Ma_xp_A2000c30_n65_r16_v04_90000_fof_0.0040_0000.hdf5,Ma_xp_A2000c30_n65_r16_v04_90000.hdf5,A2000c30,n65,r16,v04,,90000,0.004,281,1078146,9.979017683884296e+19,79,4.07634032793e+19,0.40778501858,3.47084584421e+19,0.347213142969,2.7691366557181117e+18,202,6.525451572800001e+19,0.652786857031,3.372569708488311e+19,9.99629741701e+19,3.47084584421e+19,0.347213142969,/rds/general/user/nny124/home/irp-nny124/martian_moon_data/Ma_xp_A2000c30_n65_r16_v04_90000.hdf5,particle_level_raw_snapshot_parent_normalized,All raw asteroid particles in the physical snapshot are included in the denominator; all raw bound/captured asteroid particles are included in the numerator. No FoF background or unresolved material is discarded for the particle-level metrics.,BMF is bound_mass_kg / target_mass_kg for particles with negative Mars-centric orbital energy and apoapsis inside Mars's Hill sphere. energy_bound_mass_fraction is the negative-energy-only diagnostic. captured_mass_fraction is retained only as a backwards-compatible alias of bound_mass_fraction.
Ma_xp_A2000c30_n65_r16_v06_90000_fof_0.0040_0000.hdf5,Ma_xp_A2000c30_n65_r16_v06_90000.hdf5,A2000c30,n65,r16,v06,,90000,0.004,290,1162817,9.949876121031382e+19,25,1.1356482052e+19,0.113606884412,1.06455542949e+19,0.106494973597,6.75705129684248e+17,265,8.93174198752e+19,0.893505026403,3.637430728959857e+19,9.99629741701e+19,1.06455542949e+19,0.106494973597,/rds/general/user/nny124/home/irp-nny124/martian_moon_data/Ma_xp_A2000c30_n65_r16_v06_90000.hdf5,particle_level_raw_snapshot_parent_normalized,All raw asteroid particles in the physical snapshot are included in the denominator; all raw bound/captured asteroid particles are included in the numerator. No FoF background or unresolved material is discarded for the particle-level metrics.,BMF is bound_mass_kg / target_mass_kg for particles with negative Mars-centric orbital energy and apoapsis inside Mars's Hill sphere. energy_bound_mass_fraction is the negative-energy-only diagnostic. captured_mass_fraction is retained only as a backwards-compatible alias of bound_mass_fraction.
Ma_xp_A2000c30_n65_r16_v10_90000_fof_0.0040_0000.hdf5,Ma_xp_A2000c30_n65_r16_v10_90000.hdf5,A2000c30,n65,r16,v10,,90000,0.004,169,1405415,9.991583340508678e+19,0,1.09185452984e+19,0.109225894778,6.51349589942e+18,0.0651590846861,0.0,169,9.344947827068e+19,0.9348409153139,4.3963063043558736e+19,9.99629741701e+19,6.51349589942e+18,0.0651590846861,/rds/general/user/nny124/home/irp-nny124/martian_moon_data/Ma_xp_A2000c30_n65_r16_v10_90000.hdf5,particle_level_raw_snapshot_parent_normalized,All raw asteroid particles in the physical snapshot are included in the denominator; all raw bound/captured asteroid particles are included in the numerator. No FoF background or unresolved material is discarded for the particle-level metrics.,BMF is bound_mass_kg / target_mass_kg for particles with negative Mars-centric orbital energy and apoapsis inside Mars's Hill sphere. energy_bound_mass_fraction is the negative-energy-only diagnostic. captured_mass_fraction is retained only as a backwards-compatible alias of bound_mass_fraction.
Ma_xp_A2000c30_n65_r18_v00_90000_fof_0.0040_0000.hdf5,Ma_xp_A2000c30_n65_r18_v00_90000.hdf5,A2000c30,n65,r18,v00,,90000,0.004,121,2948418,9.968263208579978e+19,3,4.58892340124e+19,0.459062311754,1.71246721591e+19,0.171310150597,2.181488094711911e+18,118,8.283830201100001e+19,0.828689849403,9.22300433805752e+19,9.99629741701e+19,1.71246721591e+19,0.171310150597,/rds/general/user/nny124/home/irp-nny124/martian_moon_data/Ma_xp_A2000c30_n65_r18_v00_90000.hdf5,particle_level_raw_snapshot_parent_normalized,All raw asteroid particles in the physical snapshot are included in the denominator; all raw bound/captured asteroid particles are included in the numerator. No FoF background or unresolved material is discarded for the particle-level metrics.,BMF is bound_mass_kg / target_mass_kg for particles with negative Mars-centric orbital energy and apoapsis inside Mars's Hill sphere. energy_bound_mass_fraction is the negative-energy-only diagnostic. captured_mass_fraction is retained only as a backwards-compatible alias of bound_mass_fraction.
Ma_xp_A2000c30_n65_r20_v00_90000_fof_0.0040_0000.hdf5,Ma_xp_A2000c30_n65_r20_v00_90000.hdf5,A2000c30,n65,r20,v00,,90000,0.004,174,3124345,9.951024141195947e+19,0,5.29639145804e+19,0.529835321729,1.17647642312e+19,0.117691218463,0.0,174,8.819820993890001e+19,0.882308781537,9.773325047163357e+19,9.99629741701e+19,1.17647642312e+19,0.117691218463,/rds/general/user/nny124/home/irp-nny124/martian_moon_data/Ma_xp_A2000c30_n65_r20_v00_90000.hdf5,particle_level_raw_snapshot_parent_normalized,All raw asteroid particles in the physical snapshot are included in the denominator; all raw bound/captured asteroid particles are included in the numerator. No FoF background or unresolved material is discarded for the particle-level metrics.,BMF is bound_mass_kg / target_mass_kg for particles with negative Mars-centric orbital energy and apoapsis inside Mars's Hill sphere. energy_bound_mass_fraction is the negative-energy-only diagnostic. captured_mass_fraction is retained only as a backwards-compatible alias of bound_mass_fraction.
Ma_xp_A2000c30_n65_r22_v00_90000_fof_0.0040_0000.hdf5,Ma_xp_A2000c30_n65_r22_v00_90000.hdf5,A2000c30,n65,r22,v00,,90000,0.004,1,3195625,9.996297417209251e+19,0,5.10942374543e+19,0.511131625269,8.77531410723e+17,0.00877856444358,0.0,1,9.908544275937701e+19,0.99122143555642,9.996297417209251e+19,9.99629741701e+19,8.77531410723e+17,0.00877856444358,/rds/general/user/nny124/home/irp-nny124/martian_moon_data/Ma_xp_A2000c30_n65_r22_v00_90000.hdf5,particle_level_raw_snapshot_parent_normalized,All raw asteroid particles in the physical snapshot are included in the denominator; all raw bound/captured asteroid particles are included in the numerator. No FoF background or unresolved material is discarded for the particle-level metrics.,BMF is bound_mass_kg / target_mass_kg for particles with negative Mars-centric orbital energy and apoapsis inside Mars's Hill sphere. energy_bound_mass_fraction is the negative-energy-only diagnostic. captured_mass_fraction is retained only as a backwards-compatible alias of bound_mass_fraction.
Ma_xp_A2050_n70_r12_v00_90000_fof_0.0030_0000.hdf5,Ma_xp_A2050_n70_r12_v00_90000.hdf5,A2050,n70,r12,v00,,90000,0.003,930,541511,3.156780435474726e+20,385,1.66138020826e+20,0.525494252673,1.54613143565e+20,0.489041087205,8.629297811404521e+18,545,1.6154258978699998e+20,0.510958912795,1.6960023835072033e+19,3.16155733352e+20,1.54613143565e+20,0.489041087205,/rds/general/user/nny124/home/irp-nny124/martian_moon_data/Ma_xp_A2050_n70_r12_v00_90000.hdf5,particle_level_raw_snapshot_parent_normalized,All raw asteroid particles in the physical snapshot are included in the denominator; all raw bound/captured asteroid particles are included in the numerator. No FoF background or unresolved material is discarded for the particle-level metrics.,BMF is bound_mass_kg / target_mass_kg for particles with negative Mars-centric orbital energy and apoapsis inside Mars's Hill sphere. energy_bound_mass_fraction is the negative-energy-only diagnostic. captured_mass_fraction is retained only as a backwards-compatible alias of bound_mass_fraction.
Ma_xp_A2050_n70_r12_v00_90000_fof_0.0040_0000.hdf5,Ma_xp_A2050_n70_r12_v00_90000.hdf5,A2050,n70,r12,v00,,90000,0.004,912,541555,3.157887904100133e+20,385,1.66138020826e+20,0.525494252673,1.54613143565e+20,0.489041087205,8.629986847314e+18,527,1.6154258978699998e+20,0.510958912795,1.6961401906890945e+19,3.16155733352e+20,1.54613143565e+20,0.489041087205,/rds/general/user/nny124/home/irp-nny124/martian_moon_data/Ma_xp_A2050_n70_r12_v00_90000.hdf5,particle_level_raw_snapshot_parent_normalized,All raw asteroid particles in the physical snapshot are included in the denominator; all raw bound/captured asteroid particles are included in the numerator. No FoF background or unresolved material is discarded for the particle-level metrics.,BMF is bound_mass_kg / target_mass_kg for particles with negative Mars-centric orbital energy and apoapsis inside Mars's Hill sphere. energy_bound_mass_fraction is the negative-energy-only diagnostic. captured_mass_fraction is retained only as a backwards-compatible alias of bound_mass_fraction.
Ma_xp_A2050_n70_r12_v00_90000_fof_0.0050_0000.hdf5,Ma_xp_A2050_n70_r12_v00_90000.hdf5,A2050,n70,r12,v00,,90000,0.005,882,541559,3.158441012016561e+20,387,1.66138020826e+20,0.525494252673,1.54613143565e+20,0.489041087205,8.630268725640605e+18,495,1.6154258978699998e+20,0.510958912795,1.696152718614721e+19,3.16155733352e+20,1.54613143565e+20,0.489041087205,/rds/general/user/nny124/home/irp-nny124/martian_moon_data/Ma_xp_A2050_n70_r12_v00_90000.hdf5,particle_level_raw_snapshot_parent_normalized,All raw asteroid particles in the physical snapshot are included in the denominator; all raw bound/captured asteroid particles are included in the numerator. No FoF background or unresolved material is discarded for the particle-level metrics.,BMF is bound_mass_kg / target_mass_kg for particles with negative Mars-centric orbital energy and apoapsis inside Mars's Hill sphere. energy_bound_mass_fraction is the negative-energy-only diagnostic. captured_mass_fraction is retained only as a backwards-compatible alias of bound_mass_fraction.
Ma_xp_A2050_n70_r16_v00_90000_fof_0.0030_0000.hdf5,Ma_xp_A2050_n70_r16_v00_90000.hdf5,A2050,n70,r16,v00,,90000,0.003,577,2890146,3.158275956595681e+20,320,1.45174259879e+20,0.459185915562,1.27993775873e+20,0.404844076418,7.552052806563177e+18,257,1.8816195747899998e+20,0.595155923582,9.051883534702204e+19,3.16155733352e+20,1.27993775873e+20,0.404844076418,/rds/general/user/nny124/home/irp-nny124/martian_moon_data/Ma_xp_A2050_n70_r16_v00_90000.hdf5,particle_level_raw_snapshot_parent_normalized,All raw asteroid particles in the physical snapshot are included in the denominator; all raw bound/captured asteroid particles are included in the numerator. No FoF background or unresolved material is discarded for the particle-level metrics.,BMF is bound_mass_kg / target_mass_kg for particles with negative Mars-centric orbital energy and apoapsis inside Mars's Hill sphere. energy_bound_mass_fraction is the negative-energy-only diagnostic. captured_mass_fraction is retained only as a backwards-compatible alias of bound_mass_fraction.
Ma_xp_A2050_n70_r16_v00_90000_fof_0.0040_0000.hdf5,Ma_xp_A2050_n70_r16_v00_90000.hdf5,A2050,n70,r16,v00,,90000,0.004,534,2960888,3.159236848487596e+20,317,1.45174259879e+20,0.459185915562,1.27993775873e+20,0.404844076418,7.553900675593142e+18,217,1.8816195747899998e+20,0.595155923582,9.27344616334017e+19,3.16155733352e+20,1.27993775873e+20,0.404844076418,/rds/general/user/nny124/home/irp-nny124/martian_moon_data/Ma_xp_A2050_n70_r16_v00_90000.hdf5,particle_level_raw_snapshot_parent_normalized,All raw asteroid particles in the physical snapshot are included in the denominator; all raw bound/captured asteroid particles are included in the numerator. No FoF background or unresolved material is discarded for the particle-level metrics.,BMF is bound_mass_kg / target_mass_kg for particles with negative Mars-centric orbital energy and apoapsis inside Mars's Hill sphere. energy_bound_mass_fraction is the negative-energy-only diagnostic. captured_mass_fraction is retained only as a backwards-compatible alias of bound_mass_fraction.
Ma_xp_A2050_n70_r16_v00_90000_fof_0.0050_0000.hdf5,Ma_xp_A2050_n70_r16_v00_90000.hdf5,A2050,n70,r16,v00,,90000,0.005,501,2960896,3.159625840578216e+20,314,1.45174259879e+20,0.459185915562,1.27993775873e+20,0.404844076418,7.554119914291613e+18,187,1.8816195747899998e+20,0.595155923582,9.27347121919142e+19,3.16155733352e+20,1.27993775873e+20,0.404844076418,/rds/general/user/nny124/home/irp-nny124/martian_moon_data/Ma_xp_A2050_n70_r16_v00_90000.hdf5,particle_level_raw_snapshot_parent_normalized,All raw asteroid particles in the physical snapshot are included in the denominator; all raw bound/captured asteroid particles are included in the numerator. No FoF background or unresolved material is discarded for the particle-level metrics.,BMF is bound_mass_kg / target_mass_kg for particles with negative Mars-centric orbital energy and apoapsis inside Mars's Hill sphere. energy_bound_mass_fraction is the negative-energy-only diagnostic. captured_mass_fraction is retained only as a backwards-compatible alias of bound_mass_fraction.
Ma_xp_A2100_n70_r12_v00_90000_fof_0.0044_0000.hdf5,Ma_xp_A2100_n70_r12_v00_90000.hdf5,A2100,n70,r12,v00,,90000,0.0044,2976,790844,9.882218407203284e+20,887,5.1085634189e+20,0.510967623109,5.03958472017e+20,0.504068250654,3.5149007724538753e+19,2089,4.9582374271900005e+20,0.49593174934600004,7.837843393120377e+19,9.99782214736e+20,5.03958472017e+20,0.504068250654,/rds/general/user/nny124/home/irp-nny124/martian_moon_data/Ma_xp_A2100_n70_r12_v00_90000.hdf5,particle_level_raw_snapshot_parent_normalized,All raw asteroid particles in the physical snapshot are included in the denominator; all raw bound/captured asteroid particles are included in the numerator. No FoF background or unresolved material is discarded for the particle-level metrics.,BMF is bound_mass_kg / target_mass_kg for particles with negative Mars-centric orbital energy and apoapsis inside Mars's Hill sphere. energy_bound_mass_fraction is the negative-energy-only diagnostic. captured_mass_fraction is retained only as a backwards-compatible alias of bound_mass_fraction.
Ma_xp_A2100_n70_r12_v00_90000_fof_0.0059_0000.hdf5,Ma_xp_A2100_n70_r12_v00_90000.hdf5,A2100,n70,r12,v00,,90000,0.0059,2929,790874,9.897766364468052e+20,879,5.1085634189e+20,0.510967623109,5.03958472017e+20,0.504068250654,3.5254755241124127e+19,2050,4.9582374271900005e+20,0.49593174934600004,7.838140715097643e+19,9.99782214736e+20,5.03958472017e+20,0.504068250654,/rds/general/user/nny124/home/irp-nny124/martian_moon_data/Ma_xp_A2100_n70_r12_v00_90000.hdf5,particle_level_raw_snapshot_parent_normalized,All raw asteroid particles in the physical snapshot are included in the denominator; all raw bound/captured asteroid particles are included in the numerator. No FoF background or unresolved material is discarded for the particle-level metrics.,BMF is bound_mass_kg / target_mass_kg for particles with negative Mars-centric orbital energy and apoapsis inside Mars's Hill sphere. energy_bound_mass_fraction is the negative-energy-only diagnostic. captured_mass_fraction is retained only as a backwards-compatible alias of bound_mass_fraction.
Ma_xp_A2100_n70_r12_v00_90000_fof_0.0074_0000.hdf5,Ma_xp_A2100_n70_r12_v00_90000.hdf5,A2100,n70,r12,v00,,90000,0.0074,2893,790878,9.906883247364068e+20,866,5.1085634189e+20,0.510967623109,5.03958472017e+20,0.504068250654,3.5256043636359e+19,2027,4.9582374271900005e+20,0.49593174934600004,7.838180358027946e+19,9.99782214736e+20,5.03958472017e+20,0.504068250654,/rds/general/user/nny124/home/irp-nny124/martian_moon_data/Ma_xp_A2100_n70_r12_v00_90000.hdf5,particle_level_raw_snapshot_parent_normalized,All raw asteroid particles in the physical snapshot are included in the denominator; all raw bound/captured asteroid particles are included in the numerator. No FoF background or unresolved material is discarded for the particle-level metrics.,BMF is bound_mass_kg / target_mass_kg for particles with negative Mars-centric orbital energy and apoapsis inside Mars's Hill sphere. energy_bound_mass_fraction is the negative-energy-only diagnostic. captured_mass_fraction is retained only as a backwards-compatible alias of bound_mass_fraction.
Ma_xp_A2100_n70_r16_v00_90000_fof_0.0044_0000.hdf5,Ma_xp_A2100_n70_r16_v00_90000.hdf5,A2100,n70,r16,v00,,90000,0.0044,2116,3921382,9.918259777264576e+20,387,4.63120406472e+20,0.463221289243,4.29575549922e+20,0.429669125526,2.3405086944016703e+19,1729,5.702066648140001e+20,0.570330874474,3.886376832957781e+20,9.99782214736e+20,4.29575549922e+20,0.429669125526,/rds/general/user/nny124/home/irp-nny124/martian_moon_data/Ma_xp_A2100_n70_r16_v00_90000.hdf5,particle_level_raw_snapshot_parent_normalized,All raw asteroid particles in the physical snapshot are included in the denominator; all raw bound/captured asteroid particles are included in the numerator. No FoF background or unresolved material is discarded for the particle-level metrics.,BMF is bound_mass_kg / target_mass_kg for particles with negative Mars-centric orbital energy and apoapsis inside Mars's Hill sphere. energy_bound_mass_fraction is the negative-energy-only diagnostic. captured_mass_fraction is retained only as a backwards-compatible alias of bound_mass_fraction.
Ma_xp_A2100_n70_r16_v00_90000_fof_0.0059_0000.hdf5,Ma_xp_A2100_n70_r16_v00_90000.hdf5,A2100,n70,r16,v00,,90000,0.0059,2101,3922068,9.9281298758368e+20,386,4.63120406472e+20,0.463221289243,4.29575549922e+20,0.429669125526,2.3410438739607716e+19,1715,5.702066648140001e+20,0.570330874474,3.887056709212351e+20,9.99782214736e+20,4.29575549922e+20,0.429669125526,/rds/general/user/nny124/home/irp-nny124/martian_moon_data/Ma_xp_A2100_n70_r16_v00_90000.hdf5,particle_level_raw_snapshot_parent_normalized,All raw asteroid particles in the physical snapshot are included in the denominator; all raw bound/captured asteroid particles are included in the numerator. No FoF background or unresolved material is discarded for the particle-level metrics.,BMF is bound_mass_kg / target_mass_kg for particles with negative Mars-centric orbital energy and apoapsis inside Mars's Hill sphere. energy_bound_mass_fraction is the negative-energy-only diagnostic. captured_mass_fraction is retained only as a backwards-compatible alias of bound_mass_fraction.
Ma_xp_A2100_n70_r16_v00_90000_fof_0.0074_0000.hdf5,Ma_xp_A2100_n70_r16_v00_90000.hdf5,A2100,n70,r16,v00,,90000,0.0074,2085,3922894,9.934826557838076e+20,382,4.63120406472e+20,0.463221289243,4.29575549922e+20,0.429669125526,2.34134119593805e+19,1703,5.702066648140001e+20,0.570330874474,3.887875335722955e+20,9.99782214736e+20,4.29575549922e+20,0.429669125526,/rds/general/user/nny124/home/irp-nny124/martian_moon_data/Ma_xp_A2100_n70_r16_v00_90000.hdf5,particle_level_raw_snapshot_parent_normalized,All raw asteroid particles in the physical snapshot are included in the denominator; all raw bound/captured asteroid particles are included in the numerator. No FoF background or unresolved material is discarded for the particle-level metrics.,BMF is bound_mass_kg / target_mass_kg for particles with negative Mars-centric orbital energy and apoapsis inside Mars's Hill sphere. energy_bound_mass_fraction is the negative-energy-only diagnostic. captured_mass_fraction is retained only as a backwards-compatible alias of bound_mass_fraction.
