fof_file,physical_file,mass_code,resolution_code,periapsis_code,velocity_code,spin_code,timestep,fof_linking_length,largest_fragment_particle_count,total_fragment_mass_kg,bound_fragment_count,energy_bound_mass_kg,energy_bound_mass_fraction,bound_mass_kg,bound_mass_fraction,largest_bound_fragment_mass_kg,unbound_fragment_count,unbound_mass_kg,unbound_mass_fraction,largest_unbound_fragment_mass_kg,target_mass_kg,captured_mass_kg,captured_mass_fraction,raw_hdf5_path,method,unresolved_handling,simulation_id,filename,file_path,file_size_bytes,mass_value,special_case_code,spin_value,spin_axis,has_explicit_spin,resolution_value,periapsis_value,velocity_value,chunk_index,parttype_group,particle_count_total,n_fof_groups,fragment_count_min_particles,mass_metrics_available,mass_unit,total_particle_mass_kg,largest_fragment_mass_kg,fragment_mass_fraction,particle_count_metrics_are_proxies,excluded_group_ids,min_particles,bound_mass_kg_existing_fof_csv,bound_mass_fraction_existing_fof_csv,unbound_mass_kg_existing_fof_csv,unbound_mass_fraction_existing_fof_csv
Ma_xp_A1800_n60_r12_v00_90000_fof_0.0001_0000.hdf5,Ma_xp_A1800_n60_r12_v00_90000.hdf5,A1800,n60,r12,v00,,90000,0.0001,0,0.0,0.0,5.15849436067e+17,0.51607804736,3.14310755211e+17,0.314450049709,0.0,0.0,6.85246266649e+17,0.6855499502910001,0.0,9.9955702186e+17,3.14310755211e+17,0.314450049709,/rds/general/user/nny124/home/irp-nny124/martian_moon_data/Ma_xp_A1800_n60_r12_v00_90000.hdf5,particle_level_raw_snapshot_parent_normalized,All raw asteroid particles in the physical snapshot are included in the denominator; all raw bound/captured asteroid particles are included in the numerator. No FoF background or unresolved material is discarded for the particle-level metrics.,Ma_xp_A1800_n60_r12_v00_90000_fof_0.0001_0000,Ma_xp_A1800_n60_r12_v00_90000_fof_0.0001_0000.hdf5,/rds/general/ephemeral/user/nny124/ephemeral/martian_moons_data/Ma_xp_A1800_n60_r12_v00_90000_fof_0.0001_0000.hdf5,140435643,1800,,,,False,60,12,0,0,PartType0,1002827,0,0,True,kg,0.0,0.0,,True,"-1,2147483647",20,0.0,0.0,0.0,0.0
Ma_xp_A1800_n60_r12_v00_90000_fof_0.0013_0000.hdf5,Ma_xp_A1800_n60_r12_v00_90000.hdf5,A1800,n60,r12,v00,,90000,0.0013,69353,9.907059800543278e+17,0.0,5.15849436067e+17,0.51607804736,3.14310755211e+17,0.314450049709,0.0,265.0,6.85246266649e+17,0.6855499502910001,6.9126856513801624e+16,9.9955702186e+17,3.14310755211e+17,0.314450049709,/rds/general/user/nny124/home/irp-nny124/martian_moon_data/Ma_xp_A1800_n60_r12_v00_90000.hdf5,particle_level_raw_snapshot_parent_normalized,All raw asteroid particles in the physical snapshot are included in the denominator; all raw bound/captured asteroid particles are included in the numerator. No FoF background or unresolved material is discarded for the particle-level metrics.,Ma_xp_A1800_n60_r12_v00_90000_fof_0.0013_0000,Ma_xp_A1800_n60_r12_v00_90000_fof_0.0013_0000.hdf5,/rds/general/ephemeral/user/nny124/ephemeral/martian_moons_data/Ma_xp_A1800_n60_r12_v00_90000_fof_0.0013_0000.hdf5,140435643,1800,,,,False,60,12,0,0,PartType0,1002827,265,265,True,kg,9.907059800543278e+17,6.9126724252498056e+16,1.0,True,"-1,2147483647",20,0.0,0.0,9.907059774086918e+17,1.0
Ma_xp_A1800_n60_r12_v00_90000_fof_0.0014_0000.hdf5,Ma_xp_A1800_n60_r12_v00_90000.hdf5,A1800,n60,r12,v00,,90000,0.0014,69353,9.908983502255526e+17,0.0,5.15849436067e+17,0.51607804736,3.14310755211e+17,0.314450049709,0.0,265.0,6.85246266649e+17,0.6855499502910001,6.9126856513801624e+16,9.9955702186e+17,3.14310755211e+17,0.314450049709,/rds/general/user/nny124/home/irp-nny124/martian_moon_data/Ma_xp_A1800_n60_r12_v00_90000.hdf5,particle_level_raw_snapshot_parent_normalized,All raw asteroid particles in the physical snapshot are included in the denominator; all raw bound/captured asteroid particles are included in the numerator. No FoF background or unresolved material is discarded for the particle-level metrics.,Ma_xp_A1800_n60_r12_v00_90000_fof_0.0014_0000,Ma_xp_A1800_n60_r12_v00_90000_fof_0.0014_0000.hdf5,/rds/general/ephemeral/user/nny124/ephemeral/martian_moons_data/Ma_xp_A1800_n60_r12_v00_90000_fof_0.0014_0000.hdf5,140435651,1800,,,,False,60,12,0,0,PartType0,1002827,265,265,True,kg,9.908983502255526e+17,6.9126724252498056e+16,1.0,True,"-1,2147483647",20,0.0,0.0,9.908983480820175e+17,1.0
Ma_xp_A1800_n60_r12_v00_90000_fof_0.0016_0000.hdf5,Ma_xp_A1800_n60_r12_v00_90000.hdf5,A1800,n60,r12,v00,,90000,0.0016,69353,9.912163097477622e+17,0.0,5.15849436067e+17,0.51607804736,3.14310755211e+17,0.314450049709,0.0,264.0,6.85246266649e+17,0.6855499502910001,6.9126856513801624e+16,9.9955702186e+17,3.14310755211e+17,0.314450049709,/rds/general/user/nny124/home/irp-nny124/martian_moon_data/Ma_xp_A1800_n60_r12_v00_90000.hdf5,particle_level_raw_snapshot_parent_normalized,All raw asteroid particles in the physical snapshot are included in the denominator; all raw bound/captured asteroid particles are included in the numerator. No FoF background or unresolved material is discarded for the particle-level metrics.,Ma_xp_A1800_n60_r12_v00_90000_fof_0.0016_0000,Ma_xp_A1800_n60_r12_v00_90000_fof_0.0016_0000.hdf5,/rds/general/ephemeral/user/nny124/ephemeral/martian_moons_data/Ma_xp_A1800_n60_r12_v00_90000_fof_0.0016_0000.hdf5,140435643,1800,,,,False,60,12,0,0,PartType0,1002827,264,264,True,kg,9.912163097477622e+17,6.9126724252498056e+16,1.0,True,"-1,2147483647",20,0.0,0.0,9.912163078995868e+17,1.0
Ma_xp_A1800_n60_r12_v00_90000_fof_0.002_0000.hdf5,Ma_xp_A1800_n60_r12_v00_90000.hdf5,A1800,n60,r12,v00,,90000,0.002,69353,9.908983502255526e+17,0.0,5.15849436067e+17,0.51607804736,3.14310755211e+17,0.314450049709,0.0,265.0,6.85246266649e+17,0.6855499502910001,6.9126856513801624e+16,9.9955702186e+17,3.14310755211e+17,0.314450049709,/rds/general/user/nny124/home/irp-nny124/martian_moon_data/Ma_xp_A1800_n60_r12_v00_90000.hdf5,particle_level_raw_snapshot_parent_normalized,All raw asteroid particles in the physical snapshot are included in the denominator; all raw bound/captured asteroid particles are included in the numerator. No FoF background or unresolved material is discarded for the particle-level metrics.,Ma_xp_A1800_n60_r12_v00_90000_fof_0.002_0000,Ma_xp_A1800_n60_r12_v00_90000_fof_0.002_0000.hdf5,/rds/general/ephemeral/user/nny124/ephemeral/martian_moons_data/Ma_xp_A1800_n60_r12_v00_90000_fof_0.002_0000.hdf5,140435651,1800,,,,False,60,12,0,0,PartType0,1002827,265,265,True,kg,9.908983502255526e+17,6.9126724252498056e+16,1.0,True,"-1,2147483647",20,0.0,0.0,9.908983480820175e+17,1.0
Ma_xp_A1800_n60_r16_v00_90000_fof_0.0001_0000.hdf5,Ma_xp_A1800_n60_r16_v00_90000.hdf5,A1800,n60,r16,v00,,90000,0.0001,0,0.0,0.0,4.5488388045e+17,0.455085473367,2.67534779416e+17,0.267653343997,0.0,0.0,7.32022242444e+17,0.732346656003,0.0,9.9955702186e+17,2.67534779416e+17,0.267653343997,/rds/general/user/nny124/home/irp-nny124/martian_moon_data/Ma_xp_A1800_n60_r16_v00_90000.hdf5,particle_level_raw_snapshot_parent_normalized,All raw asteroid particles in the physical snapshot are included in the denominator; all raw bound/captured asteroid particles are included in the numerator. No FoF background or unresolved material is discarded for the particle-level metrics.,Ma_xp_A1800_n60_r16_v00_90000_fof_0.0001_0000,Ma_xp_A1800_n60_r16_v00_90000_fof_0.0001_0000.hdf5,/rds/general/ephemeral/user/nny124/ephemeral/martian_moons_data/Ma_xp_A1800_n60_r16_v00_90000_fof_0.0001_0000.hdf5,140435643,1800,,,,False,60,16,0,0,PartType0,1002827,0,0,True,kg,0.0,0.0,,True,"-1,2147483647",20,0.0,0.0,0.0,0.0
Ma_xp_A1800_n60_r16_v00_90000_fof_0.0013_0000.hdf5,Ma_xp_A1800_n60_r16_v00_90000.hdf5,A1800,n60,r16,v00,,90000,0.0013,278913,9.97134939699838e+17,0.0,4.5488388045e+17,0.455085473367,2.67534779416e+17,0.267653343997,0.0,88.0,7.32022242444e+17,0.732346656003,2.7800353165490752e+17,9.9955702186e+17,2.67534779416e+17,0.267653343997,/rds/general/user/nny124/home/irp-nny124/martian_moon_data/Ma_xp_A1800_n60_r16_v00_90000.hdf5,particle_level_raw_snapshot_parent_normalized,All raw asteroid particles in the physical snapshot are included in the denominator; all raw bound/captured asteroid particles are included in the numerator. No FoF background or unresolved material is discarded for the particle-level metrics.,Ma_xp_A1800_n60_r16_v00_90000_fof_0.0013_0000,Ma_xp_A1800_n60_r16_v00_90000_fof_0.0013_0000.hdf5,/rds/general/ephemeral/user/nny124/ephemeral/martian_moons_data/Ma_xp_A1800_n60_r16_v00_90000_fof_0.0013_0000.hdf5,140435643,1800,,,,False,60,16,0,0,PartType0,1002827,88,88,True,kg,9.97134939699838e+17,2.780033845824071e+17,1.0,True,"-1,2147483647",20,0.0,0.0,9.971349455086552e+17,1.0
Ma_xp_A1800_n60_r16_v00_90000_fof_0.0014_0000.hdf5,Ma_xp_A1800_n60_r16_v00_90000.hdf5,A1800,n60,r16,v00,,90000,0.0014,278913,9.972346132906166e+17,0.0,4.5488388045e+17,0.455085473367,2.67534779416e+17,0.267653343997,0.0,88.0,7.32022242444e+17,0.732346656003,2.7800353165490752e+17,9.9955702186e+17,2.67534779416e+17,0.267653343997,/rds/general/user/nny124/home/irp-nny124/martian_moon_data/Ma_xp_A1800_n60_r16_v00_90000.hdf5,particle_level_raw_snapshot_parent_normalized,All raw asteroid particles in the physical snapshot are included in the denominator; all raw bound/captured asteroid particles are included in the numerator. No FoF background or unresolved material is discarded for the particle-level metrics.,Ma_xp_A1800_n60_r16_v00_90000_fof_0.0014_0000,Ma_xp_A1800_n60_r16_v00_90000_fof_0.0014_0000.hdf5,/rds/general/ephemeral/user/nny124/ephemeral/martian_moons_data/Ma_xp_A1800_n60_r16_v00_90000_fof_0.0014_0000.hdf5,140435651,1800,,,,False,60,16,0,0,PartType0,1002827,88,88,True,kg,9.972346132906166e+17,2.780033845824071e+17,1.0,True,"-1,2147483647",20,0.0,0.0,9.972346194326582e+17,1.0
Ma_xp_A1800_n60_r16_v00_90000_fof_0.0016_0000.hdf5,Ma_xp_A1800_n60_r16_v00_90000.hdf5,A1800,n60,r16,v00,,90000,0.0016,278913,9.973442540741564e+17,0.0,4.5488388045e+17,0.455085473367,2.67534779416e+17,0.267653343997,0.0,88.0,7.32022242444e+17,0.732346656003,2.7800353165490752e+17,9.9955702186e+17,2.67534779416e+17,0.267653343997,/rds/general/user/nny124/home/irp-nny124/martian_moon_data/Ma_xp_A1800_n60_r16_v00_90000.hdf5,particle_level_raw_snapshot_parent_normalized,All raw asteroid particles in the physical snapshot are included in the denominator; all raw bound/captured asteroid particles are included in the numerator. No FoF background or unresolved material is discarded for the particle-level metrics.,Ma_xp_A1800_n60_r16_v00_90000_fof_0.0016_0000,Ma_xp_A1800_n60_r16_v00_90000_fof_0.0016_0000.hdf5,/rds/general/ephemeral/user/nny124/ephemeral/martian_moons_data/Ma_xp_A1800_n60_r16_v00_90000_fof_0.0016_0000.hdf5,140435643,1800,,,,False,60,16,0,0,PartType0,1002827,88,88,True,kg,9.973442540741564e+17,2.780033845824071e+17,1.0,True,"-1,2147483647",20,0.0,0.0,9.973442607490614e+17,1.0
Ma_xp_A1800_n60_r16_v00_90000_fof_0.002_0000.hdf5,Ma_xp_A1800_n60_r16_v00_90000.hdf5,A1800,n60,r16,v00,,90000,0.002,278913,9.974967552631336e+17,0.0,4.5488388045e+17,0.455085473367,2.67534779416e+17,0.267653343997,0.0,88.0,7.32022242444e+17,0.732346656003,2.7800353165490752e+17,9.9955702186e+17,2.67534779416e+17,0.267653343997,/rds/general/user/nny124/home/irp-nny124/martian_moon_data/Ma_xp_A1800_n60_r16_v00_90000.hdf5,particle_level_raw_snapshot_parent_normalized,All raw asteroid particles in the physical snapshot are included in the denominator; all raw bound/captured asteroid particles are included in the numerator. No FoF background or unresolved material is discarded for the particle-level metrics.,Ma_xp_A1800_n60_r16_v00_90000_fof_0.002_0000,Ma_xp_A1800_n60_r16_v00_90000_fof_0.002_0000.hdf5,/rds/general/ephemeral/user/nny124/ephemeral/martian_moons_data/Ma_xp_A1800_n60_r16_v00_90000_fof_0.002_0000.hdf5,140435651,1800,,,,False,60,16,0,0,PartType0,1002827,88,88,True,kg,9.974967552631336e+17,2.780033845824071e+17,1.0,True,"-1,2147483647",20,0.0,0.0,9.974967618527858e+17,1.0
Ma_xp_A1850_n60_r12_v00_90000_fof_0.0014_0000.hdf5,Ma_xp_A1850_n60_r12_v00_90000.hdf5,A1850,n60,r12,v00,,90000,0.0014,55215,3.152599302709076e+18,0.0,1.56546207236e+18,0.495212035575,1.15136228191e+18,0.36421735753,0.0,132.0,2.0098332462599997e+18,0.6357826424699999,1.7405336223306835e+17,3.16119552817e+18,1.15136228191e+18,0.36421735753,/rds/general/user/nny124/home/irp-nny124/martian_moon_data/Ma_xp_A1850_n60_r12_v00_90000.hdf5,particle_level_raw_snapshot_parent_normalized,All raw asteroid particles in the physical snapshot are included in the denominator; all raw bound/captured asteroid particles are included in the numerator. No FoF background or unresolved material is discarded for the particle-level metrics.,Ma_xp_A1850_n60_r12_v00_90000_fof_0.0014_0000,Ma_xp_A1850_n60_r12_v00_90000_fof_0.0014_0000.hdf5,/rds/general/ephemeral/user/nny124/ephemeral/martian_moons_data/Ma_xp_A1850_n60_r12_v00_90000_fof_0.0014_0000.hdf5,140435643,1850,,,,False,60,12,0,0,PartType0,1002827,132,132,True,kg,3.152599302709076e+18,1.7405377670784746e+17,1.0,True,"-1,2147483647",20,0.0,0.0,3.152599249646037e+18,1.0
Ma_xp_A1850_n60_r12_v00_90000_fof_0.0019_0000.hdf5,Ma_xp_A1850_n60_r12_v00_90000.hdf5,A1850,n60,r12,v00,,90000,0.0019,55222,3.1545883930372864e+18,0.0,1.56546207236e+18,0.495212035575,1.15136228191e+18,0.36421735753,0.0,135.0,2.0098332462599997e+18,0.6357826424699999,1.740754282212171e+17,3.16119552817e+18,1.15136228191e+18,0.36421735753,/rds/general/user/nny124/home/irp-nny124/martian_moon_data/Ma_xp_A1850_n60_r12_v00_90000.hdf5,particle_level_raw_snapshot_parent_normalized,All raw asteroid particles in the physical snapshot are included in the denominator; all raw bound/captured asteroid particles are included in the numerator. No FoF background or unresolved material is discarded for the particle-level metrics.,Ma_xp_A1850_n60_r12_v00_90000_fof_0.0019_0000,Ma_xp_A1850_n60_r12_v00_90000_fof_0.0019_0000.hdf5,/rds/general/ephemeral/user/nny124/ephemeral/martian_moons_data/Ma_xp_A1850_n60_r12_v00_90000_fof_0.0019_0000.hdf5,140435643,1850,,,,False,60,12,0,0,PartType0,1002827,135,135,True,kg,3.1545883930372864e+18,1.7407584262963686e+17,1.0,True,"-1,2147483647",20,0.0,0.0,3.1545883408634404e+18,1.0
Ma_xp_A1850_n60_r12_v00_90000_fof_0.0024_0000.hdf5,Ma_xp_A1850_n60_r12_v00_90000.hdf5,A1850,n60,r12,v00,,90000,0.0024,55225,3.155209392619339e+18,0.0,1.56546207236e+18,0.495212035575,1.15136228191e+18,0.36421735753,0.0,135.0,2.0098332462599997e+18,0.6357826424699999,1.7408488507328083e+17,3.16119552817e+18,1.15136228191e+18,0.36421735753,/rds/general/user/nny124/home/irp-nny124/martian_moon_data/Ma_xp_A1850_n60_r12_v00_90000.hdf5,particle_level_raw_snapshot_parent_normalized,All raw asteroid particles in the physical snapshot are included in the denominator; all raw bound/captured asteroid particles are included in the numerator. No FoF background or unresolved material is discarded for the particle-level metrics.,Ma_xp_A1850_n60_r12_v00_90000_fof_0.0024_0000,Ma_xp_A1850_n60_r12_v00_90000_fof_0.0024_0000.hdf5,/rds/general/ephemeral/user/nny124/ephemeral/martian_moons_data/Ma_xp_A1850_n60_r12_v00_90000_fof_0.0024_0000.hdf5,140435643,1850,,,,False,60,12,0,0,PartType0,1002827,135,135,True,kg,3.155209392619339e+18,1.74085299561836e+17,1.0,True,"-1,2147483647",20,0.0,0.0,3.1552093408156257e+18,1.0
Ma_xp_A1850_n60_r12_v00_90000_fof_0.002_0000.hdf5,Ma_xp_A1850_n60_r12_v00_90000.hdf5,A1850,n60,r12,v00,,90000,0.002,55222,3.154749158940264e+18,0.0,1.56546207236e+18,0.495212035575,1.15136228191e+18,0.36421735753,0.0,135.0,2.0098332462599997e+18,0.6357826424699999,1.740754282212171e+17,3.16119552817e+18,1.15136228191e+18,0.36421735753,/rds/general/user/nny124/home/irp-nny124/martian_moon_data/Ma_xp_A1850_n60_r12_v00_90000.hdf5,particle_level_raw_snapshot_parent_normalized,All raw asteroid particles in the physical snapshot are included in the denominator; all raw bound/captured asteroid particles are included in the numerator. No FoF background or unresolved material is discarded for the particle-level metrics.,Ma_xp_A1850_n60_r12_v00_90000_fof_0.002_0000,Ma_xp_A1850_n60_r12_v00_90000_fof_0.002_0000.hdf5,/rds/general/ephemeral/user/nny124/ephemeral/martian_moons_data/Ma_xp_A1850_n60_r12_v00_90000_fof_0.002_0000.hdf5,140435651,1850,,,,False,60,12,0,0,PartType0,1002827,135,135,True,kg,3.154749158940264e+18,1.7407584262963686e+17,1.0,True,"-1,2147483647",20,0.0,0.0,3.1547491073485245e+18,1.0
Ma_xp_A1850_n60_r16_v00_90000_fof_0.0014_0000.hdf5,Ma_xp_A1850_n60_r16_v00_90000.hdf5,A1850,n60,r16,v00,,90000,0.0014,210426,3.157220554545605e+18,0.0,1.51017416291e+18,0.477722478553,9.75682341119e+17,0.308643464925,0.0,61.0,2.1855131870509998e+18,0.691356535075,6.633225174549916e+17,3.16119552817e+18,9.75682341119e+17,0.308643464925,/rds/general/user/nny124/home/irp-nny124/martian_moon_data/Ma_xp_A1850_n60_r16_v00_90000.hdf5,particle_level_raw_snapshot_parent_normalized,All raw asteroid particles in the physical snapshot are included in the denominator; all raw bound/captured asteroid particles are included in the numerator. No FoF background or unresolved material is discarded for the particle-level metrics.,Ma_xp_A1850_n60_r16_v00_90000_fof_0.0014_0000,Ma_xp_A1850_n60_r16_v00_90000_fof_0.0014_0000.hdf5,/rds/general/ephemeral/user/nny124/ephemeral/martian_moons_data/Ma_xp_A1850_n60_r16_v00_90000_fof_0.0014_0000.hdf5,140435643,1850,,,,False,60,16,0,0,PartType0,1002827,61,61,True,kg,3.157220554545605e+18,6.63321932741246e+17,1.0,True,"-1,2147483647",20,0.0,0.0,3.1572204980234496e+18,1.0
Ma_xp_A1850_n60_r16_v00_90000_fof_0.0019_0000.hdf5,Ma_xp_A1850_n60_r16_v00_90000.hdf5,A1850,n60,r16,v00,,90000,0.0019,210429,3.158059061563548e+18,0.0,1.51017416291e+18,0.477722478553,9.75682341119e+17,0.308643464925,0.0,61.0,2.1855131870509998e+18,0.691356535075,6.633319743070554e+17,3.16119552817e+18,9.75682341119e+17,0.308643464925,/rds/general/user/nny124/home/irp-nny124/martian_moon_data/Ma_xp_A1850_n60_r16_v00_90000.hdf5,particle_level_raw_snapshot_parent_normalized,All raw asteroid particles in the physical snapshot are included in the denominator; all raw bound/captured asteroid particles are included in the numerator. No FoF background or unresolved material is discarded for the particle-level metrics.,Ma_xp_A1850_n60_r16_v00_90000_fof_0.0019_0000,Ma_xp_A1850_n60_r16_v00_90000_fof_0.0019_0000.hdf5,/rds/general/ephemeral/user/nny124/ephemeral/martian_moons_data/Ma_xp_A1850_n60_r16_v00_90000_fof_0.0019_0000.hdf5,140435643,1850,,,,False,60,16,0,0,PartType0,1002827,61,61,True,kg,3.158059061563548e+18,6.633313896170666e+17,1.0,True,"-1,2147483647",20,0.0,0.0,3.1580590055731005e+18,1.0
Ma_xp_A1850_n60_r16_v00_90000_fof_0.0024_0000.hdf5,Ma_xp_A1850_n60_r16_v00_90000.hdf5,A1850,n60,r16,v00,,90000,0.0024,210429,3.158172543988177e+18,0.0,1.51017416291e+18,0.477722478553,9.75682341119e+17,0.308643464925,0.0,61.0,2.1855131870509998e+18,0.691356535075,6.633319743070554e+17,3.16119552817e+18,9.75682341119e+17,0.308643464925,/rds/general/user/nny124/home/irp-nny124/martian_moon_data/Ma_xp_A1850_n60_r16_v00_90000.hdf5,particle_level_raw_snapshot_parent_normalized,All raw asteroid particles in the physical snapshot are included in the denominator; all raw bound/captured asteroid particles are included in the numerator. No FoF background or unresolved material is discarded for the particle-level metrics.,Ma_xp_A1850_n60_r16_v00_90000_fof_0.0024_0000,Ma_xp_A1850_n60_r16_v00_90000_fof_0.0024_0000.hdf5,/rds/general/ephemeral/user/nny124/ephemeral/martian_moons_data/Ma_xp_A1850_n60_r16_v00_90000_fof_0.0024_0000.hdf5,140435643,1850,,,,False,60,16,0,0,PartType0,1002827,61,61,True,kg,3.158172543988177e+18,6.633313896170666e+17,1.0,True,"-1,2147483647",20,0.0,0.0,3.1581724877978655e+18,1.0
Ma_xp_A1850_n60_r16_v00_90000_fof_0.002_0000.hdf5,Ma_xp_A1850_n60_r16_v00_90000.hdf5,A1850,n60,r16,v00,,90000,0.002,210429,3.1581000415555174e+18,0.0,1.51017416291e+18,0.477722478553,9.75682341119e+17,0.308643464925,0.0,61.0,2.1855131870509998e+18,0.691356535075,6.633319743070554e+17,3.16119552817e+18,9.75682341119e+17,0.308643464925,/rds/general/user/nny124/home/irp-nny124/martian_moon_data/Ma_xp_A1850_n60_r16_v00_90000.hdf5,particle_level_raw_snapshot_parent_normalized,All raw asteroid particles in the physical snapshot are included in the denominator; all raw bound/captured asteroid particles are included in the numerator. No FoF background or unresolved material is discarded for the particle-level metrics.,Ma_xp_A1850_n60_r16_v00_90000_fof_0.002_0000,Ma_xp_A1850_n60_r16_v00_90000_fof_0.002_0000.hdf5,/rds/general/ephemeral/user/nny124/ephemeral/martian_moons_data/Ma_xp_A1850_n60_r16_v00_90000_fof_0.002_0000.hdf5,140435651,1850,,,,False,60,16,0,0,PartType0,1002827,61,61,True,kg,3.1581000415555174e+18,6.633313896170666e+17,1.0,True,"-1,2147483647",20,0.0,0.0,3.158099985265377e+18,1.0
,Ma_xp_A1900_n50_r12_v00_54000.hdf5,A1900,n50,r12,v00,,54000,0.006,6829,9.916082532868033e+18,,,,,,,,,,,,,,,,,Ma_xp_A1900_n50_r12_v00_54000_fof_0.006_0000,Ma_xp_A1900_n50_r12_v00_54000_fof_0.006_0000.hdf5,/rds/general/ephemeral/user/nny124/ephemeral/martian_moons_data/Ma_xp_A1900_n50_r12_v00_54000_fof_0.006_0000.hdf5,50119229,1900,,,,False,50,12,0,0,PartType0,108605,92,92,True,kg,9.916082532868033e+18,6.28633889061813e+17,1.0,True,"-1,2147483647",20,,,,
,Ma_xp_A1900_n50_r12_v00_56000.hdf5,A1900,n50,r12,v00,,56000,0.006,6909,9.924643464845242e+18,,,,,,,,,,,,,,,,,Ma_xp_A1900_n50_r12_v00_56000_fof_0.006_0000,Ma_xp_A1900_n50_r12_v00_56000_fof_0.006_0000.hdf5,/rds/general/ephemeral/user/nny124/ephemeral/martian_moons_data/Ma_xp_A1900_n50_r12_v00_56000_fof_0.006_0000.hdf5,50119229,1900,,,,False,50,12,0,0,PartType0,108605,87,87,True,kg,9.924643464845242e+18,6.360011882769449e+17,1.0,True,"-1,2147483647",20,,,,
,Ma_xp_A1900_n50_r12_v00_58000.hdf5,A1900,n50,r12,v00,,58000,0.006,7064,9.93808314295176e+18,,,,,,,,,,,,,,,,,Ma_xp_A1900_n50_r12_v00_58000_fof_0.006_0000,Ma_xp_A1900_n50_r12_v00_58000_fof_0.006_0000.hdf5,/rds/general/ephemeral/user/nny124/ephemeral/martian_moons_data/Ma_xp_A1900_n50_r12_v00_58000_fof_0.006_0000.hdf5,50119229,1900,,,,False,50,12,0,0,PartType0,108605,84,84,True,kg,9.93808314295176e+18,6.502694938348407e+17,1.0,True,"-1,2147483647",20,,,,
,Ma_xp_A1900_n50_r12_v00_60000.hdf5,A1900,n50,r12,v00,,60000,0.006,8493,9.94415865999262e+18,,,,,,,,,,,,,,,,,Ma_xp_A1900_n50_r12_v00_60000_fof_0.006_0000,Ma_xp_A1900_n50_r12_v00_60000_fof_0.006_0000.hdf5,/rds/general/ephemeral/user/nny124/ephemeral/martian_moons_data/Ma_xp_A1900_n50_r12_v00_60000_fof_0.006_0000.hdf5,50119229,1900,,,,False,50,12,0,0,PartType0,108605,80,80,True,kg,9.94415865999262e+18,7.818145918853169e+17,1.0,True,"-1,2147483647",20,,,,
,Ma_xp_A1900_n50_r12_v00_62000.hdf5,A1900,n50,r12,v00,,62000,0.006,8491,9.949957991382737e+18,,,,,,,,,,,,,,,,,Ma_xp_A1900_n50_r12_v00_62000_fof_0.006_0000,Ma_xp_A1900_n50_r12_v00_62000_fof_0.006_0000.hdf5,/rds/general/ephemeral/user/nny124/ephemeral/martian_moons_data/Ma_xp_A1900_n50_r12_v00_62000_fof_0.006_0000.hdf5,50119229,1900,,,,False,50,12,0,0,PartType0,108605,76,76,True,kg,9.949957991382737e+18,7.816304689739533e+17,1.0,True,"-1,2147483647",20,,,,
,Ma_xp_A1900_n50_r12_v00_64000.hdf5,A1900,n50,r12,v00,,64000,0.006,8495,9.95456068079288e+18,,,,,,,,,,,,,,,,,Ma_xp_A1900_n50_r12_v00_64000_fof_0.006_0000,Ma_xp_A1900_n50_r12_v00_64000_fof_0.006_0000.hdf5,/rds/general/ephemeral/user/nny124/ephemeral/martian_moons_data/Ma_xp_A1900_n50_r12_v00_64000_fof_0.006_0000.hdf5,50119229,1900,,,,False,50,12,0,0,PartType0,108605,71,71,True,kg,9.95456068079288e+18,7.819987021054381e+17,1.0,True,"-1,2147483647",20,,,,
,Ma_xp_A1900_n50_r12_v00_66000.hdf5,A1900,n50,r12,v00,,66000,0.006,8497,9.957782605471326e+18,,,,,,,,,,,,,,,,,Ma_xp_A1900_n50_r12_v00_66000_fof_0.006_0000,Ma_xp_A1900_n50_r12_v00_66000_fof_0.006_0000.hdf5,/rds/general/ephemeral/user/nny124/ephemeral/martian_moons_data/Ma_xp_A1900_n50_r12_v00_66000_fof_0.006_0000.hdf5,50119229,1900,,,,False,50,12,0,0,PartType0,108605,67,67,True,kg,9.957782605471326e+18,7.821827988432955e+17,1.0,True,"-1,2147483647",20,,,,
,Ma_xp_A1900_n50_r12_v00_68000.hdf5,A1900,n50,r12,v00,,68000,0.006,8703,9.9599919206327e+18,,,,,,,,,,,,,,,,,Ma_xp_A1900_n50_r12_v00_68000_fof_0.006_0000,Ma_xp_A1900_n50_r12_v00_68000_fof_0.006_0000.hdf5,/rds/general/ephemeral/user/nny124/ephemeral/martian_moons_data/Ma_xp_A1900_n50_r12_v00_68000_fof_0.006_0000.hdf5,50119229,1900,,,,False,50,12,0,0,PartType0,108605,64,64,True,kg,9.9599919206327e+18,8.011457168291612e+17,1.0,True,"-1,2147483647",20,,,,
,Ma_xp_A1900_n50_r12_v00_70000.hdf5,A1900,n50,r12,v00,,70000,0.006,8703,9.96229325049548e+18,,,,,,,,,,,,,,,,,Ma_xp_A1900_n50_r12_v00_70000_fof_0.006_0000,Ma_xp_A1900_n50_r12_v00_70000_fof_0.006_0000.hdf5,/rds/general/ephemeral/user/nny124/ephemeral/martian_moons_data/Ma_xp_A1900_n50_r12_v00_70000_fof_0.006_0000.hdf5,50119229,1900,,,,False,50,12,0,0,PartType0,108605,64,64,True,kg,9.96229325049548e+18,8.011457168291593e+17,1.0,True,"-1,2147483647",20,,,,
,Ma_xp_A1900_n50_r12_v00_72000.hdf5,A1900,n50,r12,v00,,72000,0.006,8703,9.96781639561036e+18,,,,,,,,,,,,,,,,,Ma_xp_A1900_n50_r12_v00_72000_fof_0.006_0000,Ma_xp_A1900_n50_r12_v00_72000_fof_0.006_0000.hdf5,/rds/general/ephemeral/user/nny124/ephemeral/martian_moons_data/Ma_xp_A1900_n50_r12_v00_72000_fof_0.006_0000.hdf5,50119229,1900,,,,False,50,12,0,0,PartType0,108605,61,61,True,kg,9.96781639561036e+18,8.011457168291612e+17,1.0,True,"-1,2147483647",20,,,,
Ma_xp_A1900_n50_r12_v00_90000_fof_0.006_0000.hdf5,Ma_xp_A1900_n50_r12_v00_90000.hdf5,A1900,n50,r12,v00,,90000,0.006,10370,9.977113687907529e+18,0.0,5.29730393397e+18,0.5298651075,4.05467532721e+18,0.405570645919,0.0,47.0,5.94278225019e+18,0.594429354081,9.545935737544728e+17,9.9974575774e+18,4.05467532721e+18,0.405570645919,/rds/general/user/nny124/home/irp-nny124/martian_moon_data/Ma_xp_A1900_n50_r12_v00_90000.hdf5,particle_level_raw_snapshot_parent_normalized,All raw asteroid particles in the physical snapshot are included in the denominator; all raw bound/captured asteroid particles are included in the numerator. No FoF background or unresolved material is discarded for the particle-level metrics.,Ma_xp_A1900_n50_r12_v00_90000_fof_0.006_0000,Ma_xp_A1900_n50_r12_v00_90000_fof_0.006_0000.hdf5,/rds/general/ephemeral/user/nny124/ephemeral/martian_moons_data/Ma_xp_A1900_n50_r12_v00_90000_fof_0.006_0000.hdf5,50119229,1900,,,,False,50,12,0,0,PartType0,108605,47,47,True,kg,9.977113687907529e+18,9.545948509298706e+17,1.0,True,"-1,2147483647",20,0.0,0.0,9.977113779923413e+18,1.0
,Ma_xp_A1900_n50_r16_v00_72000.hdf5,A1900,n50,r16,v00,,72000,0.006,38061,9.984938231407104e+18,,,,,,,,,,,,,,,,,Ma_xp_A1900_n50_r16_v00_72000_fof_0.006_0000,Ma_xp_A1900_n50_r16_v00_72000_fof_0.006_0000.hdf5,/rds/general/ephemeral/user/nny124/ephemeral/martian_moons_data/Ma_xp_A1900_n50_r16_v00_72000_fof_0.006_0000.hdf5,50119229,1900,,,,False,50,16,0,0,PartType0,108605,18,18,True,kg,9.984938231407104e+18,3.503641645141961e+18,1.0,True,"-1,2147483647",20,,,,
Ma_xp_A1900_n50_r16_v00_90000_fof_0.006_0000.hdf5,Ma_xp_A1900_n50_r16_v00_90000.hdf5,A1900,n50,r16,v00,,90000,0.006,45734,9.990185320066548e+18,0.0,4.38413438222e+18,0.438524929791,3.84368897513e+18,0.384466645182,0.0,17.0,6.153768602270001e+18,0.615533354818,4.2099693830416394e+18,9.9974575774e+18,3.84368897513e+18,0.384466645182,/rds/general/user/nny124/home/irp-nny124/martian_moon_data/Ma_xp_A1900_n50_r16_v00_90000.hdf5,particle_level_raw_snapshot_parent_normalized,All raw asteroid particles in the physical snapshot are included in the denominator; all raw bound/captured asteroid particles are included in the numerator. No FoF background or unresolved material is discarded for the particle-level metrics.,Ma_xp_A1900_n50_r16_v00_90000_fof_0.006_0000,Ma_xp_A1900_n50_r16_v00_90000_fof_0.006_0000.hdf5,/rds/general/ephemeral/user/nny124/ephemeral/martian_moons_data/Ma_xp_A1900_n50_r16_v00_90000_fof_0.006_0000.hdf5,50119229,1900,,,,False,50,16,0,0,PartType0,108605,17,17,True,kg,9.990185320066548e+18,4.209965963231357e+18,1.0,True,"-1,2147483647",20,0.0,0.0,9.99018536020568e+18,1.0
,Ma_xp_A1900_n55_r12_v00_72000.hdf5,A1900,n55,r12,v00,,72000,0.004,19062,9.972751113310925e+18,,,,,,,,,,,,,,,,,Ma_xp_A1900_n55_r12_v00_72000_fof_0.004_0000,Ma_xp_A1900_n55_r12_v00_72000_fof_0.004_0000.hdf5,/rds/general/ephemeral/user/nny124/ephemeral/martian_moons_data/Ma_xp_A1900_n55_r12_v00_72000_fof_0.004_0000.hdf5,71407403,1900,,,,False,55,12,0,0,PartType0,319379,97,97,True,kg,9.972751113310925e+18,5.967149749250502e+17,1.0,True,"-1,2147483647",20,,,,
Ma_xp_A1900_n55_r12_v00_90000_fof_0.004_0000.hdf5,Ma_xp_A1900_n55_r12_v00_90000.hdf5,A1900,n55,r12,v00,,90000,0.004,28826,9.983864024145564e+18,0.0,4.97001916991e+18,0.497108451088,4.1350461825e+18,0.413593254409,0.0,72.0,5.862810741940001e+18,0.586406745591,9.023706120435626e+17,9.99785692444e+18,4.1350461825e+18,0.413593254409,/rds/general/user/nny124/home/irp-nny124/martian_moon_data/Ma_xp_A1900_n55_r12_v00_90000.hdf5,particle_level_raw_snapshot_parent_normalized,All raw asteroid particles in the physical snapshot are included in the denominator; all raw bound/captured asteroid particles are included in the numerator. No FoF background or unresolved material is discarded for the particle-level metrics.,Ma_xp_A1900_n55_r12_v00_90000_fof_0.004_0000,Ma_xp_A1900_n55_r12_v00_90000_fof_0.004_0000.hdf5,/rds/general/ephemeral/user/nny124/ephemeral/martian_moons_data/Ma_xp_A1900_n55_r12_v00_90000_fof_0.004_0000.hdf5,71407403,1900,,,,False,55,12,0,0,PartType0,319379,72,72,True,kg,9.983864024145564e+18,9.023763927266004e+17,1.0,True,"-1,2147483647",20,0.0,0.0,9.98386401305505e+18,1.0
,Ma_xp_A1900_n55_r16_v00_72000.hdf5,A1900,n55,r16,v00,,72000,0.004,89819,9.980232782581295e+18,,,,,,,,,,,,,,,,,Ma_xp_A1900_n55_r16_v00_72000_fof_0.004_0000,Ma_xp_A1900_n55_r16_v00_72000_fof_0.004_0000.hdf5,/rds/general/ephemeral/user/nny124/ephemeral/martian_moons_data/Ma_xp_A1900_n55_r16_v00_72000_fof_0.004_0000.hdf5,71407403,1900,,,,False,55,16,0,0,PartType0,319379,58,58,True,kg,9.980232782581295e+18,2.811689506800592e+18,1.0,True,"-1,2147483647",20,,,,
Ma_xp_A1900_n55_r16_v00_90000_fof_0.004_0000.hdf5,Ma_xp_A1900_n55_r16_v00_90000.hdf5,A1900,n55,r16,v00,,90000,0.004,90645,9.990375288430428e+18,0.0,4.57176901635e+18,0.457274899101,3.75946016282e+18,0.376026601624,0.0,36.0,6.238396761620001e+18,0.6239733983760001,2.837555822133129e+18,9.99785692444e+18,3.75946016282e+18,0.376026601624,/rds/general/user/nny124/home/irp-nny124/martian_moon_data/Ma_xp_A1900_n55_r16_v00_90000.hdf5,particle_level_raw_snapshot_parent_normalized,All raw asteroid particles in the physical snapshot are included in the denominator; all raw bound/captured asteroid particles are included in the numerator. No FoF background or unresolved material is discarded for the particle-level metrics.,Ma_xp_A1900_n55_r16_v00_90000_fof_0.004_0000,Ma_xp_A1900_n55_r16_v00_90000_fof_0.004_0000.hdf5,/rds/general/ephemeral/user/nny124/ephemeral/martian_moons_data/Ma_xp_A1900_n55_r16_v00_90000_fof_0.004_0000.hdf5,71407403,1900,,,,False,55,16,0,0,PartType0,319379,36,36,True,kg,9.990375288430428e+18,2.837546514758993e+18,1.0,True,"-1,2147483647",20,0.0,0.0,9.99037525593954e+18,1.0
,Ma_xp_A1900_n60_r12_v00_72000.hdf5,A1900,n60,r12,v00,,72000,0.003,63886,9.975785986035202e+18,,,,,,,,,,,,,,,,,Ma_xp_A1900_n60_r12_v00_72000_fof_0.003_0000,Ma_xp_A1900_n60_r12_v00_72000_fof_0.003_0000.hdf5,/rds/general/ephemeral/user/nny124/ephemeral/martian_moons_data/Ma_xp_A1900_n60_r12_v00_72000_fof_0.003_0000.hdf5,140435651,1900,,,,False,60,12,0,0,PartType0,1002827,168,168,True,kg,9.975785986035202e+18,6.36937087117975e+17,1.0,True,"-1,2147483647",20,,,,
Ma_xp_A1900_n60_r12_v00_90000_fof_0.003_0000.hdf5,Ma_xp_A1900_n60_r12_v00_90000.hdf5,A1900,n60,r12,v00,,90000,0.003,64224,9.988487570590872e+18,1.0,4.97169199668e+18,0.497267225553,3.94453885294e+18,0.394531659,1.835448272894502e+17,122.0,6.053489855159999e+18,0.605468341,6.403032584372952e+17,9.9980287081e+18,3.94453885294e+18,0.394531659,/rds/general/user/nny124/home/irp-nny124/martian_moon_data/Ma_xp_A1900_n60_r12_v00_90000.hdf5,particle_level_raw_snapshot_parent_normalized,All raw asteroid particles in the physical snapshot are included in the denominator; all raw bound/captured asteroid particles are included in the numerator. No FoF background or unresolved material is discarded for the particle-level metrics.,Ma_xp_A1900_n60_r12_v00_90000_fof_0.003_0000,Ma_xp_A1900_n60_r12_v00_90000_fof_0.003_0000.hdf5,/rds/general/ephemeral/user/nny124/ephemeral/martian_moons_data/Ma_xp_A1900_n60_r12_v00_90000_fof_0.003_0000.hdf5,140435651,1900,,,,False,60,12,0,0,PartType0,1002827,123,123,True,kg,9.988487570590872e+18,6.403069017605837e+17,1.0,True,"-1,2147483647",20,1.835448272894502e+17,0.0183756375577676,9.804942740145375e+18,0.9816243624422324
,Ma_xp_A1900_n60_r16_v00_72000.hdf5,A1900,n60,r16,v00,,72000,0.003,263006,9.979953367695477e+18,,,,,,,,,,,,,,,,,Ma_xp_A1900_n60_r16_v00_72000_fof_0.003_0000,Ma_xp_A1900_n60_r16_v00_72000_fof_0.003_0000.hdf5,/rds/general/ephemeral/user/nny124/ephemeral/martian_moons_data/Ma_xp_A1900_n60_r16_v00_72000_fof_0.003_0000.hdf5,140435651,1900,,,,False,60,16,0,0,PartType0,1002827,125,125,True,kg,9.979953367695477e+18,2.622126938692686e+18,1.0,True,"-1,2147483647",20,,,,
Ma_xp_A1900_n60_r16_v00_90000_fof_0.003_0000.hdf5,Ma_xp_A1900_n60_r16_v00_90000.hdf5,A1900,n60,r16,v00,,90000,0.003,264980,9.990750707229274e+18,0.0,4.74237561577e+18,0.474331066076,3.44014450735e+18,0.344082279396,0.0,63.0,6.55788420075e+18,0.655917720604,2.6418092523231416e+18,9.9980287081e+18,3.44014450735e+18,0.344082279396,/rds/general/user/nny124/home/irp-nny124/martian_moon_data/Ma_xp_A1900_n60_r16_v00_90000.hdf5,particle_level_raw_snapshot_parent_normalized,All raw asteroid particles in the physical snapshot are included in the denominator; all raw bound/captured asteroid particles are included in the numerator. No FoF background or unresolved material is discarded for the particle-level metrics.,Ma_xp_A1900_n60_r16_v00_90000_fof_0.003_0000,Ma_xp_A1900_n60_r16_v00_90000_fof_0.003_0000.hdf5,/rds/general/ephemeral/user/nny124/ephemeral/martian_moons_data/Ma_xp_A1900_n60_r16_v00_90000_fof_0.003_0000.hdf5,140435651,1900,,,,False,60,16,0,0,PartType0,1002827,63,63,True,kg,9.990750707229274e+18,2.6418074321516247e+18,1.0,True,"-1,2147483647",20,0.0,0.0,9.990750722011933e+18,1.0
,Ma_xp_A1900_n65_r11_v00_89000.hdf5,A1900,n65,r11,v00,,89000,0.002,231726,9.983998047823696e+18,,,,,,,,,,,,,,,,,Ma_xp_A1900_n65_r11_v00_89000_fof_0.002_0000,Ma_xp_A1900_n65_r11_v00_89000_fof_0.002_0000.hdf5,/rds/general/ephemeral/user/nny124/ephemeral/martian_moons_data/Ma_xp_A1900_n65_r11_v00_89000_fof_0.002_0000.hdf5,462775096,1900,,,,False,65,11,0,0,PartType0,3227694,269,269,True,kg,9.983998047823696e+18,7.177983011745935e+17,1.0,True,"-1,2147483647",20,,,,
Ma_xp_A1900_n65_r12_v00_90000_fof_0.0019_0000.hdf5,Ma_xp_A1900_n65_r12_v00_90000.hdf5,A1900,n65,r12,v00,,90000,0.0019,230085,9.988508184959394e+18,0.0,5.03232844263e+18,0.503325594062,3.96335967371e+18,0.396409015229,0.0,219.0,6.03479758672e+18,0.6035909847709999,7.127150260422953e+17,9.99815726043e+18,3.96335967371e+18,0.396409015229,/rds/general/user/nny124/home/irp-nny124/martian_moon_data/Ma_xp_A1900_n65_r12_v00_90000.hdf5,particle_level_raw_snapshot_parent_normalized,All raw asteroid particles in the physical snapshot are included in the denominator; all raw bound/captured asteroid particles are included in the numerator. No FoF background or unresolved material is discarded for the particle-level metrics.,Ma_xp_A1900_n65_r12_v00_90000_fof_0.0019_0000,Ma_xp_A1900_n65_r12_v00_90000_fof_0.0019_0000.hdf5,/rds/general/ephemeral/user/nny124/ephemeral/martian_moons_data/Ma_xp_A1900_n65_r12_v00_90000_fof_0.0019_0000.hdf5,462775088,1900,,,,False,65,12,0,0,PartType0,3227694,219,219,True,kg,9.988508184959394e+18,7.12715585391183e+17,1.0,True,"-1,2147483647",20,0.0,0.0,9.988508185932618e+18,1.0
Ma_xp_A1900_n65_r12_v00_90000_fof_0.002_0000.hdf5,Ma_xp_A1900_n65_r12_v00_90000.hdf5,A1900,n65,r12,v00,,90000,0.002,230085,9.988783872833184e+18,0.0,5.03232844263e+18,0.503325594062,3.96335967371e+18,0.396409015229,0.0,219.0,6.03479758672e+18,0.6035909847709999,7.127150260422953e+17,9.99815726043e+18,3.96335967371e+18,0.396409015229,/rds/general/user/nny124/home/irp-nny124/martian_moon_data/Ma_xp_A1900_n65_r12_v00_90000.hdf5,particle_level_raw_snapshot_parent_normalized,All raw asteroid particles in the physical snapshot are included in the denominator; all raw bound/captured asteroid particles are included in the numerator. No FoF background or unresolved material is discarded for the particle-level metrics.,Ma_xp_A1900_n65_r12_v00_90000_fof_0.002_0000,Ma_xp_A1900_n65_r12_v00_90000_fof_0.002_0000.hdf5,/rds/general/ephemeral/user/nny124/ephemeral/martian_moons_data/Ma_xp_A1900_n65_r12_v00_90000_fof_0.002_0000.hdf5,462775096,1900,,,,False,65,12,0,0,PartType0,3227694,219,219,True,kg,9.988783872833184e+18,7.12715585391183e+17,1.0,True,"-1,2147483647",20,0.0,0.0,9.988783873775448e+18,1.0
Ma_xp_A1900_n65_r12_v02_90000_fof_0.002_0000.hdf5,Ma_xp_A1900_n65_r12_v02_90000.hdf5,A1900,n65,r12,v02,,90000,0.002,202858,9.65588021181649e+18,1.0,4.4883404998e+18,0.448918032584,3.55882332999e+18,0.355948923145,381006787927362.9,267.0,6.43930589189e+18,0.6440510768550001,6.28376219391658e+17,9.99812922188e+18,3.55882332999e+18,0.355948923145,/rds/general/user/nny124/home/irp-nny124/martian_moon_data/Ma_xp_A1900_n65_r12_v02_90000.hdf5,particle_level_raw_snapshot_parent_normalized,All raw asteroid particles in the physical snapshot are included in the denominator; all raw bound/captured asteroid particles are included in the numerator. No FoF background or unresolved material is discarded for the particle-level metrics.,Ma_xp_A1900_n65_r12_v02_90000_fof_0.002_0000,Ma_xp_A1900_n65_r12_v02_90000_fof_0.002_0000.hdf5,/rds/general/ephemeral/user/nny124/ephemeral/martian_moons_data/Ma_xp_A1900_n65_r12_v02_90000_fof_0.002_0000.hdf5,462775096,1900,,,,False,65,12,2,0,PartType0,3227685,268,268,True,kg,9.65588021181649e+18,6.2837651003148e+17,1.0,True,"-1,2147483647",20,381006787927362.9,3.9458526362007095e-05,9.655498800579074e+18,0.999960541473638
Ma_xp_A1900_n65_r12_v04_90000_fof_0.002_0000.hdf5,Ma_xp_A1900_n65_r12_v04_90000.hdf5,A1900,n65,r12,v04,,90000,0.002,233489,9.98417772412788e+18,0.0,3.04676259748e+18,0.304732418872,2.312305415e+18,0.231273162822,0.0,255.0,7.68585168543e+18,0.768726837178,7.232593000513503e+17,9.99815710043e+18,2.312305415e+18,0.231273162822,/rds/general/user/nny124/home/irp-nny124/martian_moon_data/Ma_xp_A1900_n65_r12_v04_90000.hdf5,particle_level_raw_snapshot_parent_normalized,All raw asteroid particles in the physical snapshot are included in the denominator; all raw bound/captured asteroid particles are included in the numerator. No FoF background or unresolved material is discarded for the particle-level metrics.,Ma_xp_A1900_n65_r12_v04_90000_fof_0.002_0000,Ma_xp_A1900_n65_r12_v04_90000_fof_0.002_0000.hdf5,/rds/general/ephemeral/user/nny124/ephemeral/martian_moons_data/Ma_xp_A1900_n65_r12_v04_90000_fof_0.002_0000.hdf5,462775096,1900,,,,False,65,12,4,0,PartType0,3227694,255,255,True,kg,9.98417772412788e+18,7.232600172130327e+17,1.0,True,"-1,2147483647",20,0.0,0.0,9.984177558680467e+18,1.0
,Ma_xp_A1900_n65_r12_v06_89000.hdf5,A1900,n65,r12,v06,,89000,0.002,263211,9.982306767430496e+18,,,,,,,,,,,,,,,,,Ma_xp_A1900_n65_r12_v06_89000_fof_0.002_0000,Ma_xp_A1900_n65_r12_v06_89000_fof_0.002_0000.hdf5,/rds/general/ephemeral/user/nny124/ephemeral/martian_moons_data/Ma_xp_A1900_n65_r12_v06_89000_fof_0.002_0000.hdf5,462775096,1900,,,,False,65,12,6,0,PartType0,3227694,256,256,True,kg,9.982306767430496e+18,8.153269647811967e+17,1.0,True,"-1,2147483647",20,,,,
Ma_xp_A1900_n65_r12_v08_90000_fof_0.002_0000.hdf5,Ma_xp_A1900_n65_r12_v08_90000.hdf5,A1900,n65,r12,v08,,90000,0.002,250293,9.98118541585754e+18,0.0,0.0,0.0,0.0,0.0,0.0,241.0,9.99815710043e+18,1.0,7.753116420384049e+17,9.99815710043e+18,0.0,0.0,/rds/general/user/nny124/home/irp-nny124/martian_moon_data/Ma_xp_A1900_n65_r12_v08_90000.hdf5,particle_level_raw_snapshot_parent_normalized,All raw asteroid particles in the physical snapshot are included in the denominator; all raw bound/captured asteroid particles are included in the numerator. No FoF background or unresolved material is discarded for the particle-level metrics.,Ma_xp_A1900_n65_r12_v08_90000_fof_0.002_0000,Ma_xp_A1900_n65_r12_v08_90000_fof_0.002_0000.hdf5,/rds/general/ephemeral/user/nny124/ephemeral/martian_moons_data/Ma_xp_A1900_n65_r12_v08_90000_fof_0.002_0000.hdf5,462775096,1900,,,,False,65,12,8,0,PartType0,3227694,241,241,True,kg,9.98118541585754e+18,7.753113647699859e+17,1.0,True,"-1,2147483647",20,0.0,0.0,9.981185261472076e+18,1.0
Ma_xp_A1900_n65_r12_v10_90000_fof_0.002_0000.hdf5,Ma_xp_A1900_n65_r12_v10_90000.hdf5,A1900,n65,r12,v10,,90000,0.002,309332,9.505983118719535e+18,0.0,1821398303260000.0,0.0001821737417,1074872808220000.0,0.000107507293146,0.0,284.0,9.99706364192178e+18,0.999892492706854,9.581918026295567e+17,9.99813851473e+18,1074872808220000.0,0.000107507293146,/rds/general/user/nny124/home/irp-nny124/martian_moon_data/Ma_xp_A1900_n65_r12_v10_90000.hdf5,particle_level_raw_snapshot_parent_normalized,All raw asteroid particles in the physical snapshot are included in the denominator; all raw bound/captured asteroid particles are included in the numerator. No FoF background or unresolved material is discarded for the particle-level metrics.,Ma_xp_A1900_n65_r12_v10_90000_fof_0.002_0000,Ma_xp_A1900_n65_r12_v10_90000_fof_0.002_0000.hdf5,/rds/general/ephemeral/user/nny124/ephemeral/martian_moons_data/Ma_xp_A1900_n65_r12_v10_90000_fof_0.002_0000.hdf5,462775096,1900,,,,False,65,12,10,0,PartType0,3227688,284,284,True,kg,9.505983118719535e+18,9.58191919157856e+17,1.0,True,"-1,2147483647",20,0.0,0.0,9.505983063680215e+18,1.0
,Ma_xp_A1900_n65_r12_v15_89000.hdf5,A1900,n65,r12,v15,,89000,0.002,626417,9.987272239373132e+18,,,,,,,,,,,,,,,,,Ma_xp_A1900_n65_r12_v15_89000_fof_0.002_0000,Ma_xp_A1900_n65_r12_v15_89000_fof_0.002_0000.hdf5,/rds/general/ephemeral/user/nny124/ephemeral/martian_moons_data/Ma_xp_A1900_n65_r12_v15_89000_fof_0.002_0000.hdf5,462775096,1900,,,,False,65,12,15,0,PartType0,3227694,142,142,True,kg,9.987272239373132e+18,1.940399438030397e+18,1.0,True,"-1,2147483647",20,,,,
,Ma_xp_A1900_n65_r12_v20_89000.hdf5,A1900,n65,r12,v20,,89000,0.002,1517782,9.958213488067598e+18,,,,,,,,,,,,,,,,,Ma_xp_A1900_n65_r12_v20_89000_fof_0.002_0000,Ma_xp_A1900_n65_r12_v20_89000_fof_0.002_0000.hdf5,/rds/general/ephemeral/user/nny124/ephemeral/martian_moons_data/Ma_xp_A1900_n65_r12_v20_89000_fof_0.002_0000.hdf5,462775096,1900,,,,False,65,12,20,0,PartType0,3227689,100,100,True,kg,9.958213488067598e+18,4.701506889502671e+18,1.0,True,"-1,2147483647",20,,,,
,Ma_xp_A1900_n65_r12_v25_75000.hdf5,A1900,n65,r12,v25,,75000,0.002,1964741,9.938280333658276e+18,,,,,,,,,,,,,,,,,Ma_xp_A1900_n65_r12_v25_75000_fof_0.002_0000,Ma_xp_A1900_n65_r12_v25_75000_fof_0.002_0000.hdf5,/rds/general/ephemeral/user/nny124/ephemeral/martian_moons_data/Ma_xp_A1900_n65_r12_v25_75000_fof_0.002_0000.hdf5,462775096,1900,,,,False,65,12,25,0,PartType0,3227694,244,244,True,kg,9.938280333658276e+18,6.086013743236382e+18,1.0,True,"-1,2147483647",20,,,,
,Ma_xp_A1900_n65_r12_v30_65000.hdf5,A1900,n65,r12,v30,,65000,0.002,2195315,9.982703251757138e+18,,,,,,,,,,,,,,,,,Ma_xp_A1900_n65_r12_v30_65000_fof_0.002_0000,Ma_xp_A1900_n65_r12_v30_65000_fof_0.002_0000.hdf5,/rds/general/ephemeral/user/nny124/ephemeral/martian_moons_data/Ma_xp_A1900_n65_r12_v30_65000_fof_0.002_0000.hdf5,462775096,1900,,,,False,65,12,30,0,PartType0,3227694,82,82,True,kg,9.982703251757138e+18,6.800243628473971e+18,1.0,True,"-1,2147483647",20,,,,
Ma_xp_A1900_n65_r13_v00_90000_fof_0.002_0000.hdf5,Ma_xp_A1900_n65_r13_v00_90000.hdf5,A1900,n65,r13,v00,,90000,0.002,231952,9.985571635012112e+18,0.0,5.0127607208e+18,0.501368469254,4.04010614831e+18,0.404085083654,0.0,252.0,5.95805095212e+18,0.595914916346,7.184982640102825e+17,9.99815710043e+18,4.04010614831e+18,0.404085083654,/rds/general/user/nny124/home/irp-nny124/martian_moon_data/Ma_xp_A1900_n65_r13_v00_90000.hdf5,particle_level_raw_snapshot_parent_normalized,All raw asteroid particles in the physical snapshot are included in the denominator; all raw bound/captured asteroid particles are included in the numerator. No FoF background or unresolved material is discarded for the particle-level metrics.,Ma_xp_A1900_n65_r13_v00_90000_fof_0.002_0000,Ma_xp_A1900_n65_r13_v00_90000_fof_0.002_0000.hdf5,/rds/general/ephemeral/user/nny124/ephemeral/martian_moons_data/Ma_xp_A1900_n65_r13_v00_90000_fof_0.002_0000.hdf5,462775096,1900,,,,False,65,13,0,0,PartType0,3227694,252,252,True,kg,9.985571635012112e+18,7.184983628052302e+17,1.0,True,"-1,2147483647",20,0.0,0.0,9.985571485955656e+18,1.0
Ma_xp_A1900_n65_r14_v00_90000_fof_0.002_0000.hdf5,Ma_xp_A1900_n65_r14_v00_90000.hdf5,A1900,n65,r14,v00,,90000,0.002,258552,9.98832853157599e+18,0.0,5.13003027346e+18,0.513097586078,3.8165326042e+18,0.381723608248,0.0,248.0,6.181624496230001e+18,0.618276391752,8.008948539207593e+17,9.99815710043e+18,3.8165326042e+18,0.381723608248,/rds/general/user/nny124/home/irp-nny124/martian_moon_data/Ma_xp_A1900_n65_r14_v00_90000.hdf5,particle_level_raw_snapshot_parent_normalized,All raw asteroid particles in the physical snapshot are included in the denominator; all raw bound/captured asteroid particles are included in the numerator. No FoF background or unresolved material is discarded for the particle-level metrics.,Ma_xp_A1900_n65_r14_v00_90000_fof_0.002_0000,Ma_xp_A1900_n65_r14_v00_90000_fof_0.002_0000.hdf5,/rds/general/ephemeral/user/nny124/ephemeral/martian_moons_data/Ma_xp_A1900_n65_r14_v00_90000_fof_0.002_0000.hdf5,462775096,1900,,,,False,65,14,0,0,PartType0,3227694,248,248,True,kg,9.98832853157599e+18,8.008955381307922e+17,1.0,True,"-1,2147483647",20,0.0,0.0,9.98832836433961e+18,1.0
Ma_xp_A1900_n65_r14_v02_90000_fof_0.002_0000.hdf5,Ma_xp_A1900_n65_r14_v02_90000.hdf5,A1900,n65,r14,v02,,90000,0.002,352051,9.985720332073077e+18,0.0,4.31628960532e+18,0.431708653828,3.41845485361e+18,0.341908601593,0.0,245.0,6.579699149199999e+18,0.658091398407,1.0905188674560852e+18,9.99815400281e+18,3.41845485361e+18,0.341908601593,/rds/general/user/nny124/home/irp-nny124/martian_moon_data/Ma_xp_A1900_n65_r14_v02_90000.hdf5,particle_level_raw_snapshot_parent_normalized,All raw asteroid particles in the physical snapshot are included in the denominator; all raw bound/captured asteroid particles are included in the numerator. No FoF background or unresolved material is discarded for the particle-level metrics.,Ma_xp_A1900_n65_r14_v02_90000_fof_0.002_0000,Ma_xp_A1900_n65_r14_v02_90000_fof_0.002_0000.hdf5,/rds/general/ephemeral/user/nny124/ephemeral/martian_moons_data/Ma_xp_A1900_n65_r14_v02_90000_fof_0.002_0000.hdf5,462775096,1900,,,,False,65,14,2,0,PartType0,3227693,245,245,True,kg,9.985720332073077e+18,1.09051925587775e+18,1.0,True,"-1,2147483647",20,0.0,0.0,9.985720171531235e+18,1.0
,Ma_xp_A1900_n65_r14_v04_89000.hdf5,A1900,n65,r14,v04,,89000,0.002,262043,9.986246932065784e+18,,,,,,,,,,,,,,,,,Ma_xp_A1900_n65_r14_v04_89000_fof_0.002_0000,Ma_xp_A1900_n65_r14_v04_89000_fof_0.002_0000.hdf5,/rds/general/ephemeral/user/nny124/ephemeral/martian_moons_data/Ma_xp_A1900_n65_r14_v04_89000_fof_0.002_0000.hdf5,462775096,1900,,,,False,65,14,4,0,PartType0,3227694,228,228,True,kg,9.986246932065784e+18,8.117086685271648e+17,1.0,True,"-1,2147483647",20,,,,
Ma_xp_A1900_n65_r14_v06_90000_fof_0.002_0000.hdf5,Ma_xp_A1900_n65_r14_v06_90000.hdf5,A1900,n65,r14,v06,,90000,0.002,374568,9.984400752933409e+18,0.0,9.910946815e+17,0.0991277363963,5.29878220674e+17,0.0529975889908,0.0,230.0,9.468278879756e+18,0.9470024110092,1.16026789057692e+18,9.99815710043e+18,5.29878220674e+17,0.0529975889908,/rds/general/user/nny124/home/irp-nny124/martian_moon_data/Ma_xp_A1900_n65_r14_v06_90000.hdf5,particle_level_raw_snapshot_parent_normalized,All raw asteroid particles in the physical snapshot are included in the denominator; all raw bound/captured asteroid particles are included in the numerator. No FoF background or unresolved material is discarded for the particle-level metrics.,Ma_xp_A1900_n65_r14_v06_90000_fof_0.002_0000,Ma_xp_A1900_n65_r14_v06_90000_fof_0.002_0000.hdf5,/rds/general/ephemeral/user/nny124/ephemeral/martian_moons_data/Ma_xp_A1900_n65_r14_v06_90000_fof_0.002_0000.hdf5,462775096,1900,,,,False,65,14,6,0,PartType0,3227694,230,230,True,kg,9.984400752933409e+18,1.160268512580747e+18,1.0,True,"-1,2147483647",20,0.0,0.0,9.98440058705174e+18,1.0
Ma_xp_A1900_n65_r15_v00_90000_fof_0.002_0000.hdf5,Ma_xp_A1900_n65_r15_v00_90000.hdf5,A1900,n65,r15,v00,,90000,0.002,315222,9.98777095376937e+18,0.0,5.10430147362e+18,0.510524231851,3.8936756371e+18,0.389439333468,0.0,198.0,6.10448146333e+18,0.610560666532,9.764367618240196e+17,9.99815710043e+18,3.8936756371e+18,0.389439333468,/rds/general/user/nny124/home/irp-nny124/martian_moon_data/Ma_xp_A1900_n65_r15_v00_90000.hdf5,particle_level_raw_snapshot_parent_normalized,All raw asteroid particles in the physical snapshot are included in the denominator; all raw bound/captured asteroid particles are included in the numerator. No FoF background or unresolved material is discarded for the particle-level metrics.,Ma_xp_A1900_n65_r15_v00_90000_fof_0.002_0000,Ma_xp_A1900_n65_r15_v00_90000_fof_0.002_0000.hdf5,/rds/general/ephemeral/user/nny124/ephemeral/martian_moons_data/Ma_xp_A1900_n65_r15_v00_90000_fof_0.002_0000.hdf5,462775096,1900,,,,False,65,15,0,0,PartType0,3227694,198,198,True,kg,9.98777095376937e+18,9.764367022582991e+17,1.0,True,"-1,2147483647",20,0.0,0.0,9.987770793431106e+18,1.0
Ma_xp_A1900_n65_r16_v00_90000_fof_0.0019_0000.hdf5,Ma_xp_A1900_n65_r16_v00_90000.hdf5,A1900,n65,r16,v00,,90000,0.0019,650871,9.990980087861811e+18,0.0,4.63612164585e+18,0.463697611979,3.57972919875e+18,0.35803889712,0.0,147.0,6.41842806168e+18,0.6419611028800001,2.01614856121421e+18,9.99815726043e+18,3.57972919875e+18,0.35803889712,/rds/general/user/nny124/home/irp-nny124/martian_moon_data/Ma_xp_A1900_n65_r16_v00_90000.hdf5,particle_level_raw_snapshot_parent_normalized,All raw asteroid particles in the physical snapshot are included in the denominator; all raw bound/captured asteroid particles are included in the numerator. No FoF background or unresolved material is discarded for the particle-level metrics.,Ma_xp_A1900_n65_r16_v00_90000_fof_0.0019_0000,Ma_xp_A1900_n65_r16_v00_90000_fof_0.0019_0000.hdf5,/rds/general/ephemeral/user/nny124/ephemeral/martian_moons_data/Ma_xp_A1900_n65_r16_v00_90000_fof_0.0019_0000.hdf5,462775088,1900,,,,False,65,16,0,0,PartType0,3227694,147,147,True,kg,9.990980087861811e+18,2.0161480769281815e+18,1.0,True,"-1,2147483647",20,0.0,0.0,9.99098008363334e+18,1.0
Ma_xp_A1900_n65_r16_v00_90000_fof_0.002_0000.hdf5,Ma_xp_A1900_n65_r16_v00_90000.hdf5,A1900,n65,r16,v00,,90000,0.002,650872,9.991156651736445e+18,0.0,4.63612164585e+18,0.463697611979,3.57972919875e+18,0.35803889712,0.0,146.0,6.41842806168e+18,0.6419611028800001,2.0161516588304215e+18,9.99815726043e+18,3.57972919875e+18,0.35803889712,/rds/general/user/nny124/home/irp-nny124/martian_moon_data/Ma_xp_A1900_n65_r16_v00_90000.hdf5,particle_level_raw_snapshot_parent_normalized,All raw asteroid particles in the physical snapshot are included in the denominator; all raw bound/captured asteroid particles are included in the numerator. No FoF background or unresolved material is discarded for the particle-level metrics.,Ma_xp_A1900_n65_r16_v00_90000_fof_0.002_0000,Ma_xp_A1900_n65_r16_v00_90000_fof_0.002_0000.hdf5,/rds/general/ephemeral/user/nny124/ephemeral/martian_moons_data/Ma_xp_A1900_n65_r16_v00_90000_fof_0.002_0000.hdf5,462775096,1900,,,,False,65,16,0,0,PartType0,3227694,146,146,True,kg,9.991156651736445e+18,2.016151174521327e+18,1.0,True,"-1,2147483647",20,0.0,0.0,9.9911566477574e+18,1.0
Ma_xp_A1900_n65_r16_v02_90000_fof_0.002_0000.hdf5,Ma_xp_A1900_n65_r16_v02_90000.hdf5,A1900,n65,r16,v02,,90000,0.002,678794,9.989861841880752e+18,0.0,4.15187743229e+18,0.415264272264,3.03652807368e+18,0.303708777846,0.0,189.0,6.96162902675e+18,0.6962912221540001,2.102643265092135e+18,9.99815710043e+18,3.03652807368e+18,0.303708777846,/rds/general/user/nny124/home/irp-nny124/martian_moon_data/Ma_xp_A1900_n65_r16_v02_90000.hdf5,particle_level_raw_snapshot_parent_normalized,All raw asteroid particles in the physical snapshot are included in the denominator; all raw bound/captured asteroid particles are included in the numerator. No FoF background or unresolved material is discarded for the particle-level metrics.,Ma_xp_A1900_n65_r16_v02_90000_fof_0.002_0000,Ma_xp_A1900_n65_r16_v02_90000_fof_0.002_0000.hdf5,/rds/general/ephemeral/user/nny124/ephemeral/martian_moons_data/Ma_xp_A1900_n65_r16_v02_90000_fof_0.002_0000.hdf5,462775096,1900,,,,False,65,16,2,0,PartType0,3227694,189,189,True,kg,9.989861841880752e+18,2.1026428133417836e+18,1.0,True,"-1,2147483647",20,0.0,0.0,9.989861684368222e+18,1.0
Ma_xp_A1900_n65_r16_v04_90000_fof_0.002_0000.hdf5,Ma_xp_A1900_n65_r16_v04_90000.hdf5,A1900,n65,r16,v04,,90000,0.002,659949,9.99145710965724e+18,0.0,2.22463668238e+18,0.222504673615,1.73035936426e+18,0.173067831089,0.0,152.0,8.26779773617e+18,0.826932168911,2.0442686885183404e+18,9.99815710043e+18,1.73035936426e+18,0.173067831089,/rds/general/user/nny124/home/irp-nny124/martian_moon_data/Ma_xp_A1900_n65_r16_v04_90000.hdf5,particle_level_raw_snapshot_parent_normalized,All raw asteroid particles in the physical snapshot are included in the denominator; all raw bound/captured asteroid particles are included in the numerator. No FoF background or unresolved material is discarded for the particle-level metrics.,Ma_xp_A1900_n65_r16_v04_90000_fof_0.002_0000,Ma_xp_A1900_n65_r16_v04_90000_fof_0.002_0000.hdf5,/rds/general/ephemeral/user/nny124/ephemeral/martian_moons_data/Ma_xp_A1900_n65_r16_v04_90000_fof_0.002_0000.hdf5,462775096,1900,,,,False,65,16,4,0,PartType0,3227694,152,152,True,kg,9.99145710965724e+18,2.0442682348415163e+18,1.0,True,"-1,2147483647",20,0.0,0.0,9.991456956693168e+18,1.0
,Ma_xp_A1900_n65_r16_v06_89000.hdf5,A1900,n65,r16,v06,,89000,0.002,676829,9.988839632514548e+18,,,,,,,,,,,,,,,,,Ma_xp_A1900_n65_r16_v06_89000_fof_0.002_0000,Ma_xp_A1900_n65_r16_v06_89000_fof_0.002_0000.hdf5,/rds/general/ephemeral/user/nny124/ephemeral/martian_moons_data/Ma_xp_A1900_n65_r16_v06_89000_fof_0.002_0000.hdf5,462775096,1900,,,,False,65,16,6,0,PartType0,3227694,136,136,True,kg,9.988839632514548e+18,2.0965559977265224e+18,1.0,True,"-1,2147483647",20,,,,
Ma_xp_A1900_n65_r17_v00_90000_fof_0.002_0000.hdf5,Ma_xp_A1900_n65_r17_v00_90000.hdf5,A1900,n65,r17,v00,,90000,0.002,990044,9.99355420209602e+18,0.0,3.6591984841e+18,0.365987296194,3.33149237748e+18,0.333210645123,0.0,116.0,6.666664722950001e+18,0.666789354877,3.066776295466688e+18,9.99815710043e+18,3.33149237748e+18,0.333210645123,/rds/general/user/nny124/home/irp-nny124/martian_moon_data/Ma_xp_A1900_n65_r17_v00_90000.hdf5,particle_level_raw_snapshot_parent_normalized,All raw asteroid particles in the physical snapshot are included in the denominator; all raw bound/captured asteroid particles are included in the numerator. No FoF background or unresolved material is discarded for the particle-level metrics.,Ma_xp_A1900_n65_r17_v00_90000_fof_0.002_0000,Ma_xp_A1900_n65_r17_v00_90000_fof_0.002_0000.hdf5,/rds/general/ephemeral/user/nny124/ephemeral/martian_moons_data/Ma_xp_A1900_n65_r17_v00_90000_fof_0.002_0000.hdf5,462775096,1900,,,,False,65,17,0,0,PartType0,3227694,116,116,True,kg,9.99355420209602e+18,3.0667760369532017e+18,1.0,True,"-1,2147483647",20,0.0,0.0,9.993554042791508e+18,1.0
Ma_xp_A1900_n65_r18_v00_90000_fof_0.002_0000.hdf5,Ma_xp_A1900_n65_r18_v00_90000.hdf5,A1900,n65,r18,v00,,90000,0.002,2418669,9.996094247524764e+18,0.0,5.07010069358e+18,0.507103523444,9.87238149378e+17,0.098742012099,0.0,36.0,9.010918951052e+18,0.901257987901,7.492108184606785e+18,9.99815710043e+18,9.87238149378e+17,0.098742012099,/rds/general/user/nny124/home/irp-nny124/martian_moon_data/Ma_xp_A1900_n65_r18_v00_90000.hdf5,particle_level_raw_snapshot_parent_normalized,All raw asteroid particles in the physical snapshot are included in the denominator; all raw bound/captured asteroid particles are included in the numerator. No FoF background or unresolved material is discarded for the particle-level metrics.,Ma_xp_A1900_n65_r18_v00_90000_fof_0.002_0000,Ma_xp_A1900_n65_r18_v00_90000_fof_0.002_0000.hdf5,/rds/general/ephemeral/user/nny124/ephemeral/martian_moons_data/Ma_xp_A1900_n65_r18_v00_90000_fof_0.002_0000.hdf5,462775096,1900,,,,False,65,18,0,0,PartType0,3227694,36,36,True,kg,9.996094247524764e+18,7.492108748014193e+18,1.0,True,"-1,2147483647",20,0.0,0.0,9.996094087732271e+18,1.0
Ma_xp_A1900_n65_r18_v02_90000_fof_0.002_0000.hdf5,Ma_xp_A1900_n65_r18_v02_90000.hdf5,A1900,n65,r18,v02,,90000,0.002,2379761,9.993929013310472e+18,0.0,3.13775507224e+18,0.313833343557,133197494966000.0,1.33222046452e-05,0.0,42.0,9.998023902935034e+18,0.9999866777953548,7.371586134983781e+18,9.99815710043e+18,133197494966000.0,1.33222046452e-05,/rds/general/user/nny124/home/irp-nny124/martian_moon_data/Ma_xp_A1900_n65_r18_v02_90000.hdf5,particle_level_raw_snapshot_parent_normalized,All raw asteroid particles in the physical snapshot are included in the denominator; all raw bound/captured asteroid particles are included in the numerator. No FoF background or unresolved material is discarded for the particle-level metrics.,Ma_xp_A1900_n65_r18_v02_90000_fof_0.002_0000,Ma_xp_A1900_n65_r18_v02_90000_fof_0.002_0000.hdf5,/rds/general/ephemeral/user/nny124/ephemeral/martian_moons_data/Ma_xp_A1900_n65_r18_v02_90000_fof_0.002_0000.hdf5,462775096,1900,,,,False,65,18,2,0,PartType0,3227694,42,42,True,kg,9.993929013310472e+18,7.371586667826815e+18,1.0,True,"-1,2147483647",20,0.0,0.0,9.993928854037864e+18,1.0
Ma_xp_A1900_n65_r18_v04_90000_fof_0.002_0000.hdf5,Ma_xp_A1900_n65_r18_v04_90000.hdf5,A1900,n65,r18,v04,,90000,0.002,2367365,9.99704211859297e+18,0.0,0.0,0.0,0.0,0.0,0.0,16.0,9.99815710043e+18,1.0,7.333188085042208e+18,9.99815710043e+18,0.0,0.0,/rds/general/user/nny124/home/irp-nny124/martian_moon_data/Ma_xp_A1900_n65_r18_v04_90000.hdf5,particle_level_raw_snapshot_parent_normalized,All raw asteroid particles in the physical snapshot are included in the denominator; all raw bound/captured asteroid particles are included in the numerator. No FoF background or unresolved material is discarded for the particle-level metrics.,Ma_xp_A1900_n65_r18_v04_90000_fof_0.002_0000,Ma_xp_A1900_n65_r18_v04_90000_fof_0.002_0000.hdf5,/rds/general/ephemeral/user/nny124/ephemeral/martian_moons_data/Ma_xp_A1900_n65_r18_v04_90000_fof_0.002_0000.hdf5,462775096,1900,,,,False,65,18,4,0,PartType0,3227694,16,16,True,kg,9.99704211859297e+18,7.333188605726994e+18,1.0,True,"-1,2147483647",20,0.0,0.0,9.997041958267134e+18,1.0
,Ma_xp_A1900_n65_r18_v06_89000.hdf5,A1900,n65,r18,v06,,89000,0.002,2246217,9.99698326400284e+18,,,,,,,,,,,,,,,,,Ma_xp_A1900_n65_r18_v06_89000_fof_0.002_0000,Ma_xp_A1900_n65_r18_v06_89000_fof_0.002_0000.hdf5,/rds/general/ephemeral/user/nny124/ephemeral/martian_moons_data/Ma_xp_A1900_n65_r18_v06_89000_fof_0.002_0000.hdf5,462775096,1900,,,,False,65,18,6,0,PartType0,3227694,4,4,True,kg,9.99698326400284e+18,6.957918520786966e+18,1.0,True,"-1,2147483647",20,,,,
Ma_xp_A1900_n65_r19_v00_90000_fof_0.002_0000.hdf5,Ma_xp_A1900_n65_r19_v00_90000.hdf5,A1900,n65,r19,v00,,90000,0.002,2129090,9.99815726047733e+18,0.0,5.34665586452e+18,0.534764138112,5.15350400874e+17,0.0515445392283,0.0,2.0,9.482806699556e+18,0.9484554607717,6.595103594091219e+18,9.99815710043e+18,5.15350400874e+17,0.0515445392283,/rds/general/user/nny124/home/irp-nny124/martian_moon_data/Ma_xp_A1900_n65_r19_v00_90000.hdf5,particle_level_raw_snapshot_parent_normalized,All raw asteroid particles in the physical snapshot are included in the denominator; all raw bound/captured asteroid particles are included in the numerator. No FoF background or unresolved material is discarded for the particle-level metrics.,Ma_xp_A1900_n65_r19_v00_90000_fof_0.002_0000,Ma_xp_A1900_n65_r19_v00_90000_fof_0.002_0000.hdf5,/rds/general/ephemeral/user/nny124/ephemeral/martian_moons_data/Ma_xp_A1900_n65_r19_v00_90000_fof_0.002_0000.hdf5,462775096,1900,,,,False,65,19,0,0,PartType0,3227694,2,2,True,kg,9.99815726047733e+18,6.595103858887257e+18,1.0,True,"-1,2147483647",20,0.0,0.0,9.99815710008205e+18,1.0
,Ma_xp_A1900_n65_r20_v00_89000.hdf5,A1900,n65,r20,v00,,89000,0.002,2918585,9.987811224292045e+18,,,,,,,,,,,,,,,,,Ma_xp_A1900_n65_r20_v00_89000_fof_0.002_0000,Ma_xp_A1900_n65_r20_v00_89000_fof_0.002_0000.hdf5,/rds/general/ephemeral/user/nny124/ephemeral/martian_moons_data/Ma_xp_A1900_n65_r20_v00_89000_fof_0.002_0000.hdf5,462775096,1900,,,,False,65,20,0,0,PartType0,3227694,36,36,True,kg,9.987811224292045e+18,9.040656152067696e+18,1.0,True,"-1,2147483647",20,,,,
,Ma_xp_A1900_n65_r20_v02_89000.hdf5,A1900,n65,r20,v02,,89000,0.002,2947334,9.975606621223823e+18,,,,,,,,,,,,,,,,,Ma_xp_A1900_n65_r20_v02_89000_fof_0.002_0000,Ma_xp_A1900_n65_r20_v02_89000_fof_0.002_0000.hdf5,/rds/general/ephemeral/user/nny124/ephemeral/martian_moons_data/Ma_xp_A1900_n65_r20_v02_89000_fof_0.002_0000.hdf5,462775096,1900,,,,False,65,20,2,0,PartType0,3227694,62,62,True,kg,9.975606621223823e+18,9.129709503676136e+18,1.0,True,"-1,2147483647",20,,,,
,Ma_xp_A1900_n65_r20_v04_89000.hdf5,A1900,n65,r20,v04,,89000,0.002,2986289,9.949320249474744e+18,,,,,,,,,,,,,,,,,Ma_xp_A1900_n65_r20_v04_89000_fof_0.002_0000,Ma_xp_A1900_n65_r20_v04_89000_fof_0.002_0000.hdf5,/rds/general/ephemeral/user/nny124/ephemeral/martian_moons_data/Ma_xp_A1900_n65_r20_v04_89000_fof_0.002_0000.hdf5,462775096,1900,,,,False,65,20,4,0,PartType0,3227694,158,158,True,kg,9.949320249474744e+18,9.250377093130043e+18,1.0,True,"-1,2147483647",20,,,,
Ma_xp_A1900_n65_r20_v06_90000_fof_0.002_0000.hdf5,Ma_xp_A1900_n65_r20_v06_90000.hdf5,A1900,n65,r20,v06,,90000,0.002,3026573,9.93831440194701e+18,0.0,0.0,0.0,0.0,0.0,0.0,197.0,9.99815710043e+18,1.0,9.375161439874968e+18,9.99815710043e+18,0.0,0.0,/rds/general/user/nny124/home/irp-nny124/martian_moon_data/Ma_xp_A1900_n65_r20_v06_90000.hdf5,particle_level_raw_snapshot_parent_normalized,All raw asteroid particles in the physical snapshot are included in the denominator; all raw bound/captured asteroid particles are included in the numerator. No FoF background or unresolved material is discarded for the particle-level metrics.,Ma_xp_A1900_n65_r20_v06_90000_fof_0.002_0000,Ma_xp_A1900_n65_r20_v06_90000_fof_0.002_0000.hdf5,/rds/general/ephemeral/user/nny124/ephemeral/martian_moons_data/Ma_xp_A1900_n65_r20_v06_90000_fof_0.002_0000.hdf5,462775096,1900,,,,False,65,20,6,0,PartType0,3227694,197,197,True,kg,9.93831440194701e+18,9.375161452012278e+18,1.0,True,"-1,2147483647",20,0.0,0.0,9.938314253361048e+18,1.0
,Ma_xp_A1900_n65_r22_v00_89000.hdf5,A1900,n65,r22,v00,,89000,0.002,3227694,9.998157260435763e+18,,,,,,,,,,,,,,,,,Ma_xp_A1900_n65_r22_v00_89000_fof_0.002_0000,Ma_xp_A1900_n65_r22_v00_89000_fof_0.002_0000.hdf5,/rds/general/ephemeral/user/nny124/ephemeral/martian_moons_data/Ma_xp_A1900_n65_r22_v00_89000_fof_0.002_0000.hdf5,462775096,1900,,,,False,65,22,0,0,PartType0,3227694,1,1,True,kg,9.998157260435763e+18,9.998157260435763e+18,1.0,True,"-1,2147483647",20,,,,
,Ma_xp_A1900_n65_r24_v00_89000.hdf5,A1900,n65,r24,v00,,89000,0.002,3227694,9.998157260434344e+18,,,,,,,,,,,,,,,,,Ma_xp_A1900_n65_r24_v00_89000_fof_0.002_0000,Ma_xp_A1900_n65_r24_v00_89000_fof_0.002_0000.hdf5,/rds/general/ephemeral/user/nny124/ephemeral/martian_moons_data/Ma_xp_A1900_n65_r24_v00_89000_fof_0.002_0000.hdf5,462775096,1900,,,,False,65,24,0,0,PartType0,3227694,1,1,True,kg,9.998157260434344e+18,9.998157260434344e+18,1.0,True,"-1,2147483647",20,,,,
Ma_xp_A1900_n65_r26_v00_90000_fof_0.002_0000.hdf5,Ma_xp_A1900_n65_r26_v00_90000.hdf5,A1900,n65,r26,v00,,90000,0.002,3227694,9.99815726043551e+18,0.0,5.18193702749e+18,0.518289218247,0.0,0.0,0.0,1.0,9.99815710043e+18,1.0,9.998157100156684e+18,9.99815710043e+18,0.0,0.0,/rds/general/user/nny124/home/irp-nny124/martian_moon_data/Ma_xp_A1900_n65_r26_v00_90000.hdf5,particle_level_raw_snapshot_parent_normalized,All raw asteroid particles in the physical snapshot are included in the denominator; all raw bound/captured asteroid particles are included in the numerator. No FoF background or unresolved material is discarded for the particle-level metrics.,Ma_xp_A1900_n65_r26_v00_90000_fof_0.002_0000,Ma_xp_A1900_n65_r26_v00_90000_fof_0.002_0000.hdf5,/rds/general/ephemeral/user/nny124/ephemeral/martian_moons_data/Ma_xp_A1900_n65_r26_v00_90000_fof_0.002_0000.hdf5,462775096,1900,,,,False,65,26,0,0,PartType0,3227694,1,1,True,kg,9.99815726043551e+18,9.99815726043551e+18,1.0,True,"-1,2147483647",20,0.0,0.0,9.998157100156684e+18,1.0
Ma_xp_A1900_n70_r12_v00_90000_fof_0.001_0000.hdf5,Ma_xp_A1900_n70_r12_v00_90000.hdf5,A1900,n70,r12,v00,,90000,0.001,522175,9.752489079081329e+18,2.0,5.04115851495e+18,0.504204503735,4.03066124376e+18,0.403137006326,1.1835579341701306e+17,1187.0,5.96758049667e+18,0.596862993674,5.169199845024709e+17,9.99824174043e+18,4.03066124376e+18,0.403137006326,/rds/general/user/nny124/home/irp-nny124/martian_moon_data/Ma_xp_A1900_n70_r12_v00_90000.hdf5,particle_level_raw_snapshot_parent_normalized,All raw asteroid particles in the physical snapshot are included in the denominator; all raw bound/captured asteroid particles are included in the numerator. No FoF background or unresolved material is discarded for the particle-level metrics.,Ma_xp_A1900_n70_r12_v00_90000_fof_0.001_0000,Ma_xp_A1900_n70_r12_v00_90000_fof_0.001_0000.hdf5,/rds/general/ephemeral/user/nny124/ephemeral/martian_moons_data/Ma_xp_A1900_n70_r12_v00_90000_fof_0.001_0000.hdf5,1098212512,1900,,,,False,70,12,0,0,PartType0,10099884,1189,1189,True,kg,9.752489079081329e+18,5.169198519049097e+17,1.0,True,"-1,2147483647",20,1.1837559214290026e+17,0.0121379876818271,9.63411347325057e+18,0.9878620123181732
,Ma_xp_A1900_n70_r16_v00_89000.hdf5,A1900,n70,r16,v00,,89000,0.001,2033819,9.984767716814502e+18,,,,,,,,,,,,,,,,,Ma_xp_A1900_n70_r16_v00_89000_fof_0.001_0000,Ma_xp_A1900_n70_r16_v00_89000_fof_0.001_0000.hdf5,/rds/general/ephemeral/user/nny124/ephemeral/martian_moons_data/Ma_xp_A1900_n70_r16_v00_89000_fof_0.001_0000.hdf5,1098212512,1900,,,,False,70,16,0,0,PartType0,10099885,360,360,True,kg,9.984767716814502e+18,2.013351098375887e+18,1.0,True,"-1,2147483647",20,,,,
,Ma_xp_A1900_s030mz_n65_r12_v00_89000.hdf5,A1900,n65,r12,v00,s030mz,89000,0.002,3162276,1.0023223340164817e+19,,,,,,,,,,,,,,,,,Ma_xp_A1900_s030mz_n65_r12_v00_89000_fof_0.002_0000,Ma_xp_A1900_s030mz_n65_r12_v00_89000_fof_0.002_0000.hdf5,/rds/general/ephemeral/user/nny124/ephemeral/martian_moons_data/Ma_xp_A1900_s030mz_n65_r12_v00_89000_fof_0.002_0000.hdf5,462775112,1900,,30.0,mz,True,65,12,0,0,PartType0,3162276,1,1,True,kg,1.0023223340164817e+19,1.0023223340164817e+19,1.0,True,"-1,2147483647",20,,,,
Ma_xp_A1900_s030x_n65_r12_v00_90000_fof_0.002_0000.hdf5,Ma_xp_A1900_s030x_n65_r12_v00_90000.hdf5,A1900,n65,r12,v00,s030x,90000,0.002,42707,9.48148433032798e+18,75.0,5.04467392351e+18,0.503298573559,4.18062514801e+18,0.417093890603,7.914865930663922e+16,3087.0,5.842598021190001e+18,0.582906109397,1.3536509523084376e+17,1.00232231692e+19,4.18062514801e+18,0.417093890603,/rds/general/user/nny124/home/irp-nny124/martian_moon_data/Ma_xp_A1900_s030x_n65_r12_v00_90000.hdf5,particle_level_raw_snapshot_parent_normalized,All raw asteroid particles in the physical snapshot are included in the denominator; all raw bound/captured asteroid particles are included in the numerator. No FoF background or unresolved material is discarded for the particle-level metrics.,Ma_xp_A1900_s030x_n65_r12_v00_90000_fof_0.002_0000,Ma_xp_A1900_s030x_n65_r12_v00_90000_fof_0.002_0000.hdf5,/rds/general/ephemeral/user/nny124/ephemeral/martian_moons_data/Ma_xp_A1900_s030x_n65_r12_v00_90000_fof_0.002_0000.hdf5,462775112,1900,,30.0,x,True,65,12,0,0,PartType0,3162276,3162,3162,True,kg,9.48148433032798e+18,1.3536501998136632e+17,1.0,True,"-1,2147483647",20,1.4135251333299302e+17,0.0149082691484831,9.34013134808325e+18,0.9850917308515168
,Ma_xp_A1900_s030z_n65_r11_v00_89000.hdf5,A1900,n65,r11,v00,s030z,89000,0.002,121379,9.994582632943788e+18,,,,,,,,,,,,,,,,,Ma_xp_A1900_s030z_n65_r11_v00_89000_fof_0.002_0000,Ma_xp_A1900_s030z_n65_r11_v00_89000_fof_0.002_0000.hdf5,/rds/general/ephemeral/user/nny124/ephemeral/martian_moons_data/Ma_xp_A1900_s030z_n65_r11_v00_89000_fof_0.002_0000.hdf5,462775112,1900,,30.0,z,True,65,11,0,0,PartType0,3162276,475,475,True,kg,9.994582632943788e+18,3.8472572611881376e+17,1.0,True,"-1,2147483647",20,,,,
Ma_xp_A1900_s030z_n65_r12_v00_90000_fof_0.002_0000.hdf5,Ma_xp_A1900_s030z_n65_r12_v00_90000.hdf5,A1900,n65,r12,v00,s030z,90000,0.002,104603,1.000024991958565e+19,65.0,5.00289829059e+18,0.499130847254,4.40370322426e+18,0.439350151394,1.285821017217212e+17,333.0,5.619516775340001e+18,0.560649848606,3.315520888012409e+17,1.00232199996e+19,4.40370322426e+18,0.439350151394,/rds/general/user/nny124/home/irp-nny124/martian_moon_data/Ma_xp_A1900_s030z_n65_r12_v00_90000.hdf5,particle_level_raw_snapshot_parent_normalized,All raw asteroid particles in the physical snapshot are included in the denominator; all raw bound/captured asteroid particles are included in the numerator. No FoF background or unresolved material is discarded for the particle-level metrics.,Ma_xp_A1900_s030z_n65_r12_v00_90000_fof_0.002_0000,Ma_xp_A1900_s030z_n65_r12_v00_90000_fof_0.002_0000.hdf5,/rds/general/ephemeral/user/nny124/ephemeral/martian_moons_data/Ma_xp_A1900_s030z_n65_r12_v00_90000_fof_0.002_0000.hdf5,462775112,1900,,30.0,z,True,65,12,0,0,PartType0,3162275,398,398,True,kg,1.000024991958565e+19,3.315521302163813e+17,1.0,True,"-1,2147483647",20,7.339959686417402e+17,0.0733977638233054,9.266253772055122e+18,0.9266022361766943
,Ma_xp_A1900_s030z_n65_r12_v02_89000.hdf5,A1900,n65,r12,v02,s030z,89000,0.002,87114,9.998959878459662e+18,,,,,,,,,,,,,,,,,Ma_xp_A1900_s030z_n65_r12_v02_89000_fof_0.002_0000,Ma_xp_A1900_s030z_n65_r12_v02_89000_fof_0.002_0000.hdf5,/rds/general/ephemeral/user/nny124/ephemeral/martian_moons_data/Ma_xp_A1900_s030z_n65_r12_v02_89000_fof_0.002_0000.hdf5,462775112,1900,,30.0,z,True,65,12,2,0,PartType0,3162276,415,415,True,kg,9.998959878459662e+18,2.7611846934238467e+17,1.0,True,"-1,2147483647",20,,,,
Ma_xp_A1900_s030z_n65_r12_v04_90000_fof_0.002_0000.hdf5,Ma_xp_A1900_s030z_n65_r12_v04_90000.hdf5,A1900,n65,r12,v04,s030z,90000,0.002,103818,9.99795194580952e+18,25.0,3.72827872153e+18,0.371964524241,3.12550832031e+18,0.311827066109,3.9775600722377336e+16,388.0,6.89770217039e+18,0.688172933891,3.2906393464018426e+17,1.00232104907e+19,3.12550832031e+18,0.311827066109,/rds/general/user/nny124/home/irp-nny124/martian_moon_data/Ma_xp_A1900_s030z_n65_r12_v04_90000.hdf5,particle_level_raw_snapshot_parent_normalized,All raw asteroid particles in the physical snapshot are included in the denominator; all raw bound/captured asteroid particles are included in the numerator. No FoF background or unresolved material is discarded for the particle-level metrics.,Ma_xp_A1900_s030z_n65_r12_v04_90000_fof_0.002_0000,Ma_xp_A1900_s030z_n65_r12_v04_90000_fof_0.002_0000.hdf5,/rds/general/ephemeral/user/nny124/ephemeral/martian_moons_data/Ma_xp_A1900_s030z_n65_r12_v04_90000_fof_0.002_0000.hdf5,462775112,1900,,30.0,z,True,65,12,4,0,PartType0,3162272,413,413,True,kg,9.99795194580952e+18,3.2906415566343744e+17,1.0,True,"-1,2147483647",20,1.606555182257132e+17,0.0160688431009858,9.837296245697905e+18,0.9839311568990144
Ma_xp_A1900_s030z_n65_r12_v06_90000_fof_0.002_0000.hdf5,Ma_xp_A1900_s030z_n65_r12_v06_90000.hdf5,A1900,n65,r12,v06,s030z,90000,0.002,98216,9.99614526483398e+18,0.0,2.12317839629e+18,0.211825979714,1.64756059676e+18,0.164374382367,0.0,402.0,8.37565940284e+18,0.835625617633,3.1130770583733165e+17,1.00232199996e+19,1.64756059676e+18,0.164374382367,/rds/general/user/nny124/home/irp-nny124/martian_moon_data/Ma_xp_A1900_s030z_n65_r12_v06_90000.hdf5,particle_level_raw_snapshot_parent_normalized,All raw asteroid particles in the physical snapshot are included in the denominator; all raw bound/captured asteroid particles are included in the numerator. No FoF background or unresolved material is discarded for the particle-level metrics.,Ma_xp_A1900_s030z_n65_r12_v06_90000_fof_0.002_0000,Ma_xp_A1900_s030z_n65_r12_v06_90000_fof_0.002_0000.hdf5,/rds/general/ephemeral/user/nny124/ephemeral/martian_moons_data/Ma_xp_A1900_s030z_n65_r12_v06_90000_fof_0.002_0000.hdf5,462775112,1900,,30.0,z,True,65,12,6,0,PartType0,3162275,402,402,True,kg,9.99614526483398e+18,3.113077595760374e+17,1.0,True,"-1,2147483647",20,0.0,0.0,9.996145078736943e+18,1.0
Ma_xp_A1900_s030z_n65_r12_v08_90000_fof_0.002_0000.hdf5,Ma_xp_A1900_s030z_n65_r12_v08_90000.hdf5,A1900,n65,r12,v08,s030z,90000,0.002,110353,1.0000357681247887e+19,0.0,5.97020704858e+17,0.0595637445941,3.26125693994e+17,0.0325370081549,0.0,350.0,9.697097475206e+18,0.9674629918451,3.497774218280889e+17,1.00232231692e+19,3.26125693994e+17,0.0325370081549,/rds/general/user/nny124/home/irp-nny124/martian_moon_data/Ma_xp_A1900_s030z_n65_r12_v08_90000.hdf5,particle_level_raw_snapshot_parent_normalized,All raw asteroid particles in the physical snapshot are included in the denominator; all raw bound/captured asteroid particles are included in the numerator. No FoF background or unresolved material is discarded for the particle-level metrics.,Ma_xp_A1900_s030z_n65_r12_v08_90000_fof_0.002_0000,Ma_xp_A1900_s030z_n65_r12_v08_90000_fof_0.002_0000.hdf5,/rds/general/ephemeral/user/nny124/ephemeral/martian_moons_data/Ma_xp_A1900_s030z_n65_r12_v08_90000_fof_0.002_0000.hdf5,462775112,1900,,30.0,z,True,65,12,8,0,PartType0,3162276,350,350,True,kg,1.0000357681247887e+19,3.497778340730768e+17,1.0,True,"-1,2147483647",20,0.0,0.0,1.0000357507883563e+19,1.0
,Ma_xp_A1900_s030z_n65_r12_v10_89000.hdf5,A1900,n65,r12,v10,s030z,89000,0.002,151598,9.837537350071226e+18,,,,,,,,,,,,,,,,,Ma_xp_A1900_s030z_n65_r12_v10_89000_fof_0.002_0000,Ma_xp_A1900_s030z_n65_r12_v10_89000_fof_0.002_0000.hdf5,/rds/general/ephemeral/user/nny124/ephemeral/martian_moons_data/Ma_xp_A1900_s030z_n65_r12_v10_89000_fof_0.002_0000.hdf5,462775112,1900,,30.0,z,True,65,12,10,0,PartType0,3162254,308,308,True,kg,9.837537350071226e+18,4.8050876576386906e+17,1.0,True,"-1,2147483647",20,,,,
,Ma_xp_A1900_s030z_n65_r12_v15_89000.hdf5,A1900,n65,r12,v15,s030z,89000,0.002,170689,1.000929601954916e+19,,,,,,,,,,,,,,,,,Ma_xp_A1900_s030z_n65_r12_v15_89000_fof_0.002_0000,Ma_xp_A1900_s030z_n65_r12_v15_89000_fof_0.002_0000.hdf5,/rds/general/ephemeral/user/nny124/ephemeral/martian_moons_data/Ma_xp_A1900_s030z_n65_r12_v15_89000_fof_0.002_0000.hdf5,462775112,1900,,30.0,z,True,65,12,15,0,PartType0,3162276,270,270,True,kg,1.000929601954916e+19,5.410202420375673e+17,1.0,True,"-1,2147483647",20,,,,
Ma_xp_A1900_s030z_n65_r12_v20_90000_fof_0.002_0000.hdf5,Ma_xp_A1900_s030z_n65_r12_v20_90000.hdf5,A1900,n65,r12,v20,s030z,90000,0.002,156468,1.00103324538738e+19,0.0,0.0,0.0,0.0,0.0,0.0,201.0,1.00232231692e+19,1.0,4.9594459270340986e+17,1.00232231692e+19,0.0,0.0,/rds/general/user/nny124/home/irp-nny124/martian_moon_data/Ma_xp_A1900_s030z_n65_r12_v20_90000.hdf5,particle_level_raw_snapshot_parent_normalized,All raw asteroid particles in the physical snapshot are included in the denominator; all raw bound/captured asteroid particles are included in the numerator. No FoF background or unresolved material is discarded for the particle-level metrics.,Ma_xp_A1900_s030z_n65_r12_v20_90000_fof_0.002_0000,Ma_xp_A1900_s030z_n65_r12_v20_90000_fof_0.002_0000.hdf5,/rds/general/ephemeral/user/nny124/ephemeral/martian_moons_data/Ma_xp_A1900_s030z_n65_r12_v20_90000_fof_0.002_0000.hdf5,462775112,1900,,30.0,z,True,65,12,20,0,PartType0,3162276,201,201,True,kg,1.00103324538738e+19,4.959449803720539e+17,1.0,True,"-1,2147483647",20,0.0,0.0,1.0010332311890567e+19,1.0
Ma_xp_A1900_s030z_n65_r13_v00_90000_fof_0.002_0000.hdf5,Ma_xp_A1900_s030z_n65_r13_v00_90000.hdf5,A1900,n65,r13,v00,s030z,90000,0.002,81452,9.81144791346112e+18,57.0,5.05830647261e+18,0.504662180837,4.38937335807e+18,0.437923392618,1.0125361105085453e+17,337.0,5.633780079430001e+18,0.562076607382,2.5817214360044826e+17,1.00231534375e+19,4.38937335807e+18,0.437923392618,/rds/general/user/nny124/home/irp-nny124/martian_moon_data/Ma_xp_A1900_s030z_n65_r13_v00_90000.hdf5,particle_level_raw_snapshot_parent_normalized,All raw asteroid particles in the physical snapshot are included in the denominator; all raw bound/captured asteroid particles are included in the numerator. No FoF background or unresolved material is discarded for the particle-level metrics.,Ma_xp_A1900_s030z_n65_r13_v00_90000_fof_0.002_0000,Ma_xp_A1900_s030z_n65_r13_v00_90000_fof_0.002_0000.hdf5,/rds/general/ephemeral/user/nny124/ephemeral/martian_moons_data/Ma_xp_A1900_s030z_n65_r13_v00_90000_fof_0.002_0000.hdf5,462775112,1900,,30.0,z,True,65,13,0,0,PartType0,3162254,394,394,True,kg,9.81144791346112e+18,2.5817233390011645e+17,1.0,True,"-1,2147483647",20,6.860776060852138e+17,0.0699262339514778,9.125370362945786e+18,0.930073766048522
,Ma_xp_A1900_s030z_n65_r14_v00_89000.hdf5,A1900,n65,r14,v00,s030z,89000,0.002,90409,1.0001546278982052e+19,,,,,,,,,,,,,,,,,Ma_xp_A1900_s030z_n65_r14_v00_89000_fof_0.002_0000,Ma_xp_A1900_s030z_n65_r14_v00_89000_fof_0.002_0000.hdf5,/rds/general/ephemeral/user/nny124/ephemeral/martian_moons_data/Ma_xp_A1900_s030z_n65_r14_v00_89000_fof_0.002_0000.hdf5,462775112,1900,,30.0,z,True,65,14,0,0,PartType0,3162276,399,399,True,kg,1.0001546278982052e+19,2.8656249415360912e+17,1.0,True,"-1,2147483647",20,,,,
Ma_xp_A1900_s030z_n65_r15_v00_90000_fof_0.002_0000.hdf5,Ma_xp_A1900_s030z_n65_r15_v00_90000.hdf5,A1900,n65,r15,v00,s030z,90000,0.002,103230,9.998332299277623e+18,44.0,5.06435411356e+18,0.505262512123,4.34200650994e+18,0.433195046727,8.757985684601586e+16,363.0,5.681207150359999e+18,0.566804953273,3.272001962367431e+17,1.00232136603e+19,4.34200650994e+18,0.433195046727,/rds/general/user/nny124/home/irp-nny124/martian_moon_data/Ma_xp_A1900_s030z_n65_r15_v00_90000.hdf5,particle_level_raw_snapshot_parent_normalized,All raw asteroid particles in the physical snapshot are included in the denominator; all raw bound/captured asteroid particles are included in the numerator. No FoF background or unresolved material is discarded for the particle-level metrics.,Ma_xp_A1900_s030z_n65_r15_v00_90000_fof_0.002_0000,Ma_xp_A1900_s030z_n65_r15_v00_90000_fof_0.002_0000.hdf5,/rds/general/ephemeral/user/nny124/ephemeral/martian_moons_data/Ma_xp_A1900_s030z_n65_r15_v00_90000_fof_0.002_0000.hdf5,462775112,1900,,30.0,z,True,65,15,0,0,PartType0,3162273,407,407,True,kg,9.998332299277623e+18,3.2720026892318285e+17,1.0,True,"-1,2147483647",20,6.153569746947667e+17,0.0615459626054889,9.382975144005192e+18,0.938454037394511
Ma_xp_A1900_s030z_n65_r16_v00_90000_fof_0.002_0000.hdf5,Ma_xp_A1900_s030z_n65_r16_v00_90000.hdf5,A1900,n65,r16,v00,s030z,90000,0.002,105035,1.000065879390937e+19,36.0,5.09263983041e+18,0.508084050855,4.35627615329e+18,0.434618293912,5.7817095607389304e+16,357.0,5.666947015910001e+18,0.565381706088,3.329213659956058e+17,1.00232231692e+19,4.35627615329e+18,0.434618293912,/rds/general/user/nny124/home/irp-nny124/martian_moon_data/Ma_xp_A1900_s030z_n65_r16_v00_90000.hdf5,particle_level_raw_snapshot_parent_normalized,All raw asteroid particles in the physical snapshot are included in the denominator; all raw bound/captured asteroid particles are included in the numerator. No FoF background or unresolved material is discarded for the particle-level metrics.,Ma_xp_A1900_s030z_n65_r16_v00_90000_fof_0.002_0000,Ma_xp_A1900_s030z_n65_r16_v00_90000_fof_0.002_0000.hdf5,/rds/general/ephemeral/user/nny124/ephemeral/martian_moons_data/Ma_xp_A1900_s030z_n65_r16_v00_90000_fof_0.002_0000.hdf5,462775112,1900,,30.0,z,True,65,16,0,0,PartType0,3162276,393,393,True,kg,1.000065879390937e+19,3.3292173496391226e+17,1.0,True,"-1,2147483647",20,5.2456628961292486e+17,0.0524531742794133,9.47609233246794e+18,0.9475468257205868
Ma_xp_A1900_s030z_n65_r16_v02_90000_fof_0.002_0000.hdf5,Ma_xp_A1900_s030z_n65_r16_v02_90000.hdf5,A1900,n65,r16,v02,s030z,90000,0.002,105501,1.000422778671442e+19,32.0,4.67879164653e+18,0.466795118453,4.08697863248e+18,0.407750936351,6.1240288593301624e+16,331.0,5.936244536720001e+18,0.592249063649,3.343984103765643e+17,1.00232231692e+19,4.08697863248e+18,0.407750936351,/rds/general/user/nny124/home/irp-nny124/martian_moon_data/Ma_xp_A1900_s030z_n65_r16_v02_90000.hdf5,particle_level_raw_snapshot_parent_normalized,All raw asteroid particles in the physical snapshot are included in the denominator; all raw bound/captured asteroid particles are included in the numerator. No FoF background or unresolved material is discarded for the particle-level metrics.,Ma_xp_A1900_s030z_n65_r16_v02_90000_fof_0.002_0000,Ma_xp_A1900_s030z_n65_r16_v02_90000_fof_0.002_0000.hdf5,/rds/general/ephemeral/user/nny124/ephemeral/martian_moons_data/Ma_xp_A1900_s030z_n65_r16_v02_90000_fof_0.002_0000.hdf5,462775112,1900,,30.0,z,True,65,16,2,0,PartType0,3162276,363,363,True,kg,1.000422778671442e+19,3.343984777071941e+17,1.0,True,"-1,2147483647",20,3.9774649835438426e+17,0.0397578417397691,9.606481119376808e+18,0.9602421582602308
Ma_xp_A1900_s030z_n65_r16_v04_90000_fof_0.002_0000.hdf5,Ma_xp_A1900_s030z_n65_r16_v04_90000.hdf5,A1900,n65,r16,v04,s030z,90000,0.002,91077,9.999622338368188e+18,9.0,3.6571143429e+18,0.364864104208,3.049976201e+18,0.304290960055,2.5807071565986908e+16,360.0,6.973246968200002e+18,0.695709039945,2.886797662758242e+17,1.00232231692e+19,3.049976201e+18,0.304290960055,/rds/general/user/nny124/home/irp-nny124/martian_moon_data/Ma_xp_A1900_s030z_n65_r16_v04_90000.hdf5,particle_level_raw_snapshot_parent_normalized,All raw asteroid particles in the physical snapshot are included in the denominator; all raw bound/captured asteroid particles are included in the numerator. No FoF background or unresolved material is discarded for the particle-level metrics.,Ma_xp_A1900_s030z_n65_r16_v04_90000_fof_0.002_0000,Ma_xp_A1900_s030z_n65_r16_v04_90000_fof_0.002_0000.hdf5,/rds/general/ephemeral/user/nny124/ephemeral/martian_moons_data/Ma_xp_A1900_s030z_n65_r16_v04_90000_fof_0.002_0000.hdf5,462775112,1900,,30.0,z,True,65,16,4,0,PartType0,3162276,369,369,True,kg,9.999622338368188e+18,2.886798038149741e+17,1.0,True,"-1,2147483647",20,8.443559069594187e+16,0.0084438781170399,9.91518656462021e+18,0.9915561218829598
,Ma_xp_A1900_s030z_n65_r16_v06_89000.hdf5,A1900,n65,r16,v06,s030z,89000,0.002,106353,1.000101377642976e+19,,,,,,,,,,,,,,,,,Ma_xp_A1900_s030z_n65_r16_v06_89000_fof_0.002_0000,Ma_xp_A1900_s030z_n65_r16_v06_89000_fof_0.002_0000.hdf5,/rds/general/ephemeral/user/nny124/ephemeral/martian_moons_data/Ma_xp_A1900_s030z_n65_r16_v06_89000_fof_0.002_0000.hdf5,462775112,1900,,30.0,z,True,65,16,6,0,PartType0,3162276,352,352,True,kg,1.000101377642976e+19,3.370993362240606e+17,1.0,True,"-1,2147483647",20,,,,
Ma_xp_A1900_s030z_n65_r17_v00_90000_fof_0.002_0000.hdf5,Ma_xp_A1900_s030z_n65_r17_v00_90000.hdf5,A1900,n65,r17,v00,s030z,90000,0.002,120172,1.0002199230533767e+19,38.0,5.04515887585e+18,0.503346956433,4.45296867665e+18,0.444265143207,1.0197311550252312e+17,330.0,5.570254492550001e+18,0.555734856793,3.808999513916751e+17,1.00232231692e+19,4.45296867665e+18,0.444265143207,/rds/general/user/nny124/home/irp-nny124/martian_moon_data/Ma_xp_A1900_s030z_n65_r17_v00_90000.hdf5,particle_level_raw_snapshot_parent_normalized,All raw asteroid particles in the physical snapshot are included in the denominator; all raw bound/captured asteroid particles are included in the numerator. No FoF background or unresolved material is discarded for the particle-level metrics.,Ma_xp_A1900_s030z_n65_r17_v00_90000_fof_0.002_0000,Ma_xp_A1900_s030z_n65_r17_v00_90000_fof_0.002_0000.hdf5,/rds/general/ephemeral/user/nny124/ephemeral/martian_moons_data/Ma_xp_A1900_s030z_n65_r17_v00_90000_fof_0.002_0000.hdf5,462775112,1900,,30.0,z,True,65,17,0,0,PartType0,3162276,368,368,True,kg,1.0002199230533767e+19,3.809001455399406e+17,1.0,True,"-1,2147483647",20,4.44958034951778e+17,0.0444860207570793,9.55724102397324e+18,0.955513979242921
,Ma_xp_A1900_s030z_n65_r18_v00_89000.hdf5,A1900,n65,r18,v00,s030z,89000,0.002,100014,1.0005467109972312e+19,,,,,,,,,,,,,,,,,Ma_xp_A1900_s030z_n65_r18_v00_89000_fof_0.002_0000,Ma_xp_A1900_s030z_n65_r18_v00_89000_fof_0.002_0000.hdf5,/rds/general/ephemeral/user/nny124/ephemeral/martian_moons_data/Ma_xp_A1900_s030z_n65_r18_v00_89000_fof_0.002_0000.hdf5,462775112,1900,,30.0,z,True,65,18,0,0,PartType0,3162276,332,332,True,kg,1.0005467109972312e+19,3.170067401653369e+17,1.0,True,"-1,2147483647",20,,,,
Ma_xp_A1900_s030z_n65_r19_v00_90000_fof_0.002_0000.hdf5,Ma_xp_A1900_s030z_n65_r19_v00_90000.hdf5,A1900,n65,r19,v00,s030z,90000,0.002,127765,1.0004747608463763e+19,27.0,5.03785923377e+18,0.502618683505,4.34974672963e+18,0.433966864372,5.879650915613644e+16,333.0,5.673476439570001e+18,0.566033135628,4.0496689985651974e+17,1.00232231692e+19,4.34974672963e+18,0.433966864372,/rds/general/user/nny124/home/irp-nny124/martian_moon_data/Ma_xp_A1900_s030z_n65_r19_v00_90000.hdf5,particle_level_raw_snapshot_parent_normalized,All raw asteroid particles in the physical snapshot are included in the denominator; all raw bound/captured asteroid particles are included in the numerator. No FoF background or unresolved material is discarded for the particle-level metrics.,Ma_xp_A1900_s030z_n65_r19_v00_90000_fof_0.002_0000,Ma_xp_A1900_s030z_n65_r19_v00_90000_fof_0.002_0000.hdf5,/rds/general/ephemeral/user/nny124/ephemeral/martian_moons_data/Ma_xp_A1900_s030z_n65_r19_v00_90000_fof_0.002_0000.hdf5,462775112,1900,,30.0,z,True,65,19,0,0,PartType0,3162276,360,360,True,kg,1.0004747608463763e+19,4.049669417134885e+17,1.0,True,"-1,2147483647",20,3.317137395808705e+17,0.0331556335335086,9.673033696345068e+18,0.9668443664664914
Ma_xp_A1900_s030z_n65_r20_v00_90000_fof_0.002_0000.hdf5,Ma_xp_A1900_s030z_n65_r20_v00_90000.hdf5,A1900,n65,r20,v00,s030z,90000,0.002,127343,1.0003137436428251e+19,10.0,4.85074687123e+18,0.483950799993,4.22489210472e+18,0.421510329902,8.707905639066942e+16,307.0,5.798331064480001e+18,0.578489670098,4.0362931889350586e+17,1.00232231692e+19,4.22489210472e+18,0.421510329902,/rds/general/user/nny124/home/irp-nny124/martian_moon_data/Ma_xp_A1900_s030z_n65_r20_v00_90000.hdf5,particle_level_raw_snapshot_parent_normalized,All raw asteroid particles in the physical snapshot are included in the denominator; all raw bound/captured asteroid particles are included in the numerator. No FoF background or unresolved material is discarded for the particle-level metrics.,Ma_xp_A1900_s030z_n65_r20_v00_90000_fof_0.002_0000,Ma_xp_A1900_s030z_n65_r20_v00_90000_fof_0.002_0000.hdf5,/rds/general/ephemeral/user/nny124/ephemeral/martian_moons_data/Ma_xp_A1900_s030z_n65_r20_v00_90000_fof_0.002_0000.hdf5,462775112,1900,,30.0,z,True,65,20,0,0,PartType0,3162276,317,317,True,kg,1.0003137436428251e+19,4.036298646671822e+17,1.0,True,"-1,2147483647",20,2.024089637844355e+17,0.0202345482596365,9.800728303588942e+18,0.9797654517403634
Ma_xp_A1900_s030z_n65_r20_v02_90000_fof_0.002_0000.hdf5,Ma_xp_A1900_s030z_n65_r20_v02_90000.hdf5,A1900,n65,r20,v02,s030z,90000,0.002,124864,1.0005416362447145e+19,6.0,4.65683249745e+18,0.46460429134,3.92837703005e+18,0.391927523088,8.470817828561163e+16,307.0,6.094846139150001e+18,0.6080724769120001,3.9577182314158304e+17,1.00232231692e+19,3.92837703005e+18,0.391927523088,/rds/general/user/nny124/home/irp-nny124/martian_moon_data/Ma_xp_A1900_s030z_n65_r20_v02_90000.hdf5,particle_level_raw_snapshot_parent_normalized,All raw asteroid particles in the physical snapshot are included in the denominator; all raw bound/captured asteroid particles are included in the numerator. No FoF background or unresolved material is discarded for the particle-level metrics.,Ma_xp_A1900_s030z_n65_r20_v02_90000_fof_0.002_0000,Ma_xp_A1900_s030z_n65_r20_v02_90000_fof_0.002_0000.hdf5,/rds/general/ephemeral/user/nny124/ephemeral/martian_moons_data/Ma_xp_A1900_s030z_n65_r20_v02_90000_fof_0.002_0000.hdf5,462775112,1900,,30.0,z,True,65,20,2,0,PartType0,3162276,313,313,True,kg,1.0005416362447145e+19,3.957720154751075e+17,1.0,True,"-1,2147483647",20,1.3657589126839752e+17,0.0136501958717047,9.86884033513925e+18,0.9863498041282952
Ma_xp_A1900_s030z_n65_r20_v04_90000_fof_0.002_0000.hdf5,Ma_xp_A1900_s030z_n65_r20_v04_90000.hdf5,A1900,n65,r20,v04,s030z,90000,0.002,113140,1.0005200833039649e+19,0.0,3.47706707034e+18,0.346901092757,2.76186696689e+18,0.275546789717,0.0,326.0,7.261356202310001e+18,0.724453210283,3.5861116150562374e+17,1.00232231692e+19,2.76186696689e+18,0.275546789717,/rds/general/user/nny124/home/irp-nny124/martian_moon_data/Ma_xp_A1900_s030z_n65_r20_v04_90000.hdf5,particle_level_raw_snapshot_parent_normalized,All raw asteroid particles in the physical snapshot are included in the denominator; all raw bound/captured asteroid particles are included in the numerator. No FoF background or unresolved material is discarded for the particle-level metrics.,Ma_xp_A1900_s030z_n65_r20_v04_90000_fof_0.002_0000,Ma_xp_A1900_s030z_n65_r20_v04_90000_fof_0.002_0000.hdf5,/rds/general/ephemeral/user/nny124/ephemeral/martian_moons_data/Ma_xp_A1900_s030z_n65_r20_v04_90000_fof_0.002_0000.hdf5,462775112,1900,,30.0,z,True,65,20,4,0,PartType0,3162276,326,326,True,kg,1.0005200833039649e+19,3.58611547310095e+17,1.0,True,"-1,2147483647",20,0.0,0.0,1.0005200692034791e+19,1.0
,Ma_xp_A1900_s030z_n65_r20_v06_89000.hdf5,A1900,n65,r20,v06,s030z,89000,0.002,123093,1.0005895014236445e+19,,,,,,,,,,,,,,,,,Ma_xp_A1900_s030z_n65_r20_v06_89000_fof_0.002_0000,Ma_xp_A1900_s030z_n65_r20_v06_89000_fof_0.002_0000.hdf5,/rds/general/ephemeral/user/nny124/ephemeral/martian_moons_data/Ma_xp_A1900_s030z_n65_r20_v06_89000_fof_0.002_0000.hdf5,462775112,1900,,30.0,z,True,65,20,6,0,PartType0,3162276,289,289,True,kg,1.0005895014236445e+19,3.901583335365235e+17,1.0,True,"-1,2147483647",20,,,,
Ma_xp_A1900_s030z_n65_r22_v00_90000_fof_0.002_0000.hdf5,Ma_xp_A1900_s030z_n65_r22_v00_90000.hdf5,A1900,n65,r22,v00,s030z,90000,0.002,159640,1.0008427528953315e+19,0.0,4.92480511579e+18,0.491339465625,4.09866820261e+18,0.408917184964,0.0,264.0,5.924554966590001e+18,0.591082815036,5.0599863728795974e+17,1.00232231692e+19,4.09866820261e+18,0.408917184964,/rds/general/user/nny124/home/irp-nny124/martian_moon_data/Ma_xp_A1900_s030z_n65_r22_v00_90000.hdf5,particle_level_raw_snapshot_parent_normalized,All raw asteroid particles in the physical snapshot are included in the denominator; all raw bound/captured asteroid particles are included in the numerator. No FoF background or unresolved material is discarded for the particle-level metrics.,Ma_xp_A1900_s030z_n65_r22_v00_90000_fof_0.002_0000,Ma_xp_A1900_s030z_n65_r22_v00_90000_fof_0.002_0000.hdf5,/rds/general/ephemeral/user/nny124/ephemeral/martian_moons_data/Ma_xp_A1900_s030z_n65_r22_v00_90000_fof_0.002_0000.hdf5,462775112,1900,,30.0,z,True,65,22,0,0,PartType0,3162276,264,264,True,kg,1.0008427528953315e+19,5.0599839662241574e+17,1.0,True,"-1,2147483647",20,0.0,0.0,1.0008427368386603e+19,1.0
,Ma_xp_A1900_s030z_n65_r24_v00_89000.hdf5,A1900,n65,r24,v00,s030z,89000,0.002,429146,1.0014611481301406e+19,,,,,,,,,,,,,,,,,Ma_xp_A1900_s030z_n65_r24_v00_89000_fof_0.002_0000,Ma_xp_A1900_s030z_n65_r24_v00_89000_fof_0.002_0000.hdf5,/rds/general/ephemeral/user/nny124/ephemeral/martian_moons_data/Ma_xp_A1900_s030z_n65_r24_v00_89000_fof_0.002_0000.hdf5,462775112,1900,,30.0,z,True,65,24,0,0,PartType0,3162276,200,200,True,kg,1.0014611481301406e+19,1.360230525435228e+18,1.0,True,"-1,2147483647",20,,,,
,Ma_xp_A1900_s030z_n65_r26_v00_89000.hdf5,A1900,n65,r26,v00,s030z,89000,0.002,1218010,1.001747998122778e+19,,,,,,,,,,,,,,,,,Ma_xp_A1900_s030z_n65_r26_v00_89000_fof_0.002_0000,Ma_xp_A1900_s030z_n65_r26_v00_89000_fof_0.002_0000.hdf5,/rds/general/ephemeral/user/nny124/ephemeral/martian_moons_data/Ma_xp_A1900_s030z_n65_r26_v00_89000_fof_0.002_0000.hdf5,462775112,1900,,30.0,z,True,65,26,0,0,PartType0,3162276,89,89,True,kg,1.001747998122778e+19,3.8606318295665254e+18,1.0,True,"-1,2147483647",20,,,,
,Ma_xp_A1900_s035mz_n65_r12_v00_89000.hdf5,A1900,n65,r12,v00,s035mz,89000,0.002,3162276,9.931168640691798e+18,,,,,,,,,,,,,,,,,Ma_xp_A1900_s035mz_n65_r12_v00_89000_fof_0.002_0000,Ma_xp_A1900_s035mz_n65_r12_v00_89000_fof_0.002_0000.hdf5,/rds/general/ephemeral/user/nny124/ephemeral/martian_moons_data/Ma_xp_A1900_s035mz_n65_r12_v00_89000_fof_0.002_0000.hdf5,462775112,1900,,35.0,mz,True,65,12,0,0,PartType0,3162276,1,1,True,kg,9.931168640691798e+18,9.931168640691798e+18,1.0,True,"-1,2147483647",20,,,,
Ma_xp_A1900_s035x_n65_r12_v00_90000_fof_0.002_0000.hdf5,Ma_xp_A1900_s035x_n65_r12_v00_90000.hdf5,A1900,n65,r12,v00,s035x,90000,0.002,107955,9.491876761169089e+18,27.0,5.01654218067e+18,0.505131114425,4.17472770912e+18,0.420366217244,1.4048770218328723e+17,2084.0,5.75644072896e+18,0.5796337827560001,3.390340655698014e+17,9.93116843808e+18,4.17472770912e+18,0.420366217244,/rds/general/user/nny124/home/irp-nny124/martian_moon_data/Ma_xp_A1900_s035x_n65_r12_v00_90000.hdf5,particle_level_raw_snapshot_parent_normalized,All raw asteroid particles in the physical snapshot are included in the denominator; all raw bound/captured asteroid particles are included in the numerator. No FoF background or unresolved material is discarded for the particle-level metrics.,Ma_xp_A1900_s035x_n65_r12_v00_90000_fof_0.002_0000,Ma_xp_A1900_s035x_n65_r12_v00_90000_fof_0.002_0000.hdf5,/rds/general/ephemeral/user/nny124/ephemeral/martian_moons_data/Ma_xp_A1900_s035x_n65_r12_v00_90000_fof_0.002_0000.hdf5,462775112,1900,,35.0,x,True,65,12,0,0,PartType0,3162276,2111,2111,True,kg,9.491876761169089e+18,3.3903491332508717e+17,1.0,True,"-1,2147483647",20,1.5197883873017107e+17,0.0160114637488105,9.339897801309168e+18,0.9839885362511896
Ma_xp_A1900_s035y_n65_r12_v00_90000_fof_0.002_0000.hdf5,Ma_xp_A1900_s035y_n65_r12_v00_90000.hdf5,A1900,n65,r12,v00,s035y,90000,0.002,208166,9.509856168073292e+18,27.0,5.07649457113e+18,0.511167905648,4.11402787661e+18,0.414254163773,1.5425257003927008e+17,1510.0,5.81714056147e+18,0.585745836227,6.53747999568409e+17,9.93116843808e+18,4.11402787661e+18,0.414254163773,/rds/general/user/nny124/home/irp-nny124/martian_moon_data/Ma_xp_A1900_s035y_n65_r12_v00_90000.hdf5,particle_level_raw_snapshot_parent_normalized,All raw asteroid particles in the physical snapshot are included in the denominator; all raw bound/captured asteroid particles are included in the numerator. No FoF background or unresolved material is discarded for the particle-level metrics.,Ma_xp_A1900_s035y_n65_r12_v00_90000_fof_0.002_0000,Ma_xp_A1900_s035y_n65_r12_v00_90000_fof_0.002_0000.hdf5,/rds/general/ephemeral/user/nny124/ephemeral/martian_moons_data/Ma_xp_A1900_s035y_n65_r12_v00_90000_fof_0.002_0000.hdf5,462775112,1900,,35.0,y,True,65,12,0,0,PartType0,3162276,1537,1537,True,kg,9.509856168073292e+18,6.537483176482113e+17,1.0,True,"-1,2147483647",20,2.450699208627018e+17,0.0257700977701674,9.264786155291011e+18,0.9742299022298324
Ma_xp_A1900_s035z_n65_r12_v00_90000_fof_0.002_0000.hdf5,Ma_xp_A1900_s035z_n65_r12_v00_90000.hdf5,A1900,n65,r12,v00,s035z,90000,0.002,142194,9.90931695328809e+18,55.0,4.99380486758e+18,0.502841624197,4.32511744835e+18,0.435509424225,9.630068627325331e+16,337.0,5.60605098973e+18,0.5644905757750001,4.46562085309933e+17,9.93116843808e+18,4.32511744835e+18,0.435509424225,/rds/general/user/nny124/home/irp-nny124/martian_moon_data/Ma_xp_A1900_s035z_n65_r12_v00_90000.hdf5,particle_level_raw_snapshot_parent_normalized,All raw asteroid particles in the physical snapshot are included in the denominator; all raw bound/captured asteroid particles are included in the numerator. No FoF background or unresolved material is discarded for the particle-level metrics.,Ma_xp_A1900_s035z_n65_r12_v00_90000_fof_0.002_0000,Ma_xp_A1900_s035z_n65_r12_v00_90000_fof_0.002_0000.hdf5,/rds/general/ephemeral/user/nny124/ephemeral/martian_moons_data/Ma_xp_A1900_s035z_n65_r12_v00_90000_fof_0.002_0000.hdf5,462775112,1900,,35.0,z,True,65,12,0,0,PartType0,3162276,392,392,True,kg,9.90931695328809e+18,4.465615913518173e+17,1.0,True,"-1,2147483647",20,7.011320575671456e+17,0.0707548335856762,9.208184692053256e+18,0.929245166414324
Ma_xp_A1900_s035z_n65_r16_v00_90000_fof_0.002_0000.hdf5,Ma_xp_A1900_s035z_n65_r16_v00_90000.hdf5,A1900,n65,r16,v00,s035z,90000,0.002,117180,9.906738566546223e+18,29.0,5.01793656838e+18,0.505271519627,4.25277259415e+18,0.428224797582,4.7572488770759624e+16,346.0,5.678395843929999e+18,0.5717752024180001,3.68005296683523e+17,9.93116843808e+18,4.25277259415e+18,0.428224797582,/rds/general/user/nny124/home/irp-nny124/martian_moon_data/Ma_xp_A1900_s035z_n65_r16_v00_90000.hdf5,particle_level_raw_snapshot_parent_normalized,All raw asteroid particles in the physical snapshot are included in the denominator; all raw bound/captured asteroid particles are included in the numerator. No FoF background or unresolved material is discarded for the particle-level metrics.,Ma_xp_A1900_s035z_n65_r16_v00_90000_fof_0.002_0000,Ma_xp_A1900_s035z_n65_r16_v00_90000_fof_0.002_0000.hdf5,/rds/general/ephemeral/user/nny124/ephemeral/martian_moons_data/Ma_xp_A1900_s035z_n65_r16_v00_90000_fof_0.002_0000.hdf5,462775112,1900,,35.0,z,True,65,16,0,0,PartType0,3162276,375,375,True,kg,9.906738566546223e+18,3.680050210720343e+17,1.0,True,"-1,2147483647",20,4.766670415648781e+17,0.048115436470505,9.430071346999392e+18,0.951884563529495
Ma_xp_A1900_s035z_n65_r20_v00_90000_fof_0.002_0000.hdf5,Ma_xp_A1900_s035z_n65_r20_v00_90000.hdf5,A1900,n65,r20,v00,s035z,90000,0.002,140898,9.91685731888378e+18,0.0,5.00247268307e+18,0.50371441329,4.01610982621e+18,0.40439449308,0.0,279.0,5.91505861187e+18,0.59560550692,4.424919806461516e+17,9.93116843808e+18,4.01610982621e+18,0.40439449308,/rds/general/user/nny124/home/irp-nny124/martian_moon_data/Ma_xp_A1900_s035z_n65_r20_v00_90000.hdf5,particle_level_raw_snapshot_parent_normalized,All raw asteroid particles in the physical snapshot are included in the denominator; all raw bound/captured asteroid particles are included in the numerator. No FoF background or unresolved material is discarded for the particle-level metrics.,Ma_xp_A1900_s035z_n65_r20_v00_90000_fof_0.002_0000,Ma_xp_A1900_s035z_n65_r20_v00_90000_fof_0.002_0000.hdf5,/rds/general/ephemeral/user/nny124/ephemeral/martian_moons_data/Ma_xp_A1900_s035z_n65_r20_v00_90000_fof_0.002_0000.hdf5,462775112,1900,,35.0,z,True,65,20,0,0,PartType0,3162276,279,279,True,kg,9.91685731888378e+18,4.424921495812795e+17,1.0,True,"-1,2147483647",20,0.0,0.0,9.916857120993411e+18,1.0
,Ma_xp_A1900_s047mz_n65_r12_v00_89000.hdf5,A1900,n65,r12,v00,s047mz,89000,0.002,3162280,1.0010321780963895e+19,,,,,,,,,,,,,,,,,Ma_xp_A1900_s047mz_n65_r12_v00_89000_fof_0.002_0000,Ma_xp_A1900_s047mz_n65_r12_v00_89000_fof_0.002_0000.hdf5,/rds/general/ephemeral/user/nny124/ephemeral/martian_moons_data/Ma_xp_A1900_s047mz_n65_r12_v00_89000_fof_0.002_0000.hdf5,462775112,1900,,47.0,mz,True,65,12,0,0,PartType0,3162280,1,1,True,kg,1.0010321780963895e+19,1.0010321780963895e+19,1.0,True,"-1,2147483647",20,,,,
Ma_xp_A1900_s047x_n65_r12_v00_90000_fof_0.002_0000.hdf5,Ma_xp_A1900_s047x_n65_r12_v00_90000.hdf5,A1900,n65,r12,v00,s047x,90000,0.002,242309,9.39744137527181e+18,11.0,4.99420799883e+18,0.498905852739,4.24395303256e+18,0.423957714054,1.4849861279410304e+17,2298.0,5.766368496840001e+18,0.5760422859459999,7.670386554855169e+17,1.00103215294e+19,4.24395303256e+18,0.423957714054,/rds/general/user/nny124/home/irp-nny124/martian_moon_data/Ma_xp_A1900_s047x_n65_r12_v00_90000.hdf5,particle_level_raw_snapshot_parent_normalized,All raw asteroid particles in the physical snapshot are included in the denominator; all raw bound/captured asteroid particles are included in the numerator. No FoF background or unresolved material is discarded for the particle-level metrics.,Ma_xp_A1900_s047x_n65_r12_v00_90000_fof_0.002_0000,Ma_xp_A1900_s047x_n65_r12_v00_90000_fof_0.002_0000.hdf5,/rds/general/ephemeral/user/nny124/ephemeral/martian_moons_data/Ma_xp_A1900_s047x_n65_r12_v00_90000_fof_0.002_0000.hdf5,462775112,1900,,47.0,x,True,65,12,0,0,PartType0,3162280,2309,2309,True,kg,9.39744137527181e+18,7.670340822991546e+17,1.0,True,"-1,2147483647",20,1.50654345038413e+17,0.0160314214782871,9.24678712591651e+18,0.9839685785217128
Ma_xp_A1900_s047y_n65_r12_v00_90000_fof_0.002_0000.hdf5,Ma_xp_A1900_s047y_n65_r12_v00_90000.hdf5,A1900,n65,r12,v00,s047y,90000,0.002,188480,9.567981992626692e+18,13.0,5.15805631155e+18,0.515273789797,4.19158868192e+18,0.41872667822,1.1901161447435762e+17,1730.0,5.81873284748e+18,0.58127332178,5.966408420095839e+17,1.00103215294e+19,4.19158868192e+18,0.41872667822,/rds/general/user/nny124/home/irp-nny124/martian_moon_data/Ma_xp_A1900_s047y_n65_r12_v00_90000.hdf5,particle_level_raw_snapshot_parent_normalized,All raw asteroid particles in the physical snapshot are included in the denominator; all raw bound/captured asteroid particles are included in the numerator. No FoF background or unresolved material is discarded for the particle-level metrics.,Ma_xp_A1900_s047y_n65_r12_v00_90000_fof_0.002_0000,Ma_xp_A1900_s047y_n65_r12_v00_90000_fof_0.002_0000.hdf5,/rds/general/ephemeral/user/nny124/ephemeral/martian_moons_data/Ma_xp_A1900_s047y_n65_r12_v00_90000_fof_0.002_0000.hdf5,462775112,1900,,47.0,y,True,65,12,0,0,PartType0,3162280,1743,1743,True,kg,9.567981992626692e+18,5.966416231193215e+17,1.0,True,"-1,2147483647",20,1.9229068308451555e+17,0.0200973087570884,9.375691050623676e+18,0.9799026912429116
Ma_xp_A1900_s047z_n65_r11_v00_90000_fof_0.002_0000.hdf5,Ma_xp_A1900_s047z_n65_r11_v00_90000.hdf5,A1900,n65,r11,v00,s047z,90000,0.002,118910,9.991072152072684e+18,48.0,4.99225169556e+18,0.498710424124,4.27063536309e+18,0.426623195922,8.521948274456202e+16,325.0,5.739686166310001e+18,0.5733768040780001,3.764142748480469e+17,1.00103215294e+19,4.27063536309e+18,0.426623195922,/rds/general/user/nny124/home/irp-nny124/martian_moon_data/Ma_xp_A1900_s047z_n65_r11_v00_90000.hdf5,particle_level_raw_snapshot_parent_normalized,All raw asteroid particles in the physical snapshot are included in the denominator; all raw bound/captured asteroid particles are included in the numerator. No FoF background or unresolved material is discarded for the particle-level metrics.,Ma_xp_A1900_s047z_n65_r11_v00_90000_fof_0.002_0000,Ma_xp_A1900_s047z_n65_r11_v00_90000_fof_0.002_0000.hdf5,/rds/general/ephemeral/user/nny124/ephemeral/martian_moons_data/Ma_xp_A1900_s047z_n65_r11_v00_90000_fof_0.002_0000.hdf5,462775112,1900,,47.0,z,True,65,11,0,0,PartType0,3162280,373,373,True,kg,9.991072152072684e+18,3.764141063954451e+17,1.0,True,"-1,2147483647",20,5.966186832331892e+17,0.0597151827244894,9.394453201882444e+18,0.9402848172755108
Ma_xp_A1900_s047z_n65_r12_v00_90000_fof_0.002_0000.hdf5,Ma_xp_A1900_s047z_n65_r12_v00_90000.hdf5,A1900,n65,r12,v00,s047z,90000,0.002,120378,9.986849326492928e+18,40.0,5.04339731358e+18,0.503819712359,4.39097650406e+18,0.43864490178,7.467507142915694e+16,346.0,5.61934502534e+18,0.56135509822,3.810612864995308e+17,1.00103215294e+19,4.39097650406e+18,0.43864490178,/rds/general/user/nny124/home/irp-nny124/martian_moon_data/Ma_xp_A1900_s047z_n65_r12_v00_90000.hdf5,particle_level_raw_snapshot_parent_normalized,All raw asteroid particles in the physical snapshot are included in the denominator; all raw bound/captured asteroid particles are included in the numerator. No FoF background or unresolved material is discarded for the particle-level metrics.,Ma_xp_A1900_s047z_n65_r12_v00_90000_fof_0.002_0000,Ma_xp_A1900_s047z_n65_r12_v00_90000_fof_0.002_0000.hdf5,/rds/general/ephemeral/user/nny124/ephemeral/martian_moons_data/Ma_xp_A1900_s047z_n65_r12_v00_90000_fof_0.002_0000.hdf5,462775112,1900,,47.0,z,True,65,12,0,0,PartType0,3162280,386,386,True,kg,9.986849326492928e+18,3.810614289890323e+17,1.0,True,"-1,2147483647",20,5.998760231441914e+17,0.0600665955595236,9.386973032579928e+18,0.9399334044404762
,Ma_xp_A1900_s047z_n65_r12_v02_89000.hdf5,A1900,n65,r12,v02,s047z,89000,0.002,113949,9.988210480721916e+18,,,,,,,,,,,,,,,,,Ma_xp_A1900_s047z_n65_r12_v02_89000_fof_0.002_0000,Ma_xp_A1900_s047z_n65_r12_v02_89000_fof_0.002_0000.hdf5,/rds/general/ephemeral/user/nny124/ephemeral/martian_moons_data/Ma_xp_A1900_s047z_n65_r12_v02_89000_fof_0.002_0000.hdf5,462775112,1900,,47.0,z,True,65,12,2,0,PartType0,3162280,355,355,True,kg,9.988210480721916e+18,3.607099404906932e+17,1.0,True,"-1,2147483647",20,,,,
Ma_xp_A1900_s047z_n65_r12_v04_90000_fof_0.002_0000.hdf5,Ma_xp_A1900_s047z_n65_r12_v04_90000.hdf5,A1900,n65,r12,v04,s047z,90000,0.002,108764,9.986042089850348e+18,7.0,3.69140182154e+18,0.368759565883,2.98099466363e+18,0.297792099371,3.3801628347643976e+16,349.0,7.02932686577e+18,0.7022079006290001,3.442967133930362e+17,1.00103215294e+19,2.98099466363e+18,0.297792099371,/rds/general/user/nny124/home/irp-nny124/martian_moon_data/Ma_xp_A1900_s047z_n65_r12_v04_90000.hdf5,particle_level_raw_snapshot_parent_normalized,All raw asteroid particles in the physical snapshot are included in the denominator; all raw bound/captured asteroid particles are included in the numerator. No FoF background or unresolved material is discarded for the particle-level metrics.,Ma_xp_A1900_s047z_n65_r12_v04_90000_fof_0.002_0000,Ma_xp_A1900_s047z_n65_r12_v04_90000_fof_0.002_0000.hdf5,/rds/general/ephemeral/user/nny124/ephemeral/martian_moons_data/Ma_xp_A1900_s047z_n65_r12_v04_90000_fof_0.002_0000.hdf5,462775112,1900,,47.0,z,True,65,12,4,0,PartType0,3162280,356,356,True,kg,9.986042089850348e+18,3.442965201254282e+17,1.0,True,"-1,2147483647",20,9.481739781764738e+16,0.009494993041925,9.891224445391974e+18,0.990505006958075
Ma_xp_A1900_s047z_n65_r12_v06_90000_fof_0.002_0000.hdf5,Ma_xp_A1900_s047z_n65_r12_v06_90000.hdf5,A1900,n65,r12,v06,s047z,90000,0.002,150426,9.715809510336877e+18,0.0,1.99252020498e+18,0.199046573991,1.52501753758e+18,0.152344510922,0.0,341.0,8.48530399182e+18,0.847655489078,4.7617941054843296e+17,1.00103215294e+19,1.52501753758e+18,0.152344510922,/rds/general/user/nny124/home/irp-nny124/martian_moon_data/Ma_xp_A1900_s047z_n65_r12_v06_90000.hdf5,particle_level_raw_snapshot_parent_normalized,All raw asteroid particles in the physical snapshot are included in the denominator; all raw bound/captured asteroid particles are included in the numerator. No FoF background or unresolved material is discarded for the particle-level metrics.,Ma_xp_A1900_s047z_n65_r12_v06_90000_fof_0.002_0000,Ma_xp_A1900_s047z_n65_r12_v06_90000_fof_0.002_0000.hdf5,/rds/general/ephemeral/user/nny124/ephemeral/martian_moons_data/Ma_xp_A1900_s047z_n65_r12_v06_90000_fof_0.002_0000.hdf5,462775112,1900,,47.0,z,True,65,12,6,0,PartType0,3162280,341,341,True,kg,9.715809510336877e+18,4.761798012390642e+17,1.0,True,"-1,2147483647",20,0.0,0.0,9.715809252167664e+18,1.0
Ma_xp_A1900_s047z_n65_r12_v08_90000_fof_0.002_0000.hdf5,Ma_xp_A1900_s047z_n65_r12_v08_90000.hdf5,A1900,n65,r12,v08,s047z,90000,0.002,116001,9.991404504370338e+18,0.0,4.21175000155e+17,0.0420740731371,1.90081136673e+17,0.018988514616,0.0,314.0,9.820240392727001e+18,0.981011485384,3.6720572110542656e+17,1.00103215294e+19,1.90081136673e+17,0.018988514616,/rds/general/user/nny124/home/irp-nny124/martian_moon_data/Ma_xp_A1900_s047z_n65_r12_v08_90000.hdf5,particle_level_raw_snapshot_parent_normalized,All raw asteroid particles in the physical snapshot are included in the denominator; all raw bound/captured asteroid particles are included in the numerator. No FoF background or unresolved material is discarded for the particle-level metrics.,Ma_xp_A1900_s047z_n65_r12_v08_90000_fof_0.002_0000,Ma_xp_A1900_s047z_n65_r12_v08_90000_fof_0.002_0000.hdf5,/rds/general/ephemeral/user/nny124/ephemeral/martian_moons_data/Ma_xp_A1900_s047z_n65_r12_v08_90000_fof_0.002_0000.hdf5,462775112,1900,,47.0,z,True,65,12,8,0,PartType0,3162280,314,314,True,kg,9.991404504370338e+18,3.672056923192628e+17,1.0,True,"-1,2147483647",20,0.0,0.0,9.991404266739606e+18,1.0
,Ma_xp_A1900_s047z_n65_r12_v10_89000.hdf5,A1900,n65,r12,v10,s047z,89000,0.002,131608,9.994190181618686e+18,,,,,,,,,,,,,,,,,Ma_xp_A1900_s047z_n65_r12_v10_89000_fof_0.002_0000,Ma_xp_A1900_s047z_n65_r12_v10_89000_fof_0.002_0000.hdf5,/rds/general/ephemeral/user/nny124/ephemeral/martian_moons_data/Ma_xp_A1900_s047z_n65_r12_v10_89000_fof_0.002_0000.hdf5,462775112,1900,,47.0,z,True,65,12,10,0,PartType0,3162280,262,262,True,kg,9.994190181618686e+18,4.166107211264152e+17,1.0,True,"-1,2147483647",20,,,,
Ma_xp_A1900_s047z_n65_r12_v15_90000_fof_0.002_0000.hdf5,Ma_xp_A1900_s047z_n65_r12_v15_90000.hdf5,A1900,n65,r12,v15,s047z,90000,0.002,169000,9.99638073991469e+18,0.0,0.0,0.0,0.0,0.0,0.0,207.0,1.00103215294e+19,1.0,5.349761369889384e+17,1.00103215294e+19,0.0,0.0,/rds/general/user/nny124/home/irp-nny124/martian_moon_data/Ma_xp_A1900_s047z_n65_r12_v15_90000.hdf5,particle_level_raw_snapshot_parent_normalized,All raw asteroid particles in the physical snapshot are included in the denominator; all raw bound/captured asteroid particles are included in the numerator. No FoF background or unresolved material is discarded for the particle-level metrics.,Ma_xp_A1900_s047z_n65_r12_v15_90000_fof_0.002_0000,Ma_xp_A1900_s047z_n65_r12_v15_90000_fof_0.002_0000.hdf5,/rds/general/ephemeral/user/nny124/ephemeral/martian_moons_data/Ma_xp_A1900_s047z_n65_r12_v15_90000_fof_0.002_0000.hdf5,462775112,1900,,47.0,z,True,65,12,15,0,PartType0,3162280,207,207,True,kg,9.99638073991469e+18,5.349726380151776e+17,1.0,True,"-1,2147483647",20,0.0,0.0,9.996380494481265e+18,1.0
Ma_xp_A1900_s047z_n65_r12_v20_90000_fof_0.002_0000.hdf5,Ma_xp_A1900_s047z_n65_r12_v20_90000.hdf5,A1900,n65,r12,v20,s047z,90000,0.002,225088,9.999403828155156e+18,0.0,0.0,0.0,0.0,0.0,0.0,129.0,1.00103215294e+19,1.0,7.125249036813028e+17,1.00103215294e+19,0.0,0.0,/rds/general/user/nny124/home/irp-nny124/martian_moon_data/Ma_xp_A1900_s047z_n65_r12_v20_90000.hdf5,particle_level_raw_snapshot_parent_normalized,All raw asteroid particles in the physical snapshot are included in the denominator; all raw bound/captured asteroid particles are included in the numerator. No FoF background or unresolved material is discarded for the particle-level metrics.,Ma_xp_A1900_s047z_n65_r12_v20_90000_fof_0.002_0000,Ma_xp_A1900_s047z_n65_r12_v20_90000_fof_0.002_0000.hdf5,/rds/general/ephemeral/user/nny124/ephemeral/martian_moons_data/Ma_xp_A1900_s047z_n65_r12_v20_90000_fof_0.002_0000.hdf5,462775112,1900,,47.0,z,True,65,12,20,0,PartType0,3162280,129,129,True,kg,9.999403828155156e+18,7.125245475863699e+17,1.0,True,"-1,2147483647",20,0.0,0.0,9.99940358448657e+18,1.0
,Ma_xp_A1900_s047z_n65_r13_v00_89000.hdf5,A1900,n65,r13,v00,s047z,89000,0.002,121028,9.989837582860409e+18,,,,,,,,,,,,,,,,,Ma_xp_A1900_s047z_n65_r13_v00_89000_fof_0.002_0000,Ma_xp_A1900_s047z_n65_r13_v00_89000_fof_0.002_0000.hdf5,/rds/general/ephemeral/user/nny124/ephemeral/martian_moons_data/Ma_xp_A1900_s047z_n65_r13_v00_89000_fof_0.002_0000.hdf5,462775112,1900,,47.0,z,True,65,13,0,0,PartType0,3162280,375,375,True,kg,9.989837582860409e+18,3.831191246914436e+17,1.0,True,"-1,2147483647",20,,,,
Ma_xp_A1900_s047z_n65_r14_v00_90000_fof_0.002_0000.hdf5,Ma_xp_A1900_s047z_n65_r14_v00_90000.hdf5,A1900,n65,r14,v00,s047z,90000,0.002,101685,9.81955030603207e+18,24.0,5.05917119577e+18,0.505398670571,4.18070555791e+18,0.417642129363,6.7473469585102136e+16,323.0,5.82955266069e+18,0.5823578706370001,3.218878608856421e+17,1.00102582186e+19,4.18070555791e+18,0.417642129363,/rds/general/user/nny124/home/irp-nny124/martian_moon_data/Ma_xp_A1900_s047z_n65_r14_v00_90000.hdf5,particle_level_raw_snapshot_parent_normalized,All raw asteroid particles in the physical snapshot are included in the denominator; all raw bound/captured asteroid particles are included in the numerator. No FoF background or unresolved material is discarded for the particle-level metrics.,Ma_xp_A1900_s047z_n65_r14_v00_90000_fof_0.002_0000,Ma_xp_A1900_s047z_n65_r14_v00_90000_fof_0.002_0000.hdf5,/rds/general/ephemeral/user/nny124/ephemeral/martian_moons_data/Ma_xp_A1900_s047z_n65_r14_v00_90000_fof_0.002_0000.hdf5,462775112,1900,,47.0,z,True,65,14,0,0,PartType0,3162260,347,347,True,kg,9.81955030603207e+18,3.218877668135065e+17,1.0,True,"-1,2147483647",20,5.032352747058096e+17,0.05124830150722,9.316315030486491e+18,0.94875169849278
Ma_xp_A1900_s047z_n65_r15_v00_90000_fof_0.002_0000.hdf5,Ma_xp_A1900_s047z_n65_r15_v00_90000.hdf5,A1900,n65,r15,v00,s047z,90000,0.002,98692,9.992297203436796e+18,25.0,5.01530948362e+18,0.501013825468,4.34578526541e+18,0.434130437532,9.92491527985624e+16,289.0,5.664536263990001e+18,0.565869562468,3.12413401844163e+17,1.00103215294e+19,4.34578526541e+18,0.434130437532,/rds/general/user/nny124/home/irp-nny124/martian_moon_data/Ma_xp_A1900_s047z_n65_r15_v00_90000.hdf5,particle_level_raw_snapshot_parent_normalized,All raw asteroid particles in the physical snapshot are included in the denominator; all raw bound/captured asteroid particles are included in the numerator. No FoF background or unresolved material is discarded for the particle-level metrics.,Ma_xp_A1900_s047z_n65_r15_v00_90000_fof_0.002_0000,Ma_xp_A1900_s047z_n65_r15_v00_90000_fof_0.002_0000.hdf5,/rds/general/ephemeral/user/nny124/ephemeral/martian_moons_data/Ma_xp_A1900_s047z_n65_r15_v00_90000_fof_0.002_0000.hdf5,462775112,1900,,47.0,z,True,65,15,0,0,PartType0,3162280,314,314,True,kg,9.992297203436796e+18,3.124131915264155e+17,1.0,True,"-1,2147483647",20,4.6428331396238746e+17,0.0464641229479887,9.528013634849049e+18,0.953535877052011
Ma_xp_A1900_s047z_n65_r16_v00_90000_fof_0.002_0000.hdf5,Ma_xp_A1900_s047z_n65_r16_v00_90000.hdf5,A1900,n65,r16,v00,s047z,90000,0.002,111566,9.991948984012886e+18,15.0,5.09492596185e+18,0.508967264126,4.38751656963e+18,0.438299265087,1.0979356411396749e+17,291.0,5.62280495977e+18,0.561700734913,3.531665544335389e+17,1.00103215294e+19,4.38751656963e+18,0.438299265087,/rds/general/user/nny124/home/irp-nny124/martian_moon_data/Ma_xp_A1900_s047z_n65_r16_v00_90000.hdf5,particle_level_raw_snapshot_parent_normalized,All raw asteroid particles in the physical snapshot are included in the denominator; all raw bound/captured asteroid particles are included in the numerator. No FoF background or unresolved material is discarded for the particle-level metrics.,Ma_xp_A1900_s047z_n65_r16_v00_90000_fof_0.002_0000,Ma_xp_A1900_s047z_n65_r16_v00_90000_fof_0.002_0000.hdf5,/rds/general/ephemeral/user/nny124/ephemeral/martian_moons_data/Ma_xp_A1900_s047z_n65_r16_v00_90000_fof_0.002_0000.hdf5,462775112,1900,,47.0,z,True,65,16,0,0,PartType0,3162280,306,306,True,kg,9.991948984012886e+18,3.531669267427772e+17,1.0,True,"-1,2147483647",20,3.075637956785839e+17,0.030781162283483,9.68438494381462e+18,0.9692188377165172
,Ma_xp_A1900_s047z_n65_r16_v02_89000.hdf5,A1900,n65,r16,v02,s047z,89000,0.002,138582,9.990141459233784e+18,,,,,,,,,,,,,,,,,Ma_xp_A1900_s047z_n65_r16_v02_89000_fof_0.002_0000,Ma_xp_A1900_s047z_n65_r16_v02_89000_fof_0.002_0000.hdf5,/rds/general/ephemeral/user/nny124/ephemeral/martian_moons_data/Ma_xp_A1900_s047z_n65_r16_v02_89000_fof_0.002_0000.hdf5,462775112,1900,,47.0,z,True,65,16,2,0,PartType0,3162280,325,325,True,kg,9.990141459233784e+18,4.386856602409407e+17,1.0,True,"-1,2147483647",20,,,,
Ma_xp_A1900_s047z_n65_r16_v04_90000_fof_0.002_0000.hdf5,Ma_xp_A1900_s047z_n65_r16_v04_90000.hdf5,A1900,n65,r16,v04,s047z,90000,0.002,130158,9.98180660121724e+18,0.0,3.53312169239e+18,0.352948207889,2.69850510452e+18,0.269572526379,0.0,316.0,7.31180692828e+18,0.730427473621,4.1202026058094266e+17,1.00103120328e+19,2.69850510452e+18,0.269572526379,/rds/general/user/nny124/home/irp-nny124/martian_moon_data/Ma_xp_A1900_s047z_n65_r16_v04_90000.hdf5,particle_level_raw_snapshot_parent_normalized,All raw asteroid particles in the physical snapshot are included in the denominator; all raw bound/captured asteroid particles are included in the numerator. No FoF background or unresolved material is discarded for the particle-level metrics.,Ma_xp_A1900_s047z_n65_r16_v04_90000_fof_0.002_0000,Ma_xp_A1900_s047z_n65_r16_v04_90000_fof_0.002_0000.hdf5,/rds/general/ephemeral/user/nny124/ephemeral/martian_moons_data/Ma_xp_A1900_s047z_n65_r16_v04_90000_fof_0.002_0000.hdf5,462775112,1900,,47.0,z,True,65,16,4,0,PartType0,3162277,316,316,True,kg,9.98180660121724e+18,4.120192338594366e+17,1.0,True,"-1,2147483647",20,0.0,0.0,9.98180635166848e+18,1.0
Ma_xp_A1900_s047z_n65_r16_v06_90000_fof_0.002_0000.hdf5,Ma_xp_A1900_s047z_n65_r16_v06_90000.hdf5,A1900,n65,r16,v06,s047z,90000,0.002,127310,9.993677372992848e+18,0.0,1.81210979078e+18,0.181024134485,1.19602620657e+18,0.119479299746,0.0,272.0,8.81429532283e+18,0.880520700254,4.030048047339221e+17,1.00103215294e+19,1.19602620657e+18,0.119479299746,/rds/general/user/nny124/home/irp-nny124/martian_moon_data/Ma_xp_A1900_s047z_n65_r16_v06_90000.hdf5,particle_level_raw_snapshot_parent_normalized,All raw asteroid particles in the physical snapshot are included in the denominator; all raw bound/captured asteroid particles are included in the numerator. No FoF background or unresolved material is discarded for the particle-level metrics.,Ma_xp_A1900_s047z_n65_r16_v06_90000_fof_0.002_0000,Ma_xp_A1900_s047z_n65_r16_v06_90000_fof_0.002_0000.hdf5,/rds/general/ephemeral/user/nny124/ephemeral/martian_moons_data/Ma_xp_A1900_s047z_n65_r16_v06_90000_fof_0.002_0000.hdf5,462775112,1900,,47.0,z,True,65,16,6,0,PartType0,3162280,272,272,True,kg,9.993677372992848e+18,4.030034178125801e+17,1.0,True,"-1,2147483647",20,0.0,0.0,9.993677123941466e+18,1.0
Ma_xp_A1900_s047z_n65_r17_v00_90000_fof_0.002_0000.hdf5,Ma_xp_A1900_s047z_n65_r17_v00_90000.hdf5,A1900,n65,r17,v00,s047z,90000,0.002,127425,9.995947082318516e+18,9.0,5.12963926551e+18,0.512435015242,4.1980590442e+18,0.419373047295,1.4882466333913222e+17,272.0,5.812262485200001e+18,0.580626952705,4.033688417502168e+17,1.00103215294e+19,4.1980590442e+18,0.419373047295,/rds/general/user/nny124/home/irp-nny124/martian_moon_data/Ma_xp_A1900_s047z_n65_r17_v00_90000.hdf5,particle_level_raw_snapshot_parent_normalized,All raw asteroid particles in the physical snapshot are included in the denominator; all raw bound/captured asteroid particles are included in the numerator. No FoF background or unresolved material is discarded for the particle-level metrics.,Ma_xp_A1900_s047z_n65_r17_v00_90000_fof_0.002_0000,Ma_xp_A1900_s047z_n65_r17_v00_90000_fof_0.002_0000.hdf5,/rds/general/ephemeral/user/nny124/ephemeral/martian_moons_data/Ma_xp_A1900_s047z_n65_r17_v00_90000_fof_0.002_0000.hdf5,462775112,1900,,47.0,z,True,65,17,0,0,PartType0,3162280,281,281,True,kg,9.995947082318516e+18,4.033682738171432e+17,1.0,True,"-1,2147483647",20,2.425594467257166e+17,0.0242657800406891,9.753387368871793e+18,0.9757342199593112
,Ma_xp_A1900_s047z_n65_r18_v00_89000.hdf5,A1900,n65,r18,v00,s047z,89000,0.002,153070,9.99708031869879e+18,,,,,,,,,,,,,,,,,Ma_xp_A1900_s047z_n65_r18_v00_89000_fof_0.002_0000,Ma_xp_A1900_s047z_n65_r18_v00_89000_fof_0.002_0000.hdf5,/rds/general/ephemeral/user/nny124/ephemeral/martian_moons_data/Ma_xp_A1900_s047z_n65_r18_v00_89000_fof_0.002_0000.hdf5,462775112,1900,,47.0,z,True,65,18,0,0,PartType0,3162280,250,250,True,kg,9.99708031869879e+18,4.845495055051077e+17,1.0,True,"-1,2147483647",20,,,,
,Ma_xp_A1900_s047z_n65_r19_v00_89000.hdf5,A1900,n65,r19,v00,s047z,89000,0.002,284818,9.998618775070632e+18,,,,,,,,,,,,,,,,,Ma_xp_A1900_s047z_n65_r19_v00_89000_fof_0.002_0000,Ma_xp_A1900_s047z_n65_r19_v00_89000_fof_0.002_0000.hdf5,/rds/general/ephemeral/user/nny124/ephemeral/martian_moons_data/Ma_xp_A1900_s047z_n65_r19_v00_89000_fof_0.002_0000.hdf5,462775112,1900,,47.0,z,True,65,19,0,0,PartType0,3162280,240,240,True,kg,9.998618775070632e+18,9.016033394438386e+17,1.0,True,"-1,2147483647",20,,,,
Ma_xp_A1900_s047z_n65_r20_v00_90000_fof_0.002_0000.hdf5,Ma_xp_A1900_s047z_n65_r20_v00_90000.hdf5,A1900,n65,r20,v00,s047z,90000,0.002,652341,9.99773241941338e+18,0.0,5.09651189703e+18,0.509125694119,3.78920432289e+18,0.378529731713,0.0,202.0,6.22111720651e+18,0.621470268287,2.0650110543253435e+18,1.00103215294e+19,3.78920432289e+18,0.378529731713,/rds/general/user/nny124/home/irp-nny124/martian_moon_data/Ma_xp_A1900_s047z_n65_r20_v00_90000.hdf5,particle_level_raw_snapshot_parent_normalized,All raw asteroid particles in the physical snapshot are included in the denominator; all raw bound/captured asteroid particles are included in the numerator. No FoF background or unresolved material is discarded for the particle-level metrics.,Ma_xp_A1900_s047z_n65_r20_v00_90000_fof_0.002_0000,Ma_xp_A1900_s047z_n65_r20_v00_90000_fof_0.002_0000.hdf5,/rds/general/ephemeral/user/nny124/ephemeral/martian_moons_data/Ma_xp_A1900_s047z_n65_r20_v00_90000_fof_0.002_0000.hdf5,462775112,1900,,47.0,z,True,65,20,0,0,PartType0,3162280,202,202,True,kg,9.99773241941338e+18,2.0650130465920852e+18,1.0,True,"-1,2147483647",20,0.0,0.0,9.997732179748305e+18,1.0
Ma_xp_A1900_s047z_n65_r20_v02_90000_fof_0.002_0000.hdf5,Ma_xp_A1900_s047z_n65_r20_v02_90000.hdf5,A1900,n65,r20,v02,s047z,90000,0.002,601886,1.0002262313473638e+19,0.0,4.1554034025e+18,0.415111881301,3.03972491374e+18,0.303659068773,0.0,178.0,6.97059661566e+18,0.696340931227,1.9052937703468964e+18,1.00103215294e+19,3.03972491374e+18,0.303659068773,/rds/general/user/nny124/home/irp-nny124/martian_moon_data/Ma_xp_A1900_s047z_n65_r20_v02_90000.hdf5,particle_level_raw_snapshot_parent_normalized,All raw asteroid particles in the physical snapshot are included in the denominator; all raw bound/captured asteroid particles are included in the numerator. No FoF background or unresolved material is discarded for the particle-level metrics.,Ma_xp_A1900_s047z_n65_r20_v02_90000_fof_0.002_0000,Ma_xp_A1900_s047z_n65_r20_v02_90000_fof_0.002_0000.hdf5,/rds/general/ephemeral/user/nny124/ephemeral/martian_moons_data/Ma_xp_A1900_s047z_n65_r20_v02_90000_fof_0.002_0000.hdf5,462775112,1900,,47.0,z,True,65,20,2,0,PartType0,3162280,178,178,True,kg,1.0002262313473638e+19,1.9052955145144005e+18,1.0,True,"-1,2147483647",20,0.0,0.0,1.0002262066449392e+19,1.0
Ma_xp_A1900_s047z_n65_r20_v04_90000_fof_0.002_0000.hdf5,Ma_xp_A1900_s047z_n65_r20_v04_90000.hdf5,A1900,n65,r20,v04,s047z,90000,0.002,722623,1.0001265168572991e+19,0.0,2.60832838728e+18,0.260563896935,1.74746314777e+18,0.174566135826,0.0,156.0,8.262858381630001e+18,0.825433864174,2.287491485453542e+18,1.00103215294e+19,1.74746314777e+18,0.174566135826,/rds/general/user/nny124/home/irp-nny124/martian_moon_data/Ma_xp_A1900_s047z_n65_r20_v04_90000.hdf5,particle_level_raw_snapshot_parent_normalized,All raw asteroid particles in the physical snapshot are included in the denominator; all raw bound/captured asteroid particles are included in the numerator. No FoF background or unresolved material is discarded for the particle-level metrics.,Ma_xp_A1900_s047z_n65_r20_v04_90000_fof_0.002_0000,Ma_xp_A1900_s047z_n65_r20_v04_90000_fof_0.002_0000.hdf5,/rds/general/ephemeral/user/nny124/ephemeral/martian_moons_data/Ma_xp_A1900_s047z_n65_r20_v04_90000_fof_0.002_0000.hdf5,462775112,1900,,47.0,z,True,65,20,4,0,PartType0,3162280,156,156,True,kg,1.0001265168572991e+19,2.2874938376956972e+18,1.0,True,"-1,2147483647",20,0.0,0.0,1.0001264921588773e+19,1.0
Ma_xp_A1900_s047z_n65_r20_v06_90000_fof_0.002_0000.hdf5,Ma_xp_A1900_s047z_n65_r20_v06_90000.hdf5,A1900,n65,r20,v06,s047z,90000,0.002,733883,1.000161971255313e+19,0.0,6.39131875658e+17,0.0638472874002,0.0,0.0,0.0,140.0,1.00103215294e+19,1.0,2.323135457658424e+18,1.00103215294e+19,0.0,0.0,/rds/general/user/nny124/home/irp-nny124/martian_moon_data/Ma_xp_A1900_s047z_n65_r20_v06_90000.hdf5,particle_level_raw_snapshot_parent_normalized,All raw asteroid particles in the physical snapshot are included in the denominator; all raw bound/captured asteroid particles are included in the numerator. No FoF background or unresolved material is discarded for the particle-level metrics.,Ma_xp_A1900_s047z_n65_r20_v06_90000_fof_0.002_0000,Ma_xp_A1900_s047z_n65_r20_v06_90000_fof_0.002_0000.hdf5,/rds/general/ephemeral/user/nny124/ephemeral/martian_moons_data/Ma_xp_A1900_s047z_n65_r20_v06_90000_fof_0.002_0000.hdf5,462775112,1900,,47.0,z,True,65,20,6,0,PartType0,3162280,140,140,True,kg,1.000161971255313e+19,2.323137866419392e+18,1.0,True,"-1,2147483647",20,0.0,0.0,1.0001619461991789e+19,1.0
Ma_xp_A1900_s047z_n65_r22_v00_90000_fof_0.002_0000.hdf5,Ma_xp_A1900_s047z_n65_r22_v00_90000.hdf5,A1900,n65,r22,v00,s047z,90000,0.002,2321572,1.001032178095046e+19,0.0,5.75423815037e+18,0.574830502043,0.0,0.0,0.0,2.0,1.00103215294e+19,1.0,7.349027338742925e+18,1.00103215294e+19,0.0,0.0,/rds/general/user/nny124/home/irp-nny124/martian_moon_data/Ma_xp_A1900_s047z_n65_r22_v00_90000.hdf5,particle_level_raw_snapshot_parent_normalized,All raw asteroid particles in the physical snapshot are included in the denominator; all raw bound/captured asteroid particles are included in the numerator. No FoF background or unresolved material is discarded for the particle-level metrics.,Ma_xp_A1900_s047z_n65_r22_v00_90000_fof_0.002_0000,Ma_xp_A1900_s047z_n65_r22_v00_90000_fof_0.002_0000.hdf5,/rds/general/ephemeral/user/nny124/ephemeral/martian_moons_data/Ma_xp_A1900_s047z_n65_r22_v00_90000_fof_0.002_0000.hdf5,462775112,1900,,47.0,z,True,65,22,0,0,PartType0,3162280,2,2,True,kg,1.001032178095046e+19,7.34902480388174e+18,1.0,True,"-1,2147483647",20,0.0,0.0,1.001032152915326e+19,1.0
Ma_xp_A1900_s047z_n65_r24_v00_90000_fof_0.002_0000.hdf5,Ma_xp_A1900_s047z_n65_r24_v00_90000.hdf5,A1900,n65,r24,v00,s047z,90000,0.002,3082655,1.0001705178857548e+19,0.0,5.12295997764e+18,0.51176777515,3.85363254369e+17,0.0384965910672,0.0,175.0,9.624958275031001e+18,0.9615034089328,9.758265464423983e+18,1.00103215294e+19,3.85363254369e+17,0.0384965910672,/rds/general/user/nny124/home/irp-nny124/martian_moon_data/Ma_xp_A1900_s047z_n65_r24_v00_90000.hdf5,particle_level_raw_snapshot_parent_normalized,All raw asteroid particles in the physical snapshot are included in the denominator; all raw bound/captured asteroid particles are included in the numerator. No FoF background or unresolved material is discarded for the particle-level metrics.,Ma_xp_A1900_s047z_n65_r24_v00_90000_fof_0.002_0000,Ma_xp_A1900_s047z_n65_r24_v00_90000_fof_0.002_0000.hdf5,/rds/general/ephemeral/user/nny124/ephemeral/martian_moons_data/Ma_xp_A1900_s047z_n65_r24_v00_90000_fof_0.002_0000.hdf5,462775112,1900,,47.0,z,True,65,24,0,0,PartType0,3162280,175,175,True,kg,1.0001705178857548e+19,9.75826555329218e+18,1.0,True,"-1,2147483647",20,0.0,0.0,1.00017049310674e+19,1.0
,Ma_xp_A1900_s047z_n65_r26_v00_89000.hdf5,A1900,n65,r26,v00,s047z,89000,0.002,3162280,1.0010321780937175e+19,,,,,,,,,,,,,,,,,Ma_xp_A1900_s047z_n65_r26_v00_89000_fof_0.002_0000,Ma_xp_A1900_s047z_n65_r26_v00_89000_fof_0.002_0000.hdf5,/rds/general/ephemeral/user/nny124/ephemeral/martian_moons_data/Ma_xp_A1900_s047z_n65_r26_v00_89000_fof_0.002_0000.hdf5,462775112,1900,,47.0,z,True,65,26,0,0,PartType0,3162280,1,1,True,kg,1.0010321780937175e+19,1.0010321780937175e+19,1.0,True,"-1,2147483647",20,,,,
Ma_xp_A1900_s086mz_n65_r12_v00_90000_fof_0.002_0000.hdf5,Ma_xp_A1900_s086mz_n65_r12_v00_90000.hdf5,A1900,n65,r12,v00,s086mz,90000,0.002,983549,9.99404337728031e+18,0.0,4.28682100891e+18,0.428576939971,3.16332627859e+18,0.316255027627,0.0,146.0,6.83912744471e+18,0.683744972373,3.111018850384888e+18,1.00024537233e+19,3.16332627859e+18,0.316255027627,/rds/general/user/nny124/home/irp-nny124/martian_moon_data/Ma_xp_A1900_s086mz_n65_r12_v00_90000.hdf5,particle_level_raw_snapshot_parent_normalized,All raw asteroid particles in the physical snapshot are included in the denominator; all raw bound/captured asteroid particles are included in the numerator. No FoF background or unresolved material is discarded for the particle-level metrics.,Ma_xp_A1900_s086mz_n65_r12_v00_90000_fof_0.002_0000,Ma_xp_A1900_s086mz_n65_r12_v00_90000_fof_0.002_0000.hdf5,/rds/general/ephemeral/user/nny124/ephemeral/martian_moons_data/Ma_xp_A1900_s086mz_n65_r12_v00_90000_fof_0.002_0000.hdf5,462775112,1900,,86.0,mz,True,65,12,0,0,PartType0,3162277,146,146,True,kg,9.99404337728031e+18,3.111019688903262e+18,1.0,True,"-1,2147483647",20,0.0,0.0,9.994043162004857e+18,1.0
Ma_xp_A1900_s086x_n65_r12_v00_90000_fof_0.002_0000.hdf5,Ma_xp_A1900_s086x_n65_r12_v00_90000.hdf5,A1900,n65,r12,v00,s086x,90000,0.002,280253,9.747252431087106e+18,0.0,5.21910278336e+18,0.521782247412,4.16176016974e+18,0.416073923948,0.0,750.0,5.840693553559999e+18,0.583926076052,8.864554443819674e+17,1.00024537233e+19,4.16176016974e+18,0.416073923948,/rds/general/user/nny124/home/irp-nny124/martian_moon_data/Ma_xp_A1900_s086x_n65_r12_v00_90000.hdf5,particle_level_raw_snapshot_parent_normalized,All raw asteroid particles in the physical snapshot are included in the denominator; all raw bound/captured asteroid particles are included in the numerator. No FoF background or unresolved material is discarded for the particle-level metrics.,Ma_xp_A1900_s086x_n65_r12_v00_90000_fof_0.002_0000,Ma_xp_A1900_s086x_n65_r12_v00_90000_fof_0.002_0000.hdf5,/rds/general/ephemeral/user/nny124/ephemeral/martian_moons_data/Ma_xp_A1900_s086x_n65_r12_v00_90000_fof_0.002_0000.hdf5,462775112,1900,,86.0,x,True,65,12,0,0,PartType0,3162277,750,750,True,kg,9.747252431087106e+18,8.86455381226332e+17,1.0,True,"-1,2147483647",20,0.0,0.0,9.74725217978432e+18,1.0
,Ma_xp_A1900_s086y_n65_r12_v00_89100.hdf5,A1900,n65,r12,v00,s086y,89100,0.002,282647,9.771206226534058e+18,,,,,,,,,,,,,,,,,Ma_xp_A1900_s086y_n65_r12_v00_89100_fof_0.002_0000,Ma_xp_A1900_s086y_n65_r12_v00_89100_fof_0.002_0000.hdf5,/rds/general/ephemeral/user/nny124/ephemeral/martian_moons_data/Ma_xp_A1900_s086y_n65_r12_v00_89100_fof_0.002_0000.hdf5,462775112,1900,,86.0,y,True,65,12,0,0,PartType0,3162277,707,707,True,kg,9.771206226534058e+18,8.940283838382877e+17,1.0,True,"-1,2147483647",20,,,,
Ma_xp_A1900_s086z_n65_r12_v00_90000_fof_0.002_0000.hdf5,Ma_xp_A1900_s086z_n65_r12_v00_90000.hdf5,A1900,n65,r12,v00,s086z,90000,0.002,160362,9.983605300413702e+18,21.0,5.06886403231e+18,0.506762057846,4.27430796628e+18,0.427325942667,6.5269624571028856e+16,328.0,5.72814575702e+18,0.572674057333,5.0723370658981664e+17,1.00024537233e+19,4.27430796628e+18,0.427325942667,/rds/general/user/nny124/home/irp-nny124/martian_moon_data/Ma_xp_A1900_s086z_n65_r12_v00_90000.hdf5,particle_level_raw_snapshot_parent_normalized,All raw asteroid particles in the physical snapshot are included in the denominator; all raw bound/captured asteroid particles are included in the numerator. No FoF background or unresolved material is discarded for the particle-level metrics.,Ma_xp_A1900_s086z_n65_r12_v00_90000_fof_0.002_0000,Ma_xp_A1900_s086z_n65_r12_v00_90000_fof_0.002_0000.hdf5,/rds/general/ephemeral/user/nny124/ephemeral/martian_moons_data/Ma_xp_A1900_s086z_n65_r12_v00_90000_fof_0.002_0000.hdf5,462775112,1900,,86.0,z,True,65,12,0,0,PartType0,3162277,349,349,True,kg,9.983605300413702e+18,5.072334077550853e+17,1.0,True,"-1,2147483647",20,3.239884843801418e+17,0.032452053310194,9.659616598579855e+18,0.967547946689806
Ma_xp_A1900_s086z_n65_r16_v00_90000_fof_0.002_0000.hdf5,Ma_xp_A1900_s086z_n65_r16_v00_90000.hdf5,A1900,n65,r16,v00,s086z,90000,0.002,190988,9.98749269373994e+18,0.0,4.85731896368e+18,0.485612894004,4.35778413115e+18,0.435671649154,0.0,253.0,5.644666429049999e+18,0.564328350846,6.041054062315533e+17,1.00024505602e+19,4.35778413115e+18,0.435671649154,/rds/general/user/nny124/home/irp-nny124/martian_moon_data/Ma_xp_A1900_s086z_n65_r16_v00_90000.hdf5,particle_level_raw_snapshot_parent_normalized,All raw asteroid particles in the physical snapshot are included in the denominator; all raw bound/captured asteroid particles are included in the numerator. No FoF background or unresolved material is discarded for the particle-level metrics.,Ma_xp_A1900_s086z_n65_r16_v00_90000_fof_0.002_0000,Ma_xp_A1900_s086z_n65_r16_v00_90000_fof_0.002_0000.hdf5,/rds/general/ephemeral/user/nny124/ephemeral/martian_moons_data/Ma_xp_A1900_s086z_n65_r16_v00_90000_fof_0.002_0000.hdf5,462775112,1900,,86.0,z,True,65,16,0,0,PartType0,3162276,253,253,True,kg,9.98749269373994e+18,6.04105399761006e+17,1.0,True,"-1,2147483647",20,0.0,0.0,9.987492476643766e+18,1.0
,Ma_xp_A1900_s086z_n65_r20_v00_89000.hdf5,A1900,n65,r20,v00,s086z,89000,0.002,2402965,1.0000050014970225e+19,,,,,,,,,,,,,,,,,Ma_xp_A1900_s086z_n65_r20_v00_89000_fof_0.002_0000,Ma_xp_A1900_s086z_n65_r20_v00_89000_fof_0.002_0000.hdf5,/rds/general/ephemeral/user/nny124/ephemeral/martian_moons_data/Ma_xp_A1900_s086z_n65_r20_v00_89000_fof_0.002_0000.hdf5,462775112,1900,,86.0,z,True,65,20,0,0,PartType0,3162277,32,32,True,kg,1.0000050014970225e+19,7.600709146455484e+18,1.0,True,"-1,2147483647",20,,,,
Ma_xp_A1900_s170mz_n65_r12_v00_90000_fof_0.002_0000.hdf5,Ma_xp_A1900_s170mz_n65_r12_v00_90000.hdf5,A1900,n65,r12,v00,s170mz,90000,0.002,347874,9.975176101432496e+18,0.0,5.2447821961e+18,0.525160595847,3.59699307272e+18,0.360167296696,0.0,228.0,6.39001325938e+18,0.639832703304,1.0986418814613632e+18,9.9870063321e+18,3.59699307272e+18,0.360167296696,/rds/general/user/nny124/home/irp-nny124/martian_moon_data/Ma_xp_A1900_s170mz_n65_r12_v00_90000.hdf5,particle_level_raw_snapshot_parent_normalized,All raw asteroid particles in the physical snapshot are included in the denominator; all raw bound/captured asteroid particles are included in the numerator. No FoF background or unresolved material is discarded for the particle-level metrics.,Ma_xp_A1900_s170mz_n65_r12_v00_90000_fof_0.002_0000,Ma_xp_A1900_s170mz_n65_r12_v00_90000_fof_0.002_0000.hdf5,/rds/general/ephemeral/user/nny124/ephemeral/martian_moons_data/Ma_xp_A1900_s170mz_n65_r12_v00_90000_fof_0.002_0000.hdf5,462775112,1900,,170.0,mz,True,65,12,0,0,PartType0,3162286,228,228,True,kg,9.975176101432496e+18,1.0986391241399512e+18,1.0,True,"-1,2147483647",20,0.0,0.0,9.97517586331924e+18,1.0
Ma_xp_A1900_s170x_n65_r12_v00_90000_fof_0.002_0000.hdf5,Ma_xp_A1900_s170x_n65_r12_v00_90000.hdf5,A1900,n65,r12,v00,s170x,90000,0.002,275516,9.935585356736584e+18,0.0,5.20845387733e+18,0.521523037448,4.15217871727e+18,0.415758093986,0.0,119.0,5.83482761483e+18,0.5842419060140001,8.701237132201935e+17,9.9870063321e+18,4.15217871727e+18,0.415758093986,/rds/general/user/nny124/home/irp-nny124/martian_moon_data/Ma_xp_A1900_s170x_n65_r12_v00_90000.hdf5,particle_level_raw_snapshot_parent_normalized,All raw asteroid particles in the physical snapshot are included in the denominator; all raw bound/captured asteroid particles are included in the numerator. No FoF background or unresolved material is discarded for the particle-level metrics.,Ma_xp_A1900_s170x_n65_r12_v00_90000_fof_0.002_0000,Ma_xp_A1900_s170x_n65_r12_v00_90000_fof_0.002_0000.hdf5,/rds/general/ephemeral/user/nny124/ephemeral/martian_moons_data/Ma_xp_A1900_s170x_n65_r12_v00_90000_fof_0.002_0000.hdf5,462775112,1900,,170.0,x,True,65,12,0,0,PartType0,3162286,119,119,True,kg,9.935585356736584e+18,8.70124123630085e+17,1.0,True,"-1,2147483647",20,0.0,0.0,9.935585164889352e+18,1.0
Ma_xp_A1900_s170y_n65_r12_v00_90000_fof_0.002_0000.hdf5,Ma_xp_A1900_s170y_n65_r12_v00_90000.hdf5,A1900,n65,r12,v00,s170y,90000,0.002,202829,9.90172669137269e+18,1.0,5.14043973555e+18,0.51471277424,3.9456824013e+18,0.395081596035,1.4347522572828524e+16,121.0,6.0413239308e+18,0.604918403965,6.405665102164358e+17,9.9870063321e+18,3.9456824013e+18,0.395081596035,/rds/general/user/nny124/home/irp-nny124/martian_moon_data/Ma_xp_A1900_s170y_n65_r12_v00_90000.hdf5,particle_level_raw_snapshot_parent_normalized,All raw asteroid particles in the physical snapshot are included in the denominator; all raw bound/captured asteroid particles are included in the numerator. No FoF background or unresolved material is discarded for the particle-level metrics.,Ma_xp_A1900_s170y_n65_r12_v00_90000_fof_0.002_0000,Ma_xp_A1900_s170y_n65_r12_v00_90000_fof_0.002_0000.hdf5,/rds/general/ephemeral/user/nny124/ephemeral/martian_moons_data/Ma_xp_A1900_s170y_n65_r12_v00_90000_fof_0.002_0000.hdf5,462775112,1900,,170.0,y,True,65,12,0,0,PartType0,3162286,122,122,True,kg,9.90172669137269e+18,6.4056615826202e+17,1.0,True,"-1,2147483647",20,1.4347522572828524e+16,0.0014489920048717,9.887379004964567e+18,0.9985510079951282
Ma_xp_A1900_s170z_n65_r12_v00_90000_fof_0.002_0000.hdf5,Ma_xp_A1900_s170z_n65_r12_v00_90000.hdf5,A1900,n65,r12,v00,s170z,90000,0.002,156851,9.968540828733293e+18,12.0,4.9981614526e+18,0.500466434725,4.2765976033e+18,0.428216170201,8.990019316711246e+16,292.0,5.7104087288e+18,0.571783829799,4.953606126046652e+17,9.9870063321e+18,4.2765976033e+18,0.428216170201,/rds/general/user/nny124/home/irp-nny124/martian_moon_data/Ma_xp_A1900_s170z_n65_r12_v00_90000.hdf5,particle_level_raw_snapshot_parent_normalized,All raw asteroid particles in the physical snapshot are included in the denominator; all raw bound/captured asteroid particles are included in the numerator. No FoF background or unresolved material is discarded for the particle-level metrics.,Ma_xp_A1900_s170z_n65_r12_v00_90000_fof_0.002_0000,Ma_xp_A1900_s170z_n65_r12_v00_90000_fof_0.002_0000.hdf5,/rds/general/ephemeral/user/nny124/ephemeral/martian_moons_data/Ma_xp_A1900_s170z_n65_r12_v00_90000_fof_0.002_0000.hdf5,462775112,1900,,170.0,z,True,65,12,0,0,PartType0,3162286,304,304,True,kg,9.968540828733293e+18,4.9535933688425446e+17,1.0,True,"-1,2147483647",20,2.0310760988418368e+17,0.0203748591371825,9.765432958503246e+18,0.9796251408628176
Ma_xp_A1900_s170z_n65_r16_v00_90000_fof_0.002_0000.hdf5,Ma_xp_A1900_s170z_n65_r16_v00_90000.hdf5,A1900,n65,r16,v00,s170z,90000,0.002,294286,9.977162594421602e+18,0.0,5.17905456242e+18,0.518579280938,4.0690843597e+18,0.407437847178,0.0,228.0,5.9179219724e+18,0.592562152822,9.294023834140456e+17,9.9870063321e+18,4.0690843597e+18,0.407437847178,/rds/general/user/nny124/home/irp-nny124/martian_moon_data/Ma_xp_A1900_s170z_n65_r16_v00_90000.hdf5,particle_level_raw_snapshot_parent_normalized,All raw asteroid particles in the physical snapshot are included in the denominator; all raw bound/captured asteroid particles are included in the numerator. No FoF background or unresolved material is discarded for the particle-level metrics.,Ma_xp_A1900_s170z_n65_r16_v00_90000_fof_0.002_0000,Ma_xp_A1900_s170z_n65_r16_v00_90000_fof_0.002_0000.hdf5,/rds/general/ephemeral/user/nny124/ephemeral/martian_moons_data/Ma_xp_A1900_s170z_n65_r16_v00_90000_fof_0.002_0000.hdf5,462775112,1900,,170.0,z,True,65,16,0,0,PartType0,3162286,228,228,True,kg,9.977162594421602e+18,9.294036669456076e+17,1.0,True,"-1,2147483647",20,0.0,0.0,9.97716234619345e+18,1.0
,Ma_xp_A1900_s170z_n65_r20_v00_89000.hdf5,A1900,n65,r20,v00,s170z,89000,0.002,2747288,9.948552790290246e+18,,,,,,,,,,,,,,,,,Ma_xp_A1900_s170z_n65_r20_v00_89000_fof_0.002_0000,Ma_xp_A1900_s170z_n65_r20_v00_89000_fof_0.002_0000.hdf5,/rds/general/ephemeral/user/nny124/ephemeral/martian_moons_data/Ma_xp_A1900_s170z_n65_r20_v00_89000_fof_0.002_0000.hdf5,462775112,1900,,170.0,z,True,65,20,0,0,PartType0,3162286,79,79,True,kg,9.948552790290246e+18,8.676374795799816e+18,1.0,True,"-1,2147483647",20,,,,
Ma_xp_A1950_n65_r12_v00_90000_fof_0.002_0000.hdf5,Ma_xp_A1950_n65_r12_v00_90000.hdf5,A1950,n65,r12,v00,,90000,0.002,197365,3.157704343702875e+19,38.0,1.5694969592e+19,0.496411060032,1.39302708179e+19,0.440595979668,6.76105103333497e+17,234.0,1.7686610544500003e+19,0.559404020332,1.9334850601373617e+18,3.16168813624e+19,1.39302708179e+19,0.440595979668,/rds/general/user/nny124/home/irp-nny124/martian_moon_data/Ma_xp_A1950_n65_r12_v00_90000.hdf5,particle_level_raw_snapshot_parent_normalized,All raw asteroid particles in the physical snapshot are included in the denominator; all raw bound/captured asteroid particles are included in the numerator. No FoF background or unresolved material is discarded for the particle-level metrics.,Ma_xp_A1950_n65_r12_v00_90000_fof_0.0020_0000,Ma_xp_A1950_n65_r12_v00_90000_fof_0.0020_0000.hdf5,/rds/general/ephemeral/user/nny124/ephemeral/martian_moons_data/Ma_xp_A1950_n65_r12_v00_90000_fof_0.0020_0000.hdf5,462775088,1950,,,,False,65,12,0,0,PartType0,3227694,273,273,True,kg,3.157704343702875e+19,1.933289746128242e+18,1.0,True,"-1,2147483647",20,2.8849319146545874e+18,0.091330323679456,2.8702954763376853e+19,0.9086696763205442
Ma_xp_A1950_n65_r12_v00_90000_fof_0.0027_0000.hdf5,Ma_xp_A1950_n65_r12_v00_90000.hdf5,A1950,n65,r12,v00,,90000,0.0027,197384,3.158625120317465e+19,38.0,1.5694969592e+19,0.496411060032,1.39302708179e+19,0.440595979668,6.760953078320143e+17,235.0,1.7686610544500003e+19,0.559404020332,1.9334752646358792e+18,3.16168813624e+19,1.39302708179e+19,0.440595979668,/rds/general/user/nny124/home/irp-nny124/martian_moon_data/Ma_xp_A1950_n65_r12_v00_90000.hdf5,particle_level_raw_snapshot_parent_normalized,All raw asteroid particles in the physical snapshot are included in the denominator; all raw bound/captured asteroid particles are included in the numerator. No FoF background or unresolved material is discarded for the particle-level metrics.,Ma_xp_A1950_n65_r12_v00_90000_fof_0.0027_0000,Ma_xp_A1950_n65_r12_v00_90000_fof_0.0027_0000.hdf5,/rds/general/ephemeral/user/nny124/ephemeral/martian_moons_data/Ma_xp_A1950_n65_r12_v00_90000_fof_0.0027_0000.hdf5,462775088,1950,,,,False,65,12,0,0,PartType0,3227694,273,273,True,kg,3.158625120317465e+19,1.9334758599470423e+18,1.0,True,"-1,2147483647",20,2.8847849821323484e+18,0.09133040188036,2.8701465847151497e+19,0.90866959811964
Ma_xp_A1950_n65_r12_v00_90000_fof_0.002_0000.hdf5,Ma_xp_A1950_n65_r12_v00_90000.hdf5,A1950,n65,r12,v00,,90000,0.002,197385,3.1587887052073697e+19,38.0,1.5694969592e+19,0.496411060032,1.39302708179e+19,0.440595979668,6.76105103333497e+17,234.0,1.7686610544500003e+19,0.559404020332,1.9334850601373617e+18,3.16168813624e+19,1.39302708179e+19,0.440595979668,/rds/general/user/nny124/home/irp-nny124/martian_moon_data/Ma_xp_A1950_n65_r12_v00_90000.hdf5,particle_level_raw_snapshot_parent_normalized,All raw asteroid particles in the physical snapshot are included in the denominator; all raw bound/captured asteroid particles are included in the numerator. No FoF background or unresolved material is discarded for the particle-level metrics.,Ma_xp_A1950_n65_r12_v00_90000_fof_0.002_0000,Ma_xp_A1950_n65_r12_v00_90000_fof_0.002_0000.hdf5,/rds/general/ephemeral/user/nny124/ephemeral/martian_moons_data/Ma_xp_A1950_n65_r12_v00_90000_fof_0.002_0000.hdf5,462775096,1950,,,,False,65,12,0,0,PartType0,3227694,272,272,True,kg,3.1587887052073697e+19,1.9334856553936143e+18,1.0,True,"-1,2147483647",20,2.8849319146545874e+18,0.091330323679456,2.8702954763376853e+19,0.9086696763205442
Ma_xp_A1950_n65_r12_v00_90000_fof_0.0034_0000.hdf5,Ma_xp_A1950_n65_r12_v00_90000.hdf5,A1950,n65,r12,v00,,90000,0.0034,197387,3.1589846152046223e+19,38.0,1.5694969592e+19,0.496411060032,1.39302708179e+19,0.440595979668,6.761442853394275e+17,235.0,1.7686610544500003e+19,0.559404020332,1.933504651140327e+18,3.16168813624e+19,1.39302708179e+19,0.440595979668,/rds/general/user/nny124/home/irp-nny124/martian_moon_data/Ma_xp_A1950_n65_r12_v00_90000.hdf5,particle_level_raw_snapshot_parent_normalized,All raw asteroid particles in the physical snapshot are included in the denominator; all raw bound/captured asteroid particles are included in the numerator. No FoF background or unresolved material is discarded for the particle-level metrics.,Ma_xp_A1950_n65_r12_v00_90000_fof_0.0034_0000,Ma_xp_A1950_n65_r12_v00_90000_fof_0.0034_0000.hdf5,/rds/general/ephemeral/user/nny124/ephemeral/martian_moons_data/Ma_xp_A1950_n65_r12_v00_90000_fof_0.0034_0000.hdf5,462775088,1950,,,,False,65,12,0,0,PartType0,3227694,273,273,True,kg,3.1589846152046223e+19,1.9335052464914555e+18,1.0,True,"-1,2147483647",20,2.8850396651708964e+18,0.0913280705900173,2.8704806113157067e+19,0.9086719294099828
Ma_xp_A1950_n65_r12_v00_90000_fof_0.003_0000.hdf5,Ma_xp_A1950_n65_r12_v00_90000.hdf5,A1950,n65,r12,v00,,90000,0.003,197385,3.1587887052073697e+19,38.0,1.5694969592e+19,0.496411060032,1.39302708179e+19,0.440595979668,6.76105103333497e+17,234.0,1.7686610544500003e+19,0.559404020332,1.9334850601373617e+18,3.16168813624e+19,1.39302708179e+19,0.440595979668,/rds/general/user/nny124/home/irp-nny124/martian_moon_data/Ma_xp_A1950_n65_r12_v00_90000.hdf5,particle_level_raw_snapshot_parent_normalized,All raw asteroid particles in the physical snapshot are included in the denominator; all raw bound/captured asteroid particles are included in the numerator. No FoF background or unresolved material is discarded for the particle-level metrics.,Ma_xp_A1950_n65_r12_v00_90000_fof_0.003_0000,Ma_xp_A1950_n65_r12_v00_90000_fof_0.003_0000.hdf5,/rds/general/ephemeral/user/nny124/ephemeral/martian_moons_data/Ma_xp_A1950_n65_r12_v00_90000_fof_0.003_0000.hdf5,462775096,1950,,,,False,65,12,0,0,PartType0,3227694,272,272,True,kg,3.1587887052073697e+19,1.9334856553936143e+18,1.0,True,"-1,2147483647",20,2.8849319146545874e+18,0.091330323679456,2.8702954763376853e+19,0.9086696763205442
Ma_xp_A1950_n65_r16_v00_90000_fof_0.002_0000.hdf5,Ma_xp_A1950_n65_r16_v00_90000.hdf5,A1950,n65,r16,v00,,90000,0.002,775432,3.157659283844036e+19,2.0,1.34922257871e+19,0.426741196656,1.22616855044e+19,0.387820840513,3506789530776349.5,198.0,1.9355195858000003e+19,0.6121791594870001,7.595745305745701e+18,3.16168813624e+19,1.22616855044e+19,0.387820840513,/rds/general/user/nny124/home/irp-nny124/martian_moon_data/Ma_xp_A1950_n65_r16_v00_90000.hdf5,particle_level_raw_snapshot_parent_normalized,All raw asteroid particles in the physical snapshot are included in the denominator; all raw bound/captured asteroid particles are included in the numerator. No FoF background or unresolved material is discarded for the particle-level metrics.,Ma_xp_A1950_n65_r16_v00_90000_fof_0.0020_0000,Ma_xp_A1950_n65_r16_v00_90000_fof_0.0020_0000.hdf5,/rds/general/ephemeral/user/nny124/ephemeral/martian_moons_data/Ma_xp_A1950_n65_r16_v00_90000_fof_0.0020_0000.hdf5,462775088,1950,,,,False,65,16,0,0,PartType0,3227694,200,200,True,kg,3.157659283844036e+19,7.595743705076336e+18,1.0,True,"-1,2147483647",20,6445439975561000.0,0.000204120820913,3.157014702486305e+19,0.999795879179087
Ma_xp_A1950_n65_r16_v00_90000_fof_0.0027_0000.hdf5,Ma_xp_A1950_n65_r16_v00_90000.hdf5,A1950,n65,r16,v00,,90000,0.0027,775624,3.1587289527365603e+19,2.0,1.34922257871e+19,0.426741196656,1.22616855044e+19,0.387820840513,3506789530776349.5,202.0,1.9355195858000003e+19,0.6121791594870001,7.597626042030438e+18,3.16168813624e+19,1.22616855044e+19,0.387820840513,/rds/general/user/nny124/home/irp-nny124/martian_moon_data/Ma_xp_A1950_n65_r16_v00_90000.hdf5,particle_level_raw_snapshot_parent_normalized,All raw asteroid particles in the physical snapshot are included in the denominator; all raw bound/captured asteroid particles are included in the numerator. No FoF background or unresolved material is discarded for the particle-level metrics.,Ma_xp_A1950_n65_r16_v00_90000_fof_0.0027_0000,Ma_xp_A1950_n65_r16_v00_90000_fof_0.0027_0000.hdf5,/rds/general/ephemeral/user/nny124/ephemeral/martian_moons_data/Ma_xp_A1950_n65_r16_v00_90000_fof_0.0027_0000.hdf5,462775088,1950,,,,False,65,16,0,0,PartType0,3227694,204,204,True,kg,3.1587289527365603e+19,7.597624441732158e+18,1.0,True,"-1,2147483647",20,6445439975561000.0,0.0002040516976449,3.1580843712482128e+19,0.999795948302355
Ma_xp_A1950_n65_r16_v00_90000_fof_0.002_0000.hdf5,Ma_xp_A1950_n65_r16_v00_90000.hdf5,A1950,n65,r16,v00,,90000,0.002,775432,3.157659283844036e+19,2.0,1.34922257871e+19,0.426741196656,1.22616855044e+19,0.387820840513,3506789530776349.5,198.0,1.9355195858000003e+19,0.6121791594870001,7.595745305745701e+18,3.16168813624e+19,1.22616855044e+19,0.387820840513,/rds/general/user/nny124/home/irp-nny124/martian_moon_data/Ma_xp_A1950_n65_r16_v00_90000.hdf5,particle_level_raw_snapshot_parent_normalized,All raw asteroid particles in the physical snapshot are included in the denominator; all raw bound/captured asteroid particles are included in the numerator. No FoF background or unresolved material is discarded for the particle-level metrics.,Ma_xp_A1950_n65_r16_v00_90000_fof_0.002_0000,Ma_xp_A1950_n65_r16_v00_90000_fof_0.002_0000.hdf5,/rds/general/ephemeral/user/nny124/ephemeral/martian_moons_data/Ma_xp_A1950_n65_r16_v00_90000_fof_0.002_0000.hdf5,462775096,1950,,,,False,65,16,0,0,PartType0,3227694,200,200,True,kg,3.157659283844036e+19,7.595743705076336e+18,1.0,True,"-1,2147483647",20,6445439975561000.0,0.000204120820913,3.157014702486305e+19,0.999795879179087
Ma_xp_A1950_n65_r16_v00_90000_fof_0.0034_0000.hdf5,Ma_xp_A1950_n65_r16_v00_90000.hdf5,A1950,n65,r16,v00,,90000,0.0034,775700,3.159162893604521e+19,2.0,1.34922257871e+19,0.426741196656,1.22616855044e+19,0.387820840513,3506789530776349.5,202.0,1.9355195858000003e+19,0.6121791594870001,7.598370500143147e+18,3.16168813624e+19,1.22616855044e+19,0.387820840513,/rds/general/user/nny124/home/irp-nny124/martian_moon_data/Ma_xp_A1950_n65_r16_v00_90000.hdf5,particle_level_raw_snapshot_parent_normalized,All raw asteroid particles in the physical snapshot are included in the denominator; all raw bound/captured asteroid particles are included in the numerator. No FoF background or unresolved material is discarded for the particle-level metrics.,Ma_xp_A1950_n65_r16_v00_90000_fof_0.0034_0000,Ma_xp_A1950_n65_r16_v00_90000_fof_0.0034_0000.hdf5,/rds/general/ephemeral/user/nny124/ephemeral/martian_moons_data/Ma_xp_A1950_n65_r16_v00_90000_fof_0.0034_0000.hdf5,462775088,1950,,,,False,65,16,0,0,PartType0,3227694,204,204,True,kg,3.159162893604521e+19,7.598368900128128e+18,1.0,True,"-1,2147483647",20,6445439975561000.0,0.0002040236692261,3.1585183119638946e+19,0.9997959763307738
Ma_xp_A1950_n65_r16_v00_90000_fof_0.003_0000.hdf5,Ma_xp_A1950_n65_r16_v00_90000.hdf5,A1950,n65,r16,v00,,90000,0.003,775661,3.158995390290871e+19,2.0,1.34922257871e+19,0.426741196656,1.22616855044e+19,0.387820840513,3506789530776349.5,203.0,1.9355195858000003e+19,0.6121791594870001,7.59798847558531e+18,3.16168813624e+19,1.22616855044e+19,0.387820840513,/rds/general/user/nny124/home/irp-nny124/martian_moon_data/Ma_xp_A1950_n65_r16_v00_90000.hdf5,particle_level_raw_snapshot_parent_normalized,All raw asteroid particles in the physical snapshot are included in the denominator; all raw bound/captured asteroid particles are included in the numerator. No FoF background or unresolved material is discarded for the particle-level metrics.,Ma_xp_A1950_n65_r16_v00_90000_fof_0.003_0000,Ma_xp_A1950_n65_r16_v00_90000_fof_0.003_0000.hdf5,/rds/general/ephemeral/user/nny124/ephemeral/martian_moons_data/Ma_xp_A1950_n65_r16_v00_90000_fof_0.003_0000.hdf5,462775096,1950,,,,False,65,16,0,0,PartType0,3227694,205,205,True,kg,3.158995390290871e+19,7.597986875395968e+18,1.0,True,"-1,2147483647",20,6445439975561000.0,0.0002040344874098,3.1583508088885404e+19,0.99979596551259
Ma_xp_A2000_n50_r12_v00_90000_fof_0.0126_0000.hdf5,Ma_xp_A2000_n50_r12_v00_90000.hdf5,A2000,n50,r12,v00,,90000,0.0126,10630,9.979560109912547e+19,19.0,5.14518276006e+19,0.514746098246,4.64119340699e+19,0.464324846922,3.832380690629288e+18,38.0,5.354380678160001e+19,0.535675153078,9.78343101378231e+18,9.99557408515e+19,4.64119340699e+19,0.464324846922,/rds/general/user/nny124/home/irp-nny124/martian_moon_data/Ma_xp_A2000_n50_r12_v00_90000.hdf5,particle_level_raw_snapshot_parent_normalized,All raw asteroid particles in the physical snapshot are included in the denominator; all raw bound/captured asteroid particles are included in the numerator. No FoF background or unresolved material is discarded for the particle-level metrics.,Ma_xp_A2000_n50_r12_v00_90000_fof_0.0126_0000,Ma_xp_A2000_n50_r12_v00_90000_fof_0.0126_0000.hdf5,/rds/general/ephemeral/user/nny124/ephemeral/martian_moons_data/Ma_xp_A2000_n50_r12_v00_90000_fof_0.0126_0000.hdf5,50119221,2000,,,,False,50,12,0,0,PartType0,108605,57,57,True,kg,9.979560109912547e+19,9.78341116364349e+18,1.0,True,"-1,2147483647",20,2.240433312968013e+19,0.2245022180003861,7.739126501288074e+19,0.7754977819996137
Ma_xp_A2000_n50_r14_v00_90000_fof_0.0126_0000.hdf5,Ma_xp_A2000_n50_r14_v00_90000.hdf5,A2000,n50,r14,v00,,90000,0.0126,15068,9.967779240293754e+19,20.0,4.86226397421e+19,0.486441692371,4.31575397082e+19,0.431766493255,5.963935368702657e+18,32.0,5.6798201143300006e+19,0.568233506745,1.386799045302653e+19,9.99557408515e+19,4.31575397082e+19,0.431766493255,/rds/general/user/nny124/home/irp-nny124/martian_moon_data/Ma_xp_A2000_n50_r14_v00_90000.hdf5,particle_level_raw_snapshot_parent_normalized,All raw asteroid particles in the physical snapshot are included in the denominator; all raw bound/captured asteroid particles are included in the numerator. No FoF background or unresolved material is discarded for the particle-level metrics.,Ma_xp_A2000_n50_r14_v00_90000_fof_0.0126_0000,Ma_xp_A2000_n50_r14_v00_90000_fof_0.0126_0000.hdf5,/rds/general/ephemeral/user/nny124/ephemeral/martian_moons_data/Ma_xp_A2000_n50_r14_v00_90000_fof_0.0126_0000.hdf5,50119221,2000,,,,False,50,14,0,0,PartType0,108605,52,52,True,kg,9.967779240293754e+19,1.3867951877076711e+19,1.0,True,"-1,2147483647",20,1.7557715282212858e+19,0.1761447051328205,8.212007672960837e+19,0.8238552948671798
Ma_xp_A2000_n50_r16_v00_90000_fof_0.0126_0000.hdf5,Ma_xp_A2000_n50_r16_v00_90000.hdf5,A2000,n50,r16,v00,,90000,0.0126,36883,9.982689149756734e+19,6.0,4.25896773436e+19,0.426085355186,3.97853392158e+19,0.39802955665,6.450806018400762e+18,23.0,6.017040163570001e+19,0.6019704433499999,3.3945652500561355e+19,9.99557408515e+19,3.97853392158e+19,0.39802955665,/rds/general/user/nny124/home/irp-nny124/martian_moon_data/Ma_xp_A2000_n50_r16_v00_90000.hdf5,particle_level_raw_snapshot_parent_normalized,All raw asteroid particles in the physical snapshot are included in the denominator; all raw bound/captured asteroid particles are included in the numerator. No FoF background or unresolved material is discarded for the particle-level metrics.,Ma_xp_A2000_n50_r16_v00_90000_fof_0.0126_0000,Ma_xp_A2000_n50_r16_v00_90000_fof_0.0126_0000.hdf5,/rds/general/ephemeral/user/nny124/ephemeral/martian_moons_data/Ma_xp_A2000_n50_r16_v00_90000_fof_0.0126_0000.hdf5,50119221,2000,,,,False,50,16,0,0,PartType0,108605,29,29,True,kg,9.982689149756734e+19,3.3945617354481226e+19,1.0,True,"-1,2147483647",20,1.5954447471675963e+19,0.1598211404601111,8.387244292432862e+19,0.8401788595398888
Ma_xp_A2000_n55_r12_v00_90000_fof_0.0086_0000.hdf5,Ma_xp_A2000_n55_r12_v00_90000.hdf5,A2000,n55,r12,v00,,90000,0.0086,29668,9.97750804770106e+19,26.0,5.1167164447e+19,0.511877737735,4.64880901183e+19,0.465068147874,3.721663735309995e+18,63.0,5.34716476766e+19,0.534931852126,9.285536935430296e+18,9.99597377949e+19,4.64880901183e+19,0.465068147874,/rds/general/user/nny124/home/irp-nny124/martian_moon_data/Ma_xp_A2000_n55_r12_v00_90000.hdf5,particle_level_raw_snapshot_parent_normalized,All raw asteroid particles in the physical snapshot are included in the denominator; all raw bound/captured asteroid particles are included in the numerator. No FoF background or unresolved material is discarded for the particle-level metrics.,Ma_xp_A2000_n55_r12_v00_90000_fof_0.0086_0000,Ma_xp_A2000_n55_r12_v00_90000_fof_0.0086_0000.hdf5,/rds/general/ephemeral/user/nny124/ephemeral/martian_moons_data/Ma_xp_A2000_n55_r12_v00_90000_fof_0.0086_0000.hdf5,71407395,2000,,,,False,55,12,0,0,PartType0,319379,89,89,True,kg,9.97750804770106e+19,9.285570449297046e+18,1.0,True,"-1,2147483647",20,2.1121247625399984e+19,0.2116886090799508,7.865383104887525e+19,0.7883113909200493
Ma_xp_A2000_n55_r14_v00_90000_fof_0.0086_0000.hdf5,Ma_xp_A2000_n55_r14_v00_90000.hdf5,A2000,n55,r14,v00,,90000,0.0086,40033,9.980168387741091e+19,24.0,4.93481156177e+19,0.493683014118,4.70195328079e+19,0.470387660977,4.024629885825642e+18,49.0,5.293957902390001e+19,0.529612339023,1.252959080948443e+19,9.99591118318e+19,4.70195328079e+19,0.470387660977,/rds/general/user/nny124/home/irp-nny124/martian_moon_data/Ma_xp_A2000_n55_r14_v00_90000.hdf5,particle_level_raw_snapshot_parent_normalized,All raw asteroid particles in the physical snapshot are included in the denominator; all raw bound/captured asteroid particles are included in the numerator. No FoF background or unresolved material is discarded for the particle-level metrics.,Ma_xp_A2000_n55_r14_v00_90000_fof_0.0086_0000,Ma_xp_A2000_n55_r14_v00_90000_fof_0.0086_0000.hdf5,/rds/general/ephemeral/user/nny124/ephemeral/martian_moons_data/Ma_xp_A2000_n55_r14_v00_90000_fof_0.0086_0000.hdf5,71407193,2000,,,,False,55,14,0,0,PartType0,319377,73,73,True,kg,9.980168387741091e+19,1.252955378489149e+19,1.0,True,"-1,2147483647",20,1.9531614279874535e+19,0.1957042593626107,8.027006782703033e+19,0.8042957406373893
Ma_xp_A2000_n55_r16_v00_90000_fof_0.0086_0000.hdf5,Ma_xp_A2000_n55_r16_v00_90000.hdf5,A2000,n55,r16,v00,,90000,0.0086,103736,9.987836438506722e+19,11.0,4.15282713299e+19,0.415449982623,3.92954608776e+19,0.393112884692,4.381115883178246e+18,49.0,6.06642769173e+19,0.606887115308,3.246745515486035e+19,9.99597377949e+19,3.92954608776e+19,0.393112884692,/rds/general/user/nny124/home/irp-nny124/martian_moon_data/Ma_xp_A2000_n55_r16_v00_90000.hdf5,particle_level_raw_snapshot_parent_normalized,All raw asteroid particles in the physical snapshot are included in the denominator; all raw bound/captured asteroid particles are included in the numerator. No FoF background or unresolved material is discarded for the particle-level metrics.,Ma_xp_A2000_n55_r16_v00_90000_fof_0.0086_0000,Ma_xp_A2000_n55_r16_v00_90000_fof_0.0086_0000.hdf5,/rds/general/ephemeral/user/nny124/ephemeral/martian_moons_data/Ma_xp_A2000_n55_r16_v00_90000_fof_0.0086_0000.hdf5,71407395,2000,,,,False,55,16,0,0,PartType0,319379,60,60,True,kg,9.987836438506722e+19,3.246734465802478e+19,1.0,True,"-1,2147483647",20,1.411046067132353e+19,0.1412764517311525,8.576790191790378e+19,0.8587235482688473
Ma_xp_A2000_n60_r12_v00_90000_fof_0.0059_0000.hdf5,Ma_xp_A2000_n60_r12_v00_90000.hdf5,A2000,n60,r12,v00,,90000,0.0059,79310,9.98655628768565e+19,57.0,5.01112568615e+19,0.501305808479,4.7109304272e+19,0.471274706405,3.0861819007456276e+18,96.0,5.285214842590001e+19,0.528725293595,7.905593700068805e+18,9.99614526979e+19,4.7109304272e+19,0.471274706405,/rds/general/user/nny124/home/irp-nny124/martian_moon_data/Ma_xp_A2000_n60_r12_v00_90000.hdf5,particle_level_raw_snapshot_parent_normalized,All raw asteroid particles in the physical snapshot are included in the denominator; all raw bound/captured asteroid particles are included in the numerator. No FoF background or unresolved material is discarded for the particle-level metrics.,Ma_xp_A2000_n60_r12_v00_90000_fof_0.0059_0000,Ma_xp_A2000_n60_r12_v00_90000_fof_0.0059_0000.hdf5,/rds/general/ephemeral/user/nny124/ephemeral/martian_moons_data/Ma_xp_A2000_n60_r12_v00_90000_fof_0.0059_0000.hdf5,140435643,2000,,,,False,60,12,0,0,PartType0,1002827,153,153,True,kg,9.98655628768565e+19,7.905593972047944e+18,1.0,True,"-1,2147483647",20,2.056321575047569e+19,0.2059089797528049,7.930234511608758e+19,0.7940910202471949
Ma_xp_A2000_n60_r14_v00_90000_fof_0.0059_0000.hdf5,Ma_xp_A2000_n60_r14_v00_90000.hdf5,A2000,n60,r14,v00,,90000,0.0059,105973,9.98635693783184e+19,47.0,4.90031181001e+19,0.490222103003,4.47623467172e+19,0.447797866623,2.5799089162196116e+18,84.0,5.5198707262e+19,0.552202133377,1.0563352429414703e+19,9.99610539792e+19,4.47623467172e+19,0.447797866623,/rds/general/user/nny124/home/irp-nny124/martian_moon_data/Ma_xp_A2000_n60_r14_v00_90000.hdf5,particle_level_raw_snapshot_parent_normalized,All raw asteroid particles in the physical snapshot are included in the denominator; all raw bound/captured asteroid particles are included in the numerator. No FoF background or unresolved material is discarded for the particle-level metrics.,Ma_xp_A2000_n60_r14_v00_90000_fof_0.0059_0000,Ma_xp_A2000_n60_r14_v00_90000_fof_0.0059_0000.hdf5,/rds/general/ephemeral/user/nny124/ephemeral/martian_moons_data/Ma_xp_A2000_n60_r14_v00_90000_fof_0.0059_0000.hdf5,140435239,2000,,,,False,60,14,0,0,PartType0,1002823,131,131,True,kg,9.98635693783184e+19,1.0563338874948663e+19,1.0,True,"-1,2147483647",20,1.778843310226949e+19,0.1781273550300144,8.207513417111278e+19,0.8218726449699857
Ma_xp_A2000_n60_r16_v00_90000_fof_0.0059_0000.hdf5,Ma_xp_A2000_n60_r16_v00_90000.hdf5,A2000,n60,r16,v00,,90000,0.0059,276815,9.988838946853433e+19,24.0,4.61741097178e+19,0.46191915455,3.82829695682e+19,0.382977323108,4.137004858586395e+18,63.0,6.167848312970001e+19,0.617022676892,2.7592824613299204e+19,9.99614526979e+19,3.82829695682e+19,0.382977323108,/rds/general/user/nny124/home/irp-nny124/martian_moon_data/Ma_xp_A2000_n60_r16_v00_90000.hdf5,particle_level_raw_snapshot_parent_normalized,All raw asteroid particles in the physical snapshot are included in the denominator; all raw bound/captured asteroid particles are included in the numerator. No FoF background or unresolved material is discarded for the particle-level metrics.,Ma_xp_A2000_n60_r16_v00_90000_fof_0.0059_0000,Ma_xp_A2000_n60_r16_v00_90000_fof_0.0059_0000.hdf5,/rds/general/ephemeral/user/nny124/ephemeral/martian_moons_data/Ma_xp_A2000_n60_r16_v00_90000_fof_0.0059_0000.hdf5,140435643,2000,,,,False,60,16,0,0,PartType0,1002827,87,87,True,kg,9.988838946853433e+19,2.7592805693981123e+19,1.0,True,"-1,2147483647",20,1.4231464175359402e+19,0.1424736601557934,8.56569233328821e+19,0.8575263398442065
Ma_xp_A2000_n65_r11_v00_90000_fof_0.0010_0000.hdf5,Ma_xp_A2000_n65_r11_v00_90000.hdf5,A2000,n65,r11,v00,,90000,0.001,0,0.0,0.0,5.25722061248e+19,0.525918031289,4.78650586048e+19,0.478829009556,0.0,0.0,5.2097678926799995e+19,0.5211709904440001,0.0,9.99627375316e+19,4.78650586048e+19,0.478829009556,/rds/general/user/nny124/home/irp-nny124/martian_moon_data/Ma_xp_A2000_n65_r11_v00_90000.hdf5,particle_level_raw_snapshot_parent_normalized,All raw asteroid particles in the physical snapshot are included in the denominator; all raw bound/captured asteroid particles are included in the numerator. No FoF background or unresolved material is discarded for the particle-level metrics.,Ma_xp_A2000_n65_r11_v00_90000_fof_0.0010_0000,Ma_xp_A2000_n65_r11_v00_90000_fof_0.0010_0000.hdf5,/rds/general/ephemeral/user/nny124/ephemeral/martian_moons_data/Ma_xp_A2000_n65_r11_v00_90000_fof_0.0010_0000.hdf5,462775088,2000,,,,False,65,11,0,0,PartType0,3227695,0,0,True,kg,0.0,0.0,,True,"-1,2147483647",20,0.0,0.0,0.0,0.0
Ma_xp_A2000_n65_r11_v00_90000_fof_0.0020_0000.hdf5,Ma_xp_A2000_n65_r11_v00_90000.hdf5,A2000,n65,r11,v00,,90000,0.002,12989,1.307276005384558e+19,1650.0,5.25722061248e+19,0.525918031289,4.78650586048e+19,0.478829009556,5.2463717104166344e+16,4791.0,5.2097678926799995e+19,0.5211709904440001,4.022734483269132e+17,9.99627375316e+19,4.78650586048e+19,0.478829009556,/rds/general/user/nny124/home/irp-nny124/martian_moon_data/Ma_xp_A2000_n65_r11_v00_90000.hdf5,particle_level_raw_snapshot_parent_normalized,All raw asteroid particles in the physical snapshot are included in the denominator; all raw bound/captured asteroid particles are included in the numerator. No FoF background or unresolved material is discarded for the particle-level metrics.,Ma_xp_A2000_n65_r11_v00_90000_fof_0.0020_0000,Ma_xp_A2000_n65_r11_v00_90000_fof_0.0020_0000.hdf5,/rds/general/ephemeral/user/nny124/ephemeral/martian_moons_data/Ma_xp_A2000_n65_r11_v00_90000_fof_0.0020_0000.hdf5,462775088,2000,,,,False,65,11,0,0,PartType0,3227695,6441,6441,True,kg,1.307276005384558e+19,4.02273544912429e+17,1.0,True,"-1,2147483647",20,3.1050530183864156e+18,0.2375209070707416,9.967703635669422e+18,0.7624790929292584
Ma_xp_A2000_n65_r11_v00_90000_fof_0.0030_0000.hdf5,Ma_xp_A2000_n65_r11_v00_90000.hdf5,A2000,n65,r11,v00,,90000,0.003,155562,9.984898347405731e+19,106.0,5.25722061248e+19,0.525918031289,4.78650586048e+19,0.478829009556,1.886804626408266e+18,253.0,5.2097678926799995e+19,0.5211709904440001,4.817804462904375e+18,9.99627375316e+19,4.78650586048e+19,0.478829009556,/rds/general/user/nny124/home/irp-nny124/martian_moon_data/Ma_xp_A2000_n65_r11_v00_90000.hdf5,particle_level_raw_snapshot_parent_normalized,All raw asteroid particles in the physical snapshot are included in the denominator; all raw bound/captured asteroid particles are included in the numerator. No FoF background or unresolved material is discarded for the particle-level metrics.,Ma_xp_A2000_n65_r11_v00_90000_fof_0.0030_0000,Ma_xp_A2000_n65_r11_v00_90000_fof_0.0030_0000.hdf5,/rds/general/ephemeral/user/nny124/ephemeral/martian_moons_data/Ma_xp_A2000_n65_r11_v00_90000_fof_0.0030_0000.hdf5,462775088,2000,,,,False,65,11,0,0,PartType0,3227695,359,359,True,kg,9.984898347405731e+19,4.817804299342573e+18,1.0,True,"-1,2147483647",20,1.9920324726922043e+19,0.1995045319169662,7.992865883006743e+19,0.8004954680830338
Ma_xp_A2000_n65_r11_v00_90000_fof_0.0035_0000.hdf5,Ma_xp_A2000_n65_r11_v00_90000.hdf5,A2000,n65,r11,v00,,90000,0.0035,155577,9.986713207180349e+19,106.0,5.25722061248e+19,0.525918031289,4.78650586048e+19,0.478829009556,1.8868665670423913e+18,254.0,5.2097678926799995e+19,0.5211709904440001,4.818269017660323e+18,9.99627375316e+19,4.78650586048e+19,0.478829009556,/rds/general/user/nny124/home/irp-nny124/martian_moon_data/Ma_xp_A2000_n65_r11_v00_90000.hdf5,particle_level_raw_snapshot_parent_normalized,All raw asteroid particles in the physical snapshot are included in the denominator; all raw bound/captured asteroid particles are included in the numerator. No FoF background or unresolved material is discarded for the particle-level metrics.,Ma_xp_A2000_n65_r11_v00_90000_fof_0.0035_0000,Ma_xp_A2000_n65_r11_v00_90000_fof_0.0035_0000.hdf5,/rds/general/ephemeral/user/nny124/ephemeral/martian_moons_data/Ma_xp_A2000_n65_r11_v00_90000_fof_0.0035_0000.hdf5,462775088,2000,,,,False,65,11,0,0,PartType0,3227695,360,360,True,kg,9.986713207180349e+19,4.818268855673477e+18,1.0,True,"-1,2147483647",20,1.992456766035963e+19,0.1995107622383871,7.99425645024286e+19,0.8004892377616128
Ma_xp_A2000_n65_r11_v00_90000_fof_0.0040_0000.hdf5,Ma_xp_A2000_n65_r11_v00_90000.hdf5,A2000,n65,r11,v00,,90000,0.004,155578,9.987694967164074e+19,106.0,5.25722061248e+19,0.525918031289,4.78650586048e+19,0.478829009556,1.8868665670423913e+18,255.0,5.2097678926799995e+19,0.5211709904440001,4.818299987977386e+18,9.99627375316e+19,4.78650586048e+19,0.478829009556,/rds/general/user/nny124/home/irp-nny124/martian_moon_data/Ma_xp_A2000_n65_r11_v00_90000.hdf5,particle_level_raw_snapshot_parent_normalized,All raw asteroid particles in the physical snapshot are included in the denominator; all raw bound/captured asteroid particles are included in the numerator. No FoF background or unresolved material is discarded for the particle-level metrics.,Ma_xp_A2000_n65_r11_v00_90000_fof_0.0040_0000,Ma_xp_A2000_n65_r11_v00_90000_fof_0.0040_0000.hdf5,/rds/general/ephemeral/user/nny124/ephemeral/martian_moons_data/Ma_xp_A2000_n65_r11_v00_90000_fof_0.0040_0000.hdf5,462775104,2000,,,,False,65,11,0,0,PartType0,3227695,361,361,True,kg,9.987694967164074e+19,4.818299825514753e+18,1.0,True,"-1,2147483647",20,1.992676655287108e+19,0.1995131669728757,7.9950183200426e+19,0.8004868330271242
Ma_xp_A2000_n65_r11_v00_90000_fof_0.0045_0000.hdf5,Ma_xp_A2000_n65_r11_v00_90000.hdf5,A2000,n65,r11,v00,,90000,0.0045,155580,9.988202880561526e+19,106.0,5.25722061248e+19,0.525918031289,4.78650586048e+19,0.478829009556,1.8868665670423913e+18,255.0,5.2097678926799995e+19,0.5211709904440001,4.818361928611512e+18,9.99627375316e+19,4.78650586048e+19,0.478829009556,/rds/general/user/nny124/home/irp-nny124/martian_moon_data/Ma_xp_A2000_n65_r11_v00_90000.hdf5,particle_level_raw_snapshot_parent_normalized,All raw asteroid particles in the physical snapshot are included in the denominator; all raw bound/captured asteroid particles are included in the numerator. No FoF background or unresolved material is discarded for the particle-level metrics.,Ma_xp_A2000_n65_r11_v00_90000_fof_0.0045_0000,Ma_xp_A2000_n65_r11_v00_90000_fof_0.0045_0000.hdf5,/rds/general/ephemeral/user/nny124/ephemeral/martian_moons_data/Ma_xp_A2000_n65_r11_v00_90000_fof_0.0045_0000.hdf5,462775088,2000,,,,False,65,11,0,0,PartType0,3227695,361,361,True,kg,9.988202880561526e+19,4.818361766432426e+18,1.0,True,"-1,2147483647",20,1.9928005365553582e+19,0.1995154242255023,7.99540235197418e+19,0.8004845757744978
Ma_xp_A2000_n65_r11_v00_90000_fof_0.0050_0000.hdf5,Ma_xp_A2000_n65_r11_v00_90000.hdf5,A2000,n65,r11,v00,,90000,0.005,155581,9.988633368343406e+19,107.0,5.25722061248e+19,0.525918031289,4.78650586048e+19,0.478829009556,1.8868665670423913e+18,255.0,5.2097678926799995e+19,0.5211709904440001,4.818392898928575e+18,9.99627375316e+19,4.78650586048e+19,0.478829009556,/rds/general/user/nny124/home/irp-nny124/martian_moon_data/Ma_xp_A2000_n65_r11_v00_90000.hdf5,particle_level_raw_snapshot_parent_normalized,All raw asteroid particles in the physical snapshot are included in the denominator; all raw bound/captured asteroid particles are included in the numerator. No FoF background or unresolved material is discarded for the particle-level metrics.,Ma_xp_A2000_n65_r11_v00_90000_fof_0.0050_0000,Ma_xp_A2000_n65_r11_v00_90000_fof_0.0050_0000.hdf5,/rds/general/ephemeral/user/nny124/ephemeral/martian_moons_data/Ma_xp_A2000_n65_r11_v00_90000_fof_0.0050_0000.hdf5,462775088,2000,,,,False,65,11,0,0,PartType0,3227695,362,362,True,kg,9.988633368343406e+19,4.818392736894732e+18,1.0,True,"-1,2147483647",20,1.992955388140672e+19,0.199522328343919,7.995677987796037e+19,0.8004776716560811
Ma_xp_A2000_n65_r11_v00_90000_fof_0.0060_0000.hdf5,Ma_xp_A2000_n65_r11_v00_90000.hdf5,A2000,n65,r11,v00,,90000,0.006,155581,9.98919702836831e+19,106.0,5.25722061248e+19,0.525918031289,4.78650586048e+19,0.478829009556,1.8868665670423913e+18,255.0,5.2097678926799995e+19,0.5211709904440001,4.818392898928575e+18,9.99627375316e+19,4.78650586048e+19,0.478829009556,/rds/general/user/nny124/home/irp-nny124/martian_moon_data/Ma_xp_A2000_n65_r11_v00_90000.hdf5,particle_level_raw_snapshot_parent_normalized,All raw asteroid particles in the physical snapshot are included in the denominator; all raw bound/captured asteroid particles are included in the numerator. No FoF background or unresolved material is discarded for the particle-level metrics.,Ma_xp_A2000_n65_r11_v00_90000_fof_0.0060_0000,Ma_xp_A2000_n65_r11_v00_90000_fof_0.0060_0000.hdf5,/rds/general/ephemeral/user/nny124/ephemeral/martian_moons_data/Ma_xp_A2000_n65_r11_v00_90000_fof_0.0060_0000.hdf5,462775088,2000,,,,False,65,11,0,0,PartType0,3227695,361,361,True,kg,9.98919702836831e+19,4.818392736894732e+18,1.0,True,"-1,2147483647",20,1.9930544931552723e+19,0.1995209911298102,7.996142542551974e+19,0.8004790088701897
Ma_xp_A2000_n65_r11_v00_90000_fof_0.0080_0000.hdf5,Ma_xp_A2000_n65_r11_v00_90000.hdf5,A2000,n65,r11,v00,,90000,0.008,155581,9.9899403173799e+19,105.0,5.25722061248e+19,0.525918031289,4.78650586048e+19,0.478829009556,1.8868665670423913e+18,256.0,5.2097678926799995e+19,0.5211709904440001,4.818392898928575e+18,9.99627375316e+19,4.78650586048e+19,0.478829009556,/rds/general/user/nny124/home/irp-nny124/martian_moon_data/Ma_xp_A2000_n65_r11_v00_90000.hdf5,particle_level_raw_snapshot_parent_normalized,All raw asteroid particles in the physical snapshot are included in the denominator; all raw bound/captured asteroid particles are included in the numerator. No FoF background or unresolved material is discarded for the particle-level metrics.,Ma_xp_A2000_n65_r11_v00_90000_fof_0.0080_0000,Ma_xp_A2000_n65_r11_v00_90000_fof_0.0080_0000.hdf5,/rds/general/ephemeral/user/nny124/ephemeral/martian_moons_data/Ma_xp_A2000_n65_r11_v00_90000_fof_0.0080_0000.hdf5,462775088,2000,,,,False,65,11,0,0,PartType0,3227695,361,361,True,kg,9.9899403173799e+19,4.818392736894732e+18,1.0,True,"-1,2147483647",20,1.993178374423522e+19,0.1995185466495128,7.996761948893227e+19,0.800481453350487
,Ma_xp_A2000_n65_r12_v00_102000.hdf5,A2000,n65,r12,v00,,102000,0.004,214838,9.991219393594637e+19,,,,,,,,,,,,,,,,,Ma_xp_A2000_n65_r12_v00_102000_fof_0.0040_0000,Ma_xp_A2000_n65_r12_v00_102000_fof_0.0040_0000.hdf5,/rds/general/ephemeral/user/nny124/ephemeral/martian_moons_data/Ma_xp_A2000_n65_r12_v00_102000_fof_0.0040_0000.hdf5,462775096,2000,,,,False,65,12,0,0,PartType0,3227695,239,239,True,kg,9.991219393594637e+19,6.653602026855102e+18,1.0,True,"-1,2147483647",20,,,,
,Ma_xp_A2000_n65_r12_v00_108000.hdf5,A2000,n65,r12,v00,,108000,0.004,214605,9.991439282707156e+19,,,,,,,,,,,,,,,,,Ma_xp_A2000_n65_r12_v00_108000_fof_0.0040_0000,Ma_xp_A2000_n65_r12_v00_108000_fof_0.0040_0000.hdf5,/rds/general/ephemeral/user/nny124/ephemeral/martian_moons_data/Ma_xp_A2000_n65_r12_v00_108000_fof_0.0040_0000.hdf5,462775096,2000,,,,False,65,12,0,0,PartType0,3227695,220,220,True,kg,9.991439282707156e+19,6.646385943048327e+18,1.0,True,"-1,2147483647",20,,,,
,Ma_xp_A2000_n65_r12_v00_66000.hdf5,A2000,n65,r12,v00,,66000,0.004,989636,9.991405218454933e+19,,,,,,,,,,,,,,,,,Ma_xp_A2000_n65_r12_v00_66000_fof_0.0040_0000,Ma_xp_A2000_n65_r12_v00_66000_fof_0.0040_0000.hdf5,/rds/general/ephemeral/user/nny124/ephemeral/martian_moons_data/Ma_xp_A2000_n65_r12_v00_66000_fof_0.0040_0000.hdf5,462775088,2000,,,,False,65,12,0,0,PartType0,3227695,168,168,True,kg,9.991405218454933e+19,3.064934465061656e+19,1.0,True,"-1,2147483647",20,,,,
,Ma_xp_A2000_n65_r12_v00_72000.hdf5,A2000,n65,r12,v00,,72000,0.004,278224,9.983898000396996e+19,,,,,,,,,,,,,,,,,Ma_xp_A2000_n65_r12_v00_72000_fof_0.0040_0000,Ma_xp_A2000_n65_r12_v00_72000_fof_0.0040_0000.hdf5,/rds/general/ephemeral/user/nny124/ephemeral/martian_moons_data/Ma_xp_A2000_n65_r12_v00_72000_fof_0.0040_0000.hdf5,462775088,2000,,,,False,65,12,0,0,PartType0,3227695,377,377,True,kg,9.983898000396996e+19,8.616685322347806e+18,1.0,True,"-1,2147483647",20,,,,
,Ma_xp_A2000_n65_r12_v00_78000.hdf5,A2000,n65,r12,v00,,78000,0.004,175060,9.978004348122684e+19,,,,,,,,,,,,,,,,,Ma_xp_A2000_n65_r12_v00_78000_fof_0.0040_0000,Ma_xp_A2000_n65_r12_v00_78000_fof_0.0040_0000.hdf5,/rds/general/ephemeral/user/nny124/ephemeral/martian_moons_data/Ma_xp_A2000_n65_r12_v00_78000_fof_0.0040_0000.hdf5,462775088,2000,,,,False,65,12,0,0,PartType0,3227695,505,505,True,kg,9.978004348122684e+19,5.421658088072429e+18,1.0,True,"-1,2147483647",20,,,,
,Ma_xp_A2000_n65_r12_v00_84000.hdf5,A2000,n65,r12,v00,,84000,0.004,209096,9.983120657007416e+19,,,,,,,,,,,,,,,,,Ma_xp_A2000_n65_r12_v00_84000_fof_0.0040_0000,Ma_xp_A2000_n65_r12_v00_84000_fof_0.0040_0000.hdf5,/rds/general/ephemeral/user/nny124/ephemeral/martian_moons_data/Ma_xp_A2000_n65_r12_v00_84000_fof_0.0040_0000.hdf5,462775088,2000,,,,False,65,12,0,0,PartType0,3227695,427,427,True,kg,9.983120657007416e+19,6.475770464900222e+18,1.0,True,"-1,2147483647",20,,,,
Ma_xp_A2000_n65_r12_v00_90000_fof_0.0010_0000.hdf5,Ma_xp_A2000_n65_r12_v00_90000.hdf5,A2000,n65,r12,v00,,90000,0.001,0,0.0,0.0,5.15469647488e+19,0.515661795802,4.43721643058e+19,0.443887046329,0.0,0.0,5.559057322579999e+19,0.556112953671,0.0,9.99627375316e+19,4.43721643058e+19,0.443887046329,/rds/general/user/nny124/home/irp-nny124/martian_moon_data/Ma_xp_A2000_n65_r12_v00_90000.hdf5,particle_level_raw_snapshot_parent_normalized,All raw asteroid particles in the physical snapshot are included in the denominator; all raw bound/captured asteroid particles are included in the numerator. No FoF background or unresolved material is discarded for the particle-level metrics.,Ma_xp_A2000_n65_r12_v00_90000_fof_0.0010_0000,Ma_xp_A2000_n65_r12_v00_90000_fof_0.0010_0000.hdf5,/rds/general/ephemeral/user/nny124/ephemeral/martian_moons_data/Ma_xp_A2000_n65_r12_v00_90000_fof_0.0010_0000.hdf5,462775088,2000,,,,False,65,12,0,0,PartType0,3227695,0,0,True,kg,0.0,0.0,,True,"-1,2147483647",20,0.0,0.0,0.0,0.0
Ma_xp_A2000_n65_r12_v00_90000_fof_0.0020_0000.hdf5,Ma_xp_A2000_n65_r12_v00_90000.hdf5,A2000,n65,r12,v00,,90000,0.002,7126,1.273177560494676e+19,1632.0,5.15469647488e+19,0.515661795802,4.43721643058e+19,0.443887046329,7.439070158453811e+16,4504.0,5.559057322579999e+19,0.556112953671,2.206944793885611e+17,9.99627375316e+19,4.43721643058e+19,0.443887046329,/rds/general/user/nny124/home/irp-nny124/martian_moon_data/Ma_xp_A2000_n65_r12_v00_90000.hdf5,particle_level_raw_snapshot_parent_normalized,All raw asteroid particles in the physical snapshot are included in the denominator; all raw bound/captured asteroid particles are included in the numerator. No FoF background or unresolved material is discarded for the particle-level metrics.,Ma_xp_A2000_n65_r12_v00_90000_fof_0.0020_0000,Ma_xp_A2000_n65_r12_v00_90000_fof_0.0020_0000.hdf5,/rds/general/ephemeral/user/nny124/ephemeral/martian_moons_data/Ma_xp_A2000_n65_r12_v00_90000_fof_0.0020_0000.hdf5,462775088,2000,,,,False,65,12,0,0,PartType0,3227695,6136,6136,True,kg,1.273177560494676e+19,2.2069455869049853e+17,1.0,True,"-1,2147483647",20,2.998484157373762e+18,0.2355118998968633,9.733289305822255e+18,0.7644881001031367
Ma_xp_A2000_n65_r12_v00_90000_fof_0.0030_0000.hdf5,Ma_xp_A2000_n65_r12_v00_90000.hdf5,A2000,n65,r12,v00,,90000,0.003,211464,9.984117902602548e+19,107.0,5.15469647488e+19,0.515661795802,4.43721643058e+19,0.443887046329,2.4343598320760243e+18,223.0,5.559057322579999e+19,0.556112953671,6.549107127369593e+18,9.99627375316e+19,4.43721643058e+19,0.443887046329,/rds/general/user/nny124/home/irp-nny124/martian_moon_data/Ma_xp_A2000_n65_r12_v00_90000.hdf5,particle_level_raw_snapshot_parent_normalized,All raw asteroid particles in the physical snapshot are included in the denominator; all raw bound/captured asteroid particles are included in the numerator. No FoF background or unresolved material is discarded for the particle-level metrics.,Ma_xp_A2000_n65_r12_v00_90000_fof_0.0030_0000,Ma_xp_A2000_n65_r12_v00_90000_fof_0.0030_0000.hdf5,/rds/general/ephemeral/user/nny124/ephemeral/martian_moons_data/Ma_xp_A2000_n65_r12_v00_90000_fof_0.0030_0000.hdf5,462775088,2000,,,,False,65,12,0,0,PartType0,3227695,330,330,True,kg,9.984117902602548e+19,6.549108175575374e+18,1.0,True,"-1,2147483647",20,1.8754509081732338e+19,0.1878434255544685,8.108666995540212e+19,0.8121565744455314
Ma_xp_A2000_n65_r12_v00_90000_fof_0.0035_0000.hdf5,Ma_xp_A2000_n65_r12_v00_90000.hdf5,A2000,n65,r12,v00,,90000,0.0035,211504,9.98618981753696e+19,106.0,5.15469647488e+19,0.515661795802,4.43721643058e+19,0.443887046329,2.4344527430272123e+18,226.0,5.559057322579999e+19,0.556112953671,6.55034594005212e+18,9.99627375316e+19,4.43721643058e+19,0.443887046329,/rds/general/user/nny124/home/irp-nny124/martian_moon_data/Ma_xp_A2000_n65_r12_v00_90000.hdf5,particle_level_raw_snapshot_parent_normalized,All raw asteroid particles in the physical snapshot are included in the denominator; all raw bound/captured asteroid particles are included in the numerator. No FoF background or unresolved material is discarded for the particle-level metrics.,Ma_xp_A2000_n65_r12_v00_90000_fof_0.0035_0000,Ma_xp_A2000_n65_r12_v00_90000_fof_0.0035_0000.hdf5,/rds/general/ephemeral/user/nny124/ephemeral/martian_moons_data/Ma_xp_A2000_n65_r12_v00_90000_fof_0.0035_0000.hdf5,462775088,2000,,,,False,65,12,0,0,PartType0,3227695,332,332,True,kg,9.98618981753696e+19,6.550346989130583e+18,1.0,True,"-1,2147483647",20,1.8759309480877048e+19,0.1878525225627555,8.110258869837236e+19,0.8121474774372442
Ma_xp_A2000_n65_r12_v00_90000_fof_0.0040_0000.hdf5,Ma_xp_A2000_n65_r12_v00_90000.hdf5,A2000,n65,r12,v00,,90000,0.004,211522,9.98719015935398e+19,108.0,5.15469647488e+19,0.515661795802,4.43721643058e+19,0.443887046329,2.434483713344275e+18,226.0,5.559057322579999e+19,0.556112953671,6.550903405759257e+18,9.99627375316e+19,4.43721643058e+19,0.443887046329,/rds/general/user/nny124/home/irp-nny124/martian_moon_data/Ma_xp_A2000_n65_r12_v00_90000.hdf5,particle_level_raw_snapshot_parent_normalized,All raw asteroid particles in the physical snapshot are included in the denominator; all raw bound/captured asteroid particles are included in the numerator. No FoF background or unresolved material is discarded for the particle-level metrics.,Ma_xp_A2000_n65_r12_v00_90000_fof_0.0040_0000,Ma_xp_A2000_n65_r12_v00_90000_fof_0.0040_0000.hdf5,/rds/general/ephemeral/user/nny124/ephemeral/martian_moons_data/Ma_xp_A2000_n65_r12_v00_90000_fof_0.0040_0000.hdf5,462775088,2000,,,,False,65,12,0,0,PartType0,3227695,334,334,True,kg,9.98719015935398e+19,6.550904455221235e+18,1.0,True,"-1,2147483647",20,1.876253039385157e+19,0.187865957239551,8.11093711978091e+19,0.8121340427604491
Ma_xp_A2000_n65_r12_v00_90000_fof_0.0045_0000.hdf5,Ma_xp_A2000_n65_r12_v00_90000.hdf5,A2000,n65,r12,v00,,90000,0.0045,211535,9.987821953467187e+19,110.0,5.15469647488e+19,0.515661795802,4.43721643058e+19,0.443887046329,2.4345146836613376e+18,226.0,5.559057322579999e+19,0.556112953671,6.551306019881078e+18,9.99627375316e+19,4.43721643058e+19,0.443887046329,/rds/general/user/nny124/home/irp-nny124/martian_moon_data/Ma_xp_A2000_n65_r12_v00_90000.hdf5,particle_level_raw_snapshot_parent_normalized,All raw asteroid particles in the physical snapshot are included in the denominator; all raw bound/captured asteroid particles are included in the numerator. No FoF background or unresolved material is discarded for the particle-level metrics.,Ma_xp_A2000_n65_r12_v00_90000_fof_0.0045_0000,Ma_xp_A2000_n65_r12_v00_90000_fof_0.0045_0000.hdf5,/rds/general/ephemeral/user/nny124/ephemeral/martian_moons_data/Ma_xp_A2000_n65_r12_v00_90000_fof_0.0045_0000.hdf5,462775088,2000,,,,False,65,12,0,0,PartType0,3227695,336,336,True,kg,9.987821953467187e+19,6.551307069558938e+18,1.0,True,"-1,2147483647",20,1.876525578175309e+19,0.1878813606096092,8.111296375458839e+19,0.812118639390391
Ma_xp_A2000_n65_r12_v00_90000_fof_0.0050_0000.hdf5,Ma_xp_A2000_n65_r12_v00_90000.hdf5,A2000,n65,r12,v00,,90000,0.005,211538,9.988196694829431e+19,110.0,5.15469647488e+19,0.515661795802,4.43721643058e+19,0.443887046329,2.4345146836613376e+18,225.0,5.559057322579999e+19,0.556112953671,6.551398930832267e+18,9.99627375316e+19,4.43721643058e+19,0.443887046329,/rds/general/user/nny124/home/irp-nny124/martian_moon_data/Ma_xp_A2000_n65_r12_v00_90000.hdf5,particle_level_raw_snapshot_parent_normalized,All raw asteroid particles in the physical snapshot are included in the denominator; all raw bound/captured asteroid particles are included in the numerator. No FoF background or unresolved material is discarded for the particle-level metrics.,Ma_xp_A2000_n65_r12_v00_90000_fof_0.0050_0000,Ma_xp_A2000_n65_r12_v00_90000_fof_0.0050_0000.hdf5,/rds/general/ephemeral/user/nny124/ephemeral/martian_moons_data/Ma_xp_A2000_n65_r12_v00_90000_fof_0.0050_0000.hdf5,462775088,2000,,,,False,65,12,0,0,PartType0,3227695,335,335,True,kg,9.988196694829431e+19,6.551399980477479e+18,1.0,True,"-1,2147483647",20,1.876671138665503e+19,0.1878888848579058,8.1115255558051e+19,0.8121111151420941
Ma_xp_A2000_n65_r12_v00_90000_fof_0.0060_0000.hdf5,Ma_xp_A2000_n65_r12_v00_90000.hdf5,A2000,n65,r12,v00,,90000,0.006,211547,9.9888873331187e+19,110.0,5.15469647488e+19,0.515661795802,4.43721643058e+19,0.443887046329,2.4345456539784003e+18,225.0,5.559057322579999e+19,0.556112953671,6.551677663685836e+18,9.99627375316e+19,4.43721643058e+19,0.443887046329,/rds/general/user/nny124/home/irp-nny124/martian_moon_data/Ma_xp_A2000_n65_r12_v00_90000.hdf5,particle_level_raw_snapshot_parent_normalized,All raw asteroid particles in the physical snapshot are included in the denominator; all raw bound/captured asteroid particles are included in the numerator. No FoF background or unresolved material is discarded for the particle-level metrics.,Ma_xp_A2000_n65_r12_v00_90000_fof_0.0060_0000,Ma_xp_A2000_n65_r12_v00_90000_fof_0.0060_0000.hdf5,/rds/general/ephemeral/user/nny124/ephemeral/martian_moons_data/Ma_xp_A2000_n65_r12_v00_90000_fof_0.0060_0000.hdf5,462775088,2000,,,,False,65,12,0,0,PartType0,3227695,335,335,True,kg,9.9888873331187e+19,6.55167871338229e+18,1.0,True,"-1,2147483647",20,1.876829087282523e+19,0.1878917065335515,8.112058245258579e+19,0.8121082934664484
Ma_xp_A2000_n65_r12_v00_90000_fof_0.0080_0000.hdf5,Ma_xp_A2000_n65_r12_v00_90000.hdf5,A2000,n65,r12,v00,,90000,0.008,211562,9.98963371801703e+19,110.0,5.15469647488e+19,0.515661795802,4.43721643058e+19,0.443887046329,2.4345456539784003e+18,225.0,5.559057322579999e+19,0.556112953671,6.552142218441783e+18,9.99627375316e+19,4.43721643058e+19,0.443887046329,/rds/general/user/nny124/home/irp-nny124/martian_moon_data/Ma_xp_A2000_n65_r12_v00_90000.hdf5,particle_level_raw_snapshot_parent_normalized,All raw asteroid particles in the physical snapshot are included in the denominator; all raw bound/captured asteroid particles are included in the numerator. No FoF background or unresolved material is discarded for the particle-level metrics.,Ma_xp_A2000_n65_r12_v00_90000_fof_0.0080_0000,Ma_xp_A2000_n65_r12_v00_90000_fof_0.0080_0000.hdf5,/rds/general/ephemeral/user/nny124/ephemeral/martian_moons_data/Ma_xp_A2000_n65_r12_v00_90000_fof_0.0080_0000.hdf5,462775088,2000,,,,False,65,12,0,0,PartType0,3227695,335,335,True,kg,9.98963371801703e+19,6.552143268491952e+18,1.0,True,"-1,2147483647",20,1.876990132931249e+19,0.1878937893090914,8.112643584251064e+19,0.8121062106909087
,Ma_xp_A2000_n65_r12_v00_96000.hdf5,A2000,n65,r12,v00,,96000,0.004,214481,9.98963061883749e+19,,,,,,,,,,,,,,,,,Ma_xp_A2000_n65_r12_v00_96000_fof_0.0040_0000,Ma_xp_A2000_n65_r12_v00_96000_fof_0.0040_0000.hdf5,/rds/general/ephemeral/user/nny124/ephemeral/martian_moons_data/Ma_xp_A2000_n65_r12_v00_96000_fof_0.0040_0000.hdf5,462775088,2000,,,,False,65,12,0,0,PartType0,3227695,270,270,True,kg,9.98963061883749e+19,6.64254562525931e+18,1.0,True,"-1,2147483647",20,,,,
Ma_xp_A2000_n65_r12_v02_90000_fof_0.0040_0000.hdf5,Ma_xp_A2000_n65_r12_v02_90000.hdf5,A2000,n65,r12,v02,,90000,0.004,177400,9.98618672464754e+19,99.0,4.69682821039e+19,0.469858629546,4.42110876868e+19,0.442276364831,2.3802546881675643e+18,257.0,5.5751494993200005e+19,0.557723635169,5.494134246929838e+18,9.996258268e+19,4.42110876868e+19,0.442276364831,/rds/general/user/nny124/home/irp-nny124/martian_moon_data/Ma_xp_A2000_n65_r12_v02_90000.hdf5,particle_level_raw_snapshot_parent_normalized,All raw asteroid particles in the physical snapshot are included in the denominator; all raw bound/captured asteroid particles are included in the numerator. No FoF background or unresolved material is discarded for the particle-level metrics.,Ma_xp_A2000_n65_r12_v02_90000_fof_0.0040_0000,Ma_xp_A2000_n65_r12_v02_90000_fof_0.0040_0000.hdf5,/rds/general/ephemeral/user/nny124/ephemeral/martian_moons_data/Ma_xp_A2000_n65_r12_v02_90000_fof_0.0040_0000.hdf5,462775088,2000,,,,False,65,12,2,0,PartType0,3227690,356,356,True,kg,9.98618672464754e+19,5.494132571900171e+18,1.0,True,"-1,2147483647",20,1.7347155933770906e+19,0.1737115118975218,8.251471127514828e+19,0.8262884881024782
Ma_xp_A2000_n65_r12_v04_90000_fof_0.0040_0000.hdf5,Ma_xp_A2000_n65_r12_v04_90000.hdf5,A2000,n65,r12,v04,,90000,0.004,255232,9.987567990885124e+19,70.0,4.16246326276e+19,0.416401487749,3.64614471888e+19,0.364750386886,2.1626882108024056e+18,258.0,6.35012903428e+19,0.635249613114,7.90461596459033e+18,9.99627375316e+19,3.64614471888e+19,0.364750386886,/rds/general/user/nny124/home/irp-nny124/martian_moon_data/Ma_xp_A2000_n65_r12_v04_90000.hdf5,particle_level_raw_snapshot_parent_normalized,All raw asteroid particles in the physical snapshot are included in the denominator; all raw bound/captured asteroid particles are included in the numerator. No FoF background or unresolved material is discarded for the particle-level metrics.,Ma_xp_A2000_n65_r12_v04_90000_fof_0.0040_0000,Ma_xp_A2000_n65_r12_v04_90000_fof_0.0040_0000.hdf5,/rds/general/ephemeral/user/nny124/ephemeral/martian_moons_data/Ma_xp_A2000_n65_r12_v04_90000_fof_0.0040_0000.hdf5,462775088,2000,,,,False,65,12,4,0,PartType0,3227695,328,328,True,kg,9.987567990885124e+19,7.904615945134766e+18,1.0,True,"-1,2147483647",20,1.4377505141583843e+19,0.1439540150900351,8.54981748287978e+19,0.8560459849099649
Ma_xp_A2000_n65_r12_v06_90000_fof_0.0040_0000.hdf5,Ma_xp_A2000_n65_r12_v06_90000.hdf5,A2000,n65,r12,v06,,90000,0.004,267899,9.98761445257758e+19,43.0,3.20222858223e+19,0.320342225644,2.49438959764e+19,0.249531941525,1.8590552223201265e+18,251.0,7.50188415552e+19,0.750468058475,8.296916970829479e+18,9.99627375316e+19,2.49438959764e+19,0.249531941525,/rds/general/user/nny124/home/irp-nny124/martian_moon_data/Ma_xp_A2000_n65_r12_v06_90000.hdf5,particle_level_raw_snapshot_parent_normalized,All raw asteroid particles in the physical snapshot are included in the denominator; all raw bound/captured asteroid particles are included in the numerator. No FoF background or unresolved material is discarded for the particle-level metrics.,Ma_xp_A2000_n65_r12_v06_90000_fof_0.0040_0000,Ma_xp_A2000_n65_r12_v06_90000_fof_0.0040_0000.hdf5,/rds/general/ephemeral/user/nny124/ephemeral/martian_moons_data/Ma_xp_A2000_n65_r12_v06_90000_fof_0.0040_0000.hdf5,462775088,2000,,,,False,65,12,6,0,PartType0,3227695,294,294,True,kg,9.98761445257758e+19,8.296921574038078e+18,1.0,True,"-1,2147483647",20,7.387442639907464e+18,0.0739660373858582,9.248870188530791e+19,0.9260339626141416
Ma_xp_A2000_n65_r12_v08_90000_fof_0.0040_0000.hdf5,Ma_xp_A2000_n65_r12_v08_90000.hdf5,A2000,n65,r12,v08,,90000,0.004,278860,9.987933448593991e+19,4.0,1.68980243957e+19,0.169043233639,1.38952663346e+19,0.139004459839,8.008304586062333e+17,310.0,8.606747119699999e+19,0.860995540161,8.636382616158863e+18,9.99627375316e+19,1.38952663346e+19,0.139004459839,/rds/general/user/nny124/home/irp-nny124/martian_moon_data/Ma_xp_A2000_n65_r12_v08_90000.hdf5,particle_level_raw_snapshot_parent_normalized,All raw asteroid particles in the physical snapshot are included in the denominator; all raw bound/captured asteroid particles are included in the numerator. No FoF background or unresolved material is discarded for the particle-level metrics.,Ma_xp_A2000_n65_r12_v08_90000_fof_0.0040_0000,Ma_xp_A2000_n65_r12_v08_90000_fof_0.0040_0000.hdf5,/rds/general/ephemeral/user/nny124/ephemeral/martian_moons_data/Ma_xp_A2000_n65_r12_v08_90000_fof_0.0040_0000.hdf5,462775088,2000,,,,False,65,12,8,0,PartType0,3227695,314,314,True,kg,9.987933448593991e+19,8.636386691481433e+18,1.0,True,"-1,2147483647",20,8.907682593562328e+17,0.0089184440815645,9.898856620858678e+19,0.9910815559184356
Ma_xp_A2000_n65_r12_v10_90000_fof_0.0040_0000.hdf5,Ma_xp_A2000_n65_r12_v10_90000.hdf5,A2000,n65,r12,v10,,90000,0.004,345039,9.98925897797582e+19,0.0,4.06634068969e+18,0.0406785647343,2.62182316126e+18,0.0262280048146,0.0,274.0,9.734091437034e+19,0.9737719951854,1.06859672290339e+19,9.99627375316e+19,2.62182316126e+18,0.0262280048146,/rds/general/user/nny124/home/irp-nny124/martian_moon_data/Ma_xp_A2000_n65_r12_v10_90000.hdf5,particle_level_raw_snapshot_parent_normalized,All raw asteroid particles in the physical snapshot are included in the denominator; all raw bound/captured asteroid particles are included in the numerator. No FoF background or unresolved material is discarded for the particle-level metrics.,Ma_xp_A2000_n65_r12_v10_90000_fof_0.0040_0000,Ma_xp_A2000_n65_r12_v10_90000_fof_0.0040_0000.hdf5,/rds/general/ephemeral/user/nny124/ephemeral/martian_moons_data/Ma_xp_A2000_n65_r12_v10_90000_fof_0.0040_0000.hdf5,462775088,2000,,,,False,65,12,10,0,PartType0,3227695,274,274,True,kg,9.98925897797582e+19,1.0685968635855426e+19,1.0,True,"-1,2147483647",20,0.0,0.0,9.989258976366952e+19,1.0
Ma_xp_A2000_n65_r12_v12_90000_fof_0.0040_0000.hdf5,Ma_xp_A2000_n65_r12_v12_90000.hdf5,A2000,n65,r12,v12,,90000,0.004,353250,9.989934130625048e+19,0.0,0.0,0.0,0.0,0.0,0.0,225.0,9.99627375316e+19,1.0,1.0940264502431164e+19,9.99627375316e+19,0.0,0.0,/rds/general/user/nny124/home/irp-nny124/martian_moon_data/Ma_xp_A2000_n65_r12_v12_90000.hdf5,particle_level_raw_snapshot_parent_normalized,All raw asteroid particles in the physical snapshot are included in the denominator; all raw bound/captured asteroid particles are included in the numerator. No FoF background or unresolved material is discarded for the particle-level metrics.,Ma_xp_A2000_n65_r12_v12_90000_fof_0.0040_0000,Ma_xp_A2000_n65_r12_v12_90000_fof_0.0040_0000.hdf5,/rds/general/ephemeral/user/nny124/ephemeral/martian_moons_data/Ma_xp_A2000_n65_r12_v12_90000_fof_0.0040_0000.hdf5,462775088,2000,,,,False,65,12,12,0,PartType0,3227695,225,225,True,kg,9.989934130625048e+19,1.094026451426651e+19,1.0,True,"-1,2147483647",20,0.0,0.0,9.989934129274384e+19,1.0
Ma_xp_A2000_n65_r12_v14_90000_fof_0.0040_0000.hdf5,Ma_xp_A2000_n65_r12_v14_90000.hdf5,A2000,n65,r12,v14,,90000,0.004,756809,9.988695315662442e+19,0.0,0.0,0.0,0.0,0.0,0.0,211.0,9.99627375316e+19,1.0,2.3438614685712937e+19,9.99627375316e+19,0.0,0.0,/rds/general/user/nny124/home/irp-nny124/martian_moon_data/Ma_xp_A2000_n65_r12_v14_90000.hdf5,particle_level_raw_snapshot_parent_normalized,All raw asteroid particles in the physical snapshot are included in the denominator; all raw bound/captured asteroid particles are included in the numerator. No FoF background or unresolved material is discarded for the particle-level metrics.,Ma_xp_A2000_n65_r12_v14_90000_fof_0.0040_0000,Ma_xp_A2000_n65_r12_v14_90000_fof_0.0040_0000.hdf5,/rds/general/ephemeral/user/nny124/ephemeral/martian_moons_data/Ma_xp_A2000_n65_r12_v14_90000_fof_0.0040_0000.hdf5,462775088,2000,,,,False,65,12,14,0,PartType0,3227695,211,211,True,kg,9.988695315662442e+19,2.3438611930754585e+19,1.0,True,"-1,2147483647",20,0.0,0.0,9.98869531656673e+19,1.0
Ma_xp_A2000_n65_r12_v16_90000_fof_0.0040_0000.hdf5,Ma_xp_A2000_n65_r12_v16_90000.hdf5,A2000,n65,r12,v16,,90000,0.004,701086,9.990875624897448e+19,0.0,0.0,0.0,0.0,0.0,0.0,165.0,9.99627375316e+19,1.0,2.1712855708059087e+19,9.99627375316e+19,0.0,0.0,/rds/general/user/nny124/home/irp-nny124/martian_moon_data/Ma_xp_A2000_n65_r12_v16_90000.hdf5,particle_level_raw_snapshot_parent_normalized,All raw asteroid particles in the physical snapshot are included in the denominator; all raw bound/captured asteroid particles are included in the numerator. No FoF background or unresolved material is discarded for the particle-level metrics.,Ma_xp_A2000_n65_r12_v16_90000_fof_0.0040_0000,Ma_xp_A2000_n65_r12_v16_90000_fof_0.0040_0000.hdf5,/rds/general/ephemeral/user/nny124/ephemeral/martian_moons_data/Ma_xp_A2000_n65_r12_v16_90000_fof_0.0040_0000.hdf5,462775088,2000,,,,False,65,12,16,0,PartType0,3227695,165,165,True,kg,9.990875624897448e+19,2.1712852542099677e+19,1.0,True,"-1,2147483647",20,0.0,0.0,9.990875626883205e+19,1.0
Ma_xp_A2000_n65_r13_v00_90000_fof_0.0010_0000.hdf5,Ma_xp_A2000_n65_r13_v00_90000.hdf5,A2000,n65,r13,v00,,90000,0.001,0,0.0,0.0,5.15456949658e+19,0.515649093238,4.23849539115e+19,0.424007534789,0.0,0.0,5.75777836201e+19,0.575992465211,0.0,9.99627375316e+19,4.23849539115e+19,0.424007534789,/rds/general/user/nny124/home/irp-nny124/martian_moon_data/Ma_xp_A2000_n65_r13_v00_90000.hdf5,particle_level_raw_snapshot_parent_normalized,All raw asteroid particles in the physical snapshot are included in the denominator; all raw bound/captured asteroid particles are included in the numerator. No FoF background or unresolved material is discarded for the particle-level metrics.,Ma_xp_A2000_n65_r13_v00_90000_fof_0.0010_0000,Ma_xp_A2000_n65_r13_v00_90000_fof_0.0010_0000.hdf5,/rds/general/ephemeral/user/nny124/ephemeral/martian_moons_data/Ma_xp_A2000_n65_r13_v00_90000_fof_0.0010_0000.hdf5,462775088,2000,,,,False,65,13,0,0,PartType0,3227695,0,0,True,kg,0.0,0.0,,True,"-1,2147483647",20,0.0,0.0,0.0,0.0
Ma_xp_A2000_n65_r13_v00_90000_fof_0.0020_0000.hdf5,Ma_xp_A2000_n65_r13_v00_90000.hdf5,A2000,n65,r13,v00,,90000,0.002,11571,1.2359512248986218e+19,1496.0,5.15456949658e+19,0.515649093238,4.23849539115e+19,0.424007534789,1.517855239241515e+17,4682.0,5.75777836201e+19,0.575992465211,3.58357538732067e+17,9.99627375316e+19,4.23849539115e+19,0.424007534789,/rds/general/user/nny124/home/irp-nny124/martian_moon_data/Ma_xp_A2000_n65_r13_v00_90000.hdf5,particle_level_raw_snapshot_parent_normalized,All raw asteroid particles in the physical snapshot are included in the denominator; all raw bound/captured asteroid particles are included in the numerator. No FoF background or unresolved material is discarded for the particle-level metrics.,Ma_xp_A2000_n65_r13_v00_90000_fof_0.0020_0000,Ma_xp_A2000_n65_r13_v00_90000_fof_0.0020_0000.hdf5,/rds/general/ephemeral/user/nny124/ephemeral/martian_moons_data/Ma_xp_A2000_n65_r13_v00_90000_fof_0.0020_0000.hdf5,462775088,2000,,,,False,65,13,0,0,PartType0,3227695,6178,6178,True,kg,1.2359512248986218e+19,3.58357566568995e+17,1.0,True,"-1,2147483647",20,2.8933709012630467e+18,0.2341007727851379,9.46613935083952e+18,0.7658992272148619
Ma_xp_A2000_n65_r13_v00_90000_fof_0.0030_0000.hdf5,Ma_xp_A2000_n65_r13_v00_90000.hdf5,A2000,n65,r13,v00,,90000,0.003,215030,9.984195341448384e+19,110.0,5.15456949658e+19,0.515649093238,4.23849539115e+19,0.424007534789,3.4376432533207654e+18,244.0,5.75777836201e+19,0.575992465211,6.65954727801685e+18,9.99627375316e+19,4.23849539115e+19,0.424007534789,/rds/general/user/nny124/home/irp-nny124/martian_moon_data/Ma_xp_A2000_n65_r13_v00_90000.hdf5,particle_level_raw_snapshot_parent_normalized,All raw asteroid particles in the physical snapshot are included in the denominator; all raw bound/captured asteroid particles are included in the numerator. No FoF background or unresolved material is discarded for the particle-level metrics.,Ma_xp_A2000_n65_r13_v00_90000_fof_0.0030_0000,Ma_xp_A2000_n65_r13_v00_90000_fof_0.0030_0000.hdf5,/rds/general/ephemeral/user/nny124/ephemeral/martian_moons_data/Ma_xp_A2000_n65_r13_v00_90000_fof_0.0030_0000.hdf5,462775088,2000,,,,False,65,13,0,0,PartType0,3227695,354,354,True,kg,9.984195341448384e+19,6.659547017224107e+18,1.0,True,"-1,2147483647",20,2.027196170685139e+19,0.2030405159136117,7.9569991588207e+19,0.7969594840863881
Ma_xp_A2000_n65_r13_v00_90000_fof_0.0035_0000.hdf5,Ma_xp_A2000_n65_r13_v00_90000.hdf5,A2000,n65,r13,v00,,90000,0.0035,215033,9.985901804298232e+19,109.0,5.15456949658e+19,0.515649093238,4.23849539115e+19,0.424007534789,3.4376432533207654e+18,241.0,5.75777836201e+19,0.575992465211,6.659640188968039e+18,9.99627375316e+19,4.23849539115e+19,0.424007534789,/rds/general/user/nny124/home/irp-nny124/martian_moon_data/Ma_xp_A2000_n65_r13_v00_90000.hdf5,particle_level_raw_snapshot_parent_normalized,All raw asteroid particles in the physical snapshot are included in the denominator; all raw bound/captured asteroid particles are included in the numerator. No FoF background or unresolved material is discarded for the particle-level metrics.,Ma_xp_A2000_n65_r13_v00_90000_fof_0.0035_0000,Ma_xp_A2000_n65_r13_v00_90000_fof_0.0035_0000.hdf5,/rds/general/ephemeral/user/nny124/ephemeral/martian_moons_data/Ma_xp_A2000_n65_r13_v00_90000_fof_0.0035_0000.hdf5,462775088,2000,,,,False,65,13,0,0,PartType0,3227695,350,350,True,kg,9.985901804298232e+19,6.659639927844277e+18,1.0,True,"-1,2147483647",20,2.0276452402825466e+19,0.2030507892142225,7.958256553693446e+19,0.7969492107857773
Ma_xp_A2000_n65_r13_v00_90000_fof_0.0040_0000.hdf5,Ma_xp_A2000_n65_r13_v00_90000.hdf5,A2000,n65,r13,v00,,90000,0.004,215035,9.98671632185927e+19,109.0,5.15456949658e+19,0.515649093238,4.23849539115e+19,0.424007534789,3.4377361642719534e+18,241.0,5.75777836201e+19,0.575992465211,6.659702129602166e+18,9.99627375316e+19,4.23849539115e+19,0.424007534789,/rds/general/user/nny124/home/irp-nny124/martian_moon_data/Ma_xp_A2000_n65_r13_v00_90000.hdf5,particle_level_raw_snapshot_parent_normalized,All raw asteroid particles in the physical snapshot are included in the denominator; all raw bound/captured asteroid particles are included in the numerator. No FoF background or unresolved material is discarded for the particle-level metrics.,Ma_xp_A2000_n65_r13_v00_90000_fof_0.0040_0000,Ma_xp_A2000_n65_r13_v00_90000_fof_0.0040_0000.hdf5,/rds/general/ephemeral/user/nny124/ephemeral/martian_moons_data/Ma_xp_A2000_n65_r13_v00_90000_fof_0.0040_0000.hdf5,462775088,2000,,,,False,65,13,0,0,PartType0,3227695,350,350,True,kg,9.98671632185927e+19,6.659701868720316e+18,1.0,True,"-1,2147483647",20,2.0278744206288105e+19,0.2030571768545339,7.95884189268593e+19,0.7969428231454662
Ma_xp_A2000_n65_r13_v00_90000_fof_0.0045_0000.hdf5,Ma_xp_A2000_n65_r13_v00_90000.hdf5,A2000,n65,r13,v00,,90000,0.0045,215035,9.98727688414683e+19,109.0,5.15456949658e+19,0.515649093238,4.23849539115e+19,0.424007534789,3.4377361642719534e+18,242.0,5.75777836201e+19,0.575992465211,6.659702129602166e+18,9.99627375316e+19,4.23849539115e+19,0.424007534789,/rds/general/user/nny124/home/irp-nny124/martian_moon_data/Ma_xp_A2000_n65_r13_v00_90000.hdf5,particle_level_raw_snapshot_parent_normalized,All raw asteroid particles in the physical snapshot are included in the denominator; all raw bound/captured asteroid particles are included in the numerator. No FoF background or unresolved material is discarded for the particle-level metrics.,Ma_xp_A2000_n65_r13_v00_90000_fof_0.0045_0000,Ma_xp_A2000_n65_r13_v00_90000_fof_0.0045_0000.hdf5,/rds/general/ephemeral/user/nny124/ephemeral/martian_moons_data/Ma_xp_A2000_n65_r13_v00_90000_fof_0.0045_0000.hdf5,462775088,2000,,,,False,65,13,0,0,PartType0,3227695,351,351,True,kg,9.98727688414683e+19,6.659701868720316e+18,1.0,True,"-1,2147483647",20,2.0280509514360672e+19,0.203063455294677,7.959225924617508e+19,0.7969365447053228
Ma_xp_A2000_n65_r13_v00_90000_fof_0.0050_0000.hdf5,Ma_xp_A2000_n65_r13_v00_90000.hdf5,A2000,n65,r13,v00,,90000,0.005,215035,9.98761446100878e+19,109.0,5.15456949658e+19,0.515649093238,4.23849539115e+19,0.424007534789,3.4377361642719534e+18,242.0,5.75777836201e+19,0.575992465211,6.659702129602166e+18,9.99627375316e+19,4.23849539115e+19,0.424007534789,/rds/general/user/nny124/home/irp-nny124/martian_moon_data/Ma_xp_A2000_n65_r13_v00_90000.hdf5,particle_level_raw_snapshot_parent_normalized,All raw asteroid particles in the physical snapshot are included in the denominator; all raw bound/captured asteroid particles are included in the numerator. No FoF background or unresolved material is discarded for the particle-level metrics.,Ma_xp_A2000_n65_r13_v00_90000_fof_0.0050_0000,Ma_xp_A2000_n65_r13_v00_90000_fof_0.0050_0000.hdf5,/rds/general/ephemeral/user/nny124/ephemeral/martian_moons_data/Ma_xp_A2000_n65_r13_v00_90000_fof_0.0050_0000.hdf5,462775088,2000,,,,False,65,13,0,0,PartType0,3227695,351,351,True,kg,9.98761446100878e+19,6.659701868720316e+18,1.0,True,"-1,2147483647",20,2.0281066980067803e+19,0.2030621734199185,7.95950775450278e+19,0.7969378265800816
Ma_xp_A2000_n65_r13_v00_90000_fof_0.0060_0000.hdf5,Ma_xp_A2000_n65_r13_v00_90000.hdf5,A2000,n65,r13,v00,,90000,0.006,215035,9.988370136861576e+19,110.0,5.15456949658e+19,0.515649093238,4.23849539115e+19,0.424007534789,3.4380768377596426e+18,243.0,5.75777836201e+19,0.575992465211,6.659702129602166e+18,9.99627375316e+19,4.23849539115e+19,0.424007534789,/rds/general/user/nny124/home/irp-nny124/martian_moon_data/Ma_xp_A2000_n65_r13_v00_90000.hdf5,particle_level_raw_snapshot_parent_normalized,All raw asteroid particles in the physical snapshot are included in the denominator; all raw bound/captured asteroid particles are included in the numerator. No FoF background or unresolved material is discarded for the particle-level metrics.,Ma_xp_A2000_n65_r13_v00_90000_fof_0.0060_0000,Ma_xp_A2000_n65_r13_v00_90000_fof_0.0060_0000.hdf5,/rds/general/ephemeral/user/nny124/ephemeral/martian_moons_data/Ma_xp_A2000_n65_r13_v00_90000_fof_0.0060_0000.hdf5,462775088,2000,,,,False,65,13,0,0,PartType0,3227695,353,353,True,kg,9.988370136861576e+19,6.659701868720316e+18,1.0,True,"-1,2147483647",20,2.028348266479869e+19,0.2030709956115812,7.96002186176602e+19,0.7969290043884191
Ma_xp_A2000_n65_r13_v00_90000_fof_0.0080_0000.hdf5,Ma_xp_A2000_n65_r13_v00_90000.hdf5,A2000,n65,r13,v00,,90000,0.008,215036,9.988986445352622e+19,110.0,5.15456949658e+19,0.515649093238,4.23849539115e+19,0.424007534789,3.4380768377596426e+18,243.0,5.75777836201e+19,0.575992465211,6.659733099919229e+18,9.99627375316e+19,4.23849539115e+19,0.424007534789,/rds/general/user/nny124/home/irp-nny124/martian_moon_data/Ma_xp_A2000_n65_r13_v00_90000.hdf5,particle_level_raw_snapshot_parent_normalized,All raw asteroid particles in the physical snapshot are included in the denominator; all raw bound/captured asteroid particles are included in the numerator. No FoF background or unresolved material is discarded for the particle-level metrics.,Ma_xp_A2000_n65_r13_v00_90000_fof_0.0080_0000,Ma_xp_A2000_n65_r13_v00_90000_fof_0.0080_0000.hdf5,/rds/general/ephemeral/user/nny124/ephemeral/martian_moons_data/Ma_xp_A2000_n65_r13_v00_90000_fof_0.0080_0000.hdf5,462775088,2000,,,,False,65,13,0,0,PartType0,3227695,353,353,True,kg,9.988986445352622e+19,6.659732838894659e+18,1.0,True,"-1,2147483647",20,2.0284752447798264e+19,0.2030711781881493,7.960511192775608e+19,0.7969288218118507
Ma_xp_A2000_n65_r14_v00_90000_fof_0.0010_0000.hdf5,Ma_xp_A2000_n65_r14_v00_90000.hdf5,A2000,n65,r14,v00,,90000,0.001,0,0.0,0.0,5.12403276396e+19,0.512594281678,4.36381987618e+19,0.436544654932,0.0,0.0,5.6324538769799995e+19,0.563455345068,0.0,9.99627375316e+19,4.36381987618e+19,0.436544654932,/rds/general/user/nny124/home/irp-nny124/martian_moon_data/Ma_xp_A2000_n65_r14_v00_90000.hdf5,particle_level_raw_snapshot_parent_normalized,All raw asteroid particles in the physical snapshot are included in the denominator; all raw bound/captured asteroid particles are included in the numerator. No FoF background or unresolved material is discarded for the particle-level metrics.,Ma_xp_A2000_n65_r14_v00_90000_fof_0.0010_0000,Ma_xp_A2000_n65_r14_v00_90000_fof_0.0010_0000.hdf5,/rds/general/ephemeral/user/nny124/ephemeral/martian_moons_data/Ma_xp_A2000_n65_r14_v00_90000_fof_0.0010_0000.hdf5,462775088,2000,,,,False,65,14,0,0,PartType0,3227695,0,0,True,kg,0.0,0.0,,True,"-1,2147483647",20,0.0,0.0,0.0,0.0
Ma_xp_A2000_n65_r14_v00_90000_fof_0.0020_0000.hdf5,Ma_xp_A2000_n65_r14_v00_90000.hdf5,A2000,n65,r14,v00,,90000,0.002,14791,1.208585896468242e+19,1443.0,5.12403276396e+19,0.512594281678,4.36381987618e+19,0.436544654932,5.224692488472764e+16,4406.0,5.6324538769799995e+19,0.563455345068,4.580819596738193e+17,9.99627375316e+19,4.36381987618e+19,0.436544654932,/rds/general/user/nny124/home/irp-nny124/martian_moon_data/Ma_xp_A2000_n65_r14_v00_90000.hdf5,particle_level_raw_snapshot_parent_normalized,All raw asteroid particles in the physical snapshot are included in the denominator; all raw bound/captured asteroid particles are included in the numerator. No FoF background or unresolved material is discarded for the particle-level metrics.,Ma_xp_A2000_n65_r14_v00_90000_fof_0.0020_0000,Ma_xp_A2000_n65_r14_v00_90000_fof_0.0020_0000.hdf5,/rds/general/ephemeral/user/nny124/ephemeral/martian_moons_data/Ma_xp_A2000_n65_r14_v00_90000_fof_0.0020_0000.hdf5,462775088,2000,,,,False,65,14,0,0,PartType0,3227695,5849,5849,True,kg,1.208585896468242e+19,4.580822687699147e+17,1.0,True,"-1,2147483647",20,2.700921351035611e+18,0.223477859778609,9.384935179500837e+18,0.7765221402213908
Ma_xp_A2000_n65_r14_v00_90000_fof_0.0030_0000.hdf5,Ma_xp_A2000_n65_r14_v00_90000.hdf5,A2000,n65,r14,v00,,90000,0.003,259332,9.985731459793909e+19,92.0,5.12403276396e+19,0.512594281678,4.36381987618e+19,0.436544654932,2.720432650783778e+18,202.0,5.6324538769799995e+19,0.563455345068,8.031594264549319e+18,9.99627375316e+19,4.36381987618e+19,0.436544654932,/rds/general/user/nny124/home/irp-nny124/martian_moon_data/Ma_xp_A2000_n65_r14_v00_90000.hdf5,particle_level_raw_snapshot_parent_normalized,All raw asteroid particles in the physical snapshot are included in the denominator; all raw bound/captured asteroid particles are included in the numerator. No FoF background or unresolved material is discarded for the particle-level metrics.,Ma_xp_A2000_n65_r14_v00_90000_fof_0.0030_0000,Ma_xp_A2000_n65_r14_v00_90000_fof_0.0030_0000.hdf5,/rds/general/ephemeral/user/nny124/ephemeral/martian_moons_data/Ma_xp_A2000_n65_r14_v00_90000_fof_0.0030_0000.hdf5,462775088,2000,,,,False,65,14,0,0,PartType0,3227695,294,294,True,kg,9.985731459793909e+19,8.031590128327206e+18,1.0,True,"-1,2147483647",20,1.833507807775252e+19,0.1836127694427295,8.152223649464921e+19,0.8163872305572704
Ma_xp_A2000_n65_r14_v00_90000_fof_0.0035_0000.hdf5,Ma_xp_A2000_n65_r14_v00_90000.hdf5,A2000,n65,r14,v00,,90000,0.0035,259335,9.987066279139589e+19,91.0,5.12403276396e+19,0.512594281678,4.36381987618e+19,0.436544654932,2.720773324271467e+18,201.0,5.6324538769799995e+19,0.563455345068,8.031687175500508e+18,9.99627375316e+19,4.36381987618e+19,0.436544654932,/rds/general/user/nny124/home/irp-nny124/martian_moon_data/Ma_xp_A2000_n65_r14_v00_90000.hdf5,particle_level_raw_snapshot_parent_normalized,All raw asteroid particles in the physical snapshot are included in the denominator; all raw bound/captured asteroid particles are included in the numerator. No FoF background or unresolved material is discarded for the particle-level metrics.,Ma_xp_A2000_n65_r14_v00_90000_fof_0.0035_0000,Ma_xp_A2000_n65_r14_v00_90000_fof_0.0035_0000.hdf5,/rds/general/ephemeral/user/nny124/ephemeral/martian_moons_data/Ma_xp_A2000_n65_r14_v00_90000_fof_0.0035_0000.hdf5,462775088,2000,,,,False,65,14,0,0,PartType0,3227695,292,292,True,kg,9.987066279139589e+19,8.031683039325545e+18,1.0,True,"-1,2147483647",20,1.8339166159604791e+19,0.183629162451606,8.153149661945096e+19,0.8163708375483941
Ma_xp_A2000_n65_r14_v00_90000_fof_0.0040_0000.hdf5,Ma_xp_A2000_n65_r14_v00_90000.hdf5,A2000,n65,r14,v00,,90000,0.004,259346,9.98782195699252e+19,91.0,5.12403276396e+19,0.512594281678,4.36381987618e+19,0.436544654932,2.721578552515096e+18,200.0,5.6324538769799995e+19,0.563455345068,8.032027848988203e+18,9.99627375316e+19,4.36381987618e+19,0.436544654932,/rds/general/user/nny124/home/irp-nny124/martian_moon_data/Ma_xp_A2000_n65_r14_v00_90000.hdf5,particle_level_raw_snapshot_parent_normalized,All raw asteroid particles in the physical snapshot are included in the denominator; all raw bound/captured asteroid particles are included in the numerator. No FoF background or unresolved material is discarded for the particle-level metrics.,Ma_xp_A2000_n65_r14_v00_90000_fof_0.0040_0000,Ma_xp_A2000_n65_r14_v00_90000_fof_0.0040_0000.hdf5,/rds/general/ephemeral/user/nny124/ephemeral/martian_moons_data/Ma_xp_A2000_n65_r14_v00_90000_fof_0.0040_0000.hdf5,462775088,2000,,,,False,65,14,0,0,PartType0,3227695,291,291,True,kg,9.98782195699252e+19,8.032023714782141e+18,1.0,True,"-1,2147483647",20,1.83411482598968e+19,0.1836351142924507,8.153707127652224e+19,0.8163648857075492
Ma_xp_A2000_n65_r14_v00_90000_fof_0.0045_0000.hdf5,Ma_xp_A2000_n65_r14_v00_90000.hdf5,A2000,n65,r14,v00,,90000,0.0045,259346,9.98837013099836e+19,91.0,5.12403276396e+19,0.512594281678,4.36381987618e+19,0.436544654932,2.7217334041004093e+18,202.0,5.6324538769799995e+19,0.563455345068,8.032027848988203e+18,9.99627375316e+19,4.36381987618e+19,0.436544654932,/rds/general/user/nny124/home/irp-nny124/martian_moon_data/Ma_xp_A2000_n65_r14_v00_90000.hdf5,particle_level_raw_snapshot_parent_normalized,All raw asteroid particles in the physical snapshot are included in the denominator; all raw bound/captured asteroid particles are included in the numerator. No FoF background or unresolved material is discarded for the particle-level metrics.,Ma_xp_A2000_n65_r14_v00_90000_fof_0.0045_0000,Ma_xp_A2000_n65_r14_v00_90000_fof_0.0045_0000.hdf5,/rds/general/ephemeral/user/nny124/ephemeral/martian_moons_data/Ma_xp_A2000_n65_r14_v00_90000_fof_0.0045_0000.hdf5,462775088,2000,,,,False,65,14,0,0,PartType0,3227695,293,293,True,kg,9.98837013099836e+19,8.032023714782141e+18,1.0,True,"-1,2147483647",20,1.834278968670112e+19,0.1836414695408134,8.154091159583801e+19,0.8163585304591865
Ma_xp_A2000_n65_r14_v00_90000_fof_0.0050_0000.hdf5,Ma_xp_A2000_n65_r14_v00_90000.hdf5,A2000,n65,r14,v00,,90000,0.005,259351,9.988726289626644e+19,91.0,5.12403276396e+19,0.512594281678,4.36381987618e+19,0.436544654932,2.7218263150515973e+18,202.0,5.6324538769799995e+19,0.563455345068,8.032182700573519e+18,9.99627375316e+19,4.36381987618e+19,0.436544654932,/rds/general/user/nny124/home/irp-nny124/martian_moon_data/Ma_xp_A2000_n65_r14_v00_90000.hdf5,particle_level_raw_snapshot_parent_normalized,All raw asteroid particles in the physical snapshot are included in the denominator; all raw bound/captured asteroid particles are included in the numerator. No FoF background or unresolved material is discarded for the particle-level metrics.,Ma_xp_A2000_n65_r14_v00_90000_fof_0.0050_0000,Ma_xp_A2000_n65_r14_v00_90000_fof_0.0050_0000.hdf5,/rds/general/ephemeral/user/nny124/ephemeral/martian_moons_data/Ma_xp_A2000_n65_r14_v00_90000_fof_0.0050_0000.hdf5,462775088,2000,,,,False,65,14,0,0,PartType0,3227695,293,293,True,kg,9.988726289626644e+19,8.032178566271412e+18,1.0,True,"-1,2147483647",20,1.8343625885261816e+19,0.1836432930324543,8.154363698373953e+19,0.8163567069675457
Ma_xp_A2000_n65_r14_v00_90000_fof_0.0060_0000.hdf5,Ma_xp_A2000_n65_r14_v00_90000.hdf5,A2000,n65,r14,v00,,90000,0.006,259351,9.989014313786376e+19,91.0,5.12403276396e+19,0.512594281678,4.36381987618e+19,0.436544654932,2.722043107271036e+18,201.0,5.6324538769799995e+19,0.563455345068,8.032182700573519e+18,9.99627375316e+19,4.36381987618e+19,0.436544654932,/rds/general/user/nny124/home/irp-nny124/martian_moon_data/Ma_xp_A2000_n65_r14_v00_90000.hdf5,particle_level_raw_snapshot_parent_normalized,All raw asteroid particles in the physical snapshot are included in the denominator; all raw bound/captured asteroid particles are included in the numerator. No FoF background or unresolved material is discarded for the particle-level metrics.,Ma_xp_A2000_n65_r14_v00_90000_fof_0.0060_0000,Ma_xp_A2000_n65_r14_v00_90000_fof_0.0060_0000.hdf5,/rds/general/ephemeral/user/nny124/ephemeral/martian_moons_data/Ma_xp_A2000_n65_r14_v00_90000_fof_0.0060_0000.hdf5,462775088,2000,,,,False,65,14,0,0,PartType0,3227695,292,292,True,kg,9.989014313786376e+19,8.032178566271412e+18,1.0,True,"-1,2147483647",20,1.8344678876041943e+19,0.1836485393370419,8.154546423244625e+19,0.816351460662958
Ma_xp_A2000_n65_r14_v00_90000_fof_0.0080_0000.hdf5,Ma_xp_A2000_n65_r14_v00_90000.hdf5,A2000,n65,r14,v00,,90000,0.008,259351,9.989602749187472e+19,90.0,5.12403276396e+19,0.512594281678,4.36381987618e+19,0.436544654932,2.722290869807537e+18,200.0,5.6324538769799995e+19,0.563455345068,8.032182700573519e+18,9.99627375316e+19,4.36381987618e+19,0.436544654932,/rds/general/user/nny124/home/irp-nny124/martian_moon_data/Ma_xp_A2000_n65_r14_v00_90000.hdf5,particle_level_raw_snapshot_parent_normalized,All raw asteroid particles in the physical snapshot are included in the denominator; all raw bound/captured asteroid particles are included in the numerator. No FoF background or unresolved material is discarded for the particle-level metrics.,Ma_xp_A2000_n65_r14_v00_90000_fof_0.0080_0000,Ma_xp_A2000_n65_r14_v00_90000_fof_0.0080_0000.hdf5,/rds/general/ephemeral/user/nny124/ephemeral/martian_moons_data/Ma_xp_A2000_n65_r14_v00_90000_fof_0.0080_0000.hdf5,462775088,2000,,,,False,65,14,0,0,PartType0,3227695,290,290,True,kg,9.989602749187472e+19,8.032178566271412e+18,1.0,True,"-1,2147483647",20,1.8345886718407391e+19,0.1836498125428467,8.155014075032294e+19,0.8163501874571533
Ma_xp_A2000_n65_r14_v02_90000_fof_0.0040_0000.hdf5,Ma_xp_A2000_n65_r14_v02_90000.hdf5,A2000,n65,r14,v02,,90000,0.004,355594,9.98703530696406e+19,88.0,4.51447498353e+19,0.451615781541,4.10351436127e+19,0.410504400199,1.9516564703374676e+18,234.0,5.8927593918899995e+19,0.5894955998010001,1.101285892562483e+19,9.99627375316e+19,4.10351436127e+19,0.410504400199,/rds/general/user/nny124/home/irp-nny124/martian_moon_data/Ma_xp_A2000_n65_r14_v02_90000.hdf5,particle_level_raw_snapshot_parent_normalized,All raw asteroid particles in the physical snapshot are included in the denominator; all raw bound/captured asteroid particles are included in the numerator. No FoF background or unresolved material is discarded for the particle-level metrics.,Ma_xp_A2000_n65_r14_v02_90000_fof_0.0040_0000,Ma_xp_A2000_n65_r14_v02_90000_fof_0.0040_0000.hdf5,/rds/general/ephemeral/user/nny124/ephemeral/martian_moons_data/Ma_xp_A2000_n65_r14_v02_90000_fof_0.0040_0000.hdf5,462775088,2000,,,,False,65,14,2,0,PartType0,3227695,322,322,True,kg,9.98703530696406e+19,1.101285874281843e+19,1.0,True,"-1,2147483647",20,1.587572519980698e+19,0.1589633430827903,8.39946278761137e+19,0.8410366569172097
Ma_xp_A2000_n65_r14_v04_90000_fof_0.0040_0000.hdf5,Ma_xp_A2000_n65_r14_v04_90000.hdf5,A2000,n65,r14,v04,,90000,0.004,262338,9.987998486376612e+19,67.0,3.79350768153e+19,0.379492176305,3.53935287159e+19,0.354067221345,2.5810971943188884e+18,227.0,6.45692088157e+19,0.645932778655,8.124691037641202e+18,9.99627375316e+19,3.53935287159e+19,0.354067221345,/rds/general/user/nny124/home/irp-nny124/martian_moon_data/Ma_xp_A2000_n65_r14_v04_90000.hdf5,particle_level_raw_snapshot_parent_normalized,All raw asteroid particles in the physical snapshot are included in the denominator; all raw bound/captured asteroid particles are included in the numerator. No FoF background or unresolved material is discarded for the particle-level metrics.,Ma_xp_A2000_n65_r14_v04_90000_fof_0.0040_0000,Ma_xp_A2000_n65_r14_v04_90000_fof_0.0040_0000.hdf5,/rds/general/ephemeral/user/nny124/ephemeral/martian_moons_data/Ma_xp_A2000_n65_r14_v04_90000_fof_0.0040_0000.hdf5,462775088,2000,,,,False,65,14,4,0,PartType0,3227695,294,294,True,kg,9.987998486376612e+19,8.124690132973843e+18,1.0,True,"-1,2147483647",20,1.118833674205635e+19,0.1120178057642969,8.869164810248138e+19,0.8879821942357031
Ma_xp_A2000_n65_r14_v06_90000_fof_0.0040_0000.hdf5,Ma_xp_A2000_n65_r14_v06_90000.hdf5,A2000,n65,r14,v06,,90000,0.004,444062,9.9876330351098e+19,29.0,2.72715630662e+19,0.272817289118,2.48852691662e+19,0.248945454883,1.545140088573045e+18,244.0,7.50774683654e+19,0.751054545117,1.3752740935478583e+19,9.99627375316e+19,2.48852691662e+19,0.248945454883,/rds/general/user/nny124/home/irp-nny124/martian_moon_data/Ma_xp_A2000_n65_r14_v06_90000.hdf5,particle_level_raw_snapshot_parent_normalized,All raw asteroid particles in the physical snapshot are included in the denominator; all raw bound/captured asteroid particles are included in the numerator. No FoF background or unresolved material is discarded for the particle-level metrics.,Ma_xp_A2000_n65_r14_v06_90000_fof_0.0040_0000,Ma_xp_A2000_n65_r14_v06_90000_fof_0.0040_0000.hdf5,/rds/general/ephemeral/user/nny124/ephemeral/martian_moons_data/Ma_xp_A2000_n65_r14_v06_90000_fof_0.0040_0000.hdf5,462775088,2000,,,,False,65,14,6,0,PartType0,3227695,273,273,True,kg,9.9876330351098e+19,1.3752740912437834e+19,1.0,True,"-1,2147483647",20,5.422035348793983e+18,0.0542874906391792,9.445429499830996e+19,0.9457125093608209
Ma_xp_A2000_n65_r14_v08_90000_fof_0.0040_0000.hdf5,Ma_xp_A2000_n65_r14_v08_90000.hdf5,A2000,n65,r14,v08,,90000,0.004,520557,9.988456843620806e+19,0.0,1.50792615559e+19,0.150848825555,1.25631710571e+19,0.125678541498,0.0,239.0,8.73995664745e+19,0.874321458502,1.612181533914729e+19,9.99627375316e+19,1.25631710571e+19,0.125678541498,/rds/general/user/nny124/home/irp-nny124/martian_moon_data/Ma_xp_A2000_n65_r14_v08_90000.hdf5,particle_level_raw_snapshot_parent_normalized,All raw asteroid particles in the physical snapshot are included in the denominator; all raw bound/captured asteroid particles are included in the numerator. No FoF background or unresolved material is discarded for the particle-level metrics.,Ma_xp_A2000_n65_r14_v08_90000_fof_0.0040_0000,Ma_xp_A2000_n65_r14_v08_90000_fof_0.0040_0000.hdf5,/rds/general/ephemeral/user/nny124/ephemeral/martian_moons_data/Ma_xp_A2000_n65_r14_v08_90000_fof_0.0040_0000.hdf5,462775088,2000,,,,False,65,14,8,0,PartType0,3227695,239,239,True,kg,9.988456843620806e+19,1.6121814632023716e+19,1.0,True,"-1,2147483647",20,0.0,0.0,9.988456845135117e+19,1.0
Ma_xp_A2000_n65_r14_v10_90000_fof_0.0040_0000.hdf5,Ma_xp_A2000_n65_r14_v10_90000.hdf5,A2000,n65,r14,v10,,90000,0.004,723756,9.989426213989052e+19,0.0,2.33181711228e+18,0.0233268632879,1.2927010342e+17,0.00129318290607,0.0,216.0,9.983346742818e+19,0.99870681709393,2.241495279585789e+19,9.99627375316e+19,1.2927010342e+17,0.00129318290607,/rds/general/user/nny124/home/irp-nny124/martian_moon_data/Ma_xp_A2000_n65_r14_v10_90000.hdf5,particle_level_raw_snapshot_parent_normalized,All raw asteroid particles in the physical snapshot are included in the denominator; all raw bound/captured asteroid particles are included in the numerator. No FoF background or unresolved material is discarded for the particle-level metrics.,Ma_xp_A2000_n65_r14_v10_90000_fof_0.0040_0000,Ma_xp_A2000_n65_r14_v10_90000_fof_0.0040_0000.hdf5,/rds/general/ephemeral/user/nny124/ephemeral/martian_moons_data/Ma_xp_A2000_n65_r14_v10_90000_fof_0.0040_0000.hdf5,462775088,2000,,,,False,65,14,10,0,PartType0,3227695,216,216,True,kg,9.989426213989052e+19,2.2414953385235423e+19,1.0,True,"-1,2147483647",20,0.0,0.0,9.989426216050056e+19,1.0
Ma_xp_A2000_n65_r15_v00_90000_fof_0.0010_0000.hdf5,Ma_xp_A2000_n65_r15_v00_90000.hdf5,A2000,n65,r15,v00,,90000,0.001,0,0.0,0.0,4.40676641485e+19,0.440840909689,4.27836657734e+19,0.42799613966,0.0,0.0,5.71790717582e+19,0.57200386034,0.0,9.99627375316e+19,4.27836657734e+19,0.42799613966,/rds/general/user/nny124/home/irp-nny124/martian_moon_data/Ma_xp_A2000_n65_r15_v00_90000.hdf5,particle_level_raw_snapshot_parent_normalized,All raw asteroid particles in the physical snapshot are included in the denominator; all raw bound/captured asteroid particles are included in the numerator. No FoF background or unresolved material is discarded for the particle-level metrics.,Ma_xp_A2000_n65_r15_v00_90000_fof_0.0010_0000,Ma_xp_A2000_n65_r15_v00_90000_fof_0.0010_0000.hdf5,/rds/general/ephemeral/user/nny124/ephemeral/martian_moons_data/Ma_xp_A2000_n65_r15_v00_90000_fof_0.0010_0000.hdf5,462775088,2000,,,,False,65,15,0,0,PartType0,3227695,0,0,True,kg,0.0,0.0,,True,"-1,2147483647",20,0.0,0.0,0.0,0.0
Ma_xp_A2000_n65_r15_v00_90000_fof_0.0020_0000.hdf5,Ma_xp_A2000_n65_r15_v00_90000.hdf5,A2000,n65,r15,v00,,90000,0.002,16783,1.107353218849835e+19,1185.0,4.40676641485e+19,0.440840909689,4.27836657734e+19,0.42799613966,1.0644497974440365e+17,3612.0,5.71790717582e+19,0.57200386034,5.197748312626301e+17,9.99627375316e+19,4.27836657734e+19,0.42799613966,/rds/general/user/nny124/home/irp-nny124/martian_moon_data/Ma_xp_A2000_n65_r15_v00_90000.hdf5,particle_level_raw_snapshot_parent_normalized,All raw asteroid particles in the physical snapshot are included in the denominator; all raw bound/captured asteroid particles are included in the numerator. No FoF background or unresolved material is discarded for the particle-level metrics.,Ma_xp_A2000_n65_r15_v00_90000_fof_0.0020_0000,Ma_xp_A2000_n65_r15_v00_90000_fof_0.0020_0000.hdf5,/rds/general/ephemeral/user/nny124/ephemeral/martian_moons_data/Ma_xp_A2000_n65_r15_v00_90000_fof_0.0020_0000.hdf5,462775088,2000,,,,False,65,15,0,0,PartType0,3227695,4797,4797,True,kg,1.107353218849835e+19,5.1977494036620614e+17,1.0,True,"-1,2147483647",20,2.3667826002464456e+18,0.2137333486224513,8.70674717646258e+18,0.7862666513775487
Ma_xp_A2000_n65_r15_v00_90000_fof_0.0030_0000.hdf5,Ma_xp_A2000_n65_r15_v00_90000.hdf5,A2000,n65,r15,v00,,90000,0.003,496146,9.98544652920768e+19,72.0,4.40676641485e+19,0.440840909689,4.27836657734e+19,0.42799613966,2.6865201536001695e+18,222.0,5.71790717582e+19,0.57200386034,1.5365798929343291e+19,9.99627375316e+19,4.27836657734e+19,0.42799613966,/rds/general/user/nny124/home/irp-nny124/martian_moon_data/Ma_xp_A2000_n65_r15_v00_90000.hdf5,particle_level_raw_snapshot_parent_normalized,All raw asteroid particles in the physical snapshot are included in the denominator; all raw bound/captured asteroid particles are included in the numerator. No FoF background or unresolved material is discarded for the particle-level metrics.,Ma_xp_A2000_n65_r15_v00_90000_fof_0.0030_0000,Ma_xp_A2000_n65_r15_v00_90000_fof_0.0030_0000.hdf5,/rds/general/ephemeral/user/nny124/ephemeral/martian_moons_data/Ma_xp_A2000_n65_r15_v00_90000_fof_0.0030_0000.hdf5,462775088,2000,,,,False,65,15,0,0,PartType0,3227695,294,294,True,kg,9.98544652920768e+19,1.5365798311289006e+19,1.0,True,"-1,2147483647",20,1.6012397209004098e+19,0.160357347669798,8.384206809417759e+19,0.8396426523302017
Ma_xp_A2000_n65_r15_v00_90000_fof_0.0035_0000.hdf5,Ma_xp_A2000_n65_r15_v00_90000.hdf5,A2000,n65,r15,v00,,90000,0.0035,496147,9.986886648138038e+19,72.0,4.40676641485e+19,0.440840909689,4.27836657734e+19,0.42799613966,2.686551123917232e+18,223.0,5.71790717582e+19,0.57200386034,1.5365829899660356e+19,9.99627375316e+19,4.27836657734e+19,0.42799613966,/rds/general/user/nny124/home/irp-nny124/martian_moon_data/Ma_xp_A2000_n65_r15_v00_90000.hdf5,particle_level_raw_snapshot_parent_normalized,All raw asteroid particles in the physical snapshot are included in the denominator; all raw bound/captured asteroid particles are included in the numerator. No FoF background or unresolved material is discarded for the particle-level metrics.,Ma_xp_A2000_n65_r15_v00_90000_fof_0.0035_0000,Ma_xp_A2000_n65_r15_v00_90000_fof_0.0035_0000.hdf5,/rds/general/ephemeral/user/nny124/ephemeral/martian_moons_data/Ma_xp_A2000_n65_r15_v00_90000_fof_0.0035_0000.hdf5,462775088,2000,,,,False,65,15,0,0,PartType0,3227695,295,295,True,kg,9.986886648138038e+19,1.5365829281713148e+19,1.0,True,"-1,2147483647",20,1.6015091626588547e+19,0.1603612035237206,8.38537748740273e+19,0.8396387964762794
Ma_xp_A2000_n65_r15_v00_90000_fof_0.0040_0000.hdf5,Ma_xp_A2000_n65_r15_v00_90000.hdf5,A2000,n65,r15,v00,,90000,0.004,496147,9.987533928373351e+19,72.0,4.40676641485e+19,0.440840909689,4.27836657734e+19,0.42799613966,2.6867059755025454e+18,221.0,5.71790717582e+19,0.57200386034,1.5365829899660356e+19,9.99627375316e+19,4.27836657734e+19,0.42799613966,/rds/general/user/nny124/home/irp-nny124/martian_moon_data/Ma_xp_A2000_n65_r15_v00_90000.hdf5,particle_level_raw_snapshot_parent_normalized,All raw asteroid particles in the physical snapshot are included in the denominator; all raw bound/captured asteroid particles are included in the numerator. No FoF background or unresolved material is discarded for the particle-level metrics.,Ma_xp_A2000_n65_r15_v00_90000_fof_0.0040_0000,Ma_xp_A2000_n65_r15_v00_90000_fof_0.0040_0000.hdf5,/rds/general/ephemeral/user/nny124/ephemeral/martian_moons_data/Ma_xp_A2000_n65_r15_v00_90000_fof_0.0040_0000.hdf5,462775088,2000,,,,False,65,15,0,0,PartType0,3227695,293,293,True,kg,9.987533928373351e+19,1.5365829281713148e+19,1.0,True,"-1,2147483647",20,1.6016547231490494e+19,0.1603653849313179,8.385879206539162e+19,0.8396346150686818
Ma_xp_A2000_n65_r15_v00_90000_fof_0.0045_0000.hdf5,Ma_xp_A2000_n65_r15_v00_90000.hdf5,A2000,n65,r15,v00,,90000,0.0045,496147,9.988054230651698e+19,72.0,4.40676641485e+19,0.440840909689,4.27836657734e+19,0.42799613966,2.686829856770796e+18,220.0,5.71790717582e+19,0.57200386034,1.5365829899660356e+19,9.99627375316e+19,4.27836657734e+19,0.42799613966,/rds/general/user/nny124/home/irp-nny124/martian_moon_data/Ma_xp_A2000_n65_r15_v00_90000.hdf5,particle_level_raw_snapshot_parent_normalized,All raw asteroid particles in the physical snapshot are included in the denominator; all raw bound/captured asteroid particles are included in the numerator. No FoF background or unresolved material is discarded for the particle-level metrics.,Ma_xp_A2000_n65_r15_v00_90000_fof_0.0045_0000,Ma_xp_A2000_n65_r15_v00_90000_fof_0.0045_0000.hdf5,/rds/general/ephemeral/user/nny124/ephemeral/martian_moons_data/Ma_xp_A2000_n65_r15_v00_90000_fof_0.0045_0000.hdf5,462775088,2000,,,,False,65,15,0,0,PartType0,3227695,292,292,True,kg,9.988054230651698e+19,1.5365829281713148e+19,1.0,True,"-1,2147483647",20,1.6017724103538876e+19,0.1603688139157345,8.38628182066098e+19,0.8396311860842658
Ma_xp_A2000_n65_r15_v00_90000_fof_0.0050_0000.hdf5,Ma_xp_A2000_n65_r15_v00_90000.hdf5,A2000,n65,r15,v00,,90000,0.005,496150,9.98837632131348e+19,72.0,4.40676641485e+19,0.440840909689,4.27836657734e+19,0.42799613966,2.686922767721984e+18,219.0,5.71790717582e+19,0.57200386034,1.5365922810611542e+19,9.99627375316e+19,4.27836657734e+19,0.42799613966,/rds/general/user/nny124/home/irp-nny124/martian_moon_data/Ma_xp_A2000_n65_r15_v00_90000.hdf5,particle_level_raw_snapshot_parent_normalized,All raw asteroid particles in the physical snapshot are included in the denominator; all raw bound/captured asteroid particles are included in the numerator. No FoF background or unresolved material is discarded for the particle-level metrics.,Ma_xp_A2000_n65_r15_v00_90000_fof_0.0050_0000,Ma_xp_A2000_n65_r15_v00_90000_fof_0.0050_0000.hdf5,/rds/general/ephemeral/user/nny124/ephemeral/martian_moons_data/Ma_xp_A2000_n65_r15_v00_90000_fof_0.0050_0000.hdf5,462775088,2000,,,,False,65,15,0,0,PartType0,3227695,291,291,True,kg,9.98837632131348e+19,1.536592219232638e+19,1.0,True,"-1,2147483647",20,1.601837448019719e+19,0.1603701538999375,8.386538874292601e+19,0.8396298461000623
Ma_xp_A2000_n65_r15_v00_90000_fof_0.0060_0000.hdf5,Ma_xp_A2000_n65_r15_v00_90000.hdf5,A2000,n65,r15,v00,,90000,0.006,496150,9.989008116772137e+19,73.0,4.40676641485e+19,0.440840909689,4.27836657734e+19,0.42799613966,2.6869537380390467e+18,217.0,5.71790717582e+19,0.57200386034,1.5365922810611542e+19,9.99627375316e+19,4.27836657734e+19,0.42799613966,/rds/general/user/nny124/home/irp-nny124/martian_moon_data/Ma_xp_A2000_n65_r15_v00_90000.hdf5,particle_level_raw_snapshot_parent_normalized,All raw asteroid particles in the physical snapshot are included in the denominator; all raw bound/captured asteroid particles are included in the numerator. No FoF background or unresolved material is discarded for the particle-level metrics.,Ma_xp_A2000_n65_r15_v00_90000_fof_0.0060_0000,Ma_xp_A2000_n65_r15_v00_90000_fof_0.0060_0000.hdf5,/rds/general/ephemeral/user/nny124/ephemeral/martian_moons_data/Ma_xp_A2000_n65_r15_v00_90000_fof_0.0060_0000.hdf5,462775088,2000,,,,False,65,15,0,0,PartType0,3227695,290,290,True,kg,9.989008116772137e+19,1.536592219232638e+19,1.0,True,"-1,2147483647",20,1.6020170758586829e+19,0.1603779932030965,8.386991040921715e+19,0.8396220067969034
Ma_xp_A2000_n65_r15_v00_90000_fof_0.0080_0000.hdf5,Ma_xp_A2000_n65_r15_v00_90000.hdf5,A2000,n65,r15,v00,,90000,0.008,496150,9.98949125339694e+19,73.0,4.40676641485e+19,0.440840909689,4.27836657734e+19,0.42799613966,2.6870466489902346e+18,216.0,5.71790717582e+19,0.57200386034,1.5365922810611542e+19,9.99627375316e+19,4.27836657734e+19,0.42799613966,/rds/general/user/nny124/home/irp-nny124/martian_moon_data/Ma_xp_A2000_n65_r15_v00_90000.hdf5,particle_level_raw_snapshot_parent_normalized,All raw asteroid particles in the physical snapshot are included in the denominator; all raw bound/captured asteroid particles are included in the numerator. No FoF background or unresolved material is discarded for the particle-level metrics.,Ma_xp_A2000_n65_r15_v00_90000_fof_0.0080_0000,Ma_xp_A2000_n65_r15_v00_90000_fof_0.0080_0000.hdf5,/rds/general/ephemeral/user/nny124/ephemeral/martian_moons_data/Ma_xp_A2000_n65_r15_v00_90000_fof_0.0080_0000.hdf5,462775088,2000,,,,False,65,15,0,0,PartType0,3227695,289,289,True,kg,9.98949125339694e+19,1.536592219232638e+19,1.0,True,"-1,2147483647",20,1.6021223749366956e+19,0.1603807775835456,8.387368878789876e+19,0.8396192224164544
,Ma_xp_A2000_n65_r16_v00_102000.hdf5,A2000,n65,r16,v00,,102000,0.004,777261,9.99191622895232e+19,,,,,,,,,,,,,,,,,Ma_xp_A2000_n65_r16_v00_102000_fof_0.0040_0000,Ma_xp_A2000_n65_r16_v00_102000_fof_0.0040_0000.hdf5,/rds/general/ephemeral/user/nny124/ephemeral/martian_moons_data/Ma_xp_A2000_n65_r16_v00_102000_fof_0.0040_0000.hdf5,462775096,2000,,,,False,65,16,0,0,PartType0,3227695,173,173,True,kg,9.99191622895232e+19,2.4072020131500528e+19,1.0,True,"-1,2147483647",20,,,,
,Ma_xp_A2000_n65_r16_v00_108000.hdf5,A2000,n65,r16,v00,,108000,0.004,777434,9.992681197003912e+19,,,,,,,,,,,,,,,,,Ma_xp_A2000_n65_r16_v00_108000_fof_0.0040_0000,Ma_xp_A2000_n65_r16_v00_108000_fof_0.0040_0000.hdf5,/rds/general/ephemeral/user/nny124/ephemeral/martian_moons_data/Ma_xp_A2000_n65_r16_v00_108000_fof_0.0040_0000.hdf5,462775096,2000,,,,False,65,16,0,0,PartType0,3227695,156,156,True,kg,9.992681197003912e+19,2.4077377999532175e+19,1.0,True,"-1,2147483647",20,,,,
,Ma_xp_A2000_n65_r16_v00_66000.hdf5,A2000,n65,r16,v00,,66000,0.004,2360703,9.995177403923934e+19,,,,,,,,,,,,,,,,,Ma_xp_A2000_n65_r16_v00_66000_fof_0.0040_0000,Ma_xp_A2000_n65_r16_v00_66000_fof_0.0040_0000.hdf5,/rds/general/ephemeral/user/nny124/ephemeral/martian_moons_data/Ma_xp_A2000_n65_r16_v00_66000_fof_0.0040_0000.hdf5,462775088,2000,,,,False,65,16,0,0,PartType0,3227695,34,34,True,kg,9.995177403923934e+19,7.3111719754050355e+19,1.0,True,"-1,2147483647",20,,,,
,Ma_xp_A2000_n65_r16_v00_72000.hdf5,A2000,n65,r16,v00,,72000,0.004,2041944,9.993130266190184e+19,,,,,,,,,,,,,,,,,Ma_xp_A2000_n65_r16_v00_72000_fof_0.0040_0000,Ma_xp_A2000_n65_r16_v00_72000_fof_0.0040_0000.hdf5,/rds/general/ephemeral/user/nny124/ephemeral/martian_moons_data/Ma_xp_A2000_n65_r16_v00_72000_fof_0.0040_0000.hdf5,462775088,2000,,,,False,65,16,0,0,PartType0,3227695,98,98,True,kg,9.993130266190184e+19,6.323965139713175e+19,1.0,True,"-1,2147483647",20,,,,
,Ma_xp_A2000_n65_r16_v00_78000.hdf5,A2000,n65,r16,v00,,78000,0.004,770641,9.98920632664603e+19,,,,,,,,,,,,,,,,,Ma_xp_A2000_n65_r16_v00_78000_fof_0.0040_0000,Ma_xp_A2000_n65_r16_v00_78000_fof_0.0040_0000.hdf5,/rds/general/ephemeral/user/nny124/ephemeral/martian_moons_data/Ma_xp_A2000_n65_r16_v00_78000_fof_0.0040_0000.hdf5,462775088,2000,,,,False,65,16,0,0,PartType0,3227695,207,207,True,kg,9.98920632664603e+19,2.3866996631042413e+19,1.0,True,"-1,2147483647",20,,,,
,Ma_xp_A2000_n65_r16_v00_84000.hdf5,A2000,n65,r16,v00,,84000,0.004,771014,9.985554928447752e+19,,,,,,,,,,,,,,,,,Ma_xp_A2000_n65_r16_v00_84000_fof_0.0040_0000,Ma_xp_A2000_n65_r16_v00_84000_fof_0.0040_0000.hdf5,/rds/general/ephemeral/user/nny124/ephemeral/martian_moons_data/Ma_xp_A2000_n65_r16_v00_84000_fof_0.0040_0000.hdf5,462775088,2000,,,,False,65,16,0,0,PartType0,3227695,298,298,True,kg,9.985554928447752e+19,2.3878548557845107e+19,1.0,True,"-1,2147483647",20,,,,
Ma_xp_A2000_n65_r16_v00_90000_fof_0.0010_0000.hdf5,Ma_xp_A2000_n65_r16_v00_90000.hdf5,A2000,n65,r16,v00,,90000,0.001,0,0.0,0.0,4.45892042878e+19,0.446058255194,4.03616321275e+19,0.403766774742,0.0,0.0,5.960110540409999e+19,0.596233225258,0.0,9.99627375316e+19,4.03616321275e+19,0.403766774742,/rds/general/user/nny124/home/irp-nny124/martian_moon_data/Ma_xp_A2000_n65_r16_v00_90000.hdf5,particle_level_raw_snapshot_parent_normalized,All raw asteroid particles in the physical snapshot are included in the denominator; all raw bound/captured asteroid particles are included in the numerator. No FoF background or unresolved material is discarded for the particle-level metrics.,Ma_xp_A2000_n65_r16_v00_90000_fof_0.0010_0000,Ma_xp_A2000_n65_r16_v00_90000_fof_0.0010_0000.hdf5,/rds/general/ephemeral/user/nny124/ephemeral/martian_moons_data/Ma_xp_A2000_n65_r16_v00_90000_fof_0.0010_0000.hdf5,462775088,2000,,,,False,65,16,0,0,PartType0,3227695,0,0,True,kg,0.0,0.0,,True,"-1,2147483647",20,0.0,0.0,0.0,0.0
Ma_xp_A2000_n65_r16_v00_90000_fof_0.0020_0000.hdf5,Ma_xp_A2000_n65_r16_v00_90000.hdf5,A2000,n65,r16,v00,,90000,0.002,15220,1.2263441966045458e+19,1541.0,4.45892042878e+19,0.446058255194,4.03616321275e+19,0.403766774742,2.3422850794494176e+17,4778.0,5.960110540409999e+19,0.596233225258,4.713682256936987e+17,9.99627375316e+19,4.03616321275e+19,0.403766774742,/rds/general/user/nny124/home/irp-nny124/martian_moon_data/Ma_xp_A2000_n65_r16_v00_90000.hdf5,particle_level_raw_snapshot_parent_normalized,All raw asteroid particles in the physical snapshot are included in the denominator; all raw bound/captured asteroid particles are included in the numerator. No FoF background or unresolved material is discarded for the particle-level metrics.,Ma_xp_A2000_n65_r16_v00_90000_fof_0.0020_0000,Ma_xp_A2000_n65_r16_v00_90000_fof_0.0020_0000.hdf5,/rds/general/ephemeral/user/nny124/ephemeral/martian_moons_data/Ma_xp_A2000_n65_r16_v00_90000_fof_0.0020_0000.hdf5,462775088,2000,,,,False,65,16,0,0,PartType0,3227695,6319,6319,True,kg,1.2263441966045458e+19,4.713682871699572e+17,1.0,True,"-1,2147483647",20,2.54845448013603e+18,0.2078090985771832,9.71498584843793e+18,0.7921909014228168
Ma_xp_A2000_n65_r16_v00_90000_fof_0.0030_0000.hdf5,Ma_xp_A2000_n65_r16_v00_90000.hdf5,A2000,n65,r16,v00,,90000,0.003,774358,9.985025331830168e+19,56.0,4.45892042878e+19,0.446058255194,4.03616321275e+19,0.403766774742,2.883274577899223e+18,207.0,5.960110540409999e+19,0.596233225258,2.39821127798365e+19,9.99627375316e+19,4.03616321275e+19,0.403766774742,/rds/general/user/nny124/home/irp-nny124/martian_moon_data/Ma_xp_A2000_n65_r16_v00_90000.hdf5,particle_level_raw_snapshot_parent_normalized,All raw asteroid particles in the physical snapshot are included in the denominator; all raw bound/captured asteroid particles are included in the numerator. No FoF background or unresolved material is discarded for the particle-level metrics.,Ma_xp_A2000_n65_r16_v00_90000_fof_0.0030_0000,Ma_xp_A2000_n65_r16_v00_90000_fof_0.0030_0000.hdf5,/rds/general/ephemeral/user/nny124/ephemeral/martian_moons_data/Ma_xp_A2000_n65_r16_v00_90000_fof_0.0030_0000.hdf5,462775088,2000,,,,False,65,16,0,0,PartType0,3227695,263,263,True,kg,9.985025331830168e+19,2.39821132995817e+19,1.0,True,"-1,2147483647",20,1.41716454440677e+19,0.141928988360447,8.567860789584173e+19,0.8580710116395527
Ma_xp_A2000_n65_r16_v00_90000_fof_0.0035_0000.hdf5,Ma_xp_A2000_n65_r16_v00_90000.hdf5,A2000,n65,r16,v00,,90000,0.0035,774361,9.98660172141258e+19,55.0,4.45892042878e+19,0.446058255194,4.03616321275e+19,0.403766774742,2.8833984591674737e+18,206.0,5.960110540409999e+19,0.596233225258,2.398220569078769e+19,9.99627375316e+19,4.03616321275e+19,0.403766774742,/rds/general/user/nny124/home/irp-nny124/martian_moon_data/Ma_xp_A2000_n65_r16_v00_90000.hdf5,particle_level_raw_snapshot_parent_normalized,All raw asteroid particles in the physical snapshot are included in the denominator; all raw bound/captured asteroid particles are included in the numerator. No FoF background or unresolved material is discarded for the particle-level metrics.,Ma_xp_A2000_n65_r16_v00_90000_fof_0.0035_0000,Ma_xp_A2000_n65_r16_v00_90000_fof_0.0035_0000.hdf5,/rds/general/ephemeral/user/nny124/ephemeral/martian_moons_data/Ma_xp_A2000_n65_r16_v00_90000_fof_0.0035_0000.hdf5,462775088,2000,,,,False,65,16,0,0,PartType0,3227695,261,261,True,kg,9.98660172141258e+19,2.3982206210392687e+19,1.0,True,"-1,2147483647",20,1.4174401802286277e+19,0.1419341853741668,8.569161542900806e+19,0.8580658146258329
Ma_xp_A2000_n65_r16_v00_90000_fof_0.0040_0000.hdf5,Ma_xp_A2000_n65_r16_v00_90000.hdf5,A2000,n65,r16,v00,,90000,0.004,774367,9.987868406622777e+19,56.0,4.45892042878e+19,0.446058255194,4.03616321275e+19,0.403766774742,2.8833984591674737e+18,209.0,5.960110540409999e+19,0.596233225258,2.398239151269006e+19,9.99627375316e+19,4.03616321275e+19,0.403766774742,/rds/general/user/nny124/home/irp-nny124/martian_moon_data/Ma_xp_A2000_n65_r16_v00_90000.hdf5,particle_level_raw_snapshot_parent_normalized,All raw asteroid particles in the physical snapshot are included in the denominator; all raw bound/captured asteroid particles are included in the numerator. No FoF background or unresolved material is discarded for the particle-level metrics.,Ma_xp_A2000_n65_r16_v00_90000_fof_0.0040_0000,Ma_xp_A2000_n65_r16_v00_90000_fof_0.0040_0000.hdf5,/rds/general/ephemeral/user/nny124/ephemeral/martian_moons_data/Ma_xp_A2000_n65_r16_v00_90000_fof_0.0040_0000.hdf5,462775088,2000,,,,False,65,16,0,0,PartType0,3227695,265,265,True,kg,9.987868406622777e+19,2.3982392032524677e+19,1.0,True,"-1,2147483647",20,1.4176879427651291e+19,0.1419409912803666,8.570180466332169e+19,0.8580590087196333
Ma_xp_A2000_n65_r16_v00_90000_fof_0.0045_0000.hdf5,Ma_xp_A2000_n65_r16_v00_90000.hdf5,A2000,n65,r16,v00,,90000,0.0045,774368,9.988500201646018e+19,56.0,4.45892042878e+19,0.446058255194,4.03616321275e+19,0.403766774742,2.8833984591674737e+18,210.0,5.960110540409999e+19,0.596233225258,2.3982422483007123e+19,9.99627375316e+19,4.03616321275e+19,0.403766774742,/rds/general/user/nny124/home/irp-nny124/martian_moon_data/Ma_xp_A2000_n65_r16_v00_90000.hdf5,particle_level_raw_snapshot_parent_normalized,All raw asteroid particles in the physical snapshot are included in the denominator; all raw bound/captured asteroid particles are included in the numerator. No FoF background or unresolved material is discarded for the particle-level metrics.,Ma_xp_A2000_n65_r16_v00_90000_fof_0.0045_0000,Ma_xp_A2000_n65_r16_v00_90000_fof_0.0045_0000.hdf5,/rds/general/ephemeral/user/nny124/ephemeral/martian_moons_data/Ma_xp_A2000_n65_r16_v00_90000_fof_0.0045_0000.hdf5,462775088,2000,,,,False,65,16,0,0,PartType0,3227695,266,266,True,kg,9.988500201646018e+19,2.3982423002459628e+19,1.0,True,"-1,2147483647",20,1.4177622715260797e+19,0.1419394546360435,8.570737932039297e+19,0.8580605453639565
Ma_xp_A2000_n65_r16_v00_90000_fof_0.0050_0000.hdf5,Ma_xp_A2000_n65_r16_v00_90000.hdf5,A2000,n65,r16,v00,,90000,0.005,774369,9.988809905305264e+19,56.0,4.45892042878e+19,0.446058255194,4.03616321275e+19,0.403766774742,2.8833984591674737e+18,211.0,5.960110540409999e+19,0.596233225258,2.3982453453324186e+19,9.99627375316e+19,4.03616321275e+19,0.403766774742,/rds/general/user/nny124/home/irp-nny124/martian_moon_data/Ma_xp_A2000_n65_r16_v00_90000.hdf5,particle_level_raw_snapshot_parent_normalized,All raw asteroid particles in the physical snapshot are included in the denominator; all raw bound/captured asteroid particles are included in the numerator. No FoF background or unresolved material is discarded for the particle-level metrics.,Ma_xp_A2000_n65_r16_v00_90000_fof_0.0050_0000,Ma_xp_A2000_n65_r16_v00_90000_fof_0.0050_0000.hdf5,/rds/general/ephemeral/user/nny124/ephemeral/martian_moons_data/Ma_xp_A2000_n65_r16_v00_90000_fof_0.0050_0000.hdf5,462775088,2000,,,,False,65,16,0,0,PartType0,3227695,267,267,True,kg,9.988809905305264e+19,2.39824539733348e+19,1.0,True,"-1,2147483647",20,1.417802532938261e+19,0.1419390844531097,8.571007373797743e+19,0.8580609155468901
Ma_xp_A2000_n65_r16_v00_90000_fof_0.0060_0000.hdf5,Ma_xp_A2000_n65_r16_v00_90000.hdf5,A2000,n65,r16,v00,,90000,0.006,774369,9.989333301962182e+19,56.0,4.45892042878e+19,0.446058255194,4.03616321275e+19,0.403766774742,2.8833984591674737e+18,209.0,5.960110540409999e+19,0.596233225258,2.3982453453324186e+19,9.99627375316e+19,4.03616321275e+19,0.403766774742,/rds/general/user/nny124/home/irp-nny124/martian_moon_data/Ma_xp_A2000_n65_r16_v00_90000.hdf5,particle_level_raw_snapshot_parent_normalized,All raw asteroid particles in the physical snapshot are included in the denominator; all raw bound/captured asteroid particles are included in the numerator. No FoF background or unresolved material is discarded for the particle-level metrics.,Ma_xp_A2000_n65_r16_v00_90000_fof_0.0060_0000,Ma_xp_A2000_n65_r16_v00_90000_fof_0.0060_0000.hdf5,/rds/general/ephemeral/user/nny124/ephemeral/martian_moons_data/Ma_xp_A2000_n65_r16_v00_90000_fof_0.0060_0000.hdf5,462775088,2000,,,,False,65,16,0,0,PartType0,3227695,265,265,True,kg,9.989333301962182e+19,2.39824539733348e+19,1.0,True,"-1,2147483647",20,1.4178675706040928e+19,0.1419381581632688,8.571465734490271e+19,0.8580618418367312
Ma_xp_A2000_n65_r16_v00_90000_fof_0.0080_0000.hdf5,Ma_xp_A2000_n65_r16_v00_90000.hdf5,A2000,n65,r16,v00,,90000,0.008,774371,9.990154016313524e+19,55.0,4.45892042878e+19,0.446058255194,4.03616321275e+19,0.403766774742,2.8833984591674737e+18,203.0,5.960110540409999e+19,0.596233225258,2.398251539395831e+19,9.99627375316e+19,4.03616321275e+19,0.403766774742,/rds/general/user/nny124/home/irp-nny124/martian_moon_data/Ma_xp_A2000_n65_r16_v00_90000.hdf5,particle_level_raw_snapshot_parent_normalized,All raw asteroid particles in the physical snapshot are included in the denominator; all raw bound/captured asteroid particles are included in the numerator. No FoF background or unresolved material is discarded for the particle-level metrics.,Ma_xp_A2000_n65_r16_v00_90000_fof_0.0080_0000,Ma_xp_A2000_n65_r16_v00_90000_fof_0.0080_0000.hdf5,/rds/general/ephemeral/user/nny124/ephemeral/martian_moons_data/Ma_xp_A2000_n65_r16_v00_90000_fof_0.0080_0000.hdf5,462775088,2000,,,,False,65,16,0,0,PartType0,3227695,258,258,True,kg,9.990154016313524e+19,2.3982515914113696e+19,1.0,True,"-1,2147483647",20,1.4179604815552805e+19,0.1419357978795883,8.572193536941244e+19,0.8580642021204115
,Ma_xp_A2000_n65_r16_v00_96000.hdf5,A2000,n65,r16,v00,,96000,0.004,774886,9.99057831048184e+19,,,,,,,,,,,,,,,,,Ma_xp_A2000_n65_r16_v00_96000_fof_0.0040_0000,Ma_xp_A2000_n65_r16_v00_96000_fof_0.0040_0000.hdf5,/rds/general/ephemeral/user/nny124/ephemeral/martian_moons_data/Ma_xp_A2000_n65_r16_v00_96000_fof_0.0040_0000.hdf5,462775088,2000,,,,False,65,16,0,0,PartType0,3227695,208,208,True,kg,9.99057831048184e+19,2.3998465623876153e+19,1.0,True,"-1,2147483647",20,,,,
Ma_xp_A2000_n65_r16_v02_90000_fof_0.0040_0000.hdf5,Ma_xp_A2000_n65_r16_v02_90000.hdf5,A2000,n65,r16,v02,,90000,0.004,823009,9.988240050853542e+19,42.0,4.06466209851e+19,0.406617725653,3.69608125812e+19,0.369745902262,2.9722832691372964e+18,211.0,6.300192495039999e+19,0.630254097738,2.548884967522687e+19,9.99627375316e+19,3.69608125812e+19,0.369745902262,/rds/general/user/nny124/home/irp-nny124/martian_moon_data/Ma_xp_A2000_n65_r16_v02_90000.hdf5,particle_level_raw_snapshot_parent_normalized,All raw asteroid particles in the physical snapshot are included in the denominator; all raw bound/captured asteroid particles are included in the numerator. No FoF background or unresolved material is discarded for the particle-level metrics.,Ma_xp_A2000_n65_r16_v02_90000_fof_0.0040_0000,Ma_xp_A2000_n65_r16_v02_90000_fof_0.0040_0000.hdf5,/rds/general/ephemeral/user/nny124/ephemeral/martian_moons_data/Ma_xp_A2000_n65_r16_v02_90000_fof_0.0040_0000.hdf5,462775088,2000,,,,False,65,16,2,0,PartType0,3227695,253,253,True,kg,9.988240050853542e+19,2.5488850336325874e+19,1.0,True,"-1,2147483647",20,1.3190381918254498e+19,0.1320591200090783,8.669201861074896e+19,0.8679408799909215
Ma_xp_A2000_n65_r16_v04_90000_fof_0.0040_0000.hdf5,Ma_xp_A2000_n65_r16_v04_90000.hdf5,A2000,n65,r16,v04,,90000,0.004,924840,9.988320578988466e+19,23.0,3.33960981169e+19,0.334085469662,2.98316623855e+19,0.29842782543,3.1905930341119585e+18,186.0,7.01310751461e+19,0.70157217457,2.8642588031982055e+19,9.99627375316e+19,2.98316623855e+19,0.29842782543,/rds/general/user/nny124/home/irp-nny124/martian_moon_data/Ma_xp_A2000_n65_r16_v04_90000.hdf5,particle_level_raw_snapshot_parent_normalized,All raw asteroid particles in the physical snapshot are included in the denominator; all raw bound/captured asteroid particles are included in the numerator. No FoF background or unresolved material is discarded for the particle-level metrics.,Ma_xp_A2000_n65_r16_v04_90000_fof_0.0040_0000,Ma_xp_A2000_n65_r16_v04_90000_fof_0.0040_0000.hdf5,/rds/general/ephemeral/user/nny124/ephemeral/martian_moons_data/Ma_xp_A2000_n65_r16_v04_90000_fof_0.0040_0000.hdf5,462775088,2000,,,,False,65,16,4,0,PartType0,3227695,209,209,True,kg,9.988320578988466e+19,2.8642588553269113e+19,1.0,True,"-1,2147483647",20,7.171889233150896e+18,0.0718027538141177,9.271131652407414e+19,0.9281972461858824
Ma_xp_A2000_n65_r16_v06_90000_fof_0.0040_0000.hdf5,Ma_xp_A2000_n65_r16_v06_90000.hdf5,A2000,n65,r16,v06,,90000,0.004,1035800,9.988927592022812e+19,0.0,2.3133866766e+19,0.231424902291,1.9581974013e+19,0.195892734599,0.0,191.0,8.038076351859999e+19,0.804107265401,3.2079054413197554e+19,9.99627375316e+19,1.9581974013e+19,0.195892734599,/rds/general/user/nny124/home/irp-nny124/martian_moon_data/Ma_xp_A2000_n65_r16_v06_90000.hdf5,particle_level_raw_snapshot_parent_normalized,All raw asteroid particles in the physical snapshot are included in the denominator; all raw bound/captured asteroid particles are included in the numerator. No FoF background or unresolved material is discarded for the particle-level metrics.,Ma_xp_A2000_n65_r16_v06_90000_fof_0.0040_0000,Ma_xp_A2000_n65_r16_v06_90000_fof_0.0040_0000.hdf5,/rds/general/ephemeral/user/nny124/ephemeral/martian_moons_data/Ma_xp_A2000_n65_r16_v06_90000_fof_0.0040_0000.hdf5,462775088,2000,,,,False,65,16,6,0,PartType0,3227695,191,191,True,kg,9.988927592022812e+19,3.207905509638647e+19,1.0,True,"-1,2147483647",20,0.0,0.0,9.988927593926487e+19,1.0
Ma_xp_A2000_n65_r16_v08_90000_fof_0.0040_0000.hdf5,Ma_xp_A2000_n65_r16_v08_90000.hdf5,A2000,n65,r16,v08,,90000,0.004,1251650,9.989413828113264e+19,0.0,7.64489888565e+18,0.0764774862557,6.25303089622e+18,0.0625536179844,0.0,152.0,9.370970663538e+19,0.9374463820156,3.876399735106134e+19,9.99627375316e+19,6.25303089622e+18,0.0625536179844,/rds/general/user/nny124/home/irp-nny124/martian_moon_data/Ma_xp_A2000_n65_r16_v08_90000.hdf5,particle_level_raw_snapshot_parent_normalized,All raw asteroid particles in the physical snapshot are included in the denominator; all raw bound/captured asteroid particles are included in the numerator. No FoF background or unresolved material is discarded for the particle-level metrics.,Ma_xp_A2000_n65_r16_v08_90000_fof_0.0040_0000,Ma_xp_A2000_n65_r16_v08_90000_fof_0.0040_0000.hdf5,/rds/general/ephemeral/user/nny124/ephemeral/martian_moons_data/Ma_xp_A2000_n65_r16_v08_90000_fof_0.0040_0000.hdf5,462775088,2000,,,,False,65,16,8,0,PartType0,3227695,152,152,True,kg,9.989413828113264e+19,3.876399865711665e+19,1.0,True,"-1,2147483647",20,0.0,0.0,9.989413827884818e+19,1.0
Ma_xp_A2000_n65_r16_v10_90000_fof_0.0040_0000.hdf5,Ma_xp_A2000_n65_r16_v10_90000.hdf5,A2000,n65,r16,v10,,90000,0.004,1828576,9.944596701774202e+19,0.0,0.0,0.0,0.0,0.0,0.0,232.0,9.99627375316e+19,1.0,5.663157849245583e+19,9.99627375316e+19,0.0,0.0,/rds/general/user/nny124/home/irp-nny124/martian_moon_data/Ma_xp_A2000_n65_r16_v10_90000.hdf5,particle_level_raw_snapshot_parent_normalized,All raw asteroid particles in the physical snapshot are included in the denominator; all raw bound/captured asteroid particles are included in the numerator. No FoF background or unresolved material is discarded for the particle-level metrics.,Ma_xp_A2000_n65_r16_v10_90000_fof_0.0040_0000,Ma_xp_A2000_n65_r16_v10_90000_fof_0.0040_0000.hdf5,/rds/general/ephemeral/user/nny124/ephemeral/martian_moons_data/Ma_xp_A2000_n65_r16_v10_90000_fof_0.0040_0000.hdf5,462775088,2000,,,,False,65,16,10,0,PartType0,3227695,232,232,True,kg,9.944596701774202e+19,5.663157789974288e+19,1.0,True,"-1,2147483647",20,0.0,0.0,9.944596682037058e+19,1.0
Ma_xp_A2000_n65_r17_v00_90000_fof_0.0010_0000.hdf5,Ma_xp_A2000_n65_r17_v00_90000.hdf5,A2000,n65,r17,v00,,90000,0.001,0,0.0,0.0,3.87861101579e+19,0.388005682073,3.35818580787e+19,0.335943761725,0.0,0.0,6.63808794529e+19,0.6640562382749999,0.0,9.99627375316e+19,3.35818580787e+19,0.335943761725,/rds/general/user/nny124/home/irp-nny124/martian_moon_data/Ma_xp_A2000_n65_r17_v00_90000.hdf5,particle_level_raw_snapshot_parent_normalized,All raw asteroid particles in the physical snapshot are included in the denominator; all raw bound/captured asteroid particles are included in the numerator. No FoF background or unresolved material is discarded for the particle-level metrics.,Ma_xp_A2000_n65_r17_v00_90000_fof_0.0010_0000,Ma_xp_A2000_n65_r17_v00_90000_fof_0.0010_0000.hdf5,/rds/general/ephemeral/user/nny124/ephemeral/martian_moons_data/Ma_xp_A2000_n65_r17_v00_90000_fof_0.0010_0000.hdf5,462775088,2000,,,,False,65,17,0,0,PartType0,3227695,0,0,True,kg,0.0,0.0,,True,"-1,2147483647",20,0.0,0.0,0.0,0.0
Ma_xp_A2000_n65_r17_v00_90000_fof_0.0020_0000.hdf5,Ma_xp_A2000_n65_r17_v00_90000.hdf5,A2000,n65,r17,v00,,90000,0.002,18999,9.501540958432717e+18,377.0,3.87861101579e+19,0.388005682073,3.35818580787e+19,0.335943761725,4.226828872712035e+17,3763.0,6.63808794529e+19,0.6640562382749999,5.884050538734758e+17,9.99627375316e+19,3.35818580787e+19,0.335943761725,/rds/general/user/nny124/home/irp-nny124/martian_moon_data/Ma_xp_A2000_n65_r17_v00_90000.hdf5,particle_level_raw_snapshot_parent_normalized,All raw asteroid particles in the physical snapshot are included in the denominator; all raw bound/captured asteroid particles are included in the numerator. No FoF background or unresolved material is discarded for the particle-level metrics.,Ma_xp_A2000_n65_r17_v00_90000_fof_0.0020_0000,Ma_xp_A2000_n65_r17_v00_90000_fof_0.0020_0000.hdf5,/rds/general/ephemeral/user/nny124/ephemeral/martian_moons_data/Ma_xp_A2000_n65_r17_v00_90000_fof_0.0020_0000.hdf5,462775088,2000,,,,False,65,17,0,0,PartType0,3227695,4140,4140,True,kg,9.501540958432717e+18,5.884050910605989e+17,1.0,True,"-1,2147483647",20,1.0271305653833692e+18,0.1081015010022898,8.474407857858432e+18,0.8918984989977101
Ma_xp_A2000_n65_r17_v00_90000_fof_0.0030_0000.hdf5,Ma_xp_A2000_n65_r17_v00_90000.hdf5,A2000,n65,r17,v00,,90000,0.003,1357274,9.98691142421566e+19,22.0,3.87861101579e+19,0.388005682073,3.35818580787e+19,0.335943761725,5.080154018746471e+18,168.0,6.63808794529e+19,0.6640562382749999,4.203520612043324e+19,9.99627375316e+19,3.35818580787e+19,0.335943761725,/rds/general/user/nny124/home/irp-nny124/martian_moon_data/Ma_xp_A2000_n65_r17_v00_90000.hdf5,particle_level_raw_snapshot_parent_normalized,All raw asteroid particles in the physical snapshot are included in the denominator; all raw bound/captured asteroid particles are included in the numerator. No FoF background or unresolved material is discarded for the particle-level metrics.,Ma_xp_A2000_n65_r17_v00_90000_fof_0.0030_0000,Ma_xp_A2000_n65_r17_v00_90000_fof_0.0030_0000.hdf5,/rds/general/ephemeral/user/nny124/ephemeral/martian_moons_data/Ma_xp_A2000_n65_r17_v00_90000_fof_0.0030_0000.hdf5,462775088,2000,,,,False,65,17,0,0,PartType0,3227695,190,190,True,kg,9.98691142421566e+19,4.203520767088335e+19,1.0,True,"-1,2147483647",20,8.92580022905097e+18,0.0893749813938544,9.09433140336651e+19,0.9106250186061456
Ma_xp_A2000_n65_r17_v00_90000_fof_0.0035_0000.hdf5,Ma_xp_A2000_n65_r17_v00_90000.hdf5,A2000,n65,r17,v00,,90000,0.0035,1357294,9.988196691642176e+19,22.0,3.87861101579e+19,0.388005682073,3.35818580787e+19,0.335943761725,5.080154018746471e+18,167.0,6.63808794529e+19,0.6640562382749999,4.203582552677448e+19,9.99627375316e+19,3.35818580787e+19,0.335943761725,/rds/general/user/nny124/home/irp-nny124/martian_moon_data/Ma_xp_A2000_n65_r17_v00_90000.hdf5,particle_level_raw_snapshot_parent_normalized,All raw asteroid particles in the physical snapshot are included in the denominator; all raw bound/captured asteroid particles are included in the numerator. No FoF background or unresolved material is discarded for the particle-level metrics.,Ma_xp_A2000_n65_r17_v00_90000_fof_0.0035_0000,Ma_xp_A2000_n65_r17_v00_90000_fof_0.0035_0000.hdf5,/rds/general/ephemeral/user/nny124/ephemeral/martian_moons_data/Ma_xp_A2000_n65_r17_v00_90000_fof_0.0035_0000.hdf5,462775088,2000,,,,False,65,17,0,0,PartType0,3227695,189,189,True,kg,9.988196691642176e+19,4.20358270743459e+19,1.0,True,"-1,2147483647",20,8.926295754123974e+18,0.0893684418439822,9.095567119017307e+19,0.9106315581560176
Ma_xp_A2000_n65_r17_v00_90000_fof_0.0040_0000.hdf5,Ma_xp_A2000_n65_r17_v00_90000.hdf5,A2000,n65,r17,v00,,90000,0.004,1357307,9.98886565119937e+19,23.0,3.87861101579e+19,0.388005682073,3.35818580787e+19,0.335943761725,5.080154018746471e+18,164.0,6.63808794529e+19,0.6640562382749999,4.203622814089629e+19,9.99627375316e+19,3.35818580787e+19,0.335943761725,/rds/general/user/nny124/home/irp-nny124/martian_moon_data/Ma_xp_A2000_n65_r17_v00_90000.hdf5,particle_level_raw_snapshot_parent_normalized,All raw asteroid particles in the physical snapshot are included in the denominator; all raw bound/captured asteroid particles are included in the numerator. No FoF background or unresolved material is discarded for the particle-level metrics.,Ma_xp_A2000_n65_r17_v00_90000_fof_0.0040_0000,Ma_xp_A2000_n65_r17_v00_90000_fof_0.0040_0000.hdf5,/rds/general/ephemeral/user/nny124/ephemeral/martian_moons_data/Ma_xp_A2000_n65_r17_v00_90000_fof_0.0040_0000.hdf5,462775088,2000,,,,False,65,17,0,0,PartType0,3227695,187,187,True,kg,9.98886565119937e+19,4.203622968891605e+19,1.0,True,"-1,2147483647",20,8.927224863635854e+18,0.089371758250708,9.096143166914676e+19,0.910628241749292
Ma_xp_A2000_n65_r17_v00_90000_fof_0.0045_0000.hdf5,Ma_xp_A2000_n65_r17_v00_90000.hdf5,A2000,n65,r17,v00,,90000,0.0045,1357313,9.989246586056984e+19,23.0,3.87861101579e+19,0.388005682073,3.35818580787e+19,0.335943761725,5.080215959380598e+18,162.0,6.63808794529e+19,0.6640562382749999,4.203641396279866e+19,9.99627375316e+19,3.35818580787e+19,0.335943761725,/rds/general/user/nny124/home/irp-nny124/martian_moon_data/Ma_xp_A2000_n65_r17_v00_90000.hdf5,particle_level_raw_snapshot_parent_normalized,All raw asteroid particles in the physical snapshot are included in the denominator; all raw bound/captured asteroid particles are included in the numerator. No FoF background or unresolved material is discarded for the particle-level metrics.,Ma_xp_A2000_n65_r17_v00_90000_fof_0.0045_0000,Ma_xp_A2000_n65_r17_v00_90000_fof_0.0045_0000.hdf5,/rds/general/ephemeral/user/nny124/ephemeral/martian_moons_data/Ma_xp_A2000_n65_r17_v00_90000_fof_0.0045_0000.hdf5,462775088,2000,,,,False,65,17,0,0,PartType0,3227695,185,185,True,kg,9.989246586056984e+19,4.203641551090578e+19,1.0,True,"-1,2147483647",20,8.927534566806481e+18,0.0893714504692661,9.096493131497488e+19,0.910628549530734
Ma_xp_A2000_n65_r17_v00_90000_fof_0.0050_0000.hdf5,Ma_xp_A2000_n65_r17_v00_90000.hdf5,A2000,n65,r17,v00,,90000,0.005,1357319,9.989646103312374e+19,24.0,3.87861101579e+19,0.388005682073,3.35818580787e+19,0.335943761725,5.080215959380598e+18,162.0,6.63808794529e+19,0.6640562382749999,4.2036599784701034e+19,9.99627375316e+19,3.35818580787e+19,0.335943761725,/rds/general/user/nny124/home/irp-nny124/martian_moon_data/Ma_xp_A2000_n65_r17_v00_90000.hdf5,particle_level_raw_snapshot_parent_normalized,All raw asteroid particles in the physical snapshot are included in the denominator; all raw bound/captured asteroid particles are included in the numerator. No FoF background or unresolved material is discarded for the particle-level metrics.,Ma_xp_A2000_n65_r17_v00_90000_fof_0.0050_0000,Ma_xp_A2000_n65_r17_v00_90000_fof_0.0050_0000.hdf5,/rds/general/ephemeral/user/nny124/ephemeral/martian_moons_data/Ma_xp_A2000_n65_r17_v00_90000_fof_0.0050_0000.hdf5,462775088,2000,,,,False,65,17,0,0,PartType0,3227695,186,186,True,kg,9.989646103312374e+19,4.203660133303778e+19,1.0,True,"-1,2147483647",20,8.928587557586612e+18,0.0893784170480067,9.09678734950958e+19,0.9106215829519932
Ma_xp_A2000_n65_r17_v00_90000_fof_0.0060_0000.hdf5,Ma_xp_A2000_n65_r17_v00_90000.hdf5,A2000,n65,r17,v00,,90000,0.006,1357321,9.989983679525885e+19,24.0,3.87861101579e+19,0.388005682073,3.35818580787e+19,0.335943761725,5.080308870331787e+18,162.0,6.63808794529e+19,0.6640562382749999,4.203666172533516e+19,9.99627375316e+19,3.35818580787e+19,0.335943761725,/rds/general/user/nny124/home/irp-nny124/martian_moon_data/Ma_xp_A2000_n65_r17_v00_90000.hdf5,particle_level_raw_snapshot_parent_normalized,All raw asteroid particles in the physical snapshot are included in the denominator; all raw bound/captured asteroid particles are included in the numerator. No FoF background or unresolved material is discarded for the particle-level metrics.,Ma_xp_A2000_n65_r17_v00_90000_fof_0.0060_0000,Ma_xp_A2000_n65_r17_v00_90000_fof_0.0060_0000.hdf5,/rds/general/ephemeral/user/nny124/ephemeral/martian_moons_data/Ma_xp_A2000_n65_r17_v00_90000_fof_0.0060_0000.hdf5,462775088,2000,,,,False,65,17,0,0,PartType0,3227695,186,186,True,kg,9.989983679525885e+19,4.203666327349054e+19,1.0,True,"-1,2147483647",20,8.929083082659616e+18,0.0893803570369646,9.097075373458263e+19,0.9106196429630352
Ma_xp_A2000_n65_r17_v00_90000_fof_0.0080_0000.hdf5,Ma_xp_A2000_n65_r17_v00_90000.hdf5,A2000,n65,r17,v00,,90000,0.008,1357324,9.990479204495552e+19,24.0,3.87861101579e+19,0.388005682073,3.35818580787e+19,0.335943761725,5.080308870331787e+18,161.0,6.63808794529e+19,0.6640562382749999,4.2036754636286345e+19,9.99627375316e+19,3.35818580787e+19,0.335943761725,/rds/general/user/nny124/home/irp-nny124/martian_moon_data/Ma_xp_A2000_n65_r17_v00_90000.hdf5,particle_level_raw_snapshot_parent_normalized,All raw asteroid particles in the physical snapshot are included in the denominator; all raw bound/captured asteroid particles are included in the numerator. No FoF background or unresolved material is discarded for the particle-level metrics.,Ma_xp_A2000_n65_r17_v00_90000_fof_0.0080_0000,Ma_xp_A2000_n65_r17_v00_90000_fof_0.0080_0000.hdf5,/rds/general/ephemeral/user/nny124/ephemeral/martian_moons_data/Ma_xp_A2000_n65_r17_v00_90000_fof_0.0080_0000.hdf5,462775088,2000,,,,False,65,17,0,0,PartType0,3227695,185,185,True,kg,9.990479204495552e+19,4.203675618451317e+19,1.0,True,"-1,2147483647",20,8.929299874879055e+18,0.0893780937835676,9.09754921930932e+19,0.910621906216432
Ma_xp_A2000_n65_r18_v00_90000_fof_0.0010_0000.hdf5,Ma_xp_A2000_n65_r18_v00_90000.hdf5,A2000,n65,r18,v00,,90000,0.001,0,0.0,0.0,4.14916770565e+19,0.415071436428,2.46145885951e+19,0.246237640174,0.0,0.0,7.534814893649999e+19,0.753762359826,0.0,9.99627375316e+19,2.46145885951e+19,0.246237640174,/rds/general/user/nny124/home/irp-nny124/martian_moon_data/Ma_xp_A2000_n65_r18_v00_90000.hdf5,particle_level_raw_snapshot_parent_normalized,All raw asteroid particles in the physical snapshot are included in the denominator; all raw bound/captured asteroid particles are included in the numerator. No FoF background or unresolved material is discarded for the particle-level metrics.,Ma_xp_A2000_n65_r18_v00_90000_fof_0.0010_0000,Ma_xp_A2000_n65_r18_v00_90000_fof_0.0010_0000.hdf5,/rds/general/ephemeral/user/nny124/ephemeral/martian_moons_data/Ma_xp_A2000_n65_r18_v00_90000_fof_0.0010_0000.hdf5,462775088,2000,,,,False,65,18,0,0,PartType0,3227695,0,0,True,kg,0.0,0.0,,True,"-1,2147483647",20,0.0,0.0,0.0,0.0
Ma_xp_A2000_n65_r18_v00_90000_fof_0.0020_0000.hdf5,Ma_xp_A2000_n65_r18_v00_90000.hdf5,A2000,n65,r18,v00,,90000,0.002,20867,6.648801113655938e+18,0.0,4.14916770565e+19,0.415071436428,2.46145885951e+19,0.246237640174,0.0,3714.0,7.534814893649999e+19,0.753762359826,6.462576061465172e+17,9.99627375316e+19,2.46145885951e+19,0.246237640174,/rds/general/user/nny124/home/irp-nny124/martian_moon_data/Ma_xp_A2000_n65_r18_v00_90000.hdf5,particle_level_raw_snapshot_parent_normalized,All raw asteroid particles in the physical snapshot are included in the denominator; all raw bound/captured asteroid particles are included in the numerator. No FoF background or unresolved material is discarded for the particle-level metrics.,Ma_xp_A2000_n65_r18_v00_90000_fof_0.0020_0000,Ma_xp_A2000_n65_r18_v00_90000_fof_0.0020_0000.hdf5,/rds/general/ephemeral/user/nny124/ephemeral/martian_moons_data/Ma_xp_A2000_n65_r18_v00_90000_fof_0.0020_0000.hdf5,462775088,2000,,,,False,65,18,0,0,PartType0,3227695,3714,3714,True,kg,6.648801113655938e+18,6.462578878463791e+17,1.0,True,"-1,2147483647",20,0.0,0.0,6.648800577965236e+18,1.0
Ma_xp_A2000_n65_r18_v00_90000_fof_0.0030_0000.hdf5,Ma_xp_A2000_n65_r18_v00_90000.hdf5,A2000,n65,r18,v00,,90000,0.003,2243087,9.98485499157218e+19,0.0,4.14916770565e+19,0.415071436428,2.46145885951e+19,0.246237640174,0.0,114.0,7.534814893649999e+19,0.753762359826,6.94691155882022e+19,9.99627375316e+19,2.46145885951e+19,0.246237640174,/rds/general/user/nny124/home/irp-nny124/martian_moon_data/Ma_xp_A2000_n65_r18_v00_90000.hdf5,particle_level_raw_snapshot_parent_normalized,All raw asteroid particles in the physical snapshot are included in the denominator; all raw bound/captured asteroid particles are included in the numerator. No FoF background or unresolved material is discarded for the particle-level metrics.,Ma_xp_A2000_n65_r18_v00_90000_fof_0.0030_0000,Ma_xp_A2000_n65_r18_v00_90000_fof_0.0030_0000.hdf5,/rds/general/ephemeral/user/nny124/ephemeral/martian_moons_data/Ma_xp_A2000_n65_r18_v00_90000_fof_0.0030_0000.hdf5,462775088,2000,,,,False,65,18,0,0,PartType0,3227695,114,114,True,kg,9.98485499157218e+19,6.946911503904104e+19,1.0,True,"-1,2147483647",20,0.0,0.0,9.984854997171518e+19,1.0
Ma_xp_A2000_n65_r18_v00_90000_fof_0.0035_0000.hdf5,Ma_xp_A2000_n65_r18_v00_90000.hdf5,A2000,n65,r18,v00,,90000,0.0035,2243329,9.986338470536164e+19,0.0,4.14916770565e+19,0.415071436428,2.46145885951e+19,0.246237640174,0.0,115.0,7.534814893649999e+19,0.753762359826,6.947661040493124e+19,9.99627375316e+19,2.46145885951e+19,0.246237640174,/rds/general/user/nny124/home/irp-nny124/martian_moon_data/Ma_xp_A2000_n65_r18_v00_90000.hdf5,particle_level_raw_snapshot_parent_normalized,All raw asteroid particles in the physical snapshot are included in the denominator; all raw bound/captured asteroid particles are included in the numerator. No FoF background or unresolved material is discarded for the particle-level metrics.,Ma_xp_A2000_n65_r18_v00_90000_fof_0.0035_0000,Ma_xp_A2000_n65_r18_v00_90000_fof_0.0035_0000.hdf5,/rds/general/ephemeral/user/nny124/ephemeral/martian_moons_data/Ma_xp_A2000_n65_r18_v00_90000_fof_0.0035_0000.hdf5,462775088,2000,,,,False,65,18,0,0,PartType0,3227695,115,115,True,kg,9.986338470536164e+19,6.947660987040429e+19,1.0,True,"-1,2147483647",20,0.0,0.0,9.986338475358808e+19,1.0
Ma_xp_A2000_n65_r18_v00_90000_fof_0.0040_0000.hdf5,Ma_xp_A2000_n65_r18_v00_90000.hdf5,A2000,n65,r18,v00,,90000,0.004,2243563,9.987602059622303e+19,0.0,4.14916770565e+19,0.415071436428,2.46145885951e+19,0.246237640174,0.0,117.0,7.534814893649999e+19,0.753762359826,6.948385745912378e+19,9.99627375316e+19,2.46145885951e+19,0.246237640174,/rds/general/user/nny124/home/irp-nny124/martian_moon_data/Ma_xp_A2000_n65_r18_v00_90000.hdf5,particle_level_raw_snapshot_parent_normalized,All raw asteroid particles in the physical snapshot are included in the denominator; all raw bound/captured asteroid particles are included in the numerator. No FoF background or unresolved material is discarded for the particle-level metrics.,Ma_xp_A2000_n65_r18_v00_90000_fof_0.0040_0000,Ma_xp_A2000_n65_r18_v00_90000_fof_0.0040_0000.hdf5,/rds/general/ephemeral/user/nny124/ephemeral/martian_moons_data/Ma_xp_A2000_n65_r18_v00_90000_fof_0.0040_0000.hdf5,462775088,2000,,,,False,65,18,0,0,PartType0,3227695,117,117,True,kg,9.987602059622303e+19,6.948385693363157e+19,1.0,True,"-1,2147483647",20,0.0,0.0,9.987602064294951e+19,1.0
Ma_xp_A2000_n65_r18_v00_90000_fof_0.0045_0000.hdf5,Ma_xp_A2000_n65_r18_v00_90000.hdf5,A2000,n65,r18,v00,,90000,0.0045,2243717,9.988323668913027e+19,0.0,4.14916770565e+19,0.415071436428,2.46145885951e+19,0.246237640174,0.0,115.0,7.534814893649999e+19,0.753762359826,6.948862688795135e+19,9.99627375316e+19,2.46145885951e+19,0.246237640174,/rds/general/user/nny124/home/irp-nny124/martian_moon_data/Ma_xp_A2000_n65_r18_v00_90000.hdf5,particle_level_raw_snapshot_parent_normalized,All raw asteroid particles in the physical snapshot are included in the denominator; all raw bound/captured asteroid particles are included in the numerator. No FoF background or unresolved material is discarded for the particle-level metrics.,Ma_xp_A2000_n65_r18_v00_90000_fof_0.0045_0000,Ma_xp_A2000_n65_r18_v00_90000_fof_0.0045_0000.hdf5,/rds/general/ephemeral/user/nny124/ephemeral/martian_moons_data/Ma_xp_A2000_n65_r18_v00_90000_fof_0.0045_0000.hdf5,462775088,2000,,,,False,65,18,0,0,PartType0,3227695,115,115,True,kg,9.988323668913027e+19,6.9488626379115954e+19,1.0,True,"-1,2147483647",20,0.0,0.0,9.988323672682504e+19,1.0
Ma_xp_A2000_n65_r18_v00_90000_fof_0.0050_0000.hdf5,Ma_xp_A2000_n65_r18_v00_90000.hdf5,A2000,n65,r18,v00,,90000,0.005,2243886,9.988967853063496e+19,0.0,4.14916770565e+19,0.415071436428,2.46145885951e+19,0.246237640174,0.0,116.0,7.534814893649999e+19,0.753762359826,6.9493860871534854e+19,9.99627375316e+19,2.46145885951e+19,0.246237640174,/rds/general/user/nny124/home/irp-nny124/martian_moon_data/Ma_xp_A2000_n65_r18_v00_90000.hdf5,particle_level_raw_snapshot_parent_normalized,All raw asteroid particles in the physical snapshot are included in the denominator; all raw bound/captured asteroid particles are included in the numerator. No FoF background or unresolved material is discarded for the particle-level metrics.,Ma_xp_A2000_n65_r18_v00_90000_fof_0.0050_0000,Ma_xp_A2000_n65_r18_v00_90000_fof_0.0050_0000.hdf5,/rds/general/ephemeral/user/nny124/ephemeral/martian_moons_data/Ma_xp_A2000_n65_r18_v00_90000_fof_0.0050_0000.hdf5,462775088,2000,,,,False,65,18,0,0,PartType0,3227695,116,116,True,kg,9.988967853063496e+19,6.9493860377381994e+19,1.0,True,"-1,2147483647",20,0.0,0.0,9.988967855277397e+19,1.0
Ma_xp_A2000_n65_r18_v00_90000_fof_0.0060_0000.hdf5,Ma_xp_A2000_n65_r18_v00_90000.hdf5,A2000,n65,r18,v00,,90000,0.006,2244071,9.989875280740246e+19,0.0,4.14916770565e+19,0.415071436428,2.46145885951e+19,0.246237640174,0.0,114.0,7.534814893649999e+19,0.753762359826,6.949959038019135e+19,9.99627375316e+19,2.46145885951e+19,0.246237640174,/rds/general/user/nny124/home/irp-nny124/martian_moon_data/Ma_xp_A2000_n65_r18_v00_90000.hdf5,particle_level_raw_snapshot_parent_normalized,All raw asteroid particles in the physical snapshot are included in the denominator; all raw bound/captured asteroid particles are included in the numerator. No FoF background or unresolved material is discarded for the particle-level metrics.,Ma_xp_A2000_n65_r18_v00_90000_fof_0.0060_0000,Ma_xp_A2000_n65_r18_v00_90000_fof_0.0060_0000.hdf5,/rds/general/ephemeral/user/nny124/ephemeral/martian_moons_data/Ma_xp_A2000_n65_r18_v00_90000_fof_0.0060_0000.hdf5,462775088,2000,,,,False,65,18,0,0,PartType0,3227695,114,114,True,kg,9.989875280740246e+19,6.949958986109239e+19,1.0,True,"-1,2147483647",20,0.0,0.0,9.989875285567324e+19,1.0
Ma_xp_A2000_n65_r18_v00_90000_fof_0.0080_0000.hdf5,Ma_xp_A2000_n65_r18_v00_90000.hdf5,A2000,n65,r18,v00,,90000,0.008,2244283,9.990931371446103e+19,0.0,4.14916770565e+19,0.415071436428,2.46145885951e+19,0.246237640174,0.0,110.0,7.534814893649999e+19,0.753762359826,6.9506156087408525e+19,9.99627375316e+19,2.46145885951e+19,0.246237640174,/rds/general/user/nny124/home/irp-nny124/martian_moon_data/Ma_xp_A2000_n65_r18_v00_90000.hdf5,particle_level_raw_snapshot_parent_normalized,All raw asteroid particles in the physical snapshot are included in the denominator; all raw bound/captured asteroid particles are included in the numerator. No FoF background or unresolved material is discarded for the particle-level metrics.,Ma_xp_A2000_n65_r18_v00_90000_fof_0.0080_0000,Ma_xp_A2000_n65_r18_v00_90000_fof_0.0080_0000.hdf5,/rds/general/ephemeral/user/nny124/ephemeral/martian_moons_data/Ma_xp_A2000_n65_r18_v00_90000_fof_0.0080_0000.hdf5,462775088,2000,,,,False,65,18,0,0,PartType0,3227695,110,110,True,kg,9.990931371446103e+19,6.950615558551488e+19,1.0,True,"-1,2147483647",20,0.0,0.0,9.990931373379151e+19,1.0
Ma_xp_A2000_n65_r18_v02_90000_fof_0.0040_0000.hdf5,Ma_xp_A2000_n65_r18_v02_90000.hdf5,A2000,n65,r18,v02,,90000,0.004,2327034,9.988116170897632e+19,0.0,3.43700836182e+19,0.343828955338,1.88743022681e+19,0.188813379207,0.0,97.0,8.10884352635e+19,0.811186620793,7.2068980794618e+19,9.99627375316e+19,1.88743022681e+19,0.188813379207,/rds/general/user/nny124/home/irp-nny124/martian_moon_data/Ma_xp_A2000_n65_r18_v02_90000.hdf5,particle_level_raw_snapshot_parent_normalized,All raw asteroid particles in the physical snapshot are included in the denominator; all raw bound/captured asteroid particles are included in the numerator. No FoF background or unresolved material is discarded for the particle-level metrics.,Ma_xp_A2000_n65_r18_v02_90000_fof_0.0040_0000,Ma_xp_A2000_n65_r18_v02_90000_fof_0.0040_0000.hdf5,/rds/general/ephemeral/user/nny124/ephemeral/martian_moons_data/Ma_xp_A2000_n65_r18_v02_90000_fof_0.0040_0000.hdf5,462775088,2000,,,,False,65,18,2,0,PartType0,3227695,97,97,True,kg,9.988116170897632e+19,7.2068980228806525e+19,1.0,True,"-1,2147483647",20,0.0,0.0,9.988116171551374e+19,1.0
Ma_xp_A2000_n65_r18_v04_90000_fof_0.0040_0000.hdf5,Ma_xp_A2000_n65_r18_v04_90000.hdf5,A2000,n65,r18,v04,,90000,0.004,2413599,9.992832950516353e+19,0.0,1.69454709215e+19,0.16951787576,1.42814971587e+19,0.142868207808,0.0,85.0,8.56812403729e+19,0.857131792192,7.47499262911025e+19,9.99627375316e+19,1.42814971587e+19,0.142868207808,/rds/general/user/nny124/home/irp-nny124/martian_moon_data/Ma_xp_A2000_n65_r18_v04_90000.hdf5,particle_level_raw_snapshot_parent_normalized,All raw asteroid particles in the physical snapshot are included in the denominator; all raw bound/captured asteroid particles are included in the numerator. No FoF background or unresolved material is discarded for the particle-level metrics.,Ma_xp_A2000_n65_r18_v04_90000_fof_0.0040_0000,Ma_xp_A2000_n65_r18_v04_90000_fof_0.0040_0000.hdf5,/rds/general/ephemeral/user/nny124/ephemeral/martian_moons_data/Ma_xp_A2000_n65_r18_v04_90000_fof_0.0040_0000.hdf5,462775088,2000,,,,False,65,18,4,0,PartType0,3227695,85,85,True,kg,9.992832950516353e+19,7.474992570662914e+19,1.0,True,"-1,2147483647",20,0.0,0.0,9.99283295083374e+19,1.0
Ma_xp_A2000_n65_r18_v06_90000_fof_0.0040_0000.hdf5,Ma_xp_A2000_n65_r18_v06_90000.hdf5,A2000,n65,r18,v06,,90000,0.004,2624570,9.98488286756013e+19,0.0,0.0,0.0,0.0,0.0,0.0,111.0,9.99627375316e+19,1.0,8.128376505202008e+19,9.99627375316e+19,0.0,0.0,/rds/general/user/nny124/home/irp-nny124/martian_moon_data/Ma_xp_A2000_n65_r18_v06_90000.hdf5,particle_level_raw_snapshot_parent_normalized,All raw asteroid particles in the physical snapshot are included in the denominator; all raw bound/captured asteroid particles are included in the numerator. No FoF background or unresolved material is discarded for the particle-level metrics.,Ma_xp_A2000_n65_r18_v06_90000_fof_0.0040_0000,Ma_xp_A2000_n65_r18_v06_90000_fof_0.0040_0000.hdf5,/rds/general/ephemeral/user/nny124/ephemeral/martian_moons_data/Ma_xp_A2000_n65_r18_v06_90000_fof_0.0040_0000.hdf5,462775088,2000,,,,False,65,18,6,0,PartType0,3227695,111,111,True,kg,9.98488286756013e+19,8.128376525725855e+19,1.0,True,"-1,2147483647",20,0.0,0.0,9.984882870426778e+19,1.0
Ma_xp_A2000_n65_r18_v08_90000_fof_0.0040_0000.hdf5,Ma_xp_A2000_n65_r18_v08_90000.hdf5,A2000,n65,r18,v08,,90000,0.004,2665776,9.950716409517148e+19,0.0,0.0,0.0,0.0,0.0,0.0,107.0,9.99627375316e+19,1.0,8.255992793688279e+19,9.99627375316e+19,0.0,0.0,/rds/general/user/nny124/home/irp-nny124/martian_moon_data/Ma_xp_A2000_n65_r18_v08_90000.hdf5,particle_level_raw_snapshot_parent_normalized,All raw asteroid particles in the physical snapshot are included in the denominator; all raw bound/captured asteroid particles are included in the numerator. No FoF background or unresolved material is discarded for the particle-level metrics.,Ma_xp_A2000_n65_r18_v08_90000_fof_0.0040_0000,Ma_xp_A2000_n65_r18_v08_90000_fof_0.0040_0000.hdf5,/rds/general/ephemeral/user/nny124/ephemeral/martian_moons_data/Ma_xp_A2000_n65_r18_v08_90000_fof_0.0040_0000.hdf5,462775088,2000,,,,False,65,18,8,0,PartType0,3227695,107,107,True,kg,9.950716409517148e+19,8.255992842152944e+19,1.0,True,"-1,2147483647",20,0.0,0.0,9.950716416638435e+19,1.0
Ma_xp_A2000_n65_r18_v10_90000_fof_0.0040_0000.hdf5,Ma_xp_A2000_n65_r18_v10_90000.hdf5,A2000,n65,r18,v10,,90000,0.004,2604691,9.99000226254968e+19,0.0,0.0,0.0,0.0,0.0,0.0,8.0,9.99627375316e+19,1.0,8.066810611914172e+19,9.99627375316e+19,0.0,0.0,/rds/general/user/nny124/home/irp-nny124/martian_moon_data/Ma_xp_A2000_n65_r18_v10_90000.hdf5,particle_level_raw_snapshot_parent_normalized,All raw asteroid particles in the physical snapshot are included in the denominator; all raw bound/captured asteroid particles are included in the numerator. No FoF background or unresolved material is discarded for the particle-level metrics.,Ma_xp_A2000_n65_r18_v10_90000_fof_0.0040_0000,Ma_xp_A2000_n65_r18_v10_90000_fof_0.0040_0000.hdf5,/rds/general/ephemeral/user/nny124/ephemeral/martian_moons_data/Ma_xp_A2000_n65_r18_v10_90000_fof_0.0040_0000.hdf5,462775088,2000,,,,False,65,18,10,0,PartType0,3227695,8,8,True,kg,9.99000226254968e+19,8.06681062186211e+19,1.0,True,"-1,2147483647",20,0.0,0.0,9.99000226383038e+19,1.0
Ma_xp_A2000_n65_r19_v00_90000_fof_0.0010_0000.hdf5,Ma_xp_A2000_n65_r19_v00_90000.hdf5,A2000,n65,r19,v00,,90000,0.001,0,0.0,0.0,5.75424774586e+19,0.575639271988,3.30522346866e+19,0.330645553561,0.0,0.0,6.691050284499999e+19,0.669354446439,0.0,9.99627375316e+19,3.30522346866e+19,0.330645553561,/rds/general/user/nny124/home/irp-nny124/martian_moon_data/Ma_xp_A2000_n65_r19_v00_90000.hdf5,particle_level_raw_snapshot_parent_normalized,All raw asteroid particles in the physical snapshot are included in the denominator; all raw bound/captured asteroid particles are included in the numerator. No FoF background or unresolved material is discarded for the particle-level metrics.,Ma_xp_A2000_n65_r19_v00_90000_fof_0.0010_0000,Ma_xp_A2000_n65_r19_v00_90000_fof_0.0010_0000.hdf5,/rds/general/ephemeral/user/nny124/ephemeral/martian_moons_data/Ma_xp_A2000_n65_r19_v00_90000_fof_0.0010_0000.hdf5,462775088,2000,,,,False,65,19,0,0,PartType0,3227695,0,0,True,kg,0.0,0.0,,True,"-1,2147483647",20,0.0,0.0,0.0,0.0
Ma_xp_A2000_n65_r19_v00_90000_fof_0.0020_0000.hdf5,Ma_xp_A2000_n65_r19_v00_90000.hdf5,A2000,n65,r19,v00,,90000,0.002,5197,3.46031454521306e+18,0.0,5.75424774586e+19,0.575639271988,3.30522346866e+19,0.330645553561,0.0,1388.0,6.691050284499999e+19,0.669354446439,1.6095273777469766e+17,9.99627375316e+19,3.30522346866e+19,0.330645553561,/rds/general/user/nny124/home/irp-nny124/martian_moon_data/Ma_xp_A2000_n65_r19_v00_90000.hdf5,particle_level_raw_snapshot_parent_normalized,All raw asteroid particles in the physical snapshot are included in the denominator; all raw bound/captured asteroid particles are included in the numerator. No FoF background or unresolved material is discarded for the particle-level metrics.,Ma_xp_A2000_n65_r19_v00_90000_fof_0.0020_0000,Ma_xp_A2000_n65_r19_v00_90000_fof_0.0020_0000.hdf5,/rds/general/ephemeral/user/nny124/ephemeral/martian_moons_data/Ma_xp_A2000_n65_r19_v00_90000_fof_0.0020_0000.hdf5,462775088,2000,,,,False,65,19,0,0,PartType0,3227695,1388,1388,True,kg,3.46031454521306e+18,1.6095282634117914e+17,1.0,True,"-1,2147483647",20,0.0,0.0,3.460313525412319e+18,1.0
Ma_xp_A2000_n65_r19_v00_90000_fof_0.0030_0000.hdf5,Ma_xp_A2000_n65_r19_v00_90000.hdf5,A2000,n65,r19,v00,,90000,0.003,2642611,9.996273753185247e+19,0.0,5.75424774586e+19,0.575639271988,3.30522346866e+19,0.330645553561,0.0,2.0,6.691050284499999e+19,0.669354446439,8.184250054213822e+19,9.99627375316e+19,3.30522346866e+19,0.330645553561,/rds/general/user/nny124/home/irp-nny124/martian_moon_data/Ma_xp_A2000_n65_r19_v00_90000.hdf5,particle_level_raw_snapshot_parent_normalized,All raw asteroid particles in the physical snapshot are included in the denominator; all raw bound/captured asteroid particles are included in the numerator. No FoF background or unresolved material is discarded for the particle-level metrics.,Ma_xp_A2000_n65_r19_v00_90000_fof_0.0030_0000,Ma_xp_A2000_n65_r19_v00_90000_fof_0.0030_0000.hdf5,/rds/general/ephemeral/user/nny124/ephemeral/martian_moons_data/Ma_xp_A2000_n65_r19_v00_90000_fof_0.0030_0000.hdf5,462775088,2000,,,,False,65,19,0,0,PartType0,3227695,2,2,True,kg,9.996273753185247e+19,8.184250098740077e+19,1.0,True,"-1,2147483647",20,0.0,0.0,9.996273753035448e+19,1.0
Ma_xp_A2000_n65_r19_v00_90000_fof_0.0035_0000.hdf5,Ma_xp_A2000_n65_r19_v00_90000.hdf5,A2000,n65,r19,v00,,90000,0.0035,2642611,9.996273753185247e+19,0.0,5.75424774586e+19,0.575639271988,3.30522346866e+19,0.330645553561,0.0,2.0,6.691050284499999e+19,0.669354446439,8.184250054213822e+19,9.99627375316e+19,3.30522346866e+19,0.330645553561,/rds/general/user/nny124/home/irp-nny124/martian_moon_data/Ma_xp_A2000_n65_r19_v00_90000.hdf5,particle_level_raw_snapshot_parent_normalized,All raw asteroid particles in the physical snapshot are included in the denominator; all raw bound/captured asteroid particles are included in the numerator. No FoF background or unresolved material is discarded for the particle-level metrics.,Ma_xp_A2000_n65_r19_v00_90000_fof_0.0035_0000,Ma_xp_A2000_n65_r19_v00_90000_fof_0.0035_0000.hdf5,/rds/general/ephemeral/user/nny124/ephemeral/martian_moons_data/Ma_xp_A2000_n65_r19_v00_90000_fof_0.0035_0000.hdf5,462775088,2000,,,,False,65,19,0,0,PartType0,3227695,2,2,True,kg,9.996273753185247e+19,8.184250098740077e+19,1.0,True,"-1,2147483647",20,0.0,0.0,9.996273753035448e+19,1.0
Ma_xp_A2000_n65_r19_v00_90000_fof_0.0040_0000.hdf5,Ma_xp_A2000_n65_r19_v00_90000.hdf5,A2000,n65,r19,v00,,90000,0.004,2642611,9.996273753185247e+19,0.0,5.75424774586e+19,0.575639271988,3.30522346866e+19,0.330645553561,0.0,2.0,6.691050284499999e+19,0.669354446439,8.184250054213822e+19,9.99627375316e+19,3.30522346866e+19,0.330645553561,/rds/general/user/nny124/home/irp-nny124/martian_moon_data/Ma_xp_A2000_n65_r19_v00_90000.hdf5,particle_level_raw_snapshot_parent_normalized,All raw asteroid particles in the physical snapshot are included in the denominator; all raw bound/captured asteroid particles are included in the numerator. No FoF background or unresolved material is discarded for the particle-level metrics.,Ma_xp_A2000_n65_r19_v00_90000_fof_0.0040_0000,Ma_xp_A2000_n65_r19_v00_90000_fof_0.0040_0000.hdf5,/rds/general/ephemeral/user/nny124/ephemeral/martian_moons_data/Ma_xp_A2000_n65_r19_v00_90000_fof_0.0040_0000.hdf5,462775088,2000,,,,False,65,19,0,0,PartType0,3227695,2,2,True,kg,9.996273753185247e+19,8.184250098740077e+19,1.0,True,"-1,2147483647",20,0.0,0.0,9.996273753035448e+19,1.0
Ma_xp_A2000_n65_r19_v00_90000_fof_0.0045_0000.hdf5,Ma_xp_A2000_n65_r19_v00_90000.hdf5,A2000,n65,r19,v00,,90000,0.0045,2642611,9.996273753185247e+19,0.0,5.75424774586e+19,0.575639271988,3.30522346866e+19,0.330645553561,0.0,2.0,6.691050284499999e+19,0.669354446439,8.184250054213822e+19,9.99627375316e+19,3.30522346866e+19,0.330645553561,/rds/general/user/nny124/home/irp-nny124/martian_moon_data/Ma_xp_A2000_n65_r19_v00_90000.hdf5,particle_level_raw_snapshot_parent_normalized,All raw asteroid particles in the physical snapshot are included in the denominator; all raw bound/captured asteroid particles are included in the numerator. No FoF background or unresolved material is discarded for the particle-level metrics.,Ma_xp_A2000_n65_r19_v00_90000_fof_0.0045_0000,Ma_xp_A2000_n65_r19_v00_90000_fof_0.0045_0000.hdf5,/rds/general/ephemeral/user/nny124/ephemeral/martian_moons_data/Ma_xp_A2000_n65_r19_v00_90000_fof_0.0045_0000.hdf5,462775088,2000,,,,False,65,19,0,0,PartType0,3227695,2,2,True,kg,9.996273753185247e+19,8.184250098740077e+19,1.0,True,"-1,2147483647",20,0.0,0.0,9.996273753035448e+19,1.0
Ma_xp_A2000_n65_r19_v00_90000_fof_0.0050_0000.hdf5,Ma_xp_A2000_n65_r19_v00_90000.hdf5,A2000,n65,r19,v00,,90000,0.005,2642611,9.996273753185247e+19,0.0,5.75424774586e+19,0.575639271988,3.30522346866e+19,0.330645553561,0.0,2.0,6.691050284499999e+19,0.669354446439,8.184250054213822e+19,9.99627375316e+19,3.30522346866e+19,0.330645553561,/rds/general/user/nny124/home/irp-nny124/martian_moon_data/Ma_xp_A2000_n65_r19_v00_90000.hdf5,particle_level_raw_snapshot_parent_normalized,All raw asteroid particles in the physical snapshot are included in the denominator; all raw bound/captured asteroid particles are included in the numerator. No FoF background or unresolved material is discarded for the particle-level metrics.,Ma_xp_A2000_n65_r19_v00_90000_fof_0.0050_0000,Ma_xp_A2000_n65_r19_v00_90000_fof_0.0050_0000.hdf5,/rds/general/ephemeral/user/nny124/ephemeral/martian_moons_data/Ma_xp_A2000_n65_r19_v00_90000_fof_0.0050_0000.hdf5,462775088,2000,,,,False,65,19,0,0,PartType0,3227695,2,2,True,kg,9.996273753185247e+19,8.184250098740077e+19,1.0,True,"-1,2147483647",20,0.0,0.0,9.996273753035448e+19,1.0
Ma_xp_A2000_n65_r19_v00_90000_fof_0.0060_0000.hdf5,Ma_xp_A2000_n65_r19_v00_90000.hdf5,A2000,n65,r19,v00,,90000,0.006,2642611,9.996273753185247e+19,0.0,5.75424774586e+19,0.575639271988,3.30522346866e+19,0.330645553561,0.0,2.0,6.691050284499999e+19,0.669354446439,8.184250054213822e+19,9.99627375316e+19,3.30522346866e+19,0.330645553561,/rds/general/user/nny124/home/irp-nny124/martian_moon_data/Ma_xp_A2000_n65_r19_v00_90000.hdf5,particle_level_raw_snapshot_parent_normalized,All raw asteroid particles in the physical snapshot are included in the denominator; all raw bound/captured asteroid particles are included in the numerator. No FoF background or unresolved material is discarded for the particle-level metrics.,Ma_xp_A2000_n65_r19_v00_90000_fof_0.0060_0000,Ma_xp_A2000_n65_r19_v00_90000_fof_0.0060_0000.hdf5,/rds/general/ephemeral/user/nny124/ephemeral/martian_moons_data/Ma_xp_A2000_n65_r19_v00_90000_fof_0.0060_0000.hdf5,462775088,2000,,,,False,65,19,0,0,PartType0,3227695,2,2,True,kg,9.996273753185247e+19,8.184250098740077e+19,1.0,True,"-1,2147483647",20,0.0,0.0,9.996273753035448e+19,1.0
Ma_xp_A2000_n65_r19_v00_90000_fof_0.0080_0000.hdf5,Ma_xp_A2000_n65_r19_v00_90000.hdf5,A2000,n65,r19,v00,,90000,0.008,2642611,9.996273753185247e+19,0.0,5.75424774586e+19,0.575639271988,3.30522346866e+19,0.330645553561,0.0,2.0,6.691050284499999e+19,0.669354446439,8.184250054213822e+19,9.99627375316e+19,3.30522346866e+19,0.330645553561,/rds/general/user/nny124/home/irp-nny124/martian_moon_data/Ma_xp_A2000_n65_r19_v00_90000.hdf5,particle_level_raw_snapshot_parent_normalized,All raw asteroid particles in the physical snapshot are included in the denominator; all raw bound/captured asteroid particles are included in the numerator. No FoF background or unresolved material is discarded for the particle-level metrics.,Ma_xp_A2000_n65_r19_v00_90000_fof_0.0080_0000,Ma_xp_A2000_n65_r19_v00_90000_fof_0.0080_0000.hdf5,/rds/general/ephemeral/user/nny124/ephemeral/martian_moons_data/Ma_xp_A2000_n65_r19_v00_90000_fof_0.0080_0000.hdf5,462775088,2000,,,,False,65,19,0,0,PartType0,3227695,2,2,True,kg,9.996273753185247e+19,8.184250098740077e+19,1.0,True,"-1,2147483647",20,0.0,0.0,9.996273753035448e+19,1.0
Ma_xp_A2000_n65_r20_v00_90000_fof_0.0010_0000.hdf5,Ma_xp_A2000_n65_r20_v00_90000.hdf5,A2000,n65,r20,v00,,90000,0.001,0,0.0,0.0,5.66488289598e+19,0.566699455804,1.66086996937e+19,0.166148908122,0.0,0.0,8.335403783789999e+19,0.833851091878,0.0,9.99627375316e+19,1.66086996937e+19,0.166148908122,/rds/general/user/nny124/home/irp-nny124/martian_moon_data/Ma_xp_A2000_n65_r20_v00_90000.hdf5,particle_level_raw_snapshot_parent_normalized,All raw asteroid particles in the physical snapshot are included in the denominator; all raw bound/captured asteroid particles are included in the numerator. No FoF background or unresolved material is discarded for the particle-level metrics.,Ma_xp_A2000_n65_r20_v00_90000_fof_0.0010_0000,Ma_xp_A2000_n65_r20_v00_90000_fof_0.0010_0000.hdf5,/rds/general/ephemeral/user/nny124/ephemeral/martian_moons_data/Ma_xp_A2000_n65_r20_v00_90000_fof_0.0010_0000.hdf5,462775088,2000,,,,False,65,20,0,0,PartType0,3227695,0,0,True,kg,0.0,0.0,,True,"-1,2147483647",20,0.0,0.0,0.0,0.0
Ma_xp_A2000_n65_r20_v00_90000_fof_0.0020_0000.hdf5,Ma_xp_A2000_n65_r20_v00_90000.hdf5,A2000,n65,r20,v00,,90000,0.002,3360,3.1313782614360305e+18,0.0,5.66488289598e+19,0.566699455804,1.66086996937e+19,0.166148908122,0.0,1296.0,8.335403783789999e+19,0.833851091878,1.0406026533057789e+17,9.99627375316e+19,1.66086996937e+19,0.166148908122,/rds/general/user/nny124/home/irp-nny124/martian_moon_data/Ma_xp_A2000_n65_r20_v00_90000.hdf5,particle_level_raw_snapshot_parent_normalized,All raw asteroid particles in the physical snapshot are included in the denominator; all raw bound/captured asteroid particles are included in the numerator. No FoF background or unresolved material is discarded for the particle-level metrics.,Ma_xp_A2000_n65_r20_v00_90000_fof_0.0020_0000,Ma_xp_A2000_n65_r20_v00_90000_fof_0.0020_0000.hdf5,/rds/general/ephemeral/user/nny124/ephemeral/martian_moons_data/Ma_xp_A2000_n65_r20_v00_90000_fof_0.0020_0000.hdf5,462775088,2000,,,,False,65,20,0,0,PartType0,3227695,1296,1296,True,kg,3.1313782614360305e+18,1.0406025918729869e+17,1.0,True,"-1,2147483647",20,0.0,0.0,3.1313777878896886e+18,1.0
Ma_xp_A2000_n65_r20_v00_90000_fof_0.0030_0000.hdf5,Ma_xp_A2000_n65_r20_v00_90000.hdf5,A2000,n65,r20,v00,,90000,0.003,2817032,9.996078640347588e+19,0.0,5.66488289598e+19,0.566699455804,1.66086996937e+19,0.166148908122,0.0,5.0,8.335403783789999e+19,0.833851091878,8.724437421443444e+19,9.99627375316e+19,1.66086996937e+19,0.166148908122,/rds/general/user/nny124/home/irp-nny124/martian_moon_data/Ma_xp_A2000_n65_r20_v00_90000.hdf5,particle_level_raw_snapshot_parent_normalized,All raw asteroid particles in the physical snapshot are included in the denominator; all raw bound/captured asteroid particles are included in the numerator. No FoF background or unresolved material is discarded for the particle-level metrics.,Ma_xp_A2000_n65_r20_v00_90000_fof_0.0030_0000,Ma_xp_A2000_n65_r20_v00_90000_fof_0.0030_0000.hdf5,/rds/general/ephemeral/user/nny124/ephemeral/martian_moons_data/Ma_xp_A2000_n65_r20_v00_90000_fof_0.0030_0000.hdf5,462775088,2000,,,,False,65,20,0,0,PartType0,3227695,5,5,True,kg,9.996078640347588e+19,8.72443726858744e+19,1.0,True,"-1,2147483647",20,0.0,0.0,9.996078640038027e+19,1.0
Ma_xp_A2000_n65_r20_v00_90000_fof_0.0035_0000.hdf5,Ma_xp_A2000_n65_r20_v00_90000.hdf5,A2000,n65,r20,v00,,90000,0.0035,2817032,9.99610961067042e+19,0.0,5.66488289598e+19,0.566699455804,1.66086996937e+19,0.166148908122,0.0,5.0,8.335403783789999e+19,0.833851091878,8.724437421443444e+19,9.99627375316e+19,1.66086996937e+19,0.166148908122,/rds/general/user/nny124/home/irp-nny124/martian_moon_data/Ma_xp_A2000_n65_r20_v00_90000.hdf5,particle_level_raw_snapshot_parent_normalized,All raw asteroid particles in the physical snapshot are included in the denominator; all raw bound/captured asteroid particles are included in the numerator. No FoF background or unresolved material is discarded for the particle-level metrics.,Ma_xp_A2000_n65_r20_v00_90000_fof_0.0035_0000,Ma_xp_A2000_n65_r20_v00_90000_fof_0.0035_0000.hdf5,/rds/general/ephemeral/user/nny124/ephemeral/martian_moons_data/Ma_xp_A2000_n65_r20_v00_90000_fof_0.0035_0000.hdf5,462775088,2000,,,,False,65,20,0,0,PartType0,3227695,5,5,True,kg,9.99610961067042e+19,8.72443726858744e+19,1.0,True,"-1,2147483647",20,0.0,0.0,9.996109610355093e+19,1.0
Ma_xp_A2000_n65_r20_v00_90000_fof_0.0040_0000.hdf5,Ma_xp_A2000_n65_r20_v00_90000.hdf5,A2000,n65,r20,v00,,90000,0.004,2817033,9.99611270771214e+19,0.0,5.66488289598e+19,0.566699455804,1.66086996937e+19,0.166148908122,0.0,5.0,8.335403783789999e+19,0.833851091878,8.72444051847515e+19,9.99627375316e+19,1.66086996937e+19,0.166148908122,/rds/general/user/nny124/home/irp-nny124/martian_moon_data/Ma_xp_A2000_n65_r20_v00_90000.hdf5,particle_level_raw_snapshot_parent_normalized,All raw asteroid particles in the physical snapshot are included in the denominator; all raw bound/captured asteroid particles are included in the numerator. No FoF background or unresolved material is discarded for the particle-level metrics.,Ma_xp_A2000_n65_r20_v00_90000_fof_0.0040_0000,Ma_xp_A2000_n65_r20_v00_90000_fof_0.0040_0000.hdf5,/rds/general/ephemeral/user/nny124/ephemeral/martian_moons_data/Ma_xp_A2000_n65_r20_v00_90000_fof_0.0040_0000.hdf5,462775088,2000,,,,False,65,20,0,0,PartType0,3227695,5,5,True,kg,9.99611270771214e+19,8.72444036562916e+19,1.0,True,"-1,2147483647",20,0.0,0.0,9.996112707386796e+19,1.0
Ma_xp_A2000_n65_r20_v00_90000_fof_0.0045_0000.hdf5,Ma_xp_A2000_n65_r20_v00_90000.hdf5,A2000,n65,r20,v00,,90000,0.0045,2817033,9.99612199881024e+19,0.0,5.66488289598e+19,0.566699455804,1.66086996937e+19,0.166148908122,0.0,5.0,8.335403783789999e+19,0.833851091878,8.72444051847515e+19,9.99627375316e+19,1.66086996937e+19,0.166148908122,/rds/general/user/nny124/home/irp-nny124/martian_moon_data/Ma_xp_A2000_n65_r20_v00_90000.hdf5,particle_level_raw_snapshot_parent_normalized,All raw asteroid particles in the physical snapshot are included in the denominator; all raw bound/captured asteroid particles are included in the numerator. No FoF background or unresolved material is discarded for the particle-level metrics.,Ma_xp_A2000_n65_r20_v00_90000_fof_0.0045_0000,Ma_xp_A2000_n65_r20_v00_90000_fof_0.0045_0000.hdf5,/rds/general/ephemeral/user/nny124/ephemeral/martian_moons_data/Ma_xp_A2000_n65_r20_v00_90000_fof_0.0045_0000.hdf5,462775088,2000,,,,False,65,20,0,0,PartType0,3227695,5,5,True,kg,9.99612199881024e+19,8.72444036562916e+19,1.0,True,"-1,2147483647",20,0.0,0.0,9.996121998481916e+19,1.0
Ma_xp_A2000_n65_r20_v00_90000_fof_0.0050_0000.hdf5,Ma_xp_A2000_n65_r20_v00_90000.hdf5,A2000,n65,r20,v00,,90000,0.005,2817033,9.99612509585647e+19,0.0,5.66488289598e+19,0.566699455804,1.66086996937e+19,0.166148908122,0.0,5.0,8.335403783789999e+19,0.833851091878,8.72444051847515e+19,9.99627375316e+19,1.66086996937e+19,0.166148908122,/rds/general/user/nny124/home/irp-nny124/martian_moon_data/Ma_xp_A2000_n65_r20_v00_90000.hdf5,particle_level_raw_snapshot_parent_normalized,All raw asteroid particles in the physical snapshot are included in the denominator; all raw bound/captured asteroid particles are included in the numerator. No FoF background or unresolved material is discarded for the particle-level metrics.,Ma_xp_A2000_n65_r20_v00_90000_fof_0.0050_0000,Ma_xp_A2000_n65_r20_v00_90000_fof_0.0050_0000.hdf5,/rds/general/ephemeral/user/nny124/ephemeral/martian_moons_data/Ma_xp_A2000_n65_r20_v00_90000_fof_0.0050_0000.hdf5,462775088,2000,,,,False,65,20,0,0,PartType0,3227695,5,5,True,kg,9.99612509585647e+19,8.72444036562916e+19,1.0,True,"-1,2147483647",20,0.0,0.0,9.996125095513622e+19,1.0
Ma_xp_A2000_n65_r20_v00_90000_fof_0.0060_0000.hdf5,Ma_xp_A2000_n65_r20_v00_90000.hdf5,A2000,n65,r20,v00,,90000,0.006,2817033,9.996131289877114e+19,0.0,5.66488289598e+19,0.566699455804,1.66086996937e+19,0.166148908122,0.0,5.0,8.335403783789999e+19,0.833851091878,8.72444051847515e+19,9.99627375316e+19,1.66086996937e+19,0.166148908122,/rds/general/user/nny124/home/irp-nny124/martian_moon_data/Ma_xp_A2000_n65_r20_v00_90000.hdf5,particle_level_raw_snapshot_parent_normalized,All raw asteroid particles in the physical snapshot are included in the denominator; all raw bound/captured asteroid particles are included in the numerator. No FoF background or unresolved material is discarded for the particle-level metrics.,Ma_xp_A2000_n65_r20_v00_90000_fof_0.0060_0000,Ma_xp_A2000_n65_r20_v00_90000_fof_0.0060_0000.hdf5,/rds/general/ephemeral/user/nny124/ephemeral/martian_moons_data/Ma_xp_A2000_n65_r20_v00_90000_fof_0.0060_0000.hdf5,462775088,2000,,,,False,65,20,0,0,PartType0,3227695,5,5,True,kg,9.996131289877114e+19,8.72444036562916e+19,1.0,True,"-1,2147483647",20,0.0,0.0,9.996131289577036e+19,1.0
Ma_xp_A2000_n65_r20_v00_90000_fof_0.0080_0000.hdf5,Ma_xp_A2000_n65_r20_v00_90000.hdf5,A2000,n65,r20,v00,,90000,0.008,2817034,9.996134386900446e+19,0.0,5.66488289598e+19,0.566699455804,1.66086996937e+19,0.166148908122,0.0,5.0,8.335403783789999e+19,0.833851091878,8.724443615506856e+19,9.99627375316e+19,1.66086996937e+19,0.166148908122,/rds/general/user/nny124/home/irp-nny124/martian_moon_data/Ma_xp_A2000_n65_r20_v00_90000.hdf5,particle_level_raw_snapshot_parent_normalized,All raw asteroid particles in the physical snapshot are included in the denominator; all raw bound/captured asteroid particles are included in the numerator. No FoF background or unresolved material is discarded for the particle-level metrics.,Ma_xp_A2000_n65_r20_v00_90000_fof_0.0080_0000,Ma_xp_A2000_n65_r20_v00_90000_fof_0.0080_0000.hdf5,/rds/general/ephemeral/user/nny124/ephemeral/martian_moons_data/Ma_xp_A2000_n65_r20_v00_90000_fof_0.0080_0000.hdf5,462775088,2000,,,,False,65,20,0,0,PartType0,3227695,5,5,True,kg,9.996134386900446e+19,8.724443462652492e+19,1.0,True,"-1,2147483647",20,0.0,0.0,9.99613438660874e+19,1.0
Ma_xp_A2000_n65_r20_v02_90000_fof_0.0040_0000.hdf5,Ma_xp_A2000_n65_r20_v02_90000.hdf5,A2000,n65,r20,v02,,90000,0.004,2837147,9.996131289769266e+19,0.0,3.76750190629e+19,0.376890629381,5.01294843072e+18,0.0501481707534,0.0,5.0,9.494978910088e+19,0.9498518292466,8.786734214213947e+19,9.99627375316e+19,5.01294843072e+18,0.0501481707534,/rds/general/user/nny124/home/irp-nny124/martian_moon_data/Ma_xp_A2000_n65_r20_v02_90000.hdf5,particle_level_raw_snapshot_parent_normalized,All raw asteroid particles in the physical snapshot are included in the denominator; all raw bound/captured asteroid particles are included in the numerator. No FoF background or unresolved material is discarded for the particle-level metrics.,Ma_xp_A2000_n65_r20_v02_90000_fof_0.0040_0000,Ma_xp_A2000_n65_r20_v02_90000_fof_0.0040_0000.hdf5,/rds/general/ephemeral/user/nny124/ephemeral/martian_moons_data/Ma_xp_A2000_n65_r20_v02_90000_fof_0.0040_0000.hdf5,462775088,2000,,,,False,65,20,2,0,PartType0,3227695,5,5,True,kg,9.996131289769266e+19,8.786734020585986e+19,1.0,True,"-1,2147483647",20,0.0,0.0,9.996131289576995e+19,1.0
Ma_xp_A2000_n65_r20_v04_90000_fof_0.0040_0000.hdf5,Ma_xp_A2000_n65_r20_v04_90000.hdf5,A2000,n65,r20,v04,,90000,0.004,2886994,9.995750354964605e+19,0.0,2.30948751368e+18,0.0231034840653,526495390065000.0,5.26691648374e-06,0.0,2.0,9.996221103620992e+19,0.9999947330835163,8.941111953673616e+19,9.99627375316e+19,526495390065000.0,5.26691648374e-06,/rds/general/user/nny124/home/irp-nny124/martian_moon_data/Ma_xp_A2000_n65_r20_v04_90000.hdf5,particle_level_raw_snapshot_parent_normalized,All raw asteroid particles in the physical snapshot are included in the denominator; all raw bound/captured asteroid particles are included in the numerator. No FoF background or unresolved material is discarded for the particle-level metrics.,Ma_xp_A2000_n65_r20_v04_90000_fof_0.0040_0000,Ma_xp_A2000_n65_r20_v04_90000_fof_0.0040_0000.hdf5,/rds/general/ephemeral/user/nny124/ephemeral/martian_moons_data/Ma_xp_A2000_n65_r20_v04_90000_fof_0.0040_0000.hdf5,462775088,2000,,,,False,65,20,4,0,PartType0,3227695,2,2,True,kg,9.995750354964605e+19,8.941111671752804e+19,1.0,True,"-1,2147483647",20,0.0,0.0,9.995750354677098e+19,1.0
Ma_xp_A2000_n65_r20_v06_90000_fof_0.0040_0000.hdf5,Ma_xp_A2000_n65_r20_v06_90000.hdf5,A2000,n65,r20,v06,,90000,0.004,2910086,9.955687158258047e+19,0.0,0.0,0.0,0.0,0.0,0.0,82.0,9.99627375316e+19,1.0,9.01262860983352e+19,9.99627375316e+19,0.0,0.0,/rds/general/user/nny124/home/irp-nny124/martian_moon_data/Ma_xp_A2000_n65_r20_v06_90000.hdf5,particle_level_raw_snapshot_parent_normalized,All raw asteroid particles in the physical snapshot are included in the denominator; all raw bound/captured asteroid particles are included in the numerator. No FoF background or unresolved material is discarded for the particle-level metrics.,Ma_xp_A2000_n65_r20_v06_90000_fof_0.0040_0000,Ma_xp_A2000_n65_r20_v06_90000_fof_0.0040_0000.hdf5,/rds/general/ephemeral/user/nny124/ephemeral/martian_moons_data/Ma_xp_A2000_n65_r20_v06_90000_fof_0.0040_0000.hdf5,462775088,2000,,,,False,65,20,6,0,PartType0,3227695,82,82,True,kg,9.955687158258047e+19,9.012628385822256e+19,1.0,True,"-1,2147483647",20,0.0,0.0,9.95568715252344e+19,1.0
Ma_xp_A2000_n65_r22_v00_90000_fof_0.0010_0000.hdf5,Ma_xp_A2000_n65_r22_v00_90000.hdf5,A2000,n65,r22,v00,,90000,0.001,0,0.0,0.0,5.15631622246e+19,0.515823830938,1.4617153455e+19,0.146226021975,0.0,0.0,8.53455840766e+19,0.853773978025,0.0,9.99627375316e+19,1.4617153455e+19,0.146226021975,/rds/general/user/nny124/home/irp-nny124/martian_moon_data/Ma_xp_A2000_n65_r22_v00_90000.hdf5,particle_level_raw_snapshot_parent_normalized,All raw asteroid particles in the physical snapshot are included in the denominator; all raw bound/captured asteroid particles are included in the numerator. No FoF background or unresolved material is discarded for the particle-level metrics.,Ma_xp_A2000_n65_r22_v00_90000_fof_0.0010_0000,Ma_xp_A2000_n65_r22_v00_90000_fof_0.0010_0000.hdf5,/rds/general/ephemeral/user/nny124/ephemeral/martian_moons_data/Ma_xp_A2000_n65_r22_v00_90000_fof_0.0010_0000.hdf5,462775088,2000,,,,False,65,22,0,0,PartType0,3227695,0,0,True,kg,0.0,0.0,,True,"-1,2147483647",20,0.0,0.0,0.0,0.0
Ma_xp_A2000_n65_r22_v00_90000_fof_0.0020_0000.hdf5,Ma_xp_A2000_n65_r22_v00_90000.hdf5,A2000,n65,r22,v00,,90000,0.002,16036,2.7785948361404575e+18,0.0,5.15631622246e+19,0.515823830938,1.4617153455e+19,0.146226021975,0.0,1015.0,8.53455840766e+19,0.853773978025,4.966400044168261e+17,9.99627375316e+19,1.4617153455e+19,0.146226021975,/rds/general/user/nny124/home/irp-nny124/martian_moon_data/Ma_xp_A2000_n65_r22_v00_90000.hdf5,particle_level_raw_snapshot_parent_normalized,All raw asteroid particles in the physical snapshot are included in the denominator; all raw bound/captured asteroid particles are included in the numerator. No FoF background or unresolved material is discarded for the particle-level metrics.,Ma_xp_A2000_n65_r22_v00_90000_fof_0.0020_0000,Ma_xp_A2000_n65_r22_v00_90000_fof_0.0020_0000.hdf5,/rds/general/ephemeral/user/nny124/ephemeral/martian_moons_data/Ma_xp_A2000_n65_r22_v00_90000_fof_0.0020_0000.hdf5,462775088,2000,,,,False,65,22,0,0,PartType0,3227695,1015,1015,True,kg,2.7785948361404575e+18,4.9664023592931386e+17,1.0,True,"-1,2147483647",20,0.0,0.0,2.7785949062284805e+18,1.0
Ma_xp_A2000_n65_r22_v00_90000_fof_0.0030_0000.hdf5,Ma_xp_A2000_n65_r22_v00_90000.hdf5,A2000,n65,r22,v00,,90000,0.003,3227695,9.996273753241453e+19,0.0,5.15631622246e+19,0.515823830938,1.4617153455e+19,0.146226021975,0.0,1.0,8.53455840766e+19,0.853773978025,9.996273753012568e+19,9.99627375316e+19,1.4617153455e+19,0.146226021975,/rds/general/user/nny124/home/irp-nny124/martian_moon_data/Ma_xp_A2000_n65_r22_v00_90000.hdf5,particle_level_raw_snapshot_parent_normalized,All raw asteroid particles in the physical snapshot are included in the denominator; all raw bound/captured asteroid particles are included in the numerator. No FoF background or unresolved material is discarded for the particle-level metrics.,Ma_xp_A2000_n65_r22_v00_90000_fof_0.0030_0000,Ma_xp_A2000_n65_r22_v00_90000_fof_0.0030_0000.hdf5,/rds/general/ephemeral/user/nny124/ephemeral/martian_moons_data/Ma_xp_A2000_n65_r22_v00_90000_fof_0.0030_0000.hdf5,462775088,2000,,,,False,65,22,0,0,PartType0,3227695,1,1,True,kg,9.996273753241453e+19,9.996273753241453e+19,1.0,True,"-1,2147483647",20,0.0,0.0,9.996273753012568e+19,1.0
Ma_xp_A2000_n65_r22_v00_90000_fof_0.0035_0000.hdf5,Ma_xp_A2000_n65_r22_v00_90000.hdf5,A2000,n65,r22,v00,,90000,0.0035,3227695,9.996273753241453e+19,0.0,5.15631622246e+19,0.515823830938,1.4617153455e+19,0.146226021975,0.0,1.0,8.53455840766e+19,0.853773978025,9.996273753012568e+19,9.99627375316e+19,1.4617153455e+19,0.146226021975,/rds/general/user/nny124/home/irp-nny124/martian_moon_data/Ma_xp_A2000_n65_r22_v00_90000.hdf5,particle_level_raw_snapshot_parent_normalized,All raw asteroid particles in the physical snapshot are included in the denominator; all raw bound/captured asteroid particles are included in the numerator. No FoF background or unresolved material is discarded for the particle-level metrics.,Ma_xp_A2000_n65_r22_v00_90000_fof_0.0035_0000,Ma_xp_A2000_n65_r22_v00_90000_fof_0.0035_0000.hdf5,/rds/general/ephemeral/user/nny124/ephemeral/martian_moons_data/Ma_xp_A2000_n65_r22_v00_90000_fof_0.0035_0000.hdf5,462775088,2000,,,,False,65,22,0,0,PartType0,3227695,1,1,True,kg,9.996273753241453e+19,9.996273753241453e+19,1.0,True,"-1,2147483647",20,0.0,0.0,9.996273753012568e+19,1.0
Ma_xp_A2000_n65_r22_v00_90000_fof_0.0040_0000.hdf5,Ma_xp_A2000_n65_r22_v00_90000.hdf5,A2000,n65,r22,v00,,90000,0.004,3227695,9.996273753241453e+19,0.0,5.15631622246e+19,0.515823830938,1.4617153455e+19,0.146226021975,0.0,1.0,8.53455840766e+19,0.853773978025,9.996273753012568e+19,9.99627375316e+19,1.4617153455e+19,0.146226021975,/rds/general/user/nny124/home/irp-nny124/martian_moon_data/Ma_xp_A2000_n65_r22_v00_90000.hdf5,particle_level_raw_snapshot_parent_normalized,All raw asteroid particles in the physical snapshot are included in the denominator; all raw bound/captured asteroid particles are included in the numerator. No FoF background or unresolved material is discarded for the particle-level metrics.,Ma_xp_A2000_n65_r22_v00_90000_fof_0.0040_0000,Ma_xp_A2000_n65_r22_v00_90000_fof_0.0040_0000.hdf5,/rds/general/ephemeral/user/nny124/ephemeral/martian_moons_data/Ma_xp_A2000_n65_r22_v00_90000_fof_0.0040_0000.hdf5,462775088,2000,,,,False,65,22,0,0,PartType0,3227695,1,1,True,kg,9.996273753241453e+19,9.996273753241453e+19,1.0,True,"-1,2147483647",20,0.0,0.0,9.996273753012568e+19,1.0
Ma_xp_A2000_n65_r22_v00_90000_fof_0.0045_0000.hdf5,Ma_xp_A2000_n65_r22_v00_90000.hdf5,A2000,n65,r22,v00,,90000,0.0045,3227695,9.996273753241453e+19,0.0,5.15631622246e+19,0.515823830938,1.4617153455e+19,0.146226021975,0.0,1.0,8.53455840766e+19,0.853773978025,9.996273753012568e+19,9.99627375316e+19,1.4617153455e+19,0.146226021975,/rds/general/user/nny124/home/irp-nny124/martian_moon_data/Ma_xp_A2000_n65_r22_v00_90000.hdf5,particle_level_raw_snapshot_parent_normalized,All raw asteroid particles in the physical snapshot are included in the denominator; all raw bound/captured asteroid particles are included in the numerator. No FoF background or unresolved material is discarded for the particle-level metrics.,Ma_xp_A2000_n65_r22_v00_90000_fof_0.0045_0000,Ma_xp_A2000_n65_r22_v00_90000_fof_0.0045_0000.hdf5,/rds/general/ephemeral/user/nny124/ephemeral/martian_moons_data/Ma_xp_A2000_n65_r22_v00_90000_fof_0.0045_0000.hdf5,462775088,2000,,,,False,65,22,0,0,PartType0,3227695,1,1,True,kg,9.996273753241453e+19,9.996273753241453e+19,1.0,True,"-1,2147483647",20,0.0,0.0,9.996273753012568e+19,1.0
Ma_xp_A2000_n65_r22_v00_90000_fof_0.0050_0000.hdf5,Ma_xp_A2000_n65_r22_v00_90000.hdf5,A2000,n65,r22,v00,,90000,0.005,3227695,9.996273753241453e+19,0.0,5.15631622246e+19,0.515823830938,1.4617153455e+19,0.146226021975,0.0,1.0,8.53455840766e+19,0.853773978025,9.996273753012568e+19,9.99627375316e+19,1.4617153455e+19,0.146226021975,/rds/general/user/nny124/home/irp-nny124/martian_moon_data/Ma_xp_A2000_n65_r22_v00_90000.hdf5,particle_level_raw_snapshot_parent_normalized,All raw asteroid particles in the physical snapshot are included in the denominator; all raw bound/captured asteroid particles are included in the numerator. No FoF background or unresolved material is discarded for the particle-level metrics.,Ma_xp_A2000_n65_r22_v00_90000_fof_0.0050_0000,Ma_xp_A2000_n65_r22_v00_90000_fof_0.0050_0000.hdf5,/rds/general/ephemeral/user/nny124/ephemeral/martian_moons_data/Ma_xp_A2000_n65_r22_v00_90000_fof_0.0050_0000.hdf5,462775088,2000,,,,False,65,22,0,0,PartType0,3227695,1,1,True,kg,9.996273753241453e+19,9.996273753241453e+19,1.0,True,"-1,2147483647",20,0.0,0.0,9.996273753012568e+19,1.0
Ma_xp_A2000_n65_r22_v00_90000_fof_0.0060_0000.hdf5,Ma_xp_A2000_n65_r22_v00_90000.hdf5,A2000,n65,r22,v00,,90000,0.006,3227695,9.996273753241453e+19,0.0,5.15631622246e+19,0.515823830938,1.4617153455e+19,0.146226021975,0.0,1.0,8.53455840766e+19,0.853773978025,9.996273753012568e+19,9.99627375316e+19,1.4617153455e+19,0.146226021975,/rds/general/user/nny124/home/irp-nny124/martian_moon_data/Ma_xp_A2000_n65_r22_v00_90000.hdf5,particle_level_raw_snapshot_parent_normalized,All raw asteroid particles in the physical snapshot are included in the denominator; all raw bound/captured asteroid particles are included in the numerator. No FoF background or unresolved material is discarded for the particle-level metrics.,Ma_xp_A2000_n65_r22_v00_90000_fof_0.0060_0000,Ma_xp_A2000_n65_r22_v00_90000_fof_0.0060_0000.hdf5,/rds/general/ephemeral/user/nny124/ephemeral/martian_moons_data/Ma_xp_A2000_n65_r22_v00_90000_fof_0.0060_0000.hdf5,462775088,2000,,,,False,65,22,0,0,PartType0,3227695,1,1,True,kg,9.996273753241453e+19,9.996273753241453e+19,1.0,True,"-1,2147483647",20,0.0,0.0,9.996273753012568e+19,1.0
Ma_xp_A2000_n65_r22_v00_90000_fof_0.0080_0000.hdf5,Ma_xp_A2000_n65_r22_v00_90000.hdf5,A2000,n65,r22,v00,,90000,0.008,3227695,9.996273753241453e+19,0.0,5.15631622246e+19,0.515823830938,1.4617153455e+19,0.146226021975,0.0,1.0,8.53455840766e+19,0.853773978025,9.996273753012568e+19,9.99627375316e+19,1.4617153455e+19,0.146226021975,/rds/general/user/nny124/home/irp-nny124/martian_moon_data/Ma_xp_A2000_n65_r22_v00_90000.hdf5,particle_level_raw_snapshot_parent_normalized,All raw asteroid particles in the physical snapshot are included in the denominator; all raw bound/captured asteroid particles are included in the numerator. No FoF background or unresolved material is discarded for the particle-level metrics.,Ma_xp_A2000_n65_r22_v00_90000_fof_0.0080_0000,Ma_xp_A2000_n65_r22_v00_90000_fof_0.0080_0000.hdf5,/rds/general/ephemeral/user/nny124/ephemeral/martian_moons_data/Ma_xp_A2000_n65_r22_v00_90000_fof_0.0080_0000.hdf5,462775088,2000,,,,False,65,22,0,0,PartType0,3227695,1,1,True,kg,9.996273753241453e+19,9.996273753241453e+19,1.0,True,"-1,2147483647",20,0.0,0.0,9.996273753012568e+19,1.0
Ma_xp_A2000_n65_r24_v00_90000_fof_0.0010_0000.hdf5,Ma_xp_A2000_n65_r24_v00_90000.hdf5,A2000,n65,r24,v00,,90000,0.001,0,0.0,0.0,5.12823543598e+19,0.513014705541,6.35653369585e+18,0.0635890318013,0.0,0.0,9.360620383574999e+19,0.9364109681987,0.0,9.99627375316e+19,6.35653369585e+18,0.0635890318013,/rds/general/user/nny124/home/irp-nny124/martian_moon_data/Ma_xp_A2000_n65_r24_v00_90000.hdf5,particle_level_raw_snapshot_parent_normalized,All raw asteroid particles in the physical snapshot are included in the denominator; all raw bound/captured asteroid particles are included in the numerator. No FoF background or unresolved material is discarded for the particle-level metrics.,Ma_xp_A2000_n65_r24_v00_90000_fof_0.0010_0000,Ma_xp_A2000_n65_r24_v00_90000_fof_0.0010_0000.hdf5,/rds/general/ephemeral/user/nny124/ephemeral/martian_moons_data/Ma_xp_A2000_n65_r24_v00_90000_fof_0.0010_0000.hdf5,462775088,2000,,,,False,65,24,0,0,PartType0,3227695,0,0,True,kg,0.0,0.0,,True,"-1,2147483647",20,0.0,0.0,0.0,0.0
Ma_xp_A2000_n65_r24_v00_90000_fof_0.0020_0000.hdf5,Ma_xp_A2000_n65_r24_v00_90000.hdf5,A2000,n65,r24,v00,,90000,0.002,441,1.7960917090970028e+18,0.0,5.12823543598e+19,0.513014705541,6.35653369585e+18,0.0635890318013,0.0,1235.0,9.360620383574999e+19,0.9364109681987,1.3657909824638334e+16,9.99627375316e+19,6.35653369585e+18,0.0635890318013,/rds/general/user/nny124/home/irp-nny124/martian_moon_data/Ma_xp_A2000_n65_r24_v00_90000.hdf5,particle_level_raw_snapshot_parent_normalized,All raw asteroid particles in the physical snapshot are included in the denominator; all raw bound/captured asteroid particles are included in the numerator. No FoF background or unresolved material is discarded for the particle-level metrics.,Ma_xp_A2000_n65_r24_v00_90000_fof_0.0020_0000,Ma_xp_A2000_n65_r24_v00_90000_fof_0.0020_0000.hdf5,/rds/general/ephemeral/user/nny124/ephemeral/martian_moons_data/Ma_xp_A2000_n65_r24_v00_90000_fof_0.0020_0000.hdf5,462775088,2000,,,,False,65,24,0,0,PartType0,3227695,1235,1235,True,kg,1.7960917090970028e+18,1.3657903762814846e+16,1.0,True,"-1,2147483647",20,0.0,0.0,1.796092567732588e+18,1.0
Ma_xp_A2000_n65_r24_v00_90000_fof_0.0030_0000.hdf5,Ma_xp_A2000_n65_r24_v00_90000.hdf5,A2000,n65,r24,v00,,90000,0.003,3227695,9.996273753246936e+19,0.0,5.12823543598e+19,0.513014705541,6.35653369585e+18,0.0635890318013,0.0,1.0,9.360620383574999e+19,0.9364109681987,9.996273753012568e+19,9.99627375316e+19,6.35653369585e+18,0.0635890318013,/rds/general/user/nny124/home/irp-nny124/martian_moon_data/Ma_xp_A2000_n65_r24_v00_90000.hdf5,particle_level_raw_snapshot_parent_normalized,All raw asteroid particles in the physical snapshot are included in the denominator; all raw bound/captured asteroid particles are included in the numerator. No FoF background or unresolved material is discarded for the particle-level metrics.,Ma_xp_A2000_n65_r24_v00_90000_fof_0.0030_0000,Ma_xp_A2000_n65_r24_v00_90000_fof_0.0030_0000.hdf5,/rds/general/ephemeral/user/nny124/ephemeral/martian_moons_data/Ma_xp_A2000_n65_r24_v00_90000_fof_0.0030_0000.hdf5,462775088,2000,,,,False,65,24,0,0,PartType0,3227695,1,1,True,kg,9.996273753246936e+19,9.996273753246936e+19,1.0,True,"-1,2147483647",20,0.0,0.0,9.996273753012568e+19,1.0
Ma_xp_A2000_n65_r24_v00_90000_fof_0.0035_0000.hdf5,Ma_xp_A2000_n65_r24_v00_90000.hdf5,A2000,n65,r24,v00,,90000,0.0035,3227695,9.996273753246936e+19,0.0,5.12823543598e+19,0.513014705541,6.35653369585e+18,0.0635890318013,0.0,1.0,9.360620383574999e+19,0.9364109681987,9.996273753012568e+19,9.99627375316e+19,6.35653369585e+18,0.0635890318013,/rds/general/user/nny124/home/irp-nny124/martian_moon_data/Ma_xp_A2000_n65_r24_v00_90000.hdf5,particle_level_raw_snapshot_parent_normalized,All raw asteroid particles in the physical snapshot are included in the denominator; all raw bound/captured asteroid particles are included in the numerator. No FoF background or unresolved material is discarded for the particle-level metrics.,Ma_xp_A2000_n65_r24_v00_90000_fof_0.0035_0000,Ma_xp_A2000_n65_r24_v00_90000_fof_0.0035_0000.hdf5,/rds/general/ephemeral/user/nny124/ephemeral/martian_moons_data/Ma_xp_A2000_n65_r24_v00_90000_fof_0.0035_0000.hdf5,462775088,2000,,,,False,65,24,0,0,PartType0,3227695,1,1,True,kg,9.996273753246936e+19,9.996273753246936e+19,1.0,True,"-1,2147483647",20,0.0,0.0,9.996273753012568e+19,1.0
Ma_xp_A2000_n65_r24_v00_90000_fof_0.0040_0000.hdf5,Ma_xp_A2000_n65_r24_v00_90000.hdf5,A2000,n65,r24,v00,,90000,0.004,3227695,9.996273753246936e+19,0.0,5.12823543598e+19,0.513014705541,6.35653369585e+18,0.0635890318013,0.0,1.0,9.360620383574999e+19,0.9364109681987,9.996273753012568e+19,9.99627375316e+19,6.35653369585e+18,0.0635890318013,/rds/general/user/nny124/home/irp-nny124/martian_moon_data/Ma_xp_A2000_n65_r24_v00_90000.hdf5,particle_level_raw_snapshot_parent_normalized,All raw asteroid particles in the physical snapshot are included in the denominator; all raw bound/captured asteroid particles are included in the numerator. No FoF background or unresolved material is discarded for the particle-level metrics.,Ma_xp_A2000_n65_r24_v00_90000_fof_0.0040_0000,Ma_xp_A2000_n65_r24_v00_90000_fof_0.0040_0000.hdf5,/rds/general/ephemeral/user/nny124/ephemeral/martian_moons_data/Ma_xp_A2000_n65_r24_v00_90000_fof_0.0040_0000.hdf5,462775088,2000,,,,False,65,24,0,0,PartType0,3227695,1,1,True,kg,9.996273753246936e+19,9.996273753246936e+19,1.0,True,"-1,2147483647",20,0.0,0.0,9.996273753012568e+19,1.0
Ma_xp_A2000_n65_r24_v00_90000_fof_0.0045_0000.hdf5,Ma_xp_A2000_n65_r24_v00_90000.hdf5,A2000,n65,r24,v00,,90000,0.0045,3227695,9.996273753246936e+19,0.0,5.12823543598e+19,0.513014705541,6.35653369585e+18,0.0635890318013,0.0,1.0,9.360620383574999e+19,0.9364109681987,9.996273753012568e+19,9.99627375316e+19,6.35653369585e+18,0.0635890318013,/rds/general/user/nny124/home/irp-nny124/martian_moon_data/Ma_xp_A2000_n65_r24_v00_90000.hdf5,particle_level_raw_snapshot_parent_normalized,All raw asteroid particles in the physical snapshot are included in the denominator; all raw bound/captured asteroid particles are included in the numerator. No FoF background or unresolved material is discarded for the particle-level metrics.,Ma_xp_A2000_n65_r24_v00_90000_fof_0.0045_0000,Ma_xp_A2000_n65_r24_v00_90000_fof_0.0045_0000.hdf5,/rds/general/ephemeral/user/nny124/ephemeral/martian_moons_data/Ma_xp_A2000_n65_r24_v00_90000_fof_0.0045_0000.hdf5,462775088,2000,,,,False,65,24,0,0,PartType0,3227695,1,1,True,kg,9.996273753246936e+19,9.996273753246936e+19,1.0,True,"-1,2147483647",20,0.0,0.0,9.996273753012568e+19,1.0
Ma_xp_A2000_n65_r24_v00_90000_fof_0.0050_0000.hdf5,Ma_xp_A2000_n65_r24_v00_90000.hdf5,A2000,n65,r24,v00,,90000,0.005,3227695,9.996273753246936e+19,0.0,5.12823543598e+19,0.513014705541,6.35653369585e+18,0.0635890318013,0.0,1.0,9.360620383574999e+19,0.9364109681987,9.996273753012568e+19,9.99627375316e+19,6.35653369585e+18,0.0635890318013,/rds/general/user/nny124/home/irp-nny124/martian_moon_data/Ma_xp_A2000_n65_r24_v00_90000.hdf5,particle_level_raw_snapshot_parent_normalized,All raw asteroid particles in the physical snapshot are included in the denominator; all raw bound/captured asteroid particles are included in the numerator. No FoF background or unresolved material is discarded for the particle-level metrics.,Ma_xp_A2000_n65_r24_v00_90000_fof_0.0050_0000,Ma_xp_A2000_n65_r24_v00_90000_fof_0.0050_0000.hdf5,/rds/general/ephemeral/user/nny124/ephemeral/martian_moons_data/Ma_xp_A2000_n65_r24_v00_90000_fof_0.0050_0000.hdf5,462775088,2000,,,,False,65,24,0,0,PartType0,3227695,1,1,True,kg,9.996273753246936e+19,9.996273753246936e+19,1.0,True,"-1,2147483647",20,0.0,0.0,9.996273753012568e+19,1.0
Ma_xp_A2000_n65_r24_v00_90000_fof_0.0060_0000.hdf5,Ma_xp_A2000_n65_r24_v00_90000.hdf5,A2000,n65,r24,v00,,90000,0.006,3227695,9.996273753246936e+19,0.0,5.12823543598e+19,0.513014705541,6.35653369585e+18,0.0635890318013,0.0,1.0,9.360620383574999e+19,0.9364109681987,9.996273753012568e+19,9.99627375316e+19,6.35653369585e+18,0.0635890318013,/rds/general/user/nny124/home/irp-nny124/martian_moon_data/Ma_xp_A2000_n65_r24_v00_90000.hdf5,particle_level_raw_snapshot_parent_normalized,All raw asteroid particles in the physical snapshot are included in the denominator; all raw bound/captured asteroid particles are included in the numerator. No FoF background or unresolved material is discarded for the particle-level metrics.,Ma_xp_A2000_n65_r24_v00_90000_fof_0.0060_0000,Ma_xp_A2000_n65_r24_v00_90000_fof_0.0060_0000.hdf5,/rds/general/ephemeral/user/nny124/ephemeral/martian_moons_data/Ma_xp_A2000_n65_r24_v00_90000_fof_0.0060_0000.hdf5,462775088,2000,,,,False,65,24,0,0,PartType0,3227695,1,1,True,kg,9.996273753246936e+19,9.996273753246936e+19,1.0,True,"-1,2147483647",20,0.0,0.0,9.996273753012568e+19,1.0
Ma_xp_A2000_n65_r24_v00_90000_fof_0.0080_0000.hdf5,Ma_xp_A2000_n65_r24_v00_90000.hdf5,A2000,n65,r24,v00,,90000,0.008,3227695,9.996273753246936e+19,0.0,5.12823543598e+19,0.513014705541,6.35653369585e+18,0.0635890318013,0.0,1.0,9.360620383574999e+19,0.9364109681987,9.996273753012568e+19,9.99627375316e+19,6.35653369585e+18,0.0635890318013,/rds/general/user/nny124/home/irp-nny124/martian_moon_data/Ma_xp_A2000_n65_r24_v00_90000.hdf5,particle_level_raw_snapshot_parent_normalized,All raw asteroid particles in the physical snapshot are included in the denominator; all raw bound/captured asteroid particles are included in the numerator. No FoF background or unresolved material is discarded for the particle-level metrics.,Ma_xp_A2000_n65_r24_v00_90000_fof_0.0080_0000,Ma_xp_A2000_n65_r24_v00_90000_fof_0.0080_0000.hdf5,/rds/general/ephemeral/user/nny124/ephemeral/martian_moons_data/Ma_xp_A2000_n65_r24_v00_90000_fof_0.0080_0000.hdf5,462775088,2000,,,,False,65,24,0,0,PartType0,3227695,1,1,True,kg,9.996273753246936e+19,9.996273753246936e+19,1.0,True,"-1,2147483647",20,0.0,0.0,9.996273753012568e+19,1.0
Ma_xp_A2000_s030mz_n65_r12_v00_90000_fof_0.0040_0000.hdf5,Ma_xp_A2000_s030mz_n65_r12_v00_90000.hdf5,A2000,n65,r12,v00,s030mz,90000,0.004,3162277,9.950936692518715e+19,0.0,4.82089776762e+19,0.484466730777,2.11082353819e+19,0.212123099906,0.0,1.0,7.84011315439e+19,0.787876900094,9.95093669198358e+19,9.95093669258e+19,2.11082353819e+19,0.212123099906,/rds/general/user/nny124/home/irp-nny124/martian_moon_data/Ma_xp_A2000_s030mz_n65_r12_v00_90000.hdf5,particle_level_raw_snapshot_parent_normalized,All raw asteroid particles in the physical snapshot are included in the denominator; all raw bound/captured asteroid particles are included in the numerator. No FoF background or unresolved material is discarded for the particle-level metrics.,Ma_xp_A2000_s030mz_n65_r12_v00_90000_fof_0.0040_0000,Ma_xp_A2000_s030mz_n65_r12_v00_90000_fof_0.0040_0000.hdf5,/rds/general/ephemeral/user/nny124/ephemeral/martian_moons_data/Ma_xp_A2000_s030mz_n65_r12_v00_90000_fof_0.0040_0000.hdf5,462775112,2000,,30.0,mz,True,65,12,0,0,PartType0,3162277,1,1,True,kg,9.950936692518715e+19,9.950936692518715e+19,1.0,True,"-1,2147483647",20,0.0,0.0,9.95093669198358e+19,1.0
Ma_xp_A2000_s030x_n65_r12_v00_90000_fof_0.0040_0000.hdf5,Ma_xp_A2000_s030x_n65_r12_v00_90000.hdf5,A2000,n65,r12,v00,s030x,90000,0.004,43582,9.454978247083857e+19,1950.0,5.0460203492e+19,0.507089986108,4.64425107216e+19,0.466714965198,3.075960966415753e+17,2195.0,5.30668562042e+19,0.533285034802,1.3714223103666245e+18,9.95093669258e+19,4.64425107216e+19,0.466714965198,/rds/general/user/nny124/home/irp-nny124/martian_moon_data/Ma_xp_A2000_s030x_n65_r12_v00_90000.hdf5,particle_level_raw_snapshot_parent_normalized,All raw asteroid particles in the physical snapshot are included in the denominator; all raw bound/captured asteroid particles are included in the numerator. No FoF background or unresolved material is discarded for the particle-level metrics.,Ma_xp_A2000_s030x_n65_r12_v00_90000_fof_0.0040_0000,Ma_xp_A2000_s030x_n65_r12_v00_90000_fof_0.0040_0000.hdf5,/rds/general/ephemeral/user/nny124/ephemeral/martian_moons_data/Ma_xp_A2000_s030x_n65_r12_v00_90000_fof_0.0040_0000.hdf5,462775104,2000,,30.0,x,True,65,12,0,0,PartType0,3162277,4145,4145,True,kg,9.454978247083857e+19,1.371423958132431e+18,1.0,True,"-1,2147483647",20,1.9942548445460296e+19,0.2109211400394131,7.460723656771474e+19,0.789078859960587
Ma_xp_A2000_s030x_n65_r16_v00_90000_fof_0.0040_0000.hdf5,Ma_xp_A2000_s030x_n65_r16_v00_90000.hdf5,A2000,n65,r16,v00,s030x,90000,0.004,733259,9.80352652472565e+19,66.0,4.96752119599e+19,0.49920136661,3.95686583899e+19,0.397637525112,3.933579791760219e+18,456.0,5.99407085359e+19,0.602362474888,2.3073923910854517e+19,9.95093669258e+19,3.95686583899e+19,0.397637525112,/rds/general/user/nny124/home/irp-nny124/martian_moon_data/Ma_xp_A2000_s030x_n65_r16_v00_90000.hdf5,particle_level_raw_snapshot_parent_normalized,All raw asteroid particles in the physical snapshot are included in the denominator; all raw bound/captured asteroid particles are included in the numerator. No FoF background or unresolved material is discarded for the particle-level metrics.,Ma_xp_A2000_s030x_n65_r16_v00_90000_fof_0.0040_0000,Ma_xp_A2000_s030x_n65_r16_v00_90000_fof_0.0040_0000.hdf5,/rds/general/ephemeral/user/nny124/ephemeral/martian_moons_data/Ma_xp_A2000_s030x_n65_r16_v00_90000_fof_0.0040_0000.hdf5,462775104,2000,,30.0,x,True,65,16,0,0,PartType0,3162277,522,522,True,kg,9.80352652472565e+19,2.307394533430351e+19,1.0,True,"-1,2147483647",20,6.127723324294966e+18,0.0625052962154026,9.190754241027436e+19,0.9374947037845976
Ma_xp_A2000_s030x_n65_r16_v06_90000_fof_0.0040_0000.hdf5,Ma_xp_A2000_s030x_n65_r16_v06_90000.hdf5,A2000,n65,r16,v06,s030x,90000,0.004,748842,9.811531873525354e+19,0.0,2.17588601281e+19,0.218661426561,1.91107645455e+19,0.192049905812,0.0,432.0,8.03986023803e+19,0.807950094188,2.3564284010496967e+19,9.95093669258e+19,1.91107645455e+19,0.192049905812,/rds/general/user/nny124/home/irp-nny124/martian_moon_data/Ma_xp_A2000_s030x_n65_r16_v06_90000.hdf5,particle_level_raw_snapshot_parent_normalized,All raw asteroid particles in the physical snapshot are included in the denominator; all raw bound/captured asteroid particles are included in the numerator. No FoF background or unresolved material is discarded for the particle-level metrics.,Ma_xp_A2000_s030x_n65_r16_v06_90000_fof_0.0040_0000,Ma_xp_A2000_s030x_n65_r16_v06_90000_fof_0.0040_0000.hdf5,/rds/general/ephemeral/user/nny124/ephemeral/martian_moons_data/Ma_xp_A2000_s030x_n65_r16_v06_90000_fof_0.0040_0000.hdf5,462775104,2000,,30.0,x,True,65,16,6,0,PartType0,3162277,432,432,True,kg,9.811531873525354e+19,2.3564304260553843e+19,1.0,True,"-1,2147483647",20,0.0,0.0,9.811531938882948e+19,1.0
Ma_xp_A2000_s030x_n65_r20_v00_90000_fof_0.0040_0000.hdf5,Ma_xp_A2000_s030x_n65_r20_v00_90000.hdf5,A2000,n65,r20,v00,s030x,90000,0.004,2196131,9.949083250227696e+19,0.0,5.42527768276e+19,0.545202713108,2.72789120231e+19,0.274134112856,0.0,3.0,7.22304549027e+19,0.725865887144,6.910704074870025e+19,9.95093669258e+19,2.72789120231e+19,0.274134112856,/rds/general/user/nny124/home/irp-nny124/martian_moon_data/Ma_xp_A2000_s030x_n65_r20_v00_90000.hdf5,particle_level_raw_snapshot_parent_normalized,All raw asteroid particles in the physical snapshot are included in the denominator; all raw bound/captured asteroid particles are included in the numerator. No FoF background or unresolved material is discarded for the particle-level metrics.,Ma_xp_A2000_s030x_n65_r20_v00_90000_fof_0.0040_0000,Ma_xp_A2000_s030x_n65_r20_v00_90000_fof_0.0040_0000.hdf5,/rds/general/ephemeral/user/nny124/ephemeral/martian_moons_data/Ma_xp_A2000_s030x_n65_r20_v00_90000_fof_0.0040_0000.hdf5,462775104,2000,,30.0,x,True,65,20,0,0,PartType0,3162277,3,3,True,kg,9.949083250227696e+19,6.910701798323638e+19,1.0,True,"-1,2147483647",20,0.0,0.0,9.949083249159876e+19,1.0
Ma_xp_A2000_s030y_n65_r12_v00_90000_fof_0.0040_0000.hdf5,Ma_xp_A2000_s030y_n65_r12_v00_90000.hdf5,A2000,n65,r12,v00,s030y,90000,0.004,200567,9.734278896540946e+19,208.0,5.18920436546e+19,0.521478984921,4.7541108668e+19,0.47775511127,2.676510853802325e+18,612.0,5.1968258257799995e+19,0.52224488873,6.311368420978631e+18,9.95093669258e+19,4.7541108668e+19,0.47775511127,/rds/general/user/nny124/home/irp-nny124/martian_moon_data/Ma_xp_A2000_s030y_n65_r12_v00_90000.hdf5,particle_level_raw_snapshot_parent_normalized,All raw asteroid particles in the physical snapshot are included in the denominator; all raw bound/captured asteroid particles are included in the numerator. No FoF background or unresolved material is discarded for the particle-level metrics.,Ma_xp_A2000_s030y_n65_r12_v00_90000_fof_0.0040_0000,Ma_xp_A2000_s030y_n65_r12_v00_90000_fof_0.0040_0000.hdf5,/rds/general/ephemeral/user/nny124/ephemeral/martian_moons_data/Ma_xp_A2000_s030y_n65_r12_v00_90000_fof_0.0040_0000.hdf5,462775104,2000,,30.0,y,True,65,12,0,0,PartType0,3162277,820,820,True,kg,9.734278896540946e+19,6.3113718751753e+18,1.0,True,"-1,2147483647",20,2.365434437133895e+19,0.2430004790807955,7.368844466684271e+19,0.7569995209192046
Ma_xp_A2000_s030y_n65_r16_v00_90000_fof_0.0040_0000.hdf5,Ma_xp_A2000_s030y_n65_r16_v00_90000.hdf5,A2000,n65,r16,v00,s030y,90000,0.004,175960,9.194924486874256e+19,1755.0,4.83711303806e+19,0.486096252795,4.53532586617e+19,0.455768738792,1.2589255282189317e+18,2828.0,5.4156108264099996e+19,0.544231261208,5.537044415851135e+18,9.95093669258e+19,4.53532586617e+19,0.455768738792,/rds/general/user/nny124/home/irp-nny124/martian_moon_data/Ma_xp_A2000_s030y_n65_r16_v00_90000.hdf5,particle_level_raw_snapshot_parent_normalized,All raw asteroid particles in the physical snapshot are included in the denominator; all raw bound/captured asteroid particles are included in the numerator. No FoF background or unresolved material is discarded for the particle-level metrics.,Ma_xp_A2000_s030y_n65_r16_v00_90000_fof_0.0040_0000,Ma_xp_A2000_s030y_n65_r16_v00_90000_fof_0.0040_0000.hdf5,/rds/general/ephemeral/user/nny124/ephemeral/martian_moons_data/Ma_xp_A2000_s030y_n65_r16_v00_90000_fof_0.0040_0000.hdf5,462775104,2000,,30.0,y,True,65,16,0,0,PartType0,3162277,4583,4583,True,kg,9.194924486874256e+19,5.537052465174255e+18,1.0,True,"-1,2147483647",20,1.9517609551441097e+19,0.212265051714181,7.24316274700255e+19,0.7877349482858188
Ma_xp_A2000_s030y_n65_r16_v06_90000_fof_0.0040_0000.hdf5,Ma_xp_A2000_s030y_n65_r16_v06_90000.hdf5,A2000,n65,r16,v06,s030y,90000,0.004,375918,9.320090160298376e+19,586.0,3.00265397238e+19,0.301745862238,2.62928108588e+19,0.264224481284,1.5320016332476526e+18,3168.0,7.321655606699999e+19,0.735775518716,1.1829249049381585e+19,9.95093669258e+19,2.62928108588e+19,0.264224481284,/rds/general/user/nny124/home/irp-nny124/martian_moon_data/Ma_xp_A2000_s030y_n65_r16_v06_90000.hdf5,particle_level_raw_snapshot_parent_normalized,All raw asteroid particles in the physical snapshot are included in the denominator; all raw bound/captured asteroid particles are included in the numerator. No FoF background or unresolved material is discarded for the particle-level metrics.,Ma_xp_A2000_s030y_n65_r16_v06_90000_fof_0.0040_0000,Ma_xp_A2000_s030y_n65_r16_v06_90000_fof_0.0040_0000.hdf5,/rds/general/ephemeral/user/nny124/ephemeral/martian_moons_data/Ma_xp_A2000_s030y_n65_r16_v06_90000_fof_0.0040_0000.hdf5,462775104,2000,,30.0,y,True,65,16,6,0,PartType0,3162277,3754,3754,True,kg,9.320090160298376e+19,1.1829263068869943e+19,1.0,True,"-1,2147483647",20,7.594744298775898e+18,0.0814878914930711,8.560614922810684e+19,0.918512108506929
Ma_xp_A2000_s030y_n65_r20_v00_90000_fof_0.0040_0000.hdf5,Ma_xp_A2000_s030y_n65_r20_v00_90000.hdf5,A2000,n65,r20,v00,s030y,90000,0.004,2446316,9.940747470789294e+19,0.0,5.24660447184e+19,0.527247296805,2.27088364516e+19,0.228208028582,0.0,60.0,7.68005304742e+19,0.7717919714179999,7.697977010223256e+19,9.95093669258e+19,2.27088364516e+19,0.228208028582,/rds/general/user/nny124/home/irp-nny124/martian_moon_data/Ma_xp_A2000_s030y_n65_r20_v00_90000.hdf5,particle_level_raw_snapshot_parent_normalized,All raw asteroid particles in the physical snapshot are included in the denominator; all raw bound/captured asteroid particles are included in the numerator. No FoF background or unresolved material is discarded for the particle-level metrics.,Ma_xp_A2000_s030y_n65_r20_v00_90000_fof_0.0040_0000,Ma_xp_A2000_s030y_n65_r20_v00_90000_fof_0.0040_0000.hdf5,/rds/general/ephemeral/user/nny124/ephemeral/martian_moons_data/Ma_xp_A2000_s030y_n65_r20_v00_90000_fof_0.0040_0000.hdf5,462775104,2000,,30.0,y,True,65,20,0,0,PartType0,3162277,60,60,True,kg,9.940747470789294e+19,7.697974890267738e+19,1.0,True,"-1,2147483647",20,0.0,0.0,9.940747473520904e+19,1.0
Ma_xp_A2000_s030z_n65_r11_v00_90000_fof_0.0040_0000.hdf5,Ma_xp_A2000_s030z_n65_r11_v00_90000.hdf5,A2000,n65,r11,v00,s030z,90000,0.004,77623,9.931665849043034e+19,179.0,5.07882850167e+19,0.510386977485,4.81538778536e+19,0.483913015843,2.221425968932632e+18,245.0,5.13554890722e+19,0.5160869841569999,2.442611949831137e+18,9.95093669258e+19,4.81538778536e+19,0.483913015843,/rds/general/user/nny124/home/irp-nny124/martian_moon_data/Ma_xp_A2000_s030z_n65_r11_v00_90000.hdf5,particle_level_raw_snapshot_parent_normalized,All raw asteroid particles in the physical snapshot are included in the denominator; all raw bound/captured asteroid particles are included in the numerator. No FoF background or unresolved material is discarded for the particle-level metrics.,Ma_xp_A2000_s030z_n65_r11_v00_90000_fof_0.0040_0000,Ma_xp_A2000_s030z_n65_r11_v00_90000_fof_0.0040_0000.hdf5,/rds/general/ephemeral/user/nny124/ephemeral/martian_moons_data/Ma_xp_A2000_s030z_n65_r11_v00_90000_fof_0.0040_0000.hdf5,462775104,2000,,30.0,z,True,65,11,0,0,PartType0,3162277,424,424,True,kg,9.931665849043034e+19,2.4426120996399145e+18,1.0,True,"-1,2147483647",20,2.72080469172164e+19,0.2739524985005524,7.210861223404713e+19,0.7260475014994475
Ma_xp_A2000_s030z_n65_r12_v00_90000_fof_0.0040_0000.hdf5,Ma_xp_A2000_s030z_n65_r12_v00_90000.hdf5,A2000,n65,r12,v00,s030z,90000,0.004,100304,9.939120536966213e+19,128.0,5.11914797774e+19,0.514438804697,4.81654264744e+19,0.484029071457,2.0706330794076687e+18,242.0,5.13439404514e+19,0.515970928543,3.1563292969279375e+18,9.95093669258e+19,4.81654264744e+19,0.484029071457,/rds/general/user/nny124/home/irp-nny124/martian_moon_data/Ma_xp_A2000_s030z_n65_r12_v00_90000.hdf5,particle_level_raw_snapshot_parent_normalized,All raw asteroid particles in the physical snapshot are included in the denominator; all raw bound/captured asteroid particles are included in the numerator. No FoF background or unresolved material is discarded for the particle-level metrics.,Ma_xp_A2000_s030z_n65_r12_v00_90000_fof_0.0040_0000,Ma_xp_A2000_s030z_n65_r12_v00_90000_fof_0.0040_0000.hdf5,/rds/general/ephemeral/user/nny124/ephemeral/martian_moons_data/Ma_xp_A2000_s030z_n65_r12_v00_90000_fof_0.0040_0000.hdf5,462775104,2000,,30.0,z,True,65,12,0,0,PartType0,3162277,370,370,True,kg,9.939120536966213e+19,3.1563279476285133e+18,1.0,True,"-1,2147483647",20,2.7398111410691146e+19,0.2756593115388199,7.199309455926495e+19,0.72434068846118
Ma_xp_A2000_s030z_n65_r12_v02_90000_fof_0.0040_0000.hdf5,Ma_xp_A2000_s030z_n65_r12_v02_90000.hdf5,A2000,n65,r12,v02,s030z,90000,0.004,100750,9.938148241837883e+19,132.0,5.07114410609e+19,0.509614749119,4.61185514566e+19,0.463459399667,1.9298154290269903e+18,235.0,5.33908154692e+19,0.536540600333,3.170363860518836e+18,9.95093669258e+19,4.61185514566e+19,0.463459399667,/rds/general/user/nny124/home/irp-nny124/martian_moon_data/Ma_xp_A2000_s030z_n65_r12_v02_90000.hdf5,particle_level_raw_snapshot_parent_normalized,All raw asteroid particles in the physical snapshot are included in the denominator; all raw bound/captured asteroid particles are included in the numerator. No FoF background or unresolved material is discarded for the particle-level metrics.,Ma_xp_A2000_s030z_n65_r12_v02_90000_fof_0.0040_0000,Ma_xp_A2000_s030z_n65_r12_v02_90000_fof_0.0040_0000.hdf5,/rds/general/ephemeral/user/nny124/ephemeral/martian_moons_data/Ma_xp_A2000_s030z_n65_r12_v02_90000_fof_0.0040_0000.hdf5,462775104,2000,,30.0,z,True,65,12,2,0,PartType0,3162277,367,367,True,kg,9.938148241837883e+19,3.1703584168490527e+18,1.0,True,"-1,2147483647",20,2.476080922557276e+19,0.2491491232542389,7.462067324629656e+19,0.7508508767457609
Ma_xp_A2000_s030z_n65_r12_v04_90000_fof_0.0040_0000.hdf5,Ma_xp_A2000_s030z_n65_r12_v04_90000.hdf5,A2000,n65,r12,v04,s030z,90000,0.004,117156,9.939598909030167e+19,139.0,4.50796790746e+19,0.45301945402,4.2017815607e+19,0.422249853507,1.920438074878735e+18,235.0,5.74915513188e+19,0.5777501464929999,3.686621820770594e+18,9.95093669258e+19,4.2017815607e+19,0.422249853507,/rds/general/user/nny124/home/irp-nny124/martian_moon_data/Ma_xp_A2000_s030z_n65_r12_v04_90000.hdf5,particle_level_raw_snapshot_parent_normalized,All raw asteroid particles in the physical snapshot are included in the denominator; all raw bound/captured asteroid particles are included in the numerator. No FoF background or unresolved material is discarded for the particle-level metrics.,Ma_xp_A2000_s030z_n65_r12_v04_90000_fof_0.0040_0000,Ma_xp_A2000_s030z_n65_r12_v04_90000_fof_0.0040_0000.hdf5,/rds/general/ephemeral/user/nny124/ephemeral/martian_moons_data/Ma_xp_A2000_s030z_n65_r12_v04_90000_fof_0.0040_0000.hdf5,462775104,2000,,30.0,z,True,65,12,4,0,PartType0,3162277,374,374,True,kg,9.939598909030167e+19,3.686615079383536e+18,1.0,True,"-1,2147483647",20,2.174369272981876e+19,0.2187582510889484,7.765229632011035e+19,0.7812417489110516
Ma_xp_A2000_s030z_n65_r12_v06_90000_fof_0.0040_0000.hdf5,Ma_xp_A2000_s030z_n65_r12_v06_90000.hdf5,A2000,n65,r12,v06,s030z,90000,0.004,91623,9.937276587782577e+19,131.0,3.6515952003e+19,0.366959946899,3.43978972031e+19,0.345674967753,1.5427006279134472e+18,235.0,6.51114697227e+19,0.654325032247,2.883158789007329e+18,9.95093669258e+19,3.43978972031e+19,0.345674967753,/rds/general/user/nny124/home/irp-nny124/martian_moon_data/Ma_xp_A2000_s030z_n65_r12_v06_90000.hdf5,particle_level_raw_snapshot_parent_normalized,All raw asteroid particles in the physical snapshot are included in the denominator; all raw bound/captured asteroid particles are included in the numerator. No FoF background or unresolved material is discarded for the particle-level metrics.,Ma_xp_A2000_s030z_n65_r12_v06_90000_fof_0.0040_0000,Ma_xp_A2000_s030z_n65_r12_v06_90000_fof_0.0040_0000.hdf5,/rds/general/ephemeral/user/nny124/ephemeral/martian_moons_data/Ma_xp_A2000_s030z_n65_r12_v06_90000_fof_0.0040_0000.hdf5,462775104,2000,,30.0,z,True,65,12,6,0,PartType0,3162277,366,366,True,kg,9.937276587782577e+19,2.883153933638984e+18,1.0,True,"-1,2147483647",20,1.5881178602696751e+19,0.1598141950945347,8.349158733528875e+19,0.8401858049054651
Ma_xp_A2000_s030z_n65_r12_v08_90000_fof_0.0040_0000.hdf5,Ma_xp_A2000_s030z_n65_r12_v08_90000.hdf5,A2000,n65,r12,v08,s030z,90000,0.004,97945,9.941741849424268e+19,72.0,2.72533288388e+19,0.273877019629,2.40370222364e+19,0.241555372916,1.0352850720724552e+18,247.0,7.547234468939999e+19,0.758444627084,3.082097154526749e+18,9.95093669258e+19,2.40370222364e+19,0.241555372916,/rds/general/user/nny124/home/irp-nny124/martian_moon_data/Ma_xp_A2000_s030z_n65_r12_v08_90000.hdf5,particle_level_raw_snapshot_parent_normalized,All raw asteroid particles in the physical snapshot are included in the denominator; all raw bound/captured asteroid particles are included in the numerator. No FoF background or unresolved material is discarded for the particle-level metrics.,Ma_xp_A2000_s030z_n65_r12_v08_90000_fof_0.0040_0000,Ma_xp_A2000_s030z_n65_r12_v08_90000_fof_0.0040_0000.hdf5,/rds/general/ephemeral/user/nny124/ephemeral/martian_moons_data/Ma_xp_A2000_s030z_n65_r12_v08_90000_fof_0.0040_0000.hdf5,462775104,2000,,30.0,z,True,65,12,8,0,PartType0,3162277,319,319,True,kg,9.941741849424268e+19,3.0820903169883827e+18,1.0,True,"-1,2147483647",20,8.693593986216262e+18,0.0874453804653286,9.0723824520679e+19,0.9125546195346717
Ma_xp_A2000_s030z_n65_r12_v10_90000_fof_0.0040_0000.hdf5,Ma_xp_A2000_s030z_n65_r12_v10_90000.hdf5,A2000,n65,r12,v10,s030z,90000,0.004,114081,9.921973871464976e+19,28.0,1.5528772599e+19,0.156054461136,1.28579259188e+19,0.129214120936,3.630735307468571e+17,250.0,8.66507487191e+19,0.870785879064,3.58985885430868e+18,9.95086746379e+19,1.28579259188e+19,0.129214120936,/rds/general/user/nny124/home/irp-nny124/martian_moon_data/Ma_xp_A2000_s030z_n65_r12_v10_90000.hdf5,particle_level_raw_snapshot_parent_normalized,All raw asteroid particles in the physical snapshot are included in the denominator; all raw bound/captured asteroid particles are included in the numerator. No FoF background or unresolved material is discarded for the particle-level metrics.,Ma_xp_A2000_s030z_n65_r12_v10_90000_fof_0.0040_0000,Ma_xp_A2000_s030z_n65_r12_v10_90000_fof_0.0040_0000.hdf5,/rds/general/ephemeral/user/nny124/ephemeral/martian_moons_data/Ma_xp_A2000_s030z_n65_r12_v10_90000_fof_0.0040_0000.hdf5,462775104,2000,,30.0,z,True,65,12,10,0,PartType0,3162255,278,278,True,kg,9.921973871464976e+19,3.5898563420068915e+18,1.0,True,"-1,2147483647",20,2.276714597249457e+18,0.0229461861492013,9.694302424936048e+19,0.9770538138507988
Ma_xp_A2000_s030z_n65_r12_v12_90000_fof_0.0040_0000.hdf5,Ma_xp_A2000_s030z_n65_r12_v12_90000.hdf5,A2000,n65,r12,v12,s030z,90000,0.004,101422,9.94428443562211e+19,0.0,4.99627317077e+18,0.0502090740311,3.60836182156e+18,0.0362615292715,0.0,275.0,9.590100510424e+19,0.9637384707285,3.1915101087992934e+18,9.95093669258e+19,3.60836182156e+18,0.0362615292715,/rds/general/user/nny124/home/irp-nny124/martian_moon_data/Ma_xp_A2000_s030z_n65_r12_v12_90000.hdf5,particle_level_raw_snapshot_parent_normalized,All raw asteroid particles in the physical snapshot are included in the denominator; all raw bound/captured asteroid particles are included in the numerator. No FoF background or unresolved material is discarded for the particle-level metrics.,Ma_xp_A2000_s030z_n65_r12_v12_90000_fof_0.0040_0000,Ma_xp_A2000_s030z_n65_r12_v12_90000_fof_0.0040_0000.hdf5,/rds/general/ephemeral/user/nny124/ephemeral/martian_moons_data/Ma_xp_A2000_s030z_n65_r12_v12_90000_fof_0.0040_0000.hdf5,462775104,2000,,30.0,z,True,65,12,12,0,PartType0,3162277,275,275,True,kg,9.94428443562211e+19,3.19150745557418e+18,1.0,True,"-1,2147483647",20,0.0,0.0,9.944284435303363e+19,1.0
Ma_xp_A2000_s030z_n65_r12_v14_90000_fof_0.0040_0000.hdf5,Ma_xp_A2000_s030z_n65_r12_v14_90000.hdf5,A2000,n65,r12,v14,s030z,90000,0.004,119361,9.943972908215476e+19,0.0,6.1236010646e+16,0.000615379361138,125870525480000.0,1.26491132813e-06,0.0,257.0,9.950924105527452e+19,0.9999987350886719,3.756007947940844e+18,9.95093669258e+19,125870525480000.0,1.26491132813e-06,/rds/general/user/nny124/home/irp-nny124/martian_moon_data/Ma_xp_A2000_s030z_n65_r12_v14_90000.hdf5,particle_level_raw_snapshot_parent_normalized,All raw asteroid particles in the physical snapshot are included in the denominator; all raw bound/captured asteroid particles are included in the numerator. No FoF background or unresolved material is discarded for the particle-level metrics.,Ma_xp_A2000_s030z_n65_r12_v14_90000_fof_0.0040_0000,Ma_xp_A2000_s030z_n65_r12_v14_90000_fof_0.0040_0000.hdf5,/rds/general/ephemeral/user/nny124/ephemeral/martian_moons_data/Ma_xp_A2000_s030z_n65_r12_v14_90000_fof_0.0040_0000.hdf5,462775104,2000,,30.0,z,True,65,12,14,0,PartType0,3162277,257,257,True,kg,9.943972908215476e+19,3.7560072724966927e+18,1.0,True,"-1,2147483647",20,0.0,0.0,9.943972905750184e+19,1.0
Ma_xp_A2000_s030z_n65_r12_v16_90000_fof_0.0040_0000.hdf5,Ma_xp_A2000_s030z_n65_r12_v16_90000.hdf5,A2000,n65,r12,v16,s030z,90000,0.004,114343,9.945014472205038e+19,0.0,0.0,0.0,0.0,0.0,0.0,245.0,9.95092725229e+19,1.0,3.598103373727549e+18,9.95092725229e+19,0.0,0.0,/rds/general/user/nny124/home/irp-nny124/martian_moon_data/Ma_xp_A2000_s030z_n65_r12_v16_90000.hdf5,particle_level_raw_snapshot_parent_normalized,All raw asteroid particles in the physical snapshot are included in the denominator; all raw bound/captured asteroid particles are included in the numerator. No FoF background or unresolved material is discarded for the particle-level metrics.,Ma_xp_A2000_s030z_n65_r12_v16_90000_fof_0.0040_0000,Ma_xp_A2000_s030z_n65_r12_v16_90000_fof_0.0040_0000.hdf5,/rds/general/ephemeral/user/nny124/ephemeral/martian_moons_data/Ma_xp_A2000_s030z_n65_r12_v16_90000_fof_0.0040_0000.hdf5,462775104,2000,,30.0,z,True,65,12,16,0,PartType0,3162274,245,245,True,kg,9.945014472205038e+19,3.5980969305205724e+18,1.0,True,"-1,2147483647",20,0.0,0.0,9.945014484346633e+19,1.0
Ma_xp_A2000_s030z_n65_r13_v00_90000_fof_0.0040_0000.hdf5,Ma_xp_A2000_s030z_n65_r13_v00_90000.hdf5,A2000,n65,r13,v00,s030z,90000,0.004,89650,9.938050694331792e+19,134.0,5.06862040205e+19,0.509361134398,4.80010081004e+19,0.482376781035,1.9958030520098468e+18,266.0,5.15083588254e+19,0.5176232189650001,2.8210731523148554e+18,9.95093669258e+19,4.80010081004e+19,0.482376781035,/rds/general/user/nny124/home/irp-nny124/martian_moon_data/Ma_xp_A2000_s030z_n65_r13_v00_90000.hdf5,particle_level_raw_snapshot_parent_normalized,All raw asteroid particles in the physical snapshot are included in the denominator; all raw bound/captured asteroid particles are included in the numerator. No FoF background or unresolved material is discarded for the particle-level metrics.,Ma_xp_A2000_s030z_n65_r13_v00_90000_fof_0.0040_0000,Ma_xp_A2000_s030z_n65_r13_v00_90000_fof_0.0040_0000.hdf5,/rds/general/ephemeral/user/nny124/ephemeral/martian_moons_data/Ma_xp_A2000_s030z_n65_r13_v00_90000_fof_0.0040_0000.hdf5,462775104,2000,,30.0,z,True,65,13,0,0,PartType0,3162277,400,400,True,kg,9.938050694331792e+19,2.82107079032522e+18,1.0,True,"-1,2147483647",20,2.6590242910529528e+19,0.2675599442971066,7.279026406477061e+19,0.7324400557028933
Ma_xp_A2000_s030z_n65_r14_v00_90000_fof_0.0040_0000.hdf5,Ma_xp_A2000_s030z_n65_r14_v00_90000.hdf5,A2000,n65,r14,v00,s030z,90000,0.004,93045,9.802975846653691e+19,146.0,5.08905862863e+19,0.511456277028,4.72797070542e+19,0.475166523193,1.85161836507258e+18,245.0,5.222163562560001e+19,0.524833476807,2.927905760815082e+18,9.95013426798e+19,4.72797070542e+19,0.475166523193,/rds/general/user/nny124/home/irp-nny124/martian_moon_data/Ma_xp_A2000_s030z_n65_r14_v00_90000.hdf5,particle_level_raw_snapshot_parent_normalized,All raw asteroid particles in the physical snapshot are included in the denominator; all raw bound/captured asteroid particles are included in the numerator. No FoF background or unresolved material is discarded for the particle-level metrics.,Ma_xp_A2000_s030z_n65_r14_v00_90000_fof_0.0040_0000,Ma_xp_A2000_s030z_n65_r14_v00_90000_fof_0.0040_0000.hdf5,/rds/general/ephemeral/user/nny124/ephemeral/martian_moons_data/Ma_xp_A2000_s030z_n65_r14_v00_90000_fof_0.0040_0000.hdf5,462775104,2000,,30.0,z,True,65,14,0,0,PartType0,3162022,391,391,True,kg,9.802975846653691e+19,2.9279100244030746e+18,1.0,True,"-1,2147483647",20,2.3654501709498274e+19,0.2412991929719162,7.437525718924498e+19,0.7587008070280835
Ma_xp_A2000_s030z_n65_r15_v00_90000_fof_0.0040_0000.hdf5,Ma_xp_A2000_s030z_n65_r15_v00_90000.hdf5,A2000,n65,r15,v00,s030z,90000,0.004,100288,9.941059000925173e+19,131.0,5.06182654044e+19,0.508678398508,4.80151370669e+19,0.482518767331,1.860114625542476e+18,238.0,5.14942298589e+19,0.5174812326689999,3.155825814826022e+18,9.95093669258e+19,4.80151370669e+19,0.482518767331,/rds/general/user/nny124/home/irp-nny124/martian_moon_data/Ma_xp_A2000_s030z_n65_r15_v00_90000.hdf5,particle_level_raw_snapshot_parent_normalized,All raw asteroid particles in the physical snapshot are included in the denominator; all raw bound/captured asteroid particles are included in the numerator. No FoF background or unresolved material is discarded for the particle-level metrics.,Ma_xp_A2000_s030z_n65_r15_v00_90000_fof_0.0040_0000,Ma_xp_A2000_s030z_n65_r15_v00_90000_fof_0.0040_0000.hdf5,/rds/general/ephemeral/user/nny124/ephemeral/martian_moons_data/Ma_xp_A2000_s030z_n65_r15_v00_90000_fof_0.0040_0000.hdf5,462775104,2000,,30.0,z,True,65,15,0,0,PartType0,3162277,369,369,True,kg,9.941059000925173e+19,3.155823131287046e+18,1.0,True,"-1,2147483647",20,2.5429842536129933e+19,0.2558061724432767,7.398074749476082e+19,0.744193827556723
,Ma_xp_A2000_s030z_n65_r16_v00_102000.hdf5,A2000,n65,r16,v00,s030z,102000,0.004,101798,9.936886385113729e+19,,,,,,,,,,,,,,,,,Ma_xp_A2000_s030z_n65_r16_v00_102000_fof_0.0040_0000,Ma_xp_A2000_s030z_n65_r16_v00_102000_fof_0.0040_0000.hdf5,/rds/general/ephemeral/user/nny124/ephemeral/martian_moons_data/Ma_xp_A2000_s030z_n65_r16_v00_102000_fof_0.0040_0000.hdf5,462775112,2000,,30.0,z,True,65,16,0,0,PartType0,3162274,340,340,True,kg,9.936886385113729e+19,3.2033332117818486e+18,1.0,True,"-1,2147483647",20,,,,
,Ma_xp_A2000_s030z_n65_r16_v00_108000.hdf5,A2000,n65,r16,v00,s030z,108000,0.004,109304,9.93772027830543e+19,,,,,,,,,,,,,,,,,Ma_xp_A2000_s030z_n65_r16_v00_108000_fof_0.0040_0000,Ma_xp_A2000_s030z_n65_r16_v00_108000_fof_0.0040_0000.hdf5,/rds/general/ephemeral/user/nny124/ephemeral/martian_moons_data/Ma_xp_A2000_s030z_n65_r16_v00_108000_fof_0.0040_0000.hdf5,462775112,2000,,30.0,z,True,65,16,0,0,PartType0,3162274,324,324,True,kg,9.93772027830543e+19,3.439533519563571e+18,1.0,True,"-1,2147483647",20,,,,
,Ma_xp_A2000_s030z_n65_r16_v00_66000.hdf5,A2000,n65,r16,v00,s030z,66000,0.004,72968,9.926089849904546e+19,,,,,,,,,,,,,,,,,Ma_xp_A2000_s030z_n65_r16_v00_66000_fof_0.0040_0000,Ma_xp_A2000_s030z_n65_r16_v00_66000_fof_0.0040_0000.hdf5,/rds/general/ephemeral/user/nny124/ephemeral/martian_moons_data/Ma_xp_A2000_s030z_n65_r16_v00_66000_fof_0.0040_0000.hdf5,462775104,2000,,30.0,z,True,65,16,0,0,PartType0,3162277,595,595,True,kg,9.926089849904546e+19,2.296129276622628e+18,1.0,True,"-1,2147483647",20,,,,
,Ma_xp_A2000_s030z_n65_r16_v00_72000.hdf5,A2000,n65,r16,v00,s030z,72000,0.004,73988,9.928506560533071e+19,,,,,,,,,,,,,,,,,Ma_xp_A2000_s030z_n65_r16_v00_72000_fof_0.0040_0000,Ma_xp_A2000_s030z_n65_r16_v00_72000_fof_0.0040_0000.hdf5,/rds/general/ephemeral/user/nny124/ephemeral/martian_moons_data/Ma_xp_A2000_s030z_n65_r16_v00_72000_fof_0.0040_0000.hdf5,462775104,2000,,30.0,z,True,65,16,0,0,PartType0,3162277,575,575,True,kg,9.928506560533071e+19,2.3282262466107474e+18,1.0,True,"-1,2147483647",20,,,,
,Ma_xp_A2000_s030z_n65_r16_v00_78000.hdf5,A2000,n65,r16,v00,s030z,78000,0.004,74736,9.932666573979265e+19,,,,,,,,,,,,,,,,,Ma_xp_A2000_s030z_n65_r16_v00_78000_fof_0.0040_0000,Ma_xp_A2000_s030z_n65_r16_v00_78000_fof_0.0040_0000.hdf5,/rds/general/ephemeral/user/nny124/ephemeral/martian_moons_data/Ma_xp_A2000_s030z_n65_r16_v00_78000_fof_0.0040_0000.hdf5,462775104,2000,,30.0,z,True,65,16,0,0,PartType0,3162277,487,487,True,kg,9.932666573979265e+19,2.351764041400393e+18,1.0,True,"-1,2147483647",20,,,,
,Ma_xp_A2000_s030z_n65_r16_v00_84000.hdf5,A2000,n65,r16,v00,s030z,84000,0.004,101667,9.934419320299546e+19,,,,,,,,,,,,,,,,,Ma_xp_A2000_s030z_n65_r16_v00_84000_fof_0.0040_0000,Ma_xp_A2000_s030z_n65_r16_v00_84000_fof_0.0040_0000.hdf5,/rds/general/ephemeral/user/nny124/ephemeral/martian_moons_data/Ma_xp_A2000_s030z_n65_r16_v00_84000_fof_0.0040_0000.hdf5,462775104,2000,,30.0,z,True,65,16,0,0,PartType0,3162276,423,423,True,kg,9.934419320299546e+19,3.1992109645022203e+18,1.0,True,"-1,2147483647",20,,,,
Ma_xp_A2000_s030z_n65_r16_v00_90000_fof_0.0040_0000.hdf5,Ma_xp_A2000_s030z_n65_r16_v00_90000.hdf5,A2000,n65,r16,v00,s030z,90000,0.004,101631,9.934932243156487e+19,156.0,5.08008720692e+19,0.510513630056,4.70025401571e+19,0.472343021292,2.296098658173604e+18,221.0,5.2506795301e+19,0.527656978708,3.1980868437555666e+18,9.95093354581e+19,4.70025401571e+19,0.472343021292,/rds/general/user/nny124/home/irp-nny124/martian_moon_data/Ma_xp_A2000_s030z_n65_r16_v00_90000.hdf5,particle_level_raw_snapshot_parent_normalized,All raw asteroid particles in the physical snapshot are included in the denominator; all raw bound/captured asteroid particles are included in the numerator. No FoF background or unresolved material is discarded for the particle-level metrics.,Ma_xp_A2000_s030z_n65_r16_v00_90000_fof_0.0040_0000,Ma_xp_A2000_s030z_n65_r16_v00_90000_fof_0.0040_0000.hdf5,/rds/general/ephemeral/user/nny124/ephemeral/martian_moons_data/Ma_xp_A2000_s030z_n65_r16_v00_90000_fof_0.0040_0000.hdf5,462775104,2000,,30.0,z,True,65,16,0,0,PartType0,3162276,377,377,True,kg,9.934932243156487e+19,3.1980781278340465e+18,1.0,True,"-1,2147483647",20,2.5106701429591687e+19,0.2527113500577126,7.424262112302803e+19,0.7472886499422872
,Ma_xp_A2000_s030z_n65_r16_v00_96000.hdf5,A2000,n65,r16,v00,s030z,96000,0.004,101685,9.936109133838238e+19,,,,,,,,,,,,,,,,,Ma_xp_A2000_s030z_n65_r16_v00_96000_fof_0.0040_0000,Ma_xp_A2000_s030z_n65_r16_v00_96000_fof_0.0040_0000.hdf5,/rds/general/ephemeral/user/nny124/ephemeral/martian_moons_data/Ma_xp_A2000_s030z_n65_r16_v00_96000_fof_0.0040_0000.hdf5,462775104,2000,,30.0,z,True,65,16,0,0,PartType0,3162275,357,357,True,kg,9.936109133838238e+19,3.1997773851937864e+18,1.0,True,"-1,2147483647",20,,,,
Ma_xp_A2000_s030z_n65_r16_v02_90000_fof_0.0040_0000.hdf5,Ma_xp_A2000_s030z_n65_r16_v02_90000.hdf5,A2000,n65,r16,v02,s030z,90000,0.004,92826,9.939199258758849e+19,129.0,4.94339496301e+19,0.496777476201,4.55525117035e+19,0.457771672465,1.59597532782283e+18,237.0,5.3956729351700005e+19,0.5422283275349999,2.9210143495451116e+18,9.95092410552e+19,4.55525117035e+19,0.457771672465,/rds/general/user/nny124/home/irp-nny124/martian_moon_data/Ma_xp_A2000_s030z_n65_r16_v02_90000.hdf5,particle_level_raw_snapshot_parent_normalized,All raw asteroid particles in the physical snapshot are included in the denominator; all raw bound/captured asteroid particles are included in the numerator. No FoF background or unresolved material is discarded for the particle-level metrics.,Ma_xp_A2000_s030z_n65_r16_v02_90000_fof_0.0040_0000,Ma_xp_A2000_s030z_n65_r16_v02_90000_fof_0.0040_0000.hdf5,/rds/general/ephemeral/user/nny124/ephemeral/martian_moons_data/Ma_xp_A2000_s030z_n65_r16_v02_90000_fof_0.0040_0000.hdf5,462775104,2000,,30.0,z,True,65,16,2,0,PartType0,3162273,366,366,True,kg,9.939199258758849e+19,2.9210106925749873e+18,1.0,True,"-1,2147483647",20,2.2855003599281e+19,0.229948137545546,7.653698906147317e+19,0.7700518624544539
Ma_xp_A2000_s030z_n65_r16_v06_90000_fof_0.0040_0000.hdf5,Ma_xp_A2000_s030z_n65_r16_v06_90000.hdf5,A2000,n65,r16,v06,s030z,90000,0.004,109924,9.913178646929849e+19,112.0,3.62538581013e+19,0.36432723739,3.38273261111e+19,0.339942199694,1.1109332578858968e+18,229.0,6.568172613830001e+19,0.660057800306,3.459047910704721e+18,9.95090522494e+19,3.38273261111e+19,0.339942199694,/rds/general/user/nny124/home/irp-nny124/martian_moon_data/Ma_xp_A2000_s030z_n65_r16_v06_90000.hdf5,particle_level_raw_snapshot_parent_normalized,All raw asteroid particles in the physical snapshot are included in the denominator; all raw bound/captured asteroid particles are included in the numerator. No FoF background or unresolved material is discarded for the particle-level metrics.,Ma_xp_A2000_s030z_n65_r16_v06_90000_fof_0.0040_0000,Ma_xp_A2000_s030z_n65_r16_v06_90000_fof_0.0040_0000.hdf5,/rds/general/ephemeral/user/nny124/ephemeral/martian_moons_data/Ma_xp_A2000_s030z_n65_r16_v06_90000_fof_0.0040_0000.hdf5,462775104,2000,,30.0,z,True,65,16,6,0,PartType0,3162267,341,341,True,kg,9.913178646929849e+19,3.4590451944261284e+18,1.0,True,"-1,2147483647",20,1.4313366804950086e+19,0.1443872572516334,8.481842001197944e+19,0.8556127427483665
Ma_xp_A2000_s030z_n65_r16_v08_90000_fof_0.0040_0000.hdf5,Ma_xp_A2000_s030z_n65_r16_v08_90000.hdf5,A2000,n65,r16,v08,s030z,90000,0.004,101971,9.943157891836158e+19,62.0,2.51927339338e+19,0.253169472504,2.32681735992e+19,0.233828978296,7.315280264579997e+17,241.0,7.62411933266e+19,0.766171021704,3.208785838421274e+18,9.95093669258e+19,2.32681735992e+19,0.233828978296,/rds/general/user/nny124/home/irp-nny124/martian_moon_data/Ma_xp_A2000_s030z_n65_r16_v08_90000.hdf5,particle_level_raw_snapshot_parent_normalized,All raw asteroid particles in the physical snapshot are included in the denominator; all raw bound/captured asteroid particles are included in the numerator. No FoF background or unresolved material is discarded for the particle-level metrics.,Ma_xp_A2000_s030z_n65_r16_v08_90000_fof_0.0040_0000,Ma_xp_A2000_s030z_n65_r16_v08_90000_fof_0.0040_0000.hdf5,/rds/general/ephemeral/user/nny124/ephemeral/martian_moons_data/Ma_xp_A2000_s030z_n65_r16_v08_90000_fof_0.0040_0000.hdf5,462775104,2000,,30.0,z,True,65,16,8,0,PartType0,3162277,303,303,True,kg,9.943157891836158e+19,3.208784916258567e+18,1.0,True,"-1,2147483647",20,7.387372608048296e+18,0.0742960404202389,9.204420633294604e+19,0.925703959579761
Ma_xp_A2000_s030z_n65_r16_v10_90000_fof_0.0040_0000.hdf5,Ma_xp_A2000_s030z_n65_r16_v10_90000.hdf5,A2000,n65,r16,v10,s030z,90000,0.004,120578,9.942997409686428e+19,21.0,1.4324632217e+19,0.143952601243,1.22282586151e+19,0.122885503073,3.2732630151055526e+17,259.0,8.72811083107e+19,0.8771144969269999,3.794304055317803e+18,9.95093669258e+19,1.22282586151e+19,0.122885503073,/rds/general/user/nny124/home/irp-nny124/martian_moon_data/Ma_xp_A2000_s030z_n65_r16_v10_90000.hdf5,particle_level_raw_snapshot_parent_normalized,All raw asteroid particles in the physical snapshot are included in the denominator; all raw bound/captured asteroid particles are included in the numerator. No FoF background or unresolved material is discarded for the particle-level metrics.,Ma_xp_A2000_s030z_n65_r16_v10_90000_fof_0.0040_0000,Ma_xp_A2000_s030z_n65_r16_v10_90000_fof_0.0040_0000.hdf5,/rds/general/ephemeral/user/nny124/ephemeral/martian_moons_data/Ma_xp_A2000_s030z_n65_r16_v10_90000_fof_0.0040_0000.hdf5,462775104,2000,,30.0,z,True,65,16,10,0,PartType0,3162277,280,280,True,kg,9.942997409686428e+19,3.794295083755078e+18,1.0,True,"-1,2147483647",20,1.6391174504308987e+18,0.0164851440966678,9.779085664134627e+19,0.983514855903332
Ma_xp_A2000_s030z_n65_r17_v00_90000_fof_0.0040_0000.hdf5,Ma_xp_A2000_s030z_n65_r17_v00_90000.hdf5,A2000,n65,r17,v00,s030z,90000,0.004,84756,9.917669092753482e+19,147.0,5.11660224636e+19,0.514184277176,4.72067021494e+19,0.474395758236,1.808381839570222e+18,235.0,5.2302413035299996e+19,0.525604241764,2.6670705643914066e+18,9.95091151847e+19,4.72067021494e+19,0.474395758236,/rds/general/user/nny124/home/irp-nny124/martian_moon_data/Ma_xp_A2000_s030z_n65_r17_v00_90000.hdf5,particle_level_raw_snapshot_parent_normalized,All raw asteroid particles in the physical snapshot are included in the denominator; all raw bound/captured asteroid particles are included in the numerator. No FoF background or unresolved material is discarded for the particle-level metrics.,Ma_xp_A2000_s030z_n65_r17_v00_90000_fof_0.0040_0000,Ma_xp_A2000_s030z_n65_r17_v00_90000_fof_0.0040_0000.hdf5,/rds/general/ephemeral/user/nny124/ephemeral/martian_moons_data/Ma_xp_A2000_s030z_n65_r17_v00_90000_fof_0.0040_0000.hdf5,462775104,2000,,30.0,z,True,65,17,0,0,PartType0,3162269,382,382,True,kg,9.917669092753482e+19,2.667062601623115e+18,1.0,True,"-1,2147483647",20,2.5040273259769627e+19,0.2524814346520673,7.413641786715e+19,0.7475185653479326
Ma_xp_A2000_s030z_n65_r18_v00_90000_fof_0.0040_0000.hdf5,Ma_xp_A2000_s030z_n65_r18_v00_90000.hdf5,A2000,n65,r18,v00,s030z,90000,0.004,106322,9.941732422708227e+19,126.0,5.04501967852e+19,0.506989425658,4.70032953802e+19,0.472350461392,1.940073876853605e+18,221.0,5.25060715456e+19,0.527649538608,3.3457015025109606e+18,9.95093669258e+19,4.70032953802e+19,0.472350461392,/rds/general/user/nny124/home/irp-nny124/martian_moon_data/Ma_xp_A2000_s030z_n65_r18_v00_90000.hdf5,particle_level_raw_snapshot_parent_normalized,All raw asteroid particles in the physical snapshot are included in the denominator; all raw bound/captured asteroid particles are included in the numerator. No FoF background or unresolved material is discarded for the particle-level metrics.,Ma_xp_A2000_s030z_n65_r18_v00_90000_fof_0.0040_0000,Ma_xp_A2000_s030z_n65_r18_v00_90000_fof_0.0040_0000.hdf5,/rds/general/ephemeral/user/nny124/ephemeral/martian_moons_data/Ma_xp_A2000_s030z_n65_r18_v00_90000_fof_0.0040_0000.hdf5,462775104,2000,,30.0,z,True,65,18,0,0,PartType0,3162277,347,347,True,kg,9.941732422708227e+19,3.3456936978099743e+18,1.0,True,"-1,2147483647",20,2.408913263398049e+19,0.2423031684979305,7.532819147000142e+19,0.7576968315020697
Ma_xp_A2000_s030z_n65_r19_v00_90000_fof_0.0040_0000.hdf5,Ma_xp_A2000_s030z_n65_r19_v00_90000.hdf5,A2000,n65,r19,v00,s030z,90000,0.004,132741,9.939671276902688e+19,129.0,5.06340306877e+19,0.508836828652,4.71303616757e+19,0.473627389378,1.9074734107543017e+18,221.0,5.2379005250099995e+19,0.526372610622,4.1770448556678047e+18,9.95093669258e+19,4.71303616757e+19,0.473627389378,/rds/general/user/nny124/home/irp-nny124/martian_moon_data/Ma_xp_A2000_s030z_n65_r19_v00_90000.hdf5,particle_level_raw_snapshot_parent_normalized,All raw asteroid particles in the physical snapshot are included in the denominator; all raw bound/captured asteroid particles are included in the numerator. No FoF background or unresolved material is discarded for the particle-level metrics.,Ma_xp_A2000_s030z_n65_r19_v00_90000_fof_0.0040_0000,Ma_xp_A2000_s030z_n65_r19_v00_90000_fof_0.0040_0000.hdf5,/rds/general/ephemeral/user/nny124/ephemeral/martian_moons_data/Ma_xp_A2000_s030z_n65_r19_v00_90000_fof_0.0040_0000.hdf5,462775104,2000,,30.0,z,True,65,19,0,0,PartType0,3162277,350,350,True,kg,9.939671276902688e+19,4.177041150647967e+18,1.0,True,"-1,2147483647",20,2.3250457322707595e+19,0.2339157570353769,7.614625548271169e+19,0.7660842429646231
Ma_xp_A2000_s030z_n65_r20_v00_90000_fof_0.0040_0000.hdf5,Ma_xp_A2000_s030z_n65_r20_v00_90000.hdf5,A2000,n65,r20,v00,s030z,90000,0.004,101992,9.93020894708974e+19,146.0,5.06067167837e+19,0.508562986181,4.65770663133e+19,0.468067747472,1.6154537916408502e+18,208.0,5.29321747419e+19,0.531932252528,3.2094466586800384e+18,9.95092410552e+19,4.65770663133e+19,0.468067747472,/rds/general/user/nny124/home/irp-nny124/martian_moon_data/Ma_xp_A2000_s030z_n65_r20_v00_90000.hdf5,particle_level_raw_snapshot_parent_normalized,All raw asteroid particles in the physical snapshot are included in the denominator; all raw bound/captured asteroid particles are included in the numerator. No FoF background or unresolved material is discarded for the particle-level metrics.,Ma_xp_A2000_s030z_n65_r20_v00_90000_fof_0.0040_0000,Ma_xp_A2000_s030z_n65_r20_v00_90000_fof_0.0040_0000.hdf5,/rds/general/ephemeral/user/nny124/ephemeral/martian_moons_data/Ma_xp_A2000_s030z_n65_r20_v00_90000_fof_0.0040_0000.hdf5,462775104,2000,,30.0,z,True,65,20,0,0,PartType0,3162273,354,354,True,kg,9.93020894708974e+19,3.209448868745327e+18,1.0,True,"-1,2147483647",20,2.193448097881489e+19,0.2208863988542271,7.736760865908279e+19,0.7791136011457728
Ma_xp_A2000_s030z_n65_r20_v02_90000_fof_0.0040_0000.hdf5,Ma_xp_A2000_s030z_n65_r20_v02_90000.hdf5,A2000,n65,r20,v02,s030z,90000,0.004,119533,9.940480024150814e+19,130.0,4.77784060761e+19,0.480140392686,4.52725441872e+19,0.454958189884,1.6936193879638904e+18,216.0,5.423669686800001e+19,0.545041810116,3.761420380536437e+18,9.95092410552e+19,4.52725441872e+19,0.454958189884,/rds/general/user/nny124/home/irp-nny124/martian_moon_data/Ma_xp_A2000_s030z_n65_r20_v02_90000.hdf5,particle_level_raw_snapshot_parent_normalized,All raw asteroid particles in the physical snapshot are included in the denominator; all raw bound/captured asteroid particles are included in the numerator. No FoF background or unresolved material is discarded for the particle-level metrics.,Ma_xp_A2000_s030z_n65_r20_v02_90000_fof_0.0040_0000,Ma_xp_A2000_s030z_n65_r20_v02_90000_fof_0.0040_0000.hdf5,/rds/general/ephemeral/user/nny124/ephemeral/martian_moons_data/Ma_xp_A2000_s030z_n65_r20_v02_90000_fof_0.0040_0000.hdf5,462775104,2000,,30.0,z,True,65,20,2,0,PartType0,3162273,346,346,True,kg,9.940480024150814e+19,3.761409099576123e+18,1.0,True,"-1,2147483647",20,2.1967301718333866e+19,0.2209883398113789,7.74374982683247e+19,0.7790116601886209
Ma_xp_A2000_s030z_n65_r20_v04_90000_fof_0.0040_0000.hdf5,Ma_xp_A2000_s030z_n65_r20_v04_90000.hdf5,A2000,n65,r20,v04,s030z,90000,0.004,134405,9.940612171996704e+19,100.0,4.26397104058e+19,0.428499464152,3.91528765766e+19,0.393459206768,1.6442466743443855e+18,215.0,6.03564903492e+19,0.6065407932319999,4.229406994267032e+18,9.95093669258e+19,3.91528765766e+19,0.393459206768,/rds/general/user/nny124/home/irp-nny124/martian_moon_data/Ma_xp_A2000_s030z_n65_r20_v04_90000.hdf5,particle_level_raw_snapshot_parent_normalized,All raw asteroid particles in the physical snapshot are included in the denominator; all raw bound/captured asteroid particles are included in the numerator. No FoF background or unresolved material is discarded for the particle-level metrics.,Ma_xp_A2000_s030z_n65_r20_v04_90000_fof_0.0040_0000,Ma_xp_A2000_s030z_n65_r20_v04_90000_fof_0.0040_0000.hdf5,/rds/general/ephemeral/user/nny124/ephemeral/martian_moons_data/Ma_xp_A2000_s030z_n65_r20_v04_90000_fof_0.0040_0000.hdf5,462775104,2000,,30.0,z,True,65,20,4,0,PartType0,3162277,315,315,True,kg,9.940612171996704e+19,4.229400225845004e+18,1.0,True,"-1,2147483647",20,1.6647446894187278e+19,0.1674690312999344,8.275867473299261e+19,0.8325309687000657
Ma_xp_A2000_s030z_n65_r20_v06_90000_fof_0.0040_0000.hdf5,Ma_xp_A2000_s030z_n65_r20_v06_90000.hdf5,A2000,n65,r20,v06,s030z,90000,0.004,148516,9.94252539123929e+19,72.0,3.37476500685e+19,0.339140435832,3.04773450108e+19,0.30627614216,1.0714728481479368e+18,227.0,6.9032021915e+19,0.69372385784,4.673446740526268e+18,9.95093669258e+19,3.04773450108e+19,0.30627614216,/rds/general/user/nny124/home/irp-nny124/martian_moon_data/Ma_xp_A2000_s030z_n65_r20_v06_90000.hdf5,particle_level_raw_snapshot_parent_normalized,All raw asteroid particles in the physical snapshot are included in the denominator; all raw bound/captured asteroid particles are included in the numerator. No FoF background or unresolved material is discarded for the particle-level metrics.,Ma_xp_A2000_s030z_n65_r20_v06_90000_fof_0.0040_0000,Ma_xp_A2000_s030z_n65_r20_v06_90000_fof_0.0040_0000.hdf5,/rds/general/ephemeral/user/nny124/ephemeral/martian_moons_data/Ma_xp_A2000_s030z_n65_r20_v06_90000_fof_0.0040_0000.hdf5,462775104,2000,,30.0,z,True,65,20,6,0,PartType0,3162277,299,299,True,kg,9.94252539123929e+19,4.673445387555352e+18,1.0,True,"-1,2147483647",20,1.0735402715289045e+19,0.1079746069445296,8.868985123172645e+19,0.8920253930554704
Ma_xp_A2000_s030z_n65_r20_v08_90000_fof_0.0040_0000.hdf5,Ma_xp_A2000_s030z_n65_r20_v08_90000.hdf5,A2000,n65,r20,v08,s030z,90000,0.004,122397,9.94411135180228e+19,33.0,2.22265320656e+19,0.2233612046,1.98284153465e+19,0.199261797749,7.469786334606619e+17,239.0,7.96809515793e+19,0.800738202251,3.851543676779338e+18,9.95093669258e+19,1.98284153465e+19,0.199261797749,/rds/general/user/nny124/home/irp-nny124/martian_moon_data/Ma_xp_A2000_s030z_n65_r20_v08_90000.hdf5,particle_level_raw_snapshot_parent_normalized,All raw asteroid particles in the physical snapshot are included in the denominator; all raw bound/captured asteroid particles are included in the numerator. No FoF background or unresolved material is discarded for the particle-level metrics.,Ma_xp_A2000_s030z_n65_r20_v08_90000_fof_0.0040_0000,Ma_xp_A2000_s030z_n65_r20_v08_90000_fof_0.0040_0000.hdf5,/rds/general/ephemeral/user/nny124/ephemeral/martian_moons_data/Ma_xp_A2000_s030z_n65_r20_v08_90000_fof_0.0040_0000.hdf5,462775104,2000,,30.0,z,True,65,20,8,0,PartType0,3162277,272,272,True,kg,9.94411135180228e+19,3.851545790399106e+18,1.0,True,"-1,2147483647",20,4.025905822212733e+18,0.0404853251851173,9.541520781104711e+19,0.9595146748148828
Ma_xp_A2000_s030z_n65_r20_v10_90000_fof_0.0040_0000.hdf5,Ma_xp_A2000_s030z_n65_r20_v10_90000.hdf5,A2000,n65,r20,v10,s030z,90000,0.004,159160,9.94419002354942e+19,0.0,1.07262456346e+19,0.107791316194,8.75360275924e+18,0.0879676258595,0.0,225.0,9.075576416655999e+19,0.9120323741405,5.008388208831103e+18,9.95093669258e+19,8.75360275924e+18,0.0879676258595,/rds/general/user/nny124/home/irp-nny124/martian_moon_data/Ma_xp_A2000_s030z_n65_r20_v10_90000.hdf5,particle_level_raw_snapshot_parent_normalized,All raw asteroid particles in the physical snapshot are included in the denominator; all raw bound/captured asteroid particles are included in the numerator. No FoF background or unresolved material is discarded for the particle-level metrics.,Ma_xp_A2000_s030z_n65_r20_v10_90000_fof_0.0040_0000,Ma_xp_A2000_s030z_n65_r20_v10_90000_fof_0.0040_0000.hdf5,/rds/general/ephemeral/user/nny124/ephemeral/martian_moons_data/Ma_xp_A2000_s030z_n65_r20_v10_90000_fof_0.0040_0000.hdf5,462775104,2000,,30.0,z,True,65,20,10,0,PartType0,3162277,225,225,True,kg,9.94419002354942e+19,5.008396200555448e+18,1.0,True,"-1,2147483647",20,0.0,0.0,9.944190032397006e+19,1.0
Ma_xp_A2000_s030z_n65_r22_v00_90000_fof_0.0040_0000.hdf5,Ma_xp_A2000_s030z_n65_r22_v00_90000.hdf5,A2000,n65,r22,v00,s030z,90000,0.004,198416,9.941678908926576e+19,112.0,4.95593796088e+19,0.49803733196,4.67489110482e+19,0.469794075598,1.924560334588203e+18,195.0,5.276045587759999e+19,0.530205924402,6.243681545901244e+18,9.95093669258e+19,4.67489110482e+19,0.469794075598,/rds/general/user/nny124/home/irp-nny124/martian_moon_data/Ma_xp_A2000_s030z_n65_r22_v00_90000.hdf5,particle_level_raw_snapshot_parent_normalized,All raw asteroid particles in the physical snapshot are included in the denominator; all raw bound/captured asteroid particles are included in the numerator. No FoF background or unresolved material is discarded for the particle-level metrics.,Ma_xp_A2000_s030z_n65_r22_v00_90000_fof_0.0040_0000,Ma_xp_A2000_s030z_n65_r22_v00_90000_fof_0.0040_0000.hdf5,/rds/general/ephemeral/user/nny124/ephemeral/martian_moons_data/Ma_xp_A2000_s030z_n65_r22_v00_90000_fof_0.0040_0000.hdf5,462775104,2000,,30.0,z,True,65,22,0,0,PartType0,3162277,307,307,True,kg,9.941678908926576e+19,6.243690898757477e+18,1.0,True,"-1,2147483647",20,2.068968441708127e+19,0.2081105675721543,7.872710473711637e+19,0.7918894324278457
Ma_xp_A2000_s030z_n65_r24_v00_90000_fof_0.0040_0000.hdf5,Ma_xp_A2000_s030z_n65_r24_v00_90000.hdf5,A2000,n65,r24,v00,s030z,90000,0.004,543256,9.941927500353747e+19,74.0,4.70205396422e+19,0.472523754244,4.18392997343e+19,0.420455893016,1.5916327946937723e+18,187.0,5.76700671915e+19,0.5795441069839999,1.7094979547614806e+19,9.95093669258e+19,4.18392997343e+19,0.420455893016,/rds/general/user/nny124/home/irp-nny124/martian_moon_data/Ma_xp_A2000_s030z_n65_r24_v00_90000.hdf5,particle_level_raw_snapshot_parent_normalized,All raw asteroid particles in the physical snapshot are included in the denominator; all raw bound/captured asteroid particles are included in the numerator. No FoF background or unresolved material is discarded for the particle-level metrics.,Ma_xp_A2000_s030z_n65_r24_v00_90000_fof_0.0040_0000,Ma_xp_A2000_s030z_n65_r24_v00_90000_fof_0.0040_0000.hdf5,/rds/general/ephemeral/user/nny124/ephemeral/martian_moons_data/Ma_xp_A2000_s030z_n65_r24_v00_90000_fof_0.0040_0000.hdf5,462775104,2000,,30.0,z,True,65,24,0,0,PartType0,3162277,261,261,True,kg,9.941927500353747e+19,1.7094996964450628e+19,1.0,True,"-1,2147483647",20,1.4199139303077329e+19,0.1428207889185384,8.522013579402476e+19,0.8571792110814614
Ma_xp_A2000_s030z_n65_r26_v00_90000_fof_0.0040_0000.hdf5,Ma_xp_A2000_s030z_n65_r26_v00_90000.hdf5,A2000,n65,r26,v00,s030z,90000,0.004,1374930,9.942226452926394e+19,6.0,3.68775150875e+19,0.370593404689,3.29032161807e+19,0.330654461959,6.693259595287863e+18,158.0,6.660615074509999e+19,0.669345538041,4.326579039982779e+19,9.95093669258e+19,3.29032161807e+19,0.330654461959,/rds/general/user/nny124/home/irp-nny124/martian_moon_data/Ma_xp_A2000_s030z_n65_r26_v00_90000.hdf5,particle_level_raw_snapshot_parent_normalized,All raw asteroid particles in the physical snapshot are included in the denominator; all raw bound/captured asteroid particles are included in the numerator. No FoF background or unresolved material is discarded for the particle-level metrics.,Ma_xp_A2000_s030z_n65_r26_v00_90000_fof_0.0040_0000,Ma_xp_A2000_s030z_n65_r26_v00_90000_fof_0.0040_0000.hdf5,/rds/general/ephemeral/user/nny124/ephemeral/martian_moons_data/Ma_xp_A2000_s030z_n65_r26_v00_90000_fof_0.0040_0000.hdf5,462775104,2000,,30.0,z,True,65,26,0,0,PartType0,3162277,164,164,True,kg,9.942226452926394e+19,4.326579941990107e+19,1.0,True,"-1,2147483647",20,7.247341648450499e+18,0.0728945541852342,9.217492287400056e+19,0.9271054458147656
Ma_xp_A2000_s030z_n65_r28_v00_90000_fof_0.0040_0000.hdf5,Ma_xp_A2000_s030z_n65_r28_v00_90000.hdf5,A2000,n65,r28,v00,s030z,90000,0.004,2534608,9.950927252296263e+19,0.0,5.06931898347e+19,0.509431336976,2.21845227777e+19,0.222939040445,0.0,2.0,7.73248441481e+19,0.777060959555,7.97581102104505e+19,9.95093669258e+19,2.21845227777e+19,0.222939040445,/rds/general/user/nny124/home/irp-nny124/martian_moon_data/Ma_xp_A2000_s030z_n65_r28_v00_90000.hdf5,particle_level_raw_snapshot_parent_normalized,All raw asteroid particles in the physical snapshot are included in the denominator; all raw bound/captured asteroid particles are included in the numerator. No FoF background or unresolved material is discarded for the particle-level metrics.,Ma_xp_A2000_s030z_n65_r28_v00_90000_fof_0.0040_0000,Ma_xp_A2000_s030z_n65_r28_v00_90000_fof_0.0040_0000.hdf5,/rds/general/ephemeral/user/nny124/ephemeral/martian_moons_data/Ma_xp_A2000_s030z_n65_r28_v00_90000_fof_0.0040_0000.hdf5,462775104,2000,,30.0,z,True,65,28,0,0,PartType0,3162277,2,2,True,kg,9.950927252296263e+19,7.975809346910249e+19,1.0,True,"-1,2147483647",20,0.0,0.0,9.950927252202729e+19,1.0
Ma_xp_A2000_s030z_n65_r30_v00_90000_fof_0.0040_0000.hdf5,Ma_xp_A2000_s030z_n65_r30_v00_90000.hdf5,A2000,n65,r30,v00,s030z,90000,0.004,3010958,9.941033815031734e+19,0.0,4.83997973928e+19,0.48638433635,1.78361052016e+19,0.179240465019,0.0,132.0,8.16732617242e+19,0.820759534981,9.474771640976209e+19,9.95093669258e+19,1.78361052016e+19,0.179240465019,/rds/general/user/nny124/home/irp-nny124/martian_moon_data/Ma_xp_A2000_s030z_n65_r30_v00_90000.hdf5,particle_level_raw_snapshot_parent_normalized,All raw asteroid particles in the physical snapshot are included in the denominator; all raw bound/captured asteroid particles are included in the numerator. No FoF background or unresolved material is discarded for the particle-level metrics.,Ma_xp_A2000_s030z_n65_r30_v00_90000_fof_0.0040_0000,Ma_xp_A2000_s030z_n65_r30_v00_90000_fof_0.0040_0000.hdf5,/rds/general/ephemeral/user/nny124/ephemeral/martian_moons_data/Ma_xp_A2000_s030z_n65_r30_v00_90000_fof_0.0040_0000.hdf5,462775104,2000,,30.0,z,True,65,30,0,0,PartType0,3162277,132,132,True,kg,9.941033815031734e+19,9.474770834718504e+19,1.0,True,"-1,2147483647",20,0.0,0.0,9.941033828511452e+19,1.0
Ma_xp_A2000_s036mz_n65_r12_v00_90000_fof_0.0040_0000.hdf5,Ma_xp_A2000_s036mz_n65_r12_v00_90000.hdf5,A2000,n65,r12,v00,s036mz,90000,0.004,3162274,1.0016129078813077e+20,0.0,5.28491271199e+19,0.527640236109,0.0,0.0,0.0,1.0,1.00161290787e+20,1.0,1.0016129079298584e+20,1.00161290787e+20,0.0,0.0,/rds/general/user/nny124/home/irp-nny124/martian_moon_data/Ma_xp_A2000_s036mz_n65_r12_v00_90000.hdf5,particle_level_raw_snapshot_parent_normalized,All raw asteroid particles in the physical snapshot are included in the denominator; all raw bound/captured asteroid particles are included in the numerator. No FoF background or unresolved material is discarded for the particle-level metrics.,Ma_xp_A2000_s036mz_n65_r12_v00_90000_fof_0.0040_0000,Ma_xp_A2000_s036mz_n65_r12_v00_90000_fof_0.0040_0000.hdf5,/rds/general/ephemeral/user/nny124/ephemeral/martian_moons_data/Ma_xp_A2000_s036mz_n65_r12_v00_90000_fof_0.0040_0000.hdf5,462775112,2000,,36.0,mz,True,65,12,0,0,PartType0,3162274,1,1,True,kg,1.0016129078813077e+20,1.0016129078813077e+20,1.0,True,"-1,2147483647",20,0.0,0.0,1.0016129079298584e+20,1.0
Ma_xp_A2000_s036x_n65_r12_v00_90000_fof_0.0040_0000.hdf5,Ma_xp_A2000_s036x_n65_r12_v00_90000.hdf5,A2000,n65,r12,v00,s036x,90000,0.004,140749,9.675258788822585e+19,830.0,5.11051033593e+19,0.510228082703,4.66035886873e+19,0.46528542435,7.83705275996451e+17,1420.0,5.355770209969999e+19,0.53471457565,4.458058193882082e+18,1.00161290787e+20,4.66035886873e+19,0.46528542435,/rds/general/user/nny124/home/irp-nny124/martian_moon_data/Ma_xp_A2000_s036x_n65_r12_v00_90000.hdf5,particle_level_raw_snapshot_parent_normalized,All raw asteroid particles in the physical snapshot are included in the denominator; all raw bound/captured asteroid particles are included in the numerator. No FoF background or unresolved material is discarded for the particle-level metrics.,Ma_xp_A2000_s036x_n65_r12_v00_90000_fof_0.0040_0000,Ma_xp_A2000_s036x_n65_r12_v00_90000_fof_0.0040_0000.hdf5,/rds/general/ephemeral/user/nny124/ephemeral/martian_moons_data/Ma_xp_A2000_s036x_n65_r12_v00_90000_fof_0.0040_0000.hdf5,462775104,2000,,36.0,x,True,65,12,0,0,PartType0,3162274,2250,2250,True,kg,9.675258788822585e+19,4.4580549310738657e+18,1.0,True,"-1,2147483647",20,2.1410582351396487e+19,0.2212920935424798,7.534200382849093e+19,0.7787079064575202
Ma_xp_A2000_s036x_n65_r16_v00_90000_fof_0.0040_0000.hdf5,Ma_xp_A2000_s036x_n65_r16_v00_90000.hdf5,A2000,n65,r16,v00,s036x,90000,0.004,804681,9.862853183057176e+19,120.0,4.58788600602e+19,0.458049808461,3.47356625153e+19,0.346797273102,5.158207938290663e+18,372.0,6.542562827169999e+19,0.6532027268980001,2.5487319451798303e+19,1.00161290787e+20,3.47356625153e+19,0.346797273102,/rds/general/user/nny124/home/irp-nny124/martian_moon_data/Ma_xp_A2000_s036x_n65_r16_v00_90000.hdf5,particle_level_raw_snapshot_parent_normalized,All raw asteroid particles in the physical snapshot are included in the denominator; all raw bound/captured asteroid particles are included in the numerator. No FoF background or unresolved material is discarded for the particle-level metrics.,Ma_xp_A2000_s036x_n65_r16_v00_90000_fof_0.0040_0000,Ma_xp_A2000_s036x_n65_r16_v00_90000_fof_0.0040_0000.hdf5,/rds/general/ephemeral/user/nny124/ephemeral/martian_moons_data/Ma_xp_A2000_s036x_n65_r16_v00_90000_fof_0.0040_0000.hdf5,462775104,2000,,36.0,x,True,65,16,0,0,PartType0,3162274,492,492,True,kg,9.862853183057176e+19,2.548730923293791e+19,1.0,True,"-1,2147483647",20,1.267925101718916e+19,0.1285556100065944,8.594928037509128e+19,0.8714443899934056
Ma_xp_A2000_s036x_n65_r16_v06_90000_fof_0.0040_0000.hdf5,Ma_xp_A2000_s036x_n65_r16_v06_90000.hdf5,A2000,n65,r16,v06,s036x,90000,0.004,1010775,9.8602591479236e+19,0.0,1.75145760559e+19,0.174864053268,1.49251464222e+19,0.149011405738,0.0,538.0,8.52359543218e+19,0.850988594262,3.2015103275343974e+19,1.00161100744e+20,1.49251464222e+19,0.149011405738,/rds/general/user/nny124/home/irp-nny124/martian_moon_data/Ma_xp_A2000_s036x_n65_r16_v06_90000.hdf5,particle_level_raw_snapshot_parent_normalized,All raw asteroid particles in the physical snapshot are included in the denominator; all raw bound/captured asteroid particles are included in the numerator. No FoF background or unresolved material is discarded for the particle-level metrics.,Ma_xp_A2000_s036x_n65_r16_v06_90000_fof_0.0040_0000,Ma_xp_A2000_s036x_n65_r16_v06_90000_fof_0.0040_0000.hdf5,/rds/general/ephemeral/user/nny124/ephemeral/martian_moons_data/Ma_xp_A2000_s036x_n65_r16_v06_90000_fof_0.0040_0000.hdf5,462775104,2000,,36.0,x,True,65,16,6,0,PartType0,3162268,538,538,True,kg,9.8602591479236e+19,3.20150873130553e+19,1.0,True,"-1,2147483647",20,0.0,0.0,9.86025905354716e+19,1.0
Ma_xp_A2000_s036x_n65_r20_v00_90000_fof_0.0040_0000.hdf5,Ma_xp_A2000_s036x_n65_r20_v00_90000.hdf5,A2000,n65,r20,v00,s036x,90000,0.004,2427888,1.0014694255148795e+20,0.0,5.78165003054e+19,0.577233977827,2.80389622208e+19,0.27993810783,0.0,6.0,7.212232856619999e+19,0.7200618921699999,7.690048236742104e+19,1.00161290787e+20,2.80389622208e+19,0.27993810783,/rds/general/user/nny124/home/irp-nny124/martian_moon_data/Ma_xp_A2000_s036x_n65_r20_v00_90000.hdf5,particle_level_raw_snapshot_parent_normalized,All raw asteroid particles in the physical snapshot are included in the denominator; all raw bound/captured asteroid particles are included in the numerator. No FoF background or unresolved material is discarded for the particle-level metrics.,Ma_xp_A2000_s036x_n65_r20_v00_90000_fof_0.0040_0000,Ma_xp_A2000_s036x_n65_r20_v00_90000_fof_0.0040_0000.hdf5,/rds/general/ephemeral/user/nny124/ephemeral/martian_moons_data/Ma_xp_A2000_s036x_n65_r20_v00_90000_fof_0.0040_0000.hdf5,462775104,2000,,36.0,x,True,65,20,0,0,PartType0,3162274,6,6,True,kg,1.0014694255148795e+20,7.690049200240045e+19,1.0,True,"-1,2147483647",20,0.0,0.0,1.0014694255137078e+20,1.0
Ma_xp_A2000_s036y_n65_r12_v00_90000_fof_0.0040_0000.hdf5,Ma_xp_A2000_s036y_n65_r12_v00_90000.hdf5,A2000,n65,r12,v00,s036y,90000,0.004,130038,9.457361979632024e+19,614.0,5.17373127644e+19,0.516546366731,4.7423180399e+19,0.4734739828,3.0653287475400904e+18,1609.0,5.2736875108999995e+19,0.5265260171999999,4.118799930486456e+18,1.00160055508e+20,4.7423180399e+19,0.4734739828,/rds/general/user/nny124/home/irp-nny124/martian_moon_data/Ma_xp_A2000_s036y_n65_r12_v00_90000.hdf5,particle_level_raw_snapshot_parent_normalized,All raw asteroid particles in the physical snapshot are included in the denominator; all raw bound/captured asteroid particles are included in the numerator. No FoF background or unresolved material is discarded for the particle-level metrics.,Ma_xp_A2000_s036y_n65_r12_v00_90000_fof_0.0040_0000,Ma_xp_A2000_s036y_n65_r12_v00_90000_fof_0.0040_0000.hdf5,/rds/general/ephemeral/user/nny124/ephemeral/martian_moons_data/Ma_xp_A2000_s036y_n65_r12_v00_90000_fof_0.0040_0000.hdf5,462775104,2000,,36.0,y,True,65,12,0,0,PartType0,3162235,2223,2223,True,kg,9.457361979632024e+19,4.1188070636185487e+18,1.0,True,"-1,2147483647",20,2.352252918051535e+19,0.2487218929481313,7.1051088371602416e+19,0.7512781070518686
Ma_xp_A2000_s036y_n65_r16_v00_90000_fof_0.0040_0000.hdf5,Ma_xp_A2000_s036y_n65_r16_v00_90000.hdf5,A2000,n65,r16,v00,s036y,90000,0.004,304257,9.060976529541202e+19,2006.0,4.92990939372e+19,0.492197070842,4.43798016072e+19,0.443083363428,1.3774943399379878e+18,2665.0,5.5781489179799994e+19,0.556916636572,9.6369808090847e+18,1.00161290787e+20,4.43798016072e+19,0.443083363428,/rds/general/user/nny124/home/irp-nny124/martian_moon_data/Ma_xp_A2000_s036y_n65_r16_v00_90000.hdf5,particle_level_raw_snapshot_parent_normalized,All raw asteroid particles in the physical snapshot are included in the denominator; all raw bound/captured asteroid particles are included in the numerator. No FoF background or unresolved material is discarded for the particle-level metrics.,Ma_xp_A2000_s036y_n65_r16_v00_90000_fof_0.0040_0000,Ma_xp_A2000_s036y_n65_r16_v00_90000_fof_0.0040_0000.hdf5,/rds/general/ephemeral/user/nny124/ephemeral/martian_moons_data/Ma_xp_A2000_s036y_n65_r16_v00_90000_fof_0.0040_0000.hdf5,462775104,2000,,36.0,y,True,65,16,0,0,PartType0,3162274,4671,4671,True,kg,9.060976529541202e+19,9.636978611964975e+18,1.0,True,"-1,2147483647",20,1.5719430753326782e+19,0.1734849504406884,7.489033518542525e+19,0.8265150495593114
Ma_xp_A2000_s036y_n65_r16_v06_90000_fof_0.0040_0000.hdf5,Ma_xp_A2000_s036y_n65_r16_v06_90000.hdf5,A2000,n65,r16,v06,s036y,90000,0.004,528023,9.360629928402433e+19,566.0,2.88690379661e+19,0.288225498486,2.40296903525e+19,0.239909950877,1.5987993055196552e+18,2733.0,7.61316004345e+19,0.760090049123,1.672450434278276e+19,1.00161290787e+20,2.40296903525e+19,0.239909950877,/rds/general/user/nny124/home/irp-nny124/martian_moon_data/Ma_xp_A2000_s036y_n65_r16_v06_90000.hdf5,particle_level_raw_snapshot_parent_normalized,All raw asteroid particles in the physical snapshot are included in the denominator; all raw bound/captured asteroid particles are included in the numerator. No FoF background or unresolved material is discarded for the particle-level metrics.,Ma_xp_A2000_s036y_n65_r16_v06_90000_fof_0.0040_0000,Ma_xp_A2000_s036y_n65_r16_v06_90000_fof_0.0040_0000.hdf5,/rds/general/ephemeral/user/nny124/ephemeral/martian_moons_data/Ma_xp_A2000_s036y_n65_r16_v06_90000_fof_0.0040_0000.hdf5,462775104,2000,,36.0,y,True,65,16,6,0,PartType0,3162274,3299,3299,True,kg,9.360629928402433e+19,1.6724497181276369e+19,1.0,True,"-1,2147483647",20,5.423792901279525e+18,0.0579426058961307,8.818250625278928e+19,0.9420573941038692
Ma_xp_A2000_s036y_n65_r20_v00_90000_fof_0.0040_0000.hdf5,Ma_xp_A2000_s036y_n65_r20_v00_90000.hdf5,A2000,n65,r20,v00,s036y,90000,0.004,3033591,1.0000884475079003e+20,0.0,5.4722791817e+19,0.546346711259,2.38389506212e+19,0.238005625066,0.0,86.0,7.63223401658e+19,0.761994374934,9.608540888534196e+19,1.00161290787e+20,2.38389506212e+19,0.238005625066,/rds/general/user/nny124/home/irp-nny124/martian_moon_data/Ma_xp_A2000_s036y_n65_r20_v00_90000.hdf5,particle_level_raw_snapshot_parent_normalized,All raw asteroid particles in the physical snapshot are included in the denominator; all raw bound/captured asteroid particles are included in the numerator. No FoF background or unresolved material is discarded for the particle-level metrics.,Ma_xp_A2000_s036y_n65_r20_v00_90000_fof_0.0040_0000,Ma_xp_A2000_s036y_n65_r20_v00_90000_fof_0.0040_0000.hdf5,/rds/general/ephemeral/user/nny124/ephemeral/martian_moons_data/Ma_xp_A2000_s036y_n65_r20_v00_90000_fof_0.0040_0000.hdf5,462775104,2000,,36.0,y,True,65,20,0,0,PartType0,3162274,86,86,True,kg,1.0000884475079003e+20,9.608540947110996e+19,1.0,True,"-1,2147483647",20,0.0,0.0,1.0000884470709684e+20,1.0
Ma_xp_A2000_s036z_n65_r12_v00_90000_fof_0.0040_0000.hdf5,Ma_xp_A2000_s036z_n65_r12_v00_90000.hdf5,A2000,n65,r12,v00,s036z,90000,0.004,92447,9.945154414940144e+19,218.0,5.23197309277e+19,0.522356616132,4.87677973159e+19,0.486894353822,1.5954102070056666e+18,233.0,5.13931450591e+19,0.5131056461779999,2.928149442268271e+18,1.00160942375e+20,4.87677973159e+19,0.486894353822,/rds/general/user/nny124/home/irp-nny124/martian_moon_data/Ma_xp_A2000_s036z_n65_r12_v00_90000.hdf5,particle_level_raw_snapshot_parent_normalized,All raw asteroid particles in the physical snapshot are included in the denominator; all raw bound/captured asteroid particles are included in the numerator. No FoF background or unresolved material is discarded for the particle-level metrics.,Ma_xp_A2000_s036z_n65_r12_v00_90000_fof_0.0040_0000,Ma_xp_A2000_s036z_n65_r12_v00_90000_fof_0.0040_0000.hdf5,/rds/general/ephemeral/user/nny124/ephemeral/martian_moons_data/Ma_xp_A2000_s036z_n65_r12_v00_90000_fof_0.0040_0000.hdf5,462775104,2000,,36.0,z,True,65,12,0,0,PartType0,3162263,451,451,True,kg,9.945154414940144e+19,2.928153940897505e+18,1.0,True,"-1,2147483647",20,2.59823178776775e+19,0.2612560536022877,7.3469225998242e+19,0.7387439463977122
Ma_xp_A2000_s036z_n65_r16_v00_90000_fof_0.0040_0000.hdf5,Ma_xp_A2000_s036z_n65_r16_v00_90000.hdf5,A2000,n65,r16,v00,s036z,90000,0.004,114985,1.0006351373319396e+20,125.0,5.15771699411e+19,0.514941146782,4.80703398461e+19,0.479929316688,2.1106482025855985e+18,221.0,5.209095094089999e+19,0.520070683312,3.6420139498222454e+18,1.00161290787e+20,4.80703398461e+19,0.479929316688,/rds/general/user/nny124/home/irp-nny124/martian_moon_data/Ma_xp_A2000_s036z_n65_r16_v00_90000.hdf5,particle_level_raw_snapshot_parent_normalized,All raw asteroid particles in the physical snapshot are included in the denominator; all raw bound/captured asteroid particles are included in the numerator. No FoF background or unresolved material is discarded for the particle-level metrics.,Ma_xp_A2000_s036z_n65_r16_v00_90000_fof_0.0040_0000,Ma_xp_A2000_s036z_n65_r16_v00_90000_fof_0.0040_0000.hdf5,/rds/general/ephemeral/user/nny124/ephemeral/martian_moons_data/Ma_xp_A2000_s036z_n65_r16_v00_90000_fof_0.0040_0000.hdf5,462775104,2000,,36.0,z,True,65,16,0,0,PartType0,3162274,346,346,True,kg,1.0006351373319396e+20,3.642019610617014e+18,1.0,True,"-1,2147483647",20,2.5419252417087058e+19,0.2540311795408124,7.464426129424151e+19,0.7459688204591873
Ma_xp_A2000_s036z_n65_r16_v06_90000_fof_0.0040_0000.hdf5,Ma_xp_A2000_s036z_n65_r16_v06_90000.hdf5,A2000,n65,r16,v06,s036z,90000,0.004,105301,1.0007301582340286e+20,94.0,3.6275991953e+19,0.362175763391,3.24315189593e+19,0.323792941409,1.2340119449065075e+18,254.0,6.772977182769999e+19,0.676207058591,3.3352846973973325e+18,1.00161290787e+20,3.24315189593e+19,0.323792941409,/rds/general/user/nny124/home/irp-nny124/martian_moon_data/Ma_xp_A2000_s036z_n65_r16_v06_90000.hdf5,particle_level_raw_snapshot_parent_normalized,All raw asteroid particles in the physical snapshot are included in the denominator; all raw bound/captured asteroid particles are included in the numerator. No FoF background or unresolved material is discarded for the particle-level metrics.,Ma_xp_A2000_s036z_n65_r16_v06_90000_fof_0.0040_0000,Ma_xp_A2000_s036z_n65_r16_v06_90000_fof_0.0040_0000.hdf5,/rds/general/ephemeral/user/nny124/ephemeral/martian_moons_data/Ma_xp_A2000_s036z_n65_r16_v06_90000_fof_0.0040_0000.hdf5,462775104,2000,,36.0,z,True,65,16,6,0,PartType0,3162274,348,348,True,kg,1.0007301582340286e+20,3.3352833234033644e+18,1.0,True,"-1,2147483647",20,1.3087779920305328e+19,0.1307823073809137,8.69852359363896e+19,0.8692176926190863
Ma_xp_A2000_s036z_n65_r20_v00_90000_fof_0.0040_0000.hdf5,Ma_xp_A2000_s036z_n65_r20_v00_90000.hdf5,A2000,n65,r20,v00,s036z,90000,0.004,192706,1.0007548638994116e+20,116.0,4.94998109212e+19,0.494201008515,4.66442578695e+19,0.465691461271,2.3042385775154895e+18,180.0,5.3517032917499994e+19,0.5343085387290001,6.103734749875597e+18,1.00161290787e+20,4.66442578695e+19,0.465691461271,/rds/general/user/nny124/home/irp-nny124/martian_moon_data/Ma_xp_A2000_s036z_n65_r20_v00_90000.hdf5,particle_level_raw_snapshot_parent_normalized,All raw asteroid particles in the physical snapshot are included in the denominator; all raw bound/captured asteroid particles are included in the numerator. No FoF background or unresolved material is discarded for the particle-level metrics.,Ma_xp_A2000_s036z_n65_r20_v00_90000_fof_0.0040_0000,Ma_xp_A2000_s036z_n65_r20_v00_90000_fof_0.0040_0000.hdf5,/rds/general/ephemeral/user/nny124/ephemeral/martian_moons_data/Ma_xp_A2000_s036z_n65_r20_v00_90000_fof_0.0040_0000.hdf5,462775104,2000,,36.0,z,True,65,20,0,0,PartType0,3162274,296,296,True,kg,1.0007548638994116e+20,6.103734135121298e+18,1.0,True,"-1,2147483647",20,2.04354721939042e+19,0.2042005782441573,7.964001422058593e+19,0.7957994217558427
Ma_xp_A2000_s047mz_n65_r12_v00_90000_fof_0.0040_0000.hdf5,Ma_xp_A2000_s047mz_n65_r12_v00_90000.hdf5,A2000,n65,r12,v00,s047mz,90000,0.004,3035762,9.983410723694284e+19,0.0,5.36372773692e+19,0.535997467648,2.91963901683e+19,0.291759611268,0.0,318.0,7.0873629946700005e+19,0.708240388732,9.606643198306773e+19,1.00070020115e+20,2.91963901683e+19,0.291759611268,/rds/general/user/nny124/home/irp-nny124/martian_moon_data/Ma_xp_A2000_s047mz_n65_r12_v00_90000.hdf5,particle_level_raw_snapshot_parent_normalized,All raw asteroid particles in the physical snapshot are included in the denominator; all raw bound/captured asteroid particles are included in the numerator. No FoF background or unresolved material is discarded for the particle-level metrics.,Ma_xp_A2000_s047mz_n65_r12_v00_90000_fof_0.0040_0000,Ma_xp_A2000_s047mz_n65_r12_v00_90000_fof_0.0040_0000.hdf5,/rds/general/ephemeral/user/nny124/ephemeral/martian_moons_data/Ma_xp_A2000_s047mz_n65_r12_v00_90000_fof_0.0040_0000.hdf5,462775112,2000,,47.0,mz,True,65,12,0,0,PartType0,3162278,318,318,True,kg,9.983410723694284e+19,9.606643374909229e+19,1.0,True,"-1,2147483647",20,0.0,0.0,9.983410726807233e+19,1.0
Ma_xp_A2000_s047mz_n65_r16_v00_90000_fof_0.0040_0000.hdf5,Ma_xp_A2000_s047mz_n65_r16_v00_90000.hdf5,A2000,n65,r16,v00,s047mz,90000,0.004,3162278,1.0007002011406333e+20,0.0,5.28971344404e+19,0.528601217224,1.4261350781e+19,0.14251371954,0.0,1.0,8.580866933400001e+19,0.85748628046,1.0007002011234022e+20,1.00070020115e+20,1.4261350781e+19,0.14251371954,/rds/general/user/nny124/home/irp-nny124/martian_moon_data/Ma_xp_A2000_s047mz_n65_r16_v00_90000.hdf5,particle_level_raw_snapshot_parent_normalized,All raw asteroid particles in the physical snapshot are included in the denominator; all raw bound/captured asteroid particles are included in the numerator. No FoF background or unresolved material is discarded for the particle-level metrics.,Ma_xp_A2000_s047mz_n65_r16_v00_90000_fof_0.0040_0000,Ma_xp_A2000_s047mz_n65_r16_v00_90000_fof_0.0040_0000.hdf5,/rds/general/ephemeral/user/nny124/ephemeral/martian_moons_data/Ma_xp_A2000_s047mz_n65_r16_v00_90000_fof_0.0040_0000.hdf5,462775112,2000,,47.0,mz,True,65,16,0,0,PartType0,3162278,1,1,True,kg,1.0007002011406333e+20,1.0007002011406333e+20,1.0,True,"-1,2147483647",20,0.0,0.0,1.0007002011234022e+20,1.0
Ma_xp_A2000_s047mz_n65_r16_v06_90000_fof_0.0040_0000.hdf5,Ma_xp_A2000_s047mz_n65_r16_v06_90000.hdf5,A2000,n65,r16,v06,s047mz,90000,0.004,3162278,1.0007002011405043e+20,0.0,0.0,0.0,0.0,0.0,0.0,1.0,1.00070020115e+20,1.0,1.0007002011234022e+20,1.00070020115e+20,0.0,0.0,/rds/general/user/nny124/home/irp-nny124/martian_moon_data/Ma_xp_A2000_s047mz_n65_r16_v06_90000.hdf5,particle_level_raw_snapshot_parent_normalized,All raw asteroid particles in the physical snapshot are included in the denominator; all raw bound/captured asteroid particles are included in the numerator. No FoF background or unresolved material is discarded for the particle-level metrics.,Ma_xp_A2000_s047mz_n65_r16_v06_90000_fof_0.0040_0000,Ma_xp_A2000_s047mz_n65_r16_v06_90000_fof_0.0040_0000.hdf5,/rds/general/ephemeral/user/nny124/ephemeral/martian_moons_data/Ma_xp_A2000_s047mz_n65_r16_v06_90000_fof_0.0040_0000.hdf5,462775112,2000,,47.0,mz,True,65,16,6,0,PartType0,3162278,1,1,True,kg,1.0007002011405043e+20,1.0007002011405043e+20,1.0,True,"-1,2147483647",20,0.0,0.0,1.0007002011234022e+20,1.0
Ma_xp_A2000_s047x_n65_r12_v00_90000_fof_0.0040_0000.hdf5,Ma_xp_A2000_s047x_n65_r12_v00_90000.hdf5,A2000,n65,r12,v00,s047x,90000,0.004,180941,9.543141501533015e+19,752.0,4.88255413869e+19,0.487913776082,4.70604512898e+19,0.470275225644,2.1109373786239148e+18,1372.0,5.30095688252e+19,0.5297247743560001,5.725862656478333e+18,1.00070020115e+20,4.70604512898e+19,0.470275225644,/rds/general/user/nny124/home/irp-nny124/martian_moon_data/Ma_xp_A2000_s047x_n65_r12_v00_90000.hdf5,particle_level_raw_snapshot_parent_normalized,All raw asteroid particles in the physical snapshot are included in the denominator; all raw bound/captured asteroid particles are included in the numerator. No FoF background or unresolved material is discarded for the particle-level metrics.,Ma_xp_A2000_s047x_n65_r12_v00_90000_fof_0.0040_0000,Ma_xp_A2000_s047x_n65_r12_v00_90000_fof_0.0040_0000.hdf5,/rds/general/ephemeral/user/nny124/ephemeral/martian_moons_data/Ma_xp_A2000_s047x_n65_r12_v00_90000_fof_0.0040_0000.hdf5,462775104,2000,,47.0,x,True,65,12,0,0,PartType0,3162278,2124,2124,True,kg,9.543141501533015e+19,5.725859836408121e+18,1.0,True,"-1,2147483647",20,1.9256215889350988e+19,0.2017806840546628,7.61751975760451e+19,0.7982193159453371
Ma_xp_A2000_s047x_n65_r16_v00_90000_fof_0.0040_0000.hdf5,Ma_xp_A2000_s047x_n65_r16_v00_90000.hdf5,A2000,n65,r16,v00,s047x,90000,0.004,580980,9.881450868905704e+19,137.0,4.47303412264e+19,0.446990429051,4.45746482421e+19,0.44543458861,3.3657532131684326e+18,332.0,5.54953718729e+19,0.55456541139,1.8385063010243832e+19,1.00070020115e+20,4.45746482421e+19,0.44543458861,/rds/general/user/nny124/home/irp-nny124/martian_moon_data/Ma_xp_A2000_s047x_n65_r16_v00_90000.hdf5,particle_level_raw_snapshot_parent_normalized,All raw asteroid particles in the physical snapshot are included in the denominator; all raw bound/captured asteroid particles are included in the numerator. No FoF background or unresolved material is discarded for the particle-level metrics.,Ma_xp_A2000_s047x_n65_r16_v00_90000_fof_0.0040_0000,Ma_xp_A2000_s047x_n65_r16_v00_90000_fof_0.0040_0000.hdf5,/rds/general/ephemeral/user/nny124/ephemeral/martian_moons_data/Ma_xp_A2000_s047x_n65_r16_v00_90000_fof_0.0040_0000.hdf5,462775104,2000,,47.0,x,True,65,16,0,0,PartType0,3162278,469,469,True,kg,9.881450868905704e+19,1.8385058640548016e+19,1.0,True,"-1,2147483647",20,1.085619964806501e+19,0.1098644304132167,8.79583084437096e+19,0.8901355695867834
Ma_xp_A2000_s047x_n65_r16_v06_90000_fof_0.0040_0000.hdf5,Ma_xp_A2000_s047x_n65_r16_v06_90000.hdf5,A2000,n65,r16,v06,s047x,90000,0.004,1068478,9.926899270235174e+19,0.0,1.90145120247e+19,0.190012073575,1.56253415741e+19,0.156144083474,0.0,283.0,8.44446785409e+19,0.843855916526,3.3811896030168826e+19,1.00070020115e+20,1.56253415741e+19,0.156144083474,/rds/general/user/nny124/home/irp-nny124/martian_moon_data/Ma_xp_A2000_s047x_n65_r16_v06_90000.hdf5,particle_level_raw_snapshot_parent_normalized,All raw asteroid particles in the physical snapshot are included in the denominator; all raw bound/captured asteroid particles are included in the numerator. No FoF background or unresolved material is discarded for the particle-level metrics.,Ma_xp_A2000_s047x_n65_r16_v06_90000_fof_0.0040_0000,Ma_xp_A2000_s047x_n65_r16_v06_90000_fof_0.0040_0000.hdf5,/rds/general/ephemeral/user/nny124/ephemeral/martian_moons_data/Ma_xp_A2000_s047x_n65_r16_v06_90000_fof_0.0040_0000.hdf5,462775104,2000,,47.0,x,True,65,16,6,0,PartType0,3162278,283,283,True,kg,9.926899270235174e+19,3.3811890284185182e+19,1.0,True,"-1,2147483647",20,0.0,0.0,9.926899236916807e+19,1.0
Ma_xp_A2000_s047x_n65_r20_v00_90000_fof_0.0040_0000.hdf5,Ma_xp_A2000_s047x_n65_r20_v00_90000.hdf5,A2000,n65,r20,v00,s047x,90000,0.004,2550689,9.99943571095155e+19,0.0,5.63034880802e+19,0.562640918983,2.3239393049e+19,0.232231321851,0.0,2.0,7.6830627066e+19,0.767768678149,8.071633788721742e+19,1.00070020115e+20,2.3239393049e+19,0.232231321851,/rds/general/user/nny124/home/irp-nny124/martian_moon_data/Ma_xp_A2000_s047x_n65_r20_v00_90000.hdf5,particle_level_raw_snapshot_parent_normalized,All raw asteroid particles in the physical snapshot are included in the denominator; all raw bound/captured asteroid particles are included in the numerator. No FoF background or unresolved material is discarded for the particle-level metrics.,Ma_xp_A2000_s047x_n65_r20_v00_90000_fof_0.0040_0000,Ma_xp_A2000_s047x_n65_r20_v00_90000_fof_0.0040_0000.hdf5,/rds/general/ephemeral/user/nny124/ephemeral/martian_moons_data/Ma_xp_A2000_s047x_n65_r20_v00_90000_fof_0.0040_0000.hdf5,462775104,2000,,47.0,x,True,65,20,0,0,PartType0,3162278,2,2,True,kg,9.99943571095155e+19,8.071634119475515e+19,1.0,True,"-1,2147483647",20,0.0,0.0,9.999435712323944e+19,1.0
Ma_xp_A2000_s047y_n65_r12_v00_90000_fof_0.0040_0000.hdf5,Ma_xp_A2000_s047y_n65_r12_v00_90000.hdf5,A2000,n65,r12,v00,s047y,90000,0.004,163786,9.625288316454556e+19,466.0,5.16492488424e+19,0.516131092839,4.66915348649e+19,0.466588642744,3.0060771035310556e+18,1273.0,5.33784852501e+19,0.533411357256,5.18299413098745e+18,1.00070020115e+20,4.66915348649e+19,0.466588642744,/rds/general/user/nny124/home/irp-nny124/martian_moon_data/Ma_xp_A2000_s047y_n65_r12_v00_90000.hdf5,particle_level_raw_snapshot_parent_normalized,All raw asteroid particles in the physical snapshot are included in the denominator; all raw bound/captured asteroid particles are included in the numerator. No FoF background or unresolved material is discarded for the particle-level metrics.,Ma_xp_A2000_s047y_n65_r12_v00_90000_fof_0.0040_0000,Ma_xp_A2000_s047y_n65_r12_v00_90000_fof_0.0040_0000.hdf5,/rds/general/ephemeral/user/nny124/ephemeral/martian_moons_data/Ma_xp_A2000_s047y_n65_r12_v00_90000_fof_0.0040_0000.hdf5,462775104,2000,,47.0,y,True,65,12,0,0,PartType0,3162278,1739,1739,True,kg,9.625288316454556e+19,5.182994806164234e+18,1.0,True,"-1,2147483647",20,2.039318605854486e+19,0.2118709097089402,7.585969776849964e+19,0.7881290902910596
Ma_xp_A2000_s047y_n65_r16_v00_90000_fof_0.0040_0000.hdf5,Ma_xp_A2000_s047y_n65_r16_v00_90000.hdf5,A2000,n65,r16,v00,s047y,90000,0.004,541917,9.647879722141622e+19,578.0,4.85557684822e+19,0.485217934666,4.52983041699e+19,0.452666084386,1.87749283694052e+18,1057.0,5.47717159451e+19,0.547333915614,1.714891767586608e+19,1.00070020115e+20,4.52983041699e+19,0.452666084386,/rds/general/user/nny124/home/irp-nny124/martian_moon_data/Ma_xp_A2000_s047y_n65_r16_v00_90000.hdf5,particle_level_raw_snapshot_parent_normalized,All raw asteroid particles in the physical snapshot are included in the denominator; all raw bound/captured asteroid particles are included in the numerator. No FoF background or unresolved material is discarded for the particle-level metrics.,Ma_xp_A2000_s047y_n65_r16_v00_90000_fof_0.0040_0000,Ma_xp_A2000_s047y_n65_r16_v00_90000_fof_0.0040_0000.hdf5,/rds/general/ephemeral/user/nny124/ephemeral/martian_moons_data/Ma_xp_A2000_s047y_n65_r16_v00_90000_fof_0.0040_0000.hdf5,462775104,2000,,47.0,y,True,65,16,0,0,PartType0,3162278,1635,1635,True,kg,9.647879722141622e+19,1.7148913108017676e+19,1.0,True,"-1,2147483647",20,1.6811867680956938e+19,0.1742545328598648,7.96669291976127e+19,0.8257454671401353
Ma_xp_A2000_s047y_n65_r16_v06_90000_fof_0.0040_0000.hdf5,Ma_xp_A2000_s047y_n65_r16_v06_90000.hdf5,A2000,n65,r16,v06,s047y,90000,0.004,820363,9.702321651005356e+19,147.0,2.70789339371e+19,0.270599865034,2.08744735785e+19,0.208598674753,2.0052750057513577e+18,1315.0,7.91955465365e+19,0.791401325247,2.5960317819099898e+19,1.00070020115e+20,2.08744735785e+19,0.208598674753,/rds/general/user/nny124/home/irp-nny124/martian_moon_data/Ma_xp_A2000_s047y_n65_r16_v06_90000.hdf5,particle_level_raw_snapshot_parent_normalized,All raw asteroid particles in the physical snapshot are included in the denominator; all raw bound/captured asteroid particles are included in the numerator. No FoF background or unresolved material is discarded for the particle-level metrics.,Ma_xp_A2000_s047y_n65_r16_v06_90000_fof_0.0040_0000,Ma_xp_A2000_s047y_n65_r16_v06_90000_fof_0.0040_0000.hdf5,/rds/general/ephemeral/user/nny124/ephemeral/martian_moons_data/Ma_xp_A2000_s047y_n65_r16_v06_90000_fof_0.0040_0000.hdf5,462775104,2000,,47.0,y,True,65,16,6,0,PartType0,3162278,1462,1462,True,kg,9.702321651005356e+19,2.5960314172369887e+19,1.0,True,"-1,2147483647",20,4.021404217524558e+18,0.0414478552978833,9.300181178781413e+19,0.9585521447021164
Ma_xp_A2000_s047y_n65_r20_v00_90000_fof_0.0040_0000.hdf5,Ma_xp_A2000_s047y_n65_r20_v00_90000.hdf5,A2000,n65,r20,v00,s047y,90000,0.004,2873196,9.965983890382642e+19,0.0,5.72299246265e+19,0.571898802066,1.67960452232e+19,0.167842928421,0.0,117.0,8.32739748918e+19,0.832157071579,9.0922044650056e+19,1.00070020115e+20,1.67960452232e+19,0.167842928421,/rds/general/user/nny124/home/irp-nny124/martian_moon_data/Ma_xp_A2000_s047y_n65_r20_v00_90000.hdf5,particle_level_raw_snapshot_parent_normalized,All raw asteroid particles in the physical snapshot are included in the denominator; all raw bound/captured asteroid particles are included in the numerator. No FoF background or unresolved material is discarded for the particle-level metrics.,Ma_xp_A2000_s047y_n65_r20_v00_90000_fof_0.0040_0000,Ma_xp_A2000_s047y_n65_r20_v00_90000_fof_0.0040_0000.hdf5,/rds/general/ephemeral/user/nny124/ephemeral/martian_moons_data/Ma_xp_A2000_s047y_n65_r20_v00_90000_fof_0.0040_0000.hdf5,462775104,2000,,47.0,y,True,65,20,0,0,PartType0,3162278,117,117,True,kg,9.965983890382642e+19,9.092205150998466e+19,1.0,True,"-1,2147483647",20,0.0,0.0,9.965983871941308e+19,1.0
Ma_xp_A2000_s047z_n65_r11_v00_90000_fof_0.0040_0000.hdf5,Ma_xp_A2000_s047z_n65_r11_v00_90000.hdf5,A2000,n65,r11,v00,s047z,90000,0.004,109926,9.995590858863913e+19,148.0,5.16058953081e+19,0.515697860846,4.86177292268e+19,0.485837108565,1.9471116510524175e+18,221.0,5.14522908882e+19,0.514162891435,3.4785989818616305e+18,1.00070020115e+20,4.86177292268e+19,0.485837108565,/rds/general/user/nny124/home/irp-nny124/martian_moon_data/Ma_xp_A2000_s047z_n65_r11_v00_90000.hdf5,particle_level_raw_snapshot_parent_normalized,All raw asteroid particles in the physical snapshot are included in the denominator; all raw bound/captured asteroid particles are included in the numerator. No FoF background or unresolved material is discarded for the particle-level metrics.,Ma_xp_A2000_s047z_n65_r11_v00_90000_fof_0.0040_0000,Ma_xp_A2000_s047z_n65_r11_v00_90000_fof_0.0040_0000.hdf5,/rds/general/ephemeral/user/nny124/ephemeral/martian_moons_data/Ma_xp_A2000_s047z_n65_r11_v00_90000_fof_0.0040_0000.hdf5,462775104,2000,,47.0,z,True,65,11,0,0,PartType0,3162278,369,369,True,kg,9.995590858863913e+19,3.478597918664595e+18,1.0,True,"-1,2147483647",20,2.6768782120192975e+19,0.2678059007077435,7.318712642943128e+19,0.7321940992922563
Ma_xp_A2000_s047z_n65_r12_v00_90000_fof_0.0040_0000.hdf5,Ma_xp_A2000_s047z_n65_r12_v00_90000.hdf5,A2000,n65,r12,v00,s047z,90000,0.004,119613,9.998464206186385e+19,136.0,5.17067792987e+19,0.516705994856,4.83781455715e+19,0.483442948406,2.0026484777644088e+18,212.0,5.16918745435e+19,0.516557051594,3.7851432783649976e+18,1.00070020115e+20,4.83781455715e+19,0.483442948406,/rds/general/user/nny124/home/irp-nny124/martian_moon_data/Ma_xp_A2000_s047z_n65_r12_v00_90000.hdf5,particle_level_raw_snapshot_parent_normalized,All raw asteroid particles in the physical snapshot are included in the denominator; all raw bound/captured asteroid particles are included in the numerator. No FoF background or unresolved material is discarded for the particle-level metrics.,Ma_xp_A2000_s047z_n65_r12_v00_90000_fof_0.0040_0000,Ma_xp_A2000_s047z_n65_r12_v00_90000_fof_0.0040_0000.hdf5,/rds/general/ephemeral/user/nny124/ephemeral/martian_moons_data/Ma_xp_A2000_s047z_n65_r12_v00_90000_fof_0.0040_0000.hdf5,462775104,2000,,47.0,z,True,65,12,0,0,PartType0,3162278,348,348,True,kg,9.998464206186385e+19,3.7851438411297664e+18,1.0,True,"-1,2147483647",20,2.5771081224135254e+19,0.2577503972047866,7.421356090877184e+19,0.7422496027952132
Ma_xp_A2000_s047z_n65_r12_v02_90000_fof_0.0040_0000.hdf5,Ma_xp_A2000_s047z_n65_r12_v02_90000.hdf5,A2000,n65,r12,v02,s047z,90000,0.004,107805,9.99749905187224e+19,125.0,5.01434571829e+19,0.501083712438,4.66485294247e+19,0.466158889256,2.0797987817665933e+18,218.0,5.34214906903e+19,0.533841110744,3.411480116074117e+18,1.00070020115e+20,4.66485294247e+19,0.466158889256,/rds/general/user/nny124/home/irp-nny124/martian_moon_data/Ma_xp_A2000_s047z_n65_r12_v02_90000.hdf5,particle_level_raw_snapshot_parent_normalized,All raw asteroid particles in the physical snapshot are included in the denominator; all raw bound/captured asteroid particles are included in the numerator. No FoF background or unresolved material is discarded for the particle-level metrics.,Ma_xp_A2000_s047z_n65_r12_v02_90000_fof_0.0040_0000,Ma_xp_A2000_s047z_n65_r12_v02_90000_fof_0.0040_0000.hdf5,/rds/general/ephemeral/user/nny124/ephemeral/martian_moons_data/Ma_xp_A2000_s047z_n65_r12_v02_90000_fof_0.0040_0000.hdf5,462775104,2000,,47.0,z,True,65,12,2,0,PartType0,3162278,343,343,True,kg,9.99749905187224e+19,3.411483973745561e+18,1.0,True,"-1,2147483647",20,2.5123784477470368e+19,0.2513006939884242,7.485120595621165e+19,0.7486993060115756
Ma_xp_A2000_s047z_n65_r12_v04_90000_fof_0.0040_0000.hdf5,Ma_xp_A2000_s047z_n65_r12_v04_90000.hdf5,A2000,n65,r12,v04,s047z,90000,0.004,104111,9.9429210807885e+19,124.0,4.46402797969e+19,0.446095523366,4.22113743072e+19,0.421823187473,2.127329444855716e+18,218.0,5.7857506590799995e+19,0.5781768125269999,3.2945837981961943e+18,1.00068880898e+20,4.22113743072e+19,0.421823187473,/rds/general/user/nny124/home/irp-nny124/martian_moon_data/Ma_xp_A2000_s047z_n65_r12_v04_90000.hdf5,particle_level_raw_snapshot_parent_normalized,All raw asteroid particles in the physical snapshot are included in the denominator; all raw bound/captured asteroid particles are included in the numerator. No FoF background or unresolved material is discarded for the particle-level metrics.,Ma_xp_A2000_s047z_n65_r12_v04_90000_fof_0.0040_0000,Ma_xp_A2000_s047z_n65_r12_v04_90000_fof_0.0040_0000.hdf5,/rds/general/ephemeral/user/nny124/ephemeral/martian_moons_data/Ma_xp_A2000_s047z_n65_r12_v04_90000_fof_0.0040_0000.hdf5,462775104,2000,,47.0,z,True,65,12,4,0,PartType0,3162242,342,342,True,kg,9.9429210807885e+19,3.2945838954995717e+18,1.0,True,"-1,2147483647",20,2.1810909918108295e+19,0.2193611896520856,7.761830065784249e+19,0.7806388103479144
Ma_xp_A2000_s047z_n65_r12_v06_90000_fof_0.0040_0000.hdf5,Ma_xp_A2000_s047z_n65_r12_v06_90000.hdf5,A2000,n65,r12,v06,s047z,90000,0.004,115639,9.999065461526494e+19,89.0,3.68526559605e+19,0.368268697439,3.30358994115e+19,0.330127838223,1.6451558672998144e+18,230.0,6.70341207035e+19,0.669872161777,3.659386384145489e+18,1.00070020115e+20,3.30358994115e+19,0.330127838223,/rds/general/user/nny124/home/irp-nny124/martian_moon_data/Ma_xp_A2000_s047z_n65_r12_v06_90000.hdf5,particle_level_raw_snapshot_parent_normalized,All raw asteroid particles in the physical snapshot are included in the denominator; all raw bound/captured asteroid particles are included in the numerator. No FoF background or unresolved material is discarded for the particle-level metrics.,Ma_xp_A2000_s047z_n65_r12_v06_90000_fof_0.0040_0000,Ma_xp_A2000_s047z_n65_r12_v06_90000_fof_0.0040_0000.hdf5,/rds/general/ephemeral/user/nny124/ephemeral/martian_moons_data/Ma_xp_A2000_s047z_n65_r12_v06_90000_fof_0.0040_0000.hdf5,462775104,2000,,47.0,z,True,65,12,6,0,PartType0,3162278,319,319,True,kg,9.999065461526494e+19,3.6593940343404175e+18,1.0,True,"-1,2147483647",20,1.5425155838592311e+19,0.1542659750552415,8.456549882824965e+19,0.8457340249447584
Ma_xp_A2000_s047z_n65_r12_v08_90000_fof_0.0040_0000.hdf5,Ma_xp_A2000_s047z_n65_r12_v08_90000.hdf5,A2000,n65,r12,v08,s047z,90000,0.004,137583,9.998571825650383e+19,52.0,2.53230841553e+19,0.253053653094,2.27330744009e+19,0.227171678138,1.0564022143213082e+18,253.0,7.73369457141e+19,0.772828321862,4.35380241000178e+18,1.00070020115e+20,2.27330744009e+19,0.227171678138,/rds/general/user/nny124/home/irp-nny124/martian_moon_data/Ma_xp_A2000_s047z_n65_r12_v08_90000.hdf5,particle_level_raw_snapshot_parent_normalized,All raw asteroid particles in the physical snapshot are included in the denominator; all raw bound/captured asteroid particles are included in the numerator. No FoF background or unresolved material is discarded for the particle-level metrics.,Ma_xp_A2000_s047z_n65_r12_v08_90000_fof_0.0040_0000,Ma_xp_A2000_s047z_n65_r12_v08_90000_fof_0.0040_0000.hdf5,/rds/general/ephemeral/user/nny124/ephemeral/martian_moons_data/Ma_xp_A2000_s047z_n65_r12_v08_90000_fof_0.0040_0000.hdf5,462775104,2000,,47.0,z,True,65,12,8,0,PartType0,3162278,305,305,True,kg,9.998571825650383e+19,4.353801169574885e+18,1.0,True,"-1,2147483647",20,7.275419234046766e+18,0.0727645845347476,9.271029882598688e+19,0.9272354154652525
Ma_xp_A2000_s047z_n65_r12_v10_90000_fof_0.0040_0000.hdf5,Ma_xp_A2000_s047z_n65_r12_v10_90000.hdf5,A2000,n65,r12,v10,s047z,90000,0.004,148991,9.999866074646816e+19,14.0,1.34756708189e+19,0.134662417409,1.09826527304e+19,0.109749680452,2.4999483249373434e+17,246.0,8.90873673846e+19,0.890250319548,4.714807606088727e+18,1.00070020115e+20,1.09826527304e+19,0.109749680452,/rds/general/user/nny124/home/irp-nny124/martian_moon_data/Ma_xp_A2000_s047z_n65_r12_v10_90000.hdf5,particle_level_raw_snapshot_parent_normalized,All raw asteroid particles in the physical snapshot are included in the denominator; all raw bound/captured asteroid particles are included in the numerator. No FoF background or unresolved material is discarded for the particle-level metrics.,Ma_xp_A2000_s047z_n65_r12_v10_90000_fof_0.0040_0000,Ma_xp_A2000_s047z_n65_r12_v10_90000_fof_0.0040_0000.hdf5,/rds/general/ephemeral/user/nny124/ephemeral/martian_moons_data/Ma_xp_A2000_s047z_n65_r12_v10_90000_fof_0.0040_0000.hdf5,462775104,2000,,47.0,z,True,65,12,10,0,PartType0,3162278,260,260,True,kg,9.999866074646816e+19,4.714807625612702e+18,1.0,True,"-1,2147483647",20,1.2686130177014318e+18,0.0126863000680795,9.87300478127669e+19,0.9873136999319204
Ma_xp_A2000_s047z_n65_r12_v12_90000_fof_0.0040_0000.hdf5,Ma_xp_A2000_s047z_n65_r12_v12_90000.hdf5,A2000,n65,r12,v12,s047z,90000,0.004,117262,1.0000888230802168e+20,0.0,3.35379143511e+18,0.0335144474964,1.90831498465e+18,0.0190697971526,0.0,228.0,9.816170513035e+19,0.9809302028474,3.7107460820111816e+18,1.00070020115e+20,1.90831498465e+18,0.0190697971526,/rds/general/user/nny124/home/irp-nny124/martian_moon_data/Ma_xp_A2000_s047z_n65_r12_v12_90000.hdf5,particle_level_raw_snapshot_parent_normalized,All raw asteroid particles in the physical snapshot are included in the denominator; all raw bound/captured asteroid particles are included in the numerator. No FoF background or unresolved material is discarded for the particle-level metrics.,Ma_xp_A2000_s047z_n65_r12_v12_90000_fof_0.0040_0000,Ma_xp_A2000_s047z_n65_r12_v12_90000_fof_0.0040_0000.hdf5,/rds/general/ephemeral/user/nny124/ephemeral/martian_moons_data/Ma_xp_A2000_s047z_n65_r12_v12_90000_fof_0.0040_0000.hdf5,462775104,2000,,47.0,z,True,65,12,12,0,PartType0,3162278,228,228,True,kg,1.0000888230802168e+20,3.7107463440089626e+18,1.0,True,"-1,2147483647",20,0.0,0.0,1.0000888213816448e+20,1.0
Ma_xp_A2000_s047z_n65_r12_v14_90000_fof_0.0040_0000.hdf5,Ma_xp_A2000_s047z_n65_r12_v14_90000.hdf5,A2000,n65,r12,v14,s047z,90000,0.004,140821,1.000079643968874e+20,0.0,0.0,0.0,0.0,0.0,0.0,178.0,1.00070020115e+20,1.0,4.45626864640912e+18,1.00070020115e+20,0.0,0.0,/rds/general/user/nny124/home/irp-nny124/martian_moon_data/Ma_xp_A2000_s047z_n65_r12_v14_90000.hdf5,particle_level_raw_snapshot_parent_normalized,All raw asteroid particles in the physical snapshot are included in the denominator; all raw bound/captured asteroid particles are included in the numerator. No FoF background or unresolved material is discarded for the particle-level metrics.,Ma_xp_A2000_s047z_n65_r12_v14_90000_fof_0.0040_0000,Ma_xp_A2000_s047z_n65_r12_v14_90000_fof_0.0040_0000.hdf5,/rds/general/ephemeral/user/nny124/ephemeral/martian_moons_data/Ma_xp_A2000_s047z_n65_r12_v14_90000_fof_0.0040_0000.hdf5,462775104,2000,,47.0,z,True,65,12,14,0,PartType0,3162278,178,178,True,kg,1.000079643968874e+20,4.45626874947139e+18,1.0,True,"-1,2147483647",20,0.0,0.0,1.000079644356418e+20,1.0
Ma_xp_A2000_s047z_n65_r12_v16_90000_fof_0.0040_0000.hdf5,Ma_xp_A2000_s047z_n65_r12_v16_90000.hdf5,A2000,n65,r12,v16,s047z,90000,0.004,166789,9.998027519813706e+19,0.0,0.0,0.0,0.0,0.0,0.0,136.0,1.00069672021e+20,1.0,5.278023812249422e+18,1.00069672021e+20,0.0,0.0,/rds/general/user/nny124/home/irp-nny124/martian_moon_data/Ma_xp_A2000_s047z_n65_r12_v16_90000.hdf5,particle_level_raw_snapshot_parent_normalized,All raw asteroid particles in the physical snapshot are included in the denominator; all raw bound/captured asteroid particles are included in the numerator. No FoF background or unresolved material is discarded for the particle-level metrics.,Ma_xp_A2000_s047z_n65_r12_v16_90000_fof_0.0040_0000,Ma_xp_A2000_s047z_n65_r12_v16_90000_fof_0.0040_0000.hdf5,/rds/general/ephemeral/user/nny124/ephemeral/martian_moons_data/Ma_xp_A2000_s047z_n65_r12_v16_90000_fof_0.0040_0000.hdf5,462775104,2000,,47.0,z,True,65,12,16,0,PartType0,3162267,136,136,True,kg,9.998027519813706e+19,5.278030425250689e+18,1.0,True,"-1,2147483647",20,0.0,0.0,9.998027513458196e+19,1.0
Ma_xp_A2000_s047z_n65_r13_v00_90000_fof_0.0040_0000.hdf5,Ma_xp_A2000_s047z_n65_r13_v00_90000.hdf5,A2000,n65,r13,v00,s047z,90000,0.004,109379,9.997252215993082e+19,141.0,5.06976229433e+19,0.506621492481,4.75411059114e+19,0.475078408666,2.2580545908085563e+18,230.0,5.25289142036e+19,0.524921591334,3.461289213080032e+18,1.00070020115e+20,4.75411059114e+19,0.475078408666,/rds/general/user/nny124/home/irp-nny124/martian_moon_data/Ma_xp_A2000_s047z_n65_r13_v00_90000.hdf5,particle_level_raw_snapshot_parent_normalized,All raw asteroid particles in the physical snapshot are included in the denominator; all raw bound/captured asteroid particles are included in the numerator. No FoF background or unresolved material is discarded for the particle-level metrics.,Ma_xp_A2000_s047z_n65_r13_v00_90000_fof_0.0040_0000,Ma_xp_A2000_s047z_n65_r13_v00_90000_fof_0.0040_0000.hdf5,/rds/general/ephemeral/user/nny124/ephemeral/martian_moons_data/Ma_xp_A2000_s047z_n65_r13_v00_90000_fof_0.0040_0000.hdf5,462775104,2000,,47.0,z,True,65,13,0,0,PartType0,3162278,371,371,True,kg,9.997252215993082e+19,3.461287899874549e+18,1.0,True,"-1,2147483647",20,2.5777188692826227e+19,0.2578427366195575,7.419533343743656e+19,0.7421572633804425
Ma_xp_A2000_s047z_n65_r14_v00_90000_fof_0.0040_0000.hdf5,Ma_xp_A2000_s047z_n65_r14_v00_90000.hdf5,A2000,n65,r14,v00,s047z,90000,0.004,92021,9.997815495701776e+19,139.0,5.11433099333e+19,0.511075243859,4.7580219027e+19,0.475469266143,1.9010999439075543e+18,206.0,5.2489801088e+19,0.524530733857,2.9119967697327165e+18,1.00070020115e+20,4.7580219027e+19,0.475469266143,/rds/general/user/nny124/home/irp-nny124/martian_moon_data/Ma_xp_A2000_s047z_n65_r14_v00_90000.hdf5,particle_level_raw_snapshot_parent_normalized,All raw asteroid particles in the physical snapshot are included in the denominator; all raw bound/captured asteroid particles are included in the numerator. No FoF background or unresolved material is discarded for the particle-level metrics.,Ma_xp_A2000_s047z_n65_r14_v00_90000_fof_0.0040_0000,Ma_xp_A2000_s047z_n65_r14_v00_90000_fof_0.0040_0000.hdf5,/rds/general/ephemeral/user/nny124/ephemeral/martian_moons_data/Ma_xp_A2000_s047z_n65_r14_v00_90000_fof_0.0040_0000.hdf5,462775104,2000,,47.0,z,True,65,14,0,0,PartType0,3162278,345,345,True,kg,9.997815495701776e+19,2.9119964036350034e+18,1.0,True,"-1,2147483647",20,2.476439317207697e+19,0.2476980415431734,7.521376175314305e+19,0.7523019584568268
Ma_xp_A2000_s047z_n65_r15_v00_90000_fof_0.0040_0000.hdf5,Ma_xp_A2000_s047z_n65_r15_v00_90000.hdf5,A2000,n65,r15,v00,s047z,90000,0.004,142221,9.996840830370772e+19,142.0,5.06785727041e+19,0.506431123386,4.73363000183e+19,0.473031782784,2.333021395641088e+18,216.0,5.27337200967e+19,0.526968217216,4.5005715281170493e+18,1.00070020115e+20,4.73363000183e+19,0.473031782784,/rds/general/user/nny124/home/irp-nny124/martian_moon_data/Ma_xp_A2000_s047z_n65_r15_v00_90000.hdf5,particle_level_raw_snapshot_parent_normalized,All raw asteroid particles in the physical snapshot are included in the denominator; all raw bound/captured asteroid particles are included in the numerator. No FoF background or unresolved material is discarded for the particle-level metrics.,Ma_xp_A2000_s047z_n65_r15_v00_90000_fof_0.0040_0000,Ma_xp_A2000_s047z_n65_r15_v00_90000_fof_0.0040_0000.hdf5,/rds/general/ephemeral/user/nny124/ephemeral/martian_moons_data/Ma_xp_A2000_s047z_n65_r15_v00_90000_fof_0.0040_0000.hdf5,462775104,2000,,47.0,z,True,65,15,0,0,PartType0,3162278,358,358,True,kg,9.996840830370772e+19,4.500580916639984e+18,1.0,True,"-1,2147483647",20,2.4887207089148215e+19,0.2489507186774653,7.508120120209877e+19,0.7510492813225348
,Ma_xp_A2000_s047z_n65_r16_v00_102000.hdf5,A2000,n65,r16,v00,s047z,102000,0.004,137608,1.0000590760740962e+20,,,,,,,,,,,,,,,,,Ma_xp_A2000_s047z_n65_r16_v00_102000_fof_0.0040_0000,Ma_xp_A2000_s047z_n65_r16_v00_102000_fof_0.0040_0000.hdf5,/rds/general/ephemeral/user/nny124/ephemeral/martian_moons_data/Ma_xp_A2000_s047z_n65_r16_v00_102000_fof_0.0040_0000.hdf5,462775112,2000,,47.0,z,True,65,16,0,0,PartType0,3162278,292,292,True,kg,1.0000590760740962e+20,4.35459752463663e+18,1.0,True,"-1,2147483647",20,,,,
,Ma_xp_A2000_s047z_n65_r16_v00_108000.hdf5,A2000,n65,r16,v00,s047z,108000,0.004,152187,1.0001109737944606e+20,,,,,,,,,,,,,,,,,Ma_xp_A2000_s047z_n65_r16_v00_108000_fof_0.0040_0000,Ma_xp_A2000_s047z_n65_r16_v00_108000_fof_0.0040_0000.hdf5,/rds/general/ephemeral/user/nny124/ephemeral/martian_moons_data/Ma_xp_A2000_s047z_n65_r16_v00_108000_fof_0.0040_0000.hdf5,462775112,2000,,47.0,z,True,65,16,0,0,PartType0,3162278,279,279,True,kg,1.0001109737944606e+20,4.815944557462872e+18,1.0,True,"-1,2147483647",20,,,,
,Ma_xp_A2000_s047z_n65_r16_v00_66000.hdf5,A2000,n65,r16,v00,s047z,66000,0.004,221323,9.99385987220319e+19,,,,,,,,,,,,,,,,,Ma_xp_A2000_s047z_n65_r16_v00_66000_fof_0.0040_0000,Ma_xp_A2000_s047z_n65_r16_v00_66000_fof_0.0040_0000.hdf5,/rds/general/ephemeral/user/nny124/ephemeral/martian_moons_data/Ma_xp_A2000_s047z_n65_r16_v00_66000_fof_0.0040_0000.hdf5,462775104,2000,,47.0,z,True,65,16,0,0,PartType0,3162278,368,368,True,kg,9.99385987220319e+19,7.003745135675653e+18,1.0,True,"-1,2147483647",20,,,,
,Ma_xp_A2000_s047z_n65_r16_v00_72000.hdf5,A2000,n65,r16,v00,s047z,72000,0.004,94953,9.98644863914162e+19,,,,,,,,,,,,,,,,,Ma_xp_A2000_s047z_n65_r16_v00_72000_fof_0.0040_0000,Ma_xp_A2000_s047z_n65_r16_v00_72000_fof_0.0040_0000.hdf5,/rds/general/ephemeral/user/nny124/ephemeral/martian_moons_data/Ma_xp_A2000_s047z_n65_r16_v00_72000_fof_0.0040_0000.hdf5,462775104,2000,,47.0,z,True,65,16,0,0,PartType0,3162278,541,541,True,kg,9.98644863914162e+19,3.004778944289225e+18,1.0,True,"-1,2147483647",20,,,,
,Ma_xp_A2000_s047z_n65_r16_v00_78000.hdf5,A2000,n65,r16,v00,s047z,78000,0.004,95678,9.989072015302094e+19,,,,,,,,,,,,,,,,,Ma_xp_A2000_s047z_n65_r16_v00_78000_fof_0.0040_0000,Ma_xp_A2000_s047z_n65_r16_v00_78000_fof_0.0040_0000.hdf5,/rds/general/ephemeral/user/nny124/ephemeral/martian_moons_data/Ma_xp_A2000_s047z_n65_r16_v00_78000_fof_0.0040_0000.hdf5,462775104,2000,,47.0,z,True,65,16,0,0,PartType0,3162278,481,481,True,kg,9.989072015302094e+19,3.027721504678577e+18,1.0,True,"-1,2147483647",20,,,,
,Ma_xp_A2000_s047z_n65_r16_v00_84000.hdf5,A2000,n65,r16,v00,s047z,84000,0.004,96294,9.99403709776883e+19,,,,,,,,,,,,,,,,,Ma_xp_A2000_s047z_n65_r16_v00_84000_fof_0.0040_0000,Ma_xp_A2000_s047z_n65_r16_v00_84000_fof_0.0040_0000.hdf5,/rds/general/ephemeral/user/nny124/ephemeral/martian_moons_data/Ma_xp_A2000_s047z_n65_r16_v00_84000_fof_0.0040_0000.hdf5,462775104,2000,,47.0,z,True,65,16,0,0,PartType0,3162278,410,410,True,kg,9.99403709776883e+19,3.0472140746708977e+18,1.0,True,"-1,2147483647",20,,,,
Ma_xp_A2000_s047z_n65_r16_v00_90000_fof_0.0040_0000.hdf5,Ma_xp_A2000_s047z_n65_r16_v00_90000.hdf5,A2000,n65,r16,v00,s047z,90000,0.004,97171,9.997106656223512e+19,140.0,4.97918505268e+19,0.497570106107,4.73000982349e+19,0.472670018259,2.270902426503752e+18,216.0,5.27699218801e+19,0.527329981741,3.074968084586886e+18,1.00070020115e+20,4.73000982349e+19,0.472670018259,/rds/general/user/nny124/home/irp-nny124/martian_moon_data/Ma_xp_A2000_s047z_n65_r16_v00_90000.hdf5,particle_level_raw_snapshot_parent_normalized,All raw asteroid particles in the physical snapshot are included in the denominator; all raw bound/captured asteroid particles are included in the numerator. No FoF background or unresolved material is discarded for the particle-level metrics.,Ma_xp_A2000_s047z_n65_r16_v00_90000_fof_0.0040_0000,Ma_xp_A2000_s047z_n65_r16_v00_90000_fof_0.0040_0000.hdf5,/rds/general/ephemeral/user/nny124/ephemeral/martian_moons_data/Ma_xp_A2000_s047z_n65_r16_v00_90000_fof_0.0040_0000.hdf5,462775104,2000,,47.0,z,True,65,16,0,0,PartType0,3162278,356,356,True,kg,9.997106656223512e+19,3.0749666647718385e+18,1.0,True,"-1,2147483647",20,2.3630460914755875e+19,0.2363730002143739,7.634060554936941e+19,0.7636269997856261
,Ma_xp_A2000_s047z_n65_r16_v00_96000.hdf5,A2000,n65,r16,v00,s047z,96000,0.004,136802,9.99905598180192e+19,,,,,,,,,,,,,,,,,Ma_xp_A2000_s047z_n65_r16_v00_96000_fof_0.0040_0000,Ma_xp_A2000_s047z_n65_r16_v00_96000_fof_0.0040_0000.hdf5,/rds/general/ephemeral/user/nny124/ephemeral/martian_moons_data/Ma_xp_A2000_s047z_n65_r16_v00_96000_fof_0.0040_0000.hdf5,462775104,2000,,47.0,z,True,65,16,0,0,PartType0,3162278,319,319,True,kg,9.99905598180192e+19,4.329091700059251e+18,1.0,True,"-1,2147483647",20,,,,
Ma_xp_A2000_s047z_n65_r16_v02_90000_fof_0.0040_0000.hdf5,Ma_xp_A2000_s047z_n65_r16_v02_90000.hdf5,A2000,n65,r16,v02,s047z,90000,0.004,134887,9.990277675641802e+19,131.0,4.82738755749e+19,0.482401435675,4.54382696312e+19,0.454065190409,2.1832143656382664e+18,208.0,5.463165554879999e+19,0.5459348095909999,4.2684877177985096e+18,1.0006992518e+20,4.54382696312e+19,0.454065190409,/rds/general/user/nny124/home/irp-nny124/martian_moon_data/Ma_xp_A2000_s047z_n65_r16_v02_90000.hdf5,particle_level_raw_snapshot_parent_normalized,All raw asteroid particles in the physical snapshot are included in the denominator; all raw bound/captured asteroid particles are included in the numerator. No FoF background or unresolved material is discarded for the particle-level metrics.,Ma_xp_A2000_s047z_n65_r16_v02_90000_fof_0.0040_0000,Ma_xp_A2000_s047z_n65_r16_v02_90000_fof_0.0040_0000.hdf5,/rds/general/ephemeral/user/nny124/ephemeral/martian_moons_data/Ma_xp_A2000_s047z_n65_r16_v02_90000_fof_0.0040_0000.hdf5,462775104,2000,,47.0,z,True,65,16,2,0,PartType0,3162275,339,339,True,kg,9.990277675641802e+19,4.268481807464802e+18,1.0,True,"-1,2147483647",20,2.243393501458702e+19,0.2245576724434755,7.746884172190579e+19,0.7754423275565244
Ma_xp_A2000_s047z_n65_r16_v04_90000_fof_0.0040_0000.hdf5,Ma_xp_A2000_s047z_n65_r16_v04_90000.hdf5,A2000,n65,r16,v04,s047z,90000,0.004,131286,9.99844206642353e+19,117.0,4.30130665967e+19,0.429829698717,3.89705552205e+19,0.389432870861,1.9441686739104143e+18,232.0,6.10994648945e+19,0.610567129139,4.1545343770626135e+18,1.00070020115e+20,3.89705552205e+19,0.389432870861,/rds/general/user/nny124/home/irp-nny124/martian_moon_data/Ma_xp_A2000_s047z_n65_r16_v04_90000.hdf5,particle_level_raw_snapshot_parent_normalized,All raw asteroid particles in the physical snapshot are included in the denominator; all raw bound/captured asteroid particles are included in the numerator. No FoF background or unresolved material is discarded for the particle-level metrics.,Ma_xp_A2000_s047z_n65_r16_v04_90000_fof_0.0040_0000,Ma_xp_A2000_s047z_n65_r16_v04_90000_fof_0.0040_0000.hdf5,/rds/general/ephemeral/user/nny124/ephemeral/martian_moons_data/Ma_xp_A2000_s047z_n65_r16_v04_90000_fof_0.0040_0000.hdf5,462775104,2000,,47.0,z,True,65,16,4,0,PartType0,3162278,349,349,True,kg,9.99844206642353e+19,4.154535866101355e+18,1.0,True,"-1,2147483647",20,1.845939691692057e+19,0.184622732249017,8.152502370156934e+19,0.8153772677509826
Ma_xp_A2000_s047z_n65_r16_v06_90000_fof_0.0040_0000.hdf5,Ma_xp_A2000_s047z_n65_r16_v06_90000.hdf5,A2000,n65,r16,v06,s047z,90000,0.004,131216,9.998600286397615e+19,72.0,3.46179236724e+19,0.345937448811,3.08778427537e+19,0.308562762114,1.3686742405290647e+18,247.0,6.91920507813e+19,0.691437237886,4.152319232977217e+18,1.00069893535e+20,3.08778427537e+19,0.308562762114,/rds/general/user/nny124/home/irp-nny124/martian_moon_data/Ma_xp_A2000_s047z_n65_r16_v06_90000.hdf5,particle_level_raw_snapshot_parent_normalized,All raw asteroid particles in the physical snapshot are included in the denominator; all raw bound/captured asteroid particles are included in the numerator. No FoF background or unresolved material is discarded for the particle-level metrics.,Ma_xp_A2000_s047z_n65_r16_v06_90000_fof_0.0040_0000,Ma_xp_A2000_s047z_n65_r16_v06_90000_fof_0.0040_0000.hdf5,/rds/general/ephemeral/user/nny124/ephemeral/martian_moons_data/Ma_xp_A2000_s047z_n65_r16_v06_90000_fof_0.0040_0000.hdf5,462775104,2000,,47.0,z,True,65,16,6,0,PartType0,3162274,319,319,True,kg,9.998600286397615e+19,4.152317490535088e+18,1.0,True,"-1,2147483647",20,1.204345358801084e+19,0.1204513956254111,8.794254927628544e+19,0.8795486043745888
Ma_xp_A2000_s047z_n65_r16_v08_90000_fof_0.0040_0000.hdf5,Ma_xp_A2000_s047z_n65_r16_v08_90000.hdf5,A2000,n65,r16,v08,s047z,90000,0.004,138336,9.999350267670253e+19,34.0,2.2891836942e+19,0.22875819267,2.02633153253e+19,0.202491368564,5.888169428115082e+17,251.0,7.98067047897e+19,0.797508631436,4.3776310313775447e+18,1.00070020115e+20,2.02633153253e+19,0.202491368564,/rds/general/user/nny124/home/irp-nny124/martian_moon_data/Ma_xp_A2000_s047z_n65_r16_v08_90000.hdf5,particle_level_raw_snapshot_parent_normalized,All raw asteroid particles in the physical snapshot are included in the denominator; all raw bound/captured asteroid particles are included in the numerator. No FoF background or unresolved material is discarded for the particle-level metrics.,Ma_xp_A2000_s047z_n65_r16_v08_90000_fof_0.0040_0000,Ma_xp_A2000_s047z_n65_r16_v08_90000_fof_0.0040_0000.hdf5,/rds/general/ephemeral/user/nny124/ephemeral/martian_moons_data/Ma_xp_A2000_s047z_n65_r16_v08_90000_fof_0.0040_0000.hdf5,462775104,2000,,47.0,z,True,65,16,8,0,PartType0,3162278,285,285,True,kg,9.999350267670253e+19,4.377632524217567e+18,1.0,True,"-1,2147483647",20,4.694238411006715e+18,0.0469454342914184,9.529926429826123e+19,0.9530545657085816
Ma_xp_A2000_s047z_n65_r16_v10_90000_fof_0.0040_0000.hdf5,Ma_xp_A2000_s047z_n65_r16_v10_90000.hdf5,A2000,n65,r16,v10,s047z,90000,0.004,187213,9.999856582055395e+19,1.0,1.08976544874e+19,0.108900292764,8.83687429984e+18,0.0883069103981,1.7183189119505994e+16,264.0,9.123314581516e+19,0.9116930896019,5.924339566526646e+18,1.00070020115e+20,8.83687429984e+18,0.0883069103981,/rds/general/user/nny124/home/irp-nny124/martian_moon_data/Ma_xp_A2000_s047z_n65_r16_v10_90000.hdf5,particle_level_raw_snapshot_parent_normalized,All raw asteroid particles in the physical snapshot are included in the denominator; all raw bound/captured asteroid particles are included in the numerator. No FoF background or unresolved material is discarded for the particle-level metrics.,Ma_xp_A2000_s047z_n65_r16_v10_90000_fof_0.0040_0000,Ma_xp_A2000_s047z_n65_r16_v10_90000_fof_0.0040_0000.hdf5,/rds/general/ephemeral/user/nny124/ephemeral/martian_moons_data/Ma_xp_A2000_s047z_n65_r16_v10_90000_fof_0.0040_0000.hdf5,462775104,2000,,47.0,z,True,65,16,10,0,PartType0,3162278,265,265,True,kg,9.999856582055395e+19,5.924336741287792e+18,1.0,True,"-1,2147483647",20,1.7183189119505994e+16,0.0001718343554788,9.99813827066268e+19,0.999828165644521
Ma_xp_A2000_s047z_n65_r17_v00_90000_fof_0.0040_0000.hdf5,Ma_xp_A2000_s047z_n65_r17_v00_90000.hdf5,A2000,n65,r17,v00,s047z,90000,0.004,130693,9.997492726742852e+19,125.0,5.02129177725e+19,0.501777832309,4.72563016719e+19,0.472232359078,1.756577614794356e+18,204.0,5.2813718443100004e+19,0.527767640922,4.135768942167755e+18,1.00070020115e+20,4.72563016719e+19,0.472232359078,/rds/general/user/nny124/home/irp-nny124/martian_moon_data/Ma_xp_A2000_s047z_n65_r17_v00_90000.hdf5,particle_level_raw_snapshot_parent_normalized,All raw asteroid particles in the physical snapshot are included in the denominator; all raw bound/captured asteroid particles are included in the numerator. No FoF background or unresolved material is discarded for the particle-level metrics.,Ma_xp_A2000_s047z_n65_r17_v00_90000_fof_0.0040_0000,Ma_xp_A2000_s047z_n65_r17_v00_90000_fof_0.0040_0000.hdf5,/rds/general/ephemeral/user/nny124/ephemeral/martian_moons_data/Ma_xp_A2000_s047z_n65_r17_v00_90000_fof_0.0040_0000.hdf5,462775104,2000,,47.0,z,True,65,17,0,0,PartType0,3162278,329,329,True,kg,9.997492726742852e+19,4.135767307446593e+18,1.0,True,"-1,2147483647",20,2.3454641764215812e+19,0.2346052398764463,7.652028537964542e+19,0.7653947601235538
Ma_xp_A2000_s047z_n65_r18_v00_90000_fof_0.0040_0000.hdf5,Ma_xp_A2000_s047z_n65_r18_v00_90000.hdf5,A2000,n65,r18,v00,s047z,90000,0.004,184775,9.997964224882685e+19,121.0,5.10427423918e+19,0.510070272127,4.48958124896e+19,0.448643983862,2.709849049482535e+18,201.0,5.51742076254e+19,0.551356016138,5.847189262525086e+18,1.00070020115e+20,4.48958124896e+19,0.448643983862,/rds/general/user/nny124/home/irp-nny124/martian_moon_data/Ma_xp_A2000_s047z_n65_r18_v00_90000.hdf5,particle_level_raw_snapshot_parent_normalized,All raw asteroid particles in the physical snapshot are included in the denominator; all raw bound/captured asteroid particles are included in the numerator. No FoF background or unresolved material is discarded for the particle-level metrics.,Ma_xp_A2000_s047z_n65_r18_v00_90000_fof_0.0040_0000,Ma_xp_A2000_s047z_n65_r18_v00_90000_fof_0.0040_0000.hdf5,/rds/general/ephemeral/user/nny124/ephemeral/martian_moons_data/Ma_xp_A2000_s047z_n65_r18_v00_90000_fof_0.0040_0000.hdf5,462775104,2000,,47.0,z,True,65,18,0,0,PartType0,3162278,322,322,True,kg,9.997964224882685e+19,5.847184472241694e+18,1.0,True,"-1,2147483647",20,2.164021724387621e+19,0.2164462360521163,7.833942499238627e+19,0.7835537639478837
Ma_xp_A2000_s047z_n65_r19_v00_90000_fof_0.0040_0000.hdf5,Ma_xp_A2000_s047z_n65_r19_v00_90000.hdf5,A2000,n65,r19,v00,s047z,90000,0.004,315831,9.998669907936403e+19,101.0,5.01102616666e+19,0.500751989547,4.28980056839e+19,0.428679894684,2.9650336481202094e+18,191.0,5.71720144311e+19,0.571320105316,9.994445308968286e+18,1.00070020115e+20,4.28980056839e+19,0.428679894684,/rds/general/user/nny124/home/irp-nny124/martian_moon_data/Ma_xp_A2000_s047z_n65_r19_v00_90000.hdf5,particle_level_raw_snapshot_parent_normalized,All raw asteroid particles in the physical snapshot are included in the denominator; all raw bound/captured asteroid particles are included in the numerator. No FoF background or unresolved material is discarded for the particle-level metrics.,Ma_xp_A2000_s047z_n65_r19_v00_90000_fof_0.0040_0000,Ma_xp_A2000_s047z_n65_r19_v00_90000_fof_0.0040_0000.hdf5,/rds/general/ephemeral/user/nny124/ephemeral/martian_moons_data/Ma_xp_A2000_s047z_n65_r19_v00_90000_fof_0.0040_0000.hdf5,462775104,2000,,47.0,z,True,65,19,0,0,PartType0,3162278,292,292,True,kg,9.998669907936403e+19,9.994438511704195e+18,1.0,True,"-1,2147483647",20,1.91438447943908e+19,0.1914639144589117,8.084285425797335e+19,0.8085360855410882
Ma_xp_A2000_s047z_n65_r20_v00_90000_fof_0.0040_0000.hdf5,Ma_xp_A2000_s047z_n65_r20_v00_90000.hdf5,A2000,n65,r20,v00,s047z,90000,0.004,907115,9.997935745231087e+19,79.0,4.66513774671e+19,0.466187349752,4.02120169007e+19,0.401838801016,2.109639937088193e+18,160.0,5.9858003214300004e+19,0.598161198984,2.8705577529180512e+19,1.00070020115e+20,4.02120169007e+19,0.401838801016,/rds/general/user/nny124/home/irp-nny124/martian_moon_data/Ma_xp_A2000_s047z_n65_r20_v00_90000.hdf5,particle_level_raw_snapshot_parent_normalized,All raw asteroid particles in the physical snapshot are included in the denominator; all raw bound/captured asteroid particles are included in the numerator. No FoF background or unresolved material is discarded for the particle-level metrics.,Ma_xp_A2000_s047z_n65_r20_v00_90000_fof_0.0040_0000,Ma_xp_A2000_s047z_n65_r20_v00_90000_fof_0.0040_0000.hdf5,/rds/general/ephemeral/user/nny124/ephemeral/martian_moons_data/Ma_xp_A2000_s047z_n65_r20_v00_90000_fof_0.0040_0000.hdf5,462775104,2000,,47.0,z,True,65,20,0,0,PartType0,3162278,239,239,True,kg,9.997935745231087e+19,2.8705573018586513e+19,1.0,True,"-1,2147483647",20,1.5104308040275237e+19,0.1510742660102501,8.487504939211787e+19,0.8489257339897498
Ma_xp_A2000_s047z_n65_r20_v02_90000_fof_0.0040_0000.hdf5,Ma_xp_A2000_s047z_n65_r20_v02_90000.hdf5,A2000,n65,r20,v02,s047z,90000,0.004,933177,9.993030784128826e+19,79.0,4.44005062721e+19,0.4436943874,3.80551627497e+19,0.380285351256,2.0834063021342095e+18,193.0,6.20148573653e+19,0.619714648744,2.953030731712916e+19,1.00070020115e+20,3.80551627497e+19,0.380285351256,/rds/general/user/nny124/home/irp-nny124/martian_moon_data/Ma_xp_A2000_s047z_n65_r20_v02_90000.hdf5,particle_level_raw_snapshot_parent_normalized,All raw asteroid particles in the physical snapshot are included in the denominator; all raw bound/captured asteroid particles are included in the numerator. No FoF background or unresolved material is discarded for the particle-level metrics.,Ma_xp_A2000_s047z_n65_r20_v02_90000_fof_0.0040_0000,Ma_xp_A2000_s047z_n65_r20_v02_90000_fof_0.0040_0000.hdf5,/rds/general/ephemeral/user/nny124/ephemeral/martian_moons_data/Ma_xp_A2000_s047z_n65_r20_v02_90000_fof_0.0040_0000.hdf5,462775104,2000,,47.0,z,True,65,20,2,0,PartType0,3162278,272,272,True,kg,9.993030784128826e+19,2.9530302416540934e+19,1.0,True,"-1,2147483647",20,1.4763618879945077e+19,0.1477391514445311,8.51666889334723e+19,0.8522608485554691
Ma_xp_A2000_s047z_n65_r20_v04_90000_fof_0.0040_0000.hdf5,Ma_xp_A2000_s047z_n65_r20_v04_90000.hdf5,A2000,n65,r20,v04,s047z,90000,0.004,932252,9.999033823645198e+19,46.0,3.75173574106e+19,0.37491106095,3.06545562299e+19,0.306331068932,2.1618224027566108e+18,174.0,6.94154638851e+19,0.693668931068,2.9501035770285e+19,1.00070020115e+20,3.06545562299e+19,0.306331068932,/rds/general/user/nny124/home/irp-nny124/martian_moon_data/Ma_xp_A2000_s047z_n65_r20_v04_90000.hdf5,particle_level_raw_snapshot_parent_normalized,All raw asteroid particles in the physical snapshot are included in the denominator; all raw bound/captured asteroid particles are included in the numerator. No FoF background or unresolved material is discarded for the particle-level metrics.,Ma_xp_A2000_s047z_n65_r20_v04_90000_fof_0.0040_0000,Ma_xp_A2000_s047z_n65_r20_v04_90000_fof_0.0040_0000.hdf5,/rds/general/ephemeral/user/nny124/ephemeral/martian_moons_data/Ma_xp_A2000_s047z_n65_r20_v04_90000_fof_0.0040_0000.hdf5,462775104,2000,,47.0,z,True,65,20,4,0,PartType0,3162278,220,220,True,kg,9.999033823645198e+19,2.950103088763409e+19,1.0,True,"-1,2147483647",20,9.20636033327237e+18,0.0920724991767915,9.078397788481946e+19,0.9079275008232084
Ma_xp_A2000_s047z_n65_r20_v06_90000_fof_0.0040_0000.hdf5,Ma_xp_A2000_s047z_n65_r20_v06_90000.hdf5,A2000,n65,r20,v06,s047z,90000,0.004,1073751,1.0000508467087235e+20,11.0,2.32345830218e+19,0.232183255236,2.21132137959e+19,0.220977409323,1.8376835332347167e+18,204.0,7.79568063191e+19,0.779022590677,3.397875966963829e+19,1.00070020115e+20,2.21132137959e+19,0.220977409323,/rds/general/user/nny124/home/irp-nny124/martian_moon_data/Ma_xp_A2000_s047z_n65_r20_v06_90000.hdf5,particle_level_raw_snapshot_parent_normalized,All raw asteroid particles in the physical snapshot are included in the denominator; all raw bound/captured asteroid particles are included in the numerator. No FoF background or unresolved material is discarded for the particle-level metrics.,Ma_xp_A2000_s047z_n65_r20_v06_90000_fof_0.0040_0000,Ma_xp_A2000_s047z_n65_r20_v06_90000_fof_0.0040_0000.hdf5,/rds/general/ephemeral/user/nny124/ephemeral/martian_moons_data/Ma_xp_A2000_s047z_n65_r20_v06_90000_fof_0.0040_0000.hdf5,462775104,2000,,47.0,z,True,65,20,6,0,PartType0,3162278,215,215,True,kg,1.0000508467087235e+20,3.3978752757435617e+19,1.0,True,"-1,2147483647",20,3.081486937179809e+18,0.0308133025926997,9.69235978118295e+19,0.9691866974073003
Ma_xp_A2000_s047z_n65_r20_v08_90000_fof_0.0040_0000.hdf5,Ma_xp_A2000_s047z_n65_r20_v08_90000.hdf5,A2000,n65,r20,v08,s047z,90000,0.004,1221602,1.0000394550531949e+20,0.0,1.01339677415e+19,0.10126880093,8.33156828904e+18,0.0832574123013,0.0,171.0,9.173842018095999e+19,0.9167425876987,3.865749207229332e+19,1.0006998847e+20,8.33156828904e+18,0.0832574123013,/rds/general/user/nny124/home/irp-nny124/martian_moon_data/Ma_xp_A2000_s047z_n65_r20_v08_90000.hdf5,particle_level_raw_snapshot_parent_normalized,All raw asteroid particles in the physical snapshot are included in the denominator; all raw bound/captured asteroid particles are included in the numerator. No FoF background or unresolved material is discarded for the particle-level metrics.,Ma_xp_A2000_s047z_n65_r20_v08_90000_fof_0.0040_0000,Ma_xp_A2000_s047z_n65_r20_v08_90000_fof_0.0040_0000.hdf5,/rds/general/ephemeral/user/nny124/ephemeral/martian_moons_data/Ma_xp_A2000_s047z_n65_r20_v08_90000_fof_0.0040_0000.hdf5,462775104,2000,,47.0,z,True,65,20,8,0,PartType0,3162277,171,171,True,kg,1.0000394550531949e+20,3.865748400123037e+19,1.0,True,"-1,2147483647",20,0.0,0.0,1.000039455322404e+20,1.0
Ma_xp_A2000_s047z_n65_r20_v10_90000_fof_0.0040_0000.hdf5,Ma_xp_A2000_s047z_n65_r20_v10_90000.hdf5,A2000,n65,r20,v10,s047z,90000,0.004,1601487,9.999448359214757e+19,0.0,0.0,0.0,0.0,0.0,0.0,142.0,1.00070020115e+20,1.0,5.067892079974599e+19,1.00070020115e+20,0.0,0.0,/rds/general/user/nny124/home/irp-nny124/martian_moon_data/Ma_xp_A2000_s047z_n65_r20_v10_90000.hdf5,particle_level_raw_snapshot_parent_normalized,All raw asteroid particles in the physical snapshot are included in the denominator; all raw bound/captured asteroid particles are included in the numerator. No FoF background or unresolved material is discarded for the particle-level metrics.,Ma_xp_A2000_s047z_n65_r20_v10_90000_fof_0.0040_0000,Ma_xp_A2000_s047z_n65_r20_v10_90000_fof_0.0040_0000.hdf5,/rds/general/ephemeral/user/nny124/ephemeral/martian_moons_data/Ma_xp_A2000_s047z_n65_r20_v10_90000_fof_0.0040_0000.hdf5,462775104,2000,,47.0,z,True,65,20,10,0,PartType0,3162278,142,142,True,kg,9.999448359214757e+19,5.067891835865801e+19,1.0,True,"-1,2147483647",20,0.0,0.0,9.999448370314812e+19,1.0
Ma_xp_A2000_s047z_n65_r22_v00_90000_fof_0.0040_0000.hdf5,Ma_xp_A2000_s047z_n65_r22_v00_90000.hdf5,A2000,n65,r22,v00,s047z,90000,0.004,2570021,1.0004011566612025e+20,0.0,4.89257291894e+19,0.488914953081,2.65574257295e+19,0.26538843201,0.0,75.0,7.35125943855e+19,0.73461156799,8.132809739364424e+19,1.00070020115e+20,2.65574257295e+19,0.26538843201,/rds/general/user/nny124/home/irp-nny124/martian_moon_data/Ma_xp_A2000_s047z_n65_r22_v00_90000.hdf5,particle_level_raw_snapshot_parent_normalized,All raw asteroid particles in the physical snapshot are included in the denominator; all raw bound/captured asteroid particles are included in the numerator. No FoF background or unresolved material is discarded for the particle-level metrics.,Ma_xp_A2000_s047z_n65_r22_v00_90000_fof_0.0040_0000,Ma_xp_A2000_s047z_n65_r22_v00_90000_fof_0.0040_0000.hdf5,/rds/general/ephemeral/user/nny124/ephemeral/martian_moons_data/Ma_xp_A2000_s047z_n65_r22_v00_90000_fof_0.0040_0000.hdf5,462775104,2000,,47.0,z,True,65,22,0,0,PartType0,3162278,75,75,True,kg,1.0004011566612025e+20,8.132810127873286e+19,1.0,True,"-1,2147483647",20,0.0,0.0,1.0004011567103412e+20,1.0
Ma_xp_A2000_s047z_n65_r24_v00_90000_fof_0.0040_0000.hdf5,Ma_xp_A2000_s047z_n65_r24_v00_90000.hdf5,A2000,n65,r24,v00,s047z,90000,0.004,2978617,9.962433353353663e+19,0.0,4.99147910235e+19,0.498798650846,1.84899342604e+19,0.184769966461,0.0,225.0,8.15800858546e+19,0.815230033539,9.425808328687691e+19,1.00070020115e+20,1.84899342604e+19,0.184769966461,/rds/general/user/nny124/home/irp-nny124/martian_moon_data/Ma_xp_A2000_s047z_n65_r24_v00_90000.hdf5,particle_level_raw_snapshot_parent_normalized,All raw asteroid particles in the physical snapshot are included in the denominator; all raw bound/captured asteroid particles are included in the numerator. No FoF background or unresolved material is discarded for the particle-level metrics.,Ma_xp_A2000_s047z_n65_r24_v00_90000_fof_0.0040_0000,Ma_xp_A2000_s047z_n65_r24_v00_90000_fof_0.0040_0000.hdf5,/rds/general/ephemeral/user/nny124/ephemeral/martian_moons_data/Ma_xp_A2000_s047z_n65_r24_v00_90000_fof_0.0040_0000.hdf5,462775104,2000,,47.0,z,True,65,24,0,0,PartType0,3162278,225,225,True,kg,9.962433353353663e+19,9.42580876363074e+19,1.0,True,"-1,2147483647",20,0.0,0.0,9.962433312355916e+19,1.0
Ma_xp_A2000_s047z_n65_r26_v00_90000_fof_0.0040_0000.hdf5,Ma_xp_A2000_s047z_n65_r26_v00_90000.hdf5,A2000,n65,r26,v00,s047z,90000,0.004,3162278,1.0007002011416972e+20,0.0,4.97175799101e+19,0.49682791962,1.93812133056e+19,0.193676520534,0.0,1.0,8.06888068094e+19,0.806323479466,1.0007002011234022e+20,1.00070020115e+20,1.93812133056e+19,0.193676520534,/rds/general/user/nny124/home/irp-nny124/martian_moon_data/Ma_xp_A2000_s047z_n65_r26_v00_90000.hdf5,particle_level_raw_snapshot_parent_normalized,All raw asteroid particles in the physical snapshot are included in the denominator; all raw bound/captured asteroid particles are included in the numerator. No FoF background or unresolved material is discarded for the particle-level metrics.,Ma_xp_A2000_s047z_n65_r26_v00_90000_fof_0.0040_0000,Ma_xp_A2000_s047z_n65_r26_v00_90000_fof_0.0040_0000.hdf5,/rds/general/ephemeral/user/nny124/ephemeral/martian_moons_data/Ma_xp_A2000_s047z_n65_r26_v00_90000_fof_0.0040_0000.hdf5,462775104,2000,,47.0,z,True,65,26,0,0,PartType0,3162278,1,1,True,kg,1.0007002011416972e+20,1.0007002011416972e+20,1.0,True,"-1,2147483647",20,0.0,0.0,1.0007002011234022e+20,1.0
Ma_xp_A2000_s047z_n65_r28_v00_90000_fof_0.0040_0000.hdf5,Ma_xp_A2000_s047z_n65_r28_v00_90000.hdf5,A2000,n65,r28,v00,s047z,90000,0.004,3162278,1.00070020114109e+20,0.0,4.91392057894e+19,0.491048225362,1.45515979461e+19,0.145414160298,0.0,1.0,8.55184221689e+19,0.854585839702,1.0007002011234022e+20,1.00070020115e+20,1.45515979461e+19,0.145414160298,/rds/general/user/nny124/home/irp-nny124/martian_moon_data/Ma_xp_A2000_s047z_n65_r28_v00_90000.hdf5,particle_level_raw_snapshot_parent_normalized,All raw asteroid particles in the physical snapshot are included in the denominator; all raw bound/captured asteroid particles are included in the numerator. No FoF background or unresolved material is discarded for the particle-level metrics.,Ma_xp_A2000_s047z_n65_r28_v00_90000_fof_0.0040_0000,Ma_xp_A2000_s047z_n65_r28_v00_90000_fof_0.0040_0000.hdf5,/rds/general/ephemeral/user/nny124/ephemeral/martian_moons_data/Ma_xp_A2000_s047z_n65_r28_v00_90000_fof_0.0040_0000.hdf5,462775104,2000,,47.0,z,True,65,28,0,0,PartType0,3162278,1,1,True,kg,1.00070020114109e+20,1.00070020114109e+20,1.0,True,"-1,2147483647",20,0.0,0.0,1.0007002011234022e+20,1.0
Ma_xp_A2000_s047z_n65_r30_v00_90000_fof_0.0040_0000.hdf5,Ma_xp_A2000_s047z_n65_r30_v00_90000.hdf5,A2000,n65,r30,v00,s047z,90000,0.004,3162278,1.000700201139792e+20,0.0,4.88730404051e+19,0.488388433907,1.24028132485e+19,0.12394134861,0.0,1.0,8.76672068665e+19,0.8760586513899999,1.0007002011234022e+20,1.00070020115e+20,1.24028132485e+19,0.12394134861,/rds/general/user/nny124/home/irp-nny124/martian_moon_data/Ma_xp_A2000_s047z_n65_r30_v00_90000.hdf5,particle_level_raw_snapshot_parent_normalized,All raw asteroid particles in the physical snapshot are included in the denominator; all raw bound/captured asteroid particles are included in the numerator. No FoF background or unresolved material is discarded for the particle-level metrics.,Ma_xp_A2000_s047z_n65_r30_v00_90000_fof_0.0040_0000,Ma_xp_A2000_s047z_n65_r30_v00_90000_fof_0.0040_0000.hdf5,/rds/general/ephemeral/user/nny124/ephemeral/martian_moons_data/Ma_xp_A2000_s047z_n65_r30_v00_90000_fof_0.0040_0000.hdf5,462775104,2000,,47.0,z,True,65,30,0,0,PartType0,3162278,1,1,True,kg,1.000700201139792e+20,1.000700201139792e+20,1.0,True,"-1,2147483647",20,0.0,0.0,1.0007002011234022e+20,1.0
Ma_xp_A2000_s086mz_n65_r12_v00_90000_fof_0.0040_0000.hdf5,Ma_xp_A2000_s086mz_n65_r12_v00_90000.hdf5,A2000,n65,r12,v00,s086mz,90000,0.004,1187253,9.989067223770264e+19,31.0,4.5180559681e+19,0.451783176558,3.15754196614e+19,0.315738527732,1.8987887735435704e+18,173.0,6.84295429516e+19,0.684261472268,3.754609552944561e+19,1.00004962613e+20,3.15754196614e+19,0.315738527732,/rds/general/user/nny124/home/irp-nny124/martian_moon_data/Ma_xp_A2000_s086mz_n65_r12_v00_90000.hdf5,particle_level_raw_snapshot_parent_normalized,All raw asteroid particles in the physical snapshot are included in the denominator; all raw bound/captured asteroid particles are included in the numerator. No FoF background or unresolved material is discarded for the particle-level metrics.,Ma_xp_A2000_s086mz_n65_r12_v00_90000_fof_0.0040_0000,Ma_xp_A2000_s086mz_n65_r12_v00_90000_fof_0.0040_0000.hdf5,/rds/general/ephemeral/user/nny124/ephemeral/martian_moons_data/Ma_xp_A2000_s086mz_n65_r12_v00_90000_fof_0.0040_0000.hdf5,462775112,2000,,86.0,mz,True,65,12,0,0,PartType0,3162278,204,204,True,kg,9.989067223770264e+19,3.7546086876864274e+19,1.0,True,"-1,2147483647",20,5.244675836427602e+18,0.0525041599863982,9.46459964033777e+19,0.947495840013602
Ma_xp_A2000_s086mz_n65_r16_v00_90000_fof_0.0040_0000.hdf5,Ma_xp_A2000_s086mz_n65_r16_v00_90000.hdf5,A2000,n65,r16,v00,s086mz,90000,0.004,2265213,1.0000496261311354e+20,0.0,5.96844318906e+19,0.596814701301,2.96164497641e+19,0.296149800871,0.0,2.0,7.03885128489e+19,0.703850199129,7.1635871792097845e+19,1.00004962613e+20,2.96164497641e+19,0.296149800871,/rds/general/user/nny124/home/irp-nny124/martian_moon_data/Ma_xp_A2000_s086mz_n65_r16_v00_90000.hdf5,particle_level_raw_snapshot_parent_normalized,All raw asteroid particles in the physical snapshot are included in the denominator; all raw bound/captured asteroid particles are included in the numerator. No FoF background or unresolved material is discarded for the particle-level metrics.,Ma_xp_A2000_s086mz_n65_r16_v00_90000_fof_0.0040_0000,Ma_xp_A2000_s086mz_n65_r16_v00_90000_fof_0.0040_0000.hdf5,/rds/general/ephemeral/user/nny124/ephemeral/martian_moons_data/Ma_xp_A2000_s086mz_n65_r16_v00_90000_fof_0.0040_0000.hdf5,462775112,2000,,86.0,mz,True,65,16,0,0,PartType0,3162278,2,2,True,kg,1.0000496261311354e+20,7.1635867777669644e+19,1.0,True,"-1,2147483647",20,0.0,0.0,1.000049626144054e+20,1.0
Ma_xp_A2000_s086mz_n65_r16_v06_90000_fof_0.0040_0000.hdf5,Ma_xp_A2000_s086mz_n65_r16_v06_90000.hdf5,A2000,n65,r16,v06,s086mz,90000,0.004,2104750,1.0000496261323552e+20,0.0,0.0,0.0,0.0,0.0,0.0,2.0,1.00004962613e+20,1.0,6.6561334918341894e+19,1.00004962613e+20,0.0,0.0,/rds/general/user/nny124/home/irp-nny124/martian_moon_data/Ma_xp_A2000_s086mz_n65_r16_v06_90000.hdf5,particle_level_raw_snapshot_parent_normalized,All raw asteroid particles in the physical snapshot are included in the denominator; all raw bound/captured asteroid particles are included in the numerator. No FoF background or unresolved material is discarded for the particle-level metrics.,Ma_xp_A2000_s086mz_n65_r16_v06_90000_fof_0.0040_0000,Ma_xp_A2000_s086mz_n65_r16_v06_90000_fof_0.0040_0000.hdf5,/rds/general/ephemeral/user/nny124/ephemeral/martian_moons_data/Ma_xp_A2000_s086mz_n65_r16_v06_90000_fof_0.0040_0000.hdf5,462775112,2000,,86.0,mz,True,65,16,6,0,PartType0,3162278,2,2,True,kg,1.0000496261323552e+20,6.656133036678551e+19,1.0,True,"-1,2147483647",20,0.0,0.0,1.000049626144054e+20,1.0
Ma_xp_A2000_s086x_n65_r12_v00_90000_fof_0.0040_0000.hdf5,Ma_xp_A2000_s086x_n65_r12_v00_90000.hdf5,A2000,n65,r12,v00,s086x,90000,0.004,263448,9.728982156964667e+19,315.0,5.10927621393e+19,0.51090226729,4.71119531517e+19,0.471096152837,4.128716037606689e+18,659.0,5.2893009461299995e+19,0.528903847163,8.33136978796327e+18,1.00004962613e+20,4.71119531517e+19,0.471096152837,/rds/general/user/nny124/home/irp-nny124/martian_moon_data/Ma_xp_A2000_s086x_n65_r12_v00_90000.hdf5,particle_level_raw_snapshot_parent_normalized,All raw asteroid particles in the physical snapshot are included in the denominator; all raw bound/captured asteroid particles are included in the numerator. No FoF background or unresolved material is discarded for the particle-level metrics.,Ma_xp_A2000_s086x_n65_r12_v00_90000_fof_0.0040_0000,Ma_xp_A2000_s086x_n65_r12_v00_90000_fof_0.0040_0000.hdf5,/rds/general/ephemeral/user/nny124/ephemeral/martian_moons_data/Ma_xp_A2000_s086x_n65_r12_v00_90000_fof_0.0040_0000.hdf5,462775104,2000,,86.0,x,True,65,12,0,0,PartType0,3162278,974,974,True,kg,9.728982156964667e+19,8.331371295678641e+18,1.0,True,"-1,2147483647",20,1.7965725736527008e+19,0.1846619221943378,7.932409732520804e+19,0.8153380778056624
Ma_xp_A2000_s086x_n65_r16_v00_90000_fof_0.0040_0000.hdf5,Ma_xp_A2000_s086x_n65_r16_v00_90000.hdf5,A2000,n65,r16,v00,s086x,90000,0.004,944855,9.954862310275018e+19,48.0,4.19486467485e+19,0.419465651028,4.06995484677e+19,0.406975288068,2.912886565109835e+18,59.0,5.93054141453e+19,0.593024711932,2.9880418151329194e+19,1.00004962613e+20,4.06995484677e+19,0.406975288068,/rds/general/user/nny124/home/irp-nny124/martian_moon_data/Ma_xp_A2000_s086x_n65_r16_v00_90000.hdf5,particle_level_raw_snapshot_parent_normalized,All raw asteroid particles in the physical snapshot are included in the denominator; all raw bound/captured asteroid particles are included in the numerator. No FoF background or unresolved material is discarded for the particle-level metrics.,Ma_xp_A2000_s086x_n65_r16_v00_90000_fof_0.0040_0000,Ma_xp_A2000_s086x_n65_r16_v00_90000_fof_0.0040_0000.hdf5,/rds/general/ephemeral/user/nny124/ephemeral/martian_moons_data/Ma_xp_A2000_s086x_n65_r16_v00_90000_fof_0.0040_0000.hdf5,462775104,2000,,86.0,x,True,65,16,0,0,PartType0,3162278,107,107,True,kg,9.954862310275018e+19,2.988042249168565e+19,1.0,True,"-1,2147483647",20,1.2342506520143438e+19,0.1239847032003684,8.720611683056971e+19,0.8760152967996316
Ma_xp_A2000_s086x_n65_r16_v06_90000_fof_0.0040_0000.hdf5,Ma_xp_A2000_s086x_n65_r16_v06_90000.hdf5,A2000,n65,r16,v06,s086x,90000,0.004,981280,9.969093272420708e+19,0.0,2.1321542843e+19,0.213204847898,1.93932801822e+19,0.193923178165,0.0,111.0,8.06116824308e+19,0.8060768218350001,3.10323348276132e+19,1.00004962613e+20,1.93932801822e+19,0.193923178165,/rds/general/user/nny124/home/irp-nny124/martian_moon_data/Ma_xp_A2000_s086x_n65_r16_v06_90000.hdf5,particle_level_raw_snapshot_parent_normalized,All raw asteroid particles in the physical snapshot are included in the denominator; all raw bound/captured asteroid particles are included in the numerator. No FoF background or unresolved material is discarded for the particle-level metrics.,Ma_xp_A2000_s086x_n65_r16_v06_90000_fof_0.0040_0000,Ma_xp_A2000_s086x_n65_r16_v06_90000_fof_0.0040_0000.hdf5,/rds/general/ephemeral/user/nny124/ephemeral/martian_moons_data/Ma_xp_A2000_s086x_n65_r16_v06_90000_fof_0.0040_0000.hdf5,462775104,2000,,86.0,x,True,65,16,6,0,PartType0,3162278,111,111,True,kg,9.969093272420708e+19,3.1032339260917387e+19,1.0,True,"-1,2147483647",20,0.0,0.0,9.969093289213036e+19,1.0
Ma_xp_A2000_s086x_n65_r20_v00_90000_fof_0.0040_0000.hdf5,Ma_xp_A2000_s086x_n65_r20_v00_90000.hdf5,A2000,n65,r20,v00,s086x,90000,0.004,2690795,9.99553756616983e+19,0.0,5.36495586077e+19,0.536468963197,1.80004176403e+19,0.179995243935,0.0,20.0,8.20045449727e+19,0.820004756065,8.509462273036277e+19,1.00004962613e+20,1.80004176403e+19,0.179995243935,/rds/general/user/nny124/home/irp-nny124/martian_moon_data/Ma_xp_A2000_s086x_n65_r20_v00_90000.hdf5,particle_level_raw_snapshot_parent_normalized,All raw asteroid particles in the physical snapshot are included in the denominator; all raw bound/captured asteroid particles are included in the numerator. No FoF background or unresolved material is discarded for the particle-level metrics.,Ma_xp_A2000_s086x_n65_r20_v00_90000_fof_0.0040_0000,Ma_xp_A2000_s086x_n65_r20_v00_90000_fof_0.0040_0000.hdf5,/rds/general/ephemeral/user/nny124/ephemeral/martian_moons_data/Ma_xp_A2000_s086x_n65_r20_v00_90000_fof_0.0040_0000.hdf5,462775104,2000,,86.0,x,True,65,20,0,0,PartType0,3162278,20,20,True,kg,9.99553756616983e+19,8.509462317217323e+19,1.0,True,"-1,2147483647",20,0.0,0.0,9.995537564533298e+19,1.0
Ma_xp_A2000_s086y_n65_r12_v00_90000_fof_0.0040_0000.hdf5,Ma_xp_A2000_s086y_n65_r12_v00_90000.hdf5,A2000,n65,r12,v00,s086y,90000,0.004,288381,9.813207352690332e+19,243.0,5.17498527282e+19,0.517472847106,4.64690618926e+19,0.464667559272,3.5417998647910743e+18,467.0,5.35359007204e+19,0.535332440728,9.119859519984112e+18,1.00004962613e+20,4.64690618926e+19,0.464667559272,/rds/general/user/nny124/home/irp-nny124/martian_moon_data/Ma_xp_A2000_s086y_n65_r12_v00_90000.hdf5,particle_level_raw_snapshot_parent_normalized,All raw asteroid particles in the physical snapshot are included in the denominator; all raw bound/captured asteroid particles are included in the numerator. No FoF background or unresolved material is discarded for the particle-level metrics.,Ma_xp_A2000_s086y_n65_r12_v00_90000_fof_0.0040_0000,Ma_xp_A2000_s086y_n65_r12_v00_90000_fof_0.0040_0000.hdf5,/rds/general/ephemeral/user/nny124/ephemeral/martian_moons_data/Ma_xp_A2000_s086y_n65_r12_v00_90000_fof_0.0040_0000.hdf5,462775104,2000,,86.0,y,True,65,12,0,0,PartType0,3162278,710,710,True,kg,9.813207352690332e+19,9.11986235904716e+18,1.0,True,"-1,2147483647",20,1.9517089483153596e+19,0.1988859366016505,7.86149846928323e+19,0.8011140633983496
Ma_xp_A2000_s086y_n65_r16_v00_90000_fof_0.0040_0000.hdf5,Ma_xp_A2000_s086y_n65_r16_v00_90000.hdf5,A2000,n65,r16,v00,s086y,90000,0.004,623540,9.850119321792804e+19,241.0,4.43383718154e+19,0.443361715826,4.1835305105e+19,0.418332290836,4.445908193075227e+18,404.0,5.8169657508e+19,0.581667709164,1.9719042534577086e+19,1.00004962613e+20,4.1835305105e+19,0.418332290836,/rds/general/user/nny124/home/irp-nny124/martian_moon_data/Ma_xp_A2000_s086y_n65_r16_v00_90000.hdf5,particle_level_raw_snapshot_parent_normalized,All raw asteroid particles in the physical snapshot are included in the denominator; all raw bound/captured asteroid particles are included in the numerator. No FoF background or unresolved material is discarded for the particle-level metrics.,Ma_xp_A2000_s086y_n65_r16_v00_90000_fof_0.0040_0000,Ma_xp_A2000_s086y_n65_r16_v00_90000_fof_0.0040_0000.hdf5,/rds/general/ephemeral/user/nny124/ephemeral/martian_moons_data/Ma_xp_A2000_s086y_n65_r16_v00_90000_fof_0.0040_0000.hdf5,462775104,2000,,86.0,y,True,65,16,0,0,PartType0,3162278,645,645,True,kg,9.850119321792804e+19,1.971904638018953e+19,1.0,True,"-1,2147483647",20,1.586223259385604e+19,0.1610359431180316,8.263896090820447e+19,0.8389640568819684
Ma_xp_A2000_s086y_n65_r16_v06_90000_fof_0.0040_0000.hdf5,Ma_xp_A2000_s086y_n65_r16_v06_90000.hdf5,A2000,n65,r16,v06,s086y,90000,0.004,1163116,9.832245230488566e+19,11.0,2.13963976617e+19,0.213953358939,2.05491182769e+19,0.205480985543,1.3513081558495178e+18,623.0,7.94558443361e+19,0.794519014457,3.6782778774045008e+19,1.00004962613e+20,2.05491182769e+19,0.205480985543,/rds/general/user/nny124/home/irp-nny124/martian_moon_data/Ma_xp_A2000_s086y_n65_r16_v06_90000.hdf5,particle_level_raw_snapshot_parent_normalized,All raw asteroid particles in the physical snapshot are included in the denominator; all raw bound/captured asteroid particles are included in the numerator. No FoF background or unresolved material is discarded for the particle-level metrics.,Ma_xp_A2000_s086y_n65_r16_v06_90000_fof_0.0040_0000,Ma_xp_A2000_s086y_n65_r16_v06_90000_fof_0.0040_0000.hdf5,/rds/general/ephemeral/user/nny124/ephemeral/martian_moons_data/Ma_xp_A2000_s086y_n65_r16_v06_90000_fof_0.0040_0000.hdf5,462775104,2000,,86.0,y,True,65,16,6,0,PartType0,3162278,634,634,True,kg,9.832245230488566e+19,3.678278371733527e+19,1.0,True,"-1,2147483647",20,3.6706374362146857e+18,0.0373326471699275,9.465181528209898e+19,0.9626673528300724
Ma_xp_A2000_s086y_n65_r20_v00_90000_fof_0.0040_0000.hdf5,Ma_xp_A2000_s086y_n65_r20_v00_90000.hdf5,A2000,n65,r20,v00,s086y,90000,0.004,2850506,9.868749249300003e+19,0.0,5.51811255159e+19,0.551854374969,2.0489664513e+19,0.204912656229,0.0,249.0,7.95025218659e+19,0.795087343771,9.014537809854382e+19,9.99921863789e+19,2.0489664513e+19,0.204912656229,/rds/general/user/nny124/home/irp-nny124/martian_moon_data/Ma_xp_A2000_s086y_n65_r20_v00_90000.hdf5,particle_level_raw_snapshot_parent_normalized,All raw asteroid particles in the physical snapshot are included in the denominator; all raw bound/captured asteroid particles are included in the numerator. No FoF background or unresolved material is discarded for the particle-level metrics.,Ma_xp_A2000_s086y_n65_r20_v00_90000_fof_0.0040_0000,Ma_xp_A2000_s086y_n65_r20_v00_90000_fof_0.0040_0000.hdf5,/rds/general/ephemeral/user/nny124/ephemeral/martian_moons_data/Ma_xp_A2000_s086y_n65_r20_v00_90000_fof_0.0040_0000.hdf5,462775104,2000,,86.0,y,True,65,20,0,0,PartType0,3161874,249,249,True,kg,9.868749249300003e+19,9.01453767886946e+19,1.0,True,"-1,2147483647",20,0.0,0.0,9.86874925051159e+19,1.0
Ma_xp_A2000_s086z_n65_r12_v00_90000_fof_0.0040_0000.hdf5,Ma_xp_A2000_s086z_n65_r12_v00_90000.hdf5,A2000,n65,r12,v00,s086z,90000,0.004,110565,9.989772448645448e+19,118.0,5.27283098857e+19,0.527257266602,4.81090686713e+19,0.481067117481,2.1434030629303247e+18,219.0,5.18958306937e+19,0.518932882519,3.4965454306459617e+18,1.00004899365e+20,4.81090686713e+19,0.481067117481,/rds/general/user/nny124/home/irp-nny124/martian_moon_data/Ma_xp_A2000_s086z_n65_r12_v00_90000.hdf5,particle_level_raw_snapshot_parent_normalized,All raw asteroid particles in the physical snapshot are included in the denominator; all raw bound/captured asteroid particles are included in the numerator. No FoF background or unresolved material is discarded for the particle-level metrics.,Ma_xp_A2000_s086z_n65_r12_v00_90000_fof_0.0040_0000,Ma_xp_A2000_s086z_n65_r12_v00_90000_fof_0.0040_0000.hdf5,/rds/general/ephemeral/user/nny124/ephemeral/martian_moons_data/Ma_xp_A2000_s086z_n65_r12_v00_90000_fof_0.0040_0000.hdf5,462775104,2000,,86.0,z,True,65,12,0,0,PartType0,3162276,337,337,True,kg,9.989772448645448e+19,3.496542664345456e+18,1.0,True,"-1,2147483647",20,2.52111472267804e+19,0.2523695846036912,7.468657724097094e+19,0.7476304153963088
Ma_xp_A2000_s086z_n65_r16_v00_90000_fof_0.0040_0000.hdf5,Ma_xp_A2000_s086z_n65_r16_v00_90000.hdf5,A2000,n65,r16,v00,s086z,90000,0.004,187162,9.992270773453555e+19,103.0,5.00778421148e+19,0.500753570685,4.56116310939e+19,0.456093676774,2.1583297525994324e+18,231.0,5.4393331519099994e+19,0.543906323226,5.918875194575314e+18,1.00004962613e+20,4.56116310939e+19,0.456093676774,/rds/general/user/nny124/home/irp-nny124/martian_moon_data/Ma_xp_A2000_s086z_n65_r16_v00_90000.hdf5,particle_level_raw_snapshot_parent_normalized,All raw asteroid particles in the physical snapshot are included in the denominator; all raw bound/captured asteroid particles are included in the numerator. No FoF background or unresolved material is discarded for the particle-level metrics.,Ma_xp_A2000_s086z_n65_r16_v00_90000_fof_0.0040_0000,Ma_xp_A2000_s086z_n65_r16_v00_90000_fof_0.0040_0000.hdf5,/rds/general/ephemeral/user/nny124/ephemeral/martian_moons_data/Ma_xp_A2000_s086z_n65_r16_v00_90000_fof_0.0040_0000.hdf5,462775104,2000,,86.0,z,True,65,16,0,0,PartType0,3162278,334,334,True,kg,9.992270773453555e+19,5.918877010847529e+18,1.0,True,"-1,2147483647",20,2.0056885385615454e+19,0.2007239980543524,7.98658223126659e+19,0.7992760019456475
Ma_xp_A2000_s086z_n65_r16_v06_90000_fof_0.0040_0000.hdf5,Ma_xp_A2000_s086z_n65_r16_v06_90000.hdf5,A2000,n65,r16,v06,s086z,90000,0.004,232507,9.992229652824475e+19,37.0,3.20725859502e+19,0.320709943908,2.77397031573e+19,0.277383266114,1.854894186126787e+18,229.0,7.226525945569999e+19,0.722616733886,7.352881006089574e+18,1.00004962613e+20,2.77397031573e+19,0.277383266114,/rds/general/user/nny124/home/irp-nny124/martian_moon_data/Ma_xp_A2000_s086z_n65_r16_v06_90000.hdf5,particle_level_raw_snapshot_parent_normalized,All raw asteroid particles in the physical snapshot are included in the denominator; all raw bound/captured asteroid particles are included in the numerator. No FoF background or unresolved material is discarded for the particle-level metrics.,Ma_xp_A2000_s086z_n65_r16_v06_90000_fof_0.0040_0000,Ma_xp_A2000_s086z_n65_r16_v06_90000_fof_0.0040_0000.hdf5,/rds/general/ephemeral/user/nny124/ephemeral/martian_moons_data/Ma_xp_A2000_s086z_n65_r16_v06_90000_fof_0.0040_0000.hdf5,462775104,2000,,86.0,z,True,65,16,6,0,PartType0,3162278,266,266,True,kg,9.992229652824475e+19,7.352882831090865e+18,1.0,True,"-1,2147483647",20,8.137955309175474e+18,0.0814428369599966,9.178434127256938e+19,0.9185571630400036
Ma_xp_A2000_s086z_n65_r20_v00_90000_fof_0.0040_0000.hdf5,Ma_xp_A2000_s086z_n65_r20_v00_90000.hdf5,A2000,n65,r20,v00,s086z,90000,0.004,2261519,9.997061857580974e+19,0.0,4.32081810624e+19,0.432060369139,2.27822395996e+19,0.227811090613,0.0,85.0,7.72227230134e+19,0.772188909387,7.1519051470829674e+19,1.00004962613e+20,2.27822395996e+19,0.227811090613,/rds/general/user/nny124/home/irp-nny124/martian_moon_data/Ma_xp_A2000_s086z_n65_r20_v00_90000.hdf5,particle_level_raw_snapshot_parent_normalized,All raw asteroid particles in the physical snapshot are included in the denominator; all raw bound/captured asteroid particles are included in the numerator. No FoF background or unresolved material is discarded for the particle-level metrics.,Ma_xp_A2000_s086z_n65_r20_v00_90000_fof_0.0040_0000,Ma_xp_A2000_s086z_n65_r20_v00_90000_fof_0.0040_0000.hdf5,/rds/general/ephemeral/user/nny124/ephemeral/martian_moons_data/Ma_xp_A2000_s086z_n65_r20_v00_90000_fof_0.0040_0000.hdf5,462775104,2000,,86.0,z,True,65,20,0,0,PartType0,3162278,85,85,True,kg,9.997061857580974e+19,7.15190476278969e+19,1.0,True,"-1,2147483647",20,0.0,0.0,9.997061857816456e+19,1.0
Ma_xp_A2000_s170mz_n65_r12_v00_90000_fof_0.0040_0000.hdf5,Ma_xp_A2000_s170mz_n65_r12_v00_90000.hdf5,A2000,n65,r12,v00,s170mz,90000,0.004,442695,9.975855855894838e+19,59.0,5.17580697211e+19,0.518351503269,4.13616497465e+19,0.414232475038,2.07468656150713e+18,216.0,5.848964690209999e+19,0.585767524962,1.3978439499963052e+19,9.98512966486e+19,4.13616497465e+19,0.414232475038,/rds/general/user/nny124/home/irp-nny124/martian_moon_data/Ma_xp_A2000_s170mz_n65_r12_v00_90000.hdf5,particle_level_raw_snapshot_parent_normalized,All raw asteroid particles in the physical snapshot are included in the denominator; all raw bound/captured asteroid particles are included in the numerator. No FoF background or unresolved material is discarded for the particle-level metrics.,Ma_xp_A2000_s170mz_n65_r12_v00_90000_fof_0.0040_0000,Ma_xp_A2000_s170mz_n65_r12_v00_90000_fof_0.0040_0000.hdf5,/rds/general/ephemeral/user/nny124/ephemeral/martian_moons_data/Ma_xp_A2000_s170mz_n65_r12_v00_90000_fof_0.0040_0000.hdf5,462775112,2000,,170.0,mz,True,65,12,0,0,PartType0,3162275,275,275,True,kg,9.975855855894838e+19,1.3978432220244548e+19,1.0,True,"-1,2147483647",20,1.4614407265541183e+19,0.146497778965269,8.514415131988215e+19,0.8535022210347312
Ma_xp_A2000_s170mz_n65_r16_v00_90000_fof_0.0040_0000.hdf5,Ma_xp_A2000_s170mz_n65_r16_v00_90000.hdf5,A2000,n65,r16,v00,s170mz,90000,0.004,1892049,9.96408125302772e+19,6.0,3.34714309296e+19,0.335212781937,2.85850475481e+19,0.286276177752,6.684560845962776e+18,171.0,7.126624910049999e+19,0.713723822248,5.9742921147368e+19,9.98512966486e+19,2.85850475481e+19,0.286276177752,/rds/general/user/nny124/home/irp-nny124/martian_moon_data/Ma_xp_A2000_s170mz_n65_r16_v00_90000.hdf5,particle_level_raw_snapshot_parent_normalized,All raw asteroid particles in the physical snapshot are included in the denominator; all raw bound/captured asteroid particles are included in the numerator. No FoF background or unresolved material is discarded for the particle-level metrics.,Ma_xp_A2000_s170mz_n65_r16_v00_90000_fof_0.0040_0000,Ma_xp_A2000_s170mz_n65_r16_v00_90000_fof_0.0040_0000.hdf5,/rds/general/ephemeral/user/nny124/ephemeral/martian_moons_data/Ma_xp_A2000_s170mz_n65_r16_v00_90000_fof_0.0040_0000.hdf5,462775112,2000,,170.0,mz,True,65,16,0,0,PartType0,3162275,177,177,True,kg,9.96408125302772e+19,5.974291936277399e+19,1.0,True,"-1,2147483647",20,6.721220325422648e+18,0.0674544913519442,9.29195921796282e+19,0.932545508648056
Ma_xp_A2000_s170mz_n65_r16_v06_90000_fof_0.0040_0000.hdf5,Ma_xp_A2000_s170mz_n65_r16_v06_90000.hdf5,A2000,n65,r16,v06,s170mz,90000,0.004,2171220,9.981432141471428e+19,0.0,1.14885630199e+19,0.115056723403,442060906493000.0,4.42719244847e-06,0.0,77.0,9.98508545876935e+19,0.9999955728075516,6.855796295581421e+19,9.98512966486e+19,442060906493000.0,4.42719244847e-06,/rds/general/user/nny124/home/irp-nny124/martian_moon_data/Ma_xp_A2000_s170mz_n65_r16_v06_90000.hdf5,particle_level_raw_snapshot_parent_normalized,All raw asteroid particles in the physical snapshot are included in the denominator; all raw bound/captured asteroid particles are included in the numerator. No FoF background or unresolved material is discarded for the particle-level metrics.,Ma_xp_A2000_s170mz_n65_r16_v06_90000_fof_0.0040_0000,Ma_xp_A2000_s170mz_n65_r16_v06_90000_fof_0.0040_0000.hdf5,/rds/general/ephemeral/user/nny124/ephemeral/martian_moons_data/Ma_xp_A2000_s170mz_n65_r16_v06_90000_fof_0.0040_0000.hdf5,462775112,2000,,170.0,mz,True,65,16,6,0,PartType0,3162275,77,77,True,kg,9.981432141471428e+19,6.855796626280916e+19,1.0,True,"-1,2147483647",20,0.0,0.0,9.981432141026112e+19,1.0
Ma_xp_A2000_s170x_n65_r12_v00_90000_fof_0.0040_0000.hdf5,Ma_xp_A2000_s170x_n65_r12_v00_90000.hdf5,A2000,n65,r12,v00,s170x,90000,0.004,251897,9.88648691992344e+19,59.0,5.21133603868e+19,0.521909701085,4.54547232555e+19,0.455224166146,3.4049425564783744e+18,192.0,5.43965733931e+19,0.5447758338540001,7.953844011617172e+18,9.98512966486e+19,4.54547232555e+19,0.455224166146,/rds/general/user/nny124/home/irp-nny124/martian_moon_data/Ma_xp_A2000_s170x_n65_r12_v00_90000.hdf5,particle_level_raw_snapshot_parent_normalized,All raw asteroid particles in the physical snapshot are included in the denominator; all raw bound/captured asteroid particles are included in the numerator. No FoF background or unresolved material is discarded for the particle-level metrics.,Ma_xp_A2000_s170x_n65_r12_v00_90000_fof_0.0040_0000,Ma_xp_A2000_s170x_n65_r12_v00_90000_fof_0.0040_0000.hdf5,/rds/general/ephemeral/user/nny124/ephemeral/martian_moons_data/Ma_xp_A2000_s170x_n65_r12_v00_90000_fof_0.0040_0000.hdf5,462775104,2000,,170.0,x,True,65,12,0,0,PartType0,3162275,251,251,True,kg,9.88648691992344e+19,7.953838407048723e+18,1.0,True,"-1,2147483647",20,2.170863226870417e+19,0.2195788293648734,7.715623704267651e+19,0.7804211706351267
Ma_xp_A2000_s170x_n65_r16_v00_90000_fof_0.0040_0000.hdf5,Ma_xp_A2000_s170x_n65_r16_v00_90000.hdf5,A2000,n65,r16,v00,s170x,90000,0.004,759994,9.95514531294e+19,24.0,4.54830467292e+19,0.455507822691,3.85449008018e+19,0.386023037212,3.1045305947380905e+18,93.0,6.130639584679999e+19,0.6139769627880001,2.399740261239269e+19,9.98512966486e+19,3.85449008018e+19,0.386023037212,/rds/general/user/nny124/home/irp-nny124/martian_moon_data/Ma_xp_A2000_s170x_n65_r16_v00_90000.hdf5,particle_level_raw_snapshot_parent_normalized,All raw asteroid particles in the physical snapshot are included in the denominator; all raw bound/captured asteroid particles are included in the numerator. No FoF background or unresolved material is discarded for the particle-level metrics.,Ma_xp_A2000_s170x_n65_r16_v00_90000_fof_0.0040_0000,Ma_xp_A2000_s170x_n65_r16_v00_90000_fof_0.0040_0000.hdf5,/rds/general/ephemeral/user/nny124/ephemeral/martian_moons_data/Ma_xp_A2000_s170x_n65_r16_v00_90000_fof_0.0040_0000.hdf5,462775104,2000,,170.0,x,True,65,16,0,0,PartType0,3162275,117,117,True,kg,9.95514531294e+19,2.399739825538589e+19,1.0,True,"-1,2147483647",20,1.3169499616883851e+19,0.132288371623546,8.638195343418542e+19,0.8677116283764538
Ma_xp_A2000_s170x_n65_r16_v06_90000_fof_0.0040_0000.hdf5,Ma_xp_A2000_s170x_n65_r16_v06_90000.hdf5,A2000,n65,r16,v06,s170x,90000,0.004,1097119,9.960033233329757e+19,0.0,2.29428978954e+19,0.22977072828,1.8694976766e+19,0.187228241449,0.0,132.0,8.11562883068e+19,0.812771758551,3.464238712030334e+19,9.98512650728e+19,1.8694976766e+19,0.187228241449,/rds/general/user/nny124/home/irp-nny124/martian_moon_data/Ma_xp_A2000_s170x_n65_r16_v06_90000.hdf5,particle_level_raw_snapshot_parent_normalized,All raw asteroid particles in the physical snapshot are included in the denominator; all raw bound/captured asteroid particles are included in the numerator. No FoF background or unresolved material is discarded for the particle-level metrics.,Ma_xp_A2000_s170x_n65_r16_v06_90000_fof_0.0040_0000,Ma_xp_A2000_s170x_n65_r16_v06_90000_fof_0.0040_0000.hdf5,/rds/general/ephemeral/user/nny124/ephemeral/martian_moons_data/Ma_xp_A2000_s170x_n65_r16_v06_90000_fof_0.0040_0000.hdf5,462775104,2000,,170.0,x,True,65,16,6,0,PartType0,3162274,132,132,True,kg,9.960033233329757e+19,3.464238604359146e+19,1.0,True,"-1,2147483647",20,0.0,0.0,9.960033235768082e+19,1.0
Ma_xp_A2000_s170x_n65_r20_v00_90000_fof_0.0040_0000.hdf5,Ma_xp_A2000_s170x_n65_r20_v00_90000.hdf5,A2000,n65,r20,v00,s170x,90000,0.004,2717478,9.98293514908882e+19,0.0,5.41416305532e+19,0.542222608723,1.72354811075e+19,0.172611490146,0.0,10.0,8.261581554109999e+19,0.827388509854,8.58064848588708e+19,9.98512966486e+19,1.72354811075e+19,0.172611490146,/rds/general/user/nny124/home/irp-nny124/martian_moon_data/Ma_xp_A2000_s170x_n65_r20_v00_90000.hdf5,particle_level_raw_snapshot_parent_normalized,All raw asteroid particles in the physical snapshot are included in the denominator; all raw bound/captured asteroid particles are included in the numerator. No FoF background or unresolved material is discarded for the particle-level metrics.,Ma_xp_A2000_s170x_n65_r20_v00_90000_fof_0.0040_0000,Ma_xp_A2000_s170x_n65_r20_v00_90000_fof_0.0040_0000.hdf5,/rds/general/ephemeral/user/nny124/ephemeral/martian_moons_data/Ma_xp_A2000_s170x_n65_r20_v00_90000_fof_0.0040_0000.hdf5,462775104,2000,,170.0,x,True,65,20,0,0,PartType0,3162275,10,10,True,kg,9.98293514908882e+19,8.580648436539775e+19,1.0,True,"-1,2147483647",20,0.0,0.0,9.982935147993652e+19,1.0
Ma_xp_A2000_s170y_n65_r12_v00_90000_fof_0.0040_0000.hdf5,Ma_xp_A2000_s170y_n65_r12_v00_90000.hdf5,A2000,n65,r12,v00,s170y,90000,0.004,304486,9.89983716865251e+19,66.0,5.08694957233e+19,0.50945253022,4.79300117256e+19,0.480013914033,3.433202878714821e+18,165.0,5.1921284923e+19,0.519986085967,9.61438265529594e+18,9.98512966486e+19,4.79300117256e+19,0.480013914033,/rds/general/user/nny124/home/irp-nny124/martian_moon_data/Ma_xp_A2000_s170y_n65_r12_v00_90000.hdf5,particle_level_raw_snapshot_parent_normalized,All raw asteroid particles in the physical snapshot are included in the denominator; all raw bound/captured asteroid particles are included in the numerator. No FoF background or unresolved material is discarded for the particle-level metrics.,Ma_xp_A2000_s170y_n65_r12_v00_90000_fof_0.0040_0000,Ma_xp_A2000_s170y_n65_r12_v00_90000_fof_0.0040_0000.hdf5,/rds/general/ephemeral/user/nny124/ephemeral/martian_moons_data/Ma_xp_A2000_s170y_n65_r12_v00_90000_fof_0.0040_0000.hdf5,462775104,2000,,170.0,y,True,65,12,0,0,PartType0,3162275,231,231,True,kg,9.89983716865251e+19,9.614380548764033e+18,1.0,True,"-1,2147483647",20,1.8652728373684113e+19,0.1884144966468572,8.034564333146482e+19,0.8115855033531426
Ma_xp_A2000_s170y_n65_r16_v00_90000_fof_0.0040_0000.hdf5,Ma_xp_A2000_s170y_n65_r16_v00_90000.hdf5,A2000,n65,r16,v00,s170y,90000,0.004,685234,9.954270662402082e+19,44.0,4.58591142576e+19,0.459274098552,4.11946138754e+19,0.412559628748,2.9203806514051773e+18,76.0,5.8656682773199995e+19,0.587440371252,2.163679737157281e+19,9.98512966486e+19,4.11946138754e+19,0.412559628748,/rds/general/user/nny124/home/irp-nny124/martian_moon_data/Ma_xp_A2000_s170y_n65_r16_v00_90000.hdf5,particle_level_raw_snapshot_parent_normalized,All raw asteroid particles in the physical snapshot are included in the denominator; all raw bound/captured asteroid particles are included in the numerator. No FoF background or unresolved material is discarded for the particle-level metrics.,Ma_xp_A2000_s170y_n65_r16_v00_90000_fof_0.0040_0000,Ma_xp_A2000_s170y_n65_r16_v00_90000_fof_0.0040_0000.hdf5,/rds/general/ephemeral/user/nny124/ephemeral/martian_moons_data/Ma_xp_A2000_s170y_n65_r16_v00_90000_fof_0.0040_0000.hdf5,462775104,2000,,170.0,y,True,65,16,0,0,PartType0,3162275,120,120,True,kg,9.954270662402082e+19,2.1636793403298763e+19,1.0,True,"-1,2147483647",20,1.2386199266354498e+19,0.1244310074980451,8.71565072937374e+19,0.8755689925019551
Ma_xp_A2000_s170y_n65_r16_v06_90000_fof_0.0040_0000.hdf5,Ma_xp_A2000_s170y_n65_r16_v06_90000.hdf5,A2000,n65,r16,v06,s170y,90000,0.004,971610,9.963500258637011e+19,3.0,2.04462326229e+19,0.204766821355,1.9175560123e+19,0.19204117289,1547213172725016.2,64.0,8.06757365256e+19,0.80795882711,3.0679342669125415e+19,9.98512966486e+19,1.9175560123e+19,0.19204117289,/rds/general/user/nny124/home/irp-nny124/martian_moon_data/Ma_xp_A2000_s170y_n65_r16_v06_90000.hdf5,particle_level_raw_snapshot_parent_normalized,All raw asteroid particles in the physical snapshot are included in the denominator; all raw bound/captured asteroid particles are included in the numerator. No FoF background or unresolved material is discarded for the particle-level metrics.,Ma_xp_A2000_s170y_n65_r16_v06_90000_fof_0.0040_0000,Ma_xp_A2000_s170y_n65_r16_v06_90000_fof_0.0040_0000.hdf5,/rds/general/ephemeral/user/nny124/ephemeral/martian_moons_data/Ma_xp_A2000_s170y_n65_r16_v06_90000_fof_0.0040_0000.hdf5,462775104,2000,,170.0,y,True,65,16,6,0,PartType0,3162275,67,67,True,kg,9.963500258637011e+19,3.067933958069327e+19,1.0,True,"-1,2147483647",20,4546912181069435.0,4.563569091297771e-05,9.96304556506135e+19,0.9999543643090868
Ma_xp_A2000_s170y_n65_r20_v00_90000_fof_0.0040_0000.hdf5,Ma_xp_A2000_s170y_n65_r20_v00_90000.hdf5,A2000,n65,r20,v00,s170y,90000,0.004,2808623,9.97216466117362e+19,0.0,5.30608547883e+19,0.531398755643,1.98463559728e+19,0.198759121202,0.0,21.0,8.000494067579999e+19,0.801240878798,8.86844592388416e+19,9.98512966486e+19,1.98463559728e+19,0.198759121202,/rds/general/user/nny124/home/irp-nny124/martian_moon_data/Ma_xp_A2000_s170y_n65_r20_v00_90000.hdf5,particle_level_raw_snapshot_parent_normalized,All raw asteroid particles in the physical snapshot are included in the denominator; all raw bound/captured asteroid particles are included in the numerator. No FoF background or unresolved material is discarded for the particle-level metrics.,Ma_xp_A2000_s170y_n65_r20_v00_90000_fof_0.0040_0000,Ma_xp_A2000_s170y_n65_r20_v00_90000_fof_0.0040_0000.hdf5,/rds/general/ephemeral/user/nny124/ephemeral/martian_moons_data/Ma_xp_A2000_s170y_n65_r20_v00_90000_fof_0.0040_0000.hdf5,462775104,2000,,170.0,y,True,65,20,0,0,PartType0,3162275,21,21,True,kg,9.97216466117362e+19,8.868445880406956e+19,1.0,True,"-1,2147483647",20,0.0,0.0,9.97216464974614e+19,1.0
Ma_xp_A2000_s170z_n65_r12_v00_90000_fof_0.0040_0000.hdf5,Ma_xp_A2000_s170z_n65_r12_v00_90000.hdf5,A2000,n65,r12,v00,s170z,90000,0.004,176296,9.97480122646672e+19,99.0,5.12353011234e+19,0.513116031971,4.72574160564e+19,0.473277940723,2.9668917739239327e+18,224.0,5.259388059219999e+19,0.526722059277,5.566683540781856e+18,9.98512966486e+19,4.72574160564e+19,0.473277940723,/rds/general/user/nny124/home/irp-nny124/martian_moon_data/Ma_xp_A2000_s170z_n65_r12_v00_90000.hdf5,particle_level_raw_snapshot_parent_normalized,All raw asteroid particles in the physical snapshot are included in the denominator; all raw bound/captured asteroid particles are included in the numerator. No FoF background or unresolved material is discarded for the particle-level metrics.,Ma_xp_A2000_s170z_n65_r12_v00_90000_fof_0.0040_0000,Ma_xp_A2000_s170z_n65_r12_v00_90000_fof_0.0040_0000.hdf5,/rds/general/ephemeral/user/nny124/ephemeral/martian_moons_data/Ma_xp_A2000_s170z_n65_r12_v00_90000_fof_0.0040_0000.hdf5,462775104,2000,,170.0,z,True,65,12,0,0,PartType0,3162275,323,323,True,kg,9.97480122646672e+19,5.566685988328826e+18,1.0,True,"-1,2147483647",20,2.3374033582366e+19,0.2343308207271615,7.637397869289973e+19,0.7656691792728385
Ma_xp_A2000_s170z_n65_r16_v00_90000_fof_0.0040_0000.hdf5,Ma_xp_A2000_s170z_n65_r16_v00_90000.hdf5,A2000,n65,r16,v00,s170z,90000,0.004,396758,9.977396750638993e+19,82.0,4.94708781667e+19,0.495445525769,4.24240168321e+19,0.424871967176,1.71023891988359e+18,188.0,5.7427279816499995e+19,0.575128032824,1.252794293842601e+19,9.98512966486e+19,4.24240168321e+19,0.424871967176,/rds/general/user/nny124/home/irp-nny124/martian_moon_data/Ma_xp_A2000_s170z_n65_r16_v00_90000.hdf5,particle_level_raw_snapshot_parent_normalized,All raw asteroid particles in the physical snapshot are included in the denominator; all raw bound/captured asteroid particles are included in the numerator. No FoF background or unresolved material is discarded for the particle-level metrics.,Ma_xp_A2000_s170z_n65_r16_v00_90000_fof_0.0040_0000,Ma_xp_A2000_s170z_n65_r16_v00_90000_fof_0.0040_0000.hdf5,/rds/general/ephemeral/user/nny124/ephemeral/martian_moons_data/Ma_xp_A2000_s170z_n65_r16_v00_90000_fof_0.0040_0000.hdf5,462775104,2000,,170.0,z,True,65,16,0,0,PartType0,3162275,270,270,True,kg,9.977396750638993e+19,1.252794280434833e+19,1.0,True,"-1,2147483647",20,1.7830779269627402e+19,0.1787117391909147,8.194318829597881e+19,0.8212882608090852
Ma_xp_A2000_s170z_n65_r16_v06_90000_fof_0.0040_0000.hdf5,Ma_xp_A2000_s170z_n65_r16_v06_90000.hdf5,A2000,n65,r16,v06,s170z,90000,0.004,535750,9.977734614675512e+19,20.0,2.85349999383e+19,0.285775408172,2.43670286815e+19,0.244033558172,2.0144399751080904e+18,209.0,7.54841100882e+19,0.755966441828,1.6916723618077633e+19,9.98511387697e+19,2.43670286815e+19,0.244033558172,/rds/general/user/nny124/home/irp-nny124/martian_moon_data/Ma_xp_A2000_s170z_n65_r16_v06_90000.hdf5,particle_level_raw_snapshot_parent_normalized,All raw asteroid particles in the physical snapshot are included in the denominator; all raw bound/captured asteroid particles are included in the numerator. No FoF background or unresolved material is discarded for the particle-level metrics.,Ma_xp_A2000_s170z_n65_r16_v06_90000_fof_0.0040_0000,Ma_xp_A2000_s170z_n65_r16_v06_90000_fof_0.0040_0000.hdf5,/rds/general/ephemeral/user/nny124/ephemeral/martian_moons_data/Ma_xp_A2000_s170z_n65_r16_v06_90000_fof_0.0040_0000.hdf5,462775104,2000,,170.0,z,True,65,16,6,0,PartType0,3162270,229,229,True,kg,9.977734614675512e+19,1.69167216250087e+19,1.0,True,"-1,2147483647",20,5.515215020962289e+18,0.0552752226076259,9.426213115297051e+19,0.944724777392374
Ma_xp_A2000_s170z_n65_r20_v00_90000_fof_0.0040_0000.hdf5,Ma_xp_A2000_s170z_n65_r20_v00_90000.hdf5,A2000,n65,r20,v00,s170z,90000,0.004,2692248,9.98009332754744e+19,0.0,5.71583489064e+19,0.572434899696,3.36467712306e+19,0.336968902758,0.0,8.0,6.62044938422e+19,0.6630310972419999,8.500982795386598e+19,9.98512650728e+19,3.36467712306e+19,0.336968902758,/rds/general/user/nny124/home/irp-nny124/martian_moon_data/Ma_xp_A2000_s170z_n65_r20_v00_90000.hdf5,particle_level_raw_snapshot_parent_normalized,All raw asteroid particles in the physical snapshot are included in the denominator; all raw bound/captured asteroid particles are included in the numerator. No FoF background or unresolved material is discarded for the particle-level metrics.,Ma_xp_A2000_s170z_n65_r20_v00_90000_fof_0.0040_0000,Ma_xp_A2000_s170z_n65_r20_v00_90000_fof_0.0040_0000.hdf5,/rds/general/ephemeral/user/nny124/ephemeral/martian_moons_data/Ma_xp_A2000_s170z_n65_r20_v00_90000_fof_0.0040_0000.hdf5,462775104,2000,,170.0,z,True,65,20,0,0,PartType0,3162274,8,8,True,kg,9.98009332754744e+19,8.500982876142508e+19,1.0,True,"-1,2147483647",20,0.0,0.0,9.980093327885638e+19,1.0
Ma_xp_A2000c30_n65_r12_v00_90000_fof_0.0040_0000.hdf5,Ma_xp_A2000c30_n65_r12_v00_90000.hdf5,A2000c30,n65,r12,v00,,90000,0.004,945886,9.989343606142368e+19,102.0,4.57151228716e+19,0.457320555447,4.30079229853e+19,0.430238529239,1.8614501713851963e+18,118.0,5.695505118480001e+19,0.5697614707609999,2.958844601101288e+19,9.99629741701e+19,4.30079229853e+19,0.430238529239,/rds/general/user/nny124/home/irp-nny124/martian_moon_data/Ma_xp_A2000c30_n65_r12_v00_90000.hdf5,particle_level_raw_snapshot_parent_normalized,All raw asteroid particles in the physical snapshot are included in the denominator; all raw bound/captured asteroid particles are included in the numerator. No FoF background or unresolved material is discarded for the particle-level metrics.,Ma_xp_A2000c30_n65_r12_v00_90000_fof_0.0040_0000,Ma_xp_A2000c30_n65_r12_v00_90000_fof_0.0040_0000.hdf5,/rds/general/ephemeral/user/nny124/ephemeral/martian_moons_data/Ma_xp_A2000c30_n65_r12_v00_90000_fof_0.0040_0000.hdf5,462775104,2000,c30,,,False,65,12,0,0,PartType0,3195625,220,220,True,kg,9.989343606142368e+19,2.958843857131575e+19,1.0,True,"-1,2147483647",20,1.6140753398481795e+19,0.1615797196852508,8.375268267086635e+19,0.8384202803147495
Ma_xp_A2000c30_n65_r12_v02_90000_fof_0.0040_0000.hdf5,Ma_xp_A2000c30_n65_r12_v02_90000.hdf5,A2000c30,n65,r12,v02,,90000,0.004,919132,9.98223651545249e+19,94.0,4.19047603029e+19,0.419203472253,4.12562385331e+19,0.412715842309,2.707888072600251e+18,107.0,5.8706579230999994e+19,0.587284157691,2.875154887483925e+19,9.99628177641e+19,4.12562385331e+19,0.412715842309,/rds/general/user/nny124/home/irp-nny124/martian_moon_data/Ma_xp_A2000c30_n65_r12_v02_90000.hdf5,particle_level_raw_snapshot_parent_normalized,All raw asteroid particles in the physical snapshot are included in the denominator; all raw bound/captured asteroid particles are included in the numerator. No FoF background or unresolved material is discarded for the particle-level metrics.,Ma_xp_A2000c30_n65_r12_v02_90000_fof_0.0040_0000,Ma_xp_A2000c30_n65_r12_v02_90000_fof_0.0040_0000.hdf5,/rds/general/ephemeral/user/nny124/ephemeral/martian_moons_data/Ma_xp_A2000c30_n65_r12_v02_90000_fof_0.0040_0000.hdf5,462775104,2000,c30,,,False,65,12,2,0,PartType0,3195620,201,201,True,kg,9.98223651545249e+19,2.875154366543253e+19,1.0,True,"-1,2147483647",20,1.5689772385815538e+19,0.1571769247890623,8.413259280469724e+19,0.8428230752109378
Ma_xp_A2000c30_n65_r12_v04_90000_fof_0.0040_0000.hdf5,Ma_xp_A2000c30_n65_r12_v04_90000.hdf5,A2000c30,n65,r12,v04,,90000,0.004,1075346,9.989127758709096e+19,84.0,3.77359152201e+19,0.377498924311,3.68242247426e+19,0.368378642676,2.250369289821423e+18,128.0,6.313874942750001e+19,0.6316213573239999,3.3638109734158504e+19,9.99629741701e+19,3.68242247426e+19,0.368378642676,/rds/general/user/nny124/home/irp-nny124/martian_moon_data/Ma_xp_A2000c30_n65_r12_v04_90000.hdf5,particle_level_raw_snapshot_parent_normalized,All raw asteroid particles in the physical snapshot are included in the denominator; all raw bound/captured asteroid particles are included in the numerator. No FoF background or unresolved material is discarded for the particle-level metrics.,Ma_xp_A2000c30_n65_r12_v04_90000_fof_0.0040_0000,Ma_xp_A2000c30_n65_r12_v04_90000_fof_0.0040_0000.hdf5,/rds/general/ephemeral/user/nny124/ephemeral/martian_moons_data/Ma_xp_A2000c30_n65_r12_v04_90000_fof_0.0040_0000.hdf5,462775104,2000,c30,,,False,65,12,4,0,PartType0,3195625,212,212,True,kg,9.989127758709096e+19,3.36381018737525e+19,1.0,True,"-1,2147483647",20,1.4759907533025427e+19,0.1477597231491922,8.513137013350367e+19,0.8522402768508078
Ma_xp_A2000c30_n65_r12_v06_90000_fof_0.0040_0000.hdf5,Ma_xp_A2000c30_n65_r12_v06_90000.hdf5,A2000c30,n65,r12,v06,,90000,0.004,1199461,9.967305930052048e+19,42.0,2.24414120356e+19,0.224497593581,1.68779573609e+19,0.168842352971,2.4505689486331807e+18,252.0,8.30848604032e+19,0.831157647029,3.7520575461010194e+19,9.99628177641e+19,1.68779573609e+19,0.168842352971,/rds/general/user/nny124/home/irp-nny124/martian_moon_data/Ma_xp_A2000c30_n65_r12_v06_90000.hdf5,particle_level_raw_snapshot_parent_normalized,All raw asteroid particles in the physical snapshot are included in the denominator; all raw bound/captured asteroid particles are included in the numerator. No FoF background or unresolved material is discarded for the particle-level metrics.,Ma_xp_A2000c30_n65_r12_v06_90000_fof_0.0040_0000,Ma_xp_A2000c30_n65_r12_v06_90000_fof_0.0040_0000.hdf5,/rds/general/ephemeral/user/nny124/ephemeral/martian_moons_data/Ma_xp_A2000c30_n65_r12_v06_90000_fof_0.0040_0000.hdf5,462775104,2000,c30,,,False,65,12,6,0,PartType0,3195620,294,294,True,kg,9.967305930052048e+19,3.752055178895193e+19,1.0,True,"-1,2147483647",20,1.220880081823372e+19,0.1224884719457494,8.746425921994716e+19,0.8775115280542504
Ma_xp_A2000c30_n65_r12_v08_90000_fof_0.0040_0000.hdf5,Ma_xp_A2000c30_n65_r12_v08_90000.hdf5,A2000c30,n65,r12,v08,,90000,0.004,1316817,9.969827253378553e+19,10.0,1.51138229924e+19,0.151194210835,1.48257544521e+19,0.148312458439,8.569796644986257e+17,303.0,8.5137219718e+19,0.851687541561,4.1191611579452015e+19,9.99629741701e+19,1.48257544521e+19,0.148312458439,/rds/general/user/nny124/home/irp-nny124/martian_moon_data/Ma_xp_A2000c30_n65_r12_v08_90000.hdf5,particle_level_raw_snapshot_parent_normalized,All raw asteroid particles in the physical snapshot are included in the denominator; all raw bound/captured asteroid particles are included in the numerator. No FoF background or unresolved material is discarded for the particle-level metrics.,Ma_xp_A2000c30_n65_r12_v08_90000_fof_0.0040_0000,Ma_xp_A2000c30_n65_r12_v08_90000_fof_0.0040_0000.hdf5,/rds/general/ephemeral/user/nny124/ephemeral/martian_moons_data/Ma_xp_A2000c30_n65_r12_v08_90000_fof_0.0040_0000.hdf5,462775104,2000,c30,,,False,65,12,8,0,PartType0,3195625,313,313,True,kg,9.969827253378553e+19,4.119158949796794e+19,1.0,True,"-1,2147483647",20,2.334797239688498e+18,0.0234186328094835,9.73634754426946e+19,0.9765813671905164
Ma_xp_A2000c30_n65_r12_v10_90000_fof_0.0040_0000.hdf5,Ma_xp_A2000c30_n65_r12_v10_90000.hdf5,A2000c30,n65,r12,v10,,90000,0.004,1396577,9.984764031976487e+19,0.0,1.04175456522e+19,0.104214042636,6.8708522904e+18,0.0687339722277,0.0,206.0,9.309212187970001e+19,0.9312660277722999,4.368659982723585e+19,9.99629741701e+19,6.8708522904e+18,0.0687339722277,/rds/general/user/nny124/home/irp-nny124/martian_moon_data/Ma_xp_A2000c30_n65_r12_v10_90000.hdf5,particle_level_raw_snapshot_parent_normalized,All raw asteroid particles in the physical snapshot are included in the denominator; all raw bound/captured asteroid particles are included in the numerator. No FoF background or unresolved material is discarded for the particle-level metrics.,Ma_xp_A2000c30_n65_r12_v10_90000_fof_0.0040_0000,Ma_xp_A2000c30_n65_r12_v10_90000_fof_0.0040_0000.hdf5,/rds/general/ephemeral/user/nny124/ephemeral/martian_moons_data/Ma_xp_A2000c30_n65_r12_v10_90000_fof_0.0040_0000.hdf5,462775104,2000,c30,,,False,65,12,10,0,PartType0,3195625,206,206,True,kg,9.984764031976487e+19,4.36865728408905e+19,1.0,True,"-1,2147483647",20,0.0,0.0,9.984764039635336e+19,1.0
Ma_xp_A2000c30_n65_r14_v00_90000_fof_0.0040_0000.hdf5,Ma_xp_A2000c30_n65_r14_v00_90000.hdf5,A2000c30,n65,r14,v00,,90000,0.004,1971134,9.940970335008796e+19,99.0,5.182211962e+19,0.518413142969,3.1865466881e+19,0.318772697047,1.9241689707469463e+18,200.0,6.809750728910001e+19,0.681227302953,6.165943035233535e+19,9.99629741701e+19,3.1865466881e+19,0.318772697047,/rds/general/user/nny124/home/irp-nny124/martian_moon_data/Ma_xp_A2000c30_n65_r14_v00_90000.hdf5,particle_level_raw_snapshot_parent_normalized,All raw asteroid particles in the physical snapshot are included in the denominator; all raw bound/captured asteroid particles are included in the numerator. No FoF background or unresolved material is discarded for the particle-level metrics.,Ma_xp_A2000c30_n65_r14_v00_90000_fof_0.0040_0000,Ma_xp_A2000c30_n65_r14_v00_90000_fof_0.0040_0000.hdf5,/rds/general/ephemeral/user/nny124/ephemeral/martian_moons_data/Ma_xp_A2000c30_n65_r14_v00_90000_fof_0.0040_0000.hdf5,462775104,2000,c30,,,False,65,14,0,0,PartType0,3195625,299,299,True,kg,9.940970335008796e+19,6.1659409606737895e+19,1.0,True,"-1,2147483647",20,1.5526296851918524e+19,0.156184922428457,8.388340678980523e+19,0.8438150775715431
Ma_xp_A2000c30_n65_r16_v00_90000_fof_0.0040_0000.hdf5,Ma_xp_A2000c30_n65_r16_v00_90000.hdf5,A2000c30,n65,r16,v00,,90000,0.004,2379832,9.974947989099884e+19,67.0,4.58991501517e+19,0.459161509877,2.35070060009e+19,0.235157128887,2.3113363421686257e+18,147.0,7.645596816920001e+19,0.764842871113,7.444399287623806e+19,9.99629741701e+19,2.35070060009e+19,0.235157128887,/rds/general/user/nny124/home/irp-nny124/martian_moon_data/Ma_xp_A2000c30_n65_r16_v00_90000.hdf5,particle_level_raw_snapshot_parent_normalized,All raw asteroid particles in the physical snapshot are included in the denominator; all raw bound/captured asteroid particles are included in the numerator. No FoF background or unresolved material is discarded for the particle-level metrics.,Ma_xp_A2000c30_n65_r16_v00_90000_fof_0.0040_0000,Ma_xp_A2000c30_n65_r16_v00_90000_fof_0.0040_0000.hdf5,/rds/general/ephemeral/user/nny124/ephemeral/martian_moons_data/Ma_xp_A2000c30_n65_r16_v00_90000_fof_0.0040_0000.hdf5,462775104,2000,c30,,,False,65,16,0,0,PartType0,3195625,214,214,True,kg,9.974947989099884e+19,7.44439796126748e+19,1.0,True,"-1,2147483647",20,1.0595535661380977e+19,0.1062214626224432,8.915394433817489e+19,0.8937785373775565
Ma_xp_A2000c30_n65_r16_v02_90000_fof_0.0040_0000.hdf5,Ma_xp_A2000c30_n65_r16_v02_90000.hdf5,A2000c30,n65,r16,v02,,90000,0.004,885248,9.988633520577312e+19,115.0,4.22870165264e+19,0.423026794446,4.10950152454e+19,0.411102366517,3.1033136799510574e+18,102.0,5.886795892470001e+19,0.5888976334830001,2.7691616806284743e+19,9.99629741701e+19,4.10950152454e+19,0.411102366517,/rds/general/user/nny124/home/irp-nny124/martian_moon_data/Ma_xp_A2000c30_n65_r16_v02_90000.hdf5,particle_level_raw_snapshot_parent_normalized,All raw asteroid particles in the physical snapshot are included in the denominator; all raw bound/captured asteroid particles are included in the numerator. No FoF background or unresolved material is discarded for the particle-level metrics.,Ma_xp_A2000c30_n65_r16_v02_90000_fof_0.0040_0000,Ma_xp_A2000c30_n65_r16_v02_90000_fof_0.0040_0000.hdf5,/rds/general/ephemeral/user/nny124/ephemeral/martian_moons_data/Ma_xp_A2000c30_n65_r16_v02_90000_fof_0.0040_0000.hdf5,462775104,2000,c30,,,False,65,16,2,0,PartType0,3195625,217,217,True,kg,9.988633520577312e+19,2.7691614439198126e+19,1.0,True,"-1,2147483647",20,1.6004336099723893e+19,0.1602254809090363,8.388199913811463e+19,0.8397745190909639
Ma_xp_A2000c30_n65_r16_v04_90000_fof_0.0040_0000.hdf5,Ma_xp_A2000c30_n65_r16_v04_90000.hdf5,A2000c30,n65,r16,v04,,90000,0.004,1078146,9.979017671535849e+19,79.0,4.07634032793e+19,0.40778501858,3.47084584421e+19,0.347213142969,2.7691366557181117e+18,202.0,6.525451572800001e+19,0.652786857031,3.372569708488311e+19,9.99629741701e+19,3.47084584421e+19,0.347213142969,/rds/general/user/nny124/home/irp-nny124/martian_moon_data/Ma_xp_A2000c30_n65_r16_v04_90000.hdf5,particle_level_raw_snapshot_parent_normalized,All raw asteroid particles in the physical snapshot are included in the denominator; all raw bound/captured asteroid particles are included in the numerator. No FoF background or unresolved material is discarded for the particle-level metrics.,Ma_xp_A2000c30_n65_r16_v04_90000_fof_0.0040_0000,Ma_xp_A2000c30_n65_r16_v04_90000_fof_0.0040_0000.hdf5,/rds/general/ephemeral/user/nny124/ephemeral/martian_moons_data/Ma_xp_A2000c30_n65_r16_v04_90000_fof_0.0040_0000.hdf5,462775104,2000,c30,,,False,65,16,4,0,PartType0,3195625,281,281,True,kg,9.979017671535849e+19,3.3725690212766343e+19,1.0,True,"-1,2147483647",20,1.4818684901609734e+19,0.1484984331227441,8.497149193723322e+19,0.8515015668772559
Ma_xp_A2000c30_n65_r16_v06_90000_fof_0.0040_0000.hdf5,Ma_xp_A2000c30_n65_r16_v06_90000.hdf5,A2000c30,n65,r16,v06,,90000,0.004,1162817,9.949876122600137e+19,25.0,1.1356482052e+19,0.113606884412,1.06455542949e+19,0.106494973597,6.75705129684248e+17,265.0,8.93174198752e+19,0.893505026403,3.637430728959857e+19,9.99629741701e+19,1.06455542949e+19,0.106494973597,/rds/general/user/nny124/home/irp-nny124/martian_moon_data/Ma_xp_A2000c30_n65_r16_v06_90000.hdf5,particle_level_raw_snapshot_parent_normalized,All raw asteroid particles in the physical snapshot are included in the denominator; all raw bound/captured asteroid particles are included in the numerator. No FoF background or unresolved material is discarded for the particle-level metrics.,Ma_xp_A2000c30_n65_r16_v06_90000_fof_0.0040_0000,Ma_xp_A2000c30_n65_r16_v06_90000_fof_0.0040_0000.hdf5,/rds/general/ephemeral/user/nny124/ephemeral/martian_moons_data/Ma_xp_A2000c30_n65_r16_v06_90000_fof_0.0040_0000.hdf5,462775104,2000,c30,,,False,65,16,6,0,PartType0,3195625,290,290,True,kg,9.949876122600137e+19,3.6374294029090546e+19,1.0,True,"-1,2147483647",20,3.5169136625745326e+18,0.03534630602225,9.598184754773932e+19,0.9646536939777504
,Ma_xp_A2000c30_n65_r16_v08_90000.hdf5,A2000c30,n65,r16,v08,,90000,0.004,1312020,9.96817876247826e+19,,7.84767021941e+18,0.0785057696069,6.98537275148e+18,0.069879601017,,,9.297760141862001e+19,0.930120398983,,9.99629741701e+19,6.98537275148e+18,0.069879601017,/rds/general/user/nny124/home/irp-nny124/martian_moon_data/Ma_xp_A2000c30_n65_r16_v08_90000.hdf5,particle_level_raw_snapshot_parent_normalized,All raw asteroid particles in the physical snapshot are included in the denominator; all raw bound/captured asteroid particles are included in the numerator. No FoF background or unresolved material is discarded for the particle-level metrics.,Ma_xp_A2000c30_n65_r16_v08_90000_fof_0.0040_0000,Ma_xp_A2000c30_n65_r16_v08_90000_fof_0.0040_0000.hdf5,/rds/general/ephemeral/user/nny124/ephemeral/martian_moons_data/Ma_xp_A2000c30_n65_r16_v08_90000_fof_0.0040_0000.hdf5,462775104,2000,c30,,,False,65,16,8,0,PartType0,3195621,271,271,True,kg,9.96817876247826e+19,4.104153419718271e+19,1.0,True,"-1,2147483647",20,,,,
Ma_xp_A2000c30_n65_r16_v10_90000_fof_0.0040_0000.hdf5,Ma_xp_A2000c30_n65_r16_v10_90000.hdf5,A2000c30,n65,r16,v10,,90000,0.004,1405415,9.991583339283816e+19,0.0,1.09185452984e+19,0.109225894778,6.51349589942e+18,0.0651590846861,0.0,169.0,9.344947827068e+19,0.9348409153139,4.3963063043558736e+19,9.99629741701e+19,6.51349589942e+18,0.0651590846861,/rds/general/user/nny124/home/irp-nny124/martian_moon_data/Ma_xp_A2000c30_n65_r16_v10_90000.hdf5,particle_level_raw_snapshot_parent_normalized,All raw asteroid particles in the physical snapshot are included in the denominator; all raw bound/captured asteroid particles are included in the numerator. No FoF background or unresolved material is discarded for the particle-level metrics.,Ma_xp_A2000c30_n65_r16_v10_90000_fof_0.0040_0000,Ma_xp_A2000c30_n65_r16_v10_90000_fof_0.0040_0000.hdf5,/rds/general/ephemeral/user/nny124/ephemeral/martian_moons_data/Ma_xp_A2000c30_n65_r16_v10_90000_fof_0.0040_0000.hdf5,462775104,2000,c30,,,False,65,16,10,0,PartType0,3195625,169,169,True,kg,9.991583339283816e+19,4.3963035792584065e+19,1.0,True,"-1,2147483647",20,0.0,0.0,9.991583340508678e+19,1.0
Ma_xp_A2000c30_n65_r18_v00_90000_fof_0.0040_0000.hdf5,Ma_xp_A2000c30_n65_r18_v00_90000.hdf5,A2000c30,n65,r18,v00,,90000,0.004,2948418,9.968263201285136e+19,3.0,4.58892340124e+19,0.459062311754,1.71246721591e+19,0.171310150597,2.181488094711911e+18,118.0,8.283830201100001e+19,0.828689849403,9.22300433805752e+19,9.99629741701e+19,1.71246721591e+19,0.171310150597,/rds/general/user/nny124/home/irp-nny124/martian_moon_data/Ma_xp_A2000c30_n65_r18_v00_90000.hdf5,particle_level_raw_snapshot_parent_normalized,All raw asteroid particles in the physical snapshot are included in the denominator; all raw bound/captured asteroid particles are included in the numerator. No FoF background or unresolved material is discarded for the particle-level metrics.,Ma_xp_A2000c30_n65_r18_v00_90000_fof_0.0040_0000,Ma_xp_A2000c30_n65_r18_v00_90000_fof_0.0040_0000.hdf5,/rds/general/ephemeral/user/nny124/ephemeral/martian_moons_data/Ma_xp_A2000c30_n65_r18_v00_90000_fof_0.0040_0000.hdf5,462775104,2000,c30,,,False,65,18,0,0,PartType0,3195625,121,121,True,kg,9.968263201285136e+19,9.223004328099172e+19,1.0,True,"-1,2147483647",20,2.1938754486008512e+18,0.0220086027294355,9.74887566371989e+19,0.977991397270564
Ma_xp_A2000c30_n65_r20_v00_90000_fof_0.0040_0000.hdf5,Ma_xp_A2000c30_n65_r20_v00_90000.hdf5,A2000c30,n65,r20,v00,,90000,0.004,3124345,9.95102423414795e+19,0.0,5.29639145804e+19,0.529835321729,1.17647642312e+19,0.117691218463,0.0,174.0,8.819820993890001e+19,0.882308781537,9.773325047163357e+19,9.99629741701e+19,1.17647642312e+19,0.117691218463,/rds/general/user/nny124/home/irp-nny124/martian_moon_data/Ma_xp_A2000c30_n65_r20_v00_90000.hdf5,particle_level_raw_snapshot_parent_normalized,All raw asteroid particles in the physical snapshot are included in the denominator; all raw bound/captured asteroid particles are included in the numerator. No FoF background or unresolved material is discarded for the particle-level metrics.,Ma_xp_A2000c30_n65_r20_v00_90000_fof_0.0040_0000,Ma_xp_A2000c30_n65_r20_v00_90000_fof_0.0040_0000.hdf5,/rds/general/ephemeral/user/nny124/ephemeral/martian_moons_data/Ma_xp_A2000c30_n65_r20_v00_90000_fof_0.0040_0000.hdf5,462775104,2000,c30,,,False,65,20,0,0,PartType0,3195625,174,174,True,kg,9.95102423414795e+19,9.773325456868344e+19,1.0,True,"-1,2147483647",20,0.0,0.0,9.951024141195947e+19,1.0
Ma_xp_A2000c30_n65_r22_v00_90000_fof_0.0040_0000.hdf5,Ma_xp_A2000c30_n65_r22_v00_90000.hdf5,A2000c30,n65,r22,v00,,90000,0.004,3195625,9.99629741693465e+19,0.0,5.10942374543e+19,0.511131625269,8.77531410723e+17,0.00877856444358,0.0,1.0,9.908544275937701e+19,0.99122143555642,9.996297417209251e+19,9.99629741701e+19,8.77531410723e+17,0.00877856444358,/rds/general/user/nny124/home/irp-nny124/martian_moon_data/Ma_xp_A2000c30_n65_r22_v00_90000.hdf5,particle_level_raw_snapshot_parent_normalized,All raw asteroid particles in the physical snapshot are included in the denominator; all raw bound/captured asteroid particles are included in the numerator. No FoF background or unresolved material is discarded for the particle-level metrics.,Ma_xp_A2000c30_n65_r22_v00_90000_fof_0.0040_0000,Ma_xp_A2000c30_n65_r22_v00_90000_fof_0.0040_0000.hdf5,/rds/general/ephemeral/user/nny124/ephemeral/martian_moons_data/Ma_xp_A2000c30_n65_r22_v00_90000_fof_0.0040_0000.hdf5,462775104,2000,c30,,,False,65,22,0,0,PartType0,3195625,1,1,True,kg,9.99629741693465e+19,9.99629741693465e+19,1.0,True,"-1,2147483647",20,0.0,0.0,9.996297417209251e+19,1.0
Ma_xp_A2050_n70_r12_v00_90000_fof_0.0030_0000.hdf5,Ma_xp_A2050_n70_r12_v00_90000.hdf5,A2050,n70,r12,v00,,90000,0.003,541511,3.156780436745484e+20,385.0,1.66138020826e+20,0.525494252673,1.54613143565e+20,0.489041087205,8.629297811404521e+18,545.0,1.6154258978699998e+20,0.510958912795,1.6960023835072033e+19,3.16155733352e+20,1.54613143565e+20,0.489041087205,/rds/general/user/nny124/home/irp-nny124/martian_moon_data/Ma_xp_A2050_n70_r12_v00_90000.hdf5,particle_level_raw_snapshot_parent_normalized,All raw asteroid particles in the physical snapshot are included in the denominator; all raw bound/captured asteroid particles are included in the numerator. No FoF background or unresolved material is discarded for the particle-level metrics.,Ma_xp_A2050_n70_r12_v00_90000_fof_0.0030_0000,Ma_xp_A2050_n70_r12_v00_90000_fof_0.0030_0000.hdf5,/rds/general/ephemeral/user/nny124/ephemeral/martian_moons_data/Ma_xp_A2050_n70_r12_v00_90000_fof_0.0030_0000.hdf5,1098212504,2050,,,,False,70,12,0,0,PartType0,10094432,930,930,True,kg,3.156780436745484e+20,1.6960022310319106e+19,1.0,True,"-1,2147483647",20,8.558154853731672e+19,0.2711038993259811,2.3009649501015586e+20,0.7288961006740187
Ma_xp_A2050_n70_r12_v00_90000_fof_0.0040_0000.hdf5,Ma_xp_A2050_n70_r12_v00_90000.hdf5,A2050,n70,r12,v00,,90000,0.004,541555,3.157887905185423e+20,385.0,1.66138020826e+20,0.525494252673,1.54613143565e+20,0.489041087205,8.629986847314e+18,527.0,1.6154258978699998e+20,0.510958912795,1.6961401906890945e+19,3.16155733352e+20,1.54613143565e+20,0.489041087205,/rds/general/user/nny124/home/irp-nny124/martian_moon_data/Ma_xp_A2050_n70_r12_v00_90000.hdf5,particle_level_raw_snapshot_parent_normalized,All raw asteroid particles in the physical snapshot are included in the denominator; all raw bound/captured asteroid particles are included in the numerator. No FoF background or unresolved material is discarded for the particle-level metrics.,Ma_xp_A2050_n70_r12_v00_90000_fof_0.0040_0000,Ma_xp_A2050_n70_r12_v00_90000_fof_0.0040_0000.hdf5,/rds/general/ephemeral/user/nny124/ephemeral/martian_moons_data/Ma_xp_A2050_n70_r12_v00_90000_fof_0.0040_0000.hdf5,1098212504,2050,,,,False,70,12,0,0,PartType0,10094432,912,912,True,kg,3.157887905185423e+20,1.6961400384099193e+19,1.0,True,"-1,2147483647",20,8.562295333151336e+19,0.2711399388823852,2.301658370785e+20,0.728860061117615
Ma_xp_A2050_n70_r12_v00_90000_fof_0.0050_0000.hdf5,Ma_xp_A2050_n70_r12_v00_90000.hdf5,A2050,n70,r12,v00,,90000,0.005,541559,3.158441013242348e+20,387.0,1.66138020826e+20,0.525494252673,1.54613143565e+20,0.489041087205,8.630268725640605e+18,495.0,1.6154258978699998e+20,0.510958912795,1.696152718614721e+19,3.16155733352e+20,1.54613143565e+20,0.489041087205,/rds/general/user/nny124/home/irp-nny124/martian_moon_data/Ma_xp_A2050_n70_r12_v00_90000.hdf5,particle_level_raw_snapshot_parent_normalized,All raw asteroid particles in the physical snapshot are included in the denominator; all raw bound/captured asteroid particles are included in the numerator. No FoF background or unresolved material is discarded for the particle-level metrics.,Ma_xp_A2050_n70_r12_v00_90000_fof_0.0050_0000,Ma_xp_A2050_n70_r12_v00_90000_fof_0.0050_0000.hdf5,/rds/general/ephemeral/user/nny124/ephemeral/martian_moons_data/Ma_xp_A2050_n70_r12_v00_90000_fof_0.0050_0000.hdf5,1098212504,2050,,,,False,70,12,0,0,PartType0,10094432,882,882,True,kg,3.158441013242348e+20,1.6961525662713063e+19,1.0,True,"-1,2147483647",20,8.564393760693823e+19,0.2711588954205524,2.302001635947178e+20,0.7288411045794474
Ma_xp_A2050_n70_r16_v00_90000_fof_0.0030_0000.hdf5,Ma_xp_A2050_n70_r16_v00_90000.hdf5,A2050,n70,r16,v00,,90000,0.003,2890146,3.1582759563313755e+20,320.0,1.45174259879e+20,0.459185915562,1.27993775873e+20,0.404844076418,7.552052806563177e+18,257.0,1.8816195747899998e+20,0.595155923582,9.051883534702204e+19,3.16155733352e+20,1.27993775873e+20,0.404844076418,/rds/general/user/nny124/home/irp-nny124/martian_moon_data/Ma_xp_A2050_n70_r16_v00_90000.hdf5,particle_level_raw_snapshot_parent_normalized,All raw asteroid particles in the physical snapshot are included in the denominator; all raw bound/captured asteroid particles are included in the numerator. No FoF background or unresolved material is discarded for the particle-level metrics.,Ma_xp_A2050_n70_r16_v00_90000_fof_0.0030_0000,Ma_xp_A2050_n70_r16_v00_90000_fof_0.0030_0000.hdf5,/rds/general/ephemeral/user/nny124/ephemeral/martian_moons_data/Ma_xp_A2050_n70_r16_v00_90000_fof_0.0030_0000.hdf5,1098212504,2050,,,,False,70,16,0,0,PartType0,10094432,577,577,True,kg,3.1582759563313755e+20,9.051883627634942e+19,1.0,True,"-1,2147483647",20,6.877073229622841e+19,0.2177476991920512,2.4705686336333975e+20,0.782252300807949
Ma_xp_A2050_n70_r16_v00_90000_fof_0.0040_0000.hdf5,Ma_xp_A2050_n70_r16_v00_90000.hdf5,A2050,n70,r16,v00,,90000,0.004,2960888,3.159236848323298e+20,317.0,1.45174259879e+20,0.459185915562,1.27993775873e+20,0.404844076418,7.553900675593142e+18,217.0,1.8816195747899998e+20,0.595155923582,9.27344616334017e+19,3.16155733352e+20,1.27993775873e+20,0.404844076418,/rds/general/user/nny124/home/irp-nny124/martian_moon_data/Ma_xp_A2050_n70_r16_v00_90000.hdf5,particle_level_raw_snapshot_parent_normalized,All raw asteroid particles in the physical snapshot are included in the denominator; all raw bound/captured asteroid particles are included in the numerator. No FoF background or unresolved material is discarded for the particle-level metrics.,Ma_xp_A2050_n70_r16_v00_90000_fof_0.0040_0000,Ma_xp_A2050_n70_r16_v00_90000_fof_0.0040_0000.hdf5,/rds/general/ephemeral/user/nny124/ephemeral/martian_moons_data/Ma_xp_A2050_n70_r16_v00_90000_fof_0.0040_0000.hdf5,1098212504,2050,,,,False,70,16,0,0,PartType0,10094432,534,534,True,kg,3.159236848323298e+20,9.273446336781302e+19,1.0,True,"-1,2147483647",20,6.8808879829762015e+19,0.2178022197439945,2.4711480501899772e+20,0.7821977802560058
Ma_xp_A2050_n70_r16_v00_90000_fof_0.0050_0000.hdf5,Ma_xp_A2050_n70_r16_v00_90000.hdf5,A2050,n70,r16,v00,,90000,0.005,2960896,3.159625840447658e+20,314.0,1.45174259879e+20,0.459185915562,1.27993775873e+20,0.404844076418,7.554119914291613e+18,187.0,1.8816195747899998e+20,0.595155923582,9.27347121919142e+19,3.16155733352e+20,1.27993775873e+20,0.404844076418,/rds/general/user/nny124/home/irp-nny124/martian_moon_data/Ma_xp_A2050_n70_r16_v00_90000.hdf5,particle_level_raw_snapshot_parent_normalized,All raw asteroid particles in the physical snapshot are included in the denominator; all raw bound/captured asteroid particles are included in the numerator. No FoF background or unresolved material is discarded for the particle-level metrics.,Ma_xp_A2050_n70_r16_v00_90000_fof_0.0050_0000,Ma_xp_A2050_n70_r16_v00_90000_fof_0.0050_0000.hdf5,/rds/general/ephemeral/user/nny124/ephemeral/martian_moons_data/Ma_xp_A2050_n70_r16_v00_90000_fof_0.0050_0000.hdf5,1098212504,2050,,,,False,70,16,0,0,PartType0,10094432,501,501,True,kg,3.159625840447658e+20,9.273471392630016e+19,1.0,True,"-1,2147483647",20,6.88237880612579e+19,0.2178225889197787,2.4713879599656367e+20,0.7821774110802212
Ma_xp_A2100_n70_r12_v00_90000_fof_0.0044_0000.hdf5,Ma_xp_A2100_n70_r12_v00_90000.hdf5,A2100,n70,r12,v00,,90000,0.0044,790844,9.882218600945404e+20,887.0,5.1085634189e+20,0.510967623109,5.03958472017e+20,0.504068250654,3.5149007724538753e+19,2089.0,4.9582374271900005e+20,0.49593174934600004,7.837843393120377e+19,9.99782214736e+20,5.03958472017e+20,0.504068250654,/rds/general/user/nny124/home/irp-nny124/martian_moon_data/Ma_xp_A2100_n70_r12_v00_90000.hdf5,particle_level_raw_snapshot_parent_normalized,All raw asteroid particles in the physical snapshot are included in the denominator; all raw bound/captured asteroid particles are included in the numerator. No FoF background or unresolved material is discarded for the particle-level metrics.,Ma_xp_A2100_n70_r12_v00_90000_fof_0.0044_0000,Ma_xp_A2100_n70_r12_v00_90000_fof_0.0044_0000.hdf5,/rds/general/ephemeral/user/nny124/ephemeral/martian_moons_data/Ma_xp_A2100_n70_r12_v00_90000_fof_0.0044_0000.hdf5,1098212504,2100,,,,False,70,12,0,0,PartType0,10087874,2976,2976,True,kg,9.882218600945404e+20,7.83784622821719e+19,1.0,True,"-1,2147483647",20,2.5574268804366015e+20,0.2587907669165112,7.32479152676668e+20,0.7412092330834887
Ma_xp_A2100_n70_r12_v00_90000_fof_0.0059_0000.hdf5,Ma_xp_A2100_n70_r12_v00_90000.hdf5,A2100,n70,r12,v00,,90000,0.0059,790874,9.897766564791264e+20,879.0,5.1085634189e+20,0.510967623109,5.03958472017e+20,0.504068250654,3.5254755241124127e+19,2050.0,4.9582374271900005e+20,0.49593174934600004,7.838140715097643e+19,9.99782214736e+20,5.03958472017e+20,0.504068250654,/rds/general/user/nny124/home/irp-nny124/martian_moon_data/Ma_xp_A2100_n70_r12_v00_90000.hdf5,particle_level_raw_snapshot_parent_normalized,All raw asteroid particles in the physical snapshot are included in the denominator; all raw bound/captured asteroid particles are included in the numerator. No FoF background or unresolved material is discarded for the particle-level metrics.,Ma_xp_A2100_n70_r12_v00_90000_fof_0.0059_0000,Ma_xp_A2100_n70_r12_v00_90000_fof_0.0059_0000.hdf5,/rds/general/ephemeral/user/nny124/ephemeral/martian_moons_data/Ma_xp_A2100_n70_r12_v00_90000_fof_0.0059_0000.hdf5,1098212504,2100,,,,False,70,12,0,0,PartType0,10087874,2929,2929,True,kg,9.897766564791264e+20,7.838143550319544e+19,1.0,True,"-1,2147483647",20,2.5604585735315787e+20,0.2586905448408398,7.337307790936471e+20,0.7413094551591599
Ma_xp_A2100_n70_r12_v00_90000_fof_0.0074_0000.hdf5,Ma_xp_A2100_n70_r12_v00_90000.hdf5,A2100,n70,r12,v00,,90000,0.0074,790878,9.906883450499429e+20,866.0,5.1085634189e+20,0.510967623109,5.03958472017e+20,0.504068250654,3.5256043636359e+19,2027.0,4.9582374271900005e+20,0.49593174934600004,7.838180358027946e+19,9.99782214736e+20,5.03958472017e+20,0.504068250654,/rds/general/user/nny124/home/irp-nny124/martian_moon_data/Ma_xp_A2100_n70_r12_v00_90000.hdf5,particle_level_raw_snapshot_parent_normalized,All raw asteroid particles in the physical snapshot are included in the denominator; all raw bound/captured asteroid particles are included in the numerator. No FoF background or unresolved material is discarded for the particle-level metrics.,Ma_xp_A2100_n70_r12_v00_90000_fof_0.0074_0000,Ma_xp_A2100_n70_r12_v00_90000_fof_0.0074_0000.hdf5,/rds/general/ephemeral/user/nny124/ephemeral/martian_moons_data/Ma_xp_A2100_n70_r12_v00_90000_fof_0.0074_0000.hdf5,1098212504,2100,,,,False,70,12,0,0,PartType0,10087874,2893,2893,True,kg,9.906883450499429e+20,7.838183193266109e+19,1.0,True,"-1,2147483647",20,2.5624278360944384e+20,0.2586512601504843,7.34445541126963e+20,0.7413487398495157
Ma_xp_A2100_n70_r16_v00_90000_fof_0.0044_0000.hdf5,Ma_xp_A2100_n70_r16_v00_90000.hdf5,A2100,n70,r16,v00,,90000,0.0044,3921382,9.918259985455894e+20,387.0,4.63120406472e+20,0.463221289243,4.29575549922e+20,0.429669125526,2.3405086944016703e+19,1729.0,5.702066648140001e+20,0.570330874474,3.886376832957781e+20,9.99782214736e+20,4.29575549922e+20,0.429669125526,/rds/general/user/nny124/home/irp-nny124/martian_moon_data/Ma_xp_A2100_n70_r16_v00_90000.hdf5,particle_level_raw_snapshot_parent_normalized,All raw asteroid particles in the physical snapshot are included in the denominator; all raw bound/captured asteroid particles are included in the numerator. No FoF background or unresolved material is discarded for the particle-level metrics.,Ma_xp_A2100_n70_r16_v00_90000_fof_0.0044_0000,Ma_xp_A2100_n70_r16_v00_90000_fof_0.0044_0000.hdf5,/rds/general/ephemeral/user/nny124/ephemeral/martian_moons_data/Ma_xp_A2100_n70_r16_v00_90000_fof_0.0044_0000.hdf5,1098212504,2100,,,,False,70,16,0,0,PartType0,10087874,2116,2116,True,kg,9.918259985455894e+20,3.886377842523638e+20,1.0,True,"-1,2147483647",20,2.1097422417355643e+20,0.2127129445199332,7.808517535529012e+20,0.7872870554800669
Ma_xp_A2100_n70_r16_v00_90000_fof_0.0059_0000.hdf5,Ma_xp_A2100_n70_r16_v00_90000.hdf5,A2100,n70,r16,v00,,90000,0.0059,3922068,9.928130087746708e+20,386.0,4.63120406472e+20,0.463221289243,4.29575549922e+20,0.429669125526,2.3410438739607716e+19,1715.0,5.702066648140001e+20,0.570330874474,3.887056709212351e+20,9.99782214736e+20,4.29575549922e+20,0.429669125526,/rds/general/user/nny124/home/irp-nny124/martian_moon_data/Ma_xp_A2100_n70_r16_v00_90000.hdf5,particle_level_raw_snapshot_parent_normalized,All raw asteroid particles in the physical snapshot are included in the denominator; all raw bound/captured asteroid particles are included in the numerator. No FoF background or unresolved material is discarded for the particle-level metrics.,Ma_xp_A2100_n70_r16_v00_90000_fof_0.0059_0000,Ma_xp_A2100_n70_r16_v00_90000_fof_0.0059_0000.hdf5,/rds/general/ephemeral/user/nny124/ephemeral/martian_moons_data/Ma_xp_A2100_n70_r16_v00_90000_fof_0.0059_0000.hdf5,1098212504,2100,,,,False,70,16,0,0,PartType0,10087874,2101,2101,True,kg,9.928130087746708e+20,3.887057718752624e+20,1.0,True,"-1,2147483647",20,2.110706556015203e+20,0.2125986044111152,7.8174233198216e+20,0.7874013955888849
Ma_xp_A2100_n70_r16_v00_90000_fof_0.0074_0000.hdf5,Ma_xp_A2100_n70_r16_v00_90000.hdf5,A2100,n70,r16,v00,,90000,0.0074,3922894,9.93482677207414e+20,382.0,4.63120406472e+20,0.463221289243,4.29575549922e+20,0.429669125526,2.34134119593805e+19,1703.0,5.702066648140001e+20,0.570330874474,3.887875335722955e+20,9.99782214736e+20,4.29575549922e+20,0.429669125526,/rds/general/user/nny124/home/irp-nny124/martian_moon_data/Ma_xp_A2100_n70_r16_v00_90000.hdf5,particle_level_raw_snapshot_parent_normalized,All raw asteroid particles in the physical snapshot are included in the denominator; all raw bound/captured asteroid particles are included in the numerator. No FoF background or unresolved material is discarded for the particle-level metrics.,Ma_xp_A2100_n70_r16_v00_90000_fof_0.0074_0000,Ma_xp_A2100_n70_r16_v00_90000_fof_0.0074_0000.hdf5,/rds/general/ephemeral/user/nny124/ephemeral/martian_moons_data/Ma_xp_A2100_n70_r16_v00_90000_fof_0.0074_0000.hdf5,1098212504,2100,,,,False,70,16,0,0,PartType0,10087874,2085,2085,True,kg,9.93482677207414e+20,3.8878763457606785e+20,1.0,True,"-1,2147483647",20,2.1114181466141583e+20,0.2125269257920115,7.823408411223919e+20,0.7874730742079886
