simulation_id,filename,file_path,file_size_bytes,mass_code,mass_value,special_case_code,spin_code,spin_value,spin_axis,has_explicit_spin,resolution_code,resolution_value,periapsis_code,periapsis_value,velocity_code,velocity_value,timestep,fof_linking_length,chunk_index
Ma_xp_A1800_n60_r12_v00_90000_fof_0.0001_0000,Ma_xp_A1800_n60_r12_v00_90000_fof_0.0001_0000.hdf5,/rds/general/ephemeral/user/nny124/ephemeral/martian_moons_data/Ma_xp_A1800_n60_r12_v00_90000_fof_0.0001_0000.hdf5,140435643,A1800,1800,,,,,False,n60,60,r12,12,v00,0,90000,0.0001,0
Ma_xp_A1800_n60_r12_v00_90000_fof_0.0013_0000,Ma_xp_A1800_n60_r12_v00_90000_fof_0.0013_0000.hdf5,/rds/general/ephemeral/user/nny124/ephemeral/martian_moons_data/Ma_xp_A1800_n60_r12_v00_90000_fof_0.0013_0000.hdf5,140435643,A1800,1800,,,,,False,n60,60,r12,12,v00,0,90000,0.0013,0
Ma_xp_A1800_n60_r12_v00_90000_fof_0.0014_0000,Ma_xp_A1800_n60_r12_v00_90000_fof_0.0014_0000.hdf5,/rds/general/ephemeral/user/nny124/ephemeral/martian_moons_data/Ma_xp_A1800_n60_r12_v00_90000_fof_0.0014_0000.hdf5,140435651,A1800,1800,,,,,False,n60,60,r12,12,v00,0,90000,0.0014,0
Ma_xp_A1800_n60_r12_v00_90000_fof_0.0016_0000,Ma_xp_A1800_n60_r12_v00_90000_fof_0.0016_0000.hdf5,/rds/general/ephemeral/user/nny124/ephemeral/martian_moons_data/Ma_xp_A1800_n60_r12_v00_90000_fof_0.0016_0000.hdf5,140435643,A1800,1800,,,,,False,n60,60,r12,12,v00,0,90000,0.0016,0
Ma_xp_A1800_n60_r12_v00_90000_fof_0.002_0000,Ma_xp_A1800_n60_r12_v00_90000_fof_0.002_0000.hdf5,/rds/general/ephemeral/user/nny124/ephemeral/martian_moons_data/Ma_xp_A1800_n60_r12_v00_90000_fof_0.002_0000.hdf5,140435651,A1800,1800,,,,,False,n60,60,r12,12,v00,0,90000,0.002,0
Ma_xp_A1800_n60_r16_v00_90000_fof_0.0001_0000,Ma_xp_A1800_n60_r16_v00_90000_fof_0.0001_0000.hdf5,/rds/general/ephemeral/user/nny124/ephemeral/martian_moons_data/Ma_xp_A1800_n60_r16_v00_90000_fof_0.0001_0000.hdf5,140435643,A1800,1800,,,,,False,n60,60,r16,16,v00,0,90000,0.0001,0
Ma_xp_A1800_n60_r16_v00_90000_fof_0.0013_0000,Ma_xp_A1800_n60_r16_v00_90000_fof_0.0013_0000.hdf5,/rds/general/ephemeral/user/nny124/ephemeral/martian_moons_data/Ma_xp_A1800_n60_r16_v00_90000_fof_0.0013_0000.hdf5,140435643,A1800,1800,,,,,False,n60,60,r16,16,v00,0,90000,0.0013,0
Ma_xp_A1800_n60_r16_v00_90000_fof_0.0014_0000,Ma_xp_A1800_n60_r16_v00_90000_fof_0.0014_0000.hdf5,/rds/general/ephemeral/user/nny124/ephemeral/martian_moons_data/Ma_xp_A1800_n60_r16_v00_90000_fof_0.0014_0000.hdf5,140435651,A1800,1800,,,,,False,n60,60,r16,16,v00,0,90000,0.0014,0
Ma_xp_A1800_n60_r16_v00_90000_fof_0.0016_0000,Ma_xp_A1800_n60_r16_v00_90000_fof_0.0016_0000.hdf5,/rds/general/ephemeral/user/nny124/ephemeral/martian_moons_data/Ma_xp_A1800_n60_r16_v00_90000_fof_0.0016_0000.hdf5,140435643,A1800,1800,,,,,False,n60,60,r16,16,v00,0,90000,0.0016,0
Ma_xp_A1800_n60_r16_v00_90000_fof_0.002_0000,Ma_xp_A1800_n60_r16_v00_90000_fof_0.002_0000.hdf5,/rds/general/ephemeral/user/nny124/ephemeral/martian_moons_data/Ma_xp_A1800_n60_r16_v00_90000_fof_0.002_0000.hdf5,140435651,A1800,1800,,,,,False,n60,60,r16,16,v00,0,90000,0.002,0
Ma_xp_A1850_n60_r12_v00_90000_fof_0.0014_0000,Ma_xp_A1850_n60_r12_v00_90000_fof_0.0014_0000.hdf5,/rds/general/ephemeral/user/nny124/ephemeral/martian_moons_data/Ma_xp_A1850_n60_r12_v00_90000_fof_0.0014_0000.hdf5,140435643,A1850,1850,,,,,False,n60,60,r12,12,v00,0,90000,0.0014,0
Ma_xp_A1850_n60_r12_v00_90000_fof_0.0019_0000,Ma_xp_A1850_n60_r12_v00_90000_fof_0.0019_0000.hdf5,/rds/general/ephemeral/user/nny124/ephemeral/martian_moons_data/Ma_xp_A1850_n60_r12_v00_90000_fof_0.0019_0000.hdf5,140435643,A1850,1850,,,,,False,n60,60,r12,12,v00,0,90000,0.0019,0
Ma_xp_A1850_n60_r12_v00_90000_fof_0.0024_0000,Ma_xp_A1850_n60_r12_v00_90000_fof_0.0024_0000.hdf5,/rds/general/ephemeral/user/nny124/ephemeral/martian_moons_data/Ma_xp_A1850_n60_r12_v00_90000_fof_0.0024_0000.hdf5,140435643,A1850,1850,,,,,False,n60,60,r12,12,v00,0,90000,0.0024,0
Ma_xp_A1850_n60_r12_v00_90000_fof_0.002_0000,Ma_xp_A1850_n60_r12_v00_90000_fof_0.002_0000.hdf5,/rds/general/ephemeral/user/nny124/ephemeral/martian_moons_data/Ma_xp_A1850_n60_r12_v00_90000_fof_0.002_0000.hdf5,140435651,A1850,1850,,,,,False,n60,60,r12,12,v00,0,90000,0.002,0
Ma_xp_A1850_n60_r16_v00_90000_fof_0.0014_0000,Ma_xp_A1850_n60_r16_v00_90000_fof_0.0014_0000.hdf5,/rds/general/ephemeral/user/nny124/ephemeral/martian_moons_data/Ma_xp_A1850_n60_r16_v00_90000_fof_0.0014_0000.hdf5,140435643,A1850,1850,,,,,False,n60,60,r16,16,v00,0,90000,0.0014,0
Ma_xp_A1850_n60_r16_v00_90000_fof_0.0019_0000,Ma_xp_A1850_n60_r16_v00_90000_fof_0.0019_0000.hdf5,/rds/general/ephemeral/user/nny124/ephemeral/martian_moons_data/Ma_xp_A1850_n60_r16_v00_90000_fof_0.0019_0000.hdf5,140435643,A1850,1850,,,,,False,n60,60,r16,16,v00,0,90000,0.0019,0
Ma_xp_A1850_n60_r16_v00_90000_fof_0.0024_0000,Ma_xp_A1850_n60_r16_v00_90000_fof_0.0024_0000.hdf5,/rds/general/ephemeral/user/nny124/ephemeral/martian_moons_data/Ma_xp_A1850_n60_r16_v00_90000_fof_0.0024_0000.hdf5,140435643,A1850,1850,,,,,False,n60,60,r16,16,v00,0,90000,0.0024,0
Ma_xp_A1850_n60_r16_v00_90000_fof_0.002_0000,Ma_xp_A1850_n60_r16_v00_90000_fof_0.002_0000.hdf5,/rds/general/ephemeral/user/nny124/ephemeral/martian_moons_data/Ma_xp_A1850_n60_r16_v00_90000_fof_0.002_0000.hdf5,140435651,A1850,1850,,,,,False,n60,60,r16,16,v00,0,90000,0.002,0
Ma_xp_A1900_n50_r12_v00_54000_fof_0.006_0000,Ma_xp_A1900_n50_r12_v00_54000_fof_0.006_0000.hdf5,/rds/general/ephemeral/user/nny124/ephemeral/martian_moons_data/Ma_xp_A1900_n50_r12_v00_54000_fof_0.006_0000.hdf5,50119229,A1900,1900,,,,,False,n50,50,r12,12,v00,0,54000,0.006,0
Ma_xp_A1900_n50_r12_v00_56000_fof_0.006_0000,Ma_xp_A1900_n50_r12_v00_56000_fof_0.006_0000.hdf5,/rds/general/ephemeral/user/nny124/ephemeral/martian_moons_data/Ma_xp_A1900_n50_r12_v00_56000_fof_0.006_0000.hdf5,50119229,A1900,1900,,,,,False,n50,50,r12,12,v00,0,56000,0.006,0
Ma_xp_A1900_n50_r12_v00_58000_fof_0.006_0000,Ma_xp_A1900_n50_r12_v00_58000_fof_0.006_0000.hdf5,/rds/general/ephemeral/user/nny124/ephemeral/martian_moons_data/Ma_xp_A1900_n50_r12_v00_58000_fof_0.006_0000.hdf5,50119229,A1900,1900,,,,,False,n50,50,r12,12,v00,0,58000,0.006,0
Ma_xp_A1900_n50_r12_v00_60000_fof_0.006_0000,Ma_xp_A1900_n50_r12_v00_60000_fof_0.006_0000.hdf5,/rds/general/ephemeral/user/nny124/ephemeral/martian_moons_data/Ma_xp_A1900_n50_r12_v00_60000_fof_0.006_0000.hdf5,50119229,A1900,1900,,,,,False,n50,50,r12,12,v00,0,60000,0.006,0
Ma_xp_A1900_n50_r12_v00_62000_fof_0.006_0000,Ma_xp_A1900_n50_r12_v00_62000_fof_0.006_0000.hdf5,/rds/general/ephemeral/user/nny124/ephemeral/martian_moons_data/Ma_xp_A1900_n50_r12_v00_62000_fof_0.006_0000.hdf5,50119229,A1900,1900,,,,,False,n50,50,r12,12,v00,0,62000,0.006,0
Ma_xp_A1900_n50_r12_v00_64000_fof_0.006_0000,Ma_xp_A1900_n50_r12_v00_64000_fof_0.006_0000.hdf5,/rds/general/ephemeral/user/nny124/ephemeral/martian_moons_data/Ma_xp_A1900_n50_r12_v00_64000_fof_0.006_0000.hdf5,50119229,A1900,1900,,,,,False,n50,50,r12,12,v00,0,64000,0.006,0
Ma_xp_A1900_n50_r12_v00_66000_fof_0.006_0000,Ma_xp_A1900_n50_r12_v00_66000_fof_0.006_0000.hdf5,/rds/general/ephemeral/user/nny124/ephemeral/martian_moons_data/Ma_xp_A1900_n50_r12_v00_66000_fof_0.006_0000.hdf5,50119229,A1900,1900,,,,,False,n50,50,r12,12,v00,0,66000,0.006,0
Ma_xp_A1900_n50_r12_v00_68000_fof_0.006_0000,Ma_xp_A1900_n50_r12_v00_68000_fof_0.006_0000.hdf5,/rds/general/ephemeral/user/nny124/ephemeral/martian_moons_data/Ma_xp_A1900_n50_r12_v00_68000_fof_0.006_0000.hdf5,50119229,A1900,1900,,,,,False,n50,50,r12,12,v00,0,68000,0.006,0
Ma_xp_A1900_n50_r12_v00_70000_fof_0.006_0000,Ma_xp_A1900_n50_r12_v00_70000_fof_0.006_0000.hdf5,/rds/general/ephemeral/user/nny124/ephemeral/martian_moons_data/Ma_xp_A1900_n50_r12_v00_70000_fof_0.006_0000.hdf5,50119229,A1900,1900,,,,,False,n50,50,r12,12,v00,0,70000,0.006,0
Ma_xp_A1900_n50_r12_v00_72000_fof_0.006_0000,Ma_xp_A1900_n50_r12_v00_72000_fof_0.006_0000.hdf5,/rds/general/ephemeral/user/nny124/ephemeral/martian_moons_data/Ma_xp_A1900_n50_r12_v00_72000_fof_0.006_0000.hdf5,50119229,A1900,1900,,,,,False,n50,50,r12,12,v00,0,72000,0.006,0
Ma_xp_A1900_n50_r12_v00_90000_fof_0.006_0000,Ma_xp_A1900_n50_r12_v00_90000_fof_0.006_0000.hdf5,/rds/general/ephemeral/user/nny124/ephemeral/martian_moons_data/Ma_xp_A1900_n50_r12_v00_90000_fof_0.006_0000.hdf5,50119229,A1900,1900,,,,,False,n50,50,r12,12,v00,0,90000,0.006,0
Ma_xp_A1900_n50_r16_v00_72000_fof_0.006_0000,Ma_xp_A1900_n50_r16_v00_72000_fof_0.006_0000.hdf5,/rds/general/ephemeral/user/nny124/ephemeral/martian_moons_data/Ma_xp_A1900_n50_r16_v00_72000_fof_0.006_0000.hdf5,50119229,A1900,1900,,,,,False,n50,50,r16,16,v00,0,72000,0.006,0
Ma_xp_A1900_n50_r16_v00_90000_fof_0.006_0000,Ma_xp_A1900_n50_r16_v00_90000_fof_0.006_0000.hdf5,/rds/general/ephemeral/user/nny124/ephemeral/martian_moons_data/Ma_xp_A1900_n50_r16_v00_90000_fof_0.006_0000.hdf5,50119229,A1900,1900,,,,,False,n50,50,r16,16,v00,0,90000,0.006,0
Ma_xp_A1900_n55_r12_v00_72000_fof_0.004_0000,Ma_xp_A1900_n55_r12_v00_72000_fof_0.004_0000.hdf5,/rds/general/ephemeral/user/nny124/ephemeral/martian_moons_data/Ma_xp_A1900_n55_r12_v00_72000_fof_0.004_0000.hdf5,71407403,A1900,1900,,,,,False,n55,55,r12,12,v00,0,72000,0.004,0
Ma_xp_A1900_n55_r12_v00_90000_fof_0.004_0000,Ma_xp_A1900_n55_r12_v00_90000_fof_0.004_0000.hdf5,/rds/general/ephemeral/user/nny124/ephemeral/martian_moons_data/Ma_xp_A1900_n55_r12_v00_90000_fof_0.004_0000.hdf5,71407403,A1900,1900,,,,,False,n55,55,r12,12,v00,0,90000,0.004,0
Ma_xp_A1900_n55_r16_v00_72000_fof_0.004_0000,Ma_xp_A1900_n55_r16_v00_72000_fof_0.004_0000.hdf5,/rds/general/ephemeral/user/nny124/ephemeral/martian_moons_data/Ma_xp_A1900_n55_r16_v00_72000_fof_0.004_0000.hdf5,71407403,A1900,1900,,,,,False,n55,55,r16,16,v00,0,72000,0.004,0
Ma_xp_A1900_n55_r16_v00_90000_fof_0.004_0000,Ma_xp_A1900_n55_r16_v00_90000_fof_0.004_0000.hdf5,/rds/general/ephemeral/user/nny124/ephemeral/martian_moons_data/Ma_xp_A1900_n55_r16_v00_90000_fof_0.004_0000.hdf5,71407403,A1900,1900,,,,,False,n55,55,r16,16,v00,0,90000,0.004,0
Ma_xp_A1900_n60_r12_v00_72000_fof_0.003_0000,Ma_xp_A1900_n60_r12_v00_72000_fof_0.003_0000.hdf5,/rds/general/ephemeral/user/nny124/ephemeral/martian_moons_data/Ma_xp_A1900_n60_r12_v00_72000_fof_0.003_0000.hdf5,140435651,A1900,1900,,,,,False,n60,60,r12,12,v00,0,72000,0.003,0
Ma_xp_A1900_n60_r12_v00_90000_fof_0.003_0000,Ma_xp_A1900_n60_r12_v00_90000_fof_0.003_0000.hdf5,/rds/general/ephemeral/user/nny124/ephemeral/martian_moons_data/Ma_xp_A1900_n60_r12_v00_90000_fof_0.003_0000.hdf5,140435651,A1900,1900,,,,,False,n60,60,r12,12,v00,0,90000,0.003,0
Ma_xp_A1900_n60_r16_v00_72000_fof_0.003_0000,Ma_xp_A1900_n60_r16_v00_72000_fof_0.003_0000.hdf5,/rds/general/ephemeral/user/nny124/ephemeral/martian_moons_data/Ma_xp_A1900_n60_r16_v00_72000_fof_0.003_0000.hdf5,140435651,A1900,1900,,,,,False,n60,60,r16,16,v00,0,72000,0.003,0
Ma_xp_A1900_n60_r16_v00_90000_fof_0.003_0000,Ma_xp_A1900_n60_r16_v00_90000_fof_0.003_0000.hdf5,/rds/general/ephemeral/user/nny124/ephemeral/martian_moons_data/Ma_xp_A1900_n60_r16_v00_90000_fof_0.003_0000.hdf5,140435651,A1900,1900,,,,,False,n60,60,r16,16,v00,0,90000,0.003,0
Ma_xp_A1900_n65_r11_v00_89000_fof_0.002_0000,Ma_xp_A1900_n65_r11_v00_89000_fof_0.002_0000.hdf5,/rds/general/ephemeral/user/nny124/ephemeral/martian_moons_data/Ma_xp_A1900_n65_r11_v00_89000_fof_0.002_0000.hdf5,462775096,A1900,1900,,,,,False,n65,65,r11,11,v00,0,89000,0.002,0
Ma_xp_A1900_n65_r12_v00_90000_fof_0.0019_0000,Ma_xp_A1900_n65_r12_v00_90000_fof_0.0019_0000.hdf5,/rds/general/ephemeral/user/nny124/ephemeral/martian_moons_data/Ma_xp_A1900_n65_r12_v00_90000_fof_0.0019_0000.hdf5,462775088,A1900,1900,,,,,False,n65,65,r12,12,v00,0,90000,0.0019,0
Ma_xp_A1900_n65_r12_v00_90000_fof_0.002_0000,Ma_xp_A1900_n65_r12_v00_90000_fof_0.002_0000.hdf5,/rds/general/ephemeral/user/nny124/ephemeral/martian_moons_data/Ma_xp_A1900_n65_r12_v00_90000_fof_0.002_0000.hdf5,462775096,A1900,1900,,,,,False,n65,65,r12,12,v00,0,90000,0.002,0
Ma_xp_A1900_n65_r12_v02_90000_fof_0.002_0000,Ma_xp_A1900_n65_r12_v02_90000_fof_0.002_0000.hdf5,/rds/general/ephemeral/user/nny124/ephemeral/martian_moons_data/Ma_xp_A1900_n65_r12_v02_90000_fof_0.002_0000.hdf5,462775096,A1900,1900,,,,,False,n65,65,r12,12,v02,2,90000,0.002,0
Ma_xp_A1900_n65_r12_v04_90000_fof_0.002_0000,Ma_xp_A1900_n65_r12_v04_90000_fof_0.002_0000.hdf5,/rds/general/ephemeral/user/nny124/ephemeral/martian_moons_data/Ma_xp_A1900_n65_r12_v04_90000_fof_0.002_0000.hdf5,462775096,A1900,1900,,,,,False,n65,65,r12,12,v04,4,90000,0.002,0
Ma_xp_A1900_n65_r12_v06_89000_fof_0.002_0000,Ma_xp_A1900_n65_r12_v06_89000_fof_0.002_0000.hdf5,/rds/general/ephemeral/user/nny124/ephemeral/martian_moons_data/Ma_xp_A1900_n65_r12_v06_89000_fof_0.002_0000.hdf5,462775096,A1900,1900,,,,,False,n65,65,r12,12,v06,6,89000,0.002,0
Ma_xp_A1900_n65_r12_v08_90000_fof_0.002_0000,Ma_xp_A1900_n65_r12_v08_90000_fof_0.002_0000.hdf5,/rds/general/ephemeral/user/nny124/ephemeral/martian_moons_data/Ma_xp_A1900_n65_r12_v08_90000_fof_0.002_0000.hdf5,462775096,A1900,1900,,,,,False,n65,65,r12,12,v08,8,90000,0.002,0
Ma_xp_A1900_n65_r12_v10_90000_fof_0.002_0000,Ma_xp_A1900_n65_r12_v10_90000_fof_0.002_0000.hdf5,/rds/general/ephemeral/user/nny124/ephemeral/martian_moons_data/Ma_xp_A1900_n65_r12_v10_90000_fof_0.002_0000.hdf5,462775096,A1900,1900,,,,,False,n65,65,r12,12,v10,10,90000,0.002,0
Ma_xp_A1900_n65_r12_v15_89000_fof_0.002_0000,Ma_xp_A1900_n65_r12_v15_89000_fof_0.002_0000.hdf5,/rds/general/ephemeral/user/nny124/ephemeral/martian_moons_data/Ma_xp_A1900_n65_r12_v15_89000_fof_0.002_0000.hdf5,462775096,A1900,1900,,,,,False,n65,65,r12,12,v15,15,89000,0.002,0
Ma_xp_A1900_n65_r12_v20_89000_fof_0.002_0000,Ma_xp_A1900_n65_r12_v20_89000_fof_0.002_0000.hdf5,/rds/general/ephemeral/user/nny124/ephemeral/martian_moons_data/Ma_xp_A1900_n65_r12_v20_89000_fof_0.002_0000.hdf5,462775096,A1900,1900,,,,,False,n65,65,r12,12,v20,20,89000,0.002,0
Ma_xp_A1900_n65_r12_v25_75000_fof_0.002_0000,Ma_xp_A1900_n65_r12_v25_75000_fof_0.002_0000.hdf5,/rds/general/ephemeral/user/nny124/ephemeral/martian_moons_data/Ma_xp_A1900_n65_r12_v25_75000_fof_0.002_0000.hdf5,462775096,A1900,1900,,,,,False,n65,65,r12,12,v25,25,75000,0.002,0
Ma_xp_A1900_n65_r12_v30_65000_fof_0.002_0000,Ma_xp_A1900_n65_r12_v30_65000_fof_0.002_0000.hdf5,/rds/general/ephemeral/user/nny124/ephemeral/martian_moons_data/Ma_xp_A1900_n65_r12_v30_65000_fof_0.002_0000.hdf5,462775096,A1900,1900,,,,,False,n65,65,r12,12,v30,30,65000,0.002,0
Ma_xp_A1900_n65_r13_v00_90000_fof_0.002_0000,Ma_xp_A1900_n65_r13_v00_90000_fof_0.002_0000.hdf5,/rds/general/ephemeral/user/nny124/ephemeral/martian_moons_data/Ma_xp_A1900_n65_r13_v00_90000_fof_0.002_0000.hdf5,462775096,A1900,1900,,,,,False,n65,65,r13,13,v00,0,90000,0.002,0
Ma_xp_A1900_n65_r14_v00_90000_fof_0.002_0000,Ma_xp_A1900_n65_r14_v00_90000_fof_0.002_0000.hdf5,/rds/general/ephemeral/user/nny124/ephemeral/martian_moons_data/Ma_xp_A1900_n65_r14_v00_90000_fof_0.002_0000.hdf5,462775096,A1900,1900,,,,,False,n65,65,r14,14,v00,0,90000,0.002,0
Ma_xp_A1900_n65_r14_v02_90000_fof_0.002_0000,Ma_xp_A1900_n65_r14_v02_90000_fof_0.002_0000.hdf5,/rds/general/ephemeral/user/nny124/ephemeral/martian_moons_data/Ma_xp_A1900_n65_r14_v02_90000_fof_0.002_0000.hdf5,462775096,A1900,1900,,,,,False,n65,65,r14,14,v02,2,90000,0.002,0
Ma_xp_A1900_n65_r14_v04_89000_fof_0.002_0000,Ma_xp_A1900_n65_r14_v04_89000_fof_0.002_0000.hdf5,/rds/general/ephemeral/user/nny124/ephemeral/martian_moons_data/Ma_xp_A1900_n65_r14_v04_89000_fof_0.002_0000.hdf5,462775096,A1900,1900,,,,,False,n65,65,r14,14,v04,4,89000,0.002,0
Ma_xp_A1900_n65_r14_v06_90000_fof_0.002_0000,Ma_xp_A1900_n65_r14_v06_90000_fof_0.002_0000.hdf5,/rds/general/ephemeral/user/nny124/ephemeral/martian_moons_data/Ma_xp_A1900_n65_r14_v06_90000_fof_0.002_0000.hdf5,462775096,A1900,1900,,,,,False,n65,65,r14,14,v06,6,90000,0.002,0
Ma_xp_A1900_n65_r15_v00_90000_fof_0.002_0000,Ma_xp_A1900_n65_r15_v00_90000_fof_0.002_0000.hdf5,/rds/general/ephemeral/user/nny124/ephemeral/martian_moons_data/Ma_xp_A1900_n65_r15_v00_90000_fof_0.002_0000.hdf5,462775096,A1900,1900,,,,,False,n65,65,r15,15,v00,0,90000,0.002,0
Ma_xp_A1900_n65_r16_v00_90000_fof_0.0019_0000,Ma_xp_A1900_n65_r16_v00_90000_fof_0.0019_0000.hdf5,/rds/general/ephemeral/user/nny124/ephemeral/martian_moons_data/Ma_xp_A1900_n65_r16_v00_90000_fof_0.0019_0000.hdf5,462775088,A1900,1900,,,,,False,n65,65,r16,16,v00,0,90000,0.0019,0
Ma_xp_A1900_n65_r16_v00_90000_fof_0.002_0000,Ma_xp_A1900_n65_r16_v00_90000_fof_0.002_0000.hdf5,/rds/general/ephemeral/user/nny124/ephemeral/martian_moons_data/Ma_xp_A1900_n65_r16_v00_90000_fof_0.002_0000.hdf5,462775096,A1900,1900,,,,,False,n65,65,r16,16,v00,0,90000,0.002,0
Ma_xp_A1900_n65_r16_v02_90000_fof_0.002_0000,Ma_xp_A1900_n65_r16_v02_90000_fof_0.002_0000.hdf5,/rds/general/ephemeral/user/nny124/ephemeral/martian_moons_data/Ma_xp_A1900_n65_r16_v02_90000_fof_0.002_0000.hdf5,462775096,A1900,1900,,,,,False,n65,65,r16,16,v02,2,90000,0.002,0
Ma_xp_A1900_n65_r16_v04_90000_fof_0.002_0000,Ma_xp_A1900_n65_r16_v04_90000_fof_0.002_0000.hdf5,/rds/general/ephemeral/user/nny124/ephemeral/martian_moons_data/Ma_xp_A1900_n65_r16_v04_90000_fof_0.002_0000.hdf5,462775096,A1900,1900,,,,,False,n65,65,r16,16,v04,4,90000,0.002,0
Ma_xp_A1900_n65_r16_v06_89000_fof_0.002_0000,Ma_xp_A1900_n65_r16_v06_89000_fof_0.002_0000.hdf5,/rds/general/ephemeral/user/nny124/ephemeral/martian_moons_data/Ma_xp_A1900_n65_r16_v06_89000_fof_0.002_0000.hdf5,462775096,A1900,1900,,,,,False,n65,65,r16,16,v06,6,89000,0.002,0
Ma_xp_A1900_n65_r17_v00_90000_fof_0.002_0000,Ma_xp_A1900_n65_r17_v00_90000_fof_0.002_0000.hdf5,/rds/general/ephemeral/user/nny124/ephemeral/martian_moons_data/Ma_xp_A1900_n65_r17_v00_90000_fof_0.002_0000.hdf5,462775096,A1900,1900,,,,,False,n65,65,r17,17,v00,0,90000,0.002,0
Ma_xp_A1900_n65_r18_v00_90000_fof_0.002_0000,Ma_xp_A1900_n65_r18_v00_90000_fof_0.002_0000.hdf5,/rds/general/ephemeral/user/nny124/ephemeral/martian_moons_data/Ma_xp_A1900_n65_r18_v00_90000_fof_0.002_0000.hdf5,462775096,A1900,1900,,,,,False,n65,65,r18,18,v00,0,90000,0.002,0
Ma_xp_A1900_n65_r18_v02_90000_fof_0.002_0000,Ma_xp_A1900_n65_r18_v02_90000_fof_0.002_0000.hdf5,/rds/general/ephemeral/user/nny124/ephemeral/martian_moons_data/Ma_xp_A1900_n65_r18_v02_90000_fof_0.002_0000.hdf5,462775096,A1900,1900,,,,,False,n65,65,r18,18,v02,2,90000,0.002,0
Ma_xp_A1900_n65_r18_v04_90000_fof_0.002_0000,Ma_xp_A1900_n65_r18_v04_90000_fof_0.002_0000.hdf5,/rds/general/ephemeral/user/nny124/ephemeral/martian_moons_data/Ma_xp_A1900_n65_r18_v04_90000_fof_0.002_0000.hdf5,462775096,A1900,1900,,,,,False,n65,65,r18,18,v04,4,90000,0.002,0
Ma_xp_A1900_n65_r18_v06_89000_fof_0.002_0000,Ma_xp_A1900_n65_r18_v06_89000_fof_0.002_0000.hdf5,/rds/general/ephemeral/user/nny124/ephemeral/martian_moons_data/Ma_xp_A1900_n65_r18_v06_89000_fof_0.002_0000.hdf5,462775096,A1900,1900,,,,,False,n65,65,r18,18,v06,6,89000,0.002,0
Ma_xp_A1900_n65_r19_v00_90000_fof_0.002_0000,Ma_xp_A1900_n65_r19_v00_90000_fof_0.002_0000.hdf5,/rds/general/ephemeral/user/nny124/ephemeral/martian_moons_data/Ma_xp_A1900_n65_r19_v00_90000_fof_0.002_0000.hdf5,462775096,A1900,1900,,,,,False,n65,65,r19,19,v00,0,90000,0.002,0
Ma_xp_A1900_n65_r20_v00_89000_fof_0.002_0000,Ma_xp_A1900_n65_r20_v00_89000_fof_0.002_0000.hdf5,/rds/general/ephemeral/user/nny124/ephemeral/martian_moons_data/Ma_xp_A1900_n65_r20_v00_89000_fof_0.002_0000.hdf5,462775096,A1900,1900,,,,,False,n65,65,r20,20,v00,0,89000,0.002,0
Ma_xp_A1900_n65_r20_v02_89000_fof_0.002_0000,Ma_xp_A1900_n65_r20_v02_89000_fof_0.002_0000.hdf5,/rds/general/ephemeral/user/nny124/ephemeral/martian_moons_data/Ma_xp_A1900_n65_r20_v02_89000_fof_0.002_0000.hdf5,462775096,A1900,1900,,,,,False,n65,65,r20,20,v02,2,89000,0.002,0
Ma_xp_A1900_n65_r20_v04_89000_fof_0.002_0000,Ma_xp_A1900_n65_r20_v04_89000_fof_0.002_0000.hdf5,/rds/general/ephemeral/user/nny124/ephemeral/martian_moons_data/Ma_xp_A1900_n65_r20_v04_89000_fof_0.002_0000.hdf5,462775096,A1900,1900,,,,,False,n65,65,r20,20,v04,4,89000,0.002,0
Ma_xp_A1900_n65_r20_v06_90000_fof_0.002_0000,Ma_xp_A1900_n65_r20_v06_90000_fof_0.002_0000.hdf5,/rds/general/ephemeral/user/nny124/ephemeral/martian_moons_data/Ma_xp_A1900_n65_r20_v06_90000_fof_0.002_0000.hdf5,462775096,A1900,1900,,,,,False,n65,65,r20,20,v06,6,90000,0.002,0
Ma_xp_A1900_n65_r22_v00_89000_fof_0.002_0000,Ma_xp_A1900_n65_r22_v00_89000_fof_0.002_0000.hdf5,/rds/general/ephemeral/user/nny124/ephemeral/martian_moons_data/Ma_xp_A1900_n65_r22_v00_89000_fof_0.002_0000.hdf5,462775096,A1900,1900,,,,,False,n65,65,r22,22,v00,0,89000,0.002,0
Ma_xp_A1900_n65_r24_v00_89000_fof_0.002_0000,Ma_xp_A1900_n65_r24_v00_89000_fof_0.002_0000.hdf5,/rds/general/ephemeral/user/nny124/ephemeral/martian_moons_data/Ma_xp_A1900_n65_r24_v00_89000_fof_0.002_0000.hdf5,462775096,A1900,1900,,,,,False,n65,65,r24,24,v00,0,89000,0.002,0
Ma_xp_A1900_n65_r26_v00_90000_fof_0.002_0000,Ma_xp_A1900_n65_r26_v00_90000_fof_0.002_0000.hdf5,/rds/general/ephemeral/user/nny124/ephemeral/martian_moons_data/Ma_xp_A1900_n65_r26_v00_90000_fof_0.002_0000.hdf5,462775096,A1900,1900,,,,,False,n65,65,r26,26,v00,0,90000,0.002,0
Ma_xp_A1900_n70_r12_v00_90000_fof_0.001_0000,Ma_xp_A1900_n70_r12_v00_90000_fof_0.001_0000.hdf5,/rds/general/ephemeral/user/nny124/ephemeral/martian_moons_data/Ma_xp_A1900_n70_r12_v00_90000_fof_0.001_0000.hdf5,1098212512,A1900,1900,,,,,False,n70,70,r12,12,v00,0,90000,0.001,0
Ma_xp_A1900_n70_r16_v00_89000_fof_0.001_0000,Ma_xp_A1900_n70_r16_v00_89000_fof_0.001_0000.hdf5,/rds/general/ephemeral/user/nny124/ephemeral/martian_moons_data/Ma_xp_A1900_n70_r16_v00_89000_fof_0.001_0000.hdf5,1098212512,A1900,1900,,,,,False,n70,70,r16,16,v00,0,89000,0.001,0
Ma_xp_A1900_s030mz_n65_r12_v00_89000_fof_0.002_0000,Ma_xp_A1900_s030mz_n65_r12_v00_89000_fof_0.002_0000.hdf5,/rds/general/ephemeral/user/nny124/ephemeral/martian_moons_data/Ma_xp_A1900_s030mz_n65_r12_v00_89000_fof_0.002_0000.hdf5,462775112,A1900,1900,,s030mz,30,mz,True,n65,65,r12,12,v00,0,89000,0.002,0
Ma_xp_A1900_s030x_n65_r12_v00_90000_fof_0.002_0000,Ma_xp_A1900_s030x_n65_r12_v00_90000_fof_0.002_0000.hdf5,/rds/general/ephemeral/user/nny124/ephemeral/martian_moons_data/Ma_xp_A1900_s030x_n65_r12_v00_90000_fof_0.002_0000.hdf5,462775112,A1900,1900,,s030x,30,x,True,n65,65,r12,12,v00,0,90000,0.002,0
Ma_xp_A1900_s030z_n65_r11_v00_89000_fof_0.002_0000,Ma_xp_A1900_s030z_n65_r11_v00_89000_fof_0.002_0000.hdf5,/rds/general/ephemeral/user/nny124/ephemeral/martian_moons_data/Ma_xp_A1900_s030z_n65_r11_v00_89000_fof_0.002_0000.hdf5,462775112,A1900,1900,,s030z,30,z,True,n65,65,r11,11,v00,0,89000,0.002,0
Ma_xp_A1900_s030z_n65_r12_v00_90000_fof_0.002_0000,Ma_xp_A1900_s030z_n65_r12_v00_90000_fof_0.002_0000.hdf5,/rds/general/ephemeral/user/nny124/ephemeral/martian_moons_data/Ma_xp_A1900_s030z_n65_r12_v00_90000_fof_0.002_0000.hdf5,462775112,A1900,1900,,s030z,30,z,True,n65,65,r12,12,v00,0,90000,0.002,0
Ma_xp_A1900_s030z_n65_r12_v02_89000_fof_0.002_0000,Ma_xp_A1900_s030z_n65_r12_v02_89000_fof_0.002_0000.hdf5,/rds/general/ephemeral/user/nny124/ephemeral/martian_moons_data/Ma_xp_A1900_s030z_n65_r12_v02_89000_fof_0.002_0000.hdf5,462775112,A1900,1900,,s030z,30,z,True,n65,65,r12,12,v02,2,89000,0.002,0
Ma_xp_A1900_s030z_n65_r12_v04_90000_fof_0.002_0000,Ma_xp_A1900_s030z_n65_r12_v04_90000_fof_0.002_0000.hdf5,/rds/general/ephemeral/user/nny124/ephemeral/martian_moons_data/Ma_xp_A1900_s030z_n65_r12_v04_90000_fof_0.002_0000.hdf5,462775112,A1900,1900,,s030z,30,z,True,n65,65,r12,12,v04,4,90000,0.002,0
Ma_xp_A1900_s030z_n65_r12_v06_90000_fof_0.002_0000,Ma_xp_A1900_s030z_n65_r12_v06_90000_fof_0.002_0000.hdf5,/rds/general/ephemeral/user/nny124/ephemeral/martian_moons_data/Ma_xp_A1900_s030z_n65_r12_v06_90000_fof_0.002_0000.hdf5,462775112,A1900,1900,,s030z,30,z,True,n65,65,r12,12,v06,6,90000,0.002,0
Ma_xp_A1900_s030z_n65_r12_v08_90000_fof_0.002_0000,Ma_xp_A1900_s030z_n65_r12_v08_90000_fof_0.002_0000.hdf5,/rds/general/ephemeral/user/nny124/ephemeral/martian_moons_data/Ma_xp_A1900_s030z_n65_r12_v08_90000_fof_0.002_0000.hdf5,462775112,A1900,1900,,s030z,30,z,True,n65,65,r12,12,v08,8,90000,0.002,0
Ma_xp_A1900_s030z_n65_r12_v10_89000_fof_0.002_0000,Ma_xp_A1900_s030z_n65_r12_v10_89000_fof_0.002_0000.hdf5,/rds/general/ephemeral/user/nny124/ephemeral/martian_moons_data/Ma_xp_A1900_s030z_n65_r12_v10_89000_fof_0.002_0000.hdf5,462775112,A1900,1900,,s030z,30,z,True,n65,65,r12,12,v10,10,89000,0.002,0
Ma_xp_A1900_s030z_n65_r12_v15_89000_fof_0.002_0000,Ma_xp_A1900_s030z_n65_r12_v15_89000_fof_0.002_0000.hdf5,/rds/general/ephemeral/user/nny124/ephemeral/martian_moons_data/Ma_xp_A1900_s030z_n65_r12_v15_89000_fof_0.002_0000.hdf5,462775112,A1900,1900,,s030z,30,z,True,n65,65,r12,12,v15,15,89000,0.002,0
Ma_xp_A1900_s030z_n65_r12_v20_90000_fof_0.002_0000,Ma_xp_A1900_s030z_n65_r12_v20_90000_fof_0.002_0000.hdf5,/rds/general/ephemeral/user/nny124/ephemeral/martian_moons_data/Ma_xp_A1900_s030z_n65_r12_v20_90000_fof_0.002_0000.hdf5,462775112,A1900,1900,,s030z,30,z,True,n65,65,r12,12,v20,20,90000,0.002,0
Ma_xp_A1900_s030z_n65_r13_v00_90000_fof_0.002_0000,Ma_xp_A1900_s030z_n65_r13_v00_90000_fof_0.002_0000.hdf5,/rds/general/ephemeral/user/nny124/ephemeral/martian_moons_data/Ma_xp_A1900_s030z_n65_r13_v00_90000_fof_0.002_0000.hdf5,462775112,A1900,1900,,s030z,30,z,True,n65,65,r13,13,v00,0,90000,0.002,0
Ma_xp_A1900_s030z_n65_r14_v00_89000_fof_0.002_0000,Ma_xp_A1900_s030z_n65_r14_v00_89000_fof_0.002_0000.hdf5,/rds/general/ephemeral/user/nny124/ephemeral/martian_moons_data/Ma_xp_A1900_s030z_n65_r14_v00_89000_fof_0.002_0000.hdf5,462775112,A1900,1900,,s030z,30,z,True,n65,65,r14,14,v00,0,89000,0.002,0
Ma_xp_A1900_s030z_n65_r15_v00_90000_fof_0.002_0000,Ma_xp_A1900_s030z_n65_r15_v00_90000_fof_0.002_0000.hdf5,/rds/general/ephemeral/user/nny124/ephemeral/martian_moons_data/Ma_xp_A1900_s030z_n65_r15_v00_90000_fof_0.002_0000.hdf5,462775112,A1900,1900,,s030z,30,z,True,n65,65,r15,15,v00,0,90000,0.002,0
Ma_xp_A1900_s030z_n65_r16_v00_90000_fof_0.002_0000,Ma_xp_A1900_s030z_n65_r16_v00_90000_fof_0.002_0000.hdf5,/rds/general/ephemeral/user/nny124/ephemeral/martian_moons_data/Ma_xp_A1900_s030z_n65_r16_v00_90000_fof_0.002_0000.hdf5,462775112,A1900,1900,,s030z,30,z,True,n65,65,r16,16,v00,0,90000,0.002,0
Ma_xp_A1900_s030z_n65_r16_v02_90000_fof_0.002_0000,Ma_xp_A1900_s030z_n65_r16_v02_90000_fof_0.002_0000.hdf5,/rds/general/ephemeral/user/nny124/ephemeral/martian_moons_data/Ma_xp_A1900_s030z_n65_r16_v02_90000_fof_0.002_0000.hdf5,462775112,A1900,1900,,s030z,30,z,True,n65,65,r16,16,v02,2,90000,0.002,0
Ma_xp_A1900_s030z_n65_r16_v04_90000_fof_0.002_0000,Ma_xp_A1900_s030z_n65_r16_v04_90000_fof_0.002_0000.hdf5,/rds/general/ephemeral/user/nny124/ephemeral/martian_moons_data/Ma_xp_A1900_s030z_n65_r16_v04_90000_fof_0.002_0000.hdf5,462775112,A1900,1900,,s030z,30,z,True,n65,65,r16,16,v04,4,90000,0.002,0
Ma_xp_A1900_s030z_n65_r16_v06_89000_fof_0.002_0000,Ma_xp_A1900_s030z_n65_r16_v06_89000_fof_0.002_0000.hdf5,/rds/general/ephemeral/user/nny124/ephemeral/martian_moons_data/Ma_xp_A1900_s030z_n65_r16_v06_89000_fof_0.002_0000.hdf5,462775112,A1900,1900,,s030z,30,z,True,n65,65,r16,16,v06,6,89000,0.002,0
Ma_xp_A1900_s030z_n65_r17_v00_90000_fof_0.002_0000,Ma_xp_A1900_s030z_n65_r17_v00_90000_fof_0.002_0000.hdf5,/rds/general/ephemeral/user/nny124/ephemeral/martian_moons_data/Ma_xp_A1900_s030z_n65_r17_v00_90000_fof_0.002_0000.hdf5,462775112,A1900,1900,,s030z,30,z,True,n65,65,r17,17,v00,0,90000,0.002,0
Ma_xp_A1900_s030z_n65_r18_v00_89000_fof_0.002_0000,Ma_xp_A1900_s030z_n65_r18_v00_89000_fof_0.002_0000.hdf5,/rds/general/ephemeral/user/nny124/ephemeral/martian_moons_data/Ma_xp_A1900_s030z_n65_r18_v00_89000_fof_0.002_0000.hdf5,462775112,A1900,1900,,s030z,30,z,True,n65,65,r18,18,v00,0,89000,0.002,0
Ma_xp_A1900_s030z_n65_r19_v00_90000_fof_0.002_0000,Ma_xp_A1900_s030z_n65_r19_v00_90000_fof_0.002_0000.hdf5,/rds/general/ephemeral/user/nny124/ephemeral/martian_moons_data/Ma_xp_A1900_s030z_n65_r19_v00_90000_fof_0.002_0000.hdf5,462775112,A1900,1900,,s030z,30,z,True,n65,65,r19,19,v00,0,90000,0.002,0
Ma_xp_A1900_s030z_n65_r20_v00_90000_fof_0.002_0000,Ma_xp_A1900_s030z_n65_r20_v00_90000_fof_0.002_0000.hdf5,/rds/general/ephemeral/user/nny124/ephemeral/martian_moons_data/Ma_xp_A1900_s030z_n65_r20_v00_90000_fof_0.002_0000.hdf5,462775112,A1900,1900,,s030z,30,z,True,n65,65,r20,20,v00,0,90000,0.002,0
Ma_xp_A1900_s030z_n65_r20_v02_90000_fof_0.002_0000,Ma_xp_A1900_s030z_n65_r20_v02_90000_fof_0.002_0000.hdf5,/rds/general/ephemeral/user/nny124/ephemeral/martian_moons_data/Ma_xp_A1900_s030z_n65_r20_v02_90000_fof_0.002_0000.hdf5,462775112,A1900,1900,,s030z,30,z,True,n65,65,r20,20,v02,2,90000,0.002,0
Ma_xp_A1900_s030z_n65_r20_v04_90000_fof_0.002_0000,Ma_xp_A1900_s030z_n65_r20_v04_90000_fof_0.002_0000.hdf5,/rds/general/ephemeral/user/nny124/ephemeral/martian_moons_data/Ma_xp_A1900_s030z_n65_r20_v04_90000_fof_0.002_0000.hdf5,462775112,A1900,1900,,s030z,30,z,True,n65,65,r20,20,v04,4,90000,0.002,0
Ma_xp_A1900_s030z_n65_r20_v06_89000_fof_0.002_0000,Ma_xp_A1900_s030z_n65_r20_v06_89000_fof_0.002_0000.hdf5,/rds/general/ephemeral/user/nny124/ephemeral/martian_moons_data/Ma_xp_A1900_s030z_n65_r20_v06_89000_fof_0.002_0000.hdf5,462775112,A1900,1900,,s030z,30,z,True,n65,65,r20,20,v06,6,89000,0.002,0
Ma_xp_A1900_s030z_n65_r22_v00_90000_fof_0.002_0000,Ma_xp_A1900_s030z_n65_r22_v00_90000_fof_0.002_0000.hdf5,/rds/general/ephemeral/user/nny124/ephemeral/martian_moons_data/Ma_xp_A1900_s030z_n65_r22_v00_90000_fof_0.002_0000.hdf5,462775112,A1900,1900,,s030z,30,z,True,n65,65,r22,22,v00,0,90000,0.002,0
Ma_xp_A1900_s030z_n65_r24_v00_89000_fof_0.002_0000,Ma_xp_A1900_s030z_n65_r24_v00_89000_fof_0.002_0000.hdf5,/rds/general/ephemeral/user/nny124/ephemeral/martian_moons_data/Ma_xp_A1900_s030z_n65_r24_v00_89000_fof_0.002_0000.hdf5,462775112,A1900,1900,,s030z,30,z,True,n65,65,r24,24,v00,0,89000,0.002,0
Ma_xp_A1900_s030z_n65_r26_v00_89000_fof_0.002_0000,Ma_xp_A1900_s030z_n65_r26_v00_89000_fof_0.002_0000.hdf5,/rds/general/ephemeral/user/nny124/ephemeral/martian_moons_data/Ma_xp_A1900_s030z_n65_r26_v00_89000_fof_0.002_0000.hdf5,462775112,A1900,1900,,s030z,30,z,True,n65,65,r26,26,v00,0,89000,0.002,0
Ma_xp_A1900_s035mz_n65_r12_v00_89000_fof_0.002_0000,Ma_xp_A1900_s035mz_n65_r12_v00_89000_fof_0.002_0000.hdf5,/rds/general/ephemeral/user/nny124/ephemeral/martian_moons_data/Ma_xp_A1900_s035mz_n65_r12_v00_89000_fof_0.002_0000.hdf5,462775112,A1900,1900,,s035mz,35,mz,True,n65,65,r12,12,v00,0,89000,0.002,0
Ma_xp_A1900_s035x_n65_r12_v00_90000_fof_0.002_0000,Ma_xp_A1900_s035x_n65_r12_v00_90000_fof_0.002_0000.hdf5,/rds/general/ephemeral/user/nny124/ephemeral/martian_moons_data/Ma_xp_A1900_s035x_n65_r12_v00_90000_fof_0.002_0000.hdf5,462775112,A1900,1900,,s035x,35,x,True,n65,65,r12,12,v00,0,90000,0.002,0
Ma_xp_A1900_s035y_n65_r12_v00_90000_fof_0.002_0000,Ma_xp_A1900_s035y_n65_r12_v00_90000_fof_0.002_0000.hdf5,/rds/general/ephemeral/user/nny124/ephemeral/martian_moons_data/Ma_xp_A1900_s035y_n65_r12_v00_90000_fof_0.002_0000.hdf5,462775112,A1900,1900,,s035y,35,y,True,n65,65,r12,12,v00,0,90000,0.002,0
Ma_xp_A1900_s035z_n65_r12_v00_90000_fof_0.002_0000,Ma_xp_A1900_s035z_n65_r12_v00_90000_fof_0.002_0000.hdf5,/rds/general/ephemeral/user/nny124/ephemeral/martian_moons_data/Ma_xp_A1900_s035z_n65_r12_v00_90000_fof_0.002_0000.hdf5,462775112,A1900,1900,,s035z,35,z,True,n65,65,r12,12,v00,0,90000,0.002,0
Ma_xp_A1900_s035z_n65_r16_v00_90000_fof_0.002_0000,Ma_xp_A1900_s035z_n65_r16_v00_90000_fof_0.002_0000.hdf5,/rds/general/ephemeral/user/nny124/ephemeral/martian_moons_data/Ma_xp_A1900_s035z_n65_r16_v00_90000_fof_0.002_0000.hdf5,462775112,A1900,1900,,s035z,35,z,True,n65,65,r16,16,v00,0,90000,0.002,0
Ma_xp_A1900_s035z_n65_r20_v00_90000_fof_0.002_0000,Ma_xp_A1900_s035z_n65_r20_v00_90000_fof_0.002_0000.hdf5,/rds/general/ephemeral/user/nny124/ephemeral/martian_moons_data/Ma_xp_A1900_s035z_n65_r20_v00_90000_fof_0.002_0000.hdf5,462775112,A1900,1900,,s035z,35,z,True,n65,65,r20,20,v00,0,90000,0.002,0
Ma_xp_A1900_s047mz_n65_r12_v00_89000_fof_0.002_0000,Ma_xp_A1900_s047mz_n65_r12_v00_89000_fof_0.002_0000.hdf5,/rds/general/ephemeral/user/nny124/ephemeral/martian_moons_data/Ma_xp_A1900_s047mz_n65_r12_v00_89000_fof_0.002_0000.hdf5,462775112,A1900,1900,,s047mz,47,mz,True,n65,65,r12,12,v00,0,89000,0.002,0
Ma_xp_A1900_s047x_n65_r12_v00_90000_fof_0.002_0000,Ma_xp_A1900_s047x_n65_r12_v00_90000_fof_0.002_0000.hdf5,/rds/general/ephemeral/user/nny124/ephemeral/martian_moons_data/Ma_xp_A1900_s047x_n65_r12_v00_90000_fof_0.002_0000.hdf5,462775112,A1900,1900,,s047x,47,x,True,n65,65,r12,12,v00,0,90000,0.002,0
Ma_xp_A1900_s047y_n65_r12_v00_90000_fof_0.002_0000,Ma_xp_A1900_s047y_n65_r12_v00_90000_fof_0.002_0000.hdf5,/rds/general/ephemeral/user/nny124/ephemeral/martian_moons_data/Ma_xp_A1900_s047y_n65_r12_v00_90000_fof_0.002_0000.hdf5,462775112,A1900,1900,,s047y,47,y,True,n65,65,r12,12,v00,0,90000,0.002,0
Ma_xp_A1900_s047z_n65_r11_v00_90000_fof_0.002_0000,Ma_xp_A1900_s047z_n65_r11_v00_90000_fof_0.002_0000.hdf5,/rds/general/ephemeral/user/nny124/ephemeral/martian_moons_data/Ma_xp_A1900_s047z_n65_r11_v00_90000_fof_0.002_0000.hdf5,462775112,A1900,1900,,s047z,47,z,True,n65,65,r11,11,v00,0,90000,0.002,0
Ma_xp_A1900_s047z_n65_r12_v00_90000_fof_0.002_0000,Ma_xp_A1900_s047z_n65_r12_v00_90000_fof_0.002_0000.hdf5,/rds/general/ephemeral/user/nny124/ephemeral/martian_moons_data/Ma_xp_A1900_s047z_n65_r12_v00_90000_fof_0.002_0000.hdf5,462775112,A1900,1900,,s047z,47,z,True,n65,65,r12,12,v00,0,90000,0.002,0
Ma_xp_A1900_s047z_n65_r12_v02_89000_fof_0.002_0000,Ma_xp_A1900_s047z_n65_r12_v02_89000_fof_0.002_0000.hdf5,/rds/general/ephemeral/user/nny124/ephemeral/martian_moons_data/Ma_xp_A1900_s047z_n65_r12_v02_89000_fof_0.002_0000.hdf5,462775112,A1900,1900,,s047z,47,z,True,n65,65,r12,12,v02,2,89000,0.002,0
Ma_xp_A1900_s047z_n65_r12_v04_90000_fof_0.002_0000,Ma_xp_A1900_s047z_n65_r12_v04_90000_fof_0.002_0000.hdf5,/rds/general/ephemeral/user/nny124/ephemeral/martian_moons_data/Ma_xp_A1900_s047z_n65_r12_v04_90000_fof_0.002_0000.hdf5,462775112,A1900,1900,,s047z,47,z,True,n65,65,r12,12,v04,4,90000,0.002,0
Ma_xp_A1900_s047z_n65_r12_v06_90000_fof_0.002_0000,Ma_xp_A1900_s047z_n65_r12_v06_90000_fof_0.002_0000.hdf5,/rds/general/ephemeral/user/nny124/ephemeral/martian_moons_data/Ma_xp_A1900_s047z_n65_r12_v06_90000_fof_0.002_0000.hdf5,462775112,A1900,1900,,s047z,47,z,True,n65,65,r12,12,v06,6,90000,0.002,0
Ma_xp_A1900_s047z_n65_r12_v08_90000_fof_0.002_0000,Ma_xp_A1900_s047z_n65_r12_v08_90000_fof_0.002_0000.hdf5,/rds/general/ephemeral/user/nny124/ephemeral/martian_moons_data/Ma_xp_A1900_s047z_n65_r12_v08_90000_fof_0.002_0000.hdf5,462775112,A1900,1900,,s047z,47,z,True,n65,65,r12,12,v08,8,90000,0.002,0
Ma_xp_A1900_s047z_n65_r12_v10_89000_fof_0.002_0000,Ma_xp_A1900_s047z_n65_r12_v10_89000_fof_0.002_0000.hdf5,/rds/general/ephemeral/user/nny124/ephemeral/martian_moons_data/Ma_xp_A1900_s047z_n65_r12_v10_89000_fof_0.002_0000.hdf5,462775112,A1900,1900,,s047z,47,z,True,n65,65,r12,12,v10,10,89000,0.002,0
Ma_xp_A1900_s047z_n65_r12_v15_90000_fof_0.002_0000,Ma_xp_A1900_s047z_n65_r12_v15_90000_fof_0.002_0000.hdf5,/rds/general/ephemeral/user/nny124/ephemeral/martian_moons_data/Ma_xp_A1900_s047z_n65_r12_v15_90000_fof_0.002_0000.hdf5,462775112,A1900,1900,,s047z,47,z,True,n65,65,r12,12,v15,15,90000,0.002,0
Ma_xp_A1900_s047z_n65_r12_v20_90000_fof_0.002_0000,Ma_xp_A1900_s047z_n65_r12_v20_90000_fof_0.002_0000.hdf5,/rds/general/ephemeral/user/nny124/ephemeral/martian_moons_data/Ma_xp_A1900_s047z_n65_r12_v20_90000_fof_0.002_0000.hdf5,462775112,A1900,1900,,s047z,47,z,True,n65,65,r12,12,v20,20,90000,0.002,0
Ma_xp_A1900_s047z_n65_r13_v00_89000_fof_0.002_0000,Ma_xp_A1900_s047z_n65_r13_v00_89000_fof_0.002_0000.hdf5,/rds/general/ephemeral/user/nny124/ephemeral/martian_moons_data/Ma_xp_A1900_s047z_n65_r13_v00_89000_fof_0.002_0000.hdf5,462775112,A1900,1900,,s047z,47,z,True,n65,65,r13,13,v00,0,89000,0.002,0
Ma_xp_A1900_s047z_n65_r14_v00_90000_fof_0.002_0000,Ma_xp_A1900_s047z_n65_r14_v00_90000_fof_0.002_0000.hdf5,/rds/general/ephemeral/user/nny124/ephemeral/martian_moons_data/Ma_xp_A1900_s047z_n65_r14_v00_90000_fof_0.002_0000.hdf5,462775112,A1900,1900,,s047z,47,z,True,n65,65,r14,14,v00,0,90000,0.002,0
Ma_xp_A1900_s047z_n65_r15_v00_90000_fof_0.002_0000,Ma_xp_A1900_s047z_n65_r15_v00_90000_fof_0.002_0000.hdf5,/rds/general/ephemeral/user/nny124/ephemeral/martian_moons_data/Ma_xp_A1900_s047z_n65_r15_v00_90000_fof_0.002_0000.hdf5,462775112,A1900,1900,,s047z,47,z,True,n65,65,r15,15,v00,0,90000,0.002,0
Ma_xp_A1900_s047z_n65_r16_v00_90000_fof_0.002_0000,Ma_xp_A1900_s047z_n65_r16_v00_90000_fof_0.002_0000.hdf5,/rds/general/ephemeral/user/nny124/ephemeral/martian_moons_data/Ma_xp_A1900_s047z_n65_r16_v00_90000_fof_0.002_0000.hdf5,462775112,A1900,1900,,s047z,47,z,True,n65,65,r16,16,v00,0,90000,0.002,0
Ma_xp_A1900_s047z_n65_r16_v02_89000_fof_0.002_0000,Ma_xp_A1900_s047z_n65_r16_v02_89000_fof_0.002_0000.hdf5,/rds/general/ephemeral/user/nny124/ephemeral/martian_moons_data/Ma_xp_A1900_s047z_n65_r16_v02_89000_fof_0.002_0000.hdf5,462775112,A1900,1900,,s047z,47,z,True,n65,65,r16,16,v02,2,89000,0.002,0
Ma_xp_A1900_s047z_n65_r16_v04_90000_fof_0.002_0000,Ma_xp_A1900_s047z_n65_r16_v04_90000_fof_0.002_0000.hdf5,/rds/general/ephemeral/user/nny124/ephemeral/martian_moons_data/Ma_xp_A1900_s047z_n65_r16_v04_90000_fof_0.002_0000.hdf5,462775112,A1900,1900,,s047z,47,z,True,n65,65,r16,16,v04,4,90000,0.002,0
Ma_xp_A1900_s047z_n65_r16_v06_90000_fof_0.002_0000,Ma_xp_A1900_s047z_n65_r16_v06_90000_fof_0.002_0000.hdf5,/rds/general/ephemeral/user/nny124/ephemeral/martian_moons_data/Ma_xp_A1900_s047z_n65_r16_v06_90000_fof_0.002_0000.hdf5,462775112,A1900,1900,,s047z,47,z,True,n65,65,r16,16,v06,6,90000,0.002,0
Ma_xp_A1900_s047z_n65_r17_v00_90000_fof_0.002_0000,Ma_xp_A1900_s047z_n65_r17_v00_90000_fof_0.002_0000.hdf5,/rds/general/ephemeral/user/nny124/ephemeral/martian_moons_data/Ma_xp_A1900_s047z_n65_r17_v00_90000_fof_0.002_0000.hdf5,462775112,A1900,1900,,s047z,47,z,True,n65,65,r17,17,v00,0,90000,0.002,0
Ma_xp_A1900_s047z_n65_r18_v00_89000_fof_0.002_0000,Ma_xp_A1900_s047z_n65_r18_v00_89000_fof_0.002_0000.hdf5,/rds/general/ephemeral/user/nny124/ephemeral/martian_moons_data/Ma_xp_A1900_s047z_n65_r18_v00_89000_fof_0.002_0000.hdf5,462775112,A1900,1900,,s047z,47,z,True,n65,65,r18,18,v00,0,89000,0.002,0
Ma_xp_A1900_s047z_n65_r19_v00_89000_fof_0.002_0000,Ma_xp_A1900_s047z_n65_r19_v00_89000_fof_0.002_0000.hdf5,/rds/general/ephemeral/user/nny124/ephemeral/martian_moons_data/Ma_xp_A1900_s047z_n65_r19_v00_89000_fof_0.002_0000.hdf5,462775112,A1900,1900,,s047z,47,z,True,n65,65,r19,19,v00,0,89000,0.002,0
Ma_xp_A1900_s047z_n65_r20_v00_90000_fof_0.002_0000,Ma_xp_A1900_s047z_n65_r20_v00_90000_fof_0.002_0000.hdf5,/rds/general/ephemeral/user/nny124/ephemeral/martian_moons_data/Ma_xp_A1900_s047z_n65_r20_v00_90000_fof_0.002_0000.hdf5,462775112,A1900,1900,,s047z,47,z,True,n65,65,r20,20,v00,0,90000,0.002,0
Ma_xp_A1900_s047z_n65_r20_v02_90000_fof_0.002_0000,Ma_xp_A1900_s047z_n65_r20_v02_90000_fof_0.002_0000.hdf5,/rds/general/ephemeral/user/nny124/ephemeral/martian_moons_data/Ma_xp_A1900_s047z_n65_r20_v02_90000_fof_0.002_0000.hdf5,462775112,A1900,1900,,s047z,47,z,True,n65,65,r20,20,v02,2,90000,0.002,0
Ma_xp_A1900_s047z_n65_r20_v04_90000_fof_0.002_0000,Ma_xp_A1900_s047z_n65_r20_v04_90000_fof_0.002_0000.hdf5,/rds/general/ephemeral/user/nny124/ephemeral/martian_moons_data/Ma_xp_A1900_s047z_n65_r20_v04_90000_fof_0.002_0000.hdf5,462775112,A1900,1900,,s047z,47,z,True,n65,65,r20,20,v04,4,90000,0.002,0
Ma_xp_A1900_s047z_n65_r20_v06_90000_fof_0.002_0000,Ma_xp_A1900_s047z_n65_r20_v06_90000_fof_0.002_0000.hdf5,/rds/general/ephemeral/user/nny124/ephemeral/martian_moons_data/Ma_xp_A1900_s047z_n65_r20_v06_90000_fof_0.002_0000.hdf5,462775112,A1900,1900,,s047z,47,z,True,n65,65,r20,20,v06,6,90000,0.002,0
Ma_xp_A1900_s047z_n65_r22_v00_90000_fof_0.002_0000,Ma_xp_A1900_s047z_n65_r22_v00_90000_fof_0.002_0000.hdf5,/rds/general/ephemeral/user/nny124/ephemeral/martian_moons_data/Ma_xp_A1900_s047z_n65_r22_v00_90000_fof_0.002_0000.hdf5,462775112,A1900,1900,,s047z,47,z,True,n65,65,r22,22,v00,0,90000,0.002,0
Ma_xp_A1900_s047z_n65_r24_v00_90000_fof_0.002_0000,Ma_xp_A1900_s047z_n65_r24_v00_90000_fof_0.002_0000.hdf5,/rds/general/ephemeral/user/nny124/ephemeral/martian_moons_data/Ma_xp_A1900_s047z_n65_r24_v00_90000_fof_0.002_0000.hdf5,462775112,A1900,1900,,s047z,47,z,True,n65,65,r24,24,v00,0,90000,0.002,0
Ma_xp_A1900_s047z_n65_r26_v00_89000_fof_0.002_0000,Ma_xp_A1900_s047z_n65_r26_v00_89000_fof_0.002_0000.hdf5,/rds/general/ephemeral/user/nny124/ephemeral/martian_moons_data/Ma_xp_A1900_s047z_n65_r26_v00_89000_fof_0.002_0000.hdf5,462775112,A1900,1900,,s047z,47,z,True,n65,65,r26,26,v00,0,89000,0.002,0
Ma_xp_A1900_s086mz_n65_r12_v00_90000_fof_0.002_0000,Ma_xp_A1900_s086mz_n65_r12_v00_90000_fof_0.002_0000.hdf5,/rds/general/ephemeral/user/nny124/ephemeral/martian_moons_data/Ma_xp_A1900_s086mz_n65_r12_v00_90000_fof_0.002_0000.hdf5,462775112,A1900,1900,,s086mz,86,mz,True,n65,65,r12,12,v00,0,90000,0.002,0
Ma_xp_A1900_s086x_n65_r12_v00_90000_fof_0.002_0000,Ma_xp_A1900_s086x_n65_r12_v00_90000_fof_0.002_0000.hdf5,/rds/general/ephemeral/user/nny124/ephemeral/martian_moons_data/Ma_xp_A1900_s086x_n65_r12_v00_90000_fof_0.002_0000.hdf5,462775112,A1900,1900,,s086x,86,x,True,n65,65,r12,12,v00,0,90000,0.002,0
Ma_xp_A1900_s086y_n65_r12_v00_89100_fof_0.002_0000,Ma_xp_A1900_s086y_n65_r12_v00_89100_fof_0.002_0000.hdf5,/rds/general/ephemeral/user/nny124/ephemeral/martian_moons_data/Ma_xp_A1900_s086y_n65_r12_v00_89100_fof_0.002_0000.hdf5,462775112,A1900,1900,,s086y,86,y,True,n65,65,r12,12,v00,0,89100,0.002,0
Ma_xp_A1900_s086z_n65_r12_v00_90000_fof_0.002_0000,Ma_xp_A1900_s086z_n65_r12_v00_90000_fof_0.002_0000.hdf5,/rds/general/ephemeral/user/nny124/ephemeral/martian_moons_data/Ma_xp_A1900_s086z_n65_r12_v00_90000_fof_0.002_0000.hdf5,462775112,A1900,1900,,s086z,86,z,True,n65,65,r12,12,v00,0,90000,0.002,0
Ma_xp_A1900_s086z_n65_r16_v00_90000_fof_0.002_0000,Ma_xp_A1900_s086z_n65_r16_v00_90000_fof_0.002_0000.hdf5,/rds/general/ephemeral/user/nny124/ephemeral/martian_moons_data/Ma_xp_A1900_s086z_n65_r16_v00_90000_fof_0.002_0000.hdf5,462775112,A1900,1900,,s086z,86,z,True,n65,65,r16,16,v00,0,90000,0.002,0
Ma_xp_A1900_s086z_n65_r20_v00_89000_fof_0.002_0000,Ma_xp_A1900_s086z_n65_r20_v00_89000_fof_0.002_0000.hdf5,/rds/general/ephemeral/user/nny124/ephemeral/martian_moons_data/Ma_xp_A1900_s086z_n65_r20_v00_89000_fof_0.002_0000.hdf5,462775112,A1900,1900,,s086z,86,z,True,n65,65,r20,20,v00,0,89000,0.002,0
Ma_xp_A1900_s170mz_n65_r12_v00_90000_fof_0.002_0000,Ma_xp_A1900_s170mz_n65_r12_v00_90000_fof_0.002_0000.hdf5,/rds/general/ephemeral/user/nny124/ephemeral/martian_moons_data/Ma_xp_A1900_s170mz_n65_r12_v00_90000_fof_0.002_0000.hdf5,462775112,A1900,1900,,s170mz,170,mz,True,n65,65,r12,12,v00,0,90000,0.002,0
Ma_xp_A1900_s170x_n65_r12_v00_90000_fof_0.002_0000,Ma_xp_A1900_s170x_n65_r12_v00_90000_fof_0.002_0000.hdf5,/rds/general/ephemeral/user/nny124/ephemeral/martian_moons_data/Ma_xp_A1900_s170x_n65_r12_v00_90000_fof_0.002_0000.hdf5,462775112,A1900,1900,,s170x,170,x,True,n65,65,r12,12,v00,0,90000,0.002,0
Ma_xp_A1900_s170y_n65_r12_v00_90000_fof_0.002_0000,Ma_xp_A1900_s170y_n65_r12_v00_90000_fof_0.002_0000.hdf5,/rds/general/ephemeral/user/nny124/ephemeral/martian_moons_data/Ma_xp_A1900_s170y_n65_r12_v00_90000_fof_0.002_0000.hdf5,462775112,A1900,1900,,s170y,170,y,True,n65,65,r12,12,v00,0,90000,0.002,0
Ma_xp_A1900_s170z_n65_r12_v00_90000_fof_0.002_0000,Ma_xp_A1900_s170z_n65_r12_v00_90000_fof_0.002_0000.hdf5,/rds/general/ephemeral/user/nny124/ephemeral/martian_moons_data/Ma_xp_A1900_s170z_n65_r12_v00_90000_fof_0.002_0000.hdf5,462775112,A1900,1900,,s170z,170,z,True,n65,65,r12,12,v00,0,90000,0.002,0
Ma_xp_A1900_s170z_n65_r16_v00_90000_fof_0.002_0000,Ma_xp_A1900_s170z_n65_r16_v00_90000_fof_0.002_0000.hdf5,/rds/general/ephemeral/user/nny124/ephemeral/martian_moons_data/Ma_xp_A1900_s170z_n65_r16_v00_90000_fof_0.002_0000.hdf5,462775112,A1900,1900,,s170z,170,z,True,n65,65,r16,16,v00,0,90000,0.002,0
Ma_xp_A1900_s170z_n65_r20_v00_89000_fof_0.002_0000,Ma_xp_A1900_s170z_n65_r20_v00_89000_fof_0.002_0000.hdf5,/rds/general/ephemeral/user/nny124/ephemeral/martian_moons_data/Ma_xp_A1900_s170z_n65_r20_v00_89000_fof_0.002_0000.hdf5,462775112,A1900,1900,,s170z,170,z,True,n65,65,r20,20,v00,0,89000,0.002,0
Ma_xp_A1950_n65_r12_v00_90000_fof_0.0020_0000,Ma_xp_A1950_n65_r12_v00_90000_fof_0.0020_0000.hdf5,/rds/general/ephemeral/user/nny124/ephemeral/martian_moons_data/Ma_xp_A1950_n65_r12_v00_90000_fof_0.0020_0000.hdf5,462775088,A1950,1950,,,,,False,n65,65,r12,12,v00,0,90000,0.002,0
Ma_xp_A1950_n65_r12_v00_90000_fof_0.0027_0000,Ma_xp_A1950_n65_r12_v00_90000_fof_0.0027_0000.hdf5,/rds/general/ephemeral/user/nny124/ephemeral/martian_moons_data/Ma_xp_A1950_n65_r12_v00_90000_fof_0.0027_0000.hdf5,462775088,A1950,1950,,,,,False,n65,65,r12,12,v00,0,90000,0.0027,0
Ma_xp_A1950_n65_r12_v00_90000_fof_0.002_0000,Ma_xp_A1950_n65_r12_v00_90000_fof_0.002_0000.hdf5,/rds/general/ephemeral/user/nny124/ephemeral/martian_moons_data/Ma_xp_A1950_n65_r12_v00_90000_fof_0.002_0000.hdf5,462775096,A1950,1950,,,,,False,n65,65,r12,12,v00,0,90000,0.002,0
Ma_xp_A1950_n65_r12_v00_90000_fof_0.0034_0000,Ma_xp_A1950_n65_r12_v00_90000_fof_0.0034_0000.hdf5,/rds/general/ephemeral/user/nny124/ephemeral/martian_moons_data/Ma_xp_A1950_n65_r12_v00_90000_fof_0.0034_0000.hdf5,462775088,A1950,1950,,,,,False,n65,65,r12,12,v00,0,90000,0.0034,0
Ma_xp_A1950_n65_r12_v00_90000_fof_0.003_0000,Ma_xp_A1950_n65_r12_v00_90000_fof_0.003_0000.hdf5,/rds/general/ephemeral/user/nny124/ephemeral/martian_moons_data/Ma_xp_A1950_n65_r12_v00_90000_fof_0.003_0000.hdf5,462775096,A1950,1950,,,,,False,n65,65,r12,12,v00,0,90000,0.003,0
Ma_xp_A1950_n65_r16_v00_90000_fof_0.0020_0000,Ma_xp_A1950_n65_r16_v00_90000_fof_0.0020_0000.hdf5,/rds/general/ephemeral/user/nny124/ephemeral/martian_moons_data/Ma_xp_A1950_n65_r16_v00_90000_fof_0.0020_0000.hdf5,462775088,A1950,1950,,,,,False,n65,65,r16,16,v00,0,90000,0.002,0
Ma_xp_A1950_n65_r16_v00_90000_fof_0.0027_0000,Ma_xp_A1950_n65_r16_v00_90000_fof_0.0027_0000.hdf5,/rds/general/ephemeral/user/nny124/ephemeral/martian_moons_data/Ma_xp_A1950_n65_r16_v00_90000_fof_0.0027_0000.hdf5,462775088,A1950,1950,,,,,False,n65,65,r16,16,v00,0,90000,0.0027,0
Ma_xp_A1950_n65_r16_v00_90000_fof_0.002_0000,Ma_xp_A1950_n65_r16_v00_90000_fof_0.002_0000.hdf5,/rds/general/ephemeral/user/nny124/ephemeral/martian_moons_data/Ma_xp_A1950_n65_r16_v00_90000_fof_0.002_0000.hdf5,462775096,A1950,1950,,,,,False,n65,65,r16,16,v00,0,90000,0.002,0
Ma_xp_A1950_n65_r16_v00_90000_fof_0.0034_0000,Ma_xp_A1950_n65_r16_v00_90000_fof_0.0034_0000.hdf5,/rds/general/ephemeral/user/nny124/ephemeral/martian_moons_data/Ma_xp_A1950_n65_r16_v00_90000_fof_0.0034_0000.hdf5,462775088,A1950,1950,,,,,False,n65,65,r16,16,v00,0,90000,0.0034,0
Ma_xp_A1950_n65_r16_v00_90000_fof_0.003_0000,Ma_xp_A1950_n65_r16_v00_90000_fof_0.003_0000.hdf5,/rds/general/ephemeral/user/nny124/ephemeral/martian_moons_data/Ma_xp_A1950_n65_r16_v00_90000_fof_0.003_0000.hdf5,462775096,A1950,1950,,,,,False,n65,65,r16,16,v00,0,90000,0.003,0
Ma_xp_A2000_n50_r12_v00_90000_fof_0.0126_0000,Ma_xp_A2000_n50_r12_v00_90000_fof_0.0126_0000.hdf5,/rds/general/ephemeral/user/nny124/ephemeral/martian_moons_data/Ma_xp_A2000_n50_r12_v00_90000_fof_0.0126_0000.hdf5,50119221,A2000,2000,,,,,False,n50,50,r12,12,v00,0,90000,0.0126,0
Ma_xp_A2000_n50_r14_v00_90000_fof_0.0126_0000,Ma_xp_A2000_n50_r14_v00_90000_fof_0.0126_0000.hdf5,/rds/general/ephemeral/user/nny124/ephemeral/martian_moons_data/Ma_xp_A2000_n50_r14_v00_90000_fof_0.0126_0000.hdf5,50119221,A2000,2000,,,,,False,n50,50,r14,14,v00,0,90000,0.0126,0
Ma_xp_A2000_n50_r16_v00_90000_fof_0.0126_0000,Ma_xp_A2000_n50_r16_v00_90000_fof_0.0126_0000.hdf5,/rds/general/ephemeral/user/nny124/ephemeral/martian_moons_data/Ma_xp_A2000_n50_r16_v00_90000_fof_0.0126_0000.hdf5,50119221,A2000,2000,,,,,False,n50,50,r16,16,v00,0,90000,0.0126,0
Ma_xp_A2000_n55_r12_v00_90000_fof_0.0086_0000,Ma_xp_A2000_n55_r12_v00_90000_fof_0.0086_0000.hdf5,/rds/general/ephemeral/user/nny124/ephemeral/martian_moons_data/Ma_xp_A2000_n55_r12_v00_90000_fof_0.0086_0000.hdf5,71407395,A2000,2000,,,,,False,n55,55,r12,12,v00,0,90000,0.0086,0
Ma_xp_A2000_n55_r14_v00_90000_fof_0.0086_0000,Ma_xp_A2000_n55_r14_v00_90000_fof_0.0086_0000.hdf5,/rds/general/ephemeral/user/nny124/ephemeral/martian_moons_data/Ma_xp_A2000_n55_r14_v00_90000_fof_0.0086_0000.hdf5,71407193,A2000,2000,,,,,False,n55,55,r14,14,v00,0,90000,0.0086,0
Ma_xp_A2000_n55_r16_v00_90000_fof_0.0086_0000,Ma_xp_A2000_n55_r16_v00_90000_fof_0.0086_0000.hdf5,/rds/general/ephemeral/user/nny124/ephemeral/martian_moons_data/Ma_xp_A2000_n55_r16_v00_90000_fof_0.0086_0000.hdf5,71407395,A2000,2000,,,,,False,n55,55,r16,16,v00,0,90000,0.0086,0
Ma_xp_A2000_n60_r12_v00_90000_fof_0.0059_0000,Ma_xp_A2000_n60_r12_v00_90000_fof_0.0059_0000.hdf5,/rds/general/ephemeral/user/nny124/ephemeral/martian_moons_data/Ma_xp_A2000_n60_r12_v00_90000_fof_0.0059_0000.hdf5,140435643,A2000,2000,,,,,False,n60,60,r12,12,v00,0,90000,0.0059,0
Ma_xp_A2000_n60_r14_v00_90000_fof_0.0059_0000,Ma_xp_A2000_n60_r14_v00_90000_fof_0.0059_0000.hdf5,/rds/general/ephemeral/user/nny124/ephemeral/martian_moons_data/Ma_xp_A2000_n60_r14_v00_90000_fof_0.0059_0000.hdf5,140435239,A2000,2000,,,,,False,n60,60,r14,14,v00,0,90000,0.0059,0
Ma_xp_A2000_n60_r16_v00_90000_fof_0.0059_0000,Ma_xp_A2000_n60_r16_v00_90000_fof_0.0059_0000.hdf5,/rds/general/ephemeral/user/nny124/ephemeral/martian_moons_data/Ma_xp_A2000_n60_r16_v00_90000_fof_0.0059_0000.hdf5,140435643,A2000,2000,,,,,False,n60,60,r16,16,v00,0,90000,0.0059,0
Ma_xp_A2000_n65_r11_v00_90000_fof_0.0010_0000,Ma_xp_A2000_n65_r11_v00_90000_fof_0.0010_0000.hdf5,/rds/general/ephemeral/user/nny124/ephemeral/martian_moons_data/Ma_xp_A2000_n65_r11_v00_90000_fof_0.0010_0000.hdf5,462775088,A2000,2000,,,,,False,n65,65,r11,11,v00,0,90000,0.001,0
Ma_xp_A2000_n65_r11_v00_90000_fof_0.0020_0000,Ma_xp_A2000_n65_r11_v00_90000_fof_0.0020_0000.hdf5,/rds/general/ephemeral/user/nny124/ephemeral/martian_moons_data/Ma_xp_A2000_n65_r11_v00_90000_fof_0.0020_0000.hdf5,462775088,A2000,2000,,,,,False,n65,65,r11,11,v00,0,90000,0.002,0
Ma_xp_A2000_n65_r11_v00_90000_fof_0.0030_0000,Ma_xp_A2000_n65_r11_v00_90000_fof_0.0030_0000.hdf5,/rds/general/ephemeral/user/nny124/ephemeral/martian_moons_data/Ma_xp_A2000_n65_r11_v00_90000_fof_0.0030_0000.hdf5,462775088,A2000,2000,,,,,False,n65,65,r11,11,v00,0,90000,0.003,0
Ma_xp_A2000_n65_r11_v00_90000_fof_0.0035_0000,Ma_xp_A2000_n65_r11_v00_90000_fof_0.0035_0000.hdf5,/rds/general/ephemeral/user/nny124/ephemeral/martian_moons_data/Ma_xp_A2000_n65_r11_v00_90000_fof_0.0035_0000.hdf5,462775088,A2000,2000,,,,,False,n65,65,r11,11,v00,0,90000,0.0035,0
Ma_xp_A2000_n65_r11_v00_90000_fof_0.0040_0000,Ma_xp_A2000_n65_r11_v00_90000_fof_0.0040_0000.hdf5,/rds/general/ephemeral/user/nny124/ephemeral/martian_moons_data/Ma_xp_A2000_n65_r11_v00_90000_fof_0.0040_0000.hdf5,462775104,A2000,2000,,,,,False,n65,65,r11,11,v00,0,90000,0.004,0
Ma_xp_A2000_n65_r11_v00_90000_fof_0.0045_0000,Ma_xp_A2000_n65_r11_v00_90000_fof_0.0045_0000.hdf5,/rds/general/ephemeral/user/nny124/ephemeral/martian_moons_data/Ma_xp_A2000_n65_r11_v00_90000_fof_0.0045_0000.hdf5,462775088,A2000,2000,,,,,False,n65,65,r11,11,v00,0,90000,0.0045,0
Ma_xp_A2000_n65_r11_v00_90000_fof_0.0050_0000,Ma_xp_A2000_n65_r11_v00_90000_fof_0.0050_0000.hdf5,/rds/general/ephemeral/user/nny124/ephemeral/martian_moons_data/Ma_xp_A2000_n65_r11_v00_90000_fof_0.0050_0000.hdf5,462775088,A2000,2000,,,,,False,n65,65,r11,11,v00,0,90000,0.005,0
Ma_xp_A2000_n65_r11_v00_90000_fof_0.0060_0000,Ma_xp_A2000_n65_r11_v00_90000_fof_0.0060_0000.hdf5,/rds/general/ephemeral/user/nny124/ephemeral/martian_moons_data/Ma_xp_A2000_n65_r11_v00_90000_fof_0.0060_0000.hdf5,462775088,A2000,2000,,,,,False,n65,65,r11,11,v00,0,90000,0.006,0
Ma_xp_A2000_n65_r11_v00_90000_fof_0.0080_0000,Ma_xp_A2000_n65_r11_v00_90000_fof_0.0080_0000.hdf5,/rds/general/ephemeral/user/nny124/ephemeral/martian_moons_data/Ma_xp_A2000_n65_r11_v00_90000_fof_0.0080_0000.hdf5,462775088,A2000,2000,,,,,False,n65,65,r11,11,v00,0,90000,0.008,0
Ma_xp_A2000_n65_r12_v00_102000_fof_0.0040_0000,Ma_xp_A2000_n65_r12_v00_102000_fof_0.0040_0000.hdf5,/rds/general/ephemeral/user/nny124/ephemeral/martian_moons_data/Ma_xp_A2000_n65_r12_v00_102000_fof_0.0040_0000.hdf5,462775096,A2000,2000,,,,,False,n65,65,r12,12,v00,0,102000,0.004,0
Ma_xp_A2000_n65_r12_v00_108000_fof_0.0040_0000,Ma_xp_A2000_n65_r12_v00_108000_fof_0.0040_0000.hdf5,/rds/general/ephemeral/user/nny124/ephemeral/martian_moons_data/Ma_xp_A2000_n65_r12_v00_108000_fof_0.0040_0000.hdf5,462775096,A2000,2000,,,,,False,n65,65,r12,12,v00,0,108000,0.004,0
Ma_xp_A2000_n65_r12_v00_66000_fof_0.0040_0000,Ma_xp_A2000_n65_r12_v00_66000_fof_0.0040_0000.hdf5,/rds/general/ephemeral/user/nny124/ephemeral/martian_moons_data/Ma_xp_A2000_n65_r12_v00_66000_fof_0.0040_0000.hdf5,462775088,A2000,2000,,,,,False,n65,65,r12,12,v00,0,66000,0.004,0
Ma_xp_A2000_n65_r12_v00_72000_fof_0.0040_0000,Ma_xp_A2000_n65_r12_v00_72000_fof_0.0040_0000.hdf5,/rds/general/ephemeral/user/nny124/ephemeral/martian_moons_data/Ma_xp_A2000_n65_r12_v00_72000_fof_0.0040_0000.hdf5,462775088,A2000,2000,,,,,False,n65,65,r12,12,v00,0,72000,0.004,0
Ma_xp_A2000_n65_r12_v00_78000_fof_0.0040_0000,Ma_xp_A2000_n65_r12_v00_78000_fof_0.0040_0000.hdf5,/rds/general/ephemeral/user/nny124/ephemeral/martian_moons_data/Ma_xp_A2000_n65_r12_v00_78000_fof_0.0040_0000.hdf5,462775088,A2000,2000,,,,,False,n65,65,r12,12,v00,0,78000,0.004,0
Ma_xp_A2000_n65_r12_v00_84000_fof_0.0040_0000,Ma_xp_A2000_n65_r12_v00_84000_fof_0.0040_0000.hdf5,/rds/general/ephemeral/user/nny124/ephemeral/martian_moons_data/Ma_xp_A2000_n65_r12_v00_84000_fof_0.0040_0000.hdf5,462775088,A2000,2000,,,,,False,n65,65,r12,12,v00,0,84000,0.004,0
Ma_xp_A2000_n65_r12_v00_90000_fof_0.0010_0000,Ma_xp_A2000_n65_r12_v00_90000_fof_0.0010_0000.hdf5,/rds/general/ephemeral/user/nny124/ephemeral/martian_moons_data/Ma_xp_A2000_n65_r12_v00_90000_fof_0.0010_0000.hdf5,462775088,A2000,2000,,,,,False,n65,65,r12,12,v00,0,90000,0.001,0
Ma_xp_A2000_n65_r12_v00_90000_fof_0.0020_0000,Ma_xp_A2000_n65_r12_v00_90000_fof_0.0020_0000.hdf5,/rds/general/ephemeral/user/nny124/ephemeral/martian_moons_data/Ma_xp_A2000_n65_r12_v00_90000_fof_0.0020_0000.hdf5,462775088,A2000,2000,,,,,False,n65,65,r12,12,v00,0,90000,0.002,0
Ma_xp_A2000_n65_r12_v00_90000_fof_0.0030_0000,Ma_xp_A2000_n65_r12_v00_90000_fof_0.0030_0000.hdf5,/rds/general/ephemeral/user/nny124/ephemeral/martian_moons_data/Ma_xp_A2000_n65_r12_v00_90000_fof_0.0030_0000.hdf5,462775088,A2000,2000,,,,,False,n65,65,r12,12,v00,0,90000,0.003,0
Ma_xp_A2000_n65_r12_v00_90000_fof_0.0035_0000,Ma_xp_A2000_n65_r12_v00_90000_fof_0.0035_0000.hdf5,/rds/general/ephemeral/user/nny124/ephemeral/martian_moons_data/Ma_xp_A2000_n65_r12_v00_90000_fof_0.0035_0000.hdf5,462775088,A2000,2000,,,,,False,n65,65,r12,12,v00,0,90000,0.0035,0
Ma_xp_A2000_n65_r12_v00_90000_fof_0.0040_0000,Ma_xp_A2000_n65_r12_v00_90000_fof_0.0040_0000.hdf5,/rds/general/ephemeral/user/nny124/ephemeral/martian_moons_data/Ma_xp_A2000_n65_r12_v00_90000_fof_0.0040_0000.hdf5,462775088,A2000,2000,,,,,False,n65,65,r12,12,v00,0,90000,0.004,0
Ma_xp_A2000_n65_r12_v00_90000_fof_0.0045_0000,Ma_xp_A2000_n65_r12_v00_90000_fof_0.0045_0000.hdf5,/rds/general/ephemeral/user/nny124/ephemeral/martian_moons_data/Ma_xp_A2000_n65_r12_v00_90000_fof_0.0045_0000.hdf5,462775088,A2000,2000,,,,,False,n65,65,r12,12,v00,0,90000,0.0045,0
Ma_xp_A2000_n65_r12_v00_90000_fof_0.0050_0000,Ma_xp_A2000_n65_r12_v00_90000_fof_0.0050_0000.hdf5,/rds/general/ephemeral/user/nny124/ephemeral/martian_moons_data/Ma_xp_A2000_n65_r12_v00_90000_fof_0.0050_0000.hdf5,462775088,A2000,2000,,,,,False,n65,65,r12,12,v00,0,90000,0.005,0
Ma_xp_A2000_n65_r12_v00_90000_fof_0.0060_0000,Ma_xp_A2000_n65_r12_v00_90000_fof_0.0060_0000.hdf5,/rds/general/ephemeral/user/nny124/ephemeral/martian_moons_data/Ma_xp_A2000_n65_r12_v00_90000_fof_0.0060_0000.hdf5,462775088,A2000,2000,,,,,False,n65,65,r12,12,v00,0,90000,0.006,0
Ma_xp_A2000_n65_r12_v00_90000_fof_0.0080_0000,Ma_xp_A2000_n65_r12_v00_90000_fof_0.0080_0000.hdf5,/rds/general/ephemeral/user/nny124/ephemeral/martian_moons_data/Ma_xp_A2000_n65_r12_v00_90000_fof_0.0080_0000.hdf5,462775088,A2000,2000,,,,,False,n65,65,r12,12,v00,0,90000,0.008,0
Ma_xp_A2000_n65_r12_v00_96000_fof_0.0040_0000,Ma_xp_A2000_n65_r12_v00_96000_fof_0.0040_0000.hdf5,/rds/general/ephemeral/user/nny124/ephemeral/martian_moons_data/Ma_xp_A2000_n65_r12_v00_96000_fof_0.0040_0000.hdf5,462775088,A2000,2000,,,,,False,n65,65,r12,12,v00,0,96000,0.004,0
Ma_xp_A2000_n65_r12_v02_90000_fof_0.0040_0000,Ma_xp_A2000_n65_r12_v02_90000_fof_0.0040_0000.hdf5,/rds/general/ephemeral/user/nny124/ephemeral/martian_moons_data/Ma_xp_A2000_n65_r12_v02_90000_fof_0.0040_0000.hdf5,462775088,A2000,2000,,,,,False,n65,65,r12,12,v02,2,90000,0.004,0
Ma_xp_A2000_n65_r12_v04_90000_fof_0.0040_0000,Ma_xp_A2000_n65_r12_v04_90000_fof_0.0040_0000.hdf5,/rds/general/ephemeral/user/nny124/ephemeral/martian_moons_data/Ma_xp_A2000_n65_r12_v04_90000_fof_0.0040_0000.hdf5,462775088,A2000,2000,,,,,False,n65,65,r12,12,v04,4,90000,0.004,0
Ma_xp_A2000_n65_r12_v06_90000_fof_0.0040_0000,Ma_xp_A2000_n65_r12_v06_90000_fof_0.0040_0000.hdf5,/rds/general/ephemeral/user/nny124/ephemeral/martian_moons_data/Ma_xp_A2000_n65_r12_v06_90000_fof_0.0040_0000.hdf5,462775088,A2000,2000,,,,,False,n65,65,r12,12,v06,6,90000,0.004,0
Ma_xp_A2000_n65_r12_v08_90000_fof_0.0040_0000,Ma_xp_A2000_n65_r12_v08_90000_fof_0.0040_0000.hdf5,/rds/general/ephemeral/user/nny124/ephemeral/martian_moons_data/Ma_xp_A2000_n65_r12_v08_90000_fof_0.0040_0000.hdf5,462775088,A2000,2000,,,,,False,n65,65,r12,12,v08,8,90000,0.004,0
Ma_xp_A2000_n65_r12_v10_90000_fof_0.0040_0000,Ma_xp_A2000_n65_r12_v10_90000_fof_0.0040_0000.hdf5,/rds/general/ephemeral/user/nny124/ephemeral/martian_moons_data/Ma_xp_A2000_n65_r12_v10_90000_fof_0.0040_0000.hdf5,462775088,A2000,2000,,,,,False,n65,65,r12,12,v10,10,90000,0.004,0
Ma_xp_A2000_n65_r12_v12_90000_fof_0.0040_0000,Ma_xp_A2000_n65_r12_v12_90000_fof_0.0040_0000.hdf5,/rds/general/ephemeral/user/nny124/ephemeral/martian_moons_data/Ma_xp_A2000_n65_r12_v12_90000_fof_0.0040_0000.hdf5,462775088,A2000,2000,,,,,False,n65,65,r12,12,v12,12,90000,0.004,0
Ma_xp_A2000_n65_r12_v14_90000_fof_0.0040_0000,Ma_xp_A2000_n65_r12_v14_90000_fof_0.0040_0000.hdf5,/rds/general/ephemeral/user/nny124/ephemeral/martian_moons_data/Ma_xp_A2000_n65_r12_v14_90000_fof_0.0040_0000.hdf5,462775088,A2000,2000,,,,,False,n65,65,r12,12,v14,14,90000,0.004,0
Ma_xp_A2000_n65_r12_v16_90000_fof_0.0040_0000,Ma_xp_A2000_n65_r12_v16_90000_fof_0.0040_0000.hdf5,/rds/general/ephemeral/user/nny124/ephemeral/martian_moons_data/Ma_xp_A2000_n65_r12_v16_90000_fof_0.0040_0000.hdf5,462775088,A2000,2000,,,,,False,n65,65,r12,12,v16,16,90000,0.004,0
Ma_xp_A2000_n65_r13_v00_90000_fof_0.0010_0000,Ma_xp_A2000_n65_r13_v00_90000_fof_0.0010_0000.hdf5,/rds/general/ephemeral/user/nny124/ephemeral/martian_moons_data/Ma_xp_A2000_n65_r13_v00_90000_fof_0.0010_0000.hdf5,462775088,A2000,2000,,,,,False,n65,65,r13,13,v00,0,90000,0.001,0
Ma_xp_A2000_n65_r13_v00_90000_fof_0.0020_0000,Ma_xp_A2000_n65_r13_v00_90000_fof_0.0020_0000.hdf5,/rds/general/ephemeral/user/nny124/ephemeral/martian_moons_data/Ma_xp_A2000_n65_r13_v00_90000_fof_0.0020_0000.hdf5,462775088,A2000,2000,,,,,False,n65,65,r13,13,v00,0,90000,0.002,0
Ma_xp_A2000_n65_r13_v00_90000_fof_0.0030_0000,Ma_xp_A2000_n65_r13_v00_90000_fof_0.0030_0000.hdf5,/rds/general/ephemeral/user/nny124/ephemeral/martian_moons_data/Ma_xp_A2000_n65_r13_v00_90000_fof_0.0030_0000.hdf5,462775088,A2000,2000,,,,,False,n65,65,r13,13,v00,0,90000,0.003,0
Ma_xp_A2000_n65_r13_v00_90000_fof_0.0035_0000,Ma_xp_A2000_n65_r13_v00_90000_fof_0.0035_0000.hdf5,/rds/general/ephemeral/user/nny124/ephemeral/martian_moons_data/Ma_xp_A2000_n65_r13_v00_90000_fof_0.0035_0000.hdf5,462775088,A2000,2000,,,,,False,n65,65,r13,13,v00,0,90000,0.0035,0
Ma_xp_A2000_n65_r13_v00_90000_fof_0.0040_0000,Ma_xp_A2000_n65_r13_v00_90000_fof_0.0040_0000.hdf5,/rds/general/ephemeral/user/nny124/ephemeral/martian_moons_data/Ma_xp_A2000_n65_r13_v00_90000_fof_0.0040_0000.hdf5,462775088,A2000,2000,,,,,False,n65,65,r13,13,v00,0,90000,0.004,0
Ma_xp_A2000_n65_r13_v00_90000_fof_0.0045_0000,Ma_xp_A2000_n65_r13_v00_90000_fof_0.0045_0000.hdf5,/rds/general/ephemeral/user/nny124/ephemeral/martian_moons_data/Ma_xp_A2000_n65_r13_v00_90000_fof_0.0045_0000.hdf5,462775088,A2000,2000,,,,,False,n65,65,r13,13,v00,0,90000,0.0045,0
Ma_xp_A2000_n65_r13_v00_90000_fof_0.0050_0000,Ma_xp_A2000_n65_r13_v00_90000_fof_0.0050_0000.hdf5,/rds/general/ephemeral/user/nny124/ephemeral/martian_moons_data/Ma_xp_A2000_n65_r13_v00_90000_fof_0.0050_0000.hdf5,462775088,A2000,2000,,,,,False,n65,65,r13,13,v00,0,90000,0.005,0
Ma_xp_A2000_n65_r13_v00_90000_fof_0.0060_0000,Ma_xp_A2000_n65_r13_v00_90000_fof_0.0060_0000.hdf5,/rds/general/ephemeral/user/nny124/ephemeral/martian_moons_data/Ma_xp_A2000_n65_r13_v00_90000_fof_0.0060_0000.hdf5,462775088,A2000,2000,,,,,False,n65,65,r13,13,v00,0,90000,0.006,0
Ma_xp_A2000_n65_r13_v00_90000_fof_0.0080_0000,Ma_xp_A2000_n65_r13_v00_90000_fof_0.0080_0000.hdf5,/rds/general/ephemeral/user/nny124/ephemeral/martian_moons_data/Ma_xp_A2000_n65_r13_v00_90000_fof_0.0080_0000.hdf5,462775088,A2000,2000,,,,,False,n65,65,r13,13,v00,0,90000,0.008,0
Ma_xp_A2000_n65_r14_v00_90000_fof_0.0010_0000,Ma_xp_A2000_n65_r14_v00_90000_fof_0.0010_0000.hdf5,/rds/general/ephemeral/user/nny124/ephemeral/martian_moons_data/Ma_xp_A2000_n65_r14_v00_90000_fof_0.0010_0000.hdf5,462775088,A2000,2000,,,,,False,n65,65,r14,14,v00,0,90000,0.001,0
Ma_xp_A2000_n65_r14_v00_90000_fof_0.0020_0000,Ma_xp_A2000_n65_r14_v00_90000_fof_0.0020_0000.hdf5,/rds/general/ephemeral/user/nny124/ephemeral/martian_moons_data/Ma_xp_A2000_n65_r14_v00_90000_fof_0.0020_0000.hdf5,462775088,A2000,2000,,,,,False,n65,65,r14,14,v00,0,90000,0.002,0
Ma_xp_A2000_n65_r14_v00_90000_fof_0.0030_0000,Ma_xp_A2000_n65_r14_v00_90000_fof_0.0030_0000.hdf5,/rds/general/ephemeral/user/nny124/ephemeral/martian_moons_data/Ma_xp_A2000_n65_r14_v00_90000_fof_0.0030_0000.hdf5,462775088,A2000,2000,,,,,False,n65,65,r14,14,v00,0,90000,0.003,0
Ma_xp_A2000_n65_r14_v00_90000_fof_0.0035_0000,Ma_xp_A2000_n65_r14_v00_90000_fof_0.0035_0000.hdf5,/rds/general/ephemeral/user/nny124/ephemeral/martian_moons_data/Ma_xp_A2000_n65_r14_v00_90000_fof_0.0035_0000.hdf5,462775088,A2000,2000,,,,,False,n65,65,r14,14,v00,0,90000,0.0035,0
Ma_xp_A2000_n65_r14_v00_90000_fof_0.0040_0000,Ma_xp_A2000_n65_r14_v00_90000_fof_0.0040_0000.hdf5,/rds/general/ephemeral/user/nny124/ephemeral/martian_moons_data/Ma_xp_A2000_n65_r14_v00_90000_fof_0.0040_0000.hdf5,462775088,A2000,2000,,,,,False,n65,65,r14,14,v00,0,90000,0.004,0
Ma_xp_A2000_n65_r14_v00_90000_fof_0.0045_0000,Ma_xp_A2000_n65_r14_v00_90000_fof_0.0045_0000.hdf5,/rds/general/ephemeral/user/nny124/ephemeral/martian_moons_data/Ma_xp_A2000_n65_r14_v00_90000_fof_0.0045_0000.hdf5,462775088,A2000,2000,,,,,False,n65,65,r14,14,v00,0,90000,0.0045,0
Ma_xp_A2000_n65_r14_v00_90000_fof_0.0050_0000,Ma_xp_A2000_n65_r14_v00_90000_fof_0.0050_0000.hdf5,/rds/general/ephemeral/user/nny124/ephemeral/martian_moons_data/Ma_xp_A2000_n65_r14_v00_90000_fof_0.0050_0000.hdf5,462775088,A2000,2000,,,,,False,n65,65,r14,14,v00,0,90000,0.005,0
Ma_xp_A2000_n65_r14_v00_90000_fof_0.0060_0000,Ma_xp_A2000_n65_r14_v00_90000_fof_0.0060_0000.hdf5,/rds/general/ephemeral/user/nny124/ephemeral/martian_moons_data/Ma_xp_A2000_n65_r14_v00_90000_fof_0.0060_0000.hdf5,462775088,A2000,2000,,,,,False,n65,65,r14,14,v00,0,90000,0.006,0
Ma_xp_A2000_n65_r14_v00_90000_fof_0.0080_0000,Ma_xp_A2000_n65_r14_v00_90000_fof_0.0080_0000.hdf5,/rds/general/ephemeral/user/nny124/ephemeral/martian_moons_data/Ma_xp_A2000_n65_r14_v00_90000_fof_0.0080_0000.hdf5,462775088,A2000,2000,,,,,False,n65,65,r14,14,v00,0,90000,0.008,0
Ma_xp_A2000_n65_r14_v02_90000_fof_0.0040_0000,Ma_xp_A2000_n65_r14_v02_90000_fof_0.0040_0000.hdf5,/rds/general/ephemeral/user/nny124/ephemeral/martian_moons_data/Ma_xp_A2000_n65_r14_v02_90000_fof_0.0040_0000.hdf5,462775088,A2000,2000,,,,,False,n65,65,r14,14,v02,2,90000,0.004,0
Ma_xp_A2000_n65_r14_v04_90000_fof_0.0040_0000,Ma_xp_A2000_n65_r14_v04_90000_fof_0.0040_0000.hdf5,/rds/general/ephemeral/user/nny124/ephemeral/martian_moons_data/Ma_xp_A2000_n65_r14_v04_90000_fof_0.0040_0000.hdf5,462775088,A2000,2000,,,,,False,n65,65,r14,14,v04,4,90000,0.004,0
Ma_xp_A2000_n65_r14_v06_90000_fof_0.0040_0000,Ma_xp_A2000_n65_r14_v06_90000_fof_0.0040_0000.hdf5,/rds/general/ephemeral/user/nny124/ephemeral/martian_moons_data/Ma_xp_A2000_n65_r14_v06_90000_fof_0.0040_0000.hdf5,462775088,A2000,2000,,,,,False,n65,65,r14,14,v06,6,90000,0.004,0
Ma_xp_A2000_n65_r14_v08_90000_fof_0.0040_0000,Ma_xp_A2000_n65_r14_v08_90000_fof_0.0040_0000.hdf5,/rds/general/ephemeral/user/nny124/ephemeral/martian_moons_data/Ma_xp_A2000_n65_r14_v08_90000_fof_0.0040_0000.hdf5,462775088,A2000,2000,,,,,False,n65,65,r14,14,v08,8,90000,0.004,0
Ma_xp_A2000_n65_r14_v10_90000_fof_0.0040_0000,Ma_xp_A2000_n65_r14_v10_90000_fof_0.0040_0000.hdf5,/rds/general/ephemeral/user/nny124/ephemeral/martian_moons_data/Ma_xp_A2000_n65_r14_v10_90000_fof_0.0040_0000.hdf5,462775088,A2000,2000,,,,,False,n65,65,r14,14,v10,10,90000,0.004,0
Ma_xp_A2000_n65_r15_v00_90000_fof_0.0010_0000,Ma_xp_A2000_n65_r15_v00_90000_fof_0.0010_0000.hdf5,/rds/general/ephemeral/user/nny124/ephemeral/martian_moons_data/Ma_xp_A2000_n65_r15_v00_90000_fof_0.0010_0000.hdf5,462775088,A2000,2000,,,,,False,n65,65,r15,15,v00,0,90000,0.001,0
Ma_xp_A2000_n65_r15_v00_90000_fof_0.0020_0000,Ma_xp_A2000_n65_r15_v00_90000_fof_0.0020_0000.hdf5,/rds/general/ephemeral/user/nny124/ephemeral/martian_moons_data/Ma_xp_A2000_n65_r15_v00_90000_fof_0.0020_0000.hdf5,462775088,A2000,2000,,,,,False,n65,65,r15,15,v00,0,90000,0.002,0
Ma_xp_A2000_n65_r15_v00_90000_fof_0.0030_0000,Ma_xp_A2000_n65_r15_v00_90000_fof_0.0030_0000.hdf5,/rds/general/ephemeral/user/nny124/ephemeral/martian_moons_data/Ma_xp_A2000_n65_r15_v00_90000_fof_0.0030_0000.hdf5,462775088,A2000,2000,,,,,False,n65,65,r15,15,v00,0,90000,0.003,0
Ma_xp_A2000_n65_r15_v00_90000_fof_0.0035_0000,Ma_xp_A2000_n65_r15_v00_90000_fof_0.0035_0000.hdf5,/rds/general/ephemeral/user/nny124/ephemeral/martian_moons_data/Ma_xp_A2000_n65_r15_v00_90000_fof_0.0035_0000.hdf5,462775088,A2000,2000,,,,,False,n65,65,r15,15,v00,0,90000,0.0035,0
Ma_xp_A2000_n65_r15_v00_90000_fof_0.0040_0000,Ma_xp_A2000_n65_r15_v00_90000_fof_0.0040_0000.hdf5,/rds/general/ephemeral/user/nny124/ephemeral/martian_moons_data/Ma_xp_A2000_n65_r15_v00_90000_fof_0.0040_0000.hdf5,462775088,A2000,2000,,,,,False,n65,65,r15,15,v00,0,90000,0.004,0
Ma_xp_A2000_n65_r15_v00_90000_fof_0.0045_0000,Ma_xp_A2000_n65_r15_v00_90000_fof_0.0045_0000.hdf5,/rds/general/ephemeral/user/nny124/ephemeral/martian_moons_data/Ma_xp_A2000_n65_r15_v00_90000_fof_0.0045_0000.hdf5,462775088,A2000,2000,,,,,False,n65,65,r15,15,v00,0,90000,0.0045,0
Ma_xp_A2000_n65_r15_v00_90000_fof_0.0050_0000,Ma_xp_A2000_n65_r15_v00_90000_fof_0.0050_0000.hdf5,/rds/general/ephemeral/user/nny124/ephemeral/martian_moons_data/Ma_xp_A2000_n65_r15_v00_90000_fof_0.0050_0000.hdf5,462775088,A2000,2000,,,,,False,n65,65,r15,15,v00,0,90000,0.005,0
Ma_xp_A2000_n65_r15_v00_90000_fof_0.0060_0000,Ma_xp_A2000_n65_r15_v00_90000_fof_0.0060_0000.hdf5,/rds/general/ephemeral/user/nny124/ephemeral/martian_moons_data/Ma_xp_A2000_n65_r15_v00_90000_fof_0.0060_0000.hdf5,462775088,A2000,2000,,,,,False,n65,65,r15,15,v00,0,90000,0.006,0
Ma_xp_A2000_n65_r15_v00_90000_fof_0.0080_0000,Ma_xp_A2000_n65_r15_v00_90000_fof_0.0080_0000.hdf5,/rds/general/ephemeral/user/nny124/ephemeral/martian_moons_data/Ma_xp_A2000_n65_r15_v00_90000_fof_0.0080_0000.hdf5,462775088,A2000,2000,,,,,False,n65,65,r15,15,v00,0,90000,0.008,0
Ma_xp_A2000_n65_r16_v00_102000_fof_0.0040_0000,Ma_xp_A2000_n65_r16_v00_102000_fof_0.0040_0000.hdf5,/rds/general/ephemeral/user/nny124/ephemeral/martian_moons_data/Ma_xp_A2000_n65_r16_v00_102000_fof_0.0040_0000.hdf5,462775096,A2000,2000,,,,,False,n65,65,r16,16,v00,0,102000,0.004,0
Ma_xp_A2000_n65_r16_v00_108000_fof_0.0040_0000,Ma_xp_A2000_n65_r16_v00_108000_fof_0.0040_0000.hdf5,/rds/general/ephemeral/user/nny124/ephemeral/martian_moons_data/Ma_xp_A2000_n65_r16_v00_108000_fof_0.0040_0000.hdf5,462775096,A2000,2000,,,,,False,n65,65,r16,16,v00,0,108000,0.004,0
Ma_xp_A2000_n65_r16_v00_66000_fof_0.0040_0000,Ma_xp_A2000_n65_r16_v00_66000_fof_0.0040_0000.hdf5,/rds/general/ephemeral/user/nny124/ephemeral/martian_moons_data/Ma_xp_A2000_n65_r16_v00_66000_fof_0.0040_0000.hdf5,462775088,A2000,2000,,,,,False,n65,65,r16,16,v00,0,66000,0.004,0
Ma_xp_A2000_n65_r16_v00_72000_fof_0.0040_0000,Ma_xp_A2000_n65_r16_v00_72000_fof_0.0040_0000.hdf5,/rds/general/ephemeral/user/nny124/ephemeral/martian_moons_data/Ma_xp_A2000_n65_r16_v00_72000_fof_0.0040_0000.hdf5,462775088,A2000,2000,,,,,False,n65,65,r16,16,v00,0,72000,0.004,0
Ma_xp_A2000_n65_r16_v00_78000_fof_0.0040_0000,Ma_xp_A2000_n65_r16_v00_78000_fof_0.0040_0000.hdf5,/rds/general/ephemeral/user/nny124/ephemeral/martian_moons_data/Ma_xp_A2000_n65_r16_v00_78000_fof_0.0040_0000.hdf5,462775088,A2000,2000,,,,,False,n65,65,r16,16,v00,0,78000,0.004,0
Ma_xp_A2000_n65_r16_v00_84000_fof_0.0040_0000,Ma_xp_A2000_n65_r16_v00_84000_fof_0.0040_0000.hdf5,/rds/general/ephemeral/user/nny124/ephemeral/martian_moons_data/Ma_xp_A2000_n65_r16_v00_84000_fof_0.0040_0000.hdf5,462775088,A2000,2000,,,,,False,n65,65,r16,16,v00,0,84000,0.004,0
Ma_xp_A2000_n65_r16_v00_90000_fof_0.0010_0000,Ma_xp_A2000_n65_r16_v00_90000_fof_0.0010_0000.hdf5,/rds/general/ephemeral/user/nny124/ephemeral/martian_moons_data/Ma_xp_A2000_n65_r16_v00_90000_fof_0.0010_0000.hdf5,462775088,A2000,2000,,,,,False,n65,65,r16,16,v00,0,90000,0.001,0
Ma_xp_A2000_n65_r16_v00_90000_fof_0.0020_0000,Ma_xp_A2000_n65_r16_v00_90000_fof_0.0020_0000.hdf5,/rds/general/ephemeral/user/nny124/ephemeral/martian_moons_data/Ma_xp_A2000_n65_r16_v00_90000_fof_0.0020_0000.hdf5,462775088,A2000,2000,,,,,False,n65,65,r16,16,v00,0,90000,0.002,0
Ma_xp_A2000_n65_r16_v00_90000_fof_0.0030_0000,Ma_xp_A2000_n65_r16_v00_90000_fof_0.0030_0000.hdf5,/rds/general/ephemeral/user/nny124/ephemeral/martian_moons_data/Ma_xp_A2000_n65_r16_v00_90000_fof_0.0030_0000.hdf5,462775088,A2000,2000,,,,,False,n65,65,r16,16,v00,0,90000,0.003,0
Ma_xp_A2000_n65_r16_v00_90000_fof_0.0035_0000,Ma_xp_A2000_n65_r16_v00_90000_fof_0.0035_0000.hdf5,/rds/general/ephemeral/user/nny124/ephemeral/martian_moons_data/Ma_xp_A2000_n65_r16_v00_90000_fof_0.0035_0000.hdf5,462775088,A2000,2000,,,,,False,n65,65,r16,16,v00,0,90000,0.0035,0
Ma_xp_A2000_n65_r16_v00_90000_fof_0.0040_0000,Ma_xp_A2000_n65_r16_v00_90000_fof_0.0040_0000.hdf5,/rds/general/ephemeral/user/nny124/ephemeral/martian_moons_data/Ma_xp_A2000_n65_r16_v00_90000_fof_0.0040_0000.hdf5,462775088,A2000,2000,,,,,False,n65,65,r16,16,v00,0,90000,0.004,0
Ma_xp_A2000_n65_r16_v00_90000_fof_0.0045_0000,Ma_xp_A2000_n65_r16_v00_90000_fof_0.0045_0000.hdf5,/rds/general/ephemeral/user/nny124/ephemeral/martian_moons_data/Ma_xp_A2000_n65_r16_v00_90000_fof_0.0045_0000.hdf5,462775088,A2000,2000,,,,,False,n65,65,r16,16,v00,0,90000,0.0045,0
Ma_xp_A2000_n65_r16_v00_90000_fof_0.0050_0000,Ma_xp_A2000_n65_r16_v00_90000_fof_0.0050_0000.hdf5,/rds/general/ephemeral/user/nny124/ephemeral/martian_moons_data/Ma_xp_A2000_n65_r16_v00_90000_fof_0.0050_0000.hdf5,462775088,A2000,2000,,,,,False,n65,65,r16,16,v00,0,90000,0.005,0
Ma_xp_A2000_n65_r16_v00_90000_fof_0.0060_0000,Ma_xp_A2000_n65_r16_v00_90000_fof_0.0060_0000.hdf5,/rds/general/ephemeral/user/nny124/ephemeral/martian_moons_data/Ma_xp_A2000_n65_r16_v00_90000_fof_0.0060_0000.hdf5,462775088,A2000,2000,,,,,False,n65,65,r16,16,v00,0,90000,0.006,0
Ma_xp_A2000_n65_r16_v00_90000_fof_0.0080_0000,Ma_xp_A2000_n65_r16_v00_90000_fof_0.0080_0000.hdf5,/rds/general/ephemeral/user/nny124/ephemeral/martian_moons_data/Ma_xp_A2000_n65_r16_v00_90000_fof_0.0080_0000.hdf5,462775088,A2000,2000,,,,,False,n65,65,r16,16,v00,0,90000,0.008,0
Ma_xp_A2000_n65_r16_v00_96000_fof_0.0040_0000,Ma_xp_A2000_n65_r16_v00_96000_fof_0.0040_0000.hdf5,/rds/general/ephemeral/user/nny124/ephemeral/martian_moons_data/Ma_xp_A2000_n65_r16_v00_96000_fof_0.0040_0000.hdf5,462775088,A2000,2000,,,,,False,n65,65,r16,16,v00,0,96000,0.004,0
Ma_xp_A2000_n65_r16_v02_90000_fof_0.0040_0000,Ma_xp_A2000_n65_r16_v02_90000_fof_0.0040_0000.hdf5,/rds/general/ephemeral/user/nny124/ephemeral/martian_moons_data/Ma_xp_A2000_n65_r16_v02_90000_fof_0.0040_0000.hdf5,462775088,A2000,2000,,,,,False,n65,65,r16,16,v02,2,90000,0.004,0
Ma_xp_A2000_n65_r16_v04_90000_fof_0.0040_0000,Ma_xp_A2000_n65_r16_v04_90000_fof_0.0040_0000.hdf5,/rds/general/ephemeral/user/nny124/ephemeral/martian_moons_data/Ma_xp_A2000_n65_r16_v04_90000_fof_0.0040_0000.hdf5,462775088,A2000,2000,,,,,False,n65,65,r16,16,v04,4,90000,0.004,0
Ma_xp_A2000_n65_r16_v06_90000_fof_0.0040_0000,Ma_xp_A2000_n65_r16_v06_90000_fof_0.0040_0000.hdf5,/rds/general/ephemeral/user/nny124/ephemeral/martian_moons_data/Ma_xp_A2000_n65_r16_v06_90000_fof_0.0040_0000.hdf5,462775088,A2000,2000,,,,,False,n65,65,r16,16,v06,6,90000,0.004,0
Ma_xp_A2000_n65_r16_v08_90000_fof_0.0040_0000,Ma_xp_A2000_n65_r16_v08_90000_fof_0.0040_0000.hdf5,/rds/general/ephemeral/user/nny124/ephemeral/martian_moons_data/Ma_xp_A2000_n65_r16_v08_90000_fof_0.0040_0000.hdf5,462775088,A2000,2000,,,,,False,n65,65,r16,16,v08,8,90000,0.004,0
Ma_xp_A2000_n65_r16_v10_90000_fof_0.0040_0000,Ma_xp_A2000_n65_r16_v10_90000_fof_0.0040_0000.hdf5,/rds/general/ephemeral/user/nny124/ephemeral/martian_moons_data/Ma_xp_A2000_n65_r16_v10_90000_fof_0.0040_0000.hdf5,462775088,A2000,2000,,,,,False,n65,65,r16,16,v10,10,90000,0.004,0
Ma_xp_A2000_n65_r17_v00_90000_fof_0.0010_0000,Ma_xp_A2000_n65_r17_v00_90000_fof_0.0010_0000.hdf5,/rds/general/ephemeral/user/nny124/ephemeral/martian_moons_data/Ma_xp_A2000_n65_r17_v00_90000_fof_0.0010_0000.hdf5,462775088,A2000,2000,,,,,False,n65,65,r17,17,v00,0,90000,0.001,0
Ma_xp_A2000_n65_r17_v00_90000_fof_0.0020_0000,Ma_xp_A2000_n65_r17_v00_90000_fof_0.0020_0000.hdf5,/rds/general/ephemeral/user/nny124/ephemeral/martian_moons_data/Ma_xp_A2000_n65_r17_v00_90000_fof_0.0020_0000.hdf5,462775088,A2000,2000,,,,,False,n65,65,r17,17,v00,0,90000,0.002,0
Ma_xp_A2000_n65_r17_v00_90000_fof_0.0030_0000,Ma_xp_A2000_n65_r17_v00_90000_fof_0.0030_0000.hdf5,/rds/general/ephemeral/user/nny124/ephemeral/martian_moons_data/Ma_xp_A2000_n65_r17_v00_90000_fof_0.0030_0000.hdf5,462775088,A2000,2000,,,,,False,n65,65,r17,17,v00,0,90000,0.003,0
Ma_xp_A2000_n65_r17_v00_90000_fof_0.0035_0000,Ma_xp_A2000_n65_r17_v00_90000_fof_0.0035_0000.hdf5,/rds/general/ephemeral/user/nny124/ephemeral/martian_moons_data/Ma_xp_A2000_n65_r17_v00_90000_fof_0.0035_0000.hdf5,462775088,A2000,2000,,,,,False,n65,65,r17,17,v00,0,90000,0.0035,0
Ma_xp_A2000_n65_r17_v00_90000_fof_0.0040_0000,Ma_xp_A2000_n65_r17_v00_90000_fof_0.0040_0000.hdf5,/rds/general/ephemeral/user/nny124/ephemeral/martian_moons_data/Ma_xp_A2000_n65_r17_v00_90000_fof_0.0040_0000.hdf5,462775088,A2000,2000,,,,,False,n65,65,r17,17,v00,0,90000,0.004,0
Ma_xp_A2000_n65_r17_v00_90000_fof_0.0045_0000,Ma_xp_A2000_n65_r17_v00_90000_fof_0.0045_0000.hdf5,/rds/general/ephemeral/user/nny124/ephemeral/martian_moons_data/Ma_xp_A2000_n65_r17_v00_90000_fof_0.0045_0000.hdf5,462775088,A2000,2000,,,,,False,n65,65,r17,17,v00,0,90000,0.0045,0
Ma_xp_A2000_n65_r17_v00_90000_fof_0.0050_0000,Ma_xp_A2000_n65_r17_v00_90000_fof_0.0050_0000.hdf5,/rds/general/ephemeral/user/nny124/ephemeral/martian_moons_data/Ma_xp_A2000_n65_r17_v00_90000_fof_0.0050_0000.hdf5,462775088,A2000,2000,,,,,False,n65,65,r17,17,v00,0,90000,0.005,0
Ma_xp_A2000_n65_r17_v00_90000_fof_0.0060_0000,Ma_xp_A2000_n65_r17_v00_90000_fof_0.0060_0000.hdf5,/rds/general/ephemeral/user/nny124/ephemeral/martian_moons_data/Ma_xp_A2000_n65_r17_v00_90000_fof_0.0060_0000.hdf5,462775088,A2000,2000,,,,,False,n65,65,r17,17,v00,0,90000,0.006,0
Ma_xp_A2000_n65_r17_v00_90000_fof_0.0080_0000,Ma_xp_A2000_n65_r17_v00_90000_fof_0.0080_0000.hdf5,/rds/general/ephemeral/user/nny124/ephemeral/martian_moons_data/Ma_xp_A2000_n65_r17_v00_90000_fof_0.0080_0000.hdf5,462775088,A2000,2000,,,,,False,n65,65,r17,17,v00,0,90000,0.008,0
Ma_xp_A2000_n65_r18_v00_90000_fof_0.0010_0000,Ma_xp_A2000_n65_r18_v00_90000_fof_0.0010_0000.hdf5,/rds/general/ephemeral/user/nny124/ephemeral/martian_moons_data/Ma_xp_A2000_n65_r18_v00_90000_fof_0.0010_0000.hdf5,462775088,A2000,2000,,,,,False,n65,65,r18,18,v00,0,90000,0.001,0
Ma_xp_A2000_n65_r18_v00_90000_fof_0.0020_0000,Ma_xp_A2000_n65_r18_v00_90000_fof_0.0020_0000.hdf5,/rds/general/ephemeral/user/nny124/ephemeral/martian_moons_data/Ma_xp_A2000_n65_r18_v00_90000_fof_0.0020_0000.hdf5,462775088,A2000,2000,,,,,False,n65,65,r18,18,v00,0,90000,0.002,0
Ma_xp_A2000_n65_r18_v00_90000_fof_0.0030_0000,Ma_xp_A2000_n65_r18_v00_90000_fof_0.0030_0000.hdf5,/rds/general/ephemeral/user/nny124/ephemeral/martian_moons_data/Ma_xp_A2000_n65_r18_v00_90000_fof_0.0030_0000.hdf5,462775088,A2000,2000,,,,,False,n65,65,r18,18,v00,0,90000,0.003,0
Ma_xp_A2000_n65_r18_v00_90000_fof_0.0035_0000,Ma_xp_A2000_n65_r18_v00_90000_fof_0.0035_0000.hdf5,/rds/general/ephemeral/user/nny124/ephemeral/martian_moons_data/Ma_xp_A2000_n65_r18_v00_90000_fof_0.0035_0000.hdf5,462775088,A2000,2000,,,,,False,n65,65,r18,18,v00,0,90000,0.0035,0
Ma_xp_A2000_n65_r18_v00_90000_fof_0.0040_0000,Ma_xp_A2000_n65_r18_v00_90000_fof_0.0040_0000.hdf5,/rds/general/ephemeral/user/nny124/ephemeral/martian_moons_data/Ma_xp_A2000_n65_r18_v00_90000_fof_0.0040_0000.hdf5,462775088,A2000,2000,,,,,False,n65,65,r18,18,v00,0,90000,0.004,0
Ma_xp_A2000_n65_r18_v00_90000_fof_0.0045_0000,Ma_xp_A2000_n65_r18_v00_90000_fof_0.0045_0000.hdf5,/rds/general/ephemeral/user/nny124/ephemeral/martian_moons_data/Ma_xp_A2000_n65_r18_v00_90000_fof_0.0045_0000.hdf5,462775088,A2000,2000,,,,,False,n65,65,r18,18,v00,0,90000,0.0045,0
Ma_xp_A2000_n65_r18_v00_90000_fof_0.0050_0000,Ma_xp_A2000_n65_r18_v00_90000_fof_0.0050_0000.hdf5,/rds/general/ephemeral/user/nny124/ephemeral/martian_moons_data/Ma_xp_A2000_n65_r18_v00_90000_fof_0.0050_0000.hdf5,462775088,A2000,2000,,,,,False,n65,65,r18,18,v00,0,90000,0.005,0
Ma_xp_A2000_n65_r18_v00_90000_fof_0.0060_0000,Ma_xp_A2000_n65_r18_v00_90000_fof_0.0060_0000.hdf5,/rds/general/ephemeral/user/nny124/ephemeral/martian_moons_data/Ma_xp_A2000_n65_r18_v00_90000_fof_0.0060_0000.hdf5,462775088,A2000,2000,,,,,False,n65,65,r18,18,v00,0,90000,0.006,0
Ma_xp_A2000_n65_r18_v00_90000_fof_0.0080_0000,Ma_xp_A2000_n65_r18_v00_90000_fof_0.0080_0000.hdf5,/rds/general/ephemeral/user/nny124/ephemeral/martian_moons_data/Ma_xp_A2000_n65_r18_v00_90000_fof_0.0080_0000.hdf5,462775088,A2000,2000,,,,,False,n65,65,r18,18,v00,0,90000,0.008,0
Ma_xp_A2000_n65_r18_v02_90000_fof_0.0040_0000,Ma_xp_A2000_n65_r18_v02_90000_fof_0.0040_0000.hdf5,/rds/general/ephemeral/user/nny124/ephemeral/martian_moons_data/Ma_xp_A2000_n65_r18_v02_90000_fof_0.0040_0000.hdf5,462775088,A2000,2000,,,,,False,n65,65,r18,18,v02,2,90000,0.004,0
Ma_xp_A2000_n65_r18_v04_90000_fof_0.0040_0000,Ma_xp_A2000_n65_r18_v04_90000_fof_0.0040_0000.hdf5,/rds/general/ephemeral/user/nny124/ephemeral/martian_moons_data/Ma_xp_A2000_n65_r18_v04_90000_fof_0.0040_0000.hdf5,462775088,A2000,2000,,,,,False,n65,65,r18,18,v04,4,90000,0.004,0
Ma_xp_A2000_n65_r18_v06_90000_fof_0.0040_0000,Ma_xp_A2000_n65_r18_v06_90000_fof_0.0040_0000.hdf5,/rds/general/ephemeral/user/nny124/ephemeral/martian_moons_data/Ma_xp_A2000_n65_r18_v06_90000_fof_0.0040_0000.hdf5,462775088,A2000,2000,,,,,False,n65,65,r18,18,v06,6,90000,0.004,0
Ma_xp_A2000_n65_r18_v08_90000_fof_0.0040_0000,Ma_xp_A2000_n65_r18_v08_90000_fof_0.0040_0000.hdf5,/rds/general/ephemeral/user/nny124/ephemeral/martian_moons_data/Ma_xp_A2000_n65_r18_v08_90000_fof_0.0040_0000.hdf5,462775088,A2000,2000,,,,,False,n65,65,r18,18,v08,8,90000,0.004,0
Ma_xp_A2000_n65_r18_v10_90000_fof_0.0040_0000,Ma_xp_A2000_n65_r18_v10_90000_fof_0.0040_0000.hdf5,/rds/general/ephemeral/user/nny124/ephemeral/martian_moons_data/Ma_xp_A2000_n65_r18_v10_90000_fof_0.0040_0000.hdf5,462775088,A2000,2000,,,,,False,n65,65,r18,18,v10,10,90000,0.004,0
Ma_xp_A2000_n65_r19_v00_90000_fof_0.0010_0000,Ma_xp_A2000_n65_r19_v00_90000_fof_0.0010_0000.hdf5,/rds/general/ephemeral/user/nny124/ephemeral/martian_moons_data/Ma_xp_A2000_n65_r19_v00_90000_fof_0.0010_0000.hdf5,462775088,A2000,2000,,,,,False,n65,65,r19,19,v00,0,90000,0.001,0
Ma_xp_A2000_n65_r19_v00_90000_fof_0.0020_0000,Ma_xp_A2000_n65_r19_v00_90000_fof_0.0020_0000.hdf5,/rds/general/ephemeral/user/nny124/ephemeral/martian_moons_data/Ma_xp_A2000_n65_r19_v00_90000_fof_0.0020_0000.hdf5,462775088,A2000,2000,,,,,False,n65,65,r19,19,v00,0,90000,0.002,0
Ma_xp_A2000_n65_r19_v00_90000_fof_0.0030_0000,Ma_xp_A2000_n65_r19_v00_90000_fof_0.0030_0000.hdf5,/rds/general/ephemeral/user/nny124/ephemeral/martian_moons_data/Ma_xp_A2000_n65_r19_v00_90000_fof_0.0030_0000.hdf5,462775088,A2000,2000,,,,,False,n65,65,r19,19,v00,0,90000,0.003,0
Ma_xp_A2000_n65_r19_v00_90000_fof_0.0035_0000,Ma_xp_A2000_n65_r19_v00_90000_fof_0.0035_0000.hdf5,/rds/general/ephemeral/user/nny124/ephemeral/martian_moons_data/Ma_xp_A2000_n65_r19_v00_90000_fof_0.0035_0000.hdf5,462775088,A2000,2000,,,,,False,n65,65,r19,19,v00,0,90000,0.0035,0
Ma_xp_A2000_n65_r19_v00_90000_fof_0.0040_0000,Ma_xp_A2000_n65_r19_v00_90000_fof_0.0040_0000.hdf5,/rds/general/ephemeral/user/nny124/ephemeral/martian_moons_data/Ma_xp_A2000_n65_r19_v00_90000_fof_0.0040_0000.hdf5,462775088,A2000,2000,,,,,False,n65,65,r19,19,v00,0,90000,0.004,0
Ma_xp_A2000_n65_r19_v00_90000_fof_0.0045_0000,Ma_xp_A2000_n65_r19_v00_90000_fof_0.0045_0000.hdf5,/rds/general/ephemeral/user/nny124/ephemeral/martian_moons_data/Ma_xp_A2000_n65_r19_v00_90000_fof_0.0045_0000.hdf5,462775088,A2000,2000,,,,,False,n65,65,r19,19,v00,0,90000,0.0045,0
Ma_xp_A2000_n65_r19_v00_90000_fof_0.0050_0000,Ma_xp_A2000_n65_r19_v00_90000_fof_0.0050_0000.hdf5,/rds/general/ephemeral/user/nny124/ephemeral/martian_moons_data/Ma_xp_A2000_n65_r19_v00_90000_fof_0.0050_0000.hdf5,462775088,A2000,2000,,,,,False,n65,65,r19,19,v00,0,90000,0.005,0
Ma_xp_A2000_n65_r19_v00_90000_fof_0.0060_0000,Ma_xp_A2000_n65_r19_v00_90000_fof_0.0060_0000.hdf5,/rds/general/ephemeral/user/nny124/ephemeral/martian_moons_data/Ma_xp_A2000_n65_r19_v00_90000_fof_0.0060_0000.hdf5,462775088,A2000,2000,,,,,False,n65,65,r19,19,v00,0,90000,0.006,0
Ma_xp_A2000_n65_r19_v00_90000_fof_0.0080_0000,Ma_xp_A2000_n65_r19_v00_90000_fof_0.0080_0000.hdf5,/rds/general/ephemeral/user/nny124/ephemeral/martian_moons_data/Ma_xp_A2000_n65_r19_v00_90000_fof_0.0080_0000.hdf5,462775088,A2000,2000,,,,,False,n65,65,r19,19,v00,0,90000,0.008,0
Ma_xp_A2000_n65_r20_v00_90000_fof_0.0010_0000,Ma_xp_A2000_n65_r20_v00_90000_fof_0.0010_0000.hdf5,/rds/general/ephemeral/user/nny124/ephemeral/martian_moons_data/Ma_xp_A2000_n65_r20_v00_90000_fof_0.0010_0000.hdf5,462775088,A2000,2000,,,,,False,n65,65,r20,20,v00,0,90000,0.001,0
Ma_xp_A2000_n65_r20_v00_90000_fof_0.0020_0000,Ma_xp_A2000_n65_r20_v00_90000_fof_0.0020_0000.hdf5,/rds/general/ephemeral/user/nny124/ephemeral/martian_moons_data/Ma_xp_A2000_n65_r20_v00_90000_fof_0.0020_0000.hdf5,462775088,A2000,2000,,,,,False,n65,65,r20,20,v00,0,90000,0.002,0
Ma_xp_A2000_n65_r20_v00_90000_fof_0.0030_0000,Ma_xp_A2000_n65_r20_v00_90000_fof_0.0030_0000.hdf5,/rds/general/ephemeral/user/nny124/ephemeral/martian_moons_data/Ma_xp_A2000_n65_r20_v00_90000_fof_0.0030_0000.hdf5,462775088,A2000,2000,,,,,False,n65,65,r20,20,v00,0,90000,0.003,0
Ma_xp_A2000_n65_r20_v00_90000_fof_0.0035_0000,Ma_xp_A2000_n65_r20_v00_90000_fof_0.0035_0000.hdf5,/rds/general/ephemeral/user/nny124/ephemeral/martian_moons_data/Ma_xp_A2000_n65_r20_v00_90000_fof_0.0035_0000.hdf5,462775088,A2000,2000,,,,,False,n65,65,r20,20,v00,0,90000,0.0035,0
Ma_xp_A2000_n65_r20_v00_90000_fof_0.0040_0000,Ma_xp_A2000_n65_r20_v00_90000_fof_0.0040_0000.hdf5,/rds/general/ephemeral/user/nny124/ephemeral/martian_moons_data/Ma_xp_A2000_n65_r20_v00_90000_fof_0.0040_0000.hdf5,462775088,A2000,2000,,,,,False,n65,65,r20,20,v00,0,90000,0.004,0
Ma_xp_A2000_n65_r20_v00_90000_fof_0.0045_0000,Ma_xp_A2000_n65_r20_v00_90000_fof_0.0045_0000.hdf5,/rds/general/ephemeral/user/nny124/ephemeral/martian_moons_data/Ma_xp_A2000_n65_r20_v00_90000_fof_0.0045_0000.hdf5,462775088,A2000,2000,,,,,False,n65,65,r20,20,v00,0,90000,0.0045,0
Ma_xp_A2000_n65_r20_v00_90000_fof_0.0050_0000,Ma_xp_A2000_n65_r20_v00_90000_fof_0.0050_0000.hdf5,/rds/general/ephemeral/user/nny124/ephemeral/martian_moons_data/Ma_xp_A2000_n65_r20_v00_90000_fof_0.0050_0000.hdf5,462775088,A2000,2000,,,,,False,n65,65,r20,20,v00,0,90000,0.005,0
Ma_xp_A2000_n65_r20_v00_90000_fof_0.0060_0000,Ma_xp_A2000_n65_r20_v00_90000_fof_0.0060_0000.hdf5,/rds/general/ephemeral/user/nny124/ephemeral/martian_moons_data/Ma_xp_A2000_n65_r20_v00_90000_fof_0.0060_0000.hdf5,462775088,A2000,2000,,,,,False,n65,65,r20,20,v00,0,90000,0.006,0
Ma_xp_A2000_n65_r20_v00_90000_fof_0.0080_0000,Ma_xp_A2000_n65_r20_v00_90000_fof_0.0080_0000.hdf5,/rds/general/ephemeral/user/nny124/ephemeral/martian_moons_data/Ma_xp_A2000_n65_r20_v00_90000_fof_0.0080_0000.hdf5,462775088,A2000,2000,,,,,False,n65,65,r20,20,v00,0,90000,0.008,0
Ma_xp_A2000_n65_r20_v02_90000_fof_0.0040_0000,Ma_xp_A2000_n65_r20_v02_90000_fof_0.0040_0000.hdf5,/rds/general/ephemeral/user/nny124/ephemeral/martian_moons_data/Ma_xp_A2000_n65_r20_v02_90000_fof_0.0040_0000.hdf5,462775088,A2000,2000,,,,,False,n65,65,r20,20,v02,2,90000,0.004,0
Ma_xp_A2000_n65_r20_v04_90000_fof_0.0040_0000,Ma_xp_A2000_n65_r20_v04_90000_fof_0.0040_0000.hdf5,/rds/general/ephemeral/user/nny124/ephemeral/martian_moons_data/Ma_xp_A2000_n65_r20_v04_90000_fof_0.0040_0000.hdf5,462775088,A2000,2000,,,,,False,n65,65,r20,20,v04,4,90000,0.004,0
Ma_xp_A2000_n65_r20_v06_90000_fof_0.0040_0000,Ma_xp_A2000_n65_r20_v06_90000_fof_0.0040_0000.hdf5,/rds/general/ephemeral/user/nny124/ephemeral/martian_moons_data/Ma_xp_A2000_n65_r20_v06_90000_fof_0.0040_0000.hdf5,462775088,A2000,2000,,,,,False,n65,65,r20,20,v06,6,90000,0.004,0
Ma_xp_A2000_n65_r22_v00_90000_fof_0.0010_0000,Ma_xp_A2000_n65_r22_v00_90000_fof_0.0010_0000.hdf5,/rds/general/ephemeral/user/nny124/ephemeral/martian_moons_data/Ma_xp_A2000_n65_r22_v00_90000_fof_0.0010_0000.hdf5,462775088,A2000,2000,,,,,False,n65,65,r22,22,v00,0,90000,0.001,0
Ma_xp_A2000_n65_r22_v00_90000_fof_0.0020_0000,Ma_xp_A2000_n65_r22_v00_90000_fof_0.0020_0000.hdf5,/rds/general/ephemeral/user/nny124/ephemeral/martian_moons_data/Ma_xp_A2000_n65_r22_v00_90000_fof_0.0020_0000.hdf5,462775088,A2000,2000,,,,,False,n65,65,r22,22,v00,0,90000,0.002,0
Ma_xp_A2000_n65_r22_v00_90000_fof_0.0030_0000,Ma_xp_A2000_n65_r22_v00_90000_fof_0.0030_0000.hdf5,/rds/general/ephemeral/user/nny124/ephemeral/martian_moons_data/Ma_xp_A2000_n65_r22_v00_90000_fof_0.0030_0000.hdf5,462775088,A2000,2000,,,,,False,n65,65,r22,22,v00,0,90000,0.003,0
Ma_xp_A2000_n65_r22_v00_90000_fof_0.0035_0000,Ma_xp_A2000_n65_r22_v00_90000_fof_0.0035_0000.hdf5,/rds/general/ephemeral/user/nny124/ephemeral/martian_moons_data/Ma_xp_A2000_n65_r22_v00_90000_fof_0.0035_0000.hdf5,462775088,A2000,2000,,,,,False,n65,65,r22,22,v00,0,90000,0.0035,0
Ma_xp_A2000_n65_r22_v00_90000_fof_0.0040_0000,Ma_xp_A2000_n65_r22_v00_90000_fof_0.0040_0000.hdf5,/rds/general/ephemeral/user/nny124/ephemeral/martian_moons_data/Ma_xp_A2000_n65_r22_v00_90000_fof_0.0040_0000.hdf5,462775088,A2000,2000,,,,,False,n65,65,r22,22,v00,0,90000,0.004,0
Ma_xp_A2000_n65_r22_v00_90000_fof_0.0045_0000,Ma_xp_A2000_n65_r22_v00_90000_fof_0.0045_0000.hdf5,/rds/general/ephemeral/user/nny124/ephemeral/martian_moons_data/Ma_xp_A2000_n65_r22_v00_90000_fof_0.0045_0000.hdf5,462775088,A2000,2000,,,,,False,n65,65,r22,22,v00,0,90000,0.0045,0
Ma_xp_A2000_n65_r22_v00_90000_fof_0.0050_0000,Ma_xp_A2000_n65_r22_v00_90000_fof_0.0050_0000.hdf5,/rds/general/ephemeral/user/nny124/ephemeral/martian_moons_data/Ma_xp_A2000_n65_r22_v00_90000_fof_0.0050_0000.hdf5,462775088,A2000,2000,,,,,False,n65,65,r22,22,v00,0,90000,0.005,0
Ma_xp_A2000_n65_r22_v00_90000_fof_0.0060_0000,Ma_xp_A2000_n65_r22_v00_90000_fof_0.0060_0000.hdf5,/rds/general/ephemeral/user/nny124/ephemeral/martian_moons_data/Ma_xp_A2000_n65_r22_v00_90000_fof_0.0060_0000.hdf5,462775088,A2000,2000,,,,,False,n65,65,r22,22,v00,0,90000,0.006,0
Ma_xp_A2000_n65_r22_v00_90000_fof_0.0080_0000,Ma_xp_A2000_n65_r22_v00_90000_fof_0.0080_0000.hdf5,/rds/general/ephemeral/user/nny124/ephemeral/martian_moons_data/Ma_xp_A2000_n65_r22_v00_90000_fof_0.0080_0000.hdf5,462775088,A2000,2000,,,,,False,n65,65,r22,22,v00,0,90000,0.008,0
Ma_xp_A2000_n65_r24_v00_90000_fof_0.0010_0000,Ma_xp_A2000_n65_r24_v00_90000_fof_0.0010_0000.hdf5,/rds/general/ephemeral/user/nny124/ephemeral/martian_moons_data/Ma_xp_A2000_n65_r24_v00_90000_fof_0.0010_0000.hdf5,462775088,A2000,2000,,,,,False,n65,65,r24,24,v00,0,90000,0.001,0
Ma_xp_A2000_n65_r24_v00_90000_fof_0.0020_0000,Ma_xp_A2000_n65_r24_v00_90000_fof_0.0020_0000.hdf5,/rds/general/ephemeral/user/nny124/ephemeral/martian_moons_data/Ma_xp_A2000_n65_r24_v00_90000_fof_0.0020_0000.hdf5,462775088,A2000,2000,,,,,False,n65,65,r24,24,v00,0,90000,0.002,0
Ma_xp_A2000_n65_r24_v00_90000_fof_0.0030_0000,Ma_xp_A2000_n65_r24_v00_90000_fof_0.0030_0000.hdf5,/rds/general/ephemeral/user/nny124/ephemeral/martian_moons_data/Ma_xp_A2000_n65_r24_v00_90000_fof_0.0030_0000.hdf5,462775088,A2000,2000,,,,,False,n65,65,r24,24,v00,0,90000,0.003,0
Ma_xp_A2000_n65_r24_v00_90000_fof_0.0035_0000,Ma_xp_A2000_n65_r24_v00_90000_fof_0.0035_0000.hdf5,/rds/general/ephemeral/user/nny124/ephemeral/martian_moons_data/Ma_xp_A2000_n65_r24_v00_90000_fof_0.0035_0000.hdf5,462775088,A2000,2000,,,,,False,n65,65,r24,24,v00,0,90000,0.0035,0
Ma_xp_A2000_n65_r24_v00_90000_fof_0.0040_0000,Ma_xp_A2000_n65_r24_v00_90000_fof_0.0040_0000.hdf5,/rds/general/ephemeral/user/nny124/ephemeral/martian_moons_data/Ma_xp_A2000_n65_r24_v00_90000_fof_0.0040_0000.hdf5,462775088,A2000,2000,,,,,False,n65,65,r24,24,v00,0,90000,0.004,0
Ma_xp_A2000_n65_r24_v00_90000_fof_0.0045_0000,Ma_xp_A2000_n65_r24_v00_90000_fof_0.0045_0000.hdf5,/rds/general/ephemeral/user/nny124/ephemeral/martian_moons_data/Ma_xp_A2000_n65_r24_v00_90000_fof_0.0045_0000.hdf5,462775088,A2000,2000,,,,,False,n65,65,r24,24,v00,0,90000,0.0045,0
Ma_xp_A2000_n65_r24_v00_90000_fof_0.0050_0000,Ma_xp_A2000_n65_r24_v00_90000_fof_0.0050_0000.hdf5,/rds/general/ephemeral/user/nny124/ephemeral/martian_moons_data/Ma_xp_A2000_n65_r24_v00_90000_fof_0.0050_0000.hdf5,462775088,A2000,2000,,,,,False,n65,65,r24,24,v00,0,90000,0.005,0
Ma_xp_A2000_n65_r24_v00_90000_fof_0.0060_0000,Ma_xp_A2000_n65_r24_v00_90000_fof_0.0060_0000.hdf5,/rds/general/ephemeral/user/nny124/ephemeral/martian_moons_data/Ma_xp_A2000_n65_r24_v00_90000_fof_0.0060_0000.hdf5,462775088,A2000,2000,,,,,False,n65,65,r24,24,v00,0,90000,0.006,0
Ma_xp_A2000_n65_r24_v00_90000_fof_0.0080_0000,Ma_xp_A2000_n65_r24_v00_90000_fof_0.0080_0000.hdf5,/rds/general/ephemeral/user/nny124/ephemeral/martian_moons_data/Ma_xp_A2000_n65_r24_v00_90000_fof_0.0080_0000.hdf5,462775088,A2000,2000,,,,,False,n65,65,r24,24,v00,0,90000,0.008,0
Ma_xp_A2000_s030mz_n65_r12_v00_90000_fof_0.0040_0000,Ma_xp_A2000_s030mz_n65_r12_v00_90000_fof_0.0040_0000.hdf5,/rds/general/ephemeral/user/nny124/ephemeral/martian_moons_data/Ma_xp_A2000_s030mz_n65_r12_v00_90000_fof_0.0040_0000.hdf5,462775112,A2000,2000,,s030mz,30,mz,True,n65,65,r12,12,v00,0,90000,0.004,0
Ma_xp_A2000_s030x_n65_r12_v00_90000_fof_0.0040_0000,Ma_xp_A2000_s030x_n65_r12_v00_90000_fof_0.0040_0000.hdf5,/rds/general/ephemeral/user/nny124/ephemeral/martian_moons_data/Ma_xp_A2000_s030x_n65_r12_v00_90000_fof_0.0040_0000.hdf5,462775104,A2000,2000,,s030x,30,x,True,n65,65,r12,12,v00,0,90000,0.004,0
Ma_xp_A2000_s030x_n65_r16_v00_90000_fof_0.0040_0000,Ma_xp_A2000_s030x_n65_r16_v00_90000_fof_0.0040_0000.hdf5,/rds/general/ephemeral/user/nny124/ephemeral/martian_moons_data/Ma_xp_A2000_s030x_n65_r16_v00_90000_fof_0.0040_0000.hdf5,462775104,A2000,2000,,s030x,30,x,True,n65,65,r16,16,v00,0,90000,0.004,0
Ma_xp_A2000_s030x_n65_r16_v06_90000_fof_0.0040_0000,Ma_xp_A2000_s030x_n65_r16_v06_90000_fof_0.0040_0000.hdf5,/rds/general/ephemeral/user/nny124/ephemeral/martian_moons_data/Ma_xp_A2000_s030x_n65_r16_v06_90000_fof_0.0040_0000.hdf5,462775104,A2000,2000,,s030x,30,x,True,n65,65,r16,16,v06,6,90000,0.004,0
Ma_xp_A2000_s030x_n65_r20_v00_90000_fof_0.0040_0000,Ma_xp_A2000_s030x_n65_r20_v00_90000_fof_0.0040_0000.hdf5,/rds/general/ephemeral/user/nny124/ephemeral/martian_moons_data/Ma_xp_A2000_s030x_n65_r20_v00_90000_fof_0.0040_0000.hdf5,462775104,A2000,2000,,s030x,30,x,True,n65,65,r20,20,v00,0,90000,0.004,0
Ma_xp_A2000_s030y_n65_r12_v00_90000_fof_0.0040_0000,Ma_xp_A2000_s030y_n65_r12_v00_90000_fof_0.0040_0000.hdf5,/rds/general/ephemeral/user/nny124/ephemeral/martian_moons_data/Ma_xp_A2000_s030y_n65_r12_v00_90000_fof_0.0040_0000.hdf5,462775104,A2000,2000,,s030y,30,y,True,n65,65,r12,12,v00,0,90000,0.004,0
Ma_xp_A2000_s030y_n65_r16_v00_90000_fof_0.0040_0000,Ma_xp_A2000_s030y_n65_r16_v00_90000_fof_0.0040_0000.hdf5,/rds/general/ephemeral/user/nny124/ephemeral/martian_moons_data/Ma_xp_A2000_s030y_n65_r16_v00_90000_fof_0.0040_0000.hdf5,462775104,A2000,2000,,s030y,30,y,True,n65,65,r16,16,v00,0,90000,0.004,0
Ma_xp_A2000_s030y_n65_r16_v06_90000_fof_0.0040_0000,Ma_xp_A2000_s030y_n65_r16_v06_90000_fof_0.0040_0000.hdf5,/rds/general/ephemeral/user/nny124/ephemeral/martian_moons_data/Ma_xp_A2000_s030y_n65_r16_v06_90000_fof_0.0040_0000.hdf5,462775104,A2000,2000,,s030y,30,y,True,n65,65,r16,16,v06,6,90000,0.004,0
Ma_xp_A2000_s030y_n65_r20_v00_90000_fof_0.0040_0000,Ma_xp_A2000_s030y_n65_r20_v00_90000_fof_0.0040_0000.hdf5,/rds/general/ephemeral/user/nny124/ephemeral/martian_moons_data/Ma_xp_A2000_s030y_n65_r20_v00_90000_fof_0.0040_0000.hdf5,462775104,A2000,2000,,s030y,30,y,True,n65,65,r20,20,v00,0,90000,0.004,0
Ma_xp_A2000_s030z_n65_r11_v00_90000_fof_0.0040_0000,Ma_xp_A2000_s030z_n65_r11_v00_90000_fof_0.0040_0000.hdf5,/rds/general/ephemeral/user/nny124/ephemeral/martian_moons_data/Ma_xp_A2000_s030z_n65_r11_v00_90000_fof_0.0040_0000.hdf5,462775104,A2000,2000,,s030z,30,z,True,n65,65,r11,11,v00,0,90000,0.004,0
Ma_xp_A2000_s030z_n65_r12_v00_90000_fof_0.0040_0000,Ma_xp_A2000_s030z_n65_r12_v00_90000_fof_0.0040_0000.hdf5,/rds/general/ephemeral/user/nny124/ephemeral/martian_moons_data/Ma_xp_A2000_s030z_n65_r12_v00_90000_fof_0.0040_0000.hdf5,462775104,A2000,2000,,s030z,30,z,True,n65,65,r12,12,v00,0,90000,0.004,0
Ma_xp_A2000_s030z_n65_r12_v02_90000_fof_0.0040_0000,Ma_xp_A2000_s030z_n65_r12_v02_90000_fof_0.0040_0000.hdf5,/rds/general/ephemeral/user/nny124/ephemeral/martian_moons_data/Ma_xp_A2000_s030z_n65_r12_v02_90000_fof_0.0040_0000.hdf5,462775104,A2000,2000,,s030z,30,z,True,n65,65,r12,12,v02,2,90000,0.004,0
Ma_xp_A2000_s030z_n65_r12_v04_90000_fof_0.0040_0000,Ma_xp_A2000_s030z_n65_r12_v04_90000_fof_0.0040_0000.hdf5,/rds/general/ephemeral/user/nny124/ephemeral/martian_moons_data/Ma_xp_A2000_s030z_n65_r12_v04_90000_fof_0.0040_0000.hdf5,462775104,A2000,2000,,s030z,30,z,True,n65,65,r12,12,v04,4,90000,0.004,0
Ma_xp_A2000_s030z_n65_r12_v06_90000_fof_0.0040_0000,Ma_xp_A2000_s030z_n65_r12_v06_90000_fof_0.0040_0000.hdf5,/rds/general/ephemeral/user/nny124/ephemeral/martian_moons_data/Ma_xp_A2000_s030z_n65_r12_v06_90000_fof_0.0040_0000.hdf5,462775104,A2000,2000,,s030z,30,z,True,n65,65,r12,12,v06,6,90000,0.004,0
Ma_xp_A2000_s030z_n65_r12_v08_90000_fof_0.0040_0000,Ma_xp_A2000_s030z_n65_r12_v08_90000_fof_0.0040_0000.hdf5,/rds/general/ephemeral/user/nny124/ephemeral/martian_moons_data/Ma_xp_A2000_s030z_n65_r12_v08_90000_fof_0.0040_0000.hdf5,462775104,A2000,2000,,s030z,30,z,True,n65,65,r12,12,v08,8,90000,0.004,0
Ma_xp_A2000_s030z_n65_r12_v10_90000_fof_0.0040_0000,Ma_xp_A2000_s030z_n65_r12_v10_90000_fof_0.0040_0000.hdf5,/rds/general/ephemeral/user/nny124/ephemeral/martian_moons_data/Ma_xp_A2000_s030z_n65_r12_v10_90000_fof_0.0040_0000.hdf5,462775104,A2000,2000,,s030z,30,z,True,n65,65,r12,12,v10,10,90000,0.004,0
Ma_xp_A2000_s030z_n65_r12_v12_90000_fof_0.0040_0000,Ma_xp_A2000_s030z_n65_r12_v12_90000_fof_0.0040_0000.hdf5,/rds/general/ephemeral/user/nny124/ephemeral/martian_moons_data/Ma_xp_A2000_s030z_n65_r12_v12_90000_fof_0.0040_0000.hdf5,462775104,A2000,2000,,s030z,30,z,True,n65,65,r12,12,v12,12,90000,0.004,0
Ma_xp_A2000_s030z_n65_r12_v14_90000_fof_0.0040_0000,Ma_xp_A2000_s030z_n65_r12_v14_90000_fof_0.0040_0000.hdf5,/rds/general/ephemeral/user/nny124/ephemeral/martian_moons_data/Ma_xp_A2000_s030z_n65_r12_v14_90000_fof_0.0040_0000.hdf5,462775104,A2000,2000,,s030z,30,z,True,n65,65,r12,12,v14,14,90000,0.004,0
Ma_xp_A2000_s030z_n65_r12_v16_90000_fof_0.0040_0000,Ma_xp_A2000_s030z_n65_r12_v16_90000_fof_0.0040_0000.hdf5,/rds/general/ephemeral/user/nny124/ephemeral/martian_moons_data/Ma_xp_A2000_s030z_n65_r12_v16_90000_fof_0.0040_0000.hdf5,462775104,A2000,2000,,s030z,30,z,True,n65,65,r12,12,v16,16,90000,0.004,0
Ma_xp_A2000_s030z_n65_r13_v00_90000_fof_0.0040_0000,Ma_xp_A2000_s030z_n65_r13_v00_90000_fof_0.0040_0000.hdf5,/rds/general/ephemeral/user/nny124/ephemeral/martian_moons_data/Ma_xp_A2000_s030z_n65_r13_v00_90000_fof_0.0040_0000.hdf5,462775104,A2000,2000,,s030z,30,z,True,n65,65,r13,13,v00,0,90000,0.004,0
Ma_xp_A2000_s030z_n65_r14_v00_90000_fof_0.0040_0000,Ma_xp_A2000_s030z_n65_r14_v00_90000_fof_0.0040_0000.hdf5,/rds/general/ephemeral/user/nny124/ephemeral/martian_moons_data/Ma_xp_A2000_s030z_n65_r14_v00_90000_fof_0.0040_0000.hdf5,462775104,A2000,2000,,s030z,30,z,True,n65,65,r14,14,v00,0,90000,0.004,0
Ma_xp_A2000_s030z_n65_r15_v00_90000_fof_0.0040_0000,Ma_xp_A2000_s030z_n65_r15_v00_90000_fof_0.0040_0000.hdf5,/rds/general/ephemeral/user/nny124/ephemeral/martian_moons_data/Ma_xp_A2000_s030z_n65_r15_v00_90000_fof_0.0040_0000.hdf5,462775104,A2000,2000,,s030z,30,z,True,n65,65,r15,15,v00,0,90000,0.004,0
Ma_xp_A2000_s030z_n65_r16_v00_102000_fof_0.0040_0000,Ma_xp_A2000_s030z_n65_r16_v00_102000_fof_0.0040_0000.hdf5,/rds/general/ephemeral/user/nny124/ephemeral/martian_moons_data/Ma_xp_A2000_s030z_n65_r16_v00_102000_fof_0.0040_0000.hdf5,462775112,A2000,2000,,s030z,30,z,True,n65,65,r16,16,v00,0,102000,0.004,0
Ma_xp_A2000_s030z_n65_r16_v00_108000_fof_0.0040_0000,Ma_xp_A2000_s030z_n65_r16_v00_108000_fof_0.0040_0000.hdf5,/rds/general/ephemeral/user/nny124/ephemeral/martian_moons_data/Ma_xp_A2000_s030z_n65_r16_v00_108000_fof_0.0040_0000.hdf5,462775112,A2000,2000,,s030z,30,z,True,n65,65,r16,16,v00,0,108000,0.004,0
Ma_xp_A2000_s030z_n65_r16_v00_66000_fof_0.0040_0000,Ma_xp_A2000_s030z_n65_r16_v00_66000_fof_0.0040_0000.hdf5,/rds/general/ephemeral/user/nny124/ephemeral/martian_moons_data/Ma_xp_A2000_s030z_n65_r16_v00_66000_fof_0.0040_0000.hdf5,462775104,A2000,2000,,s030z,30,z,True,n65,65,r16,16,v00,0,66000,0.004,0
Ma_xp_A2000_s030z_n65_r16_v00_72000_fof_0.0040_0000,Ma_xp_A2000_s030z_n65_r16_v00_72000_fof_0.0040_0000.hdf5,/rds/general/ephemeral/user/nny124/ephemeral/martian_moons_data/Ma_xp_A2000_s030z_n65_r16_v00_72000_fof_0.0040_0000.hdf5,462775104,A2000,2000,,s030z,30,z,True,n65,65,r16,16,v00,0,72000,0.004,0
Ma_xp_A2000_s030z_n65_r16_v00_78000_fof_0.0040_0000,Ma_xp_A2000_s030z_n65_r16_v00_78000_fof_0.0040_0000.hdf5,/rds/general/ephemeral/user/nny124/ephemeral/martian_moons_data/Ma_xp_A2000_s030z_n65_r16_v00_78000_fof_0.0040_0000.hdf5,462775104,A2000,2000,,s030z,30,z,True,n65,65,r16,16,v00,0,78000,0.004,0
Ma_xp_A2000_s030z_n65_r16_v00_84000_fof_0.0040_0000,Ma_xp_A2000_s030z_n65_r16_v00_84000_fof_0.0040_0000.hdf5,/rds/general/ephemeral/user/nny124/ephemeral/martian_moons_data/Ma_xp_A2000_s030z_n65_r16_v00_84000_fof_0.0040_0000.hdf5,462775104,A2000,2000,,s030z,30,z,True,n65,65,r16,16,v00,0,84000,0.004,0
Ma_xp_A2000_s030z_n65_r16_v00_90000_fof_0.0040_0000,Ma_xp_A2000_s030z_n65_r16_v00_90000_fof_0.0040_0000.hdf5,/rds/general/ephemeral/user/nny124/ephemeral/martian_moons_data/Ma_xp_A2000_s030z_n65_r16_v00_90000_fof_0.0040_0000.hdf5,462775104,A2000,2000,,s030z,30,z,True,n65,65,r16,16,v00,0,90000,0.004,0
Ma_xp_A2000_s030z_n65_r16_v00_96000_fof_0.0040_0000,Ma_xp_A2000_s030z_n65_r16_v00_96000_fof_0.0040_0000.hdf5,/rds/general/ephemeral/user/nny124/ephemeral/martian_moons_data/Ma_xp_A2000_s030z_n65_r16_v00_96000_fof_0.0040_0000.hdf5,462775104,A2000,2000,,s030z,30,z,True,n65,65,r16,16,v00,0,96000,0.004,0
Ma_xp_A2000_s030z_n65_r16_v02_90000_fof_0.0040_0000,Ma_xp_A2000_s030z_n65_r16_v02_90000_fof_0.0040_0000.hdf5,/rds/general/ephemeral/user/nny124/ephemeral/martian_moons_data/Ma_xp_A2000_s030z_n65_r16_v02_90000_fof_0.0040_0000.hdf5,462775104,A2000,2000,,s030z,30,z,True,n65,65,r16,16,v02,2,90000,0.004,0
Ma_xp_A2000_s030z_n65_r16_v06_90000_fof_0.0040_0000,Ma_xp_A2000_s030z_n65_r16_v06_90000_fof_0.0040_0000.hdf5,/rds/general/ephemeral/user/nny124/ephemeral/martian_moons_data/Ma_xp_A2000_s030z_n65_r16_v06_90000_fof_0.0040_0000.hdf5,462775104,A2000,2000,,s030z,30,z,True,n65,65,r16,16,v06,6,90000,0.004,0
Ma_xp_A2000_s030z_n65_r16_v08_90000_fof_0.0040_0000,Ma_xp_A2000_s030z_n65_r16_v08_90000_fof_0.0040_0000.hdf5,/rds/general/ephemeral/user/nny124/ephemeral/martian_moons_data/Ma_xp_A2000_s030z_n65_r16_v08_90000_fof_0.0040_0000.hdf5,462775104,A2000,2000,,s030z,30,z,True,n65,65,r16,16,v08,8,90000,0.004,0
Ma_xp_A2000_s030z_n65_r16_v10_90000_fof_0.0040_0000,Ma_xp_A2000_s030z_n65_r16_v10_90000_fof_0.0040_0000.hdf5,/rds/general/ephemeral/user/nny124/ephemeral/martian_moons_data/Ma_xp_A2000_s030z_n65_r16_v10_90000_fof_0.0040_0000.hdf5,462775104,A2000,2000,,s030z,30,z,True,n65,65,r16,16,v10,10,90000,0.004,0
Ma_xp_A2000_s030z_n65_r17_v00_90000_fof_0.0040_0000,Ma_xp_A2000_s030z_n65_r17_v00_90000_fof_0.0040_0000.hdf5,/rds/general/ephemeral/user/nny124/ephemeral/martian_moons_data/Ma_xp_A2000_s030z_n65_r17_v00_90000_fof_0.0040_0000.hdf5,462775104,A2000,2000,,s030z,30,z,True,n65,65,r17,17,v00,0,90000,0.004,0
Ma_xp_A2000_s030z_n65_r18_v00_90000_fof_0.0040_0000,Ma_xp_A2000_s030z_n65_r18_v00_90000_fof_0.0040_0000.hdf5,/rds/general/ephemeral/user/nny124/ephemeral/martian_moons_data/Ma_xp_A2000_s030z_n65_r18_v00_90000_fof_0.0040_0000.hdf5,462775104,A2000,2000,,s030z,30,z,True,n65,65,r18,18,v00,0,90000,0.004,0
Ma_xp_A2000_s030z_n65_r19_v00_90000_fof_0.0040_0000,Ma_xp_A2000_s030z_n65_r19_v00_90000_fof_0.0040_0000.hdf5,/rds/general/ephemeral/user/nny124/ephemeral/martian_moons_data/Ma_xp_A2000_s030z_n65_r19_v00_90000_fof_0.0040_0000.hdf5,462775104,A2000,2000,,s030z,30,z,True,n65,65,r19,19,v00,0,90000,0.004,0
Ma_xp_A2000_s030z_n65_r20_v00_90000_fof_0.0040_0000,Ma_xp_A2000_s030z_n65_r20_v00_90000_fof_0.0040_0000.hdf5,/rds/general/ephemeral/user/nny124/ephemeral/martian_moons_data/Ma_xp_A2000_s030z_n65_r20_v00_90000_fof_0.0040_0000.hdf5,462775104,A2000,2000,,s030z,30,z,True,n65,65,r20,20,v00,0,90000,0.004,0
Ma_xp_A2000_s030z_n65_r20_v02_90000_fof_0.0040_0000,Ma_xp_A2000_s030z_n65_r20_v02_90000_fof_0.0040_0000.hdf5,/rds/general/ephemeral/user/nny124/ephemeral/martian_moons_data/Ma_xp_A2000_s030z_n65_r20_v02_90000_fof_0.0040_0000.hdf5,462775104,A2000,2000,,s030z,30,z,True,n65,65,r20,20,v02,2,90000,0.004,0
Ma_xp_A2000_s030z_n65_r20_v04_90000_fof_0.0040_0000,Ma_xp_A2000_s030z_n65_r20_v04_90000_fof_0.0040_0000.hdf5,/rds/general/ephemeral/user/nny124/ephemeral/martian_moons_data/Ma_xp_A2000_s030z_n65_r20_v04_90000_fof_0.0040_0000.hdf5,462775104,A2000,2000,,s030z,30,z,True,n65,65,r20,20,v04,4,90000,0.004,0
Ma_xp_A2000_s030z_n65_r20_v06_90000_fof_0.0040_0000,Ma_xp_A2000_s030z_n65_r20_v06_90000_fof_0.0040_0000.hdf5,/rds/general/ephemeral/user/nny124/ephemeral/martian_moons_data/Ma_xp_A2000_s030z_n65_r20_v06_90000_fof_0.0040_0000.hdf5,462775104,A2000,2000,,s030z,30,z,True,n65,65,r20,20,v06,6,90000,0.004,0
Ma_xp_A2000_s030z_n65_r20_v08_90000_fof_0.0040_0000,Ma_xp_A2000_s030z_n65_r20_v08_90000_fof_0.0040_0000.hdf5,/rds/general/ephemeral/user/nny124/ephemeral/martian_moons_data/Ma_xp_A2000_s030z_n65_r20_v08_90000_fof_0.0040_0000.hdf5,462775104,A2000,2000,,s030z,30,z,True,n65,65,r20,20,v08,8,90000,0.004,0
Ma_xp_A2000_s030z_n65_r20_v10_90000_fof_0.0040_0000,Ma_xp_A2000_s030z_n65_r20_v10_90000_fof_0.0040_0000.hdf5,/rds/general/ephemeral/user/nny124/ephemeral/martian_moons_data/Ma_xp_A2000_s030z_n65_r20_v10_90000_fof_0.0040_0000.hdf5,462775104,A2000,2000,,s030z,30,z,True,n65,65,r20,20,v10,10,90000,0.004,0
Ma_xp_A2000_s030z_n65_r22_v00_90000_fof_0.0040_0000,Ma_xp_A2000_s030z_n65_r22_v00_90000_fof_0.0040_0000.hdf5,/rds/general/ephemeral/user/nny124/ephemeral/martian_moons_data/Ma_xp_A2000_s030z_n65_r22_v00_90000_fof_0.0040_0000.hdf5,462775104,A2000,2000,,s030z,30,z,True,n65,65,r22,22,v00,0,90000,0.004,0
Ma_xp_A2000_s030z_n65_r24_v00_90000_fof_0.0040_0000,Ma_xp_A2000_s030z_n65_r24_v00_90000_fof_0.0040_0000.hdf5,/rds/general/ephemeral/user/nny124/ephemeral/martian_moons_data/Ma_xp_A2000_s030z_n65_r24_v00_90000_fof_0.0040_0000.hdf5,462775104,A2000,2000,,s030z,30,z,True,n65,65,r24,24,v00,0,90000,0.004,0
Ma_xp_A2000_s030z_n65_r26_v00_90000_fof_0.0040_0000,Ma_xp_A2000_s030z_n65_r26_v00_90000_fof_0.0040_0000.hdf5,/rds/general/ephemeral/user/nny124/ephemeral/martian_moons_data/Ma_xp_A2000_s030z_n65_r26_v00_90000_fof_0.0040_0000.hdf5,462775104,A2000,2000,,s030z,30,z,True,n65,65,r26,26,v00,0,90000,0.004,0
Ma_xp_A2000_s030z_n65_r28_v00_90000_fof_0.0040_0000,Ma_xp_A2000_s030z_n65_r28_v00_90000_fof_0.0040_0000.hdf5,/rds/general/ephemeral/user/nny124/ephemeral/martian_moons_data/Ma_xp_A2000_s030z_n65_r28_v00_90000_fof_0.0040_0000.hdf5,462775104,A2000,2000,,s030z,30,z,True,n65,65,r28,28,v00,0,90000,0.004,0
Ma_xp_A2000_s030z_n65_r30_v00_90000_fof_0.0040_0000,Ma_xp_A2000_s030z_n65_r30_v00_90000_fof_0.0040_0000.hdf5,/rds/general/ephemeral/user/nny124/ephemeral/martian_moons_data/Ma_xp_A2000_s030z_n65_r30_v00_90000_fof_0.0040_0000.hdf5,462775104,A2000,2000,,s030z,30,z,True,n65,65,r30,30,v00,0,90000,0.004,0
Ma_xp_A2000_s036mz_n65_r12_v00_90000_fof_0.0040_0000,Ma_xp_A2000_s036mz_n65_r12_v00_90000_fof_0.0040_0000.hdf5,/rds/general/ephemeral/user/nny124/ephemeral/martian_moons_data/Ma_xp_A2000_s036mz_n65_r12_v00_90000_fof_0.0040_0000.hdf5,462775112,A2000,2000,,s036mz,36,mz,True,n65,65,r12,12,v00,0,90000,0.004,0
Ma_xp_A2000_s036x_n65_r12_v00_90000_fof_0.0040_0000,Ma_xp_A2000_s036x_n65_r12_v00_90000_fof_0.0040_0000.hdf5,/rds/general/ephemeral/user/nny124/ephemeral/martian_moons_data/Ma_xp_A2000_s036x_n65_r12_v00_90000_fof_0.0040_0000.hdf5,462775104,A2000,2000,,s036x,36,x,True,n65,65,r12,12,v00,0,90000,0.004,0
Ma_xp_A2000_s036x_n65_r16_v00_90000_fof_0.0040_0000,Ma_xp_A2000_s036x_n65_r16_v00_90000_fof_0.0040_0000.hdf5,/rds/general/ephemeral/user/nny124/ephemeral/martian_moons_data/Ma_xp_A2000_s036x_n65_r16_v00_90000_fof_0.0040_0000.hdf5,462775104,A2000,2000,,s036x,36,x,True,n65,65,r16,16,v00,0,90000,0.004,0
Ma_xp_A2000_s036x_n65_r16_v06_90000_fof_0.0040_0000,Ma_xp_A2000_s036x_n65_r16_v06_90000_fof_0.0040_0000.hdf5,/rds/general/ephemeral/user/nny124/ephemeral/martian_moons_data/Ma_xp_A2000_s036x_n65_r16_v06_90000_fof_0.0040_0000.hdf5,462775104,A2000,2000,,s036x,36,x,True,n65,65,r16,16,v06,6,90000,0.004,0
Ma_xp_A2000_s036x_n65_r20_v00_90000_fof_0.0040_0000,Ma_xp_A2000_s036x_n65_r20_v00_90000_fof_0.0040_0000.hdf5,/rds/general/ephemeral/user/nny124/ephemeral/martian_moons_data/Ma_xp_A2000_s036x_n65_r20_v00_90000_fof_0.0040_0000.hdf5,462775104,A2000,2000,,s036x,36,x,True,n65,65,r20,20,v00,0,90000,0.004,0
Ma_xp_A2000_s036y_n65_r12_v00_90000_fof_0.0040_0000,Ma_xp_A2000_s036y_n65_r12_v00_90000_fof_0.0040_0000.hdf5,/rds/general/ephemeral/user/nny124/ephemeral/martian_moons_data/Ma_xp_A2000_s036y_n65_r12_v00_90000_fof_0.0040_0000.hdf5,462775104,A2000,2000,,s036y,36,y,True,n65,65,r12,12,v00,0,90000,0.004,0
Ma_xp_A2000_s036y_n65_r16_v00_90000_fof_0.0040_0000,Ma_xp_A2000_s036y_n65_r16_v00_90000_fof_0.0040_0000.hdf5,/rds/general/ephemeral/user/nny124/ephemeral/martian_moons_data/Ma_xp_A2000_s036y_n65_r16_v00_90000_fof_0.0040_0000.hdf5,462775104,A2000,2000,,s036y,36,y,True,n65,65,r16,16,v00,0,90000,0.004,0
Ma_xp_A2000_s036y_n65_r16_v06_90000_fof_0.0040_0000,Ma_xp_A2000_s036y_n65_r16_v06_90000_fof_0.0040_0000.hdf5,/rds/general/ephemeral/user/nny124/ephemeral/martian_moons_data/Ma_xp_A2000_s036y_n65_r16_v06_90000_fof_0.0040_0000.hdf5,462775104,A2000,2000,,s036y,36,y,True,n65,65,r16,16,v06,6,90000,0.004,0
Ma_xp_A2000_s036y_n65_r20_v00_90000_fof_0.0040_0000,Ma_xp_A2000_s036y_n65_r20_v00_90000_fof_0.0040_0000.hdf5,/rds/general/ephemeral/user/nny124/ephemeral/martian_moons_data/Ma_xp_A2000_s036y_n65_r20_v00_90000_fof_0.0040_0000.hdf5,462775104,A2000,2000,,s036y,36,y,True,n65,65,r20,20,v00,0,90000,0.004,0
Ma_xp_A2000_s036z_n65_r12_v00_90000_fof_0.0040_0000,Ma_xp_A2000_s036z_n65_r12_v00_90000_fof_0.0040_0000.hdf5,/rds/general/ephemeral/user/nny124/ephemeral/martian_moons_data/Ma_xp_A2000_s036z_n65_r12_v00_90000_fof_0.0040_0000.hdf5,462775104,A2000,2000,,s036z,36,z,True,n65,65,r12,12,v00,0,90000,0.004,0
Ma_xp_A2000_s036z_n65_r16_v00_90000_fof_0.0040_0000,Ma_xp_A2000_s036z_n65_r16_v00_90000_fof_0.0040_0000.hdf5,/rds/general/ephemeral/user/nny124/ephemeral/martian_moons_data/Ma_xp_A2000_s036z_n65_r16_v00_90000_fof_0.0040_0000.hdf5,462775104,A2000,2000,,s036z,36,z,True,n65,65,r16,16,v00,0,90000,0.004,0
Ma_xp_A2000_s036z_n65_r16_v06_90000_fof_0.0040_0000,Ma_xp_A2000_s036z_n65_r16_v06_90000_fof_0.0040_0000.hdf5,/rds/general/ephemeral/user/nny124/ephemeral/martian_moons_data/Ma_xp_A2000_s036z_n65_r16_v06_90000_fof_0.0040_0000.hdf5,462775104,A2000,2000,,s036z,36,z,True,n65,65,r16,16,v06,6,90000,0.004,0
Ma_xp_A2000_s036z_n65_r20_v00_90000_fof_0.0040_0000,Ma_xp_A2000_s036z_n65_r20_v00_90000_fof_0.0040_0000.hdf5,/rds/general/ephemeral/user/nny124/ephemeral/martian_moons_data/Ma_xp_A2000_s036z_n65_r20_v00_90000_fof_0.0040_0000.hdf5,462775104,A2000,2000,,s036z,36,z,True,n65,65,r20,20,v00,0,90000,0.004,0
Ma_xp_A2000_s047mz_n65_r12_v00_90000_fof_0.0040_0000,Ma_xp_A2000_s047mz_n65_r12_v00_90000_fof_0.0040_0000.hdf5,/rds/general/ephemeral/user/nny124/ephemeral/martian_moons_data/Ma_xp_A2000_s047mz_n65_r12_v00_90000_fof_0.0040_0000.hdf5,462775112,A2000,2000,,s047mz,47,mz,True,n65,65,r12,12,v00,0,90000,0.004,0
Ma_xp_A2000_s047mz_n65_r16_v00_90000_fof_0.0040_0000,Ma_xp_A2000_s047mz_n65_r16_v00_90000_fof_0.0040_0000.hdf5,/rds/general/ephemeral/user/nny124/ephemeral/martian_moons_data/Ma_xp_A2000_s047mz_n65_r16_v00_90000_fof_0.0040_0000.hdf5,462775112,A2000,2000,,s047mz,47,mz,True,n65,65,r16,16,v00,0,90000,0.004,0
Ma_xp_A2000_s047mz_n65_r16_v06_90000_fof_0.0040_0000,Ma_xp_A2000_s047mz_n65_r16_v06_90000_fof_0.0040_0000.hdf5,/rds/general/ephemeral/user/nny124/ephemeral/martian_moons_data/Ma_xp_A2000_s047mz_n65_r16_v06_90000_fof_0.0040_0000.hdf5,462775112,A2000,2000,,s047mz,47,mz,True,n65,65,r16,16,v06,6,90000,0.004,0
Ma_xp_A2000_s047x_n65_r12_v00_90000_fof_0.0040_0000,Ma_xp_A2000_s047x_n65_r12_v00_90000_fof_0.0040_0000.hdf5,/rds/general/ephemeral/user/nny124/ephemeral/martian_moons_data/Ma_xp_A2000_s047x_n65_r12_v00_90000_fof_0.0040_0000.hdf5,462775104,A2000,2000,,s047x,47,x,True,n65,65,r12,12,v00,0,90000,0.004,0
Ma_xp_A2000_s047x_n65_r16_v00_90000_fof_0.0040_0000,Ma_xp_A2000_s047x_n65_r16_v00_90000_fof_0.0040_0000.hdf5,/rds/general/ephemeral/user/nny124/ephemeral/martian_moons_data/Ma_xp_A2000_s047x_n65_r16_v00_90000_fof_0.0040_0000.hdf5,462775104,A2000,2000,,s047x,47,x,True,n65,65,r16,16,v00,0,90000,0.004,0
Ma_xp_A2000_s047x_n65_r16_v06_90000_fof_0.0040_0000,Ma_xp_A2000_s047x_n65_r16_v06_90000_fof_0.0040_0000.hdf5,/rds/general/ephemeral/user/nny124/ephemeral/martian_moons_data/Ma_xp_A2000_s047x_n65_r16_v06_90000_fof_0.0040_0000.hdf5,462775104,A2000,2000,,s047x,47,x,True,n65,65,r16,16,v06,6,90000,0.004,0
Ma_xp_A2000_s047x_n65_r20_v00_90000_fof_0.0040_0000,Ma_xp_A2000_s047x_n65_r20_v00_90000_fof_0.0040_0000.hdf5,/rds/general/ephemeral/user/nny124/ephemeral/martian_moons_data/Ma_xp_A2000_s047x_n65_r20_v00_90000_fof_0.0040_0000.hdf5,462775104,A2000,2000,,s047x,47,x,True,n65,65,r20,20,v00,0,90000,0.004,0
Ma_xp_A2000_s047y_n65_r12_v00_90000_fof_0.0040_0000,Ma_xp_A2000_s047y_n65_r12_v00_90000_fof_0.0040_0000.hdf5,/rds/general/ephemeral/user/nny124/ephemeral/martian_moons_data/Ma_xp_A2000_s047y_n65_r12_v00_90000_fof_0.0040_0000.hdf5,462775104,A2000,2000,,s047y,47,y,True,n65,65,r12,12,v00,0,90000,0.004,0
Ma_xp_A2000_s047y_n65_r16_v00_90000_fof_0.0040_0000,Ma_xp_A2000_s047y_n65_r16_v00_90000_fof_0.0040_0000.hdf5,/rds/general/ephemeral/user/nny124/ephemeral/martian_moons_data/Ma_xp_A2000_s047y_n65_r16_v00_90000_fof_0.0040_0000.hdf5,462775104,A2000,2000,,s047y,47,y,True,n65,65,r16,16,v00,0,90000,0.004,0
Ma_xp_A2000_s047y_n65_r16_v06_90000_fof_0.0040_0000,Ma_xp_A2000_s047y_n65_r16_v06_90000_fof_0.0040_0000.hdf5,/rds/general/ephemeral/user/nny124/ephemeral/martian_moons_data/Ma_xp_A2000_s047y_n65_r16_v06_90000_fof_0.0040_0000.hdf5,462775104,A2000,2000,,s047y,47,y,True,n65,65,r16,16,v06,6,90000,0.004,0
Ma_xp_A2000_s047y_n65_r20_v00_90000_fof_0.0040_0000,Ma_xp_A2000_s047y_n65_r20_v00_90000_fof_0.0040_0000.hdf5,/rds/general/ephemeral/user/nny124/ephemeral/martian_moons_data/Ma_xp_A2000_s047y_n65_r20_v00_90000_fof_0.0040_0000.hdf5,462775104,A2000,2000,,s047y,47,y,True,n65,65,r20,20,v00,0,90000,0.004,0
Ma_xp_A2000_s047z_n65_r11_v00_90000_fof_0.0040_0000,Ma_xp_A2000_s047z_n65_r11_v00_90000_fof_0.0040_0000.hdf5,/rds/general/ephemeral/user/nny124/ephemeral/martian_moons_data/Ma_xp_A2000_s047z_n65_r11_v00_90000_fof_0.0040_0000.hdf5,462775104,A2000,2000,,s047z,47,z,True,n65,65,r11,11,v00,0,90000,0.004,0
Ma_xp_A2000_s047z_n65_r12_v00_90000_fof_0.0040_0000,Ma_xp_A2000_s047z_n65_r12_v00_90000_fof_0.0040_0000.hdf5,/rds/general/ephemeral/user/nny124/ephemeral/martian_moons_data/Ma_xp_A2000_s047z_n65_r12_v00_90000_fof_0.0040_0000.hdf5,462775104,A2000,2000,,s047z,47,z,True,n65,65,r12,12,v00,0,90000,0.004,0
Ma_xp_A2000_s047z_n65_r12_v02_90000_fof_0.0040_0000,Ma_xp_A2000_s047z_n65_r12_v02_90000_fof_0.0040_0000.hdf5,/rds/general/ephemeral/user/nny124/ephemeral/martian_moons_data/Ma_xp_A2000_s047z_n65_r12_v02_90000_fof_0.0040_0000.hdf5,462775104,A2000,2000,,s047z,47,z,True,n65,65,r12,12,v02,2,90000,0.004,0
Ma_xp_A2000_s047z_n65_r12_v04_90000_fof_0.0040_0000,Ma_xp_A2000_s047z_n65_r12_v04_90000_fof_0.0040_0000.hdf5,/rds/general/ephemeral/user/nny124/ephemeral/martian_moons_data/Ma_xp_A2000_s047z_n65_r12_v04_90000_fof_0.0040_0000.hdf5,462775104,A2000,2000,,s047z,47,z,True,n65,65,r12,12,v04,4,90000,0.004,0
Ma_xp_A2000_s047z_n65_r12_v06_90000_fof_0.0040_0000,Ma_xp_A2000_s047z_n65_r12_v06_90000_fof_0.0040_0000.hdf5,/rds/general/ephemeral/user/nny124/ephemeral/martian_moons_data/Ma_xp_A2000_s047z_n65_r12_v06_90000_fof_0.0040_0000.hdf5,462775104,A2000,2000,,s047z,47,z,True,n65,65,r12,12,v06,6,90000,0.004,0
Ma_xp_A2000_s047z_n65_r12_v08_90000_fof_0.0040_0000,Ma_xp_A2000_s047z_n65_r12_v08_90000_fof_0.0040_0000.hdf5,/rds/general/ephemeral/user/nny124/ephemeral/martian_moons_data/Ma_xp_A2000_s047z_n65_r12_v08_90000_fof_0.0040_0000.hdf5,462775104,A2000,2000,,s047z,47,z,True,n65,65,r12,12,v08,8,90000,0.004,0
Ma_xp_A2000_s047z_n65_r12_v10_90000_fof_0.0040_0000,Ma_xp_A2000_s047z_n65_r12_v10_90000_fof_0.0040_0000.hdf5,/rds/general/ephemeral/user/nny124/ephemeral/martian_moons_data/Ma_xp_A2000_s047z_n65_r12_v10_90000_fof_0.0040_0000.hdf5,462775104,A2000,2000,,s047z,47,z,True,n65,65,r12,12,v10,10,90000,0.004,0
Ma_xp_A2000_s047z_n65_r12_v12_90000_fof_0.0040_0000,Ma_xp_A2000_s047z_n65_r12_v12_90000_fof_0.0040_0000.hdf5,/rds/general/ephemeral/user/nny124/ephemeral/martian_moons_data/Ma_xp_A2000_s047z_n65_r12_v12_90000_fof_0.0040_0000.hdf5,462775104,A2000,2000,,s047z,47,z,True,n65,65,r12,12,v12,12,90000,0.004,0
Ma_xp_A2000_s047z_n65_r12_v14_90000_fof_0.0040_0000,Ma_xp_A2000_s047z_n65_r12_v14_90000_fof_0.0040_0000.hdf5,/rds/general/ephemeral/user/nny124/ephemeral/martian_moons_data/Ma_xp_A2000_s047z_n65_r12_v14_90000_fof_0.0040_0000.hdf5,462775104,A2000,2000,,s047z,47,z,True,n65,65,r12,12,v14,14,90000,0.004,0
Ma_xp_A2000_s047z_n65_r12_v16_90000_fof_0.0040_0000,Ma_xp_A2000_s047z_n65_r12_v16_90000_fof_0.0040_0000.hdf5,/rds/general/ephemeral/user/nny124/ephemeral/martian_moons_data/Ma_xp_A2000_s047z_n65_r12_v16_90000_fof_0.0040_0000.hdf5,462775104,A2000,2000,,s047z,47,z,True,n65,65,r12,12,v16,16,90000,0.004,0
Ma_xp_A2000_s047z_n65_r13_v00_90000_fof_0.0040_0000,Ma_xp_A2000_s047z_n65_r13_v00_90000_fof_0.0040_0000.hdf5,/rds/general/ephemeral/user/nny124/ephemeral/martian_moons_data/Ma_xp_A2000_s047z_n65_r13_v00_90000_fof_0.0040_0000.hdf5,462775104,A2000,2000,,s047z,47,z,True,n65,65,r13,13,v00,0,90000,0.004,0
Ma_xp_A2000_s047z_n65_r14_v00_90000_fof_0.0040_0000,Ma_xp_A2000_s047z_n65_r14_v00_90000_fof_0.0040_0000.hdf5,/rds/general/ephemeral/user/nny124/ephemeral/martian_moons_data/Ma_xp_A2000_s047z_n65_r14_v00_90000_fof_0.0040_0000.hdf5,462775104,A2000,2000,,s047z,47,z,True,n65,65,r14,14,v00,0,90000,0.004,0
Ma_xp_A2000_s047z_n65_r15_v00_90000_fof_0.0040_0000,Ma_xp_A2000_s047z_n65_r15_v00_90000_fof_0.0040_0000.hdf5,/rds/general/ephemeral/user/nny124/ephemeral/martian_moons_data/Ma_xp_A2000_s047z_n65_r15_v00_90000_fof_0.0040_0000.hdf5,462775104,A2000,2000,,s047z,47,z,True,n65,65,r15,15,v00,0,90000,0.004,0
Ma_xp_A2000_s047z_n65_r16_v00_102000_fof_0.0040_0000,Ma_xp_A2000_s047z_n65_r16_v00_102000_fof_0.0040_0000.hdf5,/rds/general/ephemeral/user/nny124/ephemeral/martian_moons_data/Ma_xp_A2000_s047z_n65_r16_v00_102000_fof_0.0040_0000.hdf5,462775112,A2000,2000,,s047z,47,z,True,n65,65,r16,16,v00,0,102000,0.004,0
Ma_xp_A2000_s047z_n65_r16_v00_108000_fof_0.0040_0000,Ma_xp_A2000_s047z_n65_r16_v00_108000_fof_0.0040_0000.hdf5,/rds/general/ephemeral/user/nny124/ephemeral/martian_moons_data/Ma_xp_A2000_s047z_n65_r16_v00_108000_fof_0.0040_0000.hdf5,462775112,A2000,2000,,s047z,47,z,True,n65,65,r16,16,v00,0,108000,0.004,0
Ma_xp_A2000_s047z_n65_r16_v00_66000_fof_0.0040_0000,Ma_xp_A2000_s047z_n65_r16_v00_66000_fof_0.0040_0000.hdf5,/rds/general/ephemeral/user/nny124/ephemeral/martian_moons_data/Ma_xp_A2000_s047z_n65_r16_v00_66000_fof_0.0040_0000.hdf5,462775104,A2000,2000,,s047z,47,z,True,n65,65,r16,16,v00,0,66000,0.004,0
Ma_xp_A2000_s047z_n65_r16_v00_72000_fof_0.0040_0000,Ma_xp_A2000_s047z_n65_r16_v00_72000_fof_0.0040_0000.hdf5,/rds/general/ephemeral/user/nny124/ephemeral/martian_moons_data/Ma_xp_A2000_s047z_n65_r16_v00_72000_fof_0.0040_0000.hdf5,462775104,A2000,2000,,s047z,47,z,True,n65,65,r16,16,v00,0,72000,0.004,0
Ma_xp_A2000_s047z_n65_r16_v00_78000_fof_0.0040_0000,Ma_xp_A2000_s047z_n65_r16_v00_78000_fof_0.0040_0000.hdf5,/rds/general/ephemeral/user/nny124/ephemeral/martian_moons_data/Ma_xp_A2000_s047z_n65_r16_v00_78000_fof_0.0040_0000.hdf5,462775104,A2000,2000,,s047z,47,z,True,n65,65,r16,16,v00,0,78000,0.004,0
Ma_xp_A2000_s047z_n65_r16_v00_84000_fof_0.0040_0000,Ma_xp_A2000_s047z_n65_r16_v00_84000_fof_0.0040_0000.hdf5,/rds/general/ephemeral/user/nny124/ephemeral/martian_moons_data/Ma_xp_A2000_s047z_n65_r16_v00_84000_fof_0.0040_0000.hdf5,462775104,A2000,2000,,s047z,47,z,True,n65,65,r16,16,v00,0,84000,0.004,0
Ma_xp_A2000_s047z_n65_r16_v00_90000_fof_0.0040_0000,Ma_xp_A2000_s047z_n65_r16_v00_90000_fof_0.0040_0000.hdf5,/rds/general/ephemeral/user/nny124/ephemeral/martian_moons_data/Ma_xp_A2000_s047z_n65_r16_v00_90000_fof_0.0040_0000.hdf5,462775104,A2000,2000,,s047z,47,z,True,n65,65,r16,16,v00,0,90000,0.004,0
Ma_xp_A2000_s047z_n65_r16_v00_96000_fof_0.0040_0000,Ma_xp_A2000_s047z_n65_r16_v00_96000_fof_0.0040_0000.hdf5,/rds/general/ephemeral/user/nny124/ephemeral/martian_moons_data/Ma_xp_A2000_s047z_n65_r16_v00_96000_fof_0.0040_0000.hdf5,462775104,A2000,2000,,s047z,47,z,True,n65,65,r16,16,v00,0,96000,0.004,0
Ma_xp_A2000_s047z_n65_r16_v02_90000_fof_0.0040_0000,Ma_xp_A2000_s047z_n65_r16_v02_90000_fof_0.0040_0000.hdf5,/rds/general/ephemeral/user/nny124/ephemeral/martian_moons_data/Ma_xp_A2000_s047z_n65_r16_v02_90000_fof_0.0040_0000.hdf5,462775104,A2000,2000,,s047z,47,z,True,n65,65,r16,16,v02,2,90000,0.004,0
Ma_xp_A2000_s047z_n65_r16_v04_90000_fof_0.0040_0000,Ma_xp_A2000_s047z_n65_r16_v04_90000_fof_0.0040_0000.hdf5,/rds/general/ephemeral/user/nny124/ephemeral/martian_moons_data/Ma_xp_A2000_s047z_n65_r16_v04_90000_fof_0.0040_0000.hdf5,462775104,A2000,2000,,s047z,47,z,True,n65,65,r16,16,v04,4,90000,0.004,0
Ma_xp_A2000_s047z_n65_r16_v06_90000_fof_0.0040_0000,Ma_xp_A2000_s047z_n65_r16_v06_90000_fof_0.0040_0000.hdf5,/rds/general/ephemeral/user/nny124/ephemeral/martian_moons_data/Ma_xp_A2000_s047z_n65_r16_v06_90000_fof_0.0040_0000.hdf5,462775104,A2000,2000,,s047z,47,z,True,n65,65,r16,16,v06,6,90000,0.004,0
Ma_xp_A2000_s047z_n65_r16_v08_90000_fof_0.0040_0000,Ma_xp_A2000_s047z_n65_r16_v08_90000_fof_0.0040_0000.hdf5,/rds/general/ephemeral/user/nny124/ephemeral/martian_moons_data/Ma_xp_A2000_s047z_n65_r16_v08_90000_fof_0.0040_0000.hdf5,462775104,A2000,2000,,s047z,47,z,True,n65,65,r16,16,v08,8,90000,0.004,0
Ma_xp_A2000_s047z_n65_r16_v10_90000_fof_0.0040_0000,Ma_xp_A2000_s047z_n65_r16_v10_90000_fof_0.0040_0000.hdf5,/rds/general/ephemeral/user/nny124/ephemeral/martian_moons_data/Ma_xp_A2000_s047z_n65_r16_v10_90000_fof_0.0040_0000.hdf5,462775104,A2000,2000,,s047z,47,z,True,n65,65,r16,16,v10,10,90000,0.004,0
Ma_xp_A2000_s047z_n65_r17_v00_90000_fof_0.0040_0000,Ma_xp_A2000_s047z_n65_r17_v00_90000_fof_0.0040_0000.hdf5,/rds/general/ephemeral/user/nny124/ephemeral/martian_moons_data/Ma_xp_A2000_s047z_n65_r17_v00_90000_fof_0.0040_0000.hdf5,462775104,A2000,2000,,s047z,47,z,True,n65,65,r17,17,v00,0,90000,0.004,0
Ma_xp_A2000_s047z_n65_r18_v00_90000_fof_0.0040_0000,Ma_xp_A2000_s047z_n65_r18_v00_90000_fof_0.0040_0000.hdf5,/rds/general/ephemeral/user/nny124/ephemeral/martian_moons_data/Ma_xp_A2000_s047z_n65_r18_v00_90000_fof_0.0040_0000.hdf5,462775104,A2000,2000,,s047z,47,z,True,n65,65,r18,18,v00,0,90000,0.004,0
Ma_xp_A2000_s047z_n65_r19_v00_90000_fof_0.0040_0000,Ma_xp_A2000_s047z_n65_r19_v00_90000_fof_0.0040_0000.hdf5,/rds/general/ephemeral/user/nny124/ephemeral/martian_moons_data/Ma_xp_A2000_s047z_n65_r19_v00_90000_fof_0.0040_0000.hdf5,462775104,A2000,2000,,s047z,47,z,True,n65,65,r19,19,v00,0,90000,0.004,0
Ma_xp_A2000_s047z_n65_r20_v00_90000_fof_0.0040_0000,Ma_xp_A2000_s047z_n65_r20_v00_90000_fof_0.0040_0000.hdf5,/rds/general/ephemeral/user/nny124/ephemeral/martian_moons_data/Ma_xp_A2000_s047z_n65_r20_v00_90000_fof_0.0040_0000.hdf5,462775104,A2000,2000,,s047z,47,z,True,n65,65,r20,20,v00,0,90000,0.004,0
Ma_xp_A2000_s047z_n65_r20_v02_90000_fof_0.0040_0000,Ma_xp_A2000_s047z_n65_r20_v02_90000_fof_0.0040_0000.hdf5,/rds/general/ephemeral/user/nny124/ephemeral/martian_moons_data/Ma_xp_A2000_s047z_n65_r20_v02_90000_fof_0.0040_0000.hdf5,462775104,A2000,2000,,s047z,47,z,True,n65,65,r20,20,v02,2,90000,0.004,0
Ma_xp_A2000_s047z_n65_r20_v04_90000_fof_0.0040_0000,Ma_xp_A2000_s047z_n65_r20_v04_90000_fof_0.0040_0000.hdf5,/rds/general/ephemeral/user/nny124/ephemeral/martian_moons_data/Ma_xp_A2000_s047z_n65_r20_v04_90000_fof_0.0040_0000.hdf5,462775104,A2000,2000,,s047z,47,z,True,n65,65,r20,20,v04,4,90000,0.004,0
Ma_xp_A2000_s047z_n65_r20_v06_90000_fof_0.0040_0000,Ma_xp_A2000_s047z_n65_r20_v06_90000_fof_0.0040_0000.hdf5,/rds/general/ephemeral/user/nny124/ephemeral/martian_moons_data/Ma_xp_A2000_s047z_n65_r20_v06_90000_fof_0.0040_0000.hdf5,462775104,A2000,2000,,s047z,47,z,True,n65,65,r20,20,v06,6,90000,0.004,0
Ma_xp_A2000_s047z_n65_r20_v08_90000_fof_0.0040_0000,Ma_xp_A2000_s047z_n65_r20_v08_90000_fof_0.0040_0000.hdf5,/rds/general/ephemeral/user/nny124/ephemeral/martian_moons_data/Ma_xp_A2000_s047z_n65_r20_v08_90000_fof_0.0040_0000.hdf5,462775104,A2000,2000,,s047z,47,z,True,n65,65,r20,20,v08,8,90000,0.004,0
Ma_xp_A2000_s047z_n65_r20_v10_90000_fof_0.0040_0000,Ma_xp_A2000_s047z_n65_r20_v10_90000_fof_0.0040_0000.hdf5,/rds/general/ephemeral/user/nny124/ephemeral/martian_moons_data/Ma_xp_A2000_s047z_n65_r20_v10_90000_fof_0.0040_0000.hdf5,462775104,A2000,2000,,s047z,47,z,True,n65,65,r20,20,v10,10,90000,0.004,0
Ma_xp_A2000_s047z_n65_r22_v00_90000_fof_0.0040_0000,Ma_xp_A2000_s047z_n65_r22_v00_90000_fof_0.0040_0000.hdf5,/rds/general/ephemeral/user/nny124/ephemeral/martian_moons_data/Ma_xp_A2000_s047z_n65_r22_v00_90000_fof_0.0040_0000.hdf5,462775104,A2000,2000,,s047z,47,z,True,n65,65,r22,22,v00,0,90000,0.004,0
Ma_xp_A2000_s047z_n65_r24_v00_90000_fof_0.0040_0000,Ma_xp_A2000_s047z_n65_r24_v00_90000_fof_0.0040_0000.hdf5,/rds/general/ephemeral/user/nny124/ephemeral/martian_moons_data/Ma_xp_A2000_s047z_n65_r24_v00_90000_fof_0.0040_0000.hdf5,462775104,A2000,2000,,s047z,47,z,True,n65,65,r24,24,v00,0,90000,0.004,0
Ma_xp_A2000_s047z_n65_r26_v00_90000_fof_0.0040_0000,Ma_xp_A2000_s047z_n65_r26_v00_90000_fof_0.0040_0000.hdf5,/rds/general/ephemeral/user/nny124/ephemeral/martian_moons_data/Ma_xp_A2000_s047z_n65_r26_v00_90000_fof_0.0040_0000.hdf5,462775104,A2000,2000,,s047z,47,z,True,n65,65,r26,26,v00,0,90000,0.004,0
Ma_xp_A2000_s047z_n65_r28_v00_90000_fof_0.0040_0000,Ma_xp_A2000_s047z_n65_r28_v00_90000_fof_0.0040_0000.hdf5,/rds/general/ephemeral/user/nny124/ephemeral/martian_moons_data/Ma_xp_A2000_s047z_n65_r28_v00_90000_fof_0.0040_0000.hdf5,462775104,A2000,2000,,s047z,47,z,True,n65,65,r28,28,v00,0,90000,0.004,0
Ma_xp_A2000_s047z_n65_r30_v00_90000_fof_0.0040_0000,Ma_xp_A2000_s047z_n65_r30_v00_90000_fof_0.0040_0000.hdf5,/rds/general/ephemeral/user/nny124/ephemeral/martian_moons_data/Ma_xp_A2000_s047z_n65_r30_v00_90000_fof_0.0040_0000.hdf5,462775104,A2000,2000,,s047z,47,z,True,n65,65,r30,30,v00,0,90000,0.004,0
Ma_xp_A2000_s086mz_n65_r12_v00_90000_fof_0.0040_0000,Ma_xp_A2000_s086mz_n65_r12_v00_90000_fof_0.0040_0000.hdf5,/rds/general/ephemeral/user/nny124/ephemeral/martian_moons_data/Ma_xp_A2000_s086mz_n65_r12_v00_90000_fof_0.0040_0000.hdf5,462775112,A2000,2000,,s086mz,86,mz,True,n65,65,r12,12,v00,0,90000,0.004,0
Ma_xp_A2000_s086mz_n65_r16_v00_90000_fof_0.0040_0000,Ma_xp_A2000_s086mz_n65_r16_v00_90000_fof_0.0040_0000.hdf5,/rds/general/ephemeral/user/nny124/ephemeral/martian_moons_data/Ma_xp_A2000_s086mz_n65_r16_v00_90000_fof_0.0040_0000.hdf5,462775112,A2000,2000,,s086mz,86,mz,True,n65,65,r16,16,v00,0,90000,0.004,0
Ma_xp_A2000_s086mz_n65_r16_v06_90000_fof_0.0040_0000,Ma_xp_A2000_s086mz_n65_r16_v06_90000_fof_0.0040_0000.hdf5,/rds/general/ephemeral/user/nny124/ephemeral/martian_moons_data/Ma_xp_A2000_s086mz_n65_r16_v06_90000_fof_0.0040_0000.hdf5,462775112,A2000,2000,,s086mz,86,mz,True,n65,65,r16,16,v06,6,90000,0.004,0
Ma_xp_A2000_s086x_n65_r12_v00_90000_fof_0.0040_0000,Ma_xp_A2000_s086x_n65_r12_v00_90000_fof_0.0040_0000.hdf5,/rds/general/ephemeral/user/nny124/ephemeral/martian_moons_data/Ma_xp_A2000_s086x_n65_r12_v00_90000_fof_0.0040_0000.hdf5,462775104,A2000,2000,,s086x,86,x,True,n65,65,r12,12,v00,0,90000,0.004,0
Ma_xp_A2000_s086x_n65_r16_v00_90000_fof_0.0040_0000,Ma_xp_A2000_s086x_n65_r16_v00_90000_fof_0.0040_0000.hdf5,/rds/general/ephemeral/user/nny124/ephemeral/martian_moons_data/Ma_xp_A2000_s086x_n65_r16_v00_90000_fof_0.0040_0000.hdf5,462775104,A2000,2000,,s086x,86,x,True,n65,65,r16,16,v00,0,90000,0.004,0
Ma_xp_A2000_s086x_n65_r16_v06_90000_fof_0.0040_0000,Ma_xp_A2000_s086x_n65_r16_v06_90000_fof_0.0040_0000.hdf5,/rds/general/ephemeral/user/nny124/ephemeral/martian_moons_data/Ma_xp_A2000_s086x_n65_r16_v06_90000_fof_0.0040_0000.hdf5,462775104,A2000,2000,,s086x,86,x,True,n65,65,r16,16,v06,6,90000,0.004,0
Ma_xp_A2000_s086x_n65_r20_v00_90000_fof_0.0040_0000,Ma_xp_A2000_s086x_n65_r20_v00_90000_fof_0.0040_0000.hdf5,/rds/general/ephemeral/user/nny124/ephemeral/martian_moons_data/Ma_xp_A2000_s086x_n65_r20_v00_90000_fof_0.0040_0000.hdf5,462775104,A2000,2000,,s086x,86,x,True,n65,65,r20,20,v00,0,90000,0.004,0
Ma_xp_A2000_s086y_n65_r12_v00_90000_fof_0.0040_0000,Ma_xp_A2000_s086y_n65_r12_v00_90000_fof_0.0040_0000.hdf5,/rds/general/ephemeral/user/nny124/ephemeral/martian_moons_data/Ma_xp_A2000_s086y_n65_r12_v00_90000_fof_0.0040_0000.hdf5,462775104,A2000,2000,,s086y,86,y,True,n65,65,r12,12,v00,0,90000,0.004,0
Ma_xp_A2000_s086y_n65_r16_v00_90000_fof_0.0040_0000,Ma_xp_A2000_s086y_n65_r16_v00_90000_fof_0.0040_0000.hdf5,/rds/general/ephemeral/user/nny124/ephemeral/martian_moons_data/Ma_xp_A2000_s086y_n65_r16_v00_90000_fof_0.0040_0000.hdf5,462775104,A2000,2000,,s086y,86,y,True,n65,65,r16,16,v00,0,90000,0.004,0
Ma_xp_A2000_s086y_n65_r16_v06_90000_fof_0.0040_0000,Ma_xp_A2000_s086y_n65_r16_v06_90000_fof_0.0040_0000.hdf5,/rds/general/ephemeral/user/nny124/ephemeral/martian_moons_data/Ma_xp_A2000_s086y_n65_r16_v06_90000_fof_0.0040_0000.hdf5,462775104,A2000,2000,,s086y,86,y,True,n65,65,r16,16,v06,6,90000,0.004,0
Ma_xp_A2000_s086y_n65_r20_v00_90000_fof_0.0040_0000,Ma_xp_A2000_s086y_n65_r20_v00_90000_fof_0.0040_0000.hdf5,/rds/general/ephemeral/user/nny124/ephemeral/martian_moons_data/Ma_xp_A2000_s086y_n65_r20_v00_90000_fof_0.0040_0000.hdf5,462775104,A2000,2000,,s086y,86,y,True,n65,65,r20,20,v00,0,90000,0.004,0
Ma_xp_A2000_s086z_n65_r12_v00_90000_fof_0.0040_0000,Ma_xp_A2000_s086z_n65_r12_v00_90000_fof_0.0040_0000.hdf5,/rds/general/ephemeral/user/nny124/ephemeral/martian_moons_data/Ma_xp_A2000_s086z_n65_r12_v00_90000_fof_0.0040_0000.hdf5,462775104,A2000,2000,,s086z,86,z,True,n65,65,r12,12,v00,0,90000,0.004,0
Ma_xp_A2000_s086z_n65_r16_v00_90000_fof_0.0040_0000,Ma_xp_A2000_s086z_n65_r16_v00_90000_fof_0.0040_0000.hdf5,/rds/general/ephemeral/user/nny124/ephemeral/martian_moons_data/Ma_xp_A2000_s086z_n65_r16_v00_90000_fof_0.0040_0000.hdf5,462775104,A2000,2000,,s086z,86,z,True,n65,65,r16,16,v00,0,90000,0.004,0
Ma_xp_A2000_s086z_n65_r16_v06_90000_fof_0.0040_0000,Ma_xp_A2000_s086z_n65_r16_v06_90000_fof_0.0040_0000.hdf5,/rds/general/ephemeral/user/nny124/ephemeral/martian_moons_data/Ma_xp_A2000_s086z_n65_r16_v06_90000_fof_0.0040_0000.hdf5,462775104,A2000,2000,,s086z,86,z,True,n65,65,r16,16,v06,6,90000,0.004,0
Ma_xp_A2000_s086z_n65_r20_v00_90000_fof_0.0040_0000,Ma_xp_A2000_s086z_n65_r20_v00_90000_fof_0.0040_0000.hdf5,/rds/general/ephemeral/user/nny124/ephemeral/martian_moons_data/Ma_xp_A2000_s086z_n65_r20_v00_90000_fof_0.0040_0000.hdf5,462775104,A2000,2000,,s086z,86,z,True,n65,65,r20,20,v00,0,90000,0.004,0
Ma_xp_A2000_s170mz_n65_r12_v00_90000_fof_0.0040_0000,Ma_xp_A2000_s170mz_n65_r12_v00_90000_fof_0.0040_0000.hdf5,/rds/general/ephemeral/user/nny124/ephemeral/martian_moons_data/Ma_xp_A2000_s170mz_n65_r12_v00_90000_fof_0.0040_0000.hdf5,462775112,A2000,2000,,s170mz,170,mz,True,n65,65,r12,12,v00,0,90000,0.004,0
Ma_xp_A2000_s170mz_n65_r16_v00_90000_fof_0.0040_0000,Ma_xp_A2000_s170mz_n65_r16_v00_90000_fof_0.0040_0000.hdf5,/rds/general/ephemeral/user/nny124/ephemeral/martian_moons_data/Ma_xp_A2000_s170mz_n65_r16_v00_90000_fof_0.0040_0000.hdf5,462775112,A2000,2000,,s170mz,170,mz,True,n65,65,r16,16,v00,0,90000,0.004,0
Ma_xp_A2000_s170mz_n65_r16_v06_90000_fof_0.0040_0000,Ma_xp_A2000_s170mz_n65_r16_v06_90000_fof_0.0040_0000.hdf5,/rds/general/ephemeral/user/nny124/ephemeral/martian_moons_data/Ma_xp_A2000_s170mz_n65_r16_v06_90000_fof_0.0040_0000.hdf5,462775112,A2000,2000,,s170mz,170,mz,True,n65,65,r16,16,v06,6,90000,0.004,0
Ma_xp_A2000_s170x_n65_r12_v00_90000_fof_0.0040_0000,Ma_xp_A2000_s170x_n65_r12_v00_90000_fof_0.0040_0000.hdf5,/rds/general/ephemeral/user/nny124/ephemeral/martian_moons_data/Ma_xp_A2000_s170x_n65_r12_v00_90000_fof_0.0040_0000.hdf5,462775104,A2000,2000,,s170x,170,x,True,n65,65,r12,12,v00,0,90000,0.004,0
Ma_xp_A2000_s170x_n65_r16_v00_90000_fof_0.0040_0000,Ma_xp_A2000_s170x_n65_r16_v00_90000_fof_0.0040_0000.hdf5,/rds/general/ephemeral/user/nny124/ephemeral/martian_moons_data/Ma_xp_A2000_s170x_n65_r16_v00_90000_fof_0.0040_0000.hdf5,462775104,A2000,2000,,s170x,170,x,True,n65,65,r16,16,v00,0,90000,0.004,0
Ma_xp_A2000_s170x_n65_r16_v06_90000_fof_0.0040_0000,Ma_xp_A2000_s170x_n65_r16_v06_90000_fof_0.0040_0000.hdf5,/rds/general/ephemeral/user/nny124/ephemeral/martian_moons_data/Ma_xp_A2000_s170x_n65_r16_v06_90000_fof_0.0040_0000.hdf5,462775104,A2000,2000,,s170x,170,x,True,n65,65,r16,16,v06,6,90000,0.004,0
Ma_xp_A2000_s170x_n65_r20_v00_90000_fof_0.0040_0000,Ma_xp_A2000_s170x_n65_r20_v00_90000_fof_0.0040_0000.hdf5,/rds/general/ephemeral/user/nny124/ephemeral/martian_moons_data/Ma_xp_A2000_s170x_n65_r20_v00_90000_fof_0.0040_0000.hdf5,462775104,A2000,2000,,s170x,170,x,True,n65,65,r20,20,v00,0,90000,0.004,0
Ma_xp_A2000_s170y_n65_r12_v00_90000_fof_0.0040_0000,Ma_xp_A2000_s170y_n65_r12_v00_90000_fof_0.0040_0000.hdf5,/rds/general/ephemeral/user/nny124/ephemeral/martian_moons_data/Ma_xp_A2000_s170y_n65_r12_v00_90000_fof_0.0040_0000.hdf5,462775104,A2000,2000,,s170y,170,y,True,n65,65,r12,12,v00,0,90000,0.004,0
Ma_xp_A2000_s170y_n65_r16_v00_90000_fof_0.0040_0000,Ma_xp_A2000_s170y_n65_r16_v00_90000_fof_0.0040_0000.hdf5,/rds/general/ephemeral/user/nny124/ephemeral/martian_moons_data/Ma_xp_A2000_s170y_n65_r16_v00_90000_fof_0.0040_0000.hdf5,462775104,A2000,2000,,s170y,170,y,True,n65,65,r16,16,v00,0,90000,0.004,0
Ma_xp_A2000_s170y_n65_r16_v06_90000_fof_0.0040_0000,Ma_xp_A2000_s170y_n65_r16_v06_90000_fof_0.0040_0000.hdf5,/rds/general/ephemeral/user/nny124/ephemeral/martian_moons_data/Ma_xp_A2000_s170y_n65_r16_v06_90000_fof_0.0040_0000.hdf5,462775104,A2000,2000,,s170y,170,y,True,n65,65,r16,16,v06,6,90000,0.004,0
Ma_xp_A2000_s170y_n65_r20_v00_90000_fof_0.0040_0000,Ma_xp_A2000_s170y_n65_r20_v00_90000_fof_0.0040_0000.hdf5,/rds/general/ephemeral/user/nny124/ephemeral/martian_moons_data/Ma_xp_A2000_s170y_n65_r20_v00_90000_fof_0.0040_0000.hdf5,462775104,A2000,2000,,s170y,170,y,True,n65,65,r20,20,v00,0,90000,0.004,0
Ma_xp_A2000_s170z_n65_r12_v00_90000_fof_0.0040_0000,Ma_xp_A2000_s170z_n65_r12_v00_90000_fof_0.0040_0000.hdf5,/rds/general/ephemeral/user/nny124/ephemeral/martian_moons_data/Ma_xp_A2000_s170z_n65_r12_v00_90000_fof_0.0040_0000.hdf5,462775104,A2000,2000,,s170z,170,z,True,n65,65,r12,12,v00,0,90000,0.004,0
Ma_xp_A2000_s170z_n65_r16_v00_90000_fof_0.0040_0000,Ma_xp_A2000_s170z_n65_r16_v00_90000_fof_0.0040_0000.hdf5,/rds/general/ephemeral/user/nny124/ephemeral/martian_moons_data/Ma_xp_A2000_s170z_n65_r16_v00_90000_fof_0.0040_0000.hdf5,462775104,A2000,2000,,s170z,170,z,True,n65,65,r16,16,v00,0,90000,0.004,0
Ma_xp_A2000_s170z_n65_r16_v06_90000_fof_0.0040_0000,Ma_xp_A2000_s170z_n65_r16_v06_90000_fof_0.0040_0000.hdf5,/rds/general/ephemeral/user/nny124/ephemeral/martian_moons_data/Ma_xp_A2000_s170z_n65_r16_v06_90000_fof_0.0040_0000.hdf5,462775104,A2000,2000,,s170z,170,z,True,n65,65,r16,16,v06,6,90000,0.004,0
Ma_xp_A2000_s170z_n65_r20_v00_90000_fof_0.0040_0000,Ma_xp_A2000_s170z_n65_r20_v00_90000_fof_0.0040_0000.hdf5,/rds/general/ephemeral/user/nny124/ephemeral/martian_moons_data/Ma_xp_A2000_s170z_n65_r20_v00_90000_fof_0.0040_0000.hdf5,462775104,A2000,2000,,s170z,170,z,True,n65,65,r20,20,v00,0,90000,0.004,0
Ma_xp_A2000c30_n65_r12_v00_90000_fof_0.0040_0000,Ma_xp_A2000c30_n65_r12_v00_90000_fof_0.0040_0000.hdf5,/rds/general/ephemeral/user/nny124/ephemeral/martian_moons_data/Ma_xp_A2000c30_n65_r12_v00_90000_fof_0.0040_0000.hdf5,462775104,A2000c30,2000,c30,,,,False,n65,65,r12,12,v00,0,90000,0.004,0
Ma_xp_A2000c30_n65_r12_v02_90000_fof_0.0040_0000,Ma_xp_A2000c30_n65_r12_v02_90000_fof_0.0040_0000.hdf5,/rds/general/ephemeral/user/nny124/ephemeral/martian_moons_data/Ma_xp_A2000c30_n65_r12_v02_90000_fof_0.0040_0000.hdf5,462775104,A2000c30,2000,c30,,,,False,n65,65,r12,12,v02,2,90000,0.004,0
Ma_xp_A2000c30_n65_r12_v04_90000_fof_0.0040_0000,Ma_xp_A2000c30_n65_r12_v04_90000_fof_0.0040_0000.hdf5,/rds/general/ephemeral/user/nny124/ephemeral/martian_moons_data/Ma_xp_A2000c30_n65_r12_v04_90000_fof_0.0040_0000.hdf5,462775104,A2000c30,2000,c30,,,,False,n65,65,r12,12,v04,4,90000,0.004,0
Ma_xp_A2000c30_n65_r12_v06_90000_fof_0.0040_0000,Ma_xp_A2000c30_n65_r12_v06_90000_fof_0.0040_0000.hdf5,/rds/general/ephemeral/user/nny124/ephemeral/martian_moons_data/Ma_xp_A2000c30_n65_r12_v06_90000_fof_0.0040_0000.hdf5,462775104,A2000c30,2000,c30,,,,False,n65,65,r12,12,v06,6,90000,0.004,0
Ma_xp_A2000c30_n65_r12_v08_90000_fof_0.0040_0000,Ma_xp_A2000c30_n65_r12_v08_90000_fof_0.0040_0000.hdf5,/rds/general/ephemeral/user/nny124/ephemeral/martian_moons_data/Ma_xp_A2000c30_n65_r12_v08_90000_fof_0.0040_0000.hdf5,462775104,A2000c30,2000,c30,,,,False,n65,65,r12,12,v08,8,90000,0.004,0
Ma_xp_A2000c30_n65_r12_v10_90000_fof_0.0040_0000,Ma_xp_A2000c30_n65_r12_v10_90000_fof_0.0040_0000.hdf5,/rds/general/ephemeral/user/nny124/ephemeral/martian_moons_data/Ma_xp_A2000c30_n65_r12_v10_90000_fof_0.0040_0000.hdf5,462775104,A2000c30,2000,c30,,,,False,n65,65,r12,12,v10,10,90000,0.004,0
Ma_xp_A2000c30_n65_r14_v00_90000_fof_0.0040_0000,Ma_xp_A2000c30_n65_r14_v00_90000_fof_0.0040_0000.hdf5,/rds/general/ephemeral/user/nny124/ephemeral/martian_moons_data/Ma_xp_A2000c30_n65_r14_v00_90000_fof_0.0040_0000.hdf5,462775104,A2000c30,2000,c30,,,,False,n65,65,r14,14,v00,0,90000,0.004,0
Ma_xp_A2000c30_n65_r16_v00_90000_fof_0.0040_0000,Ma_xp_A2000c30_n65_r16_v00_90000_fof_0.0040_0000.hdf5,/rds/general/ephemeral/user/nny124/ephemeral/martian_moons_data/Ma_xp_A2000c30_n65_r16_v00_90000_fof_0.0040_0000.hdf5,462775104,A2000c30,2000,c30,,,,False,n65,65,r16,16,v00,0,90000,0.004,0
Ma_xp_A2000c30_n65_r16_v02_90000_fof_0.0040_0000,Ma_xp_A2000c30_n65_r16_v02_90000_fof_0.0040_0000.hdf5,/rds/general/ephemeral/user/nny124/ephemeral/martian_moons_data/Ma_xp_A2000c30_n65_r16_v02_90000_fof_0.0040_0000.hdf5,462775104,A2000c30,2000,c30,,,,False,n65,65,r16,16,v02,2,90000,0.004,0
Ma_xp_A2000c30_n65_r16_v04_90000_fof_0.0040_0000,Ma_xp_A2000c30_n65_r16_v04_90000_fof_0.0040_0000.hdf5,/rds/general/ephemeral/user/nny124/ephemeral/martian_moons_data/Ma_xp_A2000c30_n65_r16_v04_90000_fof_0.0040_0000.hdf5,462775104,A2000c30,2000,c30,,,,False,n65,65,r16,16,v04,4,90000,0.004,0
Ma_xp_A2000c30_n65_r16_v06_90000_fof_0.0040_0000,Ma_xp_A2000c30_n65_r16_v06_90000_fof_0.0040_0000.hdf5,/rds/general/ephemeral/user/nny124/ephemeral/martian_moons_data/Ma_xp_A2000c30_n65_r16_v06_90000_fof_0.0040_0000.hdf5,462775104,A2000c30,2000,c30,,,,False,n65,65,r16,16,v06,6,90000,0.004,0
Ma_xp_A2000c30_n65_r16_v08_90000_fof_0.0040_0000,Ma_xp_A2000c30_n65_r16_v08_90000_fof_0.0040_0000.hdf5,/rds/general/ephemeral/user/nny124/ephemeral/martian_moons_data/Ma_xp_A2000c30_n65_r16_v08_90000_fof_0.0040_0000.hdf5,462775104,A2000c30,2000,c30,,,,False,n65,65,r16,16,v08,8,90000,0.004,0
Ma_xp_A2000c30_n65_r16_v10_90000_fof_0.0040_0000,Ma_xp_A2000c30_n65_r16_v10_90000_fof_0.0040_0000.hdf5,/rds/general/ephemeral/user/nny124/ephemeral/martian_moons_data/Ma_xp_A2000c30_n65_r16_v10_90000_fof_0.0040_0000.hdf5,462775104,A2000c30,2000,c30,,,,False,n65,65,r16,16,v10,10,90000,0.004,0
Ma_xp_A2000c30_n65_r18_v00_90000_fof_0.0040_0000,Ma_xp_A2000c30_n65_r18_v00_90000_fof_0.0040_0000.hdf5,/rds/general/ephemeral/user/nny124/ephemeral/martian_moons_data/Ma_xp_A2000c30_n65_r18_v00_90000_fof_0.0040_0000.hdf5,462775104,A2000c30,2000,c30,,,,False,n65,65,r18,18,v00,0,90000,0.004,0
Ma_xp_A2000c30_n65_r20_v00_90000_fof_0.0040_0000,Ma_xp_A2000c30_n65_r20_v00_90000_fof_0.0040_0000.hdf5,/rds/general/ephemeral/user/nny124/ephemeral/martian_moons_data/Ma_xp_A2000c30_n65_r20_v00_90000_fof_0.0040_0000.hdf5,462775104,A2000c30,2000,c30,,,,False,n65,65,r20,20,v00,0,90000,0.004,0
Ma_xp_A2000c30_n65_r22_v00_90000_fof_0.0040_0000,Ma_xp_A2000c30_n65_r22_v00_90000_fof_0.0040_0000.hdf5,/rds/general/ephemeral/user/nny124/ephemeral/martian_moons_data/Ma_xp_A2000c30_n65_r22_v00_90000_fof_0.0040_0000.hdf5,462775104,A2000c30,2000,c30,,,,False,n65,65,r22,22,v00,0,90000,0.004,0
Ma_xp_A2050_n70_r12_v00_90000_fof_0.0030_0000,Ma_xp_A2050_n70_r12_v00_90000_fof_0.0030_0000.hdf5,/rds/general/ephemeral/user/nny124/ephemeral/martian_moons_data/Ma_xp_A2050_n70_r12_v00_90000_fof_0.0030_0000.hdf5,1098212504,A2050,2050,,,,,False,n70,70,r12,12,v00,0,90000,0.003,0
Ma_xp_A2050_n70_r12_v00_90000_fof_0.0040_0000,Ma_xp_A2050_n70_r12_v00_90000_fof_0.0040_0000.hdf5,/rds/general/ephemeral/user/nny124/ephemeral/martian_moons_data/Ma_xp_A2050_n70_r12_v00_90000_fof_0.0040_0000.hdf5,1098212504,A2050,2050,,,,,False,n70,70,r12,12,v00,0,90000,0.004,0
Ma_xp_A2050_n70_r12_v00_90000_fof_0.0050_0000,Ma_xp_A2050_n70_r12_v00_90000_fof_0.0050_0000.hdf5,/rds/general/ephemeral/user/nny124/ephemeral/martian_moons_data/Ma_xp_A2050_n70_r12_v00_90000_fof_0.0050_0000.hdf5,1098212504,A2050,2050,,,,,False,n70,70,r12,12,v00,0,90000,0.005,0
Ma_xp_A2050_n70_r16_v00_90000_fof_0.0030_0000,Ma_xp_A2050_n70_r16_v00_90000_fof_0.0030_0000.hdf5,/rds/general/ephemeral/user/nny124/ephemeral/martian_moons_data/Ma_xp_A2050_n70_r16_v00_90000_fof_0.0030_0000.hdf5,1098212504,A2050,2050,,,,,False,n70,70,r16,16,v00,0,90000,0.003,0
Ma_xp_A2050_n70_r16_v00_90000_fof_0.0040_0000,Ma_xp_A2050_n70_r16_v00_90000_fof_0.0040_0000.hdf5,/rds/general/ephemeral/user/nny124/ephemeral/martian_moons_data/Ma_xp_A2050_n70_r16_v00_90000_fof_0.0040_0000.hdf5,1098212504,A2050,2050,,,,,False,n70,70,r16,16,v00,0,90000,0.004,0
Ma_xp_A2050_n70_r16_v00_90000_fof_0.0050_0000,Ma_xp_A2050_n70_r16_v00_90000_fof_0.0050_0000.hdf5,/rds/general/ephemeral/user/nny124/ephemeral/martian_moons_data/Ma_xp_A2050_n70_r16_v00_90000_fof_0.0050_0000.hdf5,1098212504,A2050,2050,,,,,False,n70,70,r16,16,v00,0,90000,0.005,0
Ma_xp_A2100_n70_r12_v00_90000_fof_0.0044_0000,Ma_xp_A2100_n70_r12_v00_90000_fof_0.0044_0000.hdf5,/rds/general/ephemeral/user/nny124/ephemeral/martian_moons_data/Ma_xp_A2100_n70_r12_v00_90000_fof_0.0044_0000.hdf5,1098212504,A2100,2100,,,,,False,n70,70,r12,12,v00,0,90000,0.0044,0
Ma_xp_A2100_n70_r12_v00_90000_fof_0.0059_0000,Ma_xp_A2100_n70_r12_v00_90000_fof_0.0059_0000.hdf5,/rds/general/ephemeral/user/nny124/ephemeral/martian_moons_data/Ma_xp_A2100_n70_r12_v00_90000_fof_0.0059_0000.hdf5,1098212504,A2100,2100,,,,,False,n70,70,r12,12,v00,0,90000,0.0059,0
Ma_xp_A2100_n70_r12_v00_90000_fof_0.0074_0000,Ma_xp_A2100_n70_r12_v00_90000_fof_0.0074_0000.hdf5,/rds/general/ephemeral/user/nny124/ephemeral/martian_moons_data/Ma_xp_A2100_n70_r12_v00_90000_fof_0.0074_0000.hdf5,1098212504,A2100,2100,,,,,False,n70,70,r12,12,v00,0,90000,0.0074,0
Ma_xp_A2100_n70_r16_v00_90000_fof_0.0044_0000,Ma_xp_A2100_n70_r16_v00_90000_fof_0.0044_0000.hdf5,/rds/general/ephemeral/user/nny124/ephemeral/martian_moons_data/Ma_xp_A2100_n70_r16_v00_90000_fof_0.0044_0000.hdf5,1098212504,A2100,2100,,,,,False,n70,70,r16,16,v00,0,90000,0.0044,0
Ma_xp_A2100_n70_r16_v00_90000_fof_0.0059_0000,Ma_xp_A2100_n70_r16_v00_90000_fof_0.0059_0000.hdf5,/rds/general/ephemeral/user/nny124/ephemeral/martian_moons_data/Ma_xp_A2100_n70_r16_v00_90000_fof_0.0059_0000.hdf5,1098212504,A2100,2100,,,,,False,n70,70,r16,16,v00,0,90000,0.0059,0
Ma_xp_A2100_n70_r16_v00_90000_fof_0.0074_0000,Ma_xp_A2100_n70_r16_v00_90000_fof_0.0074_0000.hdf5,/rds/general/ephemeral/user/nny124/ephemeral/martian_moons_data/Ma_xp_A2100_n70_r16_v00_90000_fof_0.0074_0000.hdf5,1098212504,A2100,2100,,,,,False,n70,70,r16,16,v00,0,90000,0.0074,0
