fof_file,physical_file,mass_code,resolution_code,periapsis_code,velocity_code,spin_code,timestep,fof_linking_length,n_fragments,total_fragment_mass_kg,bound_fragment_count,bound_mass_kg,bound_mass_fraction,largest_bound_fragment_mass_kg,unbound_fragment_count,unbound_mass_kg,unbound_mass_fraction,largest_unbound_fragment_mass_kg,physical_path,physical_exists,fof_filename_exists_in_source,metadata_status,metadata_conflicts,spin_orientation,spin_period_hr,periapsis_rm,v_inf_kms,v_inf_source,physical_snapshot_date,physical_output_type,physical_run_name,physical_particle_count,scenario_name
Ma_xp_A1800_n60_r12_v00_90000_fof_0.0001_0000.hdf5,Ma_xp_A1800_n60_r12_v00_90000.hdf5,A1800,n60,r12,v00,,90000,0.0001,0,0.0,0,0.0,0.0,0.0,0,0.0,0.0,0.0,/rds/general/ephemeral/user/nny124/ephemeral/martian_moons_data/Ma_xp_A1800_n60_r12_v00_90000.hdf5,True,False,mapped,,no_spin,,1.2,0.0,physical_snapshot_filename,12:37:53 2022-05-03 BST,FullVolume,Untitled SWIFT simulation,1002827,Ma_xp_A1800_n60_r12_v00_90000
Ma_xp_A1800_n60_r12_v00_90000_fof_0.0013_0000.hdf5,Ma_xp_A1800_n60_r12_v00_90000.hdf5,A1800,n60,r12,v00,,90000,0.0013,265,9.907059774086918e+17,0,0.0,0.0,0.0,265,9.907059774086918e+17,1.0,6.9126856513801624e+16,/rds/general/ephemeral/user/nny124/ephemeral/martian_moons_data/Ma_xp_A1800_n60_r12_v00_90000.hdf5,True,False,mapped,,no_spin,,1.2,0.0,physical_snapshot_filename,12:37:53 2022-05-03 BST,FullVolume,Untitled SWIFT simulation,1002827,Ma_xp_A1800_n60_r12_v00_90000
Ma_xp_A1800_n60_r12_v00_90000_fof_0.0014_0000.hdf5,Ma_xp_A1800_n60_r12_v00_90000.hdf5,A1800,n60,r12,v00,,90000,0.0014,265,9.908983480820175e+17,0,0.0,0.0,0.0,265,9.908983480820175e+17,1.0,6.9126856513801624e+16,/rds/general/ephemeral/user/nny124/ephemeral/martian_moons_data/Ma_xp_A1800_n60_r12_v00_90000.hdf5,True,False,mapped,,no_spin,,1.2,0.0,physical_snapshot_filename,12:37:53 2022-05-03 BST,FullVolume,Untitled SWIFT simulation,1002827,Ma_xp_A1800_n60_r12_v00_90000
Ma_xp_A1800_n60_r12_v00_90000_fof_0.0016_0000.hdf5,Ma_xp_A1800_n60_r12_v00_90000.hdf5,A1800,n60,r12,v00,,90000,0.0016,264,9.912163078995867e+17,0,0.0,0.0,0.0,264,9.912163078995867e+17,1.0,6.9126856513801624e+16,/rds/general/ephemeral/user/nny124/ephemeral/martian_moons_data/Ma_xp_A1800_n60_r12_v00_90000.hdf5,True,False,mapped,,no_spin,,1.2,0.0,physical_snapshot_filename,12:37:53 2022-05-03 BST,FullVolume,Untitled SWIFT simulation,1002827,Ma_xp_A1800_n60_r12_v00_90000
Ma_xp_A1800_n60_r12_v00_90000_fof_0.002_0000.hdf5,Ma_xp_A1800_n60_r12_v00_90000.hdf5,A1800,n60,r12,v00,,90000,0.002,265,9.908983480820175e+17,0,0.0,0.0,0.0,265,9.908983480820175e+17,1.0,6.9126856513801624e+16,/rds/general/ephemeral/user/nny124/ephemeral/martian_moons_data/Ma_xp_A1800_n60_r12_v00_90000.hdf5,True,False,mapped,,no_spin,,1.2,0.0,physical_snapshot_filename,12:37:53 2022-05-03 BST,FullVolume,Untitled SWIFT simulation,1002827,Ma_xp_A1800_n60_r12_v00_90000
Ma_xp_A1800_n60_r16_v00_90000_fof_0.0001_0000.hdf5,Ma_xp_A1800_n60_r16_v00_90000.hdf5,A1800,n60,r16,v00,,90000,0.0001,0,0.0,0,0.0,0.0,0.0,0,0.0,0.0,0.0,/rds/general/ephemeral/user/nny124/ephemeral/martian_moons_data/Ma_xp_A1800_n60_r16_v00_90000.hdf5,True,False,mapped,,no_spin,,1.6,0.0,physical_snapshot_filename,04:23:16 2022-04-25 BST,FullVolume,Untitled SWIFT simulation,1002827,Ma_xp_A1800_n60_r16_v00_90000
Ma_xp_A1800_n60_r16_v00_90000_fof_0.0013_0000.hdf5,Ma_xp_A1800_n60_r16_v00_90000.hdf5,A1800,n60,r16,v00,,90000,0.0013,88,9.971349455086552e+17,0,0.0,0.0,0.0,88,9.971349455086552e+17,1.0,2.7800353165490752e+17,/rds/general/ephemeral/user/nny124/ephemeral/martian_moons_data/Ma_xp_A1800_n60_r16_v00_90000.hdf5,True,False,mapped,,no_spin,,1.6,0.0,physical_snapshot_filename,04:23:16 2022-04-25 BST,FullVolume,Untitled SWIFT simulation,1002827,Ma_xp_A1800_n60_r16_v00_90000
Ma_xp_A1800_n60_r16_v00_90000_fof_0.0014_0000.hdf5,Ma_xp_A1800_n60_r16_v00_90000.hdf5,A1800,n60,r16,v00,,90000,0.0014,88,9.972346194326582e+17,0,0.0,0.0,0.0,88,9.972346194326582e+17,1.0,2.7800353165490752e+17,/rds/general/ephemeral/user/nny124/ephemeral/martian_moons_data/Ma_xp_A1800_n60_r16_v00_90000.hdf5,True,False,mapped,,no_spin,,1.6,0.0,physical_snapshot_filename,04:23:16 2022-04-25 BST,FullVolume,Untitled SWIFT simulation,1002827,Ma_xp_A1800_n60_r16_v00_90000
Ma_xp_A1800_n60_r16_v00_90000_fof_0.0016_0000.hdf5,Ma_xp_A1800_n60_r16_v00_90000.hdf5,A1800,n60,r16,v00,,90000,0.0016,88,9.973442607490614e+17,0,0.0,0.0,0.0,88,9.973442607490614e+17,1.0,2.7800353165490752e+17,/rds/general/ephemeral/user/nny124/ephemeral/martian_moons_data/Ma_xp_A1800_n60_r16_v00_90000.hdf5,True,False,mapped,,no_spin,,1.6,0.0,physical_snapshot_filename,04:23:16 2022-04-25 BST,FullVolume,Untitled SWIFT simulation,1002827,Ma_xp_A1800_n60_r16_v00_90000
Ma_xp_A1800_n60_r16_v00_90000_fof_0.002_0000.hdf5,Ma_xp_A1800_n60_r16_v00_90000.hdf5,A1800,n60,r16,v00,,90000,0.002,88,9.974967618527858e+17,0,0.0,0.0,0.0,88,9.974967618527858e+17,1.0,2.7800353165490752e+17,/rds/general/ephemeral/user/nny124/ephemeral/martian_moons_data/Ma_xp_A1800_n60_r16_v00_90000.hdf5,True,False,mapped,,no_spin,,1.6,0.0,physical_snapshot_filename,04:23:16 2022-04-25 BST,FullVolume,Untitled SWIFT simulation,1002827,Ma_xp_A1800_n60_r16_v00_90000
Ma_xp_A1850_n60_r12_v00_90000_fof_0.0014_0000.hdf5,Ma_xp_A1850_n60_r12_v00_90000.hdf5,A1850,n60,r12,v00,,90000,0.0014,132,3.152599249646037e+18,0,0.0,0.0,0.0,132,3.152599249646037e+18,1.0,1.7405336223306835e+17,/rds/general/ephemeral/user/nny124/ephemeral/martian_moons_data/Ma_xp_A1850_n60_r12_v00_90000.hdf5,True,False,mapped,,no_spin,,1.2,0.0,physical_snapshot_filename,18:58:31 2022-04-21 BST,FullVolume,Untitled SWIFT simulation,1002827,Ma_xp_A1850_n60_r12_v00_90000
Ma_xp_A1850_n60_r12_v00_90000_fof_0.0019_0000.hdf5,Ma_xp_A1850_n60_r12_v00_90000.hdf5,A1850,n60,r12,v00,,90000,0.0019,135,3.1545883408634404e+18,0,0.0,0.0,0.0,135,3.1545883408634404e+18,1.0,1.740754282212171e+17,/rds/general/ephemeral/user/nny124/ephemeral/martian_moons_data/Ma_xp_A1850_n60_r12_v00_90000.hdf5,True,False,mapped,,no_spin,,1.2,0.0,physical_snapshot_filename,18:58:31 2022-04-21 BST,FullVolume,Untitled SWIFT simulation,1002827,Ma_xp_A1850_n60_r12_v00_90000
Ma_xp_A1850_n60_r12_v00_90000_fof_0.0024_0000.hdf5,Ma_xp_A1850_n60_r12_v00_90000.hdf5,A1850,n60,r12,v00,,90000,0.0024,135,3.1552093408156257e+18,0,0.0,0.0,0.0,135,3.1552093408156257e+18,1.0,1.7408488507328083e+17,/rds/general/ephemeral/user/nny124/ephemeral/martian_moons_data/Ma_xp_A1850_n60_r12_v00_90000.hdf5,True,False,mapped,,no_spin,,1.2,0.0,physical_snapshot_filename,18:58:31 2022-04-21 BST,FullVolume,Untitled SWIFT simulation,1002827,Ma_xp_A1850_n60_r12_v00_90000
Ma_xp_A1850_n60_r12_v00_90000_fof_0.002_0000.hdf5,Ma_xp_A1850_n60_r12_v00_90000.hdf5,A1850,n60,r12,v00,,90000,0.002,135,3.1547491073485245e+18,0,0.0,0.0,0.0,135,3.1547491073485245e+18,1.0,1.740754282212171e+17,/rds/general/ephemeral/user/nny124/ephemeral/martian_moons_data/Ma_xp_A1850_n60_r12_v00_90000.hdf5,True,False,mapped,,no_spin,,1.2,0.0,physical_snapshot_filename,18:58:31 2022-04-21 BST,FullVolume,Untitled SWIFT simulation,1002827,Ma_xp_A1850_n60_r12_v00_90000
Ma_xp_A1850_n60_r16_v00_90000_fof_0.0014_0000.hdf5,Ma_xp_A1850_n60_r16_v00_90000.hdf5,A1850,n60,r16,v00,,90000,0.0014,61,3.1572204980234496e+18,0,0.0,0.0,0.0,61,3.1572204980234496e+18,1.0,6.633225174549916e+17,/rds/general/ephemeral/user/nny124/ephemeral/martian_moons_data/Ma_xp_A1850_n60_r16_v00_90000.hdf5,True,False,mapped,,no_spin,,1.6,0.0,physical_snapshot_filename,04:04:06 2022-04-25 BST,FullVolume,Untitled SWIFT simulation,1002827,Ma_xp_A1850_n60_r16_v00_90000
Ma_xp_A1850_n60_r16_v00_90000_fof_0.0019_0000.hdf5,Ma_xp_A1850_n60_r16_v00_90000.hdf5,A1850,n60,r16,v00,,90000,0.0019,61,3.1580590055731005e+18,0,0.0,0.0,0.0,61,3.1580590055731005e+18,1.0,6.633319743070554e+17,/rds/general/ephemeral/user/nny124/ephemeral/martian_moons_data/Ma_xp_A1850_n60_r16_v00_90000.hdf5,True,False,mapped,,no_spin,,1.6,0.0,physical_snapshot_filename,04:04:06 2022-04-25 BST,FullVolume,Untitled SWIFT simulation,1002827,Ma_xp_A1850_n60_r16_v00_90000
Ma_xp_A1850_n60_r16_v00_90000_fof_0.0024_0000.hdf5,Ma_xp_A1850_n60_r16_v00_90000.hdf5,A1850,n60,r16,v00,,90000,0.0024,61,3.1581724877978655e+18,0,0.0,0.0,0.0,61,3.1581724877978655e+18,1.0,6.633319743070554e+17,/rds/general/ephemeral/user/nny124/ephemeral/martian_moons_data/Ma_xp_A1850_n60_r16_v00_90000.hdf5,True,False,mapped,,no_spin,,1.6,0.0,physical_snapshot_filename,04:04:06 2022-04-25 BST,FullVolume,Untitled SWIFT simulation,1002827,Ma_xp_A1850_n60_r16_v00_90000
Ma_xp_A1850_n60_r16_v00_90000_fof_0.002_0000.hdf5,Ma_xp_A1850_n60_r16_v00_90000.hdf5,A1850,n60,r16,v00,,90000,0.002,61,3.158099985265377e+18,0,0.0,0.0,0.0,61,3.158099985265377e+18,1.0,6.633319743070554e+17,/rds/general/ephemeral/user/nny124/ephemeral/martian_moons_data/Ma_xp_A1850_n60_r16_v00_90000.hdf5,True,False,mapped,,no_spin,,1.6,0.0,physical_snapshot_filename,04:04:06 2022-04-25 BST,FullVolume,Untitled SWIFT simulation,1002827,Ma_xp_A1850_n60_r16_v00_90000
Ma_xp_A1900_n50_r12_v00_90000_fof_0.006_0000.hdf5,Ma_xp_A1900_n50_r12_v00_90000.hdf5,A1900,n50,r12,v00,,90000,0.006,47,9.977113779923413e+18,0,0.0,0.0,0.0,47,9.977113779923413e+18,1.0,9.545935737544728e+17,/rds/general/ephemeral/user/nny124/ephemeral/martian_moons_data/Ma_xp_A1900_n50_r12_v00_90000.hdf5,True,False,mapped,,no_spin,,1.2,0.0,physical_snapshot_filename,22:56:43 2022-03-06 GMT,FullVolume,Untitled SWIFT simulation,108605,Ma_xp_A1900_n50_r12_v00_90000
Ma_xp_A1900_n50_r16_v00_90000_fof_0.006_0000.hdf5,Ma_xp_A1900_n50_r16_v00_90000.hdf5,A1900,n50,r16,v00,,90000,0.006,17,9.99018536020568e+18,0,0.0,0.0,0.0,17,9.99018536020568e+18,1.0,4.2099693830416394e+18,/rds/general/ephemeral/user/nny124/ephemeral/martian_moons_data/Ma_xp_A1900_n50_r16_v00_90000.hdf5,True,False,mapped,,no_spin,,1.6,0.0,physical_snapshot_filename,00:16:41 2022-03-07 GMT,FullVolume,Untitled SWIFT simulation,108605,Ma_xp_A1900_n50_r16_v00_90000
Ma_xp_A1900_n55_r12_v00_90000_fof_0.004_0000.hdf5,Ma_xp_A1900_n55_r12_v00_90000.hdf5,A1900,n55,r12,v00,,90000,0.004,72,9.98386401305505e+18,0,0.0,0.0,0.0,72,9.98386401305505e+18,1.0,9.023706120435626e+17,/rds/general/ephemeral/user/nny124/ephemeral/martian_moons_data/Ma_xp_A1900_n55_r12_v00_90000.hdf5,True,False,mapped,,no_spin,,1.2,0.0,physical_snapshot_filename,07:30:32 2022-03-07 GMT,FullVolume,Untitled SWIFT simulation,319379,Ma_xp_A1900_n55_r12_v00_90000
Ma_xp_A1900_n55_r16_v00_90000_fof_0.004_0000.hdf5,Ma_xp_A1900_n55_r16_v00_90000.hdf5,A1900,n55,r16,v00,,90000,0.004,36,9.99037525593954e+18,0,0.0,0.0,0.0,36,9.99037525593954e+18,1.0,2.837555822133129e+18,/rds/general/ephemeral/user/nny124/ephemeral/martian_moons_data/Ma_xp_A1900_n55_r16_v00_90000.hdf5,True,False,mapped,,no_spin,,1.6,0.0,physical_snapshot_filename,09:47:42 2022-03-07 GMT,FullVolume,Untitled SWIFT simulation,319379,Ma_xp_A1900_n55_r16_v00_90000
Ma_xp_A1900_n60_r12_v00_90000_fof_0.003_0000.hdf5,Ma_xp_A1900_n60_r12_v00_90000.hdf5,A1900,n60,r12,v00,,90000,0.003,123,9.988487567434828e+18,1,1.835448272894502e+17,0.018375637557767607,1.835448272894502e+17,122,9.804942740145377e+18,0.9816243624422324,6.403032584372952e+17,/rds/general/ephemeral/user/nny124/ephemeral/martian_moons_data/Ma_xp_A1900_n60_r12_v00_90000.hdf5,True,False,mapped,,no_spin,,1.2,0.0,physical_snapshot_filename,15:11:00 2022-03-10 GMT,FullVolume,Untitled SWIFT simulation,1002827,Ma_xp_A1900_n60_r12_v00_90000
Ma_xp_A1900_n60_r16_v00_90000_fof_0.003_0000.hdf5,Ma_xp_A1900_n60_r16_v00_90000.hdf5,A1900,n60,r16,v00,,90000,0.003,63,9.990750722011933e+18,0,0.0,0.0,0.0,63,9.990750722011933e+18,1.0,2.6418092523231416e+18,/rds/general/ephemeral/user/nny124/ephemeral/martian_moons_data/Ma_xp_A1900_n60_r16_v00_90000.hdf5,True,False,mapped,,no_spin,,1.6,0.0,physical_snapshot_filename,01:09:47 2022-03-11 GMT,FullVolume,Untitled SWIFT simulation,1002827,Ma_xp_A1900_n60_r16_v00_90000
Ma_xp_A1900_n65_r12_v00_90000_fof_0.0019_0000.hdf5,Ma_xp_A1900_n65_r12_v00_90000.hdf5,A1900,n65,r12,v00,,90000,0.0019,219,9.988508185932618e+18,0,0.0,0.0,0.0,219,9.988508185932618e+18,1.0,7.127150260422953e+17,/rds/general/ephemeral/user/nny124/ephemeral/martian_moons_data/Ma_xp_A1900_n65_r12_v00_90000.hdf5,True,False,mapped,,no_spin,,1.2,0.0,physical_snapshot_filename,09:29:32 2022-04-30 BST,FullVolume,Untitled SWIFT simulation,3227694,Ma_xp_A1900_n65_r12_v00_90000
Ma_xp_A1900_n65_r12_v00_90000_fof_0.002_0000.hdf5,Ma_xp_A1900_n65_r12_v00_90000.hdf5,A1900,n65,r12,v00,,90000,0.002,219,9.988783873775448e+18,0,0.0,0.0,0.0,219,9.988783873775448e+18,1.0,7.127150260422953e+17,/rds/general/ephemeral/user/nny124/ephemeral/martian_moons_data/Ma_xp_A1900_n65_r12_v00_90000.hdf5,True,False,mapped,,no_spin,,1.2,0.0,physical_snapshot_filename,09:29:32 2022-04-30 BST,FullVolume,Untitled SWIFT simulation,3227694,Ma_xp_A1900_n65_r12_v00_90000
Ma_xp_A1900_n65_r12_v02_90000_fof_0.002_0000.hdf5,Ma_xp_A1900_n65_r12_v02_90000.hdf5,A1900,n65,r12,v02,,90000,0.002,268,9.655879807367002e+18,1,381006787927362.9,3.9458526362007095e-05,381006787927362.9,267,9.655498800579074e+18,0.9999605414736379,6.28376219391658e+17,/rds/general/ephemeral/user/nny124/ephemeral/martian_moons_data/Ma_xp_A1900_n65_r12_v02_90000.hdf5,True,False,mapped,,no_spin,,1.2,0.2,physical_snapshot_filename,05:44:30 2022-07-08 BST,FullVolume,Untitled SWIFT simulation,3227685,Ma_xp_A1900_n65_r12_v02_90000
Ma_xp_A1900_n65_r12_v04_90000_fof_0.002_0000.hdf5,Ma_xp_A1900_n65_r12_v04_90000.hdf5,A1900,n65,r12,v04,,90000,0.002,255,9.984177558680467e+18,0,0.0,0.0,0.0,255,9.984177558680467e+18,1.0,7.232593000513503e+17,/rds/general/ephemeral/user/nny124/ephemeral/martian_moons_data/Ma_xp_A1900_n65_r12_v04_90000.hdf5,True,False,mapped,,no_spin,,1.2,0.4,physical_snapshot_filename,21:40:44 2022-07-14 BST,FullVolume,Untitled SWIFT simulation,3227694,Ma_xp_A1900_n65_r12_v04_90000
Ma_xp_A1900_n65_r12_v08_90000_fof_0.002_0000.hdf5,Ma_xp_A1900_n65_r12_v08_90000.hdf5,A1900,n65,r12,v08,,90000,0.002,241,9.981185261472076e+18,0,0.0,0.0,0.0,241,9.981185261472076e+18,1.0,7.753116420384049e+17,/rds/general/ephemeral/user/nny124/ephemeral/martian_moons_data/Ma_xp_A1900_n65_r12_v08_90000.hdf5,True,False,mapped,,no_spin,,1.2,0.8,physical_snapshot_filename,00:37:25 2022-07-12 BST,FullVolume,Untitled SWIFT simulation,3227694,Ma_xp_A1900_n65_r12_v08_90000
Ma_xp_A1900_n65_r12_v10_90000_fof_0.002_0000.hdf5,Ma_xp_A1900_n65_r12_v10_90000.hdf5,A1900,n65,r12,v10,,90000,0.002,284,9.505983063680217e+18,0,0.0,0.0,0.0,284,9.505983063680217e+18,1.0,9.581918026295567e+17,/rds/general/ephemeral/user/nny124/ephemeral/martian_moons_data/Ma_xp_A1900_n65_r12_v10_90000.hdf5,True,False,mapped,,no_spin,,1.2,1.0,physical_snapshot_filename,21:30:21 2022-07-10 BST,FullVolume,Untitled SWIFT simulation,3227688,Ma_xp_A1900_n65_r12_v10_90000
Ma_xp_A1900_n65_r13_v00_90000_fof_0.002_0000.hdf5,Ma_xp_A1900_n65_r13_v00_90000.hdf5,A1900,n65,r13,v00,,90000,0.002,252,9.985571485955656e+18,0,0.0,0.0,0.0,252,9.985571485955656e+18,1.0,7.184982640102825e+17,/rds/general/ephemeral/user/nny124/ephemeral/martian_moons_data/Ma_xp_A1900_n65_r13_v00_90000.hdf5,True,False,mapped,,no_spin,,1.3,0.0,physical_snapshot_filename,10:41:40 2022-07-08 BST,FullVolume,Untitled SWIFT simulation,3227694,Ma_xp_A1900_n65_r13_v00_90000
Ma_xp_A1900_n65_r14_v00_90000_fof_0.002_0000.hdf5,Ma_xp_A1900_n65_r14_v00_90000.hdf5,A1900,n65,r14,v00,,90000,0.002,248,9.98832836433961e+18,0,0.0,0.0,0.0,248,9.98832836433961e+18,1.0,8.008948539207593e+17,/rds/general/ephemeral/user/nny124/ephemeral/martian_moons_data/Ma_xp_A1900_n65_r14_v00_90000.hdf5,True,False,mapped,,no_spin,,1.4,0.0,physical_snapshot_filename,10:42:54 2022-07-18 BST,FullVolume,Untitled SWIFT simulation,3227694,Ma_xp_A1900_n65_r14_v00_90000
Ma_xp_A1900_n65_r14_v02_90000_fof_0.002_0000.hdf5,Ma_xp_A1900_n65_r14_v02_90000.hdf5,A1900,n65,r14,v02,,90000,0.002,245,9.985720171531237e+18,0,0.0,0.0,0.0,245,9.985720171531237e+18,1.0,1.0905188674560852e+18,/rds/general/ephemeral/user/nny124/ephemeral/martian_moons_data/Ma_xp_A1900_n65_r14_v02_90000.hdf5,True,False,mapped,,no_spin,,1.4,0.2,physical_snapshot_filename,15:18:46 2022-07-11 BST,FullVolume,Untitled SWIFT simulation,3227693,Ma_xp_A1900_n65_r14_v02_90000
Ma_xp_A1900_n65_r14_v06_90000_fof_0.002_0000.hdf5,Ma_xp_A1900_n65_r14_v06_90000.hdf5,A1900,n65,r14,v06,,90000,0.002,230,9.98440058705174e+18,0,0.0,0.0,0.0,230,9.98440058705174e+18,1.0,1.16026789057692e+18,/rds/general/ephemeral/user/nny124/ephemeral/martian_moons_data/Ma_xp_A1900_n65_r14_v06_90000.hdf5,True,False,mapped,,no_spin,,1.4,0.6,physical_snapshot_filename,04:37:12 2022-07-11 BST,FullVolume,Untitled SWIFT simulation,3227694,Ma_xp_A1900_n65_r14_v06_90000
Ma_xp_A1900_n65_r15_v00_90000_fof_0.002_0000.hdf5,Ma_xp_A1900_n65_r15_v00_90000.hdf5,A1900,n65,r15,v00,,90000,0.002,198,9.987770793431106e+18,0,0.0,0.0,0.0,198,9.987770793431106e+18,1.0,9.764367618240195e+17,/rds/general/ephemeral/user/nny124/ephemeral/martian_moons_data/Ma_xp_A1900_n65_r15_v00_90000.hdf5,True,False,mapped,,no_spin,,1.5,0.0,physical_snapshot_filename,14:32:03 2022-07-11 BST,FullVolume,Untitled SWIFT simulation,3227694,Ma_xp_A1900_n65_r15_v00_90000
Ma_xp_A1900_n65_r16_v00_90000_fof_0.0019_0000.hdf5,Ma_xp_A1900_n65_r16_v00_90000.hdf5,A1900,n65,r16,v00,,90000,0.0019,147,9.99098008363334e+18,0,0.0,0.0,0.0,147,9.99098008363334e+18,1.0,2.01614856121421e+18,/rds/general/ephemeral/user/nny124/ephemeral/martian_moons_data/Ma_xp_A1900_n65_r16_v00_90000.hdf5,True,False,mapped,,no_spin,,1.6,0.0,physical_snapshot_filename,04:16:54 2022-05-06 BST,FullVolume,Untitled SWIFT simulation,3227694,Ma_xp_A1900_n65_r16_v00_90000
Ma_xp_A1900_n65_r16_v00_90000_fof_0.002_0000.hdf5,Ma_xp_A1900_n65_r16_v00_90000.hdf5,A1900,n65,r16,v00,,90000,0.002,146,9.9911566477574e+18,0,0.0,0.0,0.0,146,9.9911566477574e+18,1.0,2.0161516588304215e+18,/rds/general/ephemeral/user/nny124/ephemeral/martian_moons_data/Ma_xp_A1900_n65_r16_v00_90000.hdf5,True,False,mapped,,no_spin,,1.6,0.0,physical_snapshot_filename,04:16:54 2022-05-06 BST,FullVolume,Untitled SWIFT simulation,3227694,Ma_xp_A1900_n65_r16_v00_90000
Ma_xp_A1900_n65_r16_v02_90000_fof_0.002_0000.hdf5,Ma_xp_A1900_n65_r16_v02_90000.hdf5,A1900,n65,r16,v02,,90000,0.002,189,9.989861684368222e+18,0,0.0,0.0,0.0,189,9.989861684368222e+18,1.0,2.102643265092135e+18,/rds/general/ephemeral/user/nny124/ephemeral/martian_moons_data/Ma_xp_A1900_n65_r16_v02_90000.hdf5,True,False,mapped,,no_spin,,1.6,0.2,physical_snapshot_filename,18:40:47 2022-07-18 BST,FullVolume,Untitled SWIFT simulation,3227694,Ma_xp_A1900_n65_r16_v02_90000
Ma_xp_A1900_n65_r16_v04_90000_fof_0.002_0000.hdf5,Ma_xp_A1900_n65_r16_v04_90000.hdf5,A1900,n65,r16,v04,,90000,0.002,152,9.991456956693168e+18,0,0.0,0.0,0.0,152,9.991456956693168e+18,1.0,2.0442686885183404e+18,/rds/general/ephemeral/user/nny124/ephemeral/martian_moons_data/Ma_xp_A1900_n65_r16_v04_90000.hdf5,True,False,mapped,,no_spin,,1.6,0.4,physical_snapshot_filename,21:06:43 2022-07-20 BST,FullVolume,Untitled SWIFT simulation,3227694,Ma_xp_A1900_n65_r16_v04_90000
Ma_xp_A1900_n65_r17_v00_90000_fof_0.002_0000.hdf5,Ma_xp_A1900_n65_r17_v00_90000.hdf5,A1900,n65,r17,v00,,90000,0.002,116,9.993554042791508e+18,0,0.0,0.0,0.0,116,9.993554042791508e+18,1.0,3.066776295466688e+18,/rds/general/ephemeral/user/nny124/ephemeral/martian_moons_data/Ma_xp_A1900_n65_r17_v00_90000.hdf5,True,False,mapped,,no_spin,,1.7,0.0,physical_snapshot_filename,10:03:14 2022-07-24 BST,FullVolume,Untitled SWIFT simulation,3227694,Ma_xp_A1900_n65_r17_v00_90000
Ma_xp_A1900_n65_r18_v00_90000_fof_0.002_0000.hdf5,Ma_xp_A1900_n65_r18_v00_90000.hdf5,A1900,n65,r18,v00,,90000,0.002,36,9.996094087732271e+18,0,0.0,0.0,0.0,36,9.996094087732271e+18,1.0,7.492108184606785e+18,/rds/general/ephemeral/user/nny124/ephemeral/martian_moons_data/Ma_xp_A1900_n65_r18_v00_90000.hdf5,True,False,mapped,,no_spin,,1.8,0.0,physical_snapshot_filename,21:25:04 2022-08-12 BST,FullVolume,Untitled SWIFT simulation,3227694,Ma_xp_A1900_n65_r18_v00_90000
Ma_xp_A1900_n65_r18_v02_90000_fof_0.002_0000.hdf5,Ma_xp_A1900_n65_r18_v02_90000.hdf5,A1900,n65,r18,v02,,90000,0.002,42,9.993928854037864e+18,0,0.0,0.0,0.0,42,9.993928854037864e+18,1.0,7.371586134983781e+18,/rds/general/ephemeral/user/nny124/ephemeral/martian_moons_data/Ma_xp_A1900_n65_r18_v02_90000.hdf5,True,False,mapped,,no_spin,,1.8,0.2,physical_snapshot_filename,13:46:41 2022-08-08 BST,FullVolume,Untitled SWIFT simulation,3227694,Ma_xp_A1900_n65_r18_v02_90000
Ma_xp_A1900_n65_r18_v04_90000_fof_0.002_0000.hdf5,Ma_xp_A1900_n65_r18_v04_90000.hdf5,A1900,n65,r18,v04,,90000,0.002,16,9.997041958267134e+18,0,0.0,0.0,0.0,16,9.997041958267134e+18,1.0,7.333188085042208e+18,/rds/general/ephemeral/user/nny124/ephemeral/martian_moons_data/Ma_xp_A1900_n65_r18_v04_90000.hdf5,True,False,mapped,,no_spin,,1.8,0.4,physical_snapshot_filename,23:24:46 2022-08-14 BST,FullVolume,Untitled SWIFT simulation,3227694,Ma_xp_A1900_n65_r18_v04_90000
Ma_xp_A1900_n65_r19_v00_90000_fof_0.002_0000.hdf5,Ma_xp_A1900_n65_r19_v00_90000.hdf5,A1900,n65,r19,v00,,90000,0.002,2,9.998157100082047e+18,0,0.0,0.0,0.0,2,9.998157100082047e+18,1.0,6.595103594091219e+18,/rds/general/ephemeral/user/nny124/ephemeral/martian_moons_data/Ma_xp_A1900_n65_r19_v00_90000.hdf5,True,False,mapped,,no_spin,,1.9,0.0,physical_snapshot_filename,07:02:51 2022-08-08 BST,FullVolume,Untitled SWIFT simulation,3227694,Ma_xp_A1900_n65_r19_v00_90000
Ma_xp_A1900_n65_r20_v06_90000_fof_0.002_0000.hdf5,Ma_xp_A1900_n65_r20_v06_90000.hdf5,A1900,n65,r20,v06,,90000,0.002,197,9.938314253361048e+18,0,0.0,0.0,0.0,197,9.938314253361048e+18,1.0,9.375161439874968e+18,/rds/general/ephemeral/user/nny124/ephemeral/martian_moons_data/Ma_xp_A1900_n65_r20_v06_90000.hdf5,True,False,mapped,,no_spin,,2.0,0.6,physical_snapshot_filename,13:37:50 2022-09-04 BST,FullVolume,Untitled SWIFT simulation,3227694,Ma_xp_A1900_n65_r20_v06_90000
Ma_xp_A1900_n65_r26_v00_90000_fof_0.002_0000.hdf5,Ma_xp_A1900_n65_r26_v00_90000.hdf5,A1900,n65,r26,v00,,90000,0.002,1,9.998157100156684e+18,0,0.0,0.0,0.0,1,9.998157100156684e+18,1.0,9.998157100156684e+18,/rds/general/ephemeral/user/nny124/ephemeral/martian_moons_data/Ma_xp_A1900_n65_r26_v00_90000.hdf5,True,False,mapped,,no_spin,,2.6,0.0,physical_snapshot_filename,06:56:19 2022-08-08 BST,FullVolume,Untitled SWIFT simulation,3227694,Ma_xp_A1900_n65_r26_v00_90000
Ma_xp_A1900_n70_r12_v00_90000_fof_0.001_0000.hdf5,Ma_xp_A1900_n70_r12_v00_90000.hdf5,A1900,n70,r12,v00,,90000,0.001,1189,9.752489065393467e+18,2,1.1837559214290026e+17,0.012137987681827188,1.1835579341701306e+17,1187,9.63411347325057e+18,0.9878620123181732,5.169199845024709e+17,/rds/general/ephemeral/user/nny124/ephemeral/martian_moons_data/Ma_xp_A1900_n70_r12_v00_90000.hdf5,True,False,mapped,,no_spin,,1.2,0.0,physical_snapshot_filename,21:34:33 2023-01-08 GMT,FullVolume,Untitled SWIFT simulation,10099884,Ma_xp_A1900_n70_r12_v00_90000
Ma_xp_A1900_s030x_n65_r12_v00_90000_fof_0.002_0000.hdf5,Ma_xp_A1900_s030x_n65_r12_v00_90000.hdf5,A1900,n65,r12,v00,s030x,90000,0.002,3162,9.481483861416243e+18,75,1.4135251333299302e+17,0.014908269148483188,7.914865930663922e+16,3087,9.34013134808325e+18,0.9850917308515167,1.3536509523084376e+17,/rds/general/ephemeral/user/nny124/ephemeral/martian_moons_data/Ma_xp_A1900_s030x_n65_r12_v00_90000.hdf5,True,False,mapped,,equatorial,3.0,1.2,0.0,physical_snapshot_filename,22:27:24 2022-07-31 BST,FullVolume,Untitled SWIFT simulation,3162276,Ma_xp_A1900_s030x_n65_r12_v00_90000
Ma_xp_A1900_s030z_n65_r12_v00_90000_fof_0.002_0000.hdf5,Ma_xp_A1900_s030z_n65_r12_v00_90000.hdf5,A1900,n65,r12,v00,s030z,90000,0.002,398,1.0000249740696863e+19,65,7.339959686417402e+17,0.07339776382330547,1.285821017217212e+17,333,9.266253772055122e+18,0.9266022361766945,3.315520888012409e+17,/rds/general/ephemeral/user/nny124/ephemeral/martian_moons_data/Ma_xp_A1900_s030z_n65_r12_v00_90000.hdf5,True,False,mapped,,prograde_z,3.0,1.2,0.0,physical_snapshot_filename,14:29:26 2022-05-07 BST,FullVolume,Untitled SWIFT simulation,3162275,Ma_xp_A1900_s030z_n65_r12_v00_90000
Ma_xp_A1900_s030z_n65_r12_v04_90000_fof_0.002_0000.hdf5,Ma_xp_A1900_s030z_n65_r12_v04_90000.hdf5,A1900,n65,r12,v04,s030z,90000,0.002,413,9.997951763923614e+18,25,1.606555182257132e+17,0.016068843100985844,3.9775600722377336e+16,388,9.837296245697903e+18,0.9839311568990143,3.2906393464018426e+17,/rds/general/ephemeral/user/nny124/ephemeral/martian_moons_data/Ma_xp_A1900_s030z_n65_r12_v04_90000.hdf5,True,False,mapped,,prograde_z,3.0,1.2,0.4,physical_snapshot_filename,22:16:45 2022-06-26 BST,FullVolume,Untitled SWIFT simulation,3162272,Ma_xp_A1900_s030z_n65_r12_v04_90000
Ma_xp_A1900_s030z_n65_r12_v06_90000_fof_0.002_0000.hdf5,Ma_xp_A1900_s030z_n65_r12_v06_90000.hdf5,A1900,n65,r12,v06,s030z,90000,0.002,402,9.996145078736943e+18,0,0.0,0.0,0.0,402,9.996145078736943e+18,1.0,3.1130770583733165e+17,/rds/general/ephemeral/user/nny124/ephemeral/martian_moons_data/Ma_xp_A1900_s030z_n65_r12_v06_90000.hdf5,True,False,mapped,,prograde_z,3.0,1.2,0.6,physical_snapshot_filename,22:29:21 2022-07-14 BST,FullVolume,Untitled SWIFT simulation,3162275,Ma_xp_A1900_s030z_n65_r12_v06_90000
Ma_xp_A1900_s030z_n65_r12_v08_90000_fof_0.002_0000.hdf5,Ma_xp_A1900_s030z_n65_r12_v08_90000.hdf5,A1900,n65,r12,v08,s030z,90000,0.002,350,1.0000357507883565e+19,0,0.0,0.0,0.0,350,1.0000357507883565e+19,1.0,3.497774218280889e+17,/rds/general/ephemeral/user/nny124/ephemeral/martian_moons_data/Ma_xp_A1900_s030z_n65_r12_v08_90000.hdf5,True,False,mapped,,prograde_z,3.0,1.2,0.8,physical_snapshot_filename,00:27:46 2022-06-25 BST,FullVolume,Untitled SWIFT simulation,3162276,Ma_xp_A1900_s030z_n65_r12_v08_90000
Ma_xp_A1900_s030z_n65_r12_v20_90000_fof_0.002_0000.hdf5,Ma_xp_A1900_s030z_n65_r12_v20_90000.hdf5,A1900,n65,r12,v20,s030z,90000,0.002,201,1.0010332311890567e+19,0,0.0,0.0,0.0,201,1.0010332311890567e+19,1.0,4.9594459270340986e+17,/rds/general/ephemeral/user/nny124/ephemeral/martian_moons_data/Ma_xp_A1900_s030z_n65_r12_v20_90000.hdf5,True,False,mapped,,prograde_z,3.0,1.2,2.0,physical_snapshot_filename,18:43:02 2022-07-07 BST,FullVolume,Untitled SWIFT simulation,3162276,Ma_xp_A1900_s030z_n65_r12_v20_90000
Ma_xp_A1900_s030z_n65_r13_v00_90000_fof_0.002_0000.hdf5,Ma_xp_A1900_s030z_n65_r13_v00_90000.hdf5,A1900,n65,r13,v00,s030z,90000,0.002,394,9.811447969031e+18,57,6.860776060852138e+17,0.06992623395147785,1.0125361105085451e+17,337,9.125370362945786e+18,0.9300737660485221,2.5817214360044822e+17,/rds/general/ephemeral/user/nny124/ephemeral/martian_moons_data/Ma_xp_A1900_s030z_n65_r13_v00_90000.hdf5,True,False,mapped,,prograde_z,3.0,1.3,0.0,physical_snapshot_filename,17:51:14 2022-06-23 BST,FullVolume,Untitled SWIFT simulation,3162254,Ma_xp_A1900_s030z_n65_r13_v00_90000
Ma_xp_A1900_s030z_n65_r15_v00_90000_fof_0.002_0000.hdf5,Ma_xp_A1900_s030z_n65_r15_v00_90000.hdf5,A1900,n65,r15,v00,s030z,90000,0.002,407,9.998332118699958e+18,44,6.153569746947667e+17,0.061545962605488946,8.757985684601586e+16,363,9.382975144005192e+18,0.938454037394511,3.272001962367431e+17,/rds/general/ephemeral/user/nny124/ephemeral/martian_moons_data/Ma_xp_A1900_s030z_n65_r15_v00_90000.hdf5,True,False,mapped,,prograde_z,3.0,1.5,0.0,physical_snapshot_filename,12:38:56 2022-06-30 BST,FullVolume,Untitled SWIFT simulation,3162273,Ma_xp_A1900_s030z_n65_r15_v00_90000
Ma_xp_A1900_s030z_n65_r16_v00_90000_fof_0.002_0000.hdf5,Ma_xp_A1900_s030z_n65_r16_v00_90000.hdf5,A1900,n65,r16,v00,s030z,90000,0.002,393,1.0000658622080864e+19,36,5.2456628961292486e+17,0.0524531742794133,5.7817095607389304e+16,357,9.47609233246794e+18,0.9475468257205867,3.329213659956058e+17,/rds/general/ephemeral/user/nny124/ephemeral/martian_moons_data/Ma_xp_A1900_s030z_n65_r16_v00_90000.hdf5,True,False,mapped,,prograde_z,3.0,1.6,0.0,physical_snapshot_filename,02:06:59 2022-06-30 BST,FullVolume,Untitled SWIFT simulation,3162276,Ma_xp_A1900_s030z_n65_r16_v00_90000
Ma_xp_A1900_s030z_n65_r16_v02_90000_fof_0.002_0000.hdf5,Ma_xp_A1900_s030z_n65_r16_v02_90000.hdf5,A1900,n65,r16,v02,s030z,90000,0.002,363,1.0004227617731193e+19,32,3.9774649835438426e+17,0.03975784173976912,6.1240288593301624e+16,331,9.606481119376808e+18,0.9602421582602308,3.343984103765643e+17,/rds/general/ephemeral/user/nny124/ephemeral/martian_moons_data/Ma_xp_A1900_s030z_n65_r16_v02_90000.hdf5,True,False,mapped,,prograde_z,3.0,1.6,0.2,physical_snapshot_filename,16:23:59 2022-06-30 BST,FullVolume,Untitled SWIFT simulation,3162276,Ma_xp_A1900_s030z_n65_r16_v02_90000
Ma_xp_A1900_s030z_n65_r16_v04_90000_fof_0.002_0000.hdf5,Ma_xp_A1900_s030z_n65_r16_v04_90000.hdf5,A1900,n65,r16,v04,s030z,90000,0.002,369,9.999622155316154e+18,9,8.443559069594187e+16,0.008443878117039944,2.5807071565986908e+16,360,9.91518656462021e+18,0.9915561218829598,2.886797662758242e+17,/rds/general/ephemeral/user/nny124/ephemeral/martian_moons_data/Ma_xp_A1900_s030z_n65_r16_v04_90000.hdf5,True,False,mapped,,prograde_z,3.0,1.6,0.4,physical_snapshot_filename,23:47:49 2022-06-30 BST,FullVolume,Untitled SWIFT simulation,3162276,Ma_xp_A1900_s030z_n65_r16_v04_90000
Ma_xp_A1900_s030z_n65_r17_v00_90000_fof_0.002_0000.hdf5,Ma_xp_A1900_s030z_n65_r17_v00_90000.hdf5,A1900,n65,r17,v00,s030z,90000,0.002,368,1.0002199058925015e+19,38,4.44958034951778e+17,0.04448602075707937,1.0197311550252312e+17,330,9.55724102397324e+18,0.955513979242921,3.808999513916751e+17,/rds/general/ephemeral/user/nny124/ephemeral/martian_moons_data/Ma_xp_A1900_s030z_n65_r17_v00_90000.hdf5,True,False,mapped,,prograde_z,3.0,1.7,0.0,physical_snapshot_filename,00:06:31 2022-07-01 BST,FullVolume,Untitled SWIFT simulation,3162276,Ma_xp_A1900_s030z_n65_r17_v00_90000
Ma_xp_A1900_s030z_n65_r19_v00_90000_fof_0.002_0000.hdf5,Ma_xp_A1900_s030z_n65_r19_v00_90000.hdf5,A1900,n65,r19,v00,s030z,90000,0.002,360,1.0004747435925938e+19,27,3.317137395808705e+17,0.03315563353350863,5.879650915613644e+16,333,9.673033696345068e+18,0.9668443664664914,4.0496689985651974e+17,/rds/general/ephemeral/user/nny124/ephemeral/martian_moons_data/Ma_xp_A1900_s030z_n65_r19_v00_90000.hdf5,True,False,mapped,,prograde_z,3.0,1.9,0.0,physical_snapshot_filename,13:26:37 2022-07-02 BST,FullVolume,Untitled SWIFT simulation,3162276,Ma_xp_A1900_s030z_n65_r19_v00_90000
Ma_xp_A1900_s030z_n65_r20_v00_90000_fof_0.002_0000.hdf5,Ma_xp_A1900_s030z_n65_r20_v00_90000.hdf5,A1900,n65,r20,v00,s030z,90000,0.002,317,1.0003137267373378e+19,10,2.024089637844355e+17,0.02023454825963655,8.707905639066942e+16,307,9.800728303588942e+18,0.9797654517403634,4.0362931889350586e+17,/rds/general/ephemeral/user/nny124/ephemeral/martian_moons_data/Ma_xp_A1900_s030z_n65_r20_v00_90000.hdf5,True,False,mapped,,prograde_z,3.0,2.0,0.0,physical_snapshot_filename,18:16:00 2022-07-02 BST,FullVolume,Untitled SWIFT simulation,3162276,Ma_xp_A1900_s030z_n65_r20_v00_90000
Ma_xp_A1900_s030z_n65_r20_v02_90000_fof_0.002_0000.hdf5,Ma_xp_A1900_s030z_n65_r20_v02_90000.hdf5,A1900,n65,r20,v02,s030z,90000,0.002,313,1.0005416226407647e+19,6,1.3657589126839752e+17,0.013650195871704764,8.470817828561163e+16,307,9.86884033513925e+18,0.9863498041282953,3.9577182314158304e+17,/rds/general/ephemeral/user/nny124/ephemeral/martian_moons_data/Ma_xp_A1900_s030z_n65_r20_v02_90000.hdf5,True,False,mapped,,prograde_z,3.0,2.0,0.2,physical_snapshot_filename,01:10:26 2022-06-27 BST,FullVolume,Untitled SWIFT simulation,3162276,Ma_xp_A1900_s030z_n65_r20_v02_90000
Ma_xp_A1900_s030z_n65_r20_v04_90000_fof_0.002_0000.hdf5,Ma_xp_A1900_s030z_n65_r20_v04_90000.hdf5,A1900,n65,r20,v04,s030z,90000,0.002,326,1.0005200692034793e+19,0,0.0,0.0,0.0,326,1.0005200692034793e+19,1.0,3.5861116150562374e+17,/rds/general/ephemeral/user/nny124/ephemeral/martian_moons_data/Ma_xp_A1900_s030z_n65_r20_v04_90000.hdf5,True,False,mapped,,prograde_z,3.0,2.0,0.4,physical_snapshot_filename,17:52:56 2022-07-03 BST,FullVolume,Untitled SWIFT simulation,3162276,Ma_xp_A1900_s030z_n65_r20_v04_90000
Ma_xp_A1900_s030z_n65_r22_v00_90000_fof_0.002_0000.hdf5,Ma_xp_A1900_s030z_n65_r22_v00_90000.hdf5,A1900,n65,r22,v00,s030z,90000,0.002,264,1.0008427368386603e+19,0,0.0,0.0,0.0,264,1.0008427368386603e+19,1.0,5.0599863728795974e+17,/rds/general/ephemeral/user/nny124/ephemeral/martian_moons_data/Ma_xp_A1900_s030z_n65_r22_v00_90000.hdf5,True,False,mapped,,prograde_z,3.0,2.2,0.0,physical_snapshot_filename,05:37:56 2022-07-08 BST,FullVolume,Untitled SWIFT simulation,3162276,Ma_xp_A1900_s030z_n65_r22_v00_90000
Ma_xp_A1900_s035x_n65_r12_v00_90000_fof_0.002_0000.hdf5,Ma_xp_A1900_s035x_n65_r12_v00_90000.hdf5,A1900,n65,r12,v00,s035x,90000,0.002,2111,9.491876640039338e+18,27,1.5197883873017107e+17,0.0160114637488105,1.4048770218328723e+17,2084,9.339897801309168e+18,0.9839885362511895,3.390340655698014e+17,/rds/general/ephemeral/user/nny124/ephemeral/martian_moons_data/Ma_xp_A1900_s035x_n65_r12_v00_90000.hdf5,True,False,mapped,,equatorial,3.5,1.2,0.0,physical_snapshot_filename,06:16:45 2022-07-18 BST,FullVolume,Untitled SWIFT simulation,3162276,Ma_xp_A1900_s035x_n65_r12_v00_90000
Ma_xp_A1900_s035y_n65_r12_v00_90000_fof_0.002_0000.hdf5,Ma_xp_A1900_s035y_n65_r12_v00_90000.hdf5,A1900,n65,r12,v00,s035y,90000,0.002,1537,9.509856076153717e+18,27,2.450699208627018e+17,0.0257700977701674,1.5425257003927008e+17,1510,9.264786155291013e+18,0.9742299022298324,6.53747999568409e+17,/rds/general/ephemeral/user/nny124/ephemeral/martian_moons_data/Ma_xp_A1900_s035y_n65_r12_v00_90000.hdf5,True,False,mapped,,equatorial,3.5,1.2,0.0,physical_snapshot_filename,19:57:14 2022-08-11 BST,FullVolume,Untitled SWIFT simulation,3162276,Ma_xp_A1900_s035y_n65_r12_v00_90000
Ma_xp_A1900_s035z_n65_r12_v00_90000_fof_0.002_0000.hdf5,Ma_xp_A1900_s035z_n65_r12_v00_90000.hdf5,A1900,n65,r12,v00,s035z,90000,0.002,392,9.9093167496204e+18,55,7.011320575671456e+17,0.07075483358567625,9.630068627325331e+16,337,9.208184692053255e+18,0.9292451664143239,4.46562085309933e+17,/rds/general/ephemeral/user/nny124/ephemeral/martian_moons_data/Ma_xp_A1900_s035z_n65_r12_v00_90000.hdf5,True,False,mapped,,prograde_z,3.5,1.2,0.0,physical_snapshot_filename,15:09:40 2022-07-01 BST,FullVolume,Untitled SWIFT simulation,3162276,Ma_xp_A1900_s035z_n65_r12_v00_90000
Ma_xp_A1900_s035z_n65_r16_v00_90000_fof_0.002_0000.hdf5,Ma_xp_A1900_s035z_n65_r16_v00_90000.hdf5,A1900,n65,r16,v00,s035z,90000,0.002,375,9.90673838856427e+18,29,4.766670415648781e+17,0.04811543647050509,4.7572488770759624e+16,346,9.430071346999392e+18,0.951884563529495,3.68005296683523e+17,/rds/general/ephemeral/user/nny124/ephemeral/martian_moons_data/Ma_xp_A1900_s035z_n65_r16_v00_90000.hdf5,True,False,mapped,,prograde_z,3.5,1.6,0.0,physical_snapshot_filename,09:26:19 2022-07-02 BST,FullVolume,Untitled SWIFT simulation,3162276,Ma_xp_A1900_s035z_n65_r16_v00_90000
Ma_xp_A1900_s035z_n65_r20_v00_90000_fof_0.002_0000.hdf5,Ma_xp_A1900_s035z_n65_r20_v00_90000.hdf5,A1900,n65,r20,v00,s035z,90000,0.002,279,9.916857120993411e+18,0,0.0,0.0,0.0,279,9.916857120993411e+18,1.0,4.424919806461516e+17,/rds/general/ephemeral/user/nny124/ephemeral/martian_moons_data/Ma_xp_A1900_s035z_n65_r20_v00_90000.hdf5,True,False,mapped,,prograde_z,3.5,2.0,0.0,physical_snapshot_filename,05:36:57 2022-06-30 BST,FullVolume,Untitled SWIFT simulation,3162276,Ma_xp_A1900_s035z_n65_r20_v00_90000
Ma_xp_A1900_s047x_n65_r12_v00_90000_fof_0.002_0000.hdf5,Ma_xp_A1900_s047x_n65_r12_v00_90000.hdf5,A1900,n65,r12,v00,s047x,90000,0.002,2309,9.397441470954924e+18,11,1.50654345038413e+17,0.016031421478287133,1.4849861279410304e+17,2298,9.24678712591651e+18,0.9839685785217128,7.670386554855169e+17,/rds/general/ephemeral/user/nny124/ephemeral/martian_moons_data/Ma_xp_A1900_s047x_n65_r12_v00_90000.hdf5,True,False,mapped,,equatorial,4.7,1.2,0.0,physical_snapshot_filename,01:16:31 2022-07-24 BST,FullVolume,Untitled SWIFT simulation,3162280,Ma_xp_A1900_s047x_n65_r12_v00_90000
Ma_xp_A1900_s047y_n65_r12_v00_90000_fof_0.002_0000.hdf5,Ma_xp_A1900_s047y_n65_r12_v00_90000.hdf5,A1900,n65,r12,v00,s047y,90000,0.002,1743,9.567981733708192e+18,13,1.9229068308451555e+17,0.020097308757088407,1.1901161447435762e+17,1730,9.375691050623676e+18,0.9799026912429116,5.966408420095839e+17,/rds/general/ephemeral/user/nny124/ephemeral/martian_moons_data/Ma_xp_A1900_s047y_n65_r12_v00_90000.hdf5,True,False,mapped,,equatorial,4.7,1.2,0.0,physical_snapshot_filename,20:04:20 2022-08-04 BST,FullVolume,Untitled SWIFT simulation,3162280,Ma_xp_A1900_s047y_n65_r12_v00_90000
Ma_xp_A1900_s047z_n65_r11_v00_90000_fof_0.002_0000.hdf5,Ma_xp_A1900_s047z_n65_r11_v00_90000.hdf5,A1900,n65,r11,v00,s047z,90000,0.002,373,9.99107188511563e+18,48,5.966186832331892e+17,0.05971518272448947,8.521948274456202e+16,325,9.394453201882444e+18,0.9402848172755108,3.764142748480469e+17,/rds/general/ephemeral/user/nny124/ephemeral/martian_moons_data/Ma_xp_A1900_s047z_n65_r11_v00_90000.hdf5,True,False,mapped,,prograde_z,4.7,1.1,0.0,physical_snapshot_filename,05:27:45 2022-07-22 BST,FullVolume,Untitled SWIFT simulation,3162280,Ma_xp_A1900_s047z_n65_r11_v00_90000
Ma_xp_A1900_s047z_n65_r12_v00_90000_fof_0.002_0000.hdf5,Ma_xp_A1900_s047z_n65_r12_v00_90000.hdf5,A1900,n65,r12,v00,s047z,90000,0.002,386,9.98684905572412e+18,40,5.998760231441914e+17,0.06006659555952365,7.467507142915694e+16,346,9.386973032579928e+18,0.9399334044404762,3.810612864995308e+17,/rds/general/ephemeral/user/nny124/ephemeral/martian_moons_data/Ma_xp_A1900_s047z_n65_r12_v00_90000.hdf5,True,False,mapped,,prograde_z,4.7,1.2,0.0,physical_snapshot_filename,22:57:59 2022-05-08 BST,FullVolume,Untitled SWIFT simulation,3162280,Ma_xp_A1900_s047z_n65_r12_v00_90000
Ma_xp_A1900_s047z_n65_r12_v04_90000_fof_0.002_0000.hdf5,Ma_xp_A1900_s047z_n65_r12_v04_90000.hdf5,A1900,n65,r12,v04,s047z,90000,0.002,356,9.986041843209622e+18,7,9.481739781764738e+16,0.009494993041925012,3.3801628347643976e+16,349,9.891224445391974e+18,0.990505006958075,3.442967133930362e+17,/rds/general/ephemeral/user/nny124/ephemeral/martian_moons_data/Ma_xp_A1900_s047z_n65_r12_v04_90000.hdf5,True,False,mapped,,prograde_z,4.7,1.2,0.4,physical_snapshot_filename,09:07:58 2022-08-19 BST,FullVolume,Untitled SWIFT simulation,3162280,Ma_xp_A1900_s047z_n65_r12_v04_90000
Ma_xp_A1900_s047z_n65_r12_v06_90000_fof_0.002_0000.hdf5,Ma_xp_A1900_s047z_n65_r12_v06_90000.hdf5,A1900,n65,r12,v06,s047z,90000,0.002,341,9.715809252167664e+18,0,0.0,0.0,0.0,341,9.715809252167664e+18,1.0,4.7617941054843296e+17,/rds/general/ephemeral/user/nny124/ephemeral/martian_moons_data/Ma_xp_A1900_s047z_n65_r12_v06_90000.hdf5,True,False,mapped,,prograde_z,4.7,1.2,0.6,physical_snapshot_filename,13:27:27 2022-06-27 BST,FullVolume,Untitled SWIFT simulation,3162280,Ma_xp_A1900_s047z_n65_r12_v06_90000
Ma_xp_A1900_s047z_n65_r12_v08_90000_fof_0.002_0000.hdf5,Ma_xp_A1900_s047z_n65_r12_v08_90000.hdf5,A1900,n65,r12,v08,s047z,90000,0.002,314,9.991404266739606e+18,0,0.0,0.0,0.0,314,9.991404266739606e+18,1.0,3.6720572110542656e+17,/rds/general/ephemeral/user/nny124/ephemeral/martian_moons_data/Ma_xp_A1900_s047z_n65_r12_v08_90000.hdf5,True,False,mapped,,prograde_z,4.7,1.2,0.8,physical_snapshot_filename,12:19:31 2022-08-20 BST,FullVolume,Untitled SWIFT simulation,3162280,Ma_xp_A1900_s047z_n65_r12_v08_90000
Ma_xp_A1900_s047z_n65_r12_v15_90000_fof_0.002_0000.hdf5,Ma_xp_A1900_s047z_n65_r12_v15_90000.hdf5,A1900,n65,r12,v15,s047z,90000,0.002,207,9.996380494481263e+18,0,0.0,0.0,0.0,207,9.996380494481263e+18,1.0,5.3497613698893843e+17,/rds/general/ephemeral/user/nny124/ephemeral/martian_moons_data/Ma_xp_A1900_s047z_n65_r12_v15_90000.hdf5,True,False,mapped,,prograde_z,4.7,1.2,1.5,physical_snapshot_filename,18:20:22 2022-08-23 BST,FullVolume,Untitled SWIFT simulation,3162280,Ma_xp_A1900_s047z_n65_r12_v15_90000
Ma_xp_A1900_s047z_n65_r12_v20_90000_fof_0.002_0000.hdf5,Ma_xp_A1900_s047z_n65_r12_v20_90000.hdf5,A1900,n65,r12,v20,s047z,90000,0.002,129,9.99940358448657e+18,0,0.0,0.0,0.0,129,9.99940358448657e+18,1.0,7.125249036813028e+17,/rds/general/ephemeral/user/nny124/ephemeral/martian_moons_data/Ma_xp_A1900_s047z_n65_r12_v20_90000.hdf5,True,False,mapped,,prograde_z,4.7,1.2,2.0,physical_snapshot_filename,18:57:46 2022-08-28 BST,FullVolume,Untitled SWIFT simulation,3162280,Ma_xp_A1900_s047z_n65_r12_v20_90000
Ma_xp_A1900_s047z_n65_r14_v00_90000_fof_0.002_0000.hdf5,Ma_xp_A1900_s047z_n65_r14_v00_90000.hdf5,A1900,n65,r14,v00,s047z,90000,0.002,347,9.8195503051923e+18,24,5.032352747058096e+17,0.05124830150722004,6.7473469585102136e+16,323,9.316315030486491e+18,0.94875169849278,3.218878608856421e+17,/rds/general/ephemeral/user/nny124/ephemeral/martian_moons_data/Ma_xp_A1900_s047z_n65_r14_v00_90000.hdf5,True,False,mapped,,prograde_z,4.7,1.4,0.0,physical_snapshot_filename,03:23:17 2022-07-03 BST,FullVolume,Untitled SWIFT simulation,3162260,Ma_xp_A1900_s047z_n65_r14_v00_90000
Ma_xp_A1900_s047z_n65_r15_v00_90000_fof_0.002_0000.hdf5,Ma_xp_A1900_s047z_n65_r15_v00_90000.hdf5,A1900,n65,r15,v00,s047z,90000,0.002,314,9.992296948811438e+18,25,4.6428331396238746e+17,0.04646412294798875,9.92491527985624e+16,289,9.528013634849049e+18,0.953535877052011,3.12413401844163e+17,/rds/general/ephemeral/user/nny124/ephemeral/martian_moons_data/Ma_xp_A1900_s047z_n65_r15_v00_90000.hdf5,True,False,mapped,,prograde_z,4.7,1.5,0.0,physical_snapshot_filename,00:08:05 2022-07-03 BST,FullVolume,Untitled SWIFT simulation,3162280,Ma_xp_A1900_s047z_n65_r15_v00_90000
Ma_xp_A1900_s047z_n65_r16_v00_90000_fof_0.002_0000.hdf5,Ma_xp_A1900_s047z_n65_r16_v00_90000.hdf5,A1900,n65,r16,v00,s047z,90000,0.002,306,9.991948739493204e+18,15,3.075637956785839e+17,0.030781162283483016,1.0979356411396747e+17,291,9.684384943814621e+18,0.9692188377165171,3.531665544335389e+17,/rds/general/ephemeral/user/nny124/ephemeral/martian_moons_data/Ma_xp_A1900_s047z_n65_r16_v00_90000.hdf5,True,False,mapped,,prograde_z,4.7,1.6,0.0,physical_snapshot_filename,00:53:49 2022-07-07 BST,FullVolume,Untitled SWIFT simulation,3162280,Ma_xp_A1900_s047z_n65_r16_v00_90000
Ma_xp_A1900_s047z_n65_r16_v04_90000_fof_0.002_0000.hdf5,Ma_xp_A1900_s047z_n65_r16_v04_90000.hdf5,A1900,n65,r16,v04,s047z,90000,0.002,316,9.98180635166848e+18,0,0.0,0.0,0.0,316,9.98180635166848e+18,1.0,4.1202026058094266e+17,/rds/general/ephemeral/user/nny124/ephemeral/martian_moons_data/Ma_xp_A1900_s047z_n65_r16_v04_90000.hdf5,True,False,mapped,,prograde_z,4.7,1.6,0.4,physical_snapshot_filename,11:56:06 2022-08-22 BST,FullVolume,Untitled SWIFT simulation,3162277,Ma_xp_A1900_s047z_n65_r16_v04_90000
Ma_xp_A1900_s047z_n65_r16_v06_90000_fof_0.002_0000.hdf5,Ma_xp_A1900_s047z_n65_r16_v06_90000.hdf5,A1900,n65,r16,v06,s047z,90000,0.002,272,9.993677123941466e+18,0,0.0,0.0,0.0,272,9.993677123941466e+18,1.0,4.030048047339221e+17,/rds/general/ephemeral/user/nny124/ephemeral/martian_moons_data/Ma_xp_A1900_s047z_n65_r16_v06_90000.hdf5,True,False,mapped,,prograde_z,4.7,1.6,0.6,physical_snapshot_filename,02:46:02 2022-06-30 BST,FullVolume,Untitled SWIFT simulation,3162280,Ma_xp_A1900_s047z_n65_r16_v06_90000
Ma_xp_A1900_s047z_n65_r17_v00_90000_fof_0.002_0000.hdf5,Ma_xp_A1900_s047z_n65_r17_v00_90000.hdf5,A1900,n65,r17,v00,s047z,90000,0.002,281,9.995946815597507e+18,9,2.425594467257166e+17,0.024265780040689185,1.4882466333913222e+17,272,9.753387368871793e+18,0.9757342199593111,4.033688417502168e+17,/rds/general/ephemeral/user/nny124/ephemeral/martian_moons_data/Ma_xp_A1900_s047z_n65_r17_v00_90000.hdf5,True,False,mapped,,prograde_z,4.7,1.7,0.0,physical_snapshot_filename,03:26:10 2022-06-30 BST,FullVolume,Untitled SWIFT simulation,3162280,Ma_xp_A1900_s047z_n65_r17_v00_90000
Ma_xp_A1900_s047z_n65_r20_v00_90000_fof_0.002_0000.hdf5,Ma_xp_A1900_s047z_n65_r20_v00_90000.hdf5,A1900,n65,r20,v00,s047z,90000,0.002,202,9.997732179748303e+18,0,0.0,0.0,0.0,202,9.997732179748303e+18,1.0,2.0650110543253437e+18,/rds/general/ephemeral/user/nny124/ephemeral/martian_moons_data/Ma_xp_A1900_s047z_n65_r20_v00_90000.hdf5,True,False,mapped,,prograde_z,4.7,2.0,0.0,physical_snapshot_filename,15:38:30 2022-07-16 BST,FullVolume,Untitled SWIFT simulation,3162280,Ma_xp_A1900_s047z_n65_r20_v00_90000
Ma_xp_A1900_s047z_n65_r20_v02_90000_fof_0.002_0000.hdf5,Ma_xp_A1900_s047z_n65_r20_v02_90000.hdf5,A1900,n65,r20,v02,s047z,90000,0.002,178,1.0002262066449392e+19,0,0.0,0.0,0.0,178,1.0002262066449392e+19,1.0,1.9052937703468964e+18,/rds/general/ephemeral/user/nny124/ephemeral/martian_moons_data/Ma_xp_A1900_s047z_n65_r20_v02_90000.hdf5,True,False,mapped,,prograde_z,4.7,2.0,0.2,physical_snapshot_filename,08:43:38 2022-08-02 BST,FullVolume,Untitled SWIFT simulation,3162280,Ma_xp_A1900_s047z_n65_r20_v02_90000
Ma_xp_A1900_s047z_n65_r20_v04_90000_fof_0.002_0000.hdf5,Ma_xp_A1900_s047z_n65_r20_v04_90000.hdf5,A1900,n65,r20,v04,s047z,90000,0.002,156,1.0001264921588773e+19,0,0.0,0.0,0.0,156,1.0001264921588773e+19,1.0,2.287491485453542e+18,/rds/general/ephemeral/user/nny124/ephemeral/martian_moons_data/Ma_xp_A1900_s047z_n65_r20_v04_90000.hdf5,True,False,mapped,,prograde_z,4.7,2.0,0.4,physical_snapshot_filename,02:41:21 2022-08-05 BST,FullVolume,Untitled SWIFT simulation,3162280,Ma_xp_A1900_s047z_n65_r20_v04_90000
Ma_xp_A1900_s047z_n65_r20_v06_90000_fof_0.002_0000.hdf5,Ma_xp_A1900_s047z_n65_r20_v06_90000.hdf5,A1900,n65,r20,v06,s047z,90000,0.002,140,1.0001619461991789e+19,0,0.0,0.0,0.0,140,1.0001619461991789e+19,1.0,2.323135457658424e+18,/rds/general/ephemeral/user/nny124/ephemeral/martian_moons_data/Ma_xp_A1900_s047z_n65_r20_v06_90000.hdf5,True,False,mapped,,prograde_z,4.7,2.0,0.6,physical_snapshot_filename,13:05:59 2022-09-05 BST,FullVolume,Untitled SWIFT simulation,3162280,Ma_xp_A1900_s047z_n65_r20_v06_90000
Ma_xp_A1900_s047z_n65_r22_v00_90000_fof_0.002_0000.hdf5,Ma_xp_A1900_s047z_n65_r22_v00_90000.hdf5,A1900,n65,r22,v00,s047z,90000,0.002,2,1.001032152915326e+19,0,0.0,0.0,0.0,2,1.001032152915326e+19,1.0,7.349027338742925e+18,/rds/general/ephemeral/user/nny124/ephemeral/martian_moons_data/Ma_xp_A1900_s047z_n65_r22_v00_90000.hdf5,True,False,mapped,,prograde_z,4.7,2.2,0.0,physical_snapshot_filename,11:07:24 2022-08-11 BST,FullVolume,Untitled SWIFT simulation,3162280,Ma_xp_A1900_s047z_n65_r22_v00_90000
Ma_xp_A1900_s047z_n65_r24_v00_90000_fof_0.002_0000.hdf5,Ma_xp_A1900_s047z_n65_r24_v00_90000.hdf5,A1900,n65,r24,v00,s047z,90000,0.002,175,1.00017049310674e+19,0,0.0,0.0,0.0,175,1.00017049310674e+19,1.0,9.758265464423983e+18,/rds/general/ephemeral/user/nny124/ephemeral/martian_moons_data/Ma_xp_A1900_s047z_n65_r24_v00_90000.hdf5,True,False,mapped,,prograde_z,4.7,2.4,0.0,physical_snapshot_filename,02:16:29 2022-08-23 BST,FullVolume,Untitled SWIFT simulation,3162280,Ma_xp_A1900_s047z_n65_r24_v00_90000
Ma_xp_A1900_s086mz_n65_r12_v00_90000_fof_0.002_0000.hdf5,Ma_xp_A1900_s086mz_n65_r12_v00_90000.hdf5,A1900,n65,r12,v00,s086mz,90000,0.002,146,9.994043162004857e+18,0,0.0,0.0,0.0,146,9.994043162004857e+18,1.0,3.111018850384888e+18,/rds/general/ephemeral/user/nny124/ephemeral/martian_moons_data/Ma_xp_A1900_s086mz_n65_r12_v00_90000.hdf5,True,False,mapped,,retrograde_z,8.6,1.2,0.0,physical_snapshot_filename,18:58:55 2022-07-30 BST,FullVolume,Untitled SWIFT simulation,3162277,Ma_xp_A1900_s086mz_n65_r12_v00_90000
Ma_xp_A1900_s086x_n65_r12_v00_90000_fof_0.002_0000.hdf5,Ma_xp_A1900_s086x_n65_r12_v00_90000.hdf5,A1900,n65,r12,v00,s086x,90000,0.002,750,9.747252179784321e+18,0,0.0,0.0,0.0,750,9.747252179784321e+18,1.0,8.864554443819674e+17,/rds/general/ephemeral/user/nny124/ephemeral/martian_moons_data/Ma_xp_A1900_s086x_n65_r12_v00_90000.hdf5,True,False,mapped,,equatorial,8.6,1.2,0.0,physical_snapshot_filename,11:27:29 2022-08-14 BST,FullVolume,Untitled SWIFT simulation,3162277,Ma_xp_A1900_s086x_n65_r12_v00_90000
Ma_xp_A1900_s086z_n65_r12_v00_90000_fof_0.002_0000.hdf5,Ma_xp_A1900_s086z_n65_r12_v00_90000.hdf5,A1900,n65,r12,v00,s086z,90000,0.002,349,9.98360508296e+18,21,3.239884843801418e+17,0.03245205331019402,6.5269624571028856e+16,328,9.659616598579857e+18,0.967547946689806,5.0723370658981664e+17,/rds/general/ephemeral/user/nny124/ephemeral/martian_moons_data/Ma_xp_A1900_s086z_n65_r12_v00_90000.hdf5,True,False,mapped,,prograde_z,8.6,1.2,0.0,physical_snapshot_filename,20:22:20 2022-07-06 BST,FullVolume,Untitled SWIFT simulation,3162277,Ma_xp_A1900_s086z_n65_r12_v00_90000
Ma_xp_A1900_s086z_n65_r16_v00_90000_fof_0.002_0000.hdf5,Ma_xp_A1900_s086z_n65_r16_v00_90000.hdf5,A1900,n65,r16,v00,s086z,90000,0.002,253,9.987492476643766e+18,0,0.0,0.0,0.0,253,9.987492476643766e+18,1.0,6.041054062315533e+17,/rds/general/ephemeral/user/nny124/ephemeral/martian_moons_data/Ma_xp_A1900_s086z_n65_r16_v00_90000.hdf5,True,False,mapped,,prograde_z,8.6,1.6,0.0,physical_snapshot_filename,13:07:13 2022-07-11 BST,FullVolume,Untitled SWIFT simulation,3162276,Ma_xp_A1900_s086z_n65_r16_v00_90000
Ma_xp_A1900_s170mz_n65_r12_v00_90000_fof_0.002_0000.hdf5,Ma_xp_A1900_s170mz_n65_r12_v00_90000.hdf5,A1900,n65,r12,v00,s170mz,90000,0.002,228,9.97517586331924e+18,0,0.0,0.0,0.0,228,9.97517586331924e+18,1.0,1.0986418814613632e+18,/rds/general/ephemeral/user/nny124/ephemeral/martian_moons_data/Ma_xp_A1900_s170mz_n65_r12_v00_90000.hdf5,True,False,mapped,,retrograde_z,17.0,1.2,0.0,physical_snapshot_filename,23:19:24 2022-07-11 BST,FullVolume,Untitled SWIFT simulation,3162286,Ma_xp_A1900_s170mz_n65_r12_v00_90000
Ma_xp_A1900_s170x_n65_r12_v00_90000_fof_0.002_0000.hdf5,Ma_xp_A1900_s170x_n65_r12_v00_90000.hdf5,A1900,n65,r12,v00,s170x,90000,0.002,119,9.935585164889352e+18,0,0.0,0.0,0.0,119,9.935585164889352e+18,1.0,8.701237132201935e+17,/rds/general/ephemeral/user/nny124/ephemeral/martian_moons_data/Ma_xp_A1900_s170x_n65_r12_v00_90000.hdf5,True,False,mapped,,equatorial,17.0,1.2,0.0,physical_snapshot_filename,02:44:13 2022-08-06 BST,FullVolume,Untitled SWIFT simulation,3162286,Ma_xp_A1900_s170x_n65_r12_v00_90000
Ma_xp_A1900_s170y_n65_r12_v00_90000_fof_0.002_0000.hdf5,Ma_xp_A1900_s170y_n65_r12_v00_90000.hdf5,A1900,n65,r12,v00,s170y,90000,0.002,122,9.901726527537396e+18,1,1.4347522572828524e+16,0.0014489920048717825,1.4347522572828524e+16,121,9.887379004964567e+18,0.9985510079951282,6.405665102164358e+17,/rds/general/ephemeral/user/nny124/ephemeral/martian_moons_data/Ma_xp_A1900_s170y_n65_r12_v00_90000.hdf5,True,False,mapped,,equatorial,17.0,1.2,0.0,physical_snapshot_filename,00:17:50 2022-08-03 BST,FullVolume,Untitled SWIFT simulation,3162286,Ma_xp_A1900_s170y_n65_r12_v00_90000
Ma_xp_A1900_s170z_n65_r12_v00_90000_fof_0.002_0000.hdf5,Ma_xp_A1900_s170z_n65_r12_v00_90000.hdf5,A1900,n65,r12,v00,s170z,90000,0.002,304,9.968540568387428e+18,12,2.0310760988418368e+17,0.020374859137182566,8.990019316711246e+16,292,9.765432958503246e+18,0.9796251408628176,4.953606126046652e+17,/rds/general/ephemeral/user/nny124/ephemeral/martian_moons_data/Ma_xp_A1900_s170z_n65_r12_v00_90000.hdf5,True,False,mapped,,prograde_z,17.0,1.2,0.0,physical_snapshot_filename,14:56:10 2022-07-18 BST,FullVolume,Untitled SWIFT simulation,3162286,Ma_xp_A1900_s170z_n65_r12_v00_90000
Ma_xp_A1900_s170z_n65_r16_v00_90000_fof_0.002_0000.hdf5,Ma_xp_A1900_s170z_n65_r16_v00_90000.hdf5,A1900,n65,r16,v00,s170z,90000,0.002,228,9.977162346193453e+18,0,0.0,0.0,0.0,228,9.977162346193453e+18,1.0,9.294023834140457e+17,/rds/general/ephemeral/user/nny124/ephemeral/martian_moons_data/Ma_xp_A1900_s170z_n65_r16_v00_90000.hdf5,True,False,mapped,,prograde_z,17.0,1.6,0.0,physical_snapshot_filename,04:03:11 2022-07-14 BST,FullVolume,Untitled SWIFT simulation,3162286,Ma_xp_A1900_s170z_n65_r16_v00_90000
Ma_xp_A1950_n65_r12_v00_90000_fof_0.0020_0000.hdf5,Ma_xp_A1950_n65_r12_v00_90000.hdf5,A1950,n65,r12,v00,,90000,0.0020,273,3.1577043057890193e+19,38,2.88389359149743e+18,0.09132880448021646,6.757230787756746e+17,235,2.8693149466392764e+19,0.9086711955197836,1.9332891501077117e+18,/rds/general/ephemeral/user/nny124/ephemeral/martian_moons_data/Ma_xp_A1950_n65_r12_v00_90000.hdf5,True,False,mapped,,no_spin,,1.2,0.0,physical_snapshot_filename,08:21:47 2022-04-27 BST,FullVolume,Untitled SWIFT simulation,3227694,Ma_xp_A1950_n65_r12_v00_90000
Ma_xp_A1950_n65_r12_v00_90000_fof_0.0027_0000.hdf5,Ma_xp_A1950_n65_r12_v00_90000.hdf5,A1950,n65,r12,v00,,90000,0.0027,273,3.158625082928384e+19,38,2.8847849821323484e+18,0.09133040188036003,6.760953078320143e+17,235,2.8701465847151497e+19,0.9086695981196401,1.9334752646358792e+18,/rds/general/ephemeral/user/nny124/ephemeral/martian_moons_data/Ma_xp_A1950_n65_r12_v00_90000.hdf5,True,False,mapped,,no_spin,,1.2,0.0,physical_snapshot_filename,08:21:47 2022-04-27 BST,FullVolume,Untitled SWIFT simulation,3227694,Ma_xp_A1950_n65_r12_v00_90000
Ma_xp_A1950_n65_r12_v00_90000_fof_0.002_0000.hdf5,Ma_xp_A1950_n65_r12_v00_90000.hdf5,A1950,n65,r12,v00,,90000,0.002,272,3.1587886678031434e+19,38,2.8849319146545874e+18,0.09133032367945601,6.76105103333497e+17,234,2.8702954763376853e+19,0.9086696763205442,1.9334850601373617e+18,/rds/general/ephemeral/user/nny124/ephemeral/martian_moons_data/Ma_xp_A1950_n65_r12_v00_90000.hdf5,True,False,mapped,,no_spin,,1.2,0.0,physical_snapshot_filename,08:21:47 2022-04-27 BST,FullVolume,Untitled SWIFT simulation,3227694,Ma_xp_A1950_n65_r12_v00_90000
Ma_xp_A1950_n65_r12_v00_90000_fof_0.0034_0000.hdf5,Ma_xp_A1950_n65_r12_v00_90000.hdf5,A1950,n65,r12,v00,,90000,0.0034,273,3.1589845778327958e+19,38,2.8850396651708964e+18,0.09132807059001732,6.761442853394275e+17,235,2.8704806113157067e+19,0.9086719294099829,1.9335046511403267e+18,/rds/general/ephemeral/user/nny124/ephemeral/martian_moons_data/Ma_xp_A1950_n65_r12_v00_90000.hdf5,True,False,mapped,,no_spin,,1.2,0.0,physical_snapshot_filename,08:21:47 2022-04-27 BST,FullVolume,Untitled SWIFT simulation,3227694,Ma_xp_A1950_n65_r12_v00_90000
Ma_xp_A1950_n65_r12_v00_90000_fof_0.003_0000.hdf5,Ma_xp_A1950_n65_r12_v00_90000.hdf5,A1950,n65,r12,v00,,90000,0.003,272,3.1587886678031434e+19,38,2.8849319146545874e+18,0.09133032367945601,6.76105103333497e+17,234,2.8702954763376853e+19,0.9086696763205442,1.9334850601373617e+18,/rds/general/ephemeral/user/nny124/ephemeral/martian_moons_data/Ma_xp_A1950_n65_r12_v00_90000.hdf5,True,False,mapped,,no_spin,,1.2,0.0,physical_snapshot_filename,08:21:47 2022-04-27 BST,FullVolume,Untitled SWIFT simulation,3227694,Ma_xp_A1950_n65_r12_v00_90000
Ma_xp_A1950_n65_r16_v00_90000_fof_0.0020_0000.hdf5,Ma_xp_A1950_n65_r16_v00_90000.hdf5,A1950,n65,r16,v00,,90000,0.0020,200,3.157659246483861e+19,2,6445439975561000.0,0.00020412082091309162,3506789530776349.5,198,3.157014702486305e+19,0.999795879179087,7.595745305745701e+18,/rds/general/ephemeral/user/nny124/ephemeral/martian_moons_data/Ma_xp_A1950_n65_r16_v00_90000.hdf5,True,False,mapped,,no_spin,,1.6,0.0,physical_snapshot_filename,05:34:57 2022-05-01 BST,FullVolume,Untitled SWIFT simulation,3227694,Ma_xp_A1950_n65_r16_v00_90000
Ma_xp_A1950_n65_r16_v00_90000_fof_0.0027_0000.hdf5,Ma_xp_A1950_n65_r16_v00_90000.hdf5,A1950,n65,r16,v00,,90000,0.0027,204,3.158728915245769e+19,2,6445439975561000.0,0.00020405169764495297,3506789530776349.5,202,3.1580843712482128e+19,0.999795948302355,7.597626042030438e+18,/rds/general/ephemeral/user/nny124/ephemeral/martian_moons_data/Ma_xp_A1950_n65_r16_v00_90000.hdf5,True,False,mapped,,no_spin,,1.6,0.0,physical_snapshot_filename,05:34:57 2022-05-01 BST,FullVolume,Untitled SWIFT simulation,3227694,Ma_xp_A1950_n65_r16_v00_90000
Ma_xp_A1950_n65_r16_v00_90000_fof_0.002_0000.hdf5,Ma_xp_A1950_n65_r16_v00_90000.hdf5,A1950,n65,r16,v00,,90000,0.002,200,3.157659246483861e+19,2,6445439975561000.0,0.00020412082091309162,3506789530776349.5,198,3.157014702486305e+19,0.999795879179087,7.595745305745701e+18,/rds/general/ephemeral/user/nny124/ephemeral/martian_moons_data/Ma_xp_A1950_n65_r16_v00_90000.hdf5,True,False,mapped,,no_spin,,1.6,0.0,physical_snapshot_filename,05:34:57 2022-05-01 BST,FullVolume,Untitled SWIFT simulation,3227694,Ma_xp_A1950_n65_r16_v00_90000
Ma_xp_A1950_n65_r16_v00_90000_fof_0.0034_0000.hdf5,Ma_xp_A1950_n65_r16_v00_90000.hdf5,A1950,n65,r16,v00,,90000,0.0034,204,3.159162855961451e+19,2,6445439975561000.0,0.00020402366922611252,3506789530776349.5,202,3.1585183119638946e+19,0.9997959763307738,7.598370500143147e+18,/rds/general/ephemeral/user/nny124/ephemeral/martian_moons_data/Ma_xp_A1950_n65_r16_v00_90000.hdf5,True,False,mapped,,no_spin,,1.6,0.0,physical_snapshot_filename,05:34:57 2022-05-01 BST,FullVolume,Untitled SWIFT simulation,3227694,Ma_xp_A1950_n65_r16_v00_90000
Ma_xp_A1950_n65_r16_v00_90000_fof_0.003_0000.hdf5,Ma_xp_A1950_n65_r16_v00_90000.hdf5,A1950,n65,r16,v00,,90000,0.003,205,3.1589953528860967e+19,2,6445439975561000.0,0.00020403448740981424,3506789530776349.5,203,3.1583508088885404e+19,0.9997959655125901,7.59798847558531e+18,/rds/general/ephemeral/user/nny124/ephemeral/martian_moons_data/Ma_xp_A1950_n65_r16_v00_90000.hdf5,True,False,mapped,,no_spin,,1.6,0.0,physical_snapshot_filename,05:34:57 2022-05-01 BST,FullVolume,Untitled SWIFT simulation,3227694,Ma_xp_A1950_n65_r16_v00_90000
Ma_xp_A2000_n50_r12_v00_90000_fof_0.0126_0000.hdf5,Ma_xp_A2000_n50_r12_v00_90000.hdf5,A2000,n50,r12,v00,,90000,0.0126,57,9.979559814256088e+19,19,2.240433312968013e+19,0.2245022180003861,3.8323806906292884e+18,38,7.739126501288074e+19,0.7754977819996137,9.78343101378231e+18,/rds/general/ephemeral/user/nny124/ephemeral/martian_moons_data/Ma_xp_A2000_n50_r12_v00_90000.hdf5,True,False,mapped,,no_spin,,1.2,0.0,physical_snapshot_filename,20:37:52 2023-03-03 GMT,FullVolume,Untitled SWIFT simulation,108605,Ma_xp_A2000_n50_r12_v00_90000
Ma_xp_A2000_n50_r14_v00_90000_fof_0.0126_0000.hdf5,Ma_xp_A2000_n50_r14_v00_90000.hdf5,A2000,n50,r14,v00,,90000,0.0126,52,9.96777920118212e+19,20,1.7557715282212858e+19,0.17614470513282052,5.963935368702657e+18,32,8.212007672960837e+19,0.8238552948671798,1.386799045302653e+19,/rds/general/ephemeral/user/nny124/ephemeral/martian_moons_data/Ma_xp_A2000_n50_r14_v00_90000.hdf5,True,False,mapped,,no_spin,,1.4,0.0,physical_snapshot_filename,20:58:22 2023-03-03 GMT,FullVolume,Untitled SWIFT simulation,108605,Ma_xp_A2000_n50_r14_v00_90000
Ma_xp_A2000_n50_r16_v00_90000_fof_0.0126_0000.hdf5,Ma_xp_A2000_n50_r16_v00_90000.hdf5,A2000,n50,r16,v00,,90000,0.0126,29,9.98268903960046e+19,6,1.5954447471675965e+19,0.1598211404601111,6.450806018400762e+18,23,8.387244292432862e+19,0.8401788595398888,3.3945652500561355e+19,/rds/general/ephemeral/user/nny124/ephemeral/martian_moons_data/Ma_xp_A2000_n50_r16_v00_90000.hdf5,True,False,mapped,,no_spin,,1.6,0.0,physical_snapshot_filename,21:40:18 2023-03-03 GMT,FullVolume,Untitled SWIFT simulation,108605,Ma_xp_A2000_n50_r16_v00_90000
Ma_xp_A2000_n55_r12_v00_90000_fof_0.0086_0000.hdf5,Ma_xp_A2000_n55_r12_v00_90000.hdf5,A2000,n55,r12,v00,,90000,0.0086,89,9.977507867427522e+19,26,2.1121247625399984e+19,0.21168860907995082,3.7216637353099955e+18,63,7.865383104887525e+19,0.7883113909200493,9.285536935430296e+18,/rds/general/ephemeral/user/nny124/ephemeral/martian_moons_data/Ma_xp_A2000_n55_r12_v00_90000.hdf5,True,False,mapped,,no_spin,,1.2,0.0,physical_snapshot_filename,14:33:01 2023-03-05 GMT,FullVolume,Untitled SWIFT simulation,319379,Ma_xp_A2000_n55_r12_v00_90000
Ma_xp_A2000_n55_r14_v00_90000_fof_0.0086_0000.hdf5,Ma_xp_A2000_n55_r14_v00_90000.hdf5,A2000,n55,r14,v00,,90000,0.0086,73,9.980168210690485e+19,24,1.9531614279874535e+19,0.19570425936261074,4.024629885825642e+18,49,8.027006782703033e+19,0.8042957406373893,1.252959080948443e+19,/rds/general/ephemeral/user/nny124/ephemeral/martian_moons_data/Ma_xp_A2000_n55_r14_v00_90000.hdf5,True,False,mapped,,no_spin,,1.4,0.0,physical_snapshot_filename,15:43:06 2023-03-05 GMT,FullVolume,Untitled SWIFT simulation,319377,Ma_xp_A2000_n55_r14_v00_90000
Ma_xp_A2000_n55_r16_v00_90000_fof_0.0086_0000.hdf5,Ma_xp_A2000_n55_r16_v00_90000.hdf5,A2000,n55,r16,v00,,90000,0.0086,60,9.987836258922732e+19,11,1.411046067132353e+19,0.14127645173115258,4.3811158831782467e+18,49,8.576790191790378e+19,0.8587235482688473,3.246745515486035e+19,/rds/general/ephemeral/user/nny124/ephemeral/martian_moons_data/Ma_xp_A2000_n55_r16_v00_90000.hdf5,True,False,mapped,,no_spin,,1.6,0.0,physical_snapshot_filename,19:58:40 2023-03-05 GMT,FullVolume,Untitled SWIFT simulation,319379,Ma_xp_A2000_n55_r16_v00_90000
Ma_xp_A2000_n60_r12_v00_90000_fof_0.0059_0000.hdf5,Ma_xp_A2000_n60_r12_v00_90000.hdf5,A2000,n60,r12,v00,,90000,0.0059,153,9.98655608665633e+19,57,2.056321575047569e+19,0.20590897975280492,3.0861819007456276e+18,96,7.930234511608758e+19,0.7940910202471949,7.905593700068805e+18,/rds/general/ephemeral/user/nny124/ephemeral/martian_moons_data/Ma_xp_A2000_n60_r12_v00_90000.hdf5,True,False,mapped,,no_spin,,1.2,0.0,physical_snapshot_filename,18:36:50 2023-03-07 GMT,FullVolume,Untitled SWIFT simulation,1002827,Ma_xp_A2000_n60_r12_v00_90000
Ma_xp_A2000_n60_r14_v00_90000_fof_0.0059_0000.hdf5,Ma_xp_A2000_n60_r14_v00_90000.hdf5,A2000,n60,r14,v00,,90000,0.0059,131,9.986356727338226e+19,47,1.778843310226949e+19,0.1781273550300144,2.5799089162196116e+18,84,8.207513417111278e+19,0.8218726449699857,1.0563352429414705e+19,/rds/general/ephemeral/user/nny124/ephemeral/martian_moons_data/Ma_xp_A2000_n60_r14_v00_90000.hdf5,True,False,mapped,,no_spin,,1.4,0.0,physical_snapshot_filename,22:03:03 2023-03-07 GMT,FullVolume,Untitled SWIFT simulation,1002823,Ma_xp_A2000_n60_r14_v00_90000
Ma_xp_A2000_n60_r16_v00_90000_fof_0.0059_0000.hdf5,Ma_xp_A2000_n60_r16_v00_90000.hdf5,A2000,n60,r16,v00,,90000,0.0059,87,9.988838750824151e+19,24,1.4231464175359402e+19,0.1424736601557934,4.1370048585863956e+18,63,8.56569233328821e+19,0.8575263398442065,2.7592824613299204e+19,/rds/general/ephemeral/user/nny124/ephemeral/martian_moons_data/Ma_xp_A2000_n60_r16_v00_90000.hdf5,True,False,mapped,,no_spin,,1.6,0.0,physical_snapshot_filename,07:47:33 2023-03-08 GMT,FullVolume,Untitled SWIFT simulation,1002827,Ma_xp_A2000_n60_r16_v00_90000
Ma_xp_A2000_n65_r11_v00_90000_fof_0.0010_0000.hdf5,Ma_xp_A2000_n65_r11_v00_90000.hdf5,A2000,n65,r11,v00,,90000,0.0010,0,0.0,0,0.0,0.0,0.0,0,0.0,0.0,0.0,/rds/general/ephemeral/user/nny124/ephemeral/martian_moons_data/Ma_xp_A2000_n65_r11_v00_90000.hdf5,True,False,mapped,,no_spin,,1.1,0.0,physical_snapshot_filename,17:35:13 2023-04-09 BST,FullVolume,Untitled SWIFT simulation,3227695,Ma_xp_A2000_n65_r11_v00_90000
Ma_xp_A2000_n65_r11_v00_90000_fof_0.0020_0000.hdf5,Ma_xp_A2000_n65_r11_v00_90000.hdf5,A2000,n65,r11,v00,,90000,0.0020,6441,1.3072756654055838e+19,1650,3.1050530183864156e+18,0.2375209070707416,5.2463717104166344e+16,4791,9.967703635669422e+18,0.7624790929292584,4.022734483269132e+17,/rds/general/ephemeral/user/nny124/ephemeral/martian_moons_data/Ma_xp_A2000_n65_r11_v00_90000.hdf5,True,False,mapped,,no_spin,,1.1,0.0,physical_snapshot_filename,17:35:13 2023-04-09 BST,FullVolume,Untitled SWIFT simulation,3227695,Ma_xp_A2000_n65_r11_v00_90000
Ma_xp_A2000_n65_r11_v00_90000_fof_0.0030_0000.hdf5,Ma_xp_A2000_n65_r11_v00_90000.hdf5,A2000,n65,r11,v00,,90000,0.0030,359,9.984898355698947e+19,106,1.9920324726922043e+19,0.19950453191696624,1.886804626408266e+18,253,7.992865883006743e+19,0.8004954680830338,4.817804462904375e+18,/rds/general/ephemeral/user/nny124/ephemeral/martian_moons_data/Ma_xp_A2000_n65_r11_v00_90000.hdf5,True,False,mapped,,no_spin,,1.1,0.0,physical_snapshot_filename,17:35:13 2023-04-09 BST,FullVolume,Untitled SWIFT simulation,3227695,Ma_xp_A2000_n65_r11_v00_90000
Ma_xp_A2000_n65_r11_v00_90000_fof_0.0035_0000.hdf5,Ma_xp_A2000_n65_r11_v00_90000.hdf5,A2000,n65,r11,v00,,90000,0.0035,360,9.986713216278823e+19,106,1.992456766035963e+19,0.19951076223838718,1.8868665670423913e+18,254,7.99425645024286e+19,0.8004892377616128,4.818269017660323e+18,/rds/general/ephemeral/user/nny124/ephemeral/martian_moons_data/Ma_xp_A2000_n65_r11_v00_90000.hdf5,True,False,mapped,,no_spin,,1.1,0.0,physical_snapshot_filename,17:35:13 2023-04-09 BST,FullVolume,Untitled SWIFT simulation,3227695,Ma_xp_A2000_n65_r11_v00_90000
Ma_xp_A2000_n65_r11_v00_90000_fof_0.0040_0000.hdf5,Ma_xp_A2000_n65_r11_v00_90000.hdf5,A2000,n65,r11,v00,,90000,0.0040,361,9.98769497532971e+19,106,1.992676655287108e+19,0.19951316697287572,1.8868665670423913e+18,255,7.9950183200426e+19,0.8004868330271242,4.818299987977386e+18,/rds/general/ephemeral/user/nny124/ephemeral/martian_moons_data/Ma_xp_A2000_n65_r11_v00_90000.hdf5,True,False,mapped,,no_spin,,1.1,0.0,physical_snapshot_filename,17:35:13 2023-04-09 BST,FullVolume,Untitled SWIFT simulation,3227695,Ma_xp_A2000_n65_r11_v00_90000
Ma_xp_A2000_n65_r11_v00_90000_fof_0.0045_0000.hdf5,Ma_xp_A2000_n65_r11_v00_90000.hdf5,A2000,n65,r11,v00,,90000,0.0045,361,9.988202888529537e+19,106,1.9928005365553586e+19,0.19951542422550236,1.8868665670423913e+18,255,7.99540235197418e+19,0.8004845757744978,4.818361928611512e+18,/rds/general/ephemeral/user/nny124/ephemeral/martian_moons_data/Ma_xp_A2000_n65_r11_v00_90000.hdf5,True,False,mapped,,no_spin,,1.1,0.0,physical_snapshot_filename,17:35:13 2023-04-09 BST,FullVolume,Untitled SWIFT simulation,3227695,Ma_xp_A2000_n65_r11_v00_90000
Ma_xp_A2000_n65_r11_v00_90000_fof_0.0050_0000.hdf5,Ma_xp_A2000_n65_r11_v00_90000.hdf5,A2000,n65,r11,v00,,90000,0.0050,362,9.988633375936709e+19,107,1.9929553881406722e+19,0.199522328343919,1.8868665670423913e+18,255,7.995677987796037e+19,0.8004776716560811,4.818392898928575e+18,/rds/general/ephemeral/user/nny124/ephemeral/martian_moons_data/Ma_xp_A2000_n65_r11_v00_90000.hdf5,True,False,mapped,,no_spin,,1.1,0.0,physical_snapshot_filename,17:35:13 2023-04-09 BST,FullVolume,Untitled SWIFT simulation,3227695,Ma_xp_A2000_n65_r11_v00_90000
Ma_xp_A2000_n65_r11_v00_90000_fof_0.0060_0000.hdf5,Ma_xp_A2000_n65_r11_v00_90000.hdf5,A2000,n65,r11,v00,,90000,0.0060,361,9.989197035707246e+19,106,1.9930544931552723e+19,0.19952099112981025,1.8868665670423913e+18,255,7.996142542551974e+19,0.8004790088701897,4.818392898928575e+18,/rds/general/ephemeral/user/nny124/ephemeral/martian_moons_data/Ma_xp_A2000_n65_r11_v00_90000.hdf5,True,False,mapped,,no_spin,,1.1,0.0,physical_snapshot_filename,17:35:13 2023-04-09 BST,FullVolume,Untitled SWIFT simulation,3227695,Ma_xp_A2000_n65_r11_v00_90000
Ma_xp_A2000_n65_r11_v00_90000_fof_0.0080_0000.hdf5,Ma_xp_A2000_n65_r11_v00_90000.hdf5,A2000,n65,r11,v00,,90000,0.0080,361,9.98994032331675e+19,105,1.993178374423522e+19,0.1995185466495128,1.8868665670423913e+18,256,7.996761948893227e+19,0.800481453350487,4.818392898928575e+18,/rds/general/ephemeral/user/nny124/ephemeral/martian_moons_data/Ma_xp_A2000_n65_r11_v00_90000.hdf5,True,False,mapped,,no_spin,,1.1,0.0,physical_snapshot_filename,17:35:13 2023-04-09 BST,FullVolume,Untitled SWIFT simulation,3227695,Ma_xp_A2000_n65_r11_v00_90000
Ma_xp_A2000_n65_r12_v00_90000_fof_0.0010_0000.hdf5,Ma_xp_A2000_n65_r12_v00_90000.hdf5,A2000,n65,r12,v00,,90000,0.0010,0,0.0,0,0.0,0.0,0.0,0,0.0,0.0,0.0,/rds/general/ephemeral/user/nny124/ephemeral/martian_moons_data/Ma_xp_A2000_n65_r12_v00_90000.hdf5,True,False,mapped,,no_spin,,1.2,0.0,physical_snapshot_filename,01:22:00 2023-03-29 BST,FullVolume,Untitled SWIFT simulation,3227695,Ma_xp_A2000_n65_r12_v00_90000
Ma_xp_A2000_n65_r12_v00_90000_fof_0.0020_0000.hdf5,Ma_xp_A2000_n65_r12_v00_90000.hdf5,A2000,n65,r12,v00,,90000,0.0020,6136,1.2731773463196019e+19,1632,2.998484157373762e+18,0.23551189989686336,7.439070158453811e+16,4504,9.733289305822257e+18,0.7644881001031367,2.206944793885611e+17,/rds/general/ephemeral/user/nny124/ephemeral/martian_moons_data/Ma_xp_A2000_n65_r12_v00_90000.hdf5,True,False,mapped,,no_spin,,1.2,0.0,physical_snapshot_filename,01:22:00 2023-03-29 BST,FullVolume,Untitled SWIFT simulation,3227695,Ma_xp_A2000_n65_r12_v00_90000
Ma_xp_A2000_n65_r12_v00_90000_fof_0.0030_0000.hdf5,Ma_xp_A2000_n65_r12_v00_90000.hdf5,A2000,n65,r12,v00,,90000,0.0030,330,9.984117903713447e+19,107,1.8754509081732338e+19,0.18784342555446856,2.4343598320760243e+18,223,8.108666995540212e+19,0.8121565744455314,6.549107127369593e+18,/rds/general/ephemeral/user/nny124/ephemeral/martian_moons_data/Ma_xp_A2000_n65_r12_v00_90000.hdf5,True,False,mapped,,no_spin,,1.2,0.0,physical_snapshot_filename,01:22:00 2023-03-29 BST,FullVolume,Untitled SWIFT simulation,3227695,Ma_xp_A2000_n65_r12_v00_90000
Ma_xp_A2000_n65_r12_v00_90000_fof_0.0035_0000.hdf5,Ma_xp_A2000_n65_r12_v00_90000.hdf5,A2000,n65,r12,v00,,90000,0.0035,332,9.986189817924942e+19,106,1.8759309480877048e+19,0.18785252256275553,2.4344527430272123e+18,226,8.110258869837236e+19,0.8121474774372442,6.55034594005212e+18,/rds/general/ephemeral/user/nny124/ephemeral/martian_moons_data/Ma_xp_A2000_n65_r12_v00_90000.hdf5,True,False,mapped,,no_spin,,1.2,0.0,physical_snapshot_filename,01:22:00 2023-03-29 BST,FullVolume,Untitled SWIFT simulation,3227695,Ma_xp_A2000_n65_r12_v00_90000
Ma_xp_A2000_n65_r12_v00_90000_fof_0.0040_0000.hdf5,Ma_xp_A2000_n65_r12_v00_90000.hdf5,A2000,n65,r12,v00,,90000,0.0040,334,9.987190159166066e+19,108,1.876253039385157e+19,0.18786595723955102,2.434483713344275e+18,226,8.11093711978091e+19,0.8121340427604491,6.550903405759257e+18,/rds/general/ephemeral/user/nny124/ephemeral/martian_moons_data/Ma_xp_A2000_n65_r12_v00_90000.hdf5,True,False,mapped,,no_spin,,1.2,0.0,physical_snapshot_filename,01:22:00 2023-03-29 BST,FullVolume,Untitled SWIFT simulation,3227695,Ma_xp_A2000_n65_r12_v00_90000
Ma_xp_A2000_n65_r12_v00_90000_fof_0.0045_0000.hdf5,Ma_xp_A2000_n65_r12_v00_90000.hdf5,A2000,n65,r12,v00,,90000,0.0045,336,9.987821953634145e+19,110,1.876525578175309e+19,0.18788136060960928,2.4345146836613376e+18,226,8.111296375458839e+19,0.812118639390391,6.551306019881078e+18,/rds/general/ephemeral/user/nny124/ephemeral/martian_moons_data/Ma_xp_A2000_n65_r12_v00_90000.hdf5,True,False,mapped,,no_spin,,1.2,0.0,physical_snapshot_filename,01:22:00 2023-03-29 BST,FullVolume,Untitled SWIFT simulation,3227695,Ma_xp_A2000_n65_r12_v00_90000
Ma_xp_A2000_n65_r12_v00_90000_fof_0.0050_0000.hdf5,Ma_xp_A2000_n65_r12_v00_90000.hdf5,A2000,n65,r12,v00,,90000,0.0050,335,9.988196694470604e+19,110,1.876671138665503e+19,0.18788888485790586,2.4345146836613376e+18,225,8.1115255558051e+19,0.8121111151420941,6.551398930832267e+18,/rds/general/ephemeral/user/nny124/ephemeral/martian_moons_data/Ma_xp_A2000_n65_r12_v00_90000.hdf5,True,False,mapped,,no_spin,,1.2,0.0,physical_snapshot_filename,01:22:00 2023-03-29 BST,FullVolume,Untitled SWIFT simulation,3227695,Ma_xp_A2000_n65_r12_v00_90000
Ma_xp_A2000_n65_r12_v00_90000_fof_0.0060_0000.hdf5,Ma_xp_A2000_n65_r12_v00_90000.hdf5,A2000,n65,r12,v00,,90000,0.0060,335,9.988887332541102e+19,110,1.876829087282523e+19,0.1878917065335515,2.4345456539784003e+18,225,8.112058245258579e+19,0.8121082934664484,6.551677663685836e+18,/rds/general/ephemeral/user/nny124/ephemeral/martian_moons_data/Ma_xp_A2000_n65_r12_v00_90000.hdf5,True,False,mapped,,no_spin,,1.2,0.0,physical_snapshot_filename,01:22:00 2023-03-29 BST,FullVolume,Untitled SWIFT simulation,3227695,Ma_xp_A2000_n65_r12_v00_90000
Ma_xp_A2000_n65_r12_v00_90000_fof_0.0080_0000.hdf5,Ma_xp_A2000_n65_r12_v00_90000.hdf5,A2000,n65,r12,v00,,90000,0.0080,335,9.989633717182312e+19,110,1.876990132931249e+19,0.18789378930909142,2.4345456539784003e+18,225,8.112643584251064e+19,0.8121062106909087,6.552142218441783e+18,/rds/general/ephemeral/user/nny124/ephemeral/martian_moons_data/Ma_xp_A2000_n65_r12_v00_90000.hdf5,True,False,mapped,,no_spin,,1.2,0.0,physical_snapshot_filename,01:22:00 2023-03-29 BST,FullVolume,Untitled SWIFT simulation,3227695,Ma_xp_A2000_n65_r12_v00_90000
Ma_xp_A2000_n65_r12_v02_90000_fof_0.0040_0000.hdf5,Ma_xp_A2000_n65_r12_v02_90000.hdf5,A2000,n65,r12,v02,,90000,0.0040,356,9.986186720891919e+19,99,1.7347155933770906e+19,0.1737115118975218,2.3802546881675643e+18,257,8.251471127514828e+19,0.8262884881024782,5.494134246929838e+18,/rds/general/ephemeral/user/nny124/ephemeral/martian_moons_data/Ma_xp_A2000_n65_r12_v02_90000.hdf5,True,False,mapped,,no_spin,,1.2,0.2,physical_snapshot_filename,15:36:55 2023-04-09 BST,FullVolume,Untitled SWIFT simulation,3227690,Ma_xp_A2000_n65_r12_v02_90000
Ma_xp_A2000_n65_r12_v04_90000_fof_0.0040_0000.hdf5,Ma_xp_A2000_n65_r12_v04_90000.hdf5,A2000,n65,r12,v04,,90000,0.0040,328,9.987567997038164e+19,70,1.4377505141583843e+19,0.14395401509003516,2.1626882108024056e+18,258,8.54981748287978e+19,0.8560459849099649,7.90461596459033e+18,/rds/general/ephemeral/user/nny124/ephemeral/martian_moons_data/Ma_xp_A2000_n65_r12_v04_90000.hdf5,True,False,mapped,,no_spin,,1.2,0.4,physical_snapshot_filename,23:56:03 2023-04-09 BST,FullVolume,Untitled SWIFT simulation,3227695,Ma_xp_A2000_n65_r12_v04_90000
Ma_xp_A2000_n65_r12_v06_90000_fof_0.0040_0000.hdf5,Ma_xp_A2000_n65_r12_v06_90000.hdf5,A2000,n65,r12,v06,,90000,0.0040,294,9.98761445252154e+19,43,7.387442639907464e+18,0.07396603738585825,1.8590552223201262e+18,251,9.248870188530791e+19,0.9260339626141415,8.296916970829479e+18,/rds/general/ephemeral/user/nny124/ephemeral/martian_moons_data/Ma_xp_A2000_n65_r12_v06_90000.hdf5,True,False,mapped,,no_spin,,1.2,0.6,physical_snapshot_filename,10:26:43 2023-04-10 BST,FullVolume,Untitled SWIFT simulation,3227695,Ma_xp_A2000_n65_r12_v06_90000
Ma_xp_A2000_n65_r12_v08_90000_fof_0.0040_0000.hdf5,Ma_xp_A2000_n65_r12_v08_90000.hdf5,A2000,n65,r12,v08,,90000,0.0040,314,9.9879334467943e+19,4,8.907682593562328e+17,0.008918444081564553,8.008304586062333e+17,310,9.898856620858678e+19,0.9910815559184355,8.636382616158863e+18,/rds/general/ephemeral/user/nny124/ephemeral/martian_moons_data/Ma_xp_A2000_n65_r12_v08_90000.hdf5,True,False,mapped,,no_spin,,1.2,0.8,physical_snapshot_filename,22:07:51 2023-04-10 BST,FullVolume,Untitled SWIFT simulation,3227695,Ma_xp_A2000_n65_r12_v08_90000
Ma_xp_A2000_n65_r12_v10_90000_fof_0.0040_0000.hdf5,Ma_xp_A2000_n65_r12_v10_90000.hdf5,A2000,n65,r12,v10,,90000,0.0040,274,9.989258976366952e+19,0,0.0,0.0,0.0,274,9.989258976366952e+19,1.0,1.06859672290339e+19,/rds/general/ephemeral/user/nny124/ephemeral/martian_moons_data/Ma_xp_A2000_n65_r12_v10_90000.hdf5,True,False,mapped,,no_spin,,1.2,1.0,physical_snapshot_filename,08:25:06 2023-04-13 BST,FullVolume,Untitled SWIFT simulation,3227695,Ma_xp_A2000_n65_r12_v10_90000
Ma_xp_A2000_n65_r12_v12_90000_fof_0.0040_0000.hdf5,Ma_xp_A2000_n65_r12_v12_90000.hdf5,A2000,n65,r12,v12,,90000,0.0040,225,9.989934129274384e+19,0,0.0,0.0,0.0,225,9.989934129274384e+19,1.0,1.0940264502431164e+19,/rds/general/ephemeral/user/nny124/ephemeral/martian_moons_data/Ma_xp_A2000_n65_r12_v12_90000.hdf5,True,False,mapped,,no_spin,,1.2,1.2,physical_snapshot_filename,19:48:31 2023-04-11 BST,FullVolume,Untitled SWIFT simulation,3227695,Ma_xp_A2000_n65_r12_v12_90000
Ma_xp_A2000_n65_r12_v14_90000_fof_0.0040_0000.hdf5,Ma_xp_A2000_n65_r12_v14_90000.hdf5,A2000,n65,r12,v14,,90000,0.0040,211,9.98869531656673e+19,0,0.0,0.0,0.0,211,9.98869531656673e+19,1.0,2.3438614685712937e+19,/rds/general/ephemeral/user/nny124/ephemeral/martian_moons_data/Ma_xp_A2000_n65_r12_v14_90000.hdf5,True,False,mapped,,no_spin,,1.2,1.4,physical_snapshot_filename,08:56:17 2023-04-14 BST,FullVolume,Untitled SWIFT simulation,3227695,Ma_xp_A2000_n65_r12_v14_90000
Ma_xp_A2000_n65_r12_v16_90000_fof_0.0040_0000.hdf5,Ma_xp_A2000_n65_r12_v16_90000.hdf5,A2000,n65,r12,v16,,90000,0.0040,165,9.990875626883205e+19,0,0.0,0.0,0.0,165,9.990875626883205e+19,1.0,2.1712855708059087e+19,/rds/general/ephemeral/user/nny124/ephemeral/martian_moons_data/Ma_xp_A2000_n65_r12_v16_90000.hdf5,True,False,mapped,,no_spin,,1.2,1.6,physical_snapshot_filename,17:17:59 2023-04-15 BST,FullVolume,Untitled SWIFT simulation,3227695,Ma_xp_A2000_n65_r12_v16_90000
Ma_xp_A2000_n65_r13_v00_90000_fof_0.0010_0000.hdf5,Ma_xp_A2000_n65_r13_v00_90000.hdf5,A2000,n65,r13,v00,,90000,0.0010,0,0.0,0,0.0,0.0,0.0,0,0.0,0.0,0.0,/rds/general/ephemeral/user/nny124/ephemeral/martian_moons_data/Ma_xp_A2000_n65_r13_v00_90000.hdf5,True,False,mapped,,no_spin,,1.3,0.0,physical_snapshot_filename,05:28:22 2023-04-10 BST,FullVolume,Untitled SWIFT simulation,3227695,Ma_xp_A2000_n65_r13_v00_90000
Ma_xp_A2000_n65_r13_v00_90000_fof_0.0020_0000.hdf5,Ma_xp_A2000_n65_r13_v00_90000.hdf5,A2000,n65,r13,v00,,90000,0.0020,6178,1.235951025210257e+19,1496,2.8933709012630467e+18,0.23410077278513794,1.517855239241515e+17,4682,9.466139350839521e+18,0.7658992272148619,3.58357538732067e+17,/rds/general/ephemeral/user/nny124/ephemeral/martian_moons_data/Ma_xp_A2000_n65_r13_v00_90000.hdf5,True,False,mapped,,no_spin,,1.3,0.0,physical_snapshot_filename,05:28:22 2023-04-10 BST,FullVolume,Untitled SWIFT simulation,3227695,Ma_xp_A2000_n65_r13_v00_90000
Ma_xp_A2000_n65_r13_v00_90000_fof_0.0030_0000.hdf5,Ma_xp_A2000_n65_r13_v00_90000.hdf5,A2000,n65,r13,v00,,90000,0.0030,354,9.98419532950584e+19,110,2.027196170685139e+19,0.20304051591361177,3.4376432533207654e+18,244,7.9569991588207e+19,0.7969594840863881,6.65954727801685e+18,/rds/general/ephemeral/user/nny124/ephemeral/martian_moons_data/Ma_xp_A2000_n65_r13_v00_90000.hdf5,True,False,mapped,,no_spin,,1.3,0.0,physical_snapshot_filename,05:28:22 2023-04-10 BST,FullVolume,Untitled SWIFT simulation,3227695,Ma_xp_A2000_n65_r13_v00_90000
Ma_xp_A2000_n65_r13_v00_90000_fof_0.0035_0000.hdf5,Ma_xp_A2000_n65_r13_v00_90000.hdf5,A2000,n65,r13,v00,,90000,0.0035,350,9.985901793975994e+19,109,2.0276452402825466e+19,0.20305078921422257,3.4376432533207654e+18,241,7.958256553693446e+19,0.7969492107857773,6.659640188968039e+18,/rds/general/ephemeral/user/nny124/ephemeral/martian_moons_data/Ma_xp_A2000_n65_r13_v00_90000.hdf5,True,False,mapped,,no_spin,,1.3,0.0,physical_snapshot_filename,05:28:22 2023-04-10 BST,FullVolume,Untitled SWIFT simulation,3227695,Ma_xp_A2000_n65_r13_v00_90000
Ma_xp_A2000_n65_r13_v00_90000_fof_0.0040_0000.hdf5,Ma_xp_A2000_n65_r13_v00_90000.hdf5,A2000,n65,r13,v00,,90000,0.0040,350,9.98671631331474e+19,109,2.0278744206288105e+19,0.20305717685453398,3.4377361642719534e+18,241,7.95884189268593e+19,0.7969428231454662,6.659702129602166e+18,/rds/general/ephemeral/user/nny124/ephemeral/martian_moons_data/Ma_xp_A2000_n65_r13_v00_90000.hdf5,True,False,mapped,,no_spin,,1.3,0.0,physical_snapshot_filename,05:28:22 2023-04-10 BST,FullVolume,Untitled SWIFT simulation,3227695,Ma_xp_A2000_n65_r13_v00_90000
Ma_xp_A2000_n65_r13_v00_90000_fof_0.0045_0000.hdf5,Ma_xp_A2000_n65_r13_v00_90000.hdf5,A2000,n65,r13,v00,,90000,0.0045,351,9.987276876053576e+19,109,2.0280509514360672e+19,0.20306345529467706,3.4377361642719534e+18,242,7.959225924617508e+19,0.7969365447053228,6.659702129602166e+18,/rds/general/ephemeral/user/nny124/ephemeral/martian_moons_data/Ma_xp_A2000_n65_r13_v00_90000.hdf5,True,False,mapped,,no_spin,,1.3,0.0,physical_snapshot_filename,05:28:22 2023-04-10 BST,FullVolume,Untitled SWIFT simulation,3227695,Ma_xp_A2000_n65_r13_v00_90000
Ma_xp_A2000_n65_r13_v00_90000_fof_0.0050_0000.hdf5,Ma_xp_A2000_n65_r13_v00_90000.hdf5,A2000,n65,r13,v00,,90000,0.0050,351,9.987614452509558e+19,109,2.0281066980067803e+19,0.2030621734199185,3.4377361642719534e+18,242,7.95950775450278e+19,0.7969378265800816,6.659702129602166e+18,/rds/general/ephemeral/user/nny124/ephemeral/martian_moons_data/Ma_xp_A2000_n65_r13_v00_90000.hdf5,True,False,mapped,,no_spin,,1.3,0.0,physical_snapshot_filename,05:28:22 2023-04-10 BST,FullVolume,Untitled SWIFT simulation,3227695,Ma_xp_A2000_n65_r13_v00_90000
Ma_xp_A2000_n65_r13_v00_90000_fof_0.0060_0000.hdf5,Ma_xp_A2000_n65_r13_v00_90000.hdf5,A2000,n65,r13,v00,,90000,0.0060,353,9.988370128245886e+19,110,2.028348266479869e+19,0.2030709956115812,3.4380768377596426e+18,243,7.96002186176602e+19,0.7969290043884191,6.659702129602166e+18,/rds/general/ephemeral/user/nny124/ephemeral/martian_moons_data/Ma_xp_A2000_n65_r13_v00_90000.hdf5,True,False,mapped,,no_spin,,1.3,0.0,physical_snapshot_filename,05:28:22 2023-04-10 BST,FullVolume,Untitled SWIFT simulation,3227695,Ma_xp_A2000_n65_r13_v00_90000
Ma_xp_A2000_n65_r13_v00_90000_fof_0.0080_0000.hdf5,Ma_xp_A2000_n65_r13_v00_90000.hdf5,A2000,n65,r13,v00,,90000,0.0080,353,9.988986437555434e+19,110,2.0284752447798264e+19,0.20307117818814932,3.4380768377596426e+18,243,7.960511192775608e+19,0.7969288218118507,6.659733099919229e+18,/rds/general/ephemeral/user/nny124/ephemeral/martian_moons_data/Ma_xp_A2000_n65_r13_v00_90000.hdf5,True,False,mapped,,no_spin,,1.3,0.0,physical_snapshot_filename,05:28:22 2023-04-10 BST,FullVolume,Untitled SWIFT simulation,3227695,Ma_xp_A2000_n65_r13_v00_90000
Ma_xp_A2000_n65_r14_v00_90000_fof_0.0010_0000.hdf5,Ma_xp_A2000_n65_r14_v00_90000.hdf5,A2000,n65,r14,v00,,90000,0.0010,0,0.0,0,0.0,0.0,0.0,0,0.0,0.0,0.0,/rds/general/ephemeral/user/nny124/ephemeral/martian_moons_data/Ma_xp_A2000_n65_r14_v00_90000.hdf5,True,False,mapped,,no_spin,,1.4,0.0,physical_snapshot_filename,12:55:03 2023-03-29 BST,FullVolume,Untitled SWIFT simulation,3227695,Ma_xp_A2000_n65_r14_v00_90000
Ma_xp_A2000_n65_r14_v00_90000_fof_0.0020_0000.hdf5,Ma_xp_A2000_n65_r14_v00_90000.hdf5,A2000,n65,r14,v00,,90000,0.0020,5849,1.208585653053645e+19,1443,2.700921351035611e+18,0.22347785977860904,5.224692488472764e+16,4406,9.384935179500837e+18,0.7765221402213908,4.580819596738193e+17,/rds/general/ephemeral/user/nny124/ephemeral/martian_moons_data/Ma_xp_A2000_n65_r14_v00_90000.hdf5,True,False,mapped,,no_spin,,1.4,0.0,physical_snapshot_filename,12:55:03 2023-03-29 BST,FullVolume,Untitled SWIFT simulation,3227695,Ma_xp_A2000_n65_r14_v00_90000
Ma_xp_A2000_n65_r14_v00_90000_fof_0.0030_0000.hdf5,Ma_xp_A2000_n65_r14_v00_90000.hdf5,A2000,n65,r14,v00,,90000,0.0030,294,9.985731457240174e+19,92,1.8335078077752519e+19,0.18361276944272956,2.720432650783778e+18,202,8.152223649464921e+19,0.8163872305572704,8.031594264549319e+18,/rds/general/ephemeral/user/nny124/ephemeral/martian_moons_data/Ma_xp_A2000_n65_r14_v00_90000.hdf5,True,False,mapped,,no_spin,,1.4,0.0,physical_snapshot_filename,12:55:03 2023-03-29 BST,FullVolume,Untitled SWIFT simulation,3227695,Ma_xp_A2000_n65_r14_v00_90000
Ma_xp_A2000_n65_r14_v00_90000_fof_0.0035_0000.hdf5,Ma_xp_A2000_n65_r14_v00_90000.hdf5,A2000,n65,r14,v00,,90000,0.0035,292,9.987066277905573e+19,91,1.8339166159604791e+19,0.18362916245160604,2.720773324271467e+18,201,8.153149661945096e+19,0.8163708375483941,8.031687175500508e+18,/rds/general/ephemeral/user/nny124/ephemeral/martian_moons_data/Ma_xp_A2000_n65_r14_v00_90000.hdf5,True,False,mapped,,no_spin,,1.4,0.0,physical_snapshot_filename,12:55:03 2023-03-29 BST,FullVolume,Untitled SWIFT simulation,3227695,Ma_xp_A2000_n65_r14_v00_90000
Ma_xp_A2000_n65_r14_v00_90000_fof_0.0040_0000.hdf5,Ma_xp_A2000_n65_r14_v00_90000.hdf5,A2000,n65,r14,v00,,90000,0.0040,291,9.987821953641905e+19,91,1.8341148259896801e+19,0.18363511429245077,2.721578552515096e+18,200,8.153707127652224e+19,0.8163648857075492,8.032027848988203e+18,/rds/general/ephemeral/user/nny124/ephemeral/martian_moons_data/Ma_xp_A2000_n65_r14_v00_90000.hdf5,True,False,mapped,,no_spin,,1.4,0.0,physical_snapshot_filename,12:55:03 2023-03-29 BST,FullVolume,Untitled SWIFT simulation,3227695,Ma_xp_A2000_n65_r14_v00_90000
Ma_xp_A2000_n65_r14_v00_90000_fof_0.0045_0000.hdf5,Ma_xp_A2000_n65_r14_v00_90000.hdf5,A2000,n65,r14,v00,,90000,0.0045,293,9.988370128253914e+19,91,1.8342789686701122e+19,0.18364146954081345,2.7217334041004093e+18,202,8.154091159583801e+19,0.8163585304591865,8.032027848988203e+18,/rds/general/ephemeral/user/nny124/ephemeral/martian_moons_data/Ma_xp_A2000_n65_r14_v00_90000.hdf5,True,False,mapped,,no_spin,,1.4,0.0,physical_snapshot_filename,12:55:03 2023-03-29 BST,FullVolume,Untitled SWIFT simulation,3227695,Ma_xp_A2000_n65_r14_v00_90000
Ma_xp_A2000_n65_r14_v00_90000_fof_0.0050_0000.hdf5,Ma_xp_A2000_n65_r14_v00_90000.hdf5,A2000,n65,r14,v00,,90000,0.0050,293,9.988726286900134e+19,91,1.8343625885261814e+19,0.18364329303245439,2.7218263150515973e+18,202,8.154363698373953e+19,0.8163567069675457,8.032182700573519e+18,/rds/general/ephemeral/user/nny124/ephemeral/martian_moons_data/Ma_xp_A2000_n65_r14_v00_90000.hdf5,True,False,mapped,,no_spin,,1.4,0.0,physical_snapshot_filename,12:55:03 2023-03-29 BST,FullVolume,Untitled SWIFT simulation,3227695,Ma_xp_A2000_n65_r14_v00_90000
Ma_xp_A2000_n65_r14_v00_90000_fof_0.0060_0000.hdf5,Ma_xp_A2000_n65_r14_v00_90000.hdf5,A2000,n65,r14,v00,,90000,0.0060,292,9.989014310848818e+19,91,1.8344678876041945e+19,0.18364853933704198,2.722043107271036e+18,201,8.154546423244625e+19,0.816351460662958,8.032182700573519e+18,/rds/general/ephemeral/user/nny124/ephemeral/martian_moons_data/Ma_xp_A2000_n65_r14_v00_90000.hdf5,True,False,mapped,,no_spin,,1.4,0.0,physical_snapshot_filename,12:55:03 2023-03-29 BST,FullVolume,Untitled SWIFT simulation,3227695,Ma_xp_A2000_n65_r14_v00_90000
Ma_xp_A2000_n65_r14_v00_90000_fof_0.0080_0000.hdf5,Ma_xp_A2000_n65_r14_v00_90000.hdf5,A2000,n65,r14,v00,,90000,0.0080,290,9.989602746873034e+19,90,1.8345886718407391e+19,0.1836498125428467,2.722290869807537e+18,200,8.155014075032294e+19,0.8163501874571533,8.032182700573519e+18,/rds/general/ephemeral/user/nny124/ephemeral/martian_moons_data/Ma_xp_A2000_n65_r14_v00_90000.hdf5,True,False,mapped,,no_spin,,1.4,0.0,physical_snapshot_filename,12:55:03 2023-03-29 BST,FullVolume,Untitled SWIFT simulation,3227695,Ma_xp_A2000_n65_r14_v00_90000
Ma_xp_A2000_n65_r14_v02_90000_fof_0.0040_0000.hdf5,Ma_xp_A2000_n65_r14_v02_90000.hdf5,A2000,n65,r14,v02,,90000,0.0040,322,9.987035307592067e+19,88,1.587572519980698e+19,0.1589633430827903,1.9516564703374676e+18,234,8.39946278761137e+19,0.8410366569172097,1.101285892562483e+19,/rds/general/ephemeral/user/nny124/ephemeral/martian_moons_data/Ma_xp_A2000_n65_r14_v02_90000.hdf5,True,False,mapped,,no_spin,,1.4,0.2,physical_snapshot_filename,13:52:26 2023-04-10 BST,FullVolume,Untitled SWIFT simulation,3227695,Ma_xp_A2000_n65_r14_v02_90000
Ma_xp_A2000_n65_r14_v04_90000_fof_0.0040_0000.hdf5,Ma_xp_A2000_n65_r14_v04_90000.hdf5,A2000,n65,r14,v04,,90000,0.0040,294,9.987998484453772e+19,67,1.118833674205635e+19,0.11201780576429694,2.5810971943188884e+18,227,8.869164810248138e+19,0.8879821942357031,8.124691037641202e+18,/rds/general/ephemeral/user/nny124/ephemeral/martian_moons_data/Ma_xp_A2000_n65_r14_v04_90000.hdf5,True,False,mapped,,no_spin,,1.4,0.4,physical_snapshot_filename,02:57:43 2023-04-11 BST,FullVolume,Untitled SWIFT simulation,3227695,Ma_xp_A2000_n65_r14_v04_90000
Ma_xp_A2000_n65_r14_v06_90000_fof_0.0040_0000.hdf5,Ma_xp_A2000_n65_r14_v06_90000.hdf5,A2000,n65,r14,v06,,90000,0.0040,273,9.987633034710393e+19,29,5.422035348793983e+18,0.054287490639179294,1.545140088573045e+18,244,9.445429499830996e+19,0.9457125093608209,1.3752740935478585e+19,/rds/general/ephemeral/user/nny124/ephemeral/martian_moons_data/Ma_xp_A2000_n65_r14_v06_90000.hdf5,True,False,mapped,,no_spin,,1.4,0.6,physical_snapshot_filename,12:20:47 2023-04-11 BST,FullVolume,Untitled SWIFT simulation,3227695,Ma_xp_A2000_n65_r14_v06_90000
Ma_xp_A2000_n65_r14_v08_90000_fof_0.0040_0000.hdf5,Ma_xp_A2000_n65_r14_v08_90000.hdf5,A2000,n65,r14,v08,,90000,0.0040,239,9.988456845135117e+19,0,0.0,0.0,0.0,239,9.988456845135117e+19,1.0,1.612181533914729e+19,/rds/general/ephemeral/user/nny124/ephemeral/martian_moons_data/Ma_xp_A2000_n65_r14_v08_90000.hdf5,True,False,mapped,,no_spin,,1.4,0.8,physical_snapshot_filename,19:17:45 2023-06-03 BST,FullVolume,Untitled SWIFT simulation,3227695,Ma_xp_A2000_n65_r14_v08_90000
Ma_xp_A2000_n65_r14_v10_90000_fof_0.0040_0000.hdf5,Ma_xp_A2000_n65_r14_v10_90000.hdf5,A2000,n65,r14,v10,,90000,0.0040,216,9.989426216050056e+19,0,0.0,0.0,0.0,216,9.989426216050056e+19,1.0,2.241495279585789e+19,/rds/general/ephemeral/user/nny124/ephemeral/martian_moons_data/Ma_xp_A2000_n65_r14_v10_90000.hdf5,True,False,mapped,,no_spin,,1.4,1.0,physical_snapshot_filename,13:06:57 2023-06-10 BST,FullVolume,Untitled SWIFT simulation,3227695,Ma_xp_A2000_n65_r14_v10_90000
Ma_xp_A2000_n65_r15_v00_90000_fof_0.0010_0000.hdf5,Ma_xp_A2000_n65_r15_v00_90000.hdf5,A2000,n65,r15,v00,,90000,0.0010,0,0.0,0,0.0,0.0,0.0,0,0.0,0.0,0.0,/rds/general/ephemeral/user/nny124/ephemeral/martian_moons_data/Ma_xp_A2000_n65_r15_v00_90000.hdf5,True,False,mapped,,no_spin,,1.5,0.0,physical_snapshot_filename,15:16:14 2023-04-11 BST,FullVolume,Untitled SWIFT simulation,3227695,Ma_xp_A2000_n65_r15_v00_90000
Ma_xp_A2000_n65_r15_v00_90000_fof_0.0020_0000.hdf5,Ma_xp_A2000_n65_r15_v00_90000.hdf5,A2000,n65,r15,v00,,90000,0.0020,4797,1.1073529776709026e+19,1185,2.3667826002464456e+18,0.2137333486224513,1.0644497974440363e+17,3612,8.70674717646258e+18,0.7862666513775487,5.197748312626301e+17,/rds/general/ephemeral/user/nny124/ephemeral/martian_moons_data/Ma_xp_A2000_n65_r15_v00_90000.hdf5,True,False,mapped,,no_spin,,1.5,0.0,physical_snapshot_filename,15:16:14 2023-04-11 BST,FullVolume,Untitled SWIFT simulation,3227695,Ma_xp_A2000_n65_r15_v00_90000
Ma_xp_A2000_n65_r15_v00_90000_fof_0.0030_0000.hdf5,Ma_xp_A2000_n65_r15_v00_90000.hdf5,A2000,n65,r15,v00,,90000,0.0030,294,9.98544653031817e+19,72,1.6012397209004098e+19,0.16035734766979806,2.6865201536001695e+18,222,8.384206809417759e+19,0.8396426523302017,1.5365798929343293e+19,/rds/general/ephemeral/user/nny124/ephemeral/martian_moons_data/Ma_xp_A2000_n65_r15_v00_90000.hdf5,True,False,mapped,,no_spin,,1.5,0.0,physical_snapshot_filename,15:16:14 2023-04-11 BST,FullVolume,Untitled SWIFT simulation,3227695,Ma_xp_A2000_n65_r15_v00_90000
Ma_xp_A2000_n65_r15_v00_90000_fof_0.0035_0000.hdf5,Ma_xp_A2000_n65_r15_v00_90000.hdf5,A2000,n65,r15,v00,,90000,0.0035,295,9.986886650061583e+19,72,1.6015091626588547e+19,0.16036120352372069,2.686551123917232e+18,223,8.38537748740273e+19,0.8396387964762794,1.5365829899660356e+19,/rds/general/ephemeral/user/nny124/ephemeral/martian_moons_data/Ma_xp_A2000_n65_r15_v00_90000.hdf5,True,False,mapped,,no_spin,,1.5,0.0,physical_snapshot_filename,15:16:14 2023-04-11 BST,FullVolume,Untitled SWIFT simulation,3227695,Ma_xp_A2000_n65_r15_v00_90000
Ma_xp_A2000_n65_r15_v00_90000_fof_0.0040_0000.hdf5,Ma_xp_A2000_n65_r15_v00_90000.hdf5,A2000,n65,r15,v00,,90000,0.0040,293,9.987533929688215e+19,72,1.6016547231490494e+19,0.16036538493131797,2.6867059755025454e+18,221,8.385879206539162e+19,0.8396346150686818,1.5365829899660356e+19,/rds/general/ephemeral/user/nny124/ephemeral/martian_moons_data/Ma_xp_A2000_n65_r15_v00_90000.hdf5,True,False,mapped,,no_spin,,1.5,0.0,physical_snapshot_filename,15:16:14 2023-04-11 BST,FullVolume,Untitled SWIFT simulation,3227695,Ma_xp_A2000_n65_r15_v00_90000
Ma_xp_A2000_n65_r15_v00_90000_fof_0.0045_0000.hdf5,Ma_xp_A2000_n65_r15_v00_90000.hdf5,A2000,n65,r15,v00,,90000,0.0045,292,9.988054231014865e+19,72,1.6017724103538876e+19,0.16036881391573451,2.686829856770796e+18,220,8.38628182066098e+19,0.8396311860842658,1.5365829899660356e+19,/rds/general/ephemeral/user/nny124/ephemeral/martian_moons_data/Ma_xp_A2000_n65_r15_v00_90000.hdf5,True,False,mapped,,no_spin,,1.5,0.0,physical_snapshot_filename,15:16:14 2023-04-11 BST,FullVolume,Untitled SWIFT simulation,3227695,Ma_xp_A2000_n65_r15_v00_90000
Ma_xp_A2000_n65_r15_v00_90000_fof_0.0050_0000.hdf5,Ma_xp_A2000_n65_r15_v00_90000.hdf5,A2000,n65,r15,v00,,90000,0.0050,291,9.988376322312321e+19,72,1.601837448019719e+19,0.16037015389993753,2.686922767721984e+18,219,8.386538874292601e+19,0.8396298461000623,1.5365922810611542e+19,/rds/general/ephemeral/user/nny124/ephemeral/martian_moons_data/Ma_xp_A2000_n65_r15_v00_90000.hdf5,True,False,mapped,,no_spin,,1.5,0.0,physical_snapshot_filename,15:16:14 2023-04-11 BST,FullVolume,Untitled SWIFT simulation,3227695,Ma_xp_A2000_n65_r15_v00_90000
Ma_xp_A2000_n65_r15_v00_90000_fof_0.0060_0000.hdf5,Ma_xp_A2000_n65_r15_v00_90000.hdf5,A2000,n65,r15,v00,,90000,0.0060,290,9.989008116780399e+19,73,1.6020170758586827e+19,0.1603779932030965,2.6869537380390467e+18,217,8.386991040921715e+19,0.8396220067969034,1.5365922810611542e+19,/rds/general/ephemeral/user/nny124/ephemeral/martian_moons_data/Ma_xp_A2000_n65_r15_v00_90000.hdf5,True,False,mapped,,no_spin,,1.5,0.0,physical_snapshot_filename,15:16:14 2023-04-11 BST,FullVolume,Untitled SWIFT simulation,3227695,Ma_xp_A2000_n65_r15_v00_90000
Ma_xp_A2000_n65_r15_v00_90000_fof_0.0080_0000.hdf5,Ma_xp_A2000_n65_r15_v00_90000.hdf5,A2000,n65,r15,v00,,90000,0.0080,289,9.989491253726572e+19,73,1.6021223749366956e+19,0.16038077758354563,2.6870466489902346e+18,216,8.387368878789876e+19,0.8396192224164544,1.5365922810611542e+19,/rds/general/ephemeral/user/nny124/ephemeral/martian_moons_data/Ma_xp_A2000_n65_r15_v00_90000.hdf5,True,False,mapped,,no_spin,,1.5,0.0,physical_snapshot_filename,15:16:14 2023-04-11 BST,FullVolume,Untitled SWIFT simulation,3227695,Ma_xp_A2000_n65_r15_v00_90000
Ma_xp_A2000_n65_r16_v00_90000_fof_0.0010_0000.hdf5,Ma_xp_A2000_n65_r16_v00_90000.hdf5,A2000,n65,r16,v00,,90000,0.0010,0,0.0,0,0.0,0.0,0.0,0,0.0,0.0,0.0,/rds/general/ephemeral/user/nny124/ephemeral/martian_moons_data/Ma_xp_A2000_n65_r16_v00_90000.hdf5,True,False,mapped,,no_spin,,1.6,0.0,physical_snapshot_filename,03:15:50 2023-04-30 BST,FullVolume,Untitled SWIFT simulation,3227695,Ma_xp_A2000_n65_r16_v00_90000
Ma_xp_A2000_n65_r16_v00_90000_fof_0.0020_0000.hdf5,Ma_xp_A2000_n65_r16_v00_90000.hdf5,A2000,n65,r16,v00,,90000,0.0020,6319,1.226344032857396e+19,1541,2.54845448013603e+18,0.20780909857718322,2.3422850794494176e+17,4778,9.71498584843793e+18,0.7921909014228168,4.7136822569369875e+17,/rds/general/ephemeral/user/nny124/ephemeral/martian_moons_data/Ma_xp_A2000_n65_r16_v00_90000.hdf5,True,False,mapped,,no_spin,,1.6,0.0,physical_snapshot_filename,03:15:50 2023-04-30 BST,FullVolume,Untitled SWIFT simulation,3227695,Ma_xp_A2000_n65_r16_v00_90000
Ma_xp_A2000_n65_r16_v00_90000_fof_0.0030_0000.hdf5,Ma_xp_A2000_n65_r16_v00_90000.hdf5,A2000,n65,r16,v00,,90000,0.0030,263,9.985025333990946e+19,56,1.41716454440677e+19,0.14192898836044707,2.883274577899223e+18,207,8.567860789584173e+19,0.8580710116395527,2.39821127798365e+19,/rds/general/ephemeral/user/nny124/ephemeral/martian_moons_data/Ma_xp_A2000_n65_r16_v00_90000.hdf5,True,False,mapped,,no_spin,,1.6,0.0,physical_snapshot_filename,03:15:50 2023-04-30 BST,FullVolume,Untitled SWIFT simulation,3227695,Ma_xp_A2000_n65_r16_v00_90000
Ma_xp_A2000_n65_r16_v00_90000_fof_0.0035_0000.hdf5,Ma_xp_A2000_n65_r16_v00_90000.hdf5,A2000,n65,r16,v00,,90000,0.0035,261,9.986601723129437e+19,55,1.4174401802286277e+19,0.14193418537416685,2.8833984591674737e+18,206,8.569161542900806e+19,0.8580658146258329,2.398220569078769e+19,/rds/general/ephemeral/user/nny124/ephemeral/martian_moons_data/Ma_xp_A2000_n65_r16_v00_90000.hdf5,True,False,mapped,,no_spin,,1.6,0.0,physical_snapshot_filename,03:15:50 2023-04-30 BST,FullVolume,Untitled SWIFT simulation,3227695,Ma_xp_A2000_n65_r16_v00_90000
Ma_xp_A2000_n65_r16_v00_90000_fof_0.0040_0000.hdf5,Ma_xp_A2000_n65_r16_v00_90000.hdf5,A2000,n65,r16,v00,,90000,0.0040,265,9.9878684090973e+19,56,1.4176879427651293e+19,0.14194099128036666,2.8833984591674737e+18,209,8.570180466332169e+19,0.8580590087196333,2.398239151269006e+19,/rds/general/ephemeral/user/nny124/ephemeral/martian_moons_data/Ma_xp_A2000_n65_r16_v00_90000.hdf5,True,False,mapped,,no_spin,,1.6,0.0,physical_snapshot_filename,03:15:50 2023-04-30 BST,FullVolume,Untitled SWIFT simulation,3227695,Ma_xp_A2000_n65_r16_v00_90000
Ma_xp_A2000_n65_r16_v00_90000_fof_0.0045_0000.hdf5,Ma_xp_A2000_n65_r16_v00_90000.hdf5,A2000,n65,r16,v00,,90000,0.0045,266,9.988500203565377e+19,56,1.4177622715260797e+19,0.14193945463604357,2.8833984591674737e+18,210,8.570737932039297e+19,0.8580605453639565,2.3982422483007123e+19,/rds/general/ephemeral/user/nny124/ephemeral/martian_moons_data/Ma_xp_A2000_n65_r16_v00_90000.hdf5,True,False,mapped,,no_spin,,1.6,0.0,physical_snapshot_filename,03:15:50 2023-04-30 BST,FullVolume,Untitled SWIFT simulation,3227695,Ma_xp_A2000_n65_r16_v00_90000
Ma_xp_A2000_n65_r16_v00_90000_fof_0.0050_0000.hdf5,Ma_xp_A2000_n65_r16_v00_90000.hdf5,A2000,n65,r16,v00,,90000,0.0050,267,9.988809906736005e+19,56,1.417802532938261e+19,0.14193908445310974,2.8833984591674737e+18,211,8.571007373797743e+19,0.8580609155468901,2.3982453453324186e+19,/rds/general/ephemeral/user/nny124/ephemeral/martian_moons_data/Ma_xp_A2000_n65_r16_v00_90000.hdf5,True,False,mapped,,no_spin,,1.6,0.0,physical_snapshot_filename,03:15:50 2023-04-30 BST,FullVolume,Untitled SWIFT simulation,3227695,Ma_xp_A2000_n65_r16_v00_90000
Ma_xp_A2000_n65_r16_v00_90000_fof_0.0060_0000.hdf5,Ma_xp_A2000_n65_r16_v00_90000.hdf5,A2000,n65,r16,v00,,90000,0.0060,265,9.989333305094364e+19,56,1.4178675706040928e+19,0.14193815816326885,2.8833984591674737e+18,209,8.571465734490271e+19,0.8580618418367312,2.3982453453324186e+19,/rds/general/ephemeral/user/nny124/ephemeral/martian_moons_data/Ma_xp_A2000_n65_r16_v00_90000.hdf5,True,False,mapped,,no_spin,,1.6,0.0,physical_snapshot_filename,03:15:50 2023-04-30 BST,FullVolume,Untitled SWIFT simulation,3227695,Ma_xp_A2000_n65_r16_v00_90000
Ma_xp_A2000_n65_r16_v00_90000_fof_0.0080_0000.hdf5,Ma_xp_A2000_n65_r16_v00_90000.hdf5,A2000,n65,r16,v00,,90000,0.0080,258,9.990154018496527e+19,55,1.4179604815552805e+19,0.14193579787958838,2.8833984591674737e+18,203,8.572193536941244e+19,0.8580642021204115,2.398251539395831e+19,/rds/general/ephemeral/user/nny124/ephemeral/martian_moons_data/Ma_xp_A2000_n65_r16_v00_90000.hdf5,True,False,mapped,,no_spin,,1.6,0.0,physical_snapshot_filename,03:15:50 2023-04-30 BST,FullVolume,Untitled SWIFT simulation,3227695,Ma_xp_A2000_n65_r16_v00_90000
Ma_xp_A2000_n65_r16_v02_90000_fof_0.0040_0000.hdf5,Ma_xp_A2000_n65_r16_v02_90000.hdf5,A2000,n65,r16,v02,,90000,0.0040,253,9.988240052900348e+19,42,1.3190381918254498e+19,0.13205912000907832,2.9722832691372964e+18,211,8.669201861074896e+19,0.8679408799909215,2.548884967522687e+19,/rds/general/ephemeral/user/nny124/ephemeral/martian_moons_data/Ma_xp_A2000_n65_r16_v02_90000.hdf5,True,False,mapped,,no_spin,,1.6,0.2,physical_snapshot_filename,07:13:33 2023-04-13 BST,FullVolume,Untitled SWIFT simulation,3227695,Ma_xp_A2000_n65_r16_v02_90000
Ma_xp_A2000_n65_r16_v04_90000_fof_0.0040_0000.hdf5,Ma_xp_A2000_n65_r16_v04_90000.hdf5,A2000,n65,r16,v04,,90000,0.0040,209,9.988320575722503e+19,23,7.171889233150896e+18,0.07180275381411774,3.1905930341119585e+18,186,9.271131652407414e+19,0.9281972461858824,2.8642588031982055e+19,/rds/general/ephemeral/user/nny124/ephemeral/martian_moons_data/Ma_xp_A2000_n65_r16_v04_90000.hdf5,True,False,mapped,,no_spin,,1.6,0.4,physical_snapshot_filename,03:02:43 2023-04-14 BST,FullVolume,Untitled SWIFT simulation,3227695,Ma_xp_A2000_n65_r16_v04_90000
Ma_xp_A2000_n65_r16_v06_90000_fof_0.0040_0000.hdf5,Ma_xp_A2000_n65_r16_v06_90000.hdf5,A2000,n65,r16,v06,,90000,0.0040,191,9.988927593926489e+19,0,0.0,0.0,0.0,191,9.988927593926489e+19,1.0,3.2079054413197554e+19,/rds/general/ephemeral/user/nny124/ephemeral/martian_moons_data/Ma_xp_A2000_n65_r16_v06_90000.hdf5,True,False,mapped,,no_spin,,1.6,0.6,physical_snapshot_filename,04:33:04 2023-04-17 BST,FullVolume,Untitled SWIFT simulation,3227695,Ma_xp_A2000_n65_r16_v06_90000
Ma_xp_A2000_n65_r16_v08_90000_fof_0.0040_0000.hdf5,Ma_xp_A2000_n65_r16_v08_90000.hdf5,A2000,n65,r16,v08,,90000,0.0040,152,9.989413827884818e+19,0,0.0,0.0,0.0,152,9.989413827884818e+19,1.0,3.876399735106134e+19,/rds/general/ephemeral/user/nny124/ephemeral/martian_moons_data/Ma_xp_A2000_n65_r16_v08_90000.hdf5,True,False,mapped,,no_spin,,1.6,0.8,physical_snapshot_filename,04:03:31 2023-06-11 BST,FullVolume,Untitled SWIFT simulation,3227695,Ma_xp_A2000_n65_r16_v08_90000
Ma_xp_A2000_n65_r16_v10_90000_fof_0.0040_0000.hdf5,Ma_xp_A2000_n65_r16_v10_90000.hdf5,A2000,n65,r16,v10,,90000,0.0040,232,9.944596682037058e+19,0,0.0,0.0,0.0,232,9.944596682037058e+19,1.0,5.663157849245583e+19,/rds/general/ephemeral/user/nny124/ephemeral/martian_moons_data/Ma_xp_A2000_n65_r16_v10_90000.hdf5,True,False,mapped,,no_spin,,1.6,1.0,physical_snapshot_filename,20:10:30 2023-06-15 BST,FullVolume,Untitled SWIFT simulation,3227695,Ma_xp_A2000_n65_r16_v10_90000
Ma_xp_A2000_n65_r17_v00_90000_fof_0.0010_0000.hdf5,Ma_xp_A2000_n65_r17_v00_90000.hdf5,A2000,n65,r17,v00,,90000,0.0010,0,0.0,0,0.0,0.0,0.0,0,0.0,0.0,0.0,/rds/general/ephemeral/user/nny124/ephemeral/martian_moons_data/Ma_xp_A2000_n65_r17_v00_90000.hdf5,True,False,mapped,,no_spin,,1.7,0.0,physical_snapshot_filename,14:23:36 2023-04-17 BST,FullVolume,Untitled SWIFT simulation,3227695,Ma_xp_A2000_n65_r17_v00_90000
Ma_xp_A2000_n65_r17_v00_90000_fof_0.0020_0000.hdf5,Ma_xp_A2000_n65_r17_v00_90000.hdf5,A2000,n65,r17,v00,,90000,0.0020,4140,9.501538423241802e+18,377,1.0271305653833692e+18,0.10810150100228985,4.226828872712035e+17,3763,8.474407857858432e+18,0.8918984989977101,5.884050538734758e+17,/rds/general/ephemeral/user/nny124/ephemeral/martian_moons_data/Ma_xp_A2000_n65_r17_v00_90000.hdf5,True,False,mapped,,no_spin,,1.7,0.0,physical_snapshot_filename,14:23:36 2023-04-17 BST,FullVolume,Untitled SWIFT simulation,3227695,Ma_xp_A2000_n65_r17_v00_90000
Ma_xp_A2000_n65_r17_v00_90000_fof_0.0030_0000.hdf5,Ma_xp_A2000_n65_r17_v00_90000.hdf5,A2000,n65,r17,v00,,90000,0.0030,190,9.986911426271606e+19,22,8.92580022905097e+18,0.08937498139385444,5.080154018746471e+18,168,9.09433140336651e+19,0.9106250186061456,4.203520612043324e+19,/rds/general/ephemeral/user/nny124/ephemeral/martian_moons_data/Ma_xp_A2000_n65_r17_v00_90000.hdf5,True,False,mapped,,no_spin,,1.7,0.0,physical_snapshot_filename,14:23:36 2023-04-17 BST,FullVolume,Untitled SWIFT simulation,3227695,Ma_xp_A2000_n65_r17_v00_90000
Ma_xp_A2000_n65_r17_v00_90000_fof_0.0035_0000.hdf5,Ma_xp_A2000_n65_r17_v00_90000.hdf5,A2000,n65,r17,v00,,90000,0.0035,189,9.988196694429707e+19,22,8.926295754123974e+18,0.08936844184398228,5.080154018746471e+18,167,9.095567119017309e+19,0.9106315581560176,4.203582552677448e+19,/rds/general/ephemeral/user/nny124/ephemeral/martian_moons_data/Ma_xp_A2000_n65_r17_v00_90000.hdf5,True,False,mapped,,no_spin,,1.7,0.0,physical_snapshot_filename,14:23:36 2023-04-17 BST,FullVolume,Untitled SWIFT simulation,3227695,Ma_xp_A2000_n65_r17_v00_90000
Ma_xp_A2000_n65_r17_v00_90000_fof_0.0040_0000.hdf5,Ma_xp_A2000_n65_r17_v00_90000.hdf5,A2000,n65,r17,v00,,90000,0.0040,187,9.988865653278261e+19,23,8.927224863635854e+18,0.08937175825070802,5.080154018746471e+18,164,9.096143166914676e+19,0.910628241749292,4.203622814089629e+19,/rds/general/ephemeral/user/nny124/ephemeral/martian_moons_data/Ma_xp_A2000_n65_r17_v00_90000.hdf5,True,False,mapped,,no_spin,,1.7,0.0,physical_snapshot_filename,14:23:36 2023-04-17 BST,FullVolume,Untitled SWIFT simulation,3227695,Ma_xp_A2000_n65_r17_v00_90000
Ma_xp_A2000_n65_r17_v00_90000_fof_0.0045_0000.hdf5,Ma_xp_A2000_n65_r17_v00_90000.hdf5,A2000,n65,r17,v00,,90000,0.0045,185,9.989246588178134e+19,23,8.927534566806481e+18,0.08937145046926616,5.080215959380598e+18,162,9.096493131497487e+19,0.9106285495307339,4.203641396279866e+19,/rds/general/ephemeral/user/nny124/ephemeral/martian_moons_data/Ma_xp_A2000_n65_r17_v00_90000.hdf5,True,False,mapped,,no_spin,,1.7,0.0,physical_snapshot_filename,14:23:36 2023-04-17 BST,FullVolume,Untitled SWIFT simulation,3227695,Ma_xp_A2000_n65_r17_v00_90000
Ma_xp_A2000_n65_r17_v00_90000_fof_0.0050_0000.hdf5,Ma_xp_A2000_n65_r17_v00_90000.hdf5,A2000,n65,r17,v00,,90000,0.0050,186,9.989646105268242e+19,24,8.928587557586612e+18,0.08937841704800674,5.080215959380598e+18,162,9.09678734950958e+19,0.9106215829519932,4.2036599784701034e+19,/rds/general/ephemeral/user/nny124/ephemeral/martian_moons_data/Ma_xp_A2000_n65_r17_v00_90000.hdf5,True,False,mapped,,no_spin,,1.7,0.0,physical_snapshot_filename,14:23:36 2023-04-17 BST,FullVolume,Untitled SWIFT simulation,3227695,Ma_xp_A2000_n65_r17_v00_90000
Ma_xp_A2000_n65_r17_v00_90000_fof_0.0060_0000.hdf5,Ma_xp_A2000_n65_r17_v00_90000.hdf5,A2000,n65,r17,v00,,90000,0.0060,186,9.989983681724226e+19,24,8.929083082659616e+18,0.08938035703696462,5.080308870331787e+18,162,9.097075373458263e+19,0.9106196429630353,4.203666172533516e+19,/rds/general/ephemeral/user/nny124/ephemeral/martian_moons_data/Ma_xp_A2000_n65_r17_v00_90000.hdf5,True,False,mapped,,no_spin,,1.7,0.0,physical_snapshot_filename,14:23:36 2023-04-17 BST,FullVolume,Untitled SWIFT simulation,3227695,Ma_xp_A2000_n65_r17_v00_90000
Ma_xp_A2000_n65_r17_v00_90000_fof_0.0080_0000.hdf5,Ma_xp_A2000_n65_r17_v00_90000.hdf5,A2000,n65,r17,v00,,90000,0.0080,185,9.990479206797228e+19,24,8.929299874879055e+18,0.08937809378356767,5.080308870331787e+18,161,9.09754921930932e+19,0.9106219062164321,4.2036754636286345e+19,/rds/general/ephemeral/user/nny124/ephemeral/martian_moons_data/Ma_xp_A2000_n65_r17_v00_90000.hdf5,True,False,mapped,,no_spin,,1.7,0.0,physical_snapshot_filename,14:23:36 2023-04-17 BST,FullVolume,Untitled SWIFT simulation,3227695,Ma_xp_A2000_n65_r17_v00_90000
Ma_xp_A2000_n65_r18_v00_90000_fof_0.0010_0000.hdf5,Ma_xp_A2000_n65_r18_v00_90000.hdf5,A2000,n65,r18,v00,,90000,0.0010,0,0.0,0,0.0,0.0,0.0,0,0.0,0.0,0.0,/rds/general/ephemeral/user/nny124/ephemeral/martian_moons_data/Ma_xp_A2000_n65_r18_v00_90000.hdf5,True,False,mapped,,no_spin,,1.8,0.0,physical_snapshot_filename,05:44:10 2023-04-09 BST,FullVolume,Untitled SWIFT simulation,3227695,Ma_xp_A2000_n65_r18_v00_90000
Ma_xp_A2000_n65_r18_v00_90000_fof_0.0020_0000.hdf5,Ma_xp_A2000_n65_r18_v00_90000.hdf5,A2000,n65,r18,v00,,90000,0.0020,3714,6.648800577965236e+18,0,0.0,0.0,0.0,3714,6.648800577965236e+18,1.0,6.462576061465172e+17,/rds/general/ephemeral/user/nny124/ephemeral/martian_moons_data/Ma_xp_A2000_n65_r18_v00_90000.hdf5,True,False,mapped,,no_spin,,1.8,0.0,physical_snapshot_filename,05:44:10 2023-04-09 BST,FullVolume,Untitled SWIFT simulation,3227695,Ma_xp_A2000_n65_r18_v00_90000
Ma_xp_A2000_n65_r18_v00_90000_fof_0.0030_0000.hdf5,Ma_xp_A2000_n65_r18_v00_90000.hdf5,A2000,n65,r18,v00,,90000,0.0030,114,9.984854997171518e+19,0,0.0,0.0,0.0,114,9.984854997171518e+19,1.0,6.94691155882022e+19,/rds/general/ephemeral/user/nny124/ephemeral/martian_moons_data/Ma_xp_A2000_n65_r18_v00_90000.hdf5,True,False,mapped,,no_spin,,1.8,0.0,physical_snapshot_filename,05:44:10 2023-04-09 BST,FullVolume,Untitled SWIFT simulation,3227695,Ma_xp_A2000_n65_r18_v00_90000
Ma_xp_A2000_n65_r18_v00_90000_fof_0.0035_0000.hdf5,Ma_xp_A2000_n65_r18_v00_90000.hdf5,A2000,n65,r18,v00,,90000,0.0035,115,9.986338475358808e+19,0,0.0,0.0,0.0,115,9.986338475358808e+19,1.0,6.947661040493124e+19,/rds/general/ephemeral/user/nny124/ephemeral/martian_moons_data/Ma_xp_A2000_n65_r18_v00_90000.hdf5,True,False,mapped,,no_spin,,1.8,0.0,physical_snapshot_filename,05:44:10 2023-04-09 BST,FullVolume,Untitled SWIFT simulation,3227695,Ma_xp_A2000_n65_r18_v00_90000
Ma_xp_A2000_n65_r18_v00_90000_fof_0.0040_0000.hdf5,Ma_xp_A2000_n65_r18_v00_90000.hdf5,A2000,n65,r18,v00,,90000,0.0040,117,9.987602064294953e+19,0,0.0,0.0,0.0,117,9.987602064294953e+19,1.0,6.948385745912378e+19,/rds/general/ephemeral/user/nny124/ephemeral/martian_moons_data/Ma_xp_A2000_n65_r18_v00_90000.hdf5,True,False,mapped,,no_spin,,1.8,0.0,physical_snapshot_filename,05:44:10 2023-04-09 BST,FullVolume,Untitled SWIFT simulation,3227695,Ma_xp_A2000_n65_r18_v00_90000
Ma_xp_A2000_n65_r18_v00_90000_fof_0.0045_0000.hdf5,Ma_xp_A2000_n65_r18_v00_90000.hdf5,A2000,n65,r18,v00,,90000,0.0045,115,9.988323672682503e+19,0,0.0,0.0,0.0,115,9.988323672682503e+19,1.0,6.948862688795135e+19,/rds/general/ephemeral/user/nny124/ephemeral/martian_moons_data/Ma_xp_A2000_n65_r18_v00_90000.hdf5,True,False,mapped,,no_spin,,1.8,0.0,physical_snapshot_filename,05:44:10 2023-04-09 BST,FullVolume,Untitled SWIFT simulation,3227695,Ma_xp_A2000_n65_r18_v00_90000
Ma_xp_A2000_n65_r18_v00_90000_fof_0.0050_0000.hdf5,Ma_xp_A2000_n65_r18_v00_90000.hdf5,A2000,n65,r18,v00,,90000,0.0050,116,9.988967855277397e+19,0,0.0,0.0,0.0,116,9.988967855277397e+19,1.0,6.9493860871534854e+19,/rds/general/ephemeral/user/nny124/ephemeral/martian_moons_data/Ma_xp_A2000_n65_r18_v00_90000.hdf5,True,False,mapped,,no_spin,,1.8,0.0,physical_snapshot_filename,05:44:10 2023-04-09 BST,FullVolume,Untitled SWIFT simulation,3227695,Ma_xp_A2000_n65_r18_v00_90000
Ma_xp_A2000_n65_r18_v00_90000_fof_0.0060_0000.hdf5,Ma_xp_A2000_n65_r18_v00_90000.hdf5,A2000,n65,r18,v00,,90000,0.0060,114,9.989875285567324e+19,0,0.0,0.0,0.0,114,9.989875285567324e+19,1.0,6.949959038019135e+19,/rds/general/ephemeral/user/nny124/ephemeral/martian_moons_data/Ma_xp_A2000_n65_r18_v00_90000.hdf5,True,False,mapped,,no_spin,,1.8,0.0,physical_snapshot_filename,05:44:10 2023-04-09 BST,FullVolume,Untitled SWIFT simulation,3227695,Ma_xp_A2000_n65_r18_v00_90000
Ma_xp_A2000_n65_r18_v00_90000_fof_0.0080_0000.hdf5,Ma_xp_A2000_n65_r18_v00_90000.hdf5,A2000,n65,r18,v00,,90000,0.0080,110,9.990931373379153e+19,0,0.0,0.0,0.0,110,9.990931373379153e+19,1.0,6.9506156087408525e+19,/rds/general/ephemeral/user/nny124/ephemeral/martian_moons_data/Ma_xp_A2000_n65_r18_v00_90000.hdf5,True,False,mapped,,no_spin,,1.8,0.0,physical_snapshot_filename,05:44:10 2023-04-09 BST,FullVolume,Untitled SWIFT simulation,3227695,Ma_xp_A2000_n65_r18_v00_90000
Ma_xp_A2000_n65_r18_v02_90000_fof_0.0040_0000.hdf5,Ma_xp_A2000_n65_r18_v02_90000.hdf5,A2000,n65,r18,v02,,90000,0.0040,97,9.988116171551374e+19,0,0.0,0.0,0.0,97,9.988116171551374e+19,1.0,7.2068980794618e+19,/rds/general/ephemeral/user/nny124/ephemeral/martian_moons_data/Ma_xp_A2000_n65_r18_v02_90000.hdf5,True,False,mapped,,no_spin,,1.8,0.2,physical_snapshot_filename,01:06:47 2023-04-21 BST,FullVolume,Untitled SWIFT simulation,3227695,Ma_xp_A2000_n65_r18_v02_90000
Ma_xp_A2000_n65_r18_v04_90000_fof_0.0040_0000.hdf5,Ma_xp_A2000_n65_r18_v04_90000.hdf5,A2000,n65,r18,v04,,90000,0.0040,85,9.99283295083374e+19,0,0.0,0.0,0.0,85,9.99283295083374e+19,1.0,7.47499262911025e+19,/rds/general/ephemeral/user/nny124/ephemeral/martian_moons_data/Ma_xp_A2000_n65_r18_v04_90000.hdf5,True,False,mapped,,no_spin,,1.8,0.4,physical_snapshot_filename,05:46:27 2023-04-23 BST,FullVolume,Untitled SWIFT simulation,3227695,Ma_xp_A2000_n65_r18_v04_90000
Ma_xp_A2000_n65_r18_v06_90000_fof_0.0040_0000.hdf5,Ma_xp_A2000_n65_r18_v06_90000.hdf5,A2000,n65,r18,v06,,90000,0.0040,111,9.984882870426778e+19,0,0.0,0.0,0.0,111,9.984882870426778e+19,1.0,8.128376505202008e+19,/rds/general/ephemeral/user/nny124/ephemeral/martian_moons_data/Ma_xp_A2000_n65_r18_v06_90000.hdf5,True,False,mapped,,no_spin,,1.8,0.6,physical_snapshot_filename,23:52:35 2023-04-23 BST,FullVolume,Untitled SWIFT simulation,3227695,Ma_xp_A2000_n65_r18_v06_90000
Ma_xp_A2000_n65_r18_v08_90000_fof_0.0040_0000.hdf5,Ma_xp_A2000_n65_r18_v08_90000.hdf5,A2000,n65,r18,v08,,90000,0.0040,107,9.950716416638435e+19,0,0.0,0.0,0.0,107,9.950716416638435e+19,1.0,8.255992793688279e+19,/rds/general/ephemeral/user/nny124/ephemeral/martian_moons_data/Ma_xp_A2000_n65_r18_v08_90000.hdf5,True,False,mapped,,no_spin,,1.8,0.8,physical_snapshot_filename,14:53:06 2023-06-21 BST,FullVolume,Untitled SWIFT simulation,3227695,Ma_xp_A2000_n65_r18_v08_90000
Ma_xp_A2000_n65_r18_v10_90000_fof_0.0040_0000.hdf5,Ma_xp_A2000_n65_r18_v10_90000.hdf5,A2000,n65,r18,v10,,90000,0.0040,8,9.99000226383038e+19,0,0.0,0.0,0.0,8,9.99000226383038e+19,1.0,8.066810611914172e+19,/rds/general/ephemeral/user/nny124/ephemeral/martian_moons_data/Ma_xp_A2000_n65_r18_v10_90000.hdf5,True,False,mapped,,no_spin,,1.8,1.0,physical_snapshot_filename,11:46:10 2023-06-25 BST,FullVolume,Untitled SWIFT simulation,3227695,Ma_xp_A2000_n65_r18_v10_90000
Ma_xp_A2000_n65_r19_v00_90000_fof_0.0010_0000.hdf5,Ma_xp_A2000_n65_r19_v00_90000.hdf5,A2000,n65,r19,v00,,90000,0.0010,0,0.0,0,0.0,0.0,0.0,0,0.0,0.0,0.0,/rds/general/ephemeral/user/nny124/ephemeral/martian_moons_data/Ma_xp_A2000_n65_r19_v00_90000.hdf5,True,False,mapped,,no_spin,,1.9,0.0,physical_snapshot_filename,08:27:32 2023-04-23 BST,FullVolume,Untitled SWIFT simulation,3227695,Ma_xp_A2000_n65_r19_v00_90000
Ma_xp_A2000_n65_r19_v00_90000_fof_0.0020_0000.hdf5,Ma_xp_A2000_n65_r19_v00_90000.hdf5,A2000,n65,r19,v00,,90000,0.0020,1388,3.460313525412319e+18,0,0.0,0.0,0.0,1388,3.460313525412319e+18,1.0,1.6095273777469766e+17,/rds/general/ephemeral/user/nny124/ephemeral/martian_moons_data/Ma_xp_A2000_n65_r19_v00_90000.hdf5,True,False,mapped,,no_spin,,1.9,0.0,physical_snapshot_filename,08:27:32 2023-04-23 BST,FullVolume,Untitled SWIFT simulation,3227695,Ma_xp_A2000_n65_r19_v00_90000
Ma_xp_A2000_n65_r19_v00_90000_fof_0.0030_0000.hdf5,Ma_xp_A2000_n65_r19_v00_90000.hdf5,A2000,n65,r19,v00,,90000,0.0030,2,9.996273753035448e+19,0,0.0,0.0,0.0,2,9.996273753035448e+19,1.0,8.184250054213822e+19,/rds/general/ephemeral/user/nny124/ephemeral/martian_moons_data/Ma_xp_A2000_n65_r19_v00_90000.hdf5,True,False,mapped,,no_spin,,1.9,0.0,physical_snapshot_filename,08:27:32 2023-04-23 BST,FullVolume,Untitled SWIFT simulation,3227695,Ma_xp_A2000_n65_r19_v00_90000
Ma_xp_A2000_n65_r19_v00_90000_fof_0.0035_0000.hdf5,Ma_xp_A2000_n65_r19_v00_90000.hdf5,A2000,n65,r19,v00,,90000,0.0035,2,9.996273753035448e+19,0,0.0,0.0,0.0,2,9.996273753035448e+19,1.0,8.184250054213822e+19,/rds/general/ephemeral/user/nny124/ephemeral/martian_moons_data/Ma_xp_A2000_n65_r19_v00_90000.hdf5,True,False,mapped,,no_spin,,1.9,0.0,physical_snapshot_filename,08:27:32 2023-04-23 BST,FullVolume,Untitled SWIFT simulation,3227695,Ma_xp_A2000_n65_r19_v00_90000
Ma_xp_A2000_n65_r19_v00_90000_fof_0.0040_0000.hdf5,Ma_xp_A2000_n65_r19_v00_90000.hdf5,A2000,n65,r19,v00,,90000,0.0040,2,9.996273753035448e+19,0,0.0,0.0,0.0,2,9.996273753035448e+19,1.0,8.184250054213822e+19,/rds/general/ephemeral/user/nny124/ephemeral/martian_moons_data/Ma_xp_A2000_n65_r19_v00_90000.hdf5,True,False,mapped,,no_spin,,1.9,0.0,physical_snapshot_filename,08:27:32 2023-04-23 BST,FullVolume,Untitled SWIFT simulation,3227695,Ma_xp_A2000_n65_r19_v00_90000
Ma_xp_A2000_n65_r19_v00_90000_fof_0.0045_0000.hdf5,Ma_xp_A2000_n65_r19_v00_90000.hdf5,A2000,n65,r19,v00,,90000,0.0045,2,9.996273753035448e+19,0,0.0,0.0,0.0,2,9.996273753035448e+19,1.0,8.184250054213822e+19,/rds/general/ephemeral/user/nny124/ephemeral/martian_moons_data/Ma_xp_A2000_n65_r19_v00_90000.hdf5,True,False,mapped,,no_spin,,1.9,0.0,physical_snapshot_filename,08:27:32 2023-04-23 BST,FullVolume,Untitled SWIFT simulation,3227695,Ma_xp_A2000_n65_r19_v00_90000
Ma_xp_A2000_n65_r19_v00_90000_fof_0.0050_0000.hdf5,Ma_xp_A2000_n65_r19_v00_90000.hdf5,A2000,n65,r19,v00,,90000,0.0050,2,9.996273753035448e+19,0,0.0,0.0,0.0,2,9.996273753035448e+19,1.0,8.184250054213822e+19,/rds/general/ephemeral/user/nny124/ephemeral/martian_moons_data/Ma_xp_A2000_n65_r19_v00_90000.hdf5,True,False,mapped,,no_spin,,1.9,0.0,physical_snapshot_filename,08:27:32 2023-04-23 BST,FullVolume,Untitled SWIFT simulation,3227695,Ma_xp_A2000_n65_r19_v00_90000
Ma_xp_A2000_n65_r19_v00_90000_fof_0.0060_0000.hdf5,Ma_xp_A2000_n65_r19_v00_90000.hdf5,A2000,n65,r19,v00,,90000,0.0060,2,9.996273753035448e+19,0,0.0,0.0,0.0,2,9.996273753035448e+19,1.0,8.184250054213822e+19,/rds/general/ephemeral/user/nny124/ephemeral/martian_moons_data/Ma_xp_A2000_n65_r19_v00_90000.hdf5,True,False,mapped,,no_spin,,1.9,0.0,physical_snapshot_filename,08:27:32 2023-04-23 BST,FullVolume,Untitled SWIFT simulation,3227695,Ma_xp_A2000_n65_r19_v00_90000
Ma_xp_A2000_n65_r19_v00_90000_fof_0.0080_0000.hdf5,Ma_xp_A2000_n65_r19_v00_90000.hdf5,A2000,n65,r19,v00,,90000,0.0080,2,9.996273753035448e+19,0,0.0,0.0,0.0,2,9.996273753035448e+19,1.0,8.184250054213822e+19,/rds/general/ephemeral/user/nny124/ephemeral/martian_moons_data/Ma_xp_A2000_n65_r19_v00_90000.hdf5,True,False,mapped,,no_spin,,1.9,0.0,physical_snapshot_filename,08:27:32 2023-04-23 BST,FullVolume,Untitled SWIFT simulation,3227695,Ma_xp_A2000_n65_r19_v00_90000
Ma_xp_A2000_n65_r20_v00_90000_fof_0.0010_0000.hdf5,Ma_xp_A2000_n65_r20_v00_90000.hdf5,A2000,n65,r20,v00,,90000,0.0010,0,0.0,0,0.0,0.0,0.0,0,0.0,0.0,0.0,/rds/general/ephemeral/user/nny124/ephemeral/martian_moons_data/Ma_xp_A2000_n65_r20_v00_90000.hdf5,True,False,mapped,,no_spin,,2.0,0.0,physical_snapshot_filename,06:18:01 2023-04-24 BST,FullVolume,Untitled SWIFT simulation,3227695,Ma_xp_A2000_n65_r20_v00_90000
Ma_xp_A2000_n65_r20_v00_90000_fof_0.0020_0000.hdf5,Ma_xp_A2000_n65_r20_v00_90000.hdf5,A2000,n65,r20,v00,,90000,0.0020,1296,3.1313777878896886e+18,0,0.0,0.0,0.0,1296,3.1313777878896886e+18,1.0,1.0406026533057789e+17,/rds/general/ephemeral/user/nny124/ephemeral/martian_moons_data/Ma_xp_A2000_n65_r20_v00_90000.hdf5,True,False,mapped,,no_spin,,2.0,0.0,physical_snapshot_filename,06:18:01 2023-04-24 BST,FullVolume,Untitled SWIFT simulation,3227695,Ma_xp_A2000_n65_r20_v00_90000
Ma_xp_A2000_n65_r20_v00_90000_fof_0.0030_0000.hdf5,Ma_xp_A2000_n65_r20_v00_90000.hdf5,A2000,n65,r20,v00,,90000,0.0030,5,9.996078640038029e+19,0,0.0,0.0,0.0,5,9.996078640038029e+19,1.0,8.724437421443444e+19,/rds/general/ephemeral/user/nny124/ephemeral/martian_moons_data/Ma_xp_A2000_n65_r20_v00_90000.hdf5,True,False,mapped,,no_spin,,2.0,0.0,physical_snapshot_filename,06:18:01 2023-04-24 BST,FullVolume,Untitled SWIFT simulation,3227695,Ma_xp_A2000_n65_r20_v00_90000
Ma_xp_A2000_n65_r20_v00_90000_fof_0.0035_0000.hdf5,Ma_xp_A2000_n65_r20_v00_90000.hdf5,A2000,n65,r20,v00,,90000,0.0035,5,9.996109610355091e+19,0,0.0,0.0,0.0,5,9.996109610355091e+19,1.0,8.724437421443444e+19,/rds/general/ephemeral/user/nny124/ephemeral/martian_moons_data/Ma_xp_A2000_n65_r20_v00_90000.hdf5,True,False,mapped,,no_spin,,2.0,0.0,physical_snapshot_filename,06:18:01 2023-04-24 BST,FullVolume,Untitled SWIFT simulation,3227695,Ma_xp_A2000_n65_r20_v00_90000
Ma_xp_A2000_n65_r20_v00_90000_fof_0.0040_0000.hdf5,Ma_xp_A2000_n65_r20_v00_90000.hdf5,A2000,n65,r20,v00,,90000,0.0040,5,9.996112707386797e+19,0,0.0,0.0,0.0,5,9.996112707386797e+19,1.0,8.72444051847515e+19,/rds/general/ephemeral/user/nny124/ephemeral/martian_moons_data/Ma_xp_A2000_n65_r20_v00_90000.hdf5,True,False,mapped,,no_spin,,2.0,0.0,physical_snapshot_filename,06:18:01 2023-04-24 BST,FullVolume,Untitled SWIFT simulation,3227695,Ma_xp_A2000_n65_r20_v00_90000
Ma_xp_A2000_n65_r20_v00_90000_fof_0.0045_0000.hdf5,Ma_xp_A2000_n65_r20_v00_90000.hdf5,A2000,n65,r20,v00,,90000,0.0045,5,9.996121998481916e+19,0,0.0,0.0,0.0,5,9.996121998481916e+19,1.0,8.72444051847515e+19,/rds/general/ephemeral/user/nny124/ephemeral/martian_moons_data/Ma_xp_A2000_n65_r20_v00_90000.hdf5,True,False,mapped,,no_spin,,2.0,0.0,physical_snapshot_filename,06:18:01 2023-04-24 BST,FullVolume,Untitled SWIFT simulation,3227695,Ma_xp_A2000_n65_r20_v00_90000
Ma_xp_A2000_n65_r20_v00_90000_fof_0.0050_0000.hdf5,Ma_xp_A2000_n65_r20_v00_90000.hdf5,A2000,n65,r20,v00,,90000,0.0050,5,9.996125095513622e+19,0,0.0,0.0,0.0,5,9.996125095513622e+19,1.0,8.72444051847515e+19,/rds/general/ephemeral/user/nny124/ephemeral/martian_moons_data/Ma_xp_A2000_n65_r20_v00_90000.hdf5,True,False,mapped,,no_spin,,2.0,0.0,physical_snapshot_filename,06:18:01 2023-04-24 BST,FullVolume,Untitled SWIFT simulation,3227695,Ma_xp_A2000_n65_r20_v00_90000
Ma_xp_A2000_n65_r20_v00_90000_fof_0.0060_0000.hdf5,Ma_xp_A2000_n65_r20_v00_90000.hdf5,A2000,n65,r20,v00,,90000,0.0060,5,9.996131289577035e+19,0,0.0,0.0,0.0,5,9.996131289577035e+19,1.0,8.72444051847515e+19,/rds/general/ephemeral/user/nny124/ephemeral/martian_moons_data/Ma_xp_A2000_n65_r20_v00_90000.hdf5,True,False,mapped,,no_spin,,2.0,0.0,physical_snapshot_filename,06:18:01 2023-04-24 BST,FullVolume,Untitled SWIFT simulation,3227695,Ma_xp_A2000_n65_r20_v00_90000
Ma_xp_A2000_n65_r20_v00_90000_fof_0.0080_0000.hdf5,Ma_xp_A2000_n65_r20_v00_90000.hdf5,A2000,n65,r20,v00,,90000,0.0080,5,9.99613438660874e+19,0,0.0,0.0,0.0,5,9.99613438660874e+19,1.0,8.724443615506856e+19,/rds/general/ephemeral/user/nny124/ephemeral/martian_moons_data/Ma_xp_A2000_n65_r20_v00_90000.hdf5,True,False,mapped,,no_spin,,2.0,0.0,physical_snapshot_filename,06:18:01 2023-04-24 BST,FullVolume,Untitled SWIFT simulation,3227695,Ma_xp_A2000_n65_r20_v00_90000
Ma_xp_A2000_n65_r20_v02_90000_fof_0.0040_0000.hdf5,Ma_xp_A2000_n65_r20_v02_90000.hdf5,A2000,n65,r20,v02,,90000,0.0040,5,9.996131289576997e+19,0,0.0,0.0,0.0,5,9.996131289576997e+19,1.0,8.786734214213947e+19,/rds/general/ephemeral/user/nny124/ephemeral/martian_moons_data/Ma_xp_A2000_n65_r20_v02_90000.hdf5,True,False,mapped,,no_spin,,2.0,0.2,physical_snapshot_filename,11:20:47 2023-04-24 BST,FullVolume,Untitled SWIFT simulation,3227695,Ma_xp_A2000_n65_r20_v02_90000
Ma_xp_A2000_n65_r20_v04_90000_fof_0.0040_0000.hdf5,Ma_xp_A2000_n65_r20_v04_90000.hdf5,A2000,n65,r20,v04,,90000,0.0040,2,9.995750354677098e+19,0,0.0,0.0,0.0,2,9.995750354677098e+19,1.0,8.941111953673616e+19,/rds/general/ephemeral/user/nny124/ephemeral/martian_moons_data/Ma_xp_A2000_n65_r20_v04_90000.hdf5,True,False,mapped,,no_spin,,2.0,0.4,physical_snapshot_filename,17:52:29 2023-04-27 BST,FullVolume,Untitled SWIFT simulation,3227695,Ma_xp_A2000_n65_r20_v04_90000
Ma_xp_A2000_n65_r20_v06_90000_fof_0.0040_0000.hdf5,Ma_xp_A2000_n65_r20_v06_90000.hdf5,A2000,n65,r20,v06,,90000,0.0040,82,9.955687152523441e+19,0,0.0,0.0,0.0,82,9.955687152523441e+19,1.0,9.012628609833519e+19,/rds/general/ephemeral/user/nny124/ephemeral/martian_moons_data/Ma_xp_A2000_n65_r20_v06_90000.hdf5,True,False,mapped,,no_spin,,2.0,0.6,physical_snapshot_filename,05:34:06 2023-04-28 BST,FullVolume,Untitled SWIFT simulation,3227695,Ma_xp_A2000_n65_r20_v06_90000
Ma_xp_A2000_n65_r22_v00_90000_fof_0.0010_0000.hdf5,Ma_xp_A2000_n65_r22_v00_90000.hdf5,A2000,n65,r22,v00,,90000,0.0010,0,0.0,0,0.0,0.0,0.0,0,0.0,0.0,0.0,/rds/general/ephemeral/user/nny124/ephemeral/martian_moons_data/Ma_xp_A2000_n65_r22_v00_90000.hdf5,True,False,mapped,,no_spin,,2.2,0.0,physical_snapshot_filename,13:44:38 2023-04-22 BST,FullVolume,Untitled SWIFT simulation,3227695,Ma_xp_A2000_n65_r22_v00_90000
Ma_xp_A2000_n65_r22_v00_90000_fof_0.0020_0000.hdf5,Ma_xp_A2000_n65_r22_v00_90000.hdf5,A2000,n65,r22,v00,,90000,0.0020,1015,2.7785949062284805e+18,0,0.0,0.0,0.0,1015,2.7785949062284805e+18,1.0,4.9664000441682605e+17,/rds/general/ephemeral/user/nny124/ephemeral/martian_moons_data/Ma_xp_A2000_n65_r22_v00_90000.hdf5,True,False,mapped,,no_spin,,2.2,0.0,physical_snapshot_filename,13:44:38 2023-04-22 BST,FullVolume,Untitled SWIFT simulation,3227695,Ma_xp_A2000_n65_r22_v00_90000
Ma_xp_A2000_n65_r22_v00_90000_fof_0.0030_0000.hdf5,Ma_xp_A2000_n65_r22_v00_90000.hdf5,A2000,n65,r22,v00,,90000,0.0030,1,9.996273753012568e+19,0,0.0,0.0,0.0,1,9.996273753012568e+19,1.0,9.996273753012568e+19,/rds/general/ephemeral/user/nny124/ephemeral/martian_moons_data/Ma_xp_A2000_n65_r22_v00_90000.hdf5,True,False,mapped,,no_spin,,2.2,0.0,physical_snapshot_filename,13:44:38 2023-04-22 BST,FullVolume,Untitled SWIFT simulation,3227695,Ma_xp_A2000_n65_r22_v00_90000
Ma_xp_A2000_n65_r22_v00_90000_fof_0.0035_0000.hdf5,Ma_xp_A2000_n65_r22_v00_90000.hdf5,A2000,n65,r22,v00,,90000,0.0035,1,9.996273753012568e+19,0,0.0,0.0,0.0,1,9.996273753012568e+19,1.0,9.996273753012568e+19,/rds/general/ephemeral/user/nny124/ephemeral/martian_moons_data/Ma_xp_A2000_n65_r22_v00_90000.hdf5,True,False,mapped,,no_spin,,2.2,0.0,physical_snapshot_filename,13:44:38 2023-04-22 BST,FullVolume,Untitled SWIFT simulation,3227695,Ma_xp_A2000_n65_r22_v00_90000
Ma_xp_A2000_n65_r22_v00_90000_fof_0.0040_0000.hdf5,Ma_xp_A2000_n65_r22_v00_90000.hdf5,A2000,n65,r22,v00,,90000,0.0040,1,9.996273753012568e+19,0,0.0,0.0,0.0,1,9.996273753012568e+19,1.0,9.996273753012568e+19,/rds/general/ephemeral/user/nny124/ephemeral/martian_moons_data/Ma_xp_A2000_n65_r22_v00_90000.hdf5,True,False,mapped,,no_spin,,2.2,0.0,physical_snapshot_filename,13:44:38 2023-04-22 BST,FullVolume,Untitled SWIFT simulation,3227695,Ma_xp_A2000_n65_r22_v00_90000
Ma_xp_A2000_n65_r22_v00_90000_fof_0.0045_0000.hdf5,Ma_xp_A2000_n65_r22_v00_90000.hdf5,A2000,n65,r22,v00,,90000,0.0045,1,9.996273753012568e+19,0,0.0,0.0,0.0,1,9.996273753012568e+19,1.0,9.996273753012568e+19,/rds/general/ephemeral/user/nny124/ephemeral/martian_moons_data/Ma_xp_A2000_n65_r22_v00_90000.hdf5,True,False,mapped,,no_spin,,2.2,0.0,physical_snapshot_filename,13:44:38 2023-04-22 BST,FullVolume,Untitled SWIFT simulation,3227695,Ma_xp_A2000_n65_r22_v00_90000
Ma_xp_A2000_n65_r22_v00_90000_fof_0.0050_0000.hdf5,Ma_xp_A2000_n65_r22_v00_90000.hdf5,A2000,n65,r22,v00,,90000,0.0050,1,9.996273753012568e+19,0,0.0,0.0,0.0,1,9.996273753012568e+19,1.0,9.996273753012568e+19,/rds/general/ephemeral/user/nny124/ephemeral/martian_moons_data/Ma_xp_A2000_n65_r22_v00_90000.hdf5,True,False,mapped,,no_spin,,2.2,0.0,physical_snapshot_filename,13:44:38 2023-04-22 BST,FullVolume,Untitled SWIFT simulation,3227695,Ma_xp_A2000_n65_r22_v00_90000
Ma_xp_A2000_n65_r22_v00_90000_fof_0.0060_0000.hdf5,Ma_xp_A2000_n65_r22_v00_90000.hdf5,A2000,n65,r22,v00,,90000,0.0060,1,9.996273753012568e+19,0,0.0,0.0,0.0,1,9.996273753012568e+19,1.0,9.996273753012568e+19,/rds/general/ephemeral/user/nny124/ephemeral/martian_moons_data/Ma_xp_A2000_n65_r22_v00_90000.hdf5,True,False,mapped,,no_spin,,2.2,0.0,physical_snapshot_filename,13:44:38 2023-04-22 BST,FullVolume,Untitled SWIFT simulation,3227695,Ma_xp_A2000_n65_r22_v00_90000
Ma_xp_A2000_n65_r22_v00_90000_fof_0.0080_0000.hdf5,Ma_xp_A2000_n65_r22_v00_90000.hdf5,A2000,n65,r22,v00,,90000,0.0080,1,9.996273753012568e+19,0,0.0,0.0,0.0,1,9.996273753012568e+19,1.0,9.996273753012568e+19,/rds/general/ephemeral/user/nny124/ephemeral/martian_moons_data/Ma_xp_A2000_n65_r22_v00_90000.hdf5,True,False,mapped,,no_spin,,2.2,0.0,physical_snapshot_filename,13:44:38 2023-04-22 BST,FullVolume,Untitled SWIFT simulation,3227695,Ma_xp_A2000_n65_r22_v00_90000
Ma_xp_A2000_n65_r24_v00_90000_fof_0.0010_0000.hdf5,Ma_xp_A2000_n65_r24_v00_90000.hdf5,A2000,n65,r24,v00,,90000,0.0010,0,0.0,0,0.0,0.0,0.0,0,0.0,0.0,0.0,/rds/general/ephemeral/user/nny124/ephemeral/martian_moons_data/Ma_xp_A2000_n65_r24_v00_90000.hdf5,True,False,mapped,,no_spin,,2.4,0.0,physical_snapshot_filename,10:03:43 2023-04-22 BST,FullVolume,Untitled SWIFT simulation,3227695,Ma_xp_A2000_n65_r24_v00_90000
Ma_xp_A2000_n65_r24_v00_90000_fof_0.0020_0000.hdf5,Ma_xp_A2000_n65_r24_v00_90000.hdf5,A2000,n65,r24,v00,,90000,0.0020,1235,1.796092567732588e+18,0,0.0,0.0,0.0,1235,1.796092567732588e+18,1.0,1.3657909824638334e+16,/rds/general/ephemeral/user/nny124/ephemeral/martian_moons_data/Ma_xp_A2000_n65_r24_v00_90000.hdf5,True,False,mapped,,no_spin,,2.4,0.0,physical_snapshot_filename,10:03:43 2023-04-22 BST,FullVolume,Untitled SWIFT simulation,3227695,Ma_xp_A2000_n65_r24_v00_90000
Ma_xp_A2000_n65_r24_v00_90000_fof_0.0030_0000.hdf5,Ma_xp_A2000_n65_r24_v00_90000.hdf5,A2000,n65,r24,v00,,90000,0.0030,1,9.996273753012568e+19,0,0.0,0.0,0.0,1,9.996273753012568e+19,1.0,9.996273753012568e+19,/rds/general/ephemeral/user/nny124/ephemeral/martian_moons_data/Ma_xp_A2000_n65_r24_v00_90000.hdf5,True,False,mapped,,no_spin,,2.4,0.0,physical_snapshot_filename,10:03:43 2023-04-22 BST,FullVolume,Untitled SWIFT simulation,3227695,Ma_xp_A2000_n65_r24_v00_90000
Ma_xp_A2000_n65_r24_v00_90000_fof_0.0035_0000.hdf5,Ma_xp_A2000_n65_r24_v00_90000.hdf5,A2000,n65,r24,v00,,90000,0.0035,1,9.996273753012568e+19,0,0.0,0.0,0.0,1,9.996273753012568e+19,1.0,9.996273753012568e+19,/rds/general/ephemeral/user/nny124/ephemeral/martian_moons_data/Ma_xp_A2000_n65_r24_v00_90000.hdf5,True,False,mapped,,no_spin,,2.4,0.0,physical_snapshot_filename,10:03:43 2023-04-22 BST,FullVolume,Untitled SWIFT simulation,3227695,Ma_xp_A2000_n65_r24_v00_90000
Ma_xp_A2000_n65_r24_v00_90000_fof_0.0040_0000.hdf5,Ma_xp_A2000_n65_r24_v00_90000.hdf5,A2000,n65,r24,v00,,90000,0.0040,1,9.996273753012568e+19,0,0.0,0.0,0.0,1,9.996273753012568e+19,1.0,9.996273753012568e+19,/rds/general/ephemeral/user/nny124/ephemeral/martian_moons_data/Ma_xp_A2000_n65_r24_v00_90000.hdf5,True,False,mapped,,no_spin,,2.4,0.0,physical_snapshot_filename,10:03:43 2023-04-22 BST,FullVolume,Untitled SWIFT simulation,3227695,Ma_xp_A2000_n65_r24_v00_90000
Ma_xp_A2000_n65_r24_v00_90000_fof_0.0045_0000.hdf5,Ma_xp_A2000_n65_r24_v00_90000.hdf5,A2000,n65,r24,v00,,90000,0.0045,1,9.996273753012568e+19,0,0.0,0.0,0.0,1,9.996273753012568e+19,1.0,9.996273753012568e+19,/rds/general/ephemeral/user/nny124/ephemeral/martian_moons_data/Ma_xp_A2000_n65_r24_v00_90000.hdf5,True,False,mapped,,no_spin,,2.4,0.0,physical_snapshot_filename,10:03:43 2023-04-22 BST,FullVolume,Untitled SWIFT simulation,3227695,Ma_xp_A2000_n65_r24_v00_90000
Ma_xp_A2000_n65_r24_v00_90000_fof_0.0050_0000.hdf5,Ma_xp_A2000_n65_r24_v00_90000.hdf5,A2000,n65,r24,v00,,90000,0.0050,1,9.996273753012568e+19,0,0.0,0.0,0.0,1,9.996273753012568e+19,1.0,9.996273753012568e+19,/rds/general/ephemeral/user/nny124/ephemeral/martian_moons_data/Ma_xp_A2000_n65_r24_v00_90000.hdf5,True,False,mapped,,no_spin,,2.4,0.0,physical_snapshot_filename,10:03:43 2023-04-22 BST,FullVolume,Untitled SWIFT simulation,3227695,Ma_xp_A2000_n65_r24_v00_90000
Ma_xp_A2000_n65_r24_v00_90000_fof_0.0060_0000.hdf5,Ma_xp_A2000_n65_r24_v00_90000.hdf5,A2000,n65,r24,v00,,90000,0.0060,1,9.996273753012568e+19,0,0.0,0.0,0.0,1,9.996273753012568e+19,1.0,9.996273753012568e+19,/rds/general/ephemeral/user/nny124/ephemeral/martian_moons_data/Ma_xp_A2000_n65_r24_v00_90000.hdf5,True,False,mapped,,no_spin,,2.4,0.0,physical_snapshot_filename,10:03:43 2023-04-22 BST,FullVolume,Untitled SWIFT simulation,3227695,Ma_xp_A2000_n65_r24_v00_90000
Ma_xp_A2000_n65_r24_v00_90000_fof_0.0080_0000.hdf5,Ma_xp_A2000_n65_r24_v00_90000.hdf5,A2000,n65,r24,v00,,90000,0.0080,1,9.996273753012568e+19,0,0.0,0.0,0.0,1,9.996273753012568e+19,1.0,9.996273753012568e+19,/rds/general/ephemeral/user/nny124/ephemeral/martian_moons_data/Ma_xp_A2000_n65_r24_v00_90000.hdf5,True,False,mapped,,no_spin,,2.4,0.0,physical_snapshot_filename,10:03:43 2023-04-22 BST,FullVolume,Untitled SWIFT simulation,3227695,Ma_xp_A2000_n65_r24_v00_90000
Ma_xp_A2000_s030mz_n65_r12_v00_90000_fof_0.0040_0000.hdf5,Ma_xp_A2000_s030mz_n65_r12_v00_90000.hdf5,A2000,n65,r12,v00,s030mz,90000,0.0040,1,9.950936691983581e+19,0,0.0,0.0,0.0,1,9.950936691983581e+19,1.0,9.950936691983581e+19,/rds/general/ephemeral/user/nny124/ephemeral/martian_moons_data/Ma_xp_A2000_s030mz_n65_r12_v00_90000.hdf5,True,False,mapped,,retrograde_z,3.0,1.2,0.0,physical_snapshot_filename,15:25:45 2023-05-30 BST,FullVolume,Untitled SWIFT simulation,3162277,Ma_xp_A2000_s030mz_n65_r12_v00_90000
Ma_xp_A2000_s030x_n65_r12_v00_90000_fof_0.0040_0000.hdf5,Ma_xp_A2000_s030x_n65_r12_v00_90000.hdf5,A2000,n65,r12,v00,s030x,90000,0.0040,4145,9.454978501317503e+19,1950,1.9942548445460296e+19,0.21092114003941315,3.075960966415753e+17,2195,7.460723656771474e+19,0.789078859960587,1.3714223103666243e+18,/rds/general/ephemeral/user/nny124/ephemeral/martian_moons_data/Ma_xp_A2000_s030x_n65_r12_v00_90000.hdf5,True,False,mapped,,equatorial,3.0,1.2,0.0,physical_snapshot_filename,13:33:34 2023-03-28 BST,FullVolume,Untitled SWIFT simulation,3162277,Ma_xp_A2000_s030x_n65_r12_v00_90000
Ma_xp_A2000_s030x_n65_r16_v00_90000_fof_0.0040_0000.hdf5,Ma_xp_A2000_s030x_n65_r16_v00_90000.hdf5,A2000,n65,r16,v00,s030x,90000,0.0040,522,9.803526573456933e+19,66,6.127723324294966e+18,0.06250529621540261,3.933579791760219e+18,456,9.190754241027437e+19,0.9374947037845975,2.3073923910854517e+19,/rds/general/ephemeral/user/nny124/ephemeral/martian_moons_data/Ma_xp_A2000_s030x_n65_r16_v00_90000.hdf5,True,False,mapped,,equatorial,3.0,1.6,0.0,physical_snapshot_filename,04:46:33 2023-06-17 BST,FullVolume,Untitled SWIFT simulation,3162277,Ma_xp_A2000_s030x_n65_r16_v00_90000
Ma_xp_A2000_s030x_n65_r16_v06_90000_fof_0.0040_0000.hdf5,Ma_xp_A2000_s030x_n65_r16_v06_90000.hdf5,A2000,n65,r16,v06,s030x,90000,0.0040,432,9.811531938882947e+19,0,0.0,0.0,0.0,432,9.811531938882947e+19,1.0,2.3564284010496967e+19,/rds/general/ephemeral/user/nny124/ephemeral/martian_moons_data/Ma_xp_A2000_s030x_n65_r16_v06_90000.hdf5,True,False,mapped,,equatorial,3.0,1.6,0.6,physical_snapshot_filename,09:34:36 2023-06-19 BST,FullVolume,Untitled SWIFT simulation,3162277,Ma_xp_A2000_s030x_n65_r16_v06_90000
Ma_xp_A2000_s030x_n65_r20_v00_90000_fof_0.0040_0000.hdf5,Ma_xp_A2000_s030x_n65_r20_v00_90000.hdf5,A2000,n65,r20,v00,s030x,90000,0.0040,3,9.949083249159877e+19,0,0.0,0.0,0.0,3,9.949083249159877e+19,1.0,6.910704074870025e+19,/rds/general/ephemeral/user/nny124/ephemeral/martian_moons_data/Ma_xp_A2000_s030x_n65_r20_v00_90000.hdf5,True,False,mapped,,equatorial,3.0,2.0,0.0,physical_snapshot_filename,21:45:04 2023-07-03 BST,FullVolume,Untitled SWIFT simulation,3162277,Ma_xp_A2000_s030x_n65_r20_v00_90000
Ma_xp_A2000_s030y_n65_r12_v00_90000_fof_0.0040_0000.hdf5,Ma_xp_A2000_s030y_n65_r12_v00_90000.hdf5,A2000,n65,r12,v00,s030y,90000,0.0040,820,9.734278903818165e+19,208,2.365434437133895e+19,0.2430004790807955,2.676510853802325e+18,612,7.368844466684271e+19,0.7569995209192046,6.311368420978631e+18,/rds/general/ephemeral/user/nny124/ephemeral/martian_moons_data/Ma_xp_A2000_s030y_n65_r12_v00_90000.hdf5,True,False,mapped,,equatorial,3.0,1.2,0.0,physical_snapshot_filename,21:42:02 2023-04-02 BST,FullVolume,Untitled SWIFT simulation,3162277,Ma_xp_A2000_s030y_n65_r12_v00_90000
Ma_xp_A2000_s030y_n65_r16_v00_90000_fof_0.0040_0000.hdf5,Ma_xp_A2000_s030y_n65_r16_v00_90000.hdf5,A2000,n65,r16,v00,s030y,90000,0.0040,4583,9.19492370214666e+19,1755,1.9517609551441097e+19,0.212265051714181,1.2589255282189315e+18,2828,7.24316274700255e+19,0.7877349482858188,5.537044415851135e+18,/rds/general/ephemeral/user/nny124/ephemeral/martian_moons_data/Ma_xp_A2000_s030y_n65_r16_v00_90000.hdf5,True,False,mapped,,equatorial,3.0,1.6,0.0,physical_snapshot_filename,17:09:32 2023-06-09 BST,FullVolume,Untitled SWIFT simulation,3162277,Ma_xp_A2000_s030y_n65_r16_v00_90000
Ma_xp_A2000_s030y_n65_r16_v06_90000_fof_0.0040_0000.hdf5,Ma_xp_A2000_s030y_n65_r16_v06_90000.hdf5,A2000,n65,r16,v06,s030y,90000,0.0040,3754,9.320089352688273e+19,586,7.594744298775898e+18,0.08148789149307116,1.5320016332476526e+18,3168,8.560614922810684e+19,0.918512108506929,1.1829249049381585e+19,/rds/general/ephemeral/user/nny124/ephemeral/martian_moons_data/Ma_xp_A2000_s030y_n65_r16_v06_90000.hdf5,True,False,mapped,,equatorial,3.0,1.6,0.6,physical_snapshot_filename,22:43:50 2023-06-12 BST,FullVolume,Untitled SWIFT simulation,3162277,Ma_xp_A2000_s030y_n65_r16_v06_90000
Ma_xp_A2000_s030y_n65_r20_v00_90000_fof_0.0040_0000.hdf5,Ma_xp_A2000_s030y_n65_r20_v00_90000.hdf5,A2000,n65,r20,v00,s030y,90000,0.0040,60,9.940747473520905e+19,0,0.0,0.0,0.0,60,9.940747473520905e+19,1.0,7.697977010223256e+19,/rds/general/ephemeral/user/nny124/ephemeral/martian_moons_data/Ma_xp_A2000_s030y_n65_r20_v00_90000.hdf5,True,False,mapped,,equatorial,3.0,2.0,0.0,physical_snapshot_filename,12:33:14 2023-06-30 BST,FullVolume,Untitled SWIFT simulation,3162277,Ma_xp_A2000_s030y_n65_r20_v00_90000
Ma_xp_A2000_s030z_n65_r11_v00_90000_fof_0.0040_0000.hdf5,Ma_xp_A2000_s030z_n65_r11_v00_90000.hdf5,A2000,n65,r11,v00,s030z,90000,0.0040,424,9.931665915126353e+19,179,2.72080469172164e+19,0.2739524985005524,2.221425968932632e+18,245,7.210861223404713e+19,0.7260475014994475,2.442611949831137e+18,/rds/general/ephemeral/user/nny124/ephemeral/martian_moons_data/Ma_xp_A2000_s030z_n65_r11_v00_90000.hdf5,True,False,mapped,,prograde_z,3.0,1.1,0.0,physical_snapshot_filename,02:05:58 2023-04-08 BST,FullVolume,Untitled SWIFT simulation,3162277,Ma_xp_A2000_s030z_n65_r11_v00_90000
Ma_xp_A2000_s030z_n65_r12_v00_90000_fof_0.0040_0000.hdf5,Ma_xp_A2000_s030z_n65_r12_v00_90000.hdf5,A2000,n65,r12,v00,s030z,90000,0.0040,370,9.93912059699561e+19,128,2.7398111410691146e+19,0.27565931153881995,2.0706330794076687e+18,242,7.199309455926495e+19,0.72434068846118,3.1563292969279375e+18,/rds/general/ephemeral/user/nny124/ephemeral/martian_moons_data/Ma_xp_A2000_s030z_n65_r12_v00_90000.hdf5,True,False,mapped,,prograde_z,3.0,1.2,0.0,physical_snapshot_filename,07:20:49 2023-03-26 BST,FullVolume,Untitled SWIFT simulation,3162277,Ma_xp_A2000_s030z_n65_r12_v00_90000
Ma_xp_A2000_s030z_n65_r12_v02_90000_fof_0.0040_0000.hdf5,Ma_xp_A2000_s030z_n65_r12_v02_90000.hdf5,A2000,n65,r12,v02,s030z,90000,0.0040,367,9.938148247186933e+19,132,2.476080922557276e+19,0.24914912325423896,1.9298154290269903e+18,235,7.462067324629656e+19,0.7508508767457609,3.170363860518836e+18,/rds/general/ephemeral/user/nny124/ephemeral/martian_moons_data/Ma_xp_A2000_s030z_n65_r12_v02_90000.hdf5,True,False,mapped,,prograde_z,3.0,1.2,0.2,physical_snapshot_filename,20:58:28 2023-04-07 BST,FullVolume,Untitled SWIFT simulation,3162277,Ma_xp_A2000_s030z_n65_r12_v02_90000
Ma_xp_A2000_s030z_n65_r12_v04_90000_fof_0.0040_0000.hdf5,Ma_xp_A2000_s030z_n65_r12_v04_90000.hdf5,A2000,n65,r12,v04,s030z,90000,0.0040,374,9.93959890499291e+19,139,2.174369272981876e+19,0.21875825108894842,1.920438074878735e+18,235,7.765229632011035e+19,0.7812417489110516,3.686621820770594e+18,/rds/general/ephemeral/user/nny124/ephemeral/martian_moons_data/Ma_xp_A2000_s030z_n65_r12_v04_90000.hdf5,True,False,mapped,,prograde_z,3.0,1.2,0.4,physical_snapshot_filename,16:20:13 2023-04-07 BST,FullVolume,Untitled SWIFT simulation,3162277,Ma_xp_A2000_s030z_n65_r12_v04_90000
Ma_xp_A2000_s030z_n65_r12_v06_90000_fof_0.0040_0000.hdf5,Ma_xp_A2000_s030z_n65_r12_v06_90000.hdf5,A2000,n65,r12,v06,s030z,90000,0.0040,366,9.937276593798552e+19,131,1.5881178602696753e+19,0.15981419509453473,1.5427006279134472e+18,235,8.349158733528875e+19,0.8401858049054651,2.883158789007329e+18,/rds/general/ephemeral/user/nny124/ephemeral/martian_moons_data/Ma_xp_A2000_s030z_n65_r12_v06_90000.hdf5,True,False,mapped,,prograde_z,3.0,1.2,0.6,physical_snapshot_filename,13:35:18 2023-04-06 BST,FullVolume,Untitled SWIFT simulation,3162277,Ma_xp_A2000_s030z_n65_r12_v06_90000
Ma_xp_A2000_s030z_n65_r12_v08_90000_fof_0.0040_0000.hdf5,Ma_xp_A2000_s030z_n65_r12_v08_90000.hdf5,A2000,n65,r12,v08,s030z,90000,0.0040,319,9.941741850689526e+19,72,8.693593986216262e+18,0.08744538046532865,1.0352850720724553e+18,247,9.072382452067901e+19,0.9125546195346715,3.082097154526749e+18,/rds/general/ephemeral/user/nny124/ephemeral/martian_moons_data/Ma_xp_A2000_s030z_n65_r12_v08_90000.hdf5,True,False,mapped,,prograde_z,3.0,1.2,0.8,physical_snapshot_filename,07:18:47 2023-04-08 BST,FullVolume,Untitled SWIFT simulation,3162277,Ma_xp_A2000_s030z_n65_r12_v08_90000
Ma_xp_A2000_s030z_n65_r12_v10_90000_fof_0.0040_0000.hdf5,Ma_xp_A2000_s030z_n65_r12_v10_90000.hdf5,A2000,n65,r12,v10,s030z,90000,0.0040,278,9.921973884660992e+19,28,2.276714597249457e+18,0.022946186149201363,3.630735307468571e+17,250,9.694302424936047e+19,0.9770538138507987,3.58985885430868e+18,/rds/general/ephemeral/user/nny124/ephemeral/martian_moons_data/Ma_xp_A2000_s030z_n65_r12_v10_90000.hdf5,True,False,mapped,,prograde_z,3.0,1.2,1.0,physical_snapshot_filename,21:25:47 2023-04-08 BST,FullVolume,Untitled SWIFT simulation,3162255,Ma_xp_A2000_s030z_n65_r12_v10_90000
Ma_xp_A2000_s030z_n65_r12_v12_90000_fof_0.0040_0000.hdf5,Ma_xp_A2000_s030z_n65_r12_v12_90000.hdf5,A2000,n65,r12,v12,s030z,90000,0.0040,275,9.944284435303365e+19,0,0.0,0.0,0.0,275,9.944284435303365e+19,1.0,3.1915101087992934e+18,/rds/general/ephemeral/user/nny124/ephemeral/martian_moons_data/Ma_xp_A2000_s030z_n65_r12_v12_90000.hdf5,True,False,mapped,,prograde_z,3.0,1.2,1.2,physical_snapshot_filename,17:50:56 2023-04-06 BST,FullVolume,Untitled SWIFT simulation,3162277,Ma_xp_A2000_s030z_n65_r12_v12_90000
Ma_xp_A2000_s030z_n65_r12_v14_90000_fof_0.0040_0000.hdf5,Ma_xp_A2000_s030z_n65_r12_v14_90000.hdf5,A2000,n65,r12,v14,s030z,90000,0.0040,257,9.943972905750184e+19,0,0.0,0.0,0.0,257,9.943972905750184e+19,1.0,3.756007947940844e+18,/rds/general/ephemeral/user/nny124/ephemeral/martian_moons_data/Ma_xp_A2000_s030z_n65_r12_v14_90000.hdf5,True,False,mapped,,prograde_z,3.0,1.2,1.4,physical_snapshot_filename,01:16:30 2023-04-09 BST,FullVolume,Untitled SWIFT simulation,3162277,Ma_xp_A2000_s030z_n65_r12_v14_90000
Ma_xp_A2000_s030z_n65_r12_v16_90000_fof_0.0040_0000.hdf5,Ma_xp_A2000_s030z_n65_r12_v16_90000.hdf5,A2000,n65,r12,v16,s030z,90000,0.0040,245,9.945014484346631e+19,0,0.0,0.0,0.0,245,9.945014484346631e+19,1.0,3.598103373727549e+18,/rds/general/ephemeral/user/nny124/ephemeral/martian_moons_data/Ma_xp_A2000_s030z_n65_r12_v16_90000.hdf5,True,False,mapped,,prograde_z,3.0,1.2,1.6,physical_snapshot_filename,04:36:30 2023-04-09 BST,FullVolume,Untitled SWIFT simulation,3162274,Ma_xp_A2000_s030z_n65_r12_v16_90000
Ma_xp_A2000_s030z_n65_r13_v00_90000_fof_0.0040_0000.hdf5,Ma_xp_A2000_s030z_n65_r13_v00_90000.hdf5,A2000,n65,r13,v00,s030z,90000,0.0040,400,9.938050697530014e+19,134,2.6590242910529528e+19,0.26755994429710667,1.9958030520098468e+18,266,7.279026406477061e+19,0.7324400557028933,2.8210731523148554e+18,/rds/general/ephemeral/user/nny124/ephemeral/martian_moons_data/Ma_xp_A2000_s030z_n65_r13_v00_90000.hdf5,True,False,mapped,,prograde_z,3.0,1.3,0.0,physical_snapshot_filename,05:16:50 2023-04-08 BST,FullVolume,Untitled SWIFT simulation,3162277,Ma_xp_A2000_s030z_n65_r13_v00_90000
Ma_xp_A2000_s030z_n65_r14_v00_90000_fof_0.0040_0000.hdf5,Ma_xp_A2000_s030z_n65_r14_v00_90000.hdf5,A2000,n65,r14,v00,s030z,90000,0.0040,391,9.802975889874328e+19,146,2.3654501709498274e+19,0.2412991929719162,1.85161836507258e+18,245,7.437525718924498e+19,0.7587008070280835,2.927905760815082e+18,/rds/general/ephemeral/user/nny124/ephemeral/martian_moons_data/Ma_xp_A2000_s030z_n65_r14_v00_90000.hdf5,True,False,mapped,,prograde_z,3.0,1.4,0.0,physical_snapshot_filename,19:49:02 2023-04-08 BST,FullVolume,Untitled SWIFT simulation,3162022,Ma_xp_A2000_s030z_n65_r14_v00_90000
Ma_xp_A2000_s030z_n65_r15_v00_90000_fof_0.0040_0000.hdf5,Ma_xp_A2000_s030z_n65_r15_v00_90000.hdf5,A2000,n65,r15,v00,s030z,90000,0.0040,369,9.941059003089078e+19,131,2.5429842536129933e+19,0.25580617244327675,1.8601146255424758e+18,238,7.398074749476082e+19,0.744193827556723,3.155825814826022e+18,/rds/general/ephemeral/user/nny124/ephemeral/martian_moons_data/Ma_xp_A2000_s030z_n65_r15_v00_90000.hdf5,True,False,mapped,,prograde_z,3.0,1.5,0.0,physical_snapshot_filename,06:37:59 2023-04-08 BST,FullVolume,Untitled SWIFT simulation,3162277,Ma_xp_A2000_s030z_n65_r15_v00_90000
Ma_xp_A2000_s030z_n65_r16_v00_90000_fof_0.0040_0000.hdf5,Ma_xp_A2000_s030z_n65_r16_v00_90000.hdf5,A2000,n65,r16,v00,s030z,90000,0.0040,377,9.934932255261973e+19,156,2.5106701429591687e+19,0.2527113500577126,2.296098658173604e+18,221,7.424262112302803e+19,0.7472886499422872,3.1980868437555666e+18,/rds/general/ephemeral/user/nny124/ephemeral/martian_moons_data/Ma_xp_A2000_s030z_n65_r16_v00_90000.hdf5,True,False,mapped,,prograde_z,3.0,1.6,0.0,physical_snapshot_filename,09:18:06 2023-03-26 BST,FullVolume,Untitled SWIFT simulation,3162276,Ma_xp_A2000_s030z_n65_r16_v00_90000
Ma_xp_A2000_s030z_n65_r16_v02_90000_fof_0.0040_0000.hdf5,Ma_xp_A2000_s030z_n65_r16_v02_90000.hdf5,A2000,n65,r16,v02,s030z,90000,0.0040,366,9.939199266075419e+19,129,2.2855003599281e+19,0.229948137545546,1.59597532782283e+18,237,7.653698906147317e+19,0.7700518624544539,2.9210143495451116e+18,/rds/general/ephemeral/user/nny124/ephemeral/martian_moons_data/Ma_xp_A2000_s030z_n65_r16_v02_90000.hdf5,True,False,mapped,,prograde_z,3.0,1.6,0.2,physical_snapshot_filename,13:39:36 2023-04-08 BST,FullVolume,Untitled SWIFT simulation,3162273,Ma_xp_A2000_s030z_n65_r16_v02_90000
Ma_xp_A2000_s030z_n65_r16_v06_90000_fof_0.0040_0000.hdf5,Ma_xp_A2000_s030z_n65_r16_v06_90000.hdf5,A2000,n65,r16,v06,s030z,90000,0.0040,341,9.913178681692953e+19,112,1.4313366804950086e+19,0.1443872572516334,1.1109332578858968e+18,229,8.481842001197944e+19,0.8556127427483665,3.459047910704721e+18,/rds/general/ephemeral/user/nny124/ephemeral/martian_moons_data/Ma_xp_A2000_s030z_n65_r16_v06_90000.hdf5,True,False,mapped,,prograde_z,3.0,1.6,0.6,physical_snapshot_filename,18:47:16 2023-04-08 BST,FullVolume,Untitled SWIFT simulation,3162267,Ma_xp_A2000_s030z_n65_r16_v06_90000
Ma_xp_A2000_s030z_n65_r16_v08_90000_fof_0.0040_0000.hdf5,Ma_xp_A2000_s030z_n65_r16_v08_90000.hdf5,A2000,n65,r16,v08,s030z,90000,0.0040,303,9.943157894099434e+19,62,7.387372608048296e+18,0.07429604042023896,7.315280264579997e+17,241,9.204420633294604e+19,0.925703959579761,3.208785838421274e+18,/rds/general/ephemeral/user/nny124/ephemeral/martian_moons_data/Ma_xp_A2000_s030z_n65_r16_v08_90000.hdf5,True,False,mapped,,prograde_z,3.0,1.6,0.8,physical_snapshot_filename,20:14:19 2023-04-08 BST,FullVolume,Untitled SWIFT simulation,3162277,Ma_xp_A2000_s030z_n65_r16_v08_90000
Ma_xp_A2000_s030z_n65_r16_v10_90000_fof_0.0040_0000.hdf5,Ma_xp_A2000_s030z_n65_r16_v10_90000.hdf5,A2000,n65,r16,v10,s030z,90000,0.0040,280,9.942997409177718e+19,21,1.6391174504308987e+18,0.016485144096667858,3.2732630151055526e+17,259,9.779085664134627e+19,0.9835148559033321,3.794304055317803e+18,/rds/general/ephemeral/user/nny124/ephemeral/martian_moons_data/Ma_xp_A2000_s030z_n65_r16_v10_90000.hdf5,True,False,mapped,,prograde_z,3.0,1.6,1.0,physical_snapshot_filename,01:38:51 2023-04-09 BST,FullVolume,Untitled SWIFT simulation,3162277,Ma_xp_A2000_s030z_n65_r16_v10_90000
Ma_xp_A2000_s030z_n65_r17_v00_90000_fof_0.0040_0000.hdf5,Ma_xp_A2000_s030z_n65_r17_v00_90000.hdf5,A2000,n65,r17,v00,s030z,90000,0.0040,382,9.917669112691963e+19,147,2.5040273259769627e+19,0.25248143465206735,1.808381839570222e+18,235,7.413641786715e+19,0.7475185653479326,2.6670705643914066e+18,/rds/general/ephemeral/user/nny124/ephemeral/martian_moons_data/Ma_xp_A2000_s030z_n65_r17_v00_90000.hdf5,True,False,mapped,,prograde_z,3.0,1.7,0.0,physical_snapshot_filename,22:22:47 2023-04-08 BST,FullVolume,Untitled SWIFT simulation,3162269,Ma_xp_A2000_s030z_n65_r17_v00_90000
Ma_xp_A2000_s030z_n65_r18_v00_90000_fof_0.0040_0000.hdf5,Ma_xp_A2000_s030z_n65_r18_v00_90000.hdf5,A2000,n65,r18,v00,s030z,90000,0.0040,347,9.941732410398189e+19,126,2.408913263398049e+19,0.2423031684979305,1.940073876853605e+18,221,7.532819147000142e+19,0.7576968315020697,3.3457015025109606e+18,/rds/general/ephemeral/user/nny124/ephemeral/martian_moons_data/Ma_xp_A2000_s030z_n65_r18_v00_90000.hdf5,True,False,mapped,,prograde_z,3.0,1.8,0.0,physical_snapshot_filename,15:15:59 2023-04-08 BST,FullVolume,Untitled SWIFT simulation,3162277,Ma_xp_A2000_s030z_n65_r18_v00_90000
Ma_xp_A2000_s030z_n65_r19_v00_90000_fof_0.0040_0000.hdf5,Ma_xp_A2000_s030z_n65_r19_v00_90000.hdf5,A2000,n65,r19,v00,s030z,90000,0.0040,350,9.939671280541929e+19,129,2.3250457322707595e+19,0.23391575703537693,1.9074734107543017e+18,221,7.614625548271169e+19,0.7660842429646231,4.1770448556678047e+18,/rds/general/ephemeral/user/nny124/ephemeral/martian_moons_data/Ma_xp_A2000_s030z_n65_r19_v00_90000.hdf5,True,False,mapped,,prograde_z,3.0,1.9,0.0,physical_snapshot_filename,01:13:59 2023-04-09 BST,FullVolume,Untitled SWIFT simulation,3162277,Ma_xp_A2000_s030z_n65_r19_v00_90000
Ma_xp_A2000_s030z_n65_r20_v00_90000_fof_0.0040_0000.hdf5,Ma_xp_A2000_s030z_n65_r20_v00_90000.hdf5,A2000,n65,r20,v00,s030z,90000,0.0040,354,9.930208963789768e+19,146,2.1934480978814886e+19,0.22088639885422717,1.6154537916408502e+18,208,7.736760865908279e+19,0.7791136011457728,3.2094466586800384e+18,/rds/general/ephemeral/user/nny124/ephemeral/martian_moons_data/Ma_xp_A2000_s030z_n65_r20_v00_90000.hdf5,True,False,mapped,,prograde_z,3.0,2.0,0.0,physical_snapshot_filename,04:04:38 2023-03-27 BST,FullVolume,Untitled SWIFT simulation,3162273,Ma_xp_A2000_s030z_n65_r20_v00_90000
Ma_xp_A2000_s030z_n65_r20_v02_90000_fof_0.0040_0000.hdf5,Ma_xp_A2000_s030z_n65_r20_v02_90000.hdf5,A2000,n65,r20,v02,s030z,90000,0.0040,346,9.940479998665857e+19,130,2.1967301718333866e+19,0.22098833981137897,1.6936193879638904e+18,216,7.74374982683247e+19,0.7790116601886209,3.761420380536437e+18,/rds/general/ephemeral/user/nny124/ephemeral/martian_moons_data/Ma_xp_A2000_s030z_n65_r20_v02_90000.hdf5,True,False,mapped,,prograde_z,3.0,2.0,0.2,physical_snapshot_filename,13:05:47 2023-04-09 BST,FullVolume,Untitled SWIFT simulation,3162273,Ma_xp_A2000_s030z_n65_r20_v02_90000
Ma_xp_A2000_s030z_n65_r20_v04_90000_fof_0.0040_0000.hdf5,Ma_xp_A2000_s030z_n65_r20_v04_90000.hdf5,A2000,n65,r20,v04,s030z,90000,0.0040,315,9.940612162717988e+19,100,1.6647446894187278e+19,0.16746903129993446,1.6442466743443855e+18,215,8.275867473299261e+19,0.8325309687000657,4.229406994267032e+18,/rds/general/ephemeral/user/nny124/ephemeral/martian_moons_data/Ma_xp_A2000_s030z_n65_r20_v04_90000.hdf5,True,False,mapped,,prograde_z,3.0,2.0,0.4,physical_snapshot_filename,18:20:12 2023-04-09 BST,FullVolume,Untitled SWIFT simulation,3162277,Ma_xp_A2000_s030z_n65_r20_v04_90000
Ma_xp_A2000_s030z_n65_r20_v06_90000_fof_0.0040_0000.hdf5,Ma_xp_A2000_s030z_n65_r20_v06_90000.hdf5,A2000,n65,r20,v06,s030z,90000,0.0040,299,9.94252539470155e+19,72,1.0735402715289043e+19,0.10797460694452965,1.0714728481479369e+18,227,8.868985123172645e+19,0.8920253930554704,4.673446740526268e+18,/rds/general/ephemeral/user/nny124/ephemeral/martian_moons_data/Ma_xp_A2000_s030z_n65_r20_v06_90000.hdf5,True,False,mapped,,prograde_z,3.0,2.0,0.6,physical_snapshot_filename,16:26:28 2023-04-09 BST,FullVolume,Untitled SWIFT simulation,3162277,Ma_xp_A2000_s030z_n65_r20_v06_90000
Ma_xp_A2000_s030z_n65_r20_v08_90000_fof_0.0040_0000.hdf5,Ma_xp_A2000_s030z_n65_r20_v08_90000.hdf5,A2000,n65,r20,v08,s030z,90000,0.0040,272,9.944111363325983e+19,33,4.025905822212733e+18,0.040485325185117375,7.469786334606619e+17,239,9.541520781104711e+19,0.9595146748148827,3.851543676779338e+18,/rds/general/ephemeral/user/nny124/ephemeral/martian_moons_data/Ma_xp_A2000_s030z_n65_r20_v08_90000.hdf5,True,False,mapped,,prograde_z,3.0,2.0,0.8,physical_snapshot_filename,19:03:42 2023-04-10 BST,FullVolume,Untitled SWIFT simulation,3162277,Ma_xp_A2000_s030z_n65_r20_v08_90000
Ma_xp_A2000_s030z_n65_r20_v10_90000_fof_0.0040_0000.hdf5,Ma_xp_A2000_s030z_n65_r20_v10_90000.hdf5,A2000,n65,r20,v10,s030z,90000,0.0040,225,9.944190032397006e+19,0,0.0,0.0,0.0,225,9.944190032397006e+19,1.0,5.008388208831103e+18,/rds/general/ephemeral/user/nny124/ephemeral/martian_moons_data/Ma_xp_A2000_s030z_n65_r20_v10_90000.hdf5,True,False,mapped,,prograde_z,3.0,2.0,1.0,physical_snapshot_filename,04:32:53 2023-04-10 BST,FullVolume,Untitled SWIFT simulation,3162277,Ma_xp_A2000_s030z_n65_r20_v10_90000
Ma_xp_A2000_s030z_n65_r22_v00_90000_fof_0.0040_0000.hdf5,Ma_xp_A2000_s030z_n65_r22_v00_90000.hdf5,A2000,n65,r22,v00,s030z,90000,0.0040,307,9.941678915419764e+19,112,2.068968441708127e+19,0.20811056757215438,1.924560334588203e+18,195,7.872710473711637e+19,0.7918894324278457,6.243681545901244e+18,/rds/general/ephemeral/user/nny124/ephemeral/martian_moons_data/Ma_xp_A2000_s030z_n65_r22_v00_90000.hdf5,True,False,mapped,,prograde_z,3.0,2.2,0.0,physical_snapshot_filename,03:29:35 2023-04-10 BST,FullVolume,Untitled SWIFT simulation,3162277,Ma_xp_A2000_s030z_n65_r22_v00_90000
Ma_xp_A2000_s030z_n65_r24_v00_90000_fof_0.0040_0000.hdf5,Ma_xp_A2000_s030z_n65_r24_v00_90000.hdf5,A2000,n65,r24,v00,s030z,90000,0.0040,261,9.941927509710209e+19,74,1.4199139303077327e+19,0.14282078891853847,1.5916327946937723e+18,187,8.522013579402476e+19,0.8571792110814614,1.7094979547614806e+19,/rds/general/ephemeral/user/nny124/ephemeral/martian_moons_data/Ma_xp_A2000_s030z_n65_r24_v00_90000.hdf5,True,False,mapped,,prograde_z,3.0,2.4,0.0,physical_snapshot_filename,02:30:14 2023-04-12 BST,FullVolume,Untitled SWIFT simulation,3162277,Ma_xp_A2000_s030z_n65_r24_v00_90000
Ma_xp_A2000_s030z_n65_r26_v00_90000_fof_0.0040_0000.hdf5,Ma_xp_A2000_s030z_n65_r26_v00_90000.hdf5,A2000,n65,r26,v00,s030z,90000,0.0040,164,9.942226452245108e+19,6,7.247341648450499e+18,0.0728945541852342,6.693259595287863e+18,158,9.217492287400056e+19,0.9271054458147656,4.326579039982779e+19,/rds/general/ephemeral/user/nny124/ephemeral/martian_moons_data/Ma_xp_A2000_s030z_n65_r26_v00_90000.hdf5,True,False,mapped,,prograde_z,3.0,2.6,0.0,physical_snapshot_filename,00:39:27 2023-04-18 BST,FullVolume,Untitled SWIFT simulation,3162277,Ma_xp_A2000_s030z_n65_r26_v00_90000
Ma_xp_A2000_s030z_n65_r28_v00_90000_fof_0.0040_0000.hdf5,Ma_xp_A2000_s030z_n65_r28_v00_90000.hdf5,A2000,n65,r28,v00,s030z,90000,0.0040,2,9.950927252202727e+19,0,0.0,0.0,0.0,2,9.950927252202727e+19,1.0,7.97581102104505e+19,/rds/general/ephemeral/user/nny124/ephemeral/martian_moons_data/Ma_xp_A2000_s030z_n65_r28_v00_90000.hdf5,True,False,mapped,,prograde_z,3.0,2.8,0.0,physical_snapshot_filename,20:48:40 2023-04-26 BST,FullVolume,Untitled SWIFT simulation,3162277,Ma_xp_A2000_s030z_n65_r28_v00_90000
Ma_xp_A2000_s030z_n65_r30_v00_90000_fof_0.0040_0000.hdf5,Ma_xp_A2000_s030z_n65_r30_v00_90000.hdf5,A2000,n65,r30,v00,s030z,90000,0.0040,132,9.941033828511452e+19,0,0.0,0.0,0.0,132,9.941033828511452e+19,1.0,9.474771640976207e+19,/rds/general/ephemeral/user/nny124/ephemeral/martian_moons_data/Ma_xp_A2000_s030z_n65_r30_v00_90000.hdf5,True,False,mapped,,prograde_z,3.0,3.0,0.0,physical_snapshot_filename,01:23:00 2023-04-28 BST,FullVolume,Untitled SWIFT simulation,3162277,Ma_xp_A2000_s030z_n65_r30_v00_90000
Ma_xp_A2000_s036mz_n65_r12_v00_90000_fof_0.0040_0000.hdf5,Ma_xp_A2000_s036mz_n65_r12_v00_90000.hdf5,A2000,n65,r12,v00,s036mz,90000,0.0040,1,1.0016129079298584e+20,0,0.0,0.0,0.0,1,1.0016129079298584e+20,1.0,1.0016129079298584e+20,/rds/general/ephemeral/user/nny124/ephemeral/martian_moons_data/Ma_xp_A2000_s036mz_n65_r12_v00_90000.hdf5,True,False,mapped,,retrograde_z,3.6,1.2,0.0,physical_snapshot_filename,09:49:05 2023-04-23 BST,FullVolume,Untitled SWIFT simulation,3162274,Ma_xp_A2000_s036mz_n65_r12_v00_90000
Ma_xp_A2000_s036x_n65_r12_v00_90000_fof_0.0040_0000.hdf5,Ma_xp_A2000_s036x_n65_r12_v00_90000.hdf5,A2000,n65,r12,v00,s036x,90000,0.0040,2250,9.675258617988742e+19,830,2.1410582351396487e+19,0.22129209354247983,7.83705275996451e+17,1420,7.534200382849093e+19,0.7787079064575202,4.458058193882082e+18,/rds/general/ephemeral/user/nny124/ephemeral/martian_moons_data/Ma_xp_A2000_s036x_n65_r12_v00_90000.hdf5,True,False,mapped,,equatorial,3.6,1.2,0.0,physical_snapshot_filename,17:23:07 2023-03-30 BST,FullVolume,Untitled SWIFT simulation,3162274,Ma_xp_A2000_s036x_n65_r12_v00_90000
Ma_xp_A2000_s036x_n65_r16_v00_90000_fof_0.0040_0000.hdf5,Ma_xp_A2000_s036x_n65_r16_v00_90000.hdf5,A2000,n65,r16,v00,s036x,90000,0.0040,492,9.862853139228044e+19,120,1.2679251017189159e+19,0.1285556100065944,5.158207938290663e+18,372,8.594928037509128e+19,0.8714443899934056,2.5487319451798303e+19,/rds/general/ephemeral/user/nny124/ephemeral/martian_moons_data/Ma_xp_A2000_s036x_n65_r16_v00_90000.hdf5,True,False,mapped,,equatorial,3.6,1.6,0.0,physical_snapshot_filename,13:54:53 2023-06-17 BST,FullVolume,Untitled SWIFT simulation,3162274,Ma_xp_A2000_s036x_n65_r16_v00_90000
Ma_xp_A2000_s036x_n65_r16_v06_90000_fof_0.0040_0000.hdf5,Ma_xp_A2000_s036x_n65_r16_v06_90000.hdf5,A2000,n65,r16,v06,s036x,90000,0.0040,538,9.860259053547161e+19,0,0.0,0.0,0.0,538,9.860259053547161e+19,1.0,3.2015103275343974e+19,/rds/general/ephemeral/user/nny124/ephemeral/martian_moons_data/Ma_xp_A2000_s036x_n65_r16_v06_90000.hdf5,True,False,mapped,,equatorial,3.6,1.6,0.6,physical_snapshot_filename,16:41:57 2023-06-23 BST,FullVolume,Untitled SWIFT simulation,3162268,Ma_xp_A2000_s036x_n65_r16_v06_90000
Ma_xp_A2000_s036x_n65_r20_v00_90000_fof_0.0040_0000.hdf5,Ma_xp_A2000_s036x_n65_r20_v00_90000.hdf5,A2000,n65,r20,v00,s036x,90000,0.0040,6,1.0014694255137078e+20,0,0.0,0.0,0.0,6,1.0014694255137078e+20,1.0,7.690048236742104e+19,/rds/general/ephemeral/user/nny124/ephemeral/martian_moons_data/Ma_xp_A2000_s036x_n65_r20_v00_90000.hdf5,True,False,mapped,,equatorial,3.6,2.0,0.0,physical_snapshot_filename,07:45:59 2023-07-04 BST,FullVolume,Untitled SWIFT simulation,3162274,Ma_xp_A2000_s036x_n65_r20_v00_90000
Ma_xp_A2000_s036y_n65_r12_v00_90000_fof_0.0040_0000.hdf5,Ma_xp_A2000_s036y_n65_r12_v00_90000.hdf5,A2000,n65,r12,v00,s036y,90000,0.0040,2223,9.457361755211778e+19,614,2.352252918051535e+19,0.2487218929481313,3.0653287475400904e+18,1609,7.1051088371602416e+19,0.7512781070518686,4.118799930486456e+18,/rds/general/ephemeral/user/nny124/ephemeral/martian_moons_data/Ma_xp_A2000_s036y_n65_r12_v00_90000.hdf5,True,False,mapped,,equatorial,3.6,1.2,0.0,physical_snapshot_filename,04:36:50 2023-04-03 BST,FullVolume,Untitled SWIFT simulation,3162235,Ma_xp_A2000_s036y_n65_r12_v00_90000
Ma_xp_A2000_s036y_n65_r16_v00_90000_fof_0.0040_0000.hdf5,Ma_xp_A2000_s036y_n65_r16_v00_90000.hdf5,A2000,n65,r16,v00,s036y,90000,0.0040,4671,9.060976593875205e+19,2006,1.5719430753326782e+19,0.17348495044068848,1.3774943399379878e+18,2665,7.489033518542525e+19,0.8265150495593114,9.6369808090847e+18,/rds/general/ephemeral/user/nny124/ephemeral/martian_moons_data/Ma_xp_A2000_s036y_n65_r16_v00_90000.hdf5,True,False,mapped,,equatorial,3.6,1.6,0.0,physical_snapshot_filename,22:04:00 2023-06-09 BST,FullVolume,Untitled SWIFT simulation,3162274,Ma_xp_A2000_s036y_n65_r16_v00_90000
Ma_xp_A2000_s036y_n65_r16_v06_90000_fof_0.0040_0000.hdf5,Ma_xp_A2000_s036y_n65_r16_v06_90000.hdf5,A2000,n65,r16,v06,s036y,90000,0.0040,3299,9.36062991540688e+19,566,5.423792901279525e+18,0.05794260589613074,1.5987993055196552e+18,2733,8.818250625278928e+19,0.9420573941038693,1.672450434278276e+19,/rds/general/ephemeral/user/nny124/ephemeral/martian_moons_data/Ma_xp_A2000_s036y_n65_r16_v06_90000.hdf5,True,False,mapped,,equatorial,3.6,1.6,0.6,physical_snapshot_filename,07:11:22 2023-06-17 BST,FullVolume,Untitled SWIFT simulation,3162274,Ma_xp_A2000_s036y_n65_r16_v06_90000
Ma_xp_A2000_s036y_n65_r20_v00_90000_fof_0.0040_0000.hdf5,Ma_xp_A2000_s036y_n65_r20_v00_90000.hdf5,A2000,n65,r20,v00,s036y,90000,0.0040,86,1.0000884470709684e+20,0,0.0,0.0,0.0,86,1.0000884470709684e+20,1.0,9.608540888534196e+19,/rds/general/ephemeral/user/nny124/ephemeral/martian_moons_data/Ma_xp_A2000_s036y_n65_r20_v00_90000.hdf5,True,False,mapped,,equatorial,3.6,2.0,0.0,physical_snapshot_filename,01:15:46 2023-07-06 BST,FullVolume,Untitled SWIFT simulation,3162274,Ma_xp_A2000_s036y_n65_r20_v00_90000
Ma_xp_A2000_s036z_n65_r12_v00_90000_fof_0.0040_0000.hdf5,Ma_xp_A2000_s036z_n65_r12_v00_90000.hdf5,A2000,n65,r12,v00,s036z,90000,0.0040,451,9.945154387591951e+19,218,2.59823178776775e+19,0.2612560536022877,1.5954102070056666e+18,233,7.3469225998242005e+19,0.7387439463977122,2.928149442268271e+18,/rds/general/ephemeral/user/nny124/ephemeral/martian_moons_data/Ma_xp_A2000_s036z_n65_r12_v00_90000.hdf5,True,False,mapped,,prograde_z,3.6,1.2,0.0,physical_snapshot_filename,13:34:00 2023-03-26 BST,FullVolume,Untitled SWIFT simulation,3162263,Ma_xp_A2000_s036z_n65_r12_v00_90000
Ma_xp_A2000_s036z_n65_r16_v00_90000_fof_0.0040_0000.hdf5,Ma_xp_A2000_s036z_n65_r16_v00_90000.hdf5,A2000,n65,r16,v00,s036z,90000,0.0040,346,1.000635137113286e+20,125,2.5419252417087058e+19,0.2540311795408124,2.1106482025855982e+18,221,7.464426129424151e+19,0.7459688204591873,3.6420139498222454e+18,/rds/general/ephemeral/user/nny124/ephemeral/martian_moons_data/Ma_xp_A2000_s036z_n65_r16_v00_90000.hdf5,True,False,mapped,,prograde_z,3.6,1.6,0.0,physical_snapshot_filename,21:11:50 2023-03-26 BST,FullVolume,Untitled SWIFT simulation,3162274,Ma_xp_A2000_s036z_n65_r16_v00_90000
Ma_xp_A2000_s036z_n65_r16_v06_90000_fof_0.0040_0000.hdf5,Ma_xp_A2000_s036z_n65_r16_v06_90000.hdf5,A2000,n65,r16,v06,s036z,90000,0.0040,348,1.0007301585669492e+20,94,1.3087779920305328e+19,0.13078230738091373,1.2340119449065075e+18,254,8.69852359363896e+19,0.8692176926190863,3.3352846973973325e+18,/rds/general/ephemeral/user/nny124/ephemeral/martian_moons_data/Ma_xp_A2000_s036z_n65_r16_v06_90000.hdf5,True,False,mapped,,prograde_z,3.6,1.6,0.6,physical_snapshot_filename,19:20:12 2023-05-30 BST,FullVolume,Untitled SWIFT simulation,3162274,Ma_xp_A2000_s036z_n65_r16_v06_90000
Ma_xp_A2000_s036z_n65_r20_v00_90000_fof_0.0040_0000.hdf5,Ma_xp_A2000_s036z_n65_r20_v00_90000.hdf5,A2000,n65,r20,v00,s036z,90000,0.0040,296,1.000754864144901e+20,116,2.0435472193904198e+19,0.20420057824415738,2.3042385775154895e+18,180,7.964001422058593e+19,0.7957994217558427,6.103734749875597e+18,/rds/general/ephemeral/user/nny124/ephemeral/martian_moons_data/Ma_xp_A2000_s036z_n65_r20_v00_90000.hdf5,True,False,mapped,,prograde_z,3.6,2.0,0.0,physical_snapshot_filename,00:19:11 2023-03-28 BST,FullVolume,Untitled SWIFT simulation,3162274,Ma_xp_A2000_s036z_n65_r20_v00_90000
Ma_xp_A2000_s047mz_n65_r12_v00_90000_fof_0.0040_0000.hdf5,Ma_xp_A2000_s047mz_n65_r12_v00_90000.hdf5,A2000,n65,r12,v00,s047mz,90000,0.0040,318,9.983410726807233e+19,0,0.0,0.0,0.0,318,9.983410726807233e+19,1.0,9.606643198306773e+19,/rds/general/ephemeral/user/nny124/ephemeral/martian_moons_data/Ma_xp_A2000_s047mz_n65_r12_v00_90000.hdf5,True,False,mapped,,retrograde_z,4.7,1.2,0.0,physical_snapshot_filename,14:24:30 2023-04-27 BST,FullVolume,Untitled SWIFT simulation,3162278,Ma_xp_A2000_s047mz_n65_r12_v00_90000
Ma_xp_A2000_s047mz_n65_r16_v00_90000_fof_0.0040_0000.hdf5,Ma_xp_A2000_s047mz_n65_r16_v00_90000.hdf5,A2000,n65,r16,v00,s047mz,90000,0.0040,1,1.0007002011234022e+20,0,0.0,0.0,0.0,1,1.0007002011234022e+20,1.0,1.0007002011234022e+20,/rds/general/ephemeral/user/nny124/ephemeral/martian_moons_data/Ma_xp_A2000_s047mz_n65_r16_v00_90000.hdf5,True,False,mapped,,retrograde_z,4.7,1.6,0.0,physical_snapshot_filename,17:46:36 2023-06-15 BST,FullVolume,Untitled SWIFT simulation,3162278,Ma_xp_A2000_s047mz_n65_r16_v00_90000
Ma_xp_A2000_s047mz_n65_r16_v06_90000_fof_0.0040_0000.hdf5,Ma_xp_A2000_s047mz_n65_r16_v06_90000.hdf5,A2000,n65,r16,v06,s047mz,90000,0.0040,1,1.0007002011234022e+20,0,0.0,0.0,0.0,1,1.0007002011234022e+20,1.0,1.0007002011234022e+20,/rds/general/ephemeral/user/nny124/ephemeral/martian_moons_data/Ma_xp_A2000_s047mz_n65_r16_v06_90000.hdf5,True,False,mapped,,retrograde_z,4.7,1.6,0.6,physical_snapshot_filename,20:56:44 2023-06-15 BST,FullVolume,Untitled SWIFT simulation,3162278,Ma_xp_A2000_s047mz_n65_r16_v06_90000
Ma_xp_A2000_s047x_n65_r12_v00_90000_fof_0.0040_0000.hdf5,Ma_xp_A2000_s047x_n65_r12_v00_90000.hdf5,A2000,n65,r12,v00,s047x,90000,0.0040,2124,9.543141346539608e+19,752,1.9256215889350988e+19,0.20178068405466287,2.1109373786239148e+18,1372,7.61751975760451e+19,0.7982193159453371,5.725862656478333e+18,/rds/general/ephemeral/user/nny124/ephemeral/martian_moons_data/Ma_xp_A2000_s047x_n65_r12_v00_90000.hdf5,True,False,mapped,,equatorial,4.7,1.2,0.0,physical_snapshot_filename,06:04:14 2023-04-02 BST,FullVolume,Untitled SWIFT simulation,3162278,Ma_xp_A2000_s047x_n65_r12_v00_90000
Ma_xp_A2000_s047x_n65_r16_v00_90000_fof_0.0040_0000.hdf5,Ma_xp_A2000_s047x_n65_r16_v00_90000.hdf5,A2000,n65,r16,v00,s047x,90000,0.0040,469,9.88145080917746e+19,137,1.085619964806501e+19,0.10986443041321671,3.3657532131684326e+18,332,8.79583084437096e+19,0.8901355695867834,1.8385063010243834e+19,/rds/general/ephemeral/user/nny124/ephemeral/martian_moons_data/Ma_xp_A2000_s047x_n65_r16_v00_90000.hdf5,True,False,mapped,,equatorial,4.7,1.6,0.0,physical_snapshot_filename,08:32:44 2023-06-21 BST,FullVolume,Untitled SWIFT simulation,3162278,Ma_xp_A2000_s047x_n65_r16_v00_90000
Ma_xp_A2000_s047x_n65_r16_v06_90000_fof_0.0040_0000.hdf5,Ma_xp_A2000_s047x_n65_r16_v06_90000.hdf5,A2000,n65,r16,v06,s047x,90000,0.0040,283,9.926899236916809e+19,0,0.0,0.0,0.0,283,9.926899236916809e+19,1.0,3.3811896030168826e+19,/rds/general/ephemeral/user/nny124/ephemeral/martian_moons_data/Ma_xp_A2000_s047x_n65_r16_v06_90000.hdf5,True,False,mapped,,equatorial,4.7,1.6,0.6,physical_snapshot_filename,22:05:15 2023-06-22 BST,FullVolume,Untitled SWIFT simulation,3162278,Ma_xp_A2000_s047x_n65_r16_v06_90000
Ma_xp_A2000_s047x_n65_r20_v00_90000_fof_0.0040_0000.hdf5,Ma_xp_A2000_s047x_n65_r20_v00_90000.hdf5,A2000,n65,r20,v00,s047x,90000,0.0040,2,9.999435712323943e+19,0,0.0,0.0,0.0,2,9.999435712323943e+19,1.0,8.071633788721742e+19,/rds/general/ephemeral/user/nny124/ephemeral/martian_moons_data/Ma_xp_A2000_s047x_n65_r20_v00_90000.hdf5,True,False,mapped,,equatorial,4.7,2.0,0.0,physical_snapshot_filename,21:03:10 2023-07-07 BST,FullVolume,Untitled SWIFT simulation,3162278,Ma_xp_A2000_s047x_n65_r20_v00_90000
Ma_xp_A2000_s047y_n65_r12_v00_90000_fof_0.0040_0000.hdf5,Ma_xp_A2000_s047y_n65_r12_v00_90000.hdf5,A2000,n65,r12,v00,s047y,90000,0.0040,1739,9.625288382704452e+19,466,2.039318605854486e+19,0.2118709097089402,3.0060771035310556e+18,1273,7.585969776849964e+19,0.7881290902910596,5.18299413098745e+18,/rds/general/ephemeral/user/nny124/ephemeral/martian_moons_data/Ma_xp_A2000_s047y_n65_r12_v00_90000.hdf5,True,False,mapped,,equatorial,4.7,1.2,0.0,physical_snapshot_filename,04:09:01 2023-04-03 BST,FullVolume,Untitled SWIFT simulation,3162278,Ma_xp_A2000_s047y_n65_r12_v00_90000
Ma_xp_A2000_s047y_n65_r16_v00_90000_fof_0.0040_0000.hdf5,Ma_xp_A2000_s047y_n65_r16_v00_90000.hdf5,A2000,n65,r16,v00,s047y,90000,0.0040,1635,9.647879687856962e+19,578,1.6811867680956938e+19,0.17425453285986486,1.87749283694052e+18,1057,7.96669291976127e+19,0.8257454671401353,1.7148917675866081e+19,/rds/general/ephemeral/user/nny124/ephemeral/martian_moons_data/Ma_xp_A2000_s047y_n65_r16_v00_90000.hdf5,True,False,mapped,,equatorial,4.7,1.6,0.0,physical_snapshot_filename,13:07:18 2023-06-14 BST,FullVolume,Untitled SWIFT simulation,3162278,Ma_xp_A2000_s047y_n65_r16_v00_90000
Ma_xp_A2000_s047y_n65_r16_v06_90000_fof_0.0040_0000.hdf5,Ma_xp_A2000_s047y_n65_r16_v06_90000.hdf5,A2000,n65,r16,v06,s047y,90000,0.0040,1462,9.702321600533871e+19,147,4.021404217524558e+18,0.04144785529788334,2.0052750057513574e+18,1315,9.300181178781413e+19,0.9585521447021164,2.5960317819099898e+19,/rds/general/ephemeral/user/nny124/ephemeral/martian_moons_data/Ma_xp_A2000_s047y_n65_r16_v06_90000.hdf5,True,False,mapped,,equatorial,4.7,1.6,0.6,physical_snapshot_filename,18:30:52 2023-06-18 BST,FullVolume,Untitled SWIFT simulation,3162278,Ma_xp_A2000_s047y_n65_r16_v06_90000
Ma_xp_A2000_s047y_n65_r20_v00_90000_fof_0.0040_0000.hdf5,Ma_xp_A2000_s047y_n65_r20_v00_90000.hdf5,A2000,n65,r20,v00,s047y,90000,0.0040,117,9.965983871941308e+19,0,0.0,0.0,0.0,117,9.965983871941308e+19,1.0,9.092204465005599e+19,/rds/general/ephemeral/user/nny124/ephemeral/martian_moons_data/Ma_xp_A2000_s047y_n65_r20_v00_90000.hdf5,True,False,mapped,,equatorial,4.7,2.0,0.0,physical_snapshot_filename,18:02:09 2023-06-29 BST,FullVolume,Untitled SWIFT simulation,3162278,Ma_xp_A2000_s047y_n65_r20_v00_90000
Ma_xp_A2000_s047z_n65_r11_v00_90000_fof_0.0040_0000.hdf5,Ma_xp_A2000_s047z_n65_r11_v00_90000.hdf5,A2000,n65,r11,v00,s047z,90000,0.0040,369,9.995590854962427e+19,148,2.6768782120192975e+19,0.26780590070774357,1.9471116510524175e+18,221,7.318712642943128e+19,0.7321940992922563,3.4785989818616305e+18,/rds/general/ephemeral/user/nny124/ephemeral/martian_moons_data/Ma_xp_A2000_s047z_n65_r11_v00_90000.hdf5,True,False,mapped,,prograde_z,4.7,1.1,0.0,physical_snapshot_filename,10:58:14 2023-04-08 BST,FullVolume,Untitled SWIFT simulation,3162278,Ma_xp_A2000_s047z_n65_r11_v00_90000
Ma_xp_A2000_s047z_n65_r12_v00_90000_fof_0.0040_0000.hdf5,Ma_xp_A2000_s047z_n65_r12_v00_90000.hdf5,A2000,n65,r12,v00,s047z,90000,0.0040,348,9.99846421329071e+19,136,2.5771081224135254e+19,0.25775039720478665,2.0026484777644086e+18,212,7.421356090877184e+19,0.7422496027952132,3.7851432783649976e+18,/rds/general/ephemeral/user/nny124/ephemeral/martian_moons_data/Ma_xp_A2000_s047z_n65_r12_v00_90000.hdf5,True,False,mapped,,prograde_z,4.7,1.2,0.0,physical_snapshot_filename,19:15:00 2023-03-26 BST,FullVolume,Untitled SWIFT simulation,3162278,Ma_xp_A2000_s047z_n65_r12_v00_90000
Ma_xp_A2000_s047z_n65_r12_v02_90000_fof_0.0040_0000.hdf5,Ma_xp_A2000_s047z_n65_r12_v02_90000.hdf5,A2000,n65,r12,v02,s047z,90000,0.0040,343,9.997499043368203e+19,125,2.5123784477470368e+19,0.25130069398842425,2.0797987817665933e+18,218,7.485120595621165e+19,0.7486993060115756,3.411480116074117e+18,/rds/general/ephemeral/user/nny124/ephemeral/martian_moons_data/Ma_xp_A2000_s047z_n65_r12_v02_90000.hdf5,True,False,mapped,,prograde_z,4.7,1.2,0.2,physical_snapshot_filename,01:10:38 2023-04-09 BST,FullVolume,Untitled SWIFT simulation,3162278,Ma_xp_A2000_s047z_n65_r12_v02_90000
Ma_xp_A2000_s047z_n65_r12_v04_90000_fof_0.0040_0000.hdf5,Ma_xp_A2000_s047z_n65_r12_v04_90000.hdf5,A2000,n65,r12,v04,s047z,90000,0.0040,342,9.942921057595079e+19,124,2.1810909918108295e+19,0.2193611896520856,2.127329444855716e+18,218,7.761830065784249e+19,0.7806388103479144,3.2945837981961943e+18,/rds/general/ephemeral/user/nny124/ephemeral/martian_moons_data/Ma_xp_A2000_s047z_n65_r12_v04_90000.hdf5,True,False,mapped,,prograde_z,4.7,1.2,0.4,physical_snapshot_filename,20:12:07 2023-04-08 BST,FullVolume,Untitled SWIFT simulation,3162242,Ma_xp_A2000_s047z_n65_r12_v04_90000
Ma_xp_A2000_s047z_n65_r12_v06_90000_fof_0.0040_0000.hdf5,Ma_xp_A2000_s047z_n65_r12_v06_90000.hdf5,A2000,n65,r12,v06,s047z,90000,0.0040,319,9.999065466684196e+19,89,1.5425155838592311e+19,0.1542659750552415,1.6451558672998144e+18,230,8.456549882824965e+19,0.8457340249447584,3.659386384145489e+18,/rds/general/ephemeral/user/nny124/ephemeral/martian_moons_data/Ma_xp_A2000_s047z_n65_r12_v06_90000.hdf5,True,False,mapped,,prograde_z,4.7,1.2,0.6,physical_snapshot_filename,04:08:38 2023-04-09 BST,FullVolume,Untitled SWIFT simulation,3162278,Ma_xp_A2000_s047z_n65_r12_v06_90000
Ma_xp_A2000_s047z_n65_r12_v08_90000_fof_0.0040_0000.hdf5,Ma_xp_A2000_s047z_n65_r12_v08_90000.hdf5,A2000,n65,r12,v08,s047z,90000,0.0040,305,9.998571806003364e+19,52,7.275419234046766e+18,0.07276458453474768,1.0564022143213082e+18,253,9.271029882598688e+19,0.9272354154652525,4.3538024100017797e+18,/rds/general/ephemeral/user/nny124/ephemeral/martian_moons_data/Ma_xp_A2000_s047z_n65_r12_v08_90000.hdf5,True,False,mapped,,prograde_z,4.7,1.2,0.8,physical_snapshot_filename,04:22:04 2023-04-10 BST,FullVolume,Untitled SWIFT simulation,3162278,Ma_xp_A2000_s047z_n65_r12_v08_90000
Ma_xp_A2000_s047z_n65_r12_v10_90000_fof_0.0040_0000.hdf5,Ma_xp_A2000_s047z_n65_r12_v10_90000.hdf5,A2000,n65,r12,v10,s047z,90000,0.0040,260,9.999866083046833e+19,14,1.2686130177014318e+18,0.012686300068079527,2.4999483249373434e+17,246,9.87300478127669e+19,0.9873136999319204,4.714807606088727e+18,/rds/general/ephemeral/user/nny124/ephemeral/martian_moons_data/Ma_xp_A2000_s047z_n65_r12_v10_90000.hdf5,True,False,mapped,,prograde_z,4.7,1.2,1.0,physical_snapshot_filename,18:04:25 2023-04-09 BST,FullVolume,Untitled SWIFT simulation,3162278,Ma_xp_A2000_s047z_n65_r12_v10_90000
Ma_xp_A2000_s047z_n65_r12_v12_90000_fof_0.0040_0000.hdf5,Ma_xp_A2000_s047z_n65_r12_v12_90000.hdf5,A2000,n65,r12,v12,s047z,90000,0.0040,228,1.0000888213816448e+20,0,0.0,0.0,0.0,228,1.0000888213816448e+20,1.0,3.7107460820111816e+18,/rds/general/ephemeral/user/nny124/ephemeral/martian_moons_data/Ma_xp_A2000_s047z_n65_r12_v12_90000.hdf5,True,False,mapped,,prograde_z,4.7,1.2,1.2,physical_snapshot_filename,20:52:59 2023-04-09 BST,FullVolume,Untitled SWIFT simulation,3162278,Ma_xp_A2000_s047z_n65_r12_v12_90000
Ma_xp_A2000_s047z_n65_r12_v14_90000_fof_0.0040_0000.hdf5,Ma_xp_A2000_s047z_n65_r12_v14_90000.hdf5,A2000,n65,r12,v14,s047z,90000,0.0040,178,1.0000796443564181e+20,0,0.0,0.0,0.0,178,1.0000796443564181e+20,1.0,4.45626864640912e+18,/rds/general/ephemeral/user/nny124/ephemeral/martian_moons_data/Ma_xp_A2000_s047z_n65_r12_v14_90000.hdf5,True,False,mapped,,prograde_z,4.7,1.2,1.4,physical_snapshot_filename,20:36:24 2023-04-09 BST,FullVolume,Untitled SWIFT simulation,3162278,Ma_xp_A2000_s047z_n65_r12_v14_90000
Ma_xp_A2000_s047z_n65_r12_v16_90000_fof_0.0040_0000.hdf5,Ma_xp_A2000_s047z_n65_r12_v16_90000.hdf5,A2000,n65,r12,v16,s047z,90000,0.0040,136,9.998027513458196e+19,0,0.0,0.0,0.0,136,9.998027513458196e+19,1.0,5.278023812249422e+18,/rds/general/ephemeral/user/nny124/ephemeral/martian_moons_data/Ma_xp_A2000_s047z_n65_r12_v16_90000.hdf5,True,False,mapped,,prograde_z,4.7,1.2,1.6,physical_snapshot_filename,20:30:52 2023-04-10 BST,FullVolume,Untitled SWIFT simulation,3162267,Ma_xp_A2000_s047z_n65_r12_v16_90000
Ma_xp_A2000_s047z_n65_r13_v00_90000_fof_0.0040_0000.hdf5,Ma_xp_A2000_s047z_n65_r13_v00_90000.hdf5,A2000,n65,r13,v00,s047z,90000,0.0040,371,9.997252213026279e+19,141,2.5777188692826227e+19,0.2578427366195575,2.2580545908085565e+18,230,7.419533343743656e+19,0.7421572633804425,3.461289213080032e+18,/rds/general/ephemeral/user/nny124/ephemeral/martian_moons_data/Ma_xp_A2000_s047z_n65_r13_v00_90000.hdf5,True,False,mapped,,prograde_z,4.7,1.3,0.0,physical_snapshot_filename,19:57:22 2023-04-08 BST,FullVolume,Untitled SWIFT simulation,3162278,Ma_xp_A2000_s047z_n65_r13_v00_90000
Ma_xp_A2000_s047z_n65_r14_v00_90000_fof_0.0040_0000.hdf5,Ma_xp_A2000_s047z_n65_r14_v00_90000.hdf5,A2000,n65,r14,v00,s047z,90000,0.0040,345,9.997815492522e+19,139,2.476439317207697e+19,0.2476980415431734,1.9010999439075543e+18,206,7.521376175314305e+19,0.7523019584568268,2.9119967697327165e+18,/rds/general/ephemeral/user/nny124/ephemeral/martian_moons_data/Ma_xp_A2000_s047z_n65_r14_v00_90000.hdf5,True,False,mapped,,prograde_z,4.7,1.4,0.0,physical_snapshot_filename,01:06:46 2023-04-09 BST,FullVolume,Untitled SWIFT simulation,3162278,Ma_xp_A2000_s047z_n65_r14_v00_90000
Ma_xp_A2000_s047z_n65_r15_v00_90000_fof_0.0040_0000.hdf5,Ma_xp_A2000_s047z_n65_r15_v00_90000.hdf5,A2000,n65,r15,v00,s047z,90000,0.0040,358,9.996840829124696e+19,142,2.4887207089148215e+19,0.24895071867746532,2.333021395641088e+18,216,7.508120120209877e+19,0.7510492813225348,4.5005715281170493e+18,/rds/general/ephemeral/user/nny124/ephemeral/martian_moons_data/Ma_xp_A2000_s047z_n65_r15_v00_90000.hdf5,True,False,mapped,,prograde_z,4.7,1.5,0.0,physical_snapshot_filename,11:47:34 2023-04-09 BST,FullVolume,Untitled SWIFT simulation,3162278,Ma_xp_A2000_s047z_n65_r15_v00_90000
Ma_xp_A2000_s047z_n65_r16_v00_90000_fof_0.0040_0000.hdf5,Ma_xp_A2000_s047z_n65_r16_v00_90000.hdf5,A2000,n65,r16,v00,s047z,90000,0.0040,356,9.997106646412529e+19,140,2.3630460914755875e+19,0.2363730002143739,2.2709024265037522e+18,216,7.634060554936941e+19,0.7636269997856261,3.074968084586886e+18,/rds/general/ephemeral/user/nny124/ephemeral/martian_moons_data/Ma_xp_A2000_s047z_n65_r16_v00_90000.hdf5,True,False,mapped,,prograde_z,4.7,1.6,0.0,physical_snapshot_filename,05:58:18 2023-03-27 BST,FullVolume,Untitled SWIFT simulation,3162278,Ma_xp_A2000_s047z_n65_r16_v00_90000
Ma_xp_A2000_s047z_n65_r16_v02_90000_fof_0.0040_0000.hdf5,Ma_xp_A2000_s047z_n65_r16_v02_90000.hdf5,A2000,n65,r16,v02,s047z,90000,0.0040,339,9.990277673649281e+19,131,2.243393501458702e+19,0.22455767244347552,2.1832143656382666e+18,208,7.746884172190579e+19,0.7754423275565244,4.2684877177985096e+18,/rds/general/ephemeral/user/nny124/ephemeral/martian_moons_data/Ma_xp_A2000_s047z_n65_r16_v02_90000.hdf5,True,False,mapped,,prograde_z,4.7,1.6,0.2,physical_snapshot_filename,08:27:43 2023-04-09 BST,FullVolume,Untitled SWIFT simulation,3162275,Ma_xp_A2000_s047z_n65_r16_v02_90000
Ma_xp_A2000_s047z_n65_r16_v04_90000_fof_0.0040_0000.hdf5,Ma_xp_A2000_s047z_n65_r16_v04_90000.hdf5,A2000,n65,r16,v04,s047z,90000,0.0040,349,9.998442061848994e+19,117,1.845939691692057e+19,0.18462273224901707,1.9441686739104146e+18,232,8.152502370156934e+19,0.8153772677509826,4.1545343770626135e+18,/rds/general/ephemeral/user/nny124/ephemeral/martian_moons_data/Ma_xp_A2000_s047z_n65_r16_v04_90000.hdf5,True,False,mapped,,prograde_z,4.7,1.6,0.4,physical_snapshot_filename,10:43:28 2023-04-10 BST,FullVolume,Untitled SWIFT simulation,3162278,Ma_xp_A2000_s047z_n65_r16_v04_90000
Ma_xp_A2000_s047z_n65_r16_v06_90000_fof_0.0040_0000.hdf5,Ma_xp_A2000_s047z_n65_r16_v06_90000.hdf5,A2000,n65,r16,v06,s047z,90000,0.0040,319,9.998600286429628e+19,72,1.204345358801084e+19,0.12045139562541111,1.3686742405290647e+18,247,8.794254927628544e+19,0.8795486043745888,4.152319232977217e+18,/rds/general/ephemeral/user/nny124/ephemeral/martian_moons_data/Ma_xp_A2000_s047z_n65_r16_v06_90000.hdf5,True,False,mapped,,prograde_z,4.7,1.6,0.6,physical_snapshot_filename,17:37:45 2023-04-10 BST,FullVolume,Untitled SWIFT simulation,3162274,Ma_xp_A2000_s047z_n65_r16_v06_90000
Ma_xp_A2000_s047z_n65_r16_v08_90000_fof_0.0040_0000.hdf5,Ma_xp_A2000_s047z_n65_r16_v08_90000.hdf5,A2000,n65,r16,v08,s047z,90000,0.0040,285,9.999350270926794e+19,34,4.694238411006715e+18,0.04694543429141849,5.888169428115082e+17,251,9.529926429826123e+19,0.9530545657085816,4.3776310313775447e+18,/rds/general/ephemeral/user/nny124/ephemeral/martian_moons_data/Ma_xp_A2000_s047z_n65_r16_v08_90000.hdf5,True,False,mapped,,prograde_z,4.7,1.6,0.8,physical_snapshot_filename,22:24:58 2023-04-10 BST,FullVolume,Untitled SWIFT simulation,3162278,Ma_xp_A2000_s047z_n65_r16_v08_90000
Ma_xp_A2000_s047z_n65_r16_v10_90000_fof_0.0040_0000.hdf5,Ma_xp_A2000_s047z_n65_r16_v10_90000.hdf5,A2000,n65,r16,v10,s047z,90000,0.0040,265,9.999856589574632e+19,1,1.7183189119505994e+16,0.00017183435547886113,1.7183189119505994e+16,264,9.99813827066268e+19,0.999828165644521,5.924339566526646e+18,/rds/general/ephemeral/user/nny124/ephemeral/martian_moons_data/Ma_xp_A2000_s047z_n65_r16_v10_90000.hdf5,True,False,mapped,,prograde_z,4.7,1.6,1.0,physical_snapshot_filename,11:08:37 2023-04-11 BST,FullVolume,Untitled SWIFT simulation,3162278,Ma_xp_A2000_s047z_n65_r16_v10_90000
Ma_xp_A2000_s047z_n65_r17_v00_90000_fof_0.0040_0000.hdf5,Ma_xp_A2000_s047z_n65_r17_v00_90000.hdf5,A2000,n65,r17,v00,s047z,90000,0.0040,329,9.997492714386122e+19,125,2.3454641764215812e+19,0.23460523987644638,1.756577614794356e+18,204,7.652028537964542e+19,0.7653947601235538,4.135768942167755e+18,/rds/general/ephemeral/user/nny124/ephemeral/martian_moons_data/Ma_xp_A2000_s047z_n65_r17_v00_90000.hdf5,True,False,mapped,,prograde_z,4.7,1.7,0.0,physical_snapshot_filename,22:41:10 2023-04-09 BST,FullVolume,Untitled SWIFT simulation,3162278,Ma_xp_A2000_s047z_n65_r17_v00_90000
Ma_xp_A2000_s047z_n65_r18_v00_90000_fof_0.0040_0000.hdf5,Ma_xp_A2000_s047z_n65_r18_v00_90000.hdf5,A2000,n65,r18,v00,s047z,90000,0.0040,322,9.997964223626248e+19,121,2.164021724387621e+19,0.21644623605211633,2.709849049482535e+18,201,7.833942499238627e+19,0.7835537639478837,5.847189262525086e+18,/rds/general/ephemeral/user/nny124/ephemeral/martian_moons_data/Ma_xp_A2000_s047z_n65_r18_v00_90000.hdf5,True,False,mapped,,prograde_z,4.7,1.8,0.0,physical_snapshot_filename,10:08:46 2023-04-10 BST,FullVolume,Untitled SWIFT simulation,3162278,Ma_xp_A2000_s047z_n65_r18_v00_90000
Ma_xp_A2000_s047z_n65_r19_v00_90000_fof_0.0040_0000.hdf5,Ma_xp_A2000_s047z_n65_r19_v00_90000.hdf5,A2000,n65,r19,v00,s047z,90000,0.0040,292,9.998669905236415e+19,101,1.91438447943908e+19,0.1914639144589117,2.9650336481202094e+18,191,8.084285425797335e+19,0.8085360855410882,9.994445308968286e+18,/rds/general/ephemeral/user/nny124/ephemeral/martian_moons_data/Ma_xp_A2000_s047z_n65_r19_v00_90000.hdf5,True,False,mapped,,prograde_z,4.7,1.9,0.0,physical_snapshot_filename,10:50:44 2023-04-11 BST,FullVolume,Untitled SWIFT simulation,3162278,Ma_xp_A2000_s047z_n65_r19_v00_90000
Ma_xp_A2000_s047z_n65_r20_v00_90000_fof_0.0040_0000.hdf5,Ma_xp_A2000_s047z_n65_r20_v00_90000.hdf5,A2000,n65,r20,v00,s047z,90000,0.0040,239,9.997935743239312e+19,79,1.5104308040275235e+19,0.15107426601025012,2.109639937088193e+18,160,8.487504939211787e+19,0.8489257339897498,2.8705577529180512e+19,/rds/general/ephemeral/user/nny124/ephemeral/martian_moons_data/Ma_xp_A2000_s047z_n65_r20_v00_90000.hdf5,True,False,mapped,,prograde_z,4.7,2.0,0.0,physical_snapshot_filename,07:28:14 2023-03-31 BST,FullVolume,Untitled SWIFT simulation,3162278,Ma_xp_A2000_s047z_n65_r20_v00_90000
Ma_xp_A2000_s047z_n65_r20_v02_90000_fof_0.0040_0000.hdf5,Ma_xp_A2000_s047z_n65_r20_v02_90000.hdf5,A2000,n65,r20,v02,s047z,90000,0.0040,272,9.993030781341735e+19,79,1.4763618879945075e+19,0.1477391514445311,2.0834063021342098e+18,193,8.51666889334723e+19,0.8522608485554691,2.953030731712916e+19,/rds/general/ephemeral/user/nny124/ephemeral/martian_moons_data/Ma_xp_A2000_s047z_n65_r20_v02_90000.hdf5,True,False,mapped,,prograde_z,4.7,2.0,0.2,physical_snapshot_filename,23:24:36 2023-04-14 BST,FullVolume,Untitled SWIFT simulation,3162278,Ma_xp_A2000_s047z_n65_r20_v02_90000
Ma_xp_A2000_s047z_n65_r20_v04_90000_fof_0.0040_0000.hdf5,Ma_xp_A2000_s047z_n65_r20_v04_90000.hdf5,A2000,n65,r20,v04,s047z,90000,0.0040,220,9.999033821809182e+19,46,9.20636033327237e+18,0.09207249917679157,2.1618224027566108e+18,174,9.078397788481946e+19,0.9079275008232085,2.9501035770285e+19,/rds/general/ephemeral/user/nny124/ephemeral/martian_moons_data/Ma_xp_A2000_s047z_n65_r20_v04_90000.hdf5,True,False,mapped,,prograde_z,4.7,2.0,0.4,physical_snapshot_filename,11:18:24 2023-04-15 BST,FullVolume,Untitled SWIFT simulation,3162278,Ma_xp_A2000_s047z_n65_r20_v04_90000
Ma_xp_A2000_s047z_n65_r20_v06_90000_fof_0.0040_0000.hdf5,Ma_xp_A2000_s047z_n65_r20_v06_90000.hdf5,A2000,n65,r20,v06,s047z,90000,0.0040,215,1.000050847490093e+20,11,3.081486937179809e+18,0.030813302592699772,1.8376835332347167e+18,204,9.69235978118295e+19,0.9691866974073003,3.397875966963829e+19,/rds/general/ephemeral/user/nny124/ephemeral/martian_moons_data/Ma_xp_A2000_s047z_n65_r20_v06_90000.hdf5,True,False,mapped,,prograde_z,4.7,2.0,0.6,physical_snapshot_filename,03:01:07 2023-04-16 BST,FullVolume,Untitled SWIFT simulation,3162278,Ma_xp_A2000_s047z_n65_r20_v06_90000
Ma_xp_A2000_s047z_n65_r20_v08_90000_fof_0.0040_0000.hdf5,Ma_xp_A2000_s047z_n65_r20_v08_90000.hdf5,A2000,n65,r20,v08,s047z,90000,0.0040,171,1.000039455322404e+20,0,0.0,0.0,0.0,171,1.000039455322404e+20,1.0,3.865749207229332e+19,/rds/general/ephemeral/user/nny124/ephemeral/martian_moons_data/Ma_xp_A2000_s047z_n65_r20_v08_90000.hdf5,True,False,mapped,,prograde_z,4.7,2.0,0.8,physical_snapshot_filename,19:55:04 2023-04-17 BST,FullVolume,Untitled SWIFT simulation,3162277,Ma_xp_A2000_s047z_n65_r20_v08_90000
Ma_xp_A2000_s047z_n65_r20_v10_90000_fof_0.0040_0000.hdf5,Ma_xp_A2000_s047z_n65_r20_v10_90000.hdf5,A2000,n65,r20,v10,s047z,90000,0.0040,142,9.999448370314812e+19,0,0.0,0.0,0.0,142,9.999448370314812e+19,1.0,5.067892079974599e+19,/rds/general/ephemeral/user/nny124/ephemeral/martian_moons_data/Ma_xp_A2000_s047z_n65_r20_v10_90000.hdf5,True,False,mapped,,prograde_z,4.7,2.0,1.0,physical_snapshot_filename,22:12:21 2023-04-19 BST,FullVolume,Untitled SWIFT simulation,3162278,Ma_xp_A2000_s047z_n65_r20_v10_90000
Ma_xp_A2000_s047z_n65_r22_v00_90000_fof_0.0040_0000.hdf5,Ma_xp_A2000_s047z_n65_r22_v00_90000.hdf5,A2000,n65,r22,v00,s047z,90000,0.0040,75,1.0004011567103413e+20,0,0.0,0.0,0.0,75,1.0004011567103413e+20,1.0,8.132809739364424e+19,/rds/general/ephemeral/user/nny124/ephemeral/martian_moons_data/Ma_xp_A2000_s047z_n65_r22_v00_90000.hdf5,True,False,mapped,,prograde_z,4.7,2.2,0.0,physical_snapshot_filename,18:25:13 2023-04-23 BST,FullVolume,Untitled SWIFT simulation,3162278,Ma_xp_A2000_s047z_n65_r22_v00_90000
Ma_xp_A2000_s047z_n65_r24_v00_90000_fof_0.0040_0000.hdf5,Ma_xp_A2000_s047z_n65_r24_v00_90000.hdf5,A2000,n65,r24,v00,s047z,90000,0.0040,225,9.962433312355916e+19,0,0.0,0.0,0.0,225,9.962433312355916e+19,1.0,9.425808328687691e+19,/rds/general/ephemeral/user/nny124/ephemeral/martian_moons_data/Ma_xp_A2000_s047z_n65_r24_v00_90000.hdf5,True,False,mapped,,prograde_z,4.7,2.4,0.0,physical_snapshot_filename,17:12:56 2023-04-29 BST,FullVolume,Untitled SWIFT simulation,3162278,Ma_xp_A2000_s047z_n65_r24_v00_90000
Ma_xp_A2000_s047z_n65_r26_v00_90000_fof_0.0040_0000.hdf5,Ma_xp_A2000_s047z_n65_r26_v00_90000.hdf5,A2000,n65,r26,v00,s047z,90000,0.0040,1,1.0007002011234022e+20,0,0.0,0.0,0.0,1,1.0007002011234022e+20,1.0,1.0007002011234022e+20,/rds/general/ephemeral/user/nny124/ephemeral/martian_moons_data/Ma_xp_A2000_s047z_n65_r26_v00_90000.hdf5,True,False,mapped,,prograde_z,4.7,2.6,0.0,physical_snapshot_filename,11:09:37 2023-04-23 BST,FullVolume,Untitled SWIFT simulation,3162278,Ma_xp_A2000_s047z_n65_r26_v00_90000
Ma_xp_A2000_s047z_n65_r28_v00_90000_fof_0.0040_0000.hdf5,Ma_xp_A2000_s047z_n65_r28_v00_90000.hdf5,A2000,n65,r28,v00,s047z,90000,0.0040,1,1.0007002011234022e+20,0,0.0,0.0,0.0,1,1.0007002011234022e+20,1.0,1.0007002011234022e+20,/rds/general/ephemeral/user/nny124/ephemeral/martian_moons_data/Ma_xp_A2000_s047z_n65_r28_v00_90000.hdf5,True,False,mapped,,prograde_z,4.7,2.8,0.0,physical_snapshot_filename,23:27:51 2023-04-22 BST,FullVolume,Untitled SWIFT simulation,3162278,Ma_xp_A2000_s047z_n65_r28_v00_90000
Ma_xp_A2000_s047z_n65_r30_v00_90000_fof_0.0040_0000.hdf5,Ma_xp_A2000_s047z_n65_r30_v00_90000.hdf5,A2000,n65,r30,v00,s047z,90000,0.0040,1,1.0007002011234022e+20,0,0.0,0.0,0.0,1,1.0007002011234022e+20,1.0,1.0007002011234022e+20,/rds/general/ephemeral/user/nny124/ephemeral/martian_moons_data/Ma_xp_A2000_s047z_n65_r30_v00_90000.hdf5,True,False,mapped,,prograde_z,4.7,3.0,0.0,physical_snapshot_filename,17:49:31 2023-04-23 BST,FullVolume,Untitled SWIFT simulation,3162278,Ma_xp_A2000_s047z_n65_r30_v00_90000
Ma_xp_A2000_s086mz_n65_r12_v00_90000_fof_0.0040_0000.hdf5,Ma_xp_A2000_s086mz_n65_r12_v00_90000.hdf5,A2000,n65,r12,v00,s086mz,90000,0.0040,204,9.989067223980528e+19,31,5.244675836427602e+18,0.0525041599863982,1.8987887735435702e+18,173,9.46459964033777e+19,0.947495840013602,3.754609552944561e+19,/rds/general/ephemeral/user/nny124/ephemeral/martian_moons_data/Ma_xp_A2000_s086mz_n65_r12_v00_90000.hdf5,True,False,mapped,,retrograde_z,8.6,1.2,0.0,physical_snapshot_filename,11:45:09 2023-04-17 BST,FullVolume,Untitled SWIFT simulation,3162278,Ma_xp_A2000_s086mz_n65_r12_v00_90000
Ma_xp_A2000_s086mz_n65_r16_v00_90000_fof_0.0040_0000.hdf5,Ma_xp_A2000_s086mz_n65_r16_v00_90000.hdf5,A2000,n65,r16,v00,s086mz,90000,0.0040,2,1.0000496261440541e+20,0,0.0,0.0,0.0,2,1.0000496261440541e+20,1.0,7.1635871792097845e+19,/rds/general/ephemeral/user/nny124/ephemeral/martian_moons_data/Ma_xp_A2000_s086mz_n65_r16_v00_90000.hdf5,True,False,mapped,,retrograde_z,8.6,1.6,0.0,physical_snapshot_filename,14:37:03 2023-06-15 BST,FullVolume,Untitled SWIFT simulation,3162278,Ma_xp_A2000_s086mz_n65_r16_v00_90000
Ma_xp_A2000_s086mz_n65_r16_v06_90000_fof_0.0040_0000.hdf5,Ma_xp_A2000_s086mz_n65_r16_v06_90000.hdf5,A2000,n65,r16,v06,s086mz,90000,0.0040,2,1.0000496261440541e+20,0,0.0,0.0,0.0,2,1.0000496261440541e+20,1.0,6.6561334918341894e+19,/rds/general/ephemeral/user/nny124/ephemeral/martian_moons_data/Ma_xp_A2000_s086mz_n65_r16_v06_90000.hdf5,True,False,mapped,,retrograde_z,8.6,1.6,0.6,physical_snapshot_filename,04:11:29 2023-06-15 BST,FullVolume,Untitled SWIFT simulation,3162278,Ma_xp_A2000_s086mz_n65_r16_v06_90000
Ma_xp_A2000_s086x_n65_r12_v00_90000_fof_0.0040_0000.hdf5,Ma_xp_A2000_s086x_n65_r12_v00_90000.hdf5,A2000,n65,r12,v00,s086x,90000,0.0040,974,9.728982306173503e+19,315,1.7965725736527008e+19,0.18466192219433783,4.128716037606689e+18,659,7.932409732520804e+19,0.8153380778056624,8.33136978796327e+18,/rds/general/ephemeral/user/nny124/ephemeral/martian_moons_data/Ma_xp_A2000_s086x_n65_r12_v00_90000.hdf5,True,False,mapped,,equatorial,8.6,1.2,0.0,physical_snapshot_filename,13:37:03 2023-04-03 BST,FullVolume,Untitled SWIFT simulation,3162278,Ma_xp_A2000_s086x_n65_r12_v00_90000
Ma_xp_A2000_s086x_n65_r16_v00_90000_fof_0.0040_0000.hdf5,Ma_xp_A2000_s086x_n65_r16_v00_90000.hdf5,A2000,n65,r16,v00,s086x,90000,0.0040,107,9.954862335071314e+19,48,1.2342506520143438e+19,0.12398470320036846,2.912886565109835e+18,59,8.720611683056971e+19,0.8760152967996316,2.9880418151329194e+19,/rds/general/ephemeral/user/nny124/ephemeral/martian_moons_data/Ma_xp_A2000_s086x_n65_r16_v00_90000.hdf5,True,False,mapped,,equatorial,8.6,1.6,0.0,physical_snapshot_filename,13:47:53 2023-06-14 BST,FullVolume,Untitled SWIFT simulation,3162278,Ma_xp_A2000_s086x_n65_r16_v00_90000
Ma_xp_A2000_s086x_n65_r16_v06_90000_fof_0.0040_0000.hdf5,Ma_xp_A2000_s086x_n65_r16_v06_90000.hdf5,A2000,n65,r16,v06,s086x,90000,0.0040,111,9.969093289213036e+19,0,0.0,0.0,0.0,111,9.969093289213036e+19,1.0,3.10323348276132e+19,/rds/general/ephemeral/user/nny124/ephemeral/martian_moons_data/Ma_xp_A2000_s086x_n65_r16_v06_90000.hdf5,True,False,mapped,,equatorial,8.6,1.6,0.6,physical_snapshot_filename,07:30:26 2023-06-16 BST,FullVolume,Untitled SWIFT simulation,3162278,Ma_xp_A2000_s086x_n65_r16_v06_90000
Ma_xp_A2000_s086x_n65_r20_v00_90000_fof_0.0040_0000.hdf5,Ma_xp_A2000_s086x_n65_r20_v00_90000.hdf5,A2000,n65,r20,v00,s086x,90000,0.0040,20,9.995537564533298e+19,0,0.0,0.0,0.0,20,9.995537564533298e+19,1.0,8.509462273036277e+19,/rds/general/ephemeral/user/nny124/ephemeral/martian_moons_data/Ma_xp_A2000_s086x_n65_r20_v00_90000.hdf5,True,False,mapped,,equatorial,8.6,2.0,0.0,physical_snapshot_filename,14:35:24 2023-07-03 BST,FullVolume,Untitled SWIFT simulation,3162278,Ma_xp_A2000_s086x_n65_r20_v00_90000
Ma_xp_A2000_s086y_n65_r12_v00_90000_fof_0.0040_0000.hdf5,Ma_xp_A2000_s086y_n65_r12_v00_90000.hdf5,A2000,n65,r12,v00,s086y,90000,0.0040,710,9.81320741759859e+19,243,1.9517089483153596e+19,0.19888593660165052,3.5417998647910743e+18,467,7.86149846928323e+19,0.8011140633983496,9.119859519984112e+18,/rds/general/ephemeral/user/nny124/ephemeral/martian_moons_data/Ma_xp_A2000_s086y_n65_r12_v00_90000.hdf5,True,False,mapped,,equatorial,8.6,1.2,0.0,physical_snapshot_filename,09:42:41 2023-04-03 BST,FullVolume,Untitled SWIFT simulation,3162278,Ma_xp_A2000_s086y_n65_r12_v00_90000
Ma_xp_A2000_s086y_n65_r16_v00_90000_fof_0.0040_0000.hdf5,Ma_xp_A2000_s086y_n65_r16_v00_90000.hdf5,A2000,n65,r16,v00,s086y,90000,0.0040,645,9.850119350206051e+19,241,1.586223259385604e+19,0.1610359431180316,4.4459081930752276e+18,404,8.263896090820447e+19,0.8389640568819684,1.9719042534577086e+19,/rds/general/ephemeral/user/nny124/ephemeral/martian_moons_data/Ma_xp_A2000_s086y_n65_r16_v00_90000.hdf5,True,False,mapped,,equatorial,8.6,1.6,0.0,physical_snapshot_filename,17:47:05 2023-06-16 BST,FullVolume,Untitled SWIFT simulation,3162278,Ma_xp_A2000_s086y_n65_r16_v00_90000
Ma_xp_A2000_s086y_n65_r16_v06_90000_fof_0.0040_0000.hdf5,Ma_xp_A2000_s086y_n65_r16_v06_90000.hdf5,A2000,n65,r16,v06,s086y,90000,0.0040,634,9.832245271831368e+19,11,3.6706374362146857e+18,0.03733264716992752,1.3513081558495178e+18,623,9.465181528209898e+19,0.9626673528300723,3.6782778774045008e+19,/rds/general/ephemeral/user/nny124/ephemeral/martian_moons_data/Ma_xp_A2000_s086y_n65_r16_v06_90000.hdf5,True,False,mapped,,equatorial,8.6,1.6,0.6,physical_snapshot_filename,12:31:06 2023-06-24 BST,FullVolume,Untitled SWIFT simulation,3162278,Ma_xp_A2000_s086y_n65_r16_v06_90000
Ma_xp_A2000_s086y_n65_r20_v00_90000_fof_0.0040_0000.hdf5,Ma_xp_A2000_s086y_n65_r20_v00_90000.hdf5,A2000,n65,r20,v00,s086y,90000,0.0040,249,9.86874925051159e+19,0,0.0,0.0,0.0,249,9.86874925051159e+19,1.0,9.014537809854382e+19,/rds/general/ephemeral/user/nny124/ephemeral/martian_moons_data/Ma_xp_A2000_s086y_n65_r20_v00_90000.hdf5,True,False,mapped,,equatorial,8.6,2.0,0.0,physical_snapshot_filename,06:22:46 2023-07-14 BST,FullVolume,Untitled SWIFT simulation,3161874,Ma_xp_A2000_s086y_n65_r20_v00_90000
Ma_xp_A2000_s086z_n65_r12_v00_90000_fof_0.0040_0000.hdf5,Ma_xp_A2000_s086z_n65_r12_v00_90000.hdf5,A2000,n65,r12,v00,s086z,90000,0.0040,337,9.989772446775134e+19,118,2.52111472267804e+19,0.2523695846036912,2.1434030629303247e+18,219,7.468657724097094e+19,0.7476304153963088,3.4965454306459617e+18,/rds/general/ephemeral/user/nny124/ephemeral/martian_moons_data/Ma_xp_A2000_s086z_n65_r12_v00_90000.hdf5,True,False,mapped,,prograde_z,8.6,1.2,0.0,physical_snapshot_filename,08:00:01 2023-03-27 BST,FullVolume,Untitled SWIFT simulation,3162276,Ma_xp_A2000_s086z_n65_r12_v00_90000
Ma_xp_A2000_s086z_n65_r16_v00_90000_fof_0.0040_0000.hdf5,Ma_xp_A2000_s086z_n65_r16_v00_90000.hdf5,A2000,n65,r16,v00,s086z,90000,0.0040,334,9.992270769828137e+19,103,2.0056885385615454e+19,0.20072399805435243,2.1583297525994324e+18,231,7.98658223126659e+19,0.7992760019456475,5.918875194575314e+18,/rds/general/ephemeral/user/nny124/ephemeral/martian_moons_data/Ma_xp_A2000_s086z_n65_r16_v00_90000.hdf5,True,False,mapped,,prograde_z,8.6,1.6,0.0,physical_snapshot_filename,02:19:37 2023-03-28 BST,FullVolume,Untitled SWIFT simulation,3162278,Ma_xp_A2000_s086z_n65_r16_v00_90000
Ma_xp_A2000_s086z_n65_r16_v06_90000_fof_0.0040_0000.hdf5,Ma_xp_A2000_s086z_n65_r16_v06_90000.hdf5,A2000,n65,r16,v06,s086z,90000,0.0040,266,9.992229658174482e+19,37,8.137955309175474e+18,0.08144283695999666,1.8548941861267873e+18,229,9.178434127256938e+19,0.9185571630400037,7.352881006089574e+18,/rds/general/ephemeral/user/nny124/ephemeral/martian_moons_data/Ma_xp_A2000_s086z_n65_r16_v06_90000.hdf5,True,False,mapped,,prograde_z,8.6,1.6,0.6,physical_snapshot_filename,17:46:29 2023-06-01 BST,FullVolume,Untitled SWIFT simulation,3162278,Ma_xp_A2000_s086z_n65_r16_v06_90000
Ma_xp_A2000_s086z_n65_r20_v00_90000_fof_0.0040_0000.hdf5,Ma_xp_A2000_s086z_n65_r20_v00_90000.hdf5,A2000,n65,r20,v00,s086z,90000,0.0040,85,9.997061857816455e+19,0,0.0,0.0,0.0,85,9.997061857816455e+19,1.0,7.1519051470829674e+19,/rds/general/ephemeral/user/nny124/ephemeral/martian_moons_data/Ma_xp_A2000_s086z_n65_r20_v00_90000.hdf5,True,False,mapped,,prograde_z,8.6,2.0,0.0,physical_snapshot_filename,03:30:46 2023-04-09 BST,FullVolume,Untitled SWIFT simulation,3162278,Ma_xp_A2000_s086z_n65_r20_v00_90000
Ma_xp_A2000_s170mz_n65_r12_v00_90000_fof_0.0040_0000.hdf5,Ma_xp_A2000_s170mz_n65_r12_v00_90000.hdf5,A2000,n65,r12,v00,s170mz,90000,0.0040,275,9.975855858542331e+19,59,1.4614407265541183e+19,0.146497778965269,2.0746865615071299e+18,216,8.514415131988215e+19,0.8535022210347312,1.3978439499963052e+19,/rds/general/ephemeral/user/nny124/ephemeral/martian_moons_data/Ma_xp_A2000_s170mz_n65_r12_v00_90000.hdf5,True,False,mapped,,retrograde_z,17.0,1.2,0.0,physical_snapshot_filename,08:11:20 2023-04-12 BST,FullVolume,Untitled SWIFT simulation,3162275,Ma_xp_A2000_s170mz_n65_r12_v00_90000
Ma_xp_A2000_s170mz_n65_r16_v00_90000_fof_0.0040_0000.hdf5,Ma_xp_A2000_s170mz_n65_r16_v00_90000.hdf5,A2000,n65,r16,v00,s170mz,90000,0.0040,177,9.964081250505086e+19,6,6.721220325422648e+18,0.06745449135194422,6.684560845962776e+18,171,9.291959217962821e+19,0.9325455086480559,5.9742921147368e+19,/rds/general/ephemeral/user/nny124/ephemeral/martian_moons_data/Ma_xp_A2000_s170mz_n65_r16_v00_90000.hdf5,True,False,mapped,,retrograde_z,17.0,1.6,0.0,physical_snapshot_filename,04:20:15 2023-06-19 BST,FullVolume,Untitled SWIFT simulation,3162275,Ma_xp_A2000_s170mz_n65_r16_v00_90000
Ma_xp_A2000_s170mz_n65_r16_v06_90000_fof_0.0040_0000.hdf5,Ma_xp_A2000_s170mz_n65_r16_v06_90000.hdf5,A2000,n65,r16,v06,s170mz,90000,0.0040,77,9.981432141026112e+19,0,0.0,0.0,0.0,77,9.981432141026112e+19,1.0,6.855796295581421e+19,/rds/general/ephemeral/user/nny124/ephemeral/martian_moons_data/Ma_xp_A2000_s170mz_n65_r16_v06_90000.hdf5,True,False,mapped,,retrograde_z,17.0,1.6,0.6,physical_snapshot_filename,15:59:43 2023-06-14 BST,FullVolume,Untitled SWIFT simulation,3162275,Ma_xp_A2000_s170mz_n65_r16_v06_90000
Ma_xp_A2000_s170x_n65_r12_v00_90000_fof_0.0040_0000.hdf5,Ma_xp_A2000_s170x_n65_r12_v00_90000.hdf5,A2000,n65,r12,v00,s170x,90000,0.0040,251,9.886486931138067e+19,59,2.170863226870417e+19,0.21957882936487347,3.4049425564783744e+18,192,7.715623704267651e+19,0.7804211706351267,7.953844011617172e+18,/rds/general/ephemeral/user/nny124/ephemeral/martian_moons_data/Ma_xp_A2000_s170x_n65_r12_v00_90000.hdf5,True,False,mapped,,equatorial,17.0,1.2,0.0,physical_snapshot_filename,21:13:55 2023-04-01 BST,FullVolume,Untitled SWIFT simulation,3162275,Ma_xp_A2000_s170x_n65_r12_v00_90000
Ma_xp_A2000_s170x_n65_r16_v00_90000_fof_0.0040_0000.hdf5,Ma_xp_A2000_s170x_n65_r16_v00_90000.hdf5,A2000,n65,r16,v00,s170x,90000,0.0040,117,9.955145305106928e+19,24,1.3169499616883851e+19,0.13228837162354606,3.1045305947380905e+18,93,8.638195343418542e+19,0.8677116283764538,2.3997402612392686e+19,/rds/general/ephemeral/user/nny124/ephemeral/martian_moons_data/Ma_xp_A2000_s170x_n65_r16_v00_90000.hdf5,True,False,mapped,,equatorial,17.0,1.6,0.0,physical_snapshot_filename,16:15:21 2023-06-12 BST,FullVolume,Untitled SWIFT simulation,3162275,Ma_xp_A2000_s170x_n65_r16_v00_90000
Ma_xp_A2000_s170x_n65_r16_v06_90000_fof_0.0040_0000.hdf5,Ma_xp_A2000_s170x_n65_r16_v06_90000.hdf5,A2000,n65,r16,v06,s170x,90000,0.0040,132,9.960033235768082e+19,0,0.0,0.0,0.0,132,9.960033235768082e+19,1.0,3.464238712030334e+19,/rds/general/ephemeral/user/nny124/ephemeral/martian_moons_data/Ma_xp_A2000_s170x_n65_r16_v06_90000.hdf5,True,False,mapped,,equatorial,17.0,1.6,0.6,physical_snapshot_filename,13:51:54 2023-06-13 BST,FullVolume,Untitled SWIFT simulation,3162274,Ma_xp_A2000_s170x_n65_r16_v06_90000
Ma_xp_A2000_s170x_n65_r20_v00_90000_fof_0.0040_0000.hdf5,Ma_xp_A2000_s170x_n65_r20_v00_90000.hdf5,A2000,n65,r20,v00,s170x,90000,0.0040,10,9.982935147993652e+19,0,0.0,0.0,0.0,10,9.982935147993652e+19,1.0,8.58064848588708e+19,/rds/general/ephemeral/user/nny124/ephemeral/martian_moons_data/Ma_xp_A2000_s170x_n65_r20_v00_90000.hdf5,True,False,mapped,,equatorial,17.0,2.0,0.0,physical_snapshot_filename,22:15:14 2023-06-26 BST,FullVolume,Untitled SWIFT simulation,3162275,Ma_xp_A2000_s170x_n65_r20_v00_90000
Ma_xp_A2000_s170y_n65_r12_v00_90000_fof_0.0040_0000.hdf5,Ma_xp_A2000_s170y_n65_r12_v00_90000.hdf5,A2000,n65,r12,v00,s170y,90000,0.0040,231,9.899837170514895e+19,66,1.8652728373684113e+19,0.18841449664685725,3.433202878714821e+18,165,8.034564333146482e+19,0.8115855033531426,9.61438265529594e+18,/rds/general/ephemeral/user/nny124/ephemeral/martian_moons_data/Ma_xp_A2000_s170y_n65_r12_v00_90000.hdf5,True,False,mapped,,equatorial,17.0,1.2,0.0,physical_snapshot_filename,06:41:41 2023-04-02 BST,FullVolume,Untitled SWIFT simulation,3162275,Ma_xp_A2000_s170y_n65_r12_v00_90000
Ma_xp_A2000_s170y_n65_r16_v00_90000_fof_0.0040_0000.hdf5,Ma_xp_A2000_s170y_n65_r16_v00_90000.hdf5,A2000,n65,r16,v00,s170y,90000,0.0040,120,9.954270656009188e+19,44,1.2386199266354498e+19,0.12443100749804512,2.9203806514051773e+18,76,8.71565072937374e+19,0.8755689925019551,2.163679737157281e+19,/rds/general/ephemeral/user/nny124/ephemeral/martian_moons_data/Ma_xp_A2000_s170y_n65_r16_v00_90000.hdf5,True,False,mapped,,equatorial,17.0,1.6,0.0,physical_snapshot_filename,06:59:54 2023-06-14 BST,FullVolume,Untitled SWIFT simulation,3162275,Ma_xp_A2000_s170y_n65_r16_v00_90000
Ma_xp_A2000_s170y_n65_r16_v06_90000_fof_0.0040_0000.hdf5,Ma_xp_A2000_s170y_n65_r16_v06_90000.hdf5,A2000,n65,r16,v06,s170y,90000,0.0040,67,9.963500256279457e+19,3,4546912181069435.0,4.563569091297771e-05,1547213172725016.2,64,9.96304556506135e+19,0.9999543643090869,3.0679342669125415e+19,/rds/general/ephemeral/user/nny124/ephemeral/martian_moons_data/Ma_xp_A2000_s170y_n65_r16_v06_90000.hdf5,True,False,mapped,,equatorial,17.0,1.6,0.6,physical_snapshot_filename,22:51:26 2023-06-22 BST,FullVolume,Untitled SWIFT simulation,3162275,Ma_xp_A2000_s170y_n65_r16_v06_90000
Ma_xp_A2000_s170y_n65_r20_v00_90000_fof_0.0040_0000.hdf5,Ma_xp_A2000_s170y_n65_r20_v00_90000.hdf5,A2000,n65,r20,v00,s170y,90000,0.0040,21,9.972164649746139e+19,0,0.0,0.0,0.0,21,9.972164649746139e+19,1.0,8.86844592388416e+19,/rds/general/ephemeral/user/nny124/ephemeral/martian_moons_data/Ma_xp_A2000_s170y_n65_r20_v00_90000.hdf5,True,False,mapped,,equatorial,17.0,2.0,0.0,physical_snapshot_filename,10:42:22 2023-06-28 BST,FullVolume,Untitled SWIFT simulation,3162275,Ma_xp_A2000_s170y_n65_r20_v00_90000
Ma_xp_A2000_s170z_n65_r12_v00_90000_fof_0.0040_0000.hdf5,Ma_xp_A2000_s170z_n65_r12_v00_90000.hdf5,A2000,n65,r12,v00,s170z,90000,0.0040,323,9.974801227526573e+19,99,2.3374033582366e+19,0.2343308207271615,2.9668917739239327e+18,224,7.637397869289973e+19,0.7656691792728385,5.566683540781856e+18,/rds/general/ephemeral/user/nny124/ephemeral/martian_moons_data/Ma_xp_A2000_s170z_n65_r12_v00_90000.hdf5,True,False,mapped,,prograde_z,17.0,1.2,0.0,physical_snapshot_filename,19:38:57 2023-03-27 BST,FullVolume,Untitled SWIFT simulation,3162275,Ma_xp_A2000_s170z_n65_r12_v00_90000
Ma_xp_A2000_s170z_n65_r16_v00_90000_fof_0.0040_0000.hdf5,Ma_xp_A2000_s170z_n65_r16_v00_90000.hdf5,A2000,n65,r16,v00,s170z,90000,0.0040,270,9.977396756560622e+19,82,1.7830779269627402e+19,0.1787117391909147,1.7102389198835901e+18,188,8.194318829597881e+19,0.8212882608090852,1.252794293842601e+19,/rds/general/ephemeral/user/nny124/ephemeral/martian_moons_data/Ma_xp_A2000_s170z_n65_r16_v00_90000.hdf5,True,False,mapped,,prograde_z,17.0,1.6,0.0,physical_snapshot_filename,08:57:25 2023-03-29 BST,FullVolume,Untitled SWIFT simulation,3162275,Ma_xp_A2000_s170z_n65_r16_v00_90000
Ma_xp_A2000_s170z_n65_r16_v06_90000_fof_0.0040_0000.hdf5,Ma_xp_A2000_s170z_n65_r16_v06_90000.hdf5,A2000,n65,r16,v06,s170z,90000,0.0040,229,9.977734617393283e+19,20,5.515215020962289e+18,0.055275222607625914,2.0144399751080904e+18,209,9.426213115297053e+19,0.9447247773923739,1.6916723618077633e+19,/rds/general/ephemeral/user/nny124/ephemeral/martian_moons_data/Ma_xp_A2000_s170z_n65_r16_v06_90000.hdf5,True,False,mapped,,prograde_z,17.0,1.6,0.6,physical_snapshot_filename,05:56:55 2023-06-03 BST,FullVolume,Untitled SWIFT simulation,3162270,Ma_xp_A2000_s170z_n65_r16_v06_90000
Ma_xp_A2000_s170z_n65_r20_v00_90000_fof_0.0040_0000.hdf5,Ma_xp_A2000_s170z_n65_r20_v00_90000.hdf5,A2000,n65,r20,v00,s170z,90000,0.0040,8,9.980093327885638e+19,0,0.0,0.0,0.0,8,9.980093327885638e+19,1.0,8.500982795386598e+19,/rds/general/ephemeral/user/nny124/ephemeral/martian_moons_data/Ma_xp_A2000_s170z_n65_r20_v00_90000.hdf5,True,False,mapped,,prograde_z,17.0,2.0,0.0,physical_snapshot_filename,12:20:19 2023-04-18 BST,FullVolume,Untitled SWIFT simulation,3162274,Ma_xp_A2000_s170z_n65_r20_v00_90000
Ma_xp_A2000c30_n65_r12_v00_90000_fof_0.0040_0000.hdf5,Ma_xp_A2000c30_n65_r12_v00_90000.hdf5,A2000c30,n65,r12,v00,,90000,0.0040,220,9.989343606934811e+19,102,1.6140753398481797e+19,0.16157971968525087,1.8614501713851965e+18,118,8.375268267086635e+19,0.8384202803147495,2.958844601101288e+19,/rds/general/ephemeral/user/nny124/ephemeral/martian_moons_data/Ma_xp_A2000c30_n65_r12_v00_90000.hdf5,True,False,mapped,,no_spin,,1.2,0.0,physical_snapshot_filename,10:55:57 2023-06-21 BST,FullVolume,Untitled SWIFT simulation,3195625,Ma_xp_A2000c30_n65_r12_v00_90000
Ma_xp_A2000c30_n65_r12_v02_90000_fof_0.0040_0000.hdf5,Ma_xp_A2000c30_n65_r12_v02_90000.hdf5,A2000c30,n65,r12,v02,,90000,0.0040,201,9.982236519051277e+19,94,1.5689772385815538e+19,0.1571769247890623,2.707888072600251e+18,107,8.413259280469724e+19,0.8428230752109378,2.875154887483925e+19,/rds/general/ephemeral/user/nny124/ephemeral/martian_moons_data/Ma_xp_A2000c30_n65_r12_v02_90000.hdf5,True,False,mapped,,no_spin,,1.2,0.2,physical_snapshot_filename,06:05:40 2023-06-28 BST,FullVolume,Untitled SWIFT simulation,3195620,Ma_xp_A2000c30_n65_r12_v02_90000
Ma_xp_A2000c30_n65_r12_v04_90000_fof_0.0040_0000.hdf5,Ma_xp_A2000c30_n65_r12_v04_90000.hdf5,A2000c30,n65,r12,v04,,90000,0.0040,212,9.98912776665291e+19,84,1.4759907533025427e+19,0.14775972314919222,2.2503692898214234e+18,128,8.513137013350367e+19,0.8522402768508078,3.3638109734158504e+19,/rds/general/ephemeral/user/nny124/ephemeral/martian_moons_data/Ma_xp_A2000c30_n65_r12_v04_90000.hdf5,True,False,mapped,,no_spin,,1.2,0.4,physical_snapshot_filename,19:21:00 2023-06-21 BST,FullVolume,Untitled SWIFT simulation,3195625,Ma_xp_A2000c30_n65_r12_v04_90000
Ma_xp_A2000c30_n65_r12_v06_90000_fof_0.0040_0000.hdf5,Ma_xp_A2000c30_n65_r12_v06_90000.hdf5,A2000c30,n65,r12,v06,,90000,0.0040,294,9.96730600381809e+19,42,1.2208800818233719e+19,0.12248847194574942,2.4505689486331807e+18,252,8.746425921994716e+19,0.8775115280542504,3.7520575461010194e+19,/rds/general/ephemeral/user/nny124/ephemeral/martian_moons_data/Ma_xp_A2000c30_n65_r12_v06_90000.hdf5,True,False,mapped,,no_spin,,1.2,0.6,physical_snapshot_filename,14:38:13 2023-07-02 BST,FullVolume,Untitled SWIFT simulation,3195620,Ma_xp_A2000c30_n65_r12_v06_90000
Ma_xp_A2000c30_n65_r12_v08_90000_fof_0.0040_0000.hdf5,Ma_xp_A2000c30_n65_r12_v08_90000.hdf5,A2000c30,n65,r12,v08,,90000,0.0040,313,9.96982726823831e+19,10,2.334797239688498e+18,0.02341863280948359,8.569796644986257e+17,303,9.73634754426946e+19,0.9765813671905165,4.1191611579452015e+19,/rds/general/ephemeral/user/nny124/ephemeral/martian_moons_data/Ma_xp_A2000c30_n65_r12_v08_90000.hdf5,True,False,mapped,,no_spin,,1.2,0.8,physical_snapshot_filename,12:27:18 2023-06-23 BST,FullVolume,Untitled SWIFT simulation,3195625,Ma_xp_A2000c30_n65_r12_v08_90000
Ma_xp_A2000c30_n65_r12_v10_90000_fof_0.0040_0000.hdf5,Ma_xp_A2000c30_n65_r12_v10_90000.hdf5,A2000c30,n65,r12,v10,,90000,0.0040,206,9.984764039635336e+19,0,0.0,0.0,0.0,206,9.984764039635336e+19,1.0,4.368659982723585e+19,/rds/general/ephemeral/user/nny124/ephemeral/martian_moons_data/Ma_xp_A2000c30_n65_r12_v10_90000.hdf5,True,False,mapped,,no_spin,,1.2,1.0,physical_snapshot_filename,05:41:48 2023-07-04 BST,FullVolume,Untitled SWIFT simulation,3195625,Ma_xp_A2000c30_n65_r12_v10_90000
Ma_xp_A2000c30_n65_r14_v00_90000_fof_0.0040_0000.hdf5,Ma_xp_A2000c30_n65_r14_v00_90000.hdf5,A2000c30,n65,r14,v00,,90000,0.0040,299,9.940970364172375e+19,99,1.5526296851918524e+19,0.15618492242845702,1.9241689707469463e+18,200,8.388340678980523e+19,0.8438150775715431,6.165943035233535e+19,/rds/general/ephemeral/user/nny124/ephemeral/martian_moons_data/Ma_xp_A2000c30_n65_r14_v00_90000.hdf5,True,False,mapped,,no_spin,,1.4,0.0,physical_snapshot_filename,06:16:15 2023-07-10 BST,FullVolume,Untitled SWIFT simulation,3195625,Ma_xp_A2000c30_n65_r14_v00_90000
Ma_xp_A2000c30_n65_r16_v00_90000_fof_0.0040_0000.hdf5,Ma_xp_A2000c30_n65_r16_v00_90000.hdf5,A2000c30,n65,r16,v00,,90000,0.0040,214,9.974947999955588e+19,67,1.0595535661380975e+19,0.10622146262244324,2.3113363421686257e+18,147,8.915394433817489e+19,0.8937785373775565,7.444399287623806e+19,/rds/general/ephemeral/user/nny124/ephemeral/martian_moons_data/Ma_xp_A2000c30_n65_r16_v00_90000.hdf5,True,False,mapped,,no_spin,,1.6,0.0,physical_snapshot_filename,10:05:33 2023-07-07 BST,FullVolume,Untitled SWIFT simulation,3195625,Ma_xp_A2000c30_n65_r16_v00_90000
Ma_xp_A2000c30_n65_r16_v02_90000_fof_0.0040_0000.hdf5,Ma_xp_A2000c30_n65_r16_v02_90000.hdf5,A2000c30,n65,r16,v02,,90000,0.0040,217,9.98863352378385e+19,115,1.6004336099723893e+19,0.1602254809090363,3.1033136799510574e+18,102,8.388199913811463e+19,0.8397745190909639,2.7691616806284743e+19,/rds/general/ephemeral/user/nny124/ephemeral/martian_moons_data/Ma_xp_A2000c30_n65_r16_v02_90000.hdf5,True,False,mapped,,no_spin,,1.6,0.2,physical_snapshot_filename,00:32:53 2023-08-03 BST,FullVolume,Untitled SWIFT simulation,3195625,Ma_xp_A2000c30_n65_r16_v02_90000
Ma_xp_A2000c30_n65_r16_v04_90000_fof_0.0040_0000.hdf5,Ma_xp_A2000c30_n65_r16_v04_90000.hdf5,A2000c30,n65,r16,v04,,90000,0.0040,281,9.979017683884296e+19,79,1.4818684901609734e+19,0.14849843312274416,2.7691366557181117e+18,202,8.497149193723322e+19,0.8515015668772559,3.372569708488311e+19,/rds/general/ephemeral/user/nny124/ephemeral/martian_moons_data/Ma_xp_A2000c30_n65_r16_v04_90000.hdf5,True,False,mapped,,no_spin,,1.6,0.4,physical_snapshot_filename,14:51:22 2023-08-05 BST,FullVolume,Untitled SWIFT simulation,3195625,Ma_xp_A2000c30_n65_r16_v04_90000
Ma_xp_A2000c30_n65_r16_v06_90000_fof_0.0040_0000.hdf5,Ma_xp_A2000c30_n65_r16_v06_90000.hdf5,A2000c30,n65,r16,v06,,90000,0.0040,290,9.949876121031382e+19,25,3.5169136625745326e+18,0.03534630602225003,6.75705129684248e+17,265,9.598184754773932e+19,0.9646536939777504,3.637430728959857e+19,/rds/general/ephemeral/user/nny124/ephemeral/martian_moons_data/Ma_xp_A2000c30_n65_r16_v06_90000.hdf5,True,False,mapped,,no_spin,,1.6,0.6,physical_snapshot_filename,05:53:54 2023-08-31 BST,FullVolume,Untitled SWIFT simulation,3195625,Ma_xp_A2000c30_n65_r16_v06_90000
Ma_xp_A2000c30_n65_r16_v10_90000_fof_0.0040_0000.hdf5,Ma_xp_A2000c30_n65_r16_v10_90000.hdf5,A2000c30,n65,r16,v10,,90000,0.0040,169,9.991583340508678e+19,0,0.0,0.0,0.0,169,9.991583340508678e+19,1.0,4.3963063043558736e+19,/rds/general/ephemeral/user/nny124/ephemeral/martian_moons_data/Ma_xp_A2000c30_n65_r16_v10_90000.hdf5,True,False,mapped,,no_spin,,1.6,1.0,physical_snapshot_filename,04:56:37 2023-08-09 BST,FullVolume,Untitled SWIFT simulation,3195625,Ma_xp_A2000c30_n65_r16_v10_90000
Ma_xp_A2000c30_n65_r18_v00_90000_fof_0.0040_0000.hdf5,Ma_xp_A2000c30_n65_r18_v00_90000.hdf5,A2000c30,n65,r18,v00,,90000,0.0040,121,9.968263208579978e+19,3,2.1938754486008512e+18,0.022008602729435535,2.1814880947119107e+18,118,9.74887566371989e+19,0.9779913972705641,9.223004338057519e+19,/rds/general/ephemeral/user/nny124/ephemeral/martian_moons_data/Ma_xp_A2000c30_n65_r18_v00_90000.hdf5,True,False,mapped,,no_spin,,1.8,0.0,physical_snapshot_filename,04:47:12 2023-07-14 BST,FullVolume,Untitled SWIFT simulation,3195625,Ma_xp_A2000c30_n65_r18_v00_90000
Ma_xp_A2000c30_n65_r20_v00_90000_fof_0.0040_0000.hdf5,Ma_xp_A2000c30_n65_r20_v00_90000.hdf5,A2000c30,n65,r20,v00,,90000,0.0040,174,9.951024141195947e+19,0,0.0,0.0,0.0,174,9.951024141195947e+19,1.0,9.773325047163357e+19,/rds/general/ephemeral/user/nny124/ephemeral/martian_moons_data/Ma_xp_A2000c30_n65_r20_v00_90000.hdf5,True,False,mapped,,no_spin,,2.0,0.0,physical_snapshot_filename,01:26:25 2023-07-14 BST,FullVolume,Untitled SWIFT simulation,3195625,Ma_xp_A2000c30_n65_r20_v00_90000
Ma_xp_A2000c30_n65_r22_v00_90000_fof_0.0040_0000.hdf5,Ma_xp_A2000c30_n65_r22_v00_90000.hdf5,A2000c30,n65,r22,v00,,90000,0.0040,1,9.996297417209251e+19,0,0.0,0.0,0.0,1,9.996297417209251e+19,1.0,9.996297417209251e+19,/rds/general/ephemeral/user/nny124/ephemeral/martian_moons_data/Ma_xp_A2000c30_n65_r22_v00_90000.hdf5,True,False,mapped,,no_spin,,2.2,0.0,physical_snapshot_filename,00:16:55 2023-06-30 BST,FullVolume,Untitled SWIFT simulation,3195625,Ma_xp_A2000c30_n65_r22_v00_90000
Ma_xp_A2050_n70_r12_v00_90000_fof_0.0030_0000.hdf5,Ma_xp_A2050_n70_r12_v00_90000.hdf5,A2050,n70,r12,v00,,90000,0.0030,930,3.156780435474726e+20,385,8.558154853731672e+19,0.27110389932598117,8.629297811404521e+18,545,2.3009649501015586e+20,0.7288961006740187,1.6960023835072033e+19,/rds/general/ephemeral/user/nny124/ephemeral/martian_moons_data/Ma_xp_A2050_n70_r12_v00_90000.hdf5,True,False,mapped,,no_spin,,1.2,0.0,physical_snapshot_filename,22:51:04 2023-06-23 BST,FullVolume,Untitled SWIFT simulation,10094432,Ma_xp_A2050_n70_r12_v00_90000
Ma_xp_A2050_n70_r12_v00_90000_fof_0.0040_0000.hdf5,Ma_xp_A2050_n70_r12_v00_90000.hdf5,A2050,n70,r12,v00,,90000,0.0040,912,3.157887904100133e+20,385,8.562295333151336e+19,0.2711399388823852,8.629986847314e+18,527,2.301658370785e+20,0.728860061117615,1.6961401906890945e+19,/rds/general/ephemeral/user/nny124/ephemeral/martian_moons_data/Ma_xp_A2050_n70_r12_v00_90000.hdf5,True,False,mapped,,no_spin,,1.2,0.0,physical_snapshot_filename,22:51:04 2023-06-23 BST,FullVolume,Untitled SWIFT simulation,10094432,Ma_xp_A2050_n70_r12_v00_90000
Ma_xp_A2050_n70_r12_v00_90000_fof_0.0050_0000.hdf5,Ma_xp_A2050_n70_r12_v00_90000.hdf5,A2050,n70,r12,v00,,90000,0.0050,882,3.158441012016561e+20,387,8.564393760693823e+19,0.2711588954205524,8.630268725640605e+18,495,2.302001635947178e+20,0.7288411045794474,1.696152718614721e+19,/rds/general/ephemeral/user/nny124/ephemeral/martian_moons_data/Ma_xp_A2050_n70_r12_v00_90000.hdf5,True,False,mapped,,no_spin,,1.2,0.0,physical_snapshot_filename,22:51:04 2023-06-23 BST,FullVolume,Untitled SWIFT simulation,10094432,Ma_xp_A2050_n70_r12_v00_90000
Ma_xp_A2050_n70_r16_v00_90000_fof_0.0030_0000.hdf5,Ma_xp_A2050_n70_r16_v00_90000.hdf5,A2050,n70,r16,v00,,90000,0.0030,577,3.158275956595681e+20,320,6.877073229622841e+19,0.21774769919205123,7.552052806563177e+18,257,2.4705686336333975e+20,0.782252300807949,9.051883534702204e+19,/rds/general/ephemeral/user/nny124/ephemeral/martian_moons_data/Ma_xp_A2050_n70_r16_v00_90000.hdf5,True,False,mapped,,no_spin,,1.6,0.0,physical_snapshot_filename,04:53:31 2023-07-08 BST,FullVolume,Untitled SWIFT simulation,10094432,Ma_xp_A2050_n70_r16_v00_90000
Ma_xp_A2050_n70_r16_v00_90000_fof_0.0040_0000.hdf5,Ma_xp_A2050_n70_r16_v00_90000.hdf5,A2050,n70,r16,v00,,90000,0.0040,534,3.159236848487596e+20,317,6.8808879829762015e+19,0.21780221974399452,7.553900675593142e+18,217,2.4711480501899772e+20,0.7821977802560058,9.27344616334017e+19,/rds/general/ephemeral/user/nny124/ephemeral/martian_moons_data/Ma_xp_A2050_n70_r16_v00_90000.hdf5,True,False,mapped,,no_spin,,1.6,0.0,physical_snapshot_filename,04:53:31 2023-07-08 BST,FullVolume,Untitled SWIFT simulation,10094432,Ma_xp_A2050_n70_r16_v00_90000
Ma_xp_A2050_n70_r16_v00_90000_fof_0.0050_0000.hdf5,Ma_xp_A2050_n70_r16_v00_90000.hdf5,A2050,n70,r16,v00,,90000,0.0050,501,3.159625840578216e+20,314,6.88237880612579e+19,0.2178225889197787,7.554119914291613e+18,187,2.4713879599656367e+20,0.7821774110802212,9.27347121919142e+19,/rds/general/ephemeral/user/nny124/ephemeral/martian_moons_data/Ma_xp_A2050_n70_r16_v00_90000.hdf5,True,False,mapped,,no_spin,,1.6,0.0,physical_snapshot_filename,04:53:31 2023-07-08 BST,FullVolume,Untitled SWIFT simulation,10094432,Ma_xp_A2050_n70_r16_v00_90000
Ma_xp_A2100_n70_r12_v00_90000_fof_0.0044_0000.hdf5,Ma_xp_A2100_n70_r12_v00_90000.hdf5,A2100,n70,r12,v00,,90000,0.0044,2976,9.882218407203283e+20,887,2.5574268804366015e+20,0.2587907669165112,3.5149007724538753e+19,2089,7.32479152676668e+20,0.7412092330834887,7.837843393120377e+19,/rds/general/ephemeral/user/nny124/ephemeral/martian_moons_data/Ma_xp_A2100_n70_r12_v00_90000.hdf5,True,False,mapped,,no_spin,,1.2,0.0,physical_snapshot_filename,12:11:02 2023-04-23 BST,FullVolume,Untitled SWIFT simulation,10087874,Ma_xp_A2100_n70_r12_v00_90000
Ma_xp_A2100_n70_r12_v00_90000_fof_0.0059_0000.hdf5,Ma_xp_A2100_n70_r12_v00_90000.hdf5,A2100,n70,r12,v00,,90000,0.0059,2929,9.897766364468052e+20,879,2.5604585735315787e+20,0.2586905448408398,3.5254755241124127e+19,2050,7.337307790936471e+20,0.7413094551591599,7.838140715097643e+19,/rds/general/ephemeral/user/nny124/ephemeral/martian_moons_data/Ma_xp_A2100_n70_r12_v00_90000.hdf5,True,False,mapped,,no_spin,,1.2,0.0,physical_snapshot_filename,12:11:02 2023-04-23 BST,FullVolume,Untitled SWIFT simulation,10087874,Ma_xp_A2100_n70_r12_v00_90000
Ma_xp_A2100_n70_r12_v00_90000_fof_0.0074_0000.hdf5,Ma_xp_A2100_n70_r12_v00_90000.hdf5,A2100,n70,r12,v00,,90000,0.0074,2893,9.906883247364068e+20,866,2.5624278360944384e+20,0.25865126015048434,3.5256043636359e+19,2027,7.34445541126963e+20,0.7413487398495157,7.838180358027946e+19,/rds/general/ephemeral/user/nny124/ephemeral/martian_moons_data/Ma_xp_A2100_n70_r12_v00_90000.hdf5,True,False,mapped,,no_spin,,1.2,0.0,physical_snapshot_filename,12:11:02 2023-04-23 BST,FullVolume,Untitled SWIFT simulation,10087874,Ma_xp_A2100_n70_r12_v00_90000
Ma_xp_A2100_n70_r16_v00_90000_fof_0.0044_0000.hdf5,Ma_xp_A2100_n70_r16_v00_90000.hdf5,A2100,n70,r16,v00,,90000,0.0044,2116,9.918259777264575e+20,387,2.1097422417355643e+20,0.2127129445199332,2.3405086944016703e+19,1729,7.808517535529012e+20,0.7872870554800669,3.886376832957781e+20,/rds/general/ephemeral/user/nny124/ephemeral/martian_moons_data/Ma_xp_A2100_n70_r16_v00_90000.hdf5,True,False,mapped,,no_spin,,1.6,0.0,physical_snapshot_filename,09:54:56 2023-05-02 BST,FullVolume,Untitled SWIFT simulation,10087874,Ma_xp_A2100_n70_r16_v00_90000
Ma_xp_A2100_n70_r16_v00_90000_fof_0.0059_0000.hdf5,Ma_xp_A2100_n70_r16_v00_90000.hdf5,A2100,n70,r16,v00,,90000,0.0059,2101,9.928129875836801e+20,386,2.110706556015203e+20,0.21259860441111528,2.3410438739607716e+19,1715,7.8174233198216e+20,0.7874013955888849,3.887056709212351e+20,/rds/general/ephemeral/user/nny124/ephemeral/martian_moons_data/Ma_xp_A2100_n70_r16_v00_90000.hdf5,True,False,mapped,,no_spin,,1.6,0.0,physical_snapshot_filename,09:54:56 2023-05-02 BST,FullVolume,Untitled SWIFT simulation,10087874,Ma_xp_A2100_n70_r16_v00_90000
Ma_xp_A2100_n70_r16_v00_90000_fof_0.0074_0000.hdf5,Ma_xp_A2100_n70_r16_v00_90000.hdf5,A2100,n70,r16,v00,,90000,0.0074,2085,9.934826557838076e+20,382,2.1114181466141583e+20,0.21252692579201155,2.34134119593805e+19,1703,7.823408411223919e+20,0.7874730742079886,3.887875335722955e+20,/rds/general/ephemeral/user/nny124/ephemeral/martian_moons_data/Ma_xp_A2100_n70_r16_v00_90000.hdf5,True,False,mapped,,no_spin,,1.6,0.0,physical_snapshot_filename,09:54:56 2023-05-02 BST,FullVolume,Untitled SWIFT simulation,10087874,Ma_xp_A2100_n70_r16_v00_90000
